Date,Open,High,Low,Close,Volume
06/11/2007,100,102,89,98,12744300
07/11/2007,98,103,97,101,3493300
08/11/2007,99,100,96,99,662700
09/11/2007,97,97,95,95,400750
12/11/2007,94,95,89,90,1132850
13/11/2007,90,90,86,86,267350
14/11/2007,86,88,84,85,395350
15/11/2007,85,87,83,87,980300
16/11/2007,85,85,84,85,154050
19/11/2007,85,85,84,84,337400
20/11/2007,83,87,82,87,582350
21/11/2007,84,85,83,85,198800
22/11/2007,84,85,84,85,152400
23/11/2007,85,86,85,86,209050
26/11/2007,86,86,85,85,507200
27/11/2007,83,85,83,85,300500
28/11/2007,85,87,85,85,366850
29/11/2007,85,87,85,85,296000
30/11/2007,85,85,85,85,529100
03/12/2007,85,85,85,85,1203850
04/12/2007,85,85,84,85,138350
05/12/2007,86,87,86,86,332300
06/12/2007,86,86,85,86,273000
07/12/2007,86,86,85,85,407750
10/12/2007,85,85,83,85,116700
11/12/2007,84,84,84,84,8350
12/12/2007,82,85,82,84,258700
13/12/2007,84,85,84,84,264100
14/12/2007,84,85,84,85,108500
17/12/2007,84,84,82,83,351250
18/12/2007,82,82,81,82,145500
19/12/2007,82,82,81,82,82350
26/12/2007,82,83,81,82,180100
27/12/2007,82,84,82,82,315400
28/12/2007,84,87,83,87,508700
02/01/2008,86,87,83,84,289250
03/01/2008,84,84,83,84,275000
04/01/2008,83,84,83,84,35150
07/01/2008,83,84,83,84,67350
08/01/2008,83,83,83,83,413650
09/01/2008,83,84,82,84,950000
14/01/2008,84,84,83,84,84250
15/01/2008,83,84,83,84,225600
16/01/2008,82,84,82,84,9450
17/01/2008,83,84,83,84,123750
18/01/2008,83,84,83,84,37800
21/01/2008,83,85,82,82,55800
22/01/2008,81,84,75,82,148700
23/01/2008,80,82,80,82,64550
24/01/2008,82,82,82,82,25100
25/01/2008,82,83,82,82,2550
28/01/2008,81,81,81,81,2500
29/01/2008,81,84,81,84,179900
30/01/2008,84,85,84,84,22850
31/01/2008,84,84,84,84,30900
01/02/2008,84,87,84,87,40750
04/02/2008,86,87,86,87,101300
05/02/2008,87,90,87,90,576150
06/02/2008,89,89,88,89,52650
11/02/2008,88,89,88,89,144650
12/02/2008,90,92,90,92,1467850
13/02/2008,91,91,90,91,126500
14/02/2008,92,94,91,94,324200
15/02/2008,92,95,92,95,321850
18/02/2008,95,95,95,95,735800
19/02/2008,96,97,95,96,236900
20/02/2008,96,99,96,99,842900
21/02/2008,99,102,99,100,1162650
22/02/2008,100,102,100,102,363200
25/02/2008,101,101,100,100,328950
26/02/2008,100,100,99,100,561100
27/02/2008,101,101,99,100,442300
28/02/2008,100,101,99,100,685850
29/02/2008,100,100,99,100,301200
03/03/2008,98,100,98,100,457850
04/03/2008,100,100,98,99,278350
05/03/2008,99,101,99,101,1154300
06/03/2008,101,101,100,100,86850
10/03/2008,100,100,99,99,201000
11/03/2008,99,100,99,100,1151500
12/03/2008,100,101,99,100,711050
13/03/2008,100,100,99,99,102500
14/03/2008,99,100,98,99,944600
17/03/2008,97,98,97,98,388000
18/03/2008,97,97,96,96,225250
19/03/2008,97,97,97,97,130750
24/03/2008,97,97,96,96,173900
25/03/2008,97,100,97,100,183650
26/03/2008,100,101,99,101,352650
27/03/2008,101,101,100,100,79200
28/03/2008,100,100,100,100,91250
31/03/2008,100,101,100,101,5850
01/04/2008,100,101,100,100,984250
02/04/2008,100,103,100,103,170600
03/04/2008,102,102,100,100,1016400
04/04/2008,100,100,99,99,137750
07/04/2008,99,99,98,98,78050
08/04/2008,98,98,93,93,688400
09/04/2008,92,92,89,90,615000
10/04/2008,92,95,91,95,377650
11/04/2008,95,95,95,95,77500
14/04/2008,96,96,96,96,20850
15/04/2008,96,96,95,95,94600
16/04/2008,97,97,95,95,20250
17/04/2008,96,98,95,98,121400
18/04/2008,97,97,97,97,151000
21/04/2008,97,97,97,97,176800
22/04/2008,97,97,97,97,86650
23/04/2008,96,97,96,97,125300
24/04/2008,97,97,97,97,75000
25/04/2008,97,97,97,97,0
28/04/2008,97,97,97,97,25000
29/04/2008,97,97,97,97,85000
30/04/2008,96,96,95,95,180000
05/05/2008,95,96,95,96,259700
06/05/2008,96,96,95,96,50000
07/05/2008,95,95,95,95,1000
08/05/2008,95,95,95,95,50000
09/05/2008,95,95,95,95,50000
12/05/2008,95,95,95,95,0
13/05/2008,95,96,94,94,491400
14/05/2008,94,94,94,94,0
15/05/2008,95,95,95,95,75000
16/05/2008,94,94,94,94,62400
21/05/2008,97,97,95,96,85000
22/05/2008,95,95,95,95,20250
23/05/2008,97,98,97,97,90500
26/05/2008,96,96,96,96,8500
27/05/2008,95,95,95,95,22000
28/05/2008,94,94,94,94,150100
29/05/2008,94,96,94,96,215600
30/05/2008,94,94,94,94,100
02/06/2008,95,95,95,95,250
03/06/2008,95,95,95,95,1400
04/06/2008,95,95,95,95,0
05/06/2008,95,95,95,95,55000
06/06/2008,95,96,95,95,331000
09/06/2008,94,94,92,92,308750
10/06/2008,92,92,92,92,170500
11/06/2008,92,92,92,92,0
12/06/2008,92,92,92,92,0
13/06/2008,92,92,92,92,0
16/06/2008,92,92,92,92,0
17/06/2008,91,91,91,91,50000
18/06/2008,91,92,91,92,50250
19/06/2008,92,92,92,92,0
20/06/2008,91,91,91,91,2100
23/06/2008,90,90,90,90,100250
24/06/2008,89,89,88,88,315850
25/06/2008,88,88,88,88,100500
26/06/2008,88,88,88,88,122500
27/06/2008,87,87,87,87,50
30/06/2008,87,87,87,87,0
01/07/2008,88,88,88,88,100000
02/07/2008,88,88,88,88,48600
03/07/2008,87,87,87,87,200
04/07/2008,88,88,88,88,100500
07/07/2008,87,88,87,88,12500
08/07/2008,88,89,88,89,150000
09/07/2008,89,91,89,90,363350
10/07/2008,90,90,89,90,359850
11/07/2008,90,90,90,90,100000
14/07/2008,90,90,90,90,0
15/07/2008,90,90,90,90,650000
16/07/2008,90,90,90,90,250000
17/07/2008,89,90,89,90,280300
18/07/2008,90,90,89,89,522000
21/07/2008,90,90,90,90,152550
22/07/2008,90,90,90,90,200
23/07/2008,90,93,90,92,285250
24/07/2008,90,92,90,92,215350
25/07/2008,90,91,90,91,32550
28/07/2008,91,91,91,91,50000
29/07/2008,91,91,91,91,75000
31/07/2008,90,91,90,91,130250
01/08/2008,91,91,91,91,308050
04/08/2008,91,91,91,91,486500
05/08/2008,91,91,91,91,1500
06/08/2008,91,96,91,94,347050
07/08/2008,94,94,94,94,22650
08/08/2008,93,94,93,94,48900
11/08/2008,93,93,93,93,29050
12/08/2008,93,96,93,96,116150
13/08/2008,94,94,93,93,27950
14/08/2008,93,93,93,93,0
15/08/2008,93,93,93,93,2500
19/08/2008,93,93,93,93,0
20/08/2008,93,93,93,93,0
21/08/2008,93,93,93,93,7500
22/08/2008,93,93,93,93,200
25/08/2008,93,93,93,93,0
26/08/2008,93,93,93,93,0
27/08/2008,94,94,94,94,11000
28/08/2008,94,94,94,94,0
29/08/2008,94,94,94,94,0
01/09/2008,94,94,94,94,0
02/09/2008,94,95,94,95,188850
03/09/2008,95,95,95,95,0
04/09/2008,94,95,94,95,100300
05/09/2008,95,95,95,95,0
08/09/2008,95,95,95,95,0
09/09/2008,93,93,91,91,255000
10/09/2008,91,91,91,91,10000
11/09/2008,91,91,91,91,0
12/09/2008,91,91,91,91,725000
15/09/2008,91,91,89,89,215000
16/09/2008,89,90,88,90,58950
17/09/2008,90,90,90,90,0
18/09/2008,89,89,88,88,160500
19/09/2008,89,90,89,90,72800
22/09/2008,90,90,90,90,0
23/09/2008,90,90,90,90,0
24/09/2008,90,90,90,90,0
25/09/2008,90,90,90,90,0
26/09/2008,90,90,90,90,0
06/10/2008,88,88,88,88,500
07/10/2008,88,88,87,87,32000
08/10/2008,86,86,86,86,75000
13/10/2008,86,86,86,86,0
14/10/2008,87,87,87,87,193300
15/10/2008,85,85,85,85,201150
16/10/2008,85,85,85,85,0
17/10/2008,85,85,85,85,0
20/10/2008,85,85,85,85,0
21/10/2008,85,85,85,85,0
22/10/2008,85,85,85,85,0
23/10/2008,80,80,79,80,42550
24/10/2008,80,80,80,80,0
27/10/2008,76,76,72,72,265000
28/10/2008,66,69,66,69,16600
29/10/2008,69,70,69,69,86500
30/10/2008,69,69,69,69,0
31/10/2008,69,75,69,75,393550
03/11/2008,73,79,73,79,384250
04/11/2008,77,77,77,77,2650
05/11/2008,77,78,77,78,50050
06/11/2008,75,77,75,75,7575000
07/11/2008,75,75,75,75,7500000
10/11/2008,74,74,73,74,7555000
11/11/2008,71,72,71,71,44200000
12/11/2008,71,71,71,71,30
13/11/2008,68,70,68,68,14050000
14/11/2008,68,68,68,68,0
17/11/2008,67,68,67,67,30510000
18/11/2008,67,67,67,67,8990000
19/11/2008,66,66,66,66,14800000
20/11/2008,66,66,66,66,7500000
21/11/2008,74,74,71,74,10000000
24/11/2008,73,74,73,73,7000000
25/11/2008,73,73,73,73,3250000
26/11/2008,73,73,73,73,8000000
27/11/2008,73,73,73,73,0
28/11/2008,76,81,76,80,153600000
01/12/2008,78,78,78,78,205000
02/12/2008,78,78,78,78,30
03/12/2008,78,78,78,78,30
04/12/2008,76,76,76,76,10000
05/12/2008,76,76,76,76,0
09/12/2008,76,76,76,76,0
10/12/2008,76,76,76,76,7500000
11/12/2008,76,76,76,76,3980000
12/12/2008,76,76,76,76,30
15/12/2008,77,77,76,77,10010000
16/12/2008,76,82,76,76,129650000
17/12/2008,76,76,76,76,30
18/12/2008,75,75,75,75,210000
19/12/2008,75,75,75,75,7500000
22/12/2008,75,75,75,75,30
23/12/2008,75,75,75,75,30
24/12/2008,75,75,75,75,30
30/12/2008,75,75,75,75,10
05/01/2009,74,74,74,74,10000000
06/01/2009,74,74,72,72,22600000
07/01/2009,77,77,74,77,245000
08/01/2009,77,77,77,77,30
09/01/2009,78,78,72,78,40340000
12/01/2009,72,74,72,72,25000000
13/01/2009,72,72,72,72,15000
14/01/2009,67,70,67,67,32115000
15/01/2009,63,64,63,63,18000000
16/01/2009,70,70,70,70,25000
19/01/2009,63,65,63,63,17500000
20/01/2009,63,70,61,70,22005000
21/01/2009,71,81,70,71,142205000
22/01/2009,63,64,63,63,2730000
23/01/2009,63,63,63,63,0
27/01/2009,63,63,63,63,0
28/01/2009,63,63,63,63,20
29/01/2009,63,63,63,63,0
30/01/2009,63,63,63,63,20
02/02/2009,63,63,63,63,0
03/02/2009,63,63,63,63,20
04/02/2009,63,63,63,63,20
05/02/2009,63,63,63,63,20
06/02/2009,63,63,63,63,30
09/02/2009,64,64,61,64,165000
10/02/2009,64,64,64,64,30
11/02/2009,64,64,64,64,30
12/02/2009,64,65,64,64,25125000
13/02/2009,64,64,64,64,30
16/02/2009,64,64,64,64,50000
17/02/2009,63,63,63,63,25000
18/02/2009,63,63,63,63,30
19/02/2009,63,63,63,63,30
20/02/2009,63,63,63,63,30
23/02/2009,63,63,63,63,30
24/02/2009,63,63,63,63,30
25/02/2009,63,63,63,63,30
26/02/2009,65,65,65,65,75000
27/02/2009,65,65,65,65,30
02/03/2009,65,65,65,65,4595000
03/03/2009,65,65,65,65,30
04/03/2009,65,65,65,65,30
05/03/2009,65,65,65,65,30
06/03/2009,65,65,65,65,30
10/03/2009,65,65,65,65,30
11/03/2009,65,65,65,65,30
12/03/2009,65,65,65,65,30
13/03/2009,65,65,65,65,30
16/03/2009,65,65,65,65,30
17/03/2009,65,65,65,65,30
18/03/2009,65,65,65,65,0
19/03/2009,66,66,66,66,7500000
20/03/2009,66,66,66,66,30
23/03/2009,65,65,65,65,7500000
24/03/2009,65,65,65,65,0
25/03/2009,66,66,66,66,165000
27/03/2009,66,66,66,66,30
30/03/2009,66,66,66,66,30
31/03/2009,69,69,69,69,5000
01/04/2009,68,68,68,68,5000
02/04/2009,71,71,68,71,215000
03/04/2009,73,73,73,73,5000
06/04/2009,73,73,73,73,40000
07/04/2009,73,73,73,73,30
08/04/2009,71,75,71,75,130000
13/04/2009,73,74,73,73,2515000
14/04/2009,75,75,75,75,5000
15/04/2009,76,76,74,76,2505000
16/04/2009,74,75,74,74,7500000
17/04/2009,76,76,76,76,55000
20/04/2009,78,78,78,78,55000
22/04/2009,78,78,78,78,0
23/04/2009,76,77,76,76,2555000
24/04/2009,76,78,76,76,25000
27/04/2009,76,76,76,76,30
28/04/2009,78,78,78,78,5000
29/04/2009,80,80,80,80,10000
30/04/2009,80,80,80,80,2600000
01/05/2009,80,80,80,80,30
04/05/2009,80,80,80,80,50000
05/05/2009,81,82,80,81,11120000
06/05/2009,81,81,80,81,5045000
07/05/2009,83,83,83,83,1400000
08/05/2009,86,86,85,86,2590000
11/05/2009,85,85,85,85,945000
12/05/2009,85,85,85,85,30
13/05/2009,85,85,85,85,30
14/05/2009,84,84,84,84,2665000
15/05/2009,87,87,85,87,8190000
18/05/2009,86,87,86,86,2255000
19/05/2009,88,88,88,88,13720000
20/05/2009,88,88,88,88,30
22/05/2009,90,90,90,90,2000000
25/05/2009,92,92,92,92,1000000
26/05/2009,92,93,92,92,3715000
27/05/2009,92,92,92,92,250000
28/05/2009,92,92,92,92,780000
29/05/2009,92,92,92,92,800000
01/06/2009,93,93,92,93,12530000
02/06/2009,93,93,92,93,17925000
03/06/2009,94,94,93,94,12060000
04/06/2009,94,94,93,94,63080000
05/06/2009,94,95,93,94,44725000
08/06/2009,93,93,91,93,162985000
09/06/2009,94,94,94,94,50000000
10/06/2009,94,94,94,94,7050000
11/06/2009,94,94,94,94,30
12/06/2009,94,94,94,94,30
15/06/2009,93,93,93,93,10000000
16/06/2009,93,93,93,93,30
17/06/2009,93,93,93,93,30
18/06/2009,92,92,92,92,60000
19/06/2009,93,93,93,93,75000
22/06/2009,94,94,93,94,800000
23/06/2009,94,94,90,94,6290000
24/06/2009,93,94,93,93,359230000
25/06/2009,93,93,93,93,30
26/06/2009,92,92,91,92,1760000
29/06/2009,92,92,92,92,30
30/06/2009,92,92,92,92,250000
01/07/2009,92,92,92,92,0
02/07/2009,93,94,93,94,7300000
03/07/2009,93,93,93,93,4005000
06/07/2009,93,93,93,93,9000000
07/07/2009,93,93,93,93,14750000
09/07/2009,93,93,92,93,11700000
10/07/2009,93,94,93,94,4150000
13/07/2009,93,93,93,93,17055000
14/07/2009,93,93,93,93,30
15/07/2009,93,93,92,93,143785000
16/07/2009,93,93,93,93,25000
17/07/2009,96,96,94,96,18750000
21/07/2009,97,97,97,97,5000
22/07/2009,97,97,97,97,30
23/07/2009,98,98,96,98,200000
24/07/2009,98,98,98,98,30
27/07/2009,97,97,97,97,670000
28/07/2009,99,99,98,99,3220000
29/07/2009,104,104,100,104,33950000
30/07/2009,105,105,105,105,50000
31/07/2009,109,109,105,109,63525000
03/08/2009,105,108,105,105,5345000
04/08/2009,108,108,103,108,1175000
05/08/2009,106,107,106,106,750000
06/08/2009,106,106,106,106,30
07/08/2009,107,107,104,107,865000
10/08/2009,107,107,107,107,30
11/08/2009,105,107,105,105,5750000
12/08/2009,105,105,105,105,0
13/08/2009,106,106,105,106,375000
14/08/2009,107,107,107,107,50000
18/08/2009,106,108,106,106,1125000
19/08/2009,107,107,107,107,50000
20/08/2009,107,107,107,107,30
21/08/2009,106,106,106,106,150000
24/08/2009,106,106,106,106,30
25/08/2009,105,105,105,105,10000
26/08/2009,107,107,105,107,55000
27/08/2009,109,109,106,109,22080000
28/08/2009,109,109,107,109,75000
31/08/2009,111,111,109,111,11550000
01/09/2009,111,111,111,111,30
02/09/2009,109,110,109,109,300000
03/09/2009,111,111,109,111,13850000
04/09/2009,110,110,110,110,50000
07/09/2009,114,114,110,114,20150000
08/09/2009,114,114,114,114,2200000
09/09/2009,118,118,115,118,28575000
10/09/2009,117,117,117,117,100000
11/09/2009,118,118,117,117,11000
14/09/2009,118,119,118,119,42250
15/09/2009,119,119,119,119,500
16/09/2009,120,120,120,120,11000
17/09/2009,119,123,119,123,353250
24/09/2009,120,123,120,123,32300
25/09/2009,122,122,122,122,500
28/09/2009,123,123,122,122,35750
29/09/2009,122,122,122,122,127000
30/09/2009,122,123,122,123,147500
01/10/2009,122,122,122,122,500
02/10/2009,122,122,122,122,0
05/10/2009,123,123,123,123,37500
06/10/2009,124,124,124,124,69500
07/10/2009,125,125,125,125,76050
08/10/2009,125,129,125,127,266300
09/10/2009,128,129,128,129,228400
12/10/2009,128,128,127,127,52250
13/10/2009,128,129,128,129,24350
14/10/2009,130,130,130,130,250
15/10/2009,130,130,130,130,600
16/10/2009,130,130,130,130,0
19/10/2009,129,130,129,130,70250
20/10/2009,130,135,130,135,130150
21/10/2009,135,135,134,134,1250
22/10/2009,135,135,135,135,1350
23/10/2009,136,142,136,142,196400
26/10/2009,143,145,143,145,8450
27/10/2009,146,147,146,147,5400
28/10/2009,147,147,147,147,2750
29/10/2009,146,146,144,144,4800
30/10/2009,143,151,143,151,139050
02/11/2009,152,152,152,152,4200
03/11/2009,153,153,153,153,150
04/11/2009,154,157,154,157,29850
05/11/2009,158,159,158,159,5300
06/11/2009,160,160,158,158,550
09/11/2009,159,159,153,155,53450
10/11/2009,155,155,152,152,4500
11/11/2009,152,152,151,152,3700
12/11/2009,152,152,152,152,3450
13/11/2009,152,154,152,154,3150
16/11/2009,155,155,154,155,3400
17/11/2009,155,155,152,153,19150
18/11/2009,154,154,149,149,4900
19/11/2009,150,150,150,150,59050
20/11/2009,151,151,150,150,1550
23/11/2009,152,152,150,150,1500
24/11/2009,151,151,148,149,1800
25/11/2009,150,151,150,151,2650
26/11/2009,150,152,150,152,600
30/11/2009,152,155,151,155,53650
01/12/2009,154,154,153,154,10050
02/12/2009,154,154,152,154,3200
03/12/2009,154,154,153,154,5200
04/12/2009,154,155,154,154,61050
07/12/2009,155,155,155,155,1350
08/12/2009,154,154,154,154,1500
09/12/2009,155,155,153,153,4350
10/12/2009,153,153,153,153,1750
11/12/2009,153,153,152,152,2400
14/12/2009,152,153,150,152,19000
15/12/2009,152,152,151,152,600
16/12/2009,152,152,150,152,9050
17/12/2009,150,152,150,152,4250
21/12/2009,152,152,151,151,2300
22/12/2009,150,152,150,152,2450
23/12/2009,153,153,153,153,2150
28/12/2009,153,153,153,153,0
29/12/2009,153,153,151,152,4950
30/12/2009,152,152,148,151,74750
04/01/2010,151,151,147,148,13800
05/01/2010,149,149,147,149,26300
06/01/2010,149,150,149,150,4950
07/01/2010,149,149,147,149,9950
08/01/2010,149,149,148,149,4050
11/01/2010,149,150,148,150,4550
12/01/2010,150,151,149,151,1500
13/01/2010,151,151,150,151,5800
14/01/2010,151,151,147,149,8350
15/01/2010,148,148,146,148,10800
18/01/2010,147,147,141,147,38250
19/01/2010,147,147,147,147,1750
20/01/2010,147,147,147,147,0
21/01/2010,148,153,148,151,2100
22/01/2010,151,151,150,150,1300
25/01/2010,150,150,150,150,6100
26/01/2010,150,150,150,150,200
27/01/2010,151,151,147,149,2250
28/01/2010,147,147,140,147,7950
29/01/2010,146,146,145,145,950
01/02/2010,145,145,145,145,0
02/02/2010,146,146,146,146,100
03/02/2010,146,146,146,146,0
04/02/2010,146,146,146,146,0
05/02/2010,146,146,146,146,0
08/02/2010,146,146,146,146,0
09/02/2010,146,146,146,146,0
10/02/2010,146,146,146,146,0
11/02/2010,147,147,140,145,17650
12/02/2010,137,137,134,134,10500
15/02/2010,134,140,134,140,900
16/02/2010,136,143,136,143,350
17/02/2010,144,144,132,132,141050
18/02/2010,133,136,132,135,104600
19/02/2010,134,135,134,135,21200
22/02/2010,135,135,135,135,1750
23/02/2010,134,134,132,132,9000
24/02/2010,135,139,135,139,62750
25/02/2010,136,136,134,136,59350
01/03/2010,136,138,136,138,17250
02/03/2010,138,138,138,138,0
03/03/2010,136,136,136,136,10000
04/03/2010,136,138,136,138,11400
05/03/2010,138,138,138,138,2500
08/03/2010,139,140,138,140,15850
09/03/2010,141,142,141,141,12500
10/03/2010,141,142,141,142,40300
11/03/2010,142,143,141,142,175100
12/03/2010,142,143,142,143,11000
15/03/2010,144,144,144,144,800
17/03/2010,144,157,144,157,139700
18/03/2010,158,161,158,161,25600
19/03/2010,160,162,160,162,12300
22/03/2010,160,163,160,163,7600
23/03/2010,164,164,164,164,3500
24/03/2010,165,167,165,166,22650
25/03/2010,166,167,166,166,550
26/03/2010,167,167,166,166,125800
29/03/2010,165,165,164,164,3600
30/03/2010,164,164,164,164,0
31/03/2010,164,164,164,164,50
01/04/2010,164,165,164,165,250
05/04/2010,165,165,165,165,0
06/04/2010,166,166,163,163,7700
07/04/2010,162,162,161,161,2050
08/04/2010,161,161,161,161,750
09/04/2010,162,162,162,162,22500
12/04/2010,161,161,161,161,150
13/04/2010,168,170,168,170,122300
14/04/2010,170,170,170,170,0
15/04/2010,167,168,166,168,10300
16/04/2010,170,170,167,169,5550
19/04/2010,168,168,168,168,2500
20/04/2010,169,169,169,169,10000
21/04/2010,168,169,168,169,2000
22/04/2010,169,169,169,169,0
23/04/2010,170,171,170,171,55900
26/04/2010,171,171,171,171,10000
27/04/2010,170,171,170,171,750
28/04/2010,171,171,171,171,0
29/04/2010,172,172,171,171,8450
30/04/2010,171,171,171,171,0
03/05/2010,172,172,171,171,5550
04/05/2010,171,172,171,172,24100
05/05/2010,171,173,170,173,67050
06/05/2010,173,173,173,173,4300
07/05/2010,171,171,170,171,43850
10/05/2010,171,171,171,171,6600
11/05/2010,171,172,171,172,18050
12/05/2010,172,172,172,172,14500
14/05/2010,172,172,172,172,0
17/05/2010,172,172,172,172,0
18/05/2010,172,172,172,172,9550
19/05/2010,172,172,172,172,0
20/05/2010,172,172,172,172,0
21/05/2010,171,172,171,171,17250
24/05/2010,171,171,171,171,9000
25/05/2010,170,172,170,172,1800
26/05/2010,171,173,171,171,306450
27/05/2010,171,173,171,173,150000
31/05/2010,173,173,173,173,0
01/06/2010,173,173,173,173,1450
02/06/2010,173,173,173,173,550
03/06/2010,173,173,173,173,0
04/06/2010,173,173,173,173,0
07/06/2010,173,173,173,173,100000
08/06/2010,174,174,174,174,1000
09/06/2010,174,175,174,175,14700
10/06/2010,176,177,176,177,17350
11/06/2010,176,177,176,177,5100
14/06/2010,178,178,178,178,50
15/06/2010,178,178,178,178,0
16/06/2010,178,178,176,176,8200
17/06/2010,176,176,176,176,0
18/06/2010,178,178,178,178,15000
21/06/2010,178,178,178,178,0
22/06/2010,178,180,178,180,2600
23/06/2010,180,180,180,180,0
24/06/2010,181,181,181,181,100
25/06/2010,179,179,179,179,900
28/06/2010,178,178,178,178,150
29/06/2010,180,180,180,180,100
30/06/2010,179,180,179,180,350
01/07/2010,181,186,181,186,37450
02/07/2010,184,184,184,184,250
05/07/2010,183,183,183,183,600
06/07/2010,185,185,185,185,250
07/07/2010,185,185,185,185,0
08/07/2010,186,186,186,186,5000
09/07/2010,187,187,187,187,300
12/07/2010,187,187,186,186,1350
13/07/2010,186,186,186,186,400
14/07/2010,186,186,186,186,9600
15/07/2010,186,186,186,186,0
16/07/2010,186,186,186,186,0
19/07/2010,186,186,186,186,17100
20/07/2010,186,186,186,186,56400
21/07/2010,185,185,185,185,5000
22/07/2010,185,185,185,185,1000
23/07/2010,185,185,185,185,2600
26/07/2010,184,184,184,184,7000
27/07/2010,184,184,184,184,0
28/07/2010,184,184,184,184,0
29/07/2010,184,184,184,184,0
30/07/2010,184,184,184,184,0
02/08/2010,185,185,185,185,5000
03/08/2010,185,185,185,185,0
04/08/2010,185,185,185,185,0
05/08/2010,184,187,184,187,2000
06/08/2010,185,185,183,183,15000
09/08/2010,183,183,183,183,0
10/08/2010,183,183,183,183,24350
11/08/2010,182,183,182,183,200
12/08/2010,182,183,181,183,7000
13/08/2010,183,183,182,182,3250
16/08/2010,182,182,181,181,1000
18/08/2010,182,182,182,182,5300
19/08/2010,181,183,181,182,50750
20/08/2010,182,182,178,178,99900
23/08/2010,181,182,181,182,1000
24/08/2010,182,182,182,182,3750
25/08/2010,182,182,182,182,4750
26/08/2010,181,181,180,180,5500
27/08/2010,180,180,180,180,0
30/08/2010,180,180,180,180,250
31/08/2010,180,184,178,178,57600
01/09/2010,178,178,178,178,0
02/09/2010,178,178,178,178,50
03/09/2010,177,177,177,177,250
06/09/2010,177,180,176,180,7200
07/09/2010,176,180,176,180,1750
15/09/2010,182,186,182,186,31550
16/09/2010,187,193,187,193,243500
17/09/2010,194,210,194,210,191700
20/09/2010,213,220,205,218,17300
21/09/2010,200,220,200,220,23450
22/09/2010,210,218,205,205,29750
23/09/2010,205,205,200,200,120500
24/09/2010,200,208,198,205,122300
27/09/2010,205,205,205,205,107000
28/09/2010,205,225,200,223,287300
29/09/2010,223,228,205,210,10600
30/09/2010,210,210,203,203,57350
01/10/2010,205,210,203,210,20600
04/10/2010,203,213,203,213,84750
05/10/2010,213,235,213,228,146500
06/10/2010,230,233,220,220,16400
07/10/2010,210,215,210,213,2650
08/10/2010,215,220,215,218,2000
11/10/2010,220,220,205,210,9450
12/10/2010,215,225,208,208,28700
13/10/2010,210,215,210,215,750
14/10/2010,205,225,205,208,56350
15/10/2010,215,223,210,210,60850
18/10/2010,210,218,210,218,41450
19/10/2010,218,218,213,215,20050
20/10/2010,215,218,215,215,45150
21/10/2010,215,215,215,215,77850
22/10/2010,218,218,215,218,3650
25/10/2010,215,223,215,223,5150
26/10/2010,223,230,220,230,24500
27/10/2010,230,270,230,270,101500
28/10/2010,268,268,255,265,5750
29/10/2010,265,270,258,270,10000
01/11/2010,270,270,258,258,68700
02/11/2010,260,263,260,260,2250
03/11/2010,260,275,260,275,2650
04/11/2010,275,280,260,265,7950
05/11/2010,275,280,265,270,10750
08/11/2010,270,270,270,270,4050
09/11/2010,275,283,275,275,50200
10/11/2010,270,270,268,268,11750
11/11/2010,263,263,260,260,6650
12/11/2010,270,270,260,260,1300
15/11/2010,270,270,250,250,900
16/11/2010,263,263,253,260,42500
18/11/2010,263,280,255,260,422550
19/11/2010,260,260,255,260,75950
22/11/2010,263,263,260,260,6300
23/11/2010,260,260,225,248,8800
24/11/2010,255,255,220,235,6250
25/11/2010,240,245,240,240,12250
26/11/2010,255,255,230,233,2300
29/11/2010,233,248,233,248,27900
30/11/2010,253,268,248,268,30750
01/12/2010,260,260,260,260,50
02/12/2010,260,263,250,260,75250
03/12/2010,260,260,260,260,43800
06/12/2010,270,270,258,260,134000
08/12/2010,258,258,258,258,25950
09/12/2010,260,263,260,260,100300
10/12/2010,260,260,260,260,1150
13/12/2010,260,260,250,260,80450
14/12/2010,260,260,260,260,600
15/12/2010,270,270,270,270,700
16/12/2010,265,265,265,265,7800
17/12/2010,265,265,263,265,40950
20/12/2010,265,265,240,265,36600
21/12/2010,243,263,243,263,1500
22/12/2010,265,268,263,265,108150
23/12/2010,265,265,265,265,61100
27/12/2010,265,265,265,265,50
28/12/2010,265,278,265,275,5300
29/12/2010,280,280,278,280,5500
30/12/2010,280,295,280,295,750
03/01/2011,295,295,263,285,41000
04/01/2011,285,285,270,270,350
05/01/2011,280,280,273,280,1450
06/01/2011,285,285,285,285,5300
07/01/2011,280,280,280,280,1600
10/01/2011,280,280,260,270,18050
11/01/2011,270,270,260,268,30550
12/01/2011,270,270,268,268,15700
13/01/2011,270,270,268,268,1700
14/01/2011,270,270,265,265,50350
17/01/2011,265,265,265,265,0
18/01/2011,268,268,263,268,34300
19/01/2011,243,248,243,248,900
20/01/2011,250,258,250,258,6150
21/01/2011,255,255,250,250,1650
24/01/2011,250,250,250,250,50
25/01/2011,250,250,250,250,4800
26/01/2011,258,265,258,265,2050
27/01/2011,265,265,265,265,1050
28/01/2011,265,265,265,265,0
31/01/2011,265,265,265,265,0
01/02/2011,240,260,240,255,115500
02/02/2011,245,255,245,255,53900
04/02/2011,245,245,245,245,600
07/02/2011,250,250,250,250,350
08/02/2011,250,250,250,250,1500
09/02/2011,250,250,250,250,0
10/02/2011,250,260,250,260,1000
11/02/2011,245,245,245,245,950
14/02/2011,240,245,238,240,38200
16/02/2011,230,230,225,225,8000
17/02/2011,245,250,245,250,3750
18/02/2011,250,250,250,250,0
21/02/2011,250,250,250,250,45000
22/02/2011,240,240,240,240,27600
23/02/2011,240,240,240,240,71700
24/02/2011,240,240,235,235,40900
25/02/2011,235,235,235,235,500
28/02/2011,235,250,235,250,138050
01/03/2011,250,250,250,250,0
02/03/2011,250,250,240,240,100
03/03/2011,245,245,245,245,50
04/03/2011,245,245,245,245,50
07/03/2011,240,240,240,240,1000
08/03/2011,255,255,250,253,850
09/03/2011,253,260,253,260,42250
10/03/2011,260,260,260,260,0
11/03/2011,240,263,240,260,116050
14/03/2011,260,260,260,260,35100
15/03/2011,260,260,260,260,20000
16/03/2011,260,260,260,260,20000
17/03/2011,263,263,263,263,2350
18/03/2011,260,260,260,260,3500
21/03/2011,260,260,260,260,0
22/03/2011,260,260,260,260,4000
23/03/2011,250,260,250,260,1950
24/03/2011,260,260,260,260,700
25/03/2011,250,260,250,260,1300
28/03/2011,260,260,260,260,0
29/03/2011,260,265,258,265,66350
30/03/2011,260,260,260,260,115000
31/03/2011,260,260,255,255,23600
01/04/2011,255,260,255,260,54550
04/04/2011,260,260,260,260,5150
05/04/2011,260,260,255,260,6600
06/04/2011,260,260,260,260,0
07/04/2011,255,255,250,250,7000
08/04/2011,250,258,240,243,52150
11/04/2011,243,248,243,245,48550
12/04/2011,245,255,243,255,9500
13/04/2011,255,255,255,255,0
14/04/2011,260,253,250,253,200
15/04/2011,253,253,253,253,300
18/04/2011,253,265,253,263,31650
19/04/2011,255,265,255,255,241700
20/04/2011,255,260,255,258,6250
21/04/2011,258,263,258,263,113350
25/04/2011,263,265,258,260,194350
26/04/2011,263,270,260,260,518900
27/04/2011,263,265,263,263,22200
28/04/2011,263,268,263,265,104600
29/04/2011,265,270,265,265,204500
02/05/2011,260,265,260,265,81500
03/05/2011,263,265,263,265,2050
04/05/2011,270,270,260,265,58900
05/05/2011,265,265,265,265,38900
06/05/2011,265,265,263,265,42250
09/05/2011,265,265,263,263,20500
10/05/2011,263,268,263,268,19150
11/05/2011,265,268,265,268,41700
12/05/2011,270,270,268,268,24550
13/05/2011,268,270,265,270,38600
16/05/2011,270,270,270,270,0
18/05/2011,270,270,270,270,15200
19/05/2011,270,270,260,260,9400
20/05/2011,265,270,260,270,150
23/05/2011,265,265,265,265,100
24/05/2011,260,270,260,270,3800
25/05/2011,270,270,270,270,500
26/05/2011,270,270,270,270,0
27/05/2011,270,270,270,270,50
30/05/2011,270,270,270,270,0
31/05/2011,270,270,270,270,0
01/06/2011,260,260,260,260,500
03/06/2011,260,263,260,260,43150
06/06/2011,260,260,260,260,23750
07/06/2011,270,280,270,280,9600
08/06/2011,280,308,275,303,32100
09/06/2011,303,303,280,300,67500
10/06/2011,280,300,280,300,450
13/06/2011,300,300,300,300,102150
14/06/2011,300,300,290,290,4800
15/06/2011,300,300,290,300,3150
16/06/2011,300,300,283,290,34450
17/06/2011,260,300,260,300,40350
20/06/2011,293,293,290,290,750
21/06/2011,290,300,290,300,189250
22/06/2011,295,300,295,300,156650
23/06/2011,300,320,300,300,8250
24/06/2011,300,300,300,300,1750
27/06/2011,300,305,300,300,21750
28/06/2011,300,300,300,300,500
30/06/2011,303,310,280,303,301850
01/07/2011,300,300,295,300,5600
04/07/2011,300,300,300,300,0
05/07/2011,300,300,300,300,700
06/07/2011,300,300,300,300,0
07/07/2011,300,300,300,300,10950
08/07/2011,300,300,300,300,12800
11/07/2011,300,300,300,300,0
12/07/2011,285,300,285,300,13100
13/07/2011,300,300,300,300,22350
14/07/2011,300,315,300,315,17200
15/07/2011,315,315,310,310,1200
18/07/2011,310,315,310,315,16250
19/07/2011,315,315,315,315,1050
20/07/2011,315,315,315,315,350
21/07/2011,315,355,315,355,6550
22/07/2011,355,358,355,355,40450
25/07/2011,355,355,355,355,0
26/07/2011,350,350,350,350,1700
27/07/2011,348,348,348,348,3250
28/07/2011,345,345,345,345,9000
29/07/2011,345,345,345,345,0
01/08/2011,340,340,340,340,50
02/08/2011,350,350,340,345,28700
03/08/2011,340,340,330,340,128800
04/08/2011,340,340,340,340,0
05/08/2011,320,320,310,310,64250
08/08/2011,300,340,300,340,38600
09/08/2011,320,325,320,325,8900
10/08/2011,325,325,325,325,200
11/08/2011,325,325,325,325,0
12/08/2011,325,330,320,320,98250
15/08/2011,303,318,303,315,6450
16/08/2011,315,318,315,315,41250
18/08/2011,315,315,315,315,7300
19/08/2011,310,315,310,310,78400
22/08/2011,310,325,310,325,850
23/08/2011,320,333,320,330,75100
24/08/2011,330,333,330,333,32350
25/08/2011,333,333,333,333,13400
26/08/2011,330,330,330,330,50
05/09/2011,330,335,330,333,546850
06/09/2011,320,335,320,335,3150
07/09/2011,325,333,320,333,35500
08/09/2011,330,330,320,320,3100
09/09/2011,323,325,323,325,800
12/09/2011,325,325,325,325,0
13/09/2011,325,328,325,328,36650
14/09/2011,320,333,320,333,12100
15/09/2011,330,330,330,330,200000
16/09/2011,325,328,325,328,21300
19/09/2011,328,328,328,328,0
20/09/2011,320,333,320,325,157150
21/09/2011,325,325,325,325,111150
22/09/2011,320,325,320,325,2100
23/09/2011,325,325,315,325,3300
26/09/2011,320,320,310,310,102100
27/09/2011,303,320,303,320,3550
28/09/2011,320,335,318,335,190200
29/09/2011,330,335,330,335,50500
30/09/2011,330,333,330,330,40750
03/10/2011,310,335,310,328,71900
04/10/2011,310,323,310,310,183750
05/10/2011,315,320,315,318,40550
06/10/2011,305,325,305,320,2700
07/10/2011,320,353,320,350,129950
10/10/2011,340,340,340,340,714250
11/10/2011,340,340,338,340,445600
12/10/2011,340,340,338,340,3500
13/10/2011,340,340,340,340,259050
14/10/2011,340,340,340,340,0
17/10/2011,340,348,340,343,839300
18/10/2011,340,340,338,338,2500
19/10/2011,338,340,338,338,35900
20/10/2011,340,340,338,340,55300
21/10/2011,340,340,338,340,124650
24/10/2011,340,340,340,340,5500
25/10/2011,315,340,313,340,1450
26/10/2011,340,340,340,340,0
27/10/2011,320,335,318,328,37450
28/10/2011,335,335,330,330,2300
31/10/2011,313,340,313,338,6900
01/11/2011,338,340,338,340,109450
02/11/2011,320,345,315,340,119000
03/11/2011,340,340,340,340,30250
04/11/2011,348,360,348,360,67250
07/11/2011,345,345,345,345,500
08/11/2011,345,345,340,345,1050
09/11/2011,345,360,345,360,1247350
10/11/2011,350,350,345,348,12300
11/11/2011,360,365,360,365,7600
14/11/2011,363,363,363,363,200
15/11/2011,363,363,363,363,0
16/11/2011,363,363,363,363,10650
17/11/2011,370,380,370,380,12550
18/11/2011,380,385,380,385,19000
21/11/2011,380,390,380,383,19000
22/11/2011,380,380,380,380,50
23/11/2011,370,380,380,380,11950
24/11/2011,380,380,380,380,50
25/11/2011,380,380,365,365,30650
28/11/2011,365,380,360,380,1350
29/11/2011,385,390,385,390,62800
30/11/2011,390,390,370,380,15150
01/12/2011,390,390,380,380,1500
02/12/2011,365,365,360,360,6950
05/12/2011,380,390,380,380,71500
06/12/2011,380,380,380,380,15900
07/12/2011,385,385,380,380,1100
08/12/2011,380,388,380,388,51900
09/12/2011,388,390,388,390,42500
12/12/2011,390,390,388,390,209400
13/12/2011,390,390,385,390,107600
14/12/2011,390,390,390,390,0
15/12/2011,390,390,390,390,3650
16/12/2011,390,390,388,388,19550
19/12/2011,390,390,380,380,101000
20/12/2011,375,390,375,390,11100
21/12/2011,390,390,390,390,18950
22/12/2011,385,385,385,385,1350
23/12/2011,378,400,378,398,33300
27/12/2011,398,400,398,400,2750
28/12/2011,400,415,400,415,30600
29/12/2011,420,440,393,393,26650
30/12/2011,430,440,408,410,54950
02/01/2012,415,415,415,415,1350
03/01/2012,420,420,420,420,2100
04/01/2012,418,418,415,415,100
05/01/2012,420,420,420,420,23250
06/01/2012,420,420,418,418,5550
09/01/2012,418,418,418,418,0
10/01/2012,418,418,400,410,17500
11/01/2012,410,410,395,395,26150
12/01/2012,380,390,380,388,56450
13/01/2012,388,393,385,393,13650
16/01/2012,403,403,395,400,13250
17/01/2012,403,405,400,400,10250
18/01/2012,400,405,400,403,11050
19/01/2012,403,415,403,405,20450
20/01/2012,410,410,405,405,53350
24/01/2012,405,410,405,410,5800
25/01/2012,405,413,405,413,6200
26/01/2012,413,418,405,418,20450
27/01/2012,410,420,410,418,16350
30/01/2012,418,425,418,420,36900
31/01/2012,420,420,415,415,2900
01/02/2012,415,435,415,435,61750
02/02/2012,435,480,435,480,108250
03/02/2012,480,480,480,480,0
06/02/2012,458,475,443,460,53050
07/02/2012,463,470,440,445,10400
08/02/2012,440,440,425,428,12300
09/02/2012,425,448,425,445,25550
10/02/2012,445,445,440,440,182950
13/02/2012,445,445,445,445,10250
14/02/2012,440,445,435,435,48450
15/02/2012,440,443,440,443,8000
16/02/2012,445,445,440,440,16200
17/02/2012,443,450,443,450,121450
20/02/2012,460,460,453,455,91050
21/02/2012,455,455,450,453,84000
22/02/2012,450,453,450,453,79850
23/02/2012,453,453,450,450,109700
24/02/2012,453,455,420,443,59000
27/02/2012,425,433,420,420,1700
28/02/2012,420,425,418,420,35200
29/02/2012,420,450,410,433,16400
01/03/2012,438,438,403,403,16300
02/03/2012,428,428,428,428,50
05/03/2012,428,445,428,445,100
06/03/2012,428,440,425,430,28350
07/03/2012,430,443,430,443,1200
08/03/2012,445,453,435,453,479700
09/03/2012,453,460,450,455,75700
12/03/2012,460,460,450,455,1850
13/03/2012,458,463,458,460,121400
14/03/2012,460,460,458,460,2150
15/03/2012,460,460,458,460,2050
16/03/2012,458,460,455,460,34350
19/03/2012,460,460,455,460,23700
20/03/2012,460,460,460,460,7900
21/03/2012,460,465,455,465,27750
22/03/2012,460,463,453,463,1450
26/03/2012,463,463,450,455,1400
27/03/2012,455,455,453,453,52150
28/03/2012,450,450,435,440,15400
29/03/2012,438,438,423,425,13700
30/03/2012,440,450,435,445,220900
02/04/2012,450,450,430,438,275000
03/04/2012,440,445,440,445,104450
04/04/2012,443,448,443,448,96000
05/04/2012,448,455,448,455,82150
09/04/2012,455,455,445,450,89950
10/04/2012,450,450,448,448,170750
11/04/2012,448,448,440,448,1350
12/04/2012,450,450,445,445,96450
13/04/2012,445,450,445,448,72100
16/04/2012,448,448,445,445,52000
17/04/2012,445,445,440,440,201300
18/04/2012,445,453,440,448,530800
19/04/2012,448,448,445,448,36850
20/04/2012,448,450,445,450,250350
23/04/2012,450,458,448,450,458900
24/04/2012,440,450,440,450,15250
25/04/2012,445,450,445,450,171850
26/04/2012,450,470,450,465,510600
27/04/2012,460,520,450,500,149250
30/04/2012,490,520,490,515,583500
01/05/2012,515,525,510,525,188250
02/05/2012,525,525,500,520,514050
03/05/2012,520,520,510,515,22250
04/05/2012,520,550,515,530,117650
07/05/2012,530,555,520,540,159900
08/05/2012,535,540,525,530,132450
09/05/2012,530,530,500,515,164050
10/05/2012,525,530,510,530,66600
11/05/2012,525,610,520,560,133500
14/05/2012,560,560,540,540,42300
15/05/2012,540,540,520,535,7550
16/05/2012,535,535,515,525,91000
21/05/2012,515,515,493,498,243850
22/05/2012,505,550,490,550,125150
23/05/2012,530,535,520,520,39350
24/05/2012,530,530,525,530,83350
25/05/2012,525,530,520,525,56750
28/05/2012,515,550,515,550,497000
29/05/2012,550,550,550,550,14000
30/05/2012,545,545,540,545,111500
31/05/2012,520,550,520,550,69250
01/06/2012,550,550,540,540,22600
04/06/2012,520,525,505,505,10050
05/06/2012,535,535,510,510,30100
06/06/2012,510,520,510,515,5550
07/06/2012,540,540,520,525,1050
08/06/2012,525,530,515,515,23900
11/06/2012,505,530,505,525,12800
12/06/2012,525,525,500,500,125200
13/06/2012,510,515,505,505,25950
14/06/2012,505,515,495,500,18600
15/06/2012,505,515,488,495,174400
18/06/2012,495,500,488,488,42900
19/06/2012,488,530,488,505,88350
20/06/2012,500,515,498,505,64700
21/06/2012,505,510,505,510,1800
22/06/2012,505,510,505,505,8050
25/06/2012,505,510,505,505,4400
26/06/2012,530,530,500,515,64300
27/06/2012,525,540,525,535,78100
28/06/2012,535,535,510,515,199750
29/06/2012,510,520,505,505,45250
02/07/2012,510,515,505,510,260650
03/07/2012,515,530,510,515,97450
04/07/2012,530,550,525,535,13600
05/07/2012,520,540,520,540,25050
06/07/2012,535,540,530,535,219050
09/07/2012,530,535,525,530,25800
10/07/2012,530,560,515,550,444650
11/07/2012,550,580,545,565,322550
12/07/2012,550,565,550,560,328500
13/07/2012,550,585,550,565,242650
16/07/2012,585,595,575,580,6350
17/07/2012,580,585,575,580,230000
18/07/2012,590,590,575,580,91350
19/07/2012,580,580,570,580,12650
20/07/2012,575,585,570,585,32100
23/07/2012,570,570,540,570,222050
24/07/2012,560,585,560,580,206350
25/07/2012,570,595,570,595,30500
26/07/2012,600,625,600,615,94900
27/07/2012,620,625,610,620,214150
30/07/2012,615,625,610,615,50500
31/07/2012,615,615,590,590,6950
01/08/2012,590,610,590,600,16650
02/08/2012,610,610,595,595,10850
03/08/2012,595,600,580,600,7850
06/08/2012,600,600,585,600,4600
07/08/2012,600,600,590,600,46050
08/08/2012,605,625,600,610,329850
09/08/2012,610,620,600,600,190450
10/08/2012,600,615,590,600,42600
13/08/2012,600,610,595,600,42900
14/08/2012,610,615,595,595,83650
15/08/2012,595,600,570,600,48050
16/08/2012,610,610,590,600,75300
23/08/2012,610,630,585,610,110550
24/08/2012,620,620,605,610,4300
27/08/2012,610,610,610,610,0
28/08/2012,620,625,595,600,11300
29/08/2012,600,600,590,595,22900
30/08/2012,595,595,570,575,68900
31/08/2012,570,575,555,570,171000
03/09/2012,575,630,575,605,83850
04/09/2012,605,605,600,600,26200
05/09/2012,600,605,595,600,34900
06/09/2012,600,610,590,600,20250
07/09/2012,605,615,600,605,26750
10/09/2012,605,625,605,620,33250
11/09/2012,620,630,620,625,8300
12/09/2012,620,635,620,625,32500
13/09/2012,625,625,620,625,11900
14/09/2012,625,670,605,625,90900
17/09/2012,625,670,625,670,63300
18/09/2012,670,670,620,620,69250
19/09/2012,620,630,605,610,90950
20/09/2012,610,620,595,605,57400
21/09/2012,600,620,595,610,73850
24/09/2012,605,610,590,610,65500
25/09/2012,610,610,595,600,41300
26/09/2012,600,605,595,600,14750
27/09/2012,600,620,600,620,50500
28/09/2012,620,645,615,615,155450
01/10/2012,615,640,610,630,250700
02/10/2012,635,675,630,660,165550
03/10/2012,660,660,645,655,104250
04/10/2012,655,655,645,645,70800
05/10/2012,655,655,635,640,75200
08/10/2012,645,660,615,640,139250
09/10/2012,635,645,635,635,11200
10/10/2012,630,635,625,625,19900
11/10/2012,625,635,625,635,125600
12/10/2012,630,680,630,650,142650
15/10/2012,670,670,655,660,75750
16/10/2012,660,665,655,665,79650
17/10/2012,665,680,660,665,35050
18/10/2012,665,670,660,665,51400
19/10/2012,675,675,665,670,30200
22/10/2012,670,670,660,660,46650
23/10/2012,660,670,660,670,12200
24/10/2012,670,695,670,690,54000
25/10/2012,710,715,685,700,45550
29/10/2012,700,700,680,695,24000
30/10/2012,700,700,685,690,42700
31/10/2012,690,700,670,700,123600
01/11/2012,700,720,690,720,35140
02/11/2012,720,760,720,740,127195
05/11/2012,720,760,720,740,40055
06/11/2012,740,760,740,760,48410
07/11/2012,760,760,720,720,194265
08/11/2012,720,730,690,710,127540
09/11/2012,720,730,710,710,81055
12/11/2012,710,710,690,700,56945
13/11/2012,700,740,700,720,25630
14/11/2012,730,730,710,710,45015
19/11/2012,720,730,700,700,79075
20/11/2012,720,750,710,730,75770
21/11/2012,740,750,720,730,166435
22/11/2012,730,730,710,710,91460
23/11/2012,720,730,720,730,51110
26/11/2012,730,740,710,730,186880
27/11/2012,730,740,720,740,74655
28/11/2012,730,740,720,730,71505
29/11/2012,730,750,730,740,63485
30/11/2012,740,750,730,750,49935
03/12/2012,750,750,730,750,102435
04/12/2012,750,750,730,750,196600
05/12/2012,740,780,740,770,156400
06/12/2012,780,780,760,770,50090
07/12/2012,780,780,760,770,9100
10/12/2012,770,770,730,740,50355
11/12/2012,730,740,710,720,156180
12/12/2012,720,750,720,740,108995
13/12/2012,730,750,730,740,99200
14/12/2012,740,750,740,750,12620
17/12/2012,750,820,750,790,191550
18/12/2012,790,840,790,810,137485
19/12/2012,810,820,790,790,48170
20/12/2012,790,800,770,770,34830
21/12/2012,780,800,780,800,12520
26/12/2012,800,830,790,830,32015
27/12/2012,830,840,800,810,42675
28/12/2012,810,830,800,820,40170
02/01/2013,830,830,800,820,103650
03/01/2013,820,830,780,790,242030
04/01/2013,790,820,780,800,164170
07/01/2013,800,830,800,810,101735
08/01/2013,820,830,800,800,129625
09/01/2013,800,820,800,800,121290
10/01/2013,810,810,750,770,335730
11/01/2013,760,780,700,710,491040
14/01/2013,710,760,710,760,206345
15/01/2013,760,780,750,770,133320
16/01/2013,770,780,760,780,115625
17/01/2013,770,780,760,770,105435
18/01/2013,780,810,780,800,255265
21/01/2013,810,860,800,860,255030
22/01/2013,860,880,790,800,252940
23/01/2013,810,820,790,800,94280
25/01/2013,800,830,780,820,169895
28/01/2013,820,820,780,780,71185
29/01/2013,780,810,780,790,29040
30/01/2013,800,810,760,770,276925
31/01/2013,770,780,750,760,129485
01/02/2013,760,780,760,760,68325
04/02/2013,760,790,750,750,231665
05/02/2013,750,760,730,730,204665
06/02/2013,740,750,730,740,172640
07/02/2013,750,780,740,760,229265
08/02/2013,770,780,750,750,100605
11/02/2013,760,770,750,760,57415
12/02/2013,760,760,740,740,109265
13/02/2013,740,750,710,710,303730
14/02/2013,720,730,710,720,439865
15/02/2013,720,740,720,730,185515
18/02/2013,730,740,730,730,51680
19/02/2013,730,740,710,720,154215
20/02/2013,730,730,710,720,164745
21/02/2013,720,750,710,730,178370
22/02/2013,740,740,720,730,309585
25/02/2013,730,760,730,750,351660
26/02/2013,740,750,720,720,304695
27/02/2013,730,740,720,720,220365
28/02/2013,730,740,720,730,94535
01/03/2013,730,750,730,740,264860
04/03/2013,750,750,730,740,213480
05/03/2013,740,780,730,780,360510
06/03/2013,790,810,780,790,541270
07/03/2013,800,800,780,790,135720
08/03/2013,800,800,760,770,128450
11/03/2013,770,790,770,790,106120
13/03/2013,790,810,770,780,291070
14/03/2013,780,800,770,790,244805
15/03/2013,790,830,790,810,546195
18/03/2013,810,820,790,800,268655
19/03/2013,800,810,790,810,78850
20/03/2013,810,810,800,810,117980
21/03/2013,810,810,800,800,62860
22/03/2013,800,800,760,790,392390
25/03/2013,790,820,780,810,138635
26/03/2013,810,820,800,800,63785
27/03/2013,800,810,800,810,71690
28/03/2013,840,850,810,830,429945
01/04/2013,830,870,830,870,300030
02/04/2013,890,890,860,880,112875
03/04/2013,880,890,870,890,71440
04/04/2013,880,880,850,870,209410
05/04/2013,870,870,850,860,144640
08/04/2013,870,880,860,870,75280
09/04/2013,870,950,860,930,375215
10/04/2013,920,940,900,900,88480
11/04/2013,900,910,880,890,89635
12/04/2013,890,910,880,890,50155
15/04/2013,890,900,880,880,31175
16/04/2013,880,920,860,910,84665
17/04/2013,920,970,920,970,278625
18/04/2013,970,970,950,970,81195
19/04/2013,970,970,920,960,251095
22/04/2013,960,1050,950,1050,245355
23/04/2013,1050,1050,1030,1030,29895
24/04/2013,1030,1120,1030,1070,200365
25/04/2013,1080,1100,1020,1080,189175
26/04/2013,1080,1100,1040,1080,126990
29/04/2013,1080,1080,1040,1040,87545
30/04/2013,1040,1060,980,980,137145
01/05/2013,980,990,930,940,426665
02/05/2013,950,980,920,930,410665
03/05/2013,940,960,860,900,405680
06/05/2013,900,910,860,880,361825
07/05/2013,870,940,870,930,452930
08/05/2013,930,970,930,960,488635
10/05/2013,960,960,930,930,136525
13/05/2013,930,940,870,880,370320
14/05/2013,890,910,880,910,240645
15/05/2013,910,930,900,910,79755
16/05/2013,910,920,890,900,186695
17/05/2013,900,940,890,920,272045
20/05/2013,930,940,910,910,178395
21/05/2013,920,920,900,900,89375
22/05/2013,900,920,900,900,177890
23/05/2013,900,920,860,880,326305
24/05/2013,880,900,880,890,68365
27/05/2013,890,900,850,870,229200
28/05/2013,870,890,840,850,441960
29/05/2013,860,890,850,890,251905
30/05/2013,890,930,870,920,615995
31/05/2013,930,950,900,950,780610
03/06/2013,940,950,890,890,239350
04/06/2013,900,910,870,880,162900
05/06/2013,880,900,870,890,246040
07/06/2013,880,920,880,880,119400
10/06/2013,890,900,840,840,238505
11/06/2013,850,850,750,750,521390
12/06/2013,750,750,710,750,727000
13/06/2013,730,800,730,780,351545
14/06/2013,800,950,790,830,369100
17/06/2013,840,860,820,840,154030
18/06/2013,840,860,830,830,148050
19/06/2013,840,850,810,820,72060
20/06/2013,800,810,770,770,185405
21/06/2013,760,800,740,760,399400
24/06/2013,760,780,730,730,250875
25/06/2013,740,760,730,740,97160
26/06/2013,750,780,750,770,154220
27/06/2013,780,800,760,760,358320
28/06/2013,780,780,740,740,254385
01/07/2013,740,760,740,750,122015
02/07/2013,760,760,740,740,119605
03/07/2013,740,750,720,730,176315
04/07/2013,730,740,670,680,554455
05/07/2013,690,700,630,650,595110
08/07/2013,650,690,640,650,653905
09/07/2013,650,690,650,680,674405
10/07/2013,690,710,680,700,153780
11/07/2013,710,730,690,690,113110
12/07/2013,700,740,700,730,202555
15/07/2013,740,750,710,740,50770
16/07/2013,720,760,720,740,343540
17/07/2013,740,770,720,740,209290
18/07/2013,740,760,720,720,237675
19/07/2013,730,740,720,720,42950
22/07/2013,720,730,700,700,93695
23/07/2013,700,730,700,720,409305
24/07/2013,730,760,720,750,494600
25/07/2013,760,770,750,750,117395
26/07/2013,750,760,730,730,126080
29/07/2013,730,740,710,740,37295
30/07/2013,740,760,740,740,66290
31/07/2013,740,740,680,720,129130
01/08/2013,720,750,720,740,90470
02/08/2013,750,760,740,750,334040
12/08/2013,740,760,730,750,72785
13/08/2013,750,770,740,750,284230
14/08/2013,750,800,750,800,234670
15/08/2013,800,800,780,790,112995
16/08/2013,780,790,740,740,196060
19/08/2013,720,740,690,700,86820
20/08/2013,700,700,630,680,245225
21/08/2013,680,690,650,660,53440
22/08/2013,650,660,610,620,145120
23/08/2013,620,640,610,620,502920
26/08/2013,620,630,610,610,186955
27/08/2013,600,610,580,580,284830
28/08/2013,580,610,570,610,133725
29/08/2013,630,680,630,680,187430
30/08/2013,680,710,680,710,77100
02/09/2013,710,730,700,700,87245
03/09/2013,690,840,690,750,491600
04/09/2013,760,770,720,720,141675
05/09/2013,730,760,720,730,206830
06/09/2013,730,730,690,720,185100
09/09/2013,720,740,720,730,106210
10/09/2013,730,750,720,740,186500
11/09/2013,750,770,740,760,170480
12/09/2013,760,770,740,750,68470
13/09/2013,740,750,720,720,96410
16/09/2013,720,810,720,760,282190
17/09/2013,760,760,730,730,42340
18/09/2013,730,750,720,720,61630
19/09/2013,730,790,730,780,296085
20/09/2013,770,780,740,750,31050
23/09/2013,750,750,740,740,86325
24/09/2013,750,760,730,740,138360
25/09/2013,730,740,720,730,125610
26/09/2013,730,740,720,730,154265
27/09/2013,740,740,710,720,100365
30/09/2013,720,730,690,700,75130
01/10/2013,710,710,690,700,44635
02/10/2013,700,730,690,690,61595
03/10/2013,690,720,670,690,104870
04/10/2013,690,710,680,680,55445
07/10/2013,690,700,650,660,117895
08/10/2013,650,690,650,680,127190
09/10/2013,670,680,660,660,129665
10/10/2013,680,680,640,640,229705
11/10/2013,650,660,620,620,173870
16/10/2013,630,650,610,620,428250
17/10/2013,630,640,600,600,388270
18/10/2013,590,650,590,620,416495
21/10/2013,630,660,630,650,772580
22/10/2013,650,660,630,630,246225
23/10/2013,640,650,630,640,461365
24/10/2013,640,660,630,650,337470
25/10/2013,650,690,650,680,447010
28/10/2013,690,700,670,670,163900
29/10/2013,680,690,640,650,160925
30/10/2013,660,660,610,630,611485
31/10/2013,640,640,600,610,669815
01/11/2013,610,650,610,650,495290
04/11/2013,650,650,620,640,280570
06/11/2013,650,660,630,640,302940
07/11/2013,650,650,630,630,147605
08/11/2013,630,640,620,630,282675
11/11/2013,630,630,610,620,216355
12/11/2013,620,630,610,620,121965
13/11/2013,610,640,610,640,198815
14/11/2013,640,650,630,630,82360
15/11/2013,630,650,630,640,126895
18/11/2013,640,690,640,680,433675
19/11/2013,680,710,670,700,370130
20/11/2013,720,720,660,670,372310
21/11/2013,670,680,660,670,198175
22/11/2013,680,690,670,680,167315
25/11/2013,680,710,680,710,206740
26/11/2013,710,710,680,690,224355
27/11/2013,690,710,680,690,50910
28/11/2013,690,690,670,680,67665
29/11/2013,680,690,670,690,45090
02/12/2013,690,690,670,690,104410
03/12/2013,690,700,680,680,64725
04/12/2013,670,680,670,680,49310
05/12/2013,670,680,660,670,68735
06/12/2013,670,670,650,650,48660
09/12/2013,670,670,650,650,90410
10/12/2013,650,660,650,660,87155
11/12/2013,660,670,650,670,84425
12/12/2013,670,670,650,670,85890
13/12/2013,670,670,650,670,24025
16/12/2013,660,660,640,650,46160
17/12/2013,650,660,640,640,86100
18/12/2013,640,650,630,640,170105
19/12/2013,640,650,620,630,67865
20/12/2013,630,630,610,610,97820
23/12/2013,610,620,590,600,120355
24/12/2013,610,610,570,580,326085
27/12/2013,590,600,570,590,532565
30/12/2013,600,600,590,590,18370
02/01/2014,590,620,590,610,358230
03/01/2014,610,660,600,640,555020
06/01/2014,630,645,620,620,85379
07/01/2014,620,635,615,635,172177
08/01/2014,630,655,630,650,55106
09/01/2014,650,685,650,675,319854
10/01/2014,675,685,675,680,42570
13/01/2014,680,745,680,720,255688
15/01/2014,720,750,720,740,228928
16/01/2014,740,750,735,740,173767
17/01/2014,740,740,730,735,75648
20/01/2014,740,750,725,745,39162
21/01/2014,745,760,735,745,104852
22/01/2014,740,755,730,735,320356
23/01/2014,740,750,735,745,113116
24/01/2014,740,745,730,735,53208
27/01/2014,740,740,690,710,337361
28/01/2014,710,745,695,740,143167
29/01/2014,740,765,740,765,51638
30/01/2014,740,765,740,760,36687
03/02/2014,755,760,735,740,64493
04/02/2014,720,730,700,715,39783
05/02/2014,720,740,720,730,39988
06/02/2014,735,765,735,760,121838
07/02/2014,770,785,765,785,181902
10/02/2014,780,805,775,790,295598
11/02/2014,790,795,765,785,50381
12/02/2014,780,815,780,810,214965
13/02/2014,810,820,795,810,225990
14/02/2014,810,825,805,810,210620
17/02/2014,810,835,810,830,101929
18/02/2014,830,875,830,860,155663
19/02/2014,860,880,845,880,81668
20/02/2014,865,880,840,850,126654
21/02/2014,850,850,815,830,74507
24/02/2014,830,835,815,820,247408
25/02/2014,820,820,785,790,190947
26/02/2014,790,790,740,775,427890
27/02/2014,775,810,775,800,278096
28/02/2014,805,805,785,800,298651
03/03/2014,800,800,775,790,97253
04/03/2014,790,795,780,790,73512
05/03/2014,790,800,790,795,117961
06/03/2014,795,800,790,795,322852
07/03/2014,795,800,790,795,78443
10/03/2014,795,795,780,785,38303
11/03/2014,785,800,770,795,208099
12/03/2014,795,795,775,785,127810
13/03/2014,785,785,765,770,130107
14/03/2014,770,770,740,755,300871
17/03/2014,760,810,740,790,746523
18/03/2014,790,835,785,785,575684
19/03/2014,785,810,770,770,374270
20/03/2014,770,780,720,735,418234
21/03/2014,735,765,735,750,550815
24/03/2014,750,765,740,745,131255
25/03/2014,745,750,740,740,78405
26/03/2014,740,760,740,755,109997
27/03/2014,755,755,745,750,70221
28/03/2014,750,755,740,750,144542
01/04/2014,750,825,710,815,895420
02/04/2014,815,825,795,805,315451
03/04/2014,805,810,795,795,275925
04/04/2014,795,810,780,810,189491
07/04/2014,810,815,795,795,362510
08/04/2014,795,805,785,800,338278
10/04/2014,800,805,780,795,576804
11/04/2014,795,805,790,800,99825
14/04/2014,800,805,785,785,70642
15/04/2014,785,800,785,790,220688
16/04/2014,790,810,790,790,352128
17/04/2014,790,805,795,795,231013
21/04/2014,800,800,785,785,94871
22/04/2014,785,800,750,790,353850
23/04/2014,790,795,760,760,221871
24/04/2014,760,775,760,770,127048
25/04/2014,770,780,765,770,107288
28/04/2014,770,770,755,760,57430
29/04/2014,760,760,740,750,180736
30/04/2014,750,755,740,745,127562
02/05/2014,745,795,750,785,404608
05/05/2014,785,815,790,800,329667
06/05/2014,800,805,790,790,92944
07/05/2014,790,810,785,805,70849
08/05/2014,795,815,795,810,109842
09/05/2014,810,815,810,810,92097
12/05/2014,810,830,810,820,159710
13/05/2014,820,875,820,875,416136
14/05/2014,875,890,865,870,141633
16/05/2014,870,885,855,870,296365
19/05/2014,870,895,865,865,237276
20/05/2014,865,875,845,855,250062
21/05/2014,855,865,835,850,217109
22/05/2014,850,885,855,875,83828
23/05/2014,875,890,870,870,69011
26/05/2014,870,875,850,855,203803
28/05/2014,855,890,855,885,137258
30/05/2014,885,920,890,900,313757
02/06/2014,900,915,875,900,122630
03/06/2014,900,910,885,900,82402
04/06/2014,900,925,865,875,191250
05/06/2014,875,885,865,880,37733
06/06/2014,880,880,850,860,310415
09/06/2014,860,860,820,845,183691
10/06/2014,845,865,845,855,67406
11/06/2014,855,875,860,875,170075
12/06/2014,875,875,855,855,56220
13/06/2014,855,870,835,860,110591
16/06/2014,860,880,855,870,166072
17/06/2014,870,880,855,860,60453
18/06/2014,860,875,855,875,110922
19/06/2014,875,875,835,845,102641
20/06/2014,845,880,845,865,95511
23/06/2014,865,875,850,865,81544
24/06/2014,865,895,870,880,161704
25/06/2014,880,890,855,870,118332
26/06/2014,870,890,875,885,165435
27/06/2014,885,890,875,875,24359
30/06/2014,875,885,865,880,69387
01/07/2014,880,880,860,870,40115
02/07/2014,870,875,860,875,54462
03/07/2014,875,875,860,865,53715
04/07/2014,865,875,845,850,80946
07/07/2014,850,870,850,860,272441
08/07/2014,860,885,855,880,148556
10/07/2014,880,930,880,900,424115
11/07/2014,900,915,870,900,210536
14/07/2014,900,905,885,885,14424
15/07/2014,885,910,875,910,97804
16/07/2014,910,920,900,900,97962
17/07/2014,900,910,880,885,56626
18/07/2014,885,905,880,895,22943
21/07/2014,895,935,895,935,106177
22/07/2014,935,940,890,925,131733
23/07/2014,925,940,910,920,69057
24/07/2014,920,925,900,925,59210
25/07/2014,925,935,910,925,103490
04/08/2014,925,925,890,900,68861
05/08/2014,900,905,885,890,60471
06/08/2014,890,890,875,880,29813
07/08/2014,880,885,860,870,127318
08/08/2014,870,880,860,865,63188
11/08/2014,865,880,855,855,203725
12/08/2014,855,920,855,900,453228
13/08/2014,900,915,895,900,137273
14/08/2014,900,940,900,940,125846
15/08/2014,940,950,920,920,27311
18/08/2014,920,935,905,905,98179
19/08/2014,905,930,910,925,68019
20/08/2014,925,960,920,920,258009
21/08/2014,925,935,905,935,63976
22/08/2014,940,945,920,925,59295
25/08/2014,925,960,915,960,66807
26/08/2014,960,970,935,940,151350
27/08/2014,940,955,915,920,120509
28/08/2014,920,935,915,935,91530
29/08/2014,935,950,925,935,51989
01/09/2014,945,945,930,940,44661
02/09/2014,940,975,940,970,104949
03/09/2014,970,995,970,990,111090
04/09/2014,990,1020,985,990,145970
05/09/2014,990,1005,985,1000,81727
08/09/2014,1000,1025,980,1000,204642
09/09/2014,1000,1005,960,965,92775
10/09/2014,960,980,950,975,60841
11/09/2014,975,1000,975,980,136500
12/09/2014,985,990,945,955,99991
15/09/2014,955,960,940,960,37833
16/09/2014,960,960,940,950,35800
17/09/2014,905,975,905,970,107855
18/09/2014,970,975,950,955,99028
19/09/2014,955,965,950,955,119679
22/09/2014,955,960,950,960,77519
23/09/2014,960,960,935,940,88229
24/09/2014,940,945,935,940,29244
25/09/2014,945,960,930,940,94346
26/09/2014,925,940,920,935,121078
29/09/2014,935,940,920,925,10176
30/09/2014,920,925,875,885,152457
01/10/2014,890,895,855,870,310000
02/10/2014,860,865,815,820,261411
03/10/2014,820,850,820,845,232137
06/10/2014,850,870,850,855,150377
07/10/2014,870,880,855,875,189440
08/10/2014,835,860,835,845,130779
09/10/2014,850,855,835,835,139507
10/10/2014,825,830,815,820,273962
13/10/2014,820,825,800,815,159783
14/10/2014,815,820,800,805,134400
15/10/2014,810,835,805,825,99244
16/10/2014,825,825,815,815,98382
17/10/2014,820,840,815,835,389194
20/10/2014,840,850,825,825,261687
21/10/2014,825,830,795,795,201861
22/10/2014,800,815,795,810,281576
23/10/2014,810,825,800,815,269567
24/10/2014,820,820,805,805,207222
27/10/2014,805,810,790,795,122892
28/10/2014,805,805,790,795,69246
29/10/2014,800,810,790,795,101022
30/10/2014,795,800,780,790,122851
31/10/2014,795,820,790,810,499177
03/11/2014,815,820,795,800,398074
04/11/2014,800,805,775,780,493369
05/11/2014,780,800,770,790,875686
06/11/2014,790,795,780,785,337736
07/11/2014,785,800,785,785,1298670
10/11/2014,785,810,785,800,633375
11/11/2014,800,820,800,815,471869
12/11/2014,815,845,815,835,539104
13/11/2014,835,845,820,820,476342
14/11/2014,825,825,790,795,602272
17/11/2014,800,800,780,785,250680
18/11/2014,795,795,780,795,221252
19/11/2014,800,820,790,815,497828
20/11/2014,820,820,805,805,70412
21/11/2014,805,815,805,815,126962
24/11/2014,820,825,810,810,131208
25/11/2014,815,815,795,800,125181
26/11/2014,805,805,795,795,33708
27/11/2014,800,805,795,800,148020
28/11/2014,805,805,795,805,245718
01/12/2014,805,815,795,800,137819
02/12/2014,800,805,795,805,231423
03/12/2014,805,810,800,800,190047
04/12/2014,800,805,790,795,152751
05/12/2014,800,800,790,790,84132
08/12/2014,790,790,760,760,318848
09/12/2014,765,765,745,750,229072
10/12/2014,755,765,750,765,321711
11/12/2014,760,795,760,790,315785
12/12/2014,790,800,780,785,137063
15/12/2014,785,785,765,765,69746
16/12/2014,760,765,710,735,317591
17/12/2014,745,760,730,750,154665
18/12/2014,735,760,730,750,134431
19/12/2014,750,775,750,760,196259
22/12/2014,755,775,750,775,121798
23/12/2014,775,785,775,785,74366
24/12/2014,790,790,780,785,47202
29/12/2014,795,795,760,775,70191
30/12/2014,785,790,770,785,266797
02/01/2015,785,790,775,780,153286
05/01/2015,780,790,770,785,88489
06/01/2015,780,810,775,800,411130
07/01/2015,800,815,795,810,273048
08/01/2015,815,815,795,800,109075
09/01/2015,800,805,775,780,263120
12/01/2015,780,780,760,765,312585
13/01/2015,755,770,755,760,163443
14/01/2015,760,765,705,710,1199800
15/01/2015,720,720,680,690,499150
16/01/2015,690,690,675,685,218201
19/01/2015,690,715,685,700,355360
20/01/2015,705,710,695,700,268893
21/01/2015,710,715,700,705,201012
22/01/2015,715,745,710,745,522318
23/01/2015,745,775,750,770,508340
26/01/2015,810,810,750,765,381822
27/01/2015,780,780,750,755,102716
28/01/2015,755,760,735,755,98460
29/01/2015,755,755,740,745,204248
30/01/2015,745,755,740,740,143827
02/02/2015,740,755,740,755,120720
03/02/2015,755,765,745,750,108297
04/02/2015,750,760,750,750,188137
05/02/2015,755,755,740,740,96554
06/02/2015,745,755,740,750,82413
09/02/2015,750,765,750,755,175384
10/02/2015,760,760,750,750,70061
11/02/2015,755,760,750,760,60808
12/02/2015,760,765,755,765,74051
13/02/2015,765,770,760,760,50371
16/02/2015,760,775,760,770,161837
17/02/2015,770,775,765,765,198962
18/02/2015,775,775,765,765,87310
20/02/2015,765,775,755,770,117017
23/02/2015,770,780,770,770,69695
24/02/2015,775,810,770,805,530229
25/02/2015,825,835,805,825,641718
26/02/2015,825,850,825,845,347236
27/02/2015,845,855,835,845,250654
02/03/2015,850,850,820,830,233528
03/03/2015,825,840,820,825,103438
04/03/2015,830,830,815,825,141211
05/03/2015,830,835,820,825,90935
06/03/2015,825,835,820,825,56322
09/03/2015,825,825,810,820,152859
10/03/2015,820,820,780,815,104302
11/03/2015,810,810,780,780,104825
12/03/2015,780,800,780,800,76306
13/03/2015,800,810,795,800,29368
16/03/2015,800,800,785,785,27172
17/03/2015,785,800,765,770,93204
18/03/2015,765,770,730,730,244066
19/03/2015,735,750,735,740,167889
20/03/2015,740,745,730,735,82951
23/03/2015,740,745,730,730,131927
24/03/2015,735,735,710,725,170780
25/03/2015,720,720,705,710,110739
26/03/2015,705,715,695,700,94089
27/03/2015,705,720,705,715,112910
30/03/2015,720,725,720,725,100229
31/03/2015,730,740,725,735,228836
01/04/2015,740,740,715,725,90835
02/04/2015,725,725,700,705,197279
06/04/2015,710,715,700,705,178578
07/04/2015,710,720,705,715,233255
08/04/2015,715,720,700,705,115715
09/04/2015,705,710,700,705,112284
10/04/2015,710,720,705,715,98187
13/04/2015,720,720,700,705,233122
14/04/2015,705,705,690,690,257220
15/04/2015,695,700,685,690,67465
16/04/2015,690,695,680,685,146991
17/04/2015,685,700,685,690,69062
20/04/2015,695,700,680,690,121708
21/04/2015,690,705,680,700,417614
22/04/2015,705,705,690,690,230983
23/04/2015,695,700,680,690,219490
24/04/2015,690,695,675,680,292263
27/04/2015,675,680,655,660,467509
28/04/2015,660,660,640,650,350627
29/04/2015,650,660,640,645,347757
30/04/2015,645,650,635,645,128788
04/05/2015,645,650,635,640,180108
05/05/2015,640,690,640,665,358153
06/05/2015,660,685,660,685,62915
07/05/2015,680,690,665,665,40349
08/05/2015,675,685,665,675,51371
11/05/2015,680,685,680,680,66364
12/05/2015,680,685,680,685,41013
13/05/2015,685,695,680,690,70267
15/05/2015,695,705,695,700,92786
18/05/2015,705,710,695,705,112263
19/05/2015,705,710,695,705,129934
20/05/2015,705,705,680,690,384932
21/05/2015,690,695,675,685,202500
22/05/2015,685,690,680,685,51153
25/05/2015,685,700,685,690,110755
26/05/2015,690,690,685,690,19215
27/05/2015,690,690,675,680,90321
28/05/2015,680,680,665,670,35878
29/05/2015,670,690,670,690,46153
01/06/2015,685,690,670,675,37478
03/06/2015,670,690,665,680,507050
04/06/2015,680,685,670,675,269710
05/06/2015,675,675,660,665,100164
08/06/2015,665,670,655,665,76932
09/06/2015,665,665,600,620,308826
10/06/2015,630,655,615,630,192098
11/06/2015,630,645,620,645,119192
12/06/2015,650,650,640,645,61732
15/06/2015,645,650,635,640,31498
16/06/2015,630,640,625,630,36495
17/06/2015,630,670,630,655,81995
18/06/2015,660,670,645,650,137692
19/06/2015,650,665,630,635,266012
22/06/2015,640,645,630,645,37873
23/06/2015,645,645,630,645,90003
24/06/2015,645,645,630,635,97481
25/06/2015,635,640,630,635,12331
26/06/2015,635,645,635,640,51437
29/06/2015,635,640,630,635,136168
30/06/2015,635,650,630,645,237498
01/07/2015,645,655,640,645,29511
02/07/2015,645,650,635,635,28148
03/07/2015,635,645,630,635,30943
06/07/2015,630,640,630,630,27188
07/07/2015,630,645,630,635,23189
08/07/2015,635,640,620,620,89210
09/07/2015,650,650,620,620,15690
10/07/2015,625,685,620,685,72710
13/07/2015,645,675,645,655,64892
14/07/2015,650,685,650,685,135845
15/07/2015,685,690,655,660,41519
22/07/2015,670,670,645,660,63028
23/07/2015,660,665,655,660,13389
24/07/2015,660,670,635,640,114717
27/07/2015,640,640,625,630,20026
28/07/2015,625,635,620,620,244105
29/07/2015,625,635,620,625,239694
30/07/2015,630,635,625,635,58400
31/07/2015,635,640,625,640,47548
03/08/2015,640,640,625,630,59733
04/08/2015,630,635,625,635,34140
05/08/2015,630,640,630,635,29942
06/08/2015,640,650,630,640,34994
07/08/2015,630,645,615,620,59158
10/08/2015,620,620,595,605,39638
11/08/2015,605,635,605,620,215114
12/08/2015,620,620,580,590,60478
13/08/2015,595,605,590,600,93707
14/08/2015,605,605,580,585,93955
18/08/2015,590,595,580,590,7486
19/08/2015,590,590,580,585,16064
20/08/2015,590,590,580,585,19224
21/08/2015,580,580,560,570,33688
24/08/2015,555,630,490,630,67985
25/08/2015,580,595,575,580,92306
26/08/2015,580,610,540,600,97901
27/08/2015,605,610,590,605,90840
28/08/2015,610,615,590,600,50603
31/08/2015,600,600,585,595,38483
01/09/2015,580,580,565,570,75720
02/09/2015,560,580,550,565,99520
03/09/2015,570,580,560,575,68295
04/09/2015,575,580,560,565,60723
07/09/2015,560,585,550,565,135895
08/09/2015,570,570,555,560,70382
09/09/2015,555,570,550,560,73478
10/09/2015,560,575,550,555,79828
11/09/2015,560,565,525,525,65258
14/09/2015,535,550,535,540,113577
15/09/2015,530,540,520,520,82509
16/09/2015,530,530,505,505,117739
17/09/2015,510,520,500,520,144959
18/09/2015,515,520,510,510,151497
21/09/2015,510,520,500,520,81739
22/09/2015,520,520,510,515,86031
23/09/2015,510,520,505,515,85067
25/09/2015,535,535,500,515,52515
28/09/2015,515,515,505,510,27002
29/09/2015,505,515,500,515,70581
30/09/2015,510,515,490,505,94182
01/10/2015,505,505,497,500,67232
02/10/2015,497,510,495,505,130086
05/10/2015,505,535,500,530,184088
06/10/2015,540,560,535,545,115126
07/10/2015,550,565,545,560,288844
08/10/2015,560,610,560,610,239300
09/10/2015,610,695,610,690,427464
12/10/2015,695,700,650,670,226777
13/10/2015,635,670,635,655,87489
15/10/2015,670,710,650,700,345879
16/10/2015,710,720,700,720,118259
19/10/2015,720,720,685,700,115838
20/10/2015,700,700,670,675,71957
21/10/2015,670,685,640,660,177187
22/10/2015,650,670,650,670,77846
23/10/2015,675,695,675,685,112185
26/10/2015,700,700,670,685,187660
27/10/2015,680,680,670,680,45710
28/10/2015,670,680,650,660,86245
29/10/2015,660,660,645,645,119947
30/10/2015,645,680,645,670,53062
02/11/2015,645,710,645,710,163436
03/11/2015,725,730,710,725,80232
04/11/2015,725,735,710,715,92104
05/11/2015,725,735,700,710,27457
06/11/2015,710,715,675,675,121175
09/11/2015,675,690,660,675,97464
10/11/2015,665,765,660,760,378399
11/11/2015,760,760,705,725,224345
12/11/2015,725,760,715,745,121507
13/11/2015,740,740,725,735,27649
16/11/2015,710,750,705,745,99148
17/11/2015,750,760,735,750,25923
18/11/2015,725,745,720,730,38023
19/11/2015,710,750,710,740,46056
20/11/2015,730,750,730,750,24184
23/11/2015,760,760,750,760,69185
24/11/2015,750,760,750,760,38756
25/11/2015,760,810,755,790,226651
26/11/2015,800,815,795,805,83825
27/11/2015,810,815,795,805,69020
30/11/2015,805,805,765,765,90789
01/12/2015,770,805,765,800,105497
02/12/2015,800,815,775,780,72961
03/12/2015,785,785,770,775,10358
04/12/2015,770,775,745,765,153735
07/12/2015,770,810,770,805,47542
08/12/2015,805,810,775,785,105708
10/12/2015,785,825,785,810,167285
11/12/2015,815,820,785,795,69362
14/12/2015,785,795,750,755,61016
15/12/2015,770,770,735,745,66112
16/12/2015,745,780,730,765,95915
17/12/2015,770,810,770,800,114359
18/12/2015,800,810,790,800,149220
21/12/2015,800,815,800,815,66685
22/12/2015,815,820,800,810,148972
23/12/2015,810,835,810,825,59460
28/12/2015,830,830,805,825,37181
29/12/2015,825,825,810,810,18374
30/12/2015,810,825,795,825,53654
04/01/2016,805,820,800,800,33968
05/01/2016,795,800,780,785,84448
06/01/2016,785,790,750,755,379487
07/01/2016,750,770,735,755,82597
08/01/2016,755,770,740,745,114375
11/01/2016,740,745,730,735,24170
12/01/2016,735,760,735,750,61082
13/01/2016,760,810,760,805,124869
14/01/2016,790,795,775,790,75857
15/01/2016,790,810,765,790,29995
18/01/2016,795,795,775,775,19264
19/01/2016,775,805,775,800,34726
20/01/2016,800,800,780,790,15728
21/01/2016,790,800,770,800,75337
22/01/2016,805,810,785,790,58313
25/01/2016,800,805,785,790,13332
26/01/2016,800,810,795,805,63677
27/01/2016,800,820,795,820,38125
28/01/2016,820,820,795,815,18548
29/01/2016,815,815,795,800,27029
01/02/2016,810,815,770,775,104754
02/02/2016,775,800,775,800,10622
03/02/2016,800,800,780,780,41463
04/02/2016,785,815,780,795,57305
05/02/2016,795,860,795,840,182851
09/02/2016,840,855,810,845,53472
10/02/2016,845,860,840,850,75693
11/02/2016,850,870,835,865,46386
12/02/2016,860,870,855,865,36317
15/02/2016,870,890,855,875,106599
16/02/2016,875,885,875,875,59855
17/02/2016,875,900,875,900,150515
18/02/2016,900,920,900,900,76500
19/02/2016,900,920,875,910,74970
22/02/2016,910,910,875,890,22354
23/02/2016,895,895,860,865,97904
24/02/2016,865,900,850,870,25432
25/02/2016,880,890,825,830,36168
26/02/2016,840,875,830,870,32179
29/02/2016,870,915,865,915,37910
01/03/2016,915,915,880,885,31529
02/03/2016,890,940,890,930,70299
03/03/2016,940,975,930,960,205516
04/03/2016,960,970,935,945,31111
07/03/2016,940,950,930,935,48164
08/03/2016,935,945,930,945,74922
10/03/2016,945,970,900,900,51848
11/03/2016,900,900,860,870,71889
14/03/2016,875,900,860,870,121375
15/03/2016,870,885,840,850,150337
16/03/2016,855,860,840,840,63267
17/03/2016,845,870,840,855,169932
18/03/2016,865,870,815,815,198267
21/03/2016,825,840,820,835,137670
22/03/2016,835,865,835,855,133588
23/03/2016,860,870,855,860,200990
24/03/2016,865,870,840,850,74429
28/03/2016,850,855,800,800,158262
29/03/2016,810,860,805,860,238881
30/03/2016,860,890,850,880,184632
31/03/2016,880,900,865,895,89158
01/04/2016,900,905,880,885,41405
04/04/2016,885,890,860,860,100569
05/04/2016,860,865,830,840,74131
06/04/2016,840,850,825,830,86806
07/04/2016,835,855,820,820,80006
08/04/2016,820,840,820,830,34835
11/04/2016,840,840,830,840,35712
12/04/2016,840,845,825,825,61175
13/04/2016,830,840,830,835,11983
14/04/2016,835,870,835,860,67979
15/04/2016,865,875,830,840,44818
18/04/2016,840,840,815,825,38126
19/04/2016,830,840,825,830,53145
20/04/2016,830,850,830,845,51012
21/04/2016,855,870,840,850,65707
22/04/2016,850,855,840,845,13593
25/04/2016,845,860,845,855,23337
26/04/2016,860,900,855,885,205666
27/04/2016,890,905,875,895,97712
28/04/2016,895,935,885,920,138040
29/04/2016,920,940,915,925,56495
02/05/2016,925,935,875,900,24101
03/05/2016,885,915,880,905,85192
04/05/2016,905,910,890,895,43422
09/05/2016,895,915,875,905,69765
10/05/2016,905,915,900,900,39247
11/05/2016,910,935,910,925,30946
12/05/2016,940,940,910,915,25985
13/05/2016,915,930,865,875,48636
16/05/2016,875,875,840,855,34678
17/05/2016,860,910,855,890,55439
18/05/2016,895,900,885,900,15651
19/05/2016,900,910,855,860,38139
20/05/2016,850,880,850,870,19120
23/05/2016,865,890,855,870,36078
24/05/2016,870,875,830,860,65007
25/05/2016,865,890,860,885,70803
26/05/2016,890,895,875,880,31465
27/05/2016,880,910,880,905,38448
30/05/2016,900,920,895,905,46134
31/05/2016,905,910,830,830,57446
01/06/2016,855,905,850,900,52088
02/06/2016,895,905,895,900,19041
03/06/2016,900,910,900,900,10460
06/06/2016,905,915,890,910,36274
07/06/2016,915,935,915,925,64570
08/06/2016,925,930,920,925,67389
09/06/2016,925,930,905,920,22190
10/06/2016,920,940,920,940,34759
13/06/2016,925,940,925,925,26310
14/06/2016,925,935,900,900,20388
15/06/2016,900,910,880,880,16159
16/06/2016,860,900,860,870,10524
17/06/2016,880,920,880,920,12639
20/06/2016,920,920,880,880,50451
21/06/2016,880,900,870,875,44099
22/06/2016,870,900,870,890,18460
23/06/2016,895,905,875,880,45764
24/06/2016,885,895,830,860,64779
27/06/2016,860,895,850,880,24171
28/06/2016,880,885,870,880,22687
29/06/2016,880,900,880,890,24750
30/06/2016,905,930,895,925,152307
01/07/2016,930,950,930,950,92344
11/07/2016,950,985,950,980,186456
12/07/2016,990,990,950,960,69747
13/07/2016,970,980,945,950,45051
14/07/2016,960,980,950,970,44701
15/07/2016,970,985,960,970,43624
18/07/2016,970,975,950,960,19037
19/07/2016,960,990,960,965,104069
20/07/2016,965,980,955,965,17982
21/07/2016,945,980,945,965,13670
22/07/2016,965,975,940,955,12438
25/07/2016,955,970,955,960,32028
26/07/2016,960,970,955,955,17810
27/07/2016,955,980,955,980,140942
28/07/2016,980,1030,980,1025,114223
29/07/2016,1030,1040,960,970,216908
01/08/2016,970,985,925,950,415866
02/08/2016,950,970,930,950,201360
03/08/2016,945,960,945,950,146083
04/08/2016,950,960,945,950,112516
05/08/2016,950,960,950,955,36332
08/08/2016,965,970,945,950,102992
09/08/2016,955,980,950,960,150972
10/08/2016,970,980,955,975,93829
11/08/2016,975,1010,975,1005,237713
12/08/2016,1010,1015,950,965,98727
15/08/2016,965,965,940,950,42478
16/08/2016,950,965,950,955,19793
18/08/2016,970,1010,960,995,129200
19/08/2016,995,1005,985,990,70419
22/08/2016,990,995,965,990,18825
23/08/2016,990,990,965,975,22445
24/08/2016,975,985,970,985,16470
25/08/2016,985,1000,975,975,17559
26/08/2016,990,995,975,995,26025
29/08/2016,1000,1005,965,980,14887
30/08/2016,970,1000,970,995,24498
31/08/2016,995,1000,985,1000,22310
01/09/2016,1000,1000,970,975,27601
02/09/2016,975,980,945,950,42887
05/09/2016,950,975,950,970,52134
06/09/2016,980,980,950,965,33977
07/09/2016,965,980,950,950,15531
08/09/2016,950,970,950,970,15056
09/09/2016,970,970,945,960,19202
13/09/2016,965,965,945,945,18992
14/09/2016,945,945,905,915,31008
15/09/2016,915,935,910,915,16101
16/09/2016,920,930,915,925,27312
19/09/2016,925,965,920,950,62197
20/09/2016,955,960,925,930,8106
21/09/2016,935,940,920,925,12214
22/09/2016,930,940,910,910,52115
23/09/2016,910,920,900,905,57810
26/09/2016,910,910,875,885,47990
27/09/2016,885,905,870,885,89698
28/09/2016,885,900,885,890,48895
29/09/2016,895,920,890,905,46540
30/09/2016,910,910,875,875,41725
03/10/2016,890,900,880,880,45167
04/10/2016,890,890,870,880,29023
05/10/2016,880,885,860,865,32372
06/10/2016,865,865,835,845,74198
07/10/2016,845,850,835,845,17913
10/10/2016,850,865,845,850,55534
11/10/2016,850,855,840,850,41712
12/10/2016,850,850,825,840,36533
13/10/2016,845,850,810,810,33606
14/10/2016,815,845,810,840,53284
17/10/2016,840,860,840,850,100656
18/10/2016,850,875,845,865,91432
19/10/2016,870,875,865,865,42628
20/10/2016,865,890,865,890,40475
21/10/2016,890,895,860,880,29906
24/10/2016,880,880,850,875,40904
25/10/2016,880,880,855,860,8587
26/10/2016,860,870,850,870,51297
27/10/2016,870,875,855,875,21133
28/10/2016,875,890,860,865,51379
31/10/2016,865,870,855,855,15290
01/11/2016,870,870,850,850,37679
02/11/2016,850,860,850,850,10128
03/11/2016,850,885,850,880,132780
04/11/2016,880,915,875,880,131139
07/11/2016,885,885,860,870,56199
08/11/2016,875,885,865,865,34298
09/11/2016,865,875,850,860,24253
10/11/2016,860,870,850,855,33463
11/11/2016,855,855,810,825,55778
14/11/2016,825,840,780,805,34658
15/11/2016,810,810,755,775,30529
16/11/2016,800,850,780,850,71154
17/11/2016,850,855,830,850,37372
18/11/2016,840,855,815,850,83606
21/11/2016,850,850,830,835,10849
22/11/2016,845,875,845,870,42944
23/11/2016,870,870,840,870,11421
24/11/2016,870,870,820,835,17240
25/11/2016,840,845,830,835,4016
28/11/2016,835,845,830,845,1196
29/11/2016,845,875,835,875,5746
30/11/2016,885,890,860,865,88780
01/12/2016,880,890,875,890,51028
02/12/2016,895,905,880,880,12580
05/12/2016,875,890,875,885,11932
06/12/2016,880,890,870,870,1854
07/12/2016,865,880,850,860,8683
08/12/2016,870,875,845,850,20571
09/12/2016,850,860,840,845,24669
13/12/2016,850,855,825,825,18627
14/12/2016,825,845,825,830,20321
15/12/2016,835,845,805,810,16216
16/12/2016,815,870,810,870,39989
19/12/2016,870,870,830,840,121470
20/12/2016,835,840,805,805,12131
21/12/2016,820,820,805,810,8555
22/12/2016,820,820,785,785,17720
23/12/2016,790,800,760,760,18507
27/12/2016,760,785,755,765,15885
28/12/2016,770,810,770,810,28113
29/12/2016,810,825,795,810,18257
30/12/2016,810,835,810,835,111444
03/01/2017,835,835,795,810,104326
04/01/2017,805,805,780,800,69978
05/01/2017,805,810,785,795,23138
06/01/2017,800,800,785,795,22086
09/01/2017,795,795,785,785,15657
10/01/2017,795,795,765,765,139417
11/01/2017,760,775,760,765,125155
12/01/2017,760,775,755,755,107581
13/01/2017,760,765,740,755,98485
16/01/2017,755,760,745,750,41519
17/01/2017,760,770,735,745,250217
18/01/2017,755,760,740,740,149589
19/01/2017,745,750,735,745,74579
20/01/2017,745,755,735,735,159833
23/01/2017,740,740,720,725,69608
24/01/2017,730,755,725,755,121727
25/01/2017,760,760,740,745,49687
26/01/2017,745,755,740,745,40760
27/01/2017,745,750,740,745,43688
30/01/2017,745,745,740,740,10268
31/01/2017,740,750,740,745,26271
01/02/2017,750,760,740,755,39110
02/02/2017,760,765,750,750,39300
03/02/2017,750,760,750,760,35277
06/02/2017,765,790,745,785,198601
07/02/2017,790,810,780,800,158237
08/02/2017,800,810,770,780,58134
09/02/2017,760,790,760,765,20957
10/02/2017,775,780,760,770,59474
13/02/2017,780,780,760,780,42902
14/02/2017,790,800,770,780,39435
16/02/2017,780,785,765,780,53206
17/02/2017,780,785,765,780,45794
20/02/2017,780,785,775,775,11597
21/02/2017,775,790,770,785,41321
22/02/2017,785,795,785,785,79848
23/02/2017,785,790,765,765,15323
24/02/2017,775,780,765,775,31411
27/02/2017,770,780,765,770,7063
28/02/2017,770,770,750,770,39283
01/03/2017,755,770,750,755,80949
02/03/2017,755,755,750,755,61615
03/03/2017,755,760,745,750,14458
06/03/2017,750,760,745,755,6393
07/03/2017,760,760,750,750,113848
08/03/2017,760,785,755,760,76085
09/03/2017,760,795,760,790,103729
10/03/2017,790,805,790,800,105230
13/03/2017,810,810,795,800,51256
14/03/2017,795,805,785,790,22152
15/03/2017,790,800,780,780,25788
16/03/2017,800,810,775,800,26824
17/03/2017,810,860,795,860,217384
20/03/2017,860,865,830,840,61265
21/03/2017,830,855,800,820,101225
22/03/2017,820,820,795,805,84671
23/03/2017,810,815,805,810,48168
24/03/2017,815,835,805,810,38230
27/03/2017,810,830,810,815,26130
29/03/2017,830,840,820,835,41222
30/03/2017,835,835,815,815,28329
31/03/2017,815,835,815,825,49136
03/04/2017,830,850,825,850,45864
04/04/2017,855,890,850,890,84229
05/04/2017,880,930,870,925,82258
06/04/2017,920,940,885,925,197629
07/04/2017,935,940,925,935,374583
10/04/2017,935,950,930,935,238262
11/04/2017,930,935,895,905,96995
12/04/2017,905,905,865,905,90417
13/04/2017,905,910,895,900,43221
17/04/2017,920,920,890,900,18529
18/04/2017,915,915,880,910,59201
20/04/2017,910,910,880,895,113513
21/04/2017,895,910,880,900,11707
25/04/2017,890,935,890,930,252535
26/04/2017,930,965,925,955,180459
27/04/2017,960,960,945,945,302172
28/04/2017,945,955,925,935,88111
02/05/2017,940,945,905,910,69472
03/05/2017,920,930,900,910,23649
04/05/2017,930,955,910,950,78960
05/05/2017,950,995,945,980,416233
08/05/2017,980,1010,975,995,206642
09/05/2017,995,1010,985,995,298466
10/05/2017,995,995,945,980,103717
12/05/2017,975,1020,965,990,351205
15/05/2017,990,1020,940,950,119724
16/05/2017,950,965,930,945,64861
17/05/2017,945,970,930,965,208680
18/05/2017,965,980,945,965,161152
19/05/2017,950,980,950,970,106603
22/05/2017,965,990,955,970,180377
23/05/2017,970,1000,960,985,67276
24/05/2017,1020,1020,975,1000,106743
26/05/2017,990,1015,990,1015,128069
29/05/2017,1015,1045,980,980,196773
30/05/2017,980,985,950,980,110909
31/05/2017,980,1055,965,1055,124324
02/06/2017,1040,1045,1000,1005,38414
05/06/2017,1005,1010,980,1000,70597
06/06/2017,1025,1025,980,995,100388
07/06/2017,1000,1000,975,975,57644
08/06/2017,980,1025,955,970,270035
09/06/2017,980,1020,975,1000,245386
12/06/2017,1000,1015,950,970,113289
13/06/2017,960,1020,960,1020,211764
14/06/2017,1020,1080,1015,1050,452668
15/06/2017,1050,1090,1050,1060,243528
16/06/2017,1060,1090,1060,1080,455102
19/06/2017,1100,1110,1050,1055,262037
20/06/2017,1055,1100,1050,1085,148917
21/06/2017,1100,1100,1075,1080,84341
22/06/2017,1080,1085,1050,1060,89352
03/07/2017,1060,1075,1000,1030,59028
04/07/2017,1030,1050,1005,1050,98561
05/07/2017,1050,1050,1005,1020,157240
06/07/2017,1020,1160,1010,1100,683175
07/07/2017,1100,1140,1095,1115,201633
10/07/2017,1115,1150,1085,1095,100420
11/07/2017,1090,1110,1050,1070,259387
12/07/2017,1070,1075,1045,1060,89333
13/07/2017,1070,1100,1060,1095,132056
14/07/2017,1100,1180,1100,1145,301717
17/07/2017,1145,1165,1110,1135,151766
18/07/2017,1135,1185,1135,1155,151300
19/07/2017,1160,1160,1125,1135,58451
20/07/2017,1145,1155,1125,1145,29345
21/07/2017,1145,1160,1115,1120,48505
24/07/2017,1120,1145,1065,1145,41568
25/07/2017,1145,1145,1115,1140,34915
26/07/2017,1140,1145,1085,1115,56830
27/07/2017,1115,1140,1115,1130,93465
28/07/2017,1130,1155,1125,1135,61382
31/07/2017,1130,1140,1090,1110,64930
01/08/2017,1110,1110,1080,1100,78329
02/08/2017,1100,1100,1050,1080,100437
03/08/2017,1080,1110,1075,1100,155356
04/08/2017,1110,1115,1095,1100,19874
07/08/2017,1105,1125,1070,1075,30366
08/08/2017,1100,1100,1065,1085,88215
09/08/2017,1085,1115,1085,1110,115488
10/08/2017,1110,1115,1085,1085,18510
11/08/2017,1090,1095,1065,1065,155583
14/08/2017,1065,1090,1065,1080,24990
15/08/2017,1080,1100,1070,1075,71754
16/08/2017,1085,1085,1065,1075,64662
18/08/2017,1065,1095,1060,1080,59333
21/08/2017,1075,1080,1060,1065,94156
22/08/2017,1095,1095,1065,1065,127087
23/08/2017,1065,1080,1060,1075,102255
24/08/2017,1070,1075,1040,1055,141925
25/08/2017,1055,1090,1055,1080,108822
28/08/2017,1080,1095,1050,1065,107837
29/08/2017,1065,1065,1025,1030,93494
30/08/2017,1030,1060,1005,1060,266816
31/08/2017,1060,1090,1045,1090,66856
04/09/2017,1090,1090,1045,1055,34222
05/09/2017,1055,1080,1055,1070,58325
06/09/2017,1085,1090,1065,1075,49706
07/09/2017,1075,1085,1065,1075,91260
08/09/2017,1075,1075,1050,1060,41494
11/09/2017,1060,1075,1060,1065,58287
12/09/2017,1065,1095,1050,1080,226956
13/09/2017,1090,1090,1050,1075,68988
14/09/2017,1075,1080,1060,1065,71510
15/09/2017,1065,1085,1065,1085,82855
18/09/2017,1085,1090,1065,1080,173313
19/09/2017,1085,1115,1070,1110,191878
20/09/2017,1110,1130,1100,1125,72503
22/09/2017,1125,1175,1125,1160,251377
25/09/2017,1165,1175,1145,1145,73095
26/09/2017,1145,1220,1145,1220,323263
27/09/2017,1220,1260,1185,1185,211613
28/09/2017,1185,1220,1185,1205,204522
29/09/2017,1210,1280,1200,1215,279328
02/10/2017,1225,1235,1205,1225,61634
03/10/2017,1225,1255,1200,1250,113031
04/10/2017,1250,1285,1235,1250,144204
05/10/2017,1250,1285,1250,1260,109366
06/10/2017,1260,1290,1255,1290,92495
09/10/2017,1295,1300,1265,1295,38787
10/10/2017,1295,1320,1285,1305,120207
11/10/2017,1305,1330,1280,1300,152546
12/10/2017,1300,1320,1285,1300,261950
13/10/2017,1300,1320,1290,1295,161007
16/10/2017,1300,1300,1210,1285,81971
17/10/2017,1285,1285,1235,1260,87354
18/10/2017,1260,1345,1240,1315,177965
19/10/2017,1310,1345,1290,1315,47836
20/10/2017,1315,1320,1270,1270,240577
23/10/2017,1270,1300,1270,1280,29011
24/10/2017,1280,1335,1280,1315,77162
25/10/2017,1315,1400,1290,1350,133413
26/10/2017,1350,1380,1335,1365,173487
27/10/2017,1380,1425,1380,1410,221846
30/10/2017,1410,1425,1375,1400,65428
31/10/2017,1400,1400,1205,1255,628936
01/11/2017,1260,1310,1255,1300,272948
02/11/2017,1300,1315,1265,1265,137381
03/11/2017,1265,1265,1200,1205,213766
06/11/2017,1215,1240,1180,1190,162676
07/11/2017,1195,1220,1190,1215,107720
08/11/2017,1220,1265,1220,1265,143335
09/11/2017,1265,1305,1250,1290,134432
10/11/2017,1295,1300,1250,1255,68918
13/11/2017,1255,1265,1225,1255,124784
14/11/2017,1240,1270,1205,1245,95778
15/11/2017,1245,1255,1225,1245,45416
16/11/2017,1245,1245,1200,1220,139258
17/11/2017,1230,1230,1205,1210,24949
20/11/2017,1210,1225,1200,1200,34232
21/11/2017,1200,1210,1140,1165,92534
22/11/2017,1165,1190,1155,1165,70286
23/11/2017,1175,1175,1115,1125,134237
24/11/2017,1125,1135,1110,1125,85245
27/11/2017,1130,1195,1100,1125,209171
28/11/2017,1125,1145,1105,1120,139328
29/11/2017,1125,1155,1115,1150,66779
30/11/2017,1175,1195,1145,1190,129970
01/12/2017,1190,1190,1190,1190,0
04/12/2017,1185,1190,1140,1160,68003
05/12/2017,1155,1160,1120,1125,72962
06/12/2017,1125,1140,1105,1115,105154
07/12/2017,1115,1140,1110,1125,104202
08/12/2017,1125,1225,1125,1205,166784
11/12/2017,1210,1245,1205,1240,120505
12/12/2017,1240,1250,1210,1220,59692
13/12/2017,1220,1225,1155,1170,133455
14/12/2017,1130,1190,1115,1170,95269
15/12/2017,1130,1190,1130,1190,89328
18/12/2017,1150,1190,1135,1150,68801
19/12/2017,1180,1180,1145,1165,88614
20/12/2017,1165,1165,1130,1145,60862
21/12/2017,1140,1160,1140,1150,79137
22/12/2017,1135,1155,1130,1140,28183
27/12/2017,1140,1150,1135,1140,44954
28/12/2017,1140,1145,1135,1135,55201
29/12/2017,1135,1165,1135,1155,115515
02/01/2018,1160,1180,1160,1170,116955
03/01/2018,1170,1180,1165,1175,124215
04/01/2018,1140,1270,1140,1250,239666
05/01/2018,1250,1285,1235,1250,139989
08/01/2018,1250,1315,1225,1310,162324
09/01/2018,1325,1335,1305,1315,115266
10/01/2018,1315,1315,1260,1260,56082
11/01/2018,1260,1330,1245,1280,214501
12/01/2018,1285,1295,1280,1290,68291
15/01/2018,1290,1310,1280,1300,27203
16/01/2018,1300,1300,1280,1280,18776
17/01/2018,1285,1285,1250,1250,87307
18/01/2018,1255,1280,1250,1270,55745
19/01/2018,1270,1280,1220,1230,56540
22/01/2018,1240,1270,1215,1215,80573
23/01/2018,1220,1260,1220,1260,55125
24/01/2018,1260,1280,1230,1280,122273
25/01/2018,1285,1310,1285,1295,165969
26/01/2018,1310,1310,1280,1280,51312
29/01/2018,1280,1320,1270,1300,124684
30/01/2018,1300,1310,1270,1300,34417
31/01/2018,1300,1375,1250,1350,179128
01/02/2018,1350,1385,1345,1360,146127
02/02/2018,1360,1365,1345,1350,80463
05/02/2018,1330,1340,1280,1310,87875
06/02/2018,1300,1300,1250,1300,53445
07/02/2018,1300,1370,1300,1330,71482
08/02/2018,1330,1335,1280,1295,236098
09/02/2018,1280,1345,1260,1345,64436
12/02/2018,1345,1360,1310,1320,38596
13/02/2018,1320,1330,1295,1315,71063
14/02/2018,1315,1325,1285,1290,51695
15/02/2018,1290,1300,1285,1295,35857
19/02/2018,1305,1365,1300,1350,88170
20/02/2018,1360,1360,1310,1325,32767
21/02/2018,1375,1375,1315,1350,54527
22/02/2018,1350,1355,1315,1350,50245
23/02/2018,1355,1375,1350,1365,117437
26/02/2018,1365,1370,1325,1370,106079
27/02/2018,1370,1380,1355,1380,30102
28/02/2018,1380,1380,1330,1330,40592
01/03/2018,1335,1350,1330,1345,62588
02/03/2018,1345,1355,1330,1350,77196
05/03/2018,1345,1370,1295,1320,68093
06/03/2018,1320,1345,1300,1320,30939
07/03/2018,1320,1340,1260,1300,69857
08/03/2018,1300,1305,1280,1300,115411
09/03/2018,1305,1345,1295,1300,43278
12/03/2018,1305,1365,1305,1355,103163
13/03/2018,1355,1430,1345,1380,231753
14/03/2018,1385,1390,1365,1365,46440
15/03/2018,1365,1370,1345,1350,102325
16/03/2018,1350,1350,1320,1350,121063
19/03/2018,1355,1360,1335,1350,30979
20/03/2018,1350,1350,1325,1340,52152
21/03/2018,1340,1350,1335,1340,60407
22/03/2018,1340,1345,1315,1315,64762
23/03/2018,1300,1340,1290,1330,39222
26/03/2018,1330,1330,1295,1300,61266
27/03/2018,1305,1330,1255,1275,111791
28/03/2018,1275,1325,1260,1300,72135
29/03/2018,1310,1335,1310,1330,87113
02/04/2018,1335,1365,1330,1360,42948
03/04/2018,1360,1380,1350,1380,31992
04/04/2018,1380,1380,1355,1360,33179
05/04/2018,1360,1360,1325,1330,17694
06/04/2018,1325,1365,1305,1305,51376
09/04/2018,1325,1350,1305,1350,28209
10/04/2018,1350,1360,1315,1325,75284
11/04/2018,1330,1400,1330,1390,64594
12/04/2018,1390,1400,1335,1340,82163
13/04/2018,1350,1410,1350,1390,84814
16/04/2018,1390,1390,1370,1375,28953
17/04/2018,1390,1410,1325,1335,157887
18/04/2018,1350,1360,1320,1340,82954
19/04/2018,1345,1360,1315,1320,64818
20/04/2018,1330,1340,1320,1320,49363
23/04/2018,1350,1350,1275,1290,68840
24/04/2018,1295,1310,1275,1300,41566
25/04/2018,1300,1330,1290,1315,65206
26/04/2018,1335,1335,1250,1260,127164
27/04/2018,1260,1265,1210,1250,67998
30/04/2018,1245,1305,1245,1300,116816
02/05/2018,1310,1310,1300,1305,50014
03/05/2018,1305,1305,1270,1275,37406
04/05/2018,1275,1315,1235,1300,19243
07/05/2018,1300,1310,1290,1300,35466
08/05/2018,1300,1300,1250,1260,42311
09/05/2018,1260,1270,1215,1220,41307
11/05/2018,1230,1275,1225,1245,120594
14/05/2018,1235,1255,1210,1230,40183
15/05/2018,1235,1240,1125,1125,121644
16/05/2018,1125,1230,1125,1225,82009
17/05/2018,1225,1240,1210,1210,43714
18/05/2018,1210,1225,1180,1185,40016
21/05/2018,1190,1240,1160,1230,75311
22/05/2018,1240,1250,1190,1190,35086
23/05/2018,1190,1260,1190,1200,75678
24/05/2018,1200,1275,1200,1250,84383
25/05/2018,1260,1295,1235,1235,62257
28/05/2018,1230,1255,1230,1250,90461
30/05/2018,1250,1310,1245,1285,94896
31/05/2018,1285,1285,1230,1250,148540
04/06/2018,1250,1255,1210,1215,96999
05/06/2018,1210,1260,1210,1250,71328
06/06/2018,1250,1340,1250,1315,110593
07/06/2018,1315,1335,1315,1330,67800
08/06/2018,1330,1360,1330,1360,88063
20/06/2018,1350,1350,1280,1290,112961
21/06/2018,1290,1330,1280,1280,16248
22/06/2018,1330,1330,1280,1280,45108
25/06/2018,1300,1330,1275,1285,23979
26/06/2018,1290,1320,1265,1280,67488
27/06/2018,1280,1295,1275,1290,28444
28/06/2018,1290,1290,1250,1250,35643
29/06/2018,1250,1285,1245,1270,93888
02/07/2018,1265,1285,1250,1255,24884
03/07/2018,1255,1255,1225,1250,23933
04/07/2018,1250,1255,1225,1245,48838
05/07/2018,1245,1250,1230,1235,47400
06/07/2018,1235,1245,1230,1235,59252
09/07/2018,1240,1300,1240,1300,108958
10/07/2018,1300,1345,1300,1335,121372
11/07/2018,1335,1340,1275,1300,75444
12/07/2018,1300,1330,1290,1330,24981
13/07/2018,1330,1345,1300,1325,26301
16/07/2018,1325,1335,1300,1305,10933
17/07/2018,1305,1310,1295,1300,64241
18/07/2018,1300,1310,1295,1305,42071
19/07/2018,1315,1330,1310,1325,46801
20/07/2018,1325,1335,1295,1335,35782
23/07/2018,1335,1335,1315,1330,3645
24/07/2018,1335,1340,1320,1330,23165
25/07/2018,1340,1340,1305,1310,2803
26/07/2018,1310,1340,1305,1330,41807
27/07/2018,1330,1375,1315,1330,57825
30/07/2018,1340,1375,1330,1340,47670
31/07/2018,1350,1370,1290,1310,99488
01/08/2018,1310,1350,1310,1335,41416
02/08/2018,1345,1350,1330,1335,30402
03/08/2018,1335,1385,1335,1370,112215
06/08/2018,1385,1410,1380,1385,155144
07/08/2018,1385,1400,1365,1380,39925
08/08/2018,1380,1430,1375,1395,143669
09/08/2018,1395,1485,1395,1450,173264
10/08/2018,1460,1490,1460,1470,132176
13/08/2018,1500,1500,1420,1420,121568
14/08/2018,1440,1440,1320,1370,199719
15/08/2018,1375,1385,1215,1275,1024040
16/08/2018,1275,1315,1225,1300,321404
20/08/2018,1305,1400,1305,1335,184856
21/08/2018,1340,1390,1320,1375,176108
23/08/2018,1375,1425,1360,1385,131365
24/08/2018,1390,1390,1345,1375,29168
27/08/2018,1375,1390,1345,1350,88005
28/08/2018,1350,1385,1350,1375,78865
29/08/2018,1375,1385,1370,1380,59791
30/08/2018,1380,1395,1365,1375,85362
31/08/2018,1375,1395,1345,1360,140222
03/09/2018,1360,1380,1300,1365,101583
04/09/2018,1365,1365,1345,1350,23796
05/09/2018,1335,1335,1260,1295,119217
06/09/2018,1300,1325,1200,1250,349316
07/09/2018,1250,1270,1225,1260,181741
10/09/2018,1270,1295,1235,1255,177671
12/09/2018,1255,1300,1250,1295,265344
13/09/2018,1300,1340,1300,1335,168013
14/09/2018,1340,1375,1340,1360,92037
17/09/2018,1360,1380,1325,1350,29523
18/09/2018,1350,1370,1335,1355,24915
19/09/2018,1355,1400,1355,1400,214244
20/09/2018,1400,1455,1400,1420,249283
21/09/2018,1420,1560,1420,1560,165684
24/09/2018,1530,1530,1445,1470,174103
25/09/2018,1470,1470,1440,1450,25873
26/09/2018,1440,1470,1405,1435,62123
27/09/2018,1435,1450,1430,1435,49354
28/09/2018,1445,1465,1430,1440,36130
01/10/2018,1440,1445,1430,1445,71305
02/10/2018,1445,1445,1370,1400,123063
03/10/2018,1400,1405,1390,1395,99607
04/10/2018,1395,1395,1295,1350,397260
05/10/2018,1345,1355,1310,1330,112249
08/10/2018,1330,1350,1310,1325,102407
09/10/2018,1325,1375,1320,1370,156270
10/10/2018,1380,1415,1380,1400,225714
11/10/2018,1350,1400,1340,1390,130627
12/10/2018,1395,1400,1350,1390,220906
15/10/2018,1390,1420,1360,1375,269099
16/10/2018,1340,1380,1340,1370,44221
17/10/2018,1370,1400,1370,1375,54471
18/10/2018,1375,1390,1360,1390,43170
19/10/2018,1390,1390,1360,1360,194901
22/10/2018,1370,1375,1340,1360,76150
23/10/2018,1370,1390,1370,1375,207923
24/10/2018,1375,1380,1370,1375,72282
25/10/2018,1370,1385,1355,1380,123479
26/10/2018,1380,1410,1365,1375,119000
29/10/2018,1375,1380,1360,1380,86064
30/10/2018,1380,1385,1365,1370,24257
31/10/2018,1375,1400,1365,1370,281893
01/11/2018,1375,1445,1370,1385,111762
02/11/2018,1395,1410,1385,1395,169493
05/11/2018,1390,1415,1390,1395,216108
06/11/2018,1400,1410,1375,1380,63959
07/11/2018,1380,1490,1380,1420,337496
08/11/2018,1430,1460,1420,1430,280928
09/11/2018,1430,1445,1375,1425,25701
12/11/2018,1425,1455,1410,1415,37867
13/11/2018,1390,1415,1380,1390,103753
14/11/2018,1400,1420,1395,1395,16828
15/11/2018,1400,1425,1400,1420,144465
16/11/2018,1425,1490,1415,1485,289562
19/11/2018,1500,1500,1445,1480,37296
21/11/2018,1470,1485,1445,1450,44753
22/11/2018,1450,1460,1435,1445,19156
23/11/2018,1450,1450,1420,1440,51323
26/11/2018,1430,1475,1430,1455,73423
27/11/2018,1465,1495,1440,1485,158231
28/11/2018,1485,1500,1470,1495,74333
29/11/2018,1505,1545,1485,1505,272397
30/11/2018,1505,1615,1505,1615,127278
03/12/2018,1600,1615,1555,1615,154283
04/12/2018,1615,1615,1585,1600,57258
05/12/2018,1595,1600,1470,1490,176910
06/12/2018,1480,1510,1450,1490,74294
07/12/2018,1490,1560,1490,1555,83167
10/12/2018,1550,1550,1470,1480,74768
11/12/2018,1480,1540,1480,1535,112957
12/12/2018,1540,1545,1500,1525,83643
13/12/2018,1525,1540,1510,1520,63183
14/12/2018,1500,1520,1480,1495,113390
17/12/2018,1450,1515,1450,1500,234688
18/12/2018,1490,1505,1485,1495,59056
19/12/2018,1500,1525,1475,1495,51851
20/12/2018,1495,1500,1475,1480,56166
21/12/2018,1490,1490,1470,1475,98197
26/12/2018,1485,1485,1455,1455,35793
27/12/2018,1475,1520,1470,1515,147425
28/12/2018,1520,1535,1490,1490,41621
02/01/2019,1500,1515,1490,1510,35747
03/01/2019,1515,1595,1510,1580,153152
04/01/2019,1580,1615,1575,1600,67649
07/01/2019,1610,1665,1605,1650,243594
08/01/2019,1650,1665,1630,1650,140951
09/01/2019,1650,1715,1650,1700,237801
10/01/2019,1700,1760,1695,1745,115954
11/01/2019,1745,1750,1680,1690,107841
14/01/2019,1690,1705,1650,1675,45773
15/01/2019,1690,1700,1670,1675,73521
16/01/2019,1675,1700,1620,1620,138468
17/01/2019,1630,1735,1630,1725,204605
18/01/2019,1740,1815,1725,1760,183977
21/01/2019,1760,1790,1760,1785,189056
22/01/2019,1790,1790,1770,1785,63256
23/01/2019,1785,1810,1780,1790,142629
24/01/2019,1790,1790,1780,1785,185481
25/01/2019,1835,1835,1775,1775,105791
28/01/2019,1780,1785,1770,1780,108862
29/01/2019,1780,1790,1760,1765,65570
30/01/2019,1765,1770,1660,1700,143223
31/01/2019,1715,1730,1680,1700,182869
01/02/2019,1710,1820,1710,1775,113011
04/02/2019,1785,1880,1775,1800,115736
06/02/2019,1815,1840,1735,1760,69926
07/02/2019,1760,1800,1730,1750,33904
08/02/2019,1750,1755,1730,1755,56285
11/02/2019,1755,1795,1755,1790,114146
12/02/2019,1790,1810,1745,1780,124444
13/02/2019,1780,1785,1760,1760,149430
14/02/2019,1765,1770,1700,1720,410584
15/02/2019,1720,1720,1675,1705,300505
18/02/2019,1705,1740,1695,1720,152742
19/02/2019,1720,1765,1720,1760,65945
20/02/2019,1765,1810,1765,1805,140250
21/02/2019,1820,1830,1805,1825,37071
22/02/2019,1825,1835,1790,1810,25883
25/02/2019,1805,1885,1800,1865,159975
26/02/2019,1870,1895,1800,1805,94009
27/02/2019,1805,1805,1740,1790,148128
28/02/2019,1790,1800,1750,1755,43858
01/03/2019,1760,1845,1750,1800,63338
04/03/2019,1805,1810,1785,1805,61047
05/03/2019,1805,1805,1750,1765,30575
06/03/2019,1785,1785,1750,1760,121948
08/03/2019,1760,1765,1750,1760,69271
11/03/2019,1765,1775,1755,1760,132345
12/03/2019,1760,1810,1760,1810,69525
13/03/2019,1810,1830,1780,1810,89003
14/03/2019,1810,1810,1765,1810,123376
15/03/2019,1810,1810,1770,1805,62293
18/03/2019,1810,1815,1780,1800,107620
19/03/2019,1800,1805,1785,1795,90767
20/03/2019,1795,1810,1790,1805,167543
21/03/2019,1805,1850,1800,1845,117598
22/03/2019,1850,1875,1800,1840,83334
25/03/2019,1835,1840,1750,1755,81523
26/03/2019,1765,1790,1760,1780,31270
27/03/2019,1790,1810,1760,1800,54362
28/03/2019,1800,1850,1800,1840,97998
29/03/2019,1840,1850,1775,1780,124407
01/04/2019,1785,1800,1755,1800,220819
02/04/2019,1795,1800,1745,1760,167015
04/04/2019,1760,1765,1615,1655,274997
05/04/2019,1660,1665,1560,1660,449318
08/04/2019,1670,1700,1665,1680,190534
09/04/2019,1680,1745,1670,1745,263060
10/04/2019,1750,1860,1745,1860,243531
11/04/2019,1850,1860,1790,1820,129476
12/04/2019,1810,1820,1750,1775,213000
15/04/2019,1775,1775,1730,1755,62692
16/04/2019,1755,1755,1680,1680,158412
18/04/2019,1690,1730,1615,1635,486238
22/04/2019,1640,1670,1635,1660,145282
23/04/2019,1670,1670,1620,1625,299660
24/04/2019,1630,1650,1625,1630,168567
25/04/2019,1650,1650,1575,1600,332174
26/04/2019,1600,1600,1535,1555,252688
29/04/2019,1555,1575,1545,1550,286349
30/04/2019,1560,1650,1560,1650,255384
02/05/2019,1650,1680,1640,1680,145267
03/05/2019,1680,1690,1590,1615,168722
06/05/2019,1615,1615,1580,1600,144641
07/05/2019,1600,1625,1595,1620,83902
08/05/2019,1605,1625,1600,1615,80793
09/05/2019,1615,1620,1600,1605,171477
10/05/2019,1605,1630,1605,1610,129349
13/05/2019,1610,1635,1605,1625,138331
14/05/2019,1625,1630,1605,1620,154337
15/05/2019,1620,1655,1620,1650,107149
16/05/2019,1650,1660,1635,1640,103706
17/05/2019,1645,1665,1640,1640,94223
20/05/2019,1640,1650,1600,1640,32294
21/05/2019,1640,1645,1625,1640,81385
22/05/2019,1640,1700,1635,1670,84297
23/05/2019,1685,1700,1670,1685,80672
24/05/2019,1680,1695,1630,1645,110372
27/05/2019,1680,1720,1645,1685,105510
28/05/2019,1695,1700,1655,1660,169500
29/05/2019,1685,1755,1660,1750,86375
31/05/2019,1750,1770,1715,1735,57584
10/06/2019,1750,1860,1735,1800,299941
11/06/2019,1800,1800,1785,1790,151642
12/06/2019,1790,1800,1755,1770,129477
13/06/2019,1775,1815,1760,1800,130595
14/06/2019,1805,1835,1790,1800,114646
17/06/2019,1800,1820,1745,1760,51965
18/06/2019,1760,1780,1705,1720,45600
19/06/2019,1740,1785,1730,1750,94786
20/06/2019,1750,1770,1740,1750,64456
21/06/2019,1750,1795,1750,1795,173452
24/06/2019,1825,1830,1795,1800,194800
25/06/2019,1800,1830,1800,1820,122346
26/06/2019,1800,1860,1800,1840,244607
27/06/2019,1865,1865,1795,1815,155304
28/06/2019,1825,1830,1770,1810,182499
01/07/2019,1810,1855,1805,1835,115446
02/07/2019,1840,1865,1830,1835,143680
03/07/2019,1835,1845,1800,1805,127851
04/07/2019,1805,1870,1805,1870,51973
05/07/2019,1860,1860,1825,1825,86364
08/07/2019,1860,1860,1820,1820,31924
09/07/2019,1830,1920,1825,1890,113970
10/07/2019,1905,1915,1845,1845,37432
11/07/2019,1850,1850,1800,1820,140152
12/07/2019,1820,1835,1805,1805,27051
15/07/2019,1810,1855,1810,1835,48220
16/07/2019,1850,1850,1780,1780,183790
17/07/2019,1780,1815,1745,1745,153790
18/07/2019,1745,1775,1745,1770,46624
19/07/2019,1770,1790,1725,1725,68599
22/07/2019,1735,1755,1725,1725,85715
23/07/2019,1730,1820,1730,1780,109882
24/07/2019,1785,1860,1785,1840,211864
25/07/2019,1850,1860,1805,1810,62240
26/07/2019,1815,1840,1790,1800,47881
29/07/2019,1800,1825,1770,1800,36856
30/07/2019,1820,1830,1785,1805,46196
31/07/2019,1805,1840,1795,1835,64316
01/08/2019,1835,1835,1755,1755,120705
02/08/2019,1755,1785,1715,1715,133685
05/08/2019,1755,1755,1655,1685,52112
06/08/2019,1675,1700,1650,1700,66631
07/08/2019,1720,1735,1705,1715,82061
08/08/2019,1730,1735,1675,1720,104891
09/08/2019,1725,1735,1710,1725,53465
12/08/2019,1725,1755,1725,1735,49089
13/08/2019,1735,1745,1705,1740,56431
14/08/2019,1740,1760,1725,1735,108293
15/08/2019,1730,1735,1715,1735,122303
16/08/2019,1740,1750,1725,1745,78436
19/08/2019,1745,1785,1745,1770,213332
20/08/2019,1775,1820,1770,1790,173951
21/08/2019,1800,1810,1755,1780,116615
22/08/2019,1780,1785,1760,1780,231793
23/08/2019,1790,1800,1760,1760,96452
26/08/2019,1750,1815,1700,1810,109006
27/08/2019,1810,1810,1750,1790,102919
28/08/2019,1790,1800,1765,1780,74852
29/08/2019,1780,1800,1725,1745,138932
30/08/2019,1745,1780,1720,1725,197932
02/09/2019,1725,1775,1725,1775,100543
03/09/2019,1775,1805,1765,1800,149509
04/09/2019,1810,1815,1795,1800,124698
05/09/2019,1850,1850,1770,1770,72627
06/09/2019,1770,1775,1745,1745,87537
09/09/2019,1700,1765,1700,1740,70048
10/09/2019,1740,1755,1730,1740,124841
11/09/2019,1745,1780,1735,1760,107612
12/09/2019,1780,1785,1720,1725,113512
13/09/2019,1730,1795,1730,1790,126502
16/09/2019,1800,1805,1730,1730,140528
17/09/2019,1730,1755,1720,1725,96886
18/09/2019,1720,1750,1720,1750,86441
19/09/2019,1750,1755,1725,1740,71208
20/09/2019,1740,1750,1725,1735,218939
23/09/2019,1735,1745,1730,1745,57278
24/09/2019,1745,1750,1735,1750,82431
25/09/2019,1755,1765,1730,1750,66491
26/09/2019,1750,1790,1735,1770,254800
27/09/2019,1770,1800,1760,1770,153103
30/09/2019,1770,1780,1755,1770,173108
01/10/2019,1770,1770,1710,1710,257587
02/10/2019,1710,1755,1700,1750,60257
03/10/2019,1740,1770,1715,1765,106533
04/10/2019,1765,1780,1750,1770,119301
07/10/2019,1770,1770,1725,1750,54795
08/10/2019,1750,1810,1745,1800,196027
09/10/2019,1800,1840,1800,1815,226890
10/10/2019,1820,1825,1775,1775,198800
11/10/2019,1775,1800,1755,1770,85440
14/10/2019,1770,1810,1770,1785,93726
15/10/2019,1795,1820,1785,1805,266193
16/10/2019,1810,1820,1790,1815,82761
17/10/2019,1820,1860,1815,1855,260250
18/10/2019,1860,1890,1860,1880,122266
21/10/2019,1880,1880,1860,1880,120348
22/10/2019,1880,1880,1810,1850,206702
23/10/2019,1845,1845,1770,1780,177237
24/10/2019,1780,1795,1760,1795,88378
25/10/2019,1805,1810,1785,1810,53968
28/10/2019,1810,1820,1775,1795,92315
29/10/2019,1795,1795,1770,1780,160238
30/10/2019,1780,1780,1745,1750,173097
31/10/2019,1760,1770,1675,1690,493031
01/11/2019,1675,1705,1605,1700,664973
04/11/2019,1705,1720,1675,1720,163812
05/11/2019,1740,1740,1700,1715,134464
06/11/2019,1710,1725,1680,1700,169489
07/11/2019,1700,1700,1650,1660,146632
08/11/2019,1710,1740,1700,1715,964891
11/11/2019,1730,1755,1720,1750,335897
12/11/2019,1750,1755,1700,1750,281290
13/11/2019,1750,1780,1705,1715,315483
14/11/2019,1715,1725,1685,1700,275291
15/11/2019,1705,1710,1685,1695,207090
18/11/2019,1695,1700,1635,1700,378109
19/11/2019,1700,1700,1630,1640,332788
20/11/2019,1645,1675,1635,1675,212625
21/11/2019,1675,1675,1630,1635,269913
22/11/2019,1650,1695,1635,1690,671737
25/11/2019,1695,1750,1685,1750,533921
26/11/2019,1750,1790,1695,1730,4537617
27/11/2019,1705,1725,1660,1675,524597
28/11/2019,1675,1700,1610,1610,259988
29/11/2019,1640,1640,1550,1580,367784
02/12/2019,1580,1595,1540,1560,400785
03/12/2019,1550,1555,1510,1525,560479
04/12/2019,1525,1555,1510,1525,190942
05/12/2019,1550,1570,1530,1550,395607
06/12/2019,1565,1570,1465,1485,627513
09/12/2019,1485,1520,1470,1485,316634
10/12/2019,1485,1560,1485,1545,471840
11/12/2019,1555,1630,1550,1630,661886
12/12/2019,1630,1635,1575,1590,393176
13/12/2019,1590,1610,1515,1550,358264
16/12/2019,1550,1605,1550,1550,266714
17/12/2019,1560,1595,1550,1575,178696
18/12/2019,1575,1625,1570,1595,424437
19/12/2019,1605,1605,1580,1585,69255
20/12/2019,1590,1600,1560,1600,150628
23/12/2019,1610,1610,1550,1550,70087
26/12/2019,1565,1580,1530,1550,112243
27/12/2019,1555,1565,1530,1550,81071
30/12/2019,1550,1555,1495,1495,159030
02/01/2020,1500,1535,1500,1510,137279
03/01/2020,1520,1525,1500,1515,152488
06/01/2020,1515,1515,1470,1470,180500
07/01/2020,1470,1485,1415,1435,347513
08/01/2020,1440,1440,1395,1410,322113
09/01/2020,1410,1460,1410,1460,393059
10/01/2020,1460,1500,1455,1495,317831
13/01/2020,1495,1500,1455,1490,140111
14/01/2020,1490,1590,1490,1590,619898
15/01/2020,1590,1605,1550,1600,177437
16/01/2020,1600,1600,1570,1600,116686
17/01/2020,1605,1620,1565,1620,165514
20/01/2020,1620,1620,1580,1620,157788
21/01/2020,1620,1650,1585,1645,300840
22/01/2020,1645,1675,1625,1640,153110
23/01/2020,1640,1650,1600,1620,46529
24/01/2020,1620,1645,1610,1630,25213
27/01/2020,1630,1630,1570,1625,134620
28/01/2020,1625,1645,1585,1630,311363
29/01/2020,1645,1645,1595,1595,81835
30/01/2020,1595,1595,1550,1565,70311
31/01/2020,1565,1720,1530,1720,457648
03/02/2020,1690,1690,1590,1600,401065
04/02/2020,1600,1630,1585,1600,213248
05/02/2020,1600,1610,1590,1600,267380
06/02/2020,1600,1645,1595,1640,129202
07/02/2020,1640,1680,1610,1680,264169
10/02/2020,1675,1675,1605,1610,90608
11/02/2020,1635,1635,1580,1590,95347
12/02/2020,1590,1600,1540,1585,286663
13/02/2020,1585,1620,1585,1610,80925
14/02/2020,1610,1655,1590,1645,204461
17/02/2020,1650,1665,1645,1650,119315
18/02/2020,1630,1650,1590,1590,87788
19/02/2020,1595,1600,1550,1560,138813
20/02/2020,1560,1590,1540,1560,115349
21/02/2020,1560,1570,1540,1555,70625
24/02/2020,1545,1560,1500,1510,93709
25/02/2020,1510,1555,1505,1550,90230
26/02/2020,1550,1555,1505,1525,122536
27/02/2020,1525,1525,1495,1500,191172
28/02/2020,1450,1520,1430,1515,207472
02/03/2020,1500,1515,1435,1450,200615
03/03/2020,1450,1510,1450,1465,140594
04/03/2020,1470,1545,1465,1535,86134
05/03/2020,1540,1550,1470,1485,85973
06/03/2020,1480,1480,1445,1460,53061
09/03/2020,1400,1420,1370,1395,217169
10/03/2020,1395,1450,1370,1430,159015
11/03/2020,1455,1455,1390,1410,167708
12/03/2020,1390,1390,1320,1355,164134
13/03/2020,1275,1465,1265,1405,223184
16/03/2020,1380,1380,1310,1310,159346
17/03/2020,1295,1300,1220,1240,193950
18/03/2020,1220,1295,1155,1225,162891
19/03/2020,1215,1215,1140,1140,87461
20/03/2020,1065,1125,1065,1115,302779
23/03/2020,1115,1115,1040,1040,218035
24/03/2020,1040,1110,970,1100,290948
26/03/2020,1100,1340,1095,1275,281935
27/03/2020,1275,1365,1200,1310,270420
30/03/2020,1310,1325,1230,1300,101216
31/03/2020,1300,1360,1270,1300,170147
01/04/2020,1300,1335,1250,1290,77367
02/04/2020,1300,1300,1210,1230,163478
03/04/2020,1230,1280,1210,1280,194671
06/04/2020,1275,1320,1265,1305,103823
07/04/2020,1325,1345,1255,1325,165770
08/04/2020,1320,1320,1235,1235,132415
09/04/2020,1225,1260,1150,1190,137042
13/04/2020,1190,1220,1155,1195,70730
14/04/2020,1200,1235,1185,1220,165416
15/04/2020,1240,1295,1225,1275,315849
16/04/2020,1270,1290,1230,1240,133891
17/04/2020,1245,1365,1245,1340,353073
20/04/2020,1340,1360,1310,1310,107112
21/04/2020,1310,1310,1230,1280,124826
22/04/2020,1280,1360,1270,1330,105776
23/04/2020,1330,1500,1330,1380,159702
24/04/2020,1380,1460,1375,1390,149623
27/04/2020,1400,1515,1375,1490,180460
28/04/2020,1515,1515,1390,1410,145261
29/04/2020,1410,1440,1400,1425,142790
30/04/2020,1445,1550,1425,1520,197889
04/05/2020,1525,1525,1415,1485,120896
05/05/2020,1510,1520,1435,1460,63146
06/05/2020,1460,1465,1400,1415,131156
08/05/2020,1420,1440,1345,1360,221975
11/05/2020,1365,1405,1360,1385,155397
12/05/2020,1405,1405,1340,1350,106758
13/05/2020,1350,1350,1260,1285,205796
14/05/2020,1290,1325,1260,1305,188439
15/05/2020,1300,1325,1250,1310,192854
18/05/2020,1355,1355,1270,1295,133053
19/05/2020,1305,1325,1300,1310,123278
20/05/2020,1300,1320,1285,1305,89625
26/05/2020,1305,1370,1290,1360,148556
27/05/2020,1370,1395,1335,1385,137200
28/05/2020,1400,1500,1395,1490,322672
29/05/2020,1490,1555,1440,1555,312273
02/06/2020,1560,1560,1475,1475,284543
03/06/2020,1480,1525,1480,1500,137689
04/06/2020,1500,1540,1485,1495,132099
05/06/2020,1525,1530,1495,1505,185157
08/06/2020,1510,1535,1490,1515,81745
09/06/2020,1520,1525,1485,1485,102163
10/06/2020,1480,1505,1470,1495,88900
11/06/2020,1495,1505,1455,1470,89110
12/06/2020,1430,1490,1395,1470,69526
15/06/2020,1500,1520,1490,1510,237312
16/06/2020,1510,1580,1510,1570,263069
17/06/2020,1570,1585,1525,1545,184240
18/06/2020,1545,1545,1490,1490,239322
19/06/2020,1490,1515,1490,1500,352389
22/06/2020,1505,1515,1485,1490,165565
23/06/2020,1490,1510,1485,1500,103364
24/06/2020,1510,1550,1500,1535,197386
25/06/2020,1530,1535,1495,1510,115448
26/06/2020,1510,1525,1500,1505,76010
29/06/2020,1505,1510,1455,1485,162897
30/06/2020,1490,1520,1490,1510,165865
01/07/2020,1510,1530,1460,1465,166459
02/07/2020,1475,1500,1465,1500,73392
03/07/2020,1500,1505,1470,1490,58603
06/07/2020,1450,1500,1450,1485,85651
07/07/2020,1495,1550,1495,1540,178247
08/07/2020,1540,1555,1530,1545,121668
09/07/2020,1540,1570,1540,1560,81253
10/07/2020,1560,1565,1520,1555,58556
13/07/2020,1555,1635,1555,1630,167747
14/07/2020,1640,1650,1610,1650,130528
15/07/2020,1650,1680,1635,1680,119533
16/07/2020,1680,1685,1630,1650,104894
17/07/2020,1650,1650,1620,1635,94612
20/07/2020,1635,1650,1550,1555,145989
21/07/2020,1555,1665,1555,1650,170243
22/07/2020,1660,1685,1600,1625,109697
23/07/2020,1625,1660,1625,1655,74616
24/07/2020,1660,1660,1625,1640,107688
27/07/2020,1650,1665,1630,1650,47447
28/07/2020,1655,1690,1640,1685,128645
29/07/2020,1695,1815,1690,1740,192654
30/07/2020,1740,1795,1740,1750,133662
03/08/2020,1750,1760,1630,1700,205864
04/08/2020,1700,1700,1670,1680,116734
05/08/2020,1700,1700,1650,1685,52254
06/08/2020,1690,1695,1625,1650,201341
07/08/2020,1645,1690,1645,1660,146107
10/08/2020,1660,1685,1655,1660,94314
11/08/2020,1670,1680,1625,1650,173656
12/08/2020,1650,1660,1630,1640,99315
13/08/2020,1645,1650,1630,1635,83208
14/08/2020,1620,1625,1575,1600,209320
18/08/2020,1575,1645,1575,1620,204152
19/08/2020,1620,1630,1605,1615,85492
24/08/2020,1615,1625,1610,1620,142724
25/08/2020,1625,1670,1620,1650,259886
26/08/2020,1650,1665,1635,1645,115847
27/08/2020,1645,1645,1590,1610,212486
28/08/2020,1615,1615,1600,1605,130665
31/08/2020,1600,1620,1500,1545,292065
01/09/2020,1545,1600,1545,1585,206115
02/09/2020,1570,1625,1570,1625,250930
03/09/2020,1600,1645,1600,1620,167563
04/09/2020,1610,1610,1565,1600,76407
07/09/2020,1600,1605,1555,1570,60047
08/09/2020,1570,1610,1545,1605,205449
09/09/2020,1605,1610,1555,1580,168291
10/09/2020,1470,1495,1470,1470,245401
11/09/2020,1375,1560,1370,1555,225278
14/09/2020,1600,1600,1545,1580,119710
15/09/2020,1610,1610,1545,1555,165784
16/09/2020,1565,1565,1510,1520,68082
17/09/2020,1520,1540,1515,1525,96372
18/09/2020,1525,1600,1505,1600,142731
21/09/2020,1590,1590,1505,1505,196707
22/09/2020,1495,1530,1470,1515,114561
23/09/2020,1505,1545,1505,1545,109824
24/09/2020,1525,1535,1440,1440,112018
25/09/2020,1485,1575,1485,1570,135108
28/09/2020,1580,1610,1530,1595,265293
29/09/2020,1600,1605,1570,1590,68969
30/09/2020,1600,1610,1570,1595,58596
01/10/2020,1595,1610,1585,1610,69434
02/10/2020,1610,1610,1565,1575,31021
05/10/2020,1590,1590,1565,1565,35620
06/10/2020,1580,1585,1545,1545,45140
07/10/2020,1545,1565,1500,1545,171596
08/10/2020,1545,1565,1515,1560,119356
09/10/2020,1560,1565,1530,1550,29715
12/10/2020,1550,1600,1540,1590,69824
13/10/2020,1590,1655,1570,1630,168076
14/10/2020,1630,1630,1610,1630,164180
15/10/2020,1630,1635,1565,1570,98570
16/10/2020,1570,1595,1570,1580,102987
19/10/2020,1595,1595,1570,1585,35750
20/10/2020,1580,1595,1550,1595,58631
21/10/2020,1595,1605,1555,1565,185442
22/10/2020,1570,1580,1555,1580,106501
23/10/2020,1590,1590,1570,1585,128914
26/10/2020,1585,1590,1570,1575,55037
27/10/2020,1560,1580,1535,1565,99490
02/11/2020,1545,1550,1485,1525,148788
03/11/2020,1545,1575,1530,1565,54121
04/11/2020,1565,1595,1550,1575,70017
05/11/2020,1595,1610,1590,1610,95111
06/11/2020,1630,1630,1610,1625,88965
09/11/2020,1630,1650,1625,1630,131689
10/11/2020,1650,1730,1640,1700,239665
11/11/2020,1725,1730,1675,1715,140342
12/11/2020,1715,1720,1690,1720,93125
13/11/2020,1710,1780,1700,1755,93590
16/11/2020,1760,1765,1720,1725,76437
17/11/2020,1725,1730,1675,1690,205254
18/11/2020,1695,1745,1680,1745,192250
19/11/2020,1745,1745,1690,1690,116165
20/11/2020,1690,1700,1625,1635,209169
23/11/2020,1645,1680,1645,1680,159542
24/11/2020,1690,1730,1690,1725,242191
25/11/2020,1735,1745,1700,1710,110268
26/11/2020,1710,1715,1680,1695,73212
27/11/2020,1695,1700,1650,1660,275774
30/11/2020,1660,1670,1580,1585,540919
01/12/2020,1600,1655,1600,1640,207024
02/12/2020,1650,1660,1630,1650,173165
03/12/2020,1650,1655,1630,1650,131468
04/12/2020,1650,1650,1620,1625,95836
07/12/2020,1630,1650,1625,1630,144145
08/12/2020,1635,1645,1615,1635,176877
10/12/2020,1655,1680,1635,1680,300320
11/12/2020,1680,1705,1670,1705,432875
14/12/2020,1710,1810,1710,1810,457717
15/12/2020,1815,1830,1760,1810,285318
16/12/2020,1830,1840,1800,1805,225943
17/12/2020,1825,1835,1770,1810,300288
18/12/2020,1810,1850,1775,1850,137561
21/12/2020,1850,1850,1800,1830,92405
22/12/2020,1800,1815,1705,1745,213851
23/12/2020,1745,1790,1660,1780,206965
28/12/2020,1795,1805,1755,1785,81040
29/12/2020,1800,1800,1735,1800,62387
30/12/2020,1740,1775,1705,1715,152346
04/01/2021,1715,1745,1670,1700,121916
05/01/2021,1700,1760,1675,1760,197424
06/01/2021,1760,1780,1690,1730,144647
07/01/2021,1760,1800,1735,1780,136806
08/01/2021,1800,1810,1780,1800,133767
11/01/2021,1800,1810,1750,1760,197481
12/01/2021,1760,1790,1750,1755,105939
13/01/2021,1760,1775,1735,1760,71379
14/01/2021,1770,1800,1725,1725,251599
15/01/2021,1725,1770,1725,1740,188543
18/01/2021,1755,1775,1730,1755,163772
19/01/2021,1775,1775,1725,1740,104400
20/01/2021,1755,1760,1710,1745,182089
21/01/2021,1750,1760,1680,1685,195072
22/01/2021,1685,1690,1590,1595,381444
25/01/2021,1595,1645,1535,1630,343184
26/01/2021,1630,1635,1580,1620,435449
27/01/2021,1620,1620,1580,1595,258233
28/01/2021,1590,1645,1585,1630,286452
29/01/2021,1645,1655,1535,1560,536773
01/02/2021,1560,1610,1550,1605,315470
02/02/2021,1620,1640,1605,1615,370908
03/02/2021,1635,1690,1625,1650,333770
04/02/2021,1665,1690,1625,1670,95682
05/02/2021,1650,1670,1630,1635,63364
08/02/2021,1665,1720,1650,1685,166290
09/02/2021,1700,1710,1635,1670,109132
10/02/2021,1645,1645,1560,1610,573039
11/02/2021,1600,1605,1565,1570,364438
15/02/2021,1575,1600,1550,1600,380474
16/02/2021,1610,1615,1580,1585,192895
17/02/2021,1590,1630,1585,1625,293244
18/02/2021,1630,1635,1600,1600,242906
19/02/2021,1600,1610,1585,1600,171517
22/02/2021,1605,1620,1595,1610,111301
23/02/2021,1625,1645,1605,1645,94342
24/02/2021,1650,1655,1620,1630,213648
25/02/2021,1625,1630,1565,1565,812876
26/02/2021,1555,1585,1525,1525,5081423
01/03/2021,1540,1545,1500,1525,1237638
02/03/2021,1530,1575,1525,1550,1277333
03/03/2021,1555,1575,1535,1550,1078292
04/03/2021,1550,1575,1530,1570,447688
05/03/2021,1570,1585,1555,1565,476894
08/03/2021,1575,1580,1560,1565,296763
09/03/2021,1580,1620,1565,1605,526492
10/03/2021,1620,1630,1595,1605,237175
12/03/2021,1610,1615,1580,1595,260111
15/03/2021,1605,1650,1605,1615,174438
16/03/2021,1620,1625,1565,1575,142586
17/03/2021,1565,1580,1510,1515,462663
18/03/2021,1525,1530,1500,1530,723221
19/03/2021,1530,1580,1505,1570,585708
22/03/2021,1575,1590,1560,1575,274861
23/03/2021,1580,1585,1545,1560,124569
24/03/2021,1540,1560,1535,1545,135241
25/03/2021,1525,1540,1505,1520,82142
26/03/2021,1520,1535,1515,1530,301750
29/03/2021,1535,1550,1530,1540,179573
30/03/2021,1550,1565,1540,1565,171520
31/03/2021,1570,1570,1515,1525,170863
01/04/2021,1520,1560,1515,1560,94949
05/04/2021,1575,1575,1535,1565,57093
06/04/2021,1560,1585,1545,1585,88099
07/04/2021,1590,1590,1560,1565,63099
08/04/2021,1555,1565,1510,1515,345210
09/04/2021,1515,1525,1505,1505,259137
12/04/2021,1515,1515,1425,1450,476864
13/04/2021,1450,1450,1360,1405,474508
14/04/2021,1405,1440,1400,1420,548582
15/04/2021,1425,1480,1425,1465,370569
16/04/2021,1490,1525,1480,1515,410223
19/04/2021,1520,1520,1465,1480,226999
20/04/2021,1480,1530,1480,1525,203916
21/04/2021,1525,1525,1475,1485,80100
22/04/2021,1475,1495,1450,1455,88312
23/04/2021,1470,1490,1460,1480,113976
26/04/2021,1490,1500,1480,1490,116182
27/04/2021,1500,1515,1475,1485,186367
28/04/2021,1485,1485,1450,1475,223689
29/04/2021,1485,1485,1470,1485,143834
30/04/2021,1485,1485,1455,1480,81663
03/05/2021,1480,1495,1460,1480,65288
04/05/2021,1480,1485,1445,1455,192143
05/05/2021,1455,1470,1450,1455,86350
06/05/2021,1460,1475,1455,1470,73929
07/05/2021,1480,1490,1465,1480,104892
10/05/2021,1480,1480,1455,1475,56107
11/05/2021,1475,1480,1465,1480,72209
17/05/2021,1475,1480,1415,1425,150538
18/05/2021,1435,1450,1420,1450,73472
19/05/2021,1450,1470,1445,1465,80365
20/05/2021,1450,1470,1445,1460,93336
21/05/2021,1470,1470,1430,1440,49944
24/05/2021,1440,1445,1415,1420,24312
25/05/2021,1425,1435,1400,1410,75558
27/05/2021,1425,1470,1415,1470,132637
28/05/2021,1470,1490,1445,1490,156690
31/05/2021,1490,1505,1480,1495,114783
02/06/2021,1510,1550,1505,1530,210668
03/06/2021,1540,1560,1530,1550,121868
04/06/2021,1555,1575,1525,1535,154431
07/06/2021,1535,1545,1485,1495,100503
08/06/2021,1485,1490,1435,1445,114780
09/06/2021,1445,1445,1410,1415,287956
10/06/2021,1420,1445,1415,1415,176198
11/06/2021,1415,1430,1410,1415,102068
14/06/2021,1415,1430,1380,1395,212414
15/06/2021,1395,1400,1365,1370,169662
16/06/2021,1370,1390,1365,1380,141661
17/06/2021,1380,1400,1375,1395,166803
18/06/2021,1385,1385,1315,1355,256111
21/06/2021,1335,1355,1275,1315,225962
22/06/2021,1340,1360,1330,1340,64669
23/06/2021,1340,1360,1335,1340,76623
24/06/2021,1345,1350,1315,1330,152807
25/06/2021,1330,1340,1295,1335,153353
28/06/2021,1335,1335,1280,1300,121890
29/06/2021,1300,1300,1255,1270,167760
30/06/2021,1270,1275,1235,1250,224737
01/07/2021,1250,1265,1235,1250,62392
02/07/2021,1270,1330,1260,1325,244550
05/07/2021,1340,1420,1335,1420,209593
06/07/2021,1425,1490,1425,1485,271459
07/07/2021,1500,1600,1500,1565,426709
08/07/2021,1570,1585,1540,1570,282502
09/07/2021,1570,1570,1505,1545,106359
12/07/2021,1555,1570,1540,1560,166138
13/07/2021,1560,1565,1525,1540,64587
14/07/2021,1535,1535,1445,1470,252431
15/07/2021,1465,1505,1445,1465,129545
16/07/2021,1465,1470,1405,1420,172838
19/07/2021,1425,1425,1375,1390,141362
21/07/2021,1390,1400,1370,1380,111526
22/07/2021,1375,1390,1345,1350,207493
23/07/2021,1350,1355,1330,1330,84477
26/07/2021,1335,1350,1315,1320,105980
27/07/2021,1320,1330,1285,1305,137047
28/07/2021,1305,1305,1280,1290,106739
29/07/2021,1285,1340,1280,1325,290771
30/07/2021,1340,1340,1300,1320,147130
02/08/2021,1320,1325,1290,1305,90380
03/08/2021,1305,1335,1300,1325,571439
04/08/2021,1335,1405,1335,1365,646042
05/08/2021,1365,1385,1345,1350,203762
06/08/2021,1370,1370,1315,1335,69703
09/08/2021,1340,1375,1335,1360,73245
10/08/2021,1370,1485,1365,1455,405369
12/08/2021,1470,1515,1470,1495,256478
13/08/2021,1505,1505,1430,1455,140087
16/08/2021,1485,1535,1460,1500,158613
18/08/2021,1505,1535,1480,1500,125633
19/08/2021,1500,1500,1420,1450,69325
20/08/2021,1445,1495,1410,1470,64612
23/08/2021,1460,1500,1450,1485,50634
24/08/2021,1500,1500,1415,1430,36798
25/08/2021,1430,1450,1395,1410,36733
26/08/2021,1405,1410,1370,1395,106772
27/08/2021,1380,1395,1375,1380,77327
30/08/2021,1410,1440,1395,1425,155221
31/08/2021,1430,1435,1375,1390,164398
01/09/2021,1395,1420,1380,1410,114330
02/09/2021,1410,1420,1380,1380,55387
03/09/2021,1380,1390,1370,1375,78304
06/09/2021,1380,1415,1380,1400,117137
07/09/2021,1410,1415,1385,1400,60328
08/09/2021,1410,1410,1390,1410,82648
09/09/2021,1410,1415,1390,1400,71978
10/09/2021,1400,1405,1380,1380,65387
13/09/2021,1380,1390,1380,1385,33008
14/09/2021,1385,1410,1385,1395,97259
15/09/2021,1395,1400,1375,1380,59584
16/09/2021,1380,1385,1375,1375,43683
17/09/2021,1375,1385,1350,1350,165311
20/09/2021,1355,1355,1310,1310,112363
21/09/2021,1310,1320,1295,1300,87646
22/09/2021,1300,1335,1295,1310,189526
23/09/2021,1310,1325,1295,1305,110658
24/09/2021,1305,1310,1285,1290,184721
27/09/2021,1290,1295,1255,1255,225740
28/09/2021,1260,1275,1250,1265,250408
29/09/2021,1265,1270,1255,1260,170738
30/09/2021,1265,1280,1260,1270,193854
01/10/2021,1270,1270,1255,1260,261302
04/10/2021,1260,1330,1260,1305,842657
05/10/2021,1310,1375,1275,1375,671256
06/10/2021,1380,1445,1345,1410,782327
07/10/2021,1415,1465,1375,1450,505691
08/10/2021,1450,1450,1380,1420,402641
11/10/2021,1420,1425,1360,1405,348719
12/10/2021,1390,1420,1380,1405,327445
13/10/2021,1400,1425,1400,1410,124866
14/10/2021,1410,1450,1410,1420,222945
15/10/2021,1445,1445,1400,1405,167246
18/10/2021,1410,1495,1410,1475,331177
19/10/2021,1475,1490,1430,1445,134546
21/10/2021,1440,1455,1400,1455,251262
22/10/2021,1455,1455,1405,1415,220401
25/10/2021,1420,1420,1405,1410,54350
26/10/2021,1415,1420,1400,1405,51423
27/10/2021,1405,1420,1405,1410,89653
28/10/2021,1420,1430,1380,1410,219931
29/10/2021,1425,1430,1405,1410,58496
01/11/2021,1405,1440,1405,1425,86486
02/11/2021,1425,1435,1385,1400,50848
03/11/2021,1400,1425,1390,1425,61404
04/11/2021,1425,1445,1410,1445,112422
05/11/2021,1445,1490,1425,1490,176653
08/11/2021,1490,1500,1455,1470,71998
09/11/2021,1495,1495,1465,1475,108500
10/11/2021,1480,1480,1430,1445,82300
11/11/2021,1445,1450,1405,1415,156752
12/11/2021,1415,1415,1395,1395,63076
15/11/2021,1395,1415,1395,1400,73023
16/11/2021,1400,1410,1360,1370,166598
17/11/2021,1360,1375,1325,1330,263239
18/11/2021,1330,1370,1330,1355,250665
19/11/2021,1360,1365,1345,1355,86558
22/11/2021,1365,1380,1355,1375,153205
23/11/2021,1375,1405,1370,1400,141610
24/11/2021,1400,1415,1385,1410,178005
25/11/2021,1415,1420,1410,1415,90679
26/11/2021,1415,1415,1380,1385,129720
29/11/2021,1365,1395,1365,1365,178540
30/11/2021,1365,1375,1300,1305,264704
01/12/2021,1300,1320,1260,1270,224995
02/12/2021,1270,1270,1220,1225,614187
03/12/2021,1235,1235,1190,1220,401597
06/12/2021,1230,1260,1225,1260,442482
07/12/2021,1275,1305,1265,1295,233029
08/12/2021,1305,1305,1260,1275,141690
09/12/2021,1285,1285,1260,1260,44390
10/12/2021,1260,1260,1245,1245,122689
13/12/2021,1250,1290,1245,1280,187006
14/12/2021,1280,1320,1280,1305,265194
15/12/2021,1310,1340,1290,1320,232785
16/12/2021,1320,1335,1260,1265,136026
17/12/2021,1265,1305,1255,1255,184902
20/12/2021,1255,1300,1255,1290,138912
21/12/2021,1290,1310,1275,1300,64539
22/12/2021,1310,1320,1295,1305,26339
23/12/2021,1305,1310,1285,1310,44654
24/12/2021,1315,1320,1300,1320,44206
27/12/2021,1320,1330,1285,1285,41095
28/12/2021,1300,1300,1275,1280,27982
29/12/2021,1280,1295,1265,1265,55856
30/12/2021,1265,1280,1255,1280,113813
03/01/2022,1285,1385,1285,1380,270122
04/01/2022,1380,1380,1345,1365,77870
05/01/2022,1365,1395,1350,1385,198452
06/01/2022,1380,1385,1335,1360,100759
07/01/2022,1370,1390,1350,1380,123959
10/01/2022,1380,1390,1365,1385,68330
11/01/2022,1385,1390,1315,1315,112714
12/01/2022,1330,1360,1300,1325,176728
13/01/2022,1325,1370,1325,1355,120944
14/01/2022,1355,1370,1345,1370,60631
17/01/2022,1370,1375,1345,1350,40471
18/01/2022,1350,1370,1335,1345,68302
19/01/2022,1345,1350,1310,1340,70901
20/01/2022,1340,1340,1300,1300,97909
21/01/2022,1290,1300,1270,1275,133786
24/01/2022,1280,1295,1270,1270,77323
25/01/2022,1270,1285,1250,1250,223960
26/01/2022,1250,1255,1190,1200,348259
27/01/2022,1210,1255,1200,1255,194167
28/01/2022,1260,1270,1245,1260,91327
31/01/2022,1260,1265,1220,1235,163808
02/02/2022,1240,1290,1235,1270,178803
03/02/2022,1270,1275,1255,1255,54681
04/02/2022,1260,1300,1260,1285,74602
07/02/2022,1305,1305,1270,1275,88420
08/02/2022,1260,1285,1245,1245,156392
09/02/2022,1250,1250,1215,1220,142246
10/02/2022,1220,1240,1210,1230,122340
11/02/2022,1230,1240,1220,1220,62434
14/02/2022,1225,1230,1210,1210,63884
15/02/2022,1215,1255,1215,1245,104473
16/02/2022,1245,1255,1235,1245,122545
17/02/2022,1245,1255,1215,1225,175969
18/02/2022,1225,1260,1215,1245,130448
21/02/2022,1245,1245,1205,1205,335710
22/02/2022,1210,1215,1160,1165,587666
23/02/2022,1165,1170,1115,1120,546379
24/02/2022,1120,1120,1060,1060,754012
25/02/2022,1060,1090,1055,1070,494094
01/03/2022,1070,1110,1070,1110,428625
02/03/2022,1110,1110,1060,1060,368836
04/03/2022,1060,1070,1015,1025,307593
07/03/2022,1025,1035,955,960,642006
08/03/2022,965,1015,935,995,537734
09/03/2022,995,1050,995,1045,394359
10/03/2022,1045,1115,1045,1110,794693
11/03/2022,1110,1110,1060,1095,338225
14/03/2022,1095,1105,1075,1100,154738
15/03/2022,1120,1125,1035,1060,471575
16/03/2022,1060,1070,1015,1045,255747
17/03/2022,1045,1070,1030,1060,323462
18/03/2022,1060,1070,1000,1000,513217
21/03/2022,1000,1025,1000,1005,496669
22/03/2022,1005,1020,995,995,382406
23/03/2022,995,1010,970,990,521441
24/03/2022,990,1010,985,995,644720
25/03/2022,995,1025,995,1005,340342
28/03/2022,1015,1015,1000,1015,194435
29/03/2022,1015,1035,1015,1025,234866
30/03/2022,1025,1060,1020,1025,562145
31/03/2022,1030,1035,1005,1025,226319
01/04/2022,1025,1095,1025,1075,686849
04/04/2022,1085,1120,1075,1110,436409
05/04/2022,1110,1110,1070,1075,236964
06/04/2022,1075,1090,1065,1075,244789
07/04/2022,1075,1110,1070,1095,352239
08/04/2022,1115,1115,1080,1085,280819
11/04/2022,1085,1100,1050,1065,264866
12/04/2022,1065,1175,1060,1160,1024810
13/04/2022,1155,1175,1130,1170,585104
14/04/2022,1180,1185,1125,1145,482541
18/04/2022,1150,1155,1125,1145,326422
19/04/2022,1145,1150,1070,1075,981088
20/04/2022,1075,1120,1070,1095,546222
21/04/2022,1100,1100,1070,1075,339166
22/04/2022,1075,1075,1035,1065,343716
25/04/2022,1065,1070,1045,1050,319243
26/04/2022,1050,1055,1020,1040,198897
27/04/2022,1040,1045,1020,1030,129386
28/04/2022,1030,1055,1025,1045,213205
09/05/2022,1045,1045,985,990,468629
10/05/2022,990,1025,955,995,441337
11/05/2022,1005,1035,1000,1025,313720
12/05/2022,1030,1035,970,970,269152
13/05/2022,970,1010,960,990,440095
17/05/2022,1000,1025,1000,1015,226364
18/05/2022,1015,1030,1000,1015,127302
19/05/2022,1010,1020,980,1020,573251
20/05/2022,1020,1025,990,1010,285168
23/05/2022,1010,1025,985,995,657132
24/05/2022,990,995,960,975,542777
25/05/2022,1025,1025,975,980,282186
27/05/2022,980,1000,975,985,307282
30/05/2022,990,1010,980,1000,360368
31/05/2022,1010,1010,960,960,382535
02/06/2022,980,1000,970,985,318032
03/06/2022,985,1010,985,1000,187738
06/06/2022,1000,1005,970,980,324351
07/06/2022,990,990,980,990,83152
08/06/2022,990,990,975,985,189953
09/06/2022,985,990,930,945,1308516
10/06/2022,945,945,910,915,573212
13/06/2022,875,915,875,880,335761
14/06/2022,900,905,875,885,292330
15/06/2022,885,890,860,860,292062
16/06/2022,860,885,850,850,506148
17/06/2022,835,840,800,805,820392
20/06/2022,765,815,750,775,1374313
21/06/2022,775,800,760,765,1024264
22/06/2022,720,785,720,770,692489
23/06/2022,770,780,760,770,323402
24/06/2022,770,810,770,780,841888
27/06/2022,785,805,780,800,398742
28/06/2022,800,805,780,790,316741
29/06/2022,790,795,775,785,285183
30/06/2022,785,795,770,770,293168
01/07/2022,770,785,770,775,245032
04/07/2022,775,780,725,725,719095
05/07/2022,720,760,720,750,343351
06/07/2022,750,760,740,755,252934
07/07/2022,755,775,755,765,184854
08/07/2022,765,800,765,795,273797
11/07/2022,805,805,760,775,373933
12/07/2022,775,780,765,770,119201
13/07/2022,770,780,750,750,208006
14/07/2022,740,760,735,745,227484
15/07/2022,745,765,740,745,255939
18/07/2022,750,755,730,730,249539
19/07/2022,730,760,705,755,252739
20/07/2022,760,770,740,740,375379
21/07/2022,745,750,725,730,570414
22/07/2022,730,735,715,720,865187
25/07/2022,725,730,710,715,536919
26/07/2022,720,725,700,700,787482
27/07/2022,705,710,685,710,528402
28/07/2022,710,725,705,705,471405
29/07/2022,710,720,700,710,407282
01/08/2022,715,720,695,700,732281
02/08/2022,710,710,690,690,618859
03/08/2022,690,695,655,655,1300858
04/08/2022,665,665,650,650,947843
05/08/2022,660,705,650,690,1865431
08/08/2022,690,730,690,705,1372970
09/08/2022,710,730,710,715,808308
10/08/2022,715,730,710,720,710162
11/08/2022,720,730,705,720,622009
12/08/2022,725,745,720,740,683108
15/08/2022,740,765,725,730,753822
16/08/2022,725,740,715,735,699860
18/08/2022,735,740,715,720,712193
19/08/2022,720,745,720,745,711044
22/08/2022,740,760,735,750,691472
23/08/2022,755,760,740,760,497442
24/08/2022,760,780,755,765,472320
25/08/2022,765,765,745,745,425158
26/08/2022,750,750,735,740,317902
29/08/2022,740,740,720,720,289155
30/08/2022,720,735,720,725,197529
31/08/2022,730,730,700,720,553722
01/09/2022,725,735,715,720,226860
02/09/2022,720,720,700,705,394836
05/09/2022,705,705,665,665,1318386
06/09/2022,665,695,655,660,806600
07/09/2022,660,685,660,680,577079
08/09/2022,680,690,680,685,201773
09/09/2022,685,690,670,675,251664
12/09/2022,680,685,670,680,192077
13/09/2022,680,685,675,680,206780
14/09/2022,680,680,665,670,286782
15/09/2022,670,675,665,670,266385
16/09/2022,670,675,660,660,383301
19/09/2022,665,665,650,660,292714
20/09/2022,660,665,655,660,207814
21/09/2022,660,665,650,650,258828
22/09/2022,650,655,615,630,1239141
23/09/2022,630,640,620,625,350186
26/09/2022,625,650,615,650,326848
27/09/2022,660,660,635,650,271166
28/09/2022,650,650,630,635,104516
29/09/2022,640,655,630,640,263066
30/09/2022,640,640,605,610,506576
03/10/2022,610,615,600,605,117710
04/10/2022,605,620,605,615,154838
05/10/2022,615,630,610,615,136819
06/10/2022,615,620,610,615,116878
07/10/2022,615,620,605,610,93998
10/10/2022,610,615,580,585,409710
11/10/2022,590,600,575,585,176807
12/10/2022,585,590,545,545,949762
13/10/2022,545,545,510,510,1327320
14/10/2022,510,535,510,525,731429
17/10/2022,525,530,505,525,457962
18/10/2022,525,545,515,535,521571
19/10/2022,535,540,525,530,518102
20/10/2022,530,535,500,500,811370
21/10/2022,488,535,488,535,2103040
24/10/2022,545,555,535,540,2246399
25/10/2022,540,550,510,520,1071580
26/10/2022,492,550,492,535,1047470
27/10/2022,540,590,530,570,2189970
28/10/2022,575,595,555,560,960828
31/10/2022,560,575,550,565,519816
01/11/2022,560,575,555,565,489608
02/11/2022,570,595,565,590,875239
03/11/2022,590,610,575,580,1035200
04/11/2022,580,595,565,590,859463
07/11/2022,595,595,550,575,1495820
08/11/2022,580,580,565,570,343559
09/11/2022,570,570,560,565,306588
10/11/2022,560,570,555,555,273444
11/11/2022,565,570,550,560,628737
14/11/2022,560,570,555,555,558454
15/11/2022,555,565,535,535,854714
16/11/2022,535,555,530,535,392243
17/11/2022,540,560,540,555,473303
18/11/2022,555,575,555,570,495089
21/11/2022,570,580,555,555,487132
22/11/2022,555,565,535,540,594261
23/11/2022,540,550,535,545,375612
24/11/2022,545,550,540,540,303064
25/11/2022,540,545,535,540,204192
28/11/2022,540,550,535,540,257376
29/11/2022,540,545,515,520,983603
30/11/2022,520,525,496,500,1506840
01/12/2022,500,510,498,500,759609
02/12/2022,505,505,490,492,840343
05/12/2022,500,505,476,478,1088479
06/12/2022,476,478,460,460,841055
07/12/2022,466,466,440,442,793376
08/12/2022,442,454,436,442,1176045
09/12/2022,444,448,432,436,691216
12/12/2022,436,442,434,440,511973
13/12/2022,440,444,434,434,756129
14/12/2022,430,442,424,426,827011
15/12/2022,426,436,410,414,2527093
16/12/2022,414,420,398,398,2655468
19/12/2022,398,422,392,420,2407100
20/12/2022,420,438,416,430,1680760
21/12/2022,432,440,422,430,1104210
22/12/2022,434,496,432,486,3149992
23/12/2022,490,498,470,480,1834607
26/12/2022,480,520,480,500,2356838
27/12/2022,505,515,492,492,819748
28/12/2022,492,520,492,494,1679500
29/12/2022,494,505,486,496,639192
30/12/2022,498,510,494,496,870307
02/01/2023,496,510,496,510,441009
03/01/2023,510,550,510,510,2586166
04/01/2023,525,525,500,500,755526
05/01/2023,500,505,484,488,885327
06/01/2023,496,500,480,490,731177
09/01/2023,492,505,490,492,869782
10/01/2023,494,498,470,482,896185
11/01/2023,482,484,450,450,1110075
12/01/2023,450,470,442,466,743155
13/01/2023,464,470,444,450,744015
16/01/2023,452,456,440,440,495566
17/01/2023,442,446,432,436,871491
18/01/2023,436,446,436,440,707125
19/01/2023,438,442,426,430,1354259
20/01/2023,432,458,430,458,1195467
24/01/2023,478,478,444,450,1131123
25/01/2023,452,454,446,450,720835
26/01/2023,452,488,452,486,4045950
27/01/2023,486,520,484,496,4972268
30/01/2023,498,510,494,498,1099118
31/01/2023,498,515,490,490,1816206
01/02/2023,490,505,476,480,1798268
02/02/2023,482,505,482,494,2234967
03/02/2023,500,500,486,492,1276864
06/02/2023,494,510,490,498,1208736
07/02/2023,500,500,488,490,946172
08/02/2023,492,505,492,496,772744
09/02/2023,498,520,494,510,2311738
10/02/2023,515,515,492,505,1823897
13/02/2023,505,545,500,545,2292819
14/02/2023,550,565,530,540,1639285
15/02/2023,545,550,540,545,609865
16/02/2023,545,560,540,555,1242587
17/02/2023,560,565,530,540,1366421
20/02/2023,540,550,530,540,804578
21/02/2023,545,555,540,545,583139
22/02/2023,540,545,520,525,832086
23/02/2023,530,535,500,510,984682
24/02/2023,515,535,510,515,684016
27/02/2023,515,525,500,510,637652
28/02/2023,510,515,500,505,520019
01/03/2023,505,515,505,505,414377
02/03/2023,505,510,492,494,1009403
03/03/2023,494,510,486,496,1090663
06/03/2023,505,510,498,498,761492
07/03/2023,500,505,494,496,331997
08/03/2023,494,496,480,486,601352
09/03/2023,488,505,486,500,567355
10/03/2023,500,505,492,500,652628
13/03/2023,496,505,494,500,517202
14/03/2023,498,500,466,468,1698507
15/03/2023,472,482,436,456,1320624
16/03/2023,452,458,436,440,641819
17/03/2023,442,454,442,442,804217
20/03/2023,442,458,438,450,841669
21/03/2023,452,458,444,450,807201
24/03/2023,454,470,450,468,738554
27/03/2023,470,478,460,468,495439
28/03/2023,472,474,462,466,523125
29/03/2023,466,472,464,468,339442
30/03/2023,470,486,470,482,1077395
31/03/2023,484,490,474,478,742807
03/04/2023,480,490,480,480,567101
04/04/2023,480,486,472,474,380355
05/04/2023,474,480,464,464,562907
06/04/2023,468,470,450,452,916903
10/04/2023,454,456,440,444,682027
11/04/2023,444,452,442,444,755665
12/04/2023,448,454,446,452,874160
13/04/2023,452,454,444,446,604609
14/04/2023,446,450,444,446,363091
17/04/2023,446,452,432,440,731568
18/04/2023,442,444,438,440,286947
26/04/2023,440,444,438,442,355008
27/04/2023,444,448,440,446,402334
28/04/2023,446,454,446,450,626444
02/05/2023,450,452,442,444,580594
03/05/2023,444,456,444,450,765279
04/05/2023,450,466,448,464,1091120
05/05/2023,464,478,464,472,1746040
08/05/2023,476,525,476,510,3456086
09/05/2023,520,560,515,555,3200072
10/05/2023,560,560,535,550,1566210
11/05/2023,550,550,525,540,1029620
12/05/2023,540,550,530,535,838030
15/05/2023,535,565,535,565,1576946
16/05/2023,570,575,545,570,1831580
17/05/2023,570,600,560,595,2514076
19/05/2023,595,615,575,585,2095127
22/05/2023,585,635,580,630,2434960
23/05/2023,630,645,595,605,2149571
24/05/2023,605,625,600,615,1074814
25/05/2023,620,635,615,635,1010619
26/05/2023,640,655,635,655,1274121
29/05/2023,660,660,615,630,1178969
30/05/2023,635,635,615,620,648854
31/05/2023,625,640,600,630,1305564
05/06/2023,630,635,610,630,799176
06/06/2023,630,645,620,645,625493
07/06/2023,645,705,640,700,3177205
08/06/2023,700,710,665,680,1594160
09/06/2023,680,695,670,685,751206
12/06/2023,685,705,675,680,1089950
13/06/2023,680,685,630,645,1657600
14/06/2023,645,685,635,685,1343947
15/06/2023,690,700,660,660,1134944
16/06/2023,665,670,645,650,606942
19/06/2023,650,660,630,635,659091
20/06/2023,635,645,605,605,1415258
21/06/2023,610,700,610,690,2641334
22/06/2023,690,690,660,670,1248412
23/06/2023,670,680,660,670,448839
26/06/2023,670,690,670,680,436995
27/06/2023,680,685,670,675,404193
03/07/2023,675,690,670,670,393587
04/07/2023,670,685,640,655,2034451
05/07/2023,635,650,625,640,1154407
06/07/2023,645,665,635,655,725336
07/07/2023,655,745,640,720,3919563
10/07/2023,725,735,705,710,1205434
11/07/2023,710,725,705,710,611171
12/07/2023,715,735,715,725,815318
13/07/2023,730,730,700,715,819303
14/07/2023,715,730,710,720,635083
17/07/2023,720,765,720,755,1729611
18/07/2023,760,780,735,750,1291428
20/07/2023,750,795,695,695,4406140
21/07/2023,695,715,690,705,1137860
24/07/2023,710,745,710,735,1690221
25/07/2023,745,780,730,750,1557968
26/07/2023,755,765,735,740,658141
27/07/2023,745,755,735,755,504667
28/07/2023,760,765,735,735,475134
31/07/2023,735,745,715,720,476008
01/08/2023,715,730,675,675,1412877
02/08/2023,675,700,655,665,1045718
03/08/2023,670,695,670,690,648661
04/08/2023,695,700,680,680,370287
07/08/2023,690,735,690,730,1429414
08/08/2023,730,740,715,720,442120
09/08/2023,720,725,705,715,289451
10/08/2023,715,720,690,700,437477
11/08/2023,700,700,685,700,285983
14/08/2023,700,700,690,690,317507
15/08/2023,695,730,690,720,1315816
16/08/2023,720,730,710,715,401461
18/08/2023,715,730,710,710,373101
21/08/2023,710,745,710,730,1343806
22/08/2023,750,765,735,750,1100126
23/08/2023,750,760,730,755,855610
24/08/2023,760,770,755,760,828800
25/08/2023,765,765,745,750,296423
28/08/2023,755,775,750,760,550729
29/08/2023,765,770,750,755,307170
30/08/2023,760,765,750,755,302974
31/08/2023,755,755,730,730,330639
01/09/2023,730,740,710,740,397067
04/09/2023,740,750,730,740,195390
05/09/2023,740,740,730,730,154249
06/09/2023,730,750,715,725,543944
07/09/2023,725,735,720,720,322184
08/09/2023,725,730,715,720,245131
11/09/2023,730,755,720,755,791879
12/09/2023,760,760,735,750,487186
13/09/2023,750,760,745,745,274250
14/09/2023,745,750,735,735,191999
15/09/2023,735,745,725,730,327530
18/09/2023,735,795,730,795,2384866
19/09/2023,800,815,775,775,1312535
20/09/2023,775,810,770,790,700756
21/09/2023,800,810,780,800,618760
22/09/2023,795,800,785,790,327811
25/09/2023,795,800,780,790,207362
26/09/2023,790,795,730,760,850901
27/09/2023,760,765,745,755,273413
29/09/2023,755,765,745,750,368607
02/10/2023,755,790,755,785,496410
03/10/2023,785,790,770,775,498276
04/10/2023,775,775,750,750,647694
05/10/2023,750,780,745,760,500969
06/10/2023,760,770,755,765,292609
09/10/2023,765,770,760,765,343947
10/10/2023,770,790,770,780,576827
11/10/2023,785,790,775,780,230203
12/10/2023,780,810,780,805,1112753
13/10/2023,805,830,785,785,1189862
16/10/2023,785,810,775,805,630366
17/10/2023,805,815,785,800,572485
18/10/2023,800,805,785,800,679966
19/10/2023,800,810,765,790,903012
20/10/2023,790,805,780,795,311839
23/10/2023,810,845,805,825,1357074
24/10/2023,825,865,815,855,1283651
25/10/2023,855,890,855,875,770787
26/10/2023,875,880,825,870,1012380
27/10/2023,870,875,840,845,617769
30/10/2023,845,860,795,830,883263
31/10/2023,830,835,785,800,870390
01/11/2023,810,820,780,795,636145
02/11/2023,805,820,795,795,477784
03/11/2023,800,825,795,820,643406
06/11/2023,830,870,820,860,846482
07/11/2023,860,860,825,830,440336
08/11/2023,840,845,820,830,179455
09/11/2023,830,840,820,825,272531
10/11/2023,820,830,800,805,347321
13/11/2023,815,830,810,825,241823
14/11/2023,830,840,810,810,318277
15/11/2023,825,835,820,835,252786
16/11/2023,840,840,820,830,198275
17/11/2023,830,830,815,815,147955
20/11/2023,820,835,815,830,153521
21/11/2023,830,855,820,820,489999
22/11/2023,825,830,815,815,191685
23/11/2023,820,825,805,810,201698
24/11/2023,815,820,760,815,1031893
27/11/2023,815,815,795,800,233162
28/11/2023,805,810,770,775,766115
29/11/2023,780,785,750,770,874116
30/11/2023,770,775,740,755,883312
01/12/2023,760,760,730,735,964393
04/12/2023,730,750,720,720,719366
05/12/2023,720,730,690,710,1752421
06/12/2023,715,730,705,730,768023
07/12/2023,730,730,670,695,2034318
08/12/2023,695,710,690,695,568552
11/12/2023,700,700,685,690,303692
12/12/2023,690,710,685,685,520397
13/12/2023,690,690,665,680,844140
14/12/2023,685,700,680,680,499600
15/12/2023,685,690,675,685,518374
18/12/2023,695,740,690,715,2129226
19/12/2023,720,750,705,740,891370
20/12/2023,740,750,720,720,469344
21/12/2023,725,730,715,725,237791
22/12/2023,730,735,715,720,329866
27/12/2023,720,740,715,725,256889
28/12/2023,730,735,705,715,443925
29/12/2023,715,720,705,720,160909
02/01/2024,725,730,710,715,230844
03/01/2024,720,730,710,715,370763
04/01/2024,715,745,715,735,656585
05/01/2024,740,760,735,750,631826
08/01/2024,750,755,730,735,268620
09/01/2024,745,765,725,765,559304
10/01/2024,765,780,755,770,498529
11/01/2024,770,815,765,810,1107261
12/01/2024,810,815,790,810,441173
15/01/2024,810,815,795,810,493155
16/01/2024,810,815,800,810,317445
17/01/2024,810,810,790,800,381963
18/01/2024,800,805,790,800,305277
19/01/2024,800,810,780,800,579969
22/01/2024,800,815,790,810,538757
23/01/2024,815,825,805,825,711713
24/01/2024,825,835,815,825,558474
25/01/2024,830,835,825,825,425193
26/01/2024,825,835,810,820,381814
29/01/2024,820,835,815,835,445947
30/01/2024,835,835,820,830,285611
31/01/2024,830,850,825,850,678672
01/02/2024,850,865,835,855,743659
02/02/2024,855,855,810,820,540146
05/02/2024,820,825,800,810,418707
06/02/2024,820,845,815,830,332489
07/02/2024,835,845,820,830,283036
12/02/2024,830,830,810,815,308782
13/02/2024,815,825,810,820,192512
15/02/2024,825,830,815,825,163108
16/02/2024,825,825,765,775,825588
19/02/2024,775,795,760,760,421768
20/02/2024,760,795,760,785,755009
21/02/2024,790,795,775,795,536193
22/02/2024,800,850,800,835,931057
23/02/2024,835,845,830,840,289587
26/02/2024,840,860,840,850,345499
27/02/2024,855,855,835,835,289694
28/02/2024,845,845,830,830,151311
29/02/2024,830,845,820,835,319756
01/03/2024,840,845,820,825,127454
04/03/2024,830,830,810,820,179479
05/03/2024,820,825,805,805,146102
06/03/2024,810,820,800,800,341523
07/03/2024,805,830,805,820,287277
08/03/2024,820,835,820,825,349223
13/03/2024,830,850,830,835,443522
14/03/2024,835,845,820,840,286562
15/03/2024,840,845,830,835,146592
18/03/2024,835,845,825,825,166757
19/03/2024,825,855,825,845,324229
20/03/2024,850,945,850,930,3912722
21/03/2024,930,950,915,920,1883853
22/03/2024,925,935,910,915,407066
25/03/2024,910,945,900,930,413287
26/03/2024,930,930,910,925,313657
27/03/2024,925,930,905,910,254985
28/03/2024,910,915,880,880,416174
01/04/2024,880,910,855,910,609086
02/04/2024,910,965,910,955,1029075
03/04/2024,955,965,945,955,404246
04/04/2024,955,985,930,965,953533
05/04/2024,960,960,945,950,455860
16/04/2024,935,935,885,910,966574
17/04/2024,910,930,910,920,243205
18/04/2024,925,950,925,940,318648
19/04/2024,940,945,915,920,312539
22/04/2024,935,960,930,945,432517
23/04/2024,950,980,950,970,534863
24/04/2024,975,985,960,970,487200
25/04/2024,970,995,965,975,350944
26/04/2024,975,975,890,910,871094
29/04/2024,910,940,910,935,310568
30/04/2024,935,940,920,935,187455
02/05/2024,935,935,870,910,653162
03/05/2024,915,925,870,880,660924
06/05/2024,895,900,865,875,761233
07/05/2024,875,900,875,890,172410
08/05/2024,895,915,875,875,421929
13/05/2024,880,885,805,855,863196
14/05/2024,855,875,845,855,325747
15/05/2024,855,880,855,875,222503
16/05/2024,875,885,850,850,458500
17/05/2024,865,865,835,845,464046
20/05/2024,860,865,845,850,195600
21/05/2024,855,855,800,800,851802
22/05/2024,810,810,775,800,939853
27/05/2024,805,820,800,815,378084
28/05/2024,815,825,800,810,381726
29/05/2024,810,835,805,825,415797
30/05/2024,830,835,810,815,309389
31/05/2024,815,830,815,820,344997
03/06/2024,820,825,795,800,372195
04/06/2024,815,860,810,830,563874
05/06/2024,830,850,820,850,384974
06/06/2024,850,865,840,845,397254
07/06/2024,850,850,835,835,433340
10/06/2024,840,865,840,855,383931
11/06/2024,855,870,850,865,363564
12/06/2024,870,870,845,850,386700
13/06/2024,855,865,830,835,396066
14/06/2024,840,850,830,840,405283
19/06/2024,840,870,840,860,566164
20/06/2024,845,860,835,860,339418
21/06/2024,865,880,840,845,657580
24/06/2024,845,855,840,845,244854
25/06/2024,845,860,840,845,378489
26/06/2024,850,860,845,845,161640
27/06/2024,845,860,840,855,164571
28/06/2024,855,865,850,855,106396
01/07/2024,860,865,850,855,269807
02/07/2024,855,865,835,840,347017
03/07/2024,840,845,815,825,478508
04/07/2024,830,845,825,835,270467
05/07/2024,835,845,835,835,151524
08/07/2024,835,850,835,850,313653
09/07/2024,850,860,840,840,224295
10/07/2024,845,845,825,825,234875
11/07/2024,825,835,810,820,221652
12/07/2024,825,830,790,800,479813
15/07/2024,800,810,770,775,583330
16/07/2024,780,800,775,800,822719
17/07/2024,805,820,790,810,352837
18/07/2024,810,825,790,810,383759
19/07/2024,815,815,800,800,259961
22/07/2024,805,815,800,815,272337
23/07/2024,820,825,805,825,269429
24/07/2024,830,830,810,815,181005
25/07/2024,815,820,805,815,188887
26/07/2024,815,820,810,820,88460
29/07/2024,820,820,800,800,315539
30/07/2024,800,805,780,785,400333
31/07/2024,790,805,790,800,124814
01/08/2024,800,805,790,795,316565
02/08/2024,790,795,750,760,1377311
05/08/2024,750,765,710,725,681111
06/08/2024,725,745,720,735,734619
07/08/2024,735,745,730,735,430572
08/08/2024,735,740,715,720,524922
09/08/2024,725,735,720,720,554670
12/08/2024,725,730,710,720,562502
13/08/2024,725,750,725,740,469263
14/08/2024,750,760,735,755,638165
15/08/2024,755,760,730,735,381861
16/08/2024,740,750,730,735,501549
19/08/2024,735,735,715,720,783209
20/08/2024,725,740,720,735,633716
21/08/2024,735,735,720,730,436714
22/08/2024,730,730,710,720,719487
23/08/2024,720,730,720,725,203748
26/08/2024,725,730,710,720,581798
27/08/2024,725,735,715,735,489992
28/08/2024,740,745,720,730,689545
29/08/2024,730,740,720,730,531630
30/08/2024,730,730,715,715,308410
02/09/2024,715,730,715,715,215661
03/09/2024,720,725,715,720,399032
04/09/2024,715,735,715,730,478370
05/09/2024,730,800,730,795,2267609
06/09/2024,795,800,765,770,1153759
09/09/2024,770,770,750,750,636872
10/09/2024,750,800,750,780,1160515
11/09/2024,785,795,765,770,434998
12/09/2024,770,770,755,770,468889
13/09/2024,770,780,760,760,390754
17/09/2024,770,785,765,785,377734
18/09/2024,790,825,780,805,1078478
19/09/2024,810,825,790,820,628781
20/09/2024,830,895,820,880,1585540
23/09/2024,880,915,860,900,724927
24/09/2024,900,915,880,880,570898
25/09/2024,885,900,865,870,447071
26/09/2024,875,930,875,905,840530
27/09/2024,905,915,895,915,190413
30/09/2024,910,920,895,920,411704
01/10/2024,920,925,890,895,254683
02/10/2024,895,895,845,875,633778
03/10/2024,875,895,865,875,365376
04/10/2024,870,870,855,860,168806
07/10/2024,865,880,860,880,152596
08/10/2024,875,875,855,860,220930
09/10/2024,875,895,865,875,401845
10/10/2024,885,920,870,905,636096
11/10/2024,905,910,890,890,162055
14/10/2024,900,900,870,870,278327
15/10/2024,870,880,870,875,229289
16/10/2024,875,900,860,900,436546
17/10/2024,900,910,890,890,220693
18/10/2024,900,950,895,940,726165
21/10/2024,945,950,920,930,451674
22/10/2024,930,940,920,935,319567
23/10/2024,940,940,920,925,243866
24/10/2024,930,930,905,910,202958
25/10/2024,915,935,915,915,179317
28/10/2024,915,925,905,920,232905
29/10/2024,920,935,900,900,393354
30/10/2024,900,905,880,895,261726
31/10/2024,895,915,890,900,220552
01/11/2024,915,915,895,900,152416
04/11/2024,910,920,880,915,274569
05/11/2024,915,920,880,915,764881
06/11/2024,915,915,840,855,474952
07/11/2024,855,860,820,830,369991
08/11/2024,840,840,830,830,127157
11/11/2024,825,840,815,840,212195
12/11/2024,840,840,825,830,264368
13/11/2024,830,860,805,835,473065
14/11/2024,835,840,820,825,146503
15/11/2024,830,830,800,800,235611
18/11/2024,800,835,795,825,269928
19/11/2024,825,830,800,815,316899
20/11/2024,815,830,810,830,286013
21/11/2024,830,835,800,800,282556
22/11/2024,805,805,780,790,307415
25/11/2024,790,800,780,785,184624
26/11/2024,790,795,780,780,185477
28/11/2024,790,790,770,775,224669
29/11/2024,775,780,755,770,163257
02/12/2024,770,780,755,755,194164
03/12/2024,755,765,735,760,198584
04/12/2024,765,780,745,770,491369
05/12/2024,770,780,760,765,233556
06/12/2024,765,775,760,770,99747
09/12/2024,770,780,765,770,182565
10/12/2024,775,810,770,800,476640
11/12/2024,805,825,805,820,490797
12/12/2024,820,830,815,825,298862
13/12/2024,825,830,805,820,255263
16/12/2024,820,825,790,810,284946
17/12/2024,815,830,800,800,253221
18/12/2024,800,830,790,830,456166
19/12/2024,825,825,785,800,232793
20/12/2024,800,810,790,795,183343
23/12/2024,800,810,795,810,53011
24/12/2024,810,810,795,795,51059
27/12/2024,800,805,775,795,93510
30/12/2024,795,800,770,790,312284
02/01/2025,790,795,750,755,343952
03/01/2025,760,765,750,755,238931
06/01/2025,760,765,750,755,125416
07/01/2025,755,765,725,735,290197
08/01/2025,735,745,700,705,625399
09/01/2025,705,735,705,720,428941
10/01/2025,725,755,715,740,288546
13/01/2025,740,760,740,745,266366
14/01/2025,750,755,730,735,136340
15/01/2025,735,755,735,750,200148
16/01/2025,750,760,745,745,323401
17/01/2025,750,755,740,755,160403
20/01/2025,760,760,735,745,334625
21/01/2025,740,755,735,735,198319
22/01/2025,745,785,740,775,429319
23/01/2025,780,790,765,770,208988
24/01/2025,770,775,755,755,155064
30/01/2025,760,775,750,765,230465
31/01/2025,770,770,745,765,443436
03/02/2025,750,760,730,730,643104
04/02/2025,735,750,730,735,202784
05/02/2025,750,755,735,735,94826
06/02/2025,740,745,730,735,163339
07/02/2025,735,745,725,745,135681
10/02/2025,745,770,740,740,165887
11/02/2025,740,760,740,755,110207
12/02/2025,755,785,750,770,225563
13/02/2025,770,800,765,800,433219
14/02/2025,800,815,790,805,406100
17/02/2025,805,810,785,800,234052
18/02/2025,800,800,765,790,577238
19/02/2025,795,815,785,790,209241
20/02/2025,785,790,765,780,133925
21/02/2025,780,785,765,765,136136
24/02/2025,765,770,730,740,274002
25/02/2025,745,750,690,700,409938
26/02/2025,700,715,675,695,323540
27/02/2025,695,715,695,700,318722
28/02/2025,705,705,635,645,252897
03/03/2025,650,705,645,670,299512
04/03/2025,675,675,655,665,173914
05/03/2025,670,685,660,680,249329
06/03/2025,685,700,665,675,204764
07/03/2025,675,680,665,670,91563
10/03/2025,675,680,665,675,160605
11/03/2025,675,675,655,665,95588
12/03/2025,665,665,650,655,118051
13/03/2025,655,660,645,645,62317
14/03/2025,645,645,590,600,360459
17/03/2025,605,625,600,615,167767
18/03/2025,615,620,565,580,416342
19/03/2025,600,610,585,595,349679
20/03/2025,595,625,496,505,2046732
21/03/2025,520,540,492,500,1405397
24/03/2025,500,520,486,500,795409
25/03/2025,500,515,500,505,395721
26/03/2025,505,525,505,520,433243
27/03/2025,525,530,498,500,627885
08/04/2025,426,462,426,450,1244252
09/04/2025,450,476,446,462,878855
10/04/2025,484,510,478,500,1063483
11/04/2025,496,510,490,492,202406
14/04/2025,500,530,498,530,791714
15/04/2025,535,540,490,496,2157999
16/04/2025,496,500,484,488,728902
17/04/2025,482,486,466,472,2038264
21/04/2025,476,488,474,478,1001907
22/04/2025,480,492,480,484,999883
23/04/2025,492,510,490,505,1524614
24/04/2025,510,520,496,500,741702
25/04/2025,505,530,500,525,962961
28/04/2025,530,535,515,515,631468
29/04/2025,520,565,520,545,1669510
30/04/2025,545,550,535,535,473904
02/05/2025,525,530,500,520,1368745
05/05/2025,520,535,515,525,486244
06/05/2025,525,530,520,525,413269
07/05/2025,530,555,525,545,1065740
08/05/2025,550,550,520,525,731588
09/05/2025,525,535,520,525,313161
14/05/2025,530,550,530,545,536646
15/05/2025,550,555,535,535,697060
16/05/2025,530,545,500,510,2813756
19/05/2025,510,535,505,530,1080921
20/05/2025,535,545,515,525,720395
21/05/2025,525,535,515,525,854945
22/05/2025,525,610,525,595,2679032
23/05/2025,600,610,570,575,1169486
26/05/2025,580,590,565,580,676166
27/05/2025,595,600,585,590,996039
28/05/2025,590,595,570,575,673760
02/06/2025,575,575,540,550,963212
03/06/2025,550,560,540,550,491357
04/06/2025,550,555,535,545,303201
05/06/2025,545,550,535,535,322178
10/06/2025,535,550,535,545,270788
11/06/2025,545,555,535,555,350624
12/06/2025,555,560,540,545,530286
13/06/2025,545,545,530,530,395297
16/06/2025,530,535,515,525,443223
17/06/2025,530,550,530,540,493885
18/06/2025,545,550,535,540,310119
19/06/2025,545,545,515,520,715350
20/06/2025,525,530,510,515,586893
23/06/2025,515,520,496,496,645549
24/06/2025,498,520,498,510,465955
25/06/2025,515,525,510,515,519280
26/06/2025,484,498,480,494,888906
30/06/2025,500,505,494,496,346383
01/07/2025,496,500,492,494,184118
02/07/2025,498,498,486,488,239392
03/07/2025,490,494,480,488,398506
04/07/2025,488,492,482,486,131517
07/07/2025,488,488,482,484,70084
08/07/2025,486,488,480,486,180226
09/07/2025,488,515,484,510,752157
10/07/2025,515,515,500,505,433342
11/07/2025,505,510,500,505,211915
14/07/2025,505,505,486,486,462845
15/07/2025,488,496,486,490,251185
16/07/2025,492,496,490,492,203126
17/07/2025,494,505,490,492,565263
18/07/2025,492,496,490,490,219379
21/07/2025,490,494,482,482,471915
22/07/2025,484,484,470,472,802870
23/07/2025,472,478,470,474,372890
24/07/2025,474,484,474,476,500650
25/07/2025,476,482,472,474,302807
28/07/2025,476,478,470,472,432828
29/07/2025,472,482,470,478,444903
30/07/2025,482,482,472,474,254823
31/07/2025,474,478,470,470,296732
01/08/2025,470,476,470,472,384815
04/08/2025,472,478,470,476,331123
05/08/2025,476,486,472,484,524340
06/08/2025,488,490,480,484,414505
07/08/2025,486,488,482,482,283508
08/08/2025,482,482,472,474,291192
11/08/2025,472,480,470,476,548479
12/08/2025,476,484,476,478,507600
13/08/2025,480,494,480,480,988376
14/08/2025,482,484,476,482,919853
15/08/2025,482,484,472,472,610366
19/08/2025,472,474,458,458,1070599
20/08/2025,458,464,454,456,673068
21/08/2025,456,466,456,460,440218
22/08/2025,464,464,454,456,479233
25/08/2025,456,464,456,460,542224
26/08/2025,460,464,458,460,274248
27/08/2025,462,462,456,458,225233
28/08/2025,458,466,458,466,355858
29/08/2025,466,466,450,456,658470
01/09/2025,446,454,432,444,649927
02/09/2025,444,454,438,442,732197
03/09/2025,444,446,434,436,759549
04/09/2025,438,442,436,440,502093
08/09/2025,440,442,430,432,689988
09/09/2025,430,432,420,424,782113
10/09/2025,424,438,424,430,573052
11/09/2025,432,444,432,434,633644
12/09/2025,438,438,432,434,226934
15/09/2025,434,442,434,440,329436
16/09/2025,440,444,434,436,574490
17/09/2025,440,450,436,446,855599
18/09/2025,448,448,434,436,388499
19/09/2025,436,438,432,432,178023
22/09/2025,432,434,422,426,511877
23/09/2025,426,430,422,428,430413
24/09/2025,428,428,424,424,229717
25/09/2025,426,426,422,422,320088
26/09/2025,422,434,422,430,373416
29/09/2025,432,436,428,434,344631
30/09/2025,434,434,428,430,340097
01/10/2025,432,436,420,422,701702
02/10/2025,424,428,420,422,344125
03/10/2025,424,434,424,430,322461
06/10/2025,434,440,428,428,468501
07/10/2025,430,434,422,424,365887
08/10/2025,424,426,416,422,393617
09/10/2025,426,430,422,428,300313
10/10/2025,428,434,424,426,185993
13/10/2025,426,426,420,422,26761200
14/10/2025,422,424,416,418,42559300
15/10/2025,418,440,412,440,147185700
16/10/2025,438,438,420,420,88095800
17/10/2025,418,424,416,416,30971800
20/10/2025,418,430,418,424,30190200
21/10/2025,426,430,424,428,25930300
22/10/2025,430,458,426,444,193759400
23/10/2025,448,464,444,454,125388100
24/10/2025,456,458,444,444,53095300
27/10/2025,446,460,436,450,95923300
28/10/2025,454,460,448,450,43436400
29/10/2025,454,464,452,460,100680100
30/10/2025,460,464,454,456,45370800
31/10/2025,456,458,442,444,60801400
03/11/2025,444,450,440,446,45275800
04/11/2025,444,448,440,440,41163400
05/11/2025,440,446,436,440,41866000
06/11/2025,440,446,436,446,44090000
07/11/2025,446,464,446,458,93749800
10/11/2025,458,460,446,450,53140100
11/11/2025,452,452,438,438,76955500
12/11/2025,440,442,438,440,34622100
13/11/2025,442,442,436,436,33220400
14/11/2025,436,438,422,422,90182700
17/11/2025,422,432,422,430,38926200
18/11/2025,430,432,426,428,25657300
19/11/2025,428,432,428,430,18483100
20/11/2025,430,430,426,426,17467100
21/11/2025,426,428,422,424,39806000
24/11/2025,426,430,424,428,29206500
25/11/2025,428,428,418,420,60633200
26/11/2025,420,424,416,418,59849800
27/11/2025,418,420,416,420,37600400
28/11/2025,420,422,416,418,30341300
01/12/2025,418,422,416,416,69207600
02/12/2025,418,422,416,420,57481500
03/12/2025,420,422,416,420,26521800
04/12/2025,420,420,416,420,23636000
05/12/2025,420,420,418,420,16975600
08/12/2025,420,426,420,422,31871900
09/12/2025,422,424,418,420,23389400
10/12/2025,422,422,416,418,31660600
11/12/2025,418,422,414,416,50689000
12/12/2025,416,418,410,412,43712100
15/12/2025,412,414,402,412,39864000
16/12/2025,412,414,406,408,27751700
17/12/2025,408,416,408,412,28044800
18/12/2025,414,424,414,420,44864600
19/12/2025,422,422,416,416,22350500
22/12/2025,418,420,412,414,19759900
23/12/2025,414,418,410,412,22333200
24/12/2025,412,418,410,412,24983300
29/12/2025,414,416,410,412,153731
30/12/2025,412,414,408,410,190750
02/01/2026,408,414,408,410,201543
05/01/2026,410,416,410,412,283371
06/01/2026,412,416,412,416,238315
07/01/2026,416,420,412,412,290162
08/01/2026,412,418,412,412,275690
09/01/2026,414,416,412,414,147949
12/01/2026,414,416,410,412,289611
13/01/2026,412,414,408,410,231842
14/01/2026,410,412,408,410,334898
15/01/2026,410,414,410,412,233271
19/01/2026,414,416,412,416,277392
21/01/2026,418,420,408,412,453108
22/01/2026,412,416,408,416,246188
23/01/2026,416,418,410,414,197556
26/01/2026,414,414,410,412,231408
27/01/2026,410,412,408,410,304527
28/01/2026,408,410,390,394,1120231
29/01/2026,392,400,352,394,973203
30/01/2026,394,404,394,400,248852
02/02/2026,400,406,396,396,270479
03/02/2026,396,402,390,400,303430
04/02/2026,400,402,396,398,208330
05/02/2026,400,408,398,406,301712
06/02/2026,404,410,398,404,332476
09/02/2026,406,406,400,404,216831
10/02/2026,404,408,402,406,190797
11/02/2026,404,410,400,408,365586
12/02/2026,406,406,400,402,174039
13/02/2026,402,402,398,398,263059
18/02/2026,400,402,396,400,245513
