Date,Open,High,Low,Close,Volume
16/07/2008,1500,1760,1500,1730,7897860
17/07/2008,1760,1760,1700,1700,3836020
18/07/2008,1690,1700,1640,1640,953960
21/07/2008,1650,1690,1640,1680,497490
22/07/2008,1680,1690,1660,1670,295855
23/07/2008,1670,1670,1650,1660,420750
24/07/2008,1650,1650,1610,1630,745950
25/07/2008,1630,1650,1600,1630,763575
28/07/2008,1630,1680,1620,1670,757325
29/07/2008,1660,1690,1650,1680,491735
31/07/2008,1680,1710,1680,1690,423815
01/08/2008,1680,1680,1620,1630,784785
04/08/2008,1610,1630,1590,1590,438370
05/08/2008,1570,1580,1540,1550,502445
06/08/2008,1550,1570,1540,1540,485455
07/08/2008,1540,1570,1540,1560,509995
08/08/2008,1570,1600,1560,1600,393605
11/08/2008,1600,1600,1540,1540,390790
12/08/2008,1540,1560,1510,1510,384310
13/08/2008,1500,1510,1500,1500,280725
14/08/2008,1510,1540,1510,1520,332050
15/08/2008,1540,1540,1510,1530,249600
19/08/2008,1510,1510,1490,1490,250065
20/08/2008,1500,1540,1490,1530,396920
21/08/2008,1540,1540,1530,1530,287905
22/08/2008,1550,1570,1550,1560,273940
25/08/2008,1520,1550,1520,1540,297530
26/08/2008,1540,1560,1530,1540,286390
27/08/2008,1540,1540,1530,1530,233235
28/08/2008,1540,1540,1530,1530,294185
29/08/2008,1540,1550,1530,1540,266300
01/09/2008,1540,1550,1530,1530,210115
02/09/2008,1520,1520,1500,1510,269715
03/09/2008,1500,1510,1480,1480,256620
04/09/2008,1480,1490,1470,1490,200800
05/09/2008,1470,1470,1440,1450,302590
08/09/2008,1460,1480,1450,1450,259480
09/09/2008,1450,1450,1400,1410,498515
10/09/2008,1380,1410,1340,1410,358190
11/09/2008,1410,1410,1390,1400,199400
12/09/2008,1400,1400,1380,1390,176195
15/09/2008,1380,1390,1360,1360,253710
16/09/2008,1270,1340,1240,1320,446735
17/09/2008,1340,1380,1330,1350,454755
18/09/2008,1300,1430,1300,1430,503990
19/09/2008,1450,1530,1440,1510,1100960
22/09/2008,1530,1540,1510,1510,188095
23/09/2008,1520,1540,1510,1510,276515
24/09/2008,1510,1510,1500,1510,189740
25/09/2008,1510,1510,1490,1490,309225
26/09/2008,1490,1490,1430,1440,711040
06/10/2008,1350,1350,1190,1210,344645
07/10/2008,1100,1100,980,1000,44665
08/10/2008,900,910,780,810,13020
13/10/2008,810,810,730,730,229345
14/10/2008,730,730,730,730,0
15/10/2008,730,730,730,730,0
16/10/2008,750,800,660,740,717920
17/10/2008,770,770,720,740,177540
20/10/2008,740,800,710,790,275465
21/10/2008,800,830,760,760,77400
22/10/2008,750,750,710,730,51290
23/10/2008,700,710,680,690,72750
24/10/2008,690,700,630,700,94260
27/10/2008,630,640,630,630,34560
28/10/2008,570,600,570,570,217280
29/10/2008,600,600,520,520,172070
30/10/2008,530,570,490,570,557045
31/10/2008,570,680,540,680,401840
03/11/2008,710,810,710,810,372150
04/11/2008,850,850,770,810,203800
05/11/2008,830,850,760,770,214265
06/11/2008,700,700,700,700,13580
07/11/2008,630,670,630,660,407425
10/11/2008,680,690,620,620,82450
11/11/2008,620,660,600,640,122070
12/11/2008,640,650,610,640,63430
13/11/2008,620,620,580,580,134075
14/11/2008,610,610,560,560,91240
17/11/2008,560,560,530,530,18665
18/11/2008,500,520,480,520,118690
19/11/2008,510,510,480,500,69240
20/11/2008,470,500,470,490,58320
21/11/2008,470,485,460,480,218850
24/11/2008,470,485,465,470,39960
25/11/2008,480,500,470,480,276905
26/11/2008,490,550,485,530,434480
27/11/2008,540,570,480,500,205490
28/11/2008,490,530,490,520,196480
01/12/2008,520,540,500,510,133965
02/12/2008,470,480,460,470,129170
03/12/2008,480,485,465,470,52680
04/12/2008,480,500,480,495,129230
05/12/2008,490,490,470,475,137780
09/12/2008,490,505,485,490,112170
10/12/2008,490,530,480,520,334660
11/12/2008,520,550,510,530,600310
12/12/2008,510,530,490,500,244315
15/12/2008,520,540,490,490,467235
16/12/2008,500,505,490,500,82610
17/12/2008,510,520,500,510,171970
18/12/2008,500,510,490,500,177040
19/12/2008,500,500,480,480,109670
22/12/2008,490,495,475,485,50120
23/12/2008,485,490,480,485,18565
24/12/2008,485,500,485,490,28230
30/12/2008,485,495,485,485,26910
05/01/2009,490,520,485,520,148245
06/01/2009,520,540,510,510,117815
07/01/2009,510,550,510,520,270355
08/01/2009,510,510,500,500,21300
09/01/2009,510,520,510,510,16980
12/01/2009,520,580,510,550,246875
13/01/2009,550,660,540,660,1223310
14/01/2009,680,750,660,680,1188020
15/01/2009,660,690,620,660,380345
16/01/2009,670,700,650,670,264625
19/01/2009,680,680,640,650,85795
20/01/2009,630,650,610,630,269610
21/01/2009,620,680,600,640,320710
22/01/2009,670,670,630,640,76620
23/01/2009,630,640,620,640,36965
27/01/2009,650,690,650,690,212925
28/01/2009,690,690,680,690,68895
29/01/2009,700,740,700,720,750270
30/01/2009,710,760,710,740,317440
02/02/2009,740,750,710,730,162300
03/02/2009,730,740,710,730,72225
04/02/2009,730,770,730,770,281125
05/02/2009,780,830,770,820,1053370
06/02/2009,840,870,830,870,620250
09/02/2009,880,890,820,830,153235
10/02/2009,830,870,810,850,122500
11/02/2009,830,870,830,860,124230
12/02/2009,860,860,830,850,56820
13/02/2009,850,850,830,840,64250
16/02/2009,840,850,820,830,39420
17/02/2009,830,830,790,800,66050
18/02/2009,790,830,770,820,118940
19/02/2009,820,820,800,810,69765
20/02/2009,810,820,770,790,108475
23/02/2009,800,820,780,800,149140
24/02/2009,790,790,760,780,84085
25/02/2009,790,790,770,780,56695
26/02/2009,790,790,760,770,66375
27/02/2009,780,790,770,770,40590
02/03/2009,770,780,730,730,51015
03/03/2009,710,740,710,720,58555
04/03/2009,720,760,720,760,79485
05/03/2009,770,800,760,760,223165
06/03/2009,750,770,750,750,16500
10/03/2009,760,780,760,770,20725
11/03/2009,780,790,770,770,102490
12/03/2009,770,790,760,770,39555
13/03/2009,780,790,770,770,49760
16/03/2009,780,790,750,750,26980
17/03/2009,760,760,730,740,96865
18/03/2009,750,750,730,740,41555
19/03/2009,740,760,740,740,42165
20/03/2009,750,790,750,780,154225
23/03/2009,790,830,790,820,328565
24/03/2009,830,1000,820,890,935390
25/03/2009,890,930,880,890,436545
27/03/2009,910,950,910,940,346830
30/03/2009,940,940,880,890,157640
31/03/2009,890,910,880,880,334680
01/04/2009,900,910,880,890,345320
02/04/2009,900,920,880,890,387495
03/04/2009,900,900,880,890,174175
06/04/2009,890,940,890,910,686590
07/04/2009,910,920,890,900,201800
08/04/2009,900,920,890,900,287965
13/04/2009,910,950,910,950,723515
14/04/2009,940,980,940,970,781335
15/04/2009,960,980,940,970,588575
16/04/2009,980,1000,940,950,459975
17/04/2009,960,980,930,950,566145
20/04/2009,950,980,950,980,391760
22/04/2009,980,1060,950,970,2416930
23/04/2009,980,1040,970,1010,870395
24/04/2009,1020,1050,990,1000,709890
27/04/2009,1050,1050,1000,1020,612755
28/04/2009,1030,1040,980,1000,493860
29/04/2009,1020,1020,1000,1010,311920
30/04/2009,1020,1040,1010,1020,758665
01/05/2009,1040,1090,1030,1060,1514760
04/05/2009,1150,1150,1080,1140,1277500
05/05/2009,1160,1200,1130,1130,1476140
06/05/2009,1140,1170,1120,1160,607040
07/05/2009,1180,1210,1180,1200,653990
08/05/2009,1200,1200,1170,1180,312560
11/05/2009,1200,1240,1160,1180,755390
12/05/2009,1180,1180,1110,1170,318505
13/05/2009,1180,1200,1170,1180,343195
14/05/2009,1150,1170,1100,1100,182500
15/05/2009,1120,1140,1010,1070,312145
18/05/2009,1060,1100,1000,1080,165240
19/05/2009,1120,1150,1100,1120,224875
20/05/2009,1130,1150,1110,1130,228230
22/05/2009,1110,1280,1080,1280,1794160
25/05/2009,1320,1360,1260,1310,2212830
26/05/2009,1320,1330,1220,1230,565885
27/05/2009,1260,1330,1240,1280,945930
28/05/2009,1250,1310,1250,1290,538335
29/05/2009,1310,1350,1300,1340,872710
01/06/2009,1350,1380,1340,1380,778765
02/06/2009,1390,1450,1360,1370,1322440
03/06/2009,1400,1410,1260,1300,4953970
04/06/2009,1280,1340,1270,1340,1534340
05/06/2009,1350,1360,1310,1320,1454850
08/06/2009,1340,1340,1280,1290,658975
09/06/2009,1300,1320,1270,1300,1078120
10/06/2009,1320,1330,1300,1310,655825
11/06/2009,1310,1340,1290,1310,929195
12/06/2009,1310,1320,1290,1300,652015
15/06/2009,1280,1300,1260,1260,562365
16/06/2009,1240,1260,1210,1260,711960
17/06/2009,1240,1260,1220,1240,443165
18/06/2009,1240,1260,1170,1180,620300
19/06/2009,1200,1240,1150,1240,714625
22/06/2009,1230,1250,1170,1180,361670
23/06/2009,1130,1130,1050,1080,1140480
24/06/2009,1070,1180,1070,1180,695735
25/06/2009,1190,1270,1170,1250,1460740
26/06/2009,1260,1280,1220,1240,340880
29/06/2009,1240,1240,1200,1220,128175
30/06/2009,1250,1260,1190,1200,251285
01/07/2009,1190,1210,1180,1200,135040
02/07/2009,1210,1220,1180,1180,140060
03/07/2009,1160,1180,1150,1170,278185
06/07/2009,1160,1160,1120,1130,147660
07/07/2009,1130,1200,1130,1190,249780
09/07/2009,1210,1220,1140,1150,433650
10/07/2009,1170,1170,1130,1140,168115
13/07/2009,1130,1140,1070,1100,265570
14/07/2009,1130,1160,1100,1160,233580
15/07/2009,1180,1190,1150,1180,301255
16/07/2009,1200,1210,1140,1160,231155
17/07/2009,1120,1150,1100,1150,282390
21/07/2009,1190,1200,1170,1200,488980
22/07/2009,1200,1220,1170,1180,506855
23/07/2009,1180,1200,1180,1200,364160
24/07/2009,1220,1230,1180,1210,1027360
27/07/2009,1220,1260,1220,1250,1234770
28/07/2009,1260,1280,1240,1270,1024950
29/07/2009,1260,1270,1200,1240,793890
30/07/2009,1210,1260,1210,1260,889870
31/07/2009,1270,1300,1260,1280,740160
03/08/2009,1280,1310,1260,1280,1008050
04/08/2009,1300,1360,1300,1330,2589600
05/08/2009,1340,1370,1320,1360,1865020
06/08/2009,1370,1460,1360,1460,2970750
07/08/2009,1460,1520,1430,1450,1689640
10/08/2009,1470,1520,1460,1480,1191420
11/08/2009,1480,1490,1440,1460,516190
12/08/2009,1440,1440,1350,1410,1005150
13/08/2009,1440,1480,1440,1460,695410
14/08/2009,1470,1480,1430,1450,265740
18/08/2009,1400,1420,1370,1420,683195
19/08/2009,1430,1430,1310,1330,593550
20/08/2009,1360,1430,1360,1410,753455
21/08/2009,1410,1410,1360,1390,271160
24/08/2009,1440,1450,1420,1440,614705
25/08/2009,1430,1430,1380,1390,1239720
26/08/2009,1400,1400,1380,1390,504505
27/08/2009,1380,1390,1340,1350,742075
28/08/2009,1360,1370,1320,1350,563530
31/08/2009,1370,1420,1360,1360,1557970
01/09/2009,1370,1390,1350,1360,417910
02/09/2009,1340,1360,1320,1350,525825
03/09/2009,1350,1370,1330,1350,941290
04/09/2009,1350,1350,1330,1340,296570
07/09/2009,1350,1350,1320,1330,220990
08/09/2009,1330,1380,1310,1380,1038980
09/09/2009,1380,1400,1350,1360,655415
10/09/2009,1380,1380,1360,1370,434615
11/09/2009,1370,1390,1360,1370,479760
14/09/2009,1350,1370,1340,1350,348950
15/09/2009,1360,1380,1350,1350,484920
16/09/2009,1370,1380,1360,1370,362200
17/09/2009,1380,1420,1370,1390,1740220
24/09/2009,1380,1420,1380,1400,709170
25/09/2009,1380,1420,1370,1400,317645
28/09/2009,1400,1420,1380,1410,425145
29/09/2009,1430,1440,1410,1420,426660
30/09/2009,1430,1440,1400,1430,476900
01/10/2009,1430,1430,1410,1420,209275
02/10/2009,1400,1410,1390,1400,561820
05/10/2009,1410,1420,1390,1420,179550
06/10/2009,1430,1460,1420,1440,1310980
07/10/2009,1450,1460,1400,1410,689130
08/10/2009,1420,1430,1390,1390,362390
09/10/2009,1400,1420,1390,1400,152560
12/10/2009,1410,1410,1370,1380,257590
13/10/2009,1390,1410,1380,1390,355485
14/10/2009,1400,1430,1400,1430,549915
15/10/2009,1440,1470,1430,1450,1272730
16/10/2009,1460,1470,1440,1460,405495
19/10/2009,1450,1530,1430,1530,1075020
20/10/2009,1550,1550,1500,1510,1477400
21/10/2009,1510,1570,1490,1560,1812600
22/10/2009,1550,1570,1510,1520,977830
23/10/2009,1540,1630,1520,1620,2204040
26/10/2009,1620,1630,1580,1600,727240
27/10/2009,1580,1600,1550,1570,1024550
28/10/2009,1570,1570,1480,1520,983145
29/10/2009,1480,1550,1440,1540,2148860
30/10/2009,1570,1590,1530,1540,1214640
02/11/2009,1500,1590,1490,1580,1168380
03/11/2009,1580,1590,1510,1510,832755
04/11/2009,1530,1570,1530,1560,357435
05/11/2009,1540,1550,1520,1540,274380
06/11/2009,1570,1570,1540,1540,212060
09/11/2009,1550,1560,1530,1540,217850
10/11/2009,1560,1570,1510,1510,494415
11/11/2009,1510,1560,1510,1550,608590
12/11/2009,1580,1660,1570,1620,3600700
13/11/2009,1600,1710,1600,1710,3677050
16/11/2009,1710,1720,1680,1710,2481250
17/11/2009,1710,1720,1680,1700,1056710
18/11/2009,1690,1730,1690,1700,1344110
19/11/2009,1700,1710,1670,1680,594995
20/11/2009,1680,1710,1660,1700,1148240
23/11/2009,1710,1770,1680,1770,1770540
24/11/2009,1760,1770,1700,1710,1881940
25/11/2009,1710,1750,1710,1720,1545690
26/11/2009,1720,1720,1650,1670,1583810
30/11/2009,1670,1750,1670,1740,4089770
01/12/2009,1740,1740,1710,1740,575345
02/12/2009,1750,1750,1720,1730,432645
03/12/2009,1740,1780,1730,1750,2430800
04/12/2009,1740,1760,1730,1750,760575
07/12/2009,1750,1750,1710,1710,333965
08/12/2009,1710,1730,1700,1700,281280
09/12/2009,1700,1740,1700,1740,306740
10/12/2009,1740,1760,1720,1730,521230
11/12/2009,1750,1750,1730,1750,409250
14/12/2009,1740,1740,1720,1740,375020
15/12/2009,1740,1740,1720,1730,222840
16/12/2009,1730,1760,1710,1750,1060540
17/12/2009,1760,1760,1720,1720,426370
21/12/2009,1730,1730,1650,1680,876995
22/12/2009,1700,1710,1690,1710,412770
23/12/2009,1720,1720,1690,1700,118990
28/12/2009,1710,1740,1710,1720,263880
29/12/2009,1720,1730,1720,1730,142865
30/12/2009,1730,1740,1720,1730,516540
04/01/2010,1730,1750,1730,1750,260015
05/01/2010,1750,1800,1750,1790,2125900
06/01/2010,1790,1830,1790,1800,2301740
07/01/2010,1820,1850,1810,1840,1527550
08/01/2010,1840,1980,1840,1960,3128830
11/01/2010,1990,2025,1970,1980,1618060
12/01/2010,1970,1970,1920,1960,1158090
13/01/2010,1920,1960,1910,1960,683645
14/01/2010,1970,2075,1970,2050,2639060
15/01/2010,2050,2050,1980,1990,943135
18/01/2010,1950,2025,1950,1990,639105
19/01/2010,1990,2000,1980,1990,466970
20/01/2010,2000,2000,1960,1970,892820
21/01/2010,1970,1990,1950,1960,770280
22/01/2010,1920,1940,1900,1940,1709960
25/01/2010,1920,1950,1910,1940,785800
26/01/2010,1950,1950,1860,1880,1855300
27/01/2010,1890,1910,1820,1840,1400360
28/01/2010,1860,1910,1860,1900,871985
29/01/2010,1870,1890,1840,1890,672055
01/02/2010,1880,1880,1830,1850,891440
02/02/2010,1880,1890,1850,1860,599050
03/02/2010,1880,1950,1870,1920,2009660
04/02/2010,1920,1960,1910,1930,979175
05/02/2010,1870,1880,1840,1860,1708310
08/02/2010,1860,1860,1760,1840,1913260
09/02/2010,1820,1840,1780,1830,1462460
10/02/2010,1840,1850,1790,1790,993675
11/02/2010,1810,1830,1780,1810,648975
12/02/2010,1820,1850,1810,1840,861350
15/02/2010,1830,1840,1810,1830,245255
16/02/2010,1830,1870,1810,1860,576640
17/02/2010,1880,1890,1840,1860,1377230
18/02/2010,1860,1860,1800,1810,1116760
19/02/2010,1800,1810,1780,1800,980420
22/02/2010,1820,1830,1790,1810,782130
23/02/2010,1800,1850,1790,1840,1099410
24/02/2010,1810,1860,1810,1860,1023890
25/02/2010,1860,1870,1820,1830,838070
01/03/2010,1850,1860,1820,1840,527295
02/03/2010,1840,1850,1820,1830,470685
03/03/2010,1840,1860,1820,1840,1149700
04/03/2010,1840,1860,1830,1840,608440
05/03/2010,1850,1860,1840,1850,358505
08/03/2010,1870,1880,1860,1860,817495
09/03/2010,1860,1880,1860,1870,521230
10/03/2010,1870,1910,1860,1890,1365440
11/03/2010,1890,1900,1870,1890,470445
12/03/2010,1880,1890,1870,1880,241295
15/03/2010,1870,1880,1860,1870,315975
17/03/2010,1880,1920,1880,1920,1941010
18/03/2010,1920,1930,1890,1900,1009020
19/03/2010,1900,1910,1880,1880,916205
22/03/2010,1870,1880,1830,1840,742550
23/03/2010,1850,1860,1820,1830,591090
24/03/2010,1850,1880,1830,1880,1123990
25/03/2010,1880,1890,1860,1860,1003610
26/03/2010,1870,1890,1860,1870,636535
29/03/2010,1880,1910,1870,1890,1220760
30/03/2010,1900,1930,1900,1910,1165150
31/03/2010,1920,1980,1890,1960,2988660
01/04/2010,1970,2050,1970,2025,2859920
05/04/2010,2025,2100,2025,2075,1487040
06/04/2010,2075,2150,2050,2100,1988360
07/04/2010,2125,2200,2100,2150,1736610
08/04/2010,2100,2150,2075,2100,865370
09/04/2010,2100,2150,2100,2125,583890
12/04/2010,2150,2175,2125,2150,568455
13/04/2010,2150,2175,2100,2175,753805
14/04/2010,2150,2175,2125,2150,635145
15/04/2010,2175,2225,2150,2200,1589580
16/04/2010,2200,2250,2175,2225,1152780
19/04/2010,2175,2200,2125,2175,1371580
20/04/2010,2175,2200,2150,2200,619555
21/04/2010,2200,2225,2175,2200,813815
22/04/2010,2200,2250,2175,2250,850290
23/04/2010,2250,2250,2175,2200,495705
26/04/2010,2200,2225,2175,2200,393725
27/04/2010,2200,2200,2150,2200,440705
28/04/2010,2150,2200,2125,2150,686185
29/04/2010,2150,2175,2125,2125,293075
30/04/2010,2175,2225,2150,2200,789005
03/05/2010,2175,2175,2125,2125,448960
04/05/2010,2150,2175,2100,2125,536300
05/05/2010,2075,2100,1970,1980,2254720
06/05/2010,1950,2025,1930,2000,1165660
07/05/2010,1920,1970,1900,1930,1349490
10/05/2010,1970,2025,1950,2000,993290
11/05/2010,2025,2125,1990,2050,1893160
12/05/2010,2100,2100,2050,2100,540260
14/05/2010,2100,2125,2075,2075,404555
17/05/2010,2050,2075,2000,2050,631715
18/05/2010,2075,2075,2025,2050,229050
19/05/2010,2025,2025,1950,1950,1331700
20/05/2010,1970,1990,1900,1920,1177550
21/05/2010,1850,1870,1810,1840,1659910
24/05/2010,1850,1880,1790,1800,1027800
25/05/2010,1750,1790,1700,1720,1740220
26/05/2010,1760,1900,1760,1890,1611840
27/05/2010,1870,1930,1810,1910,1120360
31/05/2010,1920,2025,1920,2000,1404240
01/06/2010,1980,1990,1910,1920,780720
02/06/2010,1930,1970,1880,1930,897365
03/06/2010,1970,1980,1940,1950,916805
04/06/2010,1930,1940,1910,1940,392455
07/06/2010,1870,1870,1820,1840,1177930
08/06/2010,1840,1860,1830,1850,504645
09/06/2010,1850,1870,1830,1860,458830
10/06/2010,1860,1870,1850,1860,271440
11/06/2010,1880,1890,1860,1870,433980
14/06/2010,1880,1900,1870,1890,248215
15/06/2010,1890,1900,1870,1880,348360
16/06/2010,1900,2000,1900,1970,2273160
17/06/2010,1970,1990,1960,1980,654210
18/06/2010,1990,2000,1970,1980,801830
21/06/2010,2000,2100,2000,2075,2140580
22/06/2010,2050,2075,1990,2000,976575
23/06/2010,2000,2025,1990,2025,551835
24/06/2010,2025,2050,1990,1990,352765
25/06/2010,1990,2025,1990,2025,243820
28/06/2010,2025,2075,2025,2050,287035
29/06/2010,2050,2050,1960,1970,564750
30/06/2010,1940,2000,1930,1990,561870
01/07/2010,1970,1980,1940,1970,364075
02/07/2010,1980,1990,1980,1990,391105
05/07/2010,1990,2000,1980,1990,277335
06/07/2010,1990,2050,1980,2025,501550
07/07/2010,2025,2025,1980,1990,305930
08/07/2010,2025,2050,2000,2025,912440
09/07/2010,2025,2050,2000,2050,817780
12/07/2010,2050,2050,2000,2025,630660
13/07/2010,2000,2025,2000,2025,271800
14/07/2010,2050,2075,2025,2050,743115
15/07/2010,2025,2050,2000,2025,503965
16/07/2010,2025,2025,1990,2025,275175
19/07/2010,2000,2000,1980,1990,112430
20/07/2010,1990,2025,1990,2000,322580
21/07/2010,2025,2025,1990,2025,561570
22/07/2010,2000,2025,1990,2025,263890
23/07/2010,2025,2075,2025,2050,1068370
26/07/2010,2075,2075,2025,2025,1026920
27/07/2010,2050,2100,2025,2025,839115
28/07/2010,2050,2075,2025,2075,723820
29/07/2010,2050,2075,2025,2050,575035
30/07/2010,2050,2050,2000,2000,237520
02/08/2010,2025,2050,2000,2050,629430
03/08/2010,2050,2100,2000,2025,827885
04/08/2010,2025,2050,2000,2025,308075
05/08/2010,2025,2050,2025,2050,333800
06/08/2010,2050,2125,2025,2125,1135840
09/08/2010,2125,2150,2100,2125,515560
10/08/2010,2125,2125,2050,2100,470410
11/08/2010,2100,2100,2050,2075,294070
12/08/2010,2025,2050,2000,2050,487480
13/08/2010,2050,2075,2025,2075,260490
16/08/2010,2075,2075,2025,2050,258610
18/08/2010,2050,2100,2025,2100,416305
19/08/2010,2100,2125,2050,2100,679085
20/08/2010,2050,2100,2050,2100,149995
23/08/2010,2075,2100,2050,2075,196700
24/08/2010,2075,2075,2025,2050,266095
25/08/2010,2050,2050,2025,2050,278105
26/08/2010,2050,2050,1990,2025,948365
27/08/2010,2025,2025,1970,1990,605310
30/08/2010,2000,2025,1960,1980,553015
31/08/2010,1960,1960,1880,1900,1618020
01/09/2010,1890,1900,1840,1870,1866400
02/09/2010,1870,1880,1760,1790,2948590
03/09/2010,1810,1850,1810,1840,1213600
06/09/2010,1850,1950,1850,1920,2155610
07/09/2010,1920,1960,1900,1940,1013040
15/09/2010,1970,2025,1960,2000,2017800
16/09/2010,2025,2100,2000,2100,1562500
17/09/2010,2100,2150,2075,2150,1552220
20/09/2010,2125,2150,2025,2050,444730
21/09/2010,2050,2075,1990,2025,664060
22/09/2010,2025,2025,1950,1980,548150
23/09/2010,1980,1990,1960,1980,170620
24/09/2010,1980,2025,1980,2025,286905
27/09/2010,2050,2100,2025,2075,1022060
28/09/2010,2075,2125,2025,2050,1213680
29/09/2010,2075,2075,2025,2050,205050
30/09/2010,2050,2075,2000,2025,714035
01/10/2010,2050,2075,2025,2050,479870
04/10/2010,2075,2100,2025,2025,332725
05/10/2010,2050,2050,2000,2050,534785
06/10/2010,2075,2100,2050,2100,938915
07/10/2010,2100,2100,2025,2050,633280
08/10/2010,2050,2075,2025,2050,439650
11/10/2010,2050,2075,2025,2075,1397500
12/10/2010,2075,2075,2025,2050,171975
13/10/2010,2050,2100,2050,2100,559235
14/10/2010,2100,2200,2075,2175,1721240
15/10/2010,2175,2250,2150,2225,938505
18/10/2010,2200,2225,2150,2175,664560
19/10/2010,2175,2175,2150,2175,167080
20/10/2010,2125,2150,2100,2125,493410
21/10/2010,2125,2150,2100,2125,232500
22/10/2010,2125,2300,2125,2250,1498410
25/10/2010,2250,2250,2150,2175,827440
26/10/2010,2200,2225,2175,2200,233760
27/10/2010,2200,2200,2075,2100,565215
28/10/2010,2100,2125,2100,2125,150570
29/10/2010,2100,2125,2075,2100,151140
01/11/2010,2150,2150,2100,2125,347480
02/11/2010,2100,2150,2100,2125,239410
03/11/2010,2150,2200,2125,2150,500690
04/11/2010,2175,2225,2175,2225,1143600
05/11/2010,2250,2325,2225,2275,2029740
08/11/2010,2275,2400,2275,2350,1632200
09/11/2010,2350,2500,2350,2500,1789300
10/11/2010,2500,2500,2400,2400,1131660
11/11/2010,2425,2450,2400,2450,284900
12/11/2010,2425,2450,2375,2400,525525
15/11/2010,2400,2450,2350,2400,241915
16/11/2010,2425,2500,2425,2475,474550
18/11/2010,2475,2475,2400,2450,511830
19/11/2010,2475,2500,2425,2450,630085
22/11/2010,2475,2475,2450,2450,250195
23/11/2010,2450,2450,2350,2425,370220
24/11/2010,2425,2425,2325,2400,332340
25/11/2010,2425,2425,2350,2350,224040
26/11/2010,2350,2350,2300,2325,535275
29/11/2010,2325,2325,2275,2300,262965
30/11/2010,2300,2375,2300,2325,681380
01/12/2010,2325,2375,2300,2375,226945
02/12/2010,2425,2475,2375,2400,746855
03/12/2010,2450,2450,2350,2375,429675
06/12/2010,2400,2475,2400,2475,835835
08/12/2010,2500,2625,2475,2625,1771090
09/12/2010,2600,2650,2575,2625,973245
10/12/2010,2625,2625,2575,2600,401280
13/12/2010,2625,2650,2550,2575,223595
14/12/2010,2575,2600,2525,2550,240630
15/12/2010,2550,2550,2500,2550,401725
16/12/2010,2550,2550,2500,2525,588935
17/12/2010,2525,2600,2250,2300,811625
20/12/2010,2500,2575,2475,2500,304520
21/12/2010,2550,2575,2500,2550,220625
22/12/2010,2550,2550,2425,2475,166595
23/12/2010,2500,2550,2450,2525,147085
27/12/2010,2525,2525,2500,2525,81995
28/12/2010,2525,2525,2500,2500,82935
29/12/2010,2525,2550,2500,2525,143750
30/12/2010,2525,2550,2500,2550,198020
03/01/2011,2550,2675,2525,2675,1478500
04/01/2011,2700,2900,2675,2875,946675
05/01/2011,2825,2850,2750,2850,560255
06/01/2011,2850,2850,2725,2775,443335
07/01/2011,2725,2725,2650,2700,432835
10/01/2011,2700,2700,2500,2500,1016240
11/01/2011,2500,2600,2450,2475,612870
12/01/2011,2500,2625,2500,2625,784340
13/01/2011,2625,2675,2575,2625,589375
14/01/2011,2625,2625,2550,2625,250630
17/01/2011,2625,2625,2525,2575,455140
18/01/2011,2575,2675,2550,2675,831785
19/01/2011,2675,2725,2600,2650,559590
20/01/2011,2625,2625,2425,2450,693695
21/01/2011,2375,2425,2300,2350,1024660
24/01/2011,2375,2375,2300,2350,560960
25/01/2011,2375,2475,2350,2475,543915
26/01/2011,2475,2475,2375,2400,474720
27/01/2011,2400,2475,2400,2425,429680
28/01/2011,2400,2400,2325,2375,875705
31/01/2011,2350,2350,2225,2250,1194460
01/02/2011,2300,2400,2275,2400,1327540
02/02/2011,2450,2500,2450,2500,735000
04/02/2011,2500,2500,2425,2450,270180
07/02/2011,2475,2475,2375,2400,693525
08/02/2011,2400,2425,2350,2350,583145
09/02/2011,2350,2375,2275,2300,480135
10/02/2011,2275,2325,2250,2300,563845
11/02/2011,2275,2400,2250,2375,439840
14/02/2011,2375,2425,2375,2425,266230
16/02/2011,2400,2400,2350,2375,449815
17/02/2011,2375,2375,2325,2375,278020
18/02/2011,2375,2475,2350,2425,502015
21/02/2011,2425,2475,2425,2475,433705
22/02/2011,2425,2425,2375,2375,505390
23/02/2011,2400,2500,2375,2450,513790
24/02/2011,2450,2475,2400,2450,523955
25/02/2011,2450,2500,2425,2475,579020
28/02/2011,2425,2450,2400,2450,239870
01/03/2011,2475,2475,2400,2425,320595
02/03/2011,2375,2425,2325,2350,521595
03/03/2011,2350,2375,2325,2325,278930
04/03/2011,2350,2375,2325,2375,378450
07/03/2011,2350,2400,2350,2375,265025
08/03/2011,2375,2425,2375,2400,337280
09/03/2011,2375,2400,2350,2350,339530
10/03/2011,2350,2375,2325,2325,266460
11/03/2011,2300,2350,2275,2325,364290
14/03/2011,2325,2425,2300,2400,778610
15/03/2011,2375,2400,2325,2400,668205
16/03/2011,2400,2400,2350,2375,342600
17/03/2011,2375,2400,2325,2375,297560
18/03/2011,2400,2400,2325,2375,568900
21/03/2011,2375,2375,2275,2325,988175
22/03/2011,2325,2325,2200,2225,1196620
23/03/2011,2225,2250,2200,2250,572420
24/03/2011,2250,2300,2225,2275,1007620
25/03/2011,2250,2325,2250,2275,805520
28/03/2011,2275,2300,2250,2300,182350
29/03/2011,2275,2300,2250,2275,511855
30/03/2011,2275,2300,2225,2225,609390
31/03/2011,2225,2250,2175,2200,1110310
01/04/2011,2200,2300,2200,2275,1391420
04/04/2011,2300,2350,2250,2350,841090
05/04/2011,2350,2350,2300,2300,413115
06/04/2011,2300,2350,2300,2350,317185
07/04/2011,2350,2350,2275,2325,396845
08/04/2011,2325,2325,2275,2300,413585
11/04/2011,2275,2300,2275,2300,141995
12/04/2011,2300,2300,2250,2275,564530
13/04/2011,2250,2300,2250,2275,529160
14/04/2011,2275,2300,2250,2250,572450
15/04/2011,2275,2300,2225,2275,587030
18/04/2011,2275,2275,2225,2225,262120
19/04/2011,2225,2250,2200,2225,326315
20/04/2011,2225,2275,2225,2250,636400
21/04/2011,2250,2275,2225,2225,1044940
25/04/2011,2225,2250,2225,2250,122695
26/04/2011,2225,2250,2200,2225,595960
27/04/2011,2225,2250,2200,2200,279905
28/04/2011,2200,2250,2200,2225,313135
29/04/2011,2200,2250,2200,2200,321645
02/05/2011,2225,2250,2200,2225,231315
03/05/2011,2225,2250,2200,2225,543680
04/05/2011,2225,2275,2225,2250,411860
05/05/2011,2275,2375,2250,2325,2352000
06/05/2011,2325,2350,2275,2300,891285
09/05/2011,2300,2325,2275,2325,245300
10/05/2011,2325,2325,2275,2300,335790
11/05/2011,2325,2325,2300,2325,493880
12/05/2011,2300,2300,2250,2250,419960
13/05/2011,2250,2275,2225,2275,477745
16/05/2011,2225,2250,2200,2250,222935
18/05/2011,2275,2350,2250,2350,1926280
19/05/2011,2350,2400,2350,2375,759755
20/05/2011,2375,2375,2350,2375,418240
23/05/2011,2350,2350,2300,2325,670585
24/05/2011,2300,2325,2275,2325,333965
25/05/2011,2325,2375,2300,2375,626520
26/05/2011,2375,2400,2350,2375,614920
27/05/2011,2350,2400,2350,2400,432700
30/05/2011,2400,2400,2350,2375,375545
31/05/2011,2400,2475,2375,2450,3197690
01/06/2011,2450,2450,2400,2425,594460
03/06/2011,2400,2450,2375,2450,580255
06/06/2011,2450,2500,2425,2475,834525
07/06/2011,2425,2475,2425,2475,282660
08/06/2011,2475,2475,2425,2450,557310
09/06/2011,2450,2475,2425,2450,174170
10/06/2011,2475,2475,2400,2400,169855
13/06/2011,2400,2400,2350,2400,457600
14/06/2011,2375,2425,2350,2425,484895
15/06/2011,2450,2450,2375,2400,129570
16/06/2011,2350,2375,2300,2350,279420
17/06/2011,2325,2350,2250,2275,472795
20/06/2011,2325,2350,2275,2300,155245
21/06/2011,2325,2375,2325,2375,392380
22/06/2011,2375,2400,2350,2375,167825
23/06/2011,2375,2400,2350,2350,190360
24/06/2011,2350,2400,2325,2375,323250
27/06/2011,2350,2400,2350,2375,140110
28/06/2011,2400,2425,2375,2400,344180
30/06/2011,2425,2475,2425,2450,670645
01/07/2011,2475,2525,2450,2500,840170
04/07/2011,2525,2550,2500,2525,562885
05/07/2011,2525,2550,2500,2500,347105
06/07/2011,2525,2600,2500,2525,613155
07/07/2011,2550,2575,2525,2550,481750
08/07/2011,2575,2600,2575,2600,357805
11/07/2011,2575,2600,2550,2575,443520
12/07/2011,2550,2575,2450,2475,539205
13/07/2011,2475,2525,2450,2525,219215
14/07/2011,2500,2525,2500,2500,313915
15/07/2011,2500,2575,2500,2550,274005
18/07/2011,2575,2625,2550,2600,374760
19/07/2011,2575,2600,2525,2575,130965
20/07/2011,2575,2600,2550,2575,251060
21/07/2011,2575,2575,2525,2525,263780
22/07/2011,2575,2575,2500,2525,468105
25/07/2011,2525,2550,2475,2500,251160
26/07/2011,2550,2600,2525,2575,346560
27/07/2011,2575,2600,2550,2600,299920
28/07/2011,2550,2700,2550,2675,1079570
29/07/2011,2700,2700,2650,2650,569120
01/08/2011,2675,2700,2650,2675,235695
02/08/2011,2650,2675,2625,2650,184555
03/08/2011,2600,2650,2550,2600,182155
04/08/2011,2650,2675,2550,2600,131455
05/08/2011,2500,2500,2325,2375,709540
08/08/2011,2325,2350,2275,2325,744590
09/08/2011,2225,2350,2150,2175,724025
10/08/2011,2250,2450,2250,2450,712300
11/08/2011,2350,2400,2275,2325,1259040
12/08/2011,2350,2375,2300,2325,717965
15/08/2011,2350,2375,2300,2350,708010
16/08/2011,2400,2450,2350,2350,855660
18/08/2011,2400,2425,2350,2400,434350
19/08/2011,2350,2350,2225,2250,944335
22/08/2011,2275,2300,2175,2225,383360
23/08/2011,2225,2300,2200,2250,418230
24/08/2011,2275,2300,2125,2125,1375060
25/08/2011,2175,2175,2050,2100,1150240
26/08/2011,2050,2050,1990,2025,1123880
05/09/2011,2000,2125,1990,1990,860140
06/09/2011,1980,2025,1980,2025,517800
07/09/2011,2025,2100,2025,2075,1095960
08/09/2011,2075,2100,2025,2050,817790
09/09/2011,2025,2050,2000,2025,796400
12/09/2011,1990,2000,1950,1970,732185
13/09/2011,2000,2025,1960,1970,376545
14/09/2011,1990,2025,1950,1960,714110
15/09/2011,1990,1990,1930,1940,562715
16/09/2011,1970,2000,1950,1980,669770
19/09/2011,1950,1970,1930,1940,398075
20/09/2011,1940,1940,1900,1920,541575
21/09/2011,1930,1930,1890,1900,439130
22/09/2011,1850,1860,1700,1710,845620
23/09/2011,1630,1720,1560,1650,1155060
26/09/2011,1630,1630,1430,1520,1949100
27/09/2011,1570,1650,1570,1630,1180550
28/09/2011,1640,1720,1600,1690,1485760
29/09/2011,1680,1750,1660,1730,937510
30/09/2011,1740,1780,1700,1720,1035930
03/10/2011,1690,1690,1610,1610,679455
04/10/2011,1570,1620,1500,1530,657775
05/10/2011,1530,1580,1510,1530,1138860
06/10/2011,1570,1700,1570,1680,1292530
07/10/2011,1720,1760,1610,1680,544290
10/10/2011,1650,1690,1640,1670,190235
11/10/2011,1730,1790,1720,1780,984235
12/10/2011,1780,1870,1760,1860,1296800
13/10/2011,1890,1920,1850,1860,1378460
14/10/2011,1850,1910,1840,1900,605140
17/10/2011,1930,1960,1930,1960,856480
18/10/2011,1930,1930,1860,1880,638035
19/10/2011,1920,1990,1920,1980,806825
20/10/2011,1970,1970,1870,1900,891425
21/10/2011,1930,1930,1890,1910,448950
24/10/2011,1950,1990,1940,1950,838710
25/10/2011,1970,2000,1960,2000,604540
26/10/2011,1970,2025,1970,2000,485115
27/10/2011,2025,2125,2025,2075,1543840
28/10/2011,2125,2150,2075,2125,779570
31/10/2011,2125,2125,2025,2025,303395
01/11/2011,2000,2100,1980,1990,750695
02/11/2011,1960,2075,1930,2050,801860
03/11/2011,2025,2025,1980,2000,460595
04/11/2011,2050,2075,2025,2050,585055
07/11/2011,2075,2100,2050,2075,332890
08/11/2011,2075,2100,2075,2075,148050
09/11/2011,2075,2150,2075,2150,489365
10/11/2011,2050,2075,2025,2075,363650
11/11/2011,2075,2075,2025,2050,181780
14/11/2011,2075,2100,2025,2050,205000
15/11/2011,2025,2050,1990,2000,363470
16/11/2011,2000,2025,1990,2025,323165
17/11/2011,2000,2000,1980,2000,319955
18/11/2011,1970,1990,1950,1960,286520
21/11/2011,1940,1940,1850,1880,659585
22/11/2011,1860,1920,1860,1920,1475300
23/11/2011,1890,1910,1870,1910,503610
24/11/2011,1900,1930,1890,1910,377840
25/11/2011,1890,1890,1830,1870,394625
28/11/2011,1900,1920,1880,1900,793440
29/11/2011,1890,1920,1880,1900,607660
30/11/2011,1910,1960,1890,1910,855550
01/12/2011,1950,1980,1940,1960,762740
02/12/2011,1970,1970,1930,1970,338940
05/12/2011,1950,1980,1950,1970,184950
06/12/2011,1950,1970,1940,1970,221385
07/12/2011,1970,2025,1970,2000,743465
08/12/2011,2000,2000,1980,1990,124895
09/12/2011,1970,1980,1920,1920,462720
12/12/2011,1960,1960,1920,1930,353925
13/12/2011,1900,1920,1870,1880,508630
14/12/2011,1860,1900,1840,1860,501040
15/12/2011,1820,1820,1790,1820,969460
16/12/2011,1830,1840,1820,1840,659830
19/12/2011,1820,1820,1770,1790,574365
20/12/2011,1780,1790,1730,1730,1108100
21/12/2011,1780,1790,1750,1760,701070
22/12/2011,1760,1780,1740,1760,449195
23/12/2011,1770,1790,1760,1770,453480
27/12/2011,1770,1790,1760,1780,95500
28/12/2011,1780,1780,1750,1770,282970
29/12/2011,1750,1770,1740,1760,371535
30/12/2011,1770,1790,1760,1770,269210
02/01/2012,1760,1770,1750,1760,62440
03/01/2012,1770,1820,1770,1810,1094740
04/01/2012,1820,1830,1810,1830,691990
05/01/2012,1830,1830,1780,1790,565945
06/01/2012,1790,1800,1760,1770,336915
09/01/2012,1760,1790,1760,1780,487360
10/01/2012,1790,1820,1770,1820,831690
11/01/2012,1820,1830,1790,1810,445265
12/01/2012,1800,1810,1790,1810,265210
13/01/2012,1810,1820,1790,1810,305695
16/01/2012,1790,1800,1760,1780,323945
17/01/2012,1790,1800,1780,1800,306070
18/01/2012,1800,1820,1790,1820,461570
19/01/2012,1830,1850,1820,1830,828445
20/01/2012,1850,1850,1800,1820,309590
24/01/2012,1830,1840,1820,1830,237940
25/01/2012,1840,1850,1830,1840,225605
26/01/2012,1840,1850,1830,1840,350485
27/01/2012,1840,1860,1830,1860,543945
30/01/2012,1850,1860,1820,1820,331975
31/01/2012,1820,1840,1810,1830,417170
01/02/2012,1830,1880,1790,1870,1092420
02/02/2012,1880,1960,1870,1960,1736860
03/02/2012,1960,1980,1920,1920,798575
06/02/2012,1960,1980,1930,1940,516275
07/02/2012,1960,2000,1940,1980,763325
08/02/2012,1990,2025,1950,2000,604960
09/02/2012,2000,2000,1970,1980,420690
10/02/2012,1990,1990,1910,1930,553925
13/02/2012,1940,1950,1920,1950,224035
14/02/2012,1950,1950,1900,1920,320045
15/02/2012,1930,1960,1920,1950,539890
16/02/2012,1930,1940,1910,1920,229200
17/02/2012,1950,1980,1930,1980,566030
20/02/2012,1990,2000,1960,1990,370865
21/02/2012,1990,1990,1970,1990,239780
22/02/2012,1980,2000,1960,2000,496870
23/02/2012,1990,2000,1960,1960,251135
24/02/2012,1960,1960,1900,1920,788470
27/02/2012,1910,1920,1870,1890,394310
28/02/2012,1890,1900,1870,1900,531065
29/02/2012,1900,1930,1890,1920,607380
01/03/2012,1910,1920,1900,1900,177455
02/03/2012,1920,1970,1920,1970,535115
05/03/2012,1970,1970,1930,1950,168925
06/03/2012,1940,1940,1920,1930,305190
07/03/2012,1900,1920,1900,1920,274780
08/03/2012,1920,1940,1920,1930,169220
09/03/2012,1930,1960,1930,1960,239910
12/03/2012,1960,1970,1940,1950,101835
13/03/2012,1960,1970,1940,1940,77780
14/03/2012,1970,1980,1960,1970,387250
15/03/2012,1980,1980,1920,1940,437370
16/03/2012,1950,1950,1910,1920,267180
19/03/2012,1930,1940,1910,1910,169630
20/03/2012,1910,1930,1900,1920,225365
21/03/2012,1920,1930,1870,1900,1195820
22/03/2012,1880,1910,1870,1900,339965
26/03/2012,1920,1930,1880,1890,989125
27/03/2012,1910,1920,1870,1890,965935
28/03/2012,1900,1930,1890,1930,729510
29/03/2012,1920,1930,1910,1920,335820
30/03/2012,1910,1930,1910,1930,434640
02/04/2012,1930,1960,1930,1960,316105
03/04/2012,1960,1970,1940,1960,446610
04/04/2012,1950,1950,1900,1910,514940
05/04/2012,1890,1920,1890,1910,229240
09/04/2012,1890,1920,1890,1900,79065
10/04/2012,1900,1910,1880,1880,225580
11/04/2012,1880,1880,1820,1830,726595
12/04/2012,1840,1860,1800,1810,725885
13/04/2012,1830,1840,1820,1830,327850
16/04/2012,1820,1840,1810,1820,120300
17/04/2012,1840,1840,1800,1810,344355
18/04/2012,1830,1860,1810,1820,646830
19/04/2012,1820,1820,1790,1810,431125
20/04/2012,1800,1800,1770,1800,356760
23/04/2012,1790,1810,1780,1800,311305
24/04/2012,1800,1830,1790,1830,267585
25/04/2012,1820,1820,1790,1820,289660
26/04/2012,1810,1820,1800,1810,244115
27/04/2012,1820,1820,1800,1810,348935
30/04/2012,1830,1860,1830,1860,577680
01/05/2012,1860,1870,1840,1870,314915
02/05/2012,1870,1880,1830,1870,538855
03/05/2012,1850,1860,1830,1840,302030
04/05/2012,1850,1850,1800,1810,239255
07/05/2012,1790,1790,1760,1770,661800
08/05/2012,1770,1790,1760,1760,214215
09/05/2012,1760,1770,1740,1760,314380
10/05/2012,1760,1770,1750,1760,241050
11/05/2012,1750,1750,1730,1730,132320
14/05/2012,1730,1740,1710,1730,199880
15/05/2012,1710,1720,1670,1680,575210
16/05/2012,1660,1660,1610,1650,382420
21/05/2012,1640,1660,1620,1650,313565
22/05/2012,1660,1720,1660,1700,459565
23/05/2012,1680,1680,1630,1650,434295
24/05/2012,1670,1670,1630,1650,420780
25/05/2012,1640,1650,1600,1620,356300
28/05/2012,1620,1620,1580,1610,293890
29/05/2012,1600,1640,1580,1610,411090
30/05/2012,1590,1600,1570,1590,279485
31/05/2012,1580,1580,1460,1470,678000
01/06/2012,1470,1490,1360,1380,550100
04/06/2012,1320,1350,1180,1200,1090000
05/06/2012,1240,1260,1210,1220,705020
06/06/2012,1240,1280,1220,1270,1130010
07/06/2012,1300,1340,1280,1300,1121250
08/06/2012,1280,1290,1260,1260,295775
11/06/2012,1300,1310,1240,1270,851550
12/06/2012,1250,1260,1220,1230,456510
13/06/2012,1230,1260,1220,1230,434860
14/06/2012,1240,1260,1200,1210,749630
15/06/2012,1240,1260,1190,1240,447275
18/06/2012,1270,1310,1260,1270,698100
19/06/2012,1280,1340,1270,1330,486630
20/06/2012,1350,1430,1340,1420,585230
21/06/2012,1440,1470,1400,1420,393545
22/06/2012,1380,1380,1340,1370,402690
25/06/2012,1370,1370,1320,1330,209780
26/06/2012,1320,1410,1310,1390,419210
27/06/2012,1390,1430,1370,1400,720555
28/06/2012,1410,1420,1350,1360,188995
29/06/2012,1390,1460,1380,1450,627555
02/07/2012,1470,1580,1470,1560,838315
03/07/2012,1570,1580,1530,1550,168505
04/07/2012,1570,1630,1570,1620,609545
05/07/2012,1620,1620,1580,1590,187540
06/07/2012,1580,1610,1570,1570,160600
09/07/2012,1560,1560,1460,1480,487195
10/07/2012,1470,1490,1410,1440,681375
11/07/2012,1440,1440,1410,1420,397150
12/07/2012,1420,1420,1350,1370,637705
13/07/2012,1370,1410,1360,1380,382380
16/07/2012,1400,1440,1400,1420,364295
17/07/2012,1430,1440,1410,1420,228930
18/07/2012,1420,1420,1380,1410,230870
19/07/2012,1420,1440,1410,1420,286310
20/07/2012,1420,1440,1410,1420,145670
23/07/2012,1390,1390,1350,1370,284995
24/07/2012,1380,1390,1350,1360,212935
25/07/2012,1350,1360,1320,1350,239090
26/07/2012,1370,1370,1340,1360,128170
27/07/2012,1380,1440,1380,1430,622130
30/07/2012,1440,1480,1430,1440,551205
31/07/2012,1450,1470,1440,1460,420155
01/08/2012,1470,1520,1450,1510,545580
02/08/2012,1510,1530,1490,1520,424290
03/08/2012,1500,1530,1490,1520,225540
06/08/2012,1540,1610,1540,1590,594505
07/08/2012,1600,1600,1520,1550,302540
08/08/2012,1560,1580,1490,1500,209910
09/08/2012,1500,1540,1500,1540,120135
10/08/2012,1540,1570,1530,1560,391635
13/08/2012,1580,1580,1510,1520,124860
14/08/2012,1520,1560,1510,1540,108510
15/08/2012,1540,1570,1530,1570,180880
16/08/2012,1570,1570,1500,1520,269975
23/08/2012,1500,1530,1440,1450,597635
24/08/2012,1430,1430,1400,1410,307205
27/08/2012,1410,1450,1410,1430,101135
28/08/2012,1430,1430,1390,1400,319335
29/08/2012,1390,1420,1350,1360,340630
30/08/2012,1360,1380,1340,1350,210280
31/08/2012,1340,1390,1330,1370,283635
03/09/2012,1380,1410,1370,1390,160315
04/09/2012,1400,1410,1380,1380,130505
05/09/2012,1380,1390,1350,1360,123930
06/09/2012,1360,1380,1360,1360,107805
07/09/2012,1390,1400,1370,1400,279195
10/09/2012,1400,1430,1400,1430,382635
11/09/2012,1420,1450,1410,1440,184415
12/09/2012,1450,1500,1450,1500,313625
13/09/2012,1500,1540,1490,1510,295730
14/09/2012,1550,1600,1540,1590,932720
17/09/2012,1590,1610,1580,1590,405010
18/09/2012,1590,1600,1530,1550,216490
19/09/2012,1540,1580,1530,1570,284205
20/09/2012,1550,1560,1510,1530,175710
21/09/2012,1540,1550,1480,1550,354495
24/09/2012,1530,1530,1470,1480,258635
25/09/2012,1470,1510,1460,1500,143020
26/09/2012,1490,1510,1450,1490,209130
27/09/2012,1490,1510,1480,1490,146810
28/09/2012,1490,1510,1480,1500,132660
01/10/2012,1490,1490,1470,1480,294815
02/10/2012,1480,1490,1470,1480,241475
03/10/2012,1480,1480,1450,1450,160205
04/10/2012,1450,1460,1420,1430,254615
05/10/2012,1450,1490,1440,1460,513200
08/10/2012,1460,1470,1420,1440,227425
09/10/2012,1450,1460,1430,1440,130650
10/10/2012,1430,1450,1420,1440,310260
11/10/2012,1440,1440,1410,1420,267810
12/10/2012,1430,1430,1400,1410,554240
15/10/2012,1410,1410,1390,1390,220520
16/10/2012,1400,1410,1390,1400,112370
17/10/2012,1410,1420,1390,1410,512015
18/10/2012,1420,1420,1390,1390,310755
19/10/2012,1400,1400,1350,1350,398415
22/10/2012,1340,1410,1340,1400,343760
23/10/2012,1420,1430,1400,1410,355785
24/10/2012,1410,1450,1390,1390,491815
25/10/2012,1400,1410,1390,1400,359430
29/10/2012,1390,1400,1370,1390,165495
30/10/2012,1390,1390,1370,1380,178175
31/10/2012,1380,1380,1350,1370,244215
01/11/2012,1360,1370,1330,1370,360260
02/11/2012,1370,1380,1360,1370,206815
05/11/2012,1380,1380,1340,1350,156850
06/11/2012,1360,1400,1350,1390,336615
07/11/2012,1390,1410,1370,1410,276365
08/11/2012,1380,1390,1360,1390,302855
09/11/2012,1380,1410,1370,1410,469180
12/11/2012,1410,1430,1400,1420,306820
13/11/2012,1420,1420,1400,1420,174810
14/11/2012,1420,1430,1410,1430,293165
19/11/2012,1420,1430,1380,1400,242015
20/11/2012,1400,1410,1370,1390,81790
21/11/2012,1390,1390,1360,1380,125170
22/11/2012,1380,1390,1360,1370,108295
23/11/2012,1370,1370,1340,1350,410750
26/11/2012,1350,1370,1350,1350,127650
27/11/2012,1370,1370,1350,1360,143420
28/11/2012,1370,1390,1330,1390,239755
29/11/2012,1380,1380,1340,1350,282610
30/11/2012,1350,1370,1320,1340,401390
03/12/2012,1320,1340,1320,1320,115590
04/12/2012,1320,1340,1320,1340,157675
05/12/2012,1350,1370,1340,1370,111865
06/12/2012,1370,1390,1360,1370,141065
07/12/2012,1370,1400,1370,1380,186470
10/12/2012,1370,1390,1370,1390,155625
11/12/2012,1400,1420,1390,1410,394570
12/12/2012,1410,1470,1410,1460,824230
13/12/2012,1460,1610,1450,1600,1901370
14/12/2012,1600,1610,1570,1570,431845
17/12/2012,1570,1600,1570,1590,420170
18/12/2012,1600,1600,1570,1590,258175
19/12/2012,1600,1600,1570,1580,469065
20/12/2012,1590,1590,1540,1560,234445
21/12/2012,1560,1580,1530,1570,247170
26/12/2012,1560,1600,1540,1600,193780
27/12/2012,1590,1600,1570,1590,339270
28/12/2012,1600,1600,1560,1590,443490
02/01/2013,1590,1770,1590,1740,1303720
03/01/2013,1760,1770,1720,1750,586910
04/01/2013,1750,1760,1720,1750,328585
07/01/2013,1750,1760,1730,1730,305760
08/01/2013,1730,1750,1700,1740,253635
09/01/2013,1750,1760,1710,1730,267005
10/01/2013,1740,1750,1730,1750,193935
11/01/2013,1750,1750,1650,1660,306785
14/01/2013,1680,1700,1620,1690,247765
15/01/2013,1700,1720,1670,1690,232045
16/01/2013,1700,1700,1660,1700,150750
17/01/2013,1710,1710,1660,1670,132315
18/01/2013,1670,1690,1670,1690,295105
21/01/2013,1690,1700,1620,1650,337970
22/01/2013,1660,1660,1610,1620,219915
23/01/2013,1630,1650,1610,1630,134965
25/01/2013,1640,1700,1640,1700,427300
28/01/2013,1700,1730,1670,1670,189145
29/01/2013,1690,1700,1660,1680,146735
30/01/2013,1680,1700,1670,1680,101020
31/01/2013,1670,1680,1630,1650,277835
01/02/2013,1650,1680,1630,1640,240220
04/02/2013,1640,1680,1610,1610,420325
05/02/2013,1600,1610,1550,1570,627160
06/02/2013,1600,1610,1580,1600,365580
07/02/2013,1600,1600,1560,1570,330700
08/02/2013,1570,1580,1560,1570,184235
11/02/2013,1590,1590,1570,1570,99090
12/02/2013,1580,1590,1570,1580,241890
13/02/2013,1590,1610,1580,1600,302725
14/02/2013,1610,1640,1610,1630,229450
15/02/2013,1630,1650,1600,1630,185920
18/02/2013,1630,1640,1610,1620,94390
19/02/2013,1630,1630,1560,1590,266370
20/02/2013,1610,1610,1580,1600,204255
21/02/2013,1590,1600,1570,1580,178205
22/02/2013,1570,1580,1550,1580,311985
25/02/2013,1590,1600,1560,1600,237895
26/02/2013,1580,1590,1550,1560,254535
27/02/2013,1570,1610,1570,1600,256510
28/02/2013,1610,1620,1570,1570,256415
01/03/2013,1570,1580,1560,1560,195425
04/03/2013,1560,1560,1490,1490,395330
05/03/2013,1510,1530,1500,1500,135540
06/03/2013,1520,1550,1510,1550,266145
07/03/2013,1550,1570,1520,1530,270570
08/03/2013,1540,1550,1530,1540,143795
11/03/2013,1540,1550,1520,1540,174960
13/03/2013,1540,1550,1500,1510,161070
14/03/2013,1510,1530,1480,1490,306460
15/03/2013,1500,1540,1490,1540,288780
18/03/2013,1540,1540,1490,1490,209800
19/03/2013,1480,1500,1450,1460,519380
20/03/2013,1460,1460,1390,1400,925375
21/03/2013,1390,1400,1330,1350,1024460
22/03/2013,1350,1370,1250,1290,1167580
25/03/2013,1300,1320,1260,1260,571535
26/03/2013,1270,1300,1260,1290,632590
27/03/2013,1290,1320,1280,1310,467595
28/03/2013,1310,1310,1290,1310,278505
01/04/2013,1310,1310,1290,1300,208490
02/04/2013,1300,1340,1300,1320,599450
03/04/2013,1330,1370,1310,1320,1238120
04/04/2013,1310,1330,1290,1300,514045
05/04/2013,1300,1310,1280,1290,338385
08/04/2013,1280,1290,1270,1270,204855
09/04/2013,1290,1290,1260,1260,237285
10/04/2013,1270,1300,1270,1280,260530
11/04/2013,1280,1300,1280,1290,183460
12/04/2013,1280,1300,1280,1290,145720
15/04/2013,1280,1290,1270,1270,235520
16/04/2013,1270,1270,1250,1250,403990
17/04/2013,1270,1280,1260,1270,132655
18/04/2013,1260,1280,1260,1280,177575
19/04/2013,1270,1280,1250,1260,186175
22/04/2013,1270,1270,1230,1230,300450
23/04/2013,1250,1260,1210,1220,384110
24/04/2013,1240,1250,1220,1240,189740
25/04/2013,1250,1250,1220,1220,138765
26/04/2013,1240,1250,1230,1230,162570
29/04/2013,1240,1240,1210,1230,104700
30/04/2013,1240,1240,1190,1230,386050
01/05/2013,1200,1210,1190,1200,214425
02/05/2013,1190,1210,1180,1200,188670
03/05/2013,1190,1220,1190,1200,185275
06/05/2013,1190,1210,1190,1200,143540
07/05/2013,1210,1220,1200,1210,59465
08/05/2013,1210,1220,1200,1200,101655
10/05/2013,1210,1240,1190,1190,455205
13/05/2013,1200,1200,1160,1170,276230
14/05/2013,1160,1170,1120,1150,271975
15/05/2013,1150,1150,1090,1090,597655
16/05/2013,1100,1100,1030,1050,907770
17/05/2013,1060,1110,1040,1100,1051960
20/05/2013,1120,1140,1100,1120,1446930
21/05/2013,1120,1130,1080,1110,285065
22/05/2013,1110,1130,1090,1110,285725
23/05/2013,1110,1110,1060,1060,349475
24/05/2013,1070,1090,1060,1070,392210
27/05/2013,1080,1080,1020,1030,528240
28/05/2013,1040,1050,1020,1030,300245
29/05/2013,1030,1030,990,990,622690
30/05/2013,970,970,940,950,914290
31/05/2013,950,960,920,930,598655
03/06/2013,930,930,880,890,607485
04/06/2013,890,930,880,910,711715
05/06/2013,910,910,880,910,635990
07/06/2013,910,910,840,840,942025
10/06/2013,860,880,840,860,675845
11/06/2013,880,890,810,820,626340
12/06/2013,810,850,800,830,448275
13/06/2013,840,840,810,830,356500
14/06/2013,850,890,840,840,461960
17/06/2013,840,880,840,850,376820
18/06/2013,850,870,850,850,179385
19/06/2013,870,870,810,810,502450
20/06/2013,800,810,770,790,488685
21/06/2013,760,840,750,830,704555
24/06/2013,820,830,770,770,305870
25/06/2013,800,810,760,770,424455
26/06/2013,780,820,770,810,488785
27/06/2013,820,830,790,800,378390
28/06/2013,810,860,800,860,597710
01/07/2013,850,860,820,830,192475
02/07/2013,830,840,790,800,345760
03/07/2013,810,810,760,770,356745
04/07/2013,770,810,770,770,456275
05/07/2013,780,790,770,790,166130
08/07/2013,780,780,760,760,350965
09/07/2013,770,770,740,740,368705
10/07/2013,750,760,720,720,674195
11/07/2013,720,750,690,700,1117600
12/07/2013,700,720,690,710,765610
15/07/2013,700,710,680,700,314785
16/07/2013,700,710,680,690,369375
17/07/2013,690,720,670,700,1483000
18/07/2013,710,740,700,710,1009220
19/07/2013,710,720,700,700,382480
22/07/2013,710,710,690,700,329120
23/07/2013,710,720,700,710,356665
24/07/2013,710,720,700,720,455030
25/07/2013,720,730,700,710,450675
26/07/2013,710,720,700,710,511770
29/07/2013,700,710,690,700,331660
30/07/2013,700,710,690,710,190360
31/07/2013,710,720,690,700,311780
01/08/2013,700,700,660,680,460215
02/08/2013,690,690,640,650,541985
12/08/2013,660,800,660,770,1850140
13/08/2013,780,820,750,790,1788180
14/08/2013,790,790,750,770,618340
15/08/2013,760,790,760,790,407915
16/08/2013,780,820,760,800,1220890
19/08/2013,790,790,730,740,1075060
20/08/2013,720,720,660,710,993890
21/08/2013,710,740,710,720,344980
22/08/2013,720,850,690,850,1544080
23/08/2013,850,870,820,850,921320
26/08/2013,850,890,850,870,446620
27/08/2013,850,880,820,860,897590
28/08/2013,830,880,820,870,810570
29/08/2013,880,920,860,910,971840
30/08/2013,920,940,890,930,1193220
02/09/2013,920,980,910,960,963415
03/09/2013,970,1000,960,970,1564060
04/09/2013,970,1000,950,960,1320300
05/09/2013,960,990,940,990,688275
06/09/2013,980,990,960,990,427425
09/09/2013,990,1030,990,1010,754690
10/09/2013,1020,1030,870,910,2167720
11/09/2013,930,950,880,950,1337840
12/09/2013,960,980,940,970,611630
13/09/2013,970,970,930,940,445735
16/09/2013,950,960,940,950,449945
17/09/2013,950,960,920,950,602065
18/09/2013,940,960,940,950,396830
19/09/2013,970,980,950,970,1143660
20/09/2013,950,970,940,960,287425
23/09/2013,930,960,930,960,222025
24/09/2013,960,970,910,930,303450
25/09/2013,900,930,900,930,232165
26/09/2013,920,950,910,920,146380
27/09/2013,940,940,910,910,151120
30/09/2013,890,900,890,900,249200
01/10/2013,900,900,890,890,135440
02/10/2013,920,930,900,900,196865
03/10/2013,900,950,900,940,567095
04/10/2013,940,950,900,900,340545
07/10/2013,900,920,890,910,318070
08/10/2013,900,920,900,920,205875
09/10/2013,920,1000,900,990,1221550
10/10/2013,1000,1020,980,990,632470
11/10/2013,1010,1010,980,990,472645
16/10/2013,980,990,960,970,347130
17/10/2013,980,1060,970,1040,1148080
18/10/2013,1050,1130,1040,1120,1169710
21/10/2013,1120,1130,1050,1070,640165
22/10/2013,1060,1100,1050,1070,557535
23/10/2013,1070,1090,1050,1060,311870
24/10/2013,1060,1080,1050,1070,377545
25/10/2013,1060,1090,1010,1060,1541020
28/10/2013,1060,1060,1030,1040,330820
29/10/2013,1040,1040,1010,1020,320795
30/10/2013,1020,1050,1000,1050,429860
31/10/2013,1030,1040,1010,1020,345485
01/11/2013,1010,1060,1010,1040,687485
04/11/2013,1040,1070,1040,1060,714555
06/11/2013,1070,1070,1030,1030,683930
07/11/2013,1050,1100,1040,1080,1258620
08/11/2013,1070,1160,1070,1160,2313300
11/11/2013,1160,1210,1140,1190,1780830
12/11/2013,1170,1190,1140,1150,1116610
13/11/2013,1140,1170,1120,1140,662265
14/11/2013,1150,1200,1150,1180,1098040
15/11/2013,1190,1200,1160,1170,528385
18/11/2013,1180,1240,1180,1220,1384280
19/11/2013,1220,1230,1160,1190,825570
20/11/2013,1190,1200,1140,1170,653655
21/11/2013,1160,1170,1140,1150,174725
22/11/2013,1170,1180,1140,1180,199910
25/11/2013,1180,1230,1170,1210,688890
26/11/2013,1220,1230,1140,1140,711570
27/11/2013,1170,1170,1110,1130,478740
28/11/2013,1140,1150,1090,1120,443445
29/11/2013,1100,1160,1100,1130,488690
02/12/2013,1120,1170,1120,1140,375415
03/12/2013,1140,1160,1120,1120,365385
04/12/2013,1100,1180,1090,1170,983780
05/12/2013,1170,1200,1140,1190,689910
06/12/2013,1180,1190,1160,1170,437780
09/12/2013,1170,1200,1170,1200,303580
10/12/2013,1200,1250,1190,1230,1191640
11/12/2013,1230,1250,1210,1220,383625
12/12/2013,1200,1210,1170,1180,549890
13/12/2013,1190,1190,1150,1160,471595
16/12/2013,1160,1160,1100,1110,409345
17/12/2013,1110,1140,1110,1130,496385
18/12/2013,1130,1170,1110,1150,973105
19/12/2013,1160,1170,1130,1150,761480
20/12/2013,1150,1150,1110,1130,362450
23/12/2013,1120,1130,1100,1120,234665
24/12/2013,1110,1140,1100,1120,160695
27/12/2013,1120,1130,1070,1080,476620
30/12/2013,1080,1090,1040,1090,526915
02/01/2014,1090,1110,1060,1060,369830
03/01/2014,1050,1060,1000,1010,528230
06/01/2014,1010,1010,905,930,958330
07/01/2014,930,945,870,880,1613160
08/01/2014,885,940,880,940,1600140
09/01/2014,940,970,935,945,1195830
10/01/2014,960,965,930,940,545241
13/01/2014,945,960,935,955,600904
15/01/2014,955,990,930,950,1302140
16/01/2014,960,985,955,975,664383
17/01/2014,970,985,970,975,315108
20/01/2014,975,990,970,975,333443
21/01/2014,980,1005,980,980,853147
22/01/2014,985,1025,980,1025,965508
23/01/2014,1035,1050,1020,1025,931970
24/01/2014,1015,1040,1010,1040,557902
27/01/2014,1010,1015,960,965,1148880
28/01/2014,965,975,930,935,918857
29/01/2014,945,965,940,955,418572
30/01/2014,940,960,930,950,602671
03/02/2014,960,965,910,910,799748
04/02/2014,890,905,880,895,610985
05/02/2014,920,920,900,905,464154
06/02/2014,905,910,900,910,524594
07/02/2014,915,925,905,905,717463
10/02/2014,915,920,905,910,655177
11/02/2014,910,950,910,945,1160860
12/02/2014,955,955,935,940,835018
13/02/2014,940,950,930,935,377146
14/02/2014,945,945,930,945,237549
17/02/2014,945,980,935,975,911178
18/02/2014,975,980,950,955,823436
19/02/2014,955,965,950,950,400238
20/02/2014,950,975,950,975,647878
21/02/2014,985,990,970,970,573283
24/02/2014,970,980,960,970,273649
25/02/2014,975,975,940,940,453688
26/02/2014,930,950,930,935,332616
27/02/2014,935,965,935,950,348252
28/02/2014,960,995,950,995,580932
03/03/2014,980,990,970,980,416487
04/03/2014,975,1025,970,1015,1501320
05/03/2014,1025,1040,1005,1020,682003
06/03/2014,1015,1025,1000,1020,573216
07/03/2014,1030,1035,1010,1015,584858
10/03/2014,1005,1020,995,1000,578314
11/03/2014,995,1010,960,965,894339
12/03/2014,955,960,945,945,609402
13/03/2014,950,985,950,970,599738
14/03/2014,970,985,955,970,384719
17/03/2014,975,990,965,980,436675
18/03/2014,980,1010,975,975,1050580
19/03/2014,980,1005,980,1000,895132
20/03/2014,1005,1015,960,960,940102
21/03/2014,980,990,945,990,1134230
24/03/2014,990,995,975,975,316523
25/03/2014,970,980,965,980,297467
26/03/2014,985,990,975,975,443756
27/03/2014,980,985,970,970,338008
28/03/2014,975,980,970,980,271644
01/04/2014,985,995,980,985,385152
02/04/2014,985,995,970,980,519166
03/04/2014,985,985,970,985,215305
04/04/2014,985,985,970,970,130033
07/04/2014,970,990,970,980,280611
08/04/2014,985,990,965,970,378705
10/04/2014,965,975,930,955,704610
11/04/2014,940,1010,940,1010,929534
14/04/2014,1020,1055,1010,1010,821793
15/04/2014,1020,1030,970,970,772765
16/04/2014,975,995,975,985,470974
17/04/2014,990,990,975,980,205528
21/04/2014,985,990,975,975,111382
22/04/2014,980,1015,975,1010,631006
23/04/2014,1015,1070,1010,1070,1456080
24/04/2014,1080,1110,1060,1085,1298500
25/04/2014,1095,1105,1090,1090,654690
28/04/2014,1095,1145,1085,1135,849127
29/04/2014,1130,1135,1110,1125,409204
30/04/2014,1150,1205,1150,1185,1465840
02/05/2014,1190,1195,1135,1140,439383
05/05/2014,1150,1175,1125,1165,505928
06/05/2014,1170,1200,1165,1180,478565
07/05/2014,1175,1185,1135,1135,623625
08/05/2014,1135,1150,1100,1100,678194
09/05/2014,1110,1130,1105,1120,392126
12/05/2014,1120,1205,1120,1195,1242240
13/05/2014,1205,1240,1190,1230,1747060
14/05/2014,1230,1250,1210,1235,945565
16/05/2014,1230,1245,1220,1245,710919
19/05/2014,1250,1280,1240,1275,1332260
20/05/2014,1280,1320,1255,1300,1343390
21/05/2014,1290,1300,1255,1285,490550
22/05/2014,1290,1305,1270,1300,700690
23/05/2014,1300,1315,1290,1305,502635
26/05/2014,1310,1320,1300,1305,487633
28/05/2014,1305,1305,1270,1290,622248
30/05/2014,1295,1295,1225,1225,712007
02/06/2014,1220,1280,1185,1270,686395
03/06/2014,1290,1290,1245,1275,824371
04/06/2014,1285,1285,1265,1280,337811
05/06/2014,1285,1295,1270,1280,522925
06/06/2014,1290,1335,1285,1320,1120890
09/06/2014,1335,1340,1265,1280,512114
10/06/2014,1285,1310,1280,1300,545736
11/06/2014,1310,1335,1300,1325,378488
12/06/2014,1310,1310,1270,1270,350403
13/06/2014,1260,1285,1250,1280,196437
16/06/2014,1270,1290,1225,1225,342027
17/06/2014,1245,1285,1235,1285,476122
18/06/2014,1290,1305,1255,1265,377119
19/06/2014,1265,1265,1230,1230,463576
20/06/2014,1235,1245,1185,1185,665315
23/06/2014,1195,1205,1155,1155,762121
24/06/2014,1160,1170,1130,1135,547132
25/06/2014,1140,1160,1135,1145,287706
26/06/2014,1160,1200,1155,1200,851050
27/06/2014,1200,1200,1170,1185,294537
30/06/2014,1195,1195,1165,1175,319374
01/07/2014,1185,1190,1160,1165,281016
02/07/2014,1160,1200,1160,1200,490213
03/07/2014,1200,1210,1180,1190,480883
04/07/2014,1180,1200,1180,1190,180516
07/07/2014,1195,1210,1180,1195,588288
08/07/2014,1195,1210,1180,1180,622342
10/07/2014,1200,1200,1170,1180,498993
11/07/2014,1175,1175,1105,1130,891825
14/07/2014,1120,1135,1090,1105,526218
15/07/2014,1115,1145,1105,1145,494148
16/07/2014,1150,1170,1135,1150,916352
17/07/2014,1150,1160,1100,1110,778236
18/07/2014,1095,1120,1090,1115,386690
21/07/2014,1125,1145,1120,1130,601575
22/07/2014,1135,1135,1080,1095,528035
23/07/2014,1100,1115,1095,1105,261728
24/07/2014,1120,1155,1105,1155,727211
25/07/2014,1155,1185,1140,1185,1144890
04/08/2014,1180,1235,1170,1235,1744160
05/08/2014,1240,1270,1230,1255,1024540
06/08/2014,1245,1255,1230,1255,395666
07/08/2014,1260,1295,1250,1270,740365
08/08/2014,1270,1270,1250,1255,319268
11/08/2014,1260,1270,1250,1265,325893
12/08/2014,1255,1285,1255,1265,260460
13/08/2014,1270,1285,1270,1285,274763
14/08/2014,1290,1320,1285,1295,577952
15/08/2014,1305,1310,1285,1295,204510
18/08/2014,1300,1325,1300,1320,563268
19/08/2014,1330,1340,1315,1330,374294
20/08/2014,1335,1340,1315,1320,360306
21/08/2014,1315,1320,1265,1280,709573
22/08/2014,1290,1290,1250,1255,353965
25/08/2014,1265,1265,1225,1230,465544
26/08/2014,1240,1280,1225,1270,656505
27/08/2014,1270,1345,1270,1340,1119820
28/08/2014,1330,1345,1315,1315,526949
29/08/2014,1310,1350,1295,1315,669898
01/09/2014,1320,1325,1300,1320,112056
02/09/2014,1320,1335,1300,1335,345674
03/09/2014,1340,1370,1330,1370,851464
04/09/2014,1380,1390,1360,1375,440409
05/09/2014,1380,1385,1345,1355,238928
08/09/2014,1355,1390,1345,1385,449380
09/09/2014,1375,1380,1325,1330,341734
10/09/2014,1320,1335,1285,1285,359408
11/09/2014,1285,1305,1250,1285,528623
12/09/2014,1280,1315,1255,1305,573996
15/09/2014,1300,1305,1265,1275,247064
16/09/2014,1275,1285,1255,1270,314830
17/09/2014,1275,1320,1275,1320,773695
18/09/2014,1320,1330,1285,1290,272881
19/09/2014,1295,1300,1260,1265,368022
22/09/2014,1270,1285,1250,1255,246951
23/09/2014,1270,1280,1255,1270,312460
24/09/2014,1270,1285,1260,1265,190168
25/09/2014,1275,1285,1265,1275,337775
26/09/2014,1260,1260,1195,1195,684798
29/09/2014,1195,1205,1160,1175,105066
30/09/2014,1150,1185,1150,1175,515195
01/10/2014,1180,1185,1160,1160,370588
02/10/2014,1150,1150,1105,1120,395228
03/10/2014,1125,1135,1090,1105,309662
06/10/2014,1115,1145,1090,1140,380504
07/10/2014,1145,1175,1135,1140,477459
08/10/2014,1110,1170,1105,1155,380199
09/10/2014,1165,1170,1140,1140,333204
10/10/2014,1110,1125,1085,1090,642720
13/10/2014,1070,1080,1005,1010,834855
14/10/2014,995,1025,990,1010,1039680
15/10/2014,1010,1020,940,940,1023980
16/10/2014,930,980,920,965,1652480
17/10/2014,975,980,955,980,1097970
20/10/2014,985,1015,960,960,1249410
21/10/2014,970,990,965,975,513865
22/10/2014,990,1035,980,1030,1337090
23/10/2014,1030,1075,1025,1050,844016
24/10/2014,1055,1060,1030,1055,328105
27/10/2014,1060,1080,1035,1045,380252
28/10/2014,1045,1045,1015,1030,335626
29/10/2014,1045,1110,1040,1100,1007340
30/10/2014,1100,1120,1080,1100,456746
31/10/2014,1100,1135,1090,1135,573078
03/11/2014,1140,1150,1130,1150,428688
04/11/2014,1140,1150,1130,1140,201843
05/11/2014,1140,1140,1090,1100,340541
06/11/2014,1110,1115,1080,1080,184747
07/11/2014,1080,1100,1075,1095,188697
10/11/2014,1105,1130,1085,1085,215665
11/11/2014,1090,1110,1090,1090,185481
12/11/2014,1100,1105,1015,1020,645185
13/11/2014,1020,1035,990,1000,612193
14/11/2014,990,1005,980,1000,308912
17/11/2014,1020,1020,1000,1005,531473
18/11/2014,1000,1030,980,1015,1217000
19/11/2014,1020,1045,1015,1030,1123190
20/11/2014,1035,1070,1025,1070,1161920
21/11/2014,1070,1085,1060,1075,694928
24/11/2014,1085,1105,1080,1090,580334
25/11/2014,1080,1110,1060,1095,855648
26/11/2014,1090,1105,1080,1105,806017
27/11/2014,1105,1110,1090,1100,387195
28/11/2014,1090,1090,1075,1080,405527
01/12/2014,1080,1080,1055,1065,280963
02/12/2014,1075,1100,1070,1085,460109
03/12/2014,1090,1115,1085,1095,877615
04/12/2014,1100,1145,1095,1135,940050
05/12/2014,1140,1145,1120,1120,293521
08/12/2014,1125,1135,1090,1095,325924
09/12/2014,1085,1105,1080,1090,238247
10/12/2014,1090,1100,1060,1065,642652
11/12/2014,1055,1075,1040,1060,545465
12/12/2014,1050,1050,1025,1025,697441
15/12/2014,1005,1025,995,1025,375078
16/12/2014,1000,1055,995,1040,1057450
17/12/2014,1055,1075,1050,1050,737976
18/12/2014,1065,1075,1055,1065,474878
19/12/2014,1080,1090,1050,1060,930827
22/12/2014,1075,1075,1050,1060,477735
23/12/2014,1060,1065,1050,1055,104563
24/12/2014,1055,1065,1055,1060,89228
29/12/2014,1050,1065,1040,1040,107394
30/12/2014,1045,1050,1030,1040,425941
02/01/2015,1045,1050,1035,1040,62168
05/01/2015,1050,1050,1015,1025,231669
06/01/2015,1005,1025,1005,1010,157002
07/01/2015,1015,1030,1000,1010,183073
08/01/2015,1010,1015,980,985,960542
09/01/2015,995,1020,990,1005,521359
12/01/2015,1010,1015,995,995,215584
13/01/2015,990,1000,960,965,884522
14/01/2015,955,970,945,945,780955
15/01/2015,955,955,930,935,991773
16/01/2015,925,955,925,935,610194
19/01/2015,950,955,940,945,374129
20/01/2015,955,985,935,980,839601
21/01/2015,985,1010,970,1005,822779
22/01/2015,1015,1020,1000,1015,655124
23/01/2015,1025,1030,985,1000,624775
26/01/2015,990,1000,975,980,249104
27/01/2015,985,1005,985,1000,284186
28/01/2015,1000,1010,995,995,448507
29/01/2015,990,995,980,985,278624
30/01/2015,995,1000,980,1000,438669
02/02/2015,1000,1005,985,995,346430
03/02/2015,1005,1010,990,990,651639
04/02/2015,1005,1025,995,1000,1767230
05/02/2015,1000,1005,995,995,511069
06/02/2015,1005,1005,985,995,898731
09/02/2015,1000,1000,975,980,409992
10/02/2015,985,1005,980,995,758021
11/02/2015,990,1005,980,980,734074
12/02/2015,980,995,980,985,584909
13/02/2015,995,1015,990,1000,1254380
16/02/2015,1010,1015,990,990,466405
17/02/2015,990,1005,990,1000,394990
18/02/2015,1000,1005,995,995,282539
20/02/2015,995,1005,985,995,631883
23/02/2015,1000,1000,975,980,627554
24/02/2015,980,980,955,965,804244
25/02/2015,960,975,950,960,654806
26/02/2015,965,970,940,945,631746
27/02/2015,945,965,940,960,984930
02/03/2015,970,1025,965,1020,2109630
03/03/2015,1025,1035,1015,1015,798438
04/03/2015,1010,1015,985,985,632539
05/03/2015,995,1015,990,1005,698800
06/03/2015,1005,1010,985,985,575876
09/03/2015,980,1000,975,990,250893
10/03/2015,985,995,980,985,270199
11/03/2015,975,975,955,955,655179
12/03/2015,955,980,955,970,367225
13/03/2015,975,980,960,970,235494
16/03/2015,960,965,945,945,416292
17/03/2015,950,960,950,955,274953
18/03/2015,945,965,945,955,267209
19/03/2015,965,970,960,970,192864
20/03/2015,965,970,950,950,387152
23/03/2015,960,980,960,970,539653
24/03/2015,975,995,975,975,401232
25/03/2015,980,985,960,965,385779
26/03/2015,955,970,935,945,394229
27/03/2015,945,955,935,950,298950
30/03/2015,960,965,950,960,299924
31/03/2015,970,970,950,950,452476
01/04/2015,955,965,950,960,301023
02/04/2015,960,985,960,980,515293
06/04/2015,990,990,975,980,78679
07/04/2015,985,990,975,980,112531
08/04/2015,980,985,965,965,284477
09/04/2015,965,980,965,980,196643
10/04/2015,980,980,960,975,188293
13/04/2015,970,980,955,955,345721
14/04/2015,960,970,950,955,315287
15/04/2015,960,965,950,960,242395
16/04/2015,970,980,965,965,433669
17/04/2015,960,980,960,960,316860
20/04/2015,965,965,950,950,339053
21/04/2015,950,975,950,975,387195
22/04/2015,965,975,960,970,153305
23/04/2015,975,980,965,980,335137
24/04/2015,985,985,955,970,246277
27/04/2015,970,975,920,920,305230
28/04/2015,910,930,910,930,223891
29/04/2015,930,945,865,895,374391
30/04/2015,890,900,835,875,713546
04/05/2015,850,875,835,845,294891
05/05/2015,850,870,840,870,203508
06/05/2015,860,885,860,875,296931
07/05/2015,870,875,850,855,320870
08/05/2015,860,875,850,860,422208
11/05/2015,865,915,865,905,756448
12/05/2015,905,940,900,915,746101
13/05/2015,925,940,910,930,409967
15/05/2015,910,925,900,905,515842
18/05/2015,900,915,870,880,421906
19/05/2015,880,895,880,895,114278
20/05/2015,895,900,880,890,169659
21/05/2015,880,895,880,880,229180
22/05/2015,885,890,880,885,129465
25/05/2015,885,885,875,875,41208
26/05/2015,880,915,875,900,741726
27/05/2015,895,905,880,895,983214
28/05/2015,905,910,890,900,656215
29/05/2015,895,900,860,860,523430
01/06/2015,880,885,865,880,118834
03/06/2015,900,925,900,925,845890
04/06/2015,925,925,890,890,225662
05/06/2015,885,900,880,895,154681
08/06/2015,890,900,865,865,102037
09/06/2015,875,875,830,835,323880
10/06/2015,840,850,830,830,355080
11/06/2015,840,845,810,840,258365
12/06/2015,845,845,830,830,212433
15/06/2015,820,820,755,765,214251
16/06/2015,775,800,765,780,330486
17/06/2015,790,810,790,805,222588
18/06/2015,805,805,775,775,186895
19/06/2015,795,810,780,810,345956
22/06/2015,815,815,790,790,85311
23/06/2015,800,805,780,785,261895
24/06/2015,780,795,780,790,191208
25/06/2015,780,790,775,780,195261
26/06/2015,780,785,770,785,134241
29/06/2015,775,785,760,760,260136
30/06/2015,760,775,760,760,295276
01/07/2015,760,770,755,755,179108
02/07/2015,760,775,750,760,414894
03/07/2015,760,770,755,760,185053
06/07/2015,755,760,735,740,243154
07/07/2015,740,745,695,700,488937
08/07/2015,695,705,655,655,557606
09/07/2015,650,665,605,630,1173690
10/07/2015,635,655,620,635,599803
13/07/2015,640,645,610,620,367324
14/07/2015,620,625,580,585,781815
15/07/2015,590,605,585,595,562106
22/07/2015,600,600,560,575,893471
23/07/2015,580,600,575,595,733460
24/07/2015,590,595,555,560,624308
27/07/2015,560,575,550,555,382678
28/07/2015,565,600,550,600,926504
29/07/2015,600,615,575,590,1220110
30/07/2015,600,600,580,585,442388
31/07/2015,590,595,580,590,616464
03/08/2015,590,595,560,570,420269
04/08/2015,570,600,565,590,723996
05/08/2015,595,610,585,600,1079590
06/08/2015,600,600,590,595,644338
07/08/2015,595,595,575,580,227681
10/08/2015,580,580,560,565,228179
11/08/2015,570,580,520,530,714439
12/08/2015,505,505,471,485,1147930
13/08/2015,491,505,489,498,500000
14/08/2015,505,505,490,500,181929
18/08/2015,492,500,484,487,392561
19/08/2015,497,500,484,486,251870
20/08/2015,491,491,480,484,214896
21/08/2015,484,495,472,490,411830
24/08/2015,480,480,467,474,273431
25/08/2015,468,585,468,545,1046360
26/08/2015,545,580,520,540,799136
27/08/2015,555,590,545,590,1339140
28/08/2015,605,650,600,620,1134600
31/08/2015,625,635,590,595,837997
01/09/2015,595,620,575,575,483812
02/09/2015,565,615,555,610,547426
03/09/2015,620,630,610,620,298316
04/09/2015,620,620,570,580,269905
07/09/2015,580,595,555,555,134765
08/09/2015,555,585,555,570,184735
09/09/2015,580,595,575,580,553596
10/09/2015,570,570,540,540,703796
11/09/2015,550,565,545,565,395085
14/09/2015,575,585,565,570,329682
15/09/2015,575,580,560,580,207953
16/09/2015,590,590,565,570,219346
17/09/2015,585,590,575,585,286470
18/09/2015,585,610,580,600,527930
21/09/2015,590,610,585,600,180310
22/09/2015,605,615,590,595,310762
23/09/2015,590,595,570,580,357785
25/09/2015,580,585,565,585,208458
28/09/2015,585,590,550,550,256830
29/09/2015,525,540,510,535,438291
30/09/2015,520,540,515,535,508324
01/10/2015,515,545,515,530,418754
02/10/2015,525,530,515,520,379954
05/10/2015,525,540,525,535,710600
06/10/2015,545,570,540,560,1053480
07/10/2015,570,630,570,615,1135890
08/10/2015,620,625,590,620,540641
09/10/2015,635,710,635,680,1397460
12/10/2015,685,705,680,700,697455
13/10/2015,695,695,635,635,645422
15/10/2015,635,665,620,640,505117
16/10/2015,650,675,620,640,837945
19/10/2015,650,660,635,645,412426
20/10/2015,640,695,640,670,655854
21/10/2015,685,695,645,650,401181
22/10/2015,650,655,630,635,208338
23/10/2015,650,675,645,670,416858
26/10/2015,675,680,660,680,293600
27/10/2015,675,675,650,665,265593
28/10/2015,650,660,645,650,464034
29/10/2015,650,660,605,615,521958
30/10/2015,610,620,585,595,566851
02/11/2015,600,615,590,610,564669
03/11/2015,620,645,620,640,472940
04/11/2015,650,660,645,655,270796
05/11/2015,650,655,625,630,236350
06/11/2015,640,645,620,620,168826
09/11/2015,630,640,615,615,336950
10/11/2015,615,635,610,610,215851
11/11/2015,615,645,605,640,556088
12/11/2015,640,645,610,610,309236
13/11/2015,600,610,580,580,418011
16/11/2015,575,575,555,560,336244
17/11/2015,570,575,555,555,328275
18/11/2015,560,580,555,575,500657
19/11/2015,585,605,585,600,380957
20/11/2015,605,605,585,585,246395
23/11/2015,595,595,570,570,166152
24/11/2015,560,580,560,565,264563
25/11/2015,565,585,565,585,290683
26/11/2015,590,595,580,585,336767
27/11/2015,585,585,565,565,134921
30/11/2015,555,565,525,550,977677
01/12/2015,555,560,540,545,295975
02/12/2015,550,550,530,540,306319
03/12/2015,535,535,525,535,235644
04/12/2015,525,540,520,525,387755
07/12/2015,525,530,510,510,254203
08/12/2015,500,515,490,490,515714
10/12/2015,490,498,472,475,577391
11/12/2015,480,494,475,485,506301
14/12/2015,475,482,475,477,233737
15/12/2015,477,482,441,463,861732
16/12/2015,465,510,458,492,754878
17/12/2015,500,530,498,510,616639
18/12/2015,505,515,490,490,531073
21/12/2015,494,505,494,495,138104
22/12/2015,500,510,497,500,236056
23/12/2015,505,505,500,500,53052
28/12/2015,505,520,500,510,199292
29/12/2015,505,520,500,520,238743
30/12/2015,530,530,515,515,81579
04/01/2016,510,515,494,494,208647
05/01/2016,500,510,495,499,225094
06/01/2016,499,510,495,500,491505
07/01/2016,495,500,485,485,235837
08/01/2016,490,499,490,493,181869
11/01/2016,493,499,486,486,169604
12/01/2016,486,490,481,481,99160
13/01/2016,481,488,473,473,331031
14/01/2016,469,471,450,464,398559
15/01/2016,467,469,449,449,431457
18/01/2016,440,452,439,450,182520
19/01/2016,453,463,451,461,217657
20/01/2016,460,466,437,437,349310
21/01/2016,441,462,441,450,584606
22/01/2016,460,520,456,515,724364
25/01/2016,525,530,497,498,386178
26/01/2016,493,493,476,476,281743
27/01/2016,488,495,475,477,339937
28/01/2016,490,520,490,520,588836
29/01/2016,530,540,510,525,572872
01/02/2016,535,535,500,515,262625
02/02/2016,500,580,500,555,909984
03/02/2016,545,580,535,575,418124
04/02/2016,585,630,570,620,837855
05/02/2016,620,655,620,640,658100
09/02/2016,620,625,580,590,382877
10/02/2016,575,595,565,575,313828
11/02/2016,575,615,575,605,683114
12/02/2016,600,610,585,600,159887
15/02/2016,610,620,580,585,342917
16/02/2016,595,620,590,615,813781
17/02/2016,615,630,610,620,344755
18/02/2016,630,645,595,605,835216
19/02/2016,595,620,580,585,437091
22/02/2016,590,600,580,595,280735
23/02/2016,610,615,595,595,388704
24/02/2016,600,605,585,595,116484
25/02/2016,605,605,570,570,232022
26/02/2016,585,600,575,600,452391
29/02/2016,600,610,595,605,550463
01/03/2016,610,670,610,670,1161870
02/03/2016,685,690,655,660,883310
03/03/2016,665,675,645,650,593665
04/03/2016,660,685,660,680,685116
07/03/2016,685,745,685,745,981666
08/03/2016,755,795,755,790,1216220
10/03/2016,775,800,760,770,460943
11/03/2016,760,770,725,725,1003730
14/03/2016,735,750,730,740,444785
15/03/2016,735,735,700,700,597148
16/03/2016,705,735,700,730,517662
17/03/2016,745,755,735,745,780107
18/03/2016,755,760,680,680,1517890
21/03/2016,685,715,680,705,1173960
22/03/2016,710,720,690,695,529998
23/03/2016,695,705,690,690,295369
24/03/2016,680,685,645,660,532190
28/03/2016,660,680,655,670,267702
29/03/2016,665,670,650,650,255903
30/03/2016,660,670,650,665,368601
31/03/2016,665,670,640,645,759554
01/04/2016,645,665,645,665,359844
04/04/2016,665,690,655,680,551004
05/04/2016,680,685,670,670,227764
06/04/2016,665,695,665,695,682699
07/04/2016,705,715,690,690,868288
08/04/2016,685,705,680,705,461406
11/04/2016,715,715,700,710,502815
12/04/2016,710,715,695,695,634382
13/04/2016,705,740,705,740,1580470
14/04/2016,745,745,715,720,1070560
15/04/2016,730,730,690,700,492162
18/04/2016,685,695,665,685,610024
19/04/2016,700,705,690,700,363275
20/04/2016,705,730,700,720,671973
21/04/2016,730,760,725,750,1286420
22/04/2016,745,760,735,745,621496
25/04/2016,745,770,740,750,578836
26/04/2016,745,745,710,720,540107
27/04/2016,735,735,710,725,245753
28/04/2016,735,745,715,735,362857
29/04/2016,730,735,715,730,329406
02/05/2016,720,730,695,715,226774
03/05/2016,725,725,705,715,236862
04/05/2016,705,720,695,720,293094
09/05/2016,710,715,675,695,511826
10/05/2016,675,685,655,665,412108
11/05/2016,670,700,660,685,454895
12/05/2016,685,700,685,695,139312
13/05/2016,690,695,670,670,188583
16/05/2016,670,695,665,685,222691
17/05/2016,700,710,680,695,570664
18/05/2016,690,705,680,690,322059
19/05/2016,685,685,675,675,180457
20/05/2016,680,685,670,670,148230
23/05/2016,675,685,670,670,158033
24/05/2016,675,680,655,660,258910
25/05/2016,670,690,670,680,312835
26/05/2016,685,705,675,700,854738
27/05/2016,710,710,690,695,382417
30/05/2016,700,710,695,695,270246
31/05/2016,700,710,690,710,465784
01/06/2016,710,725,705,720,568133
02/06/2016,725,770,720,755,1386550
03/06/2016,760,825,760,815,1796590
06/06/2016,825,845,815,840,763106
07/06/2016,845,915,830,910,1526640
08/06/2016,920,930,870,870,1291520
09/06/2016,880,945,870,925,1466440
10/06/2016,925,935,880,890,567846
13/06/2016,870,875,855,860,257529
14/06/2016,860,895,845,845,608037
15/06/2016,845,875,830,865,1013260
16/06/2016,865,865,840,845,641396
17/06/2016,840,850,800,800,1274610
20/06/2016,815,850,815,845,861815
21/06/2016,855,865,840,845,920116
22/06/2016,850,870,845,845,814297
23/06/2016,850,865,840,850,961792
24/06/2016,850,855,805,840,727013
27/06/2016,830,840,820,835,225300
28/06/2016,835,865,830,855,584949
29/06/2016,865,885,845,855,690760
30/06/2016,870,875,850,850,1012570
01/07/2016,860,895,860,885,739947
11/07/2016,900,940,900,925,1221610
12/07/2016,930,980,915,970,1200270
13/07/2016,990,1075,990,1025,1086740
14/07/2016,1045,1070,1030,1040,605851
15/07/2016,1045,1060,995,995,847826
18/07/2016,1020,1040,1005,1030,549461
19/07/2016,1030,1050,1015,1025,733712
20/07/2016,1020,1065,1020,1035,719543
21/07/2016,1050,1055,1035,1055,451799
22/07/2016,1055,1060,1040,1050,529712
25/07/2016,1045,1070,1030,1070,573995
26/07/2016,1070,1090,1060,1060,257718
27/07/2016,1065,1065,1025,1045,512850
28/07/2016,1045,1070,1035,1060,358547
29/07/2016,1055,1070,1000,1040,596445
01/08/2016,1040,1045,1015,1040,306946
02/08/2016,1055,1120,1055,1105,1278340
03/08/2016,1105,1190,1105,1140,1131500
04/08/2016,1175,1185,1110,1110,886008
05/08/2016,1120,1155,1120,1145,594475
08/08/2016,1150,1165,1140,1150,484904
09/08/2016,1170,1200,1155,1200,547679
10/08/2016,1200,1200,1140,1155,403750
11/08/2016,1145,1145,1085,1085,508953
12/08/2016,1130,1145,1110,1135,595543
15/08/2016,1140,1150,1105,1120,276189
16/08/2016,1120,1170,1110,1145,766502
18/08/2016,1160,1175,1150,1170,472357
19/08/2016,1150,1165,1100,1105,845631
22/08/2016,1110,1130,1100,1115,298975
23/08/2016,1115,1115,1065,1080,546124
24/08/2016,1090,1090,1055,1060,314022
25/08/2016,1060,1105,1055,1100,417640
26/08/2016,1100,1115,1065,1080,278609
29/08/2016,1080,1095,1050,1065,282370
30/08/2016,1100,1135,1070,1135,880374
31/08/2016,1145,1190,1140,1150,1402490
01/09/2016,1150,1190,1135,1185,602635
02/09/2016,1175,1190,1160,1170,209899
05/09/2016,1180,1220,1180,1220,500153
06/09/2016,1230,1245,1215,1225,284674
07/09/2016,1240,1250,1205,1245,551990
08/09/2016,1245,1285,1215,1270,786989
09/09/2016,1270,1275,1230,1270,289460
13/09/2016,1250,1250,1150,1165,517050
14/09/2016,1150,1150,1105,1120,480577
15/09/2016,1120,1170,1115,1165,482064
16/09/2016,1180,1195,1155,1165,577624
19/09/2016,1180,1210,1180,1185,302424
20/09/2016,1185,1195,1165,1180,383887
21/09/2016,1175,1180,1160,1170,224536
22/09/2016,1185,1230,1185,1185,538163
23/09/2016,1205,1230,1190,1210,433079
26/09/2016,1210,1215,1190,1200,138746
27/09/2016,1215,1215,1185,1210,471816
28/09/2016,1215,1215,1175,1200,285547
29/09/2016,1230,1290,1230,1280,722926
30/09/2016,1270,1270,1205,1205,391658
03/10/2016,1250,1300,1250,1300,417843
04/10/2016,1325,1345,1305,1305,549700
05/10/2016,1305,1325,1280,1290,322733
06/10/2016,1320,1370,1315,1360,851246
07/10/2016,1365,1380,1335,1375,442332
10/10/2016,1370,1400,1345,1385,406707
11/10/2016,1400,1415,1375,1400,534161
12/10/2016,1390,1410,1385,1405,308696
13/10/2016,1415,1430,1405,1405,296373
14/10/2016,1405,1425,1390,1425,355340
17/10/2016,1435,1480,1435,1460,466570
18/10/2016,1480,1520,1440,1440,525875
19/10/2016,1485,1545,1485,1530,880323
20/10/2016,1530,1540,1505,1510,356392
21/10/2016,1510,1545,1450,1500,1128020
24/10/2016,1500,1540,1495,1525,263328
25/10/2016,1540,1540,1520,1525,197555
26/10/2016,1545,1595,1545,1555,709863
27/10/2016,1590,1605,1535,1550,606306
28/10/2016,1565,1585,1555,1580,416908
31/10/2016,1560,1585,1555,1585,230610
01/11/2016,1605,1650,1605,1640,643286
02/11/2016,1650,1735,1645,1720,693737
03/11/2016,1700,1710,1630,1640,459760
04/11/2016,1605,1670,1580,1670,802305
07/11/2016,1685,1710,1675,1685,363789
08/11/2016,1700,1720,1610,1630,919281
09/11/2016,1635,1645,1475,1570,1886710
10/11/2016,1610,1685,1610,1650,1295780
11/11/2016,1590,1695,1550,1660,1180220
14/11/2016,1650,1680,1605,1605,731613
15/11/2016,1595,1650,1465,1465,955555
16/11/2016,1490,1555,1490,1535,1085260
17/11/2016,1530,1555,1500,1515,568858
18/11/2016,1500,1535,1480,1500,506467
21/11/2016,1500,1540,1480,1530,341814
22/11/2016,1555,1620,1550,1620,656686
23/11/2016,1650,1680,1595,1630,842386
24/11/2016,1635,1665,1620,1645,550371
25/11/2016,1665,1675,1635,1640,174229
28/11/2016,1660,1685,1645,1680,494006
29/11/2016,1680,1700,1630,1630,491418
30/11/2016,1660,1660,1530,1530,1160470
01/12/2016,1580,1620,1580,1610,464219
02/12/2016,1620,1670,1615,1665,453618
05/12/2016,1680,1735,1665,1730,949429
06/12/2016,1745,1770,1720,1730,576925
07/12/2016,1695,1720,1660,1710,376973
08/12/2016,1710,1710,1620,1650,361404
09/12/2016,1685,1700,1665,1680,281289
13/12/2016,1700,1715,1675,1700,443450
14/12/2016,1710,1710,1685,1690,284822
15/12/2016,1680,1700,1665,1670,258563
16/12/2016,1690,1710,1660,1660,644589
19/12/2016,1685,1710,1675,1695,509344
20/12/2016,1710,1710,1665,1700,160418
21/12/2016,1710,1710,1670,1670,228001
22/12/2016,1690,1695,1650,1680,236362
23/12/2016,1680,1705,1655,1655,225871
27/12/2016,1670,1685,1665,1675,70933
28/12/2016,1695,1700,1675,1690,178448
29/12/2016,1700,1705,1680,1690,155160
30/12/2016,1660,1705,1660,1695,271121
03/01/2017,1690,1750,1685,1740,645462
04/01/2017,1730,1735,1690,1700,450239
05/01/2017,1695,1710,1660,1665,346685
06/01/2017,1660,1705,1655,1695,241301
09/01/2017,1700,1720,1685,1720,253382
10/01/2017,1695,1705,1680,1685,192286
11/01/2017,1720,1760,1700,1745,548435
12/01/2017,1750,1750,1715,1715,222562
13/01/2017,1730,1735,1685,1700,275174
16/01/2017,1700,1725,1700,1700,116822
17/01/2017,1680,1705,1680,1700,120447
18/01/2017,1720,1740,1715,1720,198935
19/01/2017,1730,1735,1715,1730,177677
20/01/2017,1745,1745,1715,1730,186228
23/01/2017,1735,1740,1720,1725,116821
24/01/2017,1735,1740,1725,1725,174481
25/01/2017,1740,1740,1725,1740,212389
26/01/2017,1750,1750,1700,1730,170034
27/01/2017,1700,1725,1700,1725,75495
30/01/2017,1705,1730,1705,1715,61447
31/01/2017,1730,1730,1695,1695,146292
01/02/2017,1705,1750,1705,1750,285422
02/02/2017,1750,1755,1725,1740,160784
03/02/2017,1740,1750,1720,1720,176233
06/02/2017,1740,1745,1730,1740,171167
07/02/2017,1735,1740,1730,1730,178136
08/02/2017,1740,1740,1705,1720,126847
09/02/2017,1720,1730,1705,1725,246666
10/02/2017,1715,1715,1685,1710,298242
13/02/2017,1715,1725,1670,1680,291218
14/02/2017,1670,1675,1615,1645,587480
16/02/2017,1660,1700,1660,1700,535702
17/02/2017,1705,1705,1660,1660,249509
20/02/2017,1680,1700,1670,1695,143304
21/02/2017,1710,1725,1700,1720,394300
22/02/2017,1720,1725,1665,1705,295131
23/02/2017,1690,1715,1685,1715,111932
24/02/2017,1720,1720,1690,1700,138665
27/02/2017,1700,1705,1695,1700,160281
28/02/2017,1700,1700,1675,1695,382214
01/03/2017,1680,1690,1665,1675,231791
02/03/2017,1680,1690,1675,1685,129690
03/03/2017,1665,1705,1665,1685,160799
06/03/2017,1685,1700,1680,1685,93113
07/03/2017,1680,1710,1675,1695,233682
08/03/2017,1750,1755,1690,1695,698091
09/03/2017,1695,1695,1670,1685,174331
10/03/2017,1700,1700,1590,1600,554492
13/03/2017,1600,1645,1565,1625,290093
14/03/2017,1650,1670,1640,1645,236298
15/03/2017,1630,1665,1630,1650,165248
16/03/2017,1670,1690,1660,1680,249125
17/03/2017,1690,1705,1675,1705,498175
20/03/2017,1675,1710,1675,1705,99953
21/03/2017,1700,1730,1695,1730,256459
22/03/2017,1700,1730,1690,1730,358707
23/03/2017,1740,1750,1720,1740,467910
24/03/2017,1750,1780,1745,1770,336504
27/03/2017,1780,1800,1780,1800,251536
29/03/2017,1800,1845,1800,1820,449378
30/03/2017,1830,1830,1800,1820,192784
31/03/2017,1800,1815,1750,1750,358179
03/04/2017,1780,1835,1775,1805,342776
04/04/2017,1855,1940,1855,1930,1105850
05/04/2017,1930,1940,1870,1890,604080
06/04/2017,1885,1895,1840,1895,247861
07/04/2017,1910,1920,1865,1890,329264
10/04/2017,1910,1920,1870,1890,236794
11/04/2017,1850,1890,1850,1870,310438
12/04/2017,1880,1895,1855,1890,217182
13/04/2017,1890,1890,1860,1860,129106
17/04/2017,1880,1880,1850,1850,108400
18/04/2017,1850,1870,1830,1835,226432
20/04/2017,1870,1885,1835,1840,232784
21/04/2017,1820,1850,1815,1840,229735
25/04/2017,1850,1850,1820,1845,252272
26/04/2017,1825,1845,1785,1820,516700
27/04/2017,1820,1850,1820,1840,222075
28/04/2017,1840,1850,1770,1775,325935
02/05/2017,1780,1795,1720,1720,315427
03/05/2017,1725,1750,1625,1630,375594
04/05/2017,1630,1660,1610,1615,455073
05/05/2017,1615,1620,1560,1560,404849
08/05/2017,1585,1630,1575,1615,502166
09/05/2017,1610,1620,1510,1550,535149
10/05/2017,1550,1565,1460,1495,787712
12/05/2017,1510,1560,1475,1480,738408
15/05/2017,1505,1515,1440,1485,340020
16/05/2017,1495,1500,1460,1465,240058
17/05/2017,1470,1470,1410,1410,439356
18/05/2017,1400,1455,1395,1435,569875
19/05/2017,1450,1535,1430,1465,461424
22/05/2017,1500,1515,1415,1435,696697
23/05/2017,1450,1490,1445,1475,465278
24/05/2017,1455,1485,1450,1480,218294
26/05/2017,1500,1500,1460,1485,345775
29/05/2017,1485,1490,1465,1465,76187
30/05/2017,1465,1475,1455,1460,187138
31/05/2017,1470,1520,1445,1520,529912
02/06/2017,1500,1525,1465,1470,472585
05/06/2017,1510,1550,1490,1545,398334
06/06/2017,1550,1630,1545,1605,575398
07/06/2017,1610,1625,1590,1600,185809
08/06/2017,1620,1620,1575,1575,150029
09/06/2017,1590,1610,1555,1555,226344
12/06/2017,1565,1570,1540,1540,74153
13/06/2017,1560,1600,1540,1600,203646
14/06/2017,1615,1660,1590,1660,600550
15/06/2017,1660,1660,1635,1645,256420
16/06/2017,1645,1670,1585,1605,446507
19/06/2017,1600,1610,1555,1565,211819
20/06/2017,1585,1645,1580,1640,669507
21/06/2017,1630,1635,1595,1595,154941
22/06/2017,1600,1630,1575,1580,271143
03/07/2017,1600,1635,1565,1630,539819
04/07/2017,1635,1645,1575,1580,369733
05/07/2017,1605,1630,1600,1620,312103
06/07/2017,1630,1645,1615,1635,377776
07/07/2017,1625,1640,1610,1610,222923
10/07/2017,1600,1630,1585,1595,135244
11/07/2017,1625,1625,1595,1615,131331
12/07/2017,1600,1670,1600,1665,588883
13/07/2017,1665,1675,1615,1625,401828
14/07/2017,1640,1665,1630,1665,266086
17/07/2017,1665,1700,1660,1700,221129
18/07/2017,1700,1700,1685,1695,211943
19/07/2017,1700,1805,1700,1765,790331
20/07/2017,1765,1820,1750,1820,665650
21/07/2017,1820,1830,1795,1820,298670
24/07/2017,1790,1835,1775,1835,397127
25/07/2017,1810,1830,1790,1830,346592
26/07/2017,1830,1850,1800,1800,335438
27/07/2017,1805,1815,1760,1800,244544
28/07/2017,1800,1830,1790,1825,247784
31/07/2017,1825,1825,1785,1785,216940
01/08/2017,1825,1895,1825,1860,756987
02/08/2017,1860,1920,1840,1895,493777
03/08/2017,1895,1895,1840,1845,245176
04/08/2017,1845,1895,1830,1870,280845
07/08/2017,1870,1885,1830,1850,257285
08/08/2017,1850,1870,1845,1870,272237
09/08/2017,1860,1865,1805,1805,375149
10/08/2017,1815,1855,1815,1850,271513
11/08/2017,1845,1850,1820,1820,246663
14/08/2017,1825,1870,1825,1850,233620
15/08/2017,1850,1865,1850,1855,269609
16/08/2017,1850,1885,1840,1880,275832
18/08/2017,1850,1900,1850,1875,394072
21/08/2017,1875,1885,1850,1865,156527
22/08/2017,1850,1875,1850,1860,283255
23/08/2017,1875,1970,1865,1955,923258
24/08/2017,1955,1995,1945,1965,437905
25/08/2017,1970,1985,1935,1945,261484
28/08/2017,1955,1965,1885,1890,360384
29/08/2017,1930,1950,1850,1870,566920
30/08/2017,1885,1890,1870,1890,341945
31/08/2017,1870,1900,1825,1825,273065
04/09/2017,1840,1840,1785,1815,192758
05/09/2017,1815,1885,1785,1860,264602
06/09/2017,1865,1890,1865,1890,409391
07/09/2017,1890,1890,1840,1865,301518
08/09/2017,1860,1890,1860,1885,270335
11/09/2017,1890,1920,1875,1900,375535
12/09/2017,1920,1930,1860,1865,323628
13/09/2017,1865,1865,1680,1715,642501
14/09/2017,1740,1800,1720,1740,589071
15/09/2017,1770,1775,1700,1775,541617
18/09/2017,1775,1820,1750,1820,258347
19/09/2017,1840,1875,1805,1870,376149
20/09/2017,1870,1875,1835,1860,241878
22/09/2017,1830,1850,1815,1815,235133
25/09/2017,1810,1815,1755,1755,192423
26/09/2017,1760,1780,1710,1710,273006
27/09/2017,1670,1685,1630,1670,470598
28/09/2017,1680,1825,1665,1765,573726
29/09/2017,1770,1830,1730,1825,532151
02/10/2017,1835,1850,1765,1775,126089
03/10/2017,1800,1820,1745,1780,299770
04/10/2017,1820,1840,1810,1825,315246
05/10/2017,1830,1860,1830,1830,283442
06/10/2017,1850,1885,1830,1875,282774
09/10/2017,1875,1915,1850,1890,254246
10/10/2017,1900,1920,1860,1900,253968
11/10/2017,1900,1915,1860,1880,464129
12/10/2017,1905,1935,1895,1900,613907
13/10/2017,1895,1915,1865,1900,300313
16/10/2017,1900,1915,1855,1870,278146
17/10/2017,1900,1905,1880,1900,472783
18/10/2017,1900,1905,1865,1880,162286
19/10/2017,1885,1895,1860,1865,127792
20/10/2017,1850,1900,1790,1855,767941
23/10/2017,1855,1860,1830,1850,152998
24/10/2017,1855,1895,1855,1890,224476
25/10/2017,1895,1910,1870,1900,315793
26/10/2017,1900,1900,1825,1825,283815
27/10/2017,1845,1880,1835,1840,271831
30/10/2017,1860,1885,1835,1835,129566
31/10/2017,1875,1875,1825,1825,245550
01/11/2017,1860,1915,1850,1910,628670
02/11/2017,1915,1925,1885,1900,281726
03/11/2017,1915,1925,1895,1895,286413
06/11/2017,1870,1900,1870,1900,206011
07/11/2017,1900,1915,1895,1900,401393
08/11/2017,1885,1885,1815,1820,779955
09/11/2017,1820,1840,1800,1830,660962
10/11/2017,1830,1845,1810,1815,303145
13/11/2017,1815,1840,1810,1820,169085
14/11/2017,1830,1835,1810,1815,353034
15/11/2017,1810,1810,1735,1735,631395
16/11/2017,1735,1760,1695,1755,807762
17/11/2017,1770,1795,1765,1770,467618
20/11/2017,1770,1785,1750,1755,164235
21/11/2017,1755,1760,1715,1715,296129
22/11/2017,1730,1760,1720,1745,421316
23/11/2017,1745,1745,1725,1725,109180
24/11/2017,1745,1745,1690,1710,259751
27/11/2017,1720,1720,1685,1695,226380
28/11/2017,1690,1715,1680,1715,264431
29/11/2017,1725,1775,1720,1775,446641
30/11/2017,1775,1785,1700,1700,553913
01/12/2017,1700,1700,1700,1700,0
04/12/2017,1740,1810,1730,1775,455294
05/12/2017,1775,1800,1750,1780,353870
06/12/2017,1780,1795,1755,1755,315987
07/12/2017,1755,1770,1700,1710,224837
08/12/2017,1725,1755,1700,1725,216579
11/12/2017,1735,1740,1695,1710,181112
12/12/2017,1720,1810,1715,1810,533224
13/12/2017,1820,1845,1810,1815,339650
14/12/2017,1805,1815,1785,1805,265679
15/12/2017,1805,1825,1790,1805,375198
18/12/2017,1800,1815,1790,1800,197742
19/12/2017,1800,1850,1800,1835,736230
20/12/2017,1835,1845,1795,1800,513787
21/12/2017,1815,1875,1815,1870,615477
22/12/2017,1860,1890,1855,1890,386490
27/12/2017,1895,1905,1890,1895,199531
28/12/2017,1895,1905,1870,1890,239887
29/12/2017,1865,1880,1845,1860,254800
02/01/2018,1865,1900,1865,1880,260450
03/01/2018,1890,1890,1810,1830,355950
04/01/2018,1860,1935,1850,1915,811915
05/01/2018,1935,1990,1935,1990,1123560
08/01/2018,2000,2180,1975,2160,1407670
09/01/2018,2180,2240,2140,2180,1090770
10/01/2018,2200,2210,2150,2210,682067
11/01/2018,2200,2220,2140,2180,539661
12/01/2018,2200,2260,2190,2230,912316
15/01/2018,2250,2260,2210,2230,359121
16/01/2018,2230,2250,2150,2190,665771
17/01/2018,2210,2230,2130,2170,492280
18/01/2018,2200,2200,2150,2170,645964
19/01/2018,2180,2230,2160,2180,600092
22/01/2018,2210,2350,2210,2310,1229000
23/01/2018,2350,2440,2350,2420,746696
24/01/2018,2440,2470,2380,2440,641724
25/01/2018,2480,2480,2420,2450,369429
26/01/2018,2460,2470,2410,2440,478721
29/01/2018,2440,2650,2440,2560,701826
30/01/2018,2600,2610,2460,2550,677697
31/01/2018,2500,2560,2450,2450,704029
01/02/2018,2460,2480,2360,2400,587114
02/02/2018,2400,2530,2320,2470,1152550
05/02/2018,2430,2590,2390,2520,954081
06/02/2018,2430,2530,2420,2450,1022170
07/02/2018,2500,2520,2390,2450,697113
08/02/2018,2400,2480,2390,2420,414805
09/02/2018,2300,2370,2300,2320,352748
12/02/2018,2340,2370,2330,2350,285766
13/02/2018,2370,2450,2370,2420,736356
14/02/2018,2450,2490,2410,2440,575128
15/02/2018,2480,2500,2460,2470,454538
19/02/2018,2460,2510,2450,2490,294810
20/02/2018,2510,2520,2410,2430,347521
21/02/2018,2430,2500,2430,2470,467206
22/02/2018,2470,2490,2430,2480,367291
23/02/2018,2480,2510,2460,2480,490862
26/02/2018,2450,2480,2370,2390,511632
27/02/2018,2390,2430,2350,2400,509576
28/02/2018,2430,2450,2350,2350,687535
01/03/2018,2370,2420,2370,2420,480735
02/03/2018,2380,2390,2290,2310,468263
05/03/2018,2310,2340,2300,2320,286958
06/03/2018,2330,2370,2300,2330,403200
07/03/2018,2360,2380,2150,2160,1350820
08/03/2018,2160,2210,1995,2190,1774490
09/03/2018,2200,2220,2110,2170,1023320
12/03/2018,2200,2240,2170,2220,822495
13/03/2018,2220,2260,2130,2170,874874
14/03/2018,2120,2160,2060,2070,650895
15/03/2018,2050,2120,2020,2050,547372
16/03/2018,2070,2080,2000,2040,1106020
19/03/2018,2060,2080,2020,2040,215376
20/03/2018,2010,2090,2000,2070,413267
21/03/2018,2090,2110,2030,2040,747718
22/03/2018,2060,2070,2000,2020,524332
23/03/2018,1980,2010,1945,1995,522991
26/03/2018,1995,2050,1990,2030,343367
27/03/2018,2050,2070,2030,2040,496456
28/03/2018,2040,2070,2020,2040,690519
29/03/2018,2070,2160,2030,2130,1083550
02/04/2018,2150,2180,2110,2130,510116
03/04/2018,2100,2130,2080,2120,617154
04/04/2018,2140,2140,2030,2040,643909
05/04/2018,2070,2080,2010,2020,678131
06/04/2018,2030,2060,2000,2030,349756
09/04/2018,2030,2090,2020,2070,400676
10/04/2018,2090,2130,2050,2110,559606
11/04/2018,2110,2210,2110,2140,1069940
12/04/2018,2140,2170,2110,2110,432792
13/04/2018,2130,2150,2110,2130,266717
16/04/2018,2110,2140,2100,2100,272971
17/04/2018,2110,2140,2100,2130,274534
18/04/2018,2130,2130,2080,2100,571294
19/04/2018,2120,2190,2110,2180,501956
20/04/2018,2210,2240,2160,2230,585138
23/04/2018,2250,2290,2210,2260,741173
24/04/2018,2280,2280,2180,2200,610135
25/04/2018,2180,2220,2100,2120,756952
26/04/2018,2140,2140,1980,1995,836874
27/04/2018,1975,1990,1820,1830,1649550
30/04/2018,1840,1875,1835,1835,489827
02/05/2018,1835,1835,1770,1775,1610670
03/05/2018,1755,1760,1595,1680,3591020
04/05/2018,1680,1705,1625,1640,1330260
07/05/2018,1660,1715,1605,1710,1633010
08/05/2018,1710,1720,1615,1625,1417780
09/05/2018,1625,1715,1575,1700,1640120
11/05/2018,1720,1755,1700,1715,1885170
14/05/2018,1700,1715,1640,1675,1400760
15/05/2018,1695,1730,1650,1715,1284290
16/05/2018,1705,1800,1665,1800,1896220
17/05/2018,1815,1910,1815,1880,1552040
18/05/2018,1895,1960,1865,1905,1410460
21/05/2018,1900,1980,1880,1950,1061700
22/05/2018,1950,1965,1905,1930,787021
23/05/2018,1920,1935,1825,1825,1044920
24/05/2018,1825,1865,1800,1835,1204500
25/05/2018,1860,1875,1830,1830,458176
28/05/2018,1800,1860,1795,1820,474946
30/05/2018,1820,1880,1815,1830,828712
31/05/2018,1875,1930,1870,1885,1969120
04/06/2018,1915,1975,1915,1970,1132820
05/06/2018,2000,2070,1990,2030,1194560
06/06/2018,2050,2060,1985,1985,555955
07/06/2018,2000,2030,1980,1990,703345
08/06/2018,2010,2030,1935,1935,767186
20/06/2018,1870,2000,1830,2000,1406650
21/06/2018,1990,2020,1965,2010,753802
22/06/2018,1990,1990,1905,1930,690634
25/06/2018,1930,1960,1865,1870,471194
26/06/2018,1870,1895,1755,1755,838661
27/06/2018,1770,1805,1705,1705,1011110
28/06/2018,1690,1750,1650,1665,940097
29/06/2018,1675,1790,1665,1790,1241980
02/07/2018,1810,1820,1735,1745,532109
03/07/2018,1760,1770,1690,1720,459320
04/07/2018,1710,1780,1690,1770,358555
05/07/2018,1770,1835,1745,1825,471436
06/07/2018,1830,1845,1775,1785,415552
09/07/2018,1810,1835,1795,1835,339779
10/07/2018,1855,1880,1830,1865,457349
11/07/2018,1835,1920,1820,1900,572143
12/07/2018,1900,1930,1865,1870,641829
13/07/2018,1885,1895,1825,1860,405116
16/07/2018,1830,1860,1780,1800,588288
17/07/2018,1800,1810,1755,1760,587516
18/07/2018,1790,1865,1780,1865,870666
19/07/2018,1890,1915,1860,1870,646386
20/07/2018,1850,1875,1825,1825,317921
23/07/2018,1805,1840,1800,1800,262713
24/07/2018,1815,1840,1795,1800,460450
25/07/2018,1820,1885,1810,1880,615107
26/07/2018,1895,1910,1845,1850,742028
27/07/2018,1850,1975,1840,1965,1075800
30/07/2018,2030,2130,2030,2090,1988650
31/07/2018,2070,2070,1880,1905,1645470
01/08/2018,1915,1990,1900,1980,740808
02/08/2018,1990,1995,1925,1935,520108
03/08/2018,1935,1960,1930,1940,631891
06/08/2018,1950,1970,1950,1960,352602
07/08/2018,1980,2030,1965,1980,614661
08/08/2018,2000,2030,1980,1990,457063
09/08/2018,1990,1995,1925,1935,655908
10/08/2018,1940,1965,1900,1910,762265
13/08/2018,1900,1900,1810,1830,692852
14/08/2018,1825,1890,1800,1800,614289
15/08/2018,1820,1860,1780,1855,345697
16/08/2018,1830,1840,1780,1780,659854
20/08/2018,1800,1850,1800,1835,516056
21/08/2018,1845,1880,1845,1880,549460
23/08/2018,1900,1950,1865,1940,805728
24/08/2018,1940,1940,1890,1910,597390
27/08/2018,1930,1935,1860,1895,535768
28/08/2018,1910,1925,1885,1910,379765
29/08/2018,1910,1915,1885,1910,383549
30/08/2018,1920,1930,1895,1895,343687
31/08/2018,1880,1880,1840,1865,375232
03/09/2018,1890,1890,1840,1855,228167
04/09/2018,1845,1860,1800,1805,331238
05/09/2018,1800,1805,1700,1700,647676
06/09/2018,1680,1735,1675,1725,774800
07/09/2018,1725,1745,1720,1730,319727
10/09/2018,1730,1780,1705,1735,461478
12/09/2018,1745,1780,1745,1760,458987
13/09/2018,1770,1775,1725,1735,433923
14/09/2018,1735,1760,1720,1740,369202
17/09/2018,1735,1740,1690,1715,319491
18/09/2018,1705,1765,1700,1750,454865
19/09/2018,1780,1790,1725,1740,448409
20/09/2018,1755,1825,1730,1805,885607
21/09/2018,1820,1900,1795,1880,1266020
24/09/2018,1870,1875,1815,1820,405070
25/09/2018,1825,1830,1805,1815,250728
26/09/2018,1825,1865,1805,1815,377017
27/09/2018,1815,1845,1810,1825,336802
28/09/2018,1835,1850,1820,1835,339091
01/10/2018,1830,1865,1820,1840,368783
02/10/2018,1840,1900,1830,1845,668297
03/10/2018,1845,1870,1835,1865,327490
04/10/2018,1850,1860,1810,1825,315971
05/10/2018,1800,1835,1790,1810,338173
08/10/2018,1810,1820,1750,1750,471880
09/10/2018,1760,1770,1730,1730,300681
10/10/2018,1740,1780,1730,1780,339632
11/10/2018,1720,1750,1700,1720,498723
12/10/2018,1710,1735,1705,1710,316645
15/10/2018,1715,1725,1675,1675,239311
16/10/2018,1685,1750,1685,1750,416209
17/10/2018,1780,1780,1745,1760,292408
18/10/2018,1740,1750,1710,1730,233124
19/10/2018,1710,1735,1690,1700,796300
22/10/2018,1715,1745,1695,1730,356819
23/10/2018,1720,1725,1695,1700,305413
24/10/2018,1700,1705,1655,1670,521836
25/10/2018,1630,1670,1610,1650,289849
26/10/2018,1665,1730,1665,1725,834857
29/10/2018,1730,1730,1660,1665,227650
30/10/2018,1665,1675,1640,1650,287250
31/10/2018,1665,1680,1615,1650,608295
01/11/2018,1650,1650,1630,1645,295054
02/11/2018,1645,1645,1585,1585,525610
05/11/2018,1585,1610,1565,1575,343423
06/11/2018,1590,1635,1585,1630,582403
07/11/2018,1640,1645,1585,1595,429126
08/11/2018,1620,1625,1595,1610,794128
09/11/2018,1600,1605,1580,1580,322660
12/11/2018,1575,1590,1510,1510,503613
13/11/2018,1500,1540,1490,1515,413029
14/11/2018,1535,1585,1530,1565,673597
15/11/2018,1540,1575,1530,1555,459334
16/11/2018,1555,1585,1535,1545,495764
19/11/2018,1545,1550,1485,1485,970959
21/11/2018,1470,1470,1300,1310,1758756
22/11/2018,1330,1340,1250,1285,1859419
23/11/2018,1290,1315,1280,1295,964632
26/11/2018,1285,1290,1240,1275,907442
27/11/2018,1280,1285,1220,1220,856057
28/11/2018,1220,1290,1220,1255,1038743
29/11/2018,1285,1305,1270,1280,878613
30/11/2018,1290,1330,1265,1285,1738013
03/12/2018,1330,1330,1300,1305,789584
04/12/2018,1305,1320,1250,1300,913750
05/12/2018,1280,1345,1270,1285,1243116
06/12/2018,1275,1320,1275,1295,830740
07/12/2018,1300,1310,1295,1300,662232
10/12/2018,1300,1330,1290,1310,585349
11/12/2018,1315,1320,1285,1285,710484
12/12/2018,1290,1295,1250,1255,987686
13/12/2018,1260,1290,1255,1280,965726
14/12/2018,1280,1310,1270,1285,1095368
17/12/2018,1290,1295,1260,1280,443016
18/12/2018,1270,1270,1235,1240,712057
19/12/2018,1235,1260,1230,1245,600760
20/12/2018,1245,1275,1245,1255,767604
21/12/2018,1255,1260,1235,1250,658024
26/12/2018,1240,1240,1215,1220,420112
27/12/2018,1250,1260,1235,1240,638538
28/12/2018,1230,1230,1215,1215,613587
02/01/2019,1215,1225,1215,1225,170862
03/01/2019,1225,1235,1215,1230,267384
04/01/2019,1220,1390,1220,1390,2584536
07/01/2019,1410,1430,1365,1390,1884347
08/01/2019,1395,1415,1360,1410,878421
09/01/2019,1425,1435,1380,1395,1123594
10/01/2019,1395,1415,1370,1405,597806
11/01/2019,1405,1420,1395,1405,386087
14/01/2019,1405,1415,1385,1410,498089
15/01/2019,1420,1470,1405,1460,1141726
16/01/2019,1475,1495,1455,1460,842307
17/01/2019,1480,1510,1455,1460,1420906
18/01/2019,1480,1495,1475,1485,868036
21/01/2019,1495,1505,1445,1470,426446
22/01/2019,1460,1460,1375,1410,661188
23/01/2019,1410,1420,1370,1380,998599
24/01/2019,1385,1405,1380,1380,555640
25/01/2019,1380,1410,1380,1395,590774
28/01/2019,1400,1430,1380,1390,976698
29/01/2019,1390,1390,1335,1340,764647
30/01/2019,1340,1375,1340,1350,569068
31/01/2019,1365,1415,1360,1390,1092944
01/02/2019,1395,1400,1365,1375,454321
04/02/2019,1370,1380,1355,1360,412701
06/02/2019,1370,1380,1355,1365,362270
07/02/2019,1375,1380,1335,1345,458923
08/02/2019,1330,1330,1305,1305,655551
11/02/2019,1300,1305,1255,1260,625341
12/02/2019,1275,1290,1240,1275,852486
13/02/2019,1295,1300,1260,1260,891333
14/02/2019,1265,1280,1240,1240,517899
15/02/2019,1240,1245,1215,1220,548158
18/02/2019,1240,1265,1240,1245,455714
19/02/2019,1270,1310,1270,1295,813088
20/02/2019,1305,1350,1285,1345,1033381
21/02/2019,1345,1420,1330,1415,1559861
22/02/2019,1420,1460,1410,1410,1447828
25/02/2019,1430,1430,1380,1405,684730
26/02/2019,1405,1410,1350,1350,434799
27/02/2019,1360,1395,1360,1375,438194
28/02/2019,1380,1390,1305,1310,621489
01/03/2019,1320,1345,1310,1310,777368
04/03/2019,1330,1420,1325,1410,1449159
05/03/2019,1400,1455,1385,1400,990468
06/03/2019,1410,1415,1360,1360,431421
08/03/2019,1370,1395,1365,1390,501188
11/03/2019,1385,1470,1365,1440,1276617
12/03/2019,1460,1460,1380,1385,677239
13/03/2019,1405,1450,1390,1440,1372617
14/03/2019,1450,1480,1430,1455,759877
15/03/2019,1460,1460,1415,1420,954933
18/03/2019,1420,1435,1405,1430,304600
19/03/2019,1445,1450,1410,1435,239247
20/03/2019,1440,1440,1415,1430,231510
21/03/2019,1450,1450,1410,1425,366618
22/03/2019,1435,1435,1400,1425,167240
25/03/2019,1400,1405,1335,1365,783461
26/03/2019,1370,1385,1350,1365,433323
27/03/2019,1380,1380,1335,1345,352489
28/03/2019,1350,1355,1330,1350,304410
29/03/2019,1360,1365,1340,1345,525808
01/04/2019,1325,1360,1320,1340,382505
02/04/2019,1325,1345,1310,1325,446096
04/04/2019,1315,1320,1265,1280,987346
05/04/2019,1295,1295,1255,1260,694376
08/04/2019,1275,1285,1250,1265,620064
09/04/2019,1280,1320,1275,1295,909497
10/04/2019,1305,1315,1275,1315,718569
11/04/2019,1320,1325,1290,1300,265504
12/04/2019,1305,1315,1295,1300,364864
15/04/2019,1310,1315,1280,1285,267788
16/04/2019,1285,1315,1280,1305,593642
18/04/2019,1330,1330,1290,1295,461563
22/04/2019,1295,1295,1260,1270,332441
23/04/2019,1275,1310,1275,1305,437008
24/04/2019,1310,1315,1300,1305,321547
25/04/2019,1305,1305,1285,1290,250009
26/04/2019,1290,1295,1280,1290,157729
29/04/2019,1290,1315,1280,1315,376987
30/04/2019,1315,1340,1300,1305,525685
02/05/2019,1330,1360,1315,1345,958108
03/05/2019,1345,1350,1310,1335,570404
06/05/2019,1300,1325,1290,1315,360129
07/05/2019,1320,1330,1310,1310,304697
08/05/2019,1310,1310,1295,1295,389771
09/05/2019,1290,1305,1275,1280,455235
10/05/2019,1250,1275,1250,1265,456424
13/05/2019,1285,1285,1250,1250,385416
14/05/2019,1250,1250,1220,1235,468377
15/05/2019,1245,1260,1215,1235,655218
16/05/2019,1230,1235,1160,1160,413796
17/05/2019,1180,1200,1160,1175,392892
20/05/2019,1185,1215,1170,1175,268794
21/05/2019,1190,1255,1185,1235,550395
22/05/2019,1235,1250,1210,1235,188107
23/05/2019,1250,1290,1240,1280,488873
24/05/2019,1280,1290,1260,1260,319531
27/05/2019,1265,1280,1265,1265,215273
28/05/2019,1265,1285,1260,1270,685878
29/05/2019,1270,1305,1265,1270,446247
31/05/2019,1295,1295,1260,1295,464337
10/06/2019,1305,1315,1275,1285,573168
11/06/2019,1295,1295,1265,1280,249743
12/06/2019,1265,1295,1265,1285,378426
13/06/2019,1275,1280,1265,1275,240479
14/06/2019,1290,1295,1230,1235,387762
17/06/2019,1245,1245,1215,1230,179745
18/06/2019,1225,1250,1220,1245,184269
19/06/2019,1255,1280,1250,1275,268148
20/06/2019,1280,1290,1265,1265,324809
21/06/2019,1275,1280,1225,1225,693858
24/06/2019,1240,1250,1225,1245,147496
25/06/2019,1245,1335,1230,1330,1056871
26/06/2019,1350,1375,1330,1360,1667161
27/06/2019,1370,1400,1340,1385,728339
28/06/2019,1385,1390,1345,1360,273791
01/07/2019,1380,1455,1350,1440,821121
02/07/2019,1440,1445,1380,1420,614996
03/07/2019,1410,1415,1360,1360,502704
04/07/2019,1400,1435,1380,1420,788600
05/07/2019,1435,1470,1415,1415,706283
08/07/2019,1415,1415,1375,1380,253735
09/07/2019,1360,1385,1320,1335,483456
10/07/2019,1335,1360,1330,1345,391248
11/07/2019,1360,1365,1330,1335,223302
12/07/2019,1335,1340,1275,1280,469771
15/07/2019,1295,1295,1265,1275,370380
16/07/2019,1280,1305,1270,1285,216263
17/07/2019,1290,1295,1265,1280,211132
18/07/2019,1275,1335,1270,1300,477032
19/07/2019,1310,1315,1285,1295,147356
22/07/2019,1300,1305,1280,1285,96612
23/07/2019,1285,1295,1265,1275,319965
24/07/2019,1285,1285,1250,1255,270373
25/07/2019,1255,1270,1250,1250,184970
26/07/2019,1260,1260,1230,1230,231573
29/07/2019,1220,1255,1220,1255,163272
30/07/2019,1255,1295,1245,1295,200449
31/07/2019,1280,1285,1260,1270,443719
01/08/2019,1270,1275,1215,1225,493097
02/08/2019,1220,1220,1165,1175,650538
05/08/2019,1175,1180,1110,1120,574904
06/08/2019,1100,1100,1040,1085,884023
07/08/2019,1090,1130,1090,1105,601204
08/08/2019,1120,1130,1100,1100,425723
09/08/2019,1105,1120,1095,1095,285301
12/08/2019,1100,1110,1060,1070,254502
13/08/2019,1070,1070,1030,1035,551103
14/08/2019,1060,1070,1035,1050,341434
15/08/2019,1025,1035,1010,1025,544885
16/08/2019,1030,1095,1010,1030,1491208
19/08/2019,1040,1055,1035,1045,284767
20/08/2019,1060,1060,1030,1050,392512
21/08/2019,1050,1055,1025,1030,334126
22/08/2019,1035,1040,1020,1020,326516
23/08/2019,1055,1145,1045,1085,1961505
26/08/2019,1060,1120,1050,1120,821437
27/08/2019,1130,1155,1090,1130,1390438
28/08/2019,1130,1140,1100,1105,481775
29/08/2019,1115,1120,1100,1100,320011
30/08/2019,1120,1145,1110,1125,665912
02/09/2019,1125,1160,1105,1155,812161
03/09/2019,1165,1215,1165,1190,1065987
04/09/2019,1220,1250,1205,1235,884923
05/09/2019,1235,1265,1220,1260,600913
06/09/2019,1275,1345,1275,1335,1395769
09/09/2019,1350,1450,1350,1415,2543758
10/09/2019,1430,1440,1355,1410,1049620
11/09/2019,1430,1475,1425,1470,1536303
12/09/2019,1475,1485,1430,1435,691360
13/09/2019,1435,1445,1355,1375,826923
16/09/2019,1425,1460,1400,1430,1127030
17/09/2019,1440,1460,1420,1435,516089
18/09/2019,1420,1420,1380,1405,373236
19/09/2019,1400,1410,1370,1370,359912
20/09/2019,1370,1400,1355,1400,600938
23/09/2019,1400,1405,1365,1370,226363
24/09/2019,1370,1370,1275,1295,970643
25/09/2019,1270,1315,1260,1310,304398
26/09/2019,1300,1320,1285,1285,166972
27/09/2019,1290,1345,1290,1315,360582
30/09/2019,1315,1335,1280,1290,209136
01/10/2019,1305,1330,1300,1320,232758
02/10/2019,1300,1310,1270,1270,231432
03/10/2019,1250,1285,1225,1270,260196
04/10/2019,1260,1285,1255,1265,172738
07/10/2019,1280,1290,1250,1250,272699
08/10/2019,1275,1285,1240,1280,333482
09/10/2019,1275,1300,1265,1270,290988
10/10/2019,1260,1275,1255,1260,811113
11/10/2019,1275,1310,1270,1295,300521
14/10/2019,1305,1325,1270,1295,222057
15/10/2019,1305,1330,1280,1330,388256
16/10/2019,1340,1365,1300,1315,469764
17/10/2019,1315,1325,1300,1320,132912
18/10/2019,1320,1350,1310,1310,274992
21/10/2019,1325,1370,1320,1365,585624
22/10/2019,1365,1375,1345,1365,291117
23/10/2019,1365,1375,1325,1355,456064
24/10/2019,1355,1385,1345,1370,597641
25/10/2019,1375,1375,1335,1350,389124
28/10/2019,1350,1375,1345,1370,274688
29/10/2019,1370,1375,1325,1335,335464
30/10/2019,1320,1335,1300,1305,348706
31/10/2019,1305,1320,1295,1310,290656
01/11/2019,1300,1310,1250,1270,382295
04/11/2019,1280,1300,1270,1280,289865
05/11/2019,1290,1370,1290,1370,630481
06/11/2019,1375,1410,1340,1390,888478
07/11/2019,1390,1390,1325,1385,585362
08/11/2019,1400,1435,1395,1415,844637
11/11/2019,1425,1435,1385,1415,375118
12/11/2019,1420,1440,1400,1425,472870
13/11/2019,1425,1435,1330,1335,447380
14/11/2019,1345,1360,1275,1300,958258
15/11/2019,1315,1350,1300,1340,411277
18/11/2019,1350,1360,1315,1330,211064
19/11/2019,1340,1350,1290,1320,410766
20/11/2019,1315,1335,1300,1335,262318
21/11/2019,1325,1335,1305,1310,209045
22/11/2019,1335,1345,1310,1320,216248
25/11/2019,1330,1335,1305,1310,163289
26/11/2019,1325,1335,1300,1315,525665
27/11/2019,1320,1345,1280,1295,394375
28/11/2019,1295,1300,1245,1245,311764
29/11/2019,1240,1260,1210,1230,300395
02/12/2019,1225,1315,1225,1315,371415
03/12/2019,1295,1330,1290,1315,391719
04/12/2019,1300,1400,1290,1360,1171220
05/12/2019,1365,1460,1365,1460,1564170
06/12/2019,1460,1465,1405,1425,629187
09/12/2019,1440,1460,1415,1420,335973
10/12/2019,1405,1490,1405,1485,1087519
11/12/2019,1485,1520,1465,1490,730705
12/12/2019,1500,1505,1465,1475,688873
13/12/2019,1500,1600,1465,1590,1291083
16/12/2019,1595,1715,1590,1640,1433796
17/12/2019,1660,1665,1525,1655,1522060
18/12/2019,1655,1655,1595,1610,685834
19/12/2019,1610,1625,1545,1595,759201
20/12/2019,1605,1605,1505,1540,887667
23/12/2019,1540,1590,1540,1580,510313
26/12/2019,1590,1620,1570,1585,414046
27/12/2019,1590,1610,1575,1580,313318
30/12/2019,1565,1590,1555,1555,492755
02/01/2020,1555,1555,1490,1495,766120
03/01/2020,1460,1470,1425,1465,1177956
06/01/2020,1455,1515,1450,1465,614232
07/01/2020,1480,1540,1460,1525,743365
08/01/2020,1530,1535,1505,1505,551211
09/01/2020,1520,1525,1475,1495,412708
10/01/2020,1520,1565,1515,1550,972008
13/01/2020,1585,1595,1555,1565,798986
14/01/2020,1580,1585,1535,1560,688158
15/01/2020,1555,1555,1475,1475,799415
16/01/2020,1480,1505,1455,1470,476794
17/01/2020,1470,1485,1460,1480,209521
20/01/2020,1485,1490,1430,1435,239936
21/01/2020,1425,1455,1400,1415,380586
22/01/2020,1415,1420,1360,1365,636305
23/01/2020,1350,1390,1320,1380,660763
24/01/2020,1390,1395,1370,1380,148525
27/01/2020,1370,1370,1290,1295,423334
28/01/2020,1280,1345,1260,1325,779455
29/01/2020,1330,1345,1300,1305,271198
30/01/2020,1305,1325,1280,1295,245361
31/01/2020,1305,1305,1225,1225,795037
03/02/2020,1200,1245,1180,1225,662933
04/02/2020,1260,1285,1235,1270,659794
05/02/2020,1295,1345,1295,1315,602166
06/02/2020,1350,1350,1280,1305,373799
07/02/2020,1285,1315,1285,1305,150261
10/02/2020,1290,1295,1265,1280,196369
11/02/2020,1295,1315,1275,1315,320347
12/02/2020,1325,1335,1315,1330,400921
13/02/2020,1335,1355,1295,1350,625281
14/02/2020,1350,1360,1310,1320,298800
17/02/2020,1325,1330,1305,1320,124134
18/02/2020,1320,1350,1315,1330,286476
19/02/2020,1335,1345,1290,1305,495225
20/02/2020,1315,1360,1310,1350,450981
21/02/2020,1350,1355,1310,1310,330414
24/02/2020,1285,1310,1270,1285,376263
25/02/2020,1270,1300,1260,1285,319700
26/02/2020,1275,1295,1250,1250,386445
27/02/2020,1250,1275,1155,1165,624910
28/02/2020,1130,1160,1085,1155,635338
02/03/2020,1175,1195,1100,1115,411254
03/03/2020,1140,1180,1125,1140,909947
04/03/2020,1125,1215,1110,1205,850133
05/03/2020,1220,1225,1155,1175,639588
06/03/2020,1140,1180,1140,1160,336377
09/03/2020,1060,1085,1000,1010,854143
10/03/2020,1020,1060,1010,1030,478003
11/03/2020,1030,1035,930,965,707594
12/03/2020,900,930,820,830,758961
13/03/2020,790,860,775,830,900758
16/03/2020,830,830,775,775,267420
17/03/2020,760,760,725,725,475715
18/03/2020,725,760,675,690,854890
19/03/2020,670,670,645,645,572906
20/03/2020,645,800,610,745,1391822
23/03/2020,725,835,695,775,1115774
24/03/2020,810,900,780,850,824452
26/03/2020,885,1010,870,965,1205409
27/03/2020,990,1050,920,990,769998
30/03/2020,970,970,925,925,284514
31/03/2020,925,1020,925,990,830050
01/04/2020,995,1030,940,1020,560637
02/04/2020,980,1055,970,1040,299242
03/04/2020,1055,1100,1040,1100,430716
06/04/2020,1110,1150,1080,1150,414957
07/04/2020,1190,1200,1075,1140,524925
08/04/2020,1150,1150,1065,1065,444424
09/04/2020,1015,1080,1000,1040,315670
13/04/2020,1050,1075,1020,1040,136536
14/04/2020,1040,1080,1040,1080,241221
15/04/2020,1080,1100,1010,1045,291244
16/04/2020,1035,1035,975,975,339081
17/04/2020,1000,1050,990,1035,360483
20/04/2020,1030,1045,980,985,318927
21/04/2020,970,970,920,930,450117
22/04/2020,930,930,870,885,646709
23/04/2020,900,925,895,905,500276
24/04/2020,910,985,870,875,987366
27/04/2020,900,945,885,900,979438
28/04/2020,910,915,875,890,478902
29/04/2020,895,905,880,885,430908
30/04/2020,895,920,890,920,826265
04/05/2020,920,920,870,890,680859
05/05/2020,905,925,895,905,518915
06/05/2020,920,965,900,950,1053541
08/05/2020,955,1030,955,1025,1444680
11/05/2020,1040,1060,1025,1030,620957
12/05/2020,1040,1060,1000,1005,496286
13/05/2020,1005,1040,970,1000,439991
14/05/2020,1025,1025,930,945,894119
15/05/2020,955,970,910,925,389783
18/05/2020,935,1020,930,1020,766219
19/05/2020,1035,1065,990,1005,857062
20/05/2020,1015,1020,970,980,410274
26/05/2020,1000,1020,975,1000,497774
27/05/2020,1020,1020,990,1000,474269
28/05/2020,1005,1075,1000,1030,1377782
29/05/2020,1015,1100,1015,1100,1392757
02/06/2020,1100,1185,1095,1145,1238237
03/06/2020,1155,1180,1150,1165,896754
04/06/2020,1135,1150,1105,1120,1006592
05/06/2020,1130,1130,1085,1100,731082
08/06/2020,1110,1175,1110,1160,886052
09/06/2020,1165,1240,1160,1180,1172266
10/06/2020,1175,1180,1100,1100,654675
11/06/2020,1100,1110,1055,1070,319309
12/06/2020,1060,1070,1010,1060,499863
15/06/2020,1070,1085,1010,1020,353568
16/06/2020,1040,1085,1040,1075,486771
17/06/2020,1085,1095,1055,1070,389396
18/06/2020,1065,1075,1030,1030,590612
19/06/2020,1040,1060,1035,1040,701994
22/06/2020,1050,1055,1020,1030,384857
23/06/2020,1050,1050,990,1005,800750
24/06/2020,1015,1050,1010,1045,807810
25/06/2020,1035,1035,1005,1005,589131
26/06/2020,1025,1025,1010,1015,401449
29/06/2020,1015,1025,1000,1005,534823
30/06/2020,1020,1020,990,995,880160
01/07/2020,995,1045,990,1045,985147
02/07/2020,1055,1080,1045,1050,1702540
03/07/2020,1060,1080,1035,1040,555751
06/07/2020,1050,1065,1035,1065,424001
07/07/2020,1080,1085,1050,1050,945239
08/07/2020,1050,1075,1050,1065,601153
09/07/2020,1065,1125,1060,1095,1388995
10/07/2020,1095,1110,1080,1085,700763
13/07/2020,1085,1160,1080,1155,1345920
14/07/2020,1145,1170,1125,1155,1274840
15/07/2020,1170,1180,1125,1130,601203
16/07/2020,1135,1150,1105,1110,620911
17/07/2020,1115,1160,1110,1155,939091
20/07/2020,1155,1165,1130,1130,465129
21/07/2020,1130,1145,1115,1135,523628
22/07/2020,1140,1150,1120,1125,387532
23/07/2020,1130,1145,1120,1130,642606
24/07/2020,1130,1135,1085,1090,574751
27/07/2020,1090,1110,1080,1110,266779
28/07/2020,1115,1125,1075,1090,859703
29/07/2020,1085,1095,1070,1085,321091
30/07/2020,1090,1100,1075,1085,412271
03/08/2020,1090,1095,1010,1030,591842
04/08/2020,1040,1060,1030,1035,461180
05/08/2020,1045,1055,1030,1050,320379
06/08/2020,1060,1120,1055,1115,780943
07/08/2020,1115,1130,1085,1095,429835
10/08/2020,1095,1140,1095,1140,836990
11/08/2020,1145,1170,1125,1150,777904
12/08/2020,1150,1150,1105,1120,465301
13/08/2020,1120,1130,1105,1115,405194
14/08/2020,1115,1125,1100,1115,394569
18/08/2020,1115,1125,1110,1115,400836
19/08/2020,1115,1135,1100,1115,740164
24/08/2020,1115,1120,1090,1095,517298
25/08/2020,1100,1110,1095,1100,461963
26/08/2020,1110,1135,1095,1110,740779
27/08/2020,1120,1130,1110,1125,612746
28/08/2020,1130,1160,1130,1145,1086719
31/08/2020,1160,1165,1085,1085,853511
01/09/2020,1090,1140,1080,1140,862450
02/09/2020,1145,1215,1135,1215,2671647
03/09/2020,1210,1230,1175,1205,1398856
04/09/2020,1190,1205,1160,1205,772086
07/09/2020,1205,1260,1180,1250,1091603
08/09/2020,1250,1280,1220,1240,1052775
09/09/2020,1220,1240,1180,1200,858083
10/09/2020,1185,1190,1120,1120,1047096
11/09/2020,1080,1185,1080,1180,867668
14/09/2020,1200,1220,1185,1200,574858
15/09/2020,1215,1215,1175,1190,444952
16/09/2020,1195,1205,1140,1145,526727
17/09/2020,1165,1180,1125,1130,534883
18/09/2020,1150,1155,1125,1145,871274
21/09/2020,1155,1160,1140,1145,382470
22/09/2020,1130,1180,1125,1160,688469
23/09/2020,1175,1190,1150,1160,646718
24/09/2020,1145,1160,1130,1130,397594
25/09/2020,1140,1160,1130,1140,539094
28/09/2020,1150,1155,1125,1130,269494
29/09/2020,1140,1185,1140,1165,891479
30/09/2020,1170,1175,1110,1135,518231
01/10/2020,1150,1180,1135,1180,310984
02/10/2020,1180,1185,1120,1140,431924
05/10/2020,1150,1155,1120,1125,446306
06/10/2020,1135,1145,1125,1125,333525
07/10/2020,1125,1135,1115,1130,452832
08/10/2020,1140,1155,1125,1130,723578
09/10/2020,1120,1125,1110,1115,734352
12/10/2020,1120,1130,1110,1110,546830
13/10/2020,1110,1155,1090,1150,1210766
14/10/2020,1150,1200,1130,1185,1238261
15/10/2020,1185,1195,1155,1155,726306
16/10/2020,1170,1230,1145,1220,1357154
19/10/2020,1240,1240,1210,1220,739732
20/10/2020,1220,1225,1200,1210,420371
21/10/2020,1220,1220,1190,1200,450767
22/10/2020,1190,1190,1155,1160,915684
23/10/2020,1175,1175,1140,1145,523896
26/10/2020,1145,1155,1140,1145,326051
27/10/2020,1145,1150,1125,1125,415623
02/11/2020,1120,1150,1100,1130,514994
03/11/2020,1140,1165,1140,1145,701748
04/11/2020,1150,1160,1105,1110,667432
05/11/2020,1140,1155,1125,1135,442558
06/11/2020,1150,1155,1130,1140,578171
09/11/2020,1150,1155,1120,1130,795742
10/11/2020,1145,1155,1130,1140,614326
11/11/2020,1150,1205,1145,1205,2187662
12/11/2020,1205,1205,1160,1175,907380
13/11/2020,1170,1190,1155,1165,641050
16/11/2020,1180,1205,1165,1195,779475
17/11/2020,1205,1210,1180,1180,997379
18/11/2020,1180,1205,1180,1190,726266
19/11/2020,1195,1255,1180,1240,2218125
20/11/2020,1245,1260,1210,1215,1217924
23/11/2020,1230,1290,1225,1290,1959857
24/11/2020,1320,1335,1290,1300,1595764
25/11/2020,1335,1350,1275,1300,1521840
26/11/2020,1335,1365,1325,1360,1359927
27/11/2020,1385,1410,1375,1390,1632848
30/11/2020,1400,1475,1295,1390,4527969
01/12/2020,1410,1425,1340,1390,1918090
02/12/2020,1400,1410,1370,1390,1114106
03/12/2020,1405,1430,1375,1375,1478018
04/12/2020,1405,1460,1360,1435,4038543
07/12/2020,1500,1530,1475,1485,2777451
08/12/2020,1510,1545,1485,1545,4147076
10/12/2020,1580,1600,1525,1545,3218697
11/12/2020,1570,1575,1530,1535,1086050
14/12/2020,1560,1585,1555,1570,1757310
15/12/2020,1570,1575,1530,1530,1435169
16/12/2020,1550,1570,1545,1555,1834697
17/12/2020,1555,1555,1455,1490,2555759
18/12/2020,1490,1500,1465,1480,1362181
21/12/2020,1490,1595,1470,1555,2892164
22/12/2020,1555,1560,1470,1470,1937053
23/12/2020,1500,1540,1400,1490,1771236
28/12/2020,1515,1520,1460,1505,987260
29/12/2020,1530,1540,1470,1490,995479
30/12/2020,1490,1490,1425,1430,821958
04/01/2021,1430,1460,1360,1455,1103662
05/01/2021,1455,1470,1420,1425,1070235
06/01/2021,1415,1420,1340,1375,2039488
07/01/2021,1370,1430,1360,1405,2042431
08/01/2021,1450,1485,1430,1445,1652639
11/01/2021,1490,1540,1470,1525,2785429
12/01/2021,1530,1535,1470,1475,1831074
13/01/2021,1530,1540,1490,1515,2047739
14/01/2021,1525,1535,1490,1495,1053478
15/01/2021,1495,1495,1450,1455,864236
18/01/2021,1450,1485,1425,1440,1017198
19/01/2021,1440,1460,1390,1415,805772
20/01/2021,1400,1440,1385,1415,777797
21/01/2021,1425,1435,1405,1410,467129
22/01/2021,1410,1420,1345,1350,925795
25/01/2021,1350,1350,1260,1295,1422743
26/01/2021,1290,1335,1230,1260,1386708
27/01/2021,1260,1285,1215,1245,1188906
28/01/2021,1230,1275,1190,1200,2010036
29/01/2021,1220,1255,1160,1200,1925753
01/02/2021,1205,1235,1165,1230,1655695
02/02/2021,1230,1265,1185,1200,1768410
03/02/2021,1200,1210,1155,1170,1730805
04/02/2021,1170,1210,1150,1165,2960420
05/02/2021,1185,1230,1175,1210,2257576
08/02/2021,1240,1255,1215,1220,1719748
09/02/2021,1235,1235,1200,1210,1242146
10/02/2021,1220,1225,1195,1200,708728
11/02/2021,1200,1230,1195,1215,791099
15/02/2021,1230,1240,1210,1215,753011
16/02/2021,1215,1235,1205,1210,720636
17/02/2021,1210,1220,1170,1180,1237878
18/02/2021,1180,1200,1165,1175,684798
19/02/2021,1175,1185,1160,1180,553978
22/02/2021,1195,1230,1185,1210,1682553
23/02/2021,1225,1230,1200,1205,968893
24/02/2021,1215,1220,1185,1185,748300
25/02/2021,1200,1215,1190,1200,795499
26/02/2021,1180,1195,1175,1180,893720
01/03/2021,1195,1200,1180,1185,967226
02/03/2021,1200,1220,1185,1185,1256908
03/03/2021,1195,1200,1185,1185,533472
04/03/2021,1185,1235,1180,1220,2427801
05/03/2021,1210,1220,1175,1180,1572515
08/03/2021,1190,1200,1170,1175,737369
09/03/2021,1175,1190,1160,1165,844293
10/03/2021,1175,1185,1160,1170,536219
12/03/2021,1190,1225,1185,1210,1708215
15/03/2021,1225,1260,1220,1235,1738130
16/03/2021,1245,1250,1205,1220,992664
17/03/2021,1215,1235,1215,1230,677417
18/03/2021,1245,1270,1235,1270,1744028
19/03/2021,1270,1300,1240,1300,3776188
22/03/2021,1305,1340,1280,1285,1789340
23/03/2021,1320,1330,1290,1300,1088121
24/03/2021,1280,1280,1220,1225,1391756
25/03/2021,1225,1245,1190,1205,1190513
26/03/2021,1215,1225,1200,1220,582607
29/03/2021,1230,1235,1205,1205,514162
30/03/2021,1205,1205,1170,1175,931166
31/03/2021,1175,1185,1160,1175,808815
01/04/2021,1175,1200,1170,1180,516224
05/04/2021,1195,1205,1180,1185,452623
06/04/2021,1195,1210,1180,1210,484018
07/04/2021,1210,1225,1200,1220,395207
08/04/2021,1220,1230,1205,1230,448120
09/04/2021,1220,1230,1205,1205,386322
12/04/2021,1210,1215,1175,1180,402748
13/04/2021,1180,1185,1160,1160,617902
14/04/2021,1175,1200,1165,1195,389162
15/04/2021,1195,1200,1170,1190,389837
16/04/2021,1190,1190,1175,1185,376787
19/04/2021,1185,1205,1175,1185,816781
20/04/2021,1190,1205,1180,1185,479025
21/04/2021,1175,1190,1175,1180,277880
22/04/2021,1185,1190,1170,1170,238465
23/04/2021,1175,1205,1175,1200,435841
26/04/2021,1200,1225,1185,1210,662461
27/04/2021,1225,1230,1200,1210,504729
28/04/2021,1215,1230,1210,1215,303958
29/04/2021,1225,1260,1220,1255,786111
30/04/2021,1255,1260,1235,1245,549329
03/05/2021,1260,1260,1230,1240,733853
04/05/2021,1240,1255,1235,1250,906234
05/05/2021,1210,1210,1185,1195,802513
06/05/2021,1195,1215,1185,1185,529126
07/05/2021,1195,1210,1180,1185,633370
10/05/2021,1195,1210,1190,1195,457530
11/05/2021,1195,1220,1190,1195,784032
17/05/2021,1210,1215,1180,1185,690602
18/05/2021,1200,1200,1170,1200,314139
19/05/2021,1195,1195,1175,1175,239941
20/05/2021,1175,1185,1170,1170,295803
21/05/2021,1190,1195,1160,1165,452264
24/05/2021,1190,1190,1160,1160,500150
25/05/2021,1175,1195,1165,1170,788667
27/05/2021,1180,1190,1165,1165,845220
28/05/2021,1165,1180,1160,1170,438622
31/05/2021,1180,1190,1170,1190,597866
02/06/2021,1195,1260,1195,1260,2211231
03/06/2021,1265,1265,1235,1250,589472
04/06/2021,1245,1260,1210,1230,586328
07/06/2021,1230,1230,1200,1205,360900
08/06/2021,1220,1235,1205,1210,469088
09/06/2021,1215,1225,1205,1215,400827
10/06/2021,1230,1240,1210,1210,392683
11/06/2021,1225,1350,1225,1315,3868540
14/06/2021,1320,1340,1295,1325,1078043
15/06/2021,1320,1320,1280,1310,1090485
16/06/2021,1300,1400,1290,1395,2643287
17/06/2021,1385,1405,1355,1355,819461
18/06/2021,1355,1375,1285,1310,1491227
21/06/2021,1290,1305,1250,1285,844759
22/06/2021,1295,1315,1275,1290,777506
23/06/2021,1305,1315,1255,1260,735157
24/06/2021,1260,1270,1225,1245,527323
25/06/2021,1255,1295,1235,1285,1063493
28/06/2021,1300,1305,1230,1235,713173
29/06/2021,1230,1245,1205,1215,468273
30/06/2021,1215,1225,1190,1205,764609
01/07/2021,1220,1240,1195,1205,538537
02/07/2021,1220,1270,1205,1260,1153262
05/07/2021,1265,1265,1230,1235,502597
06/07/2021,1260,1300,1255,1290,835672
07/07/2021,1275,1275,1230,1250,727000
08/07/2021,1250,1250,1210,1220,506050
09/07/2021,1230,1255,1215,1250,462840
12/07/2021,1270,1270,1235,1235,434250
13/07/2021,1240,1245,1220,1230,308606
14/07/2021,1230,1255,1215,1220,571716
15/07/2021,1215,1240,1215,1225,451416
16/07/2021,1240,1260,1225,1240,442570
19/07/2021,1250,1265,1240,1250,475739
21/07/2021,1260,1260,1235,1240,503297
22/07/2021,1250,1340,1240,1335,1782042
23/07/2021,1335,1335,1295,1305,692449
26/07/2021,1300,1310,1275,1280,553869
27/07/2021,1290,1305,1260,1275,313815
28/07/2021,1280,1285,1255,1270,464227
29/07/2021,1285,1345,1275,1325,1036379
30/07/2021,1325,1365,1295,1335,1164356
02/08/2021,1345,1390,1340,1370,861451
03/08/2021,1370,1370,1345,1350,614921
04/08/2021,1350,1365,1345,1360,301159
05/08/2021,1360,1370,1300,1300,995274
06/08/2021,1310,1325,1285,1290,418625
09/08/2021,1305,1340,1290,1300,568618
10/08/2021,1320,1350,1300,1340,822372
12/08/2021,1350,1415,1345,1410,1855806
13/08/2021,1420,1430,1370,1385,716008
16/08/2021,1385,1400,1355,1365,473271
18/08/2021,1360,1375,1325,1340,689652
19/08/2021,1340,1355,1295,1295,618871
20/08/2021,1290,1305,1260,1265,881748
23/08/2021,1265,1320,1265,1315,613415
24/08/2021,1340,1340,1250,1260,1277924
25/08/2021,1270,1280,1255,1255,650655
26/08/2021,1270,1290,1250,1280,624805
27/08/2021,1280,1280,1245,1245,701959
30/08/2021,1260,1300,1260,1300,794960
31/08/2021,1310,1310,1260,1260,824518
01/09/2021,1280,1320,1275,1320,1330838
02/09/2021,1325,1345,1300,1320,826903
03/09/2021,1335,1360,1325,1355,1079311
06/09/2021,1365,1380,1350,1365,611466
07/09/2021,1365,1370,1340,1345,315432
08/09/2021,1345,1360,1325,1330,685168
09/09/2021,1340,1370,1330,1365,834974
10/09/2021,1370,1375,1345,1350,619190
13/09/2021,1350,1350,1330,1340,263911
14/09/2021,1350,1395,1345,1385,984767
15/09/2021,1375,1410,1365,1390,1368981
16/09/2021,1395,1410,1375,1390,505992
17/09/2021,1370,1370,1315,1335,1019753
20/09/2021,1330,1345,1315,1320,501112
21/09/2021,1320,1360,1305,1345,649669
22/09/2021,1355,1410,1345,1400,1337626
23/09/2021,1410,1445,1390,1415,1466267
24/09/2021,1430,1515,1425,1500,3036478
27/09/2021,1515,1560,1505,1510,1588658
28/09/2021,1600,1785,1600,1740,5039148
29/09/2021,1740,1795,1705,1720,2468646
30/09/2021,1730,1805,1730,1760,2673800
01/10/2021,1775,1830,1740,1780,1767223
04/10/2021,1830,1900,1830,1860,2350588
05/10/2021,1920,1980,1800,1830,3478372
06/10/2021,1925,1945,1850,1865,2744375
07/10/2021,1785,1785,1735,1735,4235935
08/10/2021,1730,1815,1720,1815,2470245
11/10/2021,1820,1920,1815,1915,3437659
12/10/2021,1925,1940,1860,1885,2636364
13/10/2021,1885,1900,1840,1860,1760950
14/10/2021,1855,1885,1840,1855,1297225
15/10/2021,1860,1885,1835,1860,1534460
18/10/2021,1845,1895,1830,1875,1240229
19/10/2021,1850,1870,1835,1855,894106
21/10/2021,1790,1800,1735,1755,2500809
22/10/2021,1660,1750,1645,1735,2191661
25/10/2021,1790,1800,1725,1745,1404979
26/10/2021,1775,1785,1740,1765,1383842
27/10/2021,1765,1765,1730,1730,953890
28/10/2021,1710,1710,1625,1630,2897958
29/10/2021,1610,1695,1605,1680,1007195
01/11/2021,1655,1710,1635,1685,821115
02/11/2021,1660,1680,1645,1645,444205
03/11/2021,1645,1680,1645,1675,490096
04/11/2021,1700,1730,1675,1675,909986
05/11/2021,1650,1665,1635,1645,575050
08/11/2021,1650,1710,1650,1695,586620
09/11/2021,1720,1745,1700,1705,629641
10/11/2021,1680,1710,1670,1690,360251
11/11/2021,1675,1695,1660,1685,498846
12/11/2021,1690,1700,1665,1685,350725
15/11/2021,1680,1685,1595,1610,1174680
16/11/2021,1580,1630,1580,1615,465925
17/11/2021,1620,1655,1600,1640,950854
18/11/2021,1620,1645,1610,1625,485014
19/11/2021,1635,1665,1625,1645,421275
22/11/2021,1645,1660,1610,1640,365985
23/11/2021,1665,1715,1640,1705,1164644
24/11/2021,1720,1730,1695,1695,1003865
25/11/2021,1710,1750,1690,1745,592823
26/11/2021,1725,1730,1640,1655,835198
29/11/2021,1640,1700,1610,1690,764245
30/11/2021,1670,1730,1665,1700,1618196
01/12/2021,1730,1775,1700,1755,1467987
02/12/2021,1760,1820,1760,1810,1479120
03/12/2021,1805,1835,1790,1815,932767
06/12/2021,1815,1920,1810,1910,2519571
07/12/2021,1910,1920,1870,1905,2652460
08/12/2021,1920,1935,1900,1925,3562017
09/12/2021,1930,1960,1925,1935,2820196
10/12/2021,1930,1940,1880,1920,2543216
13/12/2021,1930,1940,1905,1920,1652096
14/12/2021,1910,1930,1870,1920,2054106
15/12/2021,1920,2050,1910,2020,5398920
16/12/2021,2040,2080,1995,2040,2050020
17/12/2021,2050,2060,2030,2050,1563024
20/12/2021,2030,2050,2000,2050,1003140
21/12/2021,2050,2160,2040,2120,1768972
22/12/2021,2190,2190,2090,2150,1917060
23/12/2021,2170,2180,2120,2150,1050578
24/12/2021,2150,2240,2130,2220,2519336
27/12/2021,2230,2260,2180,2180,1240622
28/12/2021,2180,2310,2180,2300,2956050
29/12/2021,2300,2330,2260,2310,1713410
30/12/2021,2180,2270,2160,2250,2353600
03/01/2022,2170,2380,2170,2370,1750910
04/01/2022,2370,2380,2240,2300,2419434
05/01/2022,2330,2350,2230,2240,1253716
06/01/2022,2230,2310,2210,2300,2455810
07/01/2022,2320,2450,2290,2430,2723892
10/01/2022,2430,2430,2350,2400,1234170
11/01/2022,2440,2470,2330,2340,1242190
12/01/2022,2340,2370,2300,2310,1224775
13/01/2022,2330,2380,2280,2280,1378484
14/01/2022,2300,2330,2250,2270,1732580
17/01/2022,2300,2320,2210,2260,1190485
18/01/2022,2290,2310,2180,2220,1802860
19/01/2022,2220,2260,2200,2230,1520180
20/01/2022,2230,2360,2230,2310,2135780
21/01/2022,2310,2310,2260,2310,988449
24/01/2022,2300,2350,2250,2270,943163
25/01/2022,2260,2270,2160,2210,1569570
26/01/2022,2220,2240,2180,2210,976784
27/01/2022,2200,2310,2190,2310,1422800
28/01/2022,2320,2320,2240,2280,1045740
31/01/2022,2300,2310,2210,2240,767470
02/02/2022,2260,2290,2180,2210,1000910
03/02/2022,2210,2240,2170,2220,1113916
04/02/2022,2220,2240,2170,2180,961795
07/02/2022,2200,2250,2180,2200,1139395
08/02/2022,2200,2220,2180,2200,1117730
09/02/2022,2220,2270,2180,2210,1992702
10/02/2022,2200,2230,2150,2160,1140100
11/02/2022,2160,2200,2110,2170,1025934
14/02/2022,2170,2270,2170,2230,1276824
15/02/2022,2250,2300,2210,2290,1370239
16/02/2022,2300,2300,2240,2240,702360
17/02/2022,2230,2250,2180,2220,1401580
18/02/2022,2200,2280,2190,2240,842790
21/02/2022,2260,2260,2200,2220,867190
22/02/2022,2230,2260,2180,2230,913235
23/02/2022,2270,2350,2240,2320,1405740
24/02/2022,2350,2480,2320,2480,2868360
25/02/2022,2520,2590,2450,2450,2180346
01/03/2022,2560,2720,2500,2580,3572874
02/03/2022,2690,2740,2550,2610,2084470
04/03/2022,2720,3050,2680,3040,4089540
07/03/2022,3150,3270,3080,3240,4026450
08/03/2022,3210,3210,3040,3120,2577035
09/03/2022,3120,3150,2960,3080,1874715
10/03/2022,2980,3070,2870,2980,2367340
11/03/2022,2880,3090,2880,3000,1212290
14/03/2022,2990,3020,2790,2790,1688577
15/03/2022,2660,2790,2650,2710,2233790
16/03/2022,2700,2830,2690,2820,1269760
17/03/2022,2800,2820,2730,2740,866517
18/03/2022,2750,2860,2720,2720,3684631
21/03/2022,2740,2770,2700,2720,1238510
22/03/2022,2740,2860,2740,2800,1242506
23/03/2022,2830,2880,2750,2800,1223907
24/03/2022,2840,2900,2810,2880,1092334
25/03/2022,2880,2880,2810,2820,892463
28/03/2022,2820,2880,2820,2860,816327
29/03/2022,2880,2880,2760,2770,1058240
30/03/2022,2770,2800,2660,2680,989046
31/03/2022,2690,2760,2680,2690,776318
01/04/2022,2690,2830,2690,2810,1040095
04/04/2022,2810,2870,2780,2810,597278
05/04/2022,2850,3020,2830,3000,1934593
06/04/2022,3010,3080,3000,3070,1728116
07/04/2022,3060,3070,2980,3050,938147
08/04/2022,3040,3190,3030,3160,1770704
11/04/2022,3160,3210,3100,3140,1317180
12/04/2022,3140,3150,3060,3140,1320262
13/04/2022,3190,3350,3190,3350,2264266
14/04/2022,3350,3350,3280,3310,1129054
18/04/2022,3310,3350,3240,3290,951176
19/04/2022,3290,3330,3250,3270,955354
20/04/2022,3310,3370,3160,3230,1348319
21/04/2022,3270,3460,3260,3270,1875790
22/04/2022,3250,3270,3160,3210,1072460
25/04/2022,3180,3220,3100,3210,1070454
26/04/2022,3220,3250,3080,3160,1521537
27/04/2022,3130,3230,3110,3170,942176
28/04/2022,3210,3370,3200,3340,1829336
09/05/2022,3380,3410,3130,3160,2477827
10/05/2022,3070,3140,2980,3090,1981520
11/05/2022,3090,3230,3090,3150,1340409
12/05/2022,3150,3220,3080,3150,2331140
13/05/2022,3210,3250,3120,3210,1689622
17/05/2022,3150,3270,3130,3220,1486180
18/05/2022,3250,3270,3100,3190,1282747
19/05/2022,3140,3180,3050,3110,1662930
20/05/2022,3130,3380,3130,3310,2058400
23/05/2022,3350,3350,3110,3150,1778929
24/05/2022,3170,3230,3130,3200,1121624
25/05/2022,3160,3160,3070,3100,966178
27/05/2022,3160,3190,3130,3160,847424
30/05/2022,3170,3180,3030,3060,1461938
31/05/2022,3130,3290,3100,3270,2864522
02/06/2022,3260,3350,3200,3330,1857741
03/06/2022,3330,3570,3280,3520,2580290
06/06/2022,3520,3590,3440,3460,1285009
07/06/2022,3550,3710,3530,3650,2256960
08/06/2022,3650,3680,3590,3630,1183991
09/06/2022,3630,3690,3600,3600,1065730
10/06/2022,3560,3590,3430,3430,1519989
13/06/2022,3320,3320,3190,3190,2021129
14/06/2022,3170,3270,3110,3260,2196560
15/06/2022,3260,3270,3040,3040,2475571
16/06/2022,3080,3170,3040,3060,2432684
17/06/2022,3020,3030,2870,2920,2299555
20/06/2022,2920,2950,2860,2930,1150567
21/06/2022,3000,3070,2970,3030,1891072
22/06/2022,3030,3090,2980,3030,2017500
23/06/2022,3030,3030,2890,2940,1455311
24/06/2022,2970,3020,2950,2970,1030501
27/06/2022,2970,3000,2880,2960,893139
28/06/2022,2990,3000,2930,2950,717624
29/06/2022,2910,2970,2870,2870,648552
30/06/2022,2810,2920,2810,2860,1091570
01/07/2022,2860,2910,2710,2720,1055990
04/07/2022,2720,2830,2660,2770,1178490
05/07/2022,2830,2940,2820,2880,1353560
06/07/2022,2850,2850,2720,2770,820701
07/07/2022,2770,2810,2720,2770,704156
08/07/2022,2850,2880,2820,2830,905204
11/07/2022,2840,2870,2800,2830,526816
12/07/2022,2860,2970,2840,2920,1425320
13/07/2022,2950,2990,2900,2930,996296
14/07/2022,2910,2960,2880,2930,977956
15/07/2022,2890,2900,2760,2760,989428
18/07/2022,2760,2800,2730,2790,689526
19/07/2022,2800,2960,2760,2950,1278981
20/07/2022,2980,3030,2980,3020,992982
21/07/2022,3040,3050,2970,3020,731965
22/07/2022,3040,3080,2990,3030,942957
25/07/2022,3050,3120,3040,3100,1349796
26/07/2022,3140,3170,3120,3160,831781
27/07/2022,3200,3300,3180,3280,1303349
28/07/2022,3290,3330,3250,3280,944499
29/07/2022,3300,3350,3230,3250,852902
01/08/2022,3260,3370,3240,3350,1463460
02/08/2022,3350,3360,3180,3180,1158431
03/08/2022,3190,3330,3180,3310,1145102
04/08/2022,3310,3310,3160,3190,1038590
05/08/2022,3140,3170,3100,3130,1247258
08/08/2022,3090,3130,3030,3080,940309
09/08/2022,3110,3170,3100,3130,869490
10/08/2022,3150,3190,3120,3140,813684
11/08/2022,3230,3250,3150,3150,1272852
12/08/2022,3160,3210,3130,3190,742066
15/08/2022,3220,3240,3150,3160,538633
16/08/2022,3160,3190,3120,3150,486905
18/08/2022,3180,3280,3170,3250,846942
19/08/2022,3270,3310,3240,3250,734477
22/08/2022,3290,3300,3140,3150,907113
23/08/2022,3170,3380,3160,3350,1750749
24/08/2022,3330,3420,3270,3410,1169180
25/08/2022,3410,3470,3370,3410,887295
26/08/2022,3430,3450,3390,3410,550081
29/08/2022,3380,3470,3330,3460,848615
30/08/2022,3660,3700,3530,3540,1575759
31/08/2022,3510,3570,3480,3540,1017301
01/09/2022,3560,3740,3540,3700,1625701
02/09/2022,3750,3830,3720,3780,1312260
05/09/2022,3780,4050,3760,4030,1947481
06/09/2022,4080,4160,4020,4040,1090899
07/09/2022,4020,4050,3950,4020,890926
08/09/2022,3970,4000,3900,3940,884446
09/09/2022,3920,3970,3860,3950,731612
12/09/2022,3960,3990,3900,3970,748405
13/09/2022,3970,4020,3950,4010,713759
14/09/2022,4000,4040,3940,4010,790370
15/09/2022,4040,4190,4040,4060,1207545
16/09/2022,4050,4050,3930,3930,1216759
19/09/2022,3950,3960,3860,3910,1344332
20/09/2022,3930,3970,3860,3890,639108
21/09/2022,3880,3930,3800,3910,671118
22/09/2022,3910,4120,3890,4100,1502254
23/09/2022,4050,4080,4010,4050,771003
26/09/2022,3940,3940,3830,3860,1638965
27/09/2022,3900,3940,3870,3910,893672
28/09/2022,3900,3960,3860,3870,721144
29/09/2022,3900,3970,3900,3950,911341
30/09/2022,3920,3960,3870,3960,1046703
03/10/2022,3930,4000,3920,3960,545145
04/10/2022,3990,4120,3990,4120,1450800
05/10/2022,4140,4170,4080,4080,579458
06/10/2022,4080,4250,4040,4100,1592080
07/10/2022,4100,4170,4080,4140,498755
10/10/2022,4050,4050,3920,3920,1078675
11/10/2022,3930,3950,3890,3930,597521
12/10/2022,3960,4050,3960,4000,1011160
13/10/2022,4090,4090,4010,4020,532641
14/10/2022,4000,4050,3950,3950,465531
17/10/2022,3950,3960,3900,3960,420637
18/10/2022,3980,4000,3840,3860,956228
19/10/2022,3850,3880,3800,3840,692150
20/10/2022,3840,4000,3830,4000,1198960
21/10/2022,3980,4020,3950,3960,373277
24/10/2022,3970,3990,3910,3920,478731
25/10/2022,3890,3920,3840,3880,761996
26/10/2022,3880,3950,3850,3930,711955
27/10/2022,3950,4020,3920,3980,819449
28/10/2022,4000,4000,3900,3910,493144
31/10/2022,3940,3980,3920,3980,698259
01/11/2022,3940,3940,3720,3750,1704860
02/11/2022,3750,3820,3690,3740,974816
03/11/2022,3740,3810,3730,3750,536461
04/11/2022,3730,3790,3710,3750,788703
07/11/2022,3750,3830,3730,3830,697279
08/11/2022,3800,3800,3730,3760,717016
09/11/2022,3690,3720,3630,3640,1077820
10/11/2022,3500,3560,3450,3480,1523920
11/11/2022,3500,3540,3440,3490,965753
14/11/2022,3490,3560,3490,3500,629979
15/11/2022,3550,3570,3480,3510,520101
16/11/2022,3610,3640,3520,3570,865577
17/11/2022,3530,3610,3500,3590,733459
18/11/2022,3590,3620,3560,3590,405815
21/11/2022,3610,3710,3610,3690,685573
22/11/2022,3720,3750,3650,3700,599650
23/11/2022,3720,3790,3720,3750,464244
24/11/2022,3760,3780,3740,3750,270150
25/11/2022,3750,3750,3690,3730,296447
28/11/2022,3740,3780,3720,3740,386217
29/11/2022,3790,3880,3780,3880,908775
30/11/2022,3900,3930,3850,3870,1161200
01/12/2022,3930,3930,3890,3900,528568
02/12/2022,3890,3890,3820,3850,369577
05/12/2022,3880,3890,3760,3780,551956
06/12/2022,3800,3830,3750,3810,569624
07/12/2022,3820,3870,3780,3830,558304
08/12/2022,3830,3840,3710,3740,585633
09/12/2022,3730,3740,3630,3680,640961
12/12/2022,3680,3820,3670,3800,729173
13/12/2022,3790,3790,3740,3740,450761
14/12/2022,3770,3940,3760,3880,1313313
15/12/2022,3890,3970,3850,3900,660445
16/12/2022,3870,3920,3850,3890,514866
19/12/2022,3870,3970,3870,3970,551961
20/12/2022,3970,3990,3910,3920,486409
21/12/2022,3890,3930,3880,3920,365088
22/12/2022,3910,3940,3900,3930,292275
23/12/2022,3860,3860,3800,3810,1184893
26/12/2022,3820,3850,3780,3800,460798
27/12/2022,3800,3810,3730,3750,648116
28/12/2022,3760,3770,3700,3750,595402
29/12/2022,3740,3820,3710,3800,647752
30/12/2022,3810,3870,3770,3850,983812
02/01/2023,3610,3650,3590,3590,776798
03/01/2023,3590,3590,3500,3520,957251
04/01/2023,3540,3560,3300,3300,1667116
05/01/2023,3250,3270,3080,3100,2254802
06/01/2023,3090,3190,3090,3140,1336081
09/01/2023,3150,3170,2980,3030,1662013
10/01/2023,3040,3140,2980,3140,1406239
11/01/2023,3140,3210,3080,3180,1072133
12/01/2023,3120,3130,3050,3090,728925
13/01/2023,3120,3150,3110,3140,495896
16/01/2023,3120,3130,3090,3100,227062
17/01/2023,3060,3150,3050,3140,516670
18/01/2023,3160,3230,3150,3170,618224
19/01/2023,3140,3230,3140,3230,435346
20/01/2023,3250,3260,3210,3240,461270
24/01/2023,3240,3250,3170,3200,330351
25/01/2023,3190,3190,3120,3130,395660
26/01/2023,3050,3070,2990,3010,840261
27/01/2023,2980,3080,2980,3060,578266
30/01/2023,3060,3100,2980,3010,524605
31/01/2023,2970,3020,2940,2960,677168
01/02/2023,2940,3000,2930,2950,597884
02/02/2023,2940,2970,2870,2870,721947
03/02/2023,2870,2870,2740,2760,1031031
06/02/2023,2760,2840,2720,2780,809065
07/02/2023,2860,2950,2860,2890,1133654
08/02/2023,2900,2940,2870,2920,506948
09/02/2023,2860,2890,2820,2840,563766
10/02/2023,2750,2780,2710,2740,732053
13/02/2023,2790,2830,2780,2780,564576
14/02/2023,2790,2850,2770,2830,452453
15/02/2023,2870,3040,2870,2950,1567189
16/02/2023,2970,2990,2890,2920,495088
17/02/2023,2920,2930,2860,2880,425846
20/02/2023,2870,2910,2820,2900,675560
21/02/2023,2860,2900,2820,2820,575759
22/02/2023,2880,2910,2840,2850,549521
23/02/2023,2880,2950,2870,2900,805900
24/02/2023,2930,2960,2880,2890,741475
27/02/2023,2910,2950,2890,2950,379690
28/02/2023,2940,3040,2910,2990,1414011
01/03/2023,3000,3010,2940,2990,741270
02/03/2023,3000,3030,2970,2990,509946
03/03/2023,3090,3130,3020,3020,1131378
06/03/2023,3020,3020,2900,2910,684836
07/03/2023,2880,2910,2850,2860,773061
08/03/2023,2840,2920,2810,2920,705130
09/03/2023,2950,2950,2900,2900,426496
10/03/2023,2900,2900,2850,2860,290293
13/03/2023,2870,2930,2860,2900,442582
14/03/2023,2910,2910,2770,2770,607013
15/03/2023,2790,2820,2730,2750,455353
16/03/2023,2720,2720,2600,2640,979753
17/03/2023,2650,2780,2650,2780,1117837
20/03/2023,2760,2780,2710,2720,271927
21/03/2023,2720,2730,2690,2730,257760
24/03/2023,2710,2740,2680,2680,592664
27/03/2023,2710,2740,2670,2680,542331
28/03/2023,2700,2800,2700,2770,905900
29/03/2023,2810,2910,2800,2880,1037130
30/03/2023,2900,2920,2850,2870,722181
31/03/2023,2880,2930,2850,2900,617735
03/04/2023,2940,3020,2940,2940,952334
04/04/2023,3010,3080,3010,3050,886591
05/04/2023,3040,3070,3000,3060,546321
06/04/2023,3060,3120,3020,3020,717870
10/04/2023,3020,3060,2970,2990,277313
11/04/2023,2960,3060,2960,3050,467255
12/04/2023,3050,3050,2930,2960,777861
13/04/2023,2960,3010,2950,2960,507159
14/04/2023,2960,2990,2920,2920,410962
17/04/2023,2920,2950,2860,2860,478480
18/04/2023,2870,3020,2870,3000,866358
26/04/2023,3040,3130,3020,3100,1046150
27/04/2023,3100,3110,3050,3080,431380
28/04/2023,3100,3160,3060,3130,725608
02/05/2023,3100,3100,2960,2980,881478
03/05/2023,2980,3050,2930,2940,686701
04/05/2023,2930,3000,2900,2920,712876
05/05/2023,2860,2880,2750,2790,1536250
08/05/2023,2810,2930,2810,2870,657659
09/05/2023,2910,2910,2860,2890,451524
10/05/2023,2900,2970,2900,2940,846145
11/05/2023,2920,2950,2760,2800,2095854
12/05/2023,2800,2800,2750,2760,560375
15/05/2023,2780,2790,2630,2660,1108248
16/05/2023,2700,2740,2660,2670,689985
17/05/2023,2710,2710,2540,2540,1434189
19/05/2023,2520,2540,2380,2410,1632603
22/05/2023,2450,2490,2410,2460,1935544
23/05/2023,2290,2290,2290,2290,240269
24/05/2023,2220,2310,2220,2250,1023404
25/05/2023,2200,2200,2120,2120,1200996
26/05/2023,2090,2170,2080,2090,815657
29/05/2023,2120,2130,2010,2070,802158
30/05/2023,2070,2150,2060,2110,696977
31/05/2023,2070,2090,2010,2040,1268290
05/06/2023,2090,2170,2080,2100,1198503
06/06/2023,2200,2230,2160,2220,1066828
07/06/2023,2200,2200,2140,2170,615983
08/06/2023,2190,2210,2160,2200,468508
09/06/2023,2210,2230,2170,2190,364922
12/06/2023,2220,2240,2200,2210,329810
13/06/2023,2190,2220,2150,2210,479133
14/06/2023,2210,2260,2200,2250,433173
15/06/2023,2250,2330,2220,2300,756978
16/06/2023,2350,2350,2300,2320,901625
19/06/2023,2300,2300,2250,2260,264285
20/06/2023,2260,2290,2250,2270,246434
21/06/2023,2270,2290,2250,2260,298396
22/06/2023,2250,2310,2250,2260,385087
23/06/2023,2280,2280,2230,2230,207049
26/06/2023,2230,2240,2190,2210,252659
27/06/2023,2210,2260,2210,2230,246396
03/07/2023,2270,2340,2260,2330,592168
04/07/2023,2320,2350,2310,2340,203588
05/07/2023,2350,2440,2350,2420,713595
06/07/2023,2420,2460,2410,2450,418307
07/07/2023,2410,2420,2370,2380,321188
10/07/2023,2380,2420,2370,2420,203397
11/07/2023,2400,2440,2390,2430,318663
12/07/2023,2430,2430,2370,2370,284049
13/07/2023,2350,2350,2280,2320,422975
14/07/2023,2320,2360,2320,2360,314232
17/07/2023,2380,2410,2380,2380,260636
18/07/2023,2390,2390,2320,2330,252281
20/07/2023,2350,2380,2350,2370,332878
21/07/2023,2380,2430,2380,2420,709493
24/07/2023,2420,2480,2400,2470,972669
25/07/2023,2480,2520,2430,2430,826651
26/07/2023,2460,2510,2450,2500,967613
27/07/2023,2500,2500,2440,2450,379053
28/07/2023,2440,2480,2410,2470,408505
31/07/2023,2470,2470,2380,2410,647435
01/08/2023,2410,2410,2370,2390,235693
02/08/2023,2380,2380,2340,2370,217654
03/08/2023,2370,2390,2350,2360,189082
04/08/2023,2390,2440,2390,2400,264769
07/08/2023,2400,2400,2360,2380,205989
08/08/2023,2400,2420,2370,2370,284411
09/08/2023,2390,2400,2370,2400,225619
10/08/2023,2430,2440,2400,2410,433087
11/08/2023,2410,2420,2350,2350,355097
14/08/2023,2360,2410,2330,2390,368953
15/08/2023,2410,2530,2400,2510,990837
16/08/2023,2510,2540,2490,2520,450906
18/08/2023,2520,2560,2480,2540,473125
21/08/2023,2560,2620,2550,2620,776681
22/08/2023,2620,2720,2620,2700,1025561
23/08/2023,2730,2780,2700,2700,861849
24/08/2023,2680,2730,2640,2670,572898
25/08/2023,2670,2670,2590,2590,460041
28/08/2023,2610,2710,2610,2680,493552
29/08/2023,2710,2730,2670,2680,357350
30/08/2023,2710,2730,2660,2690,374561
31/08/2023,2680,2690,2650,2670,373166
01/09/2023,2680,2720,2670,2680,226332
04/09/2023,2690,2760,2690,2740,489055
05/09/2023,2750,2780,2730,2740,371108
06/09/2023,2790,2890,2790,2870,1076909
07/09/2023,2870,2930,2800,2880,1058158
08/09/2023,2880,2940,2860,2890,583804
11/09/2023,2900,2920,2790,2800,647492
12/09/2023,2820,2850,2790,2810,529906
13/09/2023,2830,2870,2820,2860,389900
14/09/2023,2900,2940,2890,2910,583171
15/09/2023,2910,2910,2840,2840,552554
18/09/2023,2850,2870,2810,2840,466279
19/09/2023,2860,2920,2820,2900,644797
20/09/2023,2930,2990,2910,2960,930460
21/09/2023,2960,2970,2920,2950,375461
22/09/2023,2930,2960,2920,2950,271307
25/09/2023,2950,2980,2940,2950,325350
26/09/2023,2960,2970,2750,2770,1073781
27/09/2023,2770,2900,2770,2870,614531
29/09/2023,2900,2900,2840,2850,244761
02/10/2023,2830,2830,2780,2810,318813
03/10/2023,2780,2780,2690,2690,903314
04/10/2023,2670,2670,2620,2660,574277
05/10/2023,2640,2670,2600,2610,378516
06/10/2023,2600,2670,2600,2650,202898
09/10/2023,2690,2800,2690,2770,587007
10/10/2023,2820,2840,2770,2780,494129
11/10/2023,2800,2820,2760,2760,262951
12/10/2023,2760,2760,2690,2690,410465
13/10/2023,2730,2740,2690,2710,189629
16/10/2023,2750,2790,2730,2780,410773
17/10/2023,2770,2780,2750,2770,227508
18/10/2023,2750,2880,2730,2840,866791
19/10/2023,2840,2860,2800,2820,572359
20/10/2023,2830,2830,2760,2800,505744
23/10/2023,2780,2790,2650,2660,692237
24/10/2023,2640,2690,2630,2660,393007
25/10/2023,2660,2700,2640,2670,351825
26/10/2023,2660,2670,2610,2650,260265
27/10/2023,2660,2680,2620,2640,287100
30/10/2023,2640,2640,2520,2540,433242
31/10/2023,2520,2600,2430,2560,617262
01/11/2023,2500,2500,2400,2410,787599
02/11/2023,2420,2470,2380,2390,520506
03/11/2023,2420,2510,2420,2490,527371
06/11/2023,2500,2540,2500,2530,380744
07/11/2023,2500,2510,2410,2470,548117
08/11/2023,2460,2470,2410,2440,320128
09/11/2023,2480,2500,2440,2450,370331
10/11/2023,2450,2510,2450,2480,291452
13/11/2023,2490,2510,2450,2480,220235
14/11/2023,2480,2520,2450,2480,373301
15/11/2023,2520,2560,2490,2510,339715
16/11/2023,2510,2530,2470,2530,244092
17/11/2023,2500,2550,2500,2540,178345
20/11/2023,2550,2560,2530,2550,179736
21/11/2023,2540,2610,2540,2610,317635
22/11/2023,2610,2620,2570,2590,223905
23/11/2023,2600,2610,2530,2550,245674
24/11/2023,2550,2580,2510,2540,320083
27/11/2023,2540,2600,2540,2550,198351
28/11/2023,2560,2620,2560,2580,196809
29/11/2023,2590,2610,2560,2580,151136
30/11/2023,2590,2620,2570,2620,451446
01/12/2023,2640,2650,2550,2560,350050
04/12/2023,2580,2610,2550,2560,244965
05/12/2023,2570,2580,2490,2510,424767
06/12/2023,2510,2540,2500,2530,180676
07/12/2023,2560,2600,2500,2530,409725
08/12/2023,2570,2600,2550,2560,416133
11/12/2023,2580,2600,2530,2560,308401
12/12/2023,2560,2570,2520,2550,216138
13/12/2023,2510,2510,2430,2450,510052
14/12/2023,2460,2510,2440,2490,262685
15/12/2023,2490,2570,2490,2520,528811
18/12/2023,2530,2550,2470,2510,253162
19/12/2023,2580,2620,2570,2600,698795
20/12/2023,2600,2640,2580,2580,514663
21/12/2023,2580,2610,2570,2600,341946
22/12/2023,2600,2610,2580,2590,292649
27/12/2023,2600,2630,2580,2590,594999
28/12/2023,2600,2610,2560,2580,843197
29/12/2023,2410,2430,2370,2380,1247767
02/01/2024,2380,2490,2380,2490,758183
03/01/2024,2460,2460,2410,2410,716432
04/01/2024,2420,2470,2420,2460,670959
05/01/2024,2490,2490,2440,2440,475958
08/01/2024,2450,2490,2430,2440,615012
09/01/2024,2450,2460,2410,2430,376078
10/01/2024,2460,2460,2440,2460,228654
11/01/2024,2460,2460,2440,2450,213256
12/01/2024,2450,2480,2440,2480,369808
15/01/2024,2480,2530,2480,2510,415200
16/01/2024,2510,2520,2480,2500,244640
17/01/2024,2500,2520,2470,2490,239916
18/01/2024,2490,2490,2450,2460,265210
19/01/2024,2460,2480,2430,2430,330602
22/01/2024,2430,2440,2390,2400,423752
23/01/2024,2400,2410,2320,2350,805704
24/01/2024,2350,2380,2320,2340,360253
25/01/2024,2340,2380,2340,2360,337875
26/01/2024,2360,2390,2330,2380,358509
29/01/2024,2380,2410,2370,2400,258573
30/01/2024,2390,2400,2360,2390,293843
31/01/2024,2410,2450,2390,2400,282130
01/02/2024,2420,2450,2390,2420,329918
02/02/2024,2420,2440,2390,2420,412425
05/02/2024,2420,2470,2420,2430,314256
06/02/2024,2450,2470,2440,2460,328616
07/02/2024,2460,2470,2440,2460,248475
12/02/2024,2460,2490,2450,2470,261423
13/02/2024,2470,2490,2460,2480,184431
15/02/2024,2550,2570,2480,2510,550712
16/02/2024,2520,2530,2490,2520,314915
19/02/2024,2510,2510,2430,2430,350277
20/02/2024,2440,2470,2400,2430,579985
21/02/2024,2430,2440,2400,2420,282149
22/02/2024,2420,2440,2390,2440,281092
23/02/2024,2440,2450,2410,2420,154672
26/02/2024,2420,2420,2360,2370,536836
27/02/2024,2400,2410,2360,2380,365774
28/02/2024,2390,2410,2380,2400,258961
29/02/2024,2410,2420,2390,2420,387487
01/03/2024,2450,2490,2430,2490,601439
04/03/2024,2520,2550,2500,2540,724762
05/03/2024,2550,2630,2550,2630,849711
06/03/2024,2630,2700,2590,2670,915488
07/03/2024,2670,2730,2640,2700,770302
08/03/2024,2700,2720,2660,2670,332273
13/03/2024,2670,2670,2590,2600,518671
14/03/2024,2600,2670,2600,2670,429816
15/03/2024,2670,2670,2610,2660,1687916
18/03/2024,2650,2670,2630,2630,253112
19/03/2024,2630,2660,2620,2630,221856
20/03/2024,2630,2660,2610,2650,227741
21/03/2024,2650,2700,2630,2650,371382
22/03/2024,2650,2680,2650,2650,258970
25/03/2024,2650,2670,2650,2670,346445
26/03/2024,2680,2750,2670,2740,496875
27/03/2024,2740,2760,2710,2720,319051
28/03/2024,2740,2760,2660,2700,564689
01/04/2024,2700,2700,2610,2640,316877
02/04/2024,2640,2690,2620,2690,277683
03/04/2024,2690,2720,2660,2680,343567
04/04/2024,2670,2720,2650,2690,232292
05/04/2024,2690,2720,2670,2700,153254
16/04/2024,2740,2840,2730,2810,1363920
17/04/2024,2810,2830,2750,2750,400391
18/04/2024,2770,2770,2710,2730,348718
19/04/2024,2740,2790,2710,2760,485337
22/04/2024,2770,2800,2750,2750,301883
23/04/2024,2750,2800,2740,2750,193496
24/04/2024,2750,2770,2660,2680,390369
25/04/2024,2670,2690,2610,2620,325574
26/04/2024,2620,2670,2600,2600,280555
29/04/2024,2630,2680,2550,2670,276874
30/04/2024,2680,2740,2650,2710,244989
02/05/2024,2720,2770,2680,2730,494906
03/05/2024,2730,2740,2700,2730,205384
06/05/2024,2760,2850,2730,2850,565120
07/05/2024,2850,2860,2790,2810,256841
08/05/2024,2810,2870,2810,2870,435325
13/05/2024,2870,2970,2850,2950,643395
14/05/2024,2950,2950,2870,2880,266341
15/05/2024,2890,2960,2830,2830,444768
16/05/2024,2840,2890,2840,2880,334549
17/05/2024,2890,2900,2840,2880,280903
20/05/2024,2880,2920,2860,2910,272903
21/05/2024,2910,2950,2870,2880,411906
22/05/2024,2900,2920,2850,2920,313854
27/05/2024,2920,2940,2860,2870,706099
28/05/2024,2600,2710,2600,2690,851733
29/05/2024,2690,2710,2660,2680,230849
30/05/2024,2680,2770,2680,2740,472782
31/05/2024,2750,2810,2730,2770,954378
03/06/2024,2800,2930,2800,2930,844225
04/06/2024,2900,2940,2850,2920,643940
05/06/2024,2900,2910,2840,2870,411131
06/06/2024,2880,2880,2820,2850,243018
07/06/2024,2850,2890,2820,2840,253526
10/06/2024,2840,2850,2710,2750,484058
11/06/2024,2750,2770,2720,2720,270257
12/06/2024,2740,2810,2730,2790,419238
13/06/2024,2820,2830,2750,2780,231645
14/06/2024,2810,2810,2740,2780,231544
19/06/2024,2780,2790,2640,2660,456237
20/06/2024,2690,2730,2660,2730,181680
21/06/2024,2730,2780,2720,2730,436725
24/06/2024,2730,2740,2700,2720,154977
25/06/2024,2710,2720,2680,2710,171748
26/06/2024,2710,2760,2700,2750,189569
27/06/2024,2750,2780,2720,2750,249194
28/06/2024,2750,2800,2750,2790,297619
01/07/2024,2790,2840,2760,2800,202243
02/07/2024,2800,2860,2800,2840,236402
03/07/2024,2850,2920,2840,2890,372011
04/07/2024,2900,2910,2860,2860,214814
05/07/2024,2870,2910,2860,2910,190368
08/07/2024,2910,2910,2880,2900,192876
09/07/2024,2910,2920,2880,2900,339085
10/07/2024,2900,2930,2880,2900,155838
11/07/2024,2900,2900,2860,2860,141093
12/07/2024,2850,2860,2800,2830,330114
15/07/2024,2830,2870,2830,2870,283221
16/07/2024,2900,2900,2850,2870,155561
17/07/2024,2890,2910,2870,2900,302541
18/07/2024,2890,3040,2870,3030,1032683
19/07/2024,3040,3150,3040,3100,1122454
22/07/2024,3100,3230,3100,3190,679194
23/07/2024,3190,3240,3130,3130,335274
24/07/2024,3140,3190,3120,3170,349038
25/07/2024,3160,3200,3120,3130,320625
26/07/2024,3150,3190,3130,3180,266084
29/07/2024,3180,3220,3170,3180,271766
30/07/2024,3200,3250,3180,3230,466038
31/07/2024,3250,3270,3200,3220,448702
01/08/2024,3220,3250,3170,3250,363454
02/08/2024,3240,3370,3230,3320,726566
05/08/2024,3270,3270,3070,3090,1362082
06/08/2024,3160,3200,3080,3180,923523
07/08/2024,3210,3270,3200,3230,525007
08/08/2024,3210,3230,3160,3190,335779
09/08/2024,3210,3220,3150,3180,383621
12/08/2024,3190,3240,3180,3240,555569
13/08/2024,3250,3270,3190,3230,575904
14/08/2024,3230,3240,3200,3220,324031
15/08/2024,3220,3220,3170,3210,352703
16/08/2024,3230,3300,3230,3280,754524
19/08/2024,3270,3300,3240,3280,278751
20/08/2024,3280,3290,3240,3270,282372
21/08/2024,3280,3300,3240,3260,407968
22/08/2024,3240,3390,3200,3360,1133551
23/08/2024,3370,3480,3370,3470,1180114
26/08/2024,3490,3500,3430,3490,505570
27/08/2024,3510,3570,3460,3520,660942
28/08/2024,3550,3560,3500,3530,509328
29/08/2024,3540,3590,3500,3520,632187
30/08/2024,3540,3590,3510,3560,957677
02/09/2024,3590,3650,3570,3610,963481
03/09/2024,3610,3630,3560,3600,450681
04/09/2024,3540,3630,3490,3560,735717
05/09/2024,3560,3570,3460,3550,649131
06/09/2024,3530,3540,3460,3470,452221
09/09/2024,3470,3500,3390,3490,821760
10/09/2024,3490,3560,3440,3490,747441
11/09/2024,3490,3530,3470,3520,813183
12/09/2024,3920,4050,3800,3850,5315704
13/09/2024,3840,3840,3660,3670,2087870
17/09/2024,3670,3780,3570,3760,1365093
18/09/2024,3760,3780,3640,3650,1018400
19/09/2024,3660,3700,3580,3660,1277379
20/09/2024,3670,3740,3640,3690,1522379
23/09/2024,3720,3740,3690,3700,700671
24/09/2024,3730,3760,3690,3740,1111922
25/09/2024,3760,3760,3680,3690,754054
26/09/2024,3720,3780,3700,3780,765481
27/09/2024,3780,3940,3740,3910,1210609
30/09/2024,3910,3930,3810,3810,726525
01/10/2024,3830,3930,3710,3920,1312085
02/10/2024,3900,3900,3830,3870,511069
03/10/2024,3860,3870,3830,3830,285291
04/10/2024,3850,3890,3810,3810,421590
07/10/2024,3890,3930,3840,3890,784698
08/10/2024,3900,3900,3800,3800,700990
09/10/2024,3820,3840,3760,3820,492867
10/10/2024,3830,3870,3820,3820,572949
11/10/2024,3870,3890,3850,3870,263447
14/10/2024,3870,3910,3860,3870,430329
15/10/2024,3870,3920,3850,3880,521352
16/10/2024,3900,3900,3830,3850,1061130
17/10/2024,3860,3910,3830,3900,418609
18/10/2024,3900,3910,3730,3780,896839
21/10/2024,3790,3800,3700,3740,674149
22/10/2024,3740,3770,3700,3730,548624
23/10/2024,3730,3740,3680,3690,447211
24/10/2024,3690,3710,3670,3680,340755
25/10/2024,3700,3710,3590,3660,777097
28/10/2024,3690,3730,3650,3680,395959
29/10/2024,3700,3700,3620,3630,205348
30/10/2024,3630,3670,3580,3640,363500
31/10/2024,3640,3680,3620,3620,535078
01/11/2024,3620,3830,3620,3790,1460592
04/11/2024,3840,3940,3840,3930,1410505
05/11/2024,4060,4300,4010,4040,4386397
06/11/2024,4060,4110,3980,4010,1131337
07/11/2024,3990,4000,3890,3920,969714
08/11/2024,3920,3920,3810,3830,909456
11/11/2024,3830,3860,3730,3740,994556
12/11/2024,3800,3900,3790,3820,857540
13/11/2024,3950,4010,3870,3920,1448650
14/11/2024,3940,3950,3830,3830,847909
15/11/2024,3830,3940,3790,3920,833613
18/11/2024,3920,3920,3670,3700,2673469
19/11/2024,3720,3800,3670,3710,1070340
20/11/2024,3710,3750,3660,3690,802473
21/11/2024,3700,3710,3660,3680,805442
22/11/2024,3680,3750,3640,3750,1540943
25/11/2024,3760,3810,3730,3770,1924371
26/11/2024,3780,3820,3670,3670,2839618
28/11/2024,2760,2760,2760,2760,200716
29/11/2024,2070,2210,2070,2080,10478773
02/12/2024,2090,2380,2090,2310,5178780
03/12/2024,2330,2430,2280,2360,2585670
04/12/2024,2370,2380,2300,2360,1357561
05/12/2024,2390,2420,2300,2340,1790163
06/12/2024,2340,2340,2290,2300,1528066
09/12/2024,2310,2700,2310,2680,5092795
10/12/2024,2700,2880,2620,2730,3606778
11/12/2024,2730,2770,2610,2610,1597440
12/12/2024,2610,2660,2510,2530,1205955
13/12/2024,2550,2630,2540,2580,1106718
16/12/2024,2580,2660,2480,2600,1377367
17/12/2024,2650,2660,2510,2510,946263
18/12/2024,2590,2630,2540,2590,917093
19/12/2024,2570,2580,2520,2540,570292
20/12/2024,2540,2580,2510,2550,651835
23/12/2024,2580,2590,2520,2540,496267
24/12/2024,2540,2610,2510,2510,709900
27/12/2024,2530,2540,2490,2540,642532
30/12/2024,2440,2470,2410,2430,750874
02/01/2025,2440,2540,2430,2530,641164
03/01/2025,2530,2580,2450,2460,763289
06/01/2025,2470,2480,2380,2380,490819
07/01/2025,2380,2480,2320,2470,677828
08/01/2025,2470,2520,2400,2400,610629
09/01/2025,2420,2430,2340,2340,458928
10/01/2025,2360,2390,2320,2320,626242
13/01/2025,2330,2390,2300,2350,747670
14/01/2025,2380,2420,2360,2360,601119
15/01/2025,2380,2430,2360,2400,646116
16/01/2025,2420,2470,2400,2410,649255
17/01/2025,2420,2430,2360,2400,427548
20/01/2025,2400,2420,2350,2350,455141
21/01/2025,2360,2370,2310,2310,486248
22/01/2025,2330,2350,2320,2320,383701
23/01/2025,2330,2390,2310,2340,897733
24/01/2025,2340,2360,2280,2300,492623
30/01/2025,2310,2320,2250,2300,693641
31/01/2025,2310,2340,2290,2330,284616
03/02/2025,2320,2330,2260,2310,410396
04/02/2025,2310,2370,2290,2330,404290
05/02/2025,2390,2390,2320,2360,446236
06/02/2025,2360,2370,2260,2290,250040
07/02/2025,2290,2290,2230,2270,317941
10/02/2025,2270,2270,2200,2210,405133
11/02/2025,2210,2220,2120,2150,555816
12/02/2025,2150,2260,2140,2240,514895
13/02/2025,2240,2250,2190,2210,258649
14/02/2025,2220,2240,2200,2240,256535
17/02/2025,2240,2300,2210,2280,265858
18/02/2025,2280,2300,2250,2260,315483
19/02/2025,2270,2290,2210,2250,309301
20/02/2025,2250,2250,2190,2200,517745
21/02/2025,2200,2240,2180,2180,348277
24/02/2025,2180,2220,2150,2190,256141
25/02/2025,2180,2190,2080,2100,428744
26/02/2025,2110,2150,2080,2110,349740
27/02/2025,2130,2150,2050,2070,425639
28/02/2025,2070,2100,2010,2070,673515
03/03/2025,2100,2110,2010,2050,719789
04/03/2025,2040,2060,1875,1910,1368344
05/03/2025,1910,1945,1865,1900,1430280
06/03/2025,1960,2070,1960,2050,1448941
07/03/2025,2050,2060,1990,2000,696636
10/03/2025,2030,2050,1900,1915,945100
11/03/2025,1910,1910,1825,1850,985745
12/03/2025,1850,1860,1810,1850,697119
13/03/2025,1850,1875,1820,1865,703229
14/03/2025,1855,1860,1800,1810,618489
17/03/2025,1810,1825,1765,1815,651299
18/03/2025,1815,1820,1680,1795,928971
19/03/2025,1790,1810,1755,1800,580400
20/03/2025,1810,1860,1785,1800,768985
21/03/2025,1800,1805,1745,1800,723148
24/03/2025,1790,1790,1700,1750,643075
25/03/2025,1725,1745,1710,1745,428689
26/03/2025,1755,1850,1750,1840,585118
27/03/2025,1840,1845,1805,1845,407815
08/04/2025,1725,1725,1600,1645,1410276
09/04/2025,1640,1695,1605,1650,860561
10/04/2025,1730,1745,1695,1700,838471
11/04/2025,1695,1725,1665,1715,507876
14/04/2025,1720,1785,1715,1765,674888
15/04/2025,1775,1830,1760,1800,764583
16/04/2025,1810,1845,1785,1800,932047
17/04/2025,1800,1810,1770,1800,575453
21/04/2025,1800,1820,1795,1805,341045
22/04/2025,1810,1905,1795,1880,1217702
23/04/2025,1905,1920,1840,1850,713784
24/04/2025,1860,1910,1850,1875,754564
25/04/2025,1880,1895,1870,1880,526029
28/04/2025,1890,1930,1875,1900,583109
29/04/2025,1905,1915,1895,1900,392422
30/04/2025,1900,1925,1880,1900,640601
02/05/2025,1875,1895,1865,1885,431420
05/05/2025,1885,1895,1850,1860,581905
06/05/2025,1870,1890,1865,1875,532135
07/05/2025,1885,1945,1885,1900,699718
08/05/2025,1900,1920,1870,1895,611708
09/05/2025,1895,1895,1855,1855,359648
14/05/2025,1860,1925,1860,1915,1314596
15/05/2025,1895,1925,1890,1915,725596
16/05/2025,1945,2200,1920,2150,2879804
19/05/2025,2170,2400,2160,2320,3450316
20/05/2025,2350,2430,2210,2210,3101182
21/05/2025,2250,2260,2150,2160,1676912
22/05/2025,2160,2180,2130,2150,1044288
23/05/2025,2160,2160,2090,2100,1124242
26/05/2025,2130,2160,2070,2090,1041974
27/05/2025,2130,2300,2100,2290,2769279
28/05/2025,2310,2360,2180,2200,3518239
02/06/2025,2200,2210,2110,2130,1377292
03/06/2025,2150,2170,2090,2100,1020700
04/06/2025,2110,2170,2100,2100,1059239
05/06/2025,2120,2140,2090,2120,703184
10/06/2025,2120,2140,2080,2110,1122270
11/06/2025,2130,2140,2100,2120,831751
12/06/2025,2120,2150,2100,2120,1173976
13/06/2025,1960,2030,1950,1995,1311369
16/06/2025,1995,2050,1985,2000,772894
17/06/2025,2030,2030,1990,2000,357312
18/06/2025,2000,2010,1975,1990,692696
19/06/2025,1990,1990,1920,1925,729222
20/06/2025,1925,1935,1850,1860,1821197
23/06/2025,1850,1850,1790,1800,867373
24/06/2025,1810,1845,1810,1815,627667
25/06/2025,1840,1840,1765,1785,662936
26/06/2025,1790,1805,1780,1790,482101
30/06/2025,1810,1840,1800,1830,515818
01/07/2025,1845,1860,1815,1830,383932
02/07/2025,1830,1835,1775,1775,543565
03/07/2025,1785,1795,1740,1760,715679
04/07/2025,1760,1765,1730,1755,439780
07/07/2025,1760,1760,1730,1740,322796
08/07/2025,1740,1790,1740,1745,581657
09/07/2025,1745,1755,1730,1740,498781
10/07/2025,1745,1845,1745,1840,762509
11/07/2025,1850,1915,1840,1870,960672
14/07/2025,1875,1880,1815,1825,534130
15/07/2025,1825,1830,1800,1815,353141
16/07/2025,1820,1870,1820,1840,463776
17/07/2025,1850,1855,1825,1830,428862
18/07/2025,1830,1860,1830,1835,328122
21/07/2025,1865,1895,1845,1885,521518
22/07/2025,1890,2050,1890,1965,2700448
23/07/2025,2010,2050,1970,2020,1472674
24/07/2025,2030,2040,1965,1975,647123
25/07/2025,1985,1995,1910,1915,667139
28/07/2025,1925,1960,1920,1925,439881
29/07/2025,1930,1945,1910,1920,384484
30/07/2025,1930,1940,1890,1900,451158
31/07/2025,1900,1910,1850,1850,747050
01/08/2025,1855,1875,1855,1865,256530
04/08/2025,1865,1920,1830,1900,527414
05/08/2025,1900,1905,1860,1865,403932
06/08/2025,1865,1880,1860,1860,337059
07/08/2025,1865,1890,1865,1870,238923
08/08/2025,1850,1850,1785,1790,1619701
11/08/2025,1800,1830,1790,1810,682574
12/08/2025,1810,1870,1810,1860,638521
13/08/2025,1895,1895,1830,1830,726824
14/08/2025,1830,1865,1830,1840,297827
15/08/2025,1840,1850,1810,1810,458218
19/08/2025,1810,1815,1790,1800,790466
20/08/2025,1800,1815,1800,1810,394154
21/08/2025,1810,1830,1780,1780,815423
22/08/2025,1790,1800,1775,1775,556968
25/08/2025,1780,1795,1740,1740,1261778
26/08/2025,1740,1780,1715,1735,9576670
27/08/2025,1780,1865,1765,1805,3200629
28/08/2025,1835,1835,1770,1770,1041266
29/08/2025,1750,1775,1720,1755,1658637
01/09/2025,1705,1735,1670,1720,945277
02/09/2025,1730,1745,1720,1720,581063
03/09/2025,1725,1770,1720,1730,807949
04/09/2025,1735,1820,1735,1760,1674369
08/09/2025,1765,1780,1720,1720,1232161
09/09/2025,1720,1740,1685,1685,826070
10/09/2025,1690,1715,1685,1685,597124
11/09/2025,1700,1710,1680,1680,536026
12/09/2025,1685,1695,1670,1670,770996
15/09/2025,1675,1690,1675,1680,590014
16/09/2025,1685,1700,1645,1650,1338781
17/09/2025,1655,1680,1650,1675,767184
18/09/2025,1680,1685,1640,1640,880861
19/09/2025,1645,1665,1630,1665,891036
22/09/2025,1665,1680,1645,1660,680804
23/09/2025,1665,1765,1650,1760,2659654
24/09/2025,1775,1790,1725,1730,1466963
25/09/2025,1735,1755,1710,1725,753196
26/09/2025,1700,1720,1690,1700,589838
29/09/2025,1700,1735,1695,1725,605511
30/09/2025,1730,1740,1690,1690,758643
01/10/2025,1700,1705,1665,1670,551693
02/10/2025,1675,1705,1670,1670,494431
03/10/2025,1665,1680,1650,1660,530139
06/10/2025,1665,1690,1650,1655,651702
07/10/2025,1665,1665,1635,1650,910885
08/10/2025,1650,1850,1625,1850,3242081
09/10/2025,1865,1880,1705,1730,4867141
10/10/2025,1735,1785,1720,1750,1490463
13/10/2025,1725,1775,1690,1725,115736300
14/10/2025,1730,1770,1685,1705,142590700
15/10/2025,1705,1715,1655,1680,84255400
16/10/2025,1690,1695,1670,1675,43126000
17/10/2025,1675,1690,1650,1650,79119300
20/10/2025,1650,1705,1650,1695,71982100
21/10/2025,1695,1835,1695,1805,283345400
22/10/2025,1810,1820,1755,1775,120500800
23/10/2025,1780,1800,1755,1790,61586100
24/10/2025,1790,1810,1755,1760,71132100
27/10/2025,1760,1815,1735,1785,126426000
28/10/2025,1795,1805,1775,1785,74745100
29/10/2025,1785,1945,1775,1935,465423400
30/10/2025,1955,2010,1915,1980,365299800
31/10/2025,1980,1985,1865,1885,278129200
03/11/2025,1895,1985,1895,1940,167263300
04/11/2025,1940,1955,1885,1905,97432000
05/11/2025,1880,1900,1850,1890,109993300
06/11/2025,1890,1950,1890,1920,140062300
07/11/2025,1925,1960,1905,1945,104734700
10/11/2025,1965,1980,1935,1960,118023700
11/11/2025,1960,1975,1925,1950,130750300
12/11/2025,1950,1980,1930,1965,96844300
13/11/2025,1965,1970,1930,1930,89248300
14/11/2025,1920,1925,1880,1880,110646200
17/11/2025,1880,1910,1860,1910,104434200
18/11/2025,1910,1920,1850,1880,98428200
19/11/2025,1890,1930,1880,1920,74350800
20/11/2025,1930,1940,1900,1905,52140900
21/11/2025,1900,1900,1865,1870,60223900
24/11/2025,1885,1885,1850,1875,88910200
25/11/2025,1880,1880,1850,1855,53971700
26/11/2025,1875,1875,1825,1845,64919800
27/11/2025,1850,1850,1810,1810,70755600
28/11/2025,1810,1820,1800,1810,48940700
01/12/2025,1815,1835,1815,1820,44059900
02/12/2025,1825,1860,1825,1840,52388300
03/12/2025,1840,1855,1835,1850,24998900
04/12/2025,1850,1855,1805,1810,46528500
05/12/2025,1810,1815,1800,1815,42791600
08/12/2025,1840,1905,1835,1900,173167600
09/12/2025,1905,1905,1830,1835,104418300
10/12/2025,1840,1865,1830,1830,51947100
11/12/2025,1840,1865,1765,1780,115890200
12/12/2025,1780,1800,1765,1780,56176000
15/12/2025,1785,1845,1775,1825,77447900
16/12/2025,1825,1830,1800,1805,45008700
17/12/2025,1820,1845,1805,1815,55292900
18/12/2025,1900,1935,1880,1900,264349900
19/12/2025,1900,1920,1900,1900,130050500
22/12/2025,1910,1915,1885,1895,102188900
23/12/2025,1895,1910,1885,1905,58690600
24/12/2025,1905,1910,1890,1890,83361000
29/12/2025,1915,1965,1910,1945,2643075
30/12/2025,1840,1840,1805,1810,1514019
02/01/2026,1810,1825,1810,1820,588839
05/01/2026,1825,1865,1825,1840,781430
06/01/2026,1850,1925,1820,1865,1834221
07/01/2026,1890,2050,1870,2010,2952214
08/01/2026,2120,2250,2010,2030,5357220
09/01/2026,2040,2120,2010,2100,1921384
12/01/2026,2150,2210,2020,2150,3821349
13/01/2026,2230,2340,2180,2290,4788698
14/01/2026,2300,2330,2210,2230,2257840
15/01/2026,2250,2320,2210,2230,1285820
