Date,Open,High,Low,Close,Volume
02/01/2004,16,16,16,16,30000
05/01/2004,16,16,16,16,0
06/01/2004,16,16,16,16,0
07/01/2004,16,16,16,16,0
08/01/2004,16,16,16,16,0
09/01/2004,16,16,16,16,0
12/01/2004,16,16,16,16,198000
13/01/2004,16,16,15,15,127500
14/01/2004,17,17,15,17,295500
15/01/2004,17,17,16,17,127500
16/01/2004,17,17,17,17,0
19/01/2004,16,16,16,16,75000
20/01/2004,16,16,16,16,0
21/01/2004,17,17,16,17,162000
23/01/2004,17,17,17,17,0
26/01/2004,17,17,17,17,0
27/01/2004,17,17,17,17,75000
28/01/2004,17,17,17,17,0
29/01/2004,18,18,17,18,472500
30/01/2004,18,18,18,18,18000
03/02/2004,18,18,18,18,0
04/02/2004,18,18,18,18,0
05/02/2004,17,17,17,17,54000
06/02/2004,17,17,17,17,0
09/02/2004,17,17,17,17,0
10/02/2004,17,17,17,17,0
11/02/2004,17,17,17,17,0
12/02/2004,17,17,17,17,16500
13/02/2004,17,17,17,17,76500
16/02/2004,17,17,17,17,10500
17/02/2004,18,18,17,18,60000
18/02/2004,18,18,18,18,15000
19/02/2004,18,18,17,17,30000
20/02/2004,18,18,18,18,25500
24/02/2004,17,17,17,17,60000
25/02/2004,17,17,17,17,112500
26/02/2004,18,18,18,18,235500
27/02/2004,21,21,19,20,1071000
01/03/2004,21,22,21,21,378000
02/03/2004,21,21,21,21,640500
03/03/2004,21,21,21,21,600000
04/03/2004,21,26,21,25,4200000
05/03/2004,26,29,26,29,4210500
08/03/2004,29,29,28,28,946500
09/03/2004,28,31,28,30,1639500
10/03/2004,31,31,29,30,63000
11/03/2004,29,31,29,29,415500
12/03/2004,30,31,30,30,892500
15/03/2004,31,31,29,29,324000
16/03/2004,28,28,28,28,835500
17/03/2004,29,29,29,29,432000
18/03/2004,29,29,28,28,112500
19/03/2004,28,28,28,28,21000
23/03/2004,28,28,28,28,15000
24/03/2004,28,28,27,27,318000
25/03/2004,28,28,28,28,1500
26/03/2004,28,28,28,28,60000
29/03/2004,28,28,28,28,120000
30/03/2004,28,28,28,28,52500
31/03/2004,28,28,28,28,67500
01/04/2004,28,28,28,28,15000
02/04/2004,28,28,28,28,108000
06/04/2004,28,28,28,28,49500
07/04/2004,28,28,28,28,7500
08/04/2004,28,28,28,28,0
12/04/2004,27,27,27,27,7500
13/04/2004,27,27,27,27,60000
14/04/2004,27,27,27,27,15000
15/04/2004,27,27,27,27,0
16/04/2004,27,27,27,27,0
19/04/2004,27,27,27,27,0
20/04/2004,27,27,27,27,0
21/04/2004,27,27,27,27,0
22/04/2004,27,27,27,27,78000
23/04/2004,27,27,27,27,4500
26/04/2004,27,27,27,27,15000
27/04/2004,27,27,27,27,0
28/04/2004,27,31,27,30,498000
29/04/2004,29,29,27,27,132000
30/04/2004,27,27,27,27,30000
04/05/2004,27,27,27,27,7500
05/05/2004,27,27,27,27,700500
06/05/2004,27,28,27,27,918000
07/05/2004,27,27,27,27,30000
10/05/2004,27,27,25,26,610500
11/05/2004,26,27,26,27,211500
12/05/2004,27,27,27,27,66000
13/05/2004,27,27,27,27,39000
14/05/2004,27,27,27,27,250500
17/05/2004,25,25,25,25,15000
18/05/2004,26,26,26,26,46500
19/05/2004,27,28,27,28,75000
21/05/2004,28,28,28,28,163500
24/05/2004,28,28,28,28,834000
25/05/2004,28,28,28,28,0
26/05/2004,28,28,28,28,0
27/05/2004,28,28,28,28,0
28/05/2004,28,28,28,28,0
31/05/2004,28,28,28,28,0
01/06/2004,28,28,28,28,0
02/06/2004,25,25,25,25,7500
04/06/2004,27,27,27,27,30000
07/06/2004,28,28,28,28,45000
08/06/2004,27,28,27,28,24000
09/06/2004,28,28,28,28,210000
10/06/2004,28,28,28,28,157500
11/06/2004,28,28,28,28,15000
14/06/2004,28,28,28,28,30000
15/06/2004,28,28,28,28,130500
16/06/2004,28,28,28,28,27000
17/06/2004,28,28,28,28,187500
18/06/2004,28,28,28,28,0
21/06/2004,28,28,28,28,0
22/06/2004,28,28,28,28,111000
23/06/2004,28,28,28,28,22500
24/06/2004,28,28,28,28,0
25/06/2004,28,28,28,28,202500
28/06/2004,28,28,28,28,37500
29/06/2004,28,29,28,29,67500
30/06/2004,28,29,28,29,112500
01/07/2004,28,28,28,28,180000
02/07/2004,28,28,28,28,60000
06/07/2004,29,29,28,28,183000
07/07/2004,29,29,29,29,75000
08/07/2004,28,29,28,28,82500
09/07/2004,29,29,28,29,226500
12/07/2004,28,29,28,29,247500
13/07/2004,29,29,29,29,0
14/07/2004,29,29,29,29,60000
15/07/2004,29,29,29,29,75000
16/07/2004,29,29,29,29,30000
19/07/2004,29,29,29,29,0
20/07/2004,29,30,29,29,225000
21/07/2004,29,29,29,29,0
22/07/2004,29,29,29,29,70500
23/07/2004,30,30,30,30,45000
26/07/2004,30,30,30,30,0
27/07/2004,30,30,30,30,60000
28/07/2004,30,30,30,30,75000
29/07/2004,29,29,29,29,30000
30/07/2004,29,29,29,29,0
02/08/2004,29,29,29,29,90000
03/08/2004,29,29,29,29,0
04/08/2004,29,29,29,29,0
05/08/2004,30,30,30,30,1500
06/08/2004,30,30,30,30,75000
09/08/2004,29,29,29,29,6000
10/08/2004,29,29,29,29,0
11/08/2004,30,36,30,34,3340500
12/08/2004,33,34,32,34,682500
13/08/2004,32,36,32,34,786000
16/08/2004,34,35,33,34,390000
18/08/2004,34,37,34,35,3496500
19/08/2004,36,43,36,43,14232000
20/08/2004,43,43,36,37,4972500
23/08/2004,36,39,36,38,3027000
24/08/2004,38,38,37,37,1315500
25/08/2004,37,39,35,37,6117000
26/08/2004,37,38,37,37,1467000
27/08/2004,37,38,37,37,1849500
30/08/2004,37,38,37,38,1030500
31/08/2004,38,38,37,37,966000
01/09/2004,37,39,37,38,4656000
02/09/2004,38,38,37,37,618000
03/09/2004,37,37,37,37,1156500
06/09/2004,37,37,37,37,666000
07/09/2004,37,37,37,37,922500
08/09/2004,37,37,37,37,1486500
09/09/2004,37,37,35,36,1959000
10/09/2004,36,37,36,37,706500
14/09/2004,32,37,32,36,909000
15/09/2004,36,36,35,36,757500
16/09/2004,36,36,34,35,784500
17/09/2004,36,36,34,34,1189500
21/09/2004,35,35,34,34,391500
22/09/2004,34,34,31,32,1909500
23/09/2004,32,32,31,32,1423500
27/09/2004,33,33,32,33,819000
28/09/2004,33,33,32,32,1125000
29/09/2004,32,32,32,32,1102500
30/09/2004,32,32,32,32,1971000
01/10/2004,34,35,33,35,896250
04/10/2004,35,35,33,34,165750
05/10/2004,34,34,34,34,390750
06/10/2004,34,36,34,36,1080000
07/10/2004,35,36,34,34,1114500
08/10/2004,35,35,34,35,956250
11/10/2004,35,36,34,36,924000
12/10/2004,36,36,35,35,513000
13/10/2004,36,44,36,44,8082751
14/10/2004,44,48,42,45,8973000
15/10/2004,45,45,40,43,2254500
18/10/2004,43,43,41,41,909750
19/10/2004,41,42,40,41,1092750
20/10/2004,40,41,38,41,2148750
21/10/2004,41,41,38,40,793500
22/10/2004,40,40,39,40,1906500
25/10/2004,40,42,40,42,2118750
26/10/2004,42,42,41,42,3183000
27/10/2004,42,43,42,43,3606000
28/10/2004,43,43,42,43,3300000
29/10/2004,43,43,42,43,1521000
01/11/2004,42,43,42,43,1545750
02/11/2004,43,43,42,43,1755000
03/11/2004,43,45,42,45,4783500
04/11/2004,45,45,43,44,1665000
05/11/2004,44,44,42,44,1239000
08/11/2004,44,44,42,43,1246500
09/11/2004,43,43,41,43,1551750
10/11/2004,43,43,42,43,1346250
11/11/2004,43,45,43,45,4916250
12/11/2004,45,45,44,45,1294500
22/11/2004,45,45,44,45,1951500
23/11/2004,44,45,44,45,1677750
24/11/2004,45,45,43,45,2102250
25/11/2004,45,45,43,45,1616250
26/11/2004,45,45,43,45,2455500
29/11/2004,44,44,43,44,1596000
30/11/2004,44,44,43,44,3018000
02/12/2004,44,44,43,44,2081250
03/12/2004,43,44,43,43,1513500
06/12/2004,43,44,42,44,2187750
07/12/2004,43,44,43,43,1443750
08/12/2004,43,43,42,43,1240500
09/12/2004,43,43,42,42,2305500
10/12/2004,42,42,41,42,2527500
13/12/2004,42,42,41,42,1336500
14/12/2004,42,42,41,42,1056000
15/12/2004,41,42,41,42,1845000
16/12/2004,42,42,42,42,1681500
17/12/2004,42,42,41,42,1828500
20/12/2004,41,42,41,42,1756500
21/12/2004,41,42,41,41,2076000
22/12/2004,41,41,40,41,2583000
23/12/2004,41,43,40,43,3344250
27/12/2004,43,43,42,43,1407000
28/12/2004,43,44,42,44,2001000
29/12/2004,44,44,42,44,1269000
30/12/2004,44,44,42,44,2363250
03/01/2005,44,44,42,43,1569750
04/01/2005,43,44,42,44,3179250
05/01/2005,44,44,44,44,1131000
06/01/2005,43,44,43,43,1507500
07/01/2005,43,43,42,43,2343750
10/01/2005,43,43,42,43,1677750
11/01/2005,43,43,42,43,1113000
12/01/2005,43,43,43,43,908250
13/01/2005,43,43,42,43,1972500
14/01/2005,43,43,42,43,1669500
17/01/2005,43,43,42,43,1301250
18/01/2005,43,43,43,43,1698000
19/01/2005,43,43,43,43,832500
20/01/2005,43,43,42,43,1825500
24/01/2005,43,43,42,43,1884750
25/01/2005,43,43,43,43,674250
26/01/2005,43,43,42,42,986250
27/01/2005,42,42,42,42,1128750
28/01/2005,42,42,42,42,1914750
31/01/2005,42,42,41,42,1341750
01/02/2005,42,42,41,42,2029500
02/02/2005,42,42,41,42,2511000
03/02/2005,42,42,41,42,1905750
04/02/2005,42,42,42,42,2197500
07/02/2005,42,42,42,42,2057250
08/02/2005,42,42,42,42,1862250
11/02/2005,42,42,42,42,1659000
14/02/2005,42,42,42,42,2061000
15/02/2005,42,42,42,42,1842000
16/02/2005,42,42,41,42,1960500
17/02/2005,42,42,41,42,2164500
18/02/2005,42,42,41,42,1639500
21/02/2005,42,42,41,42,2466000
22/02/2005,42,42,42,42,2330250
23/02/2005,42,42,42,42,2091000
24/02/2005,42,42,42,42,2061000
25/02/2005,42,42,42,42,1776750
28/02/2005,42,42,41,42,1319250
01/03/2005,42,44,41,44,4316250
02/03/2005,44,44,43,44,2462250
03/03/2005,44,44,43,44,1787250
04/03/2005,43,44,43,44,2103750
07/03/2005,44,44,43,43,1532250
08/03/2005,43,44,43,44,3457500
09/03/2005,43,44,43,44,2325000
10/03/2005,44,44,43,44,1947000
14/03/2005,44,44,44,44,1631250
15/03/2005,44,44,43,44,1837500
16/03/2005,44,44,43,44,2087250
17/03/2005,44,44,44,44,4965750
18/03/2005,44,44,44,44,2110500
21/03/2005,44,44,44,44,1820250
22/03/2005,44,44,44,44,2217000
23/03/2005,44,44,44,44,2082750
24/03/2005,44,44,43,44,1489500
28/03/2005,44,44,43,44,1616250
29/03/2005,44,45,44,44,7302751
30/03/2005,44,44,44,44,2157750
31/03/2005,44,45,44,45,2223750
01/04/2005,44,45,44,45,1526250
04/04/2005,45,45,45,45,1533750
05/04/2005,45,45,44,45,1914000
06/04/2005,45,45,44,45,1942500
07/04/2005,45,45,44,45,1799250
08/04/2005,45,47,45,46,10011000
11/04/2005,46,46,44,45,2790750
12/04/2005,45,46,45,46,3727500
13/04/2005,46,50,45,48,22155000
14/04/2005,48,49,46,48,5443500
15/04/2005,47,48,47,48,1754250
18/04/2005,46,47,45,46,1495500
19/04/2005,46,46,45,46,2725500
20/04/2005,46,47,46,47,3629250
21/04/2005,46,47,46,47,1324500
25/04/2005,47,47,45,46,2968500
26/04/2005,46,46,46,46,2142000
27/04/2005,46,46,46,46,1650000
28/04/2005,46,46,46,46,1507500
29/04/2005,46,46,46,46,1836000
02/05/2005,46,46,46,46,1971000
03/05/2005,44,46,44,46,1212000
04/05/2005,46,46,45,45,1032750
06/05/2005,45,45,44,45,1376250
09/05/2005,45,45,45,45,1311000
10/05/2005,45,45,44,44,1485750
11/05/2005,44,44,44,44,1540500
12/05/2005,44,44,44,44,1902750
13/05/2005,44,44,44,44,1539000
16/05/2005,44,44,44,44,1601250
17/05/2005,44,44,43,44,1104000
18/05/2005,44,44,43,44,1701750
19/05/2005,44,44,43,44,1602750
20/05/2005,44,44,43,44,1765500
23/05/2005,44,44,43,44,1344000
25/05/2005,44,44,43,44,1641000
26/05/2005,43,44,43,44,1673250
27/05/2005,44,44,43,44,1535250
30/05/2005,44,44,43,44,1527750
31/05/2005,44,44,43,44,1553250
01/06/2005,44,44,43,44,1686000
02/06/2005,44,44,43,44,1416750
03/06/2005,44,44,44,44,1703250
06/06/2005,44,44,43,44,1225500
07/06/2005,44,44,43,44,1794750
08/06/2005,44,44,43,43,1181250
09/06/2005,43,43,43,43,1806000
10/06/2005,43,43,43,43,1770750
13/06/2005,43,43,43,43,1633500
14/06/2005,43,43,43,43,1884000
15/06/2005,43,43,43,43,1455750
16/06/2005,43,43,43,43,1341000
17/06/2005,43,44,42,44,3506250
20/06/2005,44,45,44,45,2695500
21/06/2005,45,46,45,46,2304000
22/06/2005,46,46,45,46,2196000
23/06/2005,46,46,46,46,1704750
24/06/2005,46,46,45,46,1841250
27/06/2005,46,46,45,46,1696500
28/06/2005,46,46,45,45,1960500
29/06/2005,45,46,45,46,1962000
30/06/2005,45,45,45,45,266482
01/07/2005,45,45,45,45,280986
04/07/2005,45,45,44,45,273207
05/07/2005,45,45,44,45,344014
06/07/2005,45,45,44,45,269778
07/07/2005,45,45,44,45,280195
11/07/2005,45,45,44,45,194752
12/07/2005,44,45,44,45,291930
14/07/2005,45,45,44,45,286261
15/07/2005,45,45,44,45,299974
19/07/2005,45,45,45,45,302215
20/07/2005,45,45,44,45,275844
21/07/2005,45,46,45,45,432226
26/07/2005,47,47,47,47,424578
27/07/2005,47,47,47,47,353244
28/07/2005,47,47,47,47,282305
29/07/2005,47,48,47,48,437764
01/08/2005,48,48,47,48,333597
02/08/2005,48,48,47,48,299314
03/08/2005,48,48,47,48,383043
04/08/2005,48,48,48,48,221915
05/08/2005,48,48,48,48,223233
08/08/2005,48,48,48,48,231672
09/08/2005,48,48,48,48,202664
10/08/2005,48,48,47,48,273075
11/08/2005,47,48,45,48,277690
12/08/2005,48,48,47,48,301688
15/08/2005,48,48,47,47,326081
16/08/2005,47,47,46,47,311050
18/08/2005,47,48,47,47,644647
19/08/2005,47,47,46,47,277954
22/08/2005,47,47,46,47,331751
23/08/2005,47,47,46,47,261076
24/08/2005,47,47,45,46,329246
25/08/2005,45,47,45,47,372627
26/08/2005,47,47,45,46,301160
29/08/2005,46,46,44,44,251582
30/08/2005,43,45,43,45,4483
31/08/2005,45,45,45,45,21756
01/09/2005,45,45,45,45,36261
06/09/2005,45,46,45,46,356540
07/09/2005,46,47,46,47,234177
08/09/2005,47,47,47,47,398470
09/09/2005,47,47,47,47,320543
12/09/2005,47,48,47,48,340454
13/09/2005,48,48,47,48,259757
14/09/2005,48,48,48,48,257120
15/09/2005,48,48,47,48,321862
16/09/2005,48,48,47,48,289161
19/09/2005,48,48,48,48,283228
20/09/2005,48,48,47,47,234177
22/09/2005,48,48,48,48,6197
23/09/2005,48,48,48,48,54984
26/09/2005,48,50,48,50,110496
27/09/2005,49,50,49,50,54457
28/09/2005,49,50,49,50,63555
29/09/2005,50,50,50,50,78323
30/09/2005,50,51,50,51,98497
03/10/2005,50,51,50,51,66456
04/10/2005,51,51,50,51,178666
05/10/2005,51,51,51,51,372363
06/10/2005,51,51,51,51,247890
07/10/2005,51,51,51,51,277954
10/10/2005,51,53,51,53,457542
11/10/2005,53,54,53,54,506329
12/10/2005,54,55,54,55,367352
13/10/2005,55,58,55,57,495121
14/10/2005,58,59,58,58,379483
17/10/2005,59,59,58,59,262526
18/10/2005,59,59,58,59,238792
19/10/2005,59,59,58,59,241957
20/10/2005,59,59,58,59,253560
21/10/2005,58,59,58,58,132911
24/10/2005,58,58,58,58,245253
25/10/2005,58,58,57,58,214531
26/10/2005,58,58,55,58,341640
27/10/2005,56,58,56,58,71862
28/10/2005,58,58,58,58,197917
31/10/2005,58,58,58,58,296677
01/11/2005,62,62,61,62,28125000
09/11/2005,58,59,57,59,296018
10/11/2005,59,59,58,59,217168
11/11/2005,59,59,58,58,117748
14/11/2005,58,58,57,57,129219
15/11/2005,57,57,57,57,203718
16/11/2005,57,57,57,57,215585
17/11/2005,57,57,56,56,198312
18/11/2005,56,58,56,58,349684
21/11/2005,58,58,58,58,377769
22/11/2005,58,58,58,58,346783
23/11/2005,58,58,57,58,235232
24/11/2005,58,58,58,58,229035
25/11/2005,58,58,57,58,207674
28/11/2005,58,58,58,58,374341
29/11/2005,58,59,58,59,372758
30/11/2005,59,60,58,60,654800
01/12/2005,60,60,59,59,227716
02/12/2005,59,60,58,60,477848
05/12/2005,60,60,59,60,282437
06/12/2005,60,60,59,60,243275
07/12/2005,60,61,59,61,451477
08/12/2005,61,61,60,61,307489
09/12/2005,61,61,60,61,280591
12/12/2005,66,66,64,66,51700000
13/12/2005,62,62,61,62,260021
14/12/2005,62,62,60,61,228771
15/12/2005,61,61,60,61,158228
16/12/2005,61,61,60,60,143196
19/12/2005,58,60,56,56,256988
20/12/2005,56,56,55,56,224947
21/12/2005,55,55,55,55,125527
22/12/2005,55,56,55,55,284415
23/12/2005,59,59,59,59,22575000
27/12/2005,60,60,59,60,28937500
28/12/2005,57,57,56,56,306566
29/12/2005,56,56,53,56,554852
02/01/2006,55,56,55,56,42853
03/01/2006,56,56,55,56,302083
04/01/2006,56,58,56,58,360100
05/01/2006,58,58,56,58,231013
06/01/2006,56,57,56,57,53006
09/01/2006,57,58,56,58,449103
11/01/2006,58,58,56,58,216508
12/01/2006,58,58,56,57,175105
13/01/2006,57,58,57,58,316456
16/01/2006,58,58,58,58,276899
17/01/2006,58,58,57,58,60786
18/01/2006,58,58,57,58,192379
19/01/2006,58,58,57,58,195411
20/01/2006,57,58,57,58,178270
23/01/2006,58,58,58,58,309467
24/01/2006,58,58,58,58,304984
25/01/2006,58,59,58,59,547073
26/01/2006,59,59,58,58,307226
27/01/2006,58,58,56,58,51160
30/01/2006,57,58,57,58,341904
01/02/2006,58,58,56,58,619989
02/02/2006,58,58,58,58,297996
03/02/2006,58,58,58,58,176951
06/02/2006,58,58,58,58,220992
07/02/2006,58,58,58,58,75158
08/02/2006,58,58,57,58,170095
09/02/2006,58,58,56,58,412184
10/02/2006,61,61,60,61,16962500
13/02/2006,57,58,57,58,409283
14/02/2006,58,58,57,58,274262
15/02/2006,61,61,61,61,387500
16/02/2006,56,56,56,56,32700
17/02/2006,56,56,56,56,1582
20/02/2006,56,56,56,56,117484
21/02/2006,56,56,56,56,107331
22/02/2006,56,56,56,56,527
23/02/2006,56,56,56,56,359836
24/02/2006,56,56,56,56,349552
27/02/2006,56,56,56,56,9889
28/02/2006,56,56,56,56,527
01/03/2006,56,56,56,56,257911
02/03/2006,56,56,56,56,188819
03/03/2006,56,56,56,56,328718
06/03/2006,56,56,56,56,205696
07/03/2006,60,60,60,60,22650000
08/03/2006,56,56,56,56,245517
09/03/2006,59,59,59,59,32250000
10/03/2006,55,56,55,56,234441
13/03/2006,56,56,55,56,153349
14/03/2006,56,56,55,55,179984
15/03/2006,55,55,55,55,1055
16/03/2006,55,56,54,56,391350
17/03/2006,56,56,54,55,726398
20/03/2006,55,56,54,55,1495912
21/03/2006,56,57,56,57,609968
22/03/2006,57,58,56,58,420095
23/03/2006,58,58,58,58,368407
24/03/2006,58,59,58,59,429984
27/03/2006,59,59,59,59,443697
28/03/2006,59,63,59,63,842695
29/03/2006,63,64,62,64,167722
03/04/2006,63,64,63,64,419304
04/04/2006,64,64,64,64,322257
05/04/2006,64,64,64,64,251846
06/04/2006,64,64,64,64,312368
07/04/2006,63,64,63,64,465322
11/04/2006,65,65,64,65,518196
12/04/2006,65,68,65,68,627637
13/04/2006,68,70,68,69,192115
17/04/2006,70,70,70,70,167722
18/04/2006,70,72,70,72,469541
19/04/2006,78,78,77,78,26262500
20/04/2006,73,73,73,73,173391
21/04/2006,73,73,73,73,20438
24/04/2006,73,73,70,70,89135
25/04/2006,70,72,70,71,25712
26/04/2006,71,73,71,73,418513
27/04/2006,73,73,72,73,49446
28/04/2006,71,71,68,71,8966
01/05/2006,72,72,72,72,76477
02/05/2006,76,76,76,76,875000
03/05/2006,72,72,71,72,52743
04/05/2006,71,72,71,72,97310
05/05/2006,72,72,72,72,79246
08/05/2006,76,76,76,76,0
09/05/2006,70,71,70,71,13713
10/05/2006,71,72,71,72,473497
11/05/2006,72,72,71,72,142009
12/05/2006,72,72,72,72,60258
15/05/2006,76,76,76,76,8750000
16/05/2006,71,71,71,71,6593
17/05/2006,72,72,72,72,157964
18/05/2006,76,76,76,76,0
19/05/2006,60,71,60,71,344146
22/05/2006,76,76,76,76,19375000
23/05/2006,76,76,76,76,0
24/05/2006,68,68,68,68,1582
29/05/2006,68,70,66,67,115111
30/05/2006,71,71,71,71,4375000
31/05/2006,71,71,71,71,0
01/06/2006,71,71,71,71,0
02/06/2006,67,67,67,67,46809
05/06/2006,67,67,67,67,74895
06/06/2006,66,67,66,67,106145
07/06/2006,65,66,65,66,5670
08/06/2006,66,66,64,65,39953
09/06/2006,65,67,64,65,78850
12/06/2006,65,65,65,65,29008
13/06/2006,65,65,65,65,115374
14/06/2006,65,65,64,65,112078
15/06/2006,65,65,65,65,164557
16/06/2006,65,67,65,67,208201
19/06/2006,67,67,67,67,186181
20/06/2006,67,67,66,67,171414
21/06/2006,71,71,70,71,16250000
22/06/2006,67,67,67,67,111419
23/06/2006,71,71,71,71,10562500
26/06/2006,67,67,67,67,79114
27/06/2006,71,71,71,71,7500000
28/06/2006,67,67,66,66,137790
29/06/2006,65,65,65,65,1187
30/06/2006,65,65,65,65,75026
03/07/2006,70,70,70,70,0
04/07/2006,65,67,65,67,186973
05/07/2006,67,67,67,67,176424
06/07/2006,66,67,66,67,207938
07/07/2006,67,67,67,67,200949
10/07/2006,66,67,66,67,244198
11/07/2006,66,67,64,65,167722
12/07/2006,65,66,64,64,311973
13/07/2006,64,64,63,64,290348
14/07/2006,68,68,68,68,0
17/07/2006,68,68,68,68,0
18/07/2006,64,64,63,64,242089
19/07/2006,62,64,62,64,208070
20/07/2006,63,64,63,64,215981
21/07/2006,64,64,62,64,243275
24/07/2006,68,68,68,68,0
25/07/2006,68,68,68,68,0
26/07/2006,68,68,68,68,0
27/07/2006,68,68,68,68,0
28/07/2006,68,68,68,68,0
31/07/2006,63,63,63,63,197917
01/08/2006,67,67,67,67,0
02/08/2006,63,64,63,64,685654
03/08/2006,68,68,68,68,16875000
04/08/2006,64,64,64,64,226530
07/08/2006,64,64,64,64,234705
08/08/2006,64,64,62,64,1647020
09/08/2006,64,64,64,64,230353
10/08/2006,68,68,68,68,62500
11/08/2006,64,65,64,65,362210
14/08/2006,65,65,64,65,204378
15/08/2006,65,65,64,65,146361
16/08/2006,65,65,65,65,198312
22/08/2006,65,66,65,66,228507
23/08/2006,65,66,64,66,141086
24/08/2006,64,66,64,66,239979
25/08/2006,64,66,64,66,281382
28/08/2006,66,66,64,65,284151
29/08/2006,65,66,64,66,367748
30/08/2006,65,66,65,66,283492
31/08/2006,65,66,65,66,323049
01/09/2006,65,66,65,66,234573
04/09/2006,65,66,65,66,314610
05/09/2006,65,66,65,66,298655
06/09/2006,65,66,65,66,422864
07/09/2006,65,66,65,66,737474
08/09/2006,66,66,65,65,91113
11/09/2006,65,65,64,65,214926
12/09/2006,64,64,64,64,121044
13/09/2006,64,65,64,65,374209
14/09/2006,65,66,65,66,534019
15/09/2006,65,65,65,65,100475
18/09/2006,65,65,64,65,268460
19/09/2006,65,65,63,64,452532
20/09/2006,64,64,62,64,212816
21/09/2006,64,64,64,64,284415
22/09/2006,64,64,64,64,280195
25/09/2006,64,64,64,64,271756
26/09/2006,64,64,64,64,575818
27/09/2006,64,64,64,64,1465849
28/09/2006,64,65,64,65,576213
29/09/2006,65,65,65,65,478771
02/10/2006,65,65,65,65,315928
03/10/2006,65,66,65,66,471255
04/10/2006,66,68,66,68,1125923
05/10/2006,68,73,68,72,1301292
06/10/2006,73,76,72,73,646097
09/10/2006,73,73,72,73,289953
10/10/2006,73,74,73,74,1146888
11/10/2006,74,74,73,74,368407
12/10/2006,74,74,73,74,630142
13/10/2006,74,75,73,74,533623
16/10/2006,74,75,74,74,220332
17/10/2006,74,75,74,75,580960
18/10/2006,75,75,74,75,450290
19/10/2006,75,77,75,76,530986
20/10/2006,76,77,75,77,458070
30/10/2006,77,78,76,78,768724
31/10/2006,78,78,76,77,1031909
01/11/2006,77,78,76,78,904404
02/11/2006,78,78,77,78,691324
03/11/2006,78,79,77,79,709256
06/11/2006,79,79,78,79,672864
07/11/2006,79,81,79,81,692906
08/11/2006,81,81,80,80,686050
09/11/2006,81,82,81,82,688687
10/11/2006,82,82,81,82,671809
13/11/2006,82,82,81,82,674314
14/11/2006,82,83,81,83,857068
15/11/2006,83,83,82,83,584256
16/11/2006,82,83,82,83,667326
17/11/2006,82,83,82,83,668513
20/11/2006,83,84,83,84,671941
21/11/2006,84,84,83,84,666535
22/11/2006,84,84,82,84,733122
23/11/2006,89,89,88,89,51437500
24/11/2006,83,83,83,83,597310
27/11/2006,83,83,82,83,285733
28/11/2006,83,83,82,83,583993
29/11/2006,83,83,83,83,518855
30/11/2006,83,83,83,83,530723
01/12/2006,83,83,82,83,947126
04/12/2006,83,83,82,83,155986
05/12/2006,83,83,82,83,422336
06/12/2006,83,83,82,83,92827
07/12/2006,83,83,82,83,1070675
08/12/2006,83,87,83,86,834256
11/12/2006,86,91,86,91,355617
12/12/2006,91,108,91,98,1225343
13/12/2006,98,106,98,106,553270
14/12/2006,106,108,104,108,558017
15/12/2006,107,107,106,107,676820
18/12/2006,106,109,106,109,603376
19/12/2006,109,109,106,108,707806
20/12/2006,107,108,105,108,721255
21/12/2006,108,108,106,108,630406
22/12/2006,107,108,104,108,658492
26/12/2006,107,108,100,107,585839
27/12/2006,107,107,102,105,374209
28/12/2006,105,106,102,103,464794
02/01/2007,109,109,109,109,30250000
03/01/2007,102,104,102,104,679061
04/01/2007,104,104,103,104,614715
05/01/2007,103,104,103,104,565665
08/01/2007,104,104,101,102,535469
09/01/2007,101,101,101,101,369198
10/01/2007,101,101,101,101,346783
11/01/2007,107,107,107,107,32875000
12/01/2007,101,101,94,99,494726
15/01/2007,99,102,99,101,670490
16/01/2007,107,107,107,107,0
17/01/2007,100,100,96,100,390823
18/01/2007,99,101,97,101,829641
19/01/2007,101,101,100,101,239979
22/01/2007,101,101,96,96,469146
23/01/2007,97,97,94,96,359836
24/01/2007,96,96,96,96,1319
25/01/2007,97,97,94,96,259494
26/01/2007,96,96,96,96,363924
29/01/2007,96,96,95,95,397416
30/01/2007,95,95,94,95,289821
31/01/2007,99,99,96,97,369858
01/02/2007,96,97,96,97,331487
02/02/2007,97,97,97,97,0
05/02/2007,95,98,95,97,481540
06/02/2007,102,102,102,102,17625000
07/02/2007,95,95,95,95,318302
08/02/2007,95,96,95,96,478112
09/02/2007,95,96,95,96,455037
12/02/2007,95,96,94,95,272547
13/02/2007,95,95,94,95,76741
14/02/2007,94,95,93,94,222178
15/02/2007,94,95,93,95,515032
16/02/2007,94,95,94,95,652558
19/02/2007,99,100,99,99,6700000
20/02/2007,104,104,99,104,34975000
21/02/2007,99,106,99,105,190401
22/02/2007,106,108,106,108,547732
23/02/2007,109,125,109,115,516746
26/02/2007,116,117,113,117,295754
27/02/2007,117,120,117,120,271097
28/02/2007,113,119,113,119,216245
01/03/2007,119,120,115,118,232859
02/03/2007,113,117,113,116,289293
05/03/2007,113,115,106,113,140295
06/03/2007,112,113,112,113,165612
07/03/2007,113,117,112,113,216245
08/03/2007,113,117,109,116,313555
09/03/2007,116,117,116,117,323576
12/03/2007,117,118,117,118,366297
13/03/2007,118,118,117,118,252373
14/03/2007,117,118,117,118,214531
15/03/2007,117,118,117,118,315796
16/03/2007,118,118,110,118,251846
20/03/2007,118,118,117,118,275976
21/03/2007,111,117,111,117,132
22/03/2007,124,124,118,124,12775000
23/03/2007,113,117,113,117,128296
26/03/2007,115,118,115,118,85575
27/03/2007,125,125,124,125,7350000
28/03/2007,113,117,113,113,74499
29/03/2007,113,113,111,113,318302
30/03/2007,113,113,113,113,46545
02/04/2007,113,113,112,113,201741
03/04/2007,113,113,112,113,217827
04/04/2007,120,120,119,120,18587500
05/04/2007,112,113,112,113,184072
09/04/2007,112,113,111,113,199631
10/04/2007,112,112,112,112,1846
11/04/2007,112,113,112,113,530854
12/04/2007,113,113,113,113,0
13/04/2007,112,113,112,113,335443
16/04/2007,112,114,111,114,322785
17/04/2007,113,113,111,113,149130
18/04/2007,111,112,111,112,35865
19/04/2007,111,112,110,112,4879
20/04/2007,111,112,110,112,175633
23/04/2007,112,114,112,114,1024789
24/04/2007,113,116,113,116,805116
25/04/2007,116,119,115,118,889372
26/04/2007,118,120,118,120,570280
27/04/2007,120,123,120,122,955169
30/04/2007,124,126,123,126,261735
01/05/2007,147,148,133,147,78000000
02/05/2007,140,144,137,140,717431
03/05/2007,140,143,139,142,1027822
04/05/2007,142,143,142,142,627110
07/05/2007,142,142,141,142,707147
08/05/2007,141,142,141,142,597310
09/05/2007,141,142,141,141,521493
10/05/2007,141,143,141,143,500923
11/05/2007,142,145,142,145,566588
14/05/2007,145,152,145,151,576081
15/05/2007,150,152,150,152,604167
16/05/2007,152,159,152,158,404536
21/05/2007,159,161,159,159,587289
22/05/2007,157,159,152,155,421282
23/05/2007,155,156,154,155,606276
24/05/2007,155,155,147,151,505934
25/05/2007,147,149,140,148,568302
28/05/2007,148,148,145,146,457938
29/05/2007,146,155,146,151,711366
30/05/2007,151,154,151,154,611551
31/05/2007,163,163,163,163,0
04/06/2007,157,157,152,154,383834
05/06/2007,155,155,150,151,361419
06/06/2007,150,152,150,152,411920
07/06/2007,155,155,152,154,440005
08/06/2007,152,152,150,151,240243
11/06/2007,152,155,151,155,502505
12/06/2007,154,154,153,154,325422
13/06/2007,153,153,150,151,523339
14/06/2007,150,150,150,150,404668
15/06/2007,149,150,149,150,402822
18/06/2007,150,151,149,150,601661
19/06/2007,147,153,147,152,322785
20/06/2007,153,155,151,153,379088
21/06/2007,153,154,151,153,424051
22/06/2007,153,154,151,153,603376
25/06/2007,153,153,151,153,394778
26/06/2007,153,157,152,155,404404
27/06/2007,155,155,152,155,462157
28/06/2007,153,154,151,154,269119
29/06/2007,154,155,154,155,371044
02/07/2007,155,166,155,161,353771
03/07/2007,161,165,161,164,434731
04/07/2007,164,172,164,172,497231
05/07/2007,172,181,172,178,419963
06/07/2007,178,183,176,178,464531
09/07/2007,180,180,174,174,334520
10/07/2007,178,178,172,173,557885
11/07/2007,174,174,170,173,543381
12/07/2007,173,173,171,171,417853
13/07/2007,171,172,170,172,437104
16/07/2007,173,174,173,173,658228
17/07/2007,173,174,173,173,496967
18/07/2007,174,183,174,182,1171941
19/07/2007,182,187,182,187,606276
20/07/2007,189,195,187,192,640295
23/07/2007,193,199,193,197,419568
24/07/2007,199,200,199,200,543644
25/07/2007,200,202,199,200,777426
26/07/2007,202,212,202,208,645833
27/07/2007,189,218,189,212,185918
30/07/2007,212,212,199,206,378797
31/07/2007,208,208,206,208,611603
01/08/2007,208,223,204,204,547600
02/08/2007,208,208,200,206,406672
03/08/2007,208,212,208,210,473576
06/08/2007,210,210,185,189,279720
07/08/2007,189,189,172,185,272627
08/08/2007,187,189,183,189,416297
09/08/2007,198,200,194,198,28447500
10/08/2007,180,185,180,183,269989
13/08/2007,183,185,182,185,271704
14/08/2007,185,187,183,187,349604
15/08/2007,178,180,163,170,277162
16/08/2007,161,161,147,159,296783
20/08/2007,161,176,159,166,440902
21/08/2007,166,168,159,161,286630
22/08/2007,164,164,161,164,101767
23/08/2007,164,174,164,170,398444
24/08/2007,170,174,166,170,587210
27/08/2007,170,187,170,183,592405
28/08/2007,180,183,180,182,347020
29/08/2007,170,187,170,187,392194
30/08/2007,189,199,189,199,375765
31/08/2007,200,204,199,202,297547
03/09/2007,202,218,200,210,359494
04/09/2007,214,237,214,221,273128
05/09/2007,225,229,225,225,342089
06/09/2007,223,225,223,225,267985
07/09/2007,225,227,225,227,266456
10/09/2007,227,227,218,219,277479
11/09/2007,214,223,214,219,325580
12/09/2007,219,221,218,219,262078
13/09/2007,221,223,219,221,275211
14/09/2007,221,221,214,216,218776
17/09/2007,218,219,214,216,279430
18/09/2007,218,218,214,216,295332
19/09/2007,216,219,214,218,271967
20/09/2007,219,219,218,219,487948
21/09/2007,218,219,218,219,281804
24/09/2007,219,221,219,219,417431
25/09/2007,221,223,219,221,276820
26/09/2007,223,223,219,223,272231
27/09/2007,223,223,221,223,277294
28/09/2007,221,223,219,221,227162
01/10/2007,219,221,218,218,278507
02/10/2007,219,221,214,221,290243
03/10/2007,219,223,219,221,344989
04/10/2007,219,221,214,218,283333
05/10/2007,218,219,216,218,294884
08/10/2007,219,219,216,219,264610
09/10/2007,218,219,216,218,254905
10/10/2007,216,218,216,218,467774
11/10/2007,218,218,212,218,469146
17/10/2007,216,219,216,219,344752
18/10/2007,219,231,219,227,349024
19/10/2007,227,227,218,225,274895
22/10/2007,218,221,216,221,282700
23/10/2007,219,223,219,223,203270
24/10/2007,221,223,219,221,267590
25/10/2007,218,218,216,218,233307
26/10/2007,219,221,219,219,301292
29/10/2007,219,221,218,219,285839
30/10/2007,227,235,221,221,273919
31/10/2007,221,221,219,219,273312
01/11/2007,219,219,214,216,291429
02/11/2007,208,218,208,218,359362
05/11/2007,227,227,216,216,1119383
06/11/2007,218,218,214,214,386208
07/11/2007,214,214,206,212,436630
08/11/2007,224,226,220,224,44902500
09/11/2007,208,214,206,214,453165
12/11/2007,212,214,206,214,341271
13/11/2007,214,216,210,212,275897
14/11/2007,216,216,214,214,193855
15/11/2007,214,216,214,216,193935
16/11/2007,216,216,206,208,277505
19/11/2007,210,216,208,214,231039
20/11/2007,214,214,199,208,183122
21/11/2007,212,212,200,204,213370
22/11/2007,206,219,199,219,639979
23/11/2007,219,231,218,227,722152
26/11/2007,229,231,216,227,736181
27/11/2007,223,227,223,227,286709
28/11/2007,225,227,221,227,293592
29/11/2007,231,235,227,229,385285
30/11/2007,229,233,227,229,286208
03/12/2007,229,231,227,229,317300
04/12/2007,229,244,229,237,860021
05/12/2007,238,252,238,252,647468
06/12/2007,252,261,252,259,465295
07/12/2007,261,284,261,274,932120
10/12/2007,274,282,273,282,571545
11/12/2007,282,284,265,273,568302
12/12/2007,265,269,261,265,303903
13/12/2007,265,265,254,254,366245
14/12/2007,254,261,248,252,546097
17/12/2007,252,259,250,252,352426
18/12/2007,250,252,233,233,394594
19/12/2007,235,250,227,248,420728
26/12/2007,250,271,250,259,397442
27/12/2007,259,269,259,259,333703
28/12/2007,259,269,259,261,288898
02/01/2008,263,263,257,257,324209
03/01/2008,254,255,250,250,295411
04/01/2008,252,265,252,265,379641
07/01/2008,263,282,261,280,605011
08/01/2008,282,303,271,301,1090374
09/01/2008,301,310,301,301,448286
14/01/2008,303,309,284,293,644884
15/01/2008,293,310,290,299,1072046
16/01/2008,293,297,257,278,649552
17/01/2008,278,286,255,278,822600
18/01/2008,265,276,265,269,583017
21/01/2008,265,271,244,257,530380
22/01/2008,242,244,204,214,403270
23/01/2008,219,237,218,237,452769
24/01/2008,244,250,233,246,456962
25/01/2008,248,254,242,244,618381
28/01/2008,237,244,237,244,456962
29/01/2008,246,246,227,235,471967
30/01/2008,235,235,227,233,447547
31/01/2008,233,233,229,233,519093
01/02/2008,233,246,233,246,780775
04/02/2008,252,254,244,246,536050
05/02/2008,244,248,242,246,476002
06/02/2008,238,246,235,246,454035
11/02/2008,242,244,235,240,572495
12/02/2008,240,240,227,227,678771
13/02/2008,231,233,225,227,500000
14/02/2008,231,231,223,223,604272
15/02/2008,223,233,223,233,484256
18/02/2008,233,242,227,238,971255
19/02/2008,240,248,240,244,654430
20/02/2008,246,246,233,237,646071
21/02/2008,237,240,235,238,511893
22/02/2008,237,238,235,238,415744
25/02/2008,238,242,237,240,410680
26/02/2008,242,248,240,242,1212052
27/02/2008,244,250,242,250,1054800
28/02/2008,250,257,248,250,1545438
29/02/2008,250,250,246,250,561023
03/03/2008,240,255,240,252,487975
04/03/2008,254,254,246,252,853877
05/03/2008,252,259,252,259,1253639
06/03/2008,259,269,257,261,921387
10/03/2008,257,257,240,246,954483
11/03/2008,244,246,240,244,321466
12/03/2008,250,255,248,254,905063
13/03/2008,250,250,237,237,660759
14/03/2008,240,240,229,235,824842
17/03/2008,219,233,219,231,310759
18/03/2008,233,242,229,242,503349
19/03/2008,244,250,242,244,455960
24/03/2008,246,254,246,254,449341
25/03/2008,257,261,252,261,520121
26/03/2008,261,261,255,259,696466
27/03/2008,255,259,254,257,246123
28/03/2008,257,271,257,265,659415
31/03/2008,261,263,254,259,454720
01/04/2008,261,261,250,255,648286
02/04/2008,259,259,252,254,479668
03/04/2008,252,254,244,248,510759
04/04/2008,248,257,248,257,786577
07/04/2008,257,267,255,265,676213
08/04/2008,265,265,250,257,600527
09/04/2008,257,257,244,246,793460
10/04/2008,244,244,235,237,866271
11/04/2008,240,240,235,237,563608
14/04/2008,235,235,221,223,488001
15/04/2008,223,223,218,219,261946
16/04/2008,219,221,214,214,927927
17/04/2008,216,218,212,216,1102189
18/04/2008,216,216,206,210,1312157
21/04/2008,212,212,199,212,1539188
22/04/2008,208,210,202,206,809309
23/04/2008,206,206,200,206,552083
24/04/2008,206,210,206,208,1189346
25/04/2008,210,219,208,218,3032041
28/04/2008,218,219,214,218,1227162
29/04/2008,218,218,216,218,896414
30/04/2008,218,221,212,218,1708439
05/05/2008,219,225,219,221,1008703
06/05/2008,221,223,218,221,1096387
07/05/2008,221,221,216,218,741034
08/05/2008,216,225,214,225,1451028
09/05/2008,227,227,219,221,608254
12/05/2008,219,223,219,221,585338
13/05/2008,221,223,216,219,635496
14/05/2008,223,223,216,219,808887
15/05/2008,219,229,219,227,1357252
16/05/2008,227,233,227,229,888687
21/05/2008,235,235,229,233,833439
22/05/2008,229,235,227,235,879430
23/05/2008,235,237,229,231,560258
26/05/2008,229,231,227,229,344014
27/05/2008,229,231,223,229,457041
28/05/2008,229,229,225,229,1341271
29/05/2008,229,233,225,229,1854615
30/05/2008,229,237,225,235,2725158
02/06/2008,235,254,235,246,2933254
03/06/2008,246,250,238,242,1602769
04/06/2008,240,240,227,233,1374367
05/06/2008,231,231,221,227,1716640
06/06/2008,227,231,225,229,1464188
09/06/2008,223,225,219,225,1253191
10/06/2008,225,225,216,219,1557252
11/06/2008,221,225,218,223,1312711
12/06/2008,223,227,219,227,1237685
13/06/2008,229,229,225,229,1205380
16/06/2008,229,231,225,229,1533043
17/06/2008,229,231,227,231,1822468
18/06/2008,231,233,229,233,2064161
19/06/2008,231,233,227,233,1949947
20/06/2008,233,237,233,235,1672046
23/06/2008,233,237,229,235,1910786
24/06/2008,233,238,233,237,2026319
25/06/2008,237,237,233,237,799578
26/06/2008,237,237,231,235,352743
27/06/2008,229,233,227,229,204246
30/06/2008,227,229,225,229,1077822
01/07/2008,229,231,227,231,287131
02/07/2008,229,229,223,227,402110
03/07/2008,218,225,208,221,425000
04/07/2008,223,223,218,223,332859
07/07/2008,223,223,216,219,429536
08/07/2008,218,218,214,218,305617
09/07/2008,219,219,212,216,559441
10/07/2008,214,216,210,216,570042
11/07/2008,216,223,216,223,553613
14/07/2008,221,225,221,225,449525
15/07/2008,223,223,218,219,220438
16/07/2008,218,219,210,216,331250
17/07/2008,216,216,212,214,115322
18/07/2008,216,216,212,214,76793
21/07/2008,214,216,210,214,151292
22/07/2008,214,214,204,208,345464
23/07/2008,210,210,199,204,517273
24/07/2008,199,206,199,206,328824
25/07/2008,206,214,202,214,322943
28/07/2008,216,218,208,214,540717
29/07/2008,208,216,208,216,509678
31/07/2008,218,221,218,221,457226
01/08/2008,219,219,212,212,410628
04/08/2008,212,214,208,210,260443
05/08/2008,210,210,204,206,281065
06/08/2008,208,208,199,200,409863
07/08/2008,200,200,197,199,146835
08/08/2008,197,199,195,199,255301
11/08/2008,199,199,195,197,540058
12/08/2008,197,197,191,195,411603
13/08/2008,193,197,193,195,583175
14/08/2008,197,197,191,193,429905
15/08/2008,193,195,191,195,511603
19/08/2008,193,193,187,187,392511
20/08/2008,189,193,187,189,293249
21/08/2008,187,200,187,200,1258940
22/08/2008,200,231,200,229,2030907
25/08/2008,229,237,223,231,952716
26/08/2008,231,231,219,229,774842
27/08/2008,227,233,227,233,323497
28/08/2008,235,235,225,231,368223
29/08/2008,235,235,233,235,322785
01/09/2008,233,244,231,242,1331303
02/09/2008,242,244,240,244,806118
03/09/2008,244,257,244,255,844989
04/09/2008,257,259,244,250,888528
05/09/2008,246,246,233,240,202716
08/09/2008,242,244,237,240,273813
09/09/2008,238,240,229,237,512948
10/09/2008,229,233,227,229,223339
11/09/2008,223,231,223,231,153903
12/09/2008,229,229,225,229,62737
15/09/2008,225,229,219,221,136102
16/09/2008,208,216,199,214,326028
17/09/2008,218,219,208,216,74710
18/09/2008,212,212,200,208,97600
19/09/2008,212,229,212,229,450818
22/09/2008,233,233,225,229,961129
23/09/2008,227,231,225,227,50580
24/09/2008,227,238,225,237,427848
25/09/2008,237,238,233,238,327083
26/09/2008,237,238,237,238,179641
06/10/2008,229,229,189,208,252479
07/10/2008,199,208,189,206,22943
08/10/2008,218,218,196,196,1957500
13/10/2008,170,187,170,185,45306
14/10/2008,199,202,191,197,43539
15/10/2008,199,199,183,187,54008
16/10/2008,176,187,170,180,104720
17/10/2008,185,185,176,180,54246
20/10/2008,180,182,180,182,12447
21/10/2008,182,185,180,182,29299
22/10/2008,180,180,174,178,26319
23/10/2008,170,176,166,170,16957
24/10/2008,170,170,162,162,1402500
27/10/2008,146,146,146,146,2832500
28/10/2008,125,132,125,125,12104
29/10/2008,125,132,113,117,115796
30/10/2008,121,128,111,128,920965
31/10/2008,127,130,117,117,140137
03/11/2008,117,132,117,121,231619
04/11/2008,121,121,115,119,68249
05/11/2008,121,125,119,123,76160
06/11/2008,127,127,113,121,39873
07/11/2008,119,121,117,121,5538
10/11/2008,121,123,117,121,21651
11/11/2008,121,121,119,121,17168
12/11/2008,121,121,115,119,18750
13/11/2008,113,117,108,108,23259
14/11/2008,111,113,104,108,16693
17/11/2008,106,106,102,106,27927
18/11/2008,104,108,98,106,27057
19/11/2008,100,106,100,104,30090
20/11/2008,96,104,96,100,19910
21/11/2008,96,98,94,98,69198
24/11/2008,98,104,98,100,4035
25/11/2008,106,109,91,96,62843
26/11/2008,96,100,94,98,33650
27/11/2008,102,102,96,96,21624
28/11/2008,98,100,96,98,14135
01/12/2008,98,100,96,100,26714
02/12/2008,94,98,94,98,8122
03/12/2008,100,102,96,98,9256
04/12/2008,96,100,96,100,2057
05/12/2008,100,100,96,98,1160
09/12/2008,100,102,98,100,9652
10/12/2008,100,106,100,106,22257
11/12/2008,108,111,102,108,51925
12/12/2008,109,109,106,108,3085
15/12/2008,111,113,108,113,8571
16/12/2008,111,115,111,113,31382
17/12/2008,117,121,113,117,17563
18/12/2008,119,119,113,119,4167
19/12/2008,117,121,115,119,16772
22/12/2008,119,119,113,117,2532
23/12/2008,115,117,115,117,1582
24/12/2008,113,113,109,113,8017
30/12/2008,113,136,111,136,40216
05/01/2009,136,136,123,130,31540
06/01/2009,119,130,119,128,30749
07/01/2009,128,134,123,128,126688
08/01/2009,127,128,125,128,2505
09/01/2009,128,128,125,128,659
12/01/2009,127,128,127,128,316
13/01/2009,128,128,121,127,3877
14/01/2009,127,134,123,128,8149
15/01/2009,119,127,117,127,11735
16/01/2009,127,128,127,128,1055
19/01/2009,136,136,132,136,112500
20/01/2009,128,128,119,123,19119
21/01/2009,117,123,117,123,5696
22/01/2009,134,134,134,134,12500
23/01/2009,125,127,123,125,2136
27/01/2009,127,128,125,128,1319
28/01/2009,128,128,127,128,1793
29/01/2009,123,128,123,127,7068
30/01/2009,124,134,114,134,107500
02/02/2009,123,123,121,121,256224
03/02/2009,127,127,113,119,199209
04/02/2009,117,117,115,117,51187
05/02/2009,115,117,115,117,396
06/02/2009,119,121,115,117,8017
09/02/2009,123,123,113,113,9836
10/02/2009,115,119,111,119,75765
11/02/2009,117,119,117,119,1160
12/02/2009,115,115,113,115,2057
13/02/2009,119,130,113,115,313608
16/02/2009,115,121,115,117,28112
17/02/2009,115,119,111,113,17379
18/02/2009,111,115,111,113,60021
19/02/2009,113,115,111,113,5406
20/02/2009,111,119,111,113,50870
23/02/2009,115,115,111,111,9362
24/02/2009,106,113,106,109,8544
25/02/2009,111,111,108,109,13291
26/02/2009,109,109,108,109,4035
27/02/2009,109,113,108,113,8966
02/03/2009,111,111,106,109,2083
03/03/2009,109,111,108,109,4457
04/03/2009,116,116,116,116,12500
05/03/2009,108,109,108,108,1872
06/03/2009,106,108,106,108,1002
10/03/2009,106,109,106,106,6936
11/03/2009,108,109,104,104,7199
12/03/2009,104,108,102,104,7437
13/03/2009,104,109,98,98,95728
16/03/2009,100,113,100,104,280353
17/03/2009,104,104,98,98,129088
18/03/2009,100,102,96,98,104747
19/03/2009,100,106,98,102,277532
20/03/2009,102,104,100,102,57358
23/03/2009,102,106,102,104,338423
24/03/2009,108,108,104,106,334045
25/03/2009,106,113,104,106,559388
27/03/2009,108,109,104,106,430380
30/03/2009,106,106,100,102,83070
31/03/2009,102,104,100,102,68196
01/04/2009,104,104,102,104,102664
02/04/2009,104,108,104,106,144647
03/04/2009,108,108,104,106,67616
06/04/2009,109,109,104,106,55538
07/04/2009,106,108,104,106,55617
08/04/2009,104,108,104,104,34731
13/04/2009,106,109,106,109,348602
14/04/2009,109,109,108,109,125105
15/04/2009,109,119,108,115,558412
16/04/2009,119,130,117,123,974604
17/04/2009,125,127,111,113,350554
20/04/2009,113,117,111,117,131540
22/04/2009,115,119,113,119,354351
23/04/2009,119,121,117,117,28006
24/04/2009,117,117,111,113,74420
27/04/2009,115,115,109,111,57331
28/04/2009,111,111,108,109,42959
29/04/2009,109,113,109,113,45860
30/04/2009,115,115,113,115,288027
01/05/2009,115,117,113,115,129931
04/05/2009,117,119,113,117,349684
05/05/2009,117,121,111,111,278824
06/05/2009,113,121,113,121,511498
07/05/2009,123,132,123,127,1318961
08/05/2009,127,130,125,128,476213
11/05/2009,130,132,123,125,376266
12/05/2009,123,123,123,123,132
13/05/2009,123,125,121,123,166139
14/05/2009,117,123,115,119,106145
15/05/2009,119,121,113,117,381619
18/05/2009,117,119,115,119,186261
19/05/2009,121,127,119,123,278771
20/05/2009,123,130,123,127,464662
22/05/2009,125,125,123,125,60417
25/05/2009,127,128,125,125,353956
26/05/2009,125,127,123,127,210338
27/05/2009,127,130,127,128,181988
28/05/2009,128,128,125,128,69963
29/05/2009,128,145,128,138,1276028
01/06/2009,140,144,138,144,1003903
02/06/2009,147,159,144,155,1565981
03/06/2009,155,172,153,166,1798339
04/06/2009,166,174,163,168,614715
05/06/2009,170,170,164,168,258755
08/06/2009,168,170,164,166,117985
09/06/2009,164,168,155,161,80907
10/06/2009,163,168,159,166,308966
11/06/2009,166,168,163,164,92985
12/06/2009,164,164,161,163,4483
15/06/2009,164,166,157,161,53033
16/06/2009,159,159,149,153,42695
17/06/2009,151,155,149,151,19541
18/06/2009,153,155,145,149,1016245
19/06/2009,147,149,140,149,384599
22/06/2009,151,151,140,142,281619
23/06/2009,136,136,130,130,360891
24/06/2009,132,138,128,134,754536
25/06/2009,134,153,134,147,1007753
26/06/2009,151,164,144,161,994805
29/06/2009,161,164,155,157,629800
30/06/2009,159,159,155,155,379008
01/07/2009,151,155,151,155,379931
02/07/2009,159,159,155,157,320649
03/07/2009,155,161,153,161,415876
06/07/2009,161,161,155,161,452162
07/07/2009,161,161,157,159,309388
09/07/2009,159,159,149,151,413370
10/07/2009,151,151,147,149,376028
13/07/2009,145,147,142,147,366904
14/07/2009,149,151,142,144,461472
15/07/2009,144,145,138,138,394989
16/07/2009,142,149,140,142,462447
17/07/2009,138,144,138,144,76793
21/07/2009,145,147,144,147,535285
22/07/2009,147,149,144,144,369647
23/07/2009,145,149,145,147,388502
24/07/2009,149,155,149,153,481408
27/07/2009,155,155,153,155,204668
28/07/2009,153,157,151,157,299130
29/07/2009,155,157,153,157,503850
30/07/2009,157,164,155,163,179931
31/07/2009,164,170,163,164,555934
03/08/2009,164,176,164,174,943354
04/08/2009,176,178,159,163,918117
05/08/2009,163,163,159,163,350738
06/08/2009,161,164,161,163,143724
07/08/2009,163,163,159,161,380564
10/08/2009,163,164,163,164,387553
11/08/2009,164,166,163,166,323787
12/08/2009,161,166,161,164,175053
13/08/2009,164,166,161,163,372864
14/08/2009,163,166,161,166,212289
18/08/2009,163,163,159,161,250026
19/08/2009,161,161,153,155,311472
20/08/2009,157,163,155,163,484705
21/08/2009,163,163,159,163,401345
24/08/2009,163,164,159,163,221756
25/08/2009,161,163,153,161,552268
26/08/2009,159,159,157,157,409731
27/08/2009,157,157,151,153,330195
28/08/2009,153,155,151,155,622706
31/08/2009,153,159,151,159,628639
01/09/2009,159,159,155,159,588871
02/09/2009,157,157,151,157,394172
03/09/2009,157,163,155,163,616139
04/09/2009,163,178,163,178,2227004
07/09/2009,182,182,174,178,432542
08/09/2009,178,180,176,180,406382
09/09/2009,180,187,178,187,699604
10/09/2009,187,189,183,185,394409
11/09/2009,185,185,182,185,459441
14/09/2009,182,183,178,183,677874
15/09/2009,185,195,183,189,526134
16/09/2009,191,193,189,191,409256
17/09/2009,193,195,191,195,263397
24/09/2009,195,197,193,197,86973
25/09/2009,195,197,193,197,55274
28/09/2009,197,197,187,187,278956
29/09/2009,191,191,185,189,342405
30/09/2009,193,199,189,199,640981
01/10/2009,199,204,199,204,611735
02/10/2009,199,227,199,216,1063528
05/10/2009,218,227,218,219,676582
06/10/2009,221,225,219,221,553428
07/10/2009,221,223,219,223,409177
08/10/2009,221,221,214,219,692115
09/10/2009,218,221,212,214,659362
12/10/2009,214,216,212,214,311287
13/10/2009,214,218,212,214,350237
14/10/2009,214,214,208,212,308307
15/10/2009,212,218,212,218,620912
16/10/2009,218,219,214,216,344357
19/10/2009,216,216,212,214,415295
20/10/2009,214,214,210,212,394620
21/10/2009,212,212,197,208,843724
22/10/2009,208,208,197,204,589953
23/10/2009,204,214,204,212,892616
26/10/2009,212,227,210,227,1117985
27/10/2009,225,227,221,223,280116
28/10/2009,223,223,212,218,647099
29/10/2009,214,214,204,214,586893
30/10/2009,214,219,208,216,821783
02/11/2009,208,214,208,212,189214
03/11/2009,214,214,202,208,401187
04/11/2009,208,212,206,210,676688
05/11/2009,210,210,204,208,358149
06/11/2009,208,238,208,237,2340401
09/11/2009,237,238,229,238,499341
10/11/2009,240,240,225,233,830986
11/11/2009,231,235,227,233,703191
12/11/2009,233,238,229,235,1005090
13/11/2009,235,235,225,227,407331
16/11/2009,227,235,227,233,929879
17/11/2009,235,237,227,231,743856
18/11/2009,231,231,225,229,474103
19/11/2009,227,227,221,223,531461
20/11/2009,221,229,219,225,862948
23/11/2009,227,229,223,225,788423
24/11/2009,225,227,221,225,573365
25/11/2009,225,227,221,223,522073
26/11/2009,225,225,212,218,700501
30/11/2009,218,218,212,218,283281
01/12/2009,218,218,212,216,616799
02/12/2009,216,223,214,221,1283597
03/12/2009,221,225,219,223,645200
04/12/2009,223,225,219,225,618855
07/12/2009,225,225,218,219,601503
08/12/2009,219,223,216,219,696071
09/12/2009,216,219,216,219,578481
10/12/2009,219,219,216,219,398998
11/12/2009,219,221,216,221,699604
14/12/2009,219,219,216,219,562605
15/12/2009,216,218,204,210,832700
16/12/2009,210,210,200,208,765480
17/12/2009,204,206,191,202,1117010
21/12/2009,199,214,191,214,1354984
22/12/2009,212,214,199,202,769488
23/12/2009,202,202,193,197,928455
28/12/2009,197,212,197,212,1406751
29/12/2009,212,221,212,214,1483096
30/12/2009,212,221,212,221,1106857
04/01/2010,223,237,221,231,1664399
05/01/2010,231,231,225,227,814715
06/01/2010,225,227,218,225,1337526
07/01/2010,223,225,212,221,905327
08/01/2010,219,221,214,219,705142
11/01/2010,219,223,218,223,647969
12/01/2010,223,233,221,231,971888
13/01/2010,231,244,227,240,1778745
14/01/2010,240,250,240,244,1418513
15/01/2010,244,250,242,248,918170
18/01/2010,244,252,242,248,767616
19/01/2010,248,248,240,248,934942
20/01/2010,246,248,242,248,1165981
21/01/2010,246,248,242,248,882120
22/01/2010,244,244,238,244,855670
25/01/2010,242,244,233,235,563739
26/01/2010,248,248,234,248,94327500
27/01/2010,233,237,231,235,534124
28/01/2010,235,237,229,237,542220
29/01/2010,238,238,230,236,638500
01/02/2010,234,236,230,234,441725
02/02/2010,234,240,234,236,600950
03/02/2010,234,236,220,226,1738025
04/02/2010,222,236,222,226,1385650
05/02/2010,222,224,210,214,793050
08/02/2010,214,214,196,202,1385950
09/02/2010,200,200,196,198,674150
10/02/2010,202,206,198,204,1013425
11/02/2010,206,208,202,206,996225
12/02/2010,206,210,204,208,1032800
15/02/2010,208,208,204,206,559125
16/02/2010,206,206,202,206,602575
17/02/2010,206,208,202,208,857275
18/02/2010,208,208,202,206,544925
19/02/2010,204,206,200,206,490925
22/02/2010,206,208,204,206,396425
23/02/2010,206,206,202,206,290400
24/02/2010,204,206,202,206,634575
25/02/2010,204,206,202,204,792750
01/03/2010,206,206,202,204,480975
02/03/2010,204,204,200,202,521000
03/03/2010,202,204,198,202,435150
04/03/2010,200,200,192,194,986500
05/03/2010,194,196,192,196,394600
08/03/2010,196,198,192,198,678925
09/03/2010,196,200,194,200,916875
10/03/2010,200,200,196,200,709900
11/03/2010,198,198,194,196,558725
12/03/2010,196,198,192,198,1865525
15/03/2010,198,204,198,200,1286150
17/03/2010,200,208,200,208,2321250
18/03/2010,208,208,202,206,624250
19/03/2010,206,206,202,206,769400
22/03/2010,206,206,200,204,716100
23/03/2010,204,206,200,202,651825
24/03/2010,204,204,200,204,698425
25/03/2010,202,206,200,204,963625
26/03/2010,202,202,192,198,1438600
29/03/2010,198,198,186,190,754025
30/03/2010,190,192,188,190,504625
31/03/2010,190,190,180,186,957175
01/04/2010,186,186,176,180,1262875
05/04/2010,180,192,178,192,2353175
06/04/2010,192,194,184,188,1553525
07/04/2010,188,194,188,192,1353900
08/04/2010,192,194,188,192,1054800
09/04/2010,192,196,190,192,746800
12/04/2010,192,196,190,196,655200
13/04/2010,196,198,192,196,753275
14/04/2010,196,196,192,194,747800
15/04/2010,194,194,190,194,846650
16/04/2010,194,194,188,192,399575
19/04/2010,190,190,184,190,600475
20/04/2010,190,204,188,202,2943850
21/04/2010,202,204,200,202,973650
22/04/2010,200,202,196,202,846825
23/04/2010,202,202,200,202,394025
26/04/2010,202,210,200,208,1950675
27/04/2010,208,210,202,206,960375
28/04/2010,200,202,196,200,637325
29/04/2010,200,200,196,200,343200
30/04/2010,200,206,198,206,1103750
03/05/2010,206,206,202,204,521450
04/05/2010,206,208,202,204,1013300
05/05/2010,202,204,194,198,1070450
06/05/2010,198,198,188,196,920975
07/05/2010,190,194,184,194,398575
10/05/2010,194,198,192,198,761300
11/05/2010,200,204,198,202,1461825
12/05/2010,202,206,200,204,847075
14/05/2010,204,204,200,204,610325
17/05/2010,200,202,194,198,995250
18/05/2010,198,202,198,202,653925
19/05/2010,198,200,196,198,543575
20/05/2010,198,198,190,194,830500
21/05/2010,188,190,182,190,633050
24/05/2010,192,194,190,190,554325
25/05/2010,190,194,182,186,791050
26/05/2010,186,192,182,192,946675
27/05/2010,192,192,188,192,690575
31/05/2010,194,194,190,194,462625
01/06/2010,196,196,190,194,637225
02/06/2010,196,196,190,196,752475
03/06/2010,198,202,196,200,622850
04/06/2010,200,206,198,206,698275
07/06/2010,202,202,198,200,450275
08/06/2010,198,208,198,208,1224550
09/06/2010,208,208,204,208,428275
10/06/2010,208,212,206,212,833375
11/06/2010,214,214,210,212,721750
14/06/2010,212,214,210,210,397050
15/06/2010,210,212,210,212,507500
16/06/2010,212,222,212,220,1133850
17/06/2010,220,226,218,226,789900
18/06/2010,226,228,224,228,422200
21/06/2010,230,230,220,224,787025
22/06/2010,224,224,216,218,594300
23/06/2010,216,218,212,218,372075
24/06/2010,218,218,214,216,712300
25/06/2010,216,216,210,216,523100
28/06/2010,216,218,214,216,903400
29/06/2010,218,218,206,210,804575
30/06/2010,208,212,208,212,400450
01/07/2010,210,210,204,206,371200
02/07/2010,206,208,202,202,595925
05/07/2010,202,206,198,206,864875
06/07/2010,206,206,202,206,302950
07/07/2010,206,212,204,212,1373425
08/07/2010,212,214,206,210,1203275
09/07/2010,210,212,208,210,441450
12/07/2010,212,212,208,210,230100
13/07/2010,210,212,206,212,741550
14/07/2010,212,218,210,212,1259450
15/07/2010,212,216,206,208,1303375
16/07/2010,210,210,206,210,322975
19/07/2010,210,212,208,210,275800
20/07/2010,212,214,208,214,865425
21/07/2010,214,226,214,224,2713275
22/07/2010,222,224,220,222,1010700
23/07/2010,224,226,222,226,413925
26/07/2010,226,226,222,224,138750
27/07/2010,224,228,222,228,396350
28/07/2010,228,236,226,236,961075
29/07/2010,234,240,232,240,496550
30/07/2010,240,240,236,238,159600
02/08/2010,238,242,238,242,516825
03/08/2010,244,244,240,244,964575
04/08/2010,246,248,242,248,591475
05/08/2010,248,260,246,260,1049000
06/08/2010,260,264,258,264,447575
09/08/2010,264,280,264,280,1262900
10/08/2010,280,280,272,274,625300
11/08/2010,272,274,266,270,449250
12/08/2010,268,274,264,274,318350
13/08/2010,274,276,270,272,364375
16/08/2010,272,272,268,270,392200
18/08/2010,272,272,264,266,407900
19/08/2010,266,268,262,264,441425
20/08/2010,264,266,262,266,600900
23/08/2010,266,266,256,262,707250
24/08/2010,262,264,256,260,470175
25/08/2010,260,262,256,260,686450
26/08/2010,260,268,258,260,1155675
27/08/2010,260,260,256,260,560325
30/08/2010,262,262,254,258,315550
31/08/2010,256,256,244,246,563275
01/09/2010,246,250,244,248,757775
02/09/2010,250,252,244,246,447775
03/09/2010,252,254,248,252,1056450
06/09/2010,254,262,254,260,1415675
07/09/2010,262,266,260,264,953425
15/09/2010,264,280,264,276,1653175
16/09/2010,276,278,274,278,612400
17/09/2010,278,296,276,294,2265125
20/09/2010,294,296,284,286,736550
21/09/2010,286,294,284,288,705375
22/09/2010,288,288,282,284,539450
23/09/2010,284,284,274,278,570575
24/09/2010,278,282,276,280,672275
27/09/2010,282,284,274,278,587100
28/09/2010,278,296,276,292,1922575
29/09/2010,294,308,294,308,1351875
30/09/2010,306,308,296,302,839425
01/10/2010,302,304,298,304,488975
04/10/2010,304,308,302,304,630450
05/10/2010,302,306,302,304,690500
06/10/2010,304,312,304,308,930450
07/10/2010,306,308,298,300,535800
08/10/2010,300,300,292,294,613875
11/10/2010,296,296,278,288,1429675
12/10/2010,286,286,272,274,1611125
13/10/2010,276,284,274,282,1218500
14/10/2010,282,286,278,280,1017575
15/10/2010,280,280,266,272,1169900
18/10/2010,272,274,264,268,663150
19/10/2010,266,282,266,282,2490375
20/10/2010,282,286,276,280,1440900
21/10/2010,282,300,280,300,2404450
22/10/2010,304,318,300,310,3506575
25/10/2010,310,316,308,314,721250
26/10/2010,314,316,302,308,937425
27/10/2010,306,306,294,298,772500
28/10/2010,298,306,292,304,1353625
29/10/2010,304,306,296,302,1184025
01/11/2010,304,312,302,304,1304650
02/11/2010,304,324,304,324,2403675
03/11/2010,324,330,314,318,1395125
04/11/2010,320,324,316,320,649575
05/11/2010,322,326,306,310,856100
08/11/2010,310,324,308,324,917325
09/11/2010,324,336,324,334,1091600
10/11/2010,334,336,328,330,596675
11/11/2010,328,344,328,338,1140625
12/11/2010,334,338,328,332,378375
15/11/2010,330,336,328,330,561475
16/11/2010,330,330,320,322,587725
18/11/2010,322,330,316,326,874125
19/11/2010,326,330,320,324,917275
22/11/2010,324,324,318,324,486625
23/11/2010,326,326,314,316,528325
24/11/2010,316,318,310,312,461075
25/11/2010,314,314,310,312,680350
26/11/2010,312,312,298,300,621200
29/11/2010,302,306,290,298,1690400
30/11/2010,298,302,290,292,1204650
01/12/2010,292,300,292,298,667875
02/12/2010,300,316,298,314,1461700
03/12/2010,316,318,312,316,701500
06/12/2010,316,330,316,328,777425
08/12/2010,328,338,326,338,771025
09/12/2010,338,342,332,342,817325
10/12/2010,340,358,336,358,1106900
13/12/2010,358,360,354,360,332950
14/12/2010,360,362,338,348,761550
15/12/2010,348,364,340,354,2396675
16/12/2010,356,356,332,334,1268350
17/12/2010,334,340,332,336,717750
20/12/2010,336,336,324,328,411325
21/12/2010,330,330,320,324,758650
22/12/2010,326,326,316,318,509575
23/12/2010,320,324,320,324,423875
27/12/2010,324,338,322,334,621650
28/12/2010,334,346,334,338,822475
29/12/2010,340,344,338,344,275450
30/12/2010,344,346,338,346,182525
03/01/2011,346,346,338,340,278300
04/01/2011,342,344,332,334,754650
05/01/2011,332,344,330,336,833150
06/01/2011,336,336,328,330,550000
07/01/2011,330,330,320,322,562675
10/01/2011,322,322,302,306,835350
11/01/2011,308,318,304,308,1740325
12/01/2011,308,326,308,326,970700
13/01/2011,326,336,326,328,1295275
14/01/2011,326,338,326,334,834300
17/01/2011,334,336,330,334,265850
18/01/2011,334,338,330,334,906525
19/01/2011,336,336,318,320,1126375
20/01/2011,320,320,306,310,854025
21/01/2011,308,308,290,294,1505125
24/01/2011,294,294,282,284,410900
25/01/2011,288,294,278,290,1147800
26/01/2011,280,294,280,292,772300
27/01/2011,294,302,290,294,1811800
28/01/2011,294,296,290,292,752475
31/01/2011,288,292,284,288,594875
01/02/2011,294,294,286,294,865975
02/02/2011,296,298,290,292,269850
04/02/2011,292,294,288,290,385200
07/02/2011,280,296,280,292,324725
08/02/2011,294,294,288,290,306800
09/02/2011,290,290,282,284,415275
10/02/2011,282,284,272,276,732850
11/02/2011,276,276,270,276,449875
14/02/2011,276,292,276,290,899725
16/02/2011,290,296,286,292,544625
17/02/2011,294,294,286,288,342350
18/02/2011,288,294,288,292,362650
21/02/2011,292,294,288,290,207225
22/02/2011,288,300,286,296,971750
23/02/2011,300,322,300,320,2276825
24/02/2011,320,326,310,314,933675
25/02/2011,316,320,314,314,610550
28/02/2011,314,316,310,312,386525
01/03/2011,314,322,310,320,1219300
02/03/2011,318,320,316,320,235800
03/03/2011,320,322,312,314,454500
04/03/2011,316,318,312,316,498200
07/03/2011,316,324,314,322,1037900
08/03/2011,322,324,318,322,479300
09/03/2011,324,324,318,322,666750
10/03/2011,322,332,320,330,1350650
11/03/2011,328,330,320,324,1139000
14/03/2011,316,316,296,298,870175
15/03/2011,292,296,284,290,924525
16/03/2011,290,298,286,294,949775
17/03/2011,290,292,288,288,296800
18/03/2011,290,294,288,292,403050
21/03/2011,292,298,290,298,670800
22/03/2011,300,300,292,296,690575
23/03/2011,296,298,292,296,568725
24/03/2011,296,302,296,300,1220425
25/03/2011,300,302,296,298,429175
28/03/2011,298,302,296,302,714150
29/03/2011,304,306,298,302,734675
30/03/2011,302,306,298,300,827800
31/03/2011,302,302,294,294,568400
01/04/2011,294,300,294,296,409875
04/04/2011,296,296,290,292,565950
05/04/2011,292,296,290,294,299825
06/04/2011,296,304,296,304,1218825
07/04/2011,304,306,298,300,1018125
08/04/2011,300,304,294,296,833725
11/04/2011,296,298,294,296,559575
12/04/2011,296,296,292,292,452875
13/04/2011,292,300,292,298,773800
14/04/2011,298,298,296,298,558350
15/04/2011,298,308,296,306,2190275
18/04/2011,306,310,304,306,907000
19/04/2011,304,308,300,308,722750
20/04/2011,308,320,308,318,2006600
21/04/2011,318,320,312,316,796125
25/04/2011,314,320,312,320,590275
26/04/2011,320,334,320,334,2262800
27/04/2011,336,338,328,334,1157400
28/04/2011,334,342,330,342,965375
29/04/2011,342,344,338,342,1150025
02/05/2011,338,340,332,336,669625
03/05/2011,334,336,328,332,563775
04/05/2011,332,336,330,336,579925
05/05/2011,334,336,330,334,385200
06/05/2011,330,332,326,326,390350
09/05/2011,326,328,326,326,388525
10/05/2011,328,328,318,320,1223000
11/05/2011,322,324,320,322,690325
12/05/2011,322,322,318,320,735475
13/05/2011,322,322,316,320,682475
16/05/2011,318,324,316,324,805825
18/05/2011,324,334,322,334,2039250
19/05/2011,332,342,332,336,1369675
20/05/2011,336,340,334,338,632575
23/05/2011,336,336,324,330,748475
24/05/2011,328,334,328,334,394825
25/05/2011,332,334,328,332,414400
26/05/2011,332,336,332,336,580100
27/05/2011,334,352,332,352,1901200
30/05/2011,352,356,348,352,1016700
31/05/2011,354,368,352,368,1152850
01/06/2011,368,370,360,364,626075
03/06/2011,362,366,360,362,414200
06/06/2011,362,364,356,362,566825
07/06/2011,358,360,356,356,247000
08/06/2011,354,360,354,358,374325
09/06/2011,358,364,358,360,480600
10/06/2011,360,364,358,360,357775
13/06/2011,356,362,354,362,439450
14/06/2011,362,364,358,360,514025
15/06/2011,362,364,358,362,457650
16/06/2011,358,360,354,358,304175
17/06/2011,362,364,358,358,512575
20/06/2011,360,364,358,362,355000
21/06/2011,362,384,360,382,1730800
22/06/2011,384,396,382,396,1170800
23/06/2011,394,415,392,405,1412925
24/06/2011,410,440,400,425,901175
27/06/2011,420,440,420,435,507475
28/06/2011,425,440,420,425,462025
30/06/2011,425,430,420,425,608500
01/07/2011,425,425,420,425,383400
04/07/2011,425,440,425,430,728675
05/07/2011,430,430,420,425,647200
06/07/2011,425,440,425,435,1575950
07/07/2011,435,455,435,445,1147850
08/07/2011,450,455,435,445,609750
11/07/2011,440,445,435,445,457750
12/07/2011,440,465,435,460,1040875
13/07/2011,465,480,465,480,530475
14/07/2011,485,490,465,475,716400
15/07/2011,470,485,470,475,631700
18/07/2011,475,485,470,485,627075
19/07/2011,485,495,480,490,764675
20/07/2011,490,525,490,520,1077325
21/07/2011,520,520,495,500,922000
22/07/2011,500,520,500,520,716475
25/07/2011,530,585,525,580,1410000
26/07/2011,580,580,565,575,939775
27/07/2011,580,625,570,600,1622125
28/07/2011,600,620,590,615,1005425
29/07/2011,615,615,595,610,661700
01/08/2011,610,620,605,605,656100
02/08/2011,610,610,590,600,623200
03/08/2011,590,595,580,595,561000
04/08/2011,590,610,585,590,1427100
05/08/2011,560,580,530,555,2075400
08/08/2011,545,545,510,535,1719225
09/08/2011,500,570,490,540,1825550
10/08/2011,560,575,555,565,1394975
11/08/2011,550,575,545,560,1519125
12/08/2011,570,570,550,560,1209000
15/08/2011,565,585,565,585,1438900
16/08/2011,585,595,580,585,1172625
18/08/2011,580,600,575,595,1152925
19/08/2011,585,595,575,585,1370900
22/08/2011,580,595,565,580,1259425
23/08/2011,550,560,525,530,1621175
24/08/2011,540,545,525,525,642625
25/08/2011,530,540,525,530,888900
26/08/2011,530,530,515,530,385300
05/09/2011,525,555,525,555,935525
06/09/2011,555,555,540,550,531375
07/09/2011,545,555,545,550,1376450
08/09/2011,550,555,535,540,782150
09/09/2011,540,550,535,545,507975
12/09/2011,540,540,515,525,809425
13/09/2011,530,535,515,520,487700
14/09/2011,520,525,495,505,1400900
15/09/2011,510,515,490,505,917450
16/09/2011,510,525,505,525,898025
19/09/2011,525,525,510,520,779950
20/09/2011,515,525,505,525,620975
21/09/2011,525,530,520,525,559100
22/09/2011,515,520,460,480,1257350
23/09/2011,460,490,455,490,700875
26/09/2011,485,490,430,465,589850
27/09/2011,475,485,460,475,1164050
28/09/2011,475,485,460,480,1322750
29/09/2011,480,480,465,480,458800
30/09/2011,480,485,470,480,513575
03/10/2011,470,480,440,455,835300
04/10/2011,450,465,445,455,796200
05/10/2011,460,470,455,465,489000
06/10/2011,475,495,470,495,747700
07/10/2011,495,510,495,500,764575
10/10/2011,500,510,500,510,477025
11/10/2011,515,525,510,520,729125
12/10/2011,520,530,510,530,643350
13/10/2011,530,545,530,540,719050
14/10/2011,535,545,535,540,443350
17/10/2011,540,550,540,550,758175
18/10/2011,535,540,520,530,445575
19/10/2011,530,550,530,545,575350
20/10/2011,535,540,530,540,286675
21/10/2011,530,550,515,550,453525
24/10/2011,560,570,555,565,574550
25/10/2011,565,580,555,580,847350
26/10/2011,575,615,570,600,1393850
27/10/2011,610,615,605,610,870350
28/10/2011,615,625,605,610,732225
31/10/2011,615,615,595,605,340025
01/11/2011,600,600,570,590,801050
02/11/2011,580,605,570,600,1157075
03/11/2011,605,605,575,585,892175
04/11/2011,590,625,590,625,1293800
07/11/2011,620,650,620,635,918825
08/11/2011,640,650,630,635,446175
09/11/2011,640,650,635,645,422500
10/11/2011,635,635,605,615,919325
11/11/2011,615,625,605,610,472300
14/11/2011,625,625,605,610,719575
15/11/2011,610,610,595,600,528350
16/11/2011,600,600,585,600,508125
17/11/2011,600,615,590,610,767875
18/11/2011,600,605,595,605,295425
21/11/2011,600,605,590,600,365900
22/11/2011,600,620,595,620,516725
23/11/2011,620,620,590,600,770775
24/11/2011,595,595,575,585,413350
25/11/2011,590,590,560,565,296475
28/11/2011,575,575,550,565,861075
29/11/2011,575,580,555,570,1118925
30/11/2011,570,580,565,570,1080900
01/12/2011,580,600,580,595,1802200
02/12/2011,595,595,580,595,883500
05/12/2011,595,595,580,590,680400
06/12/2011,590,590,580,590,752100
07/12/2011,590,610,590,605,1779650
08/12/2011,605,605,595,600,492025
09/12/2011,595,600,585,600,695350
12/12/2011,600,615,600,605,858775
13/12/2011,600,615,595,615,1066800
14/12/2011,615,615,595,600,778225
15/12/2011,595,600,580,590,668525
16/12/2011,590,600,585,595,875100
19/12/2011,595,595,580,595,906125
20/12/2011,595,595,585,590,761100
21/12/2011,595,600,585,595,798250
22/12/2011,590,595,585,595,409750
23/12/2011,595,600,585,590,383550
27/12/2011,590,600,585,590,506050
28/12/2011,590,600,590,600,513025
29/12/2011,595,605,595,605,526475
30/12/2011,605,615,600,605,789400
02/01/2012,610,610,600,605,273325
03/01/2012,610,620,605,615,763725
04/01/2012,625,650,615,635,1352650
05/01/2012,635,660,630,660,1048525
06/01/2012,660,680,660,670,645175
09/01/2012,670,675,665,675,299250
10/01/2012,675,680,660,680,707775
11/01/2012,675,685,650,660,835025
12/01/2012,660,670,655,665,1133575
13/01/2012,665,670,655,670,1133575
16/01/2012,665,725,665,725,1557850
17/01/2012,725,730,695,705,1348550
18/01/2012,710,710,690,700,1575825
19/01/2012,700,720,700,710,1458550
20/01/2012,710,715,680,690,1188325
24/01/2012,695,695,665,670,1147375
25/01/2012,670,690,670,690,1148825
26/01/2012,690,695,680,690,551525
27/01/2012,690,700,685,690,615100
30/01/2012,690,695,685,690,359225
31/01/2012,690,730,685,730,1380325
01/02/2012,720,725,715,725,687275
02/02/2012,725,730,710,730,814050
03/02/2012,730,730,720,725,549075
06/02/2012,730,730,720,725,487725
07/02/2012,730,745,725,735,1013000
08/02/2012,735,745,730,745,488225
09/02/2012,740,740,725,735,424500
10/02/2012,735,735,700,705,683825
13/02/2012,705,710,700,710,573225
14/02/2012,710,730,710,730,534500
15/02/2012,735,755,735,750,984975
16/02/2012,745,745,730,735,456950
17/02/2012,745,745,735,745,491900
20/02/2012,750,775,745,770,788100
21/02/2012,770,780,760,765,532475
22/02/2012,765,775,755,760,446900
23/02/2012,750,760,745,760,731275
24/02/2012,745,755,735,745,465650
27/02/2012,745,745,730,740,495000
28/02/2012,740,740,710,720,1175500
29/02/2012,720,725,710,720,1290050
01/03/2012,720,740,710,740,1118275
02/03/2012,740,750,735,750,924675
05/03/2012,750,755,745,755,518250
06/03/2012,750,755,740,755,713625
07/03/2012,740,755,740,755,517425
08/03/2012,750,760,745,760,706300
09/03/2012,760,785,760,785,1195400
12/03/2012,780,825,780,810,1105000
13/03/2012,820,830,815,825,516325
14/03/2012,830,835,805,810,572475
15/03/2012,800,825,800,815,647800
16/03/2012,810,815,800,810,467500
19/03/2012,810,820,810,820,482575
20/03/2012,810,830,810,820,601325
21/03/2012,810,820,790,795,720450
22/03/2012,795,795,780,785,488650
26/03/2012,795,815,795,805,526350
27/03/2012,810,870,810,860,1071950
28/03/2012,860,885,845,860,458925
29/03/2012,860,870,850,860,436825
30/03/2012,850,860,850,860,533275
02/04/2012,855,865,850,860,435225
03/04/2012,860,860,835,840,544025
04/04/2012,840,840,810,815,629950
05/04/2012,805,840,800,820,765825
09/04/2012,820,820,800,810,419550
10/04/2012,810,820,810,820,520675
11/04/2012,810,815,800,815,549175
12/04/2012,815,820,805,810,536775
13/04/2012,815,865,815,855,1854000
16/04/2012,855,870,850,855,736950
17/04/2012,855,855,840,845,292700
18/04/2012,850,855,845,850,537550
19/04/2012,850,855,850,855,407850
20/04/2012,855,855,840,855,564125
23/04/2012,850,870,825,835,858700
24/04/2012,835,845,835,845,459500
25/04/2012,845,845,830,845,366125
26/04/2012,845,845,835,845,388225
27/04/2012,845,845,825,830,532475
30/04/2012,830,830,810,825,460675
01/05/2012,820,825,810,820,366725
02/05/2012,825,840,820,835,571350
03/05/2012,830,835,820,825,713200
04/05/2012,830,830,815,815,374150
07/05/2012,800,810,785,810,405500
08/05/2012,810,810,795,800,558650
09/05/2012,800,805,760,770,1126925
10/05/2012,770,785,755,785,680200
11/05/2012,780,780,760,770,497650
14/05/2012,770,780,760,765,411450
15/05/2012,760,765,735,755,833350
16/05/2012,745,745,705,720,745975
21/05/2012,710,715,675,690,1054550
22/05/2012,690,735,690,735,1329675
23/05/2012,730,730,710,725,537925
24/05/2012,725,730,715,720,492225
25/05/2012,720,720,690,695,638500
28/05/2012,695,705,680,705,514075
29/05/2012,705,715,695,710,278625
30/05/2012,700,720,700,705,523950
31/05/2012,685,690,665,675,633850
01/06/2012,645,685,645,675,652525
04/06/2012,635,655,630,650,565300
05/06/2012,670,680,660,680,356500
06/06/2012,690,725,690,725,713900
07/06/2012,740,750,725,740,722825
08/06/2012,735,740,705,720,390975
11/06/2012,730,740,725,730,571050
12/06/2012,725,730,710,730,235025
13/06/2012,740,755,740,745,536600
14/06/2012,730,735,715,725,234875
15/06/2012,730,745,695,695,380575
18/06/2012,720,730,700,710,546550
19/06/2012,695,710,695,705,375925
20/06/2012,710,725,710,725,529250
21/06/2012,720,725,695,705,513200
22/06/2012,695,695,680,695,318975
25/06/2012,690,710,690,695,407050
26/06/2012,690,705,685,695,550550
27/06/2012,690,705,690,700,391150
28/06/2012,700,705,685,695,517750
29/06/2012,695,710,690,695,453150
02/07/2012,705,725,700,720,711375
03/07/2012,730,755,725,750,1247725
04/07/2012,750,780,750,780,649350
05/07/2012,780,780,760,770,330675
06/07/2012,770,780,765,775,373625
09/07/2012,770,775,755,770,391575
10/07/2012,770,790,765,780,638650
11/07/2012,775,775,745,755,652475
12/07/2012,750,750,715,720,792000
13/07/2012,715,740,710,725,593200
16/07/2012,730,750,730,750,719175
17/07/2012,755,775,750,760,764625
18/07/2012,755,760,730,740,772825
19/07/2012,745,755,735,740,572875
20/07/2012,735,750,720,725,1184600
23/07/2012,720,720,705,720,692625
24/07/2012,715,725,705,715,446925
25/07/2012,710,720,705,720,514175
26/07/2012,720,725,705,710,401225
27/07/2012,720,745,720,735,1028650
30/07/2012,745,750,735,740,717250
31/07/2012,740,740,715,730,613875
01/08/2012,720,730,715,715,475250
02/08/2012,705,710,695,700,734875
03/08/2012,680,695,680,695,683000
06/08/2012,705,710,670,675,1448375
07/08/2012,675,690,665,680,805150
08/08/2012,680,700,675,695,1283850
09/08/2012,700,705,695,705,899600
10/08/2012,700,705,695,705,1017550
13/08/2012,710,710,700,710,438150
14/08/2012,705,710,700,710,441950
15/08/2012,700,710,700,710,307475
16/08/2012,710,735,705,725,822425
23/08/2012,720,750,720,745,1449350
24/08/2012,735,745,735,745,303275
27/08/2012,740,745,725,735,173725
28/08/2012,735,740,720,730,462050
29/08/2012,730,740,720,725,814525
30/08/2012,725,725,685,695,837300
31/08/2012,690,700,680,700,787450
03/09/2012,695,730,690,730,1133825
04/09/2012,735,735,715,725,565550
05/09/2012,725,730,715,730,337425
06/09/2012,730,745,730,740,463600
07/09/2012,750,755,740,755,573350
10/09/2012,755,755,735,745,495450
11/09/2012,740,750,735,750,250600
12/09/2012,740,755,740,755,590100
13/09/2012,755,765,755,765,836700
14/09/2012,770,815,770,805,1705125
17/09/2012,805,810,800,805,493250
18/09/2012,805,810,785,785,614025
19/09/2012,790,795,765,770,478550
20/09/2012,760,770,745,770,809075
21/09/2012,770,780,765,780,407300
24/09/2012,775,785,760,770,533875
25/09/2012,770,780,760,775,476775
26/09/2012,765,785,760,780,385675
27/09/2012,775,815,775,815,838500
28/09/2012,815,855,810,850,1475375
01/10/2012,830,840,825,835,513925
02/10/2012,835,835,815,820,430175
03/10/2012,820,820,795,810,342000
04/10/2012,795,825,795,820,436800
05/10/2012,825,835,810,825,576025
08/10/2012,825,840,820,835,796250
09/10/2012,835,835,820,830,411175
10/10/2012,830,830,820,825,208875
11/10/2012,825,845,825,835,477025
12/10/2012,830,840,830,840,207525
15/10/2012,840,855,835,855,388100
16/10/2012,860,870,855,870,749225
17/10/2012,880,910,880,895,1052200
18/10/2012,895,900,880,900,407300
19/10/2012,890,895,885,890,302925
22/10/2012,885,895,875,895,311550
23/10/2012,890,900,885,895,495975
24/10/2012,890,890,880,890,603725
25/10/2012,890,895,885,890,505375
29/10/2012,885,895,885,895,475625
30/10/2012,890,895,885,895,288575
31/10/2012,895,895,885,890,305375
01/11/2012,885,890,880,880,535475
02/11/2012,890,890,860,870,370925
05/11/2012,860,875,860,865,327975
06/11/2012,865,870,860,870,412925
07/11/2012,865,895,865,890,686725
08/11/2012,875,890,870,890,212700
09/11/2012,885,910,885,910,454725
12/11/2012,910,940,910,925,858775
13/11/2012,925,935,915,935,555275
14/11/2012,920,930,915,925,427175
19/11/2012,925,935,890,895,853575
20/11/2012,900,905,875,885,539925
21/11/2012,885,890,865,870,443975
22/11/2012,870,885,870,880,293650
23/11/2012,880,885,865,870,538975
26/11/2012,875,880,870,875,311550
27/11/2012,880,885,870,875,448200
28/11/2012,870,875,845,850,690725
29/11/2012,850,860,850,860,375075
30/11/2012,855,865,855,860,411550
03/12/2012,850,865,825,835,685075
04/12/2012,835,845,830,840,561275
05/12/2012,835,840,825,835,436500
06/12/2012,835,845,830,840,493850
07/12/2012,835,840,830,835,258275
10/12/2012,835,850,830,840,530600
11/12/2012,840,840,820,835,479100
12/12/2012,835,855,830,855,784700
13/12/2012,850,850,830,835,456575
14/12/2012,835,840,795,800,896200
17/12/2012,795,805,790,805,478725
18/12/2012,815,830,815,825,804525
19/12/2012,830,845,830,840,546125
20/12/2012,850,850,825,835,462375
21/12/2012,825,830,810,815,725350
26/12/2012,820,820,805,810,336350
27/12/2012,810,815,800,810,263325
28/12/2012,810,845,805,830,650500
02/01/2013,830,840,810,825,326650
03/01/2013,825,840,820,840,590650
04/01/2013,840,840,830,830,312800
07/01/2013,830,830,800,810,603325
08/01/2013,810,815,795,800,536525
09/01/2013,800,800,770,770,877675
10/01/2013,775,790,760,765,942175
11/01/2013,770,790,770,785,1291025
14/01/2013,785,805,785,805,1272125
15/01/2013,810,810,785,790,515825
16/01/2013,790,795,780,795,479900
17/01/2013,785,795,780,785,162750
18/01/2013,790,805,790,805,476875
21/01/2013,800,810,795,795,381675
22/01/2013,795,795,780,790,471000
23/01/2013,785,790,770,785,808100
25/01/2013,775,780,755,755,776775
28/01/2013,755,775,755,770,633875
29/01/2013,765,775,765,775,255100
30/01/2013,770,780,770,775,225450
31/01/2013,775,775,760,775,342200
01/02/2013,770,780,765,775,283250
04/02/2013,780,795,780,785,640875
05/02/2013,785,790,775,780,613875
06/02/2013,790,795,780,790,607525
07/02/2013,795,800,785,790,411800
08/02/2013,800,810,795,800,392950
11/02/2013,810,815,805,815,514500
12/02/2013,820,820,800,805,385525
13/02/2013,810,830,810,830,512550
14/02/2013,830,845,825,835,707900
15/02/2013,835,860,835,855,538075
18/02/2013,850,855,835,845,361450
19/02/2013,850,850,830,830,405000
20/02/2013,835,835,815,825,312250
21/02/2013,815,825,810,820,631125
22/02/2013,815,845,815,840,700650
25/02/2013,840,875,835,870,1292275
26/02/2013,865,865,850,865,224175
27/02/2013,865,885,865,880,468675
28/02/2013,885,900,880,895,748050
01/03/2013,890,910,885,905,378500
04/03/2013,905,925,900,925,731525
05/03/2013,915,920,890,920,438425
06/03/2013,920,940,910,940,318250
07/03/2013,940,945,930,945,475325
08/03/2013,940,955,940,950,330075
11/03/2013,940,1020,940,980,533975
13/03/2013,985,1010,970,985,322625
14/03/2013,985,985,950,975,285625
15/03/2013,980,1020,960,995,634000
18/03/2013,995,1060,985,1030,537500
19/03/2013,1020,1080,1020,1070,563475
20/03/2013,1070,1110,1070,1100,403675
21/03/2013,1100,1100,1080,1090,413050
22/03/2013,1090,1090,1050,1060,719975
25/03/2013,1060,1060,985,1040,669625
26/03/2013,1040,1040,1030,1030,183150
27/03/2013,1030,1060,1030,1050,466400
28/03/2013,1050,1060,1000,1000,408725
01/04/2013,990,1060,985,1060,275600
02/04/2013,1050,1050,1020,1030,230925
03/04/2013,1040,1040,990,1000,398575
04/04/2013,995,995,970,980,347825
05/04/2013,990,990,975,990,276450
08/04/2013,985,1010,985,1000,453925
09/04/2013,1000,1020,990,995,327075
10/04/2013,1010,1020,995,1000,262775
11/04/2013,1010,1040,1000,1000,538150
12/04/2013,1010,1030,1010,1020,208925
15/04/2013,1020,1030,1010,1010,214425
16/04/2013,1000,1020,985,1010,318375
17/04/2013,1020,1040,1020,1040,143925
18/04/2013,1030,1060,1030,1050,617100
19/04/2013,1050,1060,1030,1050,432150
22/04/2013,1050,1070,1040,1060,675950
23/04/2013,1060,1060,1030,1030,282800
24/04/2013,1040,1050,1030,1040,327000
25/04/2013,1040,1050,1030,1050,272400
26/04/2013,1050,1050,1000,1010,311025
29/04/2013,1010,1030,1010,1020,192150
30/04/2013,1020,1040,1010,1030,334250
01/05/2013,1030,1030,1010,1030,417550
02/05/2013,1020,1030,1010,1020,398725
03/05/2013,1010,1020,1000,1000,332675
06/05/2013,980,990,970,975,525400
07/05/2013,980,1010,980,1000,429625
08/05/2013,1010,1050,1010,1040,500100
10/05/2013,1040,1060,1030,1060,280125
13/05/2013,1060,1080,1050,1070,337700
14/05/2013,1070,1080,1060,1070,398275
15/05/2013,1070,1070,1030,1040,379925
16/05/2013,1040,1070,1040,1040,484325
17/05/2013,1040,1060,1040,1050,426000
20/05/2013,1060,1100,1050,1070,423350
21/05/2013,1080,1100,1060,1080,353850
22/05/2013,1080,1080,1050,1060,495625
23/05/2013,1070,1100,1050,1070,476000
24/05/2013,1070,1070,1040,1050,275150
27/05/2013,1020,1040,995,1040,470050
28/05/2013,1040,1050,1020,1040,412925
29/05/2013,1040,1080,1030,1080,418800
30/05/2013,1070,1090,1030,1050,373700
31/05/2013,1050,1070,1030,1070,348725
03/06/2013,1070,1190,1050,1160,991800
04/06/2013,1170,1200,1120,1180,1000075
05/06/2013,1180,1220,1150,1190,841675
07/06/2013,1180,1190,1130,1140,439300
10/06/2013,1120,1160,1060,1100,713150
11/06/2013,1100,1160,1080,1090,402100
12/06/2013,1070,1090,995,1060,777050
13/06/2013,1020,1020,980,980,1021400
14/06/2013,990,1020,990,1020,705850
17/06/2013,1020,1060,1020,1040,495100
18/06/2013,1070,1150,1070,1080,848350
19/06/2013,1100,1140,1070,1110,459000
20/06/2013,1090,1090,1050,1050,368425
21/06/2013,1030,1030,960,960,1724050
24/06/2013,970,985,950,960,378000
25/06/2013,955,970,925,945,543825
26/06/2013,940,995,940,970,799700
27/06/2013,990,1060,990,1040,881750
28/06/2013,1060,1080,1020,1060,526850
01/07/2013,1050,1090,1020,1060,458075
02/07/2013,1060,1080,1050,1080,378600
03/07/2013,1060,1080,980,980,559425
04/07/2013,995,1010,960,975,340450
05/07/2013,1000,1000,960,965,283225
08/07/2013,960,960,895,905,507900
09/07/2013,900,925,900,920,345225
10/07/2013,920,955,920,930,495275
11/07/2013,940,1000,940,980,970000
12/07/2013,985,990,940,955,389925
15/07/2013,965,965,925,940,398175
16/07/2013,940,945,920,930,428350
17/07/2013,925,955,925,950,723975
18/07/2013,950,965,930,935,374050
19/07/2013,935,955,930,930,295100
22/07/2013,935,945,930,930,198700
23/07/2013,940,950,935,945,242675
24/07/2013,950,985,950,980,944775
25/07/2013,985,1000,975,975,812625
26/07/2013,975,980,955,955,217200
29/07/2013,965,965,950,950,182800
30/07/2013,955,960,930,930,514475
31/07/2013,930,935,865,865,752425
01/08/2013,880,890,865,880,425475
02/08/2013,890,910,885,895,508500
12/08/2013,900,945,890,945,562200
13/08/2013,950,970,945,970,572925
14/08/2013,975,985,960,980,258575
15/08/2013,980,990,970,980,415100
16/08/2013,980,990,960,980,220900
19/08/2013,980,980,885,900,471125
20/08/2013,880,890,850,880,683950
21/08/2013,880,930,865,930,441650
22/08/2013,920,935,825,850,1051050
23/08/2013,840,880,840,850,581200
26/08/2013,865,865,815,830,304950
27/08/2013,800,800,740,775,675600
28/08/2013,755,755,695,710,1502325
29/08/2013,720,780,715,780,887475
30/08/2013,780,800,770,795,406825
02/09/2013,805,810,770,795,457450
03/09/2013,795,800,785,800,248825
04/09/2013,790,795,770,780,364500
05/09/2013,775,780,710,720,355850
06/09/2013,700,725,700,705,572875
09/09/2013,715,730,715,725,826025
10/09/2013,730,765,725,755,1519600
11/09/2013,770,795,765,790,971525
12/09/2013,800,835,795,835,577850
13/09/2013,835,840,810,820,289275
16/09/2013,820,865,820,860,382625
17/09/2013,860,860,840,855,330950
18/09/2013,850,860,850,850,247000
19/09/2013,880,930,880,895,375175
20/09/2013,895,900,885,895,299125
23/09/2013,880,910,855,885,223250
24/09/2013,885,885,820,840,544200
25/09/2013,840,845,830,840,241350
26/09/2013,830,855,825,850,393800
27/09/2013,850,860,850,860,217775
30/09/2013,855,855,800,800,701125
01/10/2013,800,840,800,830,259900
02/10/2013,850,855,840,845,505500
03/10/2013,845,855,845,850,470300
04/10/2013,855,870,845,850,445650
07/10/2013,850,880,850,875,282350
08/10/2013,880,930,880,915,572550
09/10/2013,930,945,925,945,473625
10/10/2013,945,945,915,925,420625
11/10/2013,930,940,925,930,315925
16/10/2013,940,960,930,945,397175
17/10/2013,955,970,935,945,385450
18/10/2013,955,980,935,980,346575
21/10/2013,990,1020,960,980,585700
22/10/2013,965,965,940,945,377400
23/10/2013,960,960,945,950,473675
24/10/2013,960,995,950,990,448950
25/10/2013,995,1010,990,1010,387325
28/10/2013,1020,1060,1020,1060,509050
29/10/2013,1070,1070,1020,1020,407125
30/10/2013,1020,1030,990,1010,422075
31/10/2013,995,1010,960,970,490700
01/11/2013,970,985,945,945,431875
04/11/2013,955,970,940,955,248800
06/11/2013,950,990,950,970,468000
07/11/2013,980,1010,980,985,459100
08/11/2013,980,1010,970,985,561500
11/11/2013,985,1010,960,980,542675
12/11/2013,980,990,950,950,340525
13/11/2013,940,940,885,885,431125
14/11/2013,900,915,895,910,484325
15/11/2013,910,925,890,900,409350
18/11/2013,900,920,900,905,392150
19/11/2013,905,945,905,935,594700
20/11/2013,945,995,945,990,686700
21/11/2013,990,990,960,970,403425
22/11/2013,995,995,960,965,366750
25/11/2013,970,970,950,955,278925
26/11/2013,950,950,910,910,461975
27/11/2013,910,945,910,935,502175
28/11/2013,940,955,935,945,388325
29/11/2013,940,950,935,935,244625
02/12/2013,945,965,940,960,412725
03/12/2013,955,975,955,970,359450
04/12/2013,965,970,955,960,201425
05/12/2013,960,970,955,965,475425
06/12/2013,965,995,965,980,442025
09/12/2013,990,995,975,980,271375
10/12/2013,970,990,970,970,290375
11/12/2013,970,970,935,940,379200
12/12/2013,940,970,925,965,499775
13/12/2013,945,960,945,950,329675
16/12/2013,950,955,940,945,244575
17/12/2013,955,975,950,950,412300
18/12/2013,950,965,945,955,248825
19/12/2013,960,970,950,950,307400
20/12/2013,950,960,920,955,346350
23/12/2013,955,965,905,905,413400
24/12/2013,910,915,880,895,410325
27/12/2013,900,900,880,880,214525
30/12/2013,885,895,870,875,202225
02/01/2014,875,905,875,895,159000
03/01/2014,905,915,890,895,278075
06/01/2014,900,900,870,887,356290
07/01/2014,886,886,875,884,415645
08/01/2014,886,891,879,889,375245
09/01/2014,889,899,886,892,323720
10/01/2014,890,915,890,904,434345
13/01/2014,910,950,906,950,455360
15/01/2014,952,964,936,950,281155
16/01/2014,946,946,926,926,326875
17/01/2014,922,949,920,937,271285
20/01/2014,920,936,920,928,358065
21/01/2014,924,932,924,926,363795
22/01/2014,924,926,910,916,261540
23/01/2014,918,921,889,889,544375
24/01/2014,888,903,885,894,318620
27/01/2014,885,885,865,870,390225
28/01/2014,853,871,835,838,616815
29/01/2014,844,885,844,882,521780
30/01/2014,862,890,860,880,445070
03/02/2014,880,888,875,880,244595
04/02/2014,860,879,857,874,353290
05/02/2014,880,880,850,857,379815
06/02/2014,857,864,840,840,507655
07/02/2014,847,864,845,857,564400
10/02/2014,864,899,860,888,739775
11/02/2014,894,908,894,901,558585
12/02/2014,908,908,898,900,414995
13/02/2014,900,904,893,897,516830
14/02/2014,900,904,895,900,418740
17/02/2014,904,913,902,912,554680
18/02/2014,912,925,911,916,443865
19/02/2014,918,918,894,895,339650
20/02/2014,895,914,895,907,517470
21/02/2014,910,918,910,915,340270
24/02/2014,915,920,913,918,410015
25/02/2014,920,923,902,909,413780
26/02/2014,909,918,907,909,411535
27/02/2014,909,921,907,920,358985
28/02/2014,920,921,912,912,356970
03/03/2014,910,921,898,920,397560
04/03/2014,921,945,921,944,391635
05/03/2014,946,956,946,956,326545
06/03/2014,953,957,938,950,366095
07/03/2014,960,961,942,949,395265
10/03/2014,949,965,943,959,361475
11/03/2014,960,964,950,952,361245
12/03/2014,950,950,928,935,478080
13/03/2014,935,935,926,930,469895
14/03/2014,929,960,915,956,324755
17/03/2014,956,1040,955,1010,593150
18/03/2014,1010,1030,995,1005,549075
19/03/2014,1000,1010,971,975,327600
20/03/2014,965,972,965,966,473805
21/03/2014,975,981,972,975,363515
24/03/2014,972,980,930,943,509140
25/03/2014,950,960,946,960,409555
26/03/2014,970,974,963,967,309385
27/03/2014,966,968,961,965,278085
28/03/2014,964,971,964,967,294715
01/04/2014,975,1030,973,1015,675460
02/04/2014,1035,1040,1010,1015,382160
03/04/2014,1010,1010,982,986,460815
04/04/2014,989,990,966,975,252815
07/04/2014,968,988,968,986,398285
08/04/2014,986,989,980,980,389120
10/04/2014,925,960,925,943,450765
11/04/2014,940,957,930,932,428650
14/04/2014,945,955,934,950,412115
15/04/2014,959,973,952,971,400470
16/04/2014,971,978,957,960,355740
17/04/2014,960,961,952,955,291400
21/04/2014,955,956,942,946,188335
22/04/2014,944,962,940,957,405195
23/04/2014,958,962,948,952,356980
24/04/2014,950,958,947,958,413540
25/04/2014,964,964,955,957,385595
28/04/2014,957,972,956,960,486275
29/04/2014,960,964,949,954,311355
30/04/2014,964,966,949,954,514720
02/05/2014,949,950,931,931,351965
05/05/2014,920,935,920,923,235730
06/05/2014,922,926,915,915,359950
07/05/2014,913,917,908,911,436880
08/05/2014,911,920,910,911,366720
09/05/2014,911,915,909,910,346505
12/05/2014,910,934,910,931,665575
13/05/2014,938,946,929,932,450325
14/05/2014,930,943,930,942,718010
16/05/2014,938,938,925,928,337230
19/05/2014,932,932,912,912,357650
20/05/2014,922,924,875,876,313565
21/05/2014,876,890,871,884,304440
22/05/2014,894,897,884,889,416640
23/05/2014,889,896,887,887,250035
26/05/2014,888,891,887,888,228710
28/05/2014,890,892,888,892,364765
30/05/2014,892,895,825,825,2079930
02/06/2014,845,862,835,860,612725
03/06/2014,860,873,854,872,458240
04/06/2014,872,878,871,877,470665
05/06/2014,876,876,865,869,463540
06/06/2014,869,869,858,859,330910
09/06/2014,862,863,849,852,557930
10/06/2014,860,880,856,879,418905
11/06/2014,880,905,880,904,473425
12/06/2014,908,914,898,910,349130
13/06/2014,910,922,905,921,303605
16/06/2014,921,925,916,920,251100
17/06/2014,922,928,905,910,328545
18/06/2014,917,927,910,916,365450
19/06/2014,910,917,891,902,191340
20/06/2014,902,902,880,882,108665
23/06/2014,882,890,876,887,187020
24/06/2014,899,915,893,900,137175
25/06/2014,920,920,901,906,180145
26/06/2014,906,906,886,887,191425
27/06/2014,876,884,876,876,143200
30/06/2014,860,876,860,866,214970
01/07/2014,862,863,855,856,150960
02/07/2014,864,876,858,874,351630
03/07/2014,874,897,874,897,305450
04/07/2014,900,910,899,904,198195
07/07/2014,908,916,905,915,362815
08/07/2014,908,915,903,903,319795
10/07/2014,913,947,913,943,993725
11/07/2014,943,943,930,931,261875
14/07/2014,930,932,896,910,216320
15/07/2014,912,929,912,925,360830
16/07/2014,930,950,930,942,347860
17/07/2014,942,944,910,910,196695
18/07/2014,910,920,899,902,411490
21/07/2014,903,920,900,904,330195
22/07/2014,905,907,851,881,565640
23/07/2014,900,900,887,887,259125
24/07/2014,895,902,890,899,576940
25/07/2014,904,904,878,880,316030
04/08/2014,880,926,880,924,388650
05/08/2014,922,925,906,924,403950
06/08/2014,915,931,908,930,296585
07/08/2014,932,933,920,921,287945
08/08/2014,916,923,916,920,285780
11/08/2014,922,939,922,938,322705
12/08/2014,926,939,926,935,322960
13/08/2014,936,960,935,960,432650
14/08/2014,950,964,950,960,368330
15/08/2014,959,986,956,986,272850
18/08/2014,980,1015,976,1010,398425
19/08/2014,1000,1010,976,990,408330
20/08/2014,996,996,967,969,201050
21/08/2014,972,998,972,998,288200
22/08/2014,1000,1015,985,1010,301425
25/08/2014,1010,1010,995,1000,270190
26/08/2014,1010,1010,986,996,94275
27/08/2014,992,996,982,983,279360
28/08/2014,990,1025,990,1020,316405
29/08/2014,1020,1075,1010,1050,323425
01/09/2014,1050,1100,1050,1100,333455
02/09/2014,1100,1145,1090,1135,326000
03/09/2014,1130,1165,1110,1120,317645
04/09/2014,1110,1120,1060,1060,289500
05/09/2014,1065,1100,1050,1050,484800
08/09/2014,1050,1070,1025,1060,504650
09/09/2014,1040,1090,1040,1065,363435
10/09/2014,1065,1075,1030,1065,287920
11/09/2014,1065,1065,1045,1050,258185
12/09/2014,1050,1050,1030,1045,316060
15/09/2014,1045,1055,1025,1045,340840
16/09/2014,1055,1055,1040,1045,305630
17/09/2014,1050,1065,1045,1045,290950
18/09/2014,1040,1075,1040,1050,385840
19/09/2014,1055,1065,1045,1050,499770
22/09/2014,1045,1060,1035,1050,334770
23/09/2014,1050,1050,1035,1045,253685
24/09/2014,1050,1060,1045,1055,238755
25/09/2014,1055,1060,1045,1045,261625
26/09/2014,1030,1045,1010,1040,262625
29/09/2014,1040,1050,1035,1045,133665
30/09/2014,1065,1095,1060,1090,367790
01/10/2014,1090,1095,1060,1070,210970
02/10/2014,1060,1060,1020,1035,433830
03/10/2014,1030,1045,1015,1030,266615
06/10/2014,1035,1045,1010,1010,171935
07/10/2014,1035,1035,998,1005,125290
08/10/2014,999,999,971,976,464250
09/10/2014,977,984,974,974,414400
10/10/2014,960,964,952,952,166910
13/10/2014,952,962,952,960,186835
14/10/2014,956,960,940,941,280280
15/10/2014,950,961,948,961,378460
16/10/2014,956,976,949,976,289845
17/10/2014,980,989,965,984,404995
20/10/2014,990,999,976,978,440465
21/10/2014,962,972,960,962,396845
22/10/2014,964,1000,964,993,356225
23/10/2014,993,994,979,981,215950
24/10/2014,981,990,979,984,204435
27/10/2014,984,990,983,989,282100
28/10/2014,985,989,959,961,235250
29/10/2014,963,968,949,953,337515
30/10/2014,954,965,948,960,331560
31/10/2014,960,986,960,985,413865
03/11/2014,985,990,968,970,336210
04/11/2014,970,984,965,976,291340
05/11/2014,976,982,966,968,163085
06/11/2014,974,975,961,964,221665
07/11/2014,960,964,954,955,192340
10/11/2014,955,955,930,937,449215
11/11/2014,930,939,908,913,794280
12/11/2014,913,931,913,924,552430
13/11/2014,924,929,918,928,377240
14/11/2014,930,938,930,937,429030
17/11/2014,937,939,932,932,301865
18/11/2014,940,951,933,939,444045
19/11/2014,942,944,936,941,464825
20/11/2014,940,941,918,920,645430
21/11/2014,920,929,920,927,346670
24/11/2014,930,937,927,934,587945
25/11/2014,934,934,921,925,455865
26/11/2014,924,925,918,921,522505
27/11/2014,918,935,918,930,684160
28/11/2014,932,934,922,930,393140
01/12/2014,930,930,918,921,485310
02/12/2014,926,936,920,920,706710
03/12/2014,921,923,887,887,931260
04/12/2014,892,908,876,904,787790
05/12/2014,905,908,896,905,273485
08/12/2014,906,912,898,907,360095
09/12/2014,904,905,895,895,402680
10/12/2014,900,915,895,914,531730
11/12/2014,913,919,905,919,504160
12/12/2014,919,936,913,934,622305
15/12/2014,930,935,924,934,482615
16/12/2014,930,930,907,910,364610
17/12/2014,905,912,886,886,408755
18/12/2014,890,899,863,866,760985
19/12/2014,870,876,854,857,743640
22/12/2014,861,865,833,835,604835
23/12/2014,840,851,835,841,649230
24/12/2014,844,848,813,816,643535
29/12/2014,816,822,790,816,576495
30/12/2014,817,824,797,824,556195
02/01/2015,824,900,822,900,1104430
05/01/2015,900,915,886,910,836745
06/01/2015,900,912,890,910,500335
07/01/2015,910,919,901,908,593620
08/01/2015,910,926,910,915,632360
09/01/2015,916,924,916,921,665345
12/01/2015,921,921,910,916,275510
13/01/2015,925,925,910,917,416160
14/01/2015,906,920,906,906,282555
15/01/2015,906,919,906,916,375540
16/01/2015,916,921,910,918,390050
19/01/2015,919,921,890,902,382265
20/01/2015,902,903,896,902,445865
21/01/2015,905,919,900,915,438210
22/01/2015,920,921,902,906,576940
23/01/2015,919,920,880,892,1539450
26/01/2015,899,901,885,891,570375
27/01/2015,900,928,894,922,977695
28/01/2015,921,930,919,924,353090
29/01/2015,920,943,917,940,659195
30/01/2015,944,950,936,939,481985
02/02/2015,938,938,919,930,406615
03/02/2015,929,936,917,917,413920
04/02/2015,927,929,917,918,433455
05/02/2015,920,920,913,913,311650
06/02/2015,916,923,916,921,446460
09/02/2015,921,944,921,935,599060
10/02/2015,936,944,935,940,399725
11/02/2015,940,962,937,952,484170
12/02/2015,955,978,954,971,524005
13/02/2015,973,983,973,979,434565
16/02/2015,984,984,945,958,348210
17/02/2015,948,965,948,963,178575
18/02/2015,972,976,967,972,357095
20/02/2015,972,979,972,974,243550
23/02/2015,975,984,961,962,389420
24/02/2015,962,969,942,968,417945
25/02/2015,969,976,962,969,264270
26/02/2015,969,974,963,969,245260
27/02/2015,970,975,966,974,341080
02/03/2015,974,996,974,995,404720
03/03/2015,998,1010,998,998,553355
04/03/2015,998,1015,990,1010,429055
05/03/2015,1005,1015,1000,1015,408350
06/03/2015,1020,1025,995,995,247515
09/03/2015,990,1010,980,1000,378195
10/03/2015,1005,1040,1000,1035,480845
11/03/2015,1020,1030,1015,1030,377785
12/03/2015,1030,1030,1010,1015,231355
13/03/2015,1020,1035,1020,1025,301425
16/03/2015,1025,1030,999,1005,385755
17/03/2015,1005,1010,999,1000,355650
18/03/2015,1000,1015,1000,1005,367425
19/03/2015,1015,1020,982,991,398180
20/03/2015,1000,1010,960,960,548190
23/03/2015,970,1010,970,1005,321480
24/03/2015,1000,1015,1000,1015,311735
25/03/2015,1005,1015,999,1000,781220
26/03/2015,983,1005,982,999,879260
27/03/2015,990,1005,990,999,292815
30/03/2015,1000,1030,999,1000,389825
31/03/2015,1020,1040,1015,1025,325245
01/04/2015,1035,1070,1030,1070,525825
02/04/2015,1070,1115,1070,1105,990360
06/04/2015,1110,1115,1065,1105,517025
07/04/2015,1115,1125,1100,1120,322000
08/04/2015,1100,1120,1085,1115,409590
09/04/2015,1130,1135,1090,1090,767900
10/04/2015,1085,1105,1035,1045,622090
13/04/2015,1045,1055,1015,1025,382675
14/04/2015,1030,1030,992,1000,432405
15/04/2015,1005,1015,998,1005,622640
16/04/2015,1015,1035,1010,1015,490415
17/04/2015,1020,1070,1020,1065,531570
20/04/2015,1060,1085,1045,1075,418735
21/04/2015,1075,1105,1070,1100,657495
22/04/2015,1105,1110,1100,1100,444620
23/04/2015,1060,1095,1060,1080,400540
24/04/2015,1060,1070,1025,1030,501530
27/04/2015,1040,1040,1005,1020,454440
28/04/2015,1020,1040,1010,1040,341535
29/04/2015,1045,1060,1015,1040,443855
30/04/2015,1060,1060,1040,1040,221570
04/05/2015,1040,1040,1000,1000,158655
05/05/2015,1005,1030,1005,1005,325980
06/05/2015,1015,1060,1005,1055,458985
07/05/2015,1055,1075,1035,1040,368430
08/05/2015,1055,1085,1040,1060,398710
11/05/2015,1080,1085,1055,1065,267755
12/05/2015,1060,1065,1020,1020,327165
13/05/2015,1025,1065,1025,1045,320370
15/05/2015,1075,1080,1050,1075,251265
18/05/2015,1085,1090,1065,1085,316225
19/05/2015,1090,1145,1085,1120,518800
20/05/2015,1140,1155,1110,1145,296690
21/05/2015,1140,1140,1115,1120,249850
22/05/2015,1110,1125,1100,1120,167415
25/05/2015,1120,1120,1080,1110,150715
26/05/2015,1110,1120,1080,1080,196895
27/05/2015,1080,1110,1065,1095,189325
28/05/2015,1095,1120,1085,1100,250980
29/05/2015,1120,1140,1095,1095,252070
01/06/2015,1095,1110,1085,1110,224550
03/06/2015,1110,1110,1070,1090,251550
04/06/2015,1070,1110,1070,1110,223660
05/06/2015,1110,1140,1090,1140,224030
08/06/2015,1140,1145,1090,1090,239210
09/06/2015,1080,1125,1020,1030,387340
10/06/2015,1040,1115,1040,1090,286060
11/06/2015,1115,1130,1105,1130,268785
12/06/2015,1130,1140,1125,1125,128875
15/06/2015,1130,1130,1100,1100,206855
16/06/2015,1130,1130,1110,1120,298650
17/06/2015,1125,1130,1105,1110,312405
18/06/2015,1110,1130,1105,1125,273570
19/06/2015,1130,1130,1120,1125,247410
22/06/2015,1125,1130,1115,1120,388440
23/06/2015,1125,1130,1100,1115,286935
24/06/2015,1115,1245,1115,1180,328665
25/06/2015,1170,1240,1160,1220,239915
26/06/2015,1220,1240,1180,1210,155325
29/06/2015,1210,1225,1180,1195,180125
30/06/2015,1200,1200,1160,1185,273205
01/07/2015,1180,1180,1160,1165,103625
02/07/2015,1170,1175,1135,1140,276890
03/07/2015,1140,1170,1130,1130,237990
06/07/2015,1115,1150,1100,1100,305265
07/07/2015,1090,1135,1085,1110,349670
08/07/2015,1110,1110,1085,1085,322050
09/07/2015,1075,1085,1050,1070,434545
10/07/2015,1070,1105,1060,1060,515015
13/07/2015,1065,1080,1040,1045,470890
14/07/2015,1060,1100,1060,1085,570215
15/07/2015,1095,1125,1090,1110,375230
22/07/2015,1120,1170,1120,1150,466375
23/07/2015,1150,1170,1150,1165,412940
24/07/2015,1170,1185,1165,1175,309565
27/07/2015,1160,1180,1140,1180,345195
28/07/2015,1180,1205,1140,1205,468465
29/07/2015,1205,1220,1180,1180,420345
30/07/2015,1180,1200,1140,1160,353660
31/07/2015,1160,1180,1140,1150,310960
03/08/2015,1150,1155,1130,1135,378430
04/08/2015,1115,1145,1110,1140,543745
05/08/2015,1145,1190,1145,1185,381905
06/08/2015,1190,1200,1170,1180,315370
07/08/2015,1180,1185,1165,1180,177170
10/08/2015,1165,1165,1140,1150,361485
11/08/2015,1150,1160,1135,1145,299440
12/08/2015,1125,1140,1100,1130,419095
13/08/2015,1140,1160,1135,1155,542400
14/08/2015,1155,1155,1080,1125,586635
18/08/2015,1125,1135,1100,1110,321640
19/08/2015,1120,1125,1105,1115,263760
20/08/2015,1105,1125,1105,1110,322060
21/08/2015,1110,1115,1100,1100,279980
24/08/2015,1080,1125,1045,1120,395880
25/08/2015,1100,1115,1085,1085,398260
26/08/2015,1070,1100,1050,1080,500555
27/08/2015,1090,1180,1090,1145,526185
28/08/2015,1160,1200,1160,1200,407615
31/08/2015,1200,1220,1190,1215,226310
01/09/2015,1215,1215,1145,1160,266765
02/09/2015,1150,1190,1145,1150,220805
03/09/2015,1160,1175,1125,1140,269300
04/09/2015,1140,1140,1100,1105,369075
07/09/2015,1105,1120,1100,1100,237235
08/09/2015,1100,1145,1100,1135,499945
09/09/2015,1145,1180,1145,1160,451485
10/09/2015,1155,1190,1135,1155,455800
11/09/2015,1140,1160,1120,1125,373565
14/09/2015,1130,1170,1130,1150,285055
15/09/2015,1140,1140,1110,1115,276925
16/09/2015,1140,1140,1110,1115,280905
17/09/2015,1120,1155,1120,1155,328375
18/09/2015,1160,1175,1150,1150,457090
21/09/2015,1140,1155,1125,1145,261270
22/09/2015,1155,1180,1155,1180,305690
23/09/2015,1160,1170,1140,1160,459680
25/09/2015,1170,1205,1170,1200,381680
28/09/2015,1200,1200,1170,1175,491485
29/09/2015,1175,1190,1150,1190,393835
30/09/2015,1170,1190,1150,1170,487125
01/10/2015,1170,1170,1145,1155,329050
02/10/2015,1155,1165,1145,1155,542850
05/10/2015,1155,1170,1135,1170,510985
06/10/2015,1190,1195,1170,1195,525275
07/10/2015,1200,1200,1140,1140,441570
08/10/2015,1150,1165,1135,1145,350335
09/10/2015,1160,1180,1150,1170,550200
12/10/2015,1175,1190,1165,1185,273090
13/10/2015,1185,1185,1160,1175,194085
15/10/2015,1190,1190,1160,1175,304175
16/10/2015,1185,1210,1170,1210,499615
19/10/2015,1220,1245,1195,1205,248090
20/10/2015,1220,1220,1200,1205,132535
21/10/2015,1220,1225,1205,1215,333330
22/10/2015,1220,1220,1190,1200,334940
23/10/2015,1200,1210,1160,1175,437565
26/10/2015,1175,1180,1130,1150,657290
27/10/2015,1160,1160,1125,1130,608180
28/10/2015,1120,1150,1120,1145,640500
29/10/2015,1160,1165,1120,1125,470455
30/10/2015,1130,1180,1130,1180,739300
02/11/2015,1180,1180,1160,1170,285335
03/11/2015,1185,1185,1165,1170,314655
04/11/2015,1180,1200,1170,1200,590305
05/11/2015,1200,1210,1180,1185,340640
06/11/2015,1200,1215,1190,1205,307915
09/11/2015,1200,1200,1165,1190,331710
10/11/2015,1180,1220,1170,1200,589495
11/11/2015,1200,1205,1170,1195,610755
12/11/2015,1195,1200,1155,1170,598990
13/11/2015,1195,1230,1185,1220,1226430
16/11/2015,1220,1220,1200,1205,344800
17/11/2015,1205,1240,1205,1230,695790
18/11/2015,1230,1230,1180,1180,544885
19/11/2015,1200,1220,1190,1210,416490
20/11/2015,1210,1220,1200,1210,293475
23/11/2015,1220,1220,1190,1195,359595
24/11/2015,1200,1220,1185,1185,554810
25/11/2015,1185,1195,1175,1195,535100
26/11/2015,1200,1215,1180,1190,497665
27/11/2015,1185,1205,1180,1205,466095
30/11/2015,1200,1225,1180,1220,6259000
01/12/2015,1220,1245,1215,1245,537465
02/12/2015,1250,1275,1245,1265,197530
03/12/2015,1265,1270,1225,1240,221175
04/12/2015,1240,1270,1240,1270,432665
07/12/2015,1290,1355,1285,1350,369370
08/12/2015,1360,1460,1350,1430,517865
10/12/2015,1400,1400,1320,1340,447900
11/12/2015,1350,1395,1345,1365,454345
14/12/2015,1350,1385,1325,1385,392130
15/12/2015,1360,1375,1340,1345,486790
16/12/2015,1345,1400,1345,1400,514700
17/12/2015,1415,1450,1400,1425,569280
18/12/2015,1410,1415,1390,1415,331835
21/12/2015,1405,1440,1405,1440,206435
22/12/2015,1440,1440,1380,1415,322410
23/12/2015,1390,1405,1375,1390,195445
28/12/2015,1380,1420,1370,1370,270130
29/12/2015,1380,1405,1380,1380,262355
30/12/2015,1400,1435,1395,1435,330140
04/01/2016,1425,1455,1420,1440,272000
05/01/2016,1450,1450,1425,1425,330415
06/01/2016,1450,1450,1415,1435,341450
07/01/2016,1460,1580,1440,1520,731415
08/01/2016,1570,1575,1490,1525,364215
11/01/2016,1480,1495,1440,1445,370760
12/01/2016,1455,1470,1440,1445,290070
13/01/2016,1470,1475,1435,1440,404535
14/01/2016,1420,1435,1375,1400,463355
15/01/2016,1400,1410,1355,1360,544540
18/01/2016,1360,1425,1340,1405,523425
19/01/2016,1425,1435,1405,1435,366490
20/01/2016,1425,1440,1410,1440,544525
21/01/2016,1450,1450,1410,1410,276725
22/01/2016,1440,1440,1390,1405,423970
25/01/2016,1425,1435,1400,1430,384045
26/01/2016,1425,1430,1415,1420,168245
27/01/2016,1425,1510,1420,1490,905865
28/01/2016,1490,1495,1450,1475,352195
29/01/2016,1460,1470,1435,1470,588820
01/02/2016,1480,1485,1430,1480,442660
02/02/2016,1495,1525,1480,1505,431500
03/02/2016,1505,1560,1490,1560,336670
04/02/2016,1560,1630,1555,1625,366455
05/02/2016,1625,1690,1625,1675,380115
09/02/2016,1675,1675,1625,1635,294445
10/02/2016,1665,1665,1575,1580,172265
11/02/2016,1560,1600,1560,1595,369915
12/02/2016,1595,1635,1580,1580,270795
15/02/2016,1580,1595,1555,1570,391145
16/02/2016,1560,1560,1520,1525,228370
17/02/2016,1520,1545,1520,1535,376920
18/02/2016,1540,1560,1535,1550,419910
19/02/2016,1570,1570,1535,1540,379315
22/02/2016,1540,1550,1520,1525,172175
23/02/2016,1525,1540,1445,1445,215230
24/02/2016,1460,1530,1455,1530,324635
25/02/2016,1515,1545,1515,1545,195975
26/02/2016,1560,1560,1545,1555,209040
29/02/2016,1545,1635,1490,1635,577145
01/03/2016,1615,1615,1570,1585,149930
02/03/2016,1595,1600,1535,1535,259585
03/03/2016,1555,1560,1535,1560,334250
04/03/2016,1570,1570,1535,1540,185770
07/03/2016,1560,1560,1540,1540,226425
08/03/2016,1555,1555,1520,1540,327850
10/03/2016,1555,1560,1540,1555,251435
11/03/2016,1555,1585,1545,1570,278490
14/03/2016,1575,1590,1540,1540,285025
15/03/2016,1540,1545,1500,1530,306305
16/03/2016,1500,1515,1485,1485,354710
17/03/2016,1490,1505,1490,1505,315920
18/03/2016,1505,1515,1455,1480,666275
21/03/2016,1475,1485,1415,1425,501100
22/03/2016,1430,1470,1430,1445,495765
23/03/2016,1445,1450,1405,1415,336850
24/03/2016,1405,1405,1365,1385,540670
28/03/2016,1385,1395,1360,1370,186680
29/03/2016,1375,1390,1350,1375,501280
30/03/2016,1380,1420,1375,1420,522195
31/03/2016,1430,1435,1375,1390,494290
01/04/2016,1385,1390,1355,1380,364450
04/04/2016,1380,1415,1375,1400,645930
05/04/2016,1400,1410,1390,1400,573890
06/04/2016,1400,1420,1385,1390,285275
07/04/2016,1390,1395,1360,1365,470995
08/04/2016,1365,1365,1340,1350,317995
11/04/2016,1350,1355,1300,1320,381370
12/04/2016,1300,1340,1285,1295,477840
13/04/2016,1300,1330,1300,1325,398800
14/04/2016,1335,1380,1330,1380,664045
15/04/2016,1390,1395,1355,1365,407025
18/04/2016,1350,1370,1340,1370,315395
19/04/2016,1370,1375,1335,1350,383365
20/04/2016,1350,1350,1315,1315,335995
21/04/2016,1335,1345,1320,1330,464160
22/04/2016,1320,1335,1320,1325,153960
25/04/2016,1320,1345,1320,1330,168490
26/04/2016,1330,1340,1305,1320,316390
27/04/2016,1320,1335,1290,1335,396550
28/04/2016,1335,1340,1305,1310,227225
29/04/2016,1310,1310,1270,1300,394200
02/05/2016,1280,1295,1260,1270,193975
03/05/2016,1265,1275,1205,1210,581055
04/05/2016,1195,1200,1150,1180,734100
09/05/2016,1180,1245,1165,1210,634740
10/05/2016,1200,1290,1200,1290,822700
11/05/2016,1295,1300,1250,1280,470810
12/05/2016,1270,1290,1250,1275,561405
13/05/2016,1260,1275,1215,1225,596110
16/05/2016,1200,1215,1145,1150,423725
17/05/2016,1170,1200,1155,1180,512670
18/05/2016,1190,1245,1180,1235,617260
19/05/2016,1250,1250,1205,1235,460275
20/05/2016,1230,1235,1210,1230,285185
23/05/2016,1230,1235,1215,1230,216330
24/05/2016,1230,1235,1200,1200,153155
25/05/2016,1200,1215,1185,1190,382830
26/05/2016,1210,1215,1185,1190,233225
27/05/2016,1190,1230,1190,1205,309785
30/05/2016,1220,1275,1210,1260,443350
31/05/2016,1260,1280,1250,1280,572405
01/06/2016,1285,1295,1270,1285,300235
02/06/2016,1280,1280,1235,1245,346980
03/06/2016,1235,1255,1235,1240,215850
06/06/2016,1245,1255,1215,1225,321745
07/06/2016,1225,1245,1215,1230,343515
08/06/2016,1235,1240,1200,1215,305805
09/06/2016,1215,1225,1205,1215,276070
10/06/2016,1205,1225,1205,1210,284880
13/06/2016,1210,1235,1205,1220,279435
14/06/2016,1215,1225,1180,1190,254915
15/06/2016,1190,1200,1180,1185,260290
16/06/2016,1185,1195,1180,1180,173870
17/06/2016,1185,1195,1160,1185,304210
20/06/2016,1190,1230,1185,1220,353835
21/06/2016,1220,1235,1215,1225,320705
22/06/2016,1230,1230,1215,1225,157700
23/06/2016,1225,1250,1225,1235,437650
24/06/2016,1235,1265,1235,1250,716510
27/06/2016,1260,1265,1235,1245,173995
28/06/2016,1235,1240,1215,1215,206375
29/06/2016,1230,1270,1225,1270,477040
30/06/2016,1285,1285,1270,1280,423780
01/07/2016,1295,1295,1280,1285,284755
11/07/2016,1320,1345,1305,1345,433795
12/07/2016,1350,1355,1325,1330,318550
13/07/2016,1340,1340,1295,1310,322025
14/07/2016,1315,1315,1280,1305,252845
15/07/2016,1305,1325,1295,1310,275250
18/07/2016,1325,1345,1310,1345,408225
19/07/2016,1360,1375,1355,1360,353805
20/07/2016,1375,1385,1340,1355,344425
21/07/2016,1360,1365,1300,1305,273270
22/07/2016,1320,1345,1315,1345,203645
25/07/2016,1360,1380,1350,1380,274755
26/07/2016,1380,1380,1360,1360,220945
27/07/2016,1360,1380,1350,1375,404555
28/07/2016,1370,1375,1315,1345,399940
29/07/2016,1340,1380,1315,1350,347610
01/08/2016,1350,1360,1340,1360,263125
02/08/2016,1370,1380,1345,1345,406965
03/08/2016,1350,1355,1335,1355,313160
04/08/2016,1355,1365,1320,1330,325545
05/08/2016,1340,1345,1325,1340,249225
08/08/2016,1350,1370,1345,1370,271600
09/08/2016,1370,1380,1355,1360,174495
10/08/2016,1370,1420,1360,1405,430765
11/08/2016,1405,1410,1385,1395,223675
12/08/2016,1395,1410,1340,1365,246505
15/08/2016,1380,1380,1335,1350,211150
16/08/2016,1360,1375,1355,1375,230170
18/08/2016,1380,1380,1350,1350,344290
19/08/2016,1350,1370,1330,1330,239420
22/08/2016,1330,1340,1320,1340,189075
23/08/2016,1325,1340,1310,1330,192695
24/08/2016,1340,1340,1310,1330,213785
25/08/2016,1335,1360,1315,1360,337655
26/08/2016,1360,1375,1335,1365,398610
29/08/2016,1365,1380,1360,1375,430225
30/08/2016,1375,1390,1345,1390,290125
31/08/2016,1385,1390,1330,1335,400775
01/09/2016,1330,1350,1330,1350,233260
02/09/2016,1355,1375,1345,1350,182745
05/09/2016,1360,1375,1360,1370,166220
06/09/2016,1370,1380,1350,1380,238160
07/09/2016,1380,1390,1355,1380,205700
08/09/2016,1380,1385,1355,1380,171900
09/09/2016,1380,1380,1360,1360,157090
13/09/2016,1360,1380,1290,1290,123595
14/09/2016,1300,1370,1240,1330,169995
15/09/2016,1330,1330,1295,1325,292770
16/09/2016,1345,1345,1290,1295,312420
19/09/2016,1285,1320,1285,1310,125405
20/09/2016,1290,1335,1290,1335,133670
21/09/2016,1340,1340,1310,1325,183015
22/09/2016,1315,1340,1305,1315,184855
23/09/2016,1310,1355,1295,1355,167810
26/09/2016,1350,1350,1310,1325,108115
27/09/2016,1305,1340,1295,1340,294810
28/09/2016,1320,1335,1290,1290,304160
29/09/2016,1295,1315,1290,1315,232385
30/09/2016,1315,1315,1290,1290,144370
03/10/2016,1295,1310,1285,1300,226010
04/10/2016,1310,1335,1300,1330,324315
05/10/2016,1330,1335,1300,1320,75945
06/10/2016,1325,1325,1295,1300,83280
07/10/2016,1300,1305,1280,1285,112365
10/10/2016,1295,1295,1275,1275,137700
11/10/2016,1290,1290,1275,1280,208390
12/10/2016,1290,1290,1265,1265,121015
13/10/2016,1280,1290,1270,1275,136200
14/10/2016,1285,1315,1280,1315,144605
17/10/2016,1315,1315,1290,1315,131965
18/10/2016,1320,1365,1305,1365,214190
19/10/2016,1370,1380,1345,1380,253855
20/10/2016,1380,1380,1330,1330,94040
21/10/2016,1330,1365,1305,1305,218045
24/10/2016,1325,1365,1320,1360,228030
25/10/2016,1370,1395,1360,1395,219305
26/10/2016,1395,1395,1370,1370,165755
27/10/2016,1365,1380,1350,1380,145255
28/10/2016,1380,1380,1350,1350,157230
31/10/2016,1350,1420,1350,1420,358175
01/11/2016,1400,1415,1370,1375,275810
02/11/2016,1400,1410,1360,1360,205380
03/11/2016,1360,1365,1300,1300,173100
04/11/2016,1300,1350,1295,1350,82135
07/11/2016,1340,1350,1305,1345,142115
08/11/2016,1350,1405,1350,1400,232040
09/11/2016,1410,1410,1345,1390,212625
10/11/2016,1400,1410,1360,1385,174780
11/11/2016,1355,1360,1300,1305,244335
14/11/2016,1300,1355,1285,1305,182070
15/11/2016,1305,1330,1260,1305,183915
16/11/2016,1310,1385,1310,1370,214135
17/11/2016,1380,1385,1325,1380,251405
18/11/2016,1380,1400,1355,1395,179800
21/11/2016,1365,1385,1355,1385,153105
22/11/2016,1370,1385,1335,1340,199695
23/11/2016,1330,1350,1320,1325,89910
24/11/2016,1315,1345,1290,1290,134450
25/11/2016,1320,1335,1300,1330,82160
28/11/2016,1315,1330,1290,1290,114015
29/11/2016,1290,1330,1290,1300,128685
30/11/2016,1300,1355,1285,1335,379410
01/12/2016,1350,1355,1275,1285,370905
02/12/2016,1275,1290,1260,1290,225715
05/12/2016,1290,1300,1290,1300,149025
06/12/2016,1300,1310,1285,1295,138415
07/12/2016,1295,1300,1275,1300,120660
08/12/2016,1280,1285,1260,1270,376470
09/12/2016,1270,1285,1270,1280,110025
13/12/2016,1275,1300,1270,1295,265485
14/12/2016,1295,1305,1260,1260,190975
15/12/2016,1255,1260,1250,1260,110150
16/12/2016,1265,1265,1220,1220,251615
19/12/2016,1220,1240,1190,1195,202975
20/12/2016,1195,1195,1150,1155,194845
21/12/2016,1165,1175,1140,1140,119580
22/12/2016,1135,1140,1080,1100,236100
23/12/2016,1090,1135,1090,1115,119935
27/12/2016,1120,1160,1120,1145,144375
28/12/2016,1155,1180,1150,1165,158835
29/12/2016,1150,1200,1150,1195,94945
30/12/2016,1180,1205,1180,1200,128000
03/01/2017,1165,1195,1150,1165,77310
04/01/2017,1150,1185,1130,1185,373220
05/01/2017,1180,1190,1150,1170,156390
06/01/2017,1150,1180,1150,1180,88705
09/01/2017,1165,1195,1165,1190,95440
10/01/2017,1195,1250,1190,1250,226300
11/01/2017,1250,1250,1225,1250,106285
12/01/2017,1235,1245,1230,1240,117925
13/01/2017,1250,1250,1210,1225,198175
16/01/2017,1220,1235,1200,1210,167710
17/01/2017,1220,1235,1200,1200,154670
18/01/2017,1220,1220,1200,1210,102515
19/01/2017,1220,1290,1220,1280,336590
20/01/2017,1280,1315,1265,1300,235645
23/01/2017,1300,1375,1300,1350,265340
24/01/2017,1355,1370,1350,1365,128610
25/01/2017,1360,1375,1320,1370,263700
26/01/2017,1360,1365,1335,1365,131655
27/01/2017,1365,1365,1320,1340,129250
30/01/2017,1340,1340,1315,1330,130675
31/01/2017,1345,1345,1325,1335,205420
01/02/2017,1335,1345,1320,1330,194185
02/02/2017,1340,1380,1325,1380,226965
03/02/2017,1380,1395,1380,1385,226970
06/02/2017,1385,1395,1370,1380,218905
07/02/2017,1365,1370,1340,1340,271760
08/02/2017,1330,1355,1330,1330,176955
09/02/2017,1335,1340,1295,1315,418525
10/02/2017,1310,1320,1285,1295,251220
13/02/2017,1310,1335,1300,1330,269895
14/02/2017,1330,1350,1310,1310,193380
16/02/2017,1310,1325,1290,1305,262785
17/02/2017,1300,1300,1280,1285,181605
20/02/2017,1285,1295,1220,1225,350650
21/02/2017,1225,1245,1220,1230,232815
22/02/2017,1235,1270,1225,1270,255270
23/02/2017,1280,1320,1280,1320,269675
24/02/2017,1330,1370,1285,1355,239120
27/02/2017,1340,1345,1285,1285,184365
28/02/2017,1285,1295,1265,1270,215640
01/03/2017,1280,1280,1250,1250,371420
02/03/2017,1250,1270,1235,1250,305835
03/03/2017,1235,1260,1230,1240,326155
06/03/2017,1255,1275,1240,1265,296665
07/03/2017,1265,1275,1230,1235,275440
08/03/2017,1240,1245,1220,1225,255770
09/03/2017,1225,1245,1210,1245,293135
10/03/2017,1240,1250,1220,1225,285835
13/03/2017,1240,1260,1225,1255,243575
14/03/2017,1260,1265,1245,1255,443915
15/03/2017,1255,1265,1250,1260,241700
16/03/2017,1260,1315,1240,1305,515220
17/03/2017,1320,1320,1265,1320,401125
20/03/2017,1285,1340,1285,1340,318385
21/03/2017,1320,1345,1300,1335,385690
22/03/2017,1310,1325,1290,1315,408455
23/03/2017,1295,1345,1295,1320,348805
24/03/2017,1325,1330,1290,1320,305550
27/03/2017,1340,1350,1250,1270,351965
29/03/2017,1285,1295,1260,1280,297020
30/03/2017,1275,1280,1255,1260,276670
31/03/2017,1250,1260,1235,1250,273125
03/04/2017,1250,1275,1250,1255,199090
04/04/2017,1255,1300,1255,1295,367695
05/04/2017,1295,1300,1245,1250,643570
06/04/2017,1240,1260,1225,1230,376800
07/04/2017,1245,1270,1240,1270,283035
10/04/2017,1270,1275,1250,1270,270435
11/04/2017,1270,1280,1265,1275,331860
12/04/2017,1280,1280,1260,1280,275330
13/04/2017,1270,1325,1270,1310,503500
17/04/2017,1320,1325,1295,1305,286675
18/04/2017,1305,1320,1290,1310,294470
20/04/2017,1310,1310,1270,1285,267315
21/04/2017,1285,1325,1270,1320,264940
25/04/2017,1320,1325,1300,1320,209215
26/04/2017,1320,1340,1315,1340,405475
27/04/2017,1350,1380,1350,1370,431280
28/04/2017,1370,1370,1350,1355,250480
02/05/2017,1360,1365,1330,1330,403635
03/05/2017,1320,1320,1275,1290,388675
04/05/2017,1285,1285,1250,1260,299790
05/05/2017,1260,1290,1245,1290,540075
08/05/2017,1290,1340,1280,1340,468995
09/05/2017,1340,1340,1300,1315,439315
10/05/2017,1305,1315,1265,1270,467065
12/05/2017,1350,1350,1260,1270,459440
15/05/2017,1260,1280,1255,1260,448125
16/05/2017,1260,1275,1240,1255,417440
17/05/2017,1260,1265,1245,1255,440885
18/05/2017,1245,1285,1245,1265,428090
19/05/2017,1255,1275,1255,1275,525390
22/05/2017,1280,1295,1275,1290,480725
23/05/2017,1300,1300,1265,1270,387915
24/05/2017,1250,1285,1250,1280,426625
26/05/2017,1260,1280,1250,1260,391365
29/05/2017,1255,1260,1240,1240,401885
30/05/2017,1250,1270,1250,1260,339105
31/05/2017,1270,1325,1260,1325,696935
02/06/2017,1300,1350,1295,1340,595715
05/06/2017,1350,1350,1330,1335,508720
06/06/2017,1335,1335,1275,1295,578280
07/06/2017,1300,1300,1255,1260,630800
08/06/2017,1275,1295,1260,1280,493870
09/06/2017,1280,1300,1280,1290,374390
12/06/2017,1290,1300,1280,1280,430630
13/06/2017,1280,1300,1280,1280,499365
14/06/2017,1290,1330,1290,1315,290170
15/06/2017,1315,1320,1275,1295,310130
16/06/2017,1295,1295,1255,1260,357305
19/06/2017,1260,1275,1260,1270,532790
20/06/2017,1270,1305,1270,1300,413515
21/06/2017,1275,1320,1275,1320,569905
22/06/2017,1320,1320,1275,1305,563035
03/07/2017,1320,1335,1280,1315,579275
04/07/2017,1295,1310,1260,1260,477375
05/07/2017,1265,1280,1250,1255,390720
06/07/2017,1255,1270,1255,1260,526860
07/07/2017,1270,1275,1260,1265,662960
10/07/2017,1280,1280,1260,1260,590550
11/07/2017,1260,1270,1255,1260,592240
12/07/2017,1275,1275,1255,1255,237730
13/07/2017,1265,1270,1255,1270,255715
14/07/2017,1275,1275,1250,1260,313525
17/07/2017,1270,1270,1255,1260,247015
18/07/2017,1270,1275,1260,1275,386885
19/07/2017,1290,1290,1260,1265,353890
20/07/2017,1265,1275,1260,1260,401515
21/07/2017,1265,1275,1260,1260,291950
24/07/2017,1265,1290,1265,1290,401925
25/07/2017,1290,1300,1280,1295,328690
26/07/2017,1295,1305,1285,1290,401170
27/07/2017,1310,1340,1295,1325,446860
28/07/2017,1340,1380,1330,1355,614980
31/07/2017,1375,1380,1350,1380,375465
01/08/2017,1380,1400,1375,1390,422445
02/08/2017,1375,1380,1335,1365,441155
03/08/2017,1335,1345,1310,1315,416105
04/08/2017,1310,1330,1310,1310,299415
07/08/2017,1320,1325,1310,1320,330810
08/08/2017,1320,1350,1320,1350,240255
09/08/2017,1335,1350,1315,1315,341865
10/08/2017,1300,1320,1300,1320,252020
11/08/2017,1310,1315,1305,1305,280685
14/08/2017,1330,1350,1320,1330,162255
15/08/2017,1335,1345,1330,1335,331685
16/08/2017,1330,1330,1310,1315,307635
18/08/2017,1315,1365,1315,1350,334930
21/08/2017,1350,1350,1300,1310,350080
22/08/2017,1310,1330,1305,1325,343625
23/08/2017,1325,1325,1305,1315,325435
24/08/2017,1315,1320,1310,1320,250205
25/08/2017,1315,1325,1310,1325,285845
28/08/2017,1335,1355,1325,1345,261650
29/08/2017,1360,1385,1360,1370,485225
30/08/2017,1375,1390,1340,1355,387600
31/08/2017,1355,1360,1335,1355,389440
04/09/2017,1355,1390,1350,1370,459255
05/09/2017,1380,1400,1375,1390,262415
06/09/2017,1400,1420,1390,1420,473280
07/09/2017,1420,1440,1400,1435,526315
08/09/2017,1440,1445,1415,1440,307595
11/09/2017,1450,1455,1405,1440,254980
12/09/2017,1440,1440,1370,1380,239225
13/09/2017,1375,1395,1355,1365,394040
14/09/2017,1365,1380,1345,1370,288580
15/09/2017,1370,1410,1365,1395,384190
18/09/2017,1395,1410,1385,1385,254570
19/09/2017,1390,1405,1385,1400,280015
20/09/2017,1400,1405,1395,1400,109970
22/09/2017,1400,1440,1400,1430,550600
25/09/2017,1455,1455,1395,1415,257125
26/09/2017,1400,1440,1390,1395,245900
27/09/2017,1405,1440,1405,1425,144995
28/09/2017,1420,1435,1380,1400,385955
29/09/2017,1420,1430,1405,1420,328540
02/10/2017,1430,1445,1420,1430,292265
03/10/2017,1450,1450,1430,1440,368570
04/10/2017,1440,1440,1420,1435,208250
05/10/2017,1415,1440,1385,1400,261130
06/10/2017,1395,1395,1375,1380,227455
09/10/2017,1385,1430,1370,1410,256930
10/10/2017,1430,1445,1400,1410,338540
11/10/2017,1420,1450,1410,1450,141965
12/10/2017,1420,1470,1420,1455,278985
13/10/2017,1435,1465,1410,1445,232435
16/10/2017,1450,1450,1405,1410,257395
17/10/2017,1410,1425,1395,1410,284375
18/10/2017,1415,1445,1390,1435,256700
19/10/2017,1450,1475,1435,1470,276685
20/10/2017,1460,1500,1445,1500,251685
23/10/2017,1490,1500,1470,1490,227290
24/10/2017,1485,1535,1485,1535,210365
25/10/2017,1545,1600,1535,1580,213945
26/10/2017,1580,1605,1570,1585,352620
27/10/2017,1605,1605,1500,1520,303395
30/10/2017,1520,1580,1450,1450,340150
31/10/2017,1480,1500,1460,1490,243795
01/11/2017,1480,1505,1445,1455,324990
02/11/2017,1460,1520,1460,1515,274075
03/11/2017,1520,1525,1465,1515,230430
06/11/2017,1500,1530,1500,1530,210135
07/11/2017,1530,1540,1485,1520,199225
08/11/2017,1500,1525,1480,1500,209250
09/11/2017,1485,1505,1460,1465,226600
10/11/2017,1475,1475,1460,1460,125930
13/11/2017,1475,1475,1450,1450,197890
14/11/2017,1450,1475,1435,1435,159200
15/11/2017,1435,1450,1385,1385,225285
16/11/2017,1390,1445,1390,1405,266355
17/11/2017,1415,1420,1380,1385,208555
20/11/2017,1395,1400,1335,1335,341150
21/11/2017,1350,1380,1330,1345,236985
22/11/2017,1340,1355,1320,1325,221705
23/11/2017,1335,1365,1330,1360,267535
24/11/2017,1365,1380,1325,1340,263830
27/11/2017,1340,1340,1315,1320,236080
28/11/2017,1320,1320,1265,1280,377590
29/11/2017,1295,1295,1270,1285,210250
30/11/2017,1285,1295,1265,1270,415465
01/12/2017,1270,1270,1270,1270,0
04/12/2017,1280,1295,1255,1285,323060
05/12/2017,1285,1285,1230,1230,244845
06/12/2017,1230,1235,1215,1220,238210
07/12/2017,1235,1260,1235,1235,246945
08/12/2017,1255,1255,1240,1245,221490
11/12/2017,1245,1265,1195,1215,365250
12/12/2017,1225,1240,1215,1220,277550
13/12/2017,1230,1255,1220,1255,202515
14/12/2017,1260,1270,1240,1270,224195
15/12/2017,1265,1265,1235,1260,291195
18/12/2017,1245,1245,1215,1220,202765
19/12/2017,1220,1225,1205,1210,247995
20/12/2017,1210,1220,1185,1210,303785
21/12/2017,1220,1255,1215,1245,284810
22/12/2017,1260,1275,1240,1270,268705
27/12/2017,1270,1295,1265,1290,244235
28/12/2017,1285,1285,1255,1285,209070
29/12/2017,1290,1290,1270,1270,175760
02/01/2018,1275,1285,1235,1240,254480
03/01/2018,1260,1265,1230,1235,340130
04/01/2018,1240,1250,1240,1240,218160
05/01/2018,1240,1240,1230,1240,227790
08/01/2018,1250,1290,1245,1290,440975
09/01/2018,1290,1315,1255,1260,506425
10/01/2018,1260,1270,1240,1245,798810
11/01/2018,1250,1270,1245,1255,435000
12/01/2018,1255,1270,1250,1255,148515
15/01/2018,1265,1265,1255,1265,114980
16/01/2018,1265,1275,1260,1270,187640
17/01/2018,1270,1290,1270,1285,268515
18/01/2018,1290,1295,1260,1275,212410
19/01/2018,1275,1275,1255,1260,90755
22/01/2018,1260,1270,1240,1240,234420
23/01/2018,1245,1260,1235,1245,241545
24/01/2018,1255,1270,1240,1260,229810
25/01/2018,1240,1265,1240,1255,241575
26/01/2018,1255,1270,1245,1255,254540
29/01/2018,1260,1280,1255,1280,242735
30/01/2018,1280,1280,1245,1255,327590
31/01/2018,1240,1260,1240,1245,328425
01/02/2018,1250,1260,1200,1200,541625
02/02/2018,1210,1220,1160,1165,610980
05/02/2018,1165,1170,1125,1130,517165
06/02/2018,1105,1125,1080,1125,496260
07/02/2018,1130,1150,1110,1110,315405
08/02/2018,1120,1155,1110,1145,422835
09/02/2018,1130,1140,1130,1135,269360
12/02/2018,1155,1180,1145,1180,406215
13/02/2018,1190,1200,1175,1190,316010
14/02/2018,1190,1200,1170,1185,277355
15/02/2018,1200,1230,1185,1215,460140
19/02/2018,1220,1240,1215,1230,274775
20/02/2018,1235,1235,1190,1195,406605
21/02/2018,1190,1205,1180,1200,306020
22/02/2018,1190,1195,1170,1180,438000
23/02/2018,1185,1200,1185,1185,375480
26/02/2018,1185,1220,1180,1205,458365
27/02/2018,1210,1210,1195,1205,327005
28/02/2018,1200,1220,1185,1220,600100
01/03/2018,1220,1230,1205,1230,372360
02/03/2018,1220,1220,1180,1195,283085
05/03/2018,1200,1205,1195,1205,195440
06/03/2018,1210,1210,1190,1190,156705
07/03/2018,1190,1190,1140,1165,321245
08/03/2018,1190,1190,1170,1185,291075
09/03/2018,1190,1195,1150,1155,367085
12/03/2018,1160,1170,1145,1155,417350
13/03/2018,1165,1170,1150,1170,398290
14/03/2018,1170,1170,1140,1150,349490
15/03/2018,1150,1175,1145,1160,223125
16/03/2018,1165,1175,1150,1155,391835
19/03/2018,1170,1220,1160,1220,414545
20/03/2018,1220,1230,1190,1210,364655
21/03/2018,1210,1215,1165,1195,524525
22/03/2018,1200,1225,1190,1220,433515
23/03/2018,1190,1195,1165,1185,289095
26/03/2018,1190,1190,1150,1150,211875
27/03/2018,1170,1170,1150,1150,289975
28/03/2018,1140,1155,1115,1120,283175
29/03/2018,1120,1135,1100,1135,392055
02/04/2018,1135,1140,1120,1125,374560
03/04/2018,1120,1140,1115,1135,351005
04/04/2018,1130,1140,1090,1090,459245
05/04/2018,1100,1110,1095,1105,334355
06/04/2018,1105,1115,1095,1100,388555
09/04/2018,1095,1120,1095,1105,404545
10/04/2018,1105,1140,1100,1125,357245
11/04/2018,1135,1175,1135,1165,374550
12/04/2018,1165,1175,1130,1130,330670
13/04/2018,1135,1140,1120,1120,317320
16/04/2018,1120,1165,1120,1160,358425
17/04/2018,1160,1160,1120,1125,314450
18/04/2018,1130,1155,1120,1155,504600
19/04/2018,1140,1165,1140,1165,374940
20/04/2018,1160,1165,1150,1155,424410
23/04/2018,1140,1150,1110,1115,419395
24/04/2018,1125,1135,1115,1115,333735
25/04/2018,1115,1120,1080,1080,377220
26/04/2018,1080,1080,1000,1000,452530
27/04/2018,1040,1060,964,972,525090
30/04/2018,980,990,976,980,530780
02/05/2018,980,990,976,976,556320
03/05/2018,976,980,934,934,481250
04/05/2018,940,946,902,902,462795
07/05/2018,902,914,900,914,559750
08/05/2018,920,922,896,902,639405
09/05/2018,904,916,904,910,915555
11/05/2018,920,964,920,960,413750
14/05/2018,954,958,932,952,537810
15/05/2018,940,952,928,950,644230
16/05/2018,942,944,900,906,666200
17/05/2018,910,914,890,904,795890
18/05/2018,910,932,904,904,619025
21/05/2018,910,928,904,918,624405
22/05/2018,924,970,922,942,530570
23/05/2018,948,948,910,912,506500
24/05/2018,920,924,910,914,540765
25/05/2018,916,924,904,914,607880
28/05/2018,918,954,918,934,758735
30/05/2018,934,956,930,938,568710
31/05/2018,940,988,940,984,1340360
04/06/2018,1000,1015,986,986,780700
05/06/2018,1000,1010,960,960,466605
06/06/2018,964,972,940,940,401690
07/06/2018,948,958,942,950,442365
08/06/2018,958,958,916,916,612485
20/06/2018,910,910,856,862,989025
21/06/2018,860,870,828,830,478340
22/06/2018,832,832,792,822,895405
25/06/2018,830,866,826,856,699720
26/06/2018,858,896,858,892,553165
27/06/2018,896,914,884,890,476915
28/06/2018,890,894,848,858,379165
29/06/2018,858,866,836,860,317735
02/07/2018,862,872,826,826,222510
03/07/2018,830,832,792,808,265180
04/07/2018,808,828,798,820,343990
05/07/2018,828,832,812,826,313165
06/07/2018,842,844,830,840,238645
09/07/2018,840,862,840,860,424035
10/07/2018,870,904,868,904,857930
11/07/2018,898,926,892,922,552385
12/07/2018,908,920,880,910,398510
13/07/2018,916,922,904,908,317690
16/07/2018,908,922,898,922,311450
17/07/2018,922,940,914,940,268705
18/07/2018,942,956,934,948,308695
19/07/2018,956,956,942,946,369050
20/07/2018,948,948,914,914,294280
23/07/2018,914,928,906,906,365690
24/07/2018,906,920,904,904,374345
25/07/2018,912,916,886,890,453915
26/07/2018,892,908,882,884,379775
27/07/2018,886,890,878,884,444365
30/07/2018,886,886,852,860,506810
31/07/2018,864,866,834,842,503820
01/08/2018,844,862,844,850,486645
02/08/2018,854,860,848,850,383300
03/08/2018,852,856,846,846,342690
06/08/2018,844,856,842,850,394730
07/08/2018,856,866,856,858,374915
08/08/2018,860,866,856,864,505545
09/08/2018,864,884,836,852,465090
10/08/2018,858,858,846,854,164760
13/08/2018,848,848,816,818,362760
14/08/2018,812,812,760,810,971290
15/08/2018,808,808,766,806,686075
16/08/2018,790,804,774,802,727170
20/08/2018,790,808,784,806,814385
21/08/2018,806,820,804,820,662855
23/08/2018,820,828,792,792,634175
24/08/2018,790,792,770,770,452955
27/08/2018,776,780,760,768,613615
28/08/2018,774,776,756,756,840325
29/08/2018,762,762,750,750,751060
30/08/2018,756,770,752,756,796885
31/08/2018,754,756,722,722,6176800
03/09/2018,732,740,720,722,996110
04/09/2018,724,728,696,706,1004520
05/09/2018,702,702,646,666,1156190
06/09/2018,660,676,644,660,780950
07/09/2018,660,674,650,662,634470
10/09/2018,660,664,652,652,490915
12/09/2018,652,704,652,698,1075695
13/09/2018,706,710,694,698,997215
14/09/2018,698,720,688,720,585600
17/09/2018,722,736,714,716,1024230
18/09/2018,714,722,702,710,454845
19/09/2018,712,716,690,698,469965
20/09/2018,702,722,700,714,527515
21/09/2018,720,740,718,718,763945
24/09/2018,720,724,706,708,298900
25/09/2018,708,718,708,716,234485
26/09/2018,716,732,716,718,421780
27/09/2018,718,730,718,728,384880
28/09/2018,728,734,722,734,527470
01/10/2018,732,798,730,792,2011115
02/10/2018,792,816,786,814,1222455
03/10/2018,814,826,808,812,647155
04/10/2018,806,806,770,778,367465
05/10/2018,760,772,760,760,380420
08/10/2018,762,772,758,760,487015
09/10/2018,760,776,760,764,594145
10/10/2018,768,778,768,776,354505
11/10/2018,760,766,748,760,521100
12/10/2018,760,764,746,748,522200
15/10/2018,750,754,700,700,711565
16/10/2018,700,710,692,708,490595
17/10/2018,712,730,712,720,443115
18/10/2018,718,728,710,724,348235
19/10/2018,724,740,718,728,689270
22/10/2018,732,740,720,730,354380
23/10/2018,726,734,720,720,217685
24/10/2018,722,726,706,706,309810
25/10/2018,698,720,694,716,328535
26/10/2018,716,736,716,728,391835
29/10/2018,728,734,704,704,306935
30/10/2018,702,704,686,686,543065
31/10/2018,692,698,682,692,427770
01/11/2018,694,702,690,700,385925
02/11/2018,700,708,696,704,278545
05/11/2018,700,708,696,706,266955
06/11/2018,706,710,692,692,321355
07/11/2018,696,700,686,690,398785
08/11/2018,692,696,686,688,567090
09/11/2018,688,688,672,686,443555
12/11/2018,680,686,668,668,393415
13/11/2018,668,680,658,680,360040
14/11/2018,680,704,670,702,781640
15/11/2018,702,736,702,730,513960
16/11/2018,734,758,734,752,420000
19/11/2018,754,754,728,752,188775
21/11/2018,736,768,734,760,489825
22/11/2018,760,814,760,798,739780
23/11/2018,798,812,784,796,176595
26/11/2018,800,810,782,786,216050
27/11/2018,788,794,768,780,193005
28/11/2018,780,784,764,780,117570
29/11/2018,784,796,772,794,258325
30/11/2018,796,796,780,780,265270
03/12/2018,786,790,770,774,154115
04/12/2018,770,796,756,770,324415
05/12/2018,760,764,756,758,173795
06/12/2018,756,770,756,770,323640
07/12/2018,772,796,772,792,293835
10/12/2018,794,808,780,794,301100
11/12/2018,798,856,794,852,719725
12/12/2018,858,870,846,856,456895
13/12/2018,854,880,854,870,533285
14/12/2018,870,884,860,878,781595
17/12/2018,884,886,840,840,357980
18/12/2018,840,840,818,824,209620
19/12/2018,832,882,832,878,537675
20/12/2018,878,886,866,870,464900
21/12/2018,860,886,852,866,214730
26/12/2018,866,866,842,856,328865
27/12/2018,860,872,856,870,103695
28/12/2018,876,878,858,858,106795
02/01/2019,860,866,832,848,215790
03/01/2019,860,866,848,852,305445
04/01/2019,852,874,850,870,414580
07/01/2019,880,930,880,930,382925
08/01/2019,932,938,924,928,396410
09/01/2019,936,936,910,910,218250
10/01/2019,910,916,900,906,594250
11/01/2019,906,914,900,900,383465
14/01/2019,900,904,878,886,367885
15/01/2019,888,898,888,890,651420
16/01/2019,892,908,892,906,460750
17/01/2019,910,914,892,896,379655
18/01/2019,902,950,896,950,616615
21/01/2019,956,960,916,918,297210
22/01/2019,918,920,890,896,267145
23/01/2019,894,904,890,898,372860
24/01/2019,904,954,902,938,465735
25/01/2019,946,986,946,980,483225
28/01/2019,982,1020,982,1020,609020
29/01/2019,1020,1030,998,1020,430670
30/01/2019,1020,1035,1000,1010,420060
31/01/2019,1015,1060,1015,1050,356735
01/02/2019,1055,1120,1055,1085,557540
04/02/2019,1085,1105,1055,1080,340755
06/02/2019,1090,1120,1085,1110,209020
07/02/2019,1110,1110,1070,1075,319830
08/02/2019,1075,1085,1060,1070,181470
11/02/2019,1070,1095,1070,1070,269160
12/02/2019,1075,1085,1030,1070,258150
13/02/2019,1080,1100,1055,1090,260445
14/02/2019,1090,1170,1090,1155,436700
15/02/2019,1160,1170,1105,1145,293850
18/02/2019,1150,1160,1105,1135,268355
19/02/2019,1140,1145,1105,1110,266170
20/02/2019,1125,1165,1120,1145,418220
21/02/2019,1160,1175,1115,1150,559100
22/02/2019,1150,1160,1140,1150,410830
25/02/2019,1160,1160,1135,1135,252020
26/02/2019,1135,1150,1035,1095,280525
27/02/2019,1100,1115,1050,1070,355160
28/02/2019,1075,1135,1075,1110,337945
01/03/2019,1125,1130,1100,1110,195630
04/03/2019,1105,1115,1065,1100,214785
05/03/2019,1090,1100,1075,1090,161530
06/03/2019,1095,1105,1080,1100,273875
08/03/2019,1110,1110,1035,1055,286020
11/03/2019,1035,1055,1010,1025,436995
12/03/2019,1025,1100,1020,1055,355395
13/03/2019,1060,1095,1045,1085,242605
14/03/2019,1085,1095,1060,1060,277015
15/03/2019,1060,1090,1045,1090,297660
18/03/2019,1100,1110,1050,1060,258815
19/03/2019,1060,1060,962,964,803155
20/03/2019,968,982,930,948,547750
21/03/2019,950,956,934,938,367610
22/03/2019,942,948,916,926,338975
25/03/2019,922,922,890,900,516120
26/03/2019,904,976,896,956,761655
27/03/2019,964,972,942,970,565950
28/03/2019,964,966,952,954,338765
29/03/2019,960,964,940,944,246495
01/04/2019,954,956,938,950,207225
02/04/2019,952,966,950,954,196985
04/04/2019,954,960,948,948,229390
05/04/2019,950,954,940,954,187840
08/04/2019,954,954,930,944,292485
09/04/2019,944,958,944,944,189785
10/04/2019,944,974,944,974,350640
11/04/2019,974,990,974,978,318790
12/04/2019,972,980,936,944,297510
15/04/2019,956,956,932,940,222985
16/04/2019,940,942,920,922,235930
18/04/2019,930,966,930,950,322135
22/04/2019,954,962,950,956,261410
23/04/2019,954,958,944,948,227360
24/04/2019,946,950,942,946,140960
25/04/2019,940,944,912,918,276435
26/04/2019,912,912,894,896,315905
29/04/2019,894,910,888,910,294665
30/04/2019,900,906,878,890,239145
02/05/2019,888,890,812,830,695585
03/05/2019,824,832,814,826,380005
06/05/2019,814,856,808,854,388810
07/05/2019,854,862,842,858,401325
08/05/2019,856,856,838,846,234175
09/05/2019,846,858,840,850,266750
10/05/2019,846,846,822,830,224520
13/05/2019,830,830,810,810,247825
14/05/2019,800,804,782,800,144400
15/05/2019,806,806,790,798,178340
16/05/2019,794,798,782,792,226330
17/05/2019,790,804,776,780,140850
20/05/2019,788,788,762,764,284055
21/05/2019,774,804,764,798,450990
22/05/2019,800,818,794,814,328515
23/05/2019,814,834,800,800,511710
24/05/2019,802,818,800,804,240490
27/05/2019,804,814,802,814,323385
28/05/2019,814,828,798,828,436355
29/05/2019,824,824,800,802,441425
31/05/2019,802,810,786,796,451395
10/06/2019,796,820,792,800,552255
11/06/2019,800,812,796,800,420320
12/06/2019,796,846,796,842,680270
13/06/2019,850,908,850,902,1037055
14/06/2019,906,916,862,876,469060
17/06/2019,876,876,852,856,406085
18/06/2019,860,870,842,848,335600
19/06/2019,868,876,856,856,464640
20/06/2019,866,866,846,854,453830
21/06/2019,866,872,846,848,389825
24/06/2019,844,848,820,824,390840
25/06/2019,830,836,820,824,323885
26/06/2019,820,830,814,818,311040
27/06/2019,820,822,814,814,331500
28/06/2019,818,822,814,818,277030
01/07/2019,822,828,806,816,503260
02/07/2019,820,848,814,838,477800
03/07/2019,844,856,828,850,626250
04/07/2019,854,866,850,852,364475
05/07/2019,856,858,828,830,217635
08/07/2019,830,832,820,828,279010
09/07/2019,836,840,820,828,313700
10/07/2019,836,884,836,882,1158580
11/07/2019,888,888,860,862,639185
12/07/2019,868,878,848,860,569860
15/07/2019,864,864,840,850,419495
16/07/2019,850,858,834,838,248665
17/07/2019,840,856,834,836,445970
18/07/2019,840,842,834,834,249570
19/07/2019,840,864,838,858,369790
22/07/2019,856,858,822,822,369490
23/07/2019,824,830,810,814,290835
24/07/2019,816,824,812,818,300670
25/07/2019,820,834,818,818,200200
26/07/2019,816,818,786,800,349995
29/07/2019,800,800,776,776,384970
30/07/2019,782,788,770,786,352600
31/07/2019,782,802,782,800,331230
01/08/2019,796,800,780,800,270525
02/08/2019,798,812,788,812,355245
05/08/2019,802,802,766,778,482845
06/08/2019,762,762,734,750,399760
07/08/2019,754,758,742,754,351010
08/08/2019,754,754,738,750,467305
09/08/2019,758,766,752,766,185245
12/08/2019,768,778,766,772,274390
13/08/2019,766,768,754,756,194545
14/08/2019,762,804,762,800,455685
15/08/2019,796,796,772,794,243630
16/08/2019,796,800,784,794,189085
19/08/2019,796,816,782,808,342695
20/08/2019,818,820,798,802,339520
21/08/2019,790,802,790,800,239680
22/08/2019,800,814,790,812,290240
23/08/2019,816,826,796,806,178840
26/08/2019,800,820,780,818,231410
27/08/2019,818,828,812,816,296230
28/08/2019,816,854,816,852,613520
29/08/2019,854,864,840,850,258500
30/08/2019,850,854,822,854,383175
02/09/2019,854,860,840,848,287640
03/09/2019,848,858,846,854,303980
04/09/2019,854,858,838,846,286205
05/09/2019,850,850,828,828,258760
06/09/2019,828,832,802,828,308040
09/09/2019,826,828,808,818,354895
10/09/2019,820,826,814,814,403625
11/09/2019,812,818,804,818,501295
12/09/2019,818,820,806,808,290415
13/09/2019,814,816,802,806,241635
16/09/2019,818,830,796,802,423290
17/09/2019,808,808,790,794,307365
18/09/2019,794,796,782,794,275910
19/09/2019,794,794,782,782,204315
20/09/2019,790,794,782,782,212310
23/09/2019,784,790,768,768,268660
24/09/2019,768,768,756,756,215925
25/09/2019,756,756,742,744,387925
26/09/2019,744,746,740,744,427875
27/09/2019,744,744,736,738,192870
30/09/2019,740,768,740,760,431545
01/10/2019,764,768,752,756,174305
02/10/2019,756,762,748,752,125395
03/10/2019,748,786,740,784,340420
04/10/2019,790,820,790,818,422515
07/10/2019,818,826,804,824,306795
08/10/2019,828,846,828,840,369215
09/10/2019,846,852,824,840,243135
10/10/2019,840,860,836,846,262885
11/10/2019,850,870,842,866,347330
14/10/2019,866,870,838,852,249145
15/10/2019,852,854,832,836,195725
16/10/2019,836,854,836,846,255045
17/10/2019,850,858,844,848,260530
18/10/2019,850,850,834,836,444970
21/10/2019,836,838,810,816,228085
22/10/2019,816,828,810,816,151540
23/10/2019,816,816,786,788,293805
24/10/2019,790,798,784,790,278915
25/10/2019,790,810,782,784,293995
28/10/2019,782,788,770,780,208475
29/10/2019,782,806,782,802,276455
30/10/2019,804,814,802,812,258605
31/10/2019,814,814,788,792,237220
01/11/2019,784,786,768,780,273560
04/11/2019,776,786,770,778,334910
05/11/2019,778,784,768,772,213455
06/11/2019,772,776,764,774,336395
07/11/2019,774,780,758,774,317705
08/11/2019,774,780,756,756,307315
11/11/2019,756,762,744,748,240820
12/11/2019,748,768,746,760,227950
13/11/2019,760,770,750,750,270860
14/11/2019,752,752,736,740,260965
15/11/2019,740,752,736,736,787255
18/11/2019,738,740,712,728,873105
19/11/2019,728,744,720,736,876230
20/11/2019,740,748,736,740,932580
21/11/2019,740,740,706,708,1103450
22/11/2019,706,706,660,674,1311635
25/11/2019,678,680,660,662,845345
26/11/2019,668,688,664,666,694965
27/11/2019,666,676,660,660,613955
28/11/2019,664,672,644,650,879190
29/11/2019,644,684,644,680,721050
02/12/2019,694,740,686,738,783035
03/12/2019,734,738,706,726,769785
04/12/2019,712,730,712,726,537735
05/12/2019,726,756,726,754,653905
06/12/2019,754,758,740,754,467180
09/12/2019,756,756,736,742,624670
10/12/2019,740,746,734,744,504925
11/12/2019,744,758,744,750,617955
12/12/2019,754,756,740,754,369565
13/12/2019,758,770,754,768,583975
16/12/2019,768,778,756,774,629600
17/12/2019,774,778,766,774,535655
18/12/2019,774,778,766,778,668515
19/12/2019,774,786,774,784,580975
20/12/2019,780,802,780,796,489495
23/12/2019,800,800,790,792,746965
26/12/2019,800,800,782,794,564900
27/12/2019,794,794,768,774,264215
30/12/2019,774,794,770,790,496800
02/01/2020,790,798,770,780,545365
03/01/2020,780,786,756,758,395770
06/01/2020,758,758,728,728,627720
07/01/2020,738,740,698,706,866300
08/01/2020,700,716,698,712,681385
09/01/2020,716,726,714,720,566510
10/01/2020,724,730,720,722,382740
13/01/2020,724,724,714,720,679930
14/01/2020,720,724,704,708,465825
15/01/2020,708,724,690,700,848445
16/01/2020,700,704,690,694,906450
17/01/2020,698,704,686,686,651685
20/01/2020,686,692,674,680,724980
21/01/2020,684,684,672,674,335685
22/01/2020,674,688,672,678,755675
23/01/2020,680,682,674,676,455225
24/01/2020,678,708,678,698,898380
27/01/2020,698,700,682,684,431870
28/01/2020,680,700,650,692,689115
29/01/2020,696,696,672,680,398075
30/01/2020,680,686,664,668,649065
31/01/2020,668,676,662,662,831925
03/02/2020,658,658,630,632,613045
04/02/2020,644,650,630,640,807750
05/02/2020,646,650,634,646,787490
06/02/2020,642,662,642,662,699960
07/02/2020,662,686,656,680,723995
10/02/2020,670,672,644,658,723765
11/02/2020,664,664,644,650,561165
12/02/2020,650,650,616,624,630970
13/02/2020,624,624,604,610,119275
14/02/2020,606,610,588,608,235820
17/02/2020,608,614,600,614,110280
18/02/2020,612,626,608,620,557075
19/02/2020,620,622,600,608,450415
20/02/2020,612,622,608,612,544045
21/02/2020,616,616,594,610,261390
24/02/2020,584,602,584,598,296840
25/02/2020,588,598,584,594,140610
26/02/2020,584,592,570,578,259670
27/02/2020,568,572,536,550,345715
28/02/2020,534,534,478,530,281405
02/03/2020,524,536,502,510,210365
03/03/2020,526,528,506,510,375345
04/03/2020,506,524,492,508,559125
05/03/2020,514,530,506,508,513370
06/03/2020,506,506,484,486,252160
09/03/2020,442,476,424,454,432990
10/03/2020,444,460,430,434,408255
11/03/2020,434,440,394,400,326720
12/03/2020,378,386,361,370,307265
13/03/2020,360,364,345,361,939510
16/03/2020,358,385,336,336,808135
17/03/2020,320,341,313,340,1484800
18/03/2020,320,341,317,319,801785
19/03/2020,312,340,297,340,870330
20/03/2020,321,330,317,320,824945
23/03/2020,303,318,298,299,432545
24/03/2020,292,345,281,345,493675
26/03/2020,332,380,332,380,1069780
27/03/2020,380,420,380,412,441520
30/03/2020,412,412,384,384,154760
31/03/2020,374,397,372,395,491980
01/04/2020,385,395,379,386,884840
02/04/2020,376,384,370,384,914910
03/04/2020,390,397,382,393,1105120
06/04/2020,393,430,392,430,1638835
07/04/2020,446,464,414,430,1681525
08/04/2020,430,430,400,400,627695
09/04/2020,410,410,378,394,919120
13/04/2020,394,410,384,404,1268915
14/04/2020,414,418,400,412,1226470
15/04/2020,420,420,384,386,936565
16/04/2020,386,393,362,367,591965
17/04/2020,372,379,367,376,953035
20/04/2020,376,383,366,373,1008920
21/04/2020,373,373,352,355,926445
22/04/2020,355,414,339,414,1885870
23/04/2020,420,450,410,428,1661400
24/04/2020,440,440,399,406,941240
27/04/2020,406,416,399,410,543005
28/04/2020,410,474,410,454,1458470
29/04/2020,460,466,434,448,1071655
30/04/2020,450,482,450,480,1774170
04/05/2020,470,470,448,456,997470
05/05/2020,460,480,460,468,806470
06/05/2020,480,492,468,490,1249675
08/05/2020,500,504,466,496,1208770
11/05/2020,496,520,496,504,932965
12/05/2020,506,518,482,492,865125
13/05/2020,486,486,462,476,603930
14/05/2020,476,486,446,450,662135
15/05/2020,454,464,426,448,163065
18/05/2020,460,460,434,448,658990
19/05/2020,450,476,450,456,685330
20/05/2020,470,470,432,442,762690
26/05/2020,448,478,442,476,893520
27/05/2020,486,490,476,484,824965
28/05/2020,490,498,478,494,646940
29/05/2020,494,494,470,470,746165
02/06/2020,466,492,466,488,1023400
03/06/2020,488,504,488,490,705575
04/06/2020,500,506,478,486,629570
05/06/2020,490,494,482,490,760585
08/06/2020,498,534,494,528,1800780
09/06/2020,540,540,502,504,1068155
10/06/2020,504,504,470,470,1262565
11/06/2020,470,470,440,462,910170
12/06/2020,448,482,432,482,934240
15/06/2020,482,492,464,472,619710
16/06/2020,476,516,476,516,810080
17/06/2020,520,520,504,514,1490985
18/06/2020,512,514,496,508,1200490
19/06/2020,520,534,512,518,1755155
22/06/2020,518,520,504,506,923970
23/06/2020,508,514,498,502,879690
24/06/2020,506,526,500,520,1311185
25/06/2020,520,520,500,500,636015
26/06/2020,508,514,498,506,698375
29/06/2020,506,508,496,498,735755
30/06/2020,508,514,500,508,664135
01/07/2020,510,510,490,496,548010
02/07/2020,496,502,490,496,603355
03/07/2020,496,502,494,498,710975
06/07/2020,488,502,488,500,728990
07/07/2020,502,514,490,498,780280
08/07/2020,498,504,496,498,626505
09/07/2020,500,506,490,496,661430
10/07/2020,498,504,480,484,926875
13/07/2020,486,494,480,492,706960
14/07/2020,492,498,484,490,582170
15/07/2020,494,502,494,496,697045
16/07/2020,496,500,492,496,573635
17/07/2020,500,500,488,496,544205
20/07/2020,496,498,486,492,503065
21/07/2020,494,500,494,498,495255
22/07/2020,500,546,500,540,2484795
23/07/2020,544,548,530,544,1385985
24/07/2020,546,546,522,528,731945
27/07/2020,536,578,532,570,2190665
28/07/2020,574,578,562,564,1386310
29/07/2020,560,578,560,570,938390
30/07/2020,580,586,570,576,1645875
03/08/2020,578,580,544,556,797255
04/08/2020,560,566,548,560,744555
05/08/2020,560,562,542,554,1601240
06/08/2020,560,566,554,556,1226485
07/08/2020,556,566,550,554,684400
10/08/2020,554,558,548,556,704245
11/08/2020,560,592,558,574,2306990
12/08/2020,576,580,564,572,991955
13/08/2020,580,592,562,568,738920
14/08/2020,568,572,562,562,655640
18/08/2020,562,568,562,568,568755
19/08/2020,568,572,560,566,551215
24/08/2020,566,590,562,586,1328490
25/08/2020,590,614,588,612,1844040
26/08/2020,610,622,602,606,1131955
27/08/2020,606,608,586,590,945605
28/08/2020,584,594,572,574,1332810
31/08/2020,580,584,572,580,755565
01/09/2020,580,602,578,590,1625790
02/09/2020,594,596,586,592,821240
03/09/2020,592,592,564,572,1207190
04/09/2020,564,584,550,570,1617950
07/09/2020,564,576,556,570,1098395
08/09/2020,570,572,562,570,694140
09/09/2020,560,570,556,566,882565
10/09/2020,558,558,528,528,715350
11/09/2020,494,558,494,550,835000
14/09/2020,554,570,554,568,710815
15/09/2020,570,572,544,548,687585
16/09/2020,550,558,548,556,904350
17/09/2020,562,562,536,540,754135
18/09/2020,544,550,540,548,575800
21/09/2020,548,564,528,532,844830
22/09/2020,520,526,508,518,662455
23/09/2020,528,530,500,510,517625
24/09/2020,502,510,490,502,846710
25/09/2020,504,526,504,522,724030
28/09/2020,528,530,518,520,481785
29/09/2020,518,526,506,506,721110
30/09/2020,502,514,496,510,743245
01/10/2020,514,524,510,522,593910
02/10/2020,524,524,506,514,572800
05/10/2020,520,522,510,522,582160
06/10/2020,530,538,530,532,709655
07/10/2020,534,536,520,520,585980
08/10/2020,528,528,520,522,512840
09/10/2020,522,528,520,524,589880
12/10/2020,524,534,524,528,704720
13/10/2020,530,532,522,530,671445
14/10/2020,530,546,530,542,798345
15/10/2020,546,548,534,536,807835
16/10/2020,536,542,530,536,624560
19/10/2020,536,548,534,536,644500
20/10/2020,534,542,522,536,823025
21/10/2020,538,540,530,530,556370
22/10/2020,530,536,522,524,575345
23/10/2020,530,532,524,526,630740
26/10/2020,524,532,522,528,538300
27/10/2020,532,546,532,536,1060100
02/11/2020,534,534,520,522,683310
03/11/2020,526,528,514,518,627615
04/11/2020,518,522,514,514,700090
05/11/2020,518,522,514,520,879895
06/11/2020,526,544,522,544,987400
09/11/2020,550,554,534,542,874390
10/11/2020,552,570,550,568,1704600
11/11/2020,572,584,568,572,2396270
12/11/2020,572,576,558,564,608265
13/11/2020,564,568,556,564,793675
16/11/2020,570,578,566,570,1004705
17/11/2020,578,580,568,570,1121030
18/11/2020,570,570,558,562,1222950
19/11/2020,562,582,558,582,2086075
20/11/2020,586,602,586,590,2361510
23/11/2020,592,594,584,588,1577865
24/11/2020,592,598,586,586,2312935
25/11/2020,596,598,578,580,1877505
26/11/2020,584,588,576,580,1721630
27/11/2020,584,586,578,580,2370075
30/11/2020,590,626,560,582,6927950
01/12/2020,588,606,570,598,3033870
02/12/2020,610,618,602,614,2673625
03/12/2020,616,620,612,618,2118770
04/12/2020,618,624,604,622,1760105
07/12/2020,628,686,626,680,2949340
08/12/2020,680,684,654,662,1482495
10/12/2020,666,670,646,660,1618425
11/12/2020,670,670,664,664,1261350
14/12/2020,668,670,658,658,1330610
15/12/2020,656,658,638,656,1461520
16/12/2020,660,664,654,656,1740095
17/12/2020,660,720,658,676,4386425
18/12/2020,680,686,668,674,1679305
21/12/2020,676,710,676,708,2542880
22/12/2020,710,712,660,662,2341665
23/12/2020,666,676,622,648,1312135
28/12/2020,648,672,634,662,1517200
29/12/2020,674,676,650,654,847270
30/12/2020,656,658,632,636,766025
04/01/2021,640,656,612,654,1091140
05/01/2021,648,654,638,646,2102220
06/01/2021,656,666,628,636,1694840
07/01/2021,644,684,642,682,2944980
08/01/2021,688,692,676,678,1812330
11/01/2021,680,698,672,674,2363560
12/01/2021,674,680,654,662,789300
13/01/2021,680,680,660,668,791260
14/01/2021,672,674,662,668,880105
15/01/2021,666,666,642,652,944500
18/01/2021,650,652,640,644,897545
19/01/2021,640,674,628,652,1596215
20/01/2021,654,666,644,664,924760
21/01/2021,668,676,652,658,1041465
22/01/2021,658,660,620,626,1366860
25/01/2021,626,626,602,610,903880
26/01/2021,612,612,572,588,1797700
27/01/2021,592,610,580,596,1553055
28/01/2021,596,596,556,562,1414540
29/01/2021,570,588,554,568,1225715
01/02/2021,586,606,562,600,1268450
02/02/2021,610,648,604,648,2293930
03/02/2021,650,674,644,674,1975340
04/02/2021,680,690,678,682,1353865
05/02/2021,682,708,682,700,1521610
08/02/2021,704,708,674,676,1079790
09/02/2021,680,684,638,650,1750530
10/02/2021,650,666,642,658,1430680
11/02/2021,662,666,652,664,1086190
15/02/2021,678,686,670,678,1024155
16/02/2021,684,710,680,690,1284300
17/02/2021,690,698,680,694,1195255
18/02/2021,700,702,688,692,1315125
19/02/2021,688,694,678,694,862015
22/02/2021,698,700,688,690,734380
23/02/2021,694,704,692,694,1669655
24/02/2021,694,694,662,666,970255
25/02/2021,676,686,672,686,1159255
26/02/2021,674,680,656,674,1024865
01/03/2021,674,676,654,676,1140820
02/03/2021,678,680,664,668,388370
03/03/2021,666,688,656,676,1249880
04/03/2021,674,690,666,676,1351220
05/03/2021,670,692,668,680,1521765
08/03/2021,694,748,690,744,3050985
09/03/2021,748,754,722,728,1814770
10/03/2021,726,734,708,714,1737995
12/03/2021,726,728,716,718,830215
15/03/2021,722,732,714,718,838580
16/03/2021,720,722,694,698,669110
17/03/2021,698,702,674,676,704005
18/03/2021,680,688,668,674,839170
19/03/2021,670,682,668,676,631915
22/03/2021,678,686,674,674,614935
23/03/2021,674,680,656,664,726965
24/03/2021,658,658,642,646,666430
25/03/2021,656,672,642,652,877580
26/03/2021,658,676,658,676,868045
29/03/2021,680,684,654,654,856770
30/03/2021,654,660,634,638,1088405
31/03/2021,632,656,632,644,1105095
01/04/2021,656,660,638,642,577840
05/04/2021,646,650,634,644,381985
06/04/2021,646,650,640,648,384540
07/04/2021,650,652,644,648,946395
08/04/2021,652,664,648,652,640620
09/04/2021,654,658,646,646,262805
12/04/2021,650,650,624,626,419645
13/04/2021,626,634,616,622,238240
14/04/2021,624,636,618,634,303520
15/04/2021,640,642,626,628,137580
16/04/2021,628,634,622,626,265455
19/04/2021,646,646,630,632,276845
20/04/2021,630,636,622,628,271465
21/04/2021,624,630,622,624,236145
22/04/2021,626,630,620,622,232150
23/04/2021,626,654,622,650,1089260
26/04/2021,656,662,640,644,399765
27/04/2021,644,646,634,638,194565
28/04/2021,638,640,628,630,252325
29/04/2021,636,652,634,648,326785
30/04/2021,656,660,648,654,496000
03/05/2021,654,658,636,654,331845
04/05/2021,650,654,646,650,184585
05/05/2021,658,670,650,668,353685
06/05/2021,668,674,662,674,261080
07/05/2021,674,676,646,648,346125
10/05/2021,650,662,646,658,323725
11/05/2021,646,648,638,644,356085
17/05/2021,642,646,624,626,377310
18/05/2021,626,636,622,634,161020
19/05/2021,630,634,624,628,133550
20/05/2021,624,634,624,628,197680
21/05/2021,630,636,624,624,174120
24/05/2021,624,630,610,622,223055
25/05/2021,622,646,622,644,289195
27/05/2021,644,650,636,644,408395
28/05/2021,644,650,640,648,248115
31/05/2021,648,652,644,648,143665
02/06/2021,654,666,652,666,428055
03/06/2021,666,670,658,668,163420
04/06/2021,668,668,644,654,327530
07/06/2021,654,666,648,662,226240
08/06/2021,662,662,636,648,209560
09/06/2021,650,652,630,632,359220
10/06/2021,634,646,630,644,226600
11/06/2021,646,648,634,640,190520
14/06/2021,642,646,636,640,149185
15/06/2021,640,646,634,646,130370
16/06/2021,646,646,638,644,98750
17/06/2021,642,642,630,630,224255
18/06/2021,628,634,602,626,383525
21/06/2021,620,620,596,616,214665
22/06/2021,620,634,618,626,106215
23/06/2021,628,628,618,618,107335
24/06/2021,620,622,604,610,115440
25/06/2021,610,616,604,612,179740
28/06/2021,612,620,604,610,138545
29/06/2021,608,618,606,618,255695
30/06/2021,618,630,616,630,336735
01/07/2021,630,632,620,632,349680
02/07/2021,634,638,622,626,318215
05/07/2021,630,630,606,610,269840
06/07/2021,612,640,612,638,468755
07/07/2021,638,642,626,626,226585
08/07/2021,626,632,620,622,293825
09/07/2021,626,628,616,618,317230
12/07/2021,618,626,610,610,246725
13/07/2021,616,616,610,612,255155
14/07/2021,610,614,600,608,249780
15/07/2021,608,612,606,608,114175
16/07/2021,612,672,612,668,1341540
19/07/2021,668,704,668,692,1491275
21/07/2021,692,698,660,666,515630
22/07/2021,676,696,672,680,646195
23/07/2021,682,708,682,700,852570
26/07/2021,702,714,692,702,460345
27/07/2021,712,726,710,712,876350
28/07/2021,712,712,702,706,262565
29/07/2021,708,722,708,718,710560
30/07/2021,720,726,708,720,399195
02/08/2021,722,738,686,706,505690
03/08/2021,706,716,694,710,276720
04/08/2021,700,710,698,710,258670
05/08/2021,710,710,690,690,259375
06/08/2021,698,698,686,696,96910
09/08/2021,694,696,684,690,185365
10/08/2021,690,700,680,700,466930
12/08/2021,704,714,696,708,389215
13/08/2021,712,748,712,744,1071960
16/08/2021,752,752,726,740,552835
18/08/2021,740,766,732,738,800070
19/08/2021,738,740,714,720,795135
20/08/2021,720,730,718,728,479780
23/08/2021,740,766,730,766,835535
24/08/2021,772,778,758,770,418465
25/08/2021,768,768,744,750,290060
26/08/2021,756,756,734,744,349005
27/08/2021,744,768,740,762,420575
30/08/2021,768,778,762,770,557535
31/08/2021,780,788,770,778,456045
01/09/2021,780,780,768,774,223875
02/09/2021,774,780,764,770,206330
03/09/2021,776,776,760,768,232755
06/09/2021,772,792,766,778,438515
07/09/2021,788,788,770,778,293480
08/09/2021,776,780,728,732,698650
09/09/2021,730,758,728,754,471100
10/09/2021,754,754,746,748,94060
13/09/2021,748,756,746,756,102065
14/09/2021,758,784,758,780,412265
15/09/2021,780,780,764,772,97790
16/09/2021,772,784,772,780,83265
17/09/2021,780,780,770,776,364780
20/09/2021,780,780,766,772,95825
21/09/2021,770,780,760,774,182770
22/09/2021,782,810,778,798,540410
23/09/2021,804,824,804,820,505750
24/09/2021,824,848,816,826,652310
27/09/2021,828,840,820,826,274725
28/09/2021,826,834,796,814,668730
29/09/2021,800,830,800,830,448900
30/09/2021,832,872,830,872,636635
01/10/2021,872,874,856,868,241790
04/10/2021,870,890,856,890,279985
05/10/2021,890,898,878,882,294540
06/10/2021,886,890,868,876,316785
07/10/2021,876,894,818,828,697395
08/10/2021,836,880,834,880,1010145
11/10/2021,884,888,876,882,629045
12/10/2021,882,882,866,882,665805
13/10/2021,882,882,862,866,536500
14/10/2021,868,888,858,868,512145
15/10/2021,868,872,854,856,555790
18/10/2021,856,884,856,878,650185
19/10/2021,882,884,870,874,374210
21/10/2021,868,900,868,884,1142510
22/10/2021,890,944,890,932,1062330
25/10/2021,940,944,932,938,681065
26/10/2021,938,944,924,930,352980
27/10/2021,930,934,882,892,672300
28/10/2021,880,884,836,846,758265
29/10/2021,850,860,846,854,574575
01/11/2021,854,858,830,840,380705
02/11/2021,844,846,834,844,513615
03/11/2021,844,848,832,836,545235
04/11/2021,838,850,836,840,439275
05/11/2021,846,856,830,830,530170
08/11/2021,834,858,834,858,890440
09/11/2021,862,884,862,868,820125
10/11/2021,870,888,870,882,695240
11/11/2021,890,894,874,874,814495
12/11/2021,876,880,866,866,384760
15/11/2021,866,874,854,866,665145
16/11/2021,866,880,862,880,745765
17/11/2021,884,886,860,860,709880
18/11/2021,860,870,838,842,398105
19/11/2021,842,844,832,836,658095
22/11/2021,836,838,790,818,861700
23/11/2021,818,838,812,834,483285
24/11/2021,834,872,834,860,1242240
25/11/2021,862,862,830,834,644795
26/11/2021,828,842,810,826,601100
29/11/2021,820,820,794,798,907135
30/11/2021,798,806,790,794,603440
01/12/2021,794,838,790,838,935900
02/12/2021,838,838,818,826,845355
03/12/2021,830,842,822,838,248485
06/12/2021,838,846,834,838,129710
07/12/2021,842,852,840,852,138805
08/12/2021,852,866,844,858,740220
09/12/2021,858,868,858,866,248350
10/12/2021,870,870,850,858,118400
13/12/2021,858,864,850,850,170275
14/12/2021,850,864,836,846,183205
15/12/2021,846,856,836,850,233660
16/12/2021,854,870,844,844,623695
17/12/2021,852,862,846,860,362385
20/12/2021,860,886,842,880,655835
21/12/2021,884,890,842,844,475000
22/12/2021,848,850,806,806,535975
23/12/2021,806,830,806,822,506950
24/12/2021,822,822,812,816,258690
27/12/2021,816,822,814,816,237680
28/12/2021,820,826,816,824,279355
29/12/2021,828,830,818,818,389890
30/12/2021,818,828,814,822,431615
03/01/2022,822,876,820,872,648140
04/01/2022,872,872,836,840,590125
05/01/2022,838,840,824,824,249650
06/01/2022,824,838,824,832,328995
07/01/2022,836,868,836,858,1038170
10/01/2022,862,882,846,860,758645
11/01/2022,860,874,836,840,755100
12/01/2022,840,845,795,820,456787
13/01/2022,820,845,820,845,405310
14/01/2022,845,845,820,825,237652
17/01/2022,830,840,800,810,311931
18/01/2022,815,820,800,810,296227
19/01/2022,805,805,780,785,329590
20/01/2022,785,785,750,755,445634
21/01/2022,760,800,760,800,398317
24/01/2022,800,810,785,795,294271
25/01/2022,795,800,770,775,342160
26/01/2022,775,780,725,730,1049375
27/01/2022,735,740,700,710,647321
28/01/2022,710,740,705,735,611670
31/01/2022,740,745,720,730,400339
02/02/2022,735,740,710,725,404926
03/02/2022,730,740,715,725,326306
04/02/2022,720,735,715,720,203557
07/02/2022,720,765,720,755,503331
08/02/2022,760,765,740,750,552951
09/02/2022,750,755,730,735,285521
10/02/2022,735,740,705,705,742604
11/02/2022,710,710,690,700,463822
14/02/2022,700,710,685,695,558643
15/02/2022,695,715,690,695,553565
16/02/2022,705,725,700,725,676630
17/02/2022,735,735,715,730,470848
18/02/2022,730,745,720,740,313594
21/02/2022,740,750,735,745,321536
22/02/2022,745,755,725,735,398243
23/02/2022,730,745,725,740,285489
24/02/2022,740,795,735,785,1020930
25/02/2022,795,800,750,755,631699
01/03/2022,765,765,725,740,807656
02/03/2022,750,765,740,750,549948
04/03/2022,760,765,745,755,505727
07/03/2022,760,795,755,795,1028910
08/03/2022,795,815,790,795,909218
09/03/2022,800,810,795,810,790722
10/03/2022,800,810,775,795,610769
11/03/2022,800,800,785,795,478012
14/03/2022,800,800,790,795,504214
15/03/2022,795,805,785,800,459819
16/03/2022,800,815,795,805,359377
17/03/2022,810,810,795,810,330268
18/03/2022,815,840,810,835,595687
21/03/2022,845,845,820,830,360795
22/03/2022,835,840,825,830,355851
23/03/2022,835,900,830,885,1334035
24/03/2022,890,890,875,880,619511
25/03/2022,880,930,880,920,836293
28/03/2022,920,965,920,960,1032233
29/03/2022,965,970,925,930,473445
30/03/2022,930,945,895,900,743227
31/03/2022,900,930,890,910,493750
01/04/2022,910,925,900,925,376995
04/04/2022,925,935,915,915,326653
05/04/2022,915,930,910,930,350408
06/04/2022,935,935,910,925,442636
07/04/2022,925,935,915,920,544307
08/04/2022,920,930,910,920,247393
11/04/2022,920,955,920,920,457097
12/04/2022,920,930,865,910,739350
13/04/2022,910,935,910,930,371613
14/04/2022,935,950,920,930,342985
18/04/2022,930,945,930,940,293365
19/04/2022,950,955,940,950,400722
20/04/2022,950,960,930,935,494409
21/04/2022,940,1035,935,1025,1260720
22/04/2022,1020,1030,970,985,653396
25/04/2022,965,990,945,980,559022
26/04/2022,980,1020,960,1020,688128
27/04/2022,1030,1030,990,995,399497
28/04/2022,995,1080,990,1070,724192
09/05/2022,1070,1095,1030,1085,833362
10/05/2022,1080,1090,1040,1085,574156
11/05/2022,1090,1120,1085,1090,455092
12/05/2022,1095,1095,1015,1020,368441
13/05/2022,1020,1040,995,1005,344232
17/05/2022,1020,1050,995,1020,501370
18/05/2022,1030,1040,1010,1020,463418
19/05/2022,1020,1055,1000,1050,565166
20/05/2022,1060,1065,1025,1025,272454
23/05/2022,1025,1040,1005,1005,259938
24/05/2022,1005,1035,975,1005,532135
25/05/2022,1005,1030,1000,1020,245042
27/05/2022,1040,1040,1010,1015,406322
30/05/2022,1015,1035,1010,1035,138372
31/05/2022,1050,1140,1035,1120,950139
02/06/2022,1130,1140,1070,1070,419442
03/06/2022,1080,1095,1055,1070,316831
06/06/2022,1070,1115,1060,1115,481682
07/06/2022,1120,1125,1095,1105,312431
08/06/2022,1110,1120,1080,1105,305144
09/06/2022,1110,1215,1110,1170,1088075
10/06/2022,1165,1195,1140,1195,525723
13/06/2022,1195,1195,1150,1160,439991
14/06/2022,1160,1185,1125,1155,623677
15/06/2022,1160,1195,1145,1180,780532
16/06/2022,1200,1200,1165,1165,300762
17/06/2022,1155,1165,1105,1105,366428
20/06/2022,1100,1115,1035,1050,640825
21/06/2022,1050,1100,1035,1075,808087
22/06/2022,1085,1115,1065,1065,797584
23/06/2022,1040,1095,1040,1065,576203
24/06/2022,1065,1080,1055,1060,549411
27/06/2022,1065,1090,1060,1070,419274
28/06/2022,1070,1080,1050,1055,630523
29/06/2022,1060,1060,1035,1035,401502
30/06/2022,1030,1050,1025,1030,496832
01/07/2022,1025,1035,960,960,609168
04/07/2022,960,1005,895,900,793556
05/07/2022,900,955,900,935,607658
06/07/2022,935,955,925,950,564993
07/07/2022,950,980,950,960,501423
08/07/2022,960,1045,960,1020,712859
11/07/2022,1020,1075,1020,1070,503191
12/07/2022,1070,1090,1060,1065,590442
13/07/2022,1065,1075,1040,1050,335156
14/07/2022,1050,1050,1010,1040,518167
15/07/2022,1030,1050,995,1015,381862
18/07/2022,1020,1065,1015,1015,461596
19/07/2022,1025,1105,1020,1100,660569
20/07/2022,1100,1130,1090,1095,602256
21/07/2022,1095,1105,1080,1100,296374
22/07/2022,1100,1105,1070,1080,265516
25/07/2022,1080,1115,1070,1095,520713
26/07/2022,1115,1150,1080,1080,709224
27/07/2022,1075,1120,1070,1105,825894
28/07/2022,1110,1185,1110,1160,880327
29/07/2022,1175,1250,1160,1250,645164
01/08/2022,1260,1275,1225,1260,407682
02/08/2022,1250,1260,1225,1250,527986
03/08/2022,1250,1290,1220,1285,845618
04/08/2022,1280,1285,1250,1265,375172
05/08/2022,1285,1285,1190,1200,498624
08/08/2022,1200,1220,1175,1180,334109
09/08/2022,1175,1215,1165,1210,409328
10/08/2022,1175,1245,1175,1180,533488
11/08/2022,1190,1220,1185,1215,389948
12/08/2022,1220,1230,1180,1190,323588
15/08/2022,1195,1200,1170,1185,275096
16/08/2022,1185,1185,1150,1165,353501
18/08/2022,1165,1165,1140,1160,235926
19/08/2022,1200,1200,1155,1185,364528
22/08/2022,1150,1205,1150,1170,461340
23/08/2022,1165,1225,1165,1215,609677
24/08/2022,1215,1240,1195,1215,485139
25/08/2022,1215,1220,1190,1210,330587
26/08/2022,1220,1240,1200,1230,632297
29/08/2022,1220,1220,1175,1210,491739
30/08/2022,1215,1255,1205,1220,953799
31/08/2022,1210,1235,1165,1200,971117
01/09/2022,1200,1200,1170,1180,276230
02/09/2022,1180,1190,1140,1150,453537
05/09/2022,1160,1205,1140,1195,872390
06/09/2022,1200,1220,1190,1210,620610
07/09/2022,1210,1230,1185,1200,524932
08/09/2022,1200,1210,1175,1195,397974
09/09/2022,1195,1200,1165,1200,319168
12/09/2022,1200,1210,1190,1205,369360
13/09/2022,1245,1260,1205,1255,713765
14/09/2022,1245,1380,1205,1375,1528529
15/09/2022,1375,1445,1370,1410,1143287
16/09/2022,1405,1405,1320,1345,827459
19/09/2022,1330,1455,1315,1405,996462
20/09/2022,1410,1445,1390,1425,666560
21/09/2022,1425,1430,1405,1420,383937
22/09/2022,1415,1455,1400,1455,377699
23/09/2022,1425,1450,1375,1400,694964
26/09/2022,1385,1390,1305,1305,711517
27/09/2022,1275,1375,1275,1375,597453
28/09/2022,1370,1370,1330,1340,627721
29/09/2022,1350,1355,1320,1330,298703
30/09/2022,1325,1355,1310,1350,560820
03/10/2022,1350,1350,1325,1345,227384
04/10/2022,1355,1415,1355,1405,766051
05/10/2022,1420,1430,1405,1415,655111
06/10/2022,1420,1475,1405,1405,544045
07/10/2022,1400,1405,1355,1365,411512
10/10/2022,1365,1370,1330,1330,378759
11/10/2022,1335,1420,1330,1410,519239
12/10/2022,1420,1450,1375,1450,590969
13/10/2022,1445,1460,1400,1410,516613
14/10/2022,1415,1445,1410,1440,536475
17/10/2022,1425,1430,1390,1410,443075
18/10/2022,1420,1440,1405,1440,839666
19/10/2022,1445,1480,1435,1450,705320
20/10/2022,1445,1495,1435,1450,899748
21/10/2022,1450,1455,1435,1435,346928
24/10/2022,1450,1485,1435,1450,742424
25/10/2022,1465,1485,1350,1360,1124516
26/10/2022,1365,1395,1345,1395,890118
27/10/2022,1395,1465,1385,1425,965773
28/10/2022,1425,1445,1415,1445,454691
31/10/2022,1445,1560,1445,1560,722398
01/11/2022,1560,1560,1455,1455,1041790
02/11/2022,1460,1500,1460,1495,547310
03/11/2022,1495,1580,1495,1550,703018
04/11/2022,1550,1555,1475,1515,554878
07/11/2022,1540,1540,1490,1495,338548
08/11/2022,1500,1510,1460,1470,398883
09/11/2022,1475,1490,1445,1470,380852
10/11/2022,1470,1470,1430,1460,315841
11/11/2022,1470,1485,1440,1480,532016
14/11/2022,1450,1480,1385,1385,687856
15/11/2022,1390,1435,1365,1420,580592
16/11/2022,1420,1430,1385,1405,389984
17/11/2022,1410,1410,1310,1350,865618
18/11/2022,1335,1380,1325,1365,424083
21/11/2022,1365,1400,1350,1400,447024
22/11/2022,1400,1420,1365,1390,452584
23/11/2022,1390,1400,1375,1390,254339
24/11/2022,1390,1395,1365,1365,231904
25/11/2022,1365,1365,1340,1360,284502
28/11/2022,1360,1370,1345,1370,290107
29/11/2022,1370,1395,1365,1390,419853
30/11/2022,1390,1405,1360,1385,681354
01/12/2022,1385,1465,1385,1440,767306
02/12/2022,1445,1455,1425,1450,344473
05/12/2022,1450,1455,1400,1400,734722
06/12/2022,1395,1395,1325,1360,631935
07/12/2022,1360,1375,1330,1375,438776
08/12/2022,1375,1375,1340,1360,459697
09/12/2022,1365,1370,1335,1360,358877
12/12/2022,1360,1385,1355,1380,333097
13/12/2022,1390,1440,1380,1430,378827
14/12/2022,1440,1445,1415,1420,183695
15/12/2022,1425,1430,1400,1420,244179
16/12/2022,1410,1420,1365,1380,342375
19/12/2022,1360,1375,1315,1340,488209
20/12/2022,1330,1370,1330,1355,251021
21/12/2022,1350,1380,1340,1370,241475
22/12/2022,1370,1410,1370,1400,281830
23/12/2022,1400,1405,1380,1400,192550
26/12/2022,1410,1410,1385,1395,119980
27/12/2022,1395,1400,1380,1380,165371
28/12/2022,1380,1420,1375,1420,307104
29/12/2022,1415,1420,1395,1405,199197
30/12/2022,1405,1430,1400,1400,282181
02/01/2023,1400,1405,1375,1385,153643
03/01/2023,1385,1410,1350,1350,323658
04/01/2023,1365,1365,1275,1290,444392
05/01/2023,1275,1305,1200,1230,606221
06/01/2023,1230,1290,1215,1270,365668
09/01/2023,1275,1275,1235,1265,357774
10/01/2023,1270,1270,1215,1255,474270
11/01/2023,1240,1290,1240,1260,479278
12/01/2023,1260,1325,1250,1320,422544
13/01/2023,1325,1325,1290,1315,293139
16/01/2023,1315,1325,1310,1310,185823
17/01/2023,1310,1330,1290,1330,292572
18/01/2023,1330,1330,1295,1300,277087
19/01/2023,1300,1315,1280,1305,242459
20/01/2023,1310,1325,1295,1325,223743
24/01/2023,1330,1360,1320,1350,250729
25/01/2023,1350,1360,1335,1350,203262
26/01/2023,1355,1420,1350,1400,594821
27/01/2023,1420,1420,1375,1390,272875
30/01/2023,1390,1400,1345,1345,253299
31/01/2023,1345,1345,1310,1310,746298
01/02/2023,1320,1390,1315,1370,443010
02/02/2023,1380,1425,1365,1425,504215
03/02/2023,1420,1420,1335,1355,486435
06/02/2023,1350,1350,1310,1315,326859
07/02/2023,1330,1330,1305,1325,364696
08/02/2023,1325,1340,1290,1300,448158
09/02/2023,1300,1305,1265,1280,454262
10/02/2023,1280,1315,1265,1310,390293
13/02/2023,1315,1325,1300,1300,296028
14/02/2023,1300,1360,1300,1355,470421
15/02/2023,1355,1365,1315,1340,327086
16/02/2023,1360,1360,1325,1330,289326
17/02/2023,1330,1330,1300,1320,271295
20/02/2023,1320,1325,1305,1310,147752
21/02/2023,1310,1335,1305,1320,262838
22/02/2023,1320,1330,1310,1315,266169
23/02/2023,1315,1365,1315,1345,340723
24/02/2023,1350,1410,1345,1400,727733
27/02/2023,1400,1400,1375,1385,386296
28/02/2023,1385,1420,1360,1385,586819
01/03/2023,1390,1420,1385,1405,318983
02/03/2023,1410,1450,1410,1445,448226
03/03/2023,1450,1470,1415,1420,336056
06/03/2023,1430,1435,1385,1390,235755
07/03/2023,1385,1420,1385,1405,232534
08/03/2023,1405,1420,1385,1390,205016
09/03/2023,1390,1415,1375,1405,303460
10/03/2023,1400,1400,1355,1385,375706
13/03/2023,1385,1395,1375,1390,283386
14/03/2023,1390,1400,1355,1395,280808
15/03/2023,1385,1410,1380,1400,251283
16/03/2023,1395,1400,1315,1355,494862
17/03/2023,1355,1390,1340,1385,347380
20/03/2023,1380,1410,1380,1405,223539
21/03/2023,1410,1430,1405,1425,216753
24/03/2023,1445,1615,1440,1540,1480945
27/03/2023,1540,1540,1505,1540,482957
28/03/2023,1540,1575,1525,1540,392202
29/03/2023,1540,1650,1535,1615,538258
30/03/2023,1625,1625,1545,1575,434404
31/03/2023,1580,1590,1550,1550,427128
03/04/2023,1565,1590,1540,1555,361711
04/04/2023,1565,1570,1545,1565,379223
05/04/2023,1565,1580,1545,1550,437120
06/04/2023,1550,1595,1550,1575,310050
10/04/2023,1575,1585,1565,1580,273520
11/04/2023,1580,1595,1570,1595,244154
12/04/2023,1595,1625,1580,1580,285693
13/04/2023,1580,1605,1575,1575,316858
14/04/2023,1585,1610,1580,1595,328323
17/04/2023,1580,1635,1560,1585,432822
18/04/2023,1585,1630,1585,1615,494524
26/04/2023,1615,1625,1565,1625,684895
27/04/2023,1625,1670,1610,1615,602243
28/04/2023,1620,1655,1615,1620,371516
02/05/2023,1620,1625,1600,1605,262268
03/05/2023,1605,1605,1515,1565,560162
04/05/2023,1565,1575,1535,1550,478527
05/05/2023,1550,1550,1495,1505,389644
08/05/2023,1510,1515,1475,1505,390203
09/05/2023,1505,1515,1475,1505,471917
10/05/2023,1485,1485,1400,1400,843166
11/05/2023,1400,1420,1360,1385,813322
12/05/2023,1395,1400,1340,1370,436361
15/05/2023,1370,1395,1335,1380,501242
16/05/2023,1385,1390,1295,1300,835310
17/05/2023,1300,1330,1280,1325,512361
19/05/2023,1330,1355,1310,1345,575800
22/05/2023,1350,1365,1340,1355,453752
23/05/2023,1360,1370,1345,1365,310738
24/05/2023,1365,1370,1350,1365,391295
25/05/2023,1365,1385,1360,1365,356660
26/05/2023,1360,1385,1360,1365,348752
29/05/2023,1365,1385,1365,1375,239816
30/05/2023,1380,1400,1375,1395,300986
31/05/2023,1400,1405,1365,1365,500325
05/06/2023,1380,1395,1350,1360,404299
06/06/2023,1350,1410,1350,1405,412957
07/06/2023,1415,1440,1405,1415,705691
08/06/2023,1415,1425,1380,1390,339838
09/06/2023,1390,1410,1380,1405,276777
12/06/2023,1410,1450,1405,1440,484981
13/06/2023,1450,1450,1415,1425,267029
14/06/2023,1430,1485,1425,1470,465651
15/06/2023,1475,1490,1460,1465,257940
16/06/2023,1465,1495,1450,1450,300245
19/06/2023,1450,1450,1425,1445,252925
20/06/2023,1455,1535,1455,1505,915655
21/06/2023,1505,1515,1480,1500,375138
22/06/2023,1500,1530,1495,1515,415572
23/06/2023,1500,1525,1490,1495,398308
26/06/2023,1505,1510,1470,1490,304387
27/06/2023,1490,1500,1395,1420,759440
03/07/2023,1420,1420,1365,1405,577319
04/07/2023,1405,1420,1400,1400,175724
05/07/2023,1400,1415,1385,1400,422934
06/07/2023,1410,1440,1405,1435,236477
07/07/2023,1445,1460,1435,1450,194901
10/07/2023,1455,1470,1445,1450,180101
11/07/2023,1460,1480,1450,1470,207387
12/07/2023,1475,1485,1445,1450,245228
13/07/2023,1455,1470,1445,1455,272295
14/07/2023,1455,1460,1410,1415,355788
17/07/2023,1425,1430,1410,1410,120803
18/07/2023,1410,1420,1385,1390,230537
20/07/2023,1395,1405,1385,1390,185761
21/07/2023,1395,1400,1365,1375,229612
24/07/2023,1375,1385,1355,1365,309303
25/07/2023,1375,1400,1370,1375,365432
26/07/2023,1395,1420,1380,1405,617926
27/07/2023,1415,1445,1415,1430,703436
28/07/2023,1430,1435,1390,1400,532286
31/07/2023,1400,1400,1340,1385,1099351
01/08/2023,1380,1380,1295,1295,1086980
02/08/2023,1300,1335,1295,1330,692588
03/08/2023,1330,1345,1325,1330,733607
04/08/2023,1300,1325,1285,1315,628858
07/08/2023,1320,1325,1295,1300,286198
08/08/2023,1300,1310,1275,1280,602254
09/08/2023,1280,1280,1255,1275,536151
10/08/2023,1275,1300,1275,1285,377894
11/08/2023,1285,1290,1260,1260,336248
14/08/2023,1260,1290,1255,1285,387837
15/08/2023,1290,1315,1270,1305,428648
16/08/2023,1310,1315,1295,1310,116354
18/08/2023,1310,1315,1285,1300,170563
21/08/2023,1300,1310,1280,1290,168864
22/08/2023,1280,1330,1280,1315,382124
23/08/2023,1320,1325,1310,1315,224520
24/08/2023,1315,1330,1315,1320,333011
25/08/2023,1325,1325,1300,1315,218265
28/08/2023,1325,1330,1315,1325,277673
29/08/2023,1325,1360,1305,1355,430574
30/08/2023,1365,1400,1360,1390,641468
31/08/2023,1395,1415,1375,1400,576173
01/09/2023,1410,1495,1405,1495,1196852
04/09/2023,1505,1555,1480,1530,756836
05/09/2023,1530,1535,1455,1465,735719
06/09/2023,1470,1535,1470,1495,906618
07/09/2023,1500,1515,1475,1475,353679
08/09/2023,1475,1475,1425,1445,520294
11/09/2023,1445,1470,1430,1460,301067
12/09/2023,1460,1475,1440,1440,413825
13/09/2023,1450,1485,1445,1475,508750
14/09/2023,1475,1495,1465,1470,357080
15/09/2023,1490,1500,1475,1485,221578
18/09/2023,1490,1525,1475,1475,342275
19/09/2023,1490,1490,1465,1475,262655
20/09/2023,1475,1495,1460,1460,203188
21/09/2023,1460,1465,1440,1450,199406
22/09/2023,1455,1485,1450,1475,127544
25/09/2023,1485,1490,1455,1460,94889
26/09/2023,1465,1470,1450,1460,178721
27/09/2023,1465,1525,1460,1520,499222
29/09/2023,1550,1560,1525,1545,477498
02/10/2023,1545,1550,1510,1515,270637
03/10/2023,1500,1500,1425,1430,687092
04/10/2023,1430,1435,1400,1410,332210
05/10/2023,1400,1415,1360,1405,372002
06/10/2023,1405,1420,1395,1420,246247
09/10/2023,1475,1495,1450,1490,683166
10/10/2023,1500,1510,1455,1460,297843
11/10/2023,1460,1475,1440,1455,545859
12/10/2023,1455,1465,1435,1445,117763
13/10/2023,1455,1475,1450,1460,127212
16/10/2023,1485,1490,1440,1445,213219
17/10/2023,1450,1455,1425,1440,316572
18/10/2023,1440,1455,1430,1440,1270020
19/10/2023,1440,1480,1430,1440,447087
20/10/2023,1450,1465,1435,1455,205512
23/10/2023,1455,1460,1430,1450,173381
24/10/2023,1450,1475,1400,1460,343909
25/10/2023,1450,1465,1425,1440,581383
26/10/2023,1445,1455,1415,1435,572023
27/10/2023,1435,1460,1420,1440,275822
30/10/2023,1450,1470,1445,1450,234900
31/10/2023,1460,1495,1445,1490,335168
01/11/2023,1490,1515,1475,1505,304926
02/11/2023,1505,1540,1475,1475,272588
03/11/2023,1465,1500,1450,1475,254593
06/11/2023,1500,1515,1480,1505,173834
07/11/2023,1505,1515,1485,1490,107854
08/11/2023,1490,1500,1460,1475,138313
09/11/2023,1475,1495,1465,1475,55196
10/11/2023,1475,1475,1435,1435,174718
13/11/2023,1440,1460,1440,1455,59634
14/11/2023,1460,1465,1450,1455,45061
15/11/2023,1465,1485,1465,1465,89058
16/11/2023,1465,1475,1445,1455,114831
17/11/2023,1450,1455,1425,1430,169707
20/11/2023,1435,1460,1435,1460,88760
21/11/2023,1470,1470,1435,1455,132085
22/11/2023,1455,1465,1445,1460,23855
23/11/2023,1460,1460,1435,1450,119273
24/11/2023,1450,1460,1440,1450,37887
27/11/2023,1450,1460,1440,1440,29571
28/11/2023,1440,1450,1420,1430,147894
29/11/2023,1435,1460,1435,1445,153315
30/11/2023,1440,1450,1430,1435,227783
01/12/2023,1435,1450,1430,1435,118395
04/12/2023,1430,1435,1385,1405,399689
05/12/2023,1405,1405,1380,1405,173707
06/12/2023,1410,1410,1380,1400,256994
07/12/2023,1395,1395,1330,1335,527911
08/12/2023,1340,1405,1340,1395,460319
11/12/2023,1400,1415,1380,1400,200485
12/12/2023,1400,1425,1400,1400,169663
13/12/2023,1415,1415,1385,1400,71850
14/12/2023,1405,1460,1395,1450,397506
15/12/2023,1460,1465,1440,1465,114782
18/12/2023,1465,1475,1435,1440,130526
19/12/2023,1460,1465,1445,1450,167867
20/12/2023,1455,1470,1435,1450,49583
21/12/2023,1450,1450,1415,1435,105872
22/12/2023,1435,1450,1425,1450,84755
27/12/2023,1450,1455,1415,1445,231867
28/12/2023,1445,1455,1425,1445,128128
29/12/2023,1450,1490,1435,1475,348819
02/01/2024,1480,1500,1475,1500,197296
03/01/2024,1500,1525,1485,1515,255522
04/01/2024,1515,1615,1500,1580,619483
05/01/2024,1580,1585,1555,1565,222618
08/01/2024,1570,1585,1540,1550,303161
09/01/2024,1550,1555,1525,1550,203948
10/01/2024,1565,1575,1540,1565,190326
11/01/2024,1560,1560,1540,1545,119284
12/01/2024,1555,1570,1550,1560,143471
15/01/2024,1560,1580,1560,1565,154490
16/01/2024,1570,1645,1560,1580,472213
17/01/2024,1600,1640,1595,1610,499506
18/01/2024,1600,1620,1580,1610,202472
19/01/2024,1600,1640,1595,1625,242488
22/01/2024,1625,1665,1620,1635,448825
23/01/2024,1645,1670,1630,1650,337718
24/01/2024,1665,1665,1635,1650,117089
25/01/2024,1650,1660,1620,1650,206924
26/01/2024,1665,1695,1665,1680,309561
29/01/2024,1690,1690,1625,1635,409453
30/01/2024,1635,1650,1605,1635,244238
31/01/2024,1635,1650,1610,1620,320666
01/02/2024,1605,1630,1580,1610,416483
02/02/2024,1620,1625,1590,1590,318783
05/02/2024,1600,1615,1585,1605,249858
06/02/2024,1620,1645,1605,1630,206438
07/02/2024,1630,1640,1610,1620,96887
12/02/2024,1630,1650,1620,1630,156319
13/02/2024,1630,1640,1605,1635,183052
15/02/2024,1625,1650,1620,1640,422689
16/02/2024,1640,1645,1600,1625,300259
19/02/2024,1625,1630,1605,1620,147138
20/02/2024,1620,1630,1610,1615,153964
21/02/2024,1625,1625,1610,1620,157866
22/02/2024,1620,1635,1610,1630,171760
23/02/2024,1630,1630,1610,1630,129381
26/02/2024,1630,1630,1605,1620,190599
27/02/2024,1635,1670,1615,1655,472468
28/02/2024,1660,1675,1655,1670,295214
29/02/2024,1675,1745,1655,1700,1118589
01/03/2024,1700,1775,1700,1750,566700
04/03/2024,1760,1775,1745,1750,258389
05/03/2024,1750,1795,1720,1790,284501
06/03/2024,1790,1810,1770,1790,412901
07/03/2024,1790,1795,1750,1785,179699
08/03/2024,1785,1790,1750,1750,171077
13/03/2024,1750,1775,1750,1750,250949
14/03/2024,1755,1770,1735,1750,283325
15/03/2024,1750,1770,1745,1750,334974
18/03/2024,1750,1775,1750,1755,298446
19/03/2024,1760,1785,1760,1785,297979
20/03/2024,1785,1795,1780,1795,79493
21/03/2024,1800,1825,1760,1775,366928
22/03/2024,1770,1770,1675,1700,674085
25/03/2024,1700,1740,1700,1735,315292
26/03/2024,1745,1745,1715,1725,412546
27/03/2024,1725,1725,1655,1700,612476
28/03/2024,1705,1720,1690,1720,209605
01/04/2024,1700,1710,1690,1710,209718
02/04/2024,1715,1790,1715,1790,464505
03/04/2024,1790,1805,1765,1775,218157
04/04/2024,1785,1785,1755,1770,189127
05/04/2024,1770,1770,1725,1735,166818
16/04/2024,1745,1865,1740,1815,702636
17/04/2024,1820,1845,1760,1795,331215
18/04/2024,1780,1860,1765,1850,746438
19/04/2024,1855,1860,1830,1845,302753
22/04/2024,1850,1850,1770,1795,289347
23/04/2024,1800,1825,1780,1800,193616
24/04/2024,1805,1810,1785,1790,99518
25/04/2024,1785,1785,1700,1735,296772
26/04/2024,1730,1730,1570,1600,514360
29/04/2024,1630,1655,1580,1650,492312
30/04/2024,1650,1700,1645,1675,398745
02/05/2024,1675,1675,1625,1650,319200
03/05/2024,1650,1665,1635,1650,259798
06/05/2024,1675,1695,1650,1680,257389
07/05/2024,1685,1685,1640,1660,420586
08/05/2024,1660,1670,1630,1660,243261
13/05/2024,1625,1660,1610,1650,291329
14/05/2024,1645,1650,1615,1635,375981
15/05/2024,1635,1635,1600,1625,293251
16/05/2024,1625,1625,1570,1580,380365
17/05/2024,1580,1580,1545,1580,451376
20/05/2024,1585,1610,1585,1610,206672
21/05/2024,1615,1620,1565,1570,259358
22/05/2024,1575,1600,1565,1595,216731
27/05/2024,1590,1590,1565,1580,116632
28/05/2024,1580,1585,1560,1580,331499
29/05/2024,1585,1670,1580,1650,380638
30/05/2024,1650,1675,1615,1625,242608
31/05/2024,1625,1630,1595,1600,520857
03/06/2024,1600,1615,1585,1605,389265
04/06/2024,1605,1615,1580,1600,264822
05/06/2024,1595,1595,1565,1570,116797
06/06/2024,1590,1590,1570,1590,49208
07/06/2024,1590,1605,1575,1600,53014
10/06/2024,1600,1640,1600,1620,144365
11/06/2024,1630,1640,1595,1605,135703
12/06/2024,1625,1625,1570,1590,330041
13/06/2024,1590,1595,1575,1590,87418
14/06/2024,1585,1595,1565,1570,342688
19/06/2024,1570,1590,1565,1580,131506
20/06/2024,1580,1585,1530,1565,180167
21/06/2024,1565,1580,1560,1580,108462
24/06/2024,1580,1640,1565,1630,305910
25/06/2024,1635,1635,1610,1635,92700
26/06/2024,1635,1650,1620,1640,138927
27/06/2024,1640,1650,1630,1645,140860
28/06/2024,1650,1685,1620,1620,547130
01/07/2024,1620,1620,1580,1600,399773
02/07/2024,1605,1610,1585,1595,228752
03/07/2024,1600,1605,1570,1590,249925
04/07/2024,1595,1600,1570,1580,294641
05/07/2024,1580,1580,1550,1565,423529
08/07/2024,1565,1565,1480,1515,1169603
09/07/2024,1515,1520,1490,1500,705592
10/07/2024,1500,1520,1500,1510,474261
11/07/2024,1515,1520,1505,1505,393025
12/07/2024,1505,1520,1485,1500,626422
15/07/2024,1500,1505,1470,1505,352462
16/07/2024,1510,1530,1495,1505,407270
17/07/2024,1510,1510,1500,1505,99342
18/07/2024,1510,1525,1505,1520,240840
19/07/2024,1520,1525,1505,1515,239744
22/07/2024,1515,1520,1505,1510,229779
23/07/2024,1510,1515,1500,1505,144358
24/07/2024,1505,1510,1500,1505,171617
25/07/2024,1505,1520,1500,1510,306717
26/07/2024,1515,1555,1505,1555,565226
29/07/2024,1560,1565,1515,1530,711269
30/07/2024,1520,1525,1505,1525,461873
31/07/2024,1525,1525,1510,1515,445301
01/08/2024,1520,1525,1505,1520,430810
02/08/2024,1520,1535,1510,1525,444664
05/08/2024,1480,1485,1390,1405,766820
06/08/2024,1420,1425,1395,1405,361309
07/08/2024,1410,1445,1410,1440,364903
08/08/2024,1435,1435,1415,1420,148125
09/08/2024,1425,1465,1425,1450,255514
12/08/2024,1460,1495,1450,1485,200806
13/08/2024,1485,1495,1465,1485,198200
14/08/2024,1490,1540,1490,1540,437555
15/08/2024,1540,1545,1515,1520,145530
16/08/2024,1530,1530,1510,1515,94950
19/08/2024,1520,1520,1490,1505,141643
20/08/2024,1505,1510,1490,1510,291922
21/08/2024,1510,1510,1485,1500,313772
22/08/2024,1485,1500,1460,1460,238275
23/08/2024,1465,1485,1445,1450,255274
26/08/2024,1455,1470,1450,1470,116439
27/08/2024,1470,1485,1470,1485,161058
28/08/2024,1490,1510,1480,1505,145525
29/08/2024,1515,1515,1465,1480,177570
30/08/2024,1485,1500,1475,1495,147528
02/09/2024,1495,1500,1475,1495,129608
03/09/2024,1495,1495,1455,1475,234804
04/09/2024,1450,1455,1410,1435,691954
05/09/2024,1435,1435,1415,1435,286115
06/09/2024,1430,1435,1420,1420,255759
09/09/2024,1420,1425,1400,1410,379032
10/09/2024,1415,1450,1415,1435,289064
11/09/2024,1435,1455,1425,1430,305133
12/09/2024,1445,1480,1440,1470,310561
13/09/2024,1480,1485,1455,1470,259415
17/09/2024,1470,1490,1445,1480,210057
18/09/2024,1490,1490,1465,1465,160326
19/09/2024,1465,1475,1460,1470,137254
20/09/2024,1465,1495,1455,1495,257444
23/09/2024,1495,1525,1485,1520,368913
24/09/2024,1520,1570,1520,1560,734836
25/09/2024,1565,1570,1530,1530,255014
26/09/2024,1520,1535,1505,1525,173263
27/09/2024,1530,1560,1525,1550,218470
30/09/2024,1550,1560,1535,1550,414331
01/10/2024,1550,1560,1535,1550,185014
02/10/2024,1570,1590,1565,1580,510327
03/10/2024,1585,1605,1580,1595,302286
04/10/2024,1605,1625,1600,1615,389572
07/10/2024,1620,1650,1605,1615,397579
08/10/2024,1625,1635,1530,1545,478307
09/10/2024,1545,1560,1510,1525,133825
10/10/2024,1525,1545,1520,1545,249327
11/10/2024,1555,1555,1525,1540,265407
14/10/2024,1540,1550,1535,1535,169211
15/10/2024,1535,1535,1460,1460,762815
16/10/2024,1460,1500,1440,1500,878303
17/10/2024,1490,1500,1470,1490,332329
18/10/2024,1490,1495,1445,1445,327325
21/10/2024,1445,1460,1440,1445,184637
22/10/2024,1455,1460,1445,1450,112124
23/10/2024,1450,1455,1435,1440,203740
24/10/2024,1440,1445,1415,1420,255113
25/10/2024,1420,1425,1405,1410,161670
28/10/2024,1400,1400,1360,1360,302996
29/10/2024,1360,1370,1325,1350,394148
30/10/2024,1350,1405,1345,1395,286649
31/10/2024,1395,1400,1350,1350,206123
01/11/2024,1360,1390,1335,1350,119865
04/11/2024,1350,1355,1295,1300,280395
05/11/2024,1300,1375,1300,1360,186359
06/11/2024,1370,1370,1325,1340,100845
07/11/2024,1340,1340,1300,1310,221931
08/11/2024,1310,1395,1300,1375,186803
11/11/2024,1380,1380,1320,1380,111156
12/11/2024,1370,1370,1335,1350,105960
13/11/2024,1350,1385,1350,1370,123229
14/11/2024,1370,1370,1340,1350,43790
15/11/2024,1350,1350,1295,1300,232040
18/11/2024,1300,1345,1295,1340,64945
19/11/2024,1340,1355,1305,1310,84306
20/11/2024,1315,1340,1310,1330,42831
21/11/2024,1340,1350,1300,1305,111523
22/11/2024,1305,1315,1295,1305,81399
25/11/2024,1305,1325,1265,1265,315570
26/11/2024,1265,1270,1225,1230,200335
28/11/2024,1230,1240,1210,1225,97797
29/11/2024,1240,1240,1215,1230,100509
02/12/2024,1230,1245,1215,1225,69433
03/12/2024,1225,1225,1210,1225,90813
04/12/2024,1230,1280,1230,1270,140290
05/12/2024,1270,1330,1255,1315,209164
06/12/2024,1310,1325,1295,1320,74696
09/12/2024,1320,1345,1310,1345,114161
10/12/2024,1345,1370,1340,1355,202123
11/12/2024,1350,1355,1330,1335,89533
12/12/2024,1340,1355,1325,1335,121451
13/12/2024,1340,1340,1310,1315,23785
16/12/2024,1315,1315,1275,1280,95724
17/12/2024,1280,1280,1220,1225,109268
18/12/2024,1225,1235,1155,1170,240121
19/12/2024,1165,1165,1115,1120,170138
20/12/2024,1120,1165,1115,1140,348688
23/12/2024,1130,1165,1120,1130,118559
24/12/2024,1140,1145,1115,1120,93239
27/12/2024,1120,1140,1115,1120,80818
30/12/2024,1135,1140,1075,1120,238030
02/01/2025,1135,1155,1125,1155,86117
03/01/2025,1155,1165,1125,1125,104657
06/01/2025,1125,1125,1045,1045,314995
07/01/2025,1045,1100,1030,1100,250839
08/01/2025,1100,1200,1075,1170,272467
09/01/2025,1170,1210,1125,1175,395949
10/01/2025,1195,1200,1150,1200,190950
13/01/2025,1200,1225,1170,1170,218451
14/01/2025,1175,1225,1175,1210,308090
15/01/2025,1210,1225,1200,1220,94546
16/01/2025,1225,1230,1200,1200,100483
17/01/2025,1215,1215,1200,1200,137364
20/01/2025,1205,1270,1200,1250,159221
21/01/2025,1255,1270,1230,1245,127959
22/01/2025,1245,1250,1225,1230,214296
23/01/2025,1235,1260,1230,1230,141157
24/01/2025,1235,1235,1180,1190,87455
30/01/2025,1190,1190,1105,1120,227319
31/01/2025,1120,1130,1085,1110,152600
03/02/2025,1110,1115,1075,1095,176013
04/02/2025,1100,1115,1090,1105,190378
05/02/2025,1155,1155,1110,1125,72846
06/02/2025,1120,1125,1095,1125,86972
07/02/2025,1125,1140,1080,1130,101788
10/02/2025,1125,1125,1080,1105,182968
11/02/2025,1105,1120,1090,1105,120668
12/02/2025,1105,1110,1095,1105,203989
13/02/2025,1110,1115,1100,1105,125410
14/02/2025,1105,1110,1090,1110,67773
17/02/2025,1100,1125,1100,1115,81505
18/02/2025,1115,1215,1115,1200,349160
19/02/2025,1215,1235,1190,1205,195352
20/02/2025,1210,1250,1200,1235,145902
21/02/2025,1235,1240,1210,1230,60126
24/02/2025,1235,1235,1215,1215,67399
25/02/2025,1220,1225,1195,1200,69828
26/02/2025,1200,1220,1200,1205,65085
27/02/2025,1220,1330,1220,1310,1061480
28/02/2025,1315,1325,1240,1240,684562
03/03/2025,1250,1265,1210,1235,144199
04/03/2025,1245,1250,1160,1210,187554
05/03/2025,1210,1230,1195,1205,265857
06/03/2025,1205,1295,1205,1280,166520
07/03/2025,1285,1330,1285,1305,193203
10/03/2025,1300,1315,1265,1290,187809
11/03/2025,1280,1305,1270,1280,111184
12/03/2025,1285,1320,1285,1305,149641
13/03/2025,1320,1320,1165,1175,293241
14/03/2025,1185,1190,1115,1140,249006
17/03/2025,1145,1145,1110,1125,104102
18/03/2025,1130,1145,1075,1085,221225
19/03/2025,1100,1125,1075,1095,110237
20/03/2025,1100,1135,1100,1100,121069
21/03/2025,1110,1130,1100,1100,130095
24/03/2025,1105,1110,1050,1095,171135
25/03/2025,1095,1240,1060,1135,395990
26/03/2025,1135,1155,1105,1105,219192
27/03/2025,1105,1120,1085,1095,146479
08/04/2025,980,990,945,970,356248
09/04/2025,970,990,890,900,281719
10/04/2025,960,1125,960,1100,546943
11/04/2025,1095,1100,1035,1050,445616
14/04/2025,1050,1110,1050,1075,420219
15/04/2025,1075,1095,1050,1050,382449
16/04/2025,1050,1070,1035,1045,432502
17/04/2025,1045,1060,1035,1050,297133
21/04/2025,1060,1120,1050,1075,204066
22/04/2025,1075,1110,1075,1105,89778
23/04/2025,1115,1155,1115,1135,257001
24/04/2025,1135,1210,1125,1195,370375
25/04/2025,1200,1215,1160,1185,178075
28/04/2025,1185,1225,1180,1200,142849
29/04/2025,1205,1250,1185,1240,317095
30/04/2025,1245,1295,1245,1260,278562
02/05/2025,1260,1275,1230,1245,129445
05/05/2025,1250,1300,1250,1270,256176
06/05/2025,1275,1280,1235,1270,350143
07/05/2025,1275,1310,1265,1290,516771
08/05/2025,1250,1265,1235,1240,212678
09/05/2025,1255,1280,1235,1245,131513
14/05/2025,1245,1290,1245,1255,126817
15/05/2025,1265,1265,1245,1250,68699
16/05/2025,1265,1285,1245,1275,162349
19/05/2025,1280,1305,1265,1270,296437
20/05/2025,1270,1300,1265,1270,113169
21/05/2025,1280,1375,1275,1375,790629
22/05/2025,1375,1380,1245,1340,440312
23/05/2025,1355,1360,1300,1300,246347
26/05/2025,1315,1315,1270,1295,165823
27/05/2025,1305,1305,1285,1290,92733
28/05/2025,1300,1305,1275,1275,194602
02/06/2025,1275,1280,1205,1235,183089
03/06/2025,1245,1265,1215,1265,223360
04/06/2025,1265,1270,1235,1235,163821
05/06/2025,1230,1235,1200,1210,133967
10/06/2025,1210,1255,1200,1220,424852
11/06/2025,1220,1250,1215,1250,198130
12/06/2025,1270,1300,1265,1285,307224
13/06/2025,1315,1350,1315,1315,403477
16/06/2025,1345,1370,1275,1280,379283
17/06/2025,1280,1295,1260,1295,145569
18/06/2025,1315,1345,1300,1305,294044
19/06/2025,1325,1325,1255,1275,257985
20/06/2025,1270,1275,1215,1215,748051
23/06/2025,1250,1305,1250,1260,639948
24/06/2025,1200,1255,1200,1210,300569
25/06/2025,1230,1235,1155,1155,293213
26/06/2025,1155,1195,1150,1190,136528
30/06/2025,1200,1210,1160,1160,140315
01/07/2025,1175,1185,1160,1170,64504
02/07/2025,1180,1185,1160,1165,74957
03/07/2025,1180,1190,1160,1180,276875
04/07/2025,1180,1200,1170,1190,33025
07/07/2025,1190,1190,1130,1170,173204
08/07/2025,1175,1190,1160,1160,126077
09/07/2025,1160,1175,1155,1155,85420
10/07/2025,1160,1180,1155,1170,106119
11/07/2025,1170,1200,1170,1190,178526
14/07/2025,1200,1230,1195,1215,228789
15/07/2025,1220,1255,1215,1240,175628
16/07/2025,1260,1265,1205,1220,186284
17/07/2025,1220,1225,1200,1215,75328
18/07/2025,1215,1215,1185,1190,198481
21/07/2025,1210,1215,1200,1215,117206
22/07/2025,1220,1235,1215,1220,119971
23/07/2025,1220,1260,1220,1260,208502
24/07/2025,1260,1270,1105,1240,492559
25/07/2025,1250,1250,1220,1240,109945
28/07/2025,1250,1330,1240,1320,592364
29/07/2025,1330,1365,1320,1345,682577
30/07/2025,1345,1350,1310,1325,252419
31/07/2025,1330,1345,1315,1340,346906
01/08/2025,1345,1350,1320,1325,213392
04/08/2025,1335,1335,1290,1295,343028
05/08/2025,1310,1340,1300,1315,413521
06/08/2025,1265,1280,1255,1270,240922
07/08/2025,1275,1315,1265,1305,295761
08/08/2025,1310,1310,1265,1305,117565
11/08/2025,1305,1310,1280,1285,72101
12/08/2025,1285,1290,1260,1260,158452
13/08/2025,1285,1285,1255,1280,129727
14/08/2025,1280,1280,1255,1255,138874
15/08/2025,1255,1300,1255,1260,369364
19/08/2025,1260,1260,1210,1220,325545
20/08/2025,1215,1235,1195,1230,434910
21/08/2025,1230,1255,1220,1225,192746
22/08/2025,1235,1245,1220,1230,126160
25/08/2025,1250,1260,1235,1250,197496
26/08/2025,1260,1270,1225,1225,220370
27/08/2025,1225,1230,1200,1215,211911
28/08/2025,1215,1230,1200,1225,296886
29/08/2025,1220,1220,1175,1195,258363
01/09/2025,1150,1200,1135,1190,259192
02/09/2025,1195,1210,1190,1200,134990
03/09/2025,1210,1240,1205,1235,205029
04/09/2025,1240,1255,1215,1230,184581
08/09/2025,1235,1245,1215,1220,167255
09/09/2025,1220,1235,1200,1220,95717
10/09/2025,1220,1235,1200,1230,94682
11/09/2025,1250,1250,1220,1220,94796
12/09/2025,1230,1230,1205,1205,102865
15/09/2025,1210,1220,1195,1200,166618
16/09/2025,1205,1260,1195,1240,391841
17/09/2025,1255,1260,1235,1245,168491
18/09/2025,1250,1250,1230,1240,93463
19/09/2025,1240,1245,1205,1225,112344
22/09/2025,1220,1230,1195,1200,207333
23/09/2025,1205,1220,1195,1210,160560
24/09/2025,1215,1220,1205,1210,160632
25/09/2025,1220,1250,1210,1220,284508
26/09/2025,1230,1235,1205,1235,131581
29/09/2025,1245,1250,1205,1215,150033
30/09/2025,1215,1225,1205,1210,127650
01/10/2025,1225,1225,1130,1135,483489
02/10/2025,1140,1155,1115,1115,293803
03/10/2025,1115,1150,1115,1135,155987
06/10/2025,1135,1145,1115,1115,191250
07/10/2025,1125,1145,1115,1130,260407
08/10/2025,1130,1150,1120,1125,153360
09/10/2025,1130,1140,1110,1130,137131
10/10/2025,1120,1130,1105,1105,143209
13/10/2025,1100,1110,1085,1090,23584400
14/10/2025,1090,1105,1065,1075,31616400
15/10/2025,1090,1100,1065,1065,101285100
16/10/2025,1100,1110,1070,1085,30891200
17/10/2025,1085,1090,1065,1070,10922600
20/10/2025,1075,1100,1075,1090,8629500
21/10/2025,1090,1140,1090,1130,35361500
22/10/2025,1135,1145,1095,1095,21046600
23/10/2025,1105,1130,1095,1115,23455400
24/10/2025,1150,1235,1150,1210,124769100
27/10/2025,1230,1260,1210,1215,70441000
28/10/2025,1230,1230,1190,1210,27306900
29/10/2025,1200,1240,1200,1220,41887600
30/10/2025,1220,1250,1200,1205,49401600
31/10/2025,1205,1235,1200,1220,44720900
03/11/2025,1220,1270,1215,1250,50402400
04/11/2025,1255,1270,1240,1270,30699300
05/11/2025,1270,1270,1220,1235,36271600
06/11/2025,1235,1260,1230,1245,16070600
07/11/2025,1250,1255,1235,1250,9832800
10/11/2025,1250,1250,1210,1210,19988600
11/11/2025,1220,1240,1210,1225,13260000
12/11/2025,1225,1260,1225,1255,16520200
13/11/2025,1255,1255,1235,1240,6951900
14/11/2025,1245,1250,1220,1230,9916900
17/11/2025,1230,1430,1220,1275,32981600
18/11/2025,1275,1360,1260,1345,82461500
19/11/2025,1345,1355,1305,1340,35019100
20/11/2025,1345,1355,1265,1275,38891400
21/11/2025,1280,1300,1275,1290,10733100
24/11/2025,1325,1325,1260,1260,21042500
25/11/2025,1260,1270,1230,1260,9304000
26/11/2025,1275,1275,1245,1270,6796200
27/11/2025,1275,1275,1225,1240,18917600
28/11/2025,1245,1260,1230,1240,7621300
01/12/2025,1250,1250,1220,1220,12547300
02/12/2025,1230,1255,1225,1240,13000100
03/12/2025,1240,1245,1225,1235,9012400
04/12/2025,1230,1320,1225,1315,35528300
05/12/2025,1305,1310,1270,1280,24373700
08/12/2025,1300,1300,1260,1285,18256900
09/12/2025,1285,1285,1230,1235,14379600
10/12/2025,1250,1275,1240,1270,16992600
11/12/2025,1275,1280,1225,1235,9875600
12/12/2025,1240,1260,1230,1235,7208300
15/12/2025,1250,1260,1225,1235,10227300
16/12/2025,1235,1245,1225,1235,5710500
17/12/2025,1235,1260,1235,1245,7818800
18/12/2025,1255,1270,1235,1235,10384500
19/12/2025,1235,1250,1230,1230,5983900
22/12/2025,1235,1245,1225,1240,12689000
23/12/2025,1240,1255,1240,1250,6134700
24/12/2025,1255,1265,1235,1250,12171000
29/12/2025,1250,1265,1240,1250,116556
30/12/2025,1255,1285,1255,1260,202283
02/01/2026,1270,1285,1265,1280,94889
05/01/2026,1300,1315,1290,1300,258340
06/01/2026,1300,1305,1280,1285,258185
07/01/2026,1300,1300,1255,1265,222455
08/01/2026,1275,1290,1240,1245,250472
