Date,Open,High,Low,Close,Volume
02/01/2004,332,332,323,328,144498
05/01/2004,357,357,332,349,943240
06/01/2004,361,361,340,344,253281
07/01/2004,336,336,315,319,661447
08/01/2004,328,328,302,302,563319
09/01/2004,315,315,307,311,237417
12/01/2004,315,315,294,298,449983
13/01/2004,298,298,281,290,410101
14/01/2004,302,302,290,294,528497
15/01/2004,298,298,290,294,178844
16/01/2004,290,290,265,273,786302
19/01/2004,277,277,260,265,393910
20/01/2004,290,290,256,286,1737608
21/01/2004,290,290,277,281,972259
23/01/2004,281,281,273,277,327331
26/01/2004,286,286,273,277,307419
27/01/2004,277,277,269,273,241911
28/01/2004,273,273,265,269,238132
29/01/2004,265,265,252,260,279799
30/01/2004,260,260,239,252,1120061
03/02/2004,252,252,239,244,405309
04/02/2004,244,260,244,256,676418
05/02/2004,260,260,252,260,569182
06/02/2004,273,273,260,273,1432332
09/02/2004,273,277,269,273,280067
10/02/2004,273,273,269,273,229352
11/02/2004,273,273,269,269,223965
12/02/2004,273,273,269,273,187922
13/02/2004,277,277,269,277,229977
16/02/2004,277,286,273,281,531116
17/02/2004,281,281,277,277,253489
18/02/2004,281,281,277,281,163100
19/02/2004,281,281,277,281,347331
20/02/2004,286,286,277,286,555611
24/02/2004,281,281,273,277,212446
25/02/2004,281,281,269,273,216167
26/02/2004,269,269,265,265,146075
27/02/2004,265,265,252,252,374088
01/03/2004,256,256,248,252,249025
02/03/2004,256,269,256,265,915710
03/03/2004,265,265,256,260,448227
04/03/2004,256,256,239,252,1310513
05/03/2004,248,252,239,239,991932
08/03/2004,239,244,239,239,208190
09/03/2004,239,239,231,235,1142978
10/03/2004,235,235,227,231,391261
11/03/2004,227,231,218,218,313015
12/03/2004,218,231,218,223,827255
15/03/2004,231,231,210,214,821600
16/03/2004,206,218,206,218,946872
17/03/2004,223,231,218,218,1220153
18/03/2004,223,231,218,223,617160
19/03/2004,223,227,223,227,657786
23/03/2004,227,235,218,235,935086
24/03/2004,235,239,227,227,540104
25/03/2004,227,227,210,218,585254
26/03/2004,218,223,210,210,265424
29/03/2004,214,214,206,210,316795
30/03/2004,210,214,210,210,174112
31/03/2004,214,214,206,206,105509
01/04/2004,206,210,202,210,182178
02/04/2004,210,223,210,223,583796
06/04/2004,223,227,218,223,797016
07/04/2004,227,227,223,223,592427
08/04/2004,223,227,218,218,491829
12/04/2004,218,223,214,223,127652
13/04/2004,223,223,218,218,29644
14/04/2004,214,214,210,210,416619
15/04/2004,210,214,210,214,70895
16/04/2004,214,214,210,214,126164
19/04/2004,214,214,210,214,29971
20/04/2004,218,231,218,231,1125091
21/04/2004,231,231,223,223,504568
22/04/2004,223,223,218,218,227536
23/04/2004,223,223,218,218,217804
26/04/2004,218,218,214,214,59555
27/04/2004,218,218,214,218,78603
28/04/2004,218,218,214,218,113396
29/04/2004,214,214,206,206,537009
30/04/2004,206,206,202,202,270633
04/05/2004,206,210,202,206,121640
05/05/2004,206,206,197,197,289949
06/05/2004,202,206,197,202,296586
07/05/2004,202,202,193,202,499270
10/05/2004,197,197,189,193,510074
11/05/2004,193,202,193,202,279234
12/05/2004,202,206,197,202,425667
13/05/2004,202,202,197,197,168725
14/05/2004,197,197,185,185,382600
17/05/2004,181,181,160,160,482424
18/05/2004,164,168,155,160,731717
19/05/2004,164,172,164,168,1436052
21/05/2004,168,176,168,176,690406
24/05/2004,176,181,172,176,201077
25/05/2004,172,172,168,168,121611
26/05/2004,176,176,172,172,67919
27/05/2004,176,176,172,176,114706
28/05/2004,176,185,176,181,567337
31/05/2004,181,181,176,181,106134
01/06/2004,176,176,172,176,90211
02/06/2004,176,176,168,172,197744
04/06/2004,168,172,164,172,369385
07/06/2004,172,172,168,168,108902
08/06/2004,168,168,164,168,46341
09/06/2004,168,172,168,172,95776
10/06/2004,168,168,164,164,79794
11/06/2004,168,168,168,168,50537
14/06/2004,168,168,164,164,20536
15/06/2004,164,168,164,168,140867
16/06/2004,172,181,172,176,800171
17/06/2004,176,176,172,172,289234
18/06/2004,172,172,168,168,98128
21/06/2004,172,176,172,176,579838
22/06/2004,176,193,176,193,865947
23/06/2004,193,193,189,193,254561
24/06/2004,193,197,189,193,137415
25/06/2004,193,206,193,206,695615
28/06/2004,202,206,202,202,71669
29/06/2004,202,214,202,210,254174
30/06/2004,210,210,206,210,192208
01/07/2004,210,210,202,206,76074
02/07/2004,202,210,202,202,199619
06/07/2004,210,214,206,206,254144
07/07/2004,206,227,206,227,996605
08/07/2004,227,227,223,223,863119
09/07/2004,223,223,218,223,227715
12/07/2004,223,223,218,218,111551
13/07/2004,218,218,214,214,61906
14/07/2004,214,214,206,206,125718
15/07/2004,206,214,206,214,57174
16/07/2004,214,223,214,223,157564
19/07/2004,223,223,214,218,178606
20/07/2004,218,218,214,214,29078
21/07/2004,218,218,214,214,129260
22/07/2004,214,214,210,214,69942
23/07/2004,214,214,210,210,107324
26/07/2004,210,210,202,202,196583
27/07/2004,206,206,202,206,65865
28/07/2004,206,206,202,202,112473
29/07/2004,206,206,202,202,12203
30/07/2004,206,210,206,206,52115
02/08/2004,210,210,202,202,74228
03/08/2004,206,206,202,206,11369
04/08/2004,206,206,197,202,137355
05/08/2004,202,206,197,202,195214
06/08/2004,197,197,185,185,588766
09/08/2004,185,189,185,189,94884
10/08/2004,197,197,193,197,219083
11/08/2004,197,202,193,202,290782
12/08/2004,197,197,193,193,60508
13/08/2004,193,193,193,193,107176
16/08/2004,193,193,189,193,28483
18/08/2004,197,197,189,193,56013
19/08/2004,193,193,193,193,143129
20/08/2004,193,197,193,197,148933
23/08/2004,197,202,197,197,402124
24/08/2004,197,197,193,193,326229
25/08/2004,193,197,193,197,73097
26/08/2004,193,197,193,193,176047
27/08/2004,197,197,193,197,55002
30/08/2004,202,206,197,202,648232
31/08/2004,202,210,202,210,520104
01/09/2004,210,214,210,210,805915
02/09/2004,210,218,210,218,505222
03/09/2004,218,218,214,218,263341
06/09/2004,214,214,210,214,186106
07/09/2004,214,214,210,210,310098
08/09/2004,210,214,206,214,387749
09/09/2004,210,214,197,206,1233784
10/09/2004,206,223,206,223,1097471
14/09/2004,223,235,223,235,2019223
15/09/2004,231,235,227,231,636714
16/09/2004,227,231,227,231,202208
17/09/2004,231,231,227,231,493407
21/09/2004,231,235,223,231,399208
22/09/2004,231,231,223,227,109021
23/09/2004,223,227,223,227,438971
27/09/2004,223,227,223,227,202238
28/09/2004,223,223,218,223,53871
29/09/2004,223,227,218,218,92979
30/09/2004,223,231,223,231,479686
01/10/2004,231,252,231,252,3683138
04/10/2004,252,252,244,248,1317685
05/10/2004,244,248,239,248,744931
06/10/2004,248,248,244,248,406708
07/10/2004,248,248,239,239,485549
08/10/2004,239,252,239,252,867822
11/10/2004,252,265,252,265,1808086
12/10/2004,265,273,265,269,1507393
13/10/2004,265,273,265,269,943657
14/10/2004,265,265,248,256,1981752
15/10/2004,252,252,244,248,915978
18/10/2004,248,248,244,244,143159
19/10/2004,248,248,244,244,153099
20/10/2004,248,248,231,235,1562543
21/10/2004,239,244,231,239,1078125
22/10/2004,239,248,239,248,1166878
25/10/2004,248,252,244,248,393225
26/10/2004,248,252,248,252,476472
27/10/2004,252,252,248,252,390725
28/10/2004,252,256,248,252,370457
29/10/2004,252,252,244,252,376975
01/11/2004,252,252,248,252,162147
02/11/2004,252,256,252,252,662637
03/11/2004,252,252,248,252,240275
04/11/2004,252,256,252,252,530283
05/11/2004,256,269,256,269,2351553
08/11/2004,269,273,265,269,701984
09/11/2004,269,273,265,269,786718
10/11/2004,273,277,273,277,554480
11/11/2004,277,281,269,269,405934
12/11/2004,273,281,273,277,712698
22/11/2004,277,286,273,277,707788
23/11/2004,277,281,277,277,636952
24/11/2004,277,290,277,286,1327209
25/11/2004,290,290,281,290,1170598
26/11/2004,290,294,290,290,320098
29/11/2004,294,294,286,290,201881
30/11/2004,290,298,290,298,760646
02/12/2004,298,311,298,307,2046991
03/12/2004,307,307,294,298,674424
06/12/2004,298,307,298,307,883507
07/12/2004,307,307,294,298,920412
08/12/2004,294,298,290,290,471620
09/12/2004,290,294,281,281,400517
10/12/2004,281,281,269,273,845053
13/12/2004,273,277,265,269,792909
14/12/2004,269,277,265,273,668352
15/12/2004,273,277,273,277,205274
16/12/2004,277,290,277,290,777879
17/12/2004,290,294,286,286,446887
20/12/2004,290,290,286,290,111313
21/12/2004,290,302,290,302,705674
22/12/2004,302,302,298,302,973271
23/12/2004,302,302,294,298,206107
27/12/2004,298,302,294,298,287419
28/12/2004,298,298,294,294,355307
29/12/2004,298,298,290,294,239888
30/12/2004,294,294,290,290,146075
03/01/2005,289,292,289,291,58454
04/01/2005,291,301,289,301,685317
05/01/2005,301,311,297,301,2121071
06/01/2005,301,304,299,301,488020
07/01/2005,302,307,299,299,702222
10/01/2005,299,302,292,292,349980
11/01/2005,294,301,294,297,219768
12/01/2005,297,299,292,294,175749
13/01/2005,297,297,289,291,503377
14/01/2005,291,294,289,291,250900
17/01/2005,294,294,291,291,105181
18/01/2005,291,292,291,292,152385
19/01/2005,291,299,291,296,444536
20/01/2005,294,301,294,301,450161
24/01/2005,299,299,296,297,278192
25/01/2005,299,301,296,297,336855
26/01/2005,299,299,297,297,143218
27/01/2005,299,299,296,299,676894
28/01/2005,299,299,297,299,374177
31/01/2005,299,307,299,306,1301703
01/02/2005,307,309,304,306,493020
02/02/2005,306,306,302,302,221226
03/02/2005,304,304,299,302,394773
04/02/2005,302,304,299,302,148486
07/02/2005,302,302,296,297,198815
08/02/2005,297,299,297,299,30923
11/02/2005,299,299,291,299,527098
14/02/2005,299,304,299,301,266287
15/02/2005,302,302,299,299,120450
16/02/2005,299,316,299,316,2108154
17/02/2005,316,331,312,324,2657782
18/02/2005,326,354,326,351,2867371
21/02/2005,353,378,353,370,1963150
22/02/2005,370,370,357,357,544628
23/02/2005,357,370,353,365,515848
24/02/2005,370,374,357,357,358581
25/02/2005,361,370,349,357,800528
28/02/2005,353,365,349,361,328908
01/03/2005,365,407,365,407,1646534
02/03/2005,407,420,391,395,1472005
03/03/2005,395,395,382,391,940651
04/03/2005,395,407,395,407,709305
07/03/2005,412,420,407,412,1445695
08/03/2005,416,420,407,412,480757
09/03/2005,412,416,412,416,431411
10/03/2005,412,412,403,407,410636
14/03/2005,407,412,403,407,219679
15/03/2005,412,428,407,416,1671237
16/03/2005,420,420,412,416,463674
17/03/2005,416,437,416,424,1176461
18/03/2005,428,428,420,420,431917
21/03/2005,424,433,420,420,591624
22/03/2005,420,433,420,428,537604
23/03/2005,428,428,420,420,132891
24/03/2005,416,416,391,395,912079
28/03/2005,391,399,365,374,910323
29/03/2005,370,374,353,365,942586
30/03/2005,361,374,349,361,556117
31/03/2005,370,382,365,378,709246
01/04/2005,378,391,378,382,588379
04/04/2005,386,395,382,395,219024
05/04/2005,395,399,382,386,151909
06/04/2005,386,386,382,386,51817
07/04/2005,391,403,391,403,501770
08/04/2005,407,412,403,407,256138
11/04/2005,403,403,395,403,92354
12/04/2005,403,407,403,407,242566
13/04/2005,403,416,403,412,329503
14/04/2005,407,407,403,403,143873
15/04/2005,399,399,386,391,266496
18/04/2005,386,386,365,370,398850
19/04/2005,374,382,370,378,303580
20/04/2005,386,391,382,382,162118
21/04/2005,378,378,365,374,369058
25/04/2005,370,370,340,344,260841
26/04/2005,344,361,344,361,164380
27/04/2005,361,370,357,370,179082
28/04/2005,370,370,361,365,46549
29/04/2005,353,357,353,357,62145
02/05/2005,361,365,353,357,61996
03/05/2005,353,357,353,357,75091
04/05/2005,357,361,353,357,177594
06/05/2005,361,374,361,374,499061
09/05/2005,378,395,374,395,716538
10/05/2005,395,399,386,395,361826
11/05/2005,395,399,391,391,411738
12/05/2005,395,399,391,395,243787
13/05/2005,391,391,378,382,87443
16/05/2005,382,382,370,374,79228
17/05/2005,382,382,361,365,310425
18/05/2005,370,370,361,365,145837
19/05/2005,370,374,361,374,136611
20/05/2005,374,374,370,374,126938
23/05/2005,374,378,370,374,78901
25/05/2005,374,382,374,378,194499
26/05/2005,378,378,374,378,69228
27/05/2005,378,386,378,386,108426
30/05/2005,386,395,382,395,383880
31/05/2005,395,403,391,395,755319
01/06/2005,399,403,395,399,315931
02/06/2005,399,407,399,407,518526
03/06/2005,407,407,399,399,117563
06/06/2005,399,403,395,403,65121
07/06/2005,403,407,399,399,131879
08/06/2005,399,403,391,399,215244
09/06/2005,403,416,403,412,1014641
10/06/2005,412,412,399,403,170630
13/06/2005,407,407,403,407,47472
14/06/2005,407,412,403,407,85300
15/06/2005,407,412,407,412,247685
16/06/2005,407,412,403,403,144915
17/06/2005,407,424,407,420,1000564
20/06/2005,424,428,416,420,860708
21/06/2005,407,407,395,395,314919
22/06/2005,399,403,399,403,254203
23/06/2005,403,416,403,412,632577
24/06/2005,407,416,403,416,201375
27/06/2005,412,412,403,407,71044
28/06/2005,403,407,403,403,58484
29/06/2005,403,407,403,407,65448
30/06/2005,403,403,399,403,220572
01/07/2005,403,412,403,412,146730
04/07/2005,407,407,403,407,32739
05/07/2005,407,407,399,403,70895
06/07/2005,403,403,399,403,125748
07/07/2005,403,407,399,407,230304
11/07/2005,407,407,407,407,89169
12/07/2005,407,416,407,416,204529
14/07/2005,416,416,412,412,93634
15/07/2005,412,412,407,412,202625
19/07/2005,407,412,407,412,74198
20/07/2005,412,412,407,412,101074
21/07/2005,407,407,407,407,145361
26/07/2005,416,416,407,412,15983
27/07/2005,407,407,403,407,72413
28/07/2005,407,412,399,403,195839
29/07/2005,403,407,403,407,64704
01/08/2005,407,407,403,407,118247
02/08/2005,407,407,403,407,125956
03/08/2005,407,407,395,399,199113
04/08/2005,399,399,386,391,567040
05/08/2005,391,391,382,386,180392
08/08/2005,386,391,382,386,38751
09/08/2005,386,386,378,382,132772
10/08/2005,386,399,386,399,296853
11/08/2005,399,403,395,399,230810
12/08/2005,399,399,391,395,93842
15/08/2005,391,391,374,378,163427
16/08/2005,378,382,374,378,217208
18/08/2005,378,386,365,374,189797
19/08/2005,370,370,353,361,126789
22/08/2005,370,370,353,361,72562
23/08/2005,361,361,349,353,90479
24/08/2005,344,344,328,344,419029
25/08/2005,344,370,340,370,291585
26/08/2005,370,370,353,357,213905
29/08/2005,344,344,323,332,740199
30/08/2005,328,365,319,361,289056
31/08/2005,365,378,361,378,326676
01/09/2005,365,382,365,378,175987
06/09/2005,395,399,391,391,156969
07/09/2005,399,399,395,399,301139
08/09/2005,399,416,399,412,834368
09/09/2005,412,416,407,407,138188
12/09/2005,412,416,407,416,272418
13/09/2005,416,416,407,407,104943
14/09/2005,403,407,395,395,77651
15/09/2005,395,395,382,395,88544
16/09/2005,391,403,391,395,294949
19/09/2005,403,407,403,407,210006
20/09/2005,412,412,403,407,156344
22/09/2005,407,407,399,407,283163
23/09/2005,407,407,399,403,321765
26/09/2005,403,407,403,407,176374
27/09/2005,407,407,407,407,106193
28/09/2005,412,412,407,407,93515
29/09/2005,407,437,407,433,761807
30/09/2005,433,458,433,458,1054940
03/10/2005,445,475,441,470,597130
04/10/2005,470,483,466,475,562367
05/10/2005,475,483,466,483,313193
06/10/2005,479,483,462,466,81074
07/10/2005,458,470,458,470,65776
10/10/2005,470,470,458,466,232239
11/10/2005,462,466,462,466,134974
12/10/2005,466,475,466,470,298044
13/10/2005,470,475,470,475,127384
14/10/2005,475,475,470,475,120182
17/10/2005,475,475,470,470,38632
18/10/2005,475,475,470,470,121105
19/10/2005,470,470,462,462,56311
20/10/2005,466,466,462,466,111640
21/10/2005,462,462,462,462,30388
24/10/2005,462,462,445,449,108753
25/10/2005,454,458,445,458,65865
26/10/2005,454,458,449,454,142980
27/10/2005,458,458,441,441,160183
28/10/2005,437,437,428,428,153903
31/10/2005,433,433,424,433,251049
01/11/2005,433,433,428,428,350129
09/11/2005,428,437,424,433,306407
10/11/2005,433,433,420,420,257477
11/11/2005,424,424,412,412,123664
14/11/2005,412,416,407,412,76371
15/11/2005,412,416,403,403,335158
16/11/2005,403,407,399,407,225125
17/11/2005,407,407,399,403,96848
18/11/2005,407,412,407,407,411619
21/11/2005,412,420,412,420,806064
22/11/2005,424,437,420,437,941723
23/11/2005,437,441,433,437,687460
24/11/2005,437,441,433,437,134260
25/11/2005,437,441,428,428,196821
28/11/2005,433,433,428,433,32977
29/11/2005,433,458,433,458,1050386
30/11/2005,458,479,454,479,679900
01/12/2005,479,496,479,487,837315
02/12/2005,491,496,483,491,424030
05/12/2005,491,491,483,487,222834
06/12/2005,491,504,487,491,617458
07/12/2005,491,496,483,483,236554
08/12/2005,487,496,483,483,244977
09/12/2005,491,529,487,525,1149109
12/12/2005,533,643,533,609,1577722
13/12/2005,613,630,592,609,1175896
14/12/2005,609,609,567,567,1063422
15/12/2005,567,567,542,546,600433
16/12/2005,546,563,538,538,425756
19/12/2005,546,571,546,571,410279
20/12/2005,575,592,567,571,558140
21/12/2005,567,567,546,554,521324
22/12/2005,554,559,550,550,60746
23/12/2005,559,571,559,563,271883
27/12/2005,571,584,571,580,131968
28/12/2005,588,601,588,596,424000
29/12/2005,605,617,601,601,469656
02/01/2006,605,609,601,605,62293
03/01/2006,609,609,588,592,337122
04/01/2006,609,622,605,622,577337
05/01/2006,626,655,626,651,785022
06/01/2006,647,668,643,668,608797
09/01/2006,672,722,672,714,703561
11/01/2006,714,722,693,701,506859
12/01/2006,710,769,710,760,885471
13/01/2006,756,806,748,764,593261
16/01/2006,806,823,760,785,347926
17/01/2006,798,802,756,760,353581
18/01/2006,748,760,714,714,598320
19/01/2006,731,752,727,752,317955
20/01/2006,764,781,756,760,340069
23/01/2006,731,760,731,739,170660
24/01/2006,748,756,739,743,103009
25/01/2006,743,756,731,743,346051
26/01/2006,748,752,727,739,181196
27/01/2006,739,743,701,706,448822
30/01/2006,714,718,706,718,198994
01/02/2006,722,735,722,731,542188
02/02/2006,735,764,735,764,602011
03/02/2006,764,769,752,764,305217
06/02/2006,760,764,748,752,121372
07/02/2006,752,777,752,769,415071
08/02/2006,760,760,722,727,796748
09/02/2006,735,743,731,739,277359
10/02/2006,743,748,739,743,199767
13/02/2006,735,735,722,727,239322
14/02/2006,714,722,706,710,337242
15/02/2006,714,722,710,718,163844
16/02/2006,718,718,693,697,152623
17/02/2006,701,710,647,651,900531
20/02/2006,655,664,643,643,476531
21/02/2006,647,655,630,643,443762
22/02/2006,647,664,643,655,592368
23/02/2006,659,680,659,672,612606
24/02/2006,672,676,659,672,186553
27/02/2006,672,685,672,685,299979
28/02/2006,689,689,672,676,393820
01/03/2006,676,685,672,680,222357
02/03/2006,689,722,689,722,1251136
03/03/2006,727,743,722,739,796361
06/03/2006,735,752,735,743,445280
07/03/2006,735,735,710,714,481591
08/03/2006,714,714,693,701,534301
09/03/2006,693,714,689,714,271287
10/03/2006,714,727,710,722,341706
13/03/2006,722,722,710,722,52174
14/03/2006,722,722,710,714,89407
15/03/2006,722,727,710,714,173398
16/03/2006,718,731,718,731,210631
17/03/2006,731,735,718,722,356587
20/03/2006,727,731,722,727,225215
21/03/2006,727,727,718,722,217685
22/03/2006,722,739,718,731,626833
23/03/2006,739,739,727,727,297984
24/03/2006,731,731,722,727,39406
27/03/2006,731,735,731,735,117712
28/03/2006,739,739,731,735,130391
29/03/2006,731,731,722,731,43096
03/04/2006,739,743,735,739,362421
04/04/2006,743,769,743,756,821928
05/04/2006,760,790,760,790,841720
06/04/2006,798,823,794,802,785855
07/04/2006,806,819,798,806,418791
11/04/2006,811,832,811,823,370219
12/04/2006,823,844,819,840,620821
13/04/2006,840,848,823,832,103247
17/04/2006,840,853,836,836,144022
18/04/2006,844,916,844,916,816600
19/04/2006,958,966,924,958,77380108
20/04/2006,974,1025,974,974,630672
21/04/2006,924,966,924,958,534568
24/04/2006,983,1025,958,974,466858
25/04/2006,966,983,958,983,175541
26/04/2006,991,1033,991,1008,316289
27/04/2006,1025,1058,991,1016,279115
28/04/2006,1000,1000,958,966,450399
01/05/2006,974,1000,974,991,262358
02/05/2006,991,1000,949,958,291734
03/05/2006,974,991,949,974,302776
04/05/2006,974,991,932,958,474329
05/05/2006,974,974,924,941,381915
08/05/2006,958,958,932,932,152088
09/05/2006,941,941,907,907,481174
10/05/2006,924,949,916,932,709514
11/05/2006,932,966,932,949,612755
12/05/2006,949,966,941,941,241822
15/05/2006,932,932,823,840,419863
16/05/2006,832,865,739,840,854012
17/05/2006,865,899,865,882,456709
18/05/2006,840,848,790,832,270246
19/05/2006,832,848,806,806,153546
22/05/2006,806,806,668,668,616684
23/05/2006,668,689,643,672,617547
24/05/2006,680,714,680,685,567307
29/05/2006,697,752,697,743,498883
30/05/2006,748,777,748,769,685257
31/05/2006,748,760,735,748,284353
01/06/2006,760,769,701,710,349682
02/06/2006,706,718,689,714,314324
05/06/2006,722,735,718,722,113515
06/06/2006,697,706,693,697,243965
07/06/2006,680,689,651,655,490966
08/06/2006,638,643,613,626,556801
09/06/2006,626,647,617,643,462900
12/06/2006,638,655,630,643,479210
13/06/2006,626,643,609,613,539122
14/06/2006,601,617,592,617,621535
15/06/2006,630,643,626,643,769307
16/06/2006,664,701,664,697,755229
19/06/2006,693,710,685,706,251644
20/06/2006,689,706,689,701,545700
21/06/2006,697,701,680,685,305514
22/06/2006,697,706,689,693,471948
23/06/2006,693,693,685,689,126164
26/06/2006,685,697,676,697,96997
27/06/2006,706,735,706,735,882971
28/06/2006,722,764,714,760,801004
29/06/2006,764,769,752,764,525104
30/06/2006,785,798,773,777,436887
03/07/2006,790,794,781,790,217744
04/07/2006,798,840,794,836,579957
05/07/2006,840,853,827,832,443941
06/07/2006,819,819,756,756,1506768
07/07/2006,764,769,739,748,215929
10/07/2006,739,777,727,777,546325
11/07/2006,781,794,773,785,594362
12/07/2006,794,802,764,773,782611
13/07/2006,764,777,764,769,211643
14/07/2006,756,769,743,764,414357
17/07/2006,756,760,743,752,163516
18/07/2006,756,760,748,752,165600
19/07/2006,752,756,722,722,301348
20/07/2006,739,773,739,769,527783
21/07/2006,752,769,752,752,175808
24/07/2006,748,781,748,781,435905
25/07/2006,790,798,785,798,533973
26/07/2006,802,823,802,823,516741
27/07/2006,832,840,819,840,322360
28/07/2006,840,857,815,857,260245
31/07/2006,865,882,865,874,397957
01/08/2006,865,890,865,874,235721
02/08/2006,874,882,857,874,199232
03/08/2006,882,890,857,857,175541
04/08/2006,857,865,848,848,107801
07/08/2006,857,874,848,865,219560
08/08/2006,874,874,865,874,71431
09/08/2006,865,874,865,865,50984
10/08/2006,865,907,848,857,307241
11/08/2006,865,882,865,874,95241
14/08/2006,874,899,874,899,109467
15/08/2006,899,932,899,907,398047
16/08/2006,924,924,899,899,78216
22/08/2006,924,1000,924,991,694603
23/08/2006,991,991,958,974,156969
24/08/2006,974,974,924,932,330694
25/08/2006,941,941,916,941,170124
28/08/2006,941,941,924,924,66163
29/08/2006,941,949,932,949,64049
30/08/2006,958,958,932,941,134855
31/08/2006,941,941,899,907,222357
01/09/2006,907,924,899,907,389237
04/09/2006,924,932,916,924,274978
05/09/2006,924,932,916,924,162594
06/09/2006,924,958,916,958,362034
07/09/2006,941,966,932,966,456947
08/09/2006,949,958,949,958,254501
11/09/2006,949,949,890,907,417809
12/09/2006,890,890,857,874,491740
13/09/2006,890,890,865,874,528943
14/09/2006,882,899,882,899,163219
15/09/2006,882,899,882,899,203547
18/09/2006,882,882,865,874,322836
19/09/2006,874,882,865,874,324057
20/09/2006,865,907,857,907,651030
21/09/2006,916,924,899,907,319949
22/09/2006,916,932,907,916,382481
25/09/2006,916,916,899,907,67026
26/09/2006,907,916,899,907,66817
27/09/2006,916,924,907,916,129051
28/09/2006,924,932,907,924,174320
29/09/2006,924,924,916,924,204351
02/10/2006,924,924,907,916,65538
03/10/2006,916,941,916,941,433941
04/10/2006,941,941,907,924,237804
05/10/2006,924,924,916,924,76966
06/10/2006,932,932,916,924,207803
09/10/2006,924,924,916,924,180362
10/10/2006,924,958,924,958,441322
11/10/2006,958,966,932,958,318431
12/10/2006,958,958,941,949,177624
13/10/2006,949,974,949,966,361409
16/10/2006,974,1008,974,1000,962080
17/10/2006,1008,1042,1008,1033,680793
18/10/2006,1033,1033,1008,1008,135391
19/10/2006,1008,1025,1008,1025,110033
20/10/2006,1025,1042,1025,1033,93187
30/10/2006,1033,1184,1033,1176,804963
31/10/2006,1176,1210,1126,1168,436470
01/11/2006,1168,1176,1117,1126,238459
02/11/2006,1126,1201,1126,1151,803504
03/11/2006,1159,1176,1159,1176,189589
06/11/2006,1176,1201,1176,1184,166463
07/11/2006,1193,1193,1159,1184,176463
08/11/2006,1176,1226,1176,1210,292449
09/11/2006,1201,1218,1193,1210,97711
10/11/2006,1218,1218,1201,1210,56073
13/11/2006,1210,1210,1184,1184,62948
14/11/2006,1193,1210,1193,1210,84764
15/11/2006,1218,1260,1218,1243,222030
16/11/2006,1252,1268,1235,1243,64198
17/11/2006,1218,1252,1218,1243,147593
20/11/2006,1243,1252,1235,1243,47204
21/11/2006,1260,1277,1260,1268,76788
22/11/2006,1260,1260,1243,1260,173041
23/11/2006,1268,1268,1252,1252,77234
24/11/2006,1260,1336,1260,1294,270365
27/11/2006,1336,1352,1302,1327,192476
28/11/2006,1310,1327,1277,1277,161850
29/11/2006,1285,1294,1252,1260,214262
30/11/2006,1277,1285,1260,1268,175570
01/12/2006,1277,1285,1268,1268,148873
04/12/2006,1268,1302,1268,1268,156463
05/12/2006,1285,1327,1277,1327,325694
06/12/2006,1344,1369,1336,1361,290335
07/12/2006,1344,1420,1344,1420,235274
08/12/2006,1420,1420,1361,1369,97652
11/12/2006,1386,1403,1378,1394,87235
12/12/2006,1403,1411,1378,1378,79794
13/12/2006,1378,1386,1369,1378,110420
14/12/2006,1378,1378,1352,1352,103247
15/12/2006,1369,1403,1352,1361,124557
18/12/2006,1361,1386,1361,1361,91580
19/12/2006,1361,1378,1327,1344,335128
20/12/2006,1352,1378,1352,1361,87621
21/12/2006,1361,1394,1352,1386,96461
22/12/2006,1378,1378,1344,1361,143814
26/12/2006,1361,1378,1336,1344,122355
27/12/2006,1352,1361,1352,1361,139379
28/12/2006,1361,1361,1344,1344,157117
02/01/2007,1361,1361,1344,1361,287806
03/01/2007,1361,1369,1352,1361,309622
04/01/2007,1352,1369,1302,1310,452394
05/01/2007,1336,1336,1319,1327,137980
08/01/2007,1327,1327,1302,1319,62055
09/01/2007,1319,1319,1260,1277,110033
10/01/2007,1268,1268,1159,1176,338998
11/01/2007,1210,1218,1168,1176,114497
12/01/2007,1210,1218,1109,1176,275097
15/01/2007,1210,1226,1176,1218,235632
16/01/2007,1235,1294,1226,1252,263073
17/01/2007,1252,1260,1243,1260,78663
18/01/2007,1285,1336,1285,1319,222625
19/01/2007,1319,1336,1302,1319,103931
22/01/2007,1336,1369,1336,1352,338730
23/01/2007,1361,1361,1344,1361,188964
24/01/2007,1361,1378,1344,1352,467870
25/01/2007,1361,1361,1319,1327,341140
26/01/2007,1294,1361,1277,1361,146968
29/01/2007,1361,1361,1327,1336,88187
30/01/2007,1344,1361,1327,1336,168368
31/01/2007,1336,1336,1285,1310,320068
01/02/2007,1310,1344,1310,1310,169588
02/02/2007,1327,1327,1302,1310,111848
05/02/2007,1285,1319,1285,1302,51549
06/02/2007,1294,1302,1277,1285,93544
07/02/2007,1294,1319,1294,1310,99318
08/02/2007,1302,1319,1294,1319,23334
09/02/2007,1319,1319,1268,1285,177922
12/02/2007,1294,1310,1277,1302,152177
13/02/2007,1294,1302,1277,1277,203607
14/02/2007,1294,1319,1285,1310,322598
15/02/2007,1327,1478,1327,1478,2170745
16/02/2007,1512,1546,1420,1462,1954638
19/02/2007,1478,1478,1436,1453,596296
20/02/2007,1462,1495,1436,1487,730735
21/02/2007,1512,1579,1487,1562,1736298
22/02/2007,1579,1621,1537,1554,1533048
23/02/2007,1554,1554,1495,1520,675822
26/02/2007,1562,1579,1487,1520,674096
27/02/2007,1537,1562,1504,1554,766033
28/02/2007,1428,1537,1428,1529,2148155
01/03/2007,1537,1579,1537,1562,1096459
02/03/2007,1562,1613,1562,1588,1198962
05/03/2007,1546,1571,1470,1487,1190033
06/03/2007,1495,1537,1462,1529,981039
07/03/2007,1546,1554,1512,1546,922615
08/03/2007,1562,1613,1554,1613,1475398
09/03/2007,1621,1655,1604,1613,1385842
12/03/2007,1613,1705,1604,1705,1551859
13/03/2007,1730,1747,1705,1730,1153336
14/03/2007,1680,1714,1663,1688,921424
15/03/2007,1722,1789,1722,1789,1297893
16/03/2007,1814,1856,1806,1806,1771150
20/03/2007,1831,1898,1831,1898,1409474
21/03/2007,1890,1898,1848,1865,530699
22/03/2007,1882,1932,1848,1932,817552
23/03/2007,1949,1949,1890,1907,771331
26/03/2007,1898,1966,1865,1966,1216492
27/03/2007,1974,2041,1966,1974,1462332
28/03/2007,1982,1999,1890,1907,1008957
29/03/2007,1882,1982,1865,1982,1328430
30/03/2007,1999,2024,1974,1991,1010623
02/04/2007,2008,2033,1982,2008,772164
03/04/2007,2024,2134,2016,2134,1757311
04/04/2007,2184,2394,2176,2386,2481230
05/04/2007,2428,2436,2318,2327,2444830
09/04/2007,2386,2486,2369,2470,1775049
10/04/2007,2486,2587,2444,2554,1466172
11/04/2007,2537,2688,2520,2579,2368846
12/04/2007,2520,2604,2503,2537,1350573
13/04/2007,2537,2562,2428,2453,2436228
16/04/2007,2486,2612,2486,2596,2200627
17/04/2007,2621,2663,2587,2604,1386348
18/04/2007,2638,2654,2537,2545,1276553
19/04/2007,2503,2520,2335,2394,3739776
20/04/2007,2470,2478,2386,2478,1470398
23/04/2007,2537,2596,2537,2570,1444534
24/04/2007,2587,2587,2537,2554,408851
25/04/2007,2520,2537,2461,2503,778682
26/04/2007,2520,2680,2478,2663,2949516
27/04/2007,2688,2688,2596,2621,1185092
30/04/2007,2646,2671,2612,2621,848089
01/05/2007,2663,2730,2629,2696,1706684
02/05/2007,2722,2780,2705,2730,1222713
03/05/2007,2755,2772,2705,2722,902882
04/05/2007,2755,2764,2671,2713,644631
07/05/2007,2755,2806,2705,2722,1976156
08/05/2007,2738,2738,2688,2705,311913
09/05/2007,2688,2730,2680,2713,325694
10/05/2007,2705,2755,2688,2713,621029
11/05/2007,2671,2713,2621,2654,817701
14/05/2007,2705,2713,2654,2671,487514
15/05/2007,2671,2688,2638,2646,242150
16/05/2007,2663,2713,2646,2671,567337
21/05/2007,2696,2705,2646,2663,426798
22/05/2007,2663,2680,2646,2654,196226
23/05/2007,2638,2696,2629,2646,460370
24/05/2007,2621,2621,2512,2528,1258785
25/05/2007,2470,2486,2411,2486,1013689
28/05/2007,2537,2554,2478,2528,522187
29/05/2007,2528,2528,2428,2461,499776
30/05/2007,2495,2495,2428,2436,358373
31/05/2007,2461,2470,2318,2352,1011308
04/06/2007,2352,2386,2234,2251,819160
05/06/2007,2251,2251,2075,2083,1655433
06/06/2007,2033,2310,1966,2234,2258932
07/06/2007,2167,2285,2150,2184,862048
08/06/2007,2117,2201,2108,2142,544807
11/06/2007,2184,2234,2176,2218,548497
12/06/2007,2243,2302,2234,2243,799873
13/06/2007,2184,2218,2167,2192,273400
14/06/2007,2243,2260,2218,2234,199678
15/06/2007,2268,2285,2251,2276,391945
18/06/2007,2310,2318,2243,2251,356617
19/06/2007,2201,2234,2192,2218,285603
20/06/2007,2184,2218,2167,2209,541176
21/06/2007,2192,2243,2184,2209,315574
22/06/2007,2184,2184,2150,2159,151165
25/06/2007,2150,2176,2125,2176,114706
26/06/2007,2176,2209,2150,2159,307836
27/06/2007,2142,2142,2108,2134,427542
28/06/2007,2134,2150,2092,2108,172802
29/06/2007,2117,2117,2083,2108,296050
02/07/2007,2100,2176,2100,2159,680763
03/07/2007,2150,2176,2125,2134,688144
04/07/2007,2134,2142,2092,2117,401737
05/07/2007,2100,2167,2075,2167,904132
06/07/2007,2192,2285,2176,2285,1660671
09/07/2007,2318,2386,2285,2302,2123720
10/07/2007,2302,2302,2226,2226,877911
11/07/2007,2201,2226,2167,2226,1345246
12/07/2007,2268,2331,2205,2226,1102394
13/07/2007,2268,2289,2205,2226,325444
16/07/2007,2247,2247,2184,2184,98675
17/07/2007,2184,2226,2163,2184,180100
18/07/2007,2184,2205,2142,2163,242477
19/07/2007,2184,2268,2163,2268,473061
20/07/2007,2310,2331,2268,2289,804052
23/07/2007,2289,2415,2268,2415,1588020
24/07/2007,2394,2415,2352,2373,418565
25/07/2007,2331,2352,2310,2331,452447
26/07/2007,2331,2352,2247,2268,536408
27/07/2007,2205,2247,2163,2205,782426
30/07/2007,2184,2226,2163,2205,317693
31/07/2007,2205,2268,2205,2268,289121
01/08/2007,2247,2268,2163,2184,709942
02/08/2007,2226,2226,2142,2184,396767
03/08/2007,2184,2205,2142,2163,203547
06/08/2007,2100,2100,1995,2016,661762
07/08/2007,2079,2079,1995,2016,284990
08/08/2007,2037,2184,2037,2163,765236
09/08/2007,2184,2205,2100,2121,574111
10/08/2007,2016,2079,1995,2079,363951
13/08/2007,2100,2100,2037,2100,78240
14/08/2007,2079,2079,2016,2037,175779
15/08/2007,1995,1995,1764,1764,890352
16/08/2007,1680,1680,1533,1575,1128686
20/08/2007,1688,1848,1688,1840,1381705
21/08/2007,1890,1911,1680,1701,796272
22/08/2007,1764,1827,1722,1806,996218
23/08/2007,1890,1932,1827,1848,1545436
24/08/2007,1806,1827,1764,1827,498936
27/08/2007,1869,1869,1827,1848,395076
28/08/2007,1890,1953,1869,1890,1105447
29/08/2007,1764,1848,1764,1848,835112
30/08/2007,1890,1932,1848,1869,511300
31/08/2007,1869,1890,1848,1890,663512
03/09/2007,1890,1890,1848,1869,470924
04/09/2007,1869,1890,1827,1848,390987
05/09/2007,1869,1869,1785,1848,717776
06/09/2007,1806,1932,1785,1932,1416158
07/09/2007,1953,2037,1911,1995,2085772
10/09/2007,1932,1974,1911,1953,845982
11/09/2007,1974,1995,1932,1974,574272
12/09/2007,2016,2016,1932,1953,466757
13/09/2007,1953,1953,1911,1953,308425
14/09/2007,1974,1974,1932,1953,132194
17/09/2007,1953,1974,1932,1953,248971
18/09/2007,1932,2058,1932,2058,1353002
19/09/2007,2121,2247,2121,2226,2934462
20/09/2007,2268,2310,2247,2268,1558067
21/09/2007,2226,2310,2226,2310,812505
24/09/2007,2331,2373,2289,2373,949818
25/09/2007,2373,2436,2352,2373,1033451
26/09/2007,2373,2394,2310,2352,486508
27/09/2007,2373,2394,2331,2373,436447
28/09/2007,2373,2373,2310,2331,211934
01/10/2007,2310,2352,2289,2310,432786
02/10/2007,2331,2331,2247,2289,895817
03/10/2007,2289,2289,2142,2184,1236689
04/10/2007,2184,2268,2163,2205,552486
05/10/2007,2226,2310,2205,2289,944985
08/10/2007,2331,2352,2310,2331,737711
09/10/2007,2310,2352,2310,2352,568188
10/10/2007,2352,2415,2352,2394,1266797
11/10/2007,2415,2646,2415,2625,3552206
17/10/2007,2604,2877,2562,2877,2199918
18/10/2007,2898,3003,2688,2688,2819245
19/10/2007,2667,2814,2625,2730,1830170
22/10/2007,2562,2625,2499,2520,2116844
23/10/2007,2583,2751,2583,2751,2123309
24/10/2007,2814,2856,2688,2709,1775549
25/10/2007,2772,2793,2667,2751,1027451
26/10/2007,2772,2835,2709,2772,1599592
29/10/2007,2835,2898,2793,2856,1840325
30/10/2007,2856,2877,2751,2793,759015
31/10/2007,2772,2835,2730,2814,811963
01/11/2007,2877,3066,2877,3045,4181961
02/11/2007,2940,3066,2919,3066,2604322
05/11/2007,3066,3129,2961,2982,2221562
06/11/2007,3024,3087,2982,3087,1345180
07/11/2007,3129,3276,3129,3255,3373344
08/11/2007,3171,3402,3171,3402,2925903
09/11/2007,3444,3780,3423,3759,3725199
12/11/2007,3696,3927,3675,3801,2804733
13/11/2007,3780,3780,3528,3549,2943558
14/11/2007,3612,3633,3507,3528,1206581
15/11/2007,3570,3696,3549,3654,1233344
16/11/2007,3570,3591,3507,3570,1108834
19/11/2007,3570,3591,3507,3549,539390
20/11/2007,3444,3738,3402,3717,2875437
21/11/2007,3738,3864,3675,3738,3120872
22/11/2007,3717,3822,3654,3654,1037588
23/11/2007,3696,3906,3696,3906,1487136
26/11/2007,4011,4200,4011,4200,2300707
27/11/2007,4116,4242,4074,4116,1705809
28/11/2007,4158,4389,4116,4242,2933844
29/11/2007,4410,4452,4032,4032,2285135
30/11/2007,4032,4095,3885,3927,2102249
03/12/2007,3948,3990,3822,3885,930490
04/12/2007,3864,3906,3759,3843,1745382
05/12/2007,3843,3843,3675,3696,2081582
06/12/2007,3738,3927,3654,3906,2828864
07/12/2007,3948,3990,3738,3759,1932780
10/12/2007,3759,3843,3738,3759,681828
11/12/2007,3780,3801,3738,3801,522979
12/12/2007,3759,3906,3738,3864,946651
13/12/2007,3864,3885,3738,3759,483180
14/12/2007,3780,3780,3675,3738,327307
17/12/2007,3696,3696,3486,3507,1094310
18/12/2007,3444,3486,3339,3423,1764811
19/12/2007,3465,3465,3402,3423,601356
26/12/2007,3465,3591,3402,3591,778504
27/12/2007,3612,3738,3591,3717,989986
28/12/2007,3696,3822,3696,3759,1104995
02/01/2008,3780,3780,3675,3717,419232
03/01/2008,3675,3780,3675,3738,636041
04/01/2008,3822,3864,3780,3801,855333
07/01/2008,3738,3759,3675,3717,593356
08/01/2008,3738,3738,3633,3696,357111
09/01/2008,3696,3759,3696,3738,688716
14/01/2008,3738,3801,3696,3780,958860
15/01/2008,3843,3864,3654,3696,992492
16/01/2008,3591,3591,3255,3276,2616668
17/01/2008,3318,3360,3213,3360,1041094
18/01/2008,3108,3213,3066,3108,1534733
21/01/2008,3066,3108,2709,2793,1221296
22/01/2008,2520,2583,2394,2457,2133595
23/01/2008,2730,2877,2562,2835,2872127
24/01/2008,2877,2877,2709,2751,1580782
25/01/2008,2856,2898,2814,2856,1227367
28/01/2008,2751,2856,2646,2667,921002
29/01/2008,2751,2772,2688,2730,466150
30/01/2008,2814,3066,2814,3024,3273532
31/01/2008,3045,3045,2877,3003,1864576
01/02/2008,3066,3297,3045,3276,3152778
04/02/2008,3381,3402,3276,3297,2066676
05/02/2008,3234,3276,3171,3213,784813
06/02/2008,3066,3087,2919,2982,1241606
11/02/2008,2982,3150,2982,3045,992010
12/02/2008,3108,3255,3066,3234,1768859
13/02/2008,3276,3297,3150,3192,965455
14/02/2008,3255,3591,3192,3549,5706516
15/02/2008,3528,3528,3381,3444,2304326
18/02/2008,3444,3465,3318,3339,1051309
19/02/2008,3402,3444,3381,3423,729508
20/02/2008,3423,3465,3318,3339,751664
21/02/2008,3423,3423,3360,3402,730491
22/02/2008,3381,3486,3360,3486,1224415
25/02/2008,3528,3528,3444,3465,1184967
26/02/2008,3486,3486,3339,3360,869637
27/02/2008,3402,3402,3297,3360,772718
28/02/2008,3402,3444,3381,3423,640369
29/02/2008,3465,3528,3402,3444,1843968
03/03/2008,3318,3381,3318,3339,704758
04/03/2008,3402,3444,3318,3402,954568
05/03/2008,3402,3423,3360,3402,485400
06/03/2008,3444,3444,3381,3444,515592
10/03/2008,3360,3381,3234,3297,888102
11/03/2008,3276,3276,3108,3255,1395372
12/03/2008,3360,3381,3234,3255,695972
13/03/2008,3171,3213,3003,3024,789766
14/03/2008,3066,3129,2940,2961,621428
17/03/2008,2793,2856,2751,2793,749437
18/03/2008,2814,2919,2604,2919,880090
19/03/2008,3003,3024,2709,2751,746729
24/03/2008,2667,2772,2646,2709,349736
25/03/2008,2751,2919,2730,2877,821434
26/03/2008,2856,2961,2835,2898,868721
27/03/2008,2856,2919,2835,2898,363701
28/03/2008,2898,2982,2898,2919,512990
31/03/2008,2919,2940,2814,2814,254983
01/04/2008,2856,2877,2667,2709,692972
02/04/2008,2751,2793,2604,2625,530860
03/04/2008,2604,2646,2457,2478,640613
04/04/2008,2520,2646,2520,2646,467924
07/04/2008,2667,2709,2625,2688,301526
08/04/2008,2667,2730,2583,2583,317949
09/04/2008,2562,2625,2436,2478,742658
10/04/2008,2436,2520,2394,2499,563522
11/04/2008,2520,2625,2499,2625,995403
14/04/2008,2541,2583,2499,2583,604433
15/04/2008,2604,2646,2583,2604,528122
16/04/2008,2667,2940,2646,2919,2112916
17/04/2008,3024,3045,2835,2877,1592413
18/04/2008,2877,3003,2856,2982,1235141
21/04/2008,3045,3045,2898,2898,1044517
22/04/2008,2877,2961,2835,2898,690412
23/04/2008,2898,3024,2877,3024,666429
24/04/2008,3045,3066,2898,2898,687085
25/04/2008,2940,2940,2835,2877,526937
28/04/2008,2898,2919,2814,2898,222715
29/04/2008,2919,3003,2898,2961,459751
30/04/2008,2961,2961,2898,2940,170755
05/05/2008,2940,2961,2877,2919,258995
06/05/2008,2919,3045,2898,3003,1103947
07/05/2008,3003,3066,3003,3045,890412
08/05/2008,3024,3087,2982,3087,662602
09/05/2008,3087,3150,3066,3108,736330
12/05/2008,3129,3129,3066,3087,260489
13/05/2008,3108,3150,3087,3108,421488
14/05/2008,3108,3129,3087,3108,230780
15/05/2008,3108,3171,3108,3129,835821
16/05/2008,3150,3171,3108,3171,467584
21/05/2008,3129,3150,3066,3108,395118
22/05/2008,3045,3066,2982,3024,361022
23/05/2008,3003,3003,2814,2835,569188
26/05/2008,2793,2793,2709,2709,440090
27/05/2008,2730,2793,2688,2709,337182
28/05/2008,2688,2793,2688,2793,167296
29/05/2008,2835,2835,2709,2751,340843
30/05/2008,2772,2772,2709,2730,152189
02/06/2008,2709,2835,2709,2814,706335
03/06/2008,2814,2877,2751,2793,803618
04/06/2008,2793,2835,2709,2709,334110
05/06/2008,2709,2793,2688,2772,224857
06/06/2008,2814,2856,2709,2709,863399
09/06/2008,2604,2688,2562,2667,491311
10/06/2008,2667,2709,2562,2583,726217
11/06/2008,2625,2646,2604,2625,188696
12/06/2008,2583,2835,2583,2835,708079
13/06/2008,2856,2877,2751,2772,591028
16/06/2008,2772,2793,2709,2730,182076
17/06/2008,2709,2730,2625,2667,240173
18/06/2008,2667,2709,2646,2667,176487
19/06/2008,2625,2688,2625,2646,147831
20/06/2008,2667,2688,2625,2625,229875
23/06/2008,2604,2667,2604,2667,175904
24/06/2008,2667,2751,2646,2730,405940
25/06/2008,2730,2730,2667,2688,189023
26/06/2008,2709,2730,2688,2709,308467
27/06/2008,2688,2730,2646,2709,308384
30/06/2008,2688,2730,2646,2667,136456
01/07/2008,2688,2709,2646,2688,260269
02/07/2008,2688,2709,2667,2709,114956
03/07/2008,2667,2667,2562,2604,569492
04/07/2008,2604,2646,2562,2604,226560
07/07/2008,2604,2604,2541,2562,116729
08/07/2008,2520,2562,2478,2499,268240
09/07/2008,2520,2520,2436,2457,303032
10/07/2008,2436,2541,2436,2541,312038
11/07/2008,2562,2562,2499,2520,170165
14/07/2008,2499,2583,2499,2541,293318
15/07/2008,2499,2541,2436,2457,668453
16/07/2008,2457,2520,2436,2457,444084
17/07/2008,2499,2499,2310,2331,897817
18/07/2008,2205,2205,2016,2058,781796
21/07/2008,2079,2100,2037,2100,340212
22/07/2008,2100,2121,2058,2079,259251
23/07/2008,2079,2100,1974,1995,421274
24/07/2008,1974,2121,1932,2100,761253
25/07/2008,2016,2079,1995,2058,590612
28/07/2008,2037,2121,2037,2079,351516
29/07/2008,2037,2079,2037,2058,172856
31/07/2008,2079,2100,2037,2079,491710
01/08/2008,2058,2100,2037,2058,162112
04/08/2008,2058,2058,1953,1953,282555
05/08/2008,1911,1932,1785,1827,462322
06/08/2008,1848,1869,1743,1785,573730
07/08/2008,1785,1827,1764,1806,142135
08/08/2008,1806,1827,1743,1764,240370
11/08/2008,1764,1764,1617,1659,249001
12/08/2008,1655,1655,1537,1537,418035
13/08/2008,1537,1579,1512,1554,343879
14/08/2008,1596,1621,1571,1604,412166
15/08/2008,1562,1588,1546,1579,165778
19/08/2008,1546,1571,1504,1512,141444
20/08/2008,1546,1562,1529,1537,158534
21/08/2008,1571,1579,1546,1546,249114
22/08/2008,1596,1621,1596,1613,396166
25/08/2008,1596,1613,1579,1613,128635
26/08/2008,1604,1613,1588,1588,95253
27/08/2008,1596,1604,1588,1596,56781
28/08/2008,1613,1621,1579,1579,221316
29/08/2008,1588,1596,1562,1588,164380
01/09/2008,1588,1588,1554,1562,162993
02/09/2008,1546,1546,1504,1512,247971
03/09/2008,1512,1512,1420,1428,396041
04/09/2008,1378,1403,1327,1352,427196
05/09/2008,1277,1302,1243,1252,667054
08/09/2008,1285,1294,1243,1260,460953
09/09/2008,1243,1243,1126,1134,512169
10/09/2008,1092,1126,1050,1058,662762
11/09/2008,1067,1109,1042,1067,427607
12/09/2008,1092,1092,983,1008,692073
15/09/2008,966,1016,848,857,504318
16/09/2008,798,899,756,882,1912529
17/09/2008,916,1050,916,1033,3046763
18/09/2008,1008,1226,966,1226,7044517
19/09/2008,1260,1361,1260,1302,4761882
22/09/2008,1344,1361,1260,1268,1520685
23/09/2008,1277,1361,1277,1302,2702742
24/09/2008,1302,1327,1285,1302,644381
25/09/2008,1302,1310,1226,1235,465013
26/09/2008,1252,1252,1193,1226,534497
06/10/2008,1176,1176,890,890,1298012
07/10/2008,882,1067,857,974,2678336
08/10/2008,899,958,857,882,886489
13/10/2008,882,966,806,966,2069831
14/10/2008,1058,1058,1033,1058,185690
15/10/2008,1134,1159,1067,1092,1633855
16/10/2008,983,1092,983,1058,976408
17/10/2008,1092,1092,966,974,895418
20/10/2008,983,1050,974,1042,1034416
21/10/2008,1067,1084,966,974,1111543
22/10/2008,941,958,890,924,924758
23/10/2008,848,890,840,874,751789
24/10/2008,865,874,790,790,1020558
27/10/2008,756,756,714,714,646958
28/10/2008,647,781,647,773,1610700
29/10/2008,832,840,756,773,1167479
30/10/2008,798,848,798,848,980670
31/10/2008,848,932,790,874,2129988
03/11/2008,916,1016,899,991,1579639
04/11/2008,991,991,916,949,1001968
05/11/2008,1008,1008,890,907,1230951
06/11/2008,865,882,823,840,628851
07/11/2008,756,949,756,949,1146859
10/11/2008,1008,1008,916,941,938574
11/11/2008,932,958,890,924,816421
12/11/2008,916,941,890,932,504002
13/11/2008,882,899,840,865,495663
14/11/2008,899,924,865,882,505776
17/11/2008,874,882,832,832,285621
18/11/2008,823,823,773,781,555694
19/11/2008,756,815,756,790,301746
20/11/2008,756,773,739,756,284978
21/11/2008,739,874,714,857,1116186
24/11/2008,865,865,806,806,638101
25/11/2008,865,882,832,832,1227903
26/11/2008,840,865,840,840,464275
27/11/2008,882,882,832,832,592481
28/11/2008,840,865,832,857,336122
01/12/2008,840,882,823,832,585629
02/12/2008,798,823,798,806,268716
03/12/2008,823,857,815,823,256864
04/12/2008,840,840,823,832,171570
05/12/2008,832,840,790,806,371391
09/12/2008,840,857,832,832,616934
10/12/2008,857,924,840,916,1723250
11/12/2008,924,949,882,890,1793324
12/12/2008,890,907,840,840,741550
15/12/2008,882,1008,874,1008,2495807
16/12/2008,1000,1016,949,958,2226514
17/12/2008,974,991,958,966,1015403
18/12/2008,966,974,932,974,377159
19/12/2008,941,974,916,932,528914
22/12/2008,932,941,882,899,245304
23/12/2008,890,941,874,924,369921
24/12/2008,916,949,899,907,251692
30/12/2008,907,924,899,916,187410
05/01/2009,958,1050,949,1033,1589996
06/01/2009,1042,1042,966,991,916633
07/01/2009,1008,1109,1000,1033,3029203
08/01/2009,1008,1008,966,974,544735
09/01/2009,991,1050,983,1050,761116
12/01/2009,1042,1050,1000,1025,435732
13/01/2009,991,1008,949,966,494716
14/01/2009,983,991,958,966,239852
15/01/2009,941,941,882,890,554194
16/01/2009,907,941,899,941,325473
19/01/2009,941,974,924,941,236757
20/01/2009,899,932,899,932,140605
21/01/2009,907,949,899,916,390511
22/01/2009,932,932,899,924,180487
23/01/2009,890,907,874,890,363665
27/01/2009,907,949,907,941,463114
28/01/2009,941,941,916,924,126396
29/01/2009,941,941,907,924,211952
30/01/2009,907,932,899,932,138813
02/02/2009,932,932,890,907,142480
03/02/2009,907,907,890,899,79211
04/02/2009,899,916,899,899,39912
05/02/2009,899,916,890,907,71038
06/02/2009,907,949,907,932,309276
09/02/2009,941,949,916,916,139891
10/02/2009,874,983,874,974,405416
11/02/2009,949,1000,941,974,751640
12/02/2009,966,1000,932,932,545253
13/02/2009,941,974,941,966,154427
16/02/2009,958,966,924,941,206428
17/02/2009,924,941,916,932,118950
18/02/2009,916,941,916,924,170969
19/02/2009,924,958,924,958,228346
20/02/2009,958,1008,958,958,1128263
23/02/2009,966,1033,966,1033,873441
24/02/2009,1016,1058,991,1033,1112483
25/02/2009,1050,1050,1000,1008,507746
26/02/2009,1008,1016,966,991,366790
27/02/2009,974,1033,974,1008,408160
02/03/2009,1000,1016,966,974,188696
03/03/2009,958,983,932,974,251882
04/03/2009,974,983,958,974,203547
05/03/2009,991,991,949,949,186440
06/03/2009,949,958,941,958,98312
10/03/2009,958,958,907,916,323878
11/03/2009,932,932,890,899,585564
12/03/2009,899,907,890,899,193636
13/03/2009,924,924,899,907,214054
16/03/2009,907,924,899,907,179023
17/03/2009,916,924,890,899,331140
18/03/2009,907,907,890,890,99044
19/03/2009,899,916,899,899,207714
20/03/2009,907,949,899,941,629244
23/03/2009,949,966,932,958,641488
24/03/2009,966,974,949,966,844583
25/03/2009,958,966,941,941,261728
27/03/2009,966,974,949,949,239316
30/03/2009,924,949,907,924,217244
31/03/2009,924,932,907,916,193470
01/04/2009,924,941,916,924,280990
02/04/2009,941,974,932,966,803231
03/04/2009,974,1016,949,1008,2563666
06/04/2009,1025,1142,1016,1058,3767807
07/04/2009,1058,1075,1000,1016,922924
08/04/2009,1000,1033,991,1016,667489
13/04/2009,1050,1084,1033,1075,1394586
14/04/2009,1075,1109,1067,1100,1732751
15/04/2009,1100,1226,1084,1201,3723365
16/04/2009,1226,1268,1210,1226,2572226
17/04/2009,1235,1252,1176,1193,840095
20/04/2009,1210,1226,1168,1218,1020987
22/04/2009,1176,1218,1100,1100,774533
23/04/2009,1075,1109,1058,1084,372528
24/04/2009,1075,1092,1042,1067,559545
27/04/2009,1075,1126,1075,1075,618154
28/04/2009,1092,1109,1058,1084,421065
29/04/2009,1084,1134,1084,1126,562944
30/04/2009,1151,1201,1142,1201,978158
01/05/2009,1201,1201,1151,1151,466203
04/05/2009,1159,1235,1159,1210,1173830
05/05/2009,1243,1319,1226,1285,3133099
06/05/2009,1277,1394,1268,1386,2725195
07/05/2009,1428,1487,1428,1453,2041557
08/05/2009,1462,1621,1445,1604,1464576
11/05/2009,1621,1785,1588,1604,1554805
12/05/2009,1604,1722,1546,1722,1460183
13/05/2009,1743,1764,1655,1672,1073667
14/05/2009,1630,1630,1478,1478,1146377
15/05/2009,1554,1571,1285,1420,767515
18/05/2009,1386,1504,1344,1462,685596
19/05/2009,1520,1630,1520,1588,1693392
20/05/2009,1596,1630,1571,1579,683287
22/05/2009,1571,1621,1554,1596,784522
25/05/2009,1630,1672,1596,1646,1219772
26/05/2009,1646,1701,1596,1604,1092834
27/05/2009,1646,1680,1621,1646,957467
28/05/2009,1646,1655,1621,1646,401321
29/05/2009,1672,1701,1638,1663,987676
01/06/2009,1680,2037,1672,1995,4834253
02/06/2009,2016,2037,1806,1848,2510998
03/06/2009,1869,1932,1806,1827,813320
04/06/2009,1827,1911,1764,1890,881632
05/06/2009,1953,1995,1911,1953,1351657
08/06/2009,1953,1953,1806,1848,884441
09/06/2009,1869,1911,1806,1911,822076
10/06/2009,1953,1995,1932,1995,1193652
11/06/2009,1974,1974,1890,1953,643476
12/06/2009,1995,2016,1932,1953,673108
15/06/2009,1932,1953,1848,1869,584260
16/06/2009,1806,1848,1764,1848,750765
17/06/2009,1827,1848,1785,1827,463299
18/06/2009,1806,1806,1663,1680,835136
19/06/2009,1722,1764,1638,1680,710752
22/06/2009,1722,1722,1655,1655,240590
23/06/2009,1579,1588,1537,1554,787439
24/06/2009,1554,1722,1546,1722,998313
25/06/2009,1743,1785,1722,1743,616190
26/06/2009,1764,1806,1722,1722,301145
29/06/2009,1722,1764,1680,1722,141813
30/06/2009,1764,1785,1680,1701,338242
01/07/2009,1701,1722,1672,1722,124432
02/07/2009,1764,1806,1722,1743,605047
03/07/2009,1680,1743,1680,1722,154284
06/07/2009,1680,1680,1596,1613,489948
07/07/2009,1604,1701,1604,1680,827005
09/07/2009,1722,1743,1621,1638,839130
10/07/2009,1638,1655,1613,1621,246126
13/07/2009,1613,1613,1520,1554,468965
14/07/2009,1588,1596,1537,1571,570921
15/07/2009,1579,1630,1579,1630,736229
16/07/2009,1663,1680,1579,1596,547485
17/07/2009,1554,1613,1529,1596,661221
21/07/2009,1638,1701,1630,1701,785343
22/07/2009,1701,1722,1655,1663,613952
23/07/2009,1701,1785,1680,1785,1145996
24/07/2009,1827,1827,1743,1764,864107
27/07/2009,1806,1827,1764,1785,353284
28/07/2009,1785,1827,1764,1806,453739
29/07/2009,1785,1806,1663,1743,717466
30/07/2009,1722,1785,1701,1785,478626
31/07/2009,1848,1890,1806,1848,1061077
03/08/2009,1890,1953,1848,1932,1300084
04/08/2009,1995,2037,1911,1932,1535019
05/08/2009,1974,1995,1911,1932,756188
06/08/2009,1974,2100,1932,2079,1973721
07/08/2009,2037,2058,1974,1995,713294
10/08/2009,2016,2058,1995,2016,582040
11/08/2009,2016,2268,1974,2268,3734973
12/08/2009,2226,2247,2100,2184,2451866
13/08/2009,2247,2331,2226,2289,2591024
14/08/2009,2289,2310,2205,2226,1176622
18/08/2009,2121,2163,2037,2163,1879397
19/08/2009,2163,2184,1995,1995,1360966
20/08/2009,2058,2100,2016,2058,686192
21/08/2009,2058,2079,1995,2037,389142
24/08/2009,2121,2142,2079,2121,564420
25/08/2009,2079,2100,2058,2100,350480
26/08/2009,2100,2100,2058,2079,365129
27/08/2009,2037,2058,1974,1995,661614
28/08/2009,2016,2016,1974,2016,241179
31/08/2009,1995,2016,1890,1911,558480
01/09/2009,1932,1974,1848,1890,608124
02/09/2009,1848,1890,1806,1848,1018302
03/09/2009,1848,1932,1827,1911,908043
04/09/2009,1932,1974,1911,1953,731300
07/09/2009,1953,1953,1911,1932,239435
08/09/2009,1953,2121,1890,2121,1773287
09/09/2009,2100,2121,2037,2058,898269
10/09/2009,2079,2100,2037,2058,632899
11/09/2009,2079,2079,2037,2058,250495
14/09/2009,2037,2079,1995,2058,631744
15/09/2009,2058,2142,2037,2079,702734
16/09/2009,2121,2205,2121,2184,1643308
17/09/2009,2205,2226,2121,2163,637214
24/09/2009,2184,2184,2121,2142,404821
25/09/2009,2079,2121,2079,2100,167040
28/09/2009,2079,2100,2016,2016,203964
29/09/2009,2058,2079,2037,2037,157344
30/09/2009,2058,2100,2037,2058,244864
01/10/2009,2079,2121,2079,2079,299717
02/10/2009,2037,2100,2016,2100,514985
05/10/2009,2079,2121,2058,2079,247525
06/10/2009,2121,2163,2100,2121,454114
07/10/2009,2163,2205,2142,2184,1589282
08/10/2009,2205,2289,2205,2247,1733810
09/10/2009,2268,2268,2163,2205,805897
12/10/2009,2184,2205,2121,2163,321741
13/10/2009,2163,2226,2142,2163,339045
14/10/2009,2184,2205,2163,2205,267751
15/10/2009,2226,2247,2184,2205,686281
16/10/2009,2226,2247,2184,2205,208750
19/10/2009,2226,2226,2184,2226,130706
20/10/2009,2247,2247,2142,2163,441417
21/10/2009,2163,2205,2142,2163,201464
22/10/2009,2184,2184,2100,2142,330212
23/10/2009,2163,2184,2121,2163,201458
26/10/2009,2163,2184,2121,2142,102735
27/10/2009,2121,2142,2058,2079,272597
28/10/2009,2079,2100,1932,1932,426970
29/10/2009,1848,1932,1764,1911,683454
30/10/2009,1953,2016,1890,1911,695847
02/11/2009,1806,1890,1785,1890,425994
03/11/2009,1911,1911,1785,1827,327551
04/11/2009,1890,1995,1890,1974,883965
05/11/2009,1953,1974,1932,1932,350813
06/11/2009,1995,2016,1932,1953,188714
09/11/2009,1974,1974,1932,1932,141004
10/11/2009,1974,1974,1848,1848,272674
11/11/2009,1890,1911,1827,1890,551819
12/11/2009,1890,1953,1890,1890,408880
13/11/2009,1848,1932,1848,1911,143462
16/11/2009,1932,2016,1932,1995,473775
17/11/2009,2016,2121,1995,2037,837029
18/11/2009,2079,2100,1995,2058,600255
19/11/2009,2058,2058,1953,1995,401392
20/11/2009,1995,2037,1953,2016,283722
23/11/2009,2037,2058,1974,2016,192077
24/11/2009,2016,2016,1953,1974,190505
25/11/2009,1974,1974,1932,1953,149183
26/11/2009,1953,1974,1869,1890,297556
30/11/2009,1848,1911,1827,1848,249209
01/12/2009,1848,1932,1848,1932,168082
02/12/2009,1953,2037,1911,2016,704776
03/12/2009,2037,2058,2016,2037,419791
04/12/2009,2016,2037,1974,1995,162695
07/12/2009,2016,2016,1890,1890,386314
08/12/2009,1890,1932,1869,1911,247566
09/12/2009,1890,1911,1869,1911,418684
10/12/2009,1911,1932,1869,1890,156332
11/12/2009,1890,1911,1869,1890,125390
14/12/2009,1890,1911,1869,1890,117581
15/12/2009,1890,1890,1848,1848,134551
16/12/2009,1869,1869,1806,1848,221578
17/12/2009,1848,1869,1806,1827,144962
21/12/2009,1806,1827,1722,1722,285895
22/12/2009,1743,1806,1743,1764,222697
23/12/2009,1764,1785,1743,1764,139927
28/12/2009,1785,1848,1785,1848,198761
29/12/2009,1848,1911,1827,1890,328146
30/12/2009,1890,1890,1848,1848,112581
04/01/2010,1848,1932,1848,1932,396196
05/01/2010,1953,1995,1932,1932,620416
06/01/2010,1974,1995,1911,1932,309163
07/01/2010,1974,1995,1932,1974,306247
08/01/2010,1974,1995,1953,1974,158576
11/01/2010,1995,2016,1953,1953,292330
12/01/2010,1953,1995,1911,1974,318170
13/01/2010,1932,1953,1911,1911,156278
14/01/2010,1932,1974,1911,1932,230495
15/01/2010,1932,1953,1848,1869,429131
18/01/2010,1848,1890,1827,1869,354296
19/01/2010,1869,1911,1848,1869,356516
20/01/2010,1869,1890,1827,1827,647458
21/01/2010,1827,1848,1785,1827,366659
22/01/2010,1764,1827,1764,1827,279996
25/01/2010,1785,1848,1785,1848,254287
26/01/2010,1848,1848,1764,1785,413565
27/01/2010,1785,1827,1743,1785,317045
28/01/2010,1806,1827,1764,1806,212280
29/01/2010,1785,1785,1743,1785,200494
01/02/2010,1764,1764,1701,1743,442768
02/02/2010,1764,1785,1722,1722,173058
03/02/2010,1764,1785,1743,1764,208702
04/02/2010,1764,1764,1722,1722,251293
05/02/2010,1680,1680,1663,1680,492430
08/02/2010,1655,1672,1630,1663,385427
09/02/2010,1655,1655,1613,1638,248495
10/02/2010,1655,1680,1630,1638,359480
11/02/2010,1646,1663,1621,1655,218548
12/02/2010,1655,1701,1655,1701,284597
15/02/2010,1680,1701,1663,1680,102652
16/02/2010,1680,1764,1680,1764,339123
17/02/2010,1806,1827,1764,1785,710294
18/02/2010,1764,1764,1722,1722,185916
19/02/2010,1722,1743,1680,1743,266323
22/02/2010,1764,1764,1722,1743,186636
23/02/2010,1743,1764,1701,1764,229804
24/02/2010,1743,1764,1722,1743,78133
25/02/2010,1764,1764,1701,1743,129391
01/03/2010,1743,1764,1722,1764,146433
02/03/2010,1764,1785,1743,1764,135784
03/03/2010,1764,1806,1743,1764,451929
04/03/2010,1764,1848,1743,1806,839755
05/03/2010,1827,1827,1785,1785,186362
08/03/2010,1806,1827,1785,1806,207369
09/03/2010,1806,1827,1785,1806,194654
10/03/2010,1785,1827,1785,1806,162112
11/03/2010,1806,1827,1785,1806,141635
12/03/2010,1806,1806,1785,1806,52668
15/03/2010,1806,1806,1785,1806,84526
17/03/2010,1806,1869,1806,1869,853792
18/03/2010,1869,1869,1827,1848,284913
19/03/2010,1848,1890,1827,1848,404708
22/03/2010,1848,1848,1785,1785,217702
23/03/2010,1785,1827,1764,1785,131402
24/03/2010,1806,1827,1785,1806,123325
25/03/2010,1806,1806,1785,1806,55841
26/03/2010,1806,1869,1785,1827,384433
29/03/2010,1848,1953,1848,1953,1406575
30/03/2010,1953,1995,1953,1974,1104239
31/03/2010,1995,2037,1974,2016,943050
01/04/2010,2037,2058,1995,2016,422881
05/04/2010,2016,2016,1974,1995,284097
06/04/2010,1995,2037,1995,2016,275591
07/04/2010,2016,2016,1953,1974,170392
08/04/2010,1953,1974,1911,1932,286288
09/04/2010,1953,2037,1932,2037,642613
12/04/2010,2058,2100,2037,2058,705966
13/04/2010,2037,2100,2016,2079,599350
14/04/2010,2100,2163,2079,2121,1210534
15/04/2010,2163,2184,2121,2142,796480
16/04/2010,2163,2205,2142,2142,758831
19/04/2010,2079,2100,2016,2058,430929
20/04/2010,2079,2184,2037,2163,715544
21/04/2010,2184,2184,2079,2100,530580
22/04/2010,2100,2100,2058,2100,454745
23/04/2010,2100,2121,2016,2037,508449
26/04/2010,2058,2100,2058,2079,266430
27/04/2010,2079,2079,2037,2058,85485
28/04/2010,2016,2037,1953,1995,377999
29/04/2010,1995,2016,1953,1995,186190
30/04/2010,2016,2058,1995,2058,347218
03/05/2010,2037,2058,1995,1995,173802
04/05/2010,2037,2037,1953,1974,184993
05/05/2010,1911,1932,1827,1869,672513
06/05/2010,1827,1869,1743,1827,632988
07/05/2010,1743,1785,1722,1743,632988
10/05/2010,1785,1827,1743,1827,660304
11/05/2010,1827,1848,1764,1764,425417
12/05/2010,1785,1806,1743,1785,349409
14/05/2010,1785,1785,1722,1743,344396
17/05/2010,1701,1701,1663,1701,706615
18/05/2010,1722,1743,1680,1722,381671
19/05/2010,1680,1701,1638,1663,559950
20/05/2010,1672,1680,1596,1613,601606
21/05/2010,1554,1571,1529,1562,491877
24/05/2010,1571,1588,1495,1504,457078
25/05/2010,1462,1470,1386,1386,464751
26/05/2010,1428,1546,1428,1512,751247
27/05/2010,1495,1630,1445,1604,1199724
31/05/2010,1604,1722,1604,1701,833898
01/06/2010,1680,1680,1596,1604,503020
02/06/2010,1621,1655,1596,1621,405255
03/06/2010,1646,1680,1638,1655,409690
04/06/2010,1630,1638,1613,1638,156582
07/06/2010,1571,1579,1537,1571,259596
08/06/2010,1579,1604,1571,1596,267341
09/06/2010,1596,1621,1579,1596,220893
10/06/2010,1604,1621,1588,1604,267829
11/06/2010,1630,1638,1613,1613,203785
14/06/2010,1630,1663,1630,1655,308360
15/06/2010,1646,1680,1638,1655,468644
16/06/2010,1680,1701,1672,1680,379522
17/06/2010,1680,1722,1663,1722,373189
18/06/2010,1722,1743,1680,1680,385832
21/06/2010,1701,1764,1701,1701,583528
22/06/2010,1701,1743,1680,1722,246995
23/06/2010,1701,1722,1680,1722,202827
24/06/2010,1722,1722,1680,1701,227935
25/06/2010,1680,1722,1680,1701,187166
28/06/2010,1722,1722,1680,1701,218810
29/06/2010,1701,1701,1621,1630,335224
30/06/2010,1596,1638,1588,1630,294205
01/07/2010,1604,1621,1588,1596,313705
02/07/2010,1604,1621,1596,1604,144397
05/07/2010,1613,1613,1596,1604,56734
06/07/2010,1596,1638,1579,1638,281085
07/07/2010,1630,1630,1604,1621,99521
08/07/2010,1646,1655,1630,1646,260864
09/07/2010,1646,1646,1630,1638,106426
12/07/2010,1638,1646,1621,1630,136795
13/07/2010,1638,1638,1596,1613,173850
14/07/2010,1638,1672,1621,1655,518645
15/07/2010,1655,1663,1630,1646,221250
16/07/2010,1638,1663,1638,1655,121450
19/07/2010,1630,1646,1630,1646,102247
20/07/2010,1646,1663,1638,1655,164421
21/07/2010,1663,1701,1655,1701,572748
22/07/2010,1680,1701,1663,1672,148468
23/07/2010,1680,1743,1680,1722,815487
26/07/2010,1743,1764,1701,1722,319628
27/07/2010,1722,1743,1701,1722,280240
28/07/2010,1722,1722,1701,1722,172356
29/07/2010,1701,1806,1680,1806,986521
30/07/2010,1785,1806,1743,1764,261608
02/08/2010,1785,1806,1743,1785,601886
03/08/2010,1806,1827,1743,1764,628267
04/08/2010,1764,1785,1743,1764,134379
05/08/2010,1764,1806,1764,1764,325134
06/08/2010,1764,1869,1764,1848,809648
09/08/2010,1848,1848,1806,1827,272210
10/08/2010,1848,1848,1785,1806,431304
11/08/2010,1806,1806,1743,1764,256561
12/08/2010,1722,1722,1680,1701,544718
13/08/2010,1722,1743,1680,1722,244668
16/08/2010,1722,1743,1701,1743,137694
18/08/2010,1743,1806,1743,1785,449620
19/08/2010,1785,1785,1722,1743,173029
20/08/2010,1722,1764,1722,1743,160629
23/08/2010,1743,1764,1722,1764,151284
24/08/2010,1743,1764,1701,1722,222703
25/08/2010,1701,1743,1701,1743,138337
26/08/2010,1743,1764,1722,1743,185499
27/08/2010,1722,1743,1701,1722,108009
30/08/2010,1743,1764,1701,1722,184005
31/08/2010,1722,1785,1701,1743,585504
01/09/2010,1764,1785,1743,1764,179928
02/09/2010,1785,1785,1743,1764,151224
03/09/2010,1764,1785,1743,1764,135539
06/09/2010,1764,1806,1764,1785,476960
07/09/2010,1785,1806,1764,1785,202529
15/09/2010,1827,1869,1827,1869,614071
16/09/2010,1869,1932,1848,1911,851595
17/09/2010,1932,2016,1911,1953,1037559
20/09/2010,1953,1953,1911,1932,402089
21/09/2010,1953,1974,1911,1932,458435
22/09/2010,1932,1974,1869,1890,342325
23/09/2010,1911,1932,1869,1890,156891
24/09/2010,1890,1953,1890,1911,300330
27/09/2010,1932,1995,1932,1953,356028
28/09/2010,1953,1995,1932,1932,413744
29/09/2010,1974,1974,1911,1911,190005
30/09/2010,1932,1995,1932,1995,713657
01/10/2010,1995,2058,1953,2058,662173
04/10/2010,2079,2121,2016,2037,846268
05/10/2010,2037,2058,2016,2058,202643
06/10/2010,2100,2142,2079,2100,656858
07/10/2010,2100,2121,2016,2079,561504
08/10/2010,2058,2079,2016,2016,226334
11/10/2010,2058,2079,2016,2058,179815
12/10/2010,2037,2058,2016,2037,146075
13/10/2010,2037,2079,2037,2058,254936
14/10/2010,2100,2121,2079,2100,484013
15/10/2010,2100,2100,2079,2100,114634
18/10/2010,2079,2079,2016,2037,298913
19/10/2010,2037,2079,2037,2058,237346
20/10/2010,2016,2037,1995,2037,222881
21/10/2010,2058,2100,2058,2100,378820
22/10/2010,2100,2184,2079,2163,1412968
25/10/2010,2163,2247,2142,2226,846095
26/10/2010,2184,2226,2163,2184,254977
27/10/2010,2184,2184,2100,2100,385267
28/10/2010,2100,2142,2079,2142,209786
29/10/2010,2121,2184,2100,2142,458864
01/11/2010,2142,2163,2121,2142,264388
02/11/2010,2163,2184,2121,2142,339492
03/11/2010,2142,2163,2100,2100,200190
04/11/2010,2142,2142,2100,2121,156278
05/11/2010,2163,2205,2142,2184,621827
08/11/2010,2184,2289,2163,2289,823029
09/11/2010,2289,2310,2268,2289,516104
10/11/2010,2289,2310,2247,2289,580218
11/11/2010,2310,2331,2247,2268,265644
12/11/2010,2268,2268,2142,2163,433589
15/11/2010,2163,2184,2121,2163,182190
16/11/2010,2163,2163,2100,2142,214661
18/11/2010,2121,2142,2058,2121,511824
19/11/2010,2142,2184,2121,2163,315985
22/11/2010,2184,2205,2163,2205,191297
23/11/2010,2184,2205,2121,2163,180499
24/11/2010,2163,2163,2079,2100,265007
25/11/2010,2142,2163,2142,2142,127188
26/11/2010,2142,2163,2100,2121,134897
29/11/2010,2100,2121,2079,2100,204470
30/11/2010,2100,2121,1890,1953,362706
01/12/2010,1932,2058,1932,2058,308699
02/12/2010,2100,2100,2058,2058,220476
03/12/2010,2079,2121,2037,2037,135605
06/12/2010,2058,2100,2058,2079,90104
08/12/2010,2058,2100,2058,2079,136563
09/12/2010,2100,2100,2058,2058,144534
10/12/2010,2058,2079,2058,2079,114182
13/12/2010,2079,2100,2016,2037,94104
14/12/2010,2058,2079,2037,2058,124212
15/12/2010,2058,2058,1995,1995,124414
16/12/2010,1995,1995,1932,1974,218125
17/12/2010,1974,1995,1869,1932,314104
20/12/2010,1911,1953,1890,1953,119801
21/12/2010,1953,1995,1932,1995,150040
22/12/2010,1995,2016,1974,1995,100747
23/12/2010,1995,1995,1953,1974,56371
27/12/2010,1974,2016,1932,2016,176547
28/12/2010,2016,2100,1974,2079,195636
29/12/2010,2079,2121,2058,2079,152355
30/12/2010,2079,2100,2037,2058,97723
03/01/2011,2079,2100,2037,2079,229983
04/01/2011,2079,2184,2079,2163,794367
05/01/2011,2163,2163,2100,2121,211589
06/01/2011,2121,2121,2058,2079,156123
07/01/2011,2079,2100,1974,1995,310300
10/01/2011,1974,1974,1890,1911,333539
11/01/2011,1911,1953,1869,1890,213869
12/01/2011,1932,2016,1911,2016,288478
13/01/2011,2037,2079,1974,2016,281770
14/01/2011,1995,2037,1974,2037,108426
17/01/2011,2037,2037,1932,1953,125283
18/01/2011,1953,1995,1932,1995,74764
19/01/2011,1995,2016,1953,1974,113247
20/01/2011,1974,1974,1890,1911,189928
21/01/2011,1869,1890,1827,1890,238626
24/01/2011,1890,1932,1827,1827,126015
25/01/2011,1848,1911,1848,1890,245959
26/01/2011,1890,1911,1848,1911,162731
27/01/2011,1911,1974,1911,1932,399023
28/01/2011,1932,1932,1869,1890,165844
31/01/2011,1869,1869,1827,1827,237870
01/02/2011,1848,1911,1848,1911,198172
02/02/2011,1932,1953,1911,1932,145278
04/02/2011,1932,1932,1911,1932,45400
07/02/2011,1932,1953,1911,1911,108735
08/02/2011,1932,1953,1869,1890,206387
09/02/2011,1890,1911,1827,1869,197803
10/02/2011,1848,1848,1806,1827,130902
11/02/2011,1827,1869,1806,1827,117777
14/02/2011,1848,1869,1806,1848,107717
16/02/2011,1848,1869,1827,1848,186612
17/02/2011,1869,1869,1827,1848,122521
18/02/2011,1848,1869,1827,1848,167255
21/02/2011,1848,1869,1827,1869,145224
22/02/2011,1848,1869,1827,1848,107509
23/02/2011,1827,1869,1827,1869,137849
24/02/2011,1848,1869,1806,1827,113569
25/02/2011,1827,1848,1806,1827,58889
28/02/2011,1827,1848,1806,1848,98294
01/03/2011,1890,1911,1869,1911,439107
02/03/2011,1890,1911,1869,1911,173868
03/03/2011,1911,1911,1869,1890,63008
04/03/2011,1911,1911,1869,1890,88181
07/03/2011,1869,1890,1848,1890,115432
08/03/2011,1869,1890,1869,1890,161106
09/03/2011,1890,1890,1869,1890,102806
10/03/2011,1869,1869,1827,1848,107199
11/03/2011,1827,1848,1806,1806,198238
14/03/2011,1806,1848,1806,1827,118509
15/03/2011,1806,1827,1764,1806,219268
16/03/2011,1806,1806,1785,1806,103908
17/03/2011,1785,1785,1764,1785,54537
18/03/2011,1806,1827,1785,1806,82211
21/03/2011,1806,1827,1806,1827,78115
22/03/2011,1827,1827,1806,1827,61014
23/03/2011,1827,1869,1806,1848,245441
24/03/2011,1869,1890,1848,1890,204833
25/03/2011,1890,1911,1869,1890,208018
28/03/2011,1890,1890,1848,1890,106408
29/03/2011,1869,1890,1848,1890,76085
30/03/2011,1890,1932,1869,1932,254811
31/03/2011,1932,1953,1911,1932,263293
01/04/2011,1932,1974,1932,1953,262108
04/04/2011,1953,1974,1911,1932,159879
05/04/2011,1932,1932,1911,1932,57990
06/04/2011,1932,1953,1911,1953,51751
07/04/2011,1953,1995,1953,1974,159713
08/04/2011,1974,1995,1953,1995,146302
11/04/2011,1995,2037,1974,2016,314217
12/04/2011,1995,2016,1974,1995,141498
13/04/2011,1974,1995,1953,1974,122617
14/04/2011,1974,1974,1932,1932,62651
15/04/2011,1953,1974,1932,1974,80883
18/04/2011,1974,1974,1932,1953,57460
19/04/2011,1953,1953,1932,1953,73478
20/04/2011,1953,1974,1890,1932,280115
21/04/2011,1932,1953,1911,1911,144427
25/04/2011,1911,1932,1911,1932,52186
26/04/2011,1932,1932,1890,1890,143754
27/04/2011,1911,1932,1890,1932,149885
28/04/2011,1932,1932,1890,1932,98634
29/04/2011,1932,1932,1890,1911,66436
02/05/2011,1911,1932,1890,1911,114557
03/05/2011,1911,1911,1869,1890,138635
04/05/2011,1890,1890,1848,1869,223095
05/05/2011,1869,1890,1848,1869,302366
06/05/2011,1848,1848,1827,1848,201363
09/05/2011,1848,1869,1827,1848,121200
10/05/2011,1848,1848,1827,1848,57519
11/05/2011,1848,1890,1827,1890,244941
12/05/2011,1869,1869,1827,1869,160314
13/05/2011,1869,1869,1848,1848,66139
16/05/2011,1848,1848,1827,1848,130206
18/05/2011,1848,1869,1827,1869,161903
19/05/2011,1869,1890,1848,1869,124878
20/05/2011,1869,1869,1848,1848,206750
23/05/2011,1848,1848,1764,1806,366236
24/05/2011,1785,1806,1764,1806,126045
25/05/2011,1806,1806,1764,1764,244215
26/05/2011,1785,1806,1764,1806,123884
27/05/2011,1785,1806,1764,1806,198904
30/05/2011,1806,1827,1785,1806,119075
31/05/2011,1806,1827,1785,1806,93925
01/06/2011,1806,1827,1785,1806,152344
03/06/2011,1785,1806,1764,1806,196648
06/06/2011,1785,1806,1785,1806,42995
07/06/2011,1785,1806,1764,1785,103556
08/06/2011,1785,1785,1764,1785,140230
09/06/2011,1785,1785,1743,1785,195952
10/06/2011,1785,1785,1764,1785,48638
13/06/2011,1764,1785,1743,1785,97324
14/06/2011,1785,1785,1743,1785,109967
15/06/2011,1785,1806,1764,1785,102431
16/06/2011,1764,1764,1722,1722,152778
17/06/2011,1722,1743,1680,1680,211827
20/06/2011,1701,1722,1672,1680,201762
21/06/2011,1680,1722,1680,1701,293103
22/06/2011,1722,1743,1701,1722,174987
23/06/2011,1701,1764,1701,1743,160743
24/06/2011,1743,1785,1722,1785,221804
27/06/2011,1764,1785,1722,1743,150778
28/06/2011,1764,1764,1722,1764,62514
30/06/2011,1764,1785,1743,1743,190993
01/07/2011,1743,1785,1743,1764,176874
04/07/2011,1764,1806,1764,1785,280270
05/07/2011,1785,1806,1764,1785,125105
06/07/2011,1785,1806,1785,1806,169177
07/07/2011,1764,1764,1722,1764,212732
08/07/2011,1764,1785,1722,1764,300615
11/07/2011,1743,1764,1701,1722,139421
12/07/2011,1701,1722,1680,1701,176410
13/07/2011,1701,1722,1701,1722,103556
14/07/2011,1701,1722,1680,1701,136772
15/07/2011,1701,1701,1672,1680,211994
18/07/2011,1680,1701,1672,1672,148147
19/07/2011,1672,1722,1655,1722,319723
20/07/2011,1722,1743,1701,1722,97919
21/07/2011,1722,1722,1701,1701,107455
22/07/2011,1722,1743,1701,1722,117015
25/07/2011,1722,1722,1680,1701,148111
26/07/2011,1701,1722,1680,1722,109521
27/07/2011,1722,1722,1701,1722,100806
28/07/2011,1701,1722,1680,1722,148349
29/07/2011,1701,1722,1680,1680,88258
01/08/2011,1701,1722,1680,1701,251126
02/08/2011,1701,1701,1680,1701,111878
03/08/2011,1680,1701,1672,1680,202833
04/08/2011,1701,1701,1672,1680,166695
05/08/2011,1638,1646,1596,1613,588623
08/08/2011,1596,1596,1529,1571,466322
09/08/2011,1512,1613,1445,1529,403785
10/08/2011,1596,1621,1554,1571,260585
11/08/2011,1554,1613,1546,1604,351623
12/08/2011,1638,1672,1621,1646,372338
15/08/2011,1672,1680,1655,1680,122682
16/08/2011,1701,1701,1655,1655,199381
18/08/2011,1680,1680,1655,1680,170695
19/08/2011,1646,1663,1613,1630,287443
22/08/2011,1630,1646,1613,1646,147576
23/08/2011,1680,1680,1638,1646,238149
24/08/2011,1655,1663,1630,1630,98717
25/08/2011,1638,1638,1579,1588,98455
26/08/2011,1596,1596,1571,1579,57960
05/09/2011,1613,1630,1579,1588,90848
06/09/2011,1596,1596,1571,1588,71591
07/09/2011,1588,1638,1588,1638,170487
08/09/2011,1655,1655,1621,1630,54127
09/09/2011,1630,1638,1596,1596,62508
12/09/2011,1588,1588,1554,1562,116003
13/09/2011,1571,1588,1554,1562,74068
14/09/2011,1579,1579,1529,1529,140188
15/09/2011,1537,1546,1495,1495,152641
16/09/2011,1520,1537,1504,1529,103104
19/09/2011,1529,1529,1495,1504,68502
20/09/2011,1487,1512,1478,1512,78347
21/09/2011,1512,1520,1487,1495,108330
22/09/2011,1462,1470,1327,1361,280913
23/09/2011,1319,1352,1226,1327,192940
26/09/2011,1327,1327,1176,1201,328081
27/09/2011,1226,1243,1218,1235,468590
28/09/2011,1226,1252,1210,1218,321985
29/09/2011,1193,1226,1184,1210,155439
30/09/2011,1218,1294,1218,1260,495163
03/10/2011,1243,1243,1184,1184,341908
04/10/2011,1176,1218,1159,1193,364278
05/10/2011,1201,1218,1184,1193,186809
06/10/2011,1218,1243,1210,1243,339765
07/10/2011,1260,1302,1252,1252,582802
10/10/2011,1260,1268,1243,1260,124563
11/10/2011,1285,1302,1268,1268,351712
12/10/2011,1268,1336,1268,1336,561807
13/10/2011,1361,1403,1361,1369,537110
14/10/2011,1352,1386,1352,1386,116854
17/10/2011,1403,1504,1403,1478,399267
18/10/2011,1453,1453,1378,1394,282240
19/10/2011,1411,1436,1411,1420,167576
20/10/2011,1403,1436,1369,1428,163415
21/10/2011,1428,1428,1403,1420,79955
24/10/2011,1445,1462,1420,1420,308253
25/10/2011,1445,1453,1436,1445,251025
26/10/2011,1428,1453,1420,1436,182725
27/10/2011,1445,1512,1445,1504,790379
28/10/2011,1529,1554,1529,1537,667941
31/10/2011,1537,1546,1495,1504,324015
01/11/2011,1487,1512,1411,1420,433524
02/11/2011,1394,1462,1378,1453,465590
03/11/2011,1428,1445,1403,1411,315521
04/11/2011,1445,1462,1428,1445,187815
07/11/2011,1436,1453,1420,1428,133004
08/11/2011,1445,1445,1420,1436,139677
09/11/2011,1453,1453,1428,1445,220447
10/11/2011,1403,1411,1386,1411,297776
11/11/2011,1420,1420,1403,1411,90824
14/11/2011,1428,1428,1411,1420,104902
15/11/2011,1411,1420,1403,1420,81365
16/11/2011,1411,1420,1394,1411,127605
17/11/2011,1403,1420,1394,1420,86854
18/11/2011,1403,1411,1394,1403,63668
21/11/2011,1386,1394,1369,1369,110080
22/11/2011,1361,1394,1361,1394,81294
23/11/2011,1378,1386,1361,1361,118652
24/11/2011,1344,1378,1344,1361,90449
25/11/2011,1361,1361,1327,1344,58400
28/11/2011,1378,1378,1344,1352,43686
29/11/2011,1369,1378,1344,1352,80788
30/11/2011,1352,1378,1352,1378,135629
01/12/2011,1403,1420,1386,1411,229721
02/12/2011,1394,1411,1378,1411,126361
05/12/2011,1403,1403,1386,1403,43067
06/12/2011,1403,1403,1386,1394,63841
07/12/2011,1394,1411,1386,1394,60853
08/12/2011,1394,1394,1378,1394,91014
09/12/2011,1386,1386,1369,1378,61270
12/12/2011,1394,1394,1369,1378,72609
13/12/2011,1361,1369,1352,1369,77306
14/12/2011,1369,1378,1352,1361,48769
15/12/2011,1344,1352,1327,1344,73228
16/12/2011,1361,1361,1344,1352,63168
19/12/2011,1352,1361,1336,1344,107777
20/12/2011,1352,1361,1344,1344,61264
21/12/2011,1361,1369,1352,1352,34221
22/12/2011,1352,1361,1352,1352,41781
23/12/2011,1369,1369,1352,1361,39215
27/12/2011,1361,1361,1336,1352,37995
28/12/2011,1361,1361,1336,1361,45269
29/12/2011,1344,1369,1344,1369,41573
30/12/2011,1369,1378,1352,1361,136290
02/01/2012,1352,1369,1352,1361,22923
03/01/2012,1369,1369,1361,1369,44138
04/01/2012,1369,1403,1369,1394,185487
05/01/2012,1394,1403,1378,1394,146379
06/01/2012,1394,1394,1378,1386,45555
09/01/2012,1378,1386,1369,1378,46799
10/01/2012,1386,1403,1378,1394,154659
11/01/2012,1403,1428,1403,1420,218113
12/01/2012,1420,1436,1411,1428,132027
13/01/2012,1428,1445,1420,1445,195940
16/01/2012,1436,1436,1411,1428,94848
17/01/2012,1428,1445,1420,1428,86842
18/01/2012,1445,1445,1428,1445,125045
19/01/2012,1445,1478,1445,1453,293972
20/01/2012,1462,1487,1462,1470,292472
24/01/2012,1470,1487,1470,1478,87985
25/01/2012,1478,1478,1453,1453,63674
26/01/2012,1462,1512,1462,1504,248531
27/01/2012,1512,1596,1512,1588,599207
30/01/2012,1588,1596,1546,1562,186981
31/01/2012,1562,1579,1554,1579,82044
01/02/2012,1579,1588,1562,1579,65038
02/02/2012,1596,1604,1579,1588,240596
03/02/2012,1596,1621,1588,1604,192714
06/02/2012,1621,1638,1604,1621,120771
07/02/2012,1613,1621,1588,1613,88604
08/02/2012,1613,1621,1596,1621,83687
09/02/2012,1621,1630,1588,1604,113426
10/02/2012,1588,1613,1554,1562,121771
13/02/2012,1571,1596,1562,1588,41090
14/02/2012,1588,1630,1579,1630,168421
15/02/2012,1630,1630,1604,1613,89467
16/02/2012,1596,1613,1588,1596,70609
17/02/2012,1613,1621,1596,1613,59020
20/02/2012,1621,1630,1604,1613,63103
21/02/2012,1613,1680,1613,1663,272103
22/02/2012,1663,1701,1663,1680,180487
23/02/2012,1672,1672,1646,1646,84098
24/02/2012,1646,1646,1596,1630,121890
27/02/2012,1613,1630,1596,1596,59591
28/02/2012,1604,1621,1596,1604,64752
29/02/2012,1621,1646,1613,1646,125498
01/03/2012,1630,1630,1613,1621,106878
02/03/2012,1621,1638,1621,1630,60400
05/03/2012,1621,1630,1613,1621,25167
06/03/2012,1613,1613,1579,1596,95282
07/03/2012,1579,1579,1546,1554,182672
08/03/2012,1554,1571,1554,1571,64317
09/03/2012,1579,1588,1562,1579,102223
12/03/2012,1579,1579,1562,1571,39436
13/03/2012,1571,1579,1554,1571,53746
14/03/2012,1579,1588,1571,1588,208476
15/03/2012,1579,1579,1546,1546,201762
16/03/2012,1546,1554,1512,1520,152802
19/03/2012,1529,1537,1520,1520,75157
20/03/2012,1529,1537,1520,1520,113491
21/03/2012,1529,1537,1512,1529,79925
22/03/2012,1520,1529,1504,1512,144450
26/03/2012,1504,1504,1478,1487,194630
27/03/2012,1495,1520,1487,1512,97366
28/03/2012,1512,1529,1504,1529,89985
29/03/2012,1504,1529,1504,1529,78597
30/03/2012,1529,1537,1512,1512,129450
02/04/2012,1512,1562,1512,1562,243328
03/04/2012,1562,1579,1554,1554,187523
04/04/2012,1554,1554,1529,1537,43102
05/04/2012,1512,1529,1512,1529,119533
09/04/2012,1512,1529,1504,1512,77187
10/04/2012,1512,1529,1512,1520,94461
11/04/2012,1512,1520,1495,1504,122039
12/04/2012,1495,1512,1462,1478,169243
13/04/2012,1487,1495,1462,1470,102789
16/04/2012,1470,1470,1436,1436,145427
17/04/2012,1436,1445,1428,1436,85663
18/04/2012,1453,1462,1420,1428,135545
19/04/2012,1436,1487,1428,1487,331991
20/04/2012,1478,1504,1470,1487,276978
23/04/2012,1487,1487,1445,1453,74234
24/04/2012,1470,1470,1445,1462,54603
25/04/2012,1462,1470,1453,1453,36358
26/04/2012,1470,1478,1445,1453,73323
27/04/2012,1453,1470,1445,1445,31715
30/04/2012,1453,1462,1445,1445,39942
01/05/2012,1462,1462,1445,1453,19036
02/05/2012,1462,1462,1436,1436,109051
03/05/2012,1436,1445,1428,1445,51323
04/05/2012,1445,1453,1428,1445,68496
07/05/2012,1428,1428,1403,1420,70115
08/05/2012,1436,1436,1411,1411,50972
09/05/2012,1411,1411,1386,1386,130271
10/05/2012,1386,1394,1378,1378,104533
11/05/2012,1378,1386,1361,1361,70436
14/05/2012,1369,1369,1336,1336,61603
15/05/2012,1327,1327,1285,1302,140522
16/05/2012,1285,1285,1226,1243,188559
21/05/2012,1260,1260,1218,1226,214935
22/05/2012,1243,1252,1226,1243,176130
23/05/2012,1235,1235,1176,1193,185547
24/05/2012,1176,1193,1159,1168,333384
25/05/2012,1168,1193,1159,1168,338420
28/05/2012,1168,1168,1142,1151,150742
29/05/2012,1134,1142,1109,1117,291085
30/05/2012,1100,1117,1084,1092,355432
31/05/2012,1058,1058,949,966,4631783
01/06/2012,1000,1025,966,983,1272131
04/06/2012,958,983,941,958,634393
05/06/2012,974,1000,958,966,420089
06/06/2012,983,1025,983,1016,722407
07/06/2012,1042,1050,1000,1016,575867
08/06/2012,1008,1016,991,1000,332706
11/06/2012,1025,1042,1016,1033,504377
12/06/2012,1016,1033,1008,1025,262912
13/06/2012,1025,1025,1008,1016,152564
14/06/2012,1008,1016,991,991,187475
15/06/2012,1008,1134,1000,1134,1654546
18/06/2012,1134,1142,1075,1075,618642
19/06/2012,1075,1117,1075,1117,364016
20/06/2012,1126,1176,1117,1168,672715
21/06/2012,1159,1168,1126,1134,368314
22/06/2012,1109,1126,1100,1126,250043
25/06/2012,1126,1126,1109,1117,144171
26/06/2012,1109,1168,1109,1159,418654
27/06/2012,1176,1193,1168,1184,529919
28/06/2012,1126,1126,1100,1109,419756
29/06/2012,1100,1126,1100,1126,203297
02/07/2012,1134,1159,1126,1142,344682
03/07/2012,1142,1159,1142,1151,168409
04/07/2012,1151,1201,1142,1193,679775
05/07/2012,1193,1193,1159,1176,159951
06/07/2012,1159,1176,1159,1168,78627
09/07/2012,1159,1159,1126,1126,154838
10/07/2012,1126,1151,1126,1151,93830
11/07/2012,1142,1151,1126,1134,95657
12/07/2012,1126,1134,1109,1117,106479
13/07/2012,1109,1134,1109,1126,57710
16/07/2012,1134,1151,1117,1117,96634
17/07/2012,1126,1151,1126,1142,111176
18/07/2012,1142,1142,1126,1142,118813
19/07/2012,1142,1151,1134,1151,101985
20/07/2012,1151,1151,1126,1134,119456
23/07/2012,1117,1126,1084,1092,125414
24/07/2012,1092,1109,1067,1067,135593
25/07/2012,1058,1067,1050,1067,108503
26/07/2012,1067,1084,1058,1067,55472
27/07/2012,1084,1092,1075,1075,101723
30/07/2012,1084,1092,1075,1092,78901
31/07/2012,1092,1092,1067,1075,82699
01/08/2012,1084,1084,1033,1050,186505
02/08/2012,1050,1050,1016,1025,80401
03/08/2012,1016,1042,1008,1033,54579
06/08/2012,1050,1067,1042,1058,75097
07/08/2012,1067,1075,1042,1058,45460
08/08/2012,1058,1067,1050,1050,29935
09/08/2012,1050,1058,1042,1042,26376
10/08/2012,1042,1050,1016,1033,82467
13/08/2012,1033,1033,1016,1016,60573
14/08/2012,1016,1025,1008,1025,34846
15/08/2012,1025,1033,1016,1016,35096
16/08/2012,1016,1033,1016,1033,46079
23/08/2012,1033,1075,1033,1058,102098
24/08/2012,1058,1067,1050,1050,32179
27/08/2012,1058,1084,1050,1075,56299
28/08/2012,1084,1100,1058,1067,172660
29/08/2012,1067,1067,1033,1050,50436
30/08/2012,1042,1042,1016,1033,77109
31/08/2012,1016,1050,1016,1042,87300
03/09/2012,1050,1050,1033,1050,61168
04/09/2012,1050,1050,1033,1042,80621
05/09/2012,1033,1050,1025,1042,89163
06/09/2012,1042,1067,1033,1058,87788
07/09/2012,1058,1067,1042,1050,47686
10/09/2012,1050,1084,1042,1075,188350
11/09/2012,1067,1075,1050,1075,88241
12/09/2012,1084,1134,1067,1126,444828
13/09/2012,1126,1159,1117,1134,370522
14/09/2012,1159,1184,1151,1168,409630
17/09/2012,1176,1201,1168,1176,380290
18/09/2012,1176,1184,1126,1142,165153
19/09/2012,1159,1184,1142,1184,267954
20/09/2012,1176,1201,1159,1168,231161
21/09/2012,1184,1193,1151,1168,173291
24/09/2012,1159,1159,1109,1117,215327
25/09/2012,1109,1151,1100,1142,80853
26/09/2012,1134,1142,1100,1117,132301
27/09/2012,1117,1142,1109,1134,126831
28/09/2012,1134,1142,1117,1134,99723
01/10/2012,1134,1134,1109,1126,78211
02/10/2012,1134,1159,1126,1142,228768
03/10/2012,1134,1142,1109,1126,156141
04/10/2012,1126,1126,1100,1117,95032
05/10/2012,1126,1151,1117,1134,169142
08/10/2012,1126,1134,1092,1109,141587
09/10/2012,1100,1109,1084,1100,88008
10/10/2012,1092,1100,1075,1084,59002
11/10/2012,1084,1092,1067,1075,67305
12/10/2012,1084,1092,1067,1075,117640
15/10/2012,1075,1109,1058,1092,130129
16/10/2012,1109,1109,1092,1109,86955
17/10/2012,1109,1109,1084,1084,137575
18/10/2012,1092,1100,1075,1092,112188
19/10/2012,1084,1092,1084,1084,13369
22/10/2012,1075,1092,1067,1075,94270
23/10/2012,1075,1084,1067,1067,46085
24/10/2012,1067,1084,1058,1084,50073
25/10/2012,1075,1084,1067,1084,36049
29/10/2012,1084,1084,1067,1067,17417
30/10/2012,1067,1092,1067,1084,63782
31/10/2012,1092,1092,1058,1075,134022
01/11/2012,1067,1092,1058,1084,133069
02/11/2012,1084,1092,1067,1075,68347
05/11/2012,1075,1075,1067,1075,23322
06/11/2012,1084,1100,1075,1084,130879
07/11/2012,1092,1092,1067,1075,110783
08/11/2012,1067,1067,1050,1058,101366
09/11/2012,1058,1075,1058,1058,32662
12/11/2012,1058,1075,1058,1058,28804
13/11/2012,1058,1067,1058,1058,24685
14/11/2012,1058,1067,1042,1050,69728
19/11/2012,1058,1058,1033,1042,62115
20/11/2012,1042,1058,1033,1033,63585
21/11/2012,1033,1042,1025,1033,35834
22/11/2012,1042,1042,1033,1033,21911
23/11/2012,1033,1050,1033,1050,45632
26/11/2012,1050,1058,1042,1050,42793
27/11/2012,1058,1058,1033,1050,54323
28/11/2012,1042,1042,1025,1033,52906
29/11/2012,1042,1042,1025,1033,30388
30/11/2012,1033,1058,1025,1042,77728
03/12/2012,1033,1067,1033,1067,65395
04/12/2012,1067,1075,1050,1075,110080
05/12/2012,1067,1067,1042,1058,63704
06/12/2012,1050,1050,1025,1033,138367
07/12/2012,1033,1042,1025,1042,50430
10/12/2012,1042,1042,1033,1033,20429
11/12/2012,1042,1067,1033,1058,221000
12/12/2012,1067,1084,1050,1058,321563
13/12/2012,1058,1100,1058,1067,646000
14/12/2012,1067,1067,1050,1067,68585
17/12/2012,1067,1075,1050,1067,113956
18/12/2012,1075,1075,1058,1067,117128
19/12/2012,1067,1075,1050,1058,122027
20/12/2012,1042,1058,1042,1058,101729
21/12/2012,1058,1075,1033,1075,240185
26/12/2012,1075,1075,1058,1058,42049
27/12/2012,1067,1084,1067,1075,59275
28/12/2012,1075,1092,1075,1075,117658
02/01/2013,1092,1126,1075,1117,300413
03/01/2013,1126,1159,1126,1142,371713
04/01/2013,1134,1151,1117,1134,118676
07/01/2013,1134,1142,1117,1126,76353
08/01/2013,1126,1168,1117,1159,383421
09/01/2013,1168,1176,1142,1151,183612
10/01/2013,1159,1168,1134,1134,127635
11/01/2013,1142,1168,1142,1159,121497
14/01/2013,1168,1210,1159,1210,453923
15/01/2013,1210,1218,1184,1193,168475
16/01/2013,1193,1201,1168,1176,79169
17/01/2013,1176,1176,1142,1142,131516
18/01/2013,1151,1168,1134,1134,155844
21/01/2013,1142,1159,1134,1142,108170
22/01/2013,1151,1151,1100,1100,131325
23/01/2013,1126,1126,1100,1117,94997
25/01/2013,1117,1126,1100,1100,138313
28/01/2013,1109,1126,1100,1109,48924
29/01/2013,1117,1176,1109,1168,333610
30/01/2013,1176,1193,1151,1159,275412
31/01/2013,1168,1168,1134,1142,135528
01/02/2013,1151,1176,1142,1168,200654
04/02/2013,1176,1184,1142,1142,100967
05/02/2013,1134,1151,1126,1142,95479
06/02/2013,1151,1184,1142,1176,361927
07/02/2013,1184,1184,1159,1159,119777
08/02/2013,1168,1176,1151,1151,72990
11/02/2013,1159,1168,1151,1159,79062
12/02/2013,1159,1168,1151,1151,65466
13/02/2013,1168,1168,1134,1142,206738
14/02/2013,1151,1159,1142,1142,169136
15/02/2013,1142,1168,1142,1142,70252
18/02/2013,1151,1151,1126,1126,68544
19/02/2013,1126,1142,1109,1109,134349
20/02/2013,1126,1142,1117,1126,188148
21/02/2013,1117,1117,1084,1084,351909
22/02/2013,1092,1117,1075,1075,304401
25/02/2013,1075,1100,1067,1067,168451
26/02/2013,1075,1084,1058,1058,179886
27/02/2013,1067,1084,1067,1075,99598
28/02/2013,1084,1092,1075,1084,156534
01/03/2013,1084,1092,1067,1092,207577
04/03/2013,1084,1092,1075,1084,92074
05/03/2013,1075,1092,1075,1084,50769
06/03/2013,1092,1151,1092,1151,761289
07/03/2013,1151,1168,1142,1151,227691
08/03/2013,1151,1151,1126,1134,118575
11/03/2013,1134,1134,1109,1109,82830
13/03/2013,1109,1126,1109,1109,70669
14/03/2013,1109,1117,1084,1092,269371
15/03/2013,1100,1117,1092,1109,205363
18/03/2013,1126,1151,1126,1151,558230
19/03/2013,1159,1176,1142,1159,461924
20/03/2013,1159,1159,1134,1134,134766
21/03/2013,1151,1151,1117,1126,91467
22/03/2013,1117,1134,1109,1126,179029
25/03/2013,1134,1159,1126,1151,205107
26/03/2013,1126,1176,1126,1176,244543
27/03/2013,1176,1184,1159,1176,139325
28/03/2013,1176,1176,1151,1151,66294
01/04/2013,1168,1176,1151,1176,183291
02/04/2013,1176,1176,1151,1168,140593
03/04/2013,1168,1226,1151,1210,834690
04/04/2013,1210,1218,1193,1193,182523
05/04/2013,1193,1193,1168,1176,201333
08/04/2013,1176,1218,1176,1210,288448
09/04/2013,1210,1218,1176,1176,141867
10/04/2013,1184,1201,1176,1193,110473
11/04/2013,1193,1210,1184,1193,105330
12/04/2013,1193,1193,1176,1193,30156
15/04/2013,1176,1176,1159,1159,121206
16/04/2013,1142,1168,1134,1168,112283
17/04/2013,1168,1176,1159,1168,71181
18/04/2013,1168,1168,1142,1151,100687
19/04/2013,1151,1151,1126,1134,153058
22/04/2013,1142,1168,1134,1142,164522
23/04/2013,1151,1151,1134,1134,124307
24/04/2013,1142,1159,1134,1159,204256
25/04/2013,1159,1159,1142,1151,93366
26/04/2013,1159,1176,1151,1159,504341
29/04/2013,1159,1168,1151,1151,61210
30/04/2013,1159,1168,1134,1159,432702
01/05/2013,1159,1168,1151,1151,94009
02/05/2013,1142,1151,1134,1134,79222
03/05/2013,1134,1142,1117,1126,58668
06/05/2013,1134,1142,1134,1142,35424
07/05/2013,1151,1151,1134,1142,42537
08/05/2013,1142,1159,1134,1151,82348
10/05/2013,1159,1159,1142,1151,53323
13/05/2013,1151,1151,1126,1126,105967
14/05/2013,1134,1142,1100,1134,181386
15/05/2013,1126,1126,1100,1100,97729
16/05/2013,1092,1117,1092,1100,61776
17/05/2013,1100,1117,1100,1109,31668
20/05/2013,1109,1126,1109,1117,40840
21/05/2013,1117,1142,1109,1126,59692
22/05/2013,1126,1126,1109,1126,73276
23/05/2013,1126,1126,1100,1100,69306
24/05/2013,1109,1117,1100,1109,26888
27/05/2013,1117,1126,1092,1092,117581
28/05/2013,1109,1117,1084,1092,188267
29/05/2013,1100,1109,1084,1100,162921
30/05/2013,1067,1075,1058,1058,101824
31/05/2013,1067,1084,1058,1075,145683
03/06/2013,1067,1067,1050,1050,91443
04/06/2013,1058,1075,1042,1058,106860
05/06/2013,1050,1067,1050,1058,64246
07/06/2013,1058,1058,1033,1033,57031
10/06/2013,1042,1050,1025,1025,72413
11/06/2013,1025,1025,949,966,151939
12/06/2013,958,974,949,949,70306
13/06/2013,949,949,924,932,70931
14/06/2013,941,958,932,941,58097
17/06/2013,949,983,949,958,111575
18/06/2013,958,991,958,966,185142
19/06/2013,974,974,958,958,44037
20/06/2013,958,958,890,890,133795
21/06/2013,857,874,815,815,597249
24/06/2013,823,840,806,806,225459
25/06/2013,823,832,815,823,139325
26/06/2013,832,848,823,840,172445
27/06/2013,840,857,840,840,106926
28/06/2013,840,857,840,840,96788
01/07/2013,840,848,832,840,65627
02/07/2013,840,848,815,832,186285
03/07/2013,823,832,798,806,126688
04/07/2013,806,840,806,840,210911
05/07/2013,840,857,840,840,95068
08/07/2013,840,840,798,798,137712
09/07/2013,798,815,781,790,136039
10/07/2013,798,823,790,798,75460
11/07/2013,815,865,815,857,212702
12/07/2013,874,991,857,974,832047
15/07/2013,974,1042,949,1016,698781
16/07/2013,1016,1025,974,974,180987
17/07/2013,974,1016,966,974,271234
18/07/2013,974,1000,966,974,135557
19/07/2013,983,1025,983,991,478382
22/07/2013,1008,1084,991,1084,447899
23/07/2013,1092,1109,1084,1084,422226
24/07/2013,1092,1092,1033,1067,263186
25/07/2013,1050,1084,1033,1067,181172
26/07/2013,1075,1075,1042,1042,50698
29/07/2013,1067,1067,1000,1000,125605
30/07/2013,983,1000,974,983,124992
31/07/2013,966,1000,941,974,266138
01/08/2013,991,1016,974,1008,142337
02/08/2013,1025,1025,1000,1000,72115
12/08/2013,983,1117,983,1109,520753
13/08/2013,1117,1126,1067,1092,379618
14/08/2013,1092,1100,1067,1075,123450
15/08/2013,1075,1126,1075,1117,301121
16/08/2013,1100,1134,1092,1117,339140
19/08/2013,1117,1126,1058,1067,254656
20/08/2013,1050,1058,991,1016,211506
21/08/2013,1025,1092,1016,1092,181291
22/08/2013,1084,1159,1042,1142,672019
23/08/2013,1151,1168,1109,1159,579355
26/08/2013,1168,1184,1142,1168,236304
27/08/2013,1151,1151,1092,1100,204274
28/08/2013,1084,1168,1050,1159,432780
29/08/2013,1168,1193,1142,1159,416160
30/08/2013,1159,1168,1109,1117,232518
02/09/2013,1109,1159,1084,1151,279097
03/09/2013,1134,1193,1134,1151,385195
04/09/2013,1151,1159,1117,1117,142688
05/09/2013,1117,1159,1117,1159,200744
06/09/2013,1159,1210,1142,1210,659429
09/09/2013,1218,1260,1218,1243,627017
10/09/2013,1243,1260,1134,1159,586790
11/09/2013,1168,1210,1151,1193,237036
12/09/2013,1193,1235,1184,1218,193636
13/09/2013,1210,1235,1193,1226,202672
16/09/2013,1218,1235,1201,1226,202577
17/09/2013,1218,1243,1210,1235,117807
18/09/2013,1226,1235,1201,1201,87491
19/09/2013,1235,1277,1218,1268,626922
20/09/2013,1268,1294,1260,1277,394207
23/09/2013,1260,1260,1235,1243,64668
24/09/2013,1235,1252,1201,1201,123402
25/09/2013,1184,1210,1176,1210,64151
26/09/2013,1201,1226,1201,1201,92199
27/09/2013,1201,1218,1176,1193,67925
30/09/2013,1193,1210,1176,1193,129105
01/10/2013,1201,1218,1184,1193,98169
02/10/2013,1210,1218,1184,1193,116753
03/10/2013,1201,1252,1193,1226,303747
04/10/2013,1218,1226,1210,1210,42698
07/10/2013,1218,1268,1210,1252,353712
08/10/2013,1252,1268,1243,1260,80597
09/10/2013,1260,1277,1235,1235,188225
10/10/2013,1243,1277,1235,1260,182755
11/10/2013,1277,1294,1260,1268,132385
16/10/2013,1260,1277,1243,1252,137611
17/10/2013,1252,1268,1252,1260,91306
18/10/2013,1260,1277,1252,1277,95497
21/10/2013,1277,1336,1268,1336,371183
22/10/2013,1327,1336,1310,1319,96479
23/10/2013,1327,1361,1327,1344,267829
24/10/2013,1336,1344,1319,1336,102675
25/10/2013,1336,1352,1327,1344,133200
28/10/2013,1344,1352,1310,1319,106926
29/10/2013,1327,1327,1302,1302,73734
30/10/2013,1302,1336,1302,1310,106693
31/10/2013,1310,1344,1277,1344,308515
01/11/2013,1336,1352,1302,1302,104473
04/11/2013,1310,1310,1285,1285,74907
06/11/2013,1285,1302,1260,1260,102491
07/11/2013,1268,1277,1252,1260,181481
08/11/2013,1260,1260,1218,1235,188541
11/11/2013,1235,1235,1193,1201,129896
12/11/2013,1210,1210,1159,1159,233524
13/11/2013,1159,1159,1109,1134,137176
14/11/2013,1142,1168,1126,1151,317158
15/11/2013,1168,1184,1117,1126,133087
18/11/2013,1126,1176,1126,1134,301455
19/11/2013,1134,1142,1092,1117,376647
20/11/2013,1117,1126,1084,1092,206982
21/11/2013,1084,1117,1075,1117,174683
22/11/2013,1126,1126,1092,1126,149474
25/11/2013,1126,1159,1117,1142,212018
26/11/2013,1142,1142,1084,1084,142754
27/11/2013,1084,1100,1050,1058,106223
28/11/2013,1058,1100,1050,1058,132057
29/11/2013,1067,1075,1058,1058,48293
02/12/2013,1058,1084,1058,1058,171570
03/12/2013,1058,1058,1025,1025,124670
04/12/2013,1025,1067,1016,1058,184398
05/12/2013,1058,1092,1050,1058,382808
06/12/2013,1067,1084,1042,1050,371171
09/12/2013,1042,1067,1033,1042,123902
10/12/2013,1050,1075,1050,1058,172737
11/12/2013,1067,1067,1033,1050,122997
12/12/2013,1033,1042,1025,1025,134147
13/12/2013,1025,1033,983,991,263948
16/12/2013,1008,1008,949,949,174862
17/12/2013,966,983,958,958,109253
18/12/2013,966,991,958,983,151730
19/12/2013,991,1000,949,958,118432
20/12/2013,949,966,874,874,460316
23/12/2013,890,890,832,857,453709
24/12/2013,865,916,848,907,454066
27/12/2013,907,932,899,907,192964
30/12/2013,916,941,916,916,181618
02/01/2014,916,932,907,907,158594
03/01/2014,907,907,857,874,245697
06/01/2014,865,882,844,844,178898
07/01/2014,840,844,798,844,212630
08/01/2014,844,853,832,848,334222
09/01/2014,853,865,844,844,172366
10/01/2014,857,857,819,823,495428
13/01/2014,832,848,815,832,485731
15/01/2014,836,857,823,832,808396
16/01/2014,840,874,836,857,799995
17/01/2014,865,865,844,844,289540
20/01/2014,848,869,848,865,270941
21/01/2014,865,920,865,907,750877
22/01/2014,916,924,882,899,625836
23/01/2014,882,907,874,878,459038
24/01/2014,878,882,865,874,205435
27/01/2014,865,865,840,848,323221
28/01/2014,848,857,840,844,271646
29/01/2014,848,857,844,848,250315
30/01/2014,844,865,836,865,312525
03/02/2014,857,865,853,857,131281
04/02/2014,853,853,840,844,163719
05/02/2014,848,853,840,840,172901
06/02/2014,840,848,836,840,239901
07/02/2014,848,857,844,848,241929
10/02/2014,857,869,853,853,316348
11/02/2014,857,878,853,874,522251
12/02/2014,874,890,869,869,568003
13/02/2014,869,878,853,853,391926
14/02/2014,857,865,853,853,256374
17/02/2014,861,874,857,869,267929
18/02/2014,869,903,869,890,1186329
19/02/2014,895,907,890,890,485398
20/02/2014,890,895,874,878,264979
21/02/2014,882,895,882,886,254339
24/02/2014,890,899,878,882,338308
25/02/2014,886,890,865,869,246463
26/02/2014,869,878,865,869,124728
27/02/2014,869,886,865,878,291056
28/02/2014,882,886,869,874,275003
03/03/2014,874,882,861,874,199757
04/03/2014,865,890,865,874,491932
05/03/2014,874,911,874,907,1619736
06/03/2014,907,953,903,949,1633498
07/03/2014,949,974,937,949,1046248
10/03/2014,949,949,920,924,479197
11/03/2014,924,941,916,937,356986
12/03/2014,932,941,920,920,264043
13/03/2014,920,949,920,928,453844
14/03/2014,928,932,911,928,326778
17/03/2014,886,937,886,924,418787
18/03/2014,924,974,890,945,1290560
19/03/2014,945,1000,949,991,1852528
20/03/2014,991,995,945,949,1098934
21/03/2014,949,966,928,953,685630
24/03/2014,953,974,941,970,431079
25/03/2014,924,979,924,962,497617
26/03/2014,962,974,949,962,311623
27/03/2014,962,962,941,953,386088
28/03/2014,953,966,949,953,188460
01/04/2014,953,979,953,962,457276
02/04/2014,962,974,953,958,264782
03/04/2014,958,983,958,970,512874
04/04/2014,970,979,899,962,285327
07/04/2014,958,966,949,949,379927
08/04/2014,949,958,941,945,402339
10/04/2014,945,949,899,920,541516
11/04/2014,920,928,895,907,263010
14/04/2014,907,953,907,945,382342
15/04/2014,945,966,928,928,595888
16/04/2014,928,953,916,941,222782
17/04/2014,941,953,941,945,250805
21/04/2014,945,962,945,953,285309
22/04/2014,953,974,945,970,513527
23/04/2014,970,1042,970,1042,1519697
24/04/2014,1042,1063,1016,1021,948626
25/04/2014,1021,1029,1000,1004,583067
28/04/2014,1004,1025,995,1016,443816
29/04/2014,1016,1025,1000,1008,184768
30/04/2014,1008,1025,983,987,380878
02/05/2014,987,987,962,966,340231
05/05/2014,966,979,958,970,328465
06/05/2014,970,1012,970,991,961841
07/05/2014,991,1012,987,995,723777
08/05/2014,1000,1021,987,1008,745828
09/05/2014,1008,1071,1016,1063,1674749
12/05/2014,1063,1084,1058,1063,829711
13/05/2014,1063,1084,1058,1063,630353
14/05/2014,1063,1071,1046,1058,348643
16/05/2014,1058,1042,1008,1025,623444
19/05/2014,1025,1042,1008,1008,537714
20/05/2014,1008,1029,995,1004,438556
21/05/2014,1004,1008,987,1000,178372
22/05/2014,1000,1075,1000,1050,641262
23/05/2014,1050,1058,1037,1042,503660
26/05/2014,1042,1050,1025,1025,124223
28/05/2014,1025,1037,1016,1033,186455
30/05/2014,1033,1029,1008,1008,246577
02/06/2014,1008,1004,962,987,512961
03/06/2014,987,1016,983,1008,460250
04/06/2014,1008,1016,995,1000,185236
05/06/2014,1004,1004,987,1004,147356
06/06/2014,1004,1012,991,991,148730
09/06/2014,991,1000,962,962,189805
10/06/2014,962,979,962,966,100090
11/06/2014,966,983,966,979,168664
12/06/2014,979,979,949,953,207890
13/06/2014,953,958,949,958,81376
16/06/2014,958,958,941,958,87150
17/06/2014,958,974,953,970,111680
18/06/2014,970,983,962,970,121812
19/06/2014,970,974,958,958,60641
20/06/2014,958,970,945,945,99160
23/06/2014,945,949,932,941,75224
24/06/2014,941,945,932,937,53575
25/06/2014,937,941,903,907,191386
26/06/2014,907,920,907,916,121418
27/06/2014,916,928,899,899,122890
30/06/2014,899,916,899,916,89114
01/07/2014,916,932,911,924,128970
02/07/2014,924,932,911,916,136754
03/07/2014,916,953,920,953,298499
04/07/2014,953,970,945,966,127648
07/07/2014,966,974,958,966,109184
08/07/2014,966,979,958,958,111445
10/07/2014,958,974,949,953,216727
11/07/2014,953,966,941,941,145839
14/07/2014,941,949,924,941,42401
15/07/2014,941,953,941,949,40946
16/07/2014,949,970,949,958,152917
17/07/2014,958,970,945,945,107970
18/07/2014,945,974,932,970,250472
21/07/2014,970,991,970,979,158521
22/07/2014,979,991,945,953,265556
23/07/2014,953,974,953,953,118133
24/07/2014,953,1067,958,1063,1771192
25/07/2014,1063,1067,1037,1067,571056
04/08/2014,1050,1050,1025,1025,317211
05/08/2014,1033,1050,1025,1033,406587
06/08/2014,1025,1037,1021,1029,117995
07/08/2014,1037,1071,1033,1063,768009
08/08/2014,1050,1067,1046,1046,191486
11/08/2014,1054,1054,1042,1042,94638
12/08/2014,1046,1058,1042,1050,201628
13/08/2014,1050,1054,1046,1046,86112
14/08/2014,1050,1058,1037,1037,161894
15/08/2014,1046,1054,1037,1037,93760
18/08/2014,1037,1046,1025,1033,112727
19/08/2014,1033,1042,1033,1033,77802
20/08/2014,1042,1046,1033,1037,100656
21/08/2014,1037,1054,1037,1042,298999
22/08/2014,1050,1050,1033,1033,105380
25/08/2014,1033,1033,1025,1029,79189
26/08/2014,1033,1033,1000,1000,150705
27/08/2014,1008,1016,995,1000,148941
28/08/2014,1004,1021,1000,1012,85657
29/08/2014,1008,1012,1004,1004,99694
01/09/2014,979,987,970,974,148405
02/09/2014,979,987,974,974,106926
03/09/2014,979,983,966,970,140141
04/09/2014,979,1016,979,1004,488708
05/09/2014,1012,1016,991,991,147048
08/09/2014,1004,1029,1004,1016,391263
09/09/2014,1021,1021,995,1000,187060
10/09/2014,991,991,966,966,157041
11/09/2014,966,979,958,958,145745
12/09/2014,958,962,941,958,156371
15/09/2014,949,953,945,953,41470
16/09/2014,958,970,949,953,60829
17/09/2014,966,970,958,958,71321
18/09/2014,958,970,953,962,106273
19/09/2014,966,970,924,924,200284
22/09/2014,924,941,924,924,150698
23/09/2014,924,945,911,941,127127
24/09/2014,941,953,941,945,98287
25/09/2014,953,958,945,953,98994
26/09/2014,945,949,920,924,110970
29/09/2014,924,924,911,916,26198
30/09/2014,903,932,899,932,85048
01/10/2014,932,932,911,911,84049
02/10/2014,903,907,874,878,164091
03/10/2014,874,882,861,861,66971
06/10/2014,869,878,857,857,59877
07/10/2014,861,865,848,861,107491
08/10/2014,857,861,844,853,95374
09/10/2014,857,861,853,857,60828
10/10/2014,844,848,832,832,200077
13/10/2014,832,840,827,827,65383
14/10/2014,827,840,827,832,107945
15/10/2014,836,848,832,840,160650
16/10/2014,840,840,827,832,162558
17/10/2014,836,836,785,798,954516
20/10/2014,806,819,802,802,273745
21/10/2014,802,811,798,798,53859
22/10/2014,802,815,802,806,220649
23/10/2014,806,815,802,806,137537
24/10/2014,806,815,802,806,80650
27/10/2014,811,815,794,794,106696
28/10/2014,798,798,790,794,49419
29/10/2014,806,811,777,790,466394
30/10/2014,794,815,785,806,477793
31/10/2014,815,827,806,815,499365
03/11/2014,811,815,794,794,233060
04/11/2014,794,802,790,790,104339
05/11/2014,785,794,785,785,99185
06/11/2014,790,798,785,794,155898
07/11/2014,794,798,781,785,106395
10/11/2014,785,790,777,777,109394
11/11/2014,781,785,773,773,101066
12/11/2014,773,785,773,773,97410
13/11/2014,777,798,773,790,243416
14/11/2014,790,794,781,785,67810
17/11/2014,785,790,781,781,47860
18/11/2014,785,790,781,781,58789
19/11/2014,785,794,781,781,65160
20/11/2014,785,802,785,802,190937
21/11/2014,806,827,806,823,399324
24/11/2014,832,848,832,840,420169
25/11/2014,840,840,823,832,146766
26/11/2014,832,832,811,815,94176
27/11/2014,819,827,819,823,55565
28/11/2014,823,827,819,823,99618
01/12/2014,815,823,806,823,110183
02/12/2014,827,840,823,827,153382
03/12/2014,832,840,819,819,105570
04/12/2014,827,836,815,823,136656
05/12/2014,827,832,811,811,138885
08/12/2014,811,815,798,806,134880
09/12/2014,811,819,802,811,51461
10/12/2014,815,827,811,811,138640
11/12/2014,811,815,802,802,70511
12/12/2014,806,819,802,815,74781
15/12/2014,806,815,802,802,103372
16/12/2014,802,823,794,815,219685
17/12/2014,806,827,806,823,177181
18/12/2014,823,827,811,811,95210
19/12/2014,815,823,811,823,70715
22/12/2014,827,832,815,827,74850
23/12/2014,823,869,823,861,527531
24/12/2014,865,928,861,911,803096
29/12/2014,916,941,916,920,310000
30/12/2014,920,928,886,895,210845
02/01/2015,895,895,869,878,59972
05/01/2015,874,882,865,874,96229
06/01/2015,865,874,853,861,117056
07/01/2015,861,882,861,874,143330
08/01/2015,890,953,890,937,872424
09/01/2015,945,949,911,911,418704
12/01/2015,907,932,907,916,261829
13/01/2015,916,932,903,911,148384
14/01/2015,903,924,899,899,159920
15/01/2015,895,911,890,899,143372
16/01/2015,899,911,886,886,141734
19/01/2015,890,903,878,882,118508
20/01/2015,886,895,878,886,124490
21/01/2015,895,899,882,882,98252
22/01/2015,886,899,878,886,125139
23/01/2015,890,899,886,890,151447
26/01/2015,886,895,857,865,196135
27/01/2015,882,907,882,895,315253
28/01/2015,886,895,882,882,64329
29/01/2015,886,907,886,899,241396
30/01/2015,899,911,895,895,227331
02/02/2015,890,895,882,886,80476
03/02/2015,890,899,886,886,130982
04/02/2015,890,903,882,882,186483
05/02/2015,882,886,865,869,143586
06/02/2015,865,878,865,874,101112
09/02/2015,874,886,865,869,120055
10/02/2015,869,878,865,869,47618
11/02/2015,890,907,882,899,387201
12/02/2015,899,903,882,886,129656
13/02/2015,886,895,878,882,112119
16/02/2015,882,886,869,878,114476
17/02/2015,874,878,865,865,94595
18/02/2015,869,878,865,869,87544
20/02/2015,869,874,865,865,50668
23/02/2015,865,874,857,857,73559
24/02/2015,869,869,844,844,100819
25/02/2015,848,857,832,836,170417
26/02/2015,840,844,832,840,77521
27/02/2015,844,857,840,844,106605
02/03/2015,844,857,844,848,74200
03/03/2015,848,857,840,840,54279
04/03/2015,844,844,832,836,94165
05/03/2015,840,853,840,844,62584
06/03/2015,844,848,840,840,56099
09/03/2015,836,840,827,827,61105
10/03/2015,832,832,823,823,31632
11/03/2015,819,823,811,815,42920
12/03/2015,815,832,806,827,39893
13/03/2015,827,832,815,819,53484
16/03/2015,823,823,802,802,91529
17/03/2015,811,811,798,802,47031
18/03/2015,802,802,798,798,41580
19/03/2015,802,811,802,802,47678
20/03/2015,798,802,743,743,457473
23/03/2015,760,764,748,756,244754
24/03/2015,764,764,748,752,80668
25/03/2015,748,756,735,735,75685
26/03/2015,731,735,718,722,74102
27/03/2015,718,731,714,718,76709
30/03/2015,718,731,718,722,52303
31/03/2015,727,731,722,727,49045
01/04/2015,722,769,718,760,146404
02/04/2015,760,777,752,764,134575
06/04/2015,769,773,760,764,41655
07/04/2015,769,769,756,769,39262
08/04/2015,769,769,752,760,49409
09/04/2015,760,773,748,773,85377
10/04/2015,777,777,756,760,55587
13/04/2015,764,764,743,748,51678
14/04/2015,748,752,735,743,47110
15/04/2015,743,756,735,756,40823
16/04/2015,756,756,743,748,23339
17/04/2015,748,748,739,739,17256
20/04/2015,739,743,735,735,27027
21/04/2015,739,743,722,727,88749
22/04/2015,731,743,727,727,84748
23/04/2015,727,735,722,731,64470
24/04/2015,735,735,722,727,49913
27/04/2015,735,735,693,697,104977
28/04/2015,693,701,680,697,53298
29/04/2015,697,701,672,680,58304
30/04/2015,680,680,664,668,74394
04/05/2015,668,680,651,655,65936
05/05/2015,659,664,651,651,44861
06/05/2015,651,685,651,680,162453
07/05/2015,680,685,668,672,52887
08/05/2015,676,680,672,672,28131
11/05/2015,676,685,668,672,98161
12/05/2015,672,693,668,680,135434
13/05/2015,685,706,685,693,221035
15/05/2015,697,701,689,689,45460
18/05/2015,689,701,685,689,77751
19/05/2015,689,693,685,689,44087
20/05/2015,676,689,672,676,147366
21/05/2015,676,680,668,672,57537
22/05/2015,676,685,676,676,43102
25/05/2015,672,676,672,672,17817
26/05/2015,676,689,676,680,45116
27/05/2015,676,701,672,689,121575
28/05/2015,693,697,676,680,34138
29/05/2015,680,680,638,638,120418
01/06/2015,651,655,643,651,88837
03/06/2015,651,655,634,638,137787
04/06/2015,638,643,634,634,23101
05/06/2015,634,647,634,638,59204
08/06/2015,643,647,630,634,59880
09/06/2015,634,634,613,613,60320
10/06/2015,613,630,613,617,42715
11/06/2015,622,651,617,634,126274
12/06/2015,634,638,622,626,35409
15/06/2015,617,622,609,609,36184
16/06/2015,605,613,601,609,39480
17/06/2015,609,617,605,609,54013
18/06/2015,609,609,601,601,31778
19/06/2015,605,613,596,596,69796
22/06/2015,596,613,596,601,30481
23/06/2015,601,605,596,605,45085
24/06/2015,601,609,601,601,53806
25/06/2015,596,601,588,592,67149
26/06/2015,588,596,584,584,68055
29/06/2015,584,588,571,580,33803
30/06/2015,571,575,567,571,49980
01/07/2015,571,571,563,563,40948
02/07/2015,563,575,554,567,83919
03/07/2015,571,571,563,567,29537
06/07/2015,567,567,559,559,23135
07/07/2015,554,559,550,550,38005
08/07/2015,546,550,521,525,106589
09/07/2015,521,525,508,521,39594
10/07/2015,517,533,517,521,25241
13/07/2015,525,525,517,517,15881
14/07/2015,517,529,512,517,34947
15/07/2015,517,517,508,512,13709
22/07/2015,508,508,496,500,27494
23/07/2015,500,508,496,500,41542
24/07/2015,496,500,487,491,41792
27/07/2015,483,483,462,462,102434
28/07/2015,458,458,437,445,127390
29/07/2015,449,454,441,441,74628
30/07/2015,441,449,410,412,277314
31/07/2015,412,413,399,399,283367
03/08/2015,403,417,397,402,310137
04/08/2015,407,500,405,500,1276869
05/08/2015,512,550,504,508,1350883
06/08/2015,512,546,491,517,853867
07/08/2015,517,529,500,504,231573
10/08/2015,508,517,491,491,185315
11/08/2015,500,508,458,462,546516
12/08/2015,462,462,428,428,246476
13/08/2015,441,466,441,458,431769
14/08/2015,462,462,441,445,113495
18/08/2015,449,449,433,433,96629
19/08/2015,433,449,433,449,93887
20/08/2015,454,454,437,445,75720
21/08/2015,437,441,420,424,145216
24/08/2015,395,416,378,395,209901
25/08/2015,378,441,378,420,619841
26/08/2015,420,428,402,419,239982
27/08/2015,424,445,424,441,395934
28/08/2015,458,458,412,412,730935
31/08/2015,410,428,407,420,281257
01/09/2015,418,424,413,417,170098
02/09/2015,417,424,413,413,213092
03/09/2015,416,420,413,413,116358
04/09/2015,414,420,406,407,109680
07/09/2015,412,412,399,401,45481
08/09/2015,399,411,395,406,88898
09/09/2015,408,417,405,414,178223
10/09/2015,412,412,405,405,62549
11/09/2015,407,424,407,407,362230
14/09/2015,412,414,406,406,122732
15/09/2015,405,407,401,401,52461
16/09/2015,404,405,400,401,51622
17/09/2015,401,415,401,406,158538
18/09/2015,407,410,399,403,392201
21/09/2015,403,403,399,403,45058
22/09/2015,403,412,400,402,120259
23/09/2015,402,449,400,428,1194926
25/09/2015,433,454,424,428,454048
28/09/2015,428,433,405,405,296976
29/09/2015,405,407,391,400,221538
30/09/2015,403,428,399,408,439779
01/10/2015,412,428,407,408,749146
02/10/2015,408,417,403,404,358278
05/10/2015,409,413,404,404,407048
06/10/2015,412,433,407,414,1519328
07/10/2015,418,419,399,401,907650
08/10/2015,402,413,399,402,450961
09/10/2015,407,411,402,404,368000
12/10/2015,409,437,405,437,1347490
13/10/2015,441,454,428,433,1083324
15/10/2015,441,445,414,424,1143958
16/10/2015,440,449,425,433,1292490
19/10/2015,436,436,423,424,516007
20/10/2015,428,431,420,424,496715
21/10/2015,420,436,420,429,926445
22/10/2015,423,425,390,391,4099250
23/10/2015,387,400,380,397,3321960
26/10/2015,405,405,383,386,4063500
27/10/2015,386,388,381,381,3027020
28/10/2015,381,396,376,394,7202080
29/10/2015,400,400,376,377,4850850
30/10/2015,375,384,372,378,1829030
02/11/2015,373,376,354,359,3277680
03/11/2015,360,370,353,359,2962080
04/11/2015,361,366,355,356,1905370
05/11/2015,359,363,353,353,1247610
06/11/2015,353,361,353,355,1012440
09/11/2015,355,358,336,337,1676190
10/11/2015,335,350,329,342,2716250
11/11/2015,345,346,332,333,1211150
12/11/2015,333,337,325,326,1226670
13/11/2015,325,326,317,319,1527950
16/11/2015,317,319,311,313,807332
17/11/2015,316,321,311,311,840942
18/11/2015,314,319,306,308,915201
19/11/2015,312,379,309,372,4866670
20/11/2015,373,380,346,347,5187260
23/11/2015,348,361,344,349,2517680
24/11/2015,349,361,345,354,2687310
25/11/2015,357,363,355,357,1803060
26/11/2015,358,360,352,352,869107
27/11/2015,354,355,335,338,1369040
30/11/2015,334,335,315,315,1400490
01/12/2015,317,324,315,318,536028
02/12/2015,320,337,319,332,1347640
03/12/2015,330,331,321,323,574624
04/12/2015,323,327,318,321,314599
07/12/2015,325,328,320,321,547561
08/12/2015,320,320,311,312,614561
10/12/2015,312,314,301,303,469203
11/12/2015,303,304,295,295,538481
14/12/2015,290,294,285,287,351653
15/12/2015,290,295,286,289,449568
16/12/2015,291,308,291,303,887483
17/12/2015,309,312,303,304,997919
18/12/2015,302,307,298,301,320612
21/12/2015,305,310,298,306,471357
22/12/2015,308,316,306,307,962277
23/12/2015,310,312,302,304,296793
28/12/2015,304,309,304,305,1044820
29/12/2015,303,321,303,321,1413640
30/12/2015,323,326,314,314,1304460
04/01/2016,315,315,296,296,963229
05/01/2016,297,305,297,302,402521
06/01/2016,303,307,298,300,790605
07/01/2016,298,301,294,294,604581
08/01/2016,292,302,292,299,437968
11/01/2016,299,308,296,303,1054590
12/01/2016,305,306,300,302,789897
13/01/2016,307,307,301,301,311520
14/01/2016,297,328,294,310,4775670
15/01/2016,313,322,312,315,1626850
18/01/2016,310,320,310,314,564901
19/01/2016,315,319,313,314,624379
20/01/2016,313,315,304,304,834175
21/01/2016,305,313,301,304,628123
22/01/2016,306,311,304,308,467359
25/01/2016,310,315,308,311,640862
26/01/2016,311,320,309,314,1408860
27/01/2016,318,331,318,325,3279430
28/01/2016,325,332,322,323,1555920
29/01/2016,325,335,324,329,2104560
01/02/2016,334,335,328,332,1045090
02/02/2016,333,344,331,338,1684100
03/02/2016,336,345,334,342,1253540
04/02/2016,345,352,345,349,1323590
05/02/2016,352,357,340,342,1731150
09/02/2016,343,350,341,344,763036
10/02/2016,345,347,335,344,887233
11/02/2016,346,353,345,353,1929280
12/02/2016,355,360,351,352,870186
15/02/2016,355,362,353,362,1336810
16/02/2016,365,367,359,363,901497
17/02/2016,366,366,361,363,463102
18/02/2016,365,372,362,366,1209290
19/02/2016,369,373,357,369,2092510
22/02/2016,371,372,367,369,421204
23/02/2016,371,372,358,360,756922
24/02/2016,360,369,356,365,865215
25/02/2016,368,373,365,372,1416570
26/02/2016,374,375,367,369,681407
29/02/2016,370,371,364,364,397574
01/03/2016,366,369,363,365,340920
02/03/2016,365,383,360,381,2694520
03/03/2016,382,392,376,387,2014510
04/03/2016,389,406,389,403,2400700
07/03/2016,406,422,406,422,2628120
08/03/2016,424,433,422,424,2134810
10/03/2016,425,428,417,424,1051290
11/03/2016,427,448,425,445,2040540
14/03/2016,450,462,447,457,2108820
15/03/2016,459,460,448,453,1053980
16/03/2016,453,467,450,459,1284120
17/03/2016,464,466,459,461,876054
18/03/2016,465,480,463,474,2187460
21/03/2016,474,481,470,470,1429800
22/03/2016,471,476,470,471,547514
23/03/2016,471,474,465,468,415658
24/03/2016,465,471,458,458,1032710
28/03/2016,458,462,441,459,1312720
29/03/2016,460,468,456,456,806923
30/03/2016,459,466,458,465,747413
31/03/2016,465,470,463,464,550895
01/04/2016,463,464,458,461,955108
04/04/2016,466,505,463,500,3239210
05/04/2016,500,510,499,500,1276340
06/04/2016,505,525,505,520,1021770
07/04/2016,525,625,525,625,4743940
08/04/2016,625,710,615,645,6389450
11/04/2016,650,685,640,665,2116660
12/04/2016,670,695,665,670,1430490
13/04/2016,680,700,655,695,2916390
14/04/2016,700,715,675,675,1369920
15/04/2016,680,690,635,655,1436620
18/04/2016,655,705,635,695,2633000
19/04/2016,705,735,705,725,2702150
20/04/2016,730,740,710,720,1145300
21/04/2016,725,735,715,720,929656
22/04/2016,720,725,710,715,510027
25/04/2016,720,725,710,715,546844
26/04/2016,715,720,690,705,936513
27/04/2016,705,720,700,700,461428
28/04/2016,710,745,700,740,2427370
29/04/2016,750,775,735,760,2063980
02/05/2016,770,780,740,755,1154510
03/05/2016,765,765,740,745,460028
04/05/2016,740,780,730,770,1377680
09/05/2016,775,780,730,740,1826140
10/05/2016,735,750,700,710,2669120
11/05/2016,715,730,710,710,751969
12/05/2016,715,730,705,715,450634
13/05/2016,715,720,705,705,371719
16/05/2016,705,710,675,680,1054060
17/05/2016,690,700,685,695,592765
18/05/2016,700,710,690,695,268782
19/05/2016,700,700,665,665,685924
20/05/2016,660,680,650,660,563727
23/05/2016,660,675,650,650,304086
24/05/2016,650,655,625,645,806367
25/05/2016,655,665,650,655,434348
26/05/2016,660,700,650,680,1376640
27/05/2016,685,690,665,670,414352
30/05/2016,670,685,660,670,642630
31/05/2016,670,675,650,650,812170
01/06/2016,650,670,640,645,499585
02/06/2016,640,665,640,650,969867
03/06/2016,650,660,650,650,199284
06/06/2016,660,685,660,675,1241560
07/06/2016,685,695,665,675,1086780
08/06/2016,680,685,665,670,752942
09/06/2016,680,730,670,730,3259100
10/06/2016,730,740,715,720,1455680
13/06/2016,705,725,705,705,475984
14/06/2016,700,720,685,685,637359
15/06/2016,680,705,680,695,682108
16/06/2016,695,780,695,755,3721930
17/06/2016,755,765,725,735,2133320
20/06/2016,740,760,735,750,966597
21/06/2016,750,760,735,735,621112
22/06/2016,730,755,730,740,1081020
23/06/2016,730,745,730,730,392925
24/06/2016,730,750,705,730,1907100
27/06/2016,730,745,730,735,703394
28/06/2016,740,745,720,720,586903
29/06/2016,720,740,720,720,1057940
30/06/2016,725,735,720,725,776227
01/07/2016,725,730,710,715,529255
11/07/2016,730,750,725,740,972838
12/07/2016,740,770,740,760,1671920
13/07/2016,765,805,765,795,3172770
14/07/2016,800,810,775,780,1281620
15/07/2016,775,805,775,780,1061090
18/07/2016,775,840,765,840,2465080
19/07/2016,850,860,820,820,2051250
20/07/2016,820,840,810,815,868455
21/07/2016,820,830,795,800,1164550
22/07/2016,800,825,800,810,847336
25/07/2016,810,820,805,810,475000
26/07/2016,810,815,795,805,867065
27/07/2016,810,830,805,805,1677660
28/07/2016,815,820,800,805,836614
29/07/2016,810,815,795,795,676122
01/08/2016,805,815,800,805,599865
02/08/2016,810,840,810,820,1742210
03/08/2016,830,840,815,820,930987
04/08/2016,830,830,815,815,677703
05/08/2016,820,825,810,815,473274
08/08/2016,815,825,805,810,556565
09/08/2016,815,820,800,800,619051
10/08/2016,805,810,795,795,484994
11/08/2016,800,800,775,775,949110
12/08/2016,780,790,775,780,352447
15/08/2016,780,790,735,750,913542
16/08/2016,755,765,750,755,368666
18/08/2016,755,790,755,785,864058
19/08/2016,795,815,775,790,1653640
22/08/2016,795,800,775,775,449830
23/08/2016,780,785,760,765,507740
24/08/2016,770,790,760,775,467957
25/08/2016,775,785,765,770,234031
26/08/2016,775,775,745,750,715012
29/08/2016,750,750,710,715,844924
30/08/2016,720,730,695,715,906577
31/08/2016,715,735,715,720,437147
01/09/2016,720,725,695,700,472923
02/09/2016,700,715,685,700,408277
05/09/2016,715,720,705,705,423675
06/09/2016,710,715,700,705,271455
07/09/2016,715,715,700,705,147848
08/09/2016,710,710,695,700,349084
09/09/2016,700,705,690,690,234365
13/09/2016,690,690,645,645,741477
14/09/2016,645,645,615,620,556832
15/09/2016,620,640,620,640,478045
16/09/2016,640,655,625,625,511633
19/09/2016,630,635,615,625,183019
20/09/2016,630,635,620,625,201969
21/09/2016,625,670,620,665,1033730
22/09/2016,675,705,670,675,1272070
23/09/2016,685,690,665,665,453879
26/09/2016,660,680,640,645,400921
27/09/2016,645,780,630,770,5043250
28/09/2016,785,810,760,795,3510200
29/09/2016,810,850,810,830,4414740
30/09/2016,825,850,805,820,2793510
03/10/2016,830,835,805,805,1269340
04/10/2016,810,860,800,830,3978810
05/10/2016,825,845,790,795,2200200
06/10/2016,800,810,770,790,1024940
07/10/2016,795,820,785,800,874011
10/10/2016,805,810,785,790,409376
11/10/2016,800,835,790,830,3789410
12/10/2016,825,865,810,840,4114680
13/10/2016,845,850,825,830,1160430
14/10/2016,830,840,820,825,965213
17/10/2016,830,850,825,835,2333670
18/10/2016,840,845,820,830,1012100
19/10/2016,830,835,820,825,475477
20/10/2016,830,830,800,810,585523
21/10/2016,810,835,805,820,677820
24/10/2016,820,840,820,840,956077
25/10/2016,840,845,830,835,720989
26/10/2016,835,845,825,840,1046860
27/10/2016,840,900,840,875,4278830
28/10/2016,880,890,860,865,749010
31/10/2016,870,895,860,895,1827040
01/11/2016,895,930,885,900,1825760
02/11/2016,900,915,890,900,1246150
03/11/2016,895,925,875,890,2212760
04/11/2016,890,915,875,910,1139360
07/11/2016,915,920,890,910,1422600
08/11/2016,915,925,905,910,1441040
09/11/2016,915,915,865,890,1689700
10/11/2016,900,905,880,895,1301090
11/11/2016,885,910,865,900,1339140
14/11/2016,900,910,880,885,833874
15/11/2016,885,910,880,885,1302220
16/11/2016,890,900,870,880,686950
17/11/2016,880,925,880,900,1279360
18/11/2016,905,910,890,900,345411
21/11/2016,900,910,890,890,307026
22/11/2016,905,915,895,910,764545
23/11/2016,915,990,910,975,5400280
24/11/2016,980,990,950,970,2353960
25/11/2016,970,980,960,965,522393
28/11/2016,970,1005,960,985,1844070
29/11/2016,990,995,975,975,469601
30/11/2016,975,980,965,970,773209
01/12/2016,965,975,950,955,582409
02/12/2016,940,965,940,965,584945
05/12/2016,965,975,955,965,473973
06/12/2016,970,970,960,960,208506
07/12/2016,965,980,955,960,473808
08/12/2016,965,975,945,950,526738
09/12/2016,945,965,940,945,464484
13/12/2016,940,945,895,900,1469170
14/12/2016,900,905,875,880,679598
15/12/2016,875,905,860,895,688219
16/12/2016,905,905,880,885,914954
19/12/2016,885,905,870,870,418656
20/12/2016,870,890,860,865,334560
21/12/2016,860,890,850,885,526062
22/12/2016,885,890,850,860,381394
23/12/2016,860,880,855,855,283036
27/12/2016,855,865,850,850,188195
28/12/2016,860,895,855,890,437669
29/12/2016,890,905,885,895,548900
30/12/2016,905,905,890,895,562816
03/01/2017,895,895,875,885,35779
04/01/2017,885,905,865,865,346159
05/01/2017,875,885,865,870,224429
06/01/2017,880,885,865,865,315964
09/01/2017,870,875,850,855,283556
10/01/2017,855,875,855,865,259514
11/01/2017,875,880,865,875,540711
12/01/2017,870,880,865,865,267148
13/01/2017,885,920,885,920,2491580
16/01/2017,920,930,900,905,947977
17/01/2017,910,915,895,895,482800
18/01/2017,895,905,890,895,317983
19/01/2017,895,915,890,900,1638360
20/01/2017,905,910,885,885,654899
23/01/2017,885,890,865,865,874510
24/01/2017,865,870,800,805,2741940
25/01/2017,810,820,800,805,999755
26/01/2017,810,815,795,810,749091
27/01/2017,800,810,795,805,576877
30/01/2017,805,810,795,800,683937
31/01/2017,805,820,795,800,1016450
01/02/2017,810,815,800,810,699987
02/02/2017,815,845,810,840,1620260
03/02/2017,850,860,830,830,736883
06/02/2017,830,835,810,815,367785
07/02/2017,815,820,805,805,287049
08/02/2017,810,815,795,805,318824
09/02/2017,805,815,800,800,363370
10/02/2017,805,815,800,810,280552
13/02/2017,820,820,810,810,284763
14/02/2017,815,815,800,800,363327
16/02/2017,805,810,800,800,265444
17/02/2017,805,805,795,795,178881
20/02/2017,795,800,780,785,456173
21/02/2017,785,810,780,790,637628
22/02/2017,790,800,785,785,233261
23/02/2017,790,790,780,785,196778
24/02/2017,785,790,765,765,251289
27/02/2017,770,775,740,740,580624
28/02/2017,740,770,740,745,590623
01/03/2017,760,765,745,750,471137
02/03/2017,760,785,750,770,651268
03/03/2017,770,770,755,755,271590
06/03/2017,755,770,750,760,314318
07/03/2017,760,760,745,750,131941
08/03/2017,745,750,725,730,290693
09/03/2017,725,745,715,735,704562
10/03/2017,740,740,725,730,123879
13/03/2017,730,740,725,725,176038
14/03/2017,730,735,705,705,535586
15/03/2017,705,710,690,695,356487
16/03/2017,700,725,700,715,547077
17/03/2017,720,780,720,760,1413760
20/03/2017,770,780,750,760,469589
21/03/2017,765,765,740,750,221882
22/03/2017,745,745,735,740,155353
23/03/2017,740,755,740,745,154331
24/03/2017,750,750,730,730,167752
27/03/2017,730,735,710,720,133918
29/03/2017,730,745,720,745,218484
30/03/2017,750,750,725,725,163258
31/03/2017,725,740,725,730,123505
03/04/2017,735,740,715,715,220454
04/04/2017,720,730,715,720,243419
05/04/2017,725,730,710,710,234888
06/04/2017,720,720,710,715,113737
07/04/2017,710,730,710,715,211130
10/04/2017,715,725,705,705,146469
11/04/2017,710,715,700,700,112584
12/04/2017,705,730,700,725,401548
13/04/2017,730,745,725,735,325277
17/04/2017,735,745,715,720,160844
18/04/2017,720,725,705,710,172146
20/04/2017,710,715,695,700,293251
21/04/2017,700,705,695,700,237550
25/04/2017,700,705,695,700,186297
26/04/2017,700,705,695,700,177635
27/04/2017,700,700,690,695,164440
28/04/2017,695,715,695,695,442857
02/05/2017,705,705,685,685,267854
03/05/2017,685,700,660,665,392522
04/05/2017,670,670,645,645,333205
05/05/2017,640,640,625,630,329819
08/05/2017,630,660,630,640,352902
09/05/2017,645,655,630,630,170598
10/05/2017,630,645,625,625,271820
12/05/2017,625,630,610,620,166411
15/05/2017,620,625,595,610,321662
16/05/2017,615,705,605,700,1336760
17/05/2017,705,730,685,705,1089050
18/05/2017,690,715,690,695,309634
19/05/2017,695,715,685,700,249964
22/05/2017,710,725,690,695,610794
23/05/2017,700,715,695,705,329259
24/05/2017,705,715,700,705,147493
26/05/2017,700,710,690,700,297985
29/05/2017,700,750,700,750,1411410
30/05/2017,755,760,730,735,645255
31/05/2017,740,790,735,775,1837540
02/06/2017,780,780,755,760,368320
05/06/2017,770,780,725,725,1152620
06/06/2017,725,740,720,720,354561
07/06/2017,725,730,720,720,255565
08/06/2017,720,725,705,715,578083
09/06/2017,720,720,710,715,152152
12/06/2017,715,725,705,705,190761
13/06/2017,705,735,705,725,363980
14/06/2017,730,755,725,750,335473
15/06/2017,740,750,725,725,148582
16/06/2017,725,735,705,720,213897
19/06/2017,720,725,705,705,174876
20/06/2017,715,715,705,710,92635
21/06/2017,715,715,690,695,206165
22/06/2017,705,705,695,695,64310
03/07/2017,705,715,695,700,158163
04/07/2017,700,710,685,705,254123
05/07/2017,705,710,695,700,253183
06/07/2017,700,705,695,695,61551
07/07/2017,695,720,695,710,229579
10/07/2017,720,720,700,705,54874
11/07/2017,710,710,695,695,110481
12/07/2017,700,705,695,700,68732
13/07/2017,705,705,695,700,44049
14/07/2017,705,705,695,695,61584
17/07/2017,705,735,700,720,723114
18/07/2017,720,740,715,715,371003
19/07/2017,725,730,715,725,210327
20/07/2017,725,725,715,715,88786
21/07/2017,720,720,705,705,101718
24/07/2017,715,715,695,700,135045
25/07/2017,700,710,695,700,141677
26/07/2017,710,730,705,720,596539
27/07/2017,725,730,710,715,263176
28/07/2017,715,720,685,690,1099870
31/07/2017,695,700,685,690,196616
01/08/2017,700,700,685,690,299855
02/08/2017,680,690,680,685,324744
03/08/2017,690,700,680,680,258978
04/08/2017,680,685,650,660,615586
07/08/2017,660,660,645,650,336927
08/08/2017,650,675,650,670,277768
09/08/2017,680,700,680,695,503029
10/08/2017,700,710,685,700,508509
11/08/2017,700,705,685,690,121026
14/08/2017,695,695,685,685,77515
15/08/2017,690,690,675,680,124600
16/08/2017,680,685,670,680,102404
18/08/2017,680,695,670,685,184102
21/08/2017,690,720,690,715,1026290
22/08/2017,720,735,715,725,1829490
23/08/2017,730,730,705,720,427807
24/08/2017,725,755,725,740,1774410
25/08/2017,740,740,720,720,347076
28/08/2017,715,725,710,715,361123
29/08/2017,725,745,715,730,1226940
30/08/2017,735,765,735,755,2249290
31/08/2017,760,760,735,740,812539
04/09/2017,740,755,705,710,1062940
05/09/2017,710,720,690,710,693021
06/09/2017,710,720,700,705,239846
07/09/2017,715,715,695,695,305483
08/09/2017,700,715,695,700,310396
11/09/2017,695,700,685,690,304364
12/09/2017,695,695,675,680,257388
13/09/2017,680,685,660,670,376386
14/09/2017,670,685,665,680,366982
15/09/2017,690,695,680,680,226708
18/09/2017,685,690,670,680,135454
19/09/2017,680,685,670,675,197302
20/09/2017,675,700,675,680,416020
22/09/2017,675,680,670,675,127783
25/09/2017,680,680,645,650,785222
26/09/2017,655,665,640,645,297350
27/09/2017,645,650,625,625,183452
28/09/2017,625,640,620,630,144243
29/09/2017,635,660,625,640,240726
02/10/2017,640,650,635,640,165304
03/10/2017,650,655,635,645,170132
04/10/2017,655,665,650,650,249077
05/10/2017,650,660,645,645,87625
06/10/2017,645,655,645,650,57939
09/10/2017,650,660,645,650,128967
10/10/2017,655,665,655,660,182295
11/10/2017,660,665,640,640,105878
12/10/2017,645,655,640,650,125073
13/10/2017,650,660,645,645,119777
16/10/2017,655,675,650,655,352258
17/10/2017,660,660,650,650,62222
18/10/2017,650,665,645,655,254370
19/10/2017,660,665,650,660,141216
20/10/2017,660,670,650,660,136455
23/10/2017,660,665,645,645,122617
24/10/2017,645,655,645,645,71004
25/10/2017,650,655,640,645,269809
26/10/2017,650,660,645,655,249380
27/10/2017,655,660,645,645,238141
30/10/2017,650,655,645,645,214238
31/10/2017,650,655,640,645,204974
01/11/2017,655,720,655,710,1876050
02/11/2017,720,720,665,670,2560930
03/11/2017,670,675,660,670,228533
06/11/2017,670,675,660,670,289755
07/11/2017,675,705,665,695,1035060
08/11/2017,700,710,685,705,632045
09/11/2017,715,725,695,710,1036900
10/11/2017,705,715,700,705,384423
13/11/2017,705,705,680,685,835490
14/11/2017,695,700,675,680,422473
15/11/2017,675,680,655,660,459432
16/11/2017,660,670,655,660,253085
17/11/2017,660,680,660,660,341872
20/11/2017,665,670,660,665,141962
21/11/2017,665,670,660,665,100880
22/11/2017,665,670,655,660,209333
23/11/2017,665,670,660,660,69154
24/11/2017,660,665,650,660,144188
27/11/2017,660,665,655,655,122387
28/11/2017,655,660,645,650,237121
29/11/2017,650,685,650,665,285630
30/11/2017,665,675,655,665,124408
01/12/2017,665,665,665,665,0
04/12/2017,655,665,650,650,129305
05/12/2017,655,655,625,630,235774
06/12/2017,630,640,610,610,225841
07/12/2017,610,625,600,605,239864
08/12/2017,605,635,605,625,453102
11/12/2017,625,630,600,605,164931
12/12/2017,605,615,600,605,115403
13/12/2017,605,625,605,620,97492
14/12/2017,620,640,620,635,169826
15/12/2017,635,640,625,630,108412
18/12/2017,640,645,630,635,98955
19/12/2017,640,650,635,645,166477
20/12/2017,645,650,625,630,97197
21/12/2017,630,640,625,625,90245
22/12/2017,630,640,625,630,75681
27/12/2017,635,640,630,635,111451
28/12/2017,635,640,620,620,303554
29/12/2017,625,630,625,625,239856
02/01/2018,635,645,625,635,366210
03/01/2018,635,655,630,630,436076
04/01/2018,635,645,635,640,150649
05/01/2018,645,660,645,655,493237
08/01/2018,660,660,640,650,319205
09/01/2018,655,680,650,655,516889
10/01/2018,655,665,645,650,207743
11/01/2018,655,660,645,650,142357
12/01/2018,650,670,645,665,668590
15/01/2018,670,680,660,660,528282
16/01/2018,665,720,665,705,2360100
17/01/2018,705,740,690,730,2422830
18/01/2018,750,775,730,740,2766890
19/01/2018,745,765,735,760,918918
22/01/2018,765,790,765,775,1429920
23/01/2018,780,810,775,800,1530830
24/01/2018,805,815,780,780,937947
25/01/2018,810,870,810,845,3523570
26/01/2018,860,875,855,855,1364930
29/01/2018,875,915,865,905,2891390
30/01/2018,920,940,885,910,3159500
31/01/2018,900,925,890,915,1449410
01/02/2018,920,920,900,910,892928
02/02/2018,920,930,905,905,997157
05/02/2018,880,890,860,870,814274
06/02/2018,845,855,790,850,2269430
07/02/2018,865,880,845,870,1354190
08/02/2018,870,875,850,855,335189
09/02/2018,835,840,825,830,569239
12/02/2018,840,860,835,855,441707
13/02/2018,870,880,860,875,587779
14/02/2018,885,910,880,885,731430
15/02/2018,910,920,900,910,1226900
19/02/2018,910,925,900,920,709045
20/02/2018,910,920,900,900,391914
21/02/2018,895,915,890,910,531007
22/02/2018,905,910,895,900,257206
23/02/2018,910,915,880,895,457458
26/02/2018,895,905,885,900,245130
27/02/2018,905,955,900,945,2911180
28/02/2018,945,960,940,955,900856
01/03/2018,955,955,925,940,693859
02/03/2018,925,930,910,920,400854
05/03/2018,920,940,905,910,369386
06/03/2018,920,925,890,905,356013
07/03/2018,905,910,850,885,1025700
08/03/2018,885,895,860,875,331772
09/03/2018,870,880,845,850,397200
12/03/2018,880,900,880,900,575856
13/03/2018,900,900,870,880,294022
14/03/2018,880,885,865,880,270654
15/03/2018,865,880,855,860,280520
16/03/2018,860,860,840,845,245344
19/03/2018,845,860,820,820,249398
20/03/2018,810,820,795,805,340260
21/03/2018,805,850,805,835,377104
22/03/2018,835,850,820,820,260264
23/03/2018,795,800,780,790,458502
26/03/2018,800,820,785,785,543933
27/03/2018,800,805,765,775,613452
28/03/2018,765,785,765,770,320118
29/03/2018,770,790,770,775,2041760
02/04/2018,785,805,785,795,452497
03/04/2018,790,815,790,805,559935
04/04/2018,810,815,775,775,711824
05/04/2018,800,810,790,800,515965
06/04/2018,795,810,795,805,669402
09/04/2018,805,850,800,850,896436
10/04/2018,855,865,845,850,587055
11/04/2018,850,870,835,865,1704560
12/04/2018,880,890,855,865,1379060
13/04/2018,875,880,860,880,543297
16/04/2018,875,880,865,865,340088
17/04/2018,875,880,865,870,416943
18/04/2018,870,890,860,885,652447
19/04/2018,900,945,900,935,3416060
20/04/2018,920,925,900,905,676321
23/04/2018,900,910,885,895,571801
24/04/2018,885,885,850,860,1249080
25/04/2018,850,870,840,850,667365
26/04/2018,855,860,820,830,767323
27/04/2018,855,865,825,830,843519
30/04/2018,825,845,815,845,409246
02/05/2018,845,865,830,865,445835
03/05/2018,860,860,825,840,410299
04/05/2018,840,840,820,830,276631
07/05/2018,830,845,810,810,343472
08/05/2018,815,815,785,790,389551
09/05/2018,800,810,775,805,319521
11/05/2018,815,820,800,810,211660
14/05/2018,805,825,785,815,524379
15/05/2018,825,830,805,820,352068
16/05/2018,815,825,805,810,434387
17/05/2018,815,830,810,825,309097
18/05/2018,835,865,825,850,682151
21/05/2018,860,890,845,880,909676
22/05/2018,880,885,845,845,622354
23/05/2018,840,860,835,845,288342
24/05/2018,845,885,840,885,635947
25/05/2018,890,900,865,870,503436
28/05/2018,870,870,850,855,281571
30/05/2018,850,865,840,850,330989
31/05/2018,860,870,850,865,439537
04/06/2018,895,895,870,880,622912
05/06/2018,880,895,870,885,601108
06/06/2018,895,1015,895,995,5088950
07/06/2018,1005,1005,935,945,2754520
08/06/2018,945,955,905,905,2003620
20/06/2018,890,895,855,880,649359
21/06/2018,880,905,875,890,523684
22/06/2018,900,910,880,910,429651
25/06/2018,925,925,880,890,911544
26/06/2018,880,895,865,870,549191
27/06/2018,875,880,825,840,668533
28/06/2018,840,850,805,835,508553
29/06/2018,850,890,825,890,467320
02/07/2018,880,880,810,820,554886
03/07/2018,830,835,795,800,562165
04/07/2018,795,815,765,805,439479
05/07/2018,805,805,775,800,476712
06/07/2018,800,810,780,780,342184
09/07/2018,790,810,790,800,399660
10/07/2018,810,825,805,810,383599
11/07/2018,800,865,795,845,1237000
12/07/2018,850,865,840,860,722843
13/07/2018,880,945,875,910,1726500
16/07/2018,915,935,895,900,1192040
17/07/2018,905,905,875,880,739953
18/07/2018,885,910,875,885,743102
19/07/2018,895,900,870,875,623689
20/07/2018,870,880,865,870,482794
23/07/2018,875,895,870,885,624883
24/07/2018,885,905,880,885,650164
25/07/2018,895,900,880,880,444110
26/07/2018,890,925,890,890,1271680
27/07/2018,895,905,885,900,474618
30/07/2018,895,960,890,955,2182930
31/07/2018,955,960,910,915,1188830
01/08/2018,925,945,920,940,844752
02/08/2018,925,940,910,915,586881
03/08/2018,920,925,890,900,505709
06/08/2018,905,940,905,935,695756
07/08/2018,945,955,920,925,1233810
08/08/2018,935,940,915,920,487644
09/08/2018,925,930,905,910,318364
10/08/2018,915,915,895,895,459454
13/08/2018,890,890,850,855,647521
14/08/2018,850,865,825,845,640216
15/08/2018,835,865,830,865,474219
16/08/2018,845,845,825,830,590049
20/08/2018,845,860,835,855,561208
21/08/2018,860,865,835,835,546424
23/08/2018,845,880,840,870,961476
24/08/2018,870,880,855,875,633890
27/08/2018,890,915,885,895,1403820
28/08/2018,905,910,875,880,571719
29/08/2018,890,890,860,875,527905
30/08/2018,895,895,860,865,799282
31/08/2018,855,870,840,870,345261
03/09/2018,855,860,830,830,671201
04/09/2018,830,835,805,805,594493
05/09/2018,800,800,755,775,871522
06/09/2018,770,805,765,800,613785
07/09/2018,810,815,785,795,666424
10/09/2018,805,810,785,795,289796
12/09/2018,795,805,780,780,520603
13/09/2018,800,815,785,805,710338
14/09/2018,810,810,795,800,291602
17/09/2018,800,805,780,790,388107
18/09/2018,785,795,780,790,313237
19/09/2018,800,805,785,790,530352
20/09/2018,800,810,795,795,772375
21/09/2018,800,820,795,820,901914
24/09/2018,825,830,800,800,856761
25/09/2018,795,810,790,805,338200
26/09/2018,810,815,800,805,265228
27/09/2018,805,845,800,835,1218210
28/09/2018,840,855,830,845,1171690
01/10/2018,845,845,820,825,463804
02/10/2018,820,825,795,795,708361
03/10/2018,805,815,795,810,336280
04/10/2018,815,820,795,800,649827
05/10/2018,790,805,790,800,321732
08/10/2018,805,830,800,810,675172
09/10/2018,810,820,800,810,218281
10/10/2018,820,820,810,820,358327
11/10/2018,800,800,785,785,607164
12/10/2018,785,805,785,795,508128
15/10/2018,800,800,760,765,1031630
16/10/2018,770,775,755,760,339775
17/10/2018,770,790,770,780,510767
18/10/2018,775,780,755,765,615199
19/10/2018,760,780,755,765,592741
22/10/2018,765,775,760,765,290234
23/10/2018,765,770,750,755,364838
24/10/2018,755,760,730,740,517717
25/10/2018,720,730,715,720,475406
26/10/2018,725,730,720,725,350778
29/10/2018,725,730,705,705,300603
30/10/2018,700,705,670,675,993465
31/10/2018,680,685,665,680,503824
01/11/2018,680,705,680,685,923726
02/11/2018,700,705,685,695,632979
05/11/2018,690,695,685,690,170716
06/11/2018,690,700,680,680,281486
07/11/2018,690,705,685,695,524733
08/11/2018,700,720,695,710,845469
09/11/2018,710,715,695,700,337484
12/11/2018,695,700,685,685,228639
13/11/2018,675,695,665,690,359927
14/11/2018,690,695,670,670,483993
15/11/2018,670,680,660,670,614673
16/11/2018,675,695,670,680,545474
19/11/2018,690,690,670,675,255826
21/11/2018,670,675,640,645,728915
22/11/2018,645,655,625,625,656609
23/11/2018,630,635,620,625,460619
26/11/2018,625,630,600,605,604274
27/11/2018,605,615,595,595,480740
28/11/2018,600,610,595,600,381187
29/11/2018,610,625,605,625,518945
30/11/2018,625,635,615,615,444279
03/12/2018,640,735,640,735,3192910
04/12/2018,735,735,705,710,1144770
05/12/2018,690,745,690,740,1812450
06/12/2018,735,750,725,735,877245
07/12/2018,740,740,720,725,435868
10/12/2018,715,725,710,720,390410
11/12/2018,720,770,710,755,1385910
12/12/2018,765,770,745,755,498600
13/12/2018,760,780,755,765,823147
14/12/2018,760,765,750,755,356172
17/12/2018,760,765,730,730,449697
18/12/2018,730,765,715,750,825770
19/12/2018,755,765,740,760,475537
20/12/2018,755,780,755,765,856940
21/12/2018,765,795,760,770,1353460
26/12/2018,760,790,760,770,710718
27/12/2018,785,785,765,770,373375
28/12/2018,775,775,760,765,380709
02/01/2019,770,775,735,740,531289
03/01/2019,750,755,740,750,346411
04/01/2019,750,765,745,760,598785
07/01/2019,775,785,765,770,658531
08/01/2019,775,780,755,760,824859
09/01/2019,770,790,765,780,1056540
10/01/2019,780,805,775,790,1502900
11/01/2019,795,800,780,790,564074
14/01/2019,795,795,775,780,416482
15/01/2019,780,830,780,820,1652810
16/01/2019,830,885,825,870,2451870
17/01/2019,870,885,840,845,921377
18/01/2019,850,870,840,850,739868
21/01/2019,855,870,850,855,721901
22/01/2019,855,860,820,830,771073
23/01/2019,830,885,825,860,1413960
24/01/2019,865,905,855,895,1965370
25/01/2019,895,945,895,930,2610900
28/01/2019,945,950,910,910,1324510
29/01/2019,910,930,900,920,965958
30/01/2019,935,960,935,950,1802040
31/01/2019,965,980,955,965,1339380
01/02/2019,975,975,955,960,599468
04/02/2019,970,1040,970,1010,3035190
06/02/2019,1025,1100,1005,1095,2855240
07/02/2019,1080,1150,1050,1060,3698360
08/02/2019,1050,1080,1025,1025,1795930
11/02/2019,1025,1025,975,980,2229160
12/02/2019,980,995,935,960,1828400
13/02/2019,975,1040,950,1010,2771240
14/02/2019,1020,1030,985,1000,1390340
15/02/2019,990,995,950,950,1424770
18/02/2019,975,1020,970,995,1735920
19/02/2019,1000,1055,995,1025,2556740
20/02/2019,1040,1090,1040,1060,2617880
21/02/2019,1080,1085,1030,1035,1589100
22/02/2019,1035,1060,1010,1055,1292820
25/02/2019,1065,1090,1060,1085,1772370
26/02/2019,1075,1075,1035,1045,1483890
27/02/2019,1055,1060,1030,1030,618389
28/02/2019,1040,1045,980,1015,1928980
01/03/2019,1000,1055,1000,1055,1176620
04/03/2019,1060,1075,1045,1050,1008650
05/03/2019,1040,1065,1015,1035,1264190
06/03/2019,1050,1065,1040,1045,878552
08/03/2019,1010,1015,990,990,1370450
11/03/2019,1010,1025,990,995,1332060
12/03/2019,1010,1015,955,970,1442280
13/03/2019,975,990,960,965,988204
14/03/2019,975,975,960,965,655630
15/03/2019,965,990,950,975,725670
18/03/2019,980,985,945,955,950866
19/03/2019,960,975,955,960,697815
20/03/2019,960,980,960,960,553250
21/03/2019,970,980,960,965,428763
22/03/2019,960,965,950,960,387815
25/03/2019,940,945,910,920,1055880
26/03/2019,925,940,910,915,637414
27/03/2019,925,925,890,900,591132
28/03/2019,895,915,870,880,1018740
29/03/2019,880,895,870,885,734467
01/04/2019,900,945,900,940,1326180
02/04/2019,940,950,920,920,1021340
04/04/2019,935,945,910,915,494977
05/04/2019,910,925,900,905,338519
08/04/2019,905,910,880,885,706967
09/04/2019,885,915,885,900,534096
10/04/2019,900,910,890,895,453476
11/04/2019,900,905,890,895,369525
12/04/2019,885,890,875,880,453563
15/04/2019,880,890,880,885,307574
16/04/2019,880,900,880,895,270355
18/04/2019,905,910,885,885,416885
22/04/2019,880,890,850,855,755430
23/04/2019,860,890,855,890,548207
24/04/2019,890,890,875,880,286250
25/04/2019,880,885,865,870,285158
26/04/2019,865,880,865,875,339109
29/04/2019,875,885,870,875,264377
30/04/2019,875,880,855,865,479399
02/05/2019,865,870,815,820,1058570
03/05/2019,820,825,785,790,952595
06/05/2019,780,780,745,760,833376
07/05/2019,765,780,765,765,373948
08/05/2019,755,770,750,765,385418
09/05/2019,765,770,730,730,559561
10/05/2019,740,750,720,745,574240
13/05/2019,745,750,725,730,455502
14/05/2019,720,720,700,710,666703
15/05/2019,720,735,695,700,1001030
16/05/2019,700,715,680,685,529754
17/05/2019,690,695,670,670,363072
20/05/2019,675,690,660,685,499783
21/05/2019,690,725,690,710,659029
22/05/2019,700,725,700,710,491939
23/05/2019,710,740,710,740,625189
24/05/2019,740,755,720,730,847837
27/05/2019,740,760,735,740,751877
28/05/2019,750,750,720,720,568037
29/05/2019,710,725,705,715,384699
31/05/2019,715,730,715,725,335150
10/06/2019,730,800,730,780,1722630
11/06/2019,785,815,770,795,1169600
12/06/2019,795,810,780,785,547163
13/06/2019,785,790,765,780,410487
14/06/2019,785,795,775,790,516053
17/06/2019,800,805,760,765,466579
18/06/2019,765,780,765,775,248030
19/06/2019,790,800,785,795,483042
20/06/2019,810,825,800,805,916422
21/06/2019,815,820,785,800,818097
24/06/2019,805,815,795,795,372235
25/06/2019,805,850,795,845,2427730
26/06/2019,845,850,820,825,1050440
27/06/2019,830,845,820,830,646195
28/06/2019,840,860,830,845,1312060
01/07/2019,850,865,840,850,1124410
02/07/2019,845,850,835,840,340776
03/07/2019,845,850,810,815,827964
04/07/2019,825,830,815,820,422113
05/07/2019,820,825,810,810,272660
08/07/2019,810,835,800,825,478756
09/07/2019,825,840,825,825,492793
10/07/2019,830,840,815,820,335704
11/07/2019,835,855,825,850,1145040
12/07/2019,850,855,835,845,549534
15/07/2019,855,885,855,880,1921250
16/07/2019,885,905,875,895,1411940
17/07/2019,900,930,885,900,2383040
18/07/2019,920,985,920,950,3354140
19/07/2019,970,985,935,940,1377980
22/07/2019,940,960,915,960,1198390
23/07/2019,950,970,940,940,828807
24/07/2019,940,960,935,945,486018
25/07/2019,955,965,925,930,784537
26/07/2019,930,930,885,890,878126
29/07/2019,895,915,880,895,637269
30/07/2019,905,940,905,935,841140
31/07/2019,940,945,925,935,487058
01/08/2019,935,940,920,925,463095
02/08/2019,905,920,890,900,1007740
05/08/2019,900,900,855,860,835323
06/08/2019,850,945,830,940,2476050
07/08/2019,945,1030,940,1005,4875990
08/08/2019,1050,1075,1010,1020,2576809
09/08/2019,1030,1080,1015,1065,2400070
12/08/2019,1070,1080,1030,1035,1798635
13/08/2019,1045,1085,1035,1065,1751247
14/08/2019,1070,1130,1050,1110,3236665
15/08/2019,1090,1140,1085,1120,1957846
16/08/2019,1140,1150,1120,1120,1410431
19/08/2019,1130,1130,1085,1085,857357
20/08/2019,1080,1080,1035,1050,1171485
21/08/2019,1055,1085,1025,1070,1511899
22/08/2019,1075,1080,1035,1040,650512
23/08/2019,1045,1045,1015,1015,879348
26/08/2019,1020,1060,1015,1030,1472394
27/08/2019,1040,1045,1020,1020,699505
28/08/2019,1030,1060,1025,1050,1024097
29/08/2019,1060,1085,1050,1055,1613520
30/08/2019,1075,1080,1045,1070,1006888
02/09/2019,1120,1175,1115,1170,3809235
03/09/2019,1170,1170,1105,1110,1846696
04/09/2019,1120,1140,1090,1100,1088673
05/09/2019,1105,1115,1085,1100,1099715
06/09/2019,1090,1100,1075,1075,706092
09/09/2019,1080,1135,1080,1120,1531165
10/09/2019,1130,1160,1110,1130,2020368
11/09/2019,1125,1140,1115,1125,654745
12/09/2019,1125,1140,1115,1120,595656
13/09/2019,1120,1125,1055,1070,1282415
16/09/2019,1070,1085,1040,1050,957027
17/09/2019,1045,1060,1040,1050,403936
18/09/2019,1055,1080,1050,1065,775259
19/09/2019,1065,1080,1045,1045,469215
20/09/2019,1050,1075,1045,1065,773057
23/09/2019,1070,1075,1055,1055,507226
24/09/2019,1050,1055,1010,1015,1041064
25/09/2019,1015,1035,1005,1010,674982
26/09/2019,1015,1030,1010,1015,706562
27/09/2019,1015,1020,985,990,650109
30/09/2019,990,1000,965,975,738190
01/10/2019,990,995,950,955,700234
02/10/2019,965,975,915,920,794075
03/10/2019,920,970,915,965,774448
04/10/2019,975,985,945,960,464528
07/10/2019,965,980,945,955,452345
08/10/2019,950,955,930,930,491798
09/10/2019,935,995,935,990,1393527
10/10/2019,995,1015,990,995,1064677
11/10/2019,995,1025,985,1015,722754
14/10/2019,1015,1020,990,1000,617013
15/10/2019,990,995,980,985,340886
16/10/2019,985,1005,960,960,852701
17/10/2019,945,970,940,955,578456
18/10/2019,955,970,920,935,1256138
21/10/2019,940,955,920,925,805125
22/10/2019,920,940,915,930,500696
23/10/2019,945,955,940,955,745965
24/10/2019,960,980,950,975,1086493
25/10/2019,980,985,955,955,874262
28/10/2019,950,950,910,915,1771921
29/10/2019,925,945,920,925,1339094
30/10/2019,930,940,925,930,693220
31/10/2019,935,935,885,890,1263838
01/11/2019,900,905,850,855,1188265
04/11/2019,855,865,810,840,1483936
05/11/2019,830,850,820,835,803904
06/11/2019,840,870,825,850,1091813
07/11/2019,855,860,830,845,535141
08/11/2019,840,855,825,835,419498
11/11/2019,830,840,820,830,285201
12/11/2019,815,825,800,820,663911
13/11/2019,830,835,815,820,431131
14/11/2019,820,830,800,815,499803
15/11/2019,810,835,810,825,445949
18/11/2019,825,830,815,820,243285
19/11/2019,820,835,815,835,359485
20/11/2019,840,845,820,825,380797
21/11/2019,820,830,810,815,358677
22/11/2019,820,825,805,810,278037
25/11/2019,810,820,805,815,194630
26/11/2019,820,820,800,810,355819
27/11/2019,810,815,775,780,538310
28/11/2019,780,780,745,750,563296
29/11/2019,750,765,735,750,460349
02/12/2019,740,805,740,790,680153
03/12/2019,785,800,770,775,519037
04/12/2019,775,790,770,785,369968
05/12/2019,785,815,785,805,711482
06/12/2019,810,815,790,810,581781
09/12/2019,810,835,805,825,976666
10/12/2019,825,835,820,825,457855
11/12/2019,830,835,825,825,241397
12/12/2019,835,855,835,835,1021569
13/12/2019,845,855,835,850,735168
16/12/2019,855,865,850,865,831270
17/12/2019,870,870,845,860,428488
18/12/2019,860,860,825,830,566031
19/12/2019,830,845,825,835,433867
20/12/2019,845,850,825,830,355491
23/12/2019,835,845,825,825,389309
26/12/2019,830,850,830,840,562161
27/12/2019,850,850,830,835,349230
30/12/2019,840,845,835,840,257595
02/01/2020,845,850,825,840,268292
03/01/2020,845,850,840,850,521059
06/01/2020,860,890,855,885,1533223
07/01/2020,885,895,865,875,937506
08/01/2020,895,920,890,905,2171220
09/01/2020,895,900,875,880,1094238
10/01/2020,880,885,865,885,476232
13/01/2020,885,890,870,870,475006
14/01/2020,870,870,845,850,982848
15/01/2020,850,865,830,835,733466
16/01/2020,850,860,840,845,525510
17/01/2020,840,845,835,840,367670
20/01/2020,840,850,785,795,1643576
21/01/2020,795,810,780,795,729960
22/01/2020,800,805,755,770,1291070
23/01/2020,785,790,765,780,384169
24/01/2020,780,790,775,785,252770
27/01/2020,790,790,745,750,923543
28/01/2020,750,760,730,750,813599
29/01/2020,760,765,750,750,380923
30/01/2020,750,760,740,740,602271
31/01/2020,745,745,715,720,652809
03/02/2020,725,730,705,715,459703
04/02/2020,725,735,715,730,490248
05/02/2020,730,735,715,725,282250
06/02/2020,730,735,715,735,281802
07/02/2020,730,740,720,730,271562
10/02/2020,750,750,710,720,505067
11/02/2020,730,730,715,720,212240
12/02/2020,720,725,705,715,206993
13/02/2020,715,720,680,680,489208
14/02/2020,680,690,665,675,299681
17/02/2020,675,690,670,680,337988
18/02/2020,680,705,675,690,615887
19/02/2020,700,720,700,705,941980
20/02/2020,710,720,705,710,235403
21/02/2020,715,715,695,700,746369
24/02/2020,710,715,680,685,673407
25/02/2020,685,685,655,660,979636
26/02/2020,650,660,630,630,939359
27/02/2020,630,650,595,600,1046669
28/02/2020,590,590,540,575,1374098
02/03/2020,580,600,570,585,1177697
03/03/2020,600,620,595,615,1012179
04/03/2020,615,635,610,630,932815
05/03/2020,635,650,625,630,536467
06/03/2020,625,630,605,610,497542
09/03/2020,590,590,550,555,1054452
10/03/2020,555,585,555,575,762945
11/03/2020,580,585,530,540,848256
12/03/2020,520,520,488,490,986103
13/03/2020,470,490,456,478,1171322
16/03/2020,474,474,446,446,572927
17/03/2020,446,446,416,416,451238
18/03/2020,398,410,388,388,787901
19/03/2020,362,364,362,362,89771
20/03/2020,360,386,338,374,1647064
23/03/2020,370,370,348,348,901367
24/03/2020,348,374,340,364,1551411
26/03/2020,366,432,366,416,2672482
27/03/2020,432,505,426,460,2927871
30/03/2020,450,460,428,432,746512
31/03/2020,440,464,434,450,893065
01/04/2020,450,462,434,436,812247
02/04/2020,436,454,424,452,835771
03/04/2020,458,472,450,464,1157280
06/04/2020,466,540,466,540,2248705
07/04/2020,580,590,520,555,2564137
08/04/2020,555,555,520,520,900303
09/04/2020,510,540,492,520,1056240
13/04/2020,520,555,510,535,722406
14/04/2020,550,560,540,555,843520
15/04/2020,560,565,525,525,879617
16/04/2020,535,535,494,505,1003120
17/04/2020,520,530,500,520,947597
20/04/2020,515,520,496,500,805417
21/04/2020,500,500,476,482,920651
22/04/2020,476,496,466,492,745837
23/04/2020,500,505,490,498,867608
24/04/2020,496,515,486,494,862753
27/04/2020,494,510,494,505,560626
28/04/2020,505,510,490,492,453881
29/04/2020,492,500,492,498,254924
30/04/2020,500,525,500,510,851747
04/05/2020,490,505,484,494,641584
05/05/2020,500,505,494,500,379042
06/05/2020,505,510,498,500,405117
08/05/2020,505,540,500,535,1850620
11/05/2020,545,555,530,530,1133817
12/05/2020,525,530,510,515,459579
13/05/2020,515,540,505,535,690262
14/05/2020,530,550,510,515,819598
15/05/2020,525,530,505,520,670208
18/05/2020,525,535,520,525,467025
19/05/2020,535,545,525,525,610331
20/05/2020,530,535,510,520,419164
26/05/2020,530,530,515,530,323588
27/05/2020,530,535,515,520,435191
28/05/2020,520,540,515,525,718531
29/05/2020,525,535,520,535,589289
02/06/2020,540,570,535,555,1377546
03/06/2020,565,580,545,555,1478555
04/06/2020,565,590,550,570,2140670
05/06/2020,575,600,575,590,1877402
08/06/2020,595,645,595,630,2463936
09/06/2020,640,650,605,610,1375157
10/06/2020,615,620,580,595,780901
11/06/2020,600,605,570,580,730610
12/06/2020,560,580,545,580,581988
15/06/2020,585,595,560,565,448142
16/06/2020,575,610,570,610,1105179
17/06/2020,620,645,605,635,1956166
18/06/2020,625,640,620,620,884928
19/06/2020,625,630,605,610,598354
22/06/2020,610,625,600,605,497527
23/06/2020,610,615,590,595,314681
24/06/2020,605,620,600,605,581045
25/06/2020,595,605,595,600,187275
26/06/2020,610,615,605,605,298115
29/06/2020,610,610,595,595,258809
30/06/2020,605,610,595,605,306198
01/07/2020,610,615,595,600,213933
02/07/2020,600,610,590,610,415757
03/07/2020,615,615,600,600,306602
06/07/2020,605,640,600,640,1334122
07/07/2020,645,670,640,650,2344093
08/07/2020,650,675,645,660,1161314
09/07/2020,660,670,650,650,664229
10/07/2020,650,665,640,645,445716
13/07/2020,645,685,645,675,1489238
14/07/2020,670,680,660,660,772412
15/07/2020,665,675,655,655,384235
16/07/2020,655,665,650,650,192442
17/07/2020,655,660,645,660,214990
20/07/2020,660,665,650,650,315331
21/07/2020,655,690,650,685,1589325
22/07/2020,690,705,685,685,1924261
23/07/2020,695,705,685,690,906685
24/07/2020,705,705,685,685,1342552
27/07/2020,695,725,690,725,1972040
28/07/2020,730,755,715,720,1866980
29/07/2020,720,740,710,730,796915
30/07/2020,730,740,720,730,689966
03/08/2020,740,750,680,700,1108702
04/08/2020,700,715,700,705,434340
05/08/2020,730,750,715,750,1828128
06/08/2020,765,840,755,835,4466584
07/08/2020,840,865,835,840,432190
10/08/2020,840,840,800,825,1008189
11/08/2020,825,830,790,800,1337874
12/08/2020,795,795,750,770,1885703
13/08/2020,770,790,770,770,990284
14/08/2020,780,805,775,785,2093713
18/08/2020,800,820,795,805,1785410
19/08/2020,810,815,795,795,884042
24/08/2020,805,805,775,780,1160651
25/08/2020,780,795,775,790,690892
26/08/2020,790,800,780,785,721815
27/08/2020,790,805,785,795,878159
28/08/2020,800,830,790,820,2784921
31/08/2020,830,855,810,820,2299564
01/09/2020,820,840,815,840,1311258
02/09/2020,840,855,830,850,1261389
03/09/2020,850,855,825,830,964830
04/09/2020,820,830,800,825,934633
07/09/2020,825,830,810,825,351380
08/09/2020,825,840,820,825,602558
09/09/2020,810,810,780,795,1096245
10/09/2020,785,790,740,740,1219224
11/09/2020,710,780,700,775,1146964
14/09/2020,780,805,780,800,617912
15/09/2020,810,820,785,805,663132
16/09/2020,805,810,785,795,312850
17/09/2020,805,805,765,775,475433
18/09/2020,780,795,775,790,288553
21/09/2020,785,790,760,765,348177
22/09/2020,750,755,725,735,527896
23/09/2020,755,780,735,750,954055
24/09/2020,750,750,705,720,697879
25/09/2020,735,735,715,730,422314
28/09/2020,730,740,715,725,233655
29/09/2020,735,740,715,715,475769
30/09/2020,720,730,695,705,406887
01/10/2020,710,740,710,735,455027
02/10/2020,735,735,705,725,569033
05/10/2020,735,735,715,720,200898
06/10/2020,730,735,715,720,399183
07/10/2020,715,720,710,715,220016
08/10/2020,720,730,715,720,288431
09/10/2020,730,775,725,765,1754654
12/10/2020,780,790,765,780,1084516
13/10/2020,780,780,760,765,477980
14/10/2020,775,955,775,955,11167931
15/10/2020,1020,1180,920,935,15100699
16/10/2020,960,995,920,940,6387560
19/10/2020,970,1055,950,1055,11582938
20/10/2020,1055,1065,1020,1035,7892657
21/10/2020,1050,1145,1050,1100,13700115
22/10/2020,1100,1120,1075,1085,4654079
23/10/2020,1095,1120,1060,1085,3927223
26/10/2020,1090,1095,1060,1060,1832901
27/10/2020,1050,1095,1050,1055,3337341
02/11/2020,1065,1125,1055,1100,5712533
03/11/2020,1120,1130,1105,1110,3175727
04/11/2020,1125,1145,1100,1105,4102165
05/11/2020,1130,1145,1115,1125,2404220
06/11/2020,1140,1140,1115,1125,2021596
09/11/2020,1140,1245,1135,1240,8463135
10/11/2020,1250,1255,1195,1200,6049340
11/11/2020,1210,1240,1185,1195,6288785
12/11/2020,1190,1205,1165,1170,2000559
13/11/2020,1160,1180,1155,1170,1728424
16/11/2020,1200,1210,1180,1185,2134869
17/11/2020,1185,1215,1175,1190,3007314
18/11/2020,1220,1280,1215,1240,8534199
19/11/2020,1240,1245,1220,1235,2863941
20/11/2020,1235,1240,1200,1210,2209369
23/11/2020,1225,1255,1215,1255,3714014
24/11/2020,1255,1255,1220,1235,3512925
25/11/2020,1235,1240,1195,1205,3031176
26/11/2020,1200,1225,1195,1210,1471268
27/11/2020,1230,1250,1215,1230,3089543
30/11/2020,1225,1225,1145,1145,4460624
01/12/2020,1150,1180,1105,1155,2407650
02/12/2020,1170,1260,1170,1245,8034204
03/12/2020,1245,1300,1235,1255,6150022
04/12/2020,1265,1270,1235,1245,1555784
07/12/2020,1270,1295,1260,1280,3672507
08/12/2020,1295,1320,1285,1300,3778265
10/12/2020,1330,1425,1330,1395,6868856
11/12/2020,1475,1500,1435,1450,4877560
14/12/2020,1500,1540,1490,1525,4178044
15/12/2020,1525,1565,1495,1560,4629183
16/12/2020,1595,1925,1590,1815,12728447
17/12/2020,1840,1880,1775,1815,5429492
18/12/2020,1845,1960,1810,1950,10837317
21/12/2020,1965,2020,1925,1965,6270350
22/12/2020,1950,1960,1830,1835,6789220
23/12/2020,1830,1850,1720,1790,6592964
28/12/2020,1825,2000,1780,2000,9921750
29/12/2020,2050,2070,1935,1945,7397549
30/12/2020,1945,1985,1905,1935,5359435
04/01/2021,1970,2200,1940,2190,10407534
05/01/2021,2190,2340,2130,2230,11390147
06/01/2021,2270,2290,2130,2220,6292115
07/01/2021,2250,2740,2240,2600,19821123
08/01/2021,2640,2750,2560,2600,10526180
11/01/2021,2560,2650,2530,2580,5213016
12/01/2021,2580,2780,2550,2770,11471729
13/01/2021,2850,3130,2850,3120,12808526
14/01/2021,3140,3440,3060,3180,14990584
15/01/2021,3300,3380,3040,3120,9159121
18/01/2021,3000,3140,2910,2910,9306182
19/01/2021,2810,2850,2710,2710,3604986
20/01/2021,2540,3200,2530,3190,19832131
21/01/2021,3290,3340,3030,3090,12738758
22/01/2021,3090,3090,2880,2880,8947668
25/01/2021,2760,2960,2680,2870,12229914
26/01/2021,2900,2930,2670,2670,7868193
27/01/2021,2620,2740,2490,2550,13409238
28/01/2021,2470,2570,2380,2380,7318549
29/01/2021,2370,2440,2220,2220,4503212
01/02/2021,2090,2640,2070,2600,21866527
02/02/2021,2600,2630,2420,2420,9424343
03/02/2021,2390,2520,2290,2330,9480310
04/02/2021,2400,2520,2270,2400,8741734
05/02/2021,2450,2690,2370,2660,11576477
08/02/2021,2770,2830,2700,2830,9771353
09/02/2021,2850,2860,2640,2730,8777849
10/02/2021,2790,2970,2720,2930,14017204
11/02/2021,2940,2960,2850,2870,6201149
15/02/2021,2900,2950,2880,2900,3615943
16/02/2021,2910,2940,2860,2870,3492661
17/02/2021,2870,2890,2720,2750,4431541
18/02/2021,2700,2820,2670,2780,3499480
19/02/2021,2800,2910,2730,2880,4828217
22/02/2021,2940,3040,2910,2950,8346103
23/02/2021,2940,3010,2920,2940,3271051
24/02/2021,2930,2970,2820,2910,3863810
25/02/2021,2970,3010,2940,2960,3467878
26/02/2021,2840,2890,2780,2840,13050426
01/03/2021,2850,2880,2810,2840,1667825
02/03/2021,2840,2850,2720,2730,2984894
03/03/2021,2770,2770,2670,2700,1921527
04/03/2021,2520,2590,2520,2520,4663870
05/03/2021,2370,2520,2350,2420,7450247
08/03/2021,2490,2500,2270,2280,4769471
09/03/2021,2280,2360,2180,2230,5151095
10/03/2021,2260,2280,2170,2230,1930246
12/03/2021,2280,2440,2280,2420,5378557
15/03/2021,2430,2450,2280,2340,3719875
16/03/2021,2350,2350,2240,2270,2312411
17/03/2021,2290,2330,2260,2300,1471887
18/03/2021,2350,2350,2270,2290,1495495
19/03/2021,2270,2280,2210,2250,1234141
22/03/2021,2260,2340,2250,2260,1259246
23/03/2021,2300,2310,2220,2270,1412391
24/03/2021,2250,2250,2170,2170,1569289
25/03/2021,2170,2230,2100,2180,1918832
26/03/2021,2230,2440,2200,2430,6522934
29/03/2021,2430,2430,2260,2260,4549095
30/03/2021,2270,2320,2160,2210,2822709
31/03/2021,2180,2250,2130,2250,2689813
01/04/2021,2290,2300,2200,2240,1608976
05/04/2021,2280,2280,2190,2200,1073494
06/04/2021,2250,2340,2210,2330,3239806
07/04/2021,2330,2370,2270,2360,2379210
08/04/2021,2360,2480,2340,2470,3278393
09/04/2021,2450,2490,2340,2340,2648371
12/04/2021,2310,2310,2210,2250,1947385
13/04/2021,2250,2300,2220,2270,1110177
14/04/2021,2280,2340,2280,2330,1438917
15/04/2021,2340,2350,2300,2320,1091758
16/04/2021,2340,2420,2310,2390,1733874
19/04/2021,2350,2370,2300,2340,915523
20/04/2021,2330,2360,2300,2350,603722
21/04/2021,2320,2400,2300,2370,1127428
22/04/2021,2380,2440,2350,2350,1196449
23/04/2021,2320,2340,2310,2320,410228
26/04/2021,2350,2420,2340,2390,1396160
27/04/2021,2410,2430,2360,2390,966063
28/04/2021,2380,2430,2350,2430,1383254
29/04/2021,2460,2540,2460,2510,3253926
30/04/2021,2490,2500,2440,2490,1246721
03/05/2021,2500,2560,2480,2520,1707474
04/05/2021,2540,2640,2500,2620,2841377
05/05/2021,2620,2640,2560,2630,1806499
06/05/2021,2610,2670,2580,2620,1507938
07/05/2021,2630,2650,2610,2620,1330802
10/05/2021,2640,2700,2620,2680,1578875
11/05/2021,2600,2690,2600,2670,1642476
17/05/2021,2670,2670,2500,2510,1852050
18/05/2021,2560,2640,2540,2600,1794034
19/05/2021,2580,2640,2530,2550,1118928
20/05/2021,2510,2520,2420,2420,2141759
21/05/2021,2420,2440,2310,2330,1475289
24/05/2021,2360,2390,2250,2270,1284086
25/05/2021,2310,2410,2310,2330,1864838
27/05/2021,2340,2390,2330,2390,1489435
28/05/2021,2470,2500,2430,2460,1185442
31/05/2021,2480,2480,2410,2450,573669
02/06/2021,2460,2550,2440,2550,1256541
03/06/2021,2540,2600,2500,2520,1311417
04/06/2021,2480,2480,2410,2430,1604794
07/06/2021,2450,2450,2370,2380,621159
08/06/2021,2390,2420,2350,2350,588387
09/06/2021,2380,2480,2370,2460,1173385
10/06/2021,2440,2480,2420,2420,797519
11/06/2021,2460,2500,2440,2480,946960
14/06/2021,2470,2470,2400,2410,645574
15/06/2021,2390,2390,2340,2360,841891
16/06/2021,2330,2360,2300,2320,772488
17/06/2021,2290,2350,2260,2330,748680
18/06/2021,2300,2320,2210,2230,1255077
21/06/2021,2190,2250,2130,2200,1003867
22/06/2021,2250,2300,2220,2260,976716
23/06/2021,2280,2310,2240,2250,642759
24/06/2021,2280,2290,2240,2250,592575
25/06/2021,2310,2340,2280,2300,904783
28/06/2021,2310,2310,2230,2240,659850
29/06/2021,2230,2250,2210,2220,555245
30/06/2021,2240,2310,2230,2300,951748
01/07/2021,2280,2310,2200,2230,896069
02/07/2021,2230,2250,2190,2220,572005
05/07/2021,2230,2260,2220,2240,606987
06/07/2021,2250,2510,2240,2480,3658804
07/07/2021,2450,2470,2380,2460,1464732
08/07/2021,2460,2610,2460,2550,2278355
09/07/2021,2560,2630,2530,2590,1857235
12/07/2021,2610,2670,2520,2550,1769417
13/07/2021,2560,2610,2500,2540,1283211
14/07/2021,2540,2600,2500,2590,731481
15/07/2021,2580,2630,2560,2610,1071285
16/07/2021,2630,2690,2610,2620,1719725
19/07/2021,2630,2670,2610,2640,741386
21/07/2021,2620,2640,2540,2560,990381
22/07/2021,2560,2600,2560,2570,594075
23/07/2021,2600,2670,2600,2620,1304379
26/07/2021,2660,2730,2610,2630,2232039
27/07/2021,2670,2680,2510,2530,1269512
28/07/2021,2540,2590,2500,2520,640341
29/07/2021,2550,2600,2500,2590,907643
30/07/2021,2590,2590,2510,2520,906286
02/08/2021,2520,2520,2440,2510,791800
03/08/2021,2490,2520,2440,2470,794409
04/08/2021,2460,2460,2410,2420,753317
05/08/2021,2420,2430,2340,2370,1050033
06/08/2021,2380,2410,2320,2330,738138
09/08/2021,2300,2310,2250,2260,1189700
10/08/2021,2270,2370,2240,2340,1319802
12/08/2021,2400,2430,2380,2400,1271089
13/08/2021,2410,2410,2350,2380,665870
16/08/2021,2370,2400,2350,2390,489980
18/08/2021,2390,2420,2360,2400,853350
19/08/2021,2380,2380,2270,2270,1313050
20/08/2021,2240,2320,2240,2280,719694
23/08/2021,2310,2330,2280,2290,652618
24/08/2021,2330,2330,2270,2270,435542
25/08/2021,2290,2340,2280,2300,614736
26/08/2021,2300,2310,2270,2270,304468
27/08/2021,2270,2290,2250,2260,318060
30/08/2021,2280,2320,2280,2310,375429
31/08/2021,2350,2400,2320,2390,1177296
01/09/2021,2390,2430,2370,2390,810673
02/09/2021,2390,2390,2320,2320,444191
03/09/2021,2320,2350,2300,2350,291765
06/09/2021,2380,2400,2340,2380,650551
07/09/2021,2400,2410,2350,2350,334061
08/09/2021,2350,2380,2300,2320,582299
09/09/2021,2330,2450,2290,2440,1508157
10/09/2021,2470,2630,2470,2590,4232001
13/09/2021,2570,2590,2480,2520,1313187
14/09/2021,2500,2500,2440,2470,1392897
15/09/2021,2470,2530,2460,2490,1105259
16/09/2021,2520,2550,2390,2410,1633060
17/09/2021,2370,2430,2370,2400,615356
20/09/2021,2380,2390,2330,2350,824875
21/09/2021,2350,2370,2300,2360,660140
22/09/2021,2370,2410,2330,2340,882097
23/09/2021,2370,2370,2290,2290,1531374
24/09/2021,2290,2340,2280,2290,1590854
27/09/2021,2310,2330,2280,2290,527143
28/09/2021,2310,2330,2260,2270,997662
29/09/2021,2260,2320,2250,2310,970683
30/09/2021,2310,2340,2270,2290,1254150
01/10/2021,2280,2280,2220,2220,1999196
04/10/2021,2230,2320,2230,2310,1438927
05/10/2021,2290,2420,2290,2300,2977637
06/10/2021,2320,2340,2300,2300,983057
07/10/2021,2320,2350,2300,2330,1061838
08/10/2021,2380,2410,2330,2340,1595933
11/10/2021,2390,2430,2370,2420,2333708
12/10/2021,2410,2410,2350,2370,1314637
13/10/2021,2360,2370,2330,2340,708020
14/10/2021,2350,2420,2340,2420,1896243
15/10/2021,2450,2480,2410,2470,2600957
18/10/2021,2500,2570,2500,2510,2373605
19/10/2021,2530,2540,2460,2530,1536362
21/10/2021,2600,2630,2420,2450,3467890
22/10/2021,2400,2460,2370,2430,1241491
25/10/2021,2450,2460,2410,2420,506516
26/10/2021,2450,2460,2400,2400,647915
27/10/2021,2400,2410,2340,2350,755484
28/10/2021,2320,2340,2300,2320,773091
29/10/2021,2340,2370,2330,2340,525560
01/11/2021,2360,2360,2320,2330,346222
02/11/2021,2340,2350,2310,2310,273229
03/11/2021,2320,2340,2310,2320,219381
04/11/2021,2320,2390,2320,2380,670257
05/11/2021,2390,2400,2340,2360,402412
08/11/2021,2380,2400,2350,2370,469855
09/11/2021,2380,2390,2330,2340,444448
10/11/2021,2330,2350,2320,2340,383220
11/11/2021,2350,2370,2340,2370,415267
12/11/2021,2380,2420,2370,2400,807695
15/11/2021,2420,2430,2340,2390,1001846
16/11/2021,2390,2410,2370,2380,476633
17/11/2021,2380,2390,2340,2350,501764
18/11/2021,2350,2370,2320,2330,526799
19/11/2021,2350,2400,2340,2390,935397
22/11/2021,2400,2400,2350,2370,464850
23/11/2021,2390,2460,2370,2400,1598364
24/11/2021,2400,2450,2380,2440,732879
25/11/2021,2470,2490,2430,2440,1090337
26/11/2021,2410,2410,2330,2340,1622946
29/11/2021,2330,2360,2320,2330,825677
30/11/2021,2340,2370,2300,2300,1511864
01/12/2021,2300,2320,2250,2270,836127
02/12/2021,2270,2370,2260,2340,890108
03/12/2021,2350,2370,2320,2340,387572
06/12/2021,2340,2360,2310,2320,319517
07/12/2021,2340,2350,2330,2340,215429
08/12/2021,2360,2360,2320,2330,242043
09/12/2021,2330,2340,2320,2330,208001
10/12/2021,2330,2330,2310,2320,139626
13/12/2021,2330,2350,2320,2320,152125
14/12/2021,2320,2320,2280,2290,286180
15/12/2021,2290,2300,2270,2280,340759
16/12/2021,2290,2300,2260,2290,352497
17/12/2021,2310,2310,2250,2250,508578
20/12/2021,2250,2260,2220,2220,537702
21/12/2021,2220,2280,2220,2260,379642
22/12/2021,2270,2300,2250,2250,287734
23/12/2021,2260,2270,2240,2240,190000
24/12/2021,2260,2300,2250,2280,307120
27/12/2021,2300,2300,2280,2300,181931
28/12/2021,2310,2320,2260,2260,297875
29/12/2021,2270,2290,2260,2270,143046
30/12/2021,2280,2300,2250,2250,273190
03/01/2022,2260,2350,2260,2340,744167
04/01/2022,2340,2350,2290,2300,322222
05/01/2022,2310,2340,2250,2270,513150
06/01/2022,2260,2270,2230,2230,453258
07/01/2022,2250,2260,2230,2230,266619
10/01/2022,2250,2250,2220,2220,354212
11/01/2022,2220,2230,2080,2080,1703980
12/01/2022,2120,2150,1935,1935,3947459
13/01/2022,1935,1995,1840,1965,2842190
14/01/2022,1965,1975,1930,1950,1064220
17/01/2022,1950,1955,1840,1855,1834929
18/01/2022,1850,1875,1765,1780,2194950
19/01/2022,1780,1810,1705,1725,2306060
20/01/2022,1765,1935,1750,1935,3688470
21/01/2022,1935,1965,1890,1945,1693310
24/01/2022,1950,1955,1875,1885,702898
25/01/2022,1840,1840,1755,1760,2016031
26/01/2022,1780,1815,1735,1805,1627999
27/01/2022,1775,1790,1750,1765,1338318
28/01/2022,1770,1790,1755,1770,499255
31/01/2022,1785,1810,1770,1770,818155
02/02/2022,1805,1830,1775,1780,1588439
03/02/2022,1785,1860,1765,1840,1251157
04/02/2022,1830,1835,1805,1810,802855
07/02/2022,1810,1835,1805,1810,744697
08/02/2022,1820,1825,1785,1790,908808
09/02/2022,1790,1800,1770,1780,739681
10/02/2022,1795,1905,1790,1880,2550390
11/02/2022,1890,1900,1830,1845,1128455
14/02/2022,1840,1900,1810,1890,1260465
15/02/2022,1890,1910,1865,1880,806431
16/02/2022,1890,1895,1870,1880,487798
17/02/2022,1885,1945,1855,1945,1181490
18/02/2022,1955,2140,1955,2090,4128340
21/02/2022,2100,2190,2100,2170,2108450
22/02/2022,2150,2200,2100,2180,2155480
23/02/2022,2200,2230,2170,2200,1409260
24/02/2022,2190,2240,2120,2220,3038030
25/02/2022,2220,2270,2200,2220,1899078
01/03/2022,2240,2300,2230,2260,1376947
02/03/2022,2300,2340,2280,2290,1528720
04/03/2022,2350,2460,2340,2450,3207970
07/03/2022,2520,2830,2480,2820,6420310
08/03/2022,2990,3170,2830,2840,14049500
09/03/2022,2650,2740,2650,2650,7061070
10/03/2022,2530,2660,2490,2570,4896060
11/03/2022,2590,2660,2520,2520,3586770
14/03/2022,2520,2540,2360,2400,3941324
15/03/2022,2400,2460,2350,2370,1706951
16/03/2022,2370,2410,2270,2390,2358350
17/03/2022,2400,2410,2330,2350,1535340
18/03/2022,2350,2400,2320,2390,1736675
21/03/2022,2380,2390,2330,2360,927282
22/03/2022,2380,2560,2370,2550,3215615
23/03/2022,2550,2560,2460,2500,1776084
24/03/2022,2600,2650,2540,2640,2690478
25/03/2022,2660,2690,2610,2660,2004350
28/03/2022,2650,2660,2590,2630,1210879
29/03/2022,2590,2600,2510,2530,1447310
30/03/2022,2530,2570,2470,2510,1311646
31/03/2022,2530,2540,2430,2440,973857
01/04/2022,2450,2550,2420,2510,1079314
04/04/2022,2530,2650,2520,2640,1387418
05/04/2022,2630,2700,2610,2670,1416919
06/04/2022,2670,2690,2640,2650,984426
07/04/2022,2670,2820,2660,2760,2866179
08/04/2022,2790,2820,2740,2800,1893612
11/04/2022,2800,2810,2630,2630,1638646
12/04/2022,2620,2680,2580,2670,883809
13/04/2022,2690,2800,2670,2790,1438222
14/04/2022,2790,2870,2750,2780,2016982
18/04/2022,2800,2930,2790,2900,1908550
19/04/2022,2910,2940,2830,2850,1904604
20/04/2022,2880,2880,2740,2820,1370859
21/04/2022,2830,2840,2760,2790,698845
22/04/2022,2770,2810,2740,2740,820883
25/04/2022,2690,2700,2600,2620,1719511
26/04/2022,2630,2640,2450,2500,2296799
27/04/2022,2500,2610,2500,2560,1615879
28/04/2022,2580,2650,2570,2600,1155188
09/05/2022,2500,2550,2460,2530,1654390
10/05/2022,2470,2490,2360,2420,1463990
11/05/2022,2420,2530,2400,2400,1100973
12/05/2022,2400,2460,2290,2330,1837880
13/05/2022,2360,2380,2300,2330,818267
17/05/2022,2350,2410,2340,2390,940969
18/05/2022,2420,2420,2360,2400,792233
19/05/2022,2380,2490,2340,2460,1229690
20/05/2022,2520,2520,2460,2490,1256300
23/05/2022,2560,2670,2520,2530,2448712
24/05/2022,2550,2600,2530,2570,1105385
25/05/2022,2560,2580,2460,2490,1158496
27/05/2022,2510,2530,2460,2470,761740
30/05/2022,2500,2570,2470,2560,1252033
31/05/2022,2570,2570,2500,2510,1682420
02/06/2022,2500,2560,2470,2510,1162092
03/06/2022,2520,2550,2500,2500,712457
06/06/2022,2460,2490,2400,2450,937868
07/06/2022,2450,2470,2420,2420,644309
08/06/2022,2430,2440,2400,2420,576289
09/06/2022,2420,2450,2380,2400,599803
10/06/2022,2370,2380,2280,2290,1310077
13/06/2022,2240,2280,2200,2260,1130929
14/06/2022,2240,2260,2160,2180,1408817
15/06/2022,2180,2240,2120,2170,948700
16/06/2022,2200,2230,2140,2150,994870
17/06/2022,2120,2140,2100,2110,708176
20/06/2022,2110,2130,2050,2070,782827
21/06/2022,2080,2150,2070,2150,832987
22/06/2022,2140,2140,2020,2020,1715080
23/06/2022,2020,2020,1955,1965,1274683
24/06/2022,1950,2000,1950,1970,737174
27/06/2022,1970,1970,1885,1890,1725910
28/06/2022,1890,1905,1860,1865,1028310
29/06/2022,1855,1890,1835,1835,1146700
30/06/2022,1850,1860,1800,1800,778240
01/07/2022,1795,1810,1750,1750,1149760
04/07/2022,1750,1770,1700,1720,1019520
05/07/2022,1740,1820,1740,1790,1233820
06/07/2022,1775,1780,1710,1720,968719
07/07/2022,1715,1735,1700,1720,730544
08/07/2022,1725,1755,1710,1715,833025
11/07/2022,1720,1730,1705,1720,495753
12/07/2022,1720,1770,1720,1740,881652
13/07/2022,1740,1755,1715,1720,507928
14/07/2022,1720,1725,1640,1650,1659520
15/07/2022,1600,1605,1535,1540,2276550
18/07/2022,1575,1595,1550,1560,1372790
19/07/2022,1580,1665,1575,1655,1599748
20/07/2022,1680,1700,1670,1695,1100805
21/07/2022,1695,1710,1665,1675,496590
22/07/2022,1690,1785,1690,1780,1298643
25/07/2022,1800,1825,1735,1755,1058122
26/07/2022,1755,1800,1755,1790,633498
27/07/2022,1780,1790,1770,1785,339616
28/07/2022,1815,2030,1805,2000,3423631
29/07/2022,2020,2070,1945,1955,1531712
01/08/2022,2030,2100,1990,2080,2431880
02/08/2022,2080,2080,1990,1995,1516938
03/08/2022,1975,1990,1915,1970,1032826
04/08/2022,1980,2020,1950,1970,727795
05/08/2022,2000,2030,1970,2020,853973
08/08/2022,2010,2070,1985,2060,1308080
09/08/2022,2080,2230,2070,2180,4058090
10/08/2022,2180,2180,2110,2120,1486958
11/08/2022,2200,2270,2180,2240,2782140
12/08/2022,2240,2270,2210,2220,1266975
15/08/2022,2230,2240,2120,2130,1111115
16/08/2022,2130,2140,2070,2080,1170438
18/08/2022,2070,2110,2030,2050,1166513
19/08/2022,2050,2090,2030,2060,1015070
22/08/2022,2060,2070,1980,1985,1402990
23/08/2022,1985,2050,1965,2030,876825
24/08/2022,2020,2040,2000,2010,546179
25/08/2022,2010,2040,1985,1995,902091
26/08/2022,1995,2000,1955,1955,1351478
29/08/2022,1920,1925,1865,1900,1233935
30/08/2022,1920,2010,1910,1985,1357531
31/08/2022,1985,1990,1925,1990,1342134
01/09/2022,1985,1985,1930,1935,636459
02/09/2022,1930,1930,1900,1900,995056
05/09/2022,1880,1985,1870,1970,1313984
06/09/2022,2010,2040,1975,1990,1399124
07/09/2022,1975,1990,1940,1950,802364
08/09/2022,1970,1975,1920,1920,789619
09/09/2022,1940,1985,1920,1975,750626
12/09/2022,2010,2020,1980,1980,962495
13/09/2022,2030,2100,2030,2070,2821128
14/09/2022,2010,2120,1990,2120,2306253
15/09/2022,2130,2150,2060,2070,1478873
16/09/2022,2030,2050,2000,2040,979876
19/09/2022,2080,2090,2020,2050,804281
20/09/2022,2080,2080,2040,2050,460007
21/09/2022,2060,2100,2020,2080,1223096
22/09/2022,2050,2090,2040,2080,568572
23/09/2022,2080,2090,2030,2040,548974
26/09/2022,1995,2000,1970,1970,952937
27/09/2022,1955,1975,1930,1965,755896
28/09/2022,1945,1950,1925,1925,703156
29/09/2022,1945,1960,1910,1920,486887
30/09/2022,1925,1940,1885,1940,618796
03/10/2022,1900,1920,1890,1890,577004
04/10/2022,1920,1935,1910,1925,735646
05/10/2022,1945,1975,1940,1940,848475
06/10/2022,1955,1965,1925,1930,466888
07/10/2022,1935,1950,1925,1935,286707
10/10/2022,1920,1925,1895,1910,292364
11/10/2022,1910,1915,1890,1895,233074
12/10/2022,1895,1915,1860,1880,454209
13/10/2022,1890,1895,1820,1830,618060
14/10/2022,1855,1865,1820,1820,383277
17/10/2022,1810,1810,1765,1805,449202
18/10/2022,1810,1830,1790,1795,291149
19/10/2022,1800,1840,1765,1825,506635
20/10/2022,1815,1835,1805,1820,558212
21/10/2022,1825,1830,1795,1800,533139
24/10/2022,1805,1825,1790,1795,420055
25/10/2022,1800,1810,1760,1770,641227
26/10/2022,1775,1830,1775,1810,886012
27/10/2022,1820,1880,1815,1840,1179590
28/10/2022,1845,1850,1805,1835,435551
31/10/2022,1840,1850,1825,1845,291118
01/11/2022,1845,1845,1805,1810,271010
02/11/2022,1865,1895,1850,1865,1103959
03/11/2022,1865,1875,1825,1830,530570
04/11/2022,1830,1915,1805,1915,872627
07/11/2022,1930,2010,1930,2000,2080679
08/11/2022,2010,2040,1970,1985,1031022
09/11/2022,2010,2060,1995,2000,1037839
10/11/2022,2000,2020,1985,2000,1080090
11/11/2022,2080,2130,2050,2120,2627860
14/11/2022,2150,2170,2100,2120,1524880
15/11/2022,2160,2220,2130,2160,1610710
16/11/2022,2180,2180,2020,2030,1759170
17/11/2022,1985,1995,1940,1975,1504891
18/11/2022,1955,1985,1950,1960,596498
21/11/2022,1980,2000,1955,1960,583200
22/11/2022,1960,1970,1930,1935,564649
23/11/2022,1970,1985,1955,1975,566749
24/11/2022,1975,1990,1960,1970,378660
25/11/2022,1970,1975,1945,1950,281093
28/11/2022,1945,1945,1910,1915,611868
29/11/2022,1935,1965,1925,1965,543905
30/11/2022,1980,1990,1965,1985,879346
01/12/2022,2000,2060,1985,2040,1147480
02/12/2022,2050,2060,2020,2040,713377
05/12/2022,2070,2080,2040,2060,652811
06/12/2022,2050,2050,1945,1965,675741
07/12/2022,1965,1985,1900,1920,761043
08/12/2022,1960,1995,1920,1990,633255
09/12/2022,1960,1980,1930,1935,447866
12/12/2022,1930,1960,1915,1950,293014
13/12/2022,1960,1965,1930,1930,495186
14/12/2022,1930,1945,1915,1940,479638
15/12/2022,1940,1940,1920,1935,288054
16/12/2022,1915,2030,1915,2020,869496
19/12/2022,2030,2060,2000,2040,827744
20/12/2022,2030,2030,1985,2010,523980
21/12/2022,2020,2070,2020,2040,632505
22/12/2022,2070,2080,2020,2030,378522
23/12/2022,2030,2030,1995,2000,337265
26/12/2022,2010,2030,1995,2000,160030
27/12/2022,2010,2040,1985,1990,383354
28/12/2022,1990,2010,1940,2010,683130
29/12/2022,2000,2020,1970,2010,436040
30/12/2022,2010,2020,1985,1985,231230
02/01/2023,1990,2010,1975,1980,158368
03/01/2023,1980,2020,1975,2000,453897
04/01/2023,2020,2100,2010,2050,1426403
05/01/2023,2020,2050,1935,1965,1301186
06/01/2023,1950,1985,1930,1985,556734
09/01/2023,2010,2070,2010,2060,1183296
10/01/2023,2040,2060,2000,2040,541017
11/01/2023,2050,2070,2020,2070,554764
12/01/2023,2060,2140,2040,2130,1789941
13/01/2023,2150,2170,2090,2150,1492527
16/01/2023,2160,2200,2150,2180,895709
17/01/2023,2200,2290,2180,2270,2425827
18/01/2023,2260,2270,2210,2260,1222049
19/01/2023,2290,2320,2270,2270,1273731
20/01/2023,2300,2340,2280,2320,1101019
24/01/2023,2320,2350,2280,2320,637371
25/01/2023,2340,2350,2250,2290,544255
26/01/2023,2330,2370,2300,2320,916780
27/01/2023,2330,2330,2290,2300,340174
30/01/2023,2300,2310,2250,2290,675408
31/01/2023,2300,2340,2290,2310,533411
01/02/2023,2340,2390,2320,2370,1346500
02/02/2023,2350,2380,2320,2350,536697
03/02/2023,2380,2380,2280,2330,699434
06/02/2023,2280,2320,2260,2270,608662
07/02/2023,2250,2260,2190,2250,1302298
08/02/2023,2260,2280,2220,2240,530116
09/02/2023,2240,2260,2220,2220,470387
10/02/2023,2250,2250,2180,2220,775900
13/02/2023,2210,2240,2200,2240,252273
14/02/2023,2240,2250,2200,2210,458244
15/02/2023,2200,2230,2160,2200,702187
16/02/2023,2200,2210,2100,2110,1316974
17/02/2023,2100,2140,2060,2090,866340
20/02/2023,2080,2090,2020,2080,996633
21/02/2023,2110,2130,2070,2080,700085
22/02/2023,2080,2090,2030,2050,766659
23/02/2023,2050,2060,2000,2030,748306
24/02/2023,2020,2040,2000,2000,584368
27/02/2023,2000,2040,1985,2010,578208
28/02/2023,2030,2040,1990,1990,996491
01/03/2023,1990,2020,1975,2000,499852
02/03/2023,2010,2040,2000,2010,579059
03/03/2023,2010,2040,1985,1995,639013
06/03/2023,2000,2020,1955,1960,758872
07/03/2023,1960,1970,1930,1940,734246
08/03/2023,1920,1930,1870,1885,1403593
09/03/2023,1885,1910,1870,1875,754509
10/03/2023,1865,1895,1850,1880,963804
13/03/2023,1890,1890,1850,1850,603752
14/03/2023,1865,1885,1810,1815,1086248
15/03/2023,1825,1865,1825,1855,649490
16/03/2023,1850,1855,1770,1795,947654
17/03/2023,1815,1895,1810,1895,962892
20/03/2023,1905,1930,1875,1900,604455
21/03/2023,1910,1915,1885,1885,331438
24/03/2023,1895,1940,1885,1895,842505
27/03/2023,1935,2010,1935,1960,1291414
28/03/2023,1970,2010,1970,1995,672240
29/03/2023,2000,2090,2000,2080,1401082
30/03/2023,2070,2090,2040,2090,831112
31/03/2023,2080,2100,2050,2090,639127
03/04/2023,2100,2110,2070,2090,456522
04/04/2023,2090,2100,2040,2050,630826
05/04/2023,2070,2150,2070,2100,1125391
06/04/2023,2100,2120,2080,2100,735253
10/04/2023,2100,2100,2010,2020,481868
11/04/2023,2030,2110,2030,2110,879466
12/04/2023,2120,2140,2100,2110,543403
13/04/2023,2110,2130,2100,2130,510133
14/04/2023,2140,2160,2110,2110,932979
17/04/2023,2130,2140,2100,2120,458041
18/04/2023,2120,2130,2080,2100,421726
26/04/2023,2080,2110,2060,2110,530659
27/04/2023,2120,2120,2080,2080,264900
28/04/2023,2090,2110,2070,2100,384859
02/05/2023,2090,2100,2030,2060,505053
03/05/2023,2110,2150,2100,2120,788121
04/05/2023,2140,2150,2110,2130,505697
05/05/2023,2130,2130,2020,2040,624955
08/05/2023,2060,2090,2040,2070,297068
09/05/2023,2080,2120,2070,2110,389026
10/05/2023,2110,2120,2070,2100,296188
11/05/2023,2080,2080,2030,2040,610006
12/05/2023,2030,2030,1990,2000,517725
15/05/2023,2000,2020,1970,1990,482353
16/05/2023,1990,2000,1955,1970,485645
17/05/2023,1960,1965,1915,1935,576165
19/05/2023,1935,1970,1920,1955,413885
22/05/2023,1960,1990,1935,1940,520052
23/05/2023,1940,1970,1940,1945,435056
24/05/2023,1950,1960,1945,1950,234360
25/05/2023,1950,1965,1940,1945,273234
26/05/2023,1945,1950,1920,1920,354805
29/05/2023,1920,1935,1905,1935,332366
30/05/2023,1935,1960,1930,1940,231255
31/05/2023,1940,1945,1895,1895,692605
05/06/2023,1905,1995,1905,1975,653718
06/06/2023,1985,2030,1985,2010,500034
07/06/2023,2010,2030,1990,2020,309903
08/06/2023,2040,2040,1985,1985,361238
09/06/2023,1985,1995,1970,1975,250058
12/06/2023,1980,2000,1975,1995,230905
13/06/2023,1995,2020,1980,2010,279071
14/06/2023,2040,2050,2010,2030,545356
15/06/2023,2040,2050,2010,2040,443865
16/06/2023,2060,2060,2020,2060,343341
19/06/2023,2060,2060,2020,2030,117422
20/06/2023,2030,2040,2010,2020,163978
21/06/2023,2010,2030,2000,2010,191823
22/06/2023,2010,2060,2010,2010,401037
23/06/2023,2020,2030,2000,2010,304012
26/06/2023,1950,1975,1935,1950,420176
27/06/2023,1955,1965,1950,1950,182152
03/07/2023,1955,1990,1955,1965,206393
04/07/2023,1970,1980,1960,1970,163135
05/07/2023,1970,1990,1960,1985,356220
06/07/2023,1995,2050,1990,2020,885468
07/07/2023,2020,2020,1975,1975,404207
10/07/2023,1985,1995,1980,1980,141343
11/07/2023,1985,2000,1980,2000,192953
12/07/2023,2010,2010,1990,1990,211688
13/07/2023,2010,2030,1990,1990,363362
14/07/2023,1995,2020,1995,2000,210600
17/07/2023,2010,2020,1990,1990,219036
18/07/2023,2000,2010,1975,1990,285606
20/07/2023,2000,2010,1980,1990,311373
21/07/2023,2000,2000,1975,1975,302007
24/07/2023,1975,1990,1975,1975,193263
25/07/2023,1985,2000,1975,1975,255320
26/07/2023,1995,2010,1980,1985,356496
27/07/2023,1985,1990,1970,1970,211451
28/07/2023,1970,1975,1955,1960,368102
31/07/2023,1965,1990,1960,1985,334497
01/08/2023,2000,2060,1990,2040,1362885
02/08/2023,2050,2050,1990,2010,784066
03/08/2023,2000,2020,1990,2010,388168
04/08/2023,2010,2040,2000,2020,407986
07/08/2023,2030,2050,2020,2040,412903
08/08/2023,2050,2050,2000,2010,257692
09/08/2023,2010,2020,1990,2010,285702
10/08/2023,2000,2020,1990,1990,259992
11/08/2023,1995,2000,1980,1990,246286
14/08/2023,1990,2000,1970,2000,286405
15/08/2023,1995,2000,1985,1990,234131
16/08/2023,1985,1990,1960,1960,689612
18/08/2023,1960,1970,1945,1950,423609
21/08/2023,1950,1965,1950,1950,183719
22/08/2023,1950,1960,1935,1945,361884
23/08/2023,1950,1965,1950,1955,356536
24/08/2023,1975,2020,1975,1995,814024
25/08/2023,1995,2010,1980,1990,348682
28/08/2023,1995,2010,1980,1995,205216
29/08/2023,1995,2000,1980,1995,230106
30/08/2023,2010,2010,1995,1995,319641
31/08/2023,1995,2010,1975,1990,347757
01/09/2023,1925,1970,1925,1955,893473
04/09/2023,1975,1980,1950,1950,505952
05/09/2023,1950,1970,1945,1950,306635
06/09/2023,1950,1965,1945,1945,468184
07/09/2023,1945,1955,1940,1955,291312
08/09/2023,1955,1960,1940,1945,280624
11/09/2023,1945,1955,1930,1955,285075
12/09/2023,1960,1960,1940,1945,192701
13/09/2023,1950,1950,1910,1915,429917
14/09/2023,1920,1935,1895,1900,531267
15/09/2023,1900,1920,1895,1900,469833
18/09/2023,1900,1910,1845,1845,551221
19/09/2023,1835,1870,1815,1840,529062
20/09/2023,1845,1875,1845,1860,308639
21/09/2023,1860,1875,1830,1835,397167
22/09/2023,1835,1865,1835,1850,209028
25/09/2023,1855,1865,1845,1850,156557
26/09/2023,1850,1855,1830,1840,238252
27/09/2023,1840,1845,1820,1820,174184
29/09/2023,1820,1830,1815,1815,230848
02/10/2023,1815,1825,1800,1805,254156
03/10/2023,1805,1810,1765,1765,421526
04/10/2023,1780,1780,1735,1740,347538
05/10/2023,1745,1760,1705,1705,445169
06/10/2023,1705,1740,1705,1715,336500
09/10/2023,1735,1835,1735,1810,637285
10/10/2023,1830,1860,1815,1815,400516
11/10/2023,1825,1850,1815,1815,270924
12/10/2023,1825,1835,1775,1775,419835
13/10/2023,1775,1775,1750,1755,323343
16/10/2023,1785,1820,1785,1805,496868
17/10/2023,1810,1820,1790,1810,225438
18/10/2023,1815,1850,1815,1850,732552
19/10/2023,1850,1850,1795,1815,325420
20/10/2023,1825,1845,1805,1825,225722
23/10/2023,1825,1825,1745,1750,375138
24/10/2023,1745,1780,1735,1765,182925
25/10/2023,1770,1780,1730,1730,305529
26/10/2023,1735,1755,1730,1730,161594
27/10/2023,1735,1745,1725,1725,112930
30/10/2023,1730,1745,1715,1725,144736
31/10/2023,1725,1740,1705,1705,343633
01/11/2023,1705,1715,1650,1650,436479
02/11/2023,1655,1685,1650,1650,316604
03/11/2023,1660,1675,1650,1655,278790
06/11/2023,1665,1700,1660,1700,364286
07/11/2023,1710,1715,1675,1690,221535
08/11/2023,1680,1685,1650,1660,291303
09/11/2023,1660,1670,1650,1655,158058
10/11/2023,1655,1665,1625,1625,220315
13/11/2023,1625,1635,1610,1620,266395
14/11/2023,1620,1640,1610,1620,229114
15/11/2023,1630,1675,1630,1640,631045
16/11/2023,1640,1655,1625,1650,212343
17/11/2023,1645,1650,1620,1635,264637
20/11/2023,1635,1640,1600,1610,346790
21/11/2023,1615,1640,1610,1620,235011
22/11/2023,1635,1635,1605,1605,247081
23/11/2023,1600,1615,1580,1600,242273
24/11/2023,1600,1620,1600,1605,154813
27/11/2023,1610,1625,1610,1620,232797
28/11/2023,1630,1670,1620,1655,426515
29/11/2023,1680,1735,1680,1700,897619
30/11/2023,1705,1740,1675,1740,756418
01/12/2023,1710,1725,1695,1705,412228
04/12/2023,1740,1810,1735,1750,1087670
05/12/2023,1745,1745,1720,1745,367117
06/12/2023,1740,1740,1700,1700,383024
07/12/2023,1700,1705,1635,1635,504501
08/12/2023,1650,1690,1645,1685,413373
11/12/2023,1675,1675,1640,1655,292101
12/12/2023,1655,1655,1610,1625,298652
13/12/2023,1625,1625,1590,1595,332580
14/12/2023,1625,1650,1625,1640,454249
15/12/2023,1650,1670,1640,1670,344368
18/12/2023,1670,1675,1620,1665,340812
19/12/2023,1650,1650,1625,1640,126462
20/12/2023,1640,1665,1635,1635,335245
21/12/2023,1635,1645,1625,1635,149678
22/12/2023,1640,1665,1640,1665,244154
27/12/2023,1675,1745,1675,1735,889486
28/12/2023,1750,1800,1705,1715,1157239
29/12/2023,1720,1785,1705,1705,835979
02/01/2024,1715,1735,1710,1735,247183
03/01/2024,1735,1735,1700,1700,373002
04/01/2024,1700,1725,1680,1685,535072
05/01/2024,1690,1695,1675,1675,277249
08/01/2024,1680,1710,1650,1650,388821
09/01/2024,1650,1670,1630,1645,355573
10/01/2024,1650,1670,1635,1655,232557
11/01/2024,1660,1670,1635,1635,284523
12/01/2024,1635,1645,1620,1625,376331
15/01/2024,1630,1640,1605,1605,410888
16/01/2024,1610,1625,1600,1605,286909
17/01/2024,1620,1620,1600,1605,223405
18/01/2024,1605,1635,1600,1620,427918
19/01/2024,1670,1705,1640,1645,1382762
22/01/2024,1645,1665,1640,1645,400643
23/01/2024,1645,1650,1605,1610,457710
24/01/2024,1610,1620,1525,1535,1009076
25/01/2024,1535,1590,1535,1555,531742
26/01/2024,1560,1580,1555,1575,365967
29/01/2024,1575,1595,1550,1565,250681
30/01/2024,1565,1570,1560,1565,218968
31/01/2024,1565,1585,1550,1550,233658
01/02/2024,1550,1570,1535,1535,212441
02/02/2024,1535,1550,1525,1525,461576
05/02/2024,1525,1540,1440,1440,1097466
06/02/2024,1445,1470,1410,1425,594626
07/02/2024,1430,1440,1405,1410,521638
12/02/2024,1415,1470,1415,1465,419516
13/02/2024,1515,1580,1485,1545,1404464
15/02/2024,1570,1580,1535,1540,624461
16/02/2024,1545,1560,1530,1530,271335
19/02/2024,1545,1545,1505,1515,252515
20/02/2024,1515,1525,1505,1505,296896
21/02/2024,1505,1515,1455,1470,497508
22/02/2024,1480,1520,1480,1500,469456
23/02/2024,1525,1550,1505,1550,589629
26/02/2024,1555,1565,1510,1515,284871
27/02/2024,1515,1515,1470,1480,457817
28/02/2024,1490,1500,1470,1490,233747
29/02/2024,1495,1505,1460,1460,485105
01/03/2024,1465,1490,1465,1480,277515
04/03/2024,1495,1500,1460,1460,317137
05/03/2024,1470,1485,1460,1460,375498
06/03/2024,1465,1540,1465,1525,811970
07/03/2024,1535,1580,1535,1575,848241
08/03/2024,1595,1600,1550,1565,526591
13/03/2024,1575,1635,1575,1620,1163107
14/03/2024,1630,1645,1610,1645,690064
15/03/2024,1645,1645,1610,1615,518401
18/03/2024,1615,1675,1605,1655,666020
19/03/2024,1665,1690,1660,1660,492662
20/03/2024,1660,1670,1645,1660,384256
21/03/2024,1685,1720,1680,1700,854815
22/03/2024,1700,1700,1660,1670,463078
25/03/2024,1670,1685,1650,1660,512792
26/03/2024,1660,1675,1650,1665,350726
27/03/2024,1665,1675,1625,1635,345092
28/03/2024,1640,1655,1580,1600,626879
01/04/2024,1615,1635,1545,1580,612731
02/04/2024,1580,1640,1575,1640,464102
03/04/2024,1650,1660,1630,1645,554024
04/04/2024,1660,1675,1650,1660,476386
05/04/2024,1665,1675,1645,1670,353499
16/04/2024,1685,1810,1680,1810,2010682
17/04/2024,1815,1845,1775,1795,973142
18/04/2024,1800,1815,1710,1725,1052573
19/04/2024,1765,1770,1725,1760,868927
22/04/2024,1780,1800,1760,1770,704630
23/04/2024,1770,1775,1730,1740,534704
24/04/2024,1745,1750,1680,1680,426611
25/04/2024,1680,1695,1585,1590,777984
26/04/2024,1600,1615,1575,1595,451051
29/04/2024,1600,1620,1570,1615,447596
30/04/2024,1625,1640,1600,1640,427467
02/05/2024,1605,1610,1510,1510,1009152
03/05/2024,1515,1535,1475,1490,703501
06/05/2024,1505,1530,1490,1515,416908
07/05/2024,1530,1540,1500,1505,403403
08/05/2024,1505,1575,1480,1535,1091090
13/05/2024,1540,1550,1515,1525,364918
14/05/2024,1520,1545,1515,1525,316754
15/05/2024,1535,1575,1535,1565,512452
16/05/2024,1585,1590,1560,1565,528915
17/05/2024,1585,1635,1585,1620,880811
20/05/2024,1645,1670,1645,1655,1135406
21/05/2024,1545,1595,1540,1565,592377
22/05/2024,1565,1580,1520,1525,421775
27/05/2024,1525,1535,1490,1495,345060
28/05/2024,1500,1535,1500,1515,336793
29/05/2024,1525,1540,1505,1525,270768
30/05/2024,1525,1525,1490,1490,382419
31/05/2024,1490,1510,1465,1465,815052
03/06/2024,1465,1490,1465,1470,296192
04/06/2024,1470,1485,1435,1440,602876
05/06/2024,1440,1445,1340,1340,1118323
06/06/2024,1345,1380,1305,1315,735280
07/06/2024,1320,1350,1300,1300,775128
10/06/2024,1290,1300,1215,1240,980341
11/06/2024,1240,1280,1240,1255,640843
12/06/2024,1255,1270,1240,1270,359599
13/06/2024,1270,1285,1255,1255,406720
14/06/2024,1255,1260,1205,1210,489229
19/06/2024,1215,1225,1175,1215,367440
20/06/2024,1215,1225,1200,1215,334806
21/06/2024,1220,1255,1220,1230,562206
24/06/2024,1235,1260,1235,1250,225596
25/06/2024,1255,1260,1220,1225,296524
26/06/2024,1230,1235,1210,1215,296643
27/06/2024,1200,1230,1200,1230,242206
28/06/2024,1235,1265,1230,1250,549556
01/07/2024,1255,1305,1250,1305,693001
02/07/2024,1310,1315,1280,1295,584431
03/07/2024,1295,1315,1280,1315,400576
04/07/2024,1325,1335,1320,1325,460706
05/07/2024,1325,1330,1305,1310,219845
08/07/2024,1315,1365,1315,1365,610880
09/07/2024,1365,1375,1340,1345,398325
10/07/2024,1350,1365,1345,1345,258080
11/07/2024,1345,1365,1320,1360,366343
12/07/2024,1365,1380,1350,1360,387842
15/07/2024,1360,1370,1330,1350,277110
16/07/2024,1350,1365,1335,1340,303219
17/07/2024,1360,1395,1355,1380,650832
18/07/2024,1395,1405,1375,1375,539370
19/07/2024,1375,1380,1330,1350,602064
22/07/2024,1350,1360,1330,1340,358906
23/07/2024,1340,1350,1305,1315,489547
24/07/2024,1315,1325,1305,1310,282053
25/07/2024,1305,1310,1275,1280,447893
26/07/2024,1285,1300,1280,1295,337914
29/07/2024,1325,1350,1310,1310,625195
30/07/2024,1320,1330,1300,1300,308041
31/07/2024,1310,1325,1305,1315,348401
01/08/2024,1340,1355,1325,1345,545347
02/08/2024,1335,1350,1320,1345,322434
05/08/2024,1330,1330,1265,1285,653190
06/08/2024,1290,1305,1280,1295,279102
07/08/2024,1295,1315,1295,1295,206634
08/08/2024,1295,1300,1270,1270,468686
09/08/2024,1285,1300,1280,1285,263087
12/08/2024,1290,1310,1290,1310,380547
13/08/2024,1320,1330,1280,1310,1099373
14/08/2024,1310,1320,1290,1305,469231
15/08/2024,1310,1390,1305,1385,1770442
16/08/2024,1405,1510,1400,1460,3775361
19/08/2024,1475,1510,1460,1470,1796001
20/08/2024,1480,1495,1455,1475,884289
21/08/2024,1485,1525,1465,1470,1332252
22/08/2024,1470,1475,1430,1440,736345
23/08/2024,1445,1465,1445,1450,458141
26/08/2024,1460,1480,1450,1480,750229
27/08/2024,1480,1485,1450,1470,376907
28/08/2024,1480,1485,1450,1450,412780
29/08/2024,1450,1455,1400,1410,1110569
30/08/2024,1415,1420,1390,1390,7640703
02/09/2024,1400,1415,1385,1395,1169372
03/09/2024,1400,1405,1365,1370,876185
04/09/2024,1350,1370,1340,1345,988709
05/09/2024,1350,1370,1330,1345,1062453
06/09/2024,1345,1360,1330,1335,773470
09/09/2024,1335,1340,1305,1320,925728
10/09/2024,1320,1335,1305,1320,614698
11/09/2024,1320,1345,1315,1315,957240
12/09/2024,1325,1360,1315,1345,1045076
13/09/2024,1365,1370,1330,1335,1015502
17/09/2024,1350,1390,1345,1380,1530822
18/09/2024,1380,1380,1365,1365,540566
19/09/2024,1365,1380,1360,1375,641307
20/09/2024,1380,1385,1365,1370,668524
23/09/2024,1380,1410,1380,1395,1249515
24/09/2024,1400,1410,1385,1410,998221
25/09/2024,1420,1445,1405,1440,2135271
26/09/2024,1450,1450,1415,1425,1197373
27/09/2024,1430,1480,1425,1470,1463348
30/09/2024,1480,1490,1435,1480,1319330
01/10/2024,1490,1510,1480,1500,1235330
02/10/2024,1510,1570,1480,1535,2544616
03/10/2024,1550,1590,1535,1535,1990067
04/10/2024,1535,1545,1500,1525,756832
07/10/2024,1530,1555,1525,1545,856379
08/10/2024,1545,1575,1505,1525,1372088
09/10/2024,1515,1525,1490,1515,737957
10/10/2024,1515,1540,1515,1535,592026
11/10/2024,1545,1565,1535,1565,863161
14/10/2024,1575,1640,1565,1630,1735518
15/10/2024,1630,1630,1590,1600,1319509
16/10/2024,1600,1600,1570,1570,891962
17/10/2024,1585,1625,1570,1620,1038124
18/10/2024,1630,1635,1605,1625,830209
21/10/2024,1645,1765,1640,1690,2433757
22/10/2024,1695,1700,1660,1670,875406
23/10/2024,1680,1685,1640,1650,661201
24/10/2024,1640,1650,1620,1620,559646
25/10/2024,1620,1655,1585,1585,843263
28/10/2024,1590,1640,1590,1610,754623
29/10/2024,1620,1625,1595,1615,503327
30/10/2024,1620,1650,1610,1630,1148882
31/10/2024,1605,1605,1540,1600,2199004
01/11/2024,1590,1590,1515,1520,865622
04/11/2024,1520,1560,1480,1525,908226
05/11/2024,1525,1575,1525,1575,1131695
06/11/2024,1575,1590,1530,1540,704103
07/11/2024,1520,1580,1480,1575,1192309
08/11/2024,1595,1610,1565,1585,611729
11/11/2024,1580,1580,1515,1530,490215
12/11/2024,1510,1565,1510,1565,509025
13/11/2024,1560,1560,1495,1500,520079
14/11/2024,1500,1500,1455,1480,638630
15/11/2024,1470,1480,1385,1400,998683
18/11/2024,1405,1425,1395,1395,339293
19/11/2024,1410,1485,1410,1475,829746
20/11/2024,1490,1510,1460,1470,637243
21/11/2024,1475,1500,1465,1490,472535
22/11/2024,1495,1495,1450,1450,332020
25/11/2024,1460,1485,1435,1485,680219
26/11/2024,1485,1485,1445,1450,302823
28/11/2024,1455,1475,1420,1420,307303
29/11/2024,1420,1445,1395,1430,447033
02/12/2024,1410,1435,1410,1410,286407
03/12/2024,1410,1470,1410,1450,611912
04/12/2024,1445,1470,1440,1465,460678
05/12/2024,1470,1495,1450,1490,576496
06/12/2024,1490,1495,1465,1485,335025
09/12/2024,1485,1510,1480,1490,426182
10/12/2024,1500,1630,1500,1625,1581624
11/12/2024,1625,1655,1580,1600,729471
12/12/2024,1605,1635,1585,1615,622130
13/12/2024,1615,1615,1575,1585,427895
16/12/2024,1570,1585,1545,1560,284439
17/12/2024,1565,1565,1500,1510,458499
18/12/2024,1510,1535,1495,1515,258351
19/12/2024,1495,1495,1445,1470,408903
20/12/2024,1465,1475,1420,1420,314685
23/12/2024,1425,1455,1425,1455,319570
24/12/2024,1460,1465,1435,1435,195215
27/12/2024,1440,1535,1440,1525,510447
30/12/2024,1525,1545,1490,1525,422383
02/01/2025,1530,1560,1520,1545,335088
03/01/2025,1560,1560,1520,1520,181988
06/01/2025,1525,1540,1460,1465,281695
07/01/2025,1470,1480,1430,1435,360081
08/01/2025,1445,1465,1425,1430,344148
09/01/2025,1435,1440,1410,1420,309499
10/01/2025,1425,1480,1425,1465,437309
13/01/2025,1475,1495,1455,1480,408350
14/01/2025,1480,1535,1465,1520,599776
15/01/2025,1520,1530,1505,1530,281236
16/01/2025,1535,1550,1510,1520,327465
17/01/2025,1530,1540,1505,1520,144904
20/01/2025,1515,1535,1500,1510,194840
21/01/2025,1510,1525,1500,1510,220040
22/01/2025,1515,1540,1510,1520,236445
23/01/2025,1525,1525,1480,1490,308352
24/01/2025,1490,1505,1475,1490,195641
30/01/2025,1490,1490,1385,1395,928584
31/01/2025,1405,1420,1385,1390,618825
03/02/2025,1395,1405,1355,1380,491079
04/02/2025,1395,1420,1395,1400,677228
05/02/2025,1410,1450,1395,1450,873604
06/02/2025,1450,1455,1385,1400,601070
07/02/2025,1400,1435,1365,1430,540971
10/02/2025,1435,1435,1380,1385,409718
11/02/2025,1405,1420,1380,1400,525100
12/02/2025,1405,1405,1380,1395,332671
13/02/2025,1395,1470,1395,1470,905509
14/02/2025,1475,1535,1475,1530,1210361
17/02/2025,1530,1560,1515,1555,677087
18/02/2025,1555,1570,1535,1550,339278
19/02/2025,1565,1595,1560,1575,643481
20/02/2025,1575,1690,1570,1685,1672320
21/02/2025,1685,1685,1620,1620,753448
24/02/2025,1630,1675,1630,1640,524589
25/02/2025,1650,1665,1600,1635,609161
26/02/2025,1635,1640,1605,1630,514659
27/02/2025,1630,1650,1610,1625,445441
28/02/2025,1615,1615,1505,1585,885450
03/03/2025,1580,1610,1555,1585,883868
04/03/2025,1595,1615,1530,1540,455714
05/03/2025,1545,1630,1545,1620,648977
06/03/2025,1620,1645,1615,1625,342780
07/03/2025,1625,1655,1615,1630,367265
10/03/2025,1600,1610,1475,1490,1026455
11/03/2025,1490,1525,1465,1520,397644
12/03/2025,1545,1585,1530,1545,663991
13/03/2025,1550,1570,1520,1535,473504
14/03/2025,1560,1615,1560,1590,642945
17/03/2025,1620,1690,1615,1655,1019712
18/03/2025,1660,1670,1545,1635,729503
19/03/2025,1640,1670,1620,1660,605321
20/03/2025,1660,1685,1640,1645,598174
21/03/2025,1645,1650,1580,1585,409532
24/03/2025,1585,1620,1535,1590,469983
25/03/2025,1595,1615,1555,1600,245728
26/03/2025,1620,1660,1615,1650,396012
27/03/2025,1650,1650,1610,1635,322773
08/04/2025,1450,1480,1390,1400,1339649
09/04/2025,1415,1580,1415,1475,1600240
10/04/2025,1575,1680,1575,1630,1758449
11/04/2025,1660,1745,1650,1690,1879041
14/04/2025,1740,1850,1740,1830,1905569
15/04/2025,1865,1960,1820,1860,3002113
16/04/2025,1910,1940,1860,1925,2558710
17/04/2025,1950,1970,1925,1945,2084791
21/04/2025,1980,2090,1965,2090,3199272
22/04/2025,2130,2210,2130,2190,3608056
23/04/2025,2160,2160,2030,2070,2971331
24/04/2025,2110,2150,2090,2150,2520266
25/04/2025,2180,2190,2120,2140,1515951
28/04/2025,2140,2160,2090,2130,1452658
29/04/2025,2150,2180,2140,2180,1622780
30/04/2025,2190,2300,2160,2170,3201583
02/05/2025,2270,2340,2240,2290,3579188
05/05/2025,2280,2340,2270,2320,1526179
06/05/2025,2360,2540,2360,2540,3331986
07/05/2025,2560,2780,2550,2750,6176283
08/05/2025,2780,2860,2600,2610,5224543
09/05/2025,2600,2690,2590,2680,2181946
14/05/2025,2620,2630,2460,2550,3562444
15/05/2025,2530,2660,2500,2550,3328222
16/05/2025,2660,2670,2600,2640,1748632
19/05/2025,2670,2730,2640,2720,2102927
20/05/2025,2720,2740,2660,2730,1632293
21/05/2025,2780,2920,2770,2910,3297723
22/05/2025,2990,3080,2930,2960,3677501
23/05/2025,2980,3130,2970,3130,2717847
26/05/2025,3170,3280,3030,3110,3055680
27/05/2025,3110,3120,3010,3030,1934246
28/05/2025,3030,3220,3030,3110,2853873
02/06/2025,3170,3330,3160,3320,3240027
03/06/2025,3350,3390,3260,3360,2784586
04/06/2025,3400,3660,3390,3550,4225490
05/06/2025,3590,3620,3430,3450,1935495
10/06/2025,3350,3420,3230,3260,4375104
11/06/2025,3260,3370,3210,3280,2370817
12/06/2025,3320,3330,3130,3170,2491053
13/06/2025,3270,3340,3240,3300,2247362
16/06/2025,3330,3370,3230,3280,1770983
17/06/2025,3280,3490,3240,3470,2894611
18/06/2025,3500,3590,3470,3550,2427332
19/06/2025,3560,3580,3300,3330,2302403
20/06/2025,3330,3340,3160,3200,2237446
23/06/2025,3070,3290,3060,3190,2104625
24/06/2025,3190,3240,3070,3090,1443155
25/06/2025,3100,3140,2900,2930,2203015
26/06/2025,2930,2970,2830,2940,2301409
30/06/2025,2910,3070,2830,3040,2644521
01/07/2025,3070,3100,3010,3070,1669336
02/07/2025,3060,3070,2960,2990,989718
03/07/2025,2990,3160,2990,3120,1516773
04/07/2025,3120,3120,3000,3000,1594852
07/07/2025,2980,2980,2870,2910,1001327
08/07/2025,2950,2990,2900,2930,1144844
09/07/2025,2940,2960,2880,2920,978494
10/07/2025,2960,3070,2940,2990,1881091
11/07/2025,3000,3020,2960,2990,974322
14/07/2025,3030,3060,2960,3030,1701749
15/07/2025,3030,3030,2960,3000,777893
16/07/2025,2990,3010,2940,2990,1268186
17/07/2025,3010,3070,2990,3010,1496184
18/07/2025,3020,3030,2940,2970,1165612
21/07/2025,2990,3210,2950,3190,2228538
22/07/2025,3250,3270,2950,2960,4260880
23/07/2025,3010,3040,2870,3040,1956447
24/07/2025,3020,3070,2980,3030,977558
25/07/2025,3040,3040,2950,2970,610926
28/07/2025,2970,3030,2950,2970,851267
29/07/2025,2970,3020,2970,3000,538865
30/07/2025,3010,3050,2970,2990,588460
31/07/2025,2950,2970,2770,2850,2352056
01/08/2025,2860,2920,2830,2880,1020242
04/08/2025,2920,2970,2890,2910,755389
05/08/2025,2930,3050,2910,2940,1510948
06/08/2025,2970,3100,2970,3080,1921805
07/08/2025,3100,3250,3070,3150,2220043
08/08/2025,3160,3170,3020,3090,1020846
11/08/2025,3060,3070,2930,2940,1418949
12/08/2025,2940,2950,2870,2900,1116543
13/08/2025,2930,2960,2880,2910,1129310
14/08/2025,2920,2940,2890,2890,1095986
15/08/2025,2900,2920,2860,2900,592319
19/08/2025,2900,2910,2810,2810,1115690
20/08/2025,2810,2840,2790,2840,672886
21/08/2025,2860,2880,2810,2830,663971
22/08/2025,2840,2870,2820,2820,294150
25/08/2025,2850,2900,2840,2870,720672
26/08/2025,2890,2920,2880,2880,843648
27/08/2025,2920,2990,2890,2960,1357345
28/08/2025,3000,3020,2920,2980,1218774
29/08/2025,2960,3050,2880,3040,2225962
01/09/2025,2950,3280,2950,3200,5456771
02/09/2025,3300,3480,3290,3470,4419406
03/09/2025,3520,3580,3360,3480,3930115
04/09/2025,3470,3470,3370,3390,1424731
08/09/2025,3470,3710,3450,3610,4004544
09/09/2025,3680,3930,3590,3660,5143083
10/09/2025,3580,3600,3470,3510,1924048
11/09/2025,3520,3570,3380,3390,1748422
12/09/2025,3430,3520,3420,3490,1263140
15/09/2025,3490,3530,3430,3490,1049966
16/09/2025,3550,3600,3500,3600,1500139
17/09/2025,3570,3580,3450,3460,1387619
18/09/2025,3490,3490,3400,3420,1172033
19/09/2025,3420,3580,3420,3450,1642976
22/09/2025,3520,3580,3500,3580,1282545
23/09/2025,3650,3730,3600,3670,2128096
24/09/2025,3610,3620,3460,3470,1735076
25/09/2025,3350,3400,3150,3170,4000982
26/09/2025,3180,3220,3110,3210,1647325
29/09/2025,3250,3330,3220,3300,1487338
30/09/2025,3340,3350,3150,3160,2099218
01/10/2025,3200,3230,3160,3210,1256607
02/10/2025,3190,3200,3100,3110,1330990
03/10/2025,3120,3220,3110,3200,983826
06/10/2025,3260,3300,3180,3190,1115849
07/10/2025,3220,3250,3130,3140,1147898
08/10/2025,3170,3380,3150,3330,3034729
09/10/2025,3340,3350,3190,3220,1731397
10/10/2025,3200,3340,3190,3310,1275364
13/10/2025,3310,3430,3290,3370,199311000
14/10/2025,3440,3500,3230,3350,322581200
15/10/2025,3410,3460,3310,3400,198843300
16/10/2025,3450,3540,3400,3430,256647500
17/10/2025,3470,3530,3370,3450,216427700
20/10/2025,3450,3450,3270,3270,160783200
21/10/2025,3340,3350,3270,3290,96567900
22/10/2025,3150,3230,3120,3170,114865300
23/10/2025,3180,3210,3170,3190,66747300
24/10/2025,3190,3210,3120,3130,84454900
27/10/2025,3150,3210,3100,3150,84512600
28/10/2025,3120,3130,3020,3100,101193900
29/10/2025,3110,3220,3110,3200,91690700
30/10/2025,3200,3210,3120,3120,93691300
31/10/2025,3160,3180,3100,3100,92327900
03/11/2025,3100,3130,3080,3110,56974500
04/11/2025,3110,3110,2960,2960,173682100
05/11/2025,2950,3000,2910,2980,115174300
06/11/2025,2980,2980,2920,2930,73006600
07/11/2025,2930,2940,2900,2900,91022900
10/11/2025,2930,2960,2870,2910,156986000
11/11/2025,2940,2960,2880,2880,102211800
12/11/2025,2900,2910,2860,2880,70551600
13/11/2025,2910,2920,2880,2890,69463700
14/11/2025,2900,3060,2860,3040,247808900
17/11/2025,3040,3130,2960,3060,258066200
18/11/2025,3060,3100,3010,3010,160550100
19/11/2025,3010,3050,3000,3000,72939900
20/11/2025,3010,3030,2980,2980,60338300
21/11/2025,2980,2990,2910,2910,70438500
24/11/2025,2940,2970,2890,2930,77562700
25/11/2025,2960,3050,2930,3000,96478900
26/11/2025,3020,3070,2980,3030,115088600
27/11/2025,3040,3060,3000,3000,59437500
28/11/2025,3010,3030,2900,2910,131327000
01/12/2025,2940,3020,2940,2990,66998800
02/12/2025,2990,3000,2950,2980,62836100
03/12/2025,2990,3000,2920,2920,64422400
04/12/2025,2930,2950,2900,2900,51907700
05/12/2025,2910,2940,2900,2910,45650000
08/12/2025,2920,2990,2920,2970,59521000
09/12/2025,2980,2990,2910,2920,48402900
10/12/2025,2950,2950,2910,2930,50602100
11/12/2025,2950,2980,2870,2890,95234500
12/12/2025,2910,3130,2900,3050,304157500
15/12/2025,3110,3130,2980,3030,211858600
16/12/2025,3030,3040,2960,2970,91357800
17/12/2025,2990,3090,2990,3020,107358300
18/12/2025,3040,3110,3020,3110,143068000
19/12/2025,3120,3230,3050,3070,272901900
22/12/2025,3110,3220,3110,3190,263625800
23/12/2025,3250,3260,3170,3190,178083800
24/12/2025,3240,3290,3180,3220,219895200
29/12/2025,3240,3420,3240,3300,2839004
30/12/2025,3270,3270,3130,3150,2094175
02/01/2026,3170,3230,3160,3210,805356
05/01/2026,3280,3400,3260,3390,2031586
06/01/2026,3410,3460,3350,3450,1940286
07/01/2026,3490,3930,3480,3850,6073194
08/01/2026,3810,3820,3470,3490,3544861
09/01/2026,3500,3690,3460,3630,2687481
12/01/2026,3840,3980,3670,3830,4655698
13/01/2026,3830,3930,3820,3880,2115367
14/01/2026,3960,4180,3950,4090,2718459
15/01/2026,4170,4180,4010,4050,1749543
19/01/2026,4100,4140,3920,4000,1877593
21/01/2026,4160,4350,4130,4270,3251285
22/01/2026,4270,4270,4090,4220,1848470
23/01/2026,4320,4400,4250,4290,2035116
26/01/2026,4400,4970,4400,4760,4916628
27/01/2026,4760,4760,4550,4610,2254929
28/01/2026,4600,4710,4250,4420,5894214
29/01/2026,4510,4570,3760,4320,8182663
30/01/2026,4300,4350,4030,4210,2592892
02/02/2026,3800,3920,3610,3810,3889157
03/02/2026,4000,4050,3810,3930,2031974
04/02/2026,3980,4130,3960,3990,2153226
05/02/2026,3980,4000,3810,3810,2019306
06/02/2026,3730,3840,3680,3710,1824891
09/02/2026,3800,3900,3790,3890,1461106
10/02/2026,3900,3950,3850,3890,1140399
11/02/2026,3890,4020,3870,3990,1431619
12/02/2026,4030,4280,4000,4120,2253561
13/02/2026,4050,4140,4000,4050,1404567
18/02/2026,4030,4100,3950,4050,736722
19/02/2026,4050,4300,4050,4230,1814382
20/02/2026,4260,4330,4170,4220,1236099
23/02/2026,4320,4440,4290,4390,1543187
24/02/2026,4440,4550,4370,4380,1663851
25/02/2026,4400,4500,4340,4460,1035837
26/02/2026,4470,4480,4270,4330,999481
27/02/2026,4330,4370,4230,4350,804079
02/03/2026,4500,4650,4480,4610,2124811
03/03/2026,4610,4630,4400,4410,1497806
04/03/2026,4340,4340,3970,4050,2275756
05/03/2026,4150,4230,4110,4130,714234
06/03/2026,4130,4150,4000,4040,596818
09/03/2026,3920,3920,3660,3820,1739977
10/03/2026,3950,4080,3900,4020,976698
11/03/2026,4040,4090,3950,3970,482405
12/03/2026,3920,3930,3830,3890,731542
13/03/2026,3820,3930,3770,3810,640880
16/03/2026,3690,3730,3590,3640,1110813
17/03/2026,3670,3900,3670,3750,1140950
25/03/2026,3660,3720,3580,3620,1516457
26/03/2026,3620,3660,3420,3430,1192291
27/03/2026,3350,3590,3350,3500,914947
30/03/2026,3450,3550,3390,3500,605501
31/03/2026,3540,3620,3430,3500,998330
01/04/2026,3620,3760,3570,3710,1405816
02/04/2026,3680,3690,3590,3640,717153
06/04/2026,3640,3650,3570,3650,412053
07/04/2026,3620,3630,3450,3470,1294233
08/04/2026,3630,3750,3580,3740,1574731
09/04/2026,3680,3800,3630,3750,1292899
10/04/2026,3780,3790,3700,3710,651312
13/04/2026,3690,3780,3630,3750,880271
14/04/2026,3770,3940,3730,3900,1254229
15/04/2026,3990,4000,3890,3940,963151
16/04/2026,3980,4140,3940,4060,1398304
17/04/2026,4060,4090,3970,4070,695613
20/04/2026,4060,4150,4000,4010,577593
21/04/2026,4010,4090,3980,4030,485303
22/04/2026,4030,4150,4030,4100,818906
23/04/2026,4150,4160,4000,4020,655958
24/04/2026,3990,4080,3960,4050,793340
27/04/2026,4100,4180,4060,4120,979872
28/04/2026,4120,4290,3940,4040,1713662
29/04/2026,4000,4000,3880,3880,933179
30/04/2026,3900,3910,3600,3740,2128425
04/05/2026,3750,3850,3740,3800,816684
05/05/2026,3760,3760,3640,3690,1115544
06/05/2026,3720,3800,3720,3800,973025
07/05/2026,3900,3950,3810,3880,1472989
08/05/2026,3830,3840,3630,3630,1476824
11/05/2026,3630,3810,3530,3700,1825837
12/05/2026,3700,3750,3510,3570,1298293
13/05/2026,3420,3610,3360,3500,1832681
18/05/2026,3230,3310,3040,3160,3047864
19/05/2026,3230,3230,2920,3060,3285167
20/05/2026,3000,3200,2940,3100,2498465
21/05/2026,3160,3170,2950,2970,1618096
22/05/2026,2920,3150,2910,3090,2235411
25/05/2026,3130,3140,2990,3070,1511953
26/05/2026,3070,3150,2960,2960,1646710
29/05/2026,2960,2990,2880,2900,4016831
02/06/2026,2950,3060,2900,2960,2034278
03/06/2026,2960,2980,2530,2610,4389713
04/06/2026,2580,2780,2450,2760,3276935
05/06/2026,2850,2910,2710,2750,2632841
08/06/2026,2670,2780,2520,2530,2729429
09/06/2026,2570,2910,2530,2880,2915974
10/06/2026,2880,2960,2750,2750,3978430
11/06/2026,2750,2790,2640,2720,2774172
12/06/2026,2800,2910,2760,2850,1748085
15/06/2026,2950,3230,2950,3130,3786964
17/06/2026,3230,3270,3140,3160,1728762
18/06/2026,3170,3190,3080,3170,1131922
19/06/2026,3140,3140,3080,3080,1480075
22/06/2026,2890,3020,2880,2960,1588640
23/06/2026,2960,2960,2820,2870,1249248
24/06/2026,2880,2910,2740,2750,1302535
25/06/2026,2690,2790,2610,2740,1462771
26/06/2026,2750,2790,2650,2710,1143008
29/06/2026,2730,2810,2710,2720,726270
30/06/2026,2700,2700,2580,2590,1019960
01/07/2026,2600,2650,2550,2610,702033
02/07/2026,2640,2800,2640,2760,1078455
03/07/2026,2850,2950,2850,2930,1034736
06/07/2026,3000,3040,2930,2940,702237
07/07/2026,2940,2970,2920,2930,382692
08/07/2026,2920,2920,2770,2790,755007
09/07/2026,2790,2860,2740,2850,604373
10/07/2026,2870,2930,2860,2900,601963
13/07/2026,2900,2920,2830,2920,564792
14/07/2026,2880,2950,2850,2920,1013054
15/07/2026,2970,3090,2960,3040,1545833
16/07/2026,3070,3090,3040,3080,917391
17/07/2026,3000,3070,3000,3070,846732
20/07/2026,3050,3070,2990,3000,1090066
21/07/2026,3020,3100,3010,3060,1349482
22/07/2026,3110,3190,3090,3120,1645227
23/07/2026,3130,3160,3050,3080,1331973
24/07/2026,3030,3040,2960,2990,756869
27/07/2026,3020,3050,2940,2970,985983
28/07/2026,2950,2960,2870,2890,879447
29/07/2026,2890,2900,2800,2840,666948
30/07/2026,2860,2900,2820,2860,763649
31/07/2026,2880,2900,2860,2880,984593
03/08/2026,2920,2920,2860,2870,461581
04/08/2026,2880,2920,2880,2890,700236
05/08/2026,2930,3080,2920,3070,1875720
06/08/2026,3170,3180,3070,3080,1720995
07/08/2026,3090,3170,3080,3160,1085246
10/08/2026,3180,3220,3130,3140,1073938
11/08/2026,3190,3210,3060,3090,1104264
12/08/2026,3100,3120,3070,3090,574097
13/08/2026,3120,3120,2980,3000,860777
14/08/2026,3000,3090,2970,3070,832239
18/08/2026,3150,3160,3080,3100,902631
19/08/2026,3100,3110,3010,3030,930043
20/08/2026,3120,3170,3110,3140,1418846
21/08/2026,3160,3190,3120,3170,1140775
24/08/2026,3190,3250,3180,3190,1143512
26/08/2026,3200,3290,3140,3160,1254248
28/08/2026,3180,3180,3140,3160,625004
