Date,Open,High,Low,Close,Volume
17/10/2000,246,250,243,243,233900
18/10/2000,243,245,235,236,348400
19/10/2000,238,243,232,241,337950
20/10/2000,250,253,228,230,1638450
23/10/2000,230,235,225,228,654750
24/10/2000,228,228,225,228,450900
26/10/2000,225,225,223,225,362550
27/10/2000,225,225,225,225,0
30/10/2000,225,225,215,215,691050
31/10/2000,215,215,213,215,573150
01/11/2000,215,223,215,218,1458050
02/11/2000,218,218,213,215,513500
03/11/2000,218,218,213,213,704750
06/11/2000,215,220,215,220,538900
07/11/2000,220,223,218,218,311050
08/11/2000,218,225,218,220,1418300
09/11/2000,220,223,218,220,307350
10/11/2000,218,218,213,218,966400
13/11/2000,215,218,213,215,315400
14/11/2000,215,218,215,215,1101850
15/11/2000,215,220,210,210,1120450
16/11/2000,210,213,208,208,300400
17/11/2000,208,210,205,205,271900
20/11/2000,205,213,205,210,603000
21/11/2000,210,210,208,210,72900
22/11/2000,210,238,210,235,6621700
23/11/2000,238,240,225,225,3083500
24/11/2000,230,235,228,230,1485150
27/11/2000,230,233,228,230,305200
28/11/2000,230,230,225,228,299050
29/11/2000,228,228,225,228,178350
30/11/2000,225,228,223,228,705300
01/12/2000,225,225,220,220,313750
04/12/2000,223,228,220,223,279550
05/12/2000,223,223,220,223,90250
06/12/2000,228,230,223,225,562200
07/12/2000,223,225,223,225,137950
08/12/2000,223,223,220,220,89950
11/12/2000,223,223,213,215,584100
12/12/2000,215,215,205,208,1633300
13/12/2000,208,213,205,208,902200
14/12/2000,208,210,205,208,529300
15/12/2000,205,208,205,208,306700
18/12/2000,205,205,198,203,687800
19/12/2000,203,203,200,203,210800
20/12/2000,203,208,203,203,575700
21/12/2000,203,203,200,203,179700
22/12/2000,203,205,198,200,333200
02/01/2001,198,198,188,190,415350
03/01/2001,190,190,178,178,569250
04/01/2001,183,195,183,195,1588250
05/01/2001,198,198,190,193,1599100
08/01/2001,193,193,188,193,533850
09/01/2001,190,200,190,195,2051500
10/01/2001,195,198,193,195,754350
11/01/2001,193,193,188,190,873100
12/01/2001,190,190,188,188,145050
15/01/2001,190,195,190,195,469650
16/01/2001,195,208,195,208,3359250
17/01/2001,208,210,198,203,2511050
18/01/2001,203,208,203,208,1191200
19/01/2001,208,208,200,203,861400
22/01/2001,205,213,203,213,2184800
23/01/2001,210,213,205,210,1766700
24/01/2001,210,213,210,213,191700
25/01/2001,213,213,210,213,427150
26/01/2001,210,213,210,210,432550
29/01/2001,210,210,203,208,1237450
30/01/2001,208,208,205,205,193200
31/01/2001,208,215,208,213,2069800
01/02/2001,215,220,210,218,3317500
02/02/2001,218,250,218,245,7918700
05/02/2001,250,268,250,268,9866900
06/02/2001,263,263,255,258,2669100
07/02/2001,255,255,243,248,2496850
08/02/2001,250,250,238,240,1864350
09/02/2001,238,238,223,225,2529400
12/02/2001,223,223,215,218,1738650
13/02/2001,218,220,213,215,1513900
14/02/2001,215,215,208,210,952600
15/02/2001,213,233,213,228,4322250
16/02/2001,228,228,218,220,2755650
19/02/2001,215,225,215,220,1392650
20/02/2001,223,225,220,223,644750
21/02/2001,223,228,223,225,1822100
22/02/2001,223,225,218,220,1166450
23/02/2001,220,220,215,220,1090700
26/02/2001,218,218,210,213,1477150
27/02/2001,213,215,210,213,450650
28/02/2001,210,210,203,205,1209500
01/03/2001,205,205,198,200,1215050
02/03/2001,200,203,195,198,1281050
06/03/2001,198,198,195,198,370550
07/03/2001,198,200,195,198,1299350
08/03/2001,198,198,193,195,350150
09/03/2001,193,193,180,185,1854000
12/03/2001,178,178,158,163,6877450
13/03/2001,160,160,138,143,7883200
14/03/2001,143,143,143,143,0
15/03/2001,145,148,138,148,3615750
16/03/2001,150,150,140,143,1885100
19/03/2001,140,143,133,138,2499200
20/03/2001,138,138,130,135,2427600
21/03/2001,130,143,125,143,7340600
22/03/2001,140,140,133,135,2786300
23/03/2001,133,143,133,140,3131250
27/03/2001,140,145,135,138,1663550
28/03/2001,138,143,138,140,1434600
29/03/2001,138,145,138,145,1874650
30/03/2001,145,148,140,140,2591050
02/04/2001,140,140,135,135,1334600
03/04/2001,135,135,130,133,859900
04/04/2001,130,130,125,125,1610200
05/04/2001,125,133,123,125,1763500
06/04/2001,128,130,125,128,1174400
09/04/2001,128,128,125,125,464500
10/04/2001,128,135,128,133,2360500
11/04/2001,135,140,130,133,2273400
12/04/2001,133,135,130,130,726700
16/04/2001,130,130,128,128,206500
17/04/2001,128,128,125,125,356600
18/04/2001,125,128,125,128,382000
19/04/2001,130,130,123,125,1326800
20/04/2001,120,120,113,115,2003950
23/04/2001,113,118,110,115,1680700
24/04/2001,115,120,115,118,1317300
25/04/2001,118,128,118,128,2084150
26/04/2001,118,128,118,128,2084150
27/04/2001,120,133,120,130,4470300
30/04/2001,133,143,130,140,3628250
01/05/2001,143,148,138,138,7860500
02/05/2001,138,145,138,138,3902600
03/05/2001,138,153,138,153,6414700
04/05/2001,153,155,150,150,3472600
08/05/2001,150,153,150,153,1305050
09/05/2001,148,150,145,148,1810850
10/05/2001,148,150,140,140,2365000
11/05/2001,140,145,140,143,1376800
14/05/2001,143,143,140,140,470900
15/05/2001,140,145,140,143,616150
16/05/2001,145,153,143,150,1790350
17/05/2001,153,155,150,150,2043450
18/05/2001,150,150,148,150,659650
21/05/2001,145,150,145,148,1073400
22/05/2001,150,153,145,148,1404250
23/05/2001,145,148,145,145,272850
25/05/2001,145,155,145,153,3607550
28/05/2001,150,155,150,150,3957400
29/05/2001,153,175,153,175,10265000
30/05/2001,175,183,173,173,11174001
31/05/2001,178,183,170,173,7508350
01/06/2001,173,175,160,160,4349050
05/06/2001,158,160,150,158,4836400
06/06/2001,163,165,160,163,2386750
07/06/2001,163,165,160,160,792400
08/06/2001,163,165,160,163,555750
11/06/2001,163,170,163,165,2238100
12/06/2001,168,173,168,173,3543750
13/06/2001,175,175,170,170,2210450
14/06/2001,173,175,170,173,2006150
15/06/2001,170,173,170,173,644400
18/06/2001,170,175,170,173,595400
19/06/2001,173,178,173,173,1054000
20/06/2001,173,180,173,178,1468000
21/06/2001,180,183,178,183,4190050
22/06/2001,180,183,178,180,1179000
25/06/2001,180,180,175,178,1604700
26/06/2001,178,180,178,180,1598300
27/06/2001,180,188,180,183,4873600
28/06/2001,185,185,180,185,3119800
29/06/2001,185,198,185,198,10792200
02/07/2001,198,198,190,193,1844450
03/07/2001,193,193,188,188,883200
04/07/2001,190,190,185,188,721000
05/07/2001,188,190,188,190,552200
06/07/2001,190,190,188,190,409900
09/07/2001,188,195,188,195,1930150
10/07/2001,193,218,193,210,8923750
11/07/2001,210,215,208,208,5816750
12/07/2001,210,213,200,200,2337150
13/07/2001,203,210,203,203,4043500
16/07/2001,205,210,205,208,1449300
17/07/2001,205,208,205,208,1161750
18/07/2001,208,215,208,213,2361250
19/07/2001,215,235,215,235,8191450
20/07/2001,235,245,235,240,18928900
23/07/2001,260,280,250,270,19204700
24/07/2001,278,278,260,263,11152800
25/07/2001,260,263,248,250,15281201
26/07/2001,250,258,238,243,9055200
27/07/2001,243,245,235,240,5039100
30/07/2001,243,248,240,245,2697000
31/07/2001,248,248,235,238,3678650
01/08/2001,238,250,238,240,2538200
02/08/2001,240,243,230,230,1689450
03/08/2001,230,233,223,233,2586550
06/08/2001,233,235,230,230,789650
07/08/2001,230,240,230,240,1893850
08/08/2001,240,250,240,250,4055800
09/08/2001,255,260,235,238,12418900
10/08/2001,238,250,238,248,3504450
13/08/2001,250,258,250,255,4257000
14/08/2001,258,260,255,258,3395400
15/08/2001,258,260,248,248,2392800
16/08/2001,248,253,248,253,1074150
20/08/2001,253,258,253,253,1132700
21/08/2001,255,258,253,253,639250
22/08/2001,255,258,253,255,990050
23/08/2001,255,255,250,255,885850
24/08/2001,253,255,250,250,1634500
27/08/2001,253,253,245,248,1352700
28/08/2001,245,245,238,238,1188300
29/08/2001,238,238,233,233,855350
30/08/2001,233,235,228,233,1805000
31/08/2001,233,238,233,238,1315700
03/09/2001,238,238,233,235,1174450
04/09/2001,235,250,235,248,3159400
05/09/2001,248,253,245,250,4248200
06/09/2001,250,260,250,255,4116800
07/09/2001,258,258,250,250,2246050
10/09/2001,250,253,250,250,359500
11/09/2001,253,253,243,243,1601750
12/09/2001,233,240,228,238,2755750
13/09/2001,238,240,235,238,1133550
14/09/2001,238,238,230,230,1598900
17/09/2001,228,228,215,218,2992100
18/09/2001,218,225,218,220,1721250
19/09/2001,220,228,218,228,1446650
20/09/2001,225,228,223,228,1379700
21/09/2001,223,225,220,220,934050
24/09/2001,220,220,220,220,0
25/09/2001,218,223,213,213,1446350
26/09/2001,215,215,205,205,1511100
27/09/2001,205,205,198,200,1356200
28/09/2001,200,200,200,200,0
01/10/2001,195,198,185,188,1657600
02/10/2001,185,185,173,175,2443600
03/10/2001,175,175,155,165,5612650
04/10/2001,170,180,168,180,5887750
05/10/2001,180,180,173,178,2786250
08/10/2001,165,165,155,163,4591950
09/10/2001,163,170,160,165,3822150
10/10/2001,165,168,163,163,1750900
11/10/2001,168,173,168,168,2651900
12/10/2001,170,178,168,175,3697750
16/10/2001,175,175,168,170,3386000
17/10/2001,170,173,168,173,770950
18/10/2001,173,175,170,173,1439700
19/10/2001,173,185,173,183,4858500
22/10/2001,180,193,178,190,4429350
23/10/2001,195,198,193,193,2523750
24/10/2001,193,195,183,183,1972700
25/10/2001,180,188,180,185,992250
26/10/2001,185,188,180,180,1146150
29/10/2001,180,183,178,180,611550
30/10/2001,178,178,170,175,2465350
31/10/2001,173,183,170,178,2573150
01/11/2001,178,180,173,173,751750
02/11/2001,175,178,170,173,825450
05/11/2001,170,170,165,165,1274500
06/11/2001,165,173,165,170,969500
07/11/2001,173,175,170,173,1303200
08/11/2001,175,180,175,175,2064450
09/11/2001,175,175,175,175,0
12/11/2001,175,175,170,175,1035750
13/11/2001,170,178,170,178,1092100
14/11/2001,178,185,178,183,3770600
15/11/2001,183,185,178,183,1367650
16/11/2001,183,188,183,185,1434450
19/11/2001,185,193,183,193,1855850
20/11/2001,193,195,188,188,2481550
21/11/2001,190,198,190,195,2827100
22/11/2001,193,193,188,188,1083000
23/11/2001,190,195,190,195,1179400
26/11/2001,195,200,193,193,984800
27/11/2001,195,200,195,198,1253550
28/11/2001,195,203,195,203,3281250
29/11/2001,203,205,203,205,1232200
30/11/2001,205,205,200,203,1215800
03/12/2001,203,210,203,210,2050450
04/12/2001,208,208,203,208,1074300
05/12/2001,205,208,205,205,311500
06/12/2001,208,208,203,203,997700
07/12/2001,205,205,198,198,956550
10/12/2001,198,203,190,193,1652650
11/12/2001,195,195,188,190,2084950
12/12/2001,190,190,180,185,1840750
13/12/2001,185,188,183,185,628800
19/12/2001,185,190,183,185,681150
20/12/2001,185,188,185,188,258800
21/12/2001,185,190,185,190,694200
26/12/2001,190,190,188,190,129300
27/12/2001,190,193,188,188,214550
28/12/2001,190,195,188,195,1159250
02/01/2002,190,190,188,188,226400
03/01/2002,188,188,188,188,0
04/01/2002,188,198,188,198,4649050
07/01/2002,198,210,198,210,6540750
08/01/2002,208,210,203,205,3380950
09/01/2002,203,213,203,213,2952400
10/01/2002,210,215,208,215,1811300
11/01/2002,215,225,213,218,6489450
14/01/2002,218,223,215,218,2760550
15/01/2002,218,225,218,223,2843250
16/01/2002,223,235,223,225,6921100
17/01/2002,220,220,215,220,1987600
18/01/2002,220,225,220,223,1148150
21/01/2002,223,225,220,223,759400
22/01/2002,223,223,220,223,692450
23/01/2002,223,230,223,230,1011400
24/01/2002,230,245,230,243,6018800
25/01/2002,245,248,243,243,2255150
28/01/2002,245,245,238,240,2257650
29/01/2002,240,258,240,255,3143700
30/01/2002,255,260,253,253,748250
31/01/2002,253,253,253,253,0
01/02/2002,265,268,260,260,1153300
04/02/2002,258,260,258,260,695150
05/02/2002,260,268,258,268,1003900
06/02/2002,268,268,258,258,1069400
07/02/2002,258,260,245,248,1273650
08/02/2002,245,255,235,253,4677550
11/02/2002,255,258,250,258,1016900
13/02/2002,258,260,258,258,560750
14/02/2002,260,260,258,260,357600
15/02/2002,260,273,260,273,3280100
18/02/2002,273,303,273,298,6438850
19/02/2002,298,308,293,298,4888500
20/02/2002,295,300,290,293,2104150
21/02/2002,293,298,293,295,775450
25/02/2002,295,295,283,288,1671950
26/02/2002,290,290,285,285,286900
27/02/2002,285,293,285,288,1023050
28/02/2002,288,290,273,273,3553450
01/03/2002,273,273,258,260,3097900
04/03/2002,263,265,260,265,1413850
05/03/2002,265,273,265,268,2488850
06/03/2002,270,275,268,273,3127300
07/03/2002,273,285,273,283,3654600
08/03/2002,283,283,275,275,1279650
11/03/2002,275,280,275,278,639800
12/03/2002,275,275,268,275,1526500
13/03/2002,273,280,268,280,1543650
14/03/2002,280,280,273,273,1045150
18/03/2002,273,280,273,275,705800
19/03/2002,278,278,273,273,442800
20/03/2002,275,278,275,275,791800
21/03/2002,278,280,275,275,3200800
22/03/2002,275,275,255,255,5528700
25/03/2002,250,263,250,258,1371250
26/03/2002,263,263,260,263,858500
27/03/2002,263,265,258,260,549350
28/03/2002,260,263,255,255,1023600
01/04/2002,258,270,258,270,1835700
02/04/2002,270,275,270,273,2954150
03/04/2002,275,275,270,273,436950
04/04/2002,275,278,273,275,1323250
05/04/2002,278,303,278,298,6487100
08/04/2002,300,315,295,308,5084500
09/04/2002,308,325,308,320,3498500
10/04/2002,320,350,320,350,4852050
11/04/2002,350,358,320,325,5669200
12/04/2002,325,340,318,340,2565050
15/04/2002,345,363,345,358,2459800
16/04/2002,360,395,360,385,6207750
17/04/2002,385,423,385,415,6064300
18/04/2002,413,425,383,388,3798550
19/04/2002,385,393,373,390,2009000
22/04/2002,393,405,385,385,1309200
23/04/2002,385,393,385,385,590750
24/04/2002,385,395,380,390,930550
25/04/2002,390,393,383,388,354850
26/04/2002,385,385,375,383,645250
29/04/2002,383,383,368,368,762800
30/04/2002,370,395,370,390,1822550
01/05/2002,390,390,383,385,782850
02/05/2002,383,388,373,380,1178900
03/05/2002,380,395,380,393,1946150
06/05/2002,393,393,385,388,573750
07/05/2002,388,390,383,390,338800
08/05/2002,393,405,393,400,1847950
10/05/2002,400,420,400,420,2213300
13/05/2002,420,428,413,420,1960400
14/05/2002,420,423,418,423,1329150
15/05/2002,423,423,415,415,525350
16/05/2002,415,418,410,418,770100
17/05/2002,418,425,418,425,944600
20/05/2002,428,428,418,420,1020450
21/05/2002,420,423,418,420,495100
22/05/2002,420,420,400,400,826750
23/05/2002,395,395,375,380,1777850
24/05/2002,380,388,380,385,453900
27/05/2002,385,393,385,390,218700
28/05/2002,393,400,393,400,921650
29/05/2002,400,428,400,428,2005200
30/05/2002,428,440,428,440,2595250
31/05/2002,440,443,433,443,1902800
03/06/2002,445,445,430,433,443600
04/06/2002,433,440,433,440,960650
05/06/2002,438,438,428,433,451650
06/06/2002,433,433,415,415,543500
07/06/2002,415,418,413,418,447850
10/06/2002,418,423,415,420,383100
11/06/2002,423,435,423,435,1870500
12/06/2002,435,453,435,453,2474750
13/06/2002,453,478,453,473,3593300
14/06/2002,473,503,470,500,1876100
17/06/2002,500,500,480,490,857800
18/06/2002,490,490,470,473,515400
19/06/2002,470,470,453,460,374400
20/06/2002,458,463,455,458,451750
21/06/2002,458,458,450,453,287250
24/06/2002,453,460,445,460,430750
25/06/2002,460,460,443,450,723100
26/06/2002,448,453,418,423,935750
27/06/2002,425,435,423,428,1269800
28/06/2002,433,433,423,425,437250
01/07/2002,425,428,390,398,1041300
02/07/2002,390,423,380,418,1536550
03/07/2002,418,425,405,425,475750
04/07/2002,425,438,420,425,748100
05/07/2002,428,430,415,418,329750
08/07/2002,423,425,403,403,540300
09/07/2002,403,410,383,385,636450
10/07/2002,385,390,380,385,304500
11/07/2002,380,385,373,373,451800
12/07/2002,378,405,378,405,1128050
15/07/2002,405,408,393,408,568950
16/07/2002,408,418,408,415,339250
17/07/2002,408,440,403,438,804000
18/07/2002,440,450,440,445,558450
19/07/2002,445,448,430,438,248600
22/07/2002,428,428,410,418,548850
23/07/2002,408,418,403,418,441550
24/07/2002,415,415,395,395,464950
25/07/2002,405,413,398,398,635900
26/07/2002,390,400,380,383,281250
29/07/2002,383,388,365,385,1127500
30/07/2002,393,395,378,378,1068000
31/07/2002,383,383,365,373,1238200
01/08/2002,370,373,330,333,3368400
02/08/2002,323,340,315,335,4392600
05/08/2002,333,335,318,320,918550
06/08/2002,313,315,298,303,2195650
07/08/2002,310,328,310,325,1895000
08/08/2002,328,330,318,325,1149650
09/08/2002,325,330,325,325,581450
12/08/2002,328,335,323,333,282850
13/08/2002,335,335,330,330,360450
14/08/2002,330,330,315,320,585450
15/08/2002,323,323,310,313,648700
16/08/2002,313,320,310,315,1462000
19/08/2002,315,333,315,333,703100
20/08/2002,335,358,335,358,2155450
21/08/2002,358,368,353,365,1719350
22/08/2002,365,368,350,353,787550
23/08/2002,353,353,353,353,0
26/08/2002,348,353,345,348,212200
27/08/2002,348,348,338,338,127550
28/08/2002,335,335,313,318,920400
29/08/2002,313,320,305,308,1509250
30/08/2002,308,320,308,320,780500
02/09/2002,320,325,318,320,354850
03/09/2002,320,323,318,320,837750
04/09/2002,315,318,303,313,945550
05/09/2002,315,330,315,320,1578950
06/09/2002,315,325,315,320,500200
09/09/2002,323,328,323,325,350600
10/09/2002,325,328,318,325,704050
11/09/2002,323,323,320,320,282400
12/09/2002,323,323,310,315,737750
13/09/2002,310,313,308,308,335000
16/09/2002,308,308,303,305,207050
17/09/2002,310,318,310,315,664600
18/09/2002,310,310,305,305,545450
19/09/2002,300,300,258,258,4253150
20/09/2002,250,253,235,243,2943000
23/09/2002,240,255,240,250,1674750
24/09/2002,245,253,243,250,1054050
25/09/2002,248,263,245,263,1175750
26/09/2002,265,275,265,270,1611350
27/09/2002,275,275,270,275,1658800
30/09/2002,268,270,263,268,817450
01/10/2002,263,265,260,265,219950
02/10/2002,268,268,260,260,760350
03/10/2002,258,263,258,263,249150
07/10/2002,258,258,243,243,1007950
08/10/2002,240,240,225,228,2571250
09/10/2002,225,225,205,210,2701450
10/10/2002,208,213,205,213,2491750
11/10/2002,218,220,210,210,1162450
14/10/2002,200,200,180,180,3333150
15/10/2002,180,180,143,170,18407200
16/10/2002,173,180,168,170,8549300
17/10/2002,170,175,165,173,3227300
18/10/2002,175,188,175,183,4272900
21/10/2002,183,200,183,195,3232200
22/10/2002,200,203,190,190,3014250
23/10/2002,190,198,188,193,1888400
24/10/2002,195,195,190,190,256850
25/10/2002,193,195,190,190,802350
28/10/2002,193,203,193,200,1106950
29/10/2002,200,215,200,213,2932750
30/10/2002,210,210,203,208,1753450
31/10/2002,208,213,208,208,2574400
01/11/2002,210,215,205,208,2714800
04/11/2002,208,210,205,210,2300600
05/11/2002,213,213,205,205,2171550
06/11/2002,208,208,190,193,2468950
07/11/2002,190,195,185,190,1541100
08/11/2002,185,188,180,183,1642750
11/11/2002,180,183,178,183,885050
12/11/2002,180,193,180,193,1200450
13/11/2002,195,195,188,188,1062700
14/11/2002,190,193,190,190,888550
15/11/2002,195,198,193,193,1773450
18/11/2002,180,180,168,173,3524800
19/11/2002,173,185,165,183,3281750
20/11/2002,185,203,185,198,4018400
21/11/2002,200,205,198,203,2204650
22/11/2002,208,245,205,245,6504950
25/11/2002,245,283,245,258,6009650
26/11/2002,250,250,223,240,3218250
27/11/2002,230,258,228,245,1936450
28/11/2002,253,253,248,250,1077500
29/11/2002,253,253,248,250,296600
02/12/2002,250,250,250,250,0
03/12/2002,253,280,253,275,1398300
04/12/2002,275,275,268,268,294600
11/12/2002,268,280,260,263,942400
12/12/2002,263,285,253,260,2307650
13/12/2002,260,260,250,253,736750
16/12/2002,258,260,238,240,863850
17/12/2002,243,263,235,263,1470800
18/12/2002,250,290,250,280,3846550
19/12/2002,280,330,280,325,2712800
20/12/2002,328,345,315,333,2664450
23/12/2002,333,355,333,348,1358450
27/12/2002,348,348,315,315,687550
02/01/2003,315,315,293,293,662300
03/01/2003,300,320,300,315,862150
06/01/2003,315,320,305,313,965950
07/01/2003,313,318,300,300,951550
08/01/2003,303,303,258,260,1676750
09/01/2003,258,298,255,285,2000350
10/01/2003,223,248,223,230,1674050
13/01/2003,230,235,215,220,1027300
14/01/2003,223,238,218,233,2094900
15/01/2003,240,245,233,238,1604100
16/01/2003,238,245,233,240,807400
17/01/2003,245,250,243,243,1033150
20/01/2003,243,243,238,243,389650
21/01/2003,243,243,235,235,329100
22/01/2003,235,248,235,243,1798500
23/01/2003,243,245,240,245,691900
24/01/2003,245,245,233,235,972100
27/01/2003,230,230,213,220,933750
28/01/2003,215,215,198,215,4257000
29/01/2003,218,223,210,210,1765400
30/01/2003,213,220,205,208,1373450
31/01/2003,208,213,203,210,715700
03/02/2003,213,225,210,225,1639900
04/02/2003,228,240,228,238,1537400
05/02/2003,240,243,238,240,1041250
06/02/2003,240,245,240,243,1585450
07/02/2003,245,245,240,245,437100
10/02/2003,243,245,235,238,441850
11/02/2003,238,238,230,235,453300
13/02/2003,238,243,238,240,1389500
14/02/2003,240,240,235,240,384900
17/02/2003,243,248,240,243,1372050
18/02/2003,243,245,240,245,348150
19/02/2003,245,245,240,240,729700
20/02/2003,240,240,230,233,722450
21/02/2003,233,238,233,238,626700
24/02/2003,238,240,235,240,366750
25/02/2003,238,238,233,235,644600
26/02/2003,238,238,225,225,1010250
27/02/2003,228,233,228,230,629100
28/02/2003,238,238,230,235,614500
04/03/2003,235,235,230,235,390600
05/03/2003,233,233,230,230,284050
06/03/2003,230,233,230,233,345500
07/03/2003,230,233,230,233,691900
10/03/2003,230,230,228,228,1494350
11/03/2003,228,230,220,228,1536200
12/03/2003,228,233,228,230,239750
13/03/2003,233,233,230,233,228800
14/03/2003,235,238,233,233,376400
17/03/2003,230,233,230,233,306050
18/03/2003,235,235,230,233,650650
19/03/2003,233,233,230,230,120800
20/03/2003,233,243,230,240,1472250
21/03/2003,240,248,240,245,1930700
24/03/2003,245,248,240,243,1522350
25/03/2003,240,248,240,248,1895350
26/03/2003,248,253,248,248,1982800
27/03/2003,250,258,250,258,2687150
28/03/2003,255,260,255,260,1093250
31/03/2003,258,258,248,250,1252000
01/04/2003,245,255,245,255,460250
02/04/2003,255,255,255,255,0
03/04/2003,258,260,258,260,644200
04/04/2003,258,273,258,273,1336000
07/04/2003,275,303,275,300,2281050
08/04/2003,298,305,290,295,1490050
09/04/2003,290,313,290,300,2851150
10/04/2003,298,305,298,305,1204300
11/04/2003,305,310,303,305,1336950
14/04/2003,303,305,295,300,498050
15/04/2003,303,305,295,303,1047500
16/04/2003,305,318,305,315,3564500
17/04/2003,313,313,305,313,1169300
21/04/2003,310,310,308,310,440300
22/04/2003,310,310,298,305,969050
23/04/2003,308,308,300,305,1239750
24/04/2003,308,313,305,310,1060000
25/04/2003,305,305,290,293,2487550
28/04/2003,288,293,273,288,2749850
29/04/2003,293,305,293,305,1432450
30/04/2003,305,310,300,303,2158350
01/05/2003,303,310,303,305,1135900
02/05/2003,305,305,303,303,209550
05/05/2003,308,313,305,313,1761100
06/05/2003,315,330,315,328,3282100
07/05/2003,328,350,328,348,3242150
08/05/2003,348,355,343,345,2071100
09/05/2003,345,348,340,340,1716000
12/05/2003,350,350,340,343,685050
13/05/2003,345,348,340,340,1093500
14/05/2003,335,335,323,325,2195400
19/05/2003,323,323,305,305,2486350
20/05/2003,305,323,303,320,2751000
21/05/2003,320,328,318,318,2044100
22/05/2003,320,325,318,325,662650
23/05/2003,325,338,325,335,1644900
26/05/2003,340,360,340,355,2971100
27/05/2003,355,360,353,360,1449000
28/05/2003,360,365,358,363,2151350
29/05/2003,363,370,360,360,1228050
02/06/2003,363,365,358,363,896400
03/06/2003,363,365,355,355,993300
04/06/2003,355,360,350,358,654400
05/06/2003,360,368,358,360,1422050
06/06/2003,360,368,358,365,773500
09/06/2003,368,375,365,375,1184350
10/06/2003,375,375,368,373,506900
11/06/2003,373,378,358,363,1649800
12/06/2003,360,360,353,358,1036450
13/06/2003,360,365,358,363,796200
16/06/2003,363,368,363,368,476900
17/06/2003,368,373,353,353,1103200
18/06/2003,355,355,348,353,1055000
19/06/2003,353,365,353,365,1127200
20/06/2003,363,370,363,370,1133100
23/06/2003,370,370,363,365,661900
24/06/2003,360,363,353,355,948250
25/06/2003,355,358,348,350,679150
26/06/2003,353,358,350,355,1066650
27/06/2003,355,365,355,365,1118900
30/06/2003,363,365,358,358,538500
01/07/2003,360,363,358,360,303150
02/07/2003,360,365,360,365,521600
03/07/2003,368,370,355,358,1099100
04/07/2003,358,358,355,358,190600
07/07/2003,358,365,358,365,646500
08/07/2003,365,380,365,380,2073850
09/07/2003,380,383,378,383,629600
10/07/2003,383,385,380,385,636900
11/07/2003,380,410,378,410,1905750
14/07/2003,410,428,400,425,1437250
15/07/2003,425,435,425,425,1385000
16/07/2003,423,423,395,398,1442300
17/07/2003,390,398,385,388,1302150
18/07/2003,385,390,385,390,332950
21/07/2003,395,395,390,393,796600
22/07/2003,393,400,388,390,1236450
23/07/2003,388,390,383,385,729450
24/07/2003,380,380,368,375,2024350
25/07/2003,375,378,375,375,774350
28/07/2003,380,383,373,375,562150
29/07/2003,375,378,373,375,389850
30/07/2003,373,383,370,383,568000
31/07/2003,383,383,378,380,327750
01/08/2003,383,383,373,375,276950
04/08/2003,373,373,370,373,455200
05/08/2003,370,373,345,348,2225800
06/08/2003,348,368,348,365,2810100
07/08/2003,373,388,373,388,1520800
08/08/2003,390,390,380,383,410550
11/08/2003,383,383,380,383,231650
12/08/2003,383,383,380,383,147800
13/08/2003,383,385,380,383,333250
14/08/2003,380,380,368,370,882650
15/08/2003,370,378,368,375,1628750
19/08/2003,378,388,373,375,2310950
20/08/2003,375,380,373,380,863350
21/08/2003,380,383,378,380,1466800
22/08/2003,380,380,378,380,1151750
25/08/2003,380,380,378,380,288300
26/08/2003,375,380,375,380,494900
27/08/2003,380,385,375,380,1497000
28/08/2003,378,383,378,380,422300
29/08/2003,380,380,378,380,1315950
01/09/2003,380,383,378,380,1436300
02/09/2003,380,385,378,385,1891900
03/09/2003,393,410,388,408,5536200
04/09/2003,413,428,413,423,3480050
05/09/2003,430,445,425,440,4664950
08/09/2003,435,458,428,455,1000150
09/09/2003,453,458,445,445,762850
10/09/2003,433,443,425,425,935650
11/09/2003,425,425,410,415,895900
12/09/2003,415,435,415,430,1329250
15/09/2003,430,430,413,413,891850
16/09/2003,418,423,415,423,771850
17/09/2003,428,435,428,428,1247450
18/09/2003,428,433,428,430,719350
19/09/2003,430,430,428,430,147450
23/09/2003,423,433,420,433,736250
24/09/2003,433,440,430,438,1669500
25/09/2003,438,453,435,450,3535600
26/09/2003,453,455,448,455,3835850
29/09/2003,455,460,450,453,895250
30/09/2003,455,458,450,453,1261600
01/10/2003,453,455,450,453,903300
02/10/2003,458,470,458,468,2623550
03/10/2003,468,480,468,475,1533250
06/10/2003,478,483,468,473,1025100
07/10/2003,473,473,458,465,1273750
08/10/2003,465,475,465,468,728150
09/10/2003,470,483,470,480,1317300
10/10/2003,485,488,475,483,1087400
13/10/2003,485,493,483,488,912150
14/10/2003,490,495,478,478,969850
15/10/2003,480,485,478,478,504000
16/10/2003,480,480,468,470,993750
17/10/2003,478,480,475,478,542750
20/10/2003,480,480,478,478,447350
21/10/2003,480,490,478,478,695550
22/10/2003,478,485,478,480,633000
23/10/2003,478,480,470,473,911800
24/10/2003,475,475,465,468,428300
27/10/2003,463,463,445,448,875550
28/10/2003,450,453,440,440,783350
29/10/2003,450,450,433,438,841950
30/10/2003,440,443,435,438,491600
31/10/2003,440,443,435,435,758800
03/11/2003,438,438,423,428,657150
04/11/2003,433,450,433,450,1888400
05/11/2003,455,475,455,463,2460500
06/11/2003,465,470,458,463,1619150
07/11/2003,463,463,458,460,274600
10/11/2003,460,460,448,448,472650
11/11/2003,445,458,445,455,909550
12/11/2003,455,455,448,450,2532450
13/11/2003,453,453,445,448,1293000
14/11/2003,445,448,445,448,695450
17/11/2003,443,443,438,438,894450
18/11/2003,438,443,438,440,395450
19/11/2003,440,445,435,445,312500
20/11/2003,445,448,445,448,150350
21/11/2003,445,450,440,448,1196050
01/12/2003,450,458,448,453,1494250
02/12/2003,453,455,448,453,778700
03/12/2003,453,460,453,455,1145850
04/12/2003,455,460,453,460,683800
05/12/2003,458,460,453,455,229000
08/12/2003,455,463,455,463,639750
09/12/2003,463,463,455,458,749400
10/12/2003,455,455,448,453,793200
11/12/2003,453,455,453,455,457500
12/12/2003,458,458,450,453,678750
15/12/2003,455,458,453,458,581700
16/12/2003,455,455,450,455,473550
17/12/2003,455,455,453,455,116050
18/12/2003,455,463,455,463,822450
19/12/2003,463,475,463,475,1345200
22/12/2003,475,483,475,483,713450
23/12/2003,483,490,483,488,793950
29/12/2003,490,505,490,503,1172900
30/12/2003,510,515,485,500,1054750
02/01/2004,495,515,490,510,453150
05/01/2004,515,545,515,540,1516250
06/01/2004,540,565,540,540,826250
07/01/2004,525,535,515,535,1339750
08/01/2004,535,580,535,580,3162550
09/01/2004,585,600,565,565,1000700
12/01/2004,560,570,545,550,1100150
13/01/2004,545,565,545,550,680950
14/01/2004,550,565,550,560,780600
15/01/2004,570,585,570,575,1213400
16/01/2004,575,590,565,570,1046700
19/01/2004,580,585,550,555,1025500
20/01/2004,560,560,555,560,517650
21/01/2004,550,565,550,555,587400
23/01/2004,555,560,555,560,365800
26/01/2004,560,560,535,545,1108550
27/01/2004,545,550,535,545,1034850
28/01/2004,545,550,530,535,470850
29/01/2004,535,535,505,515,906500
30/01/2004,515,520,505,520,544250
03/02/2004,510,510,485,500,1267800
04/02/2004,500,510,490,495,1215700
05/02/2004,493,515,493,515,1043150
06/02/2004,520,545,520,535,1817650
09/02/2004,540,555,535,550,1602700
10/02/2004,550,550,535,545,446150
11/02/2004,545,555,545,545,794750
12/02/2004,550,555,520,530,1715500
13/02/2004,530,540,530,535,405400
16/02/2004,535,550,530,540,559000
17/02/2004,545,565,540,545,1896700
18/02/2004,555,555,540,555,1950800
19/02/2004,555,555,540,555,1328500
20/02/2004,560,565,550,555,1309700
24/02/2004,560,560,545,545,1140800
25/02/2004,545,550,540,540,473100
26/02/2004,540,555,540,555,668000
27/02/2004,555,560,535,540,805400
01/03/2004,545,545,525,535,986550
02/03/2004,540,570,540,570,2337650
03/03/2004,570,570,565,570,309050
04/03/2004,570,575,560,560,323200
05/03/2004,565,570,565,570,1074900
08/03/2004,570,570,560,560,502400
09/03/2004,555,565,550,560,889500
10/03/2004,560,560,530,530,1038000
11/03/2004,530,535,515,525,705950
12/03/2004,510,535,505,535,739850
15/03/2004,540,540,530,530,325700
16/03/2004,525,525,515,520,571100
17/03/2004,530,530,525,525,569650
18/03/2004,535,535,525,530,293850
19/03/2004,535,540,530,540,216750
23/03/2004,535,535,525,530,434050
24/03/2004,530,535,530,530,494050
25/03/2004,530,530,525,525,365400
26/03/2004,525,525,505,515,1059550
29/03/2004,520,520,510,515,326050
30/03/2004,520,535,515,535,1388750
31/03/2004,540,545,525,535,1742050
01/04/2004,535,535,530,535,1038150
02/04/2004,540,560,540,560,1321750
06/04/2004,565,590,560,575,2960150
07/04/2004,580,580,555,555,1620800
08/04/2004,560,570,555,560,1102650
12/04/2004,560,560,545,550,204350
13/04/2004,555,560,545,550,555000
14/04/2004,550,555,545,550,306150
15/04/2004,550,565,545,560,958750
16/04/2004,560,560,530,530,1289200
19/04/2004,535,540,530,535,1313650
20/04/2004,540,585,540,580,3051850
21/04/2004,580,620,570,595,3731350
22/04/2004,595,605,585,605,764600
23/04/2004,610,620,605,610,782350
26/04/2004,610,610,600,605,471450
27/04/2004,605,605,600,605,226550
28/04/2004,600,610,595,610,270850
29/04/2004,600,600,575,580,1365250
30/04/2004,570,570,555,570,1080100
04/05/2004,575,605,575,600,1832250
05/05/2004,600,605,560,565,2074200
06/05/2004,565,565,540,550,2050900
07/05/2004,550,565,535,555,699150
10/05/2004,540,545,525,540,1617850
11/05/2004,540,565,540,560,965450
12/05/2004,570,585,565,585,1144600
13/05/2004,585,585,565,575,369000
14/05/2004,575,580,560,575,1772600
17/05/2004,560,560,505,510,1321100
18/05/2004,520,555,520,540,1665950
19/05/2004,550,575,550,570,914200
21/05/2004,575,585,575,580,1241700
24/05/2004,580,585,575,580,314800
25/05/2004,570,585,570,580,738550
26/05/2004,585,585,565,565,793200
27/05/2004,565,580,565,575,616600
28/05/2004,580,580,575,575,264450
31/05/2004,575,580,570,580,290750
01/06/2004,575,575,570,575,242350
02/06/2004,570,570,555,560,727700
04/06/2004,550,550,525,545,4024650
07/06/2004,555,565,550,560,1336550
08/06/2004,565,570,560,560,296900
09/06/2004,565,565,555,555,885000
10/06/2004,555,555,545,545,393700
11/06/2004,545,545,540,545,244900
14/06/2004,545,545,540,545,206100
15/06/2004,545,550,540,545,182900
16/06/2004,555,555,545,550,218100
17/06/2004,555,555,545,550,326900
18/06/2004,540,550,540,550,138500
21/06/2004,550,555,545,550,64600
22/06/2004,545,550,545,545,349400
23/06/2004,545,550,535,550,986500
24/06/2004,555,555,550,555,466150
25/06/2004,555,570,550,565,835050
28/06/2004,570,570,560,560,531550
29/06/2004,550,560,550,560,464750
30/06/2004,565,570,545,550,583300
01/07/2004,555,560,555,560,155100
02/07/2004,560,580,560,575,879450
06/07/2004,585,595,585,585,2092350
07/07/2004,580,595,575,585,1744050
08/07/2004,585,590,565,565,544300
09/07/2004,565,570,560,570,370550
12/07/2004,575,575,560,565,457600
13/07/2004,565,570,560,565,400350
14/07/2004,565,565,550,560,757750
15/07/2004,560,560,545,555,615850
16/07/2004,555,565,555,565,995400
19/07/2004,565,570,560,565,396400
20/07/2004,560,565,555,560,666400
21/07/2004,565,570,560,565,530350
22/07/2004,565,585,565,580,1309200
23/07/2004,580,590,580,585,1172650
26/07/2004,585,585,560,575,860000
27/07/2004,570,575,570,570,263900
28/07/2004,575,575,560,565,478950
29/07/2004,565,565,555,555,1382700
30/07/2004,555,560,550,555,1139400
02/08/2004,555,560,550,555,289450
03/08/2004,555,565,555,565,1759000
04/08/2004,565,570,560,565,629600
05/08/2004,565,570,565,570,483200
06/08/2004,565,565,560,565,623100
09/08/2004,555,565,555,560,342200
10/08/2004,560,565,560,565,209000
11/08/2004,565,585,565,580,1983550
12/08/2004,580,580,570,575,451000
13/08/2004,570,580,570,580,628500
16/08/2004,575,585,575,580,562750
18/08/2004,580,590,580,585,864100
19/08/2004,585,585,580,580,175650
20/08/2004,575,580,570,575,401500
23/08/2004,580,590,580,585,915550
24/08/2004,580,600,580,590,1229800
25/08/2004,590,595,575,580,458800
26/08/2004,580,615,580,610,1709050
27/08/2004,610,640,610,640,1404550
30/08/2004,640,645,625,635,447600
31/08/2004,630,640,625,635,420200
01/09/2004,645,695,645,680,1326400
02/09/2004,685,685,650,665,674300
03/09/2004,660,670,655,660,731600
06/09/2004,655,660,655,660,185550
07/09/2004,660,665,655,660,605050
08/09/2004,660,670,655,655,867850
09/09/2004,660,660,620,655,3031850
10/09/2004,660,680,655,675,1392100
14/09/2004,675,690,670,675,1628100
15/09/2004,675,685,675,685,1235400
16/09/2004,685,685,675,680,486700
17/09/2004,680,695,675,695,1168050
21/09/2004,700,710,685,690,2227650
22/09/2004,690,690,680,685,611050
23/09/2004,680,680,665,670,886950
27/09/2004,670,675,670,675,425800
28/09/2004,670,675,660,665,366700
29/09/2004,665,675,665,675,97750
30/09/2004,675,685,675,685,1146850
01/10/2004,685,700,685,700,821200
04/10/2004,700,755,700,745,2617700
05/10/2004,745,765,745,765,1918850
06/10/2004,765,765,750,760,1025350
07/10/2004,755,755,750,755,1006400
08/10/2004,750,765,745,765,2414850
11/10/2004,770,780,760,775,893700
12/10/2004,775,800,775,790,1915350
13/10/2004,790,795,775,795,1794100
14/10/2004,795,795,785,795,646150
15/10/2004,790,795,785,795,447550
18/10/2004,790,795,785,795,596400
19/10/2004,795,800,785,790,1223950
20/10/2004,790,795,780,790,3797850
21/10/2004,790,790,780,785,427750
22/10/2004,785,795,775,795,923900
25/10/2004,790,795,780,795,374850
26/10/2004,790,795,775,785,821450
27/10/2004,785,785,765,770,653400
28/10/2004,775,790,770,790,1022950
29/10/2004,785,790,785,785,416750
01/11/2004,785,790,785,790,486250
02/11/2004,785,800,785,795,1454150
03/11/2004,795,810,795,805,1093050
04/11/2004,805,805,785,785,476750
05/11/2004,795,820,795,815,1206300
08/11/2004,820,830,815,825,478050
09/11/2004,830,875,825,860,1441650
10/11/2004,860,860,850,850,858550
11/11/2004,850,855,840,845,404250
12/11/2004,845,865,845,855,1298500
22/11/2004,855,855,830,845,1717500
23/11/2004,845,860,845,860,1355900
24/11/2004,860,880,855,880,2179150
25/11/2004,875,875,855,860,1520500
26/11/2004,860,865,855,860,424050
29/11/2004,860,875,860,875,730300
30/11/2004,870,900,870,900,1739300
02/12/2004,905,945,905,940,1000750
03/12/2004,950,965,930,930,785150
06/12/2004,930,940,930,935,333500
07/12/2004,935,970,930,960,919500
08/12/2004,960,995,955,985,1198850
09/12/2004,970,970,950,970,1018200
10/12/2004,965,965,935,945,999100
13/12/2004,945,945,920,925,1208750
14/12/2004,925,925,890,900,995350
15/12/2004,900,945,900,940,802700
16/12/2004,940,960,940,955,569200
17/12/2004,955,965,955,965,394300
20/12/2004,960,965,950,950,436700
21/12/2004,955,960,955,955,268400
22/12/2004,960,970,960,970,200400
23/12/2004,970,975,965,970,150350
27/12/2004,975,975,970,970,174550
28/12/2004,960,965,960,960,321950
29/12/2004,965,975,965,975,300900
30/12/2004,975,975,960,960,424200
03/01/2005,970,970,960,960,106800
04/01/2005,975,980,970,975,545400
05/01/2005,975,990,970,970,919000
06/01/2005,965,975,965,970,879000
07/01/2005,975,985,970,980,709650
10/01/2005,970,985,970,975,315700
11/01/2005,970,970,955,955,706100
12/01/2005,955,965,955,955,152100
13/01/2005,970,1000,970,995,1135900
14/01/2005,995,1010,990,1000,406100
17/01/2005,1005,1060,1005,1040,710950
18/01/2005,1030,1035,1010,1030,244750
19/01/2005,1035,1040,1025,1035,229050
20/01/2005,1040,1055,1040,1045,199550
24/01/2005,1040,1040,1000,1015,566200
25/01/2005,1010,1010,1000,1000,568100
26/01/2005,1000,1020,1000,1010,493650
27/01/2005,1010,1020,1000,1000,525400
28/01/2005,1010,1015,1000,1000,361650
31/01/2005,1000,1005,990,1005,294900
01/02/2005,1005,1010,1000,1005,297850
02/02/2005,1010,1050,1010,1050,719700
03/02/2005,1055,1065,1015,1015,473200
04/02/2005,1015,1055,1015,1050,219650
07/02/2005,1050,1050,1020,1030,152650
08/02/2005,1025,1040,1020,1020,92750
11/02/2005,1025,1025,1010,1015,183300
14/02/2005,1020,1025,1005,1005,676850
15/02/2005,1020,1045,1020,1040,538650
16/02/2005,1040,1070,1040,1070,710550
17/02/2005,1075,1085,1075,1080,301650
18/02/2005,1085,1120,1080,1120,689950
21/02/2005,1120,1125,1105,1110,298500
22/02/2005,1110,1125,1110,1115,509550
23/02/2005,1115,1145,1105,1125,382300
24/02/2005,1125,1175,1125,1175,689750
25/02/2005,1175,1175,1125,1125,529650
28/02/2005,1125,1125,1080,1080,1006800
01/03/2005,1080,1105,1080,1100,952750
02/03/2005,1100,1100,1080,1085,243700
03/03/2005,1085,1095,1065,1065,539550
04/03/2005,1070,1080,1055,1070,688750
07/03/2005,1080,1095,1080,1090,522700
08/03/2005,1090,1100,1090,1100,379600
09/03/2005,1100,1100,1090,1095,102700
10/03/2005,1085,1095,1085,1090,153000
14/03/2005,1090,1090,1055,1065,940950
15/03/2005,1065,1065,1040,1050,640800
16/03/2005,1055,1070,1055,1070,519000
17/03/2005,1070,1100,1065,1100,1350850
18/03/2005,1100,1105,1075,1095,320450
21/03/2005,1100,1100,1080,1090,339900
22/03/2005,1100,1115,1085,1085,598300
23/03/2005,1085,1085,1080,1085,494650
24/03/2005,1080,1085,1060,1080,966000
28/03/2005,1075,1080,1065,1080,419850
29/03/2005,1075,1075,1005,1030,693450
30/03/2005,1020,1045,1020,1040,445950
31/03/2005,1050,1055,1040,1050,329200
01/04/2005,1050,1085,1050,1085,181100
04/04/2005,1085,1090,1075,1090,184350
05/04/2005,1090,1090,1065,1085,22700
06/04/2005,1080,1090,1075,1080,69100
07/04/2005,1080,1085,1075,1085,566800
08/04/2005,1080,1080,1070,1075,405550
11/04/2005,1075,1080,1075,1080,230450
12/04/2005,1075,1095,1075,1095,391200
13/04/2005,1095,1110,1095,1110,319400
14/04/2005,1030,1110,1030,1110,441800
15/04/2005,1100,1100,1085,1100,298700
18/04/2005,1055,1065,1055,1060,723300
19/04/2005,1075,1075,1065,1070,499050
20/04/2005,1080,1090,1080,1090,59150
21/04/2005,1080,1080,1065,1080,339600
25/04/2005,1070,1070,1050,1060,457450
26/04/2005,1065,1075,1060,1065,196300
27/04/2005,1070,1085,1070,1070,398000
28/04/2005,1070,1070,1060,1060,197400
29/04/2005,1050,1055,1045,1055,482700
02/05/2005,1060,1070,1060,1070,44750
03/05/2005,1070,1075,1065,1070,272900
04/05/2005,1075,1080,1070,1075,245700
06/05/2005,1080,1105,1080,1085,601750
09/05/2005,1090,1100,1080,1090,674950
10/05/2005,1090,1110,1090,1110,351300
11/05/2005,1095,1100,1095,1100,249400
12/05/2005,1100,1115,1100,1115,298400
13/05/2005,1110,1120,1110,1120,226500
16/05/2005,1120,1130,1110,1130,445200
17/05/2005,1130,1130,1115,1125,146750
18/05/2005,1120,1120,1090,1090,169900
19/05/2005,1105,1120,1105,1115,161900
20/05/2005,1120,1120,1105,1105,245250
23/05/2005,1105,1105,1065,1070,404500
25/05/2005,1070,1095,1070,1080,317950
26/05/2005,1080,1105,1080,1100,84900
27/05/2005,1105,1140,1105,1135,537150
30/05/2005,1125,1125,1120,1125,118750
31/05/2005,1125,1170,1125,1170,747050
01/06/2005,1170,1210,1170,1200,576550
02/06/2005,1200,1245,1200,1240,650850
03/06/2005,1245,1280,1245,1245,523450
06/06/2005,1245,1280,1240,1270,611950
07/06/2005,1260,1265,1250,1255,185550
08/06/2005,1255,1255,1250,1250,147250
09/06/2005,1250,1265,1250,1265,187300
10/06/2005,1255,1255,1240,1245,176700
13/06/2005,1250,1255,1250,1255,440750
14/06/2005,1255,1260,1245,1250,343250
15/06/2005,1260,1315,1260,1310,421000
16/06/2005,1330,1395,1330,1360,372150
17/06/2005,1340,1340,1310,1315,140350
20/06/2005,1315,1315,1275,1285,257250
21/06/2005,1285,1320,1280,1300,445550
22/06/2005,1300,1315,1290,1300,155550
23/06/2005,1305,1340,1300,1300,101600
24/06/2005,1300,1305,1285,1305,294300
27/06/2005,1300,1300,1280,1280,172400
28/06/2005,1285,1300,1285,1290,351050
29/06/2005,1290,1295,1280,1280,279450
30/06/2005,1280,1290,1270,1270,393100
01/07/2005,1285,1300,1285,1300,269500
04/07/2005,1290,1290,1280,1280,197850
05/07/2005,1280,1290,1270,1270,74500
06/07/2005,1275,1280,1265,1270,208600
07/07/2005,1265,1265,1215,1220,631950
11/07/2005,1220,1265,1220,1265,385700
12/07/2005,1275,1300,1275,1295,239750
14/07/2005,1270,1275,1235,1250,489650
15/07/2005,1250,1260,1220,1220,608600
19/07/2005,1240,1255,1225,1230,372100
20/07/2005,1240,1265,1240,1260,188200
21/07/2005,1265,1285,1260,1265,545350
26/07/2005,1290,1320,1290,1315,573650
27/07/2005,1320,1325,1290,1315,420950
28/07/2005,1320,1320,1295,1300,281300
29/07/2005,1310,1320,1300,1320,308200
01/08/2005,1320,1330,1315,1325,894050
02/08/2005,1325,1330,1320,1320,425200
03/08/2005,1320,1320,1280,1285,469400
04/08/2005,1285,1295,1250,1260,601200
05/08/2005,1260,1260,1235,1235,484000
08/08/2005,1235,1235,1170,1180,2272050
09/08/2005,1180,1180,1165,1170,788150
10/08/2005,1170,1190,1170,1185,1452800
11/08/2005,1190,1190,1140,1150,943550
12/08/2005,1150,1155,1135,1140,638800
15/08/2005,1140,1140,1110,1115,499100
16/08/2005,1115,1115,1070,1080,1470550
18/08/2005,1085,1090,1040,1070,1265050
19/08/2005,1070,1070,1020,1030,1326550
22/08/2005,1025,1050,1000,1040,950700
23/08/2005,1040,1060,1020,1030,820200
24/08/2005,1020,1035,990,1030,1639900
25/08/2005,1030,1075,1030,1065,1645650
26/08/2005,1065,1070,1050,1050,1385900
29/08/2005,1040,1040,950,960,1832500
30/08/2005,930,1015,880,1005,2625900
31/08/2005,1005,1045,995,1015,1646250
01/09/2005,1000,1010,975,1000,1038650
06/09/2005,980,1015,980,1000,730650
07/09/2005,1015,1020,995,1000,379550
08/09/2005,1005,1045,1005,1040,1110000
09/09/2005,1050,1090,1050,1090,1778850
12/09/2005,1095,1130,1095,1115,1969050
13/09/2005,1120,1120,1085,1105,1698500
14/09/2005,1100,1100,1060,1065,1678900
15/09/2005,1065,1065,1020,1030,1972350
16/09/2005,1030,1030,1005,1015,1235650
19/09/2005,1015,1030,1005,1015,915600
20/09/2005,1015,1015,985,990,895650
22/09/2005,945,950,900,905,1687700
23/09/2005,905,925,895,905,1421900
26/09/2005,905,940,905,935,1970000
27/09/2005,935,945,910,915,741500
28/09/2005,915,915,875,885,1826150
29/09/2005,885,910,875,910,1188100
30/09/2005,915,975,915,975,3035050
03/10/2005,950,980,930,960,2296000
04/10/2005,960,970,945,950,2507500
05/10/2005,950,985,940,980,1750450
06/10/2005,970,970,945,950,1066050
07/10/2005,945,955,935,940,486150
10/10/2005,940,940,925,935,329350
11/10/2005,935,935,925,930,238000
12/10/2005,930,930,915,930,1041450
13/10/2005,920,920,905,910,1083950
14/10/2005,905,945,905,945,1225000
17/10/2005,945,960,945,950,615350
18/10/2005,945,965,945,965,583750
19/10/2005,960,960,930,935,939700
20/10/2005,935,950,930,935,635700
21/10/2005,925,950,925,940,534850
24/10/2005,940,945,920,920,281250
25/10/2005,925,930,905,910,546000
26/10/2005,910,910,895,910,940200
27/10/2005,910,940,910,935,331150
28/10/2005,935,935,905,905,464650
31/10/2005,915,930,915,930,323350
01/11/2005,940,945,920,925,785400
09/11/2005,925,930,890,905,1612950
10/11/2005,900,910,875,880,1451200
11/11/2005,880,885,855,855,676900
14/11/2005,850,850,820,830,1141100
15/11/2005,830,860,825,845,683100
16/11/2005,855,860,840,845,245500
17/11/2005,850,870,845,870,747300
18/11/2005,875,910,875,905,808350
21/11/2005,910,925,905,915,575400
22/11/2005,915,940,915,935,948050
23/11/2005,935,935,910,910,734300
24/11/2005,915,925,915,925,281350
25/11/2005,925,930,920,925,395700
28/11/2005,920,920,910,915,344950
29/11/2005,910,920,905,910,1292900
30/11/2005,905,920,905,910,976800
01/12/2005,915,930,915,925,773950
02/12/2005,935,955,930,955,792900
05/12/2005,955,955,935,940,355200
06/12/2005,940,965,940,965,1016850
07/12/2005,965,1015,965,1000,1875400
08/12/2005,1010,1015,995,1000,1415350
09/12/2005,1005,1040,1005,1030,1127600
12/12/2005,1040,1065,1035,1060,879800
13/12/2005,1060,1060,1025,1030,302200
14/12/2005,1030,1060,1030,1060,1088600
15/12/2005,1055,1055,1020,1030,645950
16/12/2005,1010,1020,1000,1005,395150
19/12/2005,1005,1020,1005,1015,181600
20/12/2005,1020,1030,1020,1025,314400
21/12/2005,1030,1030,1015,1015,262850
22/12/2005,1020,1020,1015,1020,566350
23/12/2005,1025,1045,1025,1035,504950
27/12/2005,1035,1045,1035,1040,34150
28/12/2005,1040,1040,1030,1040,97750
29/12/2005,1040,1040,1015,1020,378200
02/01/2006,1030,1030,1005,1010,100950
03/01/2006,1015,1035,1015,1020,518250
04/01/2006,1025,1055,1025,1050,831900
05/01/2006,1050,1080,1050,1075,1819500
06/01/2006,1075,1090,1065,1090,530050
09/01/2006,1090,1130,1085,1125,1498500
11/01/2006,1120,1150,1110,1145,1797600
12/01/2006,1145,1155,1135,1145,1269800
13/01/2006,1140,1140,1105,1110,418350
16/01/2006,1105,1125,1085,1085,460850
17/01/2006,1075,1080,1055,1070,811500
18/01/2006,1050,1065,1030,1040,361400
19/01/2006,1060,1090,1060,1085,245450
20/01/2006,1090,1105,1080,1095,471100
23/01/2006,1060,1065,1030,1030,937150
24/01/2006,1040,1055,1030,1030,685000
25/01/2006,1040,1050,1035,1050,672950
26/01/2006,1050,1055,1030,1035,519550
27/01/2006,1045,1055,1035,1045,418900
30/01/2006,1045,1050,1040,1040,48900
01/02/2006,1045,1070,1045,1060,613200
02/02/2006,1065,1070,1040,1045,452500
03/02/2006,1035,1050,1035,1045,215650
06/02/2006,1045,1075,1045,1060,563050
07/02/2006,1060,1085,1060,1085,550150
08/02/2006,1085,1085,1010,1025,2238200
09/02/2006,1030,1045,1030,1035,567900
10/02/2006,1040,1040,1030,1030,228600
13/02/2006,1030,1035,1025,1030,270700
14/02/2006,1030,1030,975,980,2584900
15/02/2006,990,995,940,965,1958200
16/02/2006,965,965,930,935,1344150
17/02/2006,935,950,935,945,1108400
20/02/2006,950,975,950,975,714850
21/02/2006,980,980,945,955,431100
22/02/2006,950,960,940,955,370450
23/02/2006,955,970,955,970,877550
24/02/2006,965,965,945,950,451150
27/02/2006,955,975,955,970,564250
28/02/2006,980,995,975,980,703050
01/03/2006,970,990,960,980,705650
02/03/2006,980,990,980,990,589750
03/03/2006,990,1025,990,1020,1401900
06/03/2006,1020,1050,1020,1045,1229000
07/03/2006,1040,1045,1010,1010,938900
08/03/2006,1005,1005,970,980,980800
09/03/2006,980,1000,975,995,440650
10/03/2006,995,1035,995,1015,662000
13/03/2006,1020,1025,1000,1000,253900
14/03/2006,1000,1005,1000,1000,129300
15/03/2006,1020,1025,1005,1015,238050
16/03/2006,1020,1060,1020,1055,1958050
17/03/2006,1055,1110,1055,1100,3068400
20/03/2006,1100,1140,1095,1140,2678000
21/03/2006,1140,1150,1120,1130,1245500
22/03/2006,1110,1110,1070,1080,669000
23/03/2006,1085,1105,1075,1080,464100
24/03/2006,1080,1130,1080,1120,619900
27/03/2006,1090,1100,1085,1090,111550
28/03/2006,1090,1150,1090,1145,1419150
29/03/2006,1140,1140,1120,1125,296700
03/04/2006,1125,1130,1115,1120,432400
04/04/2006,1120,1145,1120,1140,485000
05/04/2006,1145,1145,1135,1140,588050
06/04/2006,1140,1140,1095,1095,595000
07/04/2006,1095,1095,1060,1085,1051450
11/04/2006,1085,1130,1085,1125,806750
12/04/2006,1120,1135,1110,1125,558450
13/04/2006,1125,1195,1125,1185,2079850
17/04/2006,1195,1195,1170,1185,160600
18/04/2006,1190,1235,1190,1225,1030050
19/04/2006,1295,1305,1235,1295,40
20/04/2006,1300,1300,1240,1240,628050
21/04/2006,1230,1230,1195,1195,803050
24/04/2006,1195,1195,1160,1160,560550
25/04/2006,1160,1225,1150,1220,1260350
26/04/2006,1225,1260,1225,1260,752200
27/04/2006,1270,1290,1235,1235,710050
28/04/2006,1235,1235,1190,1195,572350
01/05/2006,1190,1210,1180,1180,374900
02/05/2006,1200,1200,1175,1180,450150
03/05/2006,1180,1185,1160,1175,928100
04/05/2006,1175,1175,1150,1155,652000
05/05/2006,1150,1150,1145,1150,334250
08/05/2006,1150,1190,1150,1175,805900
09/05/2006,1180,1245,1180,1240,1474350
10/05/2006,1240,1240,1190,1210,829600
11/05/2006,1215,1235,1210,1210,513000
12/05/2006,1200,1200,1155,1165,1306400
15/05/2006,1150,1150,1085,1085,1454850
16/05/2006,1090,1090,1005,1075,1718950
17/05/2006,1090,1125,1090,1105,1094950
18/05/2006,1040,1075,1005,1045,1064550
19/05/2006,1060,1075,1050,1065,446150
22/05/2006,1065,1075,985,1005,1383350
23/05/2006,995,1030,970,1030,660800
24/05/2006,1050,1050,990,990,1096400
29/05/2006,980,1010,975,980,1364000
30/05/2006,990,1025,990,1020,676750
31/05/2006,990,995,970,980,1014050
01/06/2006,985,995,940,945,976000
02/06/2006,950,975,930,970,1020800
05/06/2006,975,985,950,950,690350
06/06/2006,935,945,920,945,1721250
07/06/2006,935,940,925,935,1184600
08/06/2006,920,920,880,910,1315300
09/06/2006,920,950,895,935,665750
12/06/2006,930,930,905,915,827350
13/06/2006,895,905,865,875,2248800
14/06/2006,875,885,855,875,1623300
15/06/2006,895,905,890,900,981600
16/06/2006,915,955,900,950,1905600
19/06/2006,950,950,925,940,491750
20/06/2006,935,965,930,955,874000
21/06/2006,960,965,945,955,436500
22/06/2006,970,975,945,950,325900
23/06/2006,945,960,940,960,207400
26/06/2006,950,950,925,935,488400
27/06/2006,940,945,930,935,616650
28/06/2006,925,935,920,935,186200
29/06/2006,940,960,935,950,191850
30/06/2006,970,975,960,975,834700
03/07/2006,975,1040,975,1040,1578400
04/07/2006,1050,1070,1040,1065,723000
05/07/2006,1070,1080,1050,1065,559450
06/07/2006,1050,1055,1035,1045,317050
07/07/2006,1050,1055,1005,1015,978300
10/07/2006,1010,1010,985,990,730200
11/07/2006,995,995,980,985,439200
12/07/2006,985,995,970,975,677550
13/07/2006,980,985,960,965,635200
14/07/2006,950,960,940,950,596100
17/07/2006,940,955,935,950,618150
18/07/2006,950,955,920,925,350900
19/07/2006,935,940,925,930,255000
20/07/2006,950,960,940,950,1223550
21/07/2006,945,950,940,950,852400
24/07/2006,945,945,910,915,1180200
25/07/2006,935,935,920,925,744050
26/07/2006,925,945,925,935,959550
27/07/2006,940,960,940,960,1313100
28/07/2006,960,970,960,965,690300
31/07/2006,965,975,955,960,989300
01/08/2006,965,995,965,990,1099550
02/08/2006,985,1005,985,995,1233850
03/08/2006,1000,1025,1000,1020,2437250
04/08/2006,1015,1060,1015,1050,1470850
07/08/2006,1050,1085,1030,1050,1517250
08/08/2006,1050,1085,1050,1070,1810700
09/08/2006,1065,1100,1060,1095,581050
10/08/2006,1090,1130,1080,1080,2159900
11/08/2006,1100,1120,1085,1085,330150
14/08/2006,1095,1140,1095,1130,1354900
15/08/2006,1125,1155,1125,1140,820950
16/08/2006,1150,1190,1150,1190,1348400
22/08/2006,1200,1205,1190,1195,1454100
23/08/2006,1195,1200,1190,1200,1338500
24/08/2006,1190,1190,1130,1140,524050
25/08/2006,1140,1140,1095,1095,772300
28/08/2006,1095,1130,1095,1125,248400
29/08/2006,1135,1145,1130,1130,242250
30/08/2006,1125,1130,1115,1120,106400
31/08/2006,1130,1130,1095,1110,641300
01/09/2006,1110,1155,1110,1150,557750
04/09/2006,1150,1195,1150,1195,1160250
05/09/2006,1200,1215,1185,1200,904650
06/09/2006,1200,1200,1170,1195,628950
07/09/2006,1175,1210,1170,1200,649600
08/09/2006,1190,1205,1190,1200,503150
11/09/2006,1195,1195,1175,1175,225500
12/09/2006,1165,1170,1150,1155,438100
13/09/2006,1165,1190,1165,1185,332050
14/09/2006,1195,1205,1195,1200,726650
15/09/2006,1200,1210,1185,1190,328000
18/09/2006,1200,1205,1185,1200,253650
19/09/2006,1200,1225,1200,1210,1083700
20/09/2006,1210,1225,1205,1215,587200
21/09/2006,1220,1265,1220,1260,943650
22/09/2006,1250,1265,1245,1265,435900
25/09/2006,1260,1260,1245,1260,166900
26/09/2006,1260,1260,1245,1255,258300
27/09/2006,1260,1265,1240,1245,292900
28/09/2006,1245,1245,1230,1245,246650
29/09/2006,1235,1245,1235,1245,338750
02/10/2006,1245,1245,1210,1220,427450
03/10/2006,1210,1245,1210,1245,502050
04/10/2006,1250,1270,1235,1270,478750
05/10/2006,1270,1290,1270,1275,605350
06/10/2006,1280,1285,1275,1280,704750
09/10/2006,1280,1300,1280,1300,736750
10/10/2006,1300,1330,1300,1330,1110500
11/10/2006,1330,1375,1330,1355,597200
12/10/2006,1355,1360,1350,1360,584900
13/10/2006,1360,1385,1360,1380,523500
16/10/2006,1350,1370,1300,1315,1016450
17/10/2006,1320,1325,1305,1315,396500
18/10/2006,1300,1335,1300,1320,375750
19/10/2006,1320,1340,1320,1335,192850
20/10/2006,1340,1355,1340,1350,150450
30/10/2006,1350,1360,1345,1350,1065350
31/10/2006,1350,1355,1335,1340,1048500
01/11/2006,1340,1360,1340,1355,715200
02/11/2006,1355,1385,1355,1385,440150
03/11/2006,1370,1410,1370,1395,271450
06/11/2006,1390,1455,1390,1420,333500
07/11/2006,1460,1510,1455,1490,903150
08/11/2006,1480,1480,1440,1445,751700
09/11/2006,1450,1500,1445,1485,636300
10/11/2006,1475,1490,1450,1450,220900
13/11/2006,1450,1450,1420,1420,492500
14/11/2006,1425,1445,1425,1440,386750
15/11/2006,1440,1480,1440,1475,576250
16/11/2006,1475,1480,1465,1470,633600
17/11/2006,1470,1490,1465,1470,469500
20/11/2006,1460,1545,1460,1530,703400
21/11/2006,1530,1570,1530,1555,276900
22/11/2006,1565,1565,1535,1550,146400
23/11/2006,1550,1550,1540,1540,137600
24/11/2006,1540,1555,1535,1555,49050
27/11/2006,1560,1650,1560,1625,399250
28/11/2006,1600,1600,1560,1570,419700
29/11/2006,1590,1590,1560,1565,477050
30/11/2006,1570,1605,1570,1595,569250
01/12/2006,1590,1615,1580,1595,203850
04/12/2006,1590,1615,1570,1595,405750
05/12/2006,1600,1675,1600,1670,361200
06/12/2006,1700,1725,1685,1685,857050
07/12/2006,1670,1670,1620,1635,600150
08/12/2006,1635,1655,1630,1645,511800
11/12/2006,1650,1660,1640,1640,917600
12/12/2006,1645,1645,1635,1640,473050
13/12/2006,1645,1645,1615,1625,424250
14/12/2006,1620,1620,1575,1585,590050
15/12/2006,1600,1630,1585,1595,386000
18/12/2006,1595,1600,1585,1590,220450
19/12/2006,1590,1595,1550,1550,333650
20/12/2006,1585,1590,1545,1570,678350
21/12/2006,1575,1600,1575,1600,191350
22/12/2006,1600,1605,1580,1580,92450
26/12/2006,1580,1580,1560,1560,68700
27/12/2006,1565,1590,1565,1580,75950
28/12/2006,1585,1615,1570,1570,249000
02/01/2007,1605,1635,1605,1635,293450
03/01/2007,1625,1650,1625,1640,396900
04/01/2007,1645,1660,1640,1650,306800
05/01/2007,1640,1690,1640,1675,275900
08/01/2007,1670,1670,1610,1615,369550
09/01/2007,1660,1660,1565,1570,494550
10/01/2007,1550,1550,1495,1505,1189050
11/01/2007,1530,1540,1480,1485,509950
12/01/2007,1500,1510,1460,1500,937050
15/01/2007,1520,1545,1510,1530,620900
16/01/2007,1550,1565,1540,1560,407150
17/01/2007,1565,1565,1540,1540,301700
18/01/2007,1550,1570,1550,1565,477100
19/01/2007,1565,1635,1560,1610,930000
22/01/2007,1615,1625,1595,1605,527950
23/01/2007,1605,1605,1570,1580,689600
24/01/2007,1600,1600,1580,1580,180050
25/01/2007,1580,1580,1545,1555,622150
26/01/2007,1540,1540,1505,1540,394350
29/01/2007,1530,1550,1505,1525,296100
30/01/2007,1530,1530,1480,1500,516850
31/01/2007,1500,1505,1470,1485,471800
01/02/2007,1485,1505,1455,1455,610050
02/02/2007,1465,1515,1455,1510,1383450
05/02/2007,1510,1515,1455,1460,374600
06/02/2007,1460,1465,1440,1445,2163950
07/02/2007,1440,1505,1425,1490,1550100
08/02/2007,1485,1505,1460,1475,933200
09/02/2007,1450,1520,1450,1515,443850
12/02/2007,1510,1550,1510,1510,766600
13/02/2007,1520,1520,1460,1480,156250
14/02/2007,1495,1500,1485,1490,223750
15/02/2007,1520,1520,1485,1495,478200
16/02/2007,1500,1515,1490,1500,237500
19/02/2007,1495,1520,1495,1500,27150
20/02/2007,1510,1510,1505,1510,21650
21/02/2007,1510,1520,1480,1480,413800
22/02/2007,1500,1500,1485,1495,377400
23/02/2007,1495,1495,1420,1435,698150
26/02/2007,1435,1435,1390,1400,563100
27/02/2007,1410,1425,1375,1390,910950
28/02/2007,1330,1405,1280,1405,1080500
01/03/2007,1405,1420,1360,1380,581850
02/03/2007,1380,1400,1345,1400,812850
05/03/2007,1355,1380,1350,1360,702300
06/03/2007,1365,1405,1365,1385,742850
07/03/2007,1400,1425,1395,1415,412750
08/03/2007,1415,1450,1400,1450,353850
09/03/2007,1460,1460,1425,1445,636550
12/03/2007,1455,1475,1455,1465,416950
13/03/2007,1460,1465,1425,1425,606900
14/03/2007,1400,1435,1385,1390,856550
15/03/2007,1410,1420,1365,1365,695050
16/03/2007,1365,1365,1330,1345,580150
20/03/2007,1350,1355,1300,1310,1145950
21/03/2007,1320,1335,1305,1330,1023300
22/03/2007,1350,1365,1345,1355,888150
23/03/2007,1360,1360,1305,1320,1427400
26/03/2007,1315,1330,1305,1315,535350
27/03/2007,1315,1325,1305,1305,969500
28/03/2007,1305,1305,1250,1265,2121000
29/03/2007,1255,1330,1250,1330,1320350
30/03/2007,1340,1355,1315,1320,1236950
02/04/2007,1320,1325,1305,1320,1022200
03/04/2007,1325,1380,1325,1380,1615200
04/04/2007,1400,1430,1390,1395,2309750
05/04/2007,1385,1390,1345,1350,898700
09/04/2007,1370,1380,1360,1370,295150
10/04/2007,1370,1370,1345,1355,510800
11/04/2007,1360,1385,1360,1370,520000
12/04/2007,1360,1365,1345,1355,470150
13/04/2007,1355,1375,1345,1350,384200
16/04/2007,1355,1360,1340,1355,1158350
17/04/2007,1360,1390,1360,1380,794600
18/04/2007,1385,1440,1385,1430,2522250
19/04/2007,1420,1435,1375,1380,1952300
20/04/2007,1400,1415,1390,1400,841000
23/04/2007,1420,1430,1390,1405,673200
24/04/2007,1400,1425,1400,1420,1066400
25/04/2007,1430,1465,1415,1450,1994200
26/04/2007,1470,1505,1470,1495,2301000
27/04/2007,1495,1495,1480,1490,576750
30/04/2007,1490,1490,1435,1440,865900
01/05/2007,1440,1480,1440,1475,362950
02/05/2007,1490,1515,1485,1495,1342400
03/05/2007,1500,1515,1500,1510,683350
04/05/2007,1530,1580,1530,1570,1349350
07/05/2007,1575,1595,1570,1585,608800
08/05/2007,1585,1590,1570,1575,1212650
09/05/2007,1565,1585,1565,1580,498400
10/05/2007,1590,1625,1590,1620,1445950
11/05/2007,1600,1620,1590,1595,848250
14/05/2007,1610,1630,1585,1600,314900
15/05/2007,1600,1600,1555,1560,651300
16/05/2007,1555,1600,1555,1590,350800
21/05/2007,1600,1620,1595,1615,732350
22/05/2007,1610,1620,1595,1620,374900
23/05/2007,1620,1685,1620,1685,1437650
24/05/2007,1680,1680,1650,1655,179600
25/05/2007,1635,1635,1605,1615,396850
28/05/2007,1625,1655,1610,1630,278600
29/05/2007,1630,1640,1625,1630,266500
30/05/2007,1625,1625,1610,1610,251550
31/05/2007,1625,1650,1625,1640,286800
04/06/2007,1650,1685,1650,1660,499000
05/06/2007,1660,1690,1660,1675,238850
06/06/2007,1675,1675,1655,1675,290250
07/06/2007,1650,1650,1620,1625,411700
08/06/2007,1600,1600,1585,1585,684600
11/06/2007,1595,1610,1595,1600,129250
12/06/2007,1610,1650,1610,1650,397300
13/06/2007,1620,1625,1600,1615,302900
14/06/2007,1625,1645,1625,1640,463850
15/06/2007,1650,1650,1630,1650,150600
18/06/2007,1650,1650,1630,1640,274300
19/06/2007,1640,1650,1630,1645,240550
20/06/2007,1645,1670,1645,1670,605950
21/06/2007,1660,1665,1645,1655,397300
22/06/2007,1650,1695,1645,1690,264300
25/06/2007,1680,1680,1645,1675,323700
26/06/2007,1675,1730,1670,1710,769750
27/06/2007,1700,1700,1665,1670,1019050
28/06/2007,1680,1680,1650,1670,547200
29/06/2007,1680,1700,1660,1690,828400
02/07/2007,1690,1710,1690,1705,439700
03/07/2007,1710,1725,1700,1700,529100
04/07/2007,1700,1715,1690,1695,306350
05/07/2007,1700,1710,1700,1700,477600
06/07/2007,1700,1800,1700,1800,1134100
09/07/2007,1810,2005,1810,1915,1019850
10/07/2007,1920,1925,1900,1915,836450
11/07/2007,1900,1900,1825,1835,571500
12/07/2007,1850,1860,1810,1810,270900
13/07/2007,1830,1850,1785,1800,286250
16/07/2007,1810,1820,1795,1805,497400
17/07/2007,1805,1880,1805,1860,1155900
18/07/2007,1850,1860,1800,1860,931300
19/07/2007,1830,1885,1830,1870,637700
20/07/2007,1880,1930,1880,1925,393100
23/07/2007,1890,1910,1890,1905,266250
24/07/2007,1920,1960,1920,1945,543950
25/07/2007,1905,1940,1885,1885,721950
26/07/2007,1900,1905,1875,1885,483650
27/07/2007,1830,1850,1790,1815,896000
30/07/2007,1815,1840,1800,1820,305350
31/07/2007,1840,1875,1835,1875,290550
01/08/2007,1860,1860,1780,1825,874150
02/08/2007,1835,1875,1810,1850,400700
03/08/2007,1860,1870,1835,1845,254250
06/08/2007,1800,1800,1730,1740,928850
07/08/2007,1760,1780,1700,1705,639350
08/08/2007,1720,1780,1720,1780,492900
09/08/2007,1810,1835,1775,1775,337750
10/08/2007,1725,1745,1700,1735,533850
13/08/2007,1735,1745,1725,1740,310250
14/08/2007,1725,1725,1695,1700,788850
15/08/2007,1680,1680,1575,1625,890800
16/08/2007,1560,1560,1480,1545,1037500
20/08/2007,1600,1640,1590,1620,1113500
21/08/2007,1620,1640,1590,1600,857750
22/08/2007,1615,1650,1595,1650,571400
23/08/2007,1670,1740,1670,1735,727050
24/08/2007,1725,1740,1700,1730,276100
27/08/2007,1750,1785,1740,1765,274050
28/08/2007,1765,1765,1720,1740,447750
29/08/2007,1700,1720,1670,1720,733700
30/08/2007,1740,1755,1725,1745,408350
31/08/2007,1750,1790,1745,1785,340800
03/09/2007,1785,1805,1785,1790,320100
04/09/2007,1790,1815,1790,1810,604350
05/09/2007,1815,1815,1785,1800,133050
06/09/2007,1785,1805,1780,1795,537300
07/09/2007,1795,1800,1790,1800,58900
10/09/2007,1780,1790,1770,1780,1198000
11/09/2007,1780,1795,1770,1780,273150
12/09/2007,1795,1800,1790,1795,590700
13/09/2007,1795,1800,1790,1800,84550
14/09/2007,1800,1800,1795,1800,429450
17/09/2007,1800,1875,1800,1850,1207700
18/09/2007,1840,1845,1825,1840,420700
19/09/2007,1910,1925,1870,1915,814150
20/09/2007,1925,1945,1910,1910,387000
21/09/2007,1890,1945,1885,1930,251550
24/09/2007,1935,1960,1930,1950,332600
25/09/2007,1950,1950,1900,1900,373900
26/09/2007,1910,1945,1910,1940,289850
27/09/2007,1955,1960,1935,1950,240600
28/09/2007,1950,1960,1925,1925,244250
01/10/2007,1925,1940,1915,1930,293400
02/10/2007,1940,2010,1930,2010,1005250
03/10/2007,2020,2120,2020,2045,620150
04/10/2007,2025,2085,2025,2080,476600
05/10/2007,2090,2160,2090,2100,729700
08/10/2007,2110,2140,2035,2035,433500
09/10/2007,2040,2135,2040,2125,741450
10/10/2007,2140,2235,2140,2220,597000
11/10/2007,2235,2305,2235,2250,603450
17/10/2007,2250,2370,2240,2360,387600
18/10/2007,2360,2360,2295,2295,344600
19/10/2007,2290,2325,2250,2250,287400
22/10/2007,2150,2195,2100,2155,311600
23/10/2007,2190,2320,2180,2280,645400
24/10/2007,2300,2330,2220,2220,482400
25/10/2007,2240,2470,2240,2450,607300
26/10/2007,2460,2600,2440,2550,594850
29/10/2007,2570,2670,2570,2650,180000
30/10/2007,2650,2680,2600,2665,422400
31/10/2007,2650,2650,2490,2560,831600
01/11/2007,2600,2725,2600,2655,870800
02/11/2007,2600,2705,2570,2655,359550
05/11/2007,2640,2655,2490,2515,417400
06/11/2007,2515,2515,2380,2435,1128700
07/11/2007,2450,2525,2450,2510,804700
08/11/2007,2480,2490,2430,2440,303650
09/11/2007,2440,2440,2405,2435,156750
12/11/2007,2400,2400,2275,2325,726800
13/11/2007,2310,2315,2275,2300,762600
14/11/2007,2350,2420,2350,2400,868850
15/11/2007,2380,2420,2375,2405,436000
16/11/2007,2370,2405,2335,2355,191700
19/11/2007,2360,2390,2360,2385,308200
20/11/2007,2300,2430,2285,2405,539000
21/11/2007,2400,2400,2290,2300,479800
22/11/2007,2280,2280,2180,2240,580800
23/11/2007,2240,2320,2220,2320,251550
26/11/2007,2350,2465,2340,2450,473400
27/11/2007,2420,2455,2380,2435,342300
28/11/2007,2435,2515,2435,2485,761750
29/11/2007,2550,2640,2550,2580,766150
30/11/2007,2620,2675,2500,2500,421200
03/12/2007,2500,2695,2490,2680,265250
04/12/2007,2680,2810,2680,2750,419850
05/12/2007,2750,2750,2645,2670,797950
06/12/2007,2700,2705,2625,2645,445850
07/12/2007,2700,2710,2645,2685,517550
10/12/2007,2685,2875,2685,2850,813700
11/12/2007,2870,2875,2765,2775,331850
12/12/2007,2730,2880,2725,2835,519900
13/12/2007,2800,2800,2740,2745,316600
14/12/2007,2750,2780,2730,2745,284450
17/12/2007,2730,2735,2650,2655,414750
18/12/2007,2640,2640,2550,2575,711600
19/12/2007,2605,2640,2605,2610,507350
26/12/2007,2670,2670,2610,2630,404800
27/12/2007,2650,2680,2625,2680,301200
28/12/2007,2680,2730,2650,2730,321050
02/01/2008,2720,2720,2610,2660,129350
03/01/2008,2620,2640,2585,2610,256750
04/01/2008,2610,2660,2610,2640,238250
07/01/2008,2610,2665,2600,2640,415300
08/01/2008,2665,2770,2660,2765,883950
09/01/2008,2750,2935,2750,2905,1255150
14/01/2008,2915,3010,2915,2960,1092400
15/01/2008,2970,3025,2790,2800,1018650
16/01/2008,2750,2750,2600,2625,1526550
17/01/2008,2630,2675,2500,2650,1121100
18/01/2008,2580,2710,2510,2690,1049050
21/01/2008,2650,2650,2485,2490,841800
22/01/2008,2390,2390,2140,2250,1126850
23/01/2008,2400,2540,2365,2500,1168200
24/01/2008,2585,2640,2550,2590,1066350
25/01/2008,2640,2685,2630,2670,1093850
28/01/2008,2600,2665,2575,2620,399950
29/01/2008,2640,2715,2640,2710,987600
30/01/2008,2720,2730,2670,2705,526100
31/01/2008,2695,2745,2695,2725,529100
01/02/2008,2750,2770,2670,2680,528800
04/02/2008,2700,2730,2670,2695,441300
05/02/2008,2680,2680,2635,2660,241200
06/02/2008,2600,2600,2490,2555,593350
11/02/2008,2500,2515,2475,2480,651900
12/02/2008,2500,2540,2475,2480,503450
13/02/2008,2520,2545,2500,2545,445400
14/02/2008,2570,2705,2570,2700,965600
15/02/2008,2600,2735,2600,2725,341750
18/02/2008,2750,2750,2680,2680,177650
19/02/2008,2710,2760,2710,2720,304950
20/02/2008,2720,2760,2710,2750,1178100
21/02/2008,2770,2805,2750,2770,717950
22/02/2008,2745,2800,2740,2790,703200
25/02/2008,2810,2840,2775,2795,397500
26/02/2008,2820,2835,2800,2815,411400
27/02/2008,2835,2840,2775,2795,216700
28/02/2008,2770,2825,2770,2825,313950
29/02/2008,2815,2845,2745,2785,447200
03/03/2008,2750,2765,2665,2715,473650
04/03/2008,2725,2725,2580,2620,642550
05/03/2008,2640,2640,2590,2615,515600
06/03/2008,2650,2665,2590,2600,384350
10/03/2008,2500,2525,2425,2450,1020800
11/03/2008,2430,2490,2340,2480,934900
12/03/2008,2590,2595,2495,2530,677700
13/03/2008,2490,2490,2345,2355,821800
14/03/2008,2370,2370,2195,2210,1096950
17/03/2008,2050,2260,2000,2260,776550
18/03/2008,2280,2300,2200,2245,918550
19/03/2008,2300,2310,2240,2275,720600
24/03/2008,2250,2265,2160,2260,406450
25/03/2008,2270,2405,2265,2395,632400
26/03/2008,2395,2440,2375,2410,285000
27/03/2008,2400,2420,2325,2420,525400
28/03/2008,2400,2435,2380,2390,279000
31/03/2008,2410,2435,2385,2425,692550
01/04/2008,2440,2470,2265,2295,605900
02/04/2008,2350,2360,2105,2145,1673400
03/04/2008,2140,2140,1950,1980,1960000
04/04/2008,2000,2020,1880,1950,2066900
07/04/2008,1960,1980,1825,1920,2394350
08/04/2008,1915,1920,1835,1835,1299000
09/04/2008,1850,1915,1735,1765,3049550
10/04/2008,1750,1905,1730,1890,2608250
11/04/2008,1930,2020,1925,2020,1700050
14/04/2008,1960,2020,1930,2015,1170800
15/04/2008,2030,2060,1985,2030,1346450
16/04/2008,2050,2115,2045,2080,1183850
17/04/2008,2120,2130,2015,2030,1130900
18/04/2008,2020,2030,1975,2015,1331850
21/04/2008,2050,2070,1960,1970,2213450
22/04/2008,1950,1960,1900,1915,959700
23/04/2008,1910,1945,1880,1915,1128400
24/04/2008,1930,1980,1915,1935,867000
25/04/2008,1935,1950,1915,1935,814800
28/04/2008,1935,1950,1915,1940,755600
29/04/2008,1950,2025,1950,2005,846250
30/04/2008,2005,2015,1965,2000,403350
05/05/2008,2125,2170,2120,2150,1192650
06/05/2008,2200,2220,2060,2070,1019150
07/05/2008,2100,2135,2085,2125,875000
08/05/2008,2110,2110,2020,2045,683750
09/05/2008,2035,2045,2015,2015,554950
12/05/2008,2000,2045,1995,2040,244100
13/05/2008,2060,2110,2060,2095,562250
14/05/2008,2090,2175,2090,2150,631850
15/05/2008,2170,2205,2130,2130,539000
16/05/2008,2150,2165,2135,2145,372250
21/05/2008,2150,2175,2135,2175,561650
22/05/2008,2130,2140,2090,2115,435650
23/05/2008,2115,2115,2010,2060,691200
26/05/2008,2030,2030,1965,1965,972950
27/05/2008,1965,2035,1960,1975,941900
28/05/2008,1995,2040,1980,2035,450650
29/05/2008,2060,2110,2045,2105,542750
30/05/2008,2125,2175,2090,2100,524350
02/06/2008,2140,2200,2125,2125,626650
03/06/2008,2100,2140,2090,2140,603900
04/06/2008,2150,2150,2095,2110,357500
05/06/2008,2100,2100,1990,2020,1086950
06/06/2008,2050,2060,1975,1980,1154200
09/06/2008,1950,1980,1925,1980,583650
10/06/2008,1980,1980,1925,1925,1129400
11/06/2008,1930,1940,1910,1930,747200
12/06/2008,1900,1940,1900,1940,407350
13/06/2008,1950,1985,1945,1970,315450
16/06/2008,1980,2055,1980,2005,492650
17/06/2008,2020,2030,1985,1990,234100
18/06/2008,1990,2010,1975,2000,296050
19/06/2008,1960,1965,1950,1965,224200
20/06/2008,1965,1985,1960,1970,192500
23/06/2008,1950,1970,1930,1945,228100
24/06/2008,1940,1940,1915,1920,649650
25/06/2008,1935,1960,1925,1930,316600
26/06/2008,1940,1960,1920,1945,274550
27/06/2008,1915,1930,1910,1925,399900
30/06/2008,1920,1950,1920,1925,221700
01/07/2008,1935,1965,1935,1940,429550
02/07/2008,1940,1990,1940,1950,360300
03/07/2008,1925,1955,1920,1930,569050
04/07/2008,1940,1955,1930,1930,273750
07/07/2008,1945,1955,1915,1935,209650
08/07/2008,1935,1965,1935,1950,280400
09/07/2008,1970,2020,1970,2020,1009050
10/07/2008,2000,2060,2000,2045,684950
11/07/2008,2040,2045,1980,1990,179550
14/07/2008,1990,2030,1980,2025,184350
15/07/2008,2010,2010,1960,1975,217550
16/07/2008,1975,1975,1915,1935,286750
17/07/2008,1960,2025,1960,1990,636400
18/07/2008,2000,2100,2000,2090,909200
21/07/2008,2120,2125,2010,2025,416250
22/07/2008,2010,2080,2010,2050,202000
23/07/2008,2100,2175,2100,2160,627250
24/07/2008,2180,2260,2180,2255,876650
25/07/2008,2230,2240,2180,2235,251800
28/07/2008,2245,2260,2190,2200,203500
29/07/2008,2170,2265,2170,2220,130350
31/07/2008,2250,2305,2250,2255,519150
01/08/2008,2235,2255,2190,2205,204850
04/08/2008,2190,2190,2150,2160,301200
05/08/2008,2140,2185,2125,2185,185100
06/08/2008,2220,2240,2180,2190,446200
07/08/2008,2190,2195,2175,2190,194100
08/08/2008,2175,2190,2155,2185,167200
11/08/2008,2200,2220,2130,2170,117100
12/08/2008,2130,2130,1995,2030,194600
13/08/2008,2000,2050,1980,2000,287800
14/08/2008,2040,2045,1960,1980,358950
15/08/2008,1980,2010,1980,1985,296200
19/08/2008,1985,2005,1975,2000,138850
20/08/2008,1990,1990,1975,1980,107200
21/08/2008,1980,2015,1980,1980,126050
22/08/2008,1980,2000,1935,1965,474850
25/08/2008,2000,2000,1965,2000,91950
26/08/2008,1995,1995,1970,1980,75450
27/08/2008,1990,1995,1975,1985,165150
28/08/2008,1985,2030,1985,2020,290700
29/08/2008,2030,2090,2015,2080,285400
01/09/2008,2070,2110,2060,2100,202900
02/09/2008,2120,2165,2100,2120,417450
03/09/2008,2150,2160,2100,2130,279650
04/09/2008,2120,2120,2005,2050,109750
05/09/2008,2000,2015,1980,2000,415050
08/09/2008,2100,2110,1985,1985,301650
09/09/2008,1985,1985,1945,1955,1046350
10/09/2008,1850,1940,1850,1930,398050
11/09/2008,1900,1900,1730,1735,679650
12/09/2008,1750,1750,1535,1560,1445850
15/09/2008,1550,1600,1480,1520,706300
16/09/2008,1450,1690,1415,1620,1071500
17/09/2008,1710,1730,1660,1695,1158500
18/09/2008,1600,1715,1600,1680,408650
19/09/2008,1750,1910,1750,1810,548600
22/09/2008,1860,1930,1820,1820,318250
23/09/2008,1780,1780,1730,1730,557250
24/09/2008,1700,1795,1700,1760,290150
25/09/2008,1760,1775,1720,1740,213500
26/09/2008,1740,1770,1730,1750,225750
06/10/2008,1650,1700,1600,1650,748350
07/10/2008,1600,1660,1590,1600,642000
08/10/2008,1520,1520,1270,1280,250400
13/10/2008,1300,1300,1155,1295,863450
14/10/2008,1330,1420,1330,1420,541400
15/10/2008,1420,1560,1360,1410,694200
16/10/2008,1330,1410,1270,1335,602000
17/10/2008,1350,1350,1205,1205,377850
20/10/2008,1200,1205,1085,1115,919350
21/10/2008,1150,1185,1140,1150,758400
22/10/2008,1140,1170,1070,1075,743400
23/10/2008,1050,1050,980,1000,604400
24/10/2008,980,980,900,900,1150500
27/10/2008,820,820,810,810,138150
28/10/2008,730,745,730,730,1165800
29/10/2008,750,760,660,710,1111600
30/10/2008,740,780,730,780,1016650
31/10/2008,800,935,790,935,957800
03/11/2008,1050,1120,1050,1120,266100
04/11/2008,1140,1340,1100,1240,1210350
05/11/2008,1260,1350,1120,1150,1082400
06/11/2008,1050,1100,1035,1035,879900
07/11/2008,1000,1070,940,1030,1480500
10/11/2008,1070,1085,975,995,853400
11/11/2008,970,1040,940,1015,614050
12/11/2008,985,1025,985,1010,320600
13/11/2008,970,985,920,940,591200
14/11/2008,980,1000,910,910,490950
17/11/2008,910,920,855,880,699200
18/11/2008,860,860,795,855,1209700
19/11/2008,870,880,825,850,652850
20/11/2008,830,860,780,840,466500
21/11/2008,790,865,790,840,770100
24/11/2008,860,860,820,820,317900
25/11/2008,850,875,805,815,1105800
26/11/2008,820,875,820,865,605500
27/11/2008,900,985,885,965,860100
28/11/2008,965,1040,945,1020,545850
01/12/2008,1000,1040,945,950,489550
02/12/2008,920,920,870,895,420300
03/12/2008,905,930,890,895,319900
04/12/2008,910,920,850,880,700700
05/12/2008,880,930,870,915,881550
09/12/2008,945,1000,930,970,2044400
10/12/2008,970,1055,965,1040,1757550
11/12/2008,1040,1165,1040,1065,2239600
12/12/2008,1050,1055,960,970,1056600
15/12/2008,1010,1070,1000,1060,1673750
16/12/2008,1060,1060,1010,1025,727200
17/12/2008,1070,1095,1065,1095,1034650
18/12/2008,1095,1120,1075,1110,954450
19/12/2008,1110,1110,1075,1085,310600
22/12/2008,1090,1115,1070,1110,461950
23/12/2008,1110,1110,1020,1040,515250
24/12/2008,1040,1075,1025,1060,182950
30/12/2008,1075,1105,1055,1055,251450
05/01/2009,1100,1255,1080,1220,807050
06/01/2009,1220,1285,1220,1255,531750
07/01/2009,1260,1370,1260,1350,771050
08/01/2009,1300,1320,1280,1295,479000
09/01/2009,1300,1300,1215,1245,750050
12/01/2009,1240,1305,1230,1295,636100
13/01/2009,1250,1290,1250,1275,353700
14/01/2009,1280,1315,1280,1290,463400
15/01/2009,1265,1270,1245,1250,586400
16/01/2009,1270,1270,1245,1245,274000
19/01/2009,1250,1265,1215,1250,393250
20/01/2009,1235,1255,1190,1255,831250
21/01/2009,1235,1285,1220,1265,690850
22/01/2009,1275,1280,1230,1255,319150
23/01/2009,1235,1245,1230,1240,178000
27/01/2009,1250,1325,1250,1310,387850
28/01/2009,1310,1325,1290,1290,200450
29/01/2009,1300,1340,1285,1290,314700
30/01/2009,1260,1300,1245,1300,421500
02/02/2009,1310,1310,1255,1275,282100
03/02/2009,1275,1285,1235,1245,395650
04/02/2009,1250,1250,1160,1170,849000
05/02/2009,1160,1190,1140,1185,339000
06/02/2009,1200,1210,1185,1190,316500
09/02/2009,1190,1205,1185,1195,219200
10/02/2009,1190,1195,1165,1165,338300
11/02/2009,1145,1145,1080,1090,866700
12/02/2009,1090,1120,1085,1105,409900
13/02/2009,1100,1120,1090,1095,316450
16/02/2009,1095,1140,1090,1110,443150
17/02/2009,1110,1110,1070,1080,470100
18/02/2009,1060,1100,1055,1095,285100
19/02/2009,1090,1115,1080,1110,297150
20/02/2009,1100,1100,1080,1090,216500
23/02/2009,1090,1100,1075,1095,236950
24/02/2009,1080,1100,1075,1095,180400
25/02/2009,1100,1135,1100,1135,643500
26/02/2009,1135,1145,1120,1135,394650
27/02/2009,1130,1155,1125,1130,551900
02/03/2009,1130,1145,1075,1085,301950
03/03/2009,1080,1090,1060,1080,315650
04/03/2009,1075,1105,1070,1100,288500
05/03/2009,1110,1125,1080,1115,424200
06/03/2009,1100,1140,1100,1125,271100
10/03/2009,1125,1140,1125,1130,274700
11/03/2009,1145,1195,1145,1190,938900
12/03/2009,1190,1245,1190,1245,834650
13/03/2009,1250,1315,1250,1300,685350
16/03/2009,1305,1325,1290,1310,254400
17/03/2009,1300,1310,1255,1260,342200
18/03/2009,1265,1360,1265,1340,494900
19/03/2009,1345,1465,1345,1435,815600
20/03/2009,1435,1460,1370,1370,368950
23/03/2009,1395,1520,1395,1490,411100
24/03/2009,1510,1570,1480,1525,502550
25/03/2009,1535,1570,1525,1525,291300
27/03/2009,1560,1600,1560,1580,550800
30/03/2009,1600,1600,1415,1425,804150
31/03/2009,1425,1485,1395,1425,637100
01/04/2009,1460,1555,1450,1545,577650
02/04/2009,1585,1660,1550,1570,691750
03/04/2009,1600,1630,1550,1560,997550
06/04/2009,1580,1580,1490,1525,484350
07/04/2009,1525,1525,1435,1465,719950
08/04/2009,1455,1485,1445,1450,1112300
13/04/2009,1490,1545,1490,1525,552150
14/04/2009,1525,1555,1520,1550,641700
15/04/2009,1545,1580,1525,1545,641400
16/04/2009,1565,1595,1560,1585,731000
17/04/2009,1600,1620,1545,1580,608150
20/04/2009,1580,1605,1575,1595,458800
22/04/2009,1550,1605,1500,1530,515000
23/04/2009,1530,1600,1510,1565,483700
24/04/2009,1565,1590,1530,1545,377800
27/04/2009,1545,1550,1505,1510,251250
28/04/2009,1510,1570,1475,1520,290600
29/04/2009,1530,1590,1520,1575,929200
30/04/2009,1600,1870,1600,1800,1328350
01/05/2009,1785,1810,1745,1770,508500
04/05/2009,1800,1885,1800,1855,466400
05/05/2009,1810,1925,1810,1900,967450
06/05/2009,1900,1930,1880,1895,566200
07/05/2009,1900,1915,1885,1900,769000
08/05/2009,1900,2180,1890,2155,484850
11/05/2009,2160,2160,1945,1975,852600
12/05/2009,1975,1975,1915,1930,513650
13/05/2009,1930,1960,1880,1915,645900
14/05/2009,1885,1900,1820,1835,528900
15/05/2009,1845,1890,1800,1830,334850
18/05/2009,1800,1850,1700,1810,762450
19/05/2009,1890,1995,1890,1975,1137500
20/05/2009,1980,2070,1975,2000,1025700
22/05/2009,1995,2000,1960,1975,706350
25/05/2009,1975,1995,1950,1965,248600
26/05/2009,1980,1990,1900,1910,269050
27/05/2009,1930,2080,1930,2075,894650
28/05/2009,2075,2230,2075,2175,641900
29/05/2009,2200,2230,2075,2080,605500
01/06/2009,2130,2200,2100,2195,392550
02/06/2009,2220,2245,2190,2215,472550
03/06/2009,2230,2250,2200,2210,325750
04/06/2009,2200,2270,2200,2260,368400
05/06/2009,2290,2450,2290,2415,672100
08/06/2009,2435,2450,2365,2370,535850
09/06/2009,2400,2580,2400,2470,725900
10/06/2009,2470,2490,2440,2450,484850
11/06/2009,2450,2450,2350,2360,430400
12/06/2009,2390,2440,2375,2390,470050
15/06/2009,2390,2475,2370,2370,688050
16/06/2009,2340,2340,2265,2320,494600
17/06/2009,2300,2330,2280,2330,526050
18/06/2009,2280,2280,2090,2120,563750
19/06/2009,2140,2260,2080,2205,587950
22/06/2009,2205,2305,2205,2290,433700
23/06/2009,2260,2340,2185,2275,666450
24/06/2009,2290,2355,2290,2335,970350
25/06/2009,2350,2410,2335,2355,534650
26/06/2009,2400,2420,2375,2395,426700
29/06/2009,2400,2400,2360,2400,167600
30/06/2009,2400,2420,2370,2380,219100
01/07/2009,2375,2400,2375,2375,172800
02/07/2009,2365,2375,2325,2325,319900
03/07/2009,2350,2360,2310,2345,279500
06/07/2009,2345,2350,2310,2325,167600
07/07/2009,2330,2355,2265,2350,562650
09/07/2009,2430,2570,2360,2565,1147900
10/07/2009,2565,2565,2495,2505,362950
13/07/2009,2480,2530,2450,2500,1233100
14/07/2009,2550,2560,2500,2505,145350
15/07/2009,2510,2695,2510,2690,509000
16/07/2009,2750,2820,2740,2750,638450
17/07/2009,2700,2770,2660,2725,610550
21/07/2009,2740,2835,2680,2720,1211500
22/07/2009,2750,2750,2600,2635,436050
23/07/2009,2670,2750,2670,2740,406200
24/07/2009,2770,2810,2750,2760,284450
27/07/2009,2770,2800,2685,2705,369350
28/07/2009,2720,2720,2655,2680,456550
29/07/2009,2680,2740,2670,2710,522600
30/07/2009,2710,2810,2710,2810,785600
31/07/2009,2850,2950,2850,2930,838450
03/08/2009,2930,3070,2930,3040,646600
04/08/2009,3060,3130,3030,3105,529050
05/08/2009,3080,3080,2965,2995,544850
06/08/2009,2995,3015,2955,3000,404550
07/08/2009,3000,3100,3000,3100,542050
10/08/2009,3105,3195,3050,3150,574750
11/08/2009,3150,3170,3130,3130,425500
12/08/2009,3130,3130,3070,3095,278350
13/08/2009,3100,3140,3050,3100,383750
14/08/2009,3110,3115,2910,2985,650450
18/08/2009,2900,2910,2810,2880,1009800
19/08/2009,2880,2920,2845,2860,863600
20/08/2009,2860,2915,2825,2860,328100
21/08/2009,2865,2930,2855,2860,354150
24/08/2009,2920,2950,2920,2950,359950
25/08/2009,2950,3000,2910,2945,270250
26/08/2009,2955,2980,2915,2915,173150
27/08/2009,2900,2970,2900,2970,167400
28/08/2009,2975,3040,2930,3000,559600
31/08/2009,3000,3065,2980,3015,364500
01/09/2009,3015,3090,3015,3060,214300
02/09/2009,3060,3060,2880,2930,284750
03/09/2009,2940,2945,2900,2905,238900
04/09/2009,2905,2970,2905,2940,141050
07/09/2009,2950,2970,2925,2950,135900
08/09/2009,2950,2995,2940,2995,200600
09/09/2009,3000,3050,3000,3025,339700
10/09/2009,3060,3265,3025,3120,835500
11/09/2009,3120,3195,3120,3160,132800
14/09/2009,3140,3170,3115,3145,168200
15/09/2009,3150,3405,3145,3385,482850
16/09/2009,3390,3415,3260,3290,298050
17/09/2009,3300,3380,3220,3220,285600
24/09/2009,3240,3250,3100,3180,813800
25/09/2009,3180,3180,3100,3130,297600
28/09/2009,3100,3100,2990,3005,656850
29/09/2009,3040,3200,3040,3190,368450
30/09/2009,3190,3335,3120,3335,522650
01/10/2009,3330,3400,3300,3350,354900
02/10/2009,3290,3335,3240,3265,249450
05/10/2009,3225,3265,3180,3220,558350
06/10/2009,3280,3500,3280,3460,665750
07/10/2009,3480,3530,3450,3475,182200
08/10/2009,3465,3475,3340,3385,458950
09/10/2009,3400,3420,3300,3355,448000
12/10/2009,3350,3435,3335,3360,319600
13/10/2009,3360,3360,3290,3355,296500
14/10/2009,3360,3415,3350,3395,370250
15/10/2009,3430,3475,3355,3370,217250
16/10/2009,3380,3390,3280,3290,357800
19/10/2009,3240,3330,3220,3300,365400
20/10/2009,3310,3365,3310,3320,410000
21/10/2009,3320,3320,3240,3250,439200
22/10/2009,3250,3250,3130,3135,718800
23/10/2009,3200,3265,3175,3265,621050
26/10/2009,3275,3315,3275,3310,204650
27/10/2009,3270,3315,3245,3295,197050
28/10/2009,3280,3300,3180,3195,554750
29/10/2009,3150,3205,2995,3200,922250
30/10/2009,3250,3275,3130,3130,501950
02/11/2009,3050,3110,3000,3105,430000
03/11/2009,3130,3130,3025,3025,538350
04/11/2009,3025,3050,2995,3020,792850
05/11/2009,3020,3020,2975,2980,699250
06/11/2009,3005,3040,2985,3035,515750
09/11/2009,3045,3165,3010,3160,537600
10/11/2009,3200,3225,3090,3105,402600
11/11/2009,3130,3175,3100,3100,232750
12/11/2009,3150,3280,3150,3275,718900
13/11/2009,3270,3280,3250,3270,149650
16/11/2009,3275,3360,3275,3355,277350
17/11/2009,3355,3390,3350,3365,288300
18/11/2009,3345,3450,3170,3425,706700
19/11/2009,3425,3430,3280,3325,468300
20/11/2009,3315,3345,3290,3325,336550
23/11/2009,3325,3335,3270,3315,230600
24/11/2009,3320,3345,3310,3335,239800
25/11/2009,3320,3345,3280,3290,137250
26/11/2009,3290,3310,3165,3200,384500
30/11/2009,3200,3310,3140,3235,719450
01/12/2009,3235,3260,3190,3260,236950
02/12/2009,3300,3305,3175,3255,808650
03/12/2009,3265,3285,3220,3265,306400
04/12/2009,3250,3320,3230,3320,269250
07/12/2009,3320,3385,3290,3340,407550
08/12/2009,3350,3385,3310,3385,186900
09/12/2009,3340,3370,3300,3310,221850
10/12/2009,3320,3330,3310,3325,198700
11/12/2009,3350,3400,3350,3400,273750
14/12/2009,3400,3400,3365,3395,266950
15/12/2009,3395,3415,3370,3410,200800
16/12/2009,3410,3450,3395,3450,261650
17/12/2009,3445,3560,3445,3500,435500
21/12/2009,3450,3450,3350,3390,325600
22/12/2009,3405,3430,3365,3410,188550
23/12/2009,3400,3430,3390,3400,99950
28/12/2009,3430,3460,3405,3420,82350
29/12/2009,3450,3450,3375,3395,83500
30/12/2009,3420,3470,3405,3470,214700
04/01/2010,3465,3550,3465,3530,286750
05/01/2010,3545,3570,3485,3550,313350
06/01/2010,3570,3580,3515,3530,214150
07/01/2010,3550,3560,3415,3420,285800
08/01/2010,3430,3450,3380,3440,397300
11/01/2010,3440,3505,3440,3495,424000
12/01/2010,3500,3540,3480,3540,367350
13/01/2010,3540,3545,3500,3510,227600
14/01/2010,3520,3580,3520,3555,260500
15/01/2010,3555,3620,3550,3620,288350
18/01/2010,3600,3630,3580,3600,174750
19/01/2010,3600,3625,3590,3625,223150
20/01/2010,3620,3650,3570,3580,233450
21/01/2010,3530,3590,3520,3525,187900
22/01/2010,3490,3490,3365,3380,772950
25/01/2010,3330,3365,3320,3340,308250
26/01/2010,3350,3400,3340,3385,394150
27/01/2010,3385,3460,3385,3435,314450
28/01/2010,3465,3600,3465,3600,655250
29/01/2010,3570,3600,3485,3595,544550
01/02/2010,3540,3565,3490,3540,320050
02/02/2010,3570,3625,3570,3600,357400
03/02/2010,3625,3630,3555,3565,220100
04/02/2010,3550,3550,3505,3535,251350
05/02/2010,3400,3480,3385,3435,559100
08/02/2010,3430,3430,3275,3370,998450
09/02/2010,3320,3435,3300,3415,575950
10/02/2010,3430,3450,3395,3425,533900
11/02/2010,3425,3445,3410,3430,151550
12/02/2010,3450,3530,3410,3530,311600
15/02/2010,3500,3540,3450,3495,59950
16/02/2010,3505,3590,3505,3570,231800
17/02/2010,3575,3625,3575,3625,435700
18/02/2010,3625,3670,3600,3600,317400
19/02/2010,3600,3620,3550,3615,92800
22/02/2010,3620,3665,3620,3655,208900
23/02/2010,3630,3695,3570,3690,290100
24/02/2010,3670,3705,3625,3680,181950
25/02/2010,3680,3680,3575,3625,277000
01/03/2010,3650,3730,3650,3685,634550
02/03/2010,3695,3725,3600,3620,401450
03/03/2010,3615,3670,3615,3615,202150
04/03/2010,3640,3650,3590,3605,281450
05/03/2010,3620,3685,3620,3680,596150
08/03/2010,3710,3915,3710,3900,746350
09/03/2010,3900,4070,3900,4025,442000
10/03/2010,4020,4075,3980,3995,232250
11/03/2010,4000,4020,3910,3960,227900
12/03/2010,3970,3980,3890,3900,202750
15/03/2010,3905,3935,3855,3865,301350
17/03/2010,3910,4085,3910,4085,522150
18/03/2010,4110,4215,4005,4020,579700
19/03/2010,4020,4110,4005,4010,356150
22/03/2010,4000,4120,4000,4020,167450
23/03/2010,4060,4160,4045,4080,333750
24/03/2010,4150,4185,4110,4180,259650
25/03/2010,4150,4405,4150,4300,625300
26/03/2010,4300,4355,4300,4315,191650
29/03/2010,4300,4310,4200,4260,264150
30/03/2010,4255,4280,4200,4240,255700
31/03/2010,4250,4320,4190,4190,349900
01/04/2010,4240,4500,4240,4450,432000
05/04/2010,4470,4815,4465,4670,419900
06/04/2010,4670,4670,4470,4530,383300
07/04/2010,4550,4615,4515,4550,294300
08/04/2010,4500,4500,4355,4380,642450
09/04/2010,4390,4420,4310,4345,273900
12/04/2010,4360,4500,4360,4455,286900
13/04/2010,4450,4450,4360,4390,228700
14/04/2010,4405,4435,4330,4335,378900
15/04/2010,4365,4410,4340,4345,171400
16/04/2010,4345,4380,4285,4290,290850
19/04/2010,4245,4320,4190,4310,290750
20/04/2010,4330,4395,4330,4390,364000
21/04/2010,4410,4535,4410,4515,497550
22/04/2010,4510,4550,4445,4545,183000
23/04/2010,4550,4605,4500,4580,268650
26/04/2010,4615,4740,4610,4700,315850
27/04/2010,4680,4700,4620,4620,271500
28/04/2010,4505,4605,4480,4555,407300
29/04/2010,4560,4630,4560,4610,255150
30/04/2010,4680,4720,4645,4715,389900
03/05/2010,4680,4715,4635,4640,208950
04/05/2010,4680,4700,4550,4555,266750
05/05/2010,4450,4500,4340,4345,613050
06/05/2010,4300,4300,4110,4190,1135000
07/05/2010,4050,4095,3965,4020,1246500
10/05/2010,4090,4290,4090,4260,1245950
11/05/2010,4300,4310,4215,4270,905150
12/05/2010,4270,4290,4205,4270,308650
14/05/2010,4260,4290,4220,4260,178550
17/05/2010,4200,4205,4120,4190,516600
18/05/2010,4210,4225,4125,4150,369400
19/05/2010,4100,4100,3950,3960,1213850
20/05/2010,4000,4020,3735,3845,775950
21/05/2010,3730,3810,3655,3800,936000
24/05/2010,3840,3920,3790,3790,475300
25/05/2010,3680,3700,3605,3640,596600
26/05/2010,3650,4050,3650,4005,953300
27/05/2010,3920,4195,3870,4150,673450
31/05/2010,4215,4335,4215,4315,649900
01/06/2010,4300,4315,4195,4275,644300
02/06/2010,4295,4385,4225,4250,341800
03/06/2010,4350,4415,4330,4410,494650
04/06/2010,4385,4505,4370,4495,551350
07/06/2010,4200,4445,4195,4380,390700
08/06/2010,4400,4440,4305,4325,283100
09/06/2010,4320,4325,4265,4315,218850
10/06/2010,4265,4315,4265,4275,146350
11/06/2010,4350,4380,4300,4300,201000
14/06/2010,4360,4430,4325,4425,268000
15/06/2010,4440,4655,4440,4600,743000
16/06/2010,4685,4720,4645,4645,390650
17/06/2010,4600,4710,4590,4665,498950
18/06/2010,4700,4910,4700,4855,652150
21/06/2010,4900,5025,4735,4825,460900
22/06/2010,4825,4880,4800,4835,201350
23/06/2010,4780,4790,4655,4760,318450
24/06/2010,4730,4865,4705,4810,234700
25/06/2010,4800,4855,4780,4840,203200
28/06/2010,4870,4875,4785,4810,109400
29/06/2010,4810,4890,4670,4750,272900
30/06/2010,4680,4830,4645,4830,417250
01/07/2010,4800,4870,4720,4750,343900
02/07/2010,4750,4770,4600,4630,494050
05/07/2010,4630,4700,4630,4670,90900
06/07/2010,4600,4690,4590,4685,250750
07/07/2010,4675,4685,4605,4625,218500
08/07/2010,4725,4795,4690,4700,638500
09/07/2010,4750,4770,4725,4735,284400
12/07/2010,4700,4745,4700,4730,326050
13/07/2010,4730,4825,4730,4820,296900
14/07/2010,4870,4960,4855,4945,395250
15/07/2010,4900,5005,4900,4985,247900
16/07/2010,4985,4990,4955,4975,134850
19/07/2010,4900,4980,4855,4930,187600
20/07/2010,5000,5010,4805,4980,413950
21/07/2010,5005,5020,4985,4985,551650
22/07/2010,5010,5010,4895,4975,184000
23/07/2010,5020,5060,5000,5010,244300
26/07/2010,5040,5070,4980,4980,207900
27/07/2010,5050,5105,5045,5050,254250
28/07/2010,5100,5125,5075,5120,193900
29/07/2010,5200,5280,5180,5275,280850
30/07/2010,5275,5280,5010,5070,433800
02/08/2010,5110,5115,4980,4995,410700
03/08/2010,5030,5030,4700,4750,1377750
04/08/2010,4750,4760,4625,4650,1419950
05/08/2010,4710,4890,4710,4875,1051250
06/08/2010,4910,4915,4810,4880,485000
09/08/2010,4880,4880,4835,4880,267800
10/08/2010,4855,4860,4750,4750,524850
11/08/2010,4700,4760,4655,4680,395150
12/08/2010,4650,4765,4625,4760,431300
13/08/2010,4780,4840,4780,4830,380450
16/08/2010,4820,4850,4760,4830,182600
18/08/2010,4845,4865,4780,4830,330050
19/08/2010,4850,4900,4800,4880,456600
20/08/2010,4850,4890,4850,4880,160000
23/08/2010,4880,4975,4850,4975,345600
24/08/2010,4990,5000,4855,4900,326250
25/08/2010,4890,4935,4790,4865,303850
26/08/2010,4910,4910,4805,4840,267950
27/08/2010,4840,4875,4735,4750,428500
30/08/2010,4820,4830,4735,4780,206350
31/08/2010,4770,4790,4720,4760,377950
01/09/2010,4780,4940,4770,4940,602750
02/09/2010,4980,5035,4950,5005,614250
03/09/2010,5005,5090,4995,5000,415800
06/09/2010,5020,5245,5020,5240,631550
07/09/2010,5280,5360,5280,5350,304800
15/09/2010,5470,6075,5470,5780,913900
16/09/2010,5700,5700,5425,5530,530800
17/09/2010,5600,5670,5385,5470,384400
20/09/2010,5470,5480,5400,5450,262450
21/09/2010,5570,5595,5450,5520,417900
22/09/2010,5550,5580,5455,5500,191650
23/09/2010,5500,5525,5390,5485,197750
24/09/2010,5485,5645,5465,5600,381800
27/09/2010,5750,5880,5705,5810,358900
28/09/2010,5800,6040,5655,5695,605350
29/09/2010,5750,5790,5600,5615,346350
30/09/2010,5615,5670,5600,5670,240100
01/10/2010,5770,5960,5750,5960,319250
04/10/2010,6000,6020,5940,6000,348300
05/10/2010,5960,5960,5870,5895,261750
06/10/2010,5960,5970,5805,5895,242850
07/10/2010,5870,5870,5750,5845,262850
08/10/2010,5840,5840,5655,5695,555500
11/10/2010,5750,5760,5625,5640,574800
12/10/2010,5635,5750,5625,5715,268050
13/10/2010,5760,5775,5700,5750,254350
14/10/2010,5800,5835,5755,5760,439800
15/10/2010,5780,5785,5620,5625,780050
18/10/2010,5600,5665,5590,5595,289650
19/10/2010,5605,5675,5555,5610,336550
20/10/2010,5550,5670,5550,5630,249100
21/10/2010,5700,5710,5585,5615,319250
22/10/2010,5630,5640,5600,5615,183750
25/10/2010,5615,5750,5615,5730,340450
26/10/2010,5740,5770,5680,5695,268150
27/10/2010,5750,5750,5660,5680,219500
28/10/2010,5660,5700,5640,5645,151950
29/10/2010,5680,5720,5640,5700,238100
01/11/2010,5775,5790,5705,5745,265400
02/11/2010,5740,5740,5655,5655,224400
03/11/2010,5655,5675,5490,5560,550300
04/11/2010,5570,5600,5490,5510,576050
05/11/2010,5590,5695,5550,5670,452250
08/11/2010,5670,5740,5650,5740,333350
09/11/2010,5740,5830,5680,5815,591100
10/11/2010,5820,5840,5700,5745,302600
11/11/2010,5755,5780,5650,5650,292150
12/11/2010,5670,5720,5550,5680,434300
15/11/2010,5700,5715,5600,5625,151250
16/11/2010,5625,5650,5505,5600,483600
18/11/2010,5650,5650,5485,5490,562200
19/11/2010,5530,5560,5450,5530,510450
22/11/2010,5550,5560,5490,5500,288750
23/11/2010,5500,5500,5375,5420,541350
24/11/2010,5420,5425,5320,5375,351150
25/11/2010,5425,5555,5425,5545,313900
26/11/2010,5560,5580,5405,5415,262850
29/11/2010,5400,5445,5335,5435,304850
30/11/2010,5435,5440,5175,5190,872100
01/12/2010,5235,5290,5215,5245,430150
02/12/2010,5350,5480,5350,5405,461850
03/12/2010,5350,5405,5265,5275,595200
06/12/2010,5300,5320,5250,5290,470050
08/12/2010,5300,5460,5290,5455,787000
09/12/2010,5480,5490,5385,5455,496800
10/12/2010,5425,5450,5300,5390,378650
13/12/2010,5390,5390,5270,5300,301400
14/12/2010,5300,5300,5240,5280,324200
15/12/2010,5280,5280,5180,5280,429650
16/12/2010,5230,5230,4975,4990,1247550
17/12/2010,4990,5095,4880,5030,633600
20/12/2010,5050,5135,5005,5125,343300
21/12/2010,5125,5265,5125,5245,550450
22/12/2010,5250,5255,5220,5240,276550
23/12/2010,5240,5260,5200,5255,168250
27/12/2010,5255,5350,5240,5350,219250
28/12/2010,5370,5390,5300,5345,101600
29/12/2010,5385,5415,5345,5400,179450
30/12/2010,5420,5460,5375,5455,406000
03/01/2011,5470,5505,5405,5440,300450
04/01/2011,5450,5470,5200,5250,675800
05/01/2011,5230,5235,5155,5205,522900
06/01/2011,5190,5190,5070,5100,764400
07/01/2011,5080,5080,4875,4900,1664150
10/01/2011,4800,4825,4575,4755,2282250
11/01/2011,4800,4940,4675,4740,1823550
12/01/2011,4740,4875,4730,4840,632500
13/01/2011,4930,4955,4770,4800,876300
14/01/2011,4825,4825,4700,4800,360700
17/01/2011,4730,4785,4720,4745,219500
18/01/2011,4740,4765,4685,4700,265050
19/01/2011,4730,4900,4680,4900,470400
20/01/2011,4840,4855,4715,4780,444350
21/01/2011,4650,4730,4525,4715,701150
24/01/2011,4715,4755,4665,4680,387300
25/01/2011,4720,4975,4720,4920,882500
26/01/2011,4925,5105,4870,5040,798900
27/01/2011,5020,5225,5010,5120,967400
28/01/2011,5120,5165,5005,5135,472000
31/01/2011,4890,4970,4850,4890,896200
01/02/2011,4890,5020,4860,4860,568650
02/02/2011,4950,4990,4775,4835,869800
04/02/2011,4835,4880,4750,4870,380950
07/02/2011,4920,4985,4875,4950,582550
08/02/2011,4950,4995,4795,4885,944350
09/02/2011,4850,4870,4775,4825,359050
10/02/2011,4750,4845,4740,4825,516300
11/02/2011,4825,4865,4760,4840,949850
14/02/2011,4900,4965,4900,4955,428200
16/02/2011,4910,4950,4860,4930,430750
17/02/2011,4950,5135,4950,5100,928150
18/02/2011,5170,5345,5170,5300,952350
21/02/2011,5300,5330,5195,5205,231000
22/02/2011,5150,5260,5130,5165,647900
23/02/2011,5110,5250,5110,5190,499500
24/02/2011,5150,5185,5100,5140,469100
25/02/2011,5160,5225,5150,5155,444500
28/02/2011,5170,5205,5145,5205,373550
01/03/2011,5235,5425,5230,5400,963900
02/03/2011,5350,5400,5330,5400,342700
03/03/2011,5365,5490,5365,5455,358800
04/03/2011,5500,5550,5480,5490,495150
07/03/2011,5490,5540,5450,5490,209200
08/03/2011,5500,5540,5500,5520,268850
09/03/2011,5550,5650,5550,5645,663100
10/03/2011,5645,5645,5560,5630,243250
11/03/2011,5625,5625,5385,5440,302400
14/03/2011,5400,5550,5395,5535,284700
15/03/2011,5460,5500,5395,5490,528400
16/03/2011,5490,5500,5385,5430,333600
17/03/2011,5395,5405,5280,5350,496050
18/03/2011,5350,5400,5340,5400,231200
21/03/2011,5450,5515,5440,5515,303750
22/03/2011,5515,5525,5440,5505,252100
23/03/2011,5505,5585,5460,5585,222900
24/03/2011,5585,5695,5535,5680,368450
25/03/2011,5710,5825,5710,5790,529450
28/03/2011,5700,5780,5655,5690,159250
29/03/2011,5590,5590,5450,5470,397350
30/03/2011,5470,5645,5465,5625,300350
31/03/2011,5650,5700,5485,5700,288700
01/04/2011,5700,5795,5700,5790,408050
04/04/2011,5805,5845,5605,5645,309100
05/04/2011,5620,5665,5580,5665,169700
06/04/2011,5700,5825,5670,5810,337150
07/04/2011,5850,5850,5685,5760,362000
08/04/2011,5790,5790,5630,5675,405200
11/04/2011,5650,5775,5650,5680,337700
12/04/2011,5680,5680,5590,5615,325450
13/04/2011,5600,5650,5590,5610,258650
14/04/2011,5590,5590,5470,5485,603450
15/04/2011,5485,5540,5485,5510,319450
18/04/2011,5500,5515,5415,5440,370550
19/04/2011,5440,5440,5360,5365,408400
20/04/2011,5415,5525,5410,5515,445350
21/04/2011,5550,5600,5515,5580,409350
25/04/2011,5580,5600,5475,5490,212350
26/04/2011,5490,5490,5375,5410,440900
27/04/2011,5460,5525,5460,5515,218700
28/04/2011,5550,5585,5520,5560,161750
29/04/2011,5580,5630,5575,5615,459500
02/05/2011,5615,5670,5615,5665,191550
03/05/2011,5625,5645,5600,5615,258800
04/05/2011,5620,5655,5580,5640,201450
05/05/2011,5640,5655,5605,5625,162450
06/05/2011,5620,5695,5610,5650,205050
09/05/2011,5650,5670,5630,5640,90800
10/05/2011,5660,5710,5660,5695,217900
11/05/2011,5700,5925,5700,5925,894100
12/05/2011,5910,5915,5815,5815,282750
13/05/2011,5830,5950,5815,5850,287100
16/05/2011,5850,5950,5850,5905,190150
18/05/2011,5920,6000,5915,5970,338250
19/05/2011,6000,6110,6000,6110,681650
20/05/2011,6110,6215,6110,6200,663750
23/05/2011,6100,6100,5855,5920,405800
24/05/2011,5920,5930,5785,5810,424950
25/05/2011,5800,5810,5730,5810,199850
26/05/2011,5860,5980,5860,5930,231800
27/05/2011,5830,6000,5830,5920,324850
30/05/2011,5900,5920,5860,5905,135950
31/05/2011,5955,5965,5850,5875,559200
01/06/2011,5875,5985,5860,5910,281750
03/06/2011,5890,5925,5830,5895,272450
06/06/2011,5860,5955,5845,5930,126500
07/06/2011,5930,5975,5895,5960,237550
08/06/2011,5920,5950,5875,5950,251800
09/06/2011,5900,5910,5860,5880,194950
10/06/2011,5880,5900,5735,5745,403650
13/06/2011,5700,5700,5595,5640,421350
14/06/2011,5600,5735,5600,5735,307050
15/06/2011,5780,5910,5775,5900,423400
16/06/2011,5830,5895,5745,5815,395650
17/06/2011,5800,5850,5735,5830,320550
20/06/2011,5830,5880,5815,5845,214100
21/06/2011,5845,5910,5830,5910,284550
22/06/2011,5925,6010,5925,6000,326550
23/06/2011,6000,6160,5950,6080,441100
24/06/2011,6110,6200,6090,6190,296000
27/06/2011,6130,6130,6050,6105,122150
28/06/2011,6150,6215,6150,6155,324550
30/06/2011,6200,6425,6200,6355,502050
01/07/2011,6500,6700,6480,6555,599750
04/07/2011,6575,6850,6575,6850,412300
05/07/2011,6800,6800,6600,6630,256250
06/07/2011,6555,6630,6505,6510,260550
07/07/2011,6490,6640,6460,6585,421850
08/07/2011,6660,6860,6660,6780,363000
11/07/2011,6730,6860,6670,6800,331050
12/07/2011,6800,6845,6665,6705,273700
13/07/2011,6710,6820,6710,6800,229100
14/07/2011,6830,6895,6830,6895,164400
15/07/2011,6900,7040,6900,7040,306400
18/07/2011,7050,7320,7050,7260,319650
19/07/2011,7200,7200,7120,7150,219950
20/07/2011,7230,7320,7140,7195,272850
21/07/2011,7195,7195,7120,7125,224350
22/07/2011,7200,7350,7130,7290,226500
25/07/2011,7240,7305,7200,7245,265500
26/07/2011,7245,7400,7200,7395,270700
27/07/2011,7395,7595,7390,7500,264350
28/07/2011,7450,7450,7170,7175,543800
29/07/2011,7190,7195,6965,7050,510100
01/08/2011,7150,7240,6980,7165,553700
02/08/2011,7100,7150,7000,7120,393600
03/08/2011,7000,7150,6900,7065,445550
04/08/2011,7080,7120,6955,7040,375400
05/08/2011,6700,6880,6665,6720,793550
08/08/2011,6550,6735,6410,6505,801150
09/08/2011,6180,6730,6085,6410,1178700
10/08/2011,6650,6860,6650,6780,1050300
11/08/2011,6750,6805,6675,6740,596850
12/08/2011,6800,6850,6695,6715,662800
15/08/2011,6750,7020,6750,7000,550750
16/08/2011,7070,7100,6950,7000,511700
18/08/2011,7050,7275,7050,7275,619800
19/08/2011,7000,7030,6605,6610,1725600
22/08/2011,6680,6790,6555,6775,608550
23/08/2011,6740,6795,6655,6725,485200
24/08/2011,6750,6795,6715,6715,261450
25/08/2011,6765,6810,6735,6740,253550
26/08/2011,6625,6780,6605,6615,417350
05/09/2011,6665,6840,6665,6780,812250
06/09/2011,6780,6850,6710,6850,331250
07/09/2011,6900,7150,6870,7125,651050
08/09/2011,7130,7180,7045,7100,344800
09/09/2011,7150,7170,7020,7030,225350
12/09/2011,6925,7020,6860,6940,299750
13/09/2011,6940,7025,6850,6900,313500
14/09/2011,6900,6970,6635,6675,681800
15/09/2011,6700,6750,6435,6530,741800
16/09/2011,6650,6700,6580,6590,343750
19/09/2011,6590,6640,6475,6500,247650
20/09/2011,6500,6550,6340,6540,642300
21/09/2011,6540,6540,6350,6405,414750
22/09/2011,6150,6150,5705,5800,1404700
23/09/2011,5510,5925,5500,5885,681600
26/09/2011,5885,5890,5510,5700,582900
27/09/2011,5875,6095,5875,6055,539000
28/09/2011,6055,6280,6035,6220,598350
29/09/2011,6130,6415,6120,6405,578850
30/09/2011,6490,6560,6320,6365,545800
03/10/2011,6300,6300,5875,5895,526300
04/10/2011,5800,5985,5800,5870,486450
05/10/2011,5900,5960,5730,5730,442100
06/10/2011,5910,6110,5910,6070,646900
07/10/2011,6200,6395,6195,6325,642700
10/10/2011,6300,6510,6250,6415,390900
11/10/2011,6600,6700,6575,6590,536450
12/10/2011,6400,6650,6390,6595,459800
13/10/2011,6650,6790,6590,6790,530150
14/10/2011,6790,6800,6680,6695,140000
17/10/2011,6750,6900,6750,6900,221600
18/10/2011,6800,6825,6695,6805,335700
19/10/2011,6900,6950,6875,6930,243200
20/10/2011,6920,6920,6705,6780,240250
21/10/2011,6750,6750,6540,6610,466150
24/10/2011,6800,6820,6730,6805,347250
25/10/2011,6830,6855,6780,6830,335950
26/10/2011,6820,6870,6750,6840,300400
27/10/2011,6870,6900,6860,6895,369600
28/10/2011,6950,7000,6930,6990,472900
31/10/2011,6990,6990,6750,6900,259900
01/11/2011,6880,6895,6650,6650,229450
02/11/2011,6600,6900,6550,6900,282900
03/11/2011,6850,6850,6610,6730,462950
04/11/2011,6830,6890,6800,6830,349150
07/11/2011,6830,6870,6770,6785,102450
08/11/2011,6800,6860,6800,6850,83500
09/11/2011,6910,7080,6910,7080,675750
10/11/2011,6870,6920,6830,6915,235000
11/11/2011,6975,6990,6930,6950,152650
14/11/2011,7050,7200,7050,7200,393500
15/11/2011,7100,7190,7075,7130,181600
16/11/2011,7100,7140,7000,7135,199850
17/11/2011,7000,7070,6940,6940,218500
18/11/2011,6880,6910,6820,6870,256350
21/11/2011,6760,6815,6750,6765,203150
22/11/2011,6730,6935,6710,6935,272950
23/11/2011,6800,6865,6735,6800,191900
24/11/2011,6700,6995,6700,6940,280750
25/11/2011,6925,6925,6805,6810,145200
28/11/2011,6900,6960,6900,6915,165950
29/11/2011,6990,7160,6980,7095,404550
30/11/2011,7045,7125,6925,7090,326650
01/12/2011,7230,7255,7150,7150,420550
02/12/2011,7100,7150,7050,7100,232600
05/12/2011,7100,7180,7050,7155,104300
06/12/2011,7170,7195,7090,7165,159450
07/12/2011,7180,7295,7165,7295,236750
08/12/2011,7290,7290,7225,7265,180400
09/12/2011,7200,7305,7195,7305,184200
12/12/2011,7370,7500,7355,7495,284400
13/12/2011,7350,7495,7350,7495,444250
14/12/2011,7480,7480,7200,7200,303650
15/12/2011,7150,7165,6830,6905,624350
16/12/2011,6980,7205,6980,7115,413850
19/12/2011,7250,7250,7070,7215,205400
20/12/2011,7215,7290,7155,7170,158200
21/12/2011,7290,7320,7235,7305,249000
22/12/2011,7250,7370,7250,7360,143950
23/12/2011,7350,7430,7350,7370,122150
27/12/2011,7400,7450,7260,7400,68700
28/12/2011,7300,7400,7260,7325,102900
29/12/2011,7180,7400,7180,7400,147500
30/12/2011,7400,7445,7350,7400,75550
02/01/2012,7400,7400,7350,7370,23650
03/01/2012,7400,7500,7400,7500,164200
04/01/2012,7600,7790,7595,7715,258600
05/01/2012,7800,7860,7620,7745,227000
06/01/2012,7750,7750,7650,7730,90350
09/01/2012,7720,7720,7525,7600,217400
10/01/2012,7550,7695,7550,7695,159600
11/01/2012,7600,7745,7560,7560,211450
12/01/2012,7615,7660,7495,7545,203300
13/01/2012,7550,7695,7550,7675,156450
16/01/2012,7680,7680,7550,7620,151100
17/01/2012,7660,7735,7620,7730,255000
18/01/2012,7750,7800,7665,7780,299350
19/01/2012,7850,7900,7830,7880,279300
20/01/2012,7950,7965,7740,7895,404450
24/01/2012,7905,7905,7835,7865,149800
25/01/2012,7900,7920,7770,7800,164750
26/01/2012,7850,7890,7700,7835,337150
27/01/2012,7730,7940,7730,7940,368400
30/01/2012,7890,7890,7690,7710,412550
31/01/2012,7800,7895,7725,7890,566200
01/02/2012,7850,7920,7720,7770,347850
02/02/2012,7800,7835,7705,7805,519850
03/02/2012,7805,7875,7800,7875,189950
06/02/2012,7900,7920,7700,7700,347450
07/02/2012,7790,7795,7555,7565,572250
08/02/2012,7500,7560,7480,7485,615350
09/02/2012,7480,7480,7235,7295,1025400
10/02/2012,7205,7220,7095,7120,781100
13/02/2012,7190,7350,7175,7335,559100
14/02/2012,7350,7370,7245,7370,256650
15/02/2012,7310,7370,7260,7295,292350
16/02/2012,7260,7270,7135,7150,490750
17/02/2012,7295,7410,7270,7390,445250
20/02/2012,7450,7450,7340,7395,264150
21/02/2012,7465,7465,7350,7380,227300
22/02/2012,7365,7365,7200,7235,436250
23/02/2012,7150,7150,7070,7085,546250
24/02/2012,7030,7030,6755,6825,1381750
27/02/2012,6810,6875,6710,6870,499650
28/02/2012,6950,6995,6935,6980,1199550
29/02/2012,6980,7090,6980,7085,437100
01/03/2012,7035,7065,6960,6965,289300
02/03/2012,6960,7010,6950,7000,305400
05/03/2012,7000,7010,6945,6960,159750
06/03/2012,6940,7015,6875,6945,373550
07/03/2012,6900,6945,6880,6915,184450
08/03/2012,6930,7000,6915,6985,287650
09/03/2012,6995,7075,6995,7020,306250
12/03/2012,7080,7080,6960,6980,156400
13/03/2012,7070,7070,7020,7060,274500
14/03/2012,7120,7320,7120,7305,910150
15/03/2012,7350,7420,7305,7305,523850
16/03/2012,7400,7400,7075,7100,682400
19/03/2012,7070,7175,7030,7050,316850
20/03/2012,7000,7025,6965,6985,357850
21/03/2012,6985,7175,6955,7165,417850
22/03/2012,7200,7235,7165,7220,290050
26/03/2012,7270,7270,7055,7160,355150
27/03/2012,7240,7285,7165,7285,267900
28/03/2012,7220,7230,7150,7155,259700
29/03/2012,7150,7300,7140,7295,327950
30/03/2012,7300,7410,7295,7395,530950
02/04/2012,7445,7525,7435,7520,509100
03/04/2012,7600,7710,7600,7675,654350
04/04/2012,7650,7650,7400,7400,321400
05/04/2012,7320,7500,7300,7475,161600
09/04/2012,7425,7570,7410,7525,137700
10/04/2012,7575,7575,7410,7410,120650
11/04/2012,7300,7420,7285,7330,260350
12/04/2012,7350,7400,7280,7380,334950
13/04/2012,7480,7480,7310,7430,158600
16/04/2012,7430,7450,7335,7355,114600
17/04/2012,7450,7460,7375,7405,175250
18/04/2012,7460,7480,7350,7385,174050
19/04/2012,7400,7420,7255,7275,350200
20/04/2012,7325,7330,7260,7330,195850
23/04/2012,7360,7365,7160,7220,317200
24/04/2012,7270,7270,7125,7140,316400
25/04/2012,7140,7160,7075,7090,448550
26/04/2012,7100,7140,7065,7075,472450
27/04/2012,7120,7200,7065,7070,528450
30/04/2012,7070,7115,7070,7100,165050
01/05/2012,7150,7180,7105,7175,124550
02/05/2012,7200,7365,7185,7365,560200
03/05/2012,7400,7420,7350,7420,295600
04/05/2012,7425,7425,7270,7270,148350
07/05/2012,7160,7195,7100,7150,408050
08/05/2012,7190,7205,7070,7090,449950
09/05/2012,7040,7050,6960,6965,611500
10/05/2012,6955,7020,6880,6895,515200
11/05/2012,6890,6940,6870,6885,203350
14/05/2012,6930,6975,6855,6860,193000
15/05/2012,6800,6845,6760,6795,512600
16/05/2012,6700,6840,6680,6840,446450
21/05/2012,6700,6715,6560,6685,645600
22/05/2012,6750,6895,6730,6885,479250
23/05/2012,6845,6845,6695,6775,296200
24/05/2012,6770,6805,6735,6775,245850
25/05/2012,6740,6740,6570,6585,506400
28/05/2012,6550,6670,6425,6600,165300
29/05/2012,6500,6550,6465,6520,267800
30/05/2012,6495,6680,6455,6600,352450
31/05/2012,6500,6515,6420,6430,634100
01/06/2012,6400,6420,6300,6335,45595
04/06/2012,6200,6355,6120,6240,44140
05/06/2012,6600,6650,6400,6600,270145
06/06/2012,6650,7000,6600,6950,419690
07/06/2012,7100,7150,6700,6800,452180
08/06/2012,6750,6800,6600,6650,145505
11/06/2012,6750,6850,6550,6600,436675
12/06/2012,6550,6650,6450,6650,175950
13/06/2012,6750,6950,6650,6850,670725
14/06/2012,6900,6900,6600,6650,332625
15/06/2012,6700,6800,6550,6600,563895
18/06/2012,6750,6850,6700,6750,432505
19/06/2012,6650,6800,6650,6750,184265
20/06/2012,6750,6850,6700,6800,233065
21/06/2012,6800,6850,6600,6650,353925
22/06/2012,6600,6900,6600,6850,570920
25/06/2012,6800,6850,6700,6700,182920
26/06/2012,6700,6800,6700,6750,293655
27/06/2012,6750,6950,6750,6800,389985
28/06/2012,6800,6850,6650,6650,330805
29/06/2012,6650,6900,6650,6850,518590
02/07/2012,6900,7000,6850,6900,343035
03/07/2012,6950,7000,6900,6950,235505
04/07/2012,6950,7100,6950,7050,473185
05/07/2012,7050,7100,7000,7050,206540
06/07/2012,7050,7100,6900,6950,214290
09/07/2012,6900,6950,6750,6750,346870
10/07/2012,6750,6850,6700,6800,286020
11/07/2012,6800,6800,6750,6800,289800
12/07/2012,6750,6800,6650,6650,366235
13/07/2012,6750,6800,6700,6700,292970
16/07/2012,6750,6850,6700,6700,277255
17/07/2012,6750,6850,6750,6800,293375
18/07/2012,6750,6850,6750,6800,291275
19/07/2012,6850,6850,6750,6800,208610
20/07/2012,6750,6750,6600,6600,509640
23/07/2012,6500,6550,6400,6400,498415
24/07/2012,6400,6500,6350,6350,325025
25/07/2012,6300,6400,6250,6350,542420
26/07/2012,6350,6450,6250,6450,413975
27/07/2012,6500,6750,6500,6650,706895
30/07/2012,6700,6800,6650,6700,467695
31/07/2012,6750,7000,6700,7000,865180
01/08/2012,7000,7100,6900,7100,407910
02/08/2012,7050,7100,7000,7000,261530
03/08/2012,6900,7000,6850,7000,281175
06/08/2012,7100,7100,6950,6950,167370
07/08/2012,7000,7050,6900,6950,219365
08/08/2012,6950,7100,6900,7050,324005
09/08/2012,7100,7200,7050,7150,515470
10/08/2012,7150,7250,7100,7200,303905
13/08/2012,7150,7250,7100,7100,203625
14/08/2012,7150,7200,7100,7200,167165
15/08/2012,7200,7350,7150,7350,316575
16/08/2012,7350,7400,7250,7300,364525
23/08/2012,7200,7250,7000,7100,429375
24/08/2012,7000,7150,6950,7100,219360
27/08/2012,7100,7150,7050,7100,54400
28/08/2012,7150,7150,7050,7150,166720
29/08/2012,7100,7150,6950,7000,307615
30/08/2012,6900,6950,6750,6800,337925
31/08/2012,6750,6800,6600,6750,513700
03/09/2012,6750,6900,6700,6900,254435
04/09/2012,6900,7050,6900,6900,296355
05/09/2012,6850,7000,6850,6900,228945
06/09/2012,6900,7000,6850,7000,235155
07/09/2012,7100,7150,7000,7100,488425
10/09/2012,7150,7400,7100,7400,825500
11/09/2012,7300,7350,7250,7250,194625
12/09/2012,7300,7350,7250,7350,295675
13/09/2012,7300,7300,7200,7300,131180
14/09/2012,7350,7500,7350,7400,549630
17/09/2012,7450,7550,7400,7450,378670
18/09/2012,7450,7500,7400,7450,147995
19/09/2012,7450,7500,7400,7400,221425
20/09/2012,7400,7450,7250,7250,176835
21/09/2012,7300,7400,7250,7400,206495
24/09/2012,7300,7400,7300,7350,149555
25/09/2012,7400,7500,7350,7400,174890
26/09/2012,7350,7350,7100,7200,405785
27/09/2012,7200,7350,7150,7300,268725
28/09/2012,7350,7400,7300,7400,385790
01/10/2012,7350,7400,7250,7300,207510
02/10/2012,7350,7450,7350,7400,206385
03/10/2012,7500,7500,7400,7400,182210
04/10/2012,7400,7750,7400,7750,764710
05/10/2012,7850,8300,7850,8200,1063100
08/10/2012,8150,8300,7950,8000,533010
09/10/2012,8000,8250,7950,8100,355965
10/10/2012,8050,8050,7950,8050,334310
11/10/2012,7950,8000,7900,8000,342185
12/10/2012,8000,8050,7950,7950,280840
15/10/2012,7900,7950,7750,7850,486115
16/10/2012,7900,8050,7850,8050,334240
17/10/2012,8050,8100,7950,7950,294350
18/10/2012,8100,8200,8050,8200,440660
19/10/2012,8200,8200,8000,8050,264045
22/10/2012,8000,8100,7950,8000,208465
23/10/2012,8000,8100,7900,7950,192240
24/10/2012,8000,8050,7950,8050,170680
25/10/2012,8000,8050,7950,7950,206110
29/10/2012,7950,8000,7850,7850,526765
30/10/2012,7850,8000,7850,8000,207260
31/10/2012,7950,8050,7900,8050,190845
01/11/2012,7950,8000,7800,7900,522120
02/11/2012,7900,7950,7800,7900,281500
05/11/2012,7900,7900,7700,7750,310875
06/11/2012,7750,7800,7550,7650,455180
07/11/2012,7700,7800,7700,7750,306700
08/11/2012,7700,7800,7600,7800,229235
09/11/2012,7750,7800,7700,7800,218685
12/11/2012,7800,7850,7650,7650,274450
13/11/2012,7650,7700,7650,7650,115840
14/11/2012,7700,7750,7600,7750,192770
19/11/2012,7800,7800,7700,7800,328110
20/11/2012,7800,7850,7650,7700,287555
21/11/2012,7750,7750,7650,7700,204805
22/11/2012,7650,7800,7650,7750,173420
23/11/2012,7700,7800,7650,7800,143340
26/11/2012,7750,7950,7750,7900,357925
27/11/2012,7900,7950,7750,7800,261090
28/11/2012,7700,7750,7250,7400,1131060
29/11/2012,7350,7400,7200,7350,759685
30/11/2012,7350,7400,7200,7250,620505
03/12/2012,7250,7300,7050,7200,591175
04/12/2012,7200,7200,6800,6900,1186840
05/12/2012,6900,7100,6850,7050,821705
06/12/2012,7100,7150,7050,7050,495235
07/12/2012,7000,7100,7000,7050,445675
10/12/2012,7050,7100,7000,7100,234345
11/12/2012,7100,7250,7050,7150,615330
12/12/2012,7200,7450,7200,7450,418790
13/12/2012,7450,7600,7400,7450,330440
14/12/2012,7500,7550,7400,7450,124770
17/12/2012,7450,7600,7450,7550,349005
18/12/2012,7600,7650,7500,7650,309850
19/12/2012,7700,7700,7550,7700,319390
20/12/2012,7650,7650,7450,7500,250800
21/12/2012,7500,7550,7400,7500,196955
26/12/2012,7450,7500,7300,7400,143945
27/12/2012,7450,7550,7400,7550,208795
28/12/2012,7550,7650,7500,7600,336285
02/01/2013,7600,7700,7450,7500,233740
03/01/2013,7500,7900,7500,7850,702050
04/01/2013,7800,7850,7750,7850,294850
07/01/2013,7850,7850,7700,7750,208900
08/01/2013,7750,7800,7600,7650,242695
09/01/2013,7700,7750,7650,7700,389070
10/01/2013,7650,7700,7300,7350,502905
11/01/2013,7350,7500,7300,7300,334225
14/01/2013,7400,7500,7350,7500,280140
15/01/2013,7500,7600,7500,7600,324510
16/01/2013,7550,7650,7500,7650,235950
17/01/2013,7600,7650,7500,7500,277640
18/01/2013,7600,7750,7550,7750,343050
21/01/2013,7750,7800,7650,7700,164420
22/01/2013,7700,7750,7650,7750,311185
23/01/2013,7750,7800,7700,7800,252105
25/01/2013,7800,7850,7700,7800,429265
28/01/2013,7750,7800,7650,7750,211545
29/01/2013,7750,7800,7650,7700,263250
30/01/2013,7750,7750,7550,7600,350040
31/01/2013,7550,7600,7350,7350,650340
01/02/2013,7400,7550,7400,7450,461735
04/02/2013,7500,7650,7500,7600,479800
05/02/2013,7550,7600,7450,7600,209360
06/02/2013,7650,7700,7550,7550,203435
07/02/2013,7600,7700,7600,7650,247020
08/02/2013,7650,7800,7650,7750,471175
11/02/2013,7750,7800,7700,7700,87155
12/02/2013,7700,7800,7650,7750,123230
13/02/2013,7800,7800,7700,7800,309040
14/02/2013,7800,7800,7700,7750,287070
15/02/2013,7750,7750,7700,7750,173440
18/02/2013,7750,7800,7700,7700,139815
19/02/2013,7650,7750,7600,7700,276450
20/02/2013,7700,7750,7650,7750,293090
21/02/2013,7750,7900,7750,7750,572450
22/02/2013,7750,7850,7700,7800,316500
25/02/2013,7850,7900,7800,7850,298870
26/02/2013,7850,7900,7750,7800,297100
27/02/2013,7900,7950,7850,7900,442160
28/02/2013,7950,8000,7850,7950,355710
01/03/2013,8000,8150,7950,8100,583680
04/03/2013,8100,8150,7950,8050,328070
05/03/2013,8050,8150,8000,8100,360760
06/03/2013,8100,8150,8000,8100,288895
07/03/2013,8150,8200,8100,8200,365415
08/03/2013,8200,8300,8200,8300,353255
11/03/2013,8300,8300,8050,8050,294525
13/03/2013,8000,8050,7850,7950,447215
14/03/2013,7950,8000,7750,7750,532765
15/03/2013,7750,7900,7600,7600,926770
18/03/2013,7650,7750,7650,7700,381500
19/03/2013,7750,7800,7650,7650,329075
20/03/2013,7700,7750,7650,7700,340155
21/03/2013,7650,7700,7550,7600,372340
22/03/2013,7500,7650,7500,7500,414300
25/03/2013,7650,7800,7600,7650,369890
26/03/2013,7700,7850,7600,7750,284805
27/03/2013,7800,7950,7800,7950,336570
28/03/2013,7900,7900,7750,7900,373045
01/04/2013,7850,7950,7800,7850,123445
02/04/2013,7900,7950,7850,7950,140885
03/04/2013,8000,8000,7900,7950,220070
04/04/2013,7950,7950,7700,7700,266270
05/04/2013,7750,7850,7650,7650,241020
08/04/2013,7650,7700,7550,7700,223905
09/04/2013,7650,7700,7550,7700,267250
10/04/2013,7700,7700,7550,7550,296095
11/04/2013,7650,7800,7600,7750,258170
12/04/2013,7700,7800,7650,7650,201965
15/04/2013,7700,7700,7550,7600,160985
16/04/2013,7550,7800,7500,7750,287460
17/04/2013,7700,7800,7650,7650,325330
18/04/2013,7650,7750,7650,7750,230695
19/04/2013,7750,7800,7700,7700,167555
22/04/2013,7750,7800,7700,7800,167020
23/04/2013,7800,7800,7700,7750,190215
24/04/2013,7800,7800,7700,7800,213645
25/04/2013,7650,7700,7300,7350,979165
26/04/2013,7250,7350,7200,7200,484205
29/04/2013,7200,7400,7200,7400,270280
30/04/2013,7400,7400,7150,7350,558635
01/05/2013,7350,7350,7200,7350,198385
02/05/2013,7250,7350,7200,7200,435545
03/05/2013,7150,7200,6900,6900,701605
06/05/2013,6900,7100,6900,7000,298485
07/05/2013,7000,7050,6950,7050,229915
08/05/2013,7100,7200,7050,7100,338875
10/05/2013,7100,7250,7100,7200,335810
13/05/2013,7200,7200,6950,6950,405030
14/05/2013,6950,7050,6950,7050,391865
15/05/2013,7050,7200,7050,7050,303040
16/05/2013,7150,7150,7050,7050,228720
17/05/2013,7050,7150,7000,7050,382745
20/05/2013,7100,7300,7100,7200,413030
21/05/2013,7150,7200,7050,7150,349160
22/05/2013,7150,7250,7150,7150,207065
23/05/2013,7150,7200,7000,7050,589885
24/05/2013,7150,7200,7100,7200,165100
27/05/2013,7150,7200,7000,7000,365175
28/05/2013,7000,7500,7000,7450,1073850
29/05/2013,7500,7550,7200,7200,701265
30/05/2013,7150,7250,7050,7050,381075
31/05/2013,7150,7200,7050,7050,681675
03/06/2013,7050,7200,7000,7050,487295
04/06/2013,7050,7150,7050,7150,286050
05/06/2013,7100,7100,7000,7100,387880
07/06/2013,7100,7100,6800,6800,514035
10/06/2013,7000,7050,6850,6850,453570
11/06/2013,6800,6950,6650,6650,432435
12/06/2013,6600,7200,6500,7150,531305
13/06/2013,7000,7050,6800,6900,488935
14/06/2013,6800,7050,6800,7050,368535
17/06/2013,7050,7100,6900,6950,227160
18/06/2013,7000,7100,6950,7000,249625
19/06/2013,7000,7000,6800,6850,315685
20/06/2013,6700,6750,6550,6600,379025
21/06/2013,6500,6500,6200,6350,720805
24/06/2013,6350,6500,6250,6300,275345
25/06/2013,6400,6400,6150,6150,305000
26/06/2013,6350,6650,6300,6500,506855
27/06/2013,6700,6900,6700,6700,395635
28/06/2013,6900,7050,6900,7000,504545
01/07/2013,6900,6950,6850,6850,212545
02/07/2013,6950,6950,6650,6700,283140
03/07/2013,6700,6800,6500,6550,220445
04/07/2013,6600,6700,6550,6550,129460
05/07/2013,6650,6800,6600,6750,117885
08/07/2013,6650,6650,6500,6500,260760
09/07/2013,6600,6700,6500,6500,175680
10/07/2013,6450,6650,6400,6500,307795
11/07/2013,6550,6700,6550,6600,489830
12/07/2013,6550,6650,6500,6600,262625
15/07/2013,6650,6700,6600,6650,189650
16/07/2013,6700,6900,6650,6850,299720
17/07/2013,6850,6950,6600,6750,269300
18/07/2013,6650,6800,6500,6650,266880
19/07/2013,6600,6750,6550,6650,203650
22/07/2013,6700,6700,6550,6550,76505
23/07/2013,6600,6700,6550,6700,172350
24/07/2013,6650,6700,6500,6600,226365
25/07/2013,6650,6700,6550,6600,216670
26/07/2013,6650,6650,6350,6450,199440
29/07/2013,6500,6500,6300,6300,184510
30/07/2013,6400,6500,6300,6450,173305
31/07/2013,6500,6500,6300,6500,243355
01/08/2013,6500,6750,6450,6750,340165
02/08/2013,6700,6800,6600,6700,285915
12/08/2013,6700,6750,6450,6450,287605
13/08/2013,6450,6600,6450,6600,109930
14/08/2013,6600,6750,6550,6750,143260
15/08/2013,6600,6650,6450,6500,359435
16/08/2013,6450,6450,6300,6300,369200
19/08/2013,6200,6250,5900,5950,559865
20/08/2013,6000,6100,5800,5950,647910
21/08/2013,6000,6150,5900,5900,273490
22/08/2013,5850,5950,5800,5900,283235
23/08/2013,6000,6050,5800,5850,186890
26/08/2013,5950,5950,5650,5650,105745
27/08/2013,5750,5750,5300,5300,312010
28/08/2013,5150,5600,5100,5600,336620
29/08/2013,5800,6000,5650,5850,605595
30/08/2013,5900,6150,5900,6050,563280
02/09/2013,6100,6100,5750,5900,315405
03/09/2013,5900,5950,5800,5900,168710
04/09/2013,5800,5850,5650,5700,336175
05/09/2013,5700,5750,5500,5550,403400
06/09/2013,5600,5700,5400,5700,206295
09/09/2013,5800,5850,5750,5850,189660
10/09/2013,5900,6400,5900,6350,735380
11/09/2013,6400,6400,6050,6200,362830
12/09/2013,6100,6250,5900,6150,386000
13/09/2013,6050,6250,6050,6200,166600
16/09/2013,6400,6900,6300,6900,615205
17/09/2013,6800,6850,6550,6750,468680
18/09/2013,6650,6800,6600,6750,286010
19/09/2013,7000,7500,7000,7100,973960
20/09/2013,7100,7100,6800,6900,344795
23/09/2013,6800,6850,6700,6850,212355
24/09/2013,6800,6850,6400,6400,464720
25/09/2013,6400,6550,6200,6300,528090
26/09/2013,6350,6550,6350,6400,517575
27/09/2013,6350,6600,6350,6500,263490
30/09/2013,6400,6450,6250,6450,375230
01/10/2013,6350,6500,6300,6350,215505
02/10/2013,6450,6550,6350,6350,245835
03/10/2013,6350,6500,6350,6450,208640
04/10/2013,6450,6450,6300,6400,203345
07/10/2013,6350,6450,6350,6350,181645
08/10/2013,6350,6600,6350,6500,230230
09/10/2013,6500,6600,6450,6550,127895
10/10/2013,6650,6850,6600,6800,385315
11/10/2013,7000,7000,6850,6900,377580
16/10/2013,7000,7050,6900,7000,389180
17/10/2013,7150,7250,6750,6850,356205
18/10/2013,6850,6900,6700,6900,174505
21/10/2013,6900,6900,6750,6900,208090
22/10/2013,6750,6850,6600,6650,228005
23/10/2013,6650,6800,6650,6700,136745
24/10/2013,6650,6950,6650,6950,253570
25/10/2013,6900,7000,6800,6950,280750
28/10/2013,7000,7000,6800,6800,91055
29/10/2013,6850,6850,6700,6800,127625
30/10/2013,6750,6900,6700,6900,162685
31/10/2013,6750,6850,6650,6650,255395
01/11/2013,6650,6750,6500,6500,394960
04/11/2013,6500,6600,6400,6450,203880
06/11/2013,6450,6600,6450,6550,220465
07/11/2013,6550,6750,6550,6700,252170
08/11/2013,6700,6750,6600,6700,172750
11/11/2013,6650,6800,6600,6750,243850
12/11/2013,6800,6800,6550,6600,255680
13/11/2013,6550,6600,6350,6350,286355
14/11/2013,6400,6500,6400,6450,206555
15/11/2013,6450,6550,6300,6300,248685
18/11/2013,6450,6650,6400,6650,257145
19/11/2013,6650,6800,6650,6750,295790
20/11/2013,6800,6850,6550,6550,270815
21/11/2013,6500,6750,6500,6700,188070
22/11/2013,6750,6800,6600,6600,131010
25/11/2013,6550,6650,6500,6550,158375
26/11/2013,6500,6550,6300,6300,512435
27/11/2013,6400,6400,6250,6300,325945
28/11/2013,6300,6350,6200,6300,259020
29/11/2013,6200,6300,6150,6250,295250
02/12/2013,6300,6450,6250,6400,243085
03/12/2013,6400,6450,6300,6350,124790
04/12/2013,6300,6400,6250,6250,202645
05/12/2013,6200,6200,6050,6150,387090
06/12/2013,6100,6150,6050,6150,196720
09/12/2013,6200,6400,6150,6300,211300
10/12/2013,6350,6550,6300,6550,272315
11/12/2013,6550,6550,6400,6450,151455
12/12/2013,6400,6400,6300,6300,129415
13/12/2013,6300,6350,6100,6100,323940
16/12/2013,6050,6150,6050,6100,134635
17/12/2013,6200,6350,6200,6200,243115
18/12/2013,6200,6350,6200,6250,175980
19/12/2013,6350,6500,6300,6500,238720
20/12/2013,6500,6500,6400,6400,208540
23/12/2013,6400,6500,6300,6450,147920
24/12/2013,6500,6600,6450,6600,121115
27/12/2013,6600,6650,6600,6600,116255
30/12/2013,6700,6850,6650,6800,378585
02/01/2014,6850,6950,6800,6950,146035
03/01/2014,6950,6950,6700,6750,185660
06/01/2014,6800,6950,6750,6850,297762
07/01/2014,6900,7000,6825,6825,264332
08/01/2014,6850,6900,6650,6800,193439
09/01/2014,6825,6875,6700,6775,234810
10/01/2014,6725,6825,6675,6750,220868
13/01/2014,6850,7025,6800,7000,332632
15/01/2014,7025,7400,7025,7300,567140
16/01/2014,7325,7350,7200,7300,270174
17/01/2014,7200,7200,6875,6925,494805
20/01/2014,6875,6950,6825,6825,240996
21/01/2014,6900,6900,6750,6750,167519
22/01/2014,6750,6825,6700,6800,346661
23/01/2014,6850,6875,6750,6800,246605
24/01/2014,6700,6750,6525,6525,519207
27/01/2014,6400,6450,6250,6400,336824
28/01/2014,6400,6500,6350,6375,355191
29/01/2014,6425,6525,6400,6425,483442
30/01/2014,6350,6425,6275,6425,506159
03/02/2014,6400,6400,6350,6350,244960
04/02/2014,6250,6325,6225,6250,311510
05/02/2014,6300,6375,6275,6375,224496
06/02/2014,6375,6425,6350,6400,243778
07/02/2014,6450,6600,6425,6525,456619
10/02/2014,6575,6600,6475,6500,285045
11/02/2014,6500,6600,6500,6575,174305
12/02/2014,6625,6650,6575,6650,383094
13/02/2014,6575,6700,6575,6650,290309
14/02/2014,6675,6750,6650,6700,279868
17/02/2014,6750,6900,6725,6825,525517
18/02/2014,6775,6825,6700,6800,287680
19/02/2014,6750,6950,6750,6950,402942
20/02/2014,6875,6950,6825,6900,422306
21/02/2014,6950,6975,6875,6975,391341
24/02/2014,6975,7000,6750,6775,334042
25/02/2014,6800,6800,6625,6700,496635
26/02/2014,6625,6675,6525,6550,410940
27/02/2014,6550,6750,6500,6700,361719
28/02/2014,6775,6950,6775,6950,953329
03/03/2014,6850,6900,6775,6800,277730
04/03/2014,6850,6850,6725,6825,321914
05/03/2014,6875,7025,6825,7025,541106
06/03/2014,7050,7100,7000,7025,231454
07/03/2014,7100,7100,6975,7000,345276
10/03/2014,6950,7300,6950,7275,942122
11/03/2014,7250,7275,7175,7250,376344
12/03/2014,7200,7250,7175,7225,259010
13/03/2014,7275,7300,7175,7275,257804
14/03/2014,7200,7800,7150,7800,1164700
17/03/2014,7800,7975,7700,7925,1426290
18/03/2014,7900,8000,7575,7700,734455
19/03/2014,7750,8000,7750,7875,486242
20/03/2014,7850,7850,7550,7550,471763
21/03/2014,7600,7725,7325,7350,663021
24/03/2014,7400,7450,7250,7275,516065
25/03/2014,7200,7275,7150,7250,458780
26/03/2014,7350,7375,7300,7300,380086
27/03/2014,7225,7375,7200,7250,513981
28/03/2014,7275,7400,7275,7375,559072
01/04/2014,7500,7700,7475,7675,601444
02/04/2014,7700,7775,7650,7725,348225
03/04/2014,7800,7850,7750,7800,418870
04/04/2014,7850,7875,7675,7800,300229
07/04/2014,7800,8000,7800,8000,783896
08/04/2014,8000,8050,7950,8025,513867
10/04/2014,7700,7700,7350,7525,1258190
11/04/2014,7525,7750,7450,7675,530889
14/04/2014,7725,7825,7625,7700,336106
15/04/2014,7775,7800,7675,7725,369503
16/04/2014,7750,7800,7725,7750,271220
17/04/2014,7850,7875,7750,7825,392673
21/04/2014,7950,7975,7875,7900,204960
22/04/2014,7900,7900,7725,7850,358800
23/04/2014,7900,7925,7850,7900,383863
24/04/2014,7975,7975,7850,7950,322519
25/04/2014,7950,7975,7850,7875,265161
28/04/2014,7750,7850,7600,7600,494681
29/04/2014,7550,7575,7400,7475,645710
30/04/2014,7475,7475,7350,7425,739939
02/05/2014,7400,7500,7400,7425,396288
05/05/2014,7450,7500,7400,7425,171526
06/05/2014,7450,7500,7400,7400,127418
07/05/2014,7400,7550,7400,7500,379359
08/05/2014,7550,7575,7475,7475,235253
09/05/2014,7525,7525,7450,7475,160717
12/05/2014,7525,7550,7475,7500,233841
13/05/2014,7575,7575,7400,7425,464206
14/05/2014,7500,7600,7425,7575,514463
16/05/2014,7550,7675,7550,7675,527819
19/05/2014,7725,7800,7600,7700,866045
20/05/2014,7750,7750,7450,7500,688686
21/05/2014,7500,7575,7450,7500,338237
22/05/2014,7550,7625,7500,7600,378677
23/05/2014,7525,7550,7450,7500,341457
26/05/2014,7525,7525,7400,7450,120783
28/05/2014,7425,7450,7400,7450,166198
30/05/2014,7500,7500,7075,7075,939366
02/06/2014,7175,7275,7125,7225,468804
03/06/2014,7275,7275,7175,7225,244453
04/06/2014,7225,7325,7175,7175,267845
05/06/2014,7175,7225,7075,7150,328821
06/06/2014,7175,7250,7150,7200,301704
09/06/2014,7250,7275,7175,7225,227382
10/06/2014,7250,7400,7225,7400,355464
11/06/2014,7425,7525,7375,7525,471847
12/06/2014,7500,7525,7400,7450,184957
13/06/2014,7425,7450,7375,7400,147412
16/06/2014,7475,7475,7250,7250,215764
17/06/2014,7250,7275,7150,7225,343442
18/06/2014,7175,7200,7150,7175,196131
19/06/2014,7200,7225,7125,7150,350260
20/06/2014,7200,7225,7150,7150,223441
23/06/2014,7200,7275,7200,7225,285183
24/06/2014,7250,7300,7225,7275,134535
25/06/2014,7275,7275,7200,7200,93828
26/06/2014,7200,7225,7175,7225,176060
27/06/2014,7250,7350,7225,7350,265517
30/06/2014,7375,7500,7275,7275,473554
01/07/2014,7350,7400,7325,7350,62437
02/07/2014,7400,7450,7350,7450,211289
03/07/2014,7450,7475,7350,7350,113131
04/07/2014,7375,7425,7325,7350,235814
07/07/2014,7425,7525,7375,7500,636671
08/07/2014,7575,7750,7550,7650,875545
10/07/2014,7800,8050,7775,7825,1273660
11/07/2014,7750,7750,7500,7550,374347
14/07/2014,7475,7600,7450,7500,182274
15/07/2014,7575,7625,7525,7600,317279
16/07/2014,7650,7775,7600,7600,427102
17/07/2014,7700,7700,7525,7600,293791
18/07/2014,7600,7700,7575,7650,129617
21/07/2014,7725,7775,7675,7725,246778
22/07/2014,7750,7900,7575,7725,762546
23/07/2014,7800,7825,7675,7700,341423
24/07/2014,7775,7775,7600,7675,260207
25/07/2014,7725,7725,7550,7725,323709
04/08/2014,7700,7900,7550,7900,646812
05/08/2014,8000,8000,7750,7800,202448
06/08/2014,7750,7750,7600,7625,507877
07/08/2014,7725,7725,7575,7675,290758
08/08/2014,7650,7650,7550,7550,124357
11/08/2014,7675,7700,7650,7650,189986
12/08/2014,7700,7725,7650,7650,104458
13/08/2014,7700,7725,7650,7725,187533
14/08/2014,7750,7750,7625,7725,213401
15/08/2014,7725,7750,7600,7650,185722
18/08/2014,7675,7675,7575,7675,116806
19/08/2014,7700,7725,7650,7675,158377
20/08/2014,7625,7725,7625,7725,156683
21/08/2014,7700,7775,7650,7775,181562
22/08/2014,7750,7750,7650,7725,131005
25/08/2014,7675,7725,7625,7625,106712
26/08/2014,7675,7675,7600,7600,271446
27/08/2014,7575,7675,7575,7600,248377
28/08/2014,7625,7725,7625,7675,171403
29/08/2014,7600,7675,7550,7575,273079
01/09/2014,7575,7675,7575,7625,103113
02/09/2014,7675,7725,7650,7725,123073
03/09/2014,7750,7750,7650,7675,81537
04/09/2014,7700,7700,7500,7550,275554
05/09/2014,7600,7650,7525,7650,240103
08/09/2014,7650,7675,7525,7575,383937
09/09/2014,7625,7650,7500,7500,170888
10/09/2014,7500,7500,7300,7325,512806
11/09/2014,7375,7400,7250,7250,229526
12/09/2014,7300,7350,7225,7225,139091
15/09/2014,7225,7325,7200,7300,187703
16/09/2014,7325,7350,7225,7250,222697
17/09/2014,7300,7325,7250,7275,190832
18/09/2014,7325,7375,7275,7375,192953
19/09/2014,7400,7400,7275,7350,394232
22/09/2014,7300,7375,7250,7350,212963
23/09/2014,7275,7300,7250,7250,384730
24/09/2014,7250,7300,7200,7200,233095
25/09/2014,7225,7250,7125,7175,324727
26/09/2014,7000,7050,6950,7000,514063
29/09/2014,7000,7050,6975,7000,43096
30/09/2014,7050,7100,7000,7050,267686
01/10/2014,7000,7075,7000,7000,162156
02/10/2014,6975,6975,6600,6600,775321
03/10/2014,6700,6700,6450,6600,527745
06/10/2014,6600,6750,6600,6725,232742
07/10/2014,6725,6825,6700,6800,245403
08/10/2014,6600,6750,6600,6700,289027
09/10/2014,6800,6825,6725,6725,144659
10/10/2014,6600,6600,6500,6500,325134
13/10/2014,6450,6500,6350,6350,332093
14/10/2014,6350,6450,6325,6400,236255
15/10/2014,6475,6500,6400,6400,384845
16/10/2014,6350,6450,6325,6350,286260
17/10/2014,6425,6600,6350,6550,425354
20/10/2014,6650,6725,6600,6600,706908
21/10/2014,6675,6675,6475,6500,303497
22/10/2014,6575,6600,6500,6550,205082
23/10/2014,6550,6700,6500,6700,295016
24/10/2014,6625,6675,6575,6600,246153
27/10/2014,6650,6650,6475,6525,266399
28/10/2014,6575,6650,6525,6650,168272
29/10/2014,6700,6900,6675,6875,460161
30/10/2014,6950,6950,6775,6900,191229
31/10/2014,6925,6925,6725,6775,363585
03/11/2014,6775,6875,6700,6875,174907
04/11/2014,6900,7000,6775,6775,304826
05/11/2014,6850,6950,6800,6950,161070
06/11/2014,6900,7000,6900,6950,209489
07/11/2014,6950,7000,6925,6950,285939
10/11/2014,6925,6950,6725,6725,132496
11/11/2014,6725,7000,6725,6875,148105
12/11/2014,6975,7150,6950,7100,257199
13/11/2014,7100,7125,7050,7100,89623
14/11/2014,7100,7200,7050,7175,190092
17/11/2014,7075,7200,7075,7125,195086
18/11/2014,7200,7200,7075,7200,144770
19/11/2014,7200,7200,7100,7150,150539
20/11/2014,7100,7125,6825,6875,410872
21/11/2014,6925,7050,6850,6950,149818
24/11/2014,7050,7125,7000,7100,161106
25/11/2014,7025,7075,6900,6900,231143
26/11/2014,6925,7025,6925,7025,146800
27/11/2014,7025,7100,7025,7100,81727
28/11/2014,7025,7125,7000,7125,90342
01/12/2014,7100,7125,7000,7125,187016
02/12/2014,7100,7150,6975,7000,282881
03/12/2014,7075,7075,6850,6900,310607
04/12/2014,6950,7050,6900,6975,236996
05/12/2014,6975,7150,6975,7100,165118
08/12/2014,7175,7175,7050,7100,292518
09/12/2014,7100,7150,7075,7100,298508
10/12/2014,7100,7200,7075,7150,230152
11/12/2014,7125,7175,7100,7100,218234
12/12/2014,7100,7250,7100,7175,276449
15/12/2014,7100,7150,6975,7025,314172
16/12/2014,6900,7150,6900,7100,438289
17/12/2014,7100,7125,7025,7025,308822
18/12/2014,7150,7200,7100,7200,166231
19/12/2014,7250,7375,7175,7200,267459
22/12/2014,7200,7275,7100,7125,211154
23/12/2014,7225,7325,7225,7275,172483
24/12/2014,7225,7350,7225,7325,202660
29/12/2014,7375,7400,7325,7350,207620
30/12/2014,7400,7475,7350,7425,455320
02/01/2015,7475,7475,7375,7400,112506
05/01/2015,7350,7375,7225,7225,159606
06/01/2015,7125,7175,7050,7050,371160
07/01/2015,7000,7175,7000,7150,276271
08/01/2015,7150,7200,7075,7075,289073
09/01/2015,7125,7125,7000,7025,434165
12/01/2015,7000,7075,7000,7000,191819
13/01/2015,7050,7175,7025,7175,238769
14/01/2015,7125,7175,7050,7050,140210
15/01/2015,7150,7275,7100,7275,286095
16/01/2015,7200,7325,7150,7300,209063
19/01/2015,7350,7450,7300,7425,323577
20/01/2015,7475,7475,7400,7450,332043
21/01/2015,7500,7700,7475,7675,584273
22/01/2015,7725,7750,7650,7750,441697
23/01/2015,7800,8100,7800,8075,837633
26/01/2015,8100,8100,7825,8025,460204
27/01/2015,7975,8000,7725,7825,369388
28/01/2015,7875,7900,7775,7825,133035
29/01/2015,7800,7850,7750,7750,279289
30/01/2015,7875,7925,7825,7850,627918
02/02/2015,7800,7875,7650,7750,247410
03/02/2015,7700,7775,7575,7625,210033
04/02/2015,7700,7725,7625,7725,287755
05/02/2015,7725,7750,7500,7550,389473
06/02/2015,7600,7600,7450,7600,437915
09/02/2015,7575,7700,7550,7575,182497
10/02/2015,7650,7700,7600,7625,273388
11/02/2015,7625,7875,7625,7875,454623
12/02/2015,7850,7925,7700,7925,327434
13/02/2015,7950,7975,7875,7950,348716
16/02/2015,7950,7975,7775,7800,135277
17/02/2015,7725,7800,7725,7800,100975
18/02/2015,7950,8050,7850,7950,686974
20/02/2015,7850,7950,7850,7850,75361
23/02/2015,7800,7900,7775,7900,198796
24/02/2015,7900,8000,7850,8000,182507
25/02/2015,8000,8175,7975,8150,390488
26/02/2015,8050,8150,8025,8050,255597
27/02/2015,8075,8075,7850,7850,413962
02/03/2015,7850,7900,7800,7875,491642
03/03/2015,7875,8050,7875,8000,495500
04/03/2015,8025,8050,7875,7875,283787
05/03/2015,7925,8000,7850,7850,265091
06/03/2015,7925,8075,7875,8075,267431
09/03/2015,7950,8075,7875,7950,567135
10/03/2015,7950,8050,7925,7975,177989
11/03/2015,8000,8000,7850,7850,492766
12/03/2015,7900,7975,7850,7900,351387
13/03/2015,7950,7950,7850,7875,273520
16/03/2015,7900,8000,7875,7975,244709
17/03/2015,8025,8050,7950,8000,264918
18/03/2015,7975,8025,7925,7975,326500
19/03/2015,8075,8100,7975,8050,782465
20/03/2015,8050,8150,7975,8100,453461
23/03/2015,8150,8300,8125,8175,563952
24/03/2015,8200,8200,8100,8175,585514
25/03/2015,8150,8250,8125,8200,251764
26/03/2015,8150,8225,8150,8150,336835
27/03/2015,8100,8200,8000,8200,429165
30/03/2015,8250,8450,8200,8375,418235
31/03/2015,8500,8575,8400,8575,468849
01/04/2015,8575,8575,8175,8175,509613
02/04/2015,8225,8275,7975,8075,236278
06/04/2015,8150,8250,8100,8200,232080
07/04/2015,8275,8275,8125,8150,138264
08/04/2015,8075,8125,7950,7975,406115
09/04/2015,8025,8150,8000,8150,241325
10/04/2015,8150,8225,8000,8150,329413
13/04/2015,8075,8175,8050,8175,145756
14/04/2015,8175,8200,8100,8200,130006
15/04/2015,8200,8225,8125,8175,103499
16/04/2015,8200,8225,8000,8050,318474
17/04/2015,8025,8075,7950,7975,310366
20/04/2015,7975,8000,7650,7700,602704
21/04/2015,7725,7950,7675,7925,418074
22/04/2015,7950,7975,7875,7900,186424
23/04/2015,7875,7950,7850,7900,314191
24/04/2015,7975,8000,7800,7875,239734
27/04/2015,7850,7850,7450,7450,677830
28/04/2015,7325,7400,7250,7375,425597
29/04/2015,7300,7375,7000,7100,665665
30/04/2015,7000,7100,6700,6850,971407
04/05/2015,7000,7175,6950,7100,392365
05/05/2015,7175,7275,7075,7275,344912
06/05/2015,7225,7375,7200,7350,398258
07/05/2015,7250,7400,7175,7200,288038
08/05/2015,7300,7450,7275,7400,165356
11/05/2015,7500,7500,7325,7325,192733
12/05/2015,7325,7475,7325,7375,234938
13/05/2015,7450,7625,7350,7525,241804
15/05/2015,7625,7725,7475,7500,381571
18/05/2015,7550,7575,7425,7550,164082
19/05/2015,7600,7700,7550,7700,264576
20/05/2015,7800,7925,7675,7850,194582
21/05/2015,7950,7950,7725,7825,157996
22/05/2015,7700,7825,7575,7575,237172
25/05/2015,7700,7700,7550,7575,148508
26/05/2015,7625,7700,7500,7500,323199
27/05/2015,7575,7600,7425,7425,300329
28/05/2015,7425,7475,7350,7375,161655
29/05/2015,7375,7425,7300,7300,423332
01/06/2015,7300,7350,7225,7325,145029
03/06/2015,7275,7300,7000,7050,435740
04/06/2015,7025,7075,7000,7025,260169
05/06/2015,7025,7050,6925,7000,367351
08/06/2015,6975,7000,6925,6925,186661
09/06/2015,6950,6950,6550,6850,476276
10/06/2015,6875,6950,6850,6850,188961
11/06/2015,6975,7000,6850,6950,122381
12/06/2015,6975,7075,6950,7075,145822
15/06/2015,7075,7100,6825,6850,124123
16/06/2015,6925,6975,6800,6975,145374
17/06/2015,6925,7075,6925,7000,267787
18/06/2015,7000,7050,7000,7025,134484
19/06/2015,7000,7125,7000,7050,315256
22/06/2015,7100,7125,7000,7000,158596
23/06/2015,7000,7050,6825,6825,177899
24/06/2015,6900,6975,6875,6950,172831
25/06/2015,6875,6900,6775,6850,217467
26/06/2015,6800,6950,6800,6825,250793
29/06/2015,6800,6925,6725,6875,129605
30/06/2015,6925,7075,6875,7075,301907
01/07/2015,7125,7150,6975,7025,261535
02/07/2015,7100,7125,7050,7075,235157
03/07/2015,7025,7075,7000,7050,68519
06/07/2015,7000,7025,6975,7000,90149
07/07/2015,6950,7000,6825,6900,206136
08/07/2015,6850,6850,6625,6650,216824
09/07/2015,6675,6675,6550,6650,179890
10/07/2015,6700,6725,6550,6675,169522
13/07/2015,6700,6825,6675,6800,124229
14/07/2015,6825,6875,6800,6850,132428
15/07/2015,6775,6825,6650,6825,127399
22/07/2015,6825,6950,6750,6950,370143
23/07/2015,6825,6900,6800,6875,91665
24/07/2015,6825,6825,6625,6650,190845
27/07/2015,6550,6650,6425,6425,167723
28/07/2015,6425,6500,6325,6350,154070
29/07/2015,6425,6525,6400,6425,117562
30/07/2015,6500,6575,6450,6575,98465
31/07/2015,6525,6775,6450,6650,248822
03/08/2015,6475,6700,6475,6700,285869
04/08/2015,6600,6800,6600,6625,208607
05/08/2015,6700,6850,6650,6800,367829
06/08/2015,6825,6875,6725,6750,291463
07/08/2015,6700,6750,6525,6600,227104
10/08/2015,6525,6575,6425,6500,306635
11/08/2015,6525,6575,6175,6175,310068
12/08/2015,6000,6125,5950,6075,275848
13/08/2015,6075,6450,6075,6400,188174
14/08/2015,6325,6450,6225,6425,211050
18/08/2015,6325,6400,6150,6175,290646
19/08/2015,6100,6225,6100,6175,211546
20/08/2015,6075,6250,6025,6200,189171
21/08/2015,6100,6125,6025,6050,213926
24/08/2015,5950,6000,5650,5675,506222
25/08/2015,5700,5950,5500,5600,557014
26/08/2015,5500,5725,5450,5625,474002
27/08/2015,5725,6000,5725,5825,748090
28/08/2015,5950,6000,5650,5775,468719
31/08/2015,5750,5925,5700,5925,500118
01/09/2015,5900,5900,5700,5700,246402
02/09/2015,5700,5975,5625,5975,333415
03/09/2015,6000,6150,5900,6150,183143
04/09/2015,6050,6200,6025,6200,154464
07/09/2015,6175,6175,5800,5850,271418
08/09/2015,5825,5925,5775,5875,185498
09/09/2015,5950,6150,5950,6100,233009
10/09/2015,5950,6075,5875,6050,207095
11/09/2015,6125,6200,6075,6125,96014
14/09/2015,6200,6200,6050,6125,137289
15/09/2015,6100,6125,6000,6025,190970
16/09/2015,6025,6025,5875,5900,210724
17/09/2015,5950,5975,5850,5925,221441
18/09/2015,5900,5950,5775,5800,384435
21/09/2015,5750,5825,5725,5800,111900
22/09/2015,5850,5850,5750,5800,155046
23/09/2015,5700,5700,5500,5500,301325
25/09/2015,5575,5575,5500,5550,311925
28/09/2015,5500,5525,5175,5175,281118
29/09/2015,5050,5300,4975,5300,351354
30/09/2015,5325,5350,5200,5225,357246
01/10/2015,5250,5350,5225,5275,208014
02/10/2015,5200,5275,5075,5125,257090
05/10/2015,5200,5375,5175,5325,483942
06/10/2015,5450,5950,5450,5925,682260
07/10/2015,5925,6125,5850,6125,520781
08/10/2015,6200,6475,6175,6325,469525
09/10/2015,6400,6875,6400,6700,654480
12/10/2015,6700,6825,6525,6700,298621
13/10/2015,6650,6675,6100,6125,605674
15/10/2015,6300,6550,6300,6400,294306
16/10/2015,6425,6550,6300,6300,227321
19/10/2015,6350,6500,6325,6500,137440
20/10/2015,6500,6525,6350,6350,177809
21/10/2015,6350,6500,6200,6325,206439
22/10/2015,6325,6325,6100,6200,283822
23/10/2015,6350,6450,6225,6300,262479
26/10/2015,6400,6425,6200,6300,259199
27/10/2015,6200,6250,6075,6250,285672
28/10/2015,6250,6250,5975,6075,437336
29/10/2015,6075,6075,5775,5800,389905
30/10/2015,5750,5975,5725,5900,493002
02/11/2015,5825,6250,5800,6250,427955
03/11/2015,6300,6450,6300,6425,402004
04/11/2015,6425,6575,6400,6550,412431
05/11/2015,6500,6575,6425,6500,339847
06/11/2015,6500,6650,6500,6600,442063
09/11/2015,6550,6550,6325,6425,495879
10/11/2015,6350,6600,6325,6500,341844
11/11/2015,6500,6850,6475,6775,398289
12/11/2015,6775,6775,6600,6600,275391
13/11/2015,6550,6650,6550,6600,196024
16/11/2015,6450,6500,6350,6425,226116
17/11/2015,6450,6550,6325,6325,322614
18/11/2015,6375,6500,6325,6350,209386
19/11/2015,6400,6425,6175,6250,319919
20/11/2015,6225,6325,6175,6300,358019
23/11/2015,6325,6400,6225,6250,259969
24/11/2015,6200,6325,6200,6250,252918
25/11/2015,6250,6300,6175,6175,313428
26/11/2015,6200,6275,6175,6225,288440
27/11/2015,6225,6275,6125,6225,160632
30/11/2015,6175,6200,5925,5925,850496
01/12/2015,6050,6375,6025,6375,517910
02/12/2015,6375,6450,6275,6300,271584
03/12/2015,6225,6375,6200,6300,389962
04/12/2015,6200,6425,6200,6400,356271
07/12/2015,6475,6600,6450,6525,438489
08/12/2015,6425,6450,6175,6200,545268
10/12/2015,6175,6350,6125,6225,440858
11/12/2015,6325,6325,5900,5900,488623
14/12/2015,5800,6150,5800,6125,343046
15/12/2015,6150,6275,6075,6275,397663
16/12/2015,6300,6325,6175,6275,425852
17/12/2015,6350,6475,6325,6400,686570
18/12/2015,6250,6300,6200,6275,355979
21/12/2015,6150,6250,6125,6250,340815
22/12/2015,6225,6250,6025,6075,480547
23/12/2015,6125,6150,5975,6000,450902
28/12/2015,5975,6075,5950,6000,304367
29/12/2015,6000,6075,6000,6025,236598
30/12/2015,6075,6075,6000,6000,426332
04/01/2016,5950,6075,5900,5900,287676
05/01/2016,6000,6200,5975,6125,542249
06/01/2016,6100,6200,6050,6075,511218
07/01/2016,6000,6075,5975,5975,336065
08/01/2016,6000,6050,5900,6050,442210
11/01/2016,5975,6000,5925,5950,225175
12/01/2016,6000,6025,5925,5925,335274
13/01/2016,5975,6000,5900,5900,554532
14/01/2016,5850,5900,5700,5875,1067090
15/01/2016,5925,6025,5900,6000,450962
18/01/2016,5900,5925,5850,5900,465820
19/01/2016,5900,5950,5875,5925,294047
20/01/2016,5900,5975,5775,5775,404168
21/01/2016,5850,5900,5775,5850,305841
22/01/2016,5925,5950,5850,5900,305743
25/01/2016,5950,6125,5925,6125,489468
26/01/2016,6075,6150,6025,6125,342220
27/01/2016,6175,6200,6075,6150,424052
28/01/2016,6150,6250,6100,6250,421428
29/01/2016,6275,6450,6250,6450,932481
01/02/2016,6500,6550,6225,6350,469082
02/02/2016,6275,6325,6125,6125,385394
03/02/2016,6050,6250,6050,6200,218591
04/02/2016,6200,6350,6200,6325,384298
05/02/2016,6375,6750,6350,6650,1153410
09/02/2016,6550,6850,6425,6775,317861
10/02/2016,6750,6925,6725,6800,587363
11/02/2016,6850,7150,6825,7125,746015
12/02/2016,7100,7100,6800,6825,613720
15/02/2016,6925,7000,6725,6775,377619
16/02/2016,6800,6975,6800,6900,388407
17/02/2016,6850,7050,6850,7000,397618
18/02/2016,7050,7125,6850,7050,387081
19/02/2016,7000,7025,6775,6900,435538
22/02/2016,6825,6875,6725,6750,251521
23/02/2016,6725,6725,6450,6525,426021
24/02/2016,6400,6525,6225,6400,604820
25/02/2016,6325,6550,6225,6425,421695
26/02/2016,6525,6800,6500,6800,347949
29/02/2016,6825,6900,6675,6800,426012
01/03/2016,6825,7100,6800,7000,400945
02/03/2016,7100,7125,7025,7100,424789
03/03/2016,7125,7125,6825,6875,399310
04/03/2016,6900,6925,6775,6900,300881
07/03/2016,6850,6850,6800,6850,230203
08/03/2016,6800,6825,6625,6725,474767
10/03/2016,6725,6925,6575,6925,710403
11/03/2016,6875,7075,6875,7050,367273
14/03/2016,7100,7250,7075,7200,467535
15/03/2016,7200,7200,7050,7100,246665
16/03/2016,7175,7200,7050,7200,297647
17/03/2016,7300,7400,7275,7325,367831
18/03/2016,7450,7525,7375,7450,728165
21/03/2016,7425,7525,7375,7450,370932
22/03/2016,7450,7450,7350,7450,380632
23/03/2016,7400,7425,7325,7400,245353
24/03/2016,7350,7400,7300,7375,261115
28/03/2016,7300,7350,7150,7250,262209
29/03/2016,7150,7225,7025,7075,379873
30/03/2016,7150,7200,7100,7100,392561
31/03/2016,7150,7250,7075,7250,417510
01/04/2016,7350,7375,7225,7325,420543
04/04/2016,7325,7425,7325,7400,218134
05/04/2016,7375,7375,7250,7275,252735
06/04/2016,7250,7300,7200,7225,224166
07/04/2016,7225,7300,7225,7300,304985
08/04/2016,7225,7275,7200,7200,185167
11/04/2016,7125,7200,6900,6975,312615
12/04/2016,7000,7275,6975,7250,241356
13/04/2016,7325,7425,7250,7400,350172
14/04/2016,7400,7400,7200,7200,282874
15/04/2016,7350,7675,7275,7675,646740
18/04/2016,7800,7850,7475,7525,297117
19/04/2016,7625,7625,7500,7600,265943
20/04/2016,7575,7675,7575,7575,200887
21/04/2016,7625,7650,7425,7525,227613
22/04/2016,7425,7525,7350,7350,277344
25/04/2016,7450,7450,7250,7350,275302
26/04/2016,7350,7350,7150,7200,260340
27/04/2016,6950,6950,6700,6825,978253
28/04/2016,6850,6900,6700,6725,505074
29/04/2016,6700,6775,6600,6725,337142
02/05/2016,6775,6775,6625,6700,175099
03/05/2016,6700,6700,6575,6600,363425
04/05/2016,6600,6675,6525,6650,446491
09/05/2016,6650,6650,6400,6400,670136
10/05/2016,6425,6550,6375,6525,465942
11/05/2016,6575,6700,6550,6650,321503
12/05/2016,6650,6675,6475,6525,264440
13/05/2016,6500,6525,6275,6325,552812
16/05/2016,6250,6325,6000,6200,489203
17/05/2016,6200,6325,6150,6325,251941
18/05/2016,6300,6375,6225,6250,274318
19/05/2016,6175,6325,6100,6250,346563
20/05/2016,6225,6400,6225,6350,320425
23/05/2016,6300,6375,6275,6375,185111
24/05/2016,6400,6450,6350,6375,204477
25/05/2016,6475,6575,6425,6575,239415
26/05/2016,6600,6650,6525,6550,166064
27/05/2016,6550,6700,6550,6700,212188
30/05/2016,6700,6775,6575,6750,312122
31/05/2016,6750,6800,6600,6600,588694
01/06/2016,6625,6725,6600,6675,240628
02/06/2016,6625,6650,6500,6500,206394
03/06/2016,6550,6650,6500,6600,136256
06/06/2016,6550,6850,6550,6850,235106
07/06/2016,6850,6900,6775,6850,286037
08/06/2016,6875,6975,6875,6900,279302
09/06/2016,6925,6950,6850,6875,145507
10/06/2016,6850,6925,6625,6625,147047
13/06/2016,6625,6700,6550,6575,145618
14/06/2016,6525,6700,6525,6700,127561
15/06/2016,6625,6825,6625,6725,129871
16/06/2016,6750,6750,6550,6575,222454
17/06/2016,6625,6650,6500,6600,323093
20/06/2016,6625,6750,6550,6750,217140
21/06/2016,6800,6925,6725,6750,362299
22/06/2016,6800,7000,6800,6975,238810
23/06/2016,6975,7000,6850,6950,171086
24/06/2016,6950,7000,6500,6700,693581
27/06/2016,6550,6675,6525,6625,517737
28/06/2016,6600,6975,6600,6975,665785
29/06/2016,7000,7200,7000,7200,481042
30/06/2016,7300,7400,7300,7400,755535
01/07/2016,7450,7475,7275,7400,294795
11/07/2016,7425,7600,7150,7250,606817
12/07/2016,7275,7350,7150,7250,473597
13/07/2016,7250,7300,7175,7275,328027
14/07/2016,7175,7325,7100,7100,458750
15/07/2016,7050,7175,6975,7100,593963
18/07/2016,7100,7325,7100,7250,489631
19/07/2016,7300,7400,7250,7325,576810
20/07/2016,7325,7450,7325,7450,490296
21/07/2016,7450,7475,7300,7375,359100
22/07/2016,7375,7400,7275,7350,174754
25/07/2016,7350,7500,7325,7500,450749
26/07/2016,7475,7500,7425,7450,314004
27/07/2016,7500,7600,7350,7375,612406
28/07/2016,7450,7500,7375,7425,358918
29/07/2016,7500,7825,7475,7725,1294100
01/08/2016,7900,8075,7875,8000,735221
02/08/2016,8000,8050,7950,7975,441253
03/08/2016,7975,8000,7900,7950,411968
04/08/2016,7850,7950,7650,7750,265271
05/08/2016,7750,7975,7725,7925,424417
08/08/2016,8000,8325,7950,8325,551302
09/08/2016,8250,8250,8075,8125,709158
10/08/2016,8100,8175,8025,8125,499694
11/08/2016,8175,8200,8050,8125,338205
12/08/2016,8200,8200,7975,7975,249083
15/08/2016,8000,8000,7825,7850,284060
16/08/2016,7800,7950,7800,7875,408361
18/08/2016,7975,8650,7950,8300,968682
19/08/2016,8425,8450,8075,8100,309755
22/08/2016,8175,8400,8175,8300,438528
23/08/2016,8500,8500,8050,8100,791837
24/08/2016,8150,8225,8100,8200,301642
25/08/2016,8300,8475,8275,8400,767862
26/08/2016,8400,8425,8300,8350,274866
29/08/2016,8350,8375,8050,8075,428222
30/08/2016,8150,8250,8025,8075,419034
31/08/2016,8050,8200,8050,8150,532314
01/09/2016,8100,8125,7925,8025,234534
02/09/2016,8075,8125,8025,8100,197477
05/09/2016,8200,8300,8150,8275,301414
06/09/2016,8300,8300,8200,8300,206434
07/09/2016,8350,8400,8200,8300,297295
08/09/2016,8375,8375,8250,8300,171567
09/09/2016,8300,8300,8175,8225,279354
13/09/2016,8050,8075,7850,7950,328843
14/09/2016,7900,7925,7700,7725,391815
15/09/2016,7800,8200,7775,8150,485231
16/09/2016,8200,8225,7975,7975,478534
19/09/2016,8100,8300,8075,8225,175049
20/09/2016,8225,8300,8225,8300,150704
21/09/2016,8300,8675,8250,8550,361738
22/09/2016,8750,8850,8675,8775,398055
23/09/2016,8800,8800,8450,8600,355931
26/09/2016,8475,8475,8375,8425,243644
27/09/2016,8350,8700,8300,8700,418106
28/09/2016,8700,8800,8650,8725,287273
29/09/2016,8775,8875,8675,8675,329737
30/09/2016,8500,8650,8225,8250,534713
03/10/2016,8425,8525,8350,8475,237413
04/10/2016,8525,8600,8450,8600,308661
05/10/2016,8575,8575,8375,8425,152124
06/10/2016,8425,8525,8350,8350,129909
07/10/2016,8400,8425,8200,8200,252286
10/10/2016,8200,8300,8200,8275,95283
11/10/2016,8300,8400,8250,8325,430852
12/10/2016,8400,8400,8300,8300,271726
13/10/2016,8300,8300,8075,8200,263523
14/10/2016,8175,8350,8075,8325,429815
17/10/2016,8325,8350,8225,8225,189885
18/10/2016,8325,8500,8300,8475,496698
19/10/2016,8450,8500,8325,8375,323083
20/10/2016,8425,8450,8350,8375,179637
21/10/2016,8425,8425,8350,8375,110449
24/10/2016,8425,8425,8250,8300,206449
25/10/2016,8300,8300,8175,8175,299649
26/10/2016,8150,8225,8100,8200,343325
27/10/2016,8200,8275,8125,8250,370491
28/10/2016,8200,8275,8125,8175,175645
31/10/2016,8175,8275,8150,8225,244584
01/11/2016,8250,8350,8175,8325,200659
02/11/2016,8275,8400,8200,8325,321430
03/11/2016,8250,8375,8125,8125,601065
04/11/2016,8050,8200,8050,8125,457688
07/11/2016,8175,8250,8075,8225,364175
08/11/2016,8250,8400,8175,8375,311629
09/11/2016,8375,8400,8100,8250,609720
10/11/2016,8300,8350,8225,8300,247687
11/11/2016,8050,8075,7700,7700,1041090
14/11/2016,7700,7775,7300,7625,852114
15/11/2016,7675,7800,7575,7625,350392
16/11/2016,7775,7850,7725,7825,464349
17/11/2016,7825,7875,7725,7850,271554
18/11/2016,7850,7875,7750,7850,231764
21/11/2016,7750,7900,7725,7900,275921
22/11/2016,7850,7900,7725,7750,295735
23/11/2016,7750,7825,7725,7775,249197
24/11/2016,7725,7725,7450,7525,242744
25/11/2016,7450,7625,7450,7625,141128
28/11/2016,7675,7900,7650,7825,306025
29/11/2016,7825,7975,7700,7700,265013
30/11/2016,7750,7875,7550,7550,415661
01/12/2016,7650,7750,7650,7700,254697
02/12/2016,7800,7875,7725,7850,258969
05/12/2016,7825,7950,7800,7875,136640
06/12/2016,7875,7950,7725,7850,286459
07/12/2016,7825,7825,7750,7775,173718
08/12/2016,7825,7825,7750,7800,291454
09/12/2016,7800,7875,7750,7825,343614
13/12/2016,7900,7900,7650,7850,315618
14/12/2016,7825,7825,7750,7775,268270
15/12/2016,7725,7800,7650,7750,329150
16/12/2016,7750,7775,7575,7575,387687
19/12/2016,7675,7700,7575,7625,202152
20/12/2016,7575,7650,7500,7550,146358
21/12/2016,7650,7750,7625,7700,211966
22/12/2016,7750,7750,7525,7525,210181
23/12/2016,7525,7575,7325,7325,161618
27/12/2016,7325,7700,7325,7625,128115
28/12/2016,7750,7825,7650,7825,149425
29/12/2016,7825,8150,7800,8125,552700
30/12/2016,8175,8275,8050,8275,583578
03/01/2017,8150,8225,8050,8200,244015
04/01/2017,8150,8175,7925,8000,402440
05/01/2017,8050,8125,8000,8125,309922
06/01/2017,8175,8250,8125,8175,168666
09/01/2017,8250,8250,8125,8150,143837
10/01/2017,8175,8225,8100,8200,213846
11/01/2017,8200,8200,8025,8025,140600
12/01/2017,8025,8100,7925,7925,253917
13/01/2017,7925,8125,7925,8000,301645
16/01/2017,8075,8075,7975,7975,120324
17/01/2017,7950,8075,7950,8050,58485
18/01/2017,8100,8175,8050,8125,171123
19/01/2017,8125,8150,8050,8150,152678
20/01/2017,8150,8150,8000,8000,110947
23/01/2017,8050,8100,7950,8025,91068
24/01/2017,8100,8100,8025,8050,162509
25/01/2017,8100,8100,8050,8100,252950
26/01/2017,8150,8150,8050,8075,228122
27/01/2017,8100,8125,8025,8100,122437
30/01/2017,8100,8125,7900,7900,171791
31/01/2017,8000,8050,7950,7950,220166
01/02/2017,8000,8100,7975,8050,205938
02/02/2017,8025,8100,8000,8100,190355
03/02/2017,8125,8200,8100,8100,208912
06/02/2017,8175,8200,8100,8125,182803
07/02/2017,8150,8150,8075,8125,146976
08/02/2017,8150,8175,8050,8050,215747
09/02/2017,8050,8150,8050,8075,308568
10/02/2017,8050,8125,8050,8050,260246
13/02/2017,8050,8125,8000,8100,205768
14/02/2017,8100,8125,8050,8075,236112
16/02/2017,8100,8150,8050,8100,380366
17/02/2017,7975,8000,7850,7900,536662
20/02/2017,7900,7975,7875,7950,130734
21/02/2017,7950,7975,7900,7925,305647
22/02/2017,7975,8050,7950,7975,230423
23/02/2017,7950,8050,7925,8050,157007
24/02/2017,8000,8150,7975,8125,269492
27/02/2017,8150,8150,8025,8025,216736
28/02/2017,8125,8425,8125,8200,936019
01/03/2017,8225,8350,8175,8325,383566
02/03/2017,8400,8550,8375,8475,626383
03/03/2017,8500,8550,8375,8400,196480
06/03/2017,8450,8550,8400,8550,471145
07/03/2017,8575,8575,8500,8500,406991
08/03/2017,8550,8550,8350,8400,193146
09/03/2017,8375,8375,8250,8250,158420
10/03/2017,8275,8275,8100,8150,144053
13/03/2017,8175,8250,8175,8250,209773
14/03/2017,8250,8275,8175,8200,214380
15/03/2017,8225,8250,8150,8175,163270
16/03/2017,8250,8575,8250,8575,561537
17/03/2017,8600,8800,8425,8475,541840
20/03/2017,8500,8600,8350,8500,175099
21/03/2017,8550,8550,8425,8475,285197
22/03/2017,8425,8450,8325,8400,474678
23/03/2017,8450,8475,8375,8450,304012
24/03/2017,8425,8575,8425,8525,276022
27/03/2017,8475,8525,8475,8525,273435
29/03/2017,8550,8800,8550,8725,587580
30/03/2017,8600,8725,8500,8675,375270
31/03/2017,8725,8800,8625,8625,514470
03/04/2017,8700,8800,8650,8775,202955
04/04/2017,8800,8925,8750,8775,331888
05/04/2017,8825,8900,8725,8775,177956
06/04/2017,8675,8750,8625,8750,155919
07/04/2017,8750,8750,8550,8575,283372
10/04/2017,8600,8625,8500,8600,175266
11/04/2017,8575,8600,8550,8575,279371
12/04/2017,8600,8650,8525,8575,127323
13/04/2017,8575,8650,8500,8500,215740
17/04/2017,8575,8575,8375,8375,145939
18/04/2017,8375,8525,8350,8375,338990
20/04/2017,8425,8600,8375,8575,376089
21/04/2017,8600,9150,8575,9150,742093
25/04/2017,9250,9350,8975,9025,345144
26/04/2017,9050,9100,8925,9025,339949
27/04/2017,9000,9050,8925,9000,344028
28/04/2017,9025,9075,8925,8950,291550
02/05/2017,9000,9025,8900,9000,315804
03/05/2017,9050,9050,8850,8850,174359
04/05/2017,8850,8900,8675,8800,261405
05/05/2017,8750,8775,8700,8700,296280
08/05/2017,8850,8900,8800,8800,378604
09/05/2017,8900,8900,8700,8700,198224
10/05/2017,8625,8675,8575,8600,437047
12/05/2017,8675,8750,8650,8675,303611
15/05/2017,8700,8700,8525,8700,307964
16/05/2017,8700,8750,8600,8600,254361
17/05/2017,8675,8675,8325,8350,484420
18/05/2017,8350,8500,8325,8500,535028
19/05/2017,8525,9000,8450,8750,527775
22/05/2017,8825,8950,8700,8775,507115
23/05/2017,8700,8800,8650,8700,406110
24/05/2017,8575,8725,8550,8725,285481
26/05/2017,8725,8775,8675,8750,215158
29/05/2017,8725,8750,8625,8700,178372
30/05/2017,8625,8725,8625,8675,184824
31/05/2017,8625,8750,8625,8750,400115
02/06/2017,8750,9000,8725,9000,345162
05/06/2017,9000,9050,8925,9000,264823
06/06/2017,8975,9025,8825,8875,316689
07/06/2017,8950,8950,8850,8900,136729
08/06/2017,8850,8900,8825,8825,120973
09/06/2017,8750,8750,8650,8650,200444
12/06/2017,8675,8850,8675,8725,129090
13/06/2017,8725,8825,8725,8800,164596
14/06/2017,8850,9150,8775,9150,215456
15/06/2017,8900,8925,8850,8900,230784
16/06/2017,8900,8925,8725,8725,533997
19/06/2017,8725,8800,8725,8725,193073
20/06/2017,8725,8975,8700,8950,375300
21/06/2017,8725,9025,8725,8900,459813
22/06/2017,8950,8975,8750,8925,456737
03/07/2017,8950,9025,8725,8775,608206
04/07/2017,8825,8825,8700,8775,273277
05/07/2017,8800,8825,8750,8800,491311
06/07/2017,8750,8825,8750,8800,331070
07/07/2017,8800,8850,8725,8775,310178
10/07/2017,8775,8825,8725,8775,267120
11/07/2017,8775,8800,8700,8725,288958
12/07/2017,8700,8750,8650,8725,365802
13/07/2017,8800,8800,8700,8725,651075
14/07/2017,8750,8750,8700,8725,343703
17/07/2017,8725,8750,8675,8725,203771
18/07/2017,8700,8725,8650,8675,260182
19/07/2017,8675,8675,8450,8475,861305
20/07/2017,8500,8550,8475,8550,229927
21/07/2017,8525,8525,8200,8200,469910
24/07/2017,8200,8225,8000,8225,613313
25/07/2017,8250,8250,8050,8100,719595
26/07/2017,8200,8200,8050,8100,423484
27/07/2017,8050,8150,8050,8075,335568
28/07/2017,8075,8075,7900,7950,960298
31/07/2017,7925,8100,7900,7975,575409
01/08/2017,7975,7975,7800,7850,751912
02/08/2017,7875,7900,7725,7825,616003
03/08/2017,7825,7825,7725,7775,394793
04/08/2017,7750,7800,7650,7775,625767
07/08/2017,7800,7950,7775,7900,582131
08/08/2017,7925,8000,7900,8000,491608
09/08/2017,8000,8000,7900,8000,306304
10/08/2017,7975,8000,7850,7925,326826
11/08/2017,7900,7900,7725,7775,408349
14/08/2017,7800,7925,7775,7850,276638
15/08/2017,7875,7900,7800,7825,251180
16/08/2017,7800,7875,7775,7850,239479
18/08/2017,7825,7975,7800,7900,692311
21/08/2017,7900,7950,7775,7875,393399
22/08/2017,7825,7950,7825,7925,212291
23/08/2017,7975,8000,7900,7975,225793
24/08/2017,7900,8050,7900,7975,332323
25/08/2017,8000,8000,7950,8000,142609
28/08/2017,7975,8025,7950,8000,133204
29/08/2017,7925,7950,7825,7900,235778
30/08/2017,7900,7950,7850,7875,199640
31/08/2017,7850,7925,7850,7875,161968
04/09/2017,7925,7925,7750,7750,254644
05/09/2017,7650,7825,7650,7800,326424
06/09/2017,7725,7850,7725,7825,212945
07/09/2017,7725,7725,7625,7650,668354
08/09/2017,7700,7850,7700,7825,211745
11/09/2017,7900,7950,7875,7900,230921
12/09/2017,7900,7925,7875,7900,205926
13/09/2017,7900,7925,7875,7900,187850
14/09/2017,7900,7950,7875,7900,231066
15/09/2017,7850,7900,7800,7850,684077
18/09/2017,7900,7900,7825,7850,131519
19/09/2017,7850,7925,7775,7925,297768
20/09/2017,7900,7925,7775,7825,296740
22/09/2017,7750,7825,7725,7775,262835
25/09/2017,7775,7825,7725,7800,114584
26/09/2017,7750,7850,7750,7800,243680
27/09/2017,7825,7850,7775,7825,262986
28/09/2017,7800,7850,7700,7700,391390
29/09/2017,7725,7950,7725,7900,464878
02/10/2017,7900,7950,7875,7925,99264
03/10/2017,7900,8025,7800,8000,219480
04/10/2017,8000,8050,7975,8000,139750
05/10/2017,8025,8025,7925,7950,145792
06/10/2017,8025,8025,7950,7975,226319
09/10/2017,8000,8025,7975,7975,67304
10/10/2017,7950,8025,7950,7975,205373
11/10/2017,7975,8025,7900,8025,215730
12/10/2017,8050,8200,8025,8200,227375
13/10/2017,8175,8475,8150,8475,419403
16/10/2017,8475,8525,8275,8375,265980
17/10/2017,8300,8325,8100,8250,370102
18/10/2017,8150,8200,8025,8050,321433
19/10/2017,8050,8100,7925,7925,324120
20/10/2017,8000,8150,7950,8000,247643
23/10/2017,8000,8150,8000,8050,125195
24/10/2017,8000,8200,8000,8175,141940
25/10/2017,8200,8200,8050,8150,316686
26/10/2017,8150,8150,7975,8000,215073
27/10/2017,7975,8075,7900,7900,254149
30/10/2017,7950,8025,7900,8000,203736
31/10/2017,8075,8075,8000,8000,204771
01/11/2017,8000,8100,8000,8075,203722
02/11/2017,8100,8200,8075,8150,273199
03/11/2017,8150,8150,8025,8100,181090
06/11/2017,8075,8125,8050,8075,132269
07/11/2017,8075,8200,8050,8200,147333
08/11/2017,8150,8300,8100,8300,173510
09/11/2017,8300,8325,8225,8275,191542
10/11/2017,8225,8425,8200,8350,219072
13/11/2017,8350,8375,8300,8350,191127
14/11/2017,8350,8375,8275,8300,303705
15/11/2017,8300,8300,8150,8175,279705
16/11/2017,8200,8300,8175,8250,188884
17/11/2017,8300,8325,8200,8200,180473
20/11/2017,8300,8300,8200,8200,158599
21/11/2017,8175,8250,8075,8125,200313
22/11/2017,8150,8450,8150,8450,447189
23/11/2017,8500,8500,8400,8475,225380
24/11/2017,8400,8550,8375,8550,160536
27/11/2017,8475,8600,8450,8525,294806
28/11/2017,8450,8450,8350,8375,377823
29/11/2017,8375,8400,8325,8350,207566
30/11/2017,8300,8350,7975,7975,663092
01/12/2017,7975,7975,7975,7975,0
04/12/2017,8175,8300,8100,8100,421332
05/12/2017,8125,8300,8125,8200,282864
06/12/2017,8150,8475,8150,8350,327808
07/12/2017,8350,8375,8275,8300,132320
08/12/2017,8250,8325,8225,8250,102745
11/12/2017,8250,8450,8250,8400,166050
12/12/2017,8450,8450,8175,8200,353611
13/12/2017,8175,8200,8075,8100,298857
14/12/2017,8200,8350,8150,8325,324617
15/12/2017,8325,8325,8200,8300,276568
18/12/2017,8200,8275,8075,8175,246736
19/12/2017,8150,8200,8125,8175,185508
20/12/2017,8150,8175,7975,8000,382997
21/12/2017,8050,8175,8025,8100,156567
22/12/2017,8100,8200,8075,8200,154510
27/12/2017,8200,8225,8125,8150,280662
28/12/2017,8200,8200,8025,8050,431066
29/12/2017,8150,8350,8100,8300,891276
02/01/2018,8300,8400,8150,8200,246613
03/01/2018,8250,8250,8000,8050,409761
04/01/2018,8075,8225,8050,8225,306044
05/01/2018,8150,8300,8125,8300,188853
08/01/2018,8300,8325,8200,8300,171784
09/01/2018,8300,8300,8150,8175,233238
10/01/2018,8275,8300,8175,8275,296161
11/01/2018,8275,8275,8125,8250,192947
12/01/2018,8200,8250,8175,8175,154560
15/01/2018,8175,8200,8125,8175,78019
16/01/2018,8200,8250,8125,8225,254722
17/01/2018,8150,8300,8125,8200,443429
18/01/2018,8275,8300,8200,8300,417902
19/01/2018,8300,8350,8250,8350,287897
22/01/2018,8350,8350,8200,8250,406806
23/01/2018,8300,8525,8250,8525,390742
24/01/2018,8525,8750,8450,8725,368402
25/01/2018,8675,8750,8625,8725,275855
26/01/2018,8725,8725,8500,8625,245051
29/01/2018,8650,8675,8500,8650,171502
30/01/2018,8650,8650,8400,8425,236432
31/01/2018,8400,8700,8375,8500,291120
01/02/2018,8525,8750,8525,8575,317008
02/02/2018,8700,8750,8625,8700,244828
05/02/2018,8500,8650,8450,8525,230456
06/02/2018,8350,8475,8350,8425,334109
07/02/2018,8500,8600,8375,8450,312154
08/02/2018,8500,8525,8350,8375,284069
09/02/2018,8250,8350,8175,8200,647486
12/02/2018,8300,8300,8200,8200,203688
13/02/2018,8200,8300,8200,8275,306082
14/02/2018,8275,8375,8275,8375,240337
15/02/2018,8425,8425,8275,8275,148320
19/02/2018,8350,8425,8300,8425,229985
20/02/2018,8350,8375,8250,8300,172762
21/02/2018,8325,8350,8125,8175,438960
22/02/2018,8200,8225,8000,8000,332537
23/02/2018,8125,8250,8100,8200,294576
26/02/2018,8200,8225,8050,8100,238168
27/02/2018,8100,8200,8075,8200,237182
28/02/2018,8175,8175,8075,8075,451026
01/03/2018,8100,8175,8075,8075,259631
02/03/2018,8075,8150,8025,8150,158338
05/03/2018,8175,8175,8075,8150,194215
06/03/2018,8200,8200,8025,8050,298645
07/03/2018,8000,8025,7775,7825,563716
08/03/2018,7925,7925,7775,7850,451727
09/03/2018,7900,7900,7750,7775,268557
12/03/2018,7850,7875,7775,7800,343524
13/03/2018,7775,7775,7675,7700,297182
14/03/2018,7650,7725,7575,7575,258785
15/03/2018,7525,7575,7425,7450,388937
16/03/2018,7450,7525,7350,7450,935588
19/03/2018,7450,7475,7250,7275,442600
20/03/2018,7225,7350,7200,7300,530478
21/03/2018,7350,7350,7275,7300,414511
22/03/2018,7350,7450,7325,7350,403024
23/03/2018,7050,7275,7050,7275,382063
26/03/2018,7275,7275,7175,7225,226409
27/03/2018,7300,7375,7250,7300,240603
28/03/2018,7225,7250,7075,7100,323412
29/03/2018,7175,7325,7050,7300,408597
02/04/2018,7350,7600,7300,7550,308994
03/04/2018,7500,7750,7450,7675,300078
04/04/2018,7675,7675,7475,7575,225634
05/04/2018,7625,7650,7475,7600,165615
06/04/2018,7600,7600,7525,7525,82687
09/04/2018,7550,7750,7550,7750,170972
10/04/2018,7700,7850,7675,7825,276546
11/04/2018,7875,7975,7850,7950,347168
12/04/2018,7850,7925,7700,7725,265586
13/04/2018,7750,7825,7525,7525,178163
16/04/2018,7575,7725,7500,7600,140691
17/04/2018,7700,7700,7525,7625,213877
18/04/2018,7625,7625,7475,7525,233565
19/04/2018,7525,7700,7525,7700,162528
20/04/2018,7650,7675,7550,7575,115073
23/04/2018,7600,7600,7475,7475,126489
24/04/2018,7400,7475,7300,7325,339952
25/04/2018,7400,7425,7150,7150,311381
26/04/2018,7175,7300,7050,7075,402894
27/04/2018,7250,7250,7100,7225,290519
30/04/2018,7275,7300,7150,7150,204894
02/05/2018,7200,7375,7150,7375,280295
03/05/2018,7375,7400,7275,7275,381167
04/05/2018,7200,7300,7125,7250,201551
07/05/2018,7300,7300,7050,7075,241674
08/05/2018,7075,7100,6825,6950,458775
09/05/2018,6800,7125,6800,7100,512496
11/05/2018,7150,7200,7050,7050,213708
14/05/2018,6950,7100,6950,7025,280816
15/05/2018,7025,7100,6925,6925,306564
16/05/2018,6900,6925,6650,6900,392985
17/05/2018,6900,6925,6725,6725,319963
18/05/2018,6800,6800,6525,6525,329463
21/05/2018,6600,6675,6525,6525,196660
22/05/2018,6575,7000,6550,6950,525646
23/05/2018,7000,7225,6950,7000,464323
24/05/2018,7150,7300,7125,7225,315177
25/05/2018,7275,7275,7050,7250,231493
28/05/2018,7100,7300,7100,7175,207688
30/05/2018,7125,7200,6950,7000,382649
31/05/2018,7075,7150,6850,6900,993304
04/06/2018,7050,7100,6975,7000,290717
05/06/2018,6950,7050,6950,7000,329734
06/06/2018,7000,7025,6950,6975,279780
07/06/2018,7000,7025,6950,6975,340054
08/06/2018,6875,6975,6875,6900,827238
20/06/2018,6850,6950,6625,6950,947505
21/06/2018,7100,7100,6675,6675,407100
22/06/2018,6675,6675,6575,6600,302201
25/06/2018,6700,6725,6575,6600,352163
26/06/2018,6550,6800,6550,6700,215928
27/06/2018,6725,6750,6425,6425,260416
28/06/2018,6425,6475,6275,6350,471220
29/06/2018,6400,6600,6375,6600,440774
02/07/2018,6650,6650,6250,6250,300444
03/07/2018,6250,6400,6100,6100,319186
04/07/2018,6175,6425,6125,6250,267065
05/07/2018,6200,6375,6200,6300,100710
06/07/2018,6375,6375,6250,6300,125161
09/07/2018,6350,6400,6250,6325,173370
10/07/2018,6450,6550,6350,6350,360869
11/07/2018,6300,6625,6275,6625,294151
12/07/2018,6575,6700,6550,6675,224655
13/07/2018,6750,6825,6650,6800,276478
16/07/2018,6700,6725,6550,6700,168315
17/07/2018,6550,6675,6500,6625,159015
18/07/2018,6700,6750,6575,6650,190021
19/07/2018,6650,6750,6650,6700,275621
20/07/2018,6700,6750,6575,6675,220054
23/07/2018,6750,6750,6675,6675,137356
24/07/2018,6625,6750,6625,6650,89325
25/07/2018,6725,6900,6650,6875,159469
26/07/2018,6925,6950,6650,6675,208238
27/07/2018,6700,7000,6700,6975,311567
30/07/2018,7000,7100,6900,7100,213799
31/07/2018,7050,7150,6975,7150,258414
01/08/2018,7150,7475,7150,7475,539056
02/08/2018,7500,7500,7300,7300,191414
03/08/2018,7275,7300,7050,7125,240357
06/08/2018,7250,7475,7200,7425,370776
07/08/2018,7475,7475,7325,7375,232222
08/08/2018,7400,7450,7325,7425,167941
09/08/2018,7300,7525,7300,7500,173315
10/08/2018,7450,7475,7325,7400,162884
13/08/2018,7275,7275,7075,7100,257329
14/08/2018,7075,7225,6825,6825,342740
15/08/2018,6900,7050,6600,6975,446150
16/08/2018,6975,7250,6850,7100,217052
20/08/2018,7250,7400,7150,7400,446905
21/08/2018,7400,7475,7325,7475,205923
23/08/2018,7475,7525,7300,7425,302466
24/08/2018,7375,7450,7275,7375,156178
27/08/2018,7375,7600,7350,7575,328204
28/08/2018,7575,7600,7350,7350,177982
29/08/2018,7450,7550,7375,7475,260830
30/08/2018,7500,7500,7350,7475,151514
31/08/2018,7400,7400,7200,7250,408293
03/09/2018,7275,7275,7075,7100,250160
04/09/2018,7100,7100,7000,7075,307395
05/09/2018,6900,6950,6725,6775,520989
06/09/2018,6675,6875,6600,6800,601886
07/09/2018,6900,7175,6825,7175,429286
10/09/2018,7125,7175,6975,7175,218843
12/09/2018,7175,7275,7125,7125,271264
13/09/2018,7275,7275,7000,7075,226447
14/09/2018,7075,7225,7050,7225,176979
17/09/2018,7125,7125,6950,6950,153807
18/09/2018,6925,7125,6875,7025,318395
19/09/2018,7100,7400,7100,7400,280486
20/09/2018,7400,7575,7325,7500,374206
21/09/2018,7475,7475,7225,7250,485330
24/09/2018,7200,7225,7075,7125,247649
25/09/2018,7100,7200,7075,7200,144043
26/09/2018,7200,7425,7200,7350,258033
27/09/2018,7225,7375,7200,7375,293493
28/09/2018,7275,7450,7275,7350,319953
01/10/2018,7225,7475,7225,7325,141313
02/10/2018,7450,7450,7125,7200,199151
03/10/2018,7250,7275,7175,7200,165759
04/10/2018,7125,7150,7025,7075,197056
05/10/2018,6975,7050,6900,6950,259963
08/10/2018,6900,6975,6850,6850,191331
09/10/2018,6975,7025,6850,7025,173610
10/10/2018,7000,7050,6900,6950,171027
11/10/2018,6800,6825,6700,6725,404565
12/10/2018,6775,6925,6775,6850,287562
15/10/2018,6850,6925,6825,6850,188223
16/10/2018,6900,6975,6825,6975,185533
17/10/2018,7075,7100,6975,7025,233339
18/10/2018,7025,7025,6950,7025,125919
19/10/2018,7000,7350,6975,7300,484405
22/10/2018,7275,7300,7200,7275,224184
23/10/2018,7200,7375,7125,7350,389548
24/10/2018,7350,7450,7300,7300,364066
25/10/2018,7100,7375,7100,7375,265226
26/10/2018,7375,7425,7275,7425,222974
29/10/2018,7475,7625,7450,7500,507863
30/10/2018,7500,7750,7450,7700,390569
31/10/2018,7725,7900,7700,7900,465864
01/11/2018,7925,8050,7900,8050,593671
02/11/2018,8150,8200,8050,8175,587202
05/11/2018,8150,8250,8050,8250,329456
06/11/2018,8250,8250,7975,8100,402946
07/11/2018,8125,8325,8050,8225,440055
08/11/2018,8300,8425,8150,8200,480319
09/11/2018,8200,8250,8100,8175,263916
12/11/2018,8050,8125,7875,7875,276019
13/11/2018,7850,8100,7825,8000,404835
14/11/2018,8200,8300,8100,8175,356685
15/11/2018,8325,8525,8275,8525,599794
16/11/2018,8500,8575,8400,8550,456176
19/11/2018,8550,8550,8400,8500,263640
21/11/2018,8300,8575,8275,8450,277157
22/11/2018,8250,8475,8250,8450,212962
23/11/2018,8400,8425,8300,8400,71508
26/11/2018,8375,8425,8325,8325,187123
27/11/2018,8225,8450,8225,8400,215226
28/11/2018,8400,8400,8175,8400,407282
29/11/2018,8450,8575,8400,8475,466670
30/11/2018,8575,8625,8375,8550,691652
03/12/2018,8700,8775,8525,8600,446526
04/12/2018,8600,8600,8425,8525,501276
05/12/2018,8400,8475,8250,8325,289099
06/12/2018,8200,8250,8050,8100,558942
07/12/2018,8100,8275,8075,8225,586778
10/12/2018,8075,8175,8050,8150,239120
11/12/2018,8150,8250,8150,8150,346732
12/12/2018,8275,8275,8200,8250,235335
13/12/2018,8300,8625,8275,8450,574206
14/12/2018,8500,8500,8400,8450,367391
17/12/2018,8450,8450,8250,8300,371790
18/12/2018,8200,8375,8200,8375,271367
19/12/2018,8350,8450,8325,8425,298867
20/12/2018,8325,8525,8325,8475,246528
21/12/2018,8450,8450,8300,8425,311572
26/12/2018,8250,8300,8125,8125,193551
27/12/2018,8300,8325,8175,8225,257483
28/12/2018,8275,8400,8225,8225,244804
02/01/2019,8200,8275,8125,8200,140141
03/01/2019,8100,8400,8100,8375,251484
04/01/2019,8400,8450,8200,8350,324759
07/01/2019,8450,8475,8150,8150,326497
08/01/2019,8150,8225,8125,8175,291308
09/01/2019,8225,8275,8150,8200,429778
10/01/2019,8175,8200,7950,8200,768039
11/01/2019,8300,8300,8225,8300,322122
14/01/2019,8225,8225,8050,8150,404498
15/01/2019,8150,8150,8050,8150,565247
16/01/2019,8175,8250,8125,8250,335936
17/01/2019,8250,8325,8200,8275,388881
18/01/2019,8300,8475,8275,8475,451805
21/01/2019,8475,8550,8300,8325,399496
22/01/2019,8375,8375,8150,8200,331295
23/01/2019,8200,8275,8175,8175,265549
24/01/2019,8225,8450,8225,8425,567647
25/01/2019,8475,8475,8275,8425,279675
28/01/2019,8450,8450,8275,8375,256727
29/01/2019,8375,8400,8275,8375,346755
30/01/2019,8275,8375,8225,8350,408350
31/01/2019,8375,8450,8325,8450,493049
01/02/2019,8475,8500,8350,8450,239153
04/02/2019,8450,8475,8175,8200,276342
06/02/2019,8275,8350,8225,8225,286179
07/02/2019,8225,8275,8150,8200,275001
08/02/2019,8150,8225,8100,8150,368341
11/02/2019,8125,8150,8000,8000,344399
12/02/2019,8000,8000,7650,7650,846555
13/02/2019,7700,7775,7550,7675,600659
14/02/2019,7775,7775,7550,7600,374623
15/02/2019,7650,7650,7525,7600,513530
18/02/2019,7725,7925,7700,7875,390412
19/02/2019,7800,7875,7725,7775,242929
20/02/2019,7850,7875,7625,7775,465388
21/02/2019,7700,7725,7650,7700,412487
22/02/2019,7650,7700,7575,7625,320765
25/02/2019,7625,7800,7575,7650,349836
26/02/2019,7625,7675,7600,7600,299234
27/02/2019,7650,7650,7525,7600,389032
28/02/2019,7550,7550,7150,7150,1190050
01/03/2019,7250,7400,7225,7225,562655
04/03/2019,7200,7275,7150,7150,314847
05/03/2019,7125,7375,7025,7300,607085
06/03/2019,7400,7400,7275,7325,356433
08/03/2019,7200,7225,7150,7150,869898
11/03/2019,7300,7300,7175,7175,489500
12/03/2019,7250,7350,7175,7175,495068
13/03/2019,7100,7150,7100,7100,453723
14/03/2019,7125,7275,7125,7275,401587
15/03/2019,7200,7375,7200,7225,795944
18/03/2019,7300,7400,7275,7400,417916
19/03/2019,7300,7325,7225,7300,528884
20/03/2019,7300,7350,7225,7250,412916
21/03/2019,7300,7325,7225,7250,429675
22/03/2019,7275,7300,7225,7250,231373
25/03/2019,7175,7175,7000,7050,630486
26/03/2019,7100,7175,7075,7150,335019
27/03/2019,7175,7200,7100,7100,236706
28/03/2019,7150,7150,7050,7125,248030
29/03/2019,7100,7325,7100,7325,527474
01/04/2019,7375,7400,7275,7275,220565
02/04/2019,7325,7450,7300,7450,375738
04/04/2019,7500,7625,7500,7575,466135
05/04/2019,7575,7650,7500,7600,300897
08/04/2019,7600,7625,7375,7550,351171
09/04/2019,7475,7750,7475,7700,447777
10/04/2019,7725,7725,7625,7675,256838
11/04/2019,7675,7675,7475,7550,235930
12/04/2019,7450,7575,7450,7475,209104
15/04/2019,7575,7625,7475,7600,300020
16/04/2019,7550,7800,7550,7750,376005
18/04/2019,7925,8025,7775,7850,884599
22/04/2019,7850,7850,7500,7525,339996
23/04/2019,7625,7675,7550,7650,304869
24/04/2019,7625,7675,7600,7650,220446
25/04/2019,7550,7600,7400,7550,349564
26/04/2019,7475,7650,7475,7650,315311
29/04/2019,7525,7700,7500,7600,331693
30/04/2019,7650,7675,7575,7625,295697
02/05/2019,7600,7675,7450,7475,370106
03/05/2019,7475,7500,7400,7425,308011
06/05/2019,7350,7450,7300,7425,222911
07/05/2019,7400,7550,7375,7525,227008
08/05/2019,7450,7475,7375,7400,224545
09/05/2019,7325,7350,7125,7150,425851
10/05/2019,7200,7225,7075,7175,370864
13/05/2019,7100,7150,6975,7025,269924
14/05/2019,6900,7050,6825,7000,477822
15/05/2019,7075,7075,6875,6950,307860
16/05/2019,6900,6950,6725,6775,472455
17/05/2019,6900,6925,6700,6700,251028
20/05/2019,6650,6925,6625,6900,288658
21/05/2019,6925,7050,6925,7000,350201
22/05/2019,7000,7025,6850,7000,229675
23/05/2019,7000,7125,6975,7100,264602
24/05/2019,7125,7200,7050,7175,223720
27/05/2019,7175,7225,7100,7125,208591
28/05/2019,7200,7200,7050,7075,770660
29/05/2019,7075,7275,7050,7200,288056
31/05/2019,7250,7450,7175,7450,464788
10/06/2019,7575,7700,7550,7675,503322
11/06/2019,7525,7675,7450,7625,373870
12/06/2019,7500,7575,7450,7500,275703
13/06/2019,7450,7525,7375,7500,338604
14/06/2019,7500,7575,7400,7425,282829
17/06/2019,7425,7450,7375,7375,112397
18/06/2019,7425,7500,7400,7500,173932
19/06/2019,7550,7650,7550,7650,315200
20/06/2019,7575,7625,7500,7600,269615
21/06/2019,7625,7625,7350,7450,725972
24/06/2019,7375,7450,7300,7350,237794
25/06/2019,7275,7400,7275,7350,236069
26/06/2019,7375,7375,7225,7250,202155
27/06/2019,7250,7425,7250,7375,249163
28/06/2019,7400,7475,7350,7450,222861
01/07/2019,7475,7500,7300,7375,284661
02/07/2019,7400,7400,7250,7300,304666
03/07/2019,7275,7350,7225,7275,305257
04/07/2019,7300,7300,7200,7250,251965
05/07/2019,7200,7250,7150,7150,170847
08/07/2019,7225,7325,7175,7300,208781
09/07/2019,7325,7325,7225,7275,216897
10/07/2019,7325,7450,7300,7450,394664
11/07/2019,7475,7525,7425,7525,338213
12/07/2019,7500,7500,7400,7450,317114
15/07/2019,7500,7500,7400,7425,266287
16/07/2019,7450,7475,7400,7450,181880
17/07/2019,7400,7400,7100,7100,566684
18/07/2019,7100,7200,7075,7150,223349
19/07/2019,7175,7200,7075,7100,280084
22/07/2019,7100,7150,7050,7100,180406
23/07/2019,7150,7200,7125,7150,251561
24/07/2019,7225,7250,7175,7175,255977
25/07/2019,7225,7300,7175,7300,356435
26/07/2019,7175,7175,7075,7075,266279
29/07/2019,7075,7175,7050,7175,188410
30/07/2019,7175,7275,7175,7275,307658
31/07/2019,7150,7200,7000,7000,615151
01/08/2019,7000,7075,6975,7025,372709
02/08/2019,6950,7100,6950,7075,409428
05/08/2019,6975,7025,6900,6925,448190
06/08/2019,6800,6900,6750,6750,554299
07/08/2019,6750,6850,6725,6725,316315
08/08/2019,6750,6950,6750,6900,315215
09/08/2019,6900,6950,6775,6775,227129
12/08/2019,6850,6850,6725,6750,171828
13/08/2019,6750,6750,6600,6675,341236
14/08/2019,6725,6750,6600,6675,360121
15/08/2019,6600,6625,6500,6525,369607
16/08/2019,6575,6600,6500,6500,244161
19/08/2019,6600,6600,6425,6425,317188
20/08/2019,6475,6500,6375,6425,294659
21/08/2019,6425,6500,6350,6350,213069
22/08/2019,6375,6400,6250,6325,530703
23/08/2019,6350,6575,6275,6575,353408
26/08/2019,6475,6650,6425,6575,242757
27/08/2019,6625,6625,6500,6525,796840
28/08/2019,6525,6575,6425,6450,284990
29/08/2019,6475,6500,6425,6425,180281
30/08/2019,6500,6750,6475,6675,531584
02/09/2019,6725,6725,6550,6550,180091
03/09/2019,6600,6600,6400,6475,268125
04/09/2019,6475,6500,6375,6500,255627
05/09/2019,6575,6700,6525,6700,265519
06/09/2019,6725,6750,6650,6750,214253
09/09/2019,6750,6750,6625,6650,216196
10/09/2019,6675,6725,6600,6675,202416
11/09/2019,6700,6925,6675,6925,294497
12/09/2019,6900,6925,6750,6750,188424
13/09/2019,6850,6875,6725,6750,133980
16/09/2019,6750,6775,6575,6700,255292
17/09/2019,6700,6725,6475,6475,277453
18/09/2019,6525,6700,6500,6700,246277
19/09/2019,6725,6725,6575,6600,134788
20/09/2019,6575,6600,6525,6575,458889
23/09/2019,6575,6625,6550,6625,140449
24/09/2019,6575,6625,6450,6475,297386
25/09/2019,6400,6500,6400,6500,177815
26/09/2019,6575,6700,6525,6700,379795
27/09/2019,6700,6700,6600,6650,98310
30/09/2019,6650,6675,6575,6600,210896
01/10/2019,6550,6625,6550,6550,74525
02/10/2019,6500,6550,6450,6450,111285
03/10/2019,6400,6500,6300,6475,207698
04/10/2019,6550,6550,6400,6425,106806
07/10/2019,6400,6450,6300,6325,132501
08/10/2019,6325,6400,6275,6350,253859
09/10/2019,6300,6350,6250,6275,153762
10/10/2019,6275,6350,6250,6275,121726
11/10/2019,6275,6475,6275,6475,161811
14/10/2019,6550,6600,6375,6425,212361
15/10/2019,6400,6425,6350,6400,205906
16/10/2019,6400,6425,6300,6375,325860
17/10/2019,6350,6625,6325,6625,499795
18/10/2019,6650,6750,6550,6700,380128
21/10/2019,6700,6750,6600,6725,122450
22/10/2019,6750,6750,6550,6750,320990
23/10/2019,6700,6775,6650,6750,280156
24/10/2019,6800,6975,6750,6950,442947
25/10/2019,6950,6975,6775,6800,252456
28/10/2019,6800,6900,6775,6900,122064
29/10/2019,6875,6975,6875,6975,326815
30/10/2019,7000,7000,6875,6950,223198
31/10/2019,6950,6975,6825,6950,265021
01/11/2019,6975,6975,6725,6800,172130
04/11/2019,6800,6825,6700,6700,193391
05/11/2019,6775,6950,6750,6900,420418
06/11/2019,6975,6975,6825,6850,295655
07/11/2019,6925,6925,6650,6725,298919
08/11/2019,6700,6700,6550,6625,348786
11/11/2019,6650,6650,6550,6650,193737
12/11/2019,6650,6800,6550,6775,296331
13/11/2019,6775,6775,6675,6725,205663
14/11/2019,6675,6700,6550,6575,186959
15/11/2019,6650,6650,6475,6525,303433
18/11/2019,6525,6600,6525,6600,277291
19/11/2019,6650,6700,6575,6650,181398
20/11/2019,6600,6675,6550,6625,240830
21/11/2019,6550,6650,6525,6600,196751
22/11/2019,6600,6650,6575,6625,236000
25/11/2019,6600,6600,6475,6500,248488
26/11/2019,6575,6575,6350,6350,791663
27/11/2019,6400,6475,6350,6425,375667
28/11/2019,6425,6425,6350,6400,173534
29/11/2019,6400,6575,6375,6500,334404
02/12/2019,6500,6650,6500,6650,221147
03/12/2019,6650,6675,6525,6525,155106
04/12/2019,6500,6575,6475,6550,161541
05/12/2019,6600,6700,6550,6700,264682
06/12/2019,6675,6775,6625,6775,273951
09/12/2019,6775,6775,6625,6675,163369
10/12/2019,6625,6750,6625,6650,192291
11/12/2019,6675,6675,6550,6550,227876
12/12/2019,6575,6600,6550,6550,166267
13/12/2019,6700,6900,6700,6850,669436
16/12/2019,6900,7025,6875,6975,435176
17/12/2019,6975,7000,6875,6950,298355
18/12/2019,6875,6925,6750,6900,316149
19/12/2019,6875,6900,6775,6850,172594
20/12/2019,6850,6925,6750,6925,388867
23/12/2019,7000,7000,6775,6900,236548
26/12/2019,6800,6950,6800,6875,186852
27/12/2019,6925,6925,6850,6925,137144
30/12/2019,6925,6950,6850,6925,254940
02/01/2020,6925,6925,6775,6875,150086
03/01/2020,6925,6950,6825,6950,190688
06/01/2020,6900,6900,6750,6750,222619
07/01/2020,6800,6825,6675,6775,279630
08/01/2020,6700,6825,6700,6775,151504
09/01/2020,6800,6875,6750,6875,196912
10/01/2020,6900,6925,6825,6825,176876
13/01/2020,6850,6925,6825,6925,295852
14/01/2020,6975,7175,6925,7175,412144
15/01/2020,7150,7250,7025,7200,385351
16/01/2020,7125,7200,7075,7125,385044
17/01/2020,7075,7150,7000,7075,267148
20/01/2020,7100,7125,6975,7000,223891
21/01/2020,7025,7025,6925,7025,125203
22/01/2020,7025,7075,6975,7000,201003
23/01/2020,7050,7100,7000,7050,180202
24/01/2020,7000,7050,6975,6975,137100
27/01/2020,6975,6975,6700,6725,174708
28/01/2020,6675,6825,6650,6825,234661
29/01/2020,6850,6850,6750,6825,126461
30/01/2020,6775,6800,6625,6625,253248
31/01/2020,6650,6675,6350,6350,664604
03/02/2020,6275,6425,6250,6275,345384
04/02/2020,6350,6450,6300,6400,462728
05/02/2020,6450,6500,6300,6400,322271
06/02/2020,6500,6525,6425,6500,260158
07/02/2020,6550,6550,6400,6400,139187
10/02/2020,6400,6400,6175,6200,453669
11/02/2020,6300,6300,6050,6100,543250
12/02/2020,6075,6100,5925,5975,511007
13/02/2020,5975,6025,5925,5950,330217
14/02/2020,5975,6100,5925,6100,609010
17/02/2020,6150,6175,6050,6100,165676
18/02/2020,6050,6200,6050,6100,279603
19/02/2020,6175,6250,6150,6250,351861
20/02/2020,6275,6275,6125,6275,379954
21/02/2020,6275,6300,6150,6200,338047
24/02/2020,6050,6150,6025,6100,341906
25/02/2020,6000,6275,5975,6225,407232
26/02/2020,6100,6150,6050,6050,344537
27/02/2020,6100,6100,5950,5950,448011
28/02/2020,5850,5850,5525,5525,1006821
02/03/2020,5700,5850,5625,5700,637658
03/03/2020,5850,5975,5775,5900,538173
04/03/2020,5900,6025,5875,5975,435666
05/03/2020,6025,6050,5875,6050,405373
06/03/2020,5950,5950,5675,5675,312825
09/03/2020,5500,5500,5025,5025,879041
10/03/2020,5100,5325,5100,5150,864446
11/03/2020,5150,5175,5050,5125,451347
12/03/2020,5000,5025,4820,4910,648242
13/03/2020,4910,4960,4570,4870,989661
16/03/2020,4770,4770,4530,4590,556559
17/03/2020,4590,4600,4270,4270,671666
18/03/2020,4290,4350,3980,4150,619720
19/03/2020,4020,4020,3860,3860,270667
20/03/2020,3890,3900,3590,3780,1411478
23/03/2020,3780,3780,3520,3520,403185
24/03/2020,3570,3610,3280,3280,895021
26/03/2020,3220,3680,3220,3620,1802907
27/03/2020,3650,4360,3650,4080,1503120
30/03/2020,4080,4080,3800,3800,454908
31/03/2020,3880,3980,3740,3900,625348
01/04/2020,3880,4090,3650,3770,780429
02/04/2020,3670,3930,3580,3930,397173
03/04/2020,3990,4050,3860,3900,425771
06/04/2020,3920,4040,3880,4030,712058
07/04/2020,4060,4250,3960,4060,790180
08/04/2020,4000,4030,3810,3850,559804
09/04/2020,3870,4120,3870,4090,535261
13/04/2020,4090,4150,3920,3960,275209
14/04/2020,3960,4030,3920,3960,645714
15/04/2020,4000,4000,3800,3820,861498
16/04/2020,3780,3780,3620,3620,614943
17/04/2020,3680,3840,3680,3800,785930
20/04/2020,3800,3830,3710,3720,504066
21/04/2020,3710,3740,3610,3640,365907
22/04/2020,3600,3660,3450,3640,767505
23/04/2020,3700,3790,3650,3760,850687
24/04/2020,3760,3760,3610,3630,495970
27/04/2020,3670,3760,3570,3710,456822
28/04/2020,3750,3790,3630,3740,533071
29/04/2020,3770,3780,3650,3690,405572
30/04/2020,3750,3860,3720,3850,922570
04/05/2020,3750,3750,3610,3610,713018
05/05/2020,3630,3660,3580,3610,549833
06/05/2020,3610,3680,3580,3640,704250
08/05/2020,3690,3740,3600,3740,633465
11/05/2020,3760,3920,3750,3920,795118
12/05/2020,3920,3920,3780,3820,583479
13/05/2020,3820,3820,3710,3730,449746
14/05/2020,3700,3710,3530,3570,805709
15/05/2020,3590,3720,3560,3710,652849
18/05/2020,3720,3950,3710,3910,883682
19/05/2020,4000,4040,3940,3950,772388
20/05/2020,3950,3980,3870,3970,389657
26/05/2020,3970,4360,3970,4330,1160419
27/05/2020,4350,4390,4220,4350,688412
28/05/2020,4370,4580,4350,4540,868257
29/05/2020,4520,4770,4470,4770,1647865
02/06/2020,4760,4950,4630,4730,724259
03/06/2020,4750,4950,4680,4890,766541
04/06/2020,4950,4960,4740,4760,827110
05/06/2020,4780,5025,4670,5000,635788
08/06/2020,5250,5250,4990,5025,538082
09/06/2020,5100,5125,4980,5000,430495
10/06/2020,5025,5025,4650,4850,398129
11/06/2020,4840,4840,4660,4700,539201
12/06/2020,4590,4820,4400,4790,458377
15/06/2020,4800,4850,4700,4740,428805
16/06/2020,4800,5000,4800,4970,387367
17/06/2020,4990,5000,4910,4970,247445
18/06/2020,4970,4970,4800,4800,403319
19/06/2020,4830,4910,4800,4890,628748
22/06/2020,4930,4940,4850,4890,250972
23/06/2020,4890,4940,4850,4900,294905
24/06/2020,4920,5050,4900,5000,554217
25/06/2020,4840,4920,4800,4900,349527
26/06/2020,4950,4950,4900,4900,240192
29/06/2020,4900,4900,4750,4800,293687
30/06/2020,4840,4880,4800,4800,251970
01/07/2020,4800,4860,4770,4810,225860
02/07/2020,4830,4890,4810,4870,265750
03/07/2020,4880,4910,4840,4850,204002
06/07/2020,4860,4900,4840,4840,177838
07/07/2020,4900,4910,4800,4830,461786
08/07/2020,4840,4930,4770,4910,452460
09/07/2020,4930,5000,4880,4900,333778
10/07/2020,4880,4920,4830,4830,231817
13/07/2020,4850,4910,4850,4900,224814
14/07/2020,4900,4950,4880,4950,224184
15/07/2020,4990,5200,4970,5150,642494
16/07/2020,5150,5350,5150,5250,721135
17/07/2020,5300,5300,5200,5200,462353
20/07/2020,5200,5225,5025,5100,248290
21/07/2020,5100,5450,5100,5375,518789
22/07/2020,5375,5400,5200,5300,294935
23/07/2020,5300,5325,5125,5175,277874
24/07/2020,5175,5175,5000,5050,323381
27/07/2020,5075,5150,5025,5125,176452
28/07/2020,5175,5225,5100,5175,302104
29/07/2020,5175,5225,5050,5075,320101
30/07/2020,5025,5225,5000,5150,327205
03/08/2020,5100,5150,4860,4880,660532
04/08/2020,4900,4960,4900,4960,323070
05/08/2020,4970,5100,4950,5050,228839
06/08/2020,5075,5225,5050,5225,459067
07/08/2020,5225,5300,5100,5275,350367
10/08/2020,5275,5275,5125,5125,305882
11/08/2020,5175,5250,5150,5225,198777
12/08/2020,5225,5400,5175,5400,313043
13/08/2020,5450,5550,5375,5400,363447
14/08/2020,5400,5450,5350,5375,153377
18/08/2020,5325,5450,5300,5375,349748
19/08/2020,5425,5425,5250,5300,248702
24/08/2020,5300,5350,5250,5300,200009
25/08/2020,5325,5375,5300,5300,278079
26/08/2020,5400,5400,5275,5350,299577
27/08/2020,5375,5400,5250,5300,274915
28/08/2020,5300,5325,5275,5325,203479
31/08/2020,5325,5350,5100,5100,422406
01/09/2020,5175,5250,5100,5250,208810
02/09/2020,5300,5350,5200,5300,190745
03/09/2020,5350,5350,5125,5175,383233
04/09/2020,5100,5150,5025,5050,479662
07/09/2020,5050,5075,4950,5025,371207
08/09/2020,5025,5125,5025,5125,227902
09/09/2020,5025,5025,4900,4900,626262
10/09/2020,4560,4610,4560,4560,1429107
11/09/2020,4350,4700,4310,4630,767257
14/09/2020,4780,4830,4700,4790,579048
15/09/2020,4850,4870,4770,4820,358097
16/09/2020,4850,4860,4780,4780,215292
17/09/2020,4770,4880,4770,4860,262346
18/09/2020,4840,4870,4760,4780,460113
21/09/2020,4790,4800,4620,4670,233881
22/09/2020,4600,4740,4590,4670,228933
23/09/2020,4680,4730,4590,4630,156961
24/09/2020,4620,4650,4560,4600,243933
25/09/2020,4610,4920,4610,4860,400646
28/09/2020,4870,4910,4740,4740,289676
29/09/2020,4760,4800,4560,4570,317071
30/09/2020,4560,4570,4450,4460,404902
01/10/2020,4490,4640,4490,4610,328229
02/10/2020,4630,4640,4520,4590,333550
05/10/2020,4600,4630,4540,4560,206244
06/10/2020,4650,4660,4600,4620,236825
07/10/2020,4590,4630,4560,4630,218140
08/10/2020,4640,4770,4630,4750,329466
09/10/2020,4720,4760,4700,4740,195250
12/10/2020,4790,4810,4700,4700,237494
13/10/2020,4700,4750,4650,4740,250321
14/10/2020,4710,4860,4710,4820,501741
15/10/2020,4820,4820,4740,4740,293823
16/10/2020,4740,4930,4700,4930,377754
19/10/2020,4930,5075,4880,5000,380579
20/10/2020,4990,5175,4960,5175,689156
21/10/2020,5200,5250,5175,5250,525672
22/10/2020,5200,5275,5200,5250,758830
23/10/2020,5300,5400,5250,5400,460407
26/10/2020,5400,5450,5300,5400,330550
27/10/2020,5300,5500,5300,5425,453939
02/11/2020,5325,5425,5275,5400,487722
03/11/2020,5450,5500,5425,5500,447898
04/11/2020,5475,5500,5350,5400,224337
05/11/2020,5500,5550,5425,5500,253842
06/11/2020,5525,5875,5525,5825,620369
09/11/2020,5800,5850,5600,5600,539219
10/11/2020,5750,5850,5700,5750,600627
11/11/2020,5850,6025,5850,6000,565816
12/11/2020,5875,6025,5775,6000,678191
13/11/2020,5900,5925,5850,5900,240909
16/11/2020,5925,6000,5900,5925,625264
17/11/2020,5975,5975,5800,5800,280128
18/11/2020,5825,5875,5750,5775,253847
19/11/2020,5750,5775,5725,5725,354278
20/11/2020,5725,5825,5700,5725,337033
23/11/2020,5725,5850,5725,5800,409338
24/11/2020,5875,5875,5800,5800,331175
25/11/2020,5825,5875,5550,5550,1176141
26/11/2020,5525,5675,5500,5650,895720
27/11/2020,5650,5700,5525,5550,983765
30/11/2020,5550,5575,5200,5300,3114024
01/12/2020,5425,5550,5400,5550,1194455
02/12/2020,5600,5750,5575,5725,942203
03/12/2020,5725,5750,5600,5625,544078
04/12/2020,5625,5725,5550,5700,524055
07/12/2020,5800,5900,5725,5850,928595
08/12/2020,5850,5875,5675,5700,773392
10/12/2020,5800,5875,5750,5825,929889
11/12/2020,5825,5875,5650,5675,536692
14/12/2020,5725,5750,5650,5675,438216
15/12/2020,5675,5975,5650,5950,1288532
16/12/2020,6000,6200,6000,6125,983625
17/12/2020,6150,6200,6050,6200,763619
18/12/2020,6225,6275,6175,6200,818780
21/12/2020,6200,6225,6100,6150,548005
22/12/2020,6100,6250,5950,6075,943941
23/12/2020,6025,6100,5825,6000,738801
28/12/2020,6175,6175,5950,6075,325722
29/12/2020,6100,6175,6000,6050,403415
30/12/2020,6100,6125,6025,6025,396154
04/01/2021,6100,6250,6025,6225,348402
05/01/2021,6225,6250,6150,6175,273184
06/01/2021,6175,6225,5950,6150,427782
07/01/2021,6175,6200,6075,6075,335364
08/01/2021,6150,6475,6100,6425,885904
11/01/2021,6500,6600,6475,6525,576224
12/01/2021,6425,6650,6400,6525,382262
13/01/2021,6600,6800,6500,6775,561716
14/01/2021,6850,6925,6775,6775,482098
15/01/2021,6800,6850,6525,6575,457223
18/01/2021,6575,6700,6525,6675,484447
19/01/2021,6775,6775,6575,6675,372364
20/01/2021,6625,6775,6625,6675,274030
21/01/2021,6800,6800,6725,6800,322197
22/01/2021,6825,6850,6600,6700,349605
25/01/2021,6650,6650,6325,6475,733917
26/01/2021,6475,6575,6300,6350,391583
27/01/2021,6350,6350,6150,6275,563547
28/01/2021,6150,6450,6150,6275,545964
29/01/2021,6300,6375,5950,6100,718862
01/02/2021,5850,6075,5750,6025,574162
02/02/2021,6150,6150,5875,5975,424214
03/02/2021,6075,6275,5950,6150,764208
04/02/2021,6225,6225,6125,6200,295081
05/02/2021,6250,6250,6050,6100,343666
08/02/2021,6200,6200,6075,6100,288174
09/02/2021,6100,6200,5825,5825,1137950
10/02/2021,5850,5975,5825,5900,434922
11/02/2021,5875,5950,5825,5850,378907
15/02/2021,6100,6250,5950,5950,1786422
16/02/2021,5975,6000,5900,5925,357966
17/02/2021,5900,5925,5750,5800,565175
18/02/2021,5750,5875,5725,5725,567659
19/02/2021,5725,5850,5725,5775,426278
22/02/2021,5825,5850,5700,5700,552303
23/02/2021,5700,5825,5700,5725,607450
24/02/2021,5775,5850,5600,5625,730502
25/02/2021,5700,5700,5475,5575,1236722
26/02/2021,5450,5525,5350,5400,1462715
01/03/2021,5500,5600,5450,5600,1184189
02/03/2021,5650,5675,5550,5575,870615
03/03/2021,5625,5700,5525,5675,490302
04/03/2021,5675,5700,5525,5575,707668
05/03/2021,5525,5575,5475,5500,480344
08/03/2021,5550,5625,5475,5550,556529
09/03/2021,5550,5650,5400,5525,669088
10/03/2021,5500,5525,5400,5425,661542
12/03/2021,5550,5575,5450,5475,870650
15/03/2021,5525,5625,5500,5525,484895
16/03/2021,5600,5725,5550,5550,648044
17/03/2021,5625,5650,5550,5575,618816
18/03/2021,5675,5800,5625,5725,903387
19/03/2021,5725,5775,5625,5775,804298
22/03/2021,5750,5775,5550,5575,573203
23/03/2021,5550,5675,5550,5575,469731
24/03/2021,5575,5600,5450,5450,400653
25/03/2021,5450,5525,5400,5450,494979
26/03/2021,5525,5600,5475,5600,248803
29/03/2021,5600,5650,5525,5525,251641
30/03/2021,5475,5550,5400,5400,558423
31/03/2021,5450,5450,5225,5275,898352
01/04/2021,5350,5400,5325,5350,333236
05/04/2021,5425,5450,5350,5350,291422
06/04/2021,5375,5400,5300,5350,260408
07/04/2021,5300,5350,5275,5325,333619
08/04/2021,5375,5375,5300,5300,436801
09/04/2021,5300,5400,5275,5275,593488
12/04/2021,5250,5275,5050,5075,682112
13/04/2021,5025,5175,5025,5075,535054
14/04/2021,5150,5275,5100,5250,392778
15/04/2021,5250,5275,5175,5250,345337
16/04/2021,5300,5325,5200,5250,381512
19/04/2021,5225,5250,5200,5200,308326
20/04/2021,5150,5300,5150,5300,466012
21/04/2021,5225,5275,5200,5225,472585
22/04/2021,5225,5500,5225,5450,867851
23/04/2021,5500,5650,5475,5625,951756
26/04/2021,5625,5675,5600,5625,654280
27/04/2021,5625,5650,5475,5525,415526
28/04/2021,5400,5575,5325,5350,720117
29/04/2021,5350,5475,5350,5425,432031
30/04/2021,5450,5550,5375,5500,566686
03/05/2021,5450,5500,5400,5425,294510
04/05/2021,5500,5575,5425,5500,398604
05/05/2021,5525,5600,5475,5525,272700
06/05/2021,5600,5600,5400,5425,343614
07/05/2021,5450,5475,5275,5325,307717
10/05/2021,5350,5425,5350,5375,254297
11/05/2021,5400,5425,5175,5225,491626
17/05/2021,5300,5325,5125,5175,476231
18/05/2021,5150,5200,5100,5150,457843
19/05/2021,5100,5125,5025,5050,470088
20/05/2021,5050,5200,5025,5175,497469
21/05/2021,5175,5225,5050,5050,434169
24/05/2021,5100,5150,5025,5100,335400
25/05/2021,5100,5150,5050,5075,453935
27/05/2021,5100,5225,5075,5150,997095
28/05/2021,5175,5225,5125,5150,243467
31/05/2021,5175,5300,5150,5250,414980
02/06/2021,5350,5350,5275,5325,432174
03/06/2021,5350,5350,5275,5350,490127
04/06/2021,5325,5350,5200,5225,352111
07/06/2021,5225,5300,5200,5250,316932
08/06/2021,5300,5325,5200,5275,354023
09/06/2021,5275,5350,5225,5325,243313
10/06/2021,5400,5425,5325,5400,429242
11/06/2021,5400,5425,5250,5275,444217
14/06/2021,5350,5350,5150,5175,406995
15/06/2021,5175,5200,5125,5150,359158
16/06/2021,5200,5200,5125,5150,291449
17/06/2021,5125,5150,5075,5100,380746
18/06/2021,5075,5125,4900,5000,1121576
21/06/2021,4920,4970,4760,4920,481833
22/06/2021,4920,5025,4900,4920,471562
23/06/2021,4980,5025,4920,4930,463519
24/06/2021,4930,4980,4910,4940,246652
25/06/2021,4940,4980,4910,4920,331253
28/06/2021,4920,4930,4710,4710,530834
29/06/2021,4730,4920,4710,4840,704257
30/06/2021,4830,5000,4820,4940,346417
01/07/2021,4990,5100,4950,5025,428569
02/07/2021,5025,5075,4980,5000,224369
05/07/2021,5050,5075,4920,4940,275541
06/07/2021,4970,4970,4890,4900,312801
07/07/2021,4900,4990,4860,4900,359078
08/07/2021,4930,4960,4850,4880,405666
09/07/2021,4880,4920,4870,4910,210885
12/07/2021,4910,4950,4880,4920,268166
13/07/2021,4950,4960,4850,4900,289986
14/07/2021,4920,4920,4730,4730,434087
15/07/2021,4730,4840,4640,4810,507507
16/07/2021,4840,4910,4820,4880,325440
19/07/2021,4850,4870,4780,4780,251061
21/07/2021,4780,4930,4780,4870,417160
22/07/2021,4930,5025,4900,4980,362873
23/07/2021,5000,5000,4910,4950,268477
26/07/2021,4950,4970,4770,4770,433734
27/07/2021,4770,4830,4730,4760,426355
28/07/2021,4780,4790,4710,4710,240830
29/07/2021,4720,4740,4650,4650,502385
30/07/2021,4710,4840,4670,4720,653795
02/08/2021,4730,4820,4730,4820,391926
03/08/2021,4840,4970,4830,4940,464141
04/08/2021,4970,4970,4870,4900,256469
05/08/2021,4900,4930,4860,4890,313049
06/08/2021,4940,4980,4880,4940,454546
09/08/2021,4940,4950,4830,4860,318587
10/08/2021,4900,4930,4840,4910,419203
12/08/2021,4940,4960,4880,4940,221917
13/08/2021,4960,5075,4960,5025,626733
16/08/2021,5050,5075,4990,5075,469497
18/08/2021,5100,5300,5075,5225,1025606
19/08/2021,5225,5275,5075,5150,535949
20/08/2021,5150,5150,5000,5100,328782
23/08/2021,5100,5150,5050,5100,309215
24/08/2021,5175,5175,5050,5075,327835
25/08/2021,5150,5200,5075,5150,268704
26/08/2021,5200,5200,5050,5100,287574
27/08/2021,5100,5100,5050,5050,269661
30/08/2021,5100,5275,5100,5275,519146
31/08/2021,5275,5300,5200,5225,456492
01/09/2021,5225,5275,5100,5175,267325
02/09/2021,5200,5250,5175,5250,173350
03/09/2021,5250,5350,5200,5350,280045
06/09/2021,5375,5450,5325,5425,283152
07/09/2021,5425,5450,5300,5350,236858
08/09/2021,5375,5375,5250,5250,440760
09/09/2021,5250,5450,5250,5450,491180
10/09/2021,5450,5475,5375,5425,319971
13/09/2021,5425,5500,5350,5450,297964
14/09/2021,5500,5550,5450,5525,343569
15/09/2021,5525,5550,5375,5400,615223
16/09/2021,5425,5475,5350,5375,271877
17/09/2021,5375,5425,5275,5425,440040
20/09/2021,5425,5425,5225,5300,468961
21/09/2021,5275,5275,5150,5225,236563
22/09/2021,5225,5350,5200,5275,217508
23/09/2021,5275,5325,5150,5150,271784
24/09/2021,5150,5225,5125,5150,293943
27/09/2021,5150,5225,5125,5175,252523
28/09/2021,5175,5200,5075,5075,356409
29/09/2021,5075,5350,5050,5325,429959
30/09/2021,5375,5500,5300,5500,447230
01/10/2021,5450,5500,5400,5450,274841
04/10/2021,5500,5625,5475,5575,520749
05/10/2021,5575,5650,5500,5550,271280
06/10/2021,5600,6100,5575,5975,1682375
07/10/2021,5975,6000,5700,5700,975160
08/10/2021,5700,5975,5625,5900,910942
11/10/2021,5925,5950,5775,5775,389945
12/10/2021,5800,5950,5775,5875,688231
13/10/2021,5950,6300,5925,6275,1436529
14/10/2021,6300,6450,6125,6225,1045028
15/10/2021,6275,6300,6125,6250,828967
18/10/2021,6275,6350,6200,6225,614190
19/10/2021,6275,6375,6200,6350,521170
21/10/2021,6350,6350,6125,6150,1329052
22/10/2021,6150,6225,6125,6175,268864
25/10/2021,6200,6225,6025,6050,518720
26/10/2021,6050,6175,6050,6150,259505
27/10/2021,6100,6125,6000,6000,405887
28/10/2021,6000,6175,5950,6000,500469
29/10/2021,6225,6250,6025,6025,823974
01/11/2021,6050,6150,6025,6025,372541
02/11/2021,6025,6100,5900,5900,252934
03/11/2021,5900,6025,5825,5975,904950
04/11/2021,6075,6075,5950,5975,417742
05/11/2021,5900,5975,5850,5925,807754
08/11/2021,5925,6000,5900,5925,231773
09/11/2021,5900,5950,5850,5850,411122
10/11/2021,5925,6250,5875,6175,1043126
11/11/2021,6200,6250,6150,6175,511117
12/11/2021,6200,6225,6075,6150,269208
15/11/2021,6150,6175,6050,6125,221489
16/11/2021,6125,6250,6100,6175,426810
17/11/2021,6225,6250,6175,6250,491209
18/11/2021,6250,6250,6175,6200,296299
19/11/2021,6225,6250,6200,6225,375052
22/11/2021,6250,6375,6125,6200,626126
23/11/2021,6250,6300,6175,6250,315574
24/11/2021,6275,6275,6200,6225,256453
25/11/2021,6250,6300,6175,6225,327635
26/11/2021,6200,6225,5875,5900,936341
29/11/2021,5900,6000,5750,5975,873674
30/11/2021,5950,5975,5750,5775,975927
01/12/2021,5825,5850,5625,5650,1024128
02/12/2021,5650,5875,5600,5850,484223
03/12/2021,5900,5925,5725,5750,318829
06/12/2021,5750,5800,5650,5650,531124
07/12/2021,5700,5925,5700,5925,396795
08/12/2021,5925,5950,5775,5800,441895
09/12/2021,5900,6000,5800,6000,353869
10/12/2021,5950,5950,5800,5925,556294
13/12/2021,5925,5975,5875,5900,306558
14/12/2021,5925,5925,5850,5875,172337
15/12/2021,5900,6050,5875,6000,510705
16/12/2021,6025,6050,5800,5800,569293
17/12/2021,5800,5825,5725,5800,558549
20/12/2021,5750,5775,5675,5675,262900
21/12/2021,5675,5750,5650,5650,291278
22/12/2021,5700,5775,5625,5625,337033
23/12/2021,5650,5750,5625,5725,217432
24/12/2021,5725,5750,5650,5675,162038
27/12/2021,5725,5750,5650,5675,204267
28/12/2021,5675,5750,5650,5725,218333
29/12/2021,5750,5775,5675,5750,142600
30/12/2021,5775,5775,5700,5700,171440
03/01/2022,5675,5750,5625,5725,270523
04/01/2022,5750,5875,5725,5775,297707
05/01/2022,5725,5775,5550,5575,504237
06/01/2022,5600,5675,5575,5675,321558
07/01/2022,5725,5750,5650,5700,250148
10/01/2022,5675,5725,5650,5650,153744
11/01/2022,5700,5700,5650,5700,218003
12/01/2022,5725,5725,5650,5725,212837
13/01/2022,5725,5775,5675,5775,186181
14/01/2022,5775,5800,5700,5725,177190
17/01/2022,5775,5775,5650,5675,158591
18/01/2022,5675,5725,5575,5650,281652
19/01/2022,5650,5675,5575,5600,380518
20/01/2022,5600,5625,5500,5525,465646
21/01/2022,5525,5625,5500,5600,407095
24/01/2022,5600,5625,5525,5525,271278
25/01/2022,5500,5500,5375,5450,566605
26/01/2022,5500,5500,5425,5450,279857
27/01/2022,5425,5525,5400,5475,345713
28/01/2022,5475,5525,5450,5475,273785
31/01/2022,5475,5550,5450,5475,320063
02/02/2022,5500,5525,5425,5500,334504
03/02/2022,5500,5550,5450,5500,385656
04/02/2022,5525,5525,5475,5500,160508
07/02/2022,5500,5525,5450,5475,466840
08/02/2022,5525,5700,5500,5550,956910
09/02/2022,5550,5650,5475,5550,802449
10/02/2022,5575,5625,5450,5450,932654
11/02/2022,5450,5475,5400,5450,363667
14/02/2022,5400,5425,5250,5300,743074
15/02/2022,5300,5525,5300,5500,779648
16/02/2022,5550,5600,5475,5475,465800
17/02/2022,5500,5525,5425,5475,475713
18/02/2022,5450,5625,5425,5600,539814
21/02/2022,5625,5650,5550,5575,275092
22/02/2022,5525,5575,5450,5575,492336
23/02/2022,5575,5650,5525,5650,442991
24/02/2022,5625,5775,5525,5700,764895
25/02/2022,5700,5800,5650,5800,975980
01/03/2022,5800,5950,5700,5700,1012276
02/03/2022,5650,5700,5500,5525,805654
04/03/2022,5575,5675,5525,5625,503484
07/03/2022,5600,5825,5550,5800,599780
08/03/2022,6000,6550,5975,6250,2566550
09/03/2022,6500,6500,6225,6300,1078532
10/03/2022,6300,6300,6150,6250,565841
11/03/2022,6175,6300,6125,6275,329378
14/03/2022,6350,6425,6300,6375,618110
15/03/2022,6425,6450,6275,6300,566936
16/03/2022,6325,6400,6300,6400,557762
17/03/2022,6400,6475,6350,6425,538447
18/03/2022,6450,6450,6325,6400,694933
21/03/2022,6450,6600,6450,6600,724523
22/03/2022,6600,6600,6500,6575,392606
23/03/2022,6575,6575,6450,6475,273487
24/03/2022,6425,6575,6425,6575,376351
25/03/2022,6550,6575,6375,6400,429843
28/03/2022,6400,6775,6400,6700,685452
29/03/2022,6600,6700,6550,6550,249010
30/03/2022,6550,6650,6500,6650,343200
31/03/2022,6675,6675,6575,6575,413465
01/04/2022,6775,6775,6625,6700,353636
04/04/2022,6775,6825,6675,6825,293721
05/04/2022,6825,6900,6725,6900,285812
06/04/2022,6825,7000,6800,7000,488546
07/04/2022,6950,7000,6850,6900,414926
08/04/2022,7000,7075,6900,7000,550062
11/04/2022,6975,7000,6750,6850,514817
12/04/2022,6875,6950,6825,6950,418798
13/04/2022,6950,7000,6875,6975,528177
14/04/2022,6975,7050,6875,6875,238916
18/04/2022,6900,7050,6900,7000,329618
19/04/2022,7050,7050,6800,6900,292376
20/04/2022,6900,6975,6825,6900,398779
21/04/2022,6925,7100,6900,7000,514388
22/04/2022,6975,7100,6875,7050,397953
25/04/2022,7050,7150,6875,7075,523057
26/04/2022,7100,7200,7000,7200,392236
27/04/2022,7175,7200,7050,7125,349879
28/04/2022,7250,7700,7225,7575,1181522
09/05/2022,7425,7425,7050,7050,810893
10/05/2022,6650,7000,6625,7000,1183520
11/05/2022,7025,7225,6900,6900,712876
12/05/2022,6900,7025,6725,6850,455873
13/05/2022,6900,7225,6850,7125,732603
17/05/2022,7250,7300,7000,7000,402792
18/05/2022,6975,7200,6925,7100,448599
19/05/2022,6925,7125,6850,7000,275583
20/05/2022,7050,7200,7050,7125,376748
23/05/2022,7125,7175,6825,6950,463686
24/05/2022,7025,7200,7025,7150,521772
25/05/2022,7100,7175,7050,7100,512005
27/05/2022,7200,7300,7150,7225,347666
30/05/2022,7275,7275,7125,7250,371478
31/05/2022,7250,7475,7250,7350,908003
02/06/2022,7300,7500,7250,7325,727334
03/06/2022,7350,7475,7300,7300,439374
06/06/2022,7200,7250,7075,7225,533883
07/06/2022,7300,7400,7200,7200,548139
08/06/2022,7150,7350,7150,7175,334785
09/06/2022,7150,7350,7150,7200,377856
10/06/2022,7100,7175,6925,6925,576210
13/06/2022,6900,7100,6725,7025,597817
14/06/2022,6875,7000,6875,6975,380018
15/06/2022,6975,6975,6700,6700,508046
16/06/2022,6850,6950,6750,6850,749806
17/06/2022,6675,6950,6675,6950,639313
20/06/2022,6950,6975,6750,6925,442637
21/06/2022,6900,6975,6850,6850,312470
22/06/2022,6850,6925,6775,6800,355368
23/06/2022,6850,6875,6750,6875,301370
24/06/2022,6900,6900,6650,6675,423860
27/06/2022,6700,6750,6550,6650,482804
28/06/2022,6650,6700,6600,6700,326985
29/06/2022,6625,6700,6500,6500,377611
30/06/2022,6525,6650,6500,6625,528376
01/07/2022,6675,6675,6500,6525,523821
04/07/2022,6500,6575,6300,6500,430864
05/07/2022,6500,6525,6325,6325,397000
06/07/2022,6300,6400,6050,6075,677734
07/07/2022,6025,6125,5900,5950,628702
08/07/2022,6025,6075,5950,5975,781307
11/07/2022,5975,6075,5925,6050,499465
12/07/2022,6050,6150,6050,6100,229008
13/07/2022,6100,6100,5825,5825,567477
14/07/2022,5825,6100,5825,6100,598475
15/07/2022,6000,6075,5925,5950,324037
18/07/2022,5975,6025,5950,6025,276174
19/07/2022,6025,6150,6025,6075,507226
20/07/2022,6175,6275,6100,6275,704914
21/07/2022,6200,6250,6050,6175,554155
22/07/2022,6175,6175,6050,6075,375838
25/07/2022,6050,6150,6050,6075,246742
26/07/2022,6100,6125,6075,6100,218706
27/07/2022,6125,6125,6000,6100,350660
28/07/2022,6125,6150,6025,6050,519088
29/07/2022,6150,6425,6125,6325,1502852
01/08/2022,6425,6550,6350,6475,555117
02/08/2022,6475,6475,6275,6475,533127
03/08/2022,6450,6600,6375,6600,406705
04/08/2022,6700,6700,6450,6600,559244
05/08/2022,6600,6650,6475,6625,467020
08/08/2022,6625,6700,6525,6700,329710
09/08/2022,6725,6825,6700,6750,610017
10/08/2022,6775,6850,6600,6850,370864
11/08/2022,6975,7000,6900,6950,420024
12/08/2022,6950,7000,6850,6950,584954
15/08/2022,6925,6950,6800,6875,352832
16/08/2022,6875,7050,6875,6975,619077
18/08/2022,6975,7000,6850,6975,251897
19/08/2022,6975,7000,6900,6975,329145
22/08/2022,6875,6925,6800,6925,482665
23/08/2022,6900,7025,6850,6975,563807
24/08/2022,6925,7050,6900,7050,306049
25/08/2022,7050,7050,6950,6975,227938
26/08/2022,6975,7025,6850,6875,311204
29/08/2022,6800,6900,6750,6825,335800
30/08/2022,6850,7025,6850,6900,385188
31/08/2022,6875,6975,6775,6975,557146
01/09/2022,6975,7025,6900,6925,367111
02/09/2022,6950,7000,6875,6925,234793
05/09/2022,6900,6925,6850,6875,249538
06/09/2022,6875,6950,6850,6900,186307
07/09/2022,6800,6875,6625,6650,728079
08/09/2022,6650,6750,6625,6650,394051
09/09/2022,6675,6775,6625,6775,319042
12/09/2022,6775,6975,6725,6975,515612
13/09/2022,7025,7225,6950,7200,705559
14/09/2022,7100,7300,7050,7150,568321
15/09/2022,7125,7225,7050,7050,633462
16/09/2022,7000,7050,6900,6900,658831
19/09/2022,6950,7225,6925,7125,522327
20/09/2022,7150,7250,7100,7175,473377
21/09/2022,7125,7200,7100,7150,260075
22/09/2022,7025,7225,7000,7175,262952
23/09/2022,7100,7175,7050,7150,222588
26/09/2022,7000,7025,6850,6975,614228
27/09/2022,7000,7050,6950,6950,428094
28/09/2022,6950,7000,6800,6800,508254
29/09/2022,6850,6900,6700,6775,366534
30/09/2022,6700,6750,6600,6625,710174
03/10/2022,6650,6700,6600,6625,272806
04/10/2022,6725,6800,6700,6725,333224
05/10/2022,6800,6825,6675,6675,310193
06/10/2022,6675,6750,6600,6600,369958
07/10/2022,6550,6575,6450,6475,548502
10/10/2022,6425,6525,6375,6500,343197
11/10/2022,6400,6575,6400,6525,353200
12/10/2022,6450,6475,6350,6350,727941
13/10/2022,6375,6400,6275,6350,442812
14/10/2022,6500,6500,6350,6350,464537
17/10/2022,6325,6525,6200,6425,507103
18/10/2022,6450,6500,6350,6350,426003
19/10/2022,6425,6525,6400,6525,255428
20/10/2022,6500,6525,6400,6425,322262
21/10/2022,6475,6675,6450,6575,521485
24/10/2022,6575,6700,6575,6650,372029
25/10/2022,6700,6700,6600,6700,385578
26/10/2022,6700,6700,6575,6575,292373
27/10/2022,6575,6675,6525,6650,304298
28/10/2022,6650,6650,6500,6550,234090
31/10/2022,6550,6650,6550,6650,352438
01/11/2022,6650,6675,6475,6575,537203
02/11/2022,6525,6550,6375,6425,541778
03/11/2022,6375,6425,6350,6375,260342
04/11/2022,6350,6425,6350,6425,519047
07/11/2022,6425,6500,6425,6500,337337
08/11/2022,6500,6525,6450,6525,352472
09/11/2022,6525,6550,6475,6550,346199
10/11/2022,6550,6550,6450,6525,292571
11/11/2022,6600,6625,6450,6450,509382
14/11/2022,6450,6475,6300,6300,544575
15/11/2022,6300,6350,6200,6225,575432
16/11/2022,6175,6200,6100,6175,603911
17/11/2022,6200,6300,6050,6300,351864
18/11/2022,6275,6300,6200,6225,293049
21/11/2022,6275,6350,6250,6325,229908
22/11/2022,6325,6350,6225,6225,331027
23/11/2022,6275,6300,6200,6200,318656
24/11/2022,6200,6275,6200,6200,260415
25/11/2022,6175,6200,6125,6175,337542
28/11/2022,6175,6275,6150,6225,338128
29/11/2022,6125,6150,6025,6050,1154820
30/11/2022,6050,6200,6025,6050,1357550
01/12/2022,6100,6200,6100,6175,797778
02/12/2022,6175,6175,6050,6125,518529
05/12/2022,6075,6100,6000,6025,703975
06/12/2022,6000,6025,5800,5875,698869
07/12/2022,5800,5900,5700,5725,1012996
08/12/2022,5650,5800,5550,5675,1463804
09/12/2022,5700,5750,5650,5675,489207
12/12/2022,5675,5725,5625,5675,784433
13/12/2022,5700,5900,5675,5825,1027511
14/12/2022,5925,5950,5775,5825,787866
15/12/2022,5825,5850,5750,5800,522498
16/12/2022,5775,5800,5700,5775,660573
19/12/2022,5850,5850,5650,5700,520803
20/12/2022,5675,5750,5675,5700,258983
21/12/2022,5700,5725,5650,5700,349535
22/12/2022,5700,5775,5675,5775,249680
23/12/2022,5750,5775,5650,5675,319690
26/12/2022,5675,5725,5625,5650,135724
27/12/2022,5700,5750,5650,5675,166091
28/12/2022,5725,5725,5575,5625,321951
29/12/2022,5600,5675,5550,5650,322415
30/12/2022,5675,5750,5650,5700,363845
02/01/2023,5725,5725,5625,5700,133005
03/01/2023,5675,5700,5625,5650,230448
04/01/2023,5650,5700,5625,5675,325800
05/01/2023,5650,5700,5375,5375,1060470
06/01/2023,5400,5525,5350,5450,597546
09/01/2023,5500,5500,5275,5350,634786
10/01/2023,5375,5375,5275,5325,543183
11/01/2023,5325,5350,5200,5225,642333
12/01/2023,5200,5375,5200,5350,585667
13/01/2023,5375,5500,5300,5450,520612
16/01/2023,5525,5600,5475,5600,435136
17/01/2023,5600,5650,5500,5550,669996
18/01/2023,5550,5650,5550,5650,281269
19/01/2023,5650,5875,5650,5850,885427
20/01/2023,5875,5900,5775,5900,492927
24/01/2023,5900,5950,5850,5925,251543
25/01/2023,5900,5950,5850,5950,152955
26/01/2023,5925,5950,5850,5900,401694
27/01/2023,5925,5950,5875,5875,263649
30/01/2023,5875,5900,5775,5875,466652
31/01/2023,5925,6025,5900,6000,747535
01/02/2023,6000,6000,5925,6000,353611
02/02/2023,5950,5975,5875,5925,243437
03/02/2023,5975,5975,5875,5875,246834
06/02/2023,5875,5900,5825,5850,311297
07/02/2023,5825,5925,5825,5875,295367
08/02/2023,5875,5900,5775,5800,272371
09/02/2023,5825,5850,5675,5675,389678
10/02/2023,5600,5700,5550,5700,711582
13/02/2023,5700,5750,5675,5725,197709
14/02/2023,5750,5800,5700,5725,269836
15/02/2023,5725,5725,5575,5675,443402
16/02/2023,5700,5700,5625,5700,190179
17/02/2023,5700,5725,5625,5675,268471
20/02/2023,5675,5700,5575,5600,308607
21/02/2023,5600,5650,5550,5575,269852
22/02/2023,5550,5650,5550,5625,306969
23/02/2023,5650,5700,5575,5650,334401
24/02/2023,5675,5800,5650,5750,345626
27/02/2023,5725,5800,5700,5800,249287
28/02/2023,6200,6275,6100,6100,1546697
01/03/2023,6100,6175,6050,6150,498512
02/03/2023,6150,6175,6075,6150,271208
03/03/2023,6150,6150,6025,6050,328185
06/03/2023,6100,6125,6050,6075,221882
07/03/2023,6050,6075,5900,5950,381237
08/03/2023,5900,5975,5875,5925,350439
09/03/2023,5975,6050,5950,6025,231044
10/03/2023,5975,6000,5900,5975,333412
13/03/2023,5900,5975,5850,5925,284026
14/03/2023,5900,5925,5750,5775,572133
15/03/2023,5850,5875,5775,5775,332650
16/03/2023,5775,5875,5675,5850,302398
17/03/2023,5875,5925,5850,5850,513253
20/03/2023,5850,5900,5800,5875,221626
21/03/2023,5850,5975,5850,5875,354478
24/03/2023,5925,6000,5900,5950,761960
27/03/2023,5950,5975,5875,5875,324962
28/03/2023,5900,5925,5850,5850,360991
29/03/2023,5850,6050,5850,5950,696625
30/03/2023,5975,5975,5900,5900,401864
31/03/2023,5950,6025,5925,6000,406455
03/04/2023,6050,6100,5975,6000,402286
04/04/2023,6025,6050,5950,6025,288883
05/04/2023,6025,6050,5975,6000,275569
06/04/2023,6000,6000,5925,5925,333680
10/04/2023,5950,5975,5875,5975,346865
11/04/2023,5950,6100,5925,6075,377028
12/04/2023,6150,6300,6125,6250,1150982
13/04/2023,6225,6275,6175,6250,472510
14/04/2023,6275,6300,6200,6200,385121
17/04/2023,6200,6275,6200,6225,339661
18/04/2023,6275,6475,6275,6425,1022887
26/04/2023,6625,6700,6500,6700,1829192
27/04/2023,6675,6725,6625,6700,602406
28/04/2023,6700,6750,6675,6750,649764
02/05/2023,6775,6775,6600,6675,748123
03/05/2023,6700,6725,6550,6625,921883
04/05/2023,6600,6625,6550,6600,1130755
05/05/2023,6150,6150,6150,6150,737991
08/05/2023,6150,6175,6050,6125,950875
09/05/2023,6125,6325,6075,6325,969442
10/05/2023,6350,6425,6300,6325,524085
11/05/2023,6350,6350,6175,6250,396708
12/05/2023,6225,6275,6175,6225,578323
15/05/2023,6275,6350,6175,6350,354438
16/05/2023,6350,6400,6250,6275,217656
17/05/2023,6350,6350,6275,6325,294818
19/05/2023,6400,6550,6350,6475,682966
22/05/2023,6525,6650,6425,6600,637963
23/05/2023,6600,6650,6550,6600,389565
24/05/2023,6575,6675,6500,6675,485426
25/05/2023,6700,6700,6525,6600,380124
26/05/2023,6600,6600,6525,6600,253562
29/05/2023,6625,6625,6475,6600,279394
30/05/2023,6575,6600,6500,6500,277961
31/05/2023,6500,6600,6450,6450,974143
05/06/2023,6525,7000,6500,6825,2002520
06/06/2023,6800,6925,6750,6800,652890
07/06/2023,6800,6850,6675,6800,700888
08/06/2023,6725,6775,6700,6775,327049
09/06/2023,6750,6800,6700,6800,248947
12/06/2023,6800,6800,6675,6775,375580
13/06/2023,6775,6825,6750,6750,239118
14/06/2023,6750,6900,6750,6900,341461
15/06/2023,6900,6900,6825,6875,164140
16/06/2023,6850,6875,6775,6850,638928
19/06/2023,6800,6875,6775,6875,125142
20/06/2023,6825,6850,6775,6800,243943
21/06/2023,6775,6975,6750,6925,376590
22/06/2023,6875,6900,6775,6775,511993
23/06/2023,6775,6825,6700,6775,321568
26/06/2023,6800,6900,6775,6800,317264
27/06/2023,6800,6850,6775,6775,364247
03/07/2023,6775,6825,6750,6825,373491
04/07/2023,6825,6825,6700,6775,200478
05/07/2023,6775,6775,6700,6775,347518
06/07/2023,6775,6800,6750,6800,354738
07/07/2023,6775,6825,6750,6825,287555
10/07/2023,6825,6825,6775,6775,153013
11/07/2023,6775,6800,6750,6800,329492
12/07/2023,6775,6825,6750,6775,292102
13/07/2023,6775,6825,6750,6800,312984
14/07/2023,6775,6825,6700,6750,560606
17/07/2023,6750,6775,6675,6675,416986
18/07/2023,6675,6700,6475,6575,781137
20/07/2023,6575,6575,6450,6525,640691
21/07/2023,6500,6525,6375,6450,640377
24/07/2023,6400,6600,6400,6550,408305
25/07/2023,6600,6625,6500,6500,239589
26/07/2023,6575,6625,6500,6600,385998
27/07/2023,6600,6600,6500,6525,278167
28/07/2023,6500,6625,6475,6625,282883
31/07/2023,6750,6950,6725,6850,878289
01/08/2023,6875,6900,6800,6875,294253
02/08/2023,6825,6850,6775,6850,294637
03/08/2023,6800,6900,6775,6825,292720
04/08/2023,6825,6850,6750,6800,166463
07/08/2023,6825,6900,6750,6875,326080
08/08/2023,6850,6900,6825,6850,241283
09/08/2023,6850,6875,6825,6875,137817
10/08/2023,6850,6875,6750,6750,320781
11/08/2023,6750,6775,6650,6750,423209
14/08/2023,6700,6800,6700,6800,276162
15/08/2023,6725,6775,6675,6725,323854
16/08/2023,6675,6750,6650,6750,405004
18/08/2023,6675,6700,6500,6525,690013
21/08/2023,6525,6550,6425,6475,347025
22/08/2023,6450,6600,6450,6550,377047
23/08/2023,6550,6600,6525,6550,276249
24/08/2023,6550,6600,6475,6475,332785
25/08/2023,6475,6500,6400,6450,356733
28/08/2023,6500,6500,6400,6425,148711
29/08/2023,6450,6450,6375,6400,299378
30/08/2023,6450,6525,6400,6450,419933
31/08/2023,6450,6475,6400,6450,445020
01/09/2023,6475,6575,6475,6550,260695
04/09/2023,6575,6600,6525,6600,173840
05/09/2023,6600,6650,6550,6600,230707
06/09/2023,6575,6625,6525,6525,184213
07/09/2023,6475,6500,6350,6400,499216
08/09/2023,6450,6450,6350,6400,324169
11/09/2023,6400,6425,6300,6375,334221
12/09/2023,6375,6375,6300,6300,302256
13/09/2023,6325,6325,6225,6300,400409
14/09/2023,6325,6375,6250,6325,402593
15/09/2023,6250,6325,6200,6300,1321987
18/09/2023,6275,6325,6250,6300,355173
19/09/2023,6300,6375,6275,6350,384236
20/09/2023,6350,6400,6300,6300,397649
21/09/2023,6300,6325,6200,6200,462311
22/09/2023,6200,6275,6175,6200,306109
25/09/2023,6225,6275,6200,6250,328199
26/09/2023,6225,6300,6200,6200,432174
27/09/2023,6200,6250,6125,6150,316884
29/09/2023,6250,6275,6200,6225,211866
02/10/2023,6275,6350,6250,6275,238844
03/10/2023,6275,6300,6200,6200,261396
04/10/2023,6175,6200,6050,6075,554962
05/10/2023,6125,6175,6025,6025,559249
06/10/2023,6050,6150,6050,6075,181043
09/10/2023,6150,6225,6100,6125,437183
10/10/2023,6175,6175,6050,6050,426764
11/10/2023,6075,6125,6050,6050,459596
12/10/2023,6000,6025,5950,5950,719546
13/10/2023,6000,6025,5950,5975,327948
16/10/2023,5925,5975,5825,5850,630741
17/10/2023,5875,5925,5850,5850,402956
18/10/2023,5850,6000,5825,5825,1766478
19/10/2023,5825,5850,5700,5725,602583
20/10/2023,5675,5750,5650,5700,659392
23/10/2023,5725,5750,5600,5600,575168
24/10/2023,5600,5850,5600,5800,572831
25/10/2023,5825,5925,5775,5775,515424
26/10/2023,5775,5800,5675,5725,189698
27/10/2023,5750,5775,5725,5725,353288
30/10/2023,5750,5825,5675,5800,178208
31/10/2023,5850,5900,5775,5775,461180
01/11/2023,5900,6000,5800,5800,918365
02/11/2023,5850,5900,5800,5800,461662
03/11/2023,5850,5925,5825,5900,433959
06/11/2023,5925,5950,5900,5925,297573
07/11/2023,5925,5950,5775,5825,302982
08/11/2023,5800,5825,5675,5725,383778
09/11/2023,5775,5825,5725,5750,204201
10/11/2023,5725,5775,5725,5775,152298
13/11/2023,5825,5825,5650,5650,269796
14/11/2023,5675,5725,5650,5675,120660
15/11/2023,5750,5850,5700,5750,348143
16/11/2023,5750,5825,5725,5825,268014
17/11/2023,5800,5825,5700,5700,271167
20/11/2023,5725,5850,5700,5800,283964
21/11/2023,5800,5850,5750,5775,171533
22/11/2023,5775,5775,5650,5675,363295
23/11/2023,5675,5725,5675,5700,434254
24/11/2023,5700,5750,5700,5725,125367
27/11/2023,5725,5750,5600,5625,633609
28/11/2023,5675,5675,5550,5550,869076
29/11/2023,5600,5650,5525,5525,750708
30/11/2023,5575,5575,5400,5400,1616846
01/12/2023,5450,5750,5450,5750,1453744
04/12/2023,5750,5825,5725,5750,575910
05/12/2023,5775,5800,5675,5725,257872
06/12/2023,5700,5825,5700,5725,413637
07/12/2023,5750,5750,5600,5675,405990
08/12/2023,5675,5700,5625,5675,269720
11/12/2023,5650,5675,5525,5600,395102
12/12/2023,5675,5675,5550,5575,192729
13/12/2023,5550,5600,5525,5525,311966
14/12/2023,5600,5650,5575,5625,720095
15/12/2023,5625,5700,5600,5650,935804
18/12/2023,5650,5650,5550,5600,391342
19/12/2023,5625,5650,5600,5625,430142
20/12/2023,5650,5700,5625,5625,271785
21/12/2023,5600,5600,5475,5550,1147499
22/12/2023,5550,5600,5500,5550,380558
27/12/2023,5550,5575,5500,5550,364243
28/12/2023,5575,5600,5550,5600,316432
29/12/2023,5600,5675,5575,5650,362450
02/01/2024,5625,5700,5575,5700,364796
03/01/2024,5700,5700,5600,5600,371873
04/01/2024,5600,5750,5600,5700,593982
05/01/2024,5725,5750,5625,5625,391676
08/01/2024,5625,5675,5550,5575,396146
09/01/2024,5600,5600,5525,5575,367776
10/01/2024,5500,5575,5450,5525,754239
11/01/2024,5550,5625,5525,5550,447930
12/01/2024,5550,5625,5550,5600,288210
15/01/2024,5600,5625,5500,5525,799385
16/01/2024,5525,5525,5475,5500,448409
17/01/2024,5500,5525,5350,5400,1145871
18/01/2024,5400,5400,5325,5375,715176
19/01/2024,5375,5400,5300,5350,528650
22/01/2024,5350,5425,5225,5225,1699672
23/01/2024,5150,5200,5075,5125,1766126
24/01/2024,5150,5175,4980,5075,2462933
25/01/2024,5075,5150,5025,5050,810253
26/01/2024,5050,5075,4990,5075,718616
29/01/2024,5075,5075,4910,4930,1328192
30/01/2024,4920,5175,4900,5100,1656932
31/01/2024,5125,5150,5050,5125,793436
01/02/2024,5100,5175,5075,5125,554844
02/02/2024,5150,5325,5125,5325,1048402
05/02/2024,5325,5350,5150,5175,888260
06/02/2024,5175,5275,5150,5250,462574
07/02/2024,5250,5325,5250,5325,689652
12/02/2024,5300,5350,5225,5300,858468
13/02/2024,5300,5300,5150,5200,636891
15/02/2024,5325,5325,5075,5125,1241208
16/02/2024,5125,5200,5100,5200,755027
19/02/2024,5200,5250,5075,5125,897098
20/02/2024,5125,5250,5125,5200,416238
21/02/2024,5200,5300,5175,5250,683791
22/02/2024,5275,5300,5275,5275,419386
23/02/2024,5250,5275,5100,5125,812146
26/02/2024,5150,5200,5075,5125,568769
27/02/2024,5125,5175,5050,5175,465552
28/02/2024,5325,5425,5200,5225,2251986
29/02/2024,5250,5300,5200,5225,861248
01/03/2024,5225,5275,5150,5225,648352
04/03/2024,5250,5275,5175,5200,571184
05/03/2024,5225,5225,5100,5100,531729
06/03/2024,5125,5200,5100,5175,292100
07/03/2024,5175,5200,5100,5125,552444
08/03/2024,5150,5175,5125,5150,399830
13/03/2024,5150,5200,5125,5150,636723
14/03/2024,5175,5300,5150,5275,794658
15/03/2024,5300,5300,5175,5175,1642222
18/03/2024,5200,5250,5150,5150,509436
19/03/2024,5150,5250,5150,5225,483986
20/03/2024,5225,5275,5225,5275,561913
21/03/2024,5300,5400,5275,5350,673518
22/03/2024,5375,5375,5325,5375,550947
25/03/2024,5375,5425,5325,5350,397596
26/03/2024,5350,5375,5250,5300,571753
27/03/2024,5300,5325,5250,5275,471748
28/03/2024,5275,5275,5100,5150,1071236
01/04/2024,5175,5225,5150,5200,428282
02/04/2024,5225,5275,5175,5275,410291
03/04/2024,5275,5275,5200,5250,392606
04/04/2024,5250,5250,5150,5175,484108
05/04/2024,5150,5325,5150,5275,591903
16/04/2024,5175,5225,5100,5100,1372583
17/04/2024,5150,5175,5100,5125,472110
18/04/2024,5150,5150,5050,5100,815837
19/04/2024,5050,5075,4870,4900,1850085
22/04/2024,4940,4990,4940,4950,576892
23/04/2024,4990,5075,4990,5025,494851
24/04/2024,5000,5050,4910,4910,657968
25/04/2024,4910,4980,4910,4950,521393
26/04/2024,4980,4980,4880,4880,708777
29/04/2024,4920,5050,4900,5025,683031
30/04/2024,5050,5225,4980,5150,1426321
02/05/2024,5225,5275,5175,5175,1008891
03/05/2024,5225,5250,5200,5225,442965
06/05/2024,5250,5250,5075,5100,704000
07/05/2024,5100,5125,5025,5050,587806
08/05/2024,5075,5150,5000,5125,867389
13/05/2024,5150,5175,5075,5075,1433160
14/05/2024,4680,4690,4580,4580,2645356
15/05/2024,4570,4620,4530,4530,1099624
16/05/2024,4590,4720,4540,4710,1490397
17/05/2024,4710,4810,4690,4800,1014924
20/05/2024,4800,4830,4730,4740,580218
21/05/2024,4750,4770,4700,4700,575770
22/05/2024,4720,4730,4700,4710,259323
27/05/2024,4700,4720,4550,4550,860500
28/05/2024,4560,4600,4510,4510,425424
29/05/2024,4800,4800,4370,4460,1488149
30/05/2024,4450,4450,4310,4320,1126363
31/05/2024,4340,4370,4290,4290,1445927
03/06/2024,4330,4530,4330,4500,774442
04/06/2024,4510,4630,4480,4580,926768
05/06/2024,4560,4640,4550,4600,695443
06/06/2024,4620,4620,4530,4560,436324
07/06/2024,4550,4570,4530,4560,340279
10/06/2024,4560,4560,4500,4510,199322
11/06/2024,4500,4500,4350,4350,712344
12/06/2024,4350,4410,4290,4360,656654
13/06/2024,4410,4480,4400,4460,558244
14/06/2024,4480,4530,4410,4420,579675
19/06/2024,4450,4510,4420,4450,487276
20/06/2024,4440,4470,4360,4450,351603
21/06/2024,4450,4530,4410,4490,990231
24/06/2024,4480,4500,4410,4430,366772
25/06/2024,4440,4440,4360,4400,503850
26/06/2024,4400,4450,4370,4420,383971
27/06/2024,4430,4440,4400,4430,217847
28/06/2024,4430,4560,4430,4460,1272939
01/07/2024,4490,4620,4490,4620,1416273
02/07/2024,4610,4620,4510,4530,722298
03/07/2024,4550,4580,4520,4570,307432
04/07/2024,4580,4610,4550,4550,447554
05/07/2024,4570,4610,4540,4580,531965
08/07/2024,4600,4640,4560,4640,695350
09/07/2024,4620,4620,4540,4560,847845
10/07/2024,4570,4580,4520,4540,445639
11/07/2024,4550,4600,4500,4510,711572
12/07/2024,4510,4570,4500,4540,605564
15/07/2024,4540,4550,4460,4470,532340
16/07/2024,4480,4490,4380,4380,838148
17/07/2024,4420,4470,4400,4460,493797
18/07/2024,4470,4540,4460,4540,541843
19/07/2024,4520,4540,4480,4530,407858
22/07/2024,4530,4540,4480,4520,331286
23/07/2024,4510,4530,4450,4450,464273
24/07/2024,4470,4560,4460,4530,507417
25/07/2024,4530,4530,4450,4490,403644
26/07/2024,4500,4620,4500,4610,922368
29/07/2024,4620,4630,4580,4610,422328
30/07/2024,4610,4610,4520,4540,418023
31/07/2024,4620,4730,4590,4720,1704066
01/08/2024,4700,4740,4660,4740,507757
02/08/2024,4710,4740,4670,4690,475098
05/08/2024,4640,4650,4520,4560,939523
06/08/2024,4600,4620,4540,4610,567488
07/08/2024,4600,4630,4560,4630,725124
08/08/2024,4620,4750,4600,4740,1163873
09/08/2024,4760,4790,4730,4760,444895
12/08/2024,4760,4780,4720,4760,340276
13/08/2024,4800,4800,4740,4760,439048
14/08/2024,4800,4930,4770,4890,918746
15/08/2024,4890,4920,4840,4890,466948
16/08/2024,4900,4990,4900,4970,655021
19/08/2024,4970,5050,4940,5025,542967
20/08/2024,5050,5150,5025,5125,944938
21/08/2024,5150,5225,5075,5075,945028
22/08/2024,5025,5050,4990,5000,631772
23/08/2024,5050,5175,5050,5100,522751
26/08/2024,5125,5200,5125,5150,305409
27/08/2024,5150,5175,5075,5150,304757
28/08/2024,5150,5150,5000,5025,640909
29/08/2024,5050,5075,5000,5075,425021
30/08/2024,5075,5125,5025,5100,744294
02/09/2024,5100,5225,5100,5200,848586
03/09/2024,5225,5225,5125,5125,348643
04/09/2024,5050,5100,5025,5050,453312
05/09/2024,5075,5125,5050,5075,347111
06/09/2024,5050,5125,5050,5050,320143
09/09/2024,5050,5100,5000,5025,554665
10/09/2024,5075,5100,5000,5025,588717
11/09/2024,5025,5050,5000,5025,273811
12/09/2024,5025,5075,5025,5025,247183
13/09/2024,5025,5075,5025,5075,249219
17/09/2024,5075,5100,5025,5075,355740
18/09/2024,5100,5275,5075,5250,1235401
19/09/2024,5275,5275,5200,5275,572540
20/09/2024,5275,5275,5200,5225,475095
23/09/2024,5250,5275,5225,5225,233628
24/09/2024,5250,5275,5225,5275,434826
25/09/2024,5300,5300,5150,5225,634372
26/09/2024,5250,5275,5175,5250,560303
27/09/2024,5275,5275,5050,5100,574762
30/09/2024,5100,5100,5000,5050,667378
01/10/2024,5100,5175,5075,5175,390240
02/10/2024,5150,5150,5050,5150,398886
03/10/2024,5175,5250,5100,5250,567639
04/10/2024,5250,5250,5100,5150,359393
07/10/2024,5150,5175,5075,5100,278891
08/10/2024,5100,5225,5075,5225,423476
09/10/2024,5225,5225,5075,5075,335449
10/10/2024,5100,5125,5075,5125,277344
11/10/2024,5125,5150,5075,5075,393200
14/10/2024,5025,5025,4920,4930,713691
15/10/2024,4930,4970,4900,4930,612636
16/10/2024,4950,4960,4900,4960,805301
17/10/2024,4950,4970,4930,4950,541648
18/10/2024,4960,4960,4920,4920,398054
21/10/2024,4950,5100,4930,5100,889543
22/10/2024,5125,5275,5100,5275,1322220
23/10/2024,5275,5300,5175,5300,645191
24/10/2024,5300,5300,5200,5275,507771
25/10/2024,5275,5275,5200,5225,272475
28/10/2024,5250,5250,5125,5250,401659
29/10/2024,5250,5250,5125,5125,452476
30/10/2024,5125,5200,5050,5200,332003
31/10/2024,5300,5300,5100,5100,772630
01/11/2024,5125,5175,5050,5075,542191
04/11/2024,5075,5125,4980,5125,523621
05/11/2024,5125,5200,5075,5175,311658
06/11/2024,5175,5175,5025,5050,329759
07/11/2024,5050,5075,5000,5000,460535
08/11/2024,5050,5075,4950,4960,329086
11/11/2024,4960,4990,4850,4970,498850
12/11/2024,5000,5000,4930,4970,432396
13/11/2024,5000,5025,4950,5025,244796
14/11/2024,5025,5025,4930,4950,382557
15/11/2024,4940,4960,4920,4940,148676
18/11/2024,4950,4970,4910,4930,178419
19/11/2024,4930,4970,4900,4970,368426
20/11/2024,4970,5025,4950,5000,186343
21/11/2024,4990,4990,4890,4890,276629
22/11/2024,4900,4960,4860,4910,212418
25/11/2024,4950,5175,4940,5175,845184
26/11/2024,5150,5200,5100,5150,450593
28/11/2024,5200,5225,5125,5125,305542
29/11/2024,5125,5125,5025,5100,487568
02/12/2024,5100,5150,4900,4940,473732
03/12/2024,4980,5125,4970,5125,467528
04/12/2024,5100,5225,5075,5225,517334
05/12/2024,5225,5225,5125,5200,219484
06/12/2024,5150,5175,5050,5150,365996
09/12/2024,5150,5225,5100,5225,372086
10/12/2024,5200,5225,5150,5225,415364
11/12/2024,5175,5250,5175,5250,410900
12/12/2024,5150,5225,5050,5100,372541
13/12/2024,5100,5150,5050,5125,277323
16/12/2024,5075,5150,5000,5125,359378
17/12/2024,5100,5150,4950,4980,486824
18/12/2024,4980,5050,4960,5000,274120
19/12/2024,4950,4950,4860,4880,391519
20/12/2024,4880,4900,4850,4870,448512
23/12/2024,4900,4950,4870,4950,296789
24/12/2024,4940,4980,4880,4880,226005
27/12/2024,4890,4940,4880,4930,144567
30/12/2024,4930,4940,4880,4900,239264
02/01/2025,4910,4970,4900,4950,179240
03/01/2025,4950,4970,4920,4950,127118
06/01/2025,4950,5000,4860,4860,184125
07/01/2025,4860,4920,4850,4920,204522
08/01/2025,4880,4910,4810,4810,237394
09/01/2025,4830,4950,4830,4930,238026
10/01/2025,4940,4960,4860,4900,319518
13/01/2025,4910,4920,4720,4750,462473
14/01/2025,4770,4850,4750,4750,280967
15/01/2025,4790,4940,4780,4940,274972
16/01/2025,5025,5025,4880,4880,305202
17/01/2025,4860,4970,4840,4940,236919
20/01/2025,4940,4960,4900,4910,118732
21/01/2025,4930,4970,4900,4910,217622
22/01/2025,4920,4980,4880,4960,331167
23/01/2025,4960,4980,4900,4900,170497
24/01/2025,4900,4960,4870,4870,196639
30/01/2025,4870,4870,4780,4780,281471
31/01/2025,4790,4840,4790,4800,270641
03/02/2025,4800,4800,4740,4760,331161
04/02/2025,4770,4840,4760,4800,206315
05/02/2025,4850,4850,4730,4740,204362
06/02/2025,4740,4740,4520,4550,616454
07/02/2025,4610,4670,4530,4650,332233
10/02/2025,4610,4650,4520,4570,402300
11/02/2025,4590,4650,4570,4610,329564
12/02/2025,4680,4680,4620,4640,307629
13/02/2025,4640,4670,4580,4660,213202
14/02/2025,4660,4730,4640,4680,314090
17/02/2025,4680,4780,4670,4740,302702
18/02/2025,4740,4840,4740,4800,318282
19/02/2025,4820,4840,4610,4700,479514
20/02/2025,4700,4740,4650,4720,236538
21/02/2025,4740,4800,4600,4750,319374
24/02/2025,4750,4770,4660,4700,223036
25/02/2025,4710,4750,4550,4560,427286
26/02/2025,4560,4600,4520,4580,193513
27/02/2025,4550,4590,4480,4590,377310
28/02/2025,4650,4650,4370,4530,706200
03/03/2025,4530,4720,4500,4680,653456
04/03/2025,4680,4700,4590,4690,408739
05/03/2025,4700,4900,4690,4900,867039
06/03/2025,4900,4960,4860,4900,512763
07/03/2025,4900,4970,4790,4930,598305
10/03/2025,4900,4900,4750,4770,531396
11/03/2025,4720,4800,4700,4800,355716
12/03/2025,4760,4830,4740,4810,292645
13/03/2025,4790,4810,4680,4730,410666
14/03/2025,4730,4730,4610,4620,359676
17/03/2025,4660,4670,4610,4620,238563
18/03/2025,4630,4650,4460,4650,665831
19/03/2025,4650,4700,4610,4690,375564
20/03/2025,4690,4750,4640,4710,233105
21/03/2025,4720,4840,4630,4840,577305
24/03/2025,4780,4780,4540,4690,296954
25/03/2025,4700,4700,4610,4650,263203
26/03/2025,4660,4840,4660,4800,305082
27/03/2025,4800,4920,4790,4920,445512
08/04/2025,4800,4800,4450,4480,947524
09/04/2025,4480,4660,4470,4620,460863
10/04/2025,4750,4840,4690,4710,431156
11/04/2025,4660,4740,4620,4710,314463
14/04/2025,4740,4930,4710,4930,398432
15/04/2025,4930,4950,4800,4870,564906
16/04/2025,4850,4860,4690,4780,444795
17/04/2025,4770,4770,4710,4750,280997
21/04/2025,4750,4810,4740,4790,143132
22/04/2025,4750,4780,4720,4740,299063
23/04/2025,4770,4840,4770,4820,386098
24/04/2025,4830,4840,4770,4770,423070
25/04/2025,4790,4910,4790,4860,454652
28/04/2025,4880,4930,4870,4890,223808
29/04/2025,4910,4910,4800,4800,468810
30/04/2025,4800,4840,4780,4800,460389
02/05/2025,4810,4860,4760,4790,613014
05/05/2025,4800,4810,4770,4780,307479
06/05/2025,4780,4800,4750,4750,532220
07/05/2025,4780,4840,4770,4830,477908
08/05/2025,4860,4930,4780,4780,924595
09/05/2025,4790,4830,4780,4780,389640
14/05/2025,4860,4880,4800,4810,923892
15/05/2025,4820,4850,4810,4820,697016
16/05/2025,4840,4880,4810,4880,642716
19/05/2025,4890,4960,4880,4940,977824
20/05/2025,4960,4960,4860,4860,1276106
21/05/2025,4600,4690,4570,4670,1153353
22/05/2025,4680,4710,4630,4630,520327
23/05/2025,4720,4780,4680,4740,997636
26/05/2025,4770,4780,4690,4730,409714
27/05/2025,4710,4730,4660,4700,386801
28/05/2025,4710,4850,4660,4850,1880363
02/06/2025,4780,4800,4730,4780,1158762
03/06/2025,4750,4760,4650,4700,515741
04/06/2025,4760,4760,4610,4610,559010
05/06/2025,4640,4670,4610,4610,383814
10/06/2025,4670,4670,4600,4600,604696
11/06/2025,4610,4630,4580,4610,505501
12/06/2025,4610,4620,4560,4560,546299
13/06/2025,4580,4600,4560,4570,385105
16/06/2025,4570,4630,4560,4610,299394
17/06/2025,4640,4640,4590,4600,299784
18/06/2025,4610,4620,4590,4590,193869
19/06/2025,4590,4600,4500,4530,308327
20/06/2025,4530,4530,4480,4490,501166
23/06/2025,4470,4470,4400,4430,288200
24/06/2025,4470,4500,4430,4470,375232
25/06/2025,4530,4530,4420,4470,332172
26/06/2025,4440,4450,4410,4450,269098
30/06/2025,4470,4520,4450,4500,418652
01/07/2025,4490,4510,4440,4450,274276
02/07/2025,4450,4550,4440,4540,342316
03/07/2025,4540,4590,4530,4570,241201
04/07/2025,4600,4650,4570,4620,252981
07/07/2025,4620,4680,4590,4680,201818
08/07/2025,4670,4670,4620,4660,211737
09/07/2025,4680,4720,4670,4720,325774
10/07/2025,4720,4730,4680,4680,214641
11/07/2025,4720,4720,4680,4710,193824
14/07/2025,4710,4750,4650,4700,329858
15/07/2025,4700,4700,4630,4700,250459
16/07/2025,4700,4810,4690,4750,533940
17/07/2025,4750,4820,4730,4790,378590
18/07/2025,4810,4840,4750,4750,236804
21/07/2025,4810,4810,4720,4760,170189
22/07/2025,4760,4760,4680,4690,472326
23/07/2025,4740,4950,4720,4950,946699
24/07/2025,4990,5075,4980,5050,724597
25/07/2025,5000,5050,4950,5000,280790
28/07/2025,5025,5100,4990,5100,594146
29/07/2025,5100,5125,5025,5100,368610
30/07/2025,5100,5150,5075,5150,530756
31/07/2025,5150,5175,5100,5100,440484
01/08/2025,5125,5150,4960,5000,333920
04/08/2025,5000,5050,4940,5025,215617
05/08/2025,5050,5050,4990,5025,202106
06/08/2025,5025,5025,4900,4900,247863
07/08/2025,4920,5025,4920,4960,259300
08/08/2025,4950,4990,4920,4920,206394
11/08/2025,4920,4930,4870,4900,219550
12/08/2025,4900,5025,4890,4990,227255
13/08/2025,5100,5250,5025,5175,1034585
14/08/2025,5125,5150,5075,5100,317965
15/08/2025,5100,5125,5025,5025,164347
19/08/2025,5275,5575,5200,5525,2609420
20/08/2025,5525,5550,5450,5525,745170
21/08/2025,5525,5650,5500,5625,767462
22/08/2025,5650,5775,5600,5700,731269
25/08/2025,5750,5775,5675,5750,607379
26/08/2025,5725,5725,5475,5625,791362
27/08/2025,5650,5725,5500,5500,331726
28/08/2025,5525,5650,5525,5575,180329
29/08/2025,5450,5625,5425,5500,628690
01/09/2025,5200,5500,5200,5450,679040
02/09/2025,5500,5550,5400,5475,216233
03/09/2025,5525,5650,5450,5500,454716
04/09/2025,5500,5500,5400,5500,269874
08/09/2025,5600,5600,5350,5425,570818
09/09/2025,5400,5600,5350,5525,492401
10/09/2025,5525,5525,5400,5475,229684
11/09/2025,5475,5600,5450,5550,281515
12/09/2025,5625,5700,5600,5675,306535
15/09/2025,5675,5700,5600,5625,263680
16/09/2025,5650,5675,5600,5650,159879
17/09/2025,5650,5700,5600,5700,238797
18/09/2025,5700,5725,5550,5575,272613
19/09/2025,5575,5750,5575,5725,521622
22/09/2025,5725,5725,5625,5700,351063
23/09/2025,5675,5950,5650,5900,410442
24/09/2025,5950,5950,5850,5900,611676
25/09/2025,5900,5900,5750,5775,358051
26/09/2025,5875,6000,5775,5875,426778
29/09/2025,5875,5900,5750,5775,208927
30/09/2025,5750,5825,5700,5775,412669
01/10/2025,5825,5850,5650,5675,265082
02/10/2025,5750,5750,5625,5700,293463
03/10/2025,5750,5850,5750,5825,279511
06/10/2025,5900,5925,5800,5825,218158
07/10/2025,5925,6050,5725,5750,433287
08/10/2025,5825,5875,5650,5725,300807
09/10/2025,5775,5925,5750,5925,276993
10/10/2025,5925,5950,5850,5900,271338
13/10/2025,5850,5925,5775,5800,29034500
14/10/2025,5800,6025,5800,5825,53096200
15/10/2025,5950,5950,5750,5775,96604500
16/10/2025,5850,5850,5750,5750,15044500
17/10/2025,5725,5800,5575,5625,31793700
20/10/2025,5625,5925,5625,5925,29959700
21/10/2025,6000,6050,5900,6000,46181700
22/10/2025,6050,6300,6000,6175,98615300
23/10/2025,6075,6400,6075,6325,60009000
24/10/2025,6375,6675,6350,6575,93344500
27/10/2025,6600,6725,6375,6600,64262300
28/10/2025,6600,6600,6275,6325,37953500
29/10/2025,6250,6500,6225,6475,39818900
30/10/2025,6425,6450,6250,6275,28976800
31/10/2025,6250,6300,6125,6150,64790000
03/11/2025,6150,6450,6150,6350,59085000
04/11/2025,6300,6375,6250,6300,62249200
05/11/2025,6250,6325,6175,6250,43439100
06/11/2025,6300,6350,6200,6325,48979900
07/11/2025,6325,6450,6300,6425,42960800
10/11/2025,6500,6500,6400,6425,45533400
11/11/2025,6550,6600,6450,6525,43529600
12/11/2025,6550,6575,6400,6450,37083400
13/11/2025,6425,6425,6350,6375,21200000
14/11/2025,6375,6450,6325,6400,23431700
17/11/2025,6400,6500,6375,6450,40681500
18/11/2025,6475,6550,6400,6425,27510900
19/11/2025,6425,6475,6275,6400,45476700
20/11/2025,6450,6500,6375,6425,30547700
21/11/2025,6400,6425,6325,6425,43653200
24/11/2025,6500,6525,6425,6475,71721700
25/11/2025,6425,6475,6375,6450,20954400
26/11/2025,6500,6600,6425,6600,29331000
27/11/2025,6600,6600,6450,6575,23737100
28/11/2025,6600,6600,6500,6550,38378700
01/12/2025,6375,6500,6325,6375,38669000
02/12/2025,6575,6625,6500,6625,53567600
03/12/2025,6600,6650,6550,6600,24386200
04/12/2025,6575,6725,6550,6725,38510600
05/12/2025,6725,6900,6700,6700,67707300
08/12/2025,6825,6825,6625,6725,38776000
09/12/2025,6775,6775,6450,6600,38482800
10/12/2025,6700,6725,6550,6625,34524000
11/12/2025,6650,6675,6350,6450,42116700
12/12/2025,6550,6600,6425,6600,28841900
15/12/2025,6725,6725,6525,6600,38096700
16/12/2025,6575,6600,6500,6600,34723600
17/12/2025,6550,6600,6500,6600,32681400
18/12/2025,6600,6600,6475,6500,20454400
19/12/2025,6575,6575,6425,6525,61201100
22/12/2025,6450,6600,6450,6575,30755900
23/12/2025,6500,6575,6450,6500,13756700
24/12/2025,6450,6675,6450,6625,20273000
29/12/2025,6625,6725,6600,6675,209823
30/12/2025,6675,6725,6600,6700,234860
02/01/2026,6600,6800,6600,6800,195691
05/01/2026,6775,6875,6675,6875,306334
06/01/2026,6875,6900,6700,6900,339647
07/01/2026,6800,7075,6800,7025,552498
08/01/2026,7025,7100,6975,7000,308455
