Date,Open,High,Low,Close,Volume
19/08/2010,98.42742157,101.4100723,98.42742157,98.42742157,84745133
20/08/2010,99.42163849,100.4158554,98.42742157,99.42163849,32910340
23/08/2010,99.42163849,101.4100723,98.42742157,99.42163849,85906852
24/08/2010,104.3927231,109.3638,99.42163849,104.3927231,1191289966
25/08/2010,108.3695831,111.3522339,104.3927231,108.3695831,521455901
26/08/2010,114.3348846,117.3175354,109.3638,114.3348846,490215217
27/08/2010,107.3753662,114.3348846,106.3811493,107.3753662,159070000
30/08/2010,108.3695831,113.3406677,107.3753662,108.3695831,121276416
31/08/2010,106.3811493,108.3695831,104.3927231,106.3811493,53725729
01/09/2010,108.3695831,110.358017,106.3811493,108.3695831,98192910
02/09/2010,107.3753662,111.3522339,106.3811493,107.3753662,146316237
03/09/2010,107.3753662,110.358017,106.3811493,107.3753662,70658662
06/09/2010,109.3638,110.358017,107.3753662,109.3638,64125879
07/09/2010,111.3522339,114.3348846,108.3695831,111.3522339,239414683
15/09/2010,112.3464508,113.3406677,110.358017,111.3522339,67812199
16/09/2010,113.3406677,117.3175354,111.3522339,113.3406677,263433599
17/09/2010,116.3233185,119.3059616,113.3406677,116.3233185,299074734
20/09/2010,116.3233185,118.3117523,114.3348846,116.3233185,87023309
21/09/2010,114.3348846,118.3117523,113.3406677,114.3348846,70387092
22/09/2010,112.3464508,116.3233185,112.3464508,112.3464508,167362963
23/09/2010,120.3001785,122.2886124,112.3464508,120.3001785,556835524
24/09/2010,123.2828293,124.2770462,121.2943954,123.2828293,334575054
27/09/2010,138.1960754,140.1845093,126.26548,138.1960754,1273450149
28/09/2010,132.2307739,143.16716,131.236557,132.2307739,919322007
29/09/2010,129.2481232,136.2076416,129.2481232,129.2481232,338356927
30/09/2010,125.2712631,129.2481232,124.2770462,125.2712631,358699581
01/10/2010,128.2539063,131.236557,124.2770462,128.2539063,251127425
04/10/2010,125.2712631,131.236557,124.2770462,125.2712631,124288839
05/10/2010,126.26548,128.2539063,125.2712631,126.26548,105635958
06/10/2010,123.2828293,128.2539063,122.2886124,123.2828293,185608488
07/10/2010,120.3001785,123.2828293,119.3059616,120.3001785,104645228
08/10/2010,122.2886124,124.2770462,121.2943954,122.2886124,77251794
11/10/2010,123.2828293,125.2712631,121.2943954,123.2828293,101587543
12/10/2010,122.2886124,123.2828293,121.2943954,122.2886124,64684108
13/10/2010,125.2712631,126.26548,122.2886124,125.2712631,161926521
14/10/2010,124.2770462,127.259697,123.2828293,124.2770462,133738492
15/10/2010,129.2481232,129.2481232,124.2770462,129.2481232,293849513
18/10/2010,128.2539063,132.2307739,127.259697,128.2539063,366368938
19/10/2010,127.259697,131.236557,127.259697,127.259697,194268575
20/10/2010,128.2539063,129.2481232,125.2712631,128.2539063,98187881
21/10/2010,127.259697,129.2481232,127.259697,127.259697,99777072
22/10/2010,128.2539063,129.2481232,126.26548,128.2539063,77623947
25/10/2010,131.236557,134.2192078,128.2539063,131.236557,374143905
26/10/2010,129.2481232,132.2307739,127.259697,129.2481232,140849620
27/10/2010,126.26548,129.2481232,126.26548,126.26548,103282345
28/10/2010,127.259697,128.2539063,125.2712631,127.259697,75008822
29/10/2010,126.26548,128.2539063,124.2770462,126.26548,72620006
01/11/2010,126.26548,126.26548,125.2712631,126.26548,35947908
02/11/2010,126.26548,129.2481232,124.2770462,126.26548,135538905
03/11/2010,124.2770462,127.259697,124.2770462,124.2770462,66665568
04/11/2010,125.2712631,126.26548,123.2828293,125.2712631,60419442
05/11/2010,124.2770462,127.259697,124.2770462,124.2770462,40272923
08/11/2010,124.2770462,126.26548,122.2886124,124.2770462,40458999
09/11/2010,124.2770462,126.26548,123.2828293,124.2770462,64171141
10/11/2010,122.2886124,124.2770462,120.3001785,122.2886124,86389644
11/11/2010,122.2886124,123.2828293,120.3001785,122.2886124,56456522
12/11/2010,117.3175354,122.2886124,116.3233185,117.3175354,89060089
15/11/2010,118.3117523,119.3059616,116.3233185,118.3117523,26226685
16/11/2010,117.3175354,118.3117523,115.3291016,117.3175354,36184276
18/11/2010,117.3175354,119.3059616,114.3348846,117.3175354,64075588
19/11/2010,118.3117523,118.3117523,116.3233185,118.3117523,59961796
22/11/2010,116.3233185,118.3117523,116.3233185,116.3233185,41665980
23/11/2010,117.3175354,117.3175354,115.3291016,117.3175354,58830251
24/11/2010,117.3175354,118.3117523,115.3291016,117.3175354,20558904
25/11/2010,119.3059616,122.2886124,117.3175354,119.3059616,82441811
26/11/2010,116.3233185,122.2886124,115.3291016,116.3233185,34303397
29/11/2010,118.3117523,118.3117523,116.3233185,118.3117523,27795760
30/11/2010,117.3175354,118.3117523,116.3233185,117.3175354,47781349
01/12/2010,120.3001785,121.2943954,116.3233185,120.3001785,107039073
02/12/2010,120.3001785,121.2943954,117.3175354,120.3001785,63582738
03/12/2010,120.3001785,121.2943954,118.3117523,120.3001785,21861438
06/12/2010,121.2943954,123.2828293,120.3001785,121.2943954,41369264
08/12/2010,121.2943954,122.2886124,119.3059616,121.2943954,38583150
09/12/2010,121.2943954,123.2828293,119.3059616,121.2943954,58764873
10/12/2010,121.2943954,121.2943954,119.3059616,121.2943954,37265529
13/12/2010,119.3059616,120.3001785,117.3175354,119.3059616,37019104
14/12/2010,119.3059616,119.3059616,116.3233185,119.3059616,51311767
15/12/2010,119.3059616,119.3059616,116.3233185,119.3059616,48993358
16/12/2010,116.3233185,119.3059616,115.3291016,116.3233185,30260012
17/12/2010,117.3175354,117.3175354,116.3233185,117.3175354,25080053
20/12/2010,116.3233185,118.3117523,113.3406677,116.3233185,45719423
21/12/2010,117.3175354,120.3001785,116.3233185,117.3175354,55239484
22/12/2010,115.3291016,117.3175354,114.3348846,115.3291016,53504449
23/12/2010,115.3291016,117.3175354,115.3291016,115.3291016,39417978
27/12/2010,117.3175354,117.3175354,115.3291016,117.3175354,21554663
28/12/2010,114.3348846,118.3117523,114.3348846,114.3348846,42616477
29/12/2010,116.3233185,119.3059616,114.3348846,116.3233185,74626611
30/12/2010,116.3233185,118.3117523,115.3291016,116.3233185,52734999
03/01/2011,115.3291016,117.3175354,115.3291016,115.3291016,44683431
04/01/2011,115.3291016,117.3175354,114.3348846,115.3291016,52855697
05/01/2011,116.3233185,117.3175354,115.3291016,116.3233185,37245413
06/01/2011,115.3291016,116.3233185,114.3348846,115.3291016,20423119
07/01/2011,114.3348846,115.3291016,113.3406677,114.3348846,35827210
10/01/2011,111.3522339,114.3348846,109.3638,111.3522339,29183787
11/01/2011,109.3638,112.3464508,108.3695831,109.3638,15680691
12/01/2011,110.358017,111.3522339,109.3638,110.358017,14403303
13/01/2011,108.3695831,111.3522339,108.3695831,108.3695831,18582473
14/01/2011,112.3464508,112.3464508,108.3695831,112.3464508,16978195
17/01/2011,108.3695831,112.3464508,108.3695831,108.3695831,23385251
18/01/2011,110.358017,112.3464508,108.3695831,110.358017,28600413
19/01/2011,110.358017,111.3522339,109.3638,110.358017,13055508
20/01/2011,106.3811493,110.358017,106.3811493,106.3811493,17043573
21/01/2011,102.4042892,105.3869324,99.42163849,102.4042892,38547946
24/01/2011,99.42163849,103.3985062,99.42163849,99.42163849,11712742
25/01/2011,103.3985062,103.3985062,100.4158554,103.3985062,14091499
26/01/2011,102.4042892,104.3927231,100.4158554,102.4042892,23224320
27/01/2011,102.4042892,102.4042892,99.42163849,102.4042892,42324790
28/01/2011,101.4100723,103.3985062,100.4158554,101.4100723,17787878
31/01/2011,100.4158554,101.4100723,98.42742157,100.4158554,24230137
01/02/2011,100.4158554,101.4100723,99.42163849,100.4158554,15102346
02/02/2011,101.4100723,102.4042892,99.42163849,101.4100723,17098893
04/02/2011,101.4100723,103.3985062,100.4158554,101.4100723,12864402
07/02/2011,99.42163849,101.4100723,99.42163849,99.42163849,17802965
08/02/2011,100.4158554,100.4158554,98.42742157,100.4158554,17385551
09/02/2011,98.42742157,99.42163849,97.43320465,98.42742157,25809270
10/02/2011,96.43898773,98.42742157,95.44477081,96.43898773,36108839
11/02/2011,99.42163849,100.4158554,96.43898773,99.42163849,11496491
14/02/2011,100.4158554,100.4158554,98.42742157,100.4158554,14629612
16/02/2011,100.4158554,101.4100723,98.42742157,100.4158554,11511578
17/02/2011,100.4158554,101.4100723,100.4158554,100.4158554,9811747
18/02/2011,103.3985062,103.3985062,100.4158554,103.3985062,17455958
21/02/2011,100.4158554,103.3985062,100.4158554,100.4158554,4606643
22/02/2011,99.42163849,100.4158554,98.42742157,99.42163849,6231037
23/02/2011,98.42742157,100.4158554,98.42742157,98.42742157,10400150
24/02/2011,96.43898773,99.42163849,95.44477081,96.43898773,29525765
25/02/2011,97.43320465,98.42742157,97.43320465,97.43320465,5295627
28/02/2011,98.42742157,98.42742157,95.44477081,98.42742157,14644699
01/03/2011,98.42742157,99.42163849,97.43320465,98.42742157,3867367
02/03/2011,100.4158554,104.3927231,98.42742157,100.4158554,53016627
03/03/2011,99.42163849,101.4100723,99.42163849,99.42163849,14202139
04/03/2011,100.4158554,100.4158554,98.42742157,100.4158554,25854532
07/03/2011,106.3811493,108.3695831,100.4158554,106.3811493,251660508
08/03/2011,105.3869324,108.3695831,103.3985062,105.3869324,51427436
09/03/2011,104.3927231,107.3753662,104.3927231,104.3927231,20362770
10/03/2011,101.4100723,104.3927231,101.4100723,101.4100723,11119309
11/03/2011,103.3985062,105.3869324,100.4158554,103.3985062,40443912
14/03/2011,101.4100723,102.4042892,101.4100723,101.4100723,3902570
15/03/2011,98.42742157,101.4100723,97.43320465,98.42742157,38296492
16/03/2011,97.43320465,100.4158554,97.43320465,97.43320465,31356353
17/03/2011,97.43320465,97.43320465,95.44477081,97.43320465,13417602
18/03/2011,100.4158554,101.4100723,97.43320465,100.4158554,27599625
21/03/2011,98.42742157,100.4158554,97.43320465,98.42742157,6844586
22/03/2011,97.43320465,99.42163849,97.43320465,97.43320465,10510790
23/03/2011,97.43320465,97.43320465,97.43320465,97.43320465,0
24/03/2011,98.42742157,99.42163849,97.43320465,98.42742157,16666392
25/03/2011,99.42163849,100.4158554,98.42742157,99.42163849,22444812
28/03/2011,97.43320465,100.4158554,97.43320465,97.43320465,11667480
29/03/2011,98.42742157,99.42163849,97.43320465,98.42742157,7815200
30/03/2011,97.43320465,99.42163849,95.44477081,97.43320465,127205709
31/03/2011,95.44477081,97.43320465,94.45055389,95.44477081,44623082
01/04/2011,93.45633698,96.43898773,92.46212006,93.45633698,55335036
04/04/2011,94.45055389,94.45055389,93.45633698,94.45055389,8961831
05/04/2011,94.45055389,95.44477081,93.45633698,94.45055389,7488309
06/04/2011,94.45055389,94.45055389,93.45633698,94.45055389,7764909
07/04/2011,96.43898773,97.43320465,94.45055389,96.43898773,63361458
08/04/2011,98.42742157,99.42163849,97.43320465,98.42742157,53006569
11/04/2011,98.42742157,98.42742157,97.43320465,98.42742157,18552299
12/04/2011,99.42163849,100.4158554,97.43320465,99.42163849,18114768
13/04/2011,99.42163849,99.42163849,97.43320465,99.42163849,18446688
14/04/2011,100.4158554,101.4100723,96.43898773,100.4158554,90146372
15/04/2011,104.3927231,105.3869324,100.4158554,104.3927231,154257164
18/04/2011,103.3985062,105.3869324,102.4042892,103.3985062,31280916
19/04/2011,103.3985062,103.3985062,101.4100723,103.3985062,24109439
20/04/2011,106.3811493,107.3753662,103.3985062,106.3811493,63457011
21/04/2011,106.3811493,107.3753662,104.3927231,106.3811493,22399550
25/04/2011,104.3927231,106.3811493,103.3985062,104.3927231,17818052
26/04/2011,104.3927231,105.3869324,102.4042892,104.3927231,24848715
27/04/2011,105.3869324,105.3869324,103.3985062,105.3869324,12809082
28/04/2011,104.3927231,105.3869324,103.3985062,104.3927231,14805630
29/04/2011,105.3869324,105.3869324,103.3985062,105.3869324,11627247
02/05/2011,104.3927231,105.3869324,103.3985062,104.3927231,13583562
03/05/2011,102.4042892,104.3927231,102.4042892,102.4042892,6120398
04/05/2011,104.3927231,104.3927231,101.4100723,104.3927231,17264853
05/05/2011,103.3985062,104.3927231,102.4042892,103.3985062,24396097
06/05/2011,103.3985062,104.3927231,102.4042892,103.3985062,15746069
09/05/2011,106.3811493,107.3753662,102.4042892,106.3811493,38628411
10/05/2011,111.3522339,111.3522339,106.3811493,111.3522339,123931774
11/05/2011,106.3811493,111.3522339,105.3869324,106.3811493,121024962
12/05/2011,105.3869324,106.3811493,103.3985062,105.3869324,35108051
13/05/2011,114.3348846,115.3291016,105.3869324,114.3348846,303585824
16/05/2011,112.3464508,115.3291016,111.3522339,112.3464508,43395985
18/05/2011,116.3233185,118.3117523,112.3464508,116.3233185,111007022
19/05/2011,115.3291016,118.3117523,113.3406677,115.3291016,56376057
20/05/2011,113.3406677,114.3348846,112.3464508,113.3406677,14488797
23/05/2011,109.3638,112.3464508,109.3638,109.3638,61571103
24/05/2011,110.358017,110.358017,108.3695831,110.358017,52000752
25/05/2011,109.3638,110.358017,108.3695831,109.3638,29032915
26/05/2011,111.3522339,112.3464508,110.358017,111.3522339,36350235
27/05/2011,108.3695831,112.3464508,108.3695831,108.3695831,95135225
30/05/2011,108.3695831,110.358017,107.3753662,108.3695831,10903059
31/05/2011,104.3927231,108.3695831,104.3927231,104.3927231,51864967
01/06/2011,105.3869324,106.3811493,104.3927231,105.3869324,19130644
03/06/2011,103.3985062,104.3927231,103.3985062,103.3985062,5245337
06/06/2011,103.3985062,104.3927231,102.4042892,103.3985062,5220191
07/06/2011,105.3869324,105.3869324,103.3985062,105.3869324,27846050
08/06/2011,103.3985062,105.3869324,102.4042892,103.3985062,12165359
09/06/2011,105.3869324,107.3753662,104.3927231,105.3869324,56718035
10/06/2011,105.3869324,106.3811493,104.3927231,105.3869324,21212686
13/06/2011,102.4042892,104.3927231,101.4100723,102.4042892,30385739
14/06/2011,101.4100723,102.4042892,101.4100723,101.4100723,12416814
15/06/2011,100.4158554,102.4042892,100.4158554,100.4158554,14242372
16/06/2011,99.42163849,99.42163849,97.43320465,99.42163849,28092476
17/06/2011,97.43320465,98.42742157,96.43898773,97.43320465,44607995
20/06/2011,95.44477081,98.42742157,95.44477081,95.44477081,9454682
21/06/2011,100.4158554,101.4100723,97.43320465,100.4158554,45649016
22/06/2011,100.4158554,100.4158554,98.42742157,100.4158554,20010734
23/06/2011,99.42163849,100.4158554,98.42742157,99.42163849,8705348
24/06/2011,101.4100723,103.3985062,98.42742157,101.4100723,18481892
27/06/2011,98.42742157,99.42163849,98.42742157,98.42742157,12039632
28/06/2011,99.42163849,99.42163849,98.42742157,99.42163849,6628335
30/06/2011,98.42742157,100.4158554,98.42742157,98.42742157,7458135
01/07/2011,100.4158554,101.4100723,99.42163849,100.4158554,19995647
04/07/2011,100.4158554,100.4158554,100.4158554,100.4158554,0
05/07/2011,99.42163849,99.42163849,98.42742157,99.42163849,13950685
06/07/2011,99.42163849,99.42163849,99.42163849,99.42163849,12452017
07/07/2011,98.42742157,99.42163849,98.42742157,98.42742157,14232314
08/07/2011,98.42742157,99.42163849,98.42742157,98.42742157,1543929
11/07/2011,97.43320465,99.42163849,97.43320465,97.43320465,13301933
12/07/2011,96.43898773,98.42742157,95.44477081,96.43898773,43939127
13/07/2011,97.43320465,98.42742157,96.43898773,97.43320465,10656633
14/07/2011,98.42742157,101.4100723,96.43898773,98.42742157,25955114
15/07/2011,98.42742157,100.4158554,98.42742157,98.42742157,12084894
18/07/2011,98.42742157,101.4100723,98.42742157,98.42742157,33468569
19/07/2011,100.4158554,102.4042892,98.42742157,100.4158554,93500772
20/07/2011,99.42163849,101.4100723,98.42742157,99.42163849,27800789
21/07/2011,98.42742157,101.4100723,98.42742157,98.42742157,10027998
22/07/2011,98.42742157,100.4158554,97.43320465,98.42742157,36491050
25/07/2011,100.4158554,102.4042892,98.42742157,100.4158554,62612124
26/07/2011,106.3811493,107.3753662,99.42163849,106.3811493,443575471
27/07/2011,106.3811493,108.3695831,103.3985062,106.3811493,245097550
28/07/2011,103.3985062,105.3869324,103.3985062,103.3985062,30697542
29/07/2011,100.4158554,103.3985062,99.42163849,100.4158554,48435130
01/08/2011,101.4100723,103.3985062,100.4158554,101.4100723,16570839
02/08/2011,99.42163849,101.4100723,99.42163849,99.42163849,30089023
03/08/2011,97.43320465,99.42163849,96.43898773,97.43320465,40775831
04/08/2011,97.43320465,98.42742157,95.44477081,97.43320465,44582850
05/08/2011,93.45633698,95.44477081,89.47947693,93.45633698,96809911
08/08/2011,88.48526001,91.46791077,85.50260925,88.48526001,44587879
09/08/2011,82.5199585,86.49682617,73.57201385,82.5199585,31984988
10/08/2011,82.5199585,87.49104309,81.52574158,82.5199585,47705912
11/08/2011,81.52574158,84.50839233,78.54309082,81.52574158,61339765
12/08/2011,83.51417542,86.49682617,82.5199585,83.51417542,53489362
15/08/2011,86.49682617,86.49682617,83.51417542,86.49682617,17918634
16/08/2011,87.49104309,88.48526001,84.50839233,87.49104309,32352112
18/08/2011,85.50260925,88.48526001,85.50260925,85.50260925,14176994
19/08/2011,82.5199585,85.50260925,80.53152466,82.5199585,22897429
22/08/2011,82.5199585,83.51417542,80.53152466,82.5199585,10027998
23/08/2011,81.52574158,82.5199585,81.52574158,81.52574158,11969225
24/08/2011,82.5199585,83.51417542,82.5199585,82.5199585,7654269
25/08/2011,81.52574158,83.51417542,81.52574158,81.52574158,6266241
26/08/2011,84.50839233,84.50839233,80.53152466,84.50839233,4068530
05/09/2011,83.51417542,85.50260925,81.52574158,83.51417542,8287934
06/09/2011,85.50260925,85.50260925,83.51417542,85.50260925,14981648
07/09/2011,87.49104309,91.46791077,84.50839233,87.49104309,43989418
08/09/2011,90.47368622,94.45055389,87.49104309,90.47368622,101109780
09/09/2011,91.46791077,92.46212006,89.47947693,91.46791077,24204992
12/09/2011,89.47947693,91.46791077,86.49682617,89.47947693,31964872
13/09/2011,89.47947693,91.46791077,89.47947693,89.47947693,17415725
14/09/2011,91.46791077,93.45633698,88.48526001,91.46791077,36133985
15/09/2011,89.47947693,92.46212006,88.48526001,89.47947693,10334772
16/09/2011,91.46791077,92.46212006,89.47947693,91.46791077,15917058
19/09/2011,90.47368622,92.46212006,88.48526001,90.47368622,18230437
20/09/2011,93.45633698,95.44477081,89.47947693,93.45633698,52956278
21/09/2011,98.42742157,107.3753662,93.45633698,98.42742157,224518529
22/09/2011,85.50260925,96.43898773,82.5199585,85.50260925,58327343
23/09/2011,86.49682617,86.49682617,81.52574158,86.49682617,63426836
26/09/2011,79.53730774,86.49682617,74.56623077,79.53730774,60167988
27/09/2011,86.49682617,89.47947693,79.53730774,86.49682617,139637610
28/09/2011,84.50839233,93.45633698,84.50839233,84.50839233,110966789
29/09/2011,85.50260925,87.49104309,83.51417542,85.50260925,24290486
30/09/2011,83.51417542,87.49104309,83.51417542,83.51417542,19004917
03/10/2011,77.5488739,83.51417542,76.55466461,77.5488739,29063089
04/10/2011,74.56623077,78.54309082,74.56623077,74.56623077,20568963
05/10/2011,76.55466461,77.5488739,74.56623077,76.55466461,8695290
06/10/2011,78.54309082,80.53152466,73.57201385,78.54309082,23309815
07/10/2011,77.5488739,81.52574158,77.5488739,77.5488739,34499532
10/10/2011,80.53152466,80.53152466,76.55466461,80.53152466,19568174
11/10/2011,81.52574158,83.51417542,80.53152466,81.52574158,43727905
12/10/2011,82.5199585,84.50839233,80.53152466,82.5199585,62375757
13/10/2011,81.52574158,84.50839233,81.52574158,81.52574158,60882118
14/10/2011,80.53152466,81.52574158,79.53730774,80.53152466,9379245
17/10/2011,84.50839233,86.49682617,82.5199585,84.50839233,43345694
18/10/2011,80.53152466,82.5199585,80.53152466,80.53152466,18069507
19/10/2011,82.5199585,83.51417542,81.52574158,82.5199585,7473222
20/10/2011,80.53152466,81.52574158,79.53730774,80.53152466,11134397
21/10/2011,79.53730774,81.52574158,79.53730774,79.53730774,5260424
24/10/2011,81.52574158,84.50839233,81.52574158,81.52574158,24260312
25/10/2011,81.52574158,83.51417542,81.52574158,81.52574158,5687896
26/10/2011,83.51417542,85.50260925,80.53152466,83.51417542,28972566
27/10/2011,85.50260925,86.49682617,83.51417542,85.50260925,36958755
28/10/2011,85.50260925,87.49104309,84.50839233,85.50260925,30063877
31/10/2011,81.52574158,85.50260925,81.52574158,81.52574158,12381610
01/11/2011,80.53152466,82.5199585,78.54309082,80.53152466,18456746
02/11/2011,81.52574158,81.52574158,78.54309082,81.52574158,8267817
03/11/2011,78.54309082,80.53152466,78.54309082,78.54309082,4692137
04/11/2011,79.53730774,81.52574158,79.53730774,79.53730774,5647663
07/11/2011,81.52574158,84.50839233,80.53152466,81.52574158,45845150
08/11/2011,83.51417542,83.51417542,82.5199585,83.51417542,23435542
09/11/2011,82.5199585,84.50839233,82.5199585,82.5199585,14896153
10/11/2011,79.53730774,81.52574158,79.53730774,79.53730774,18034303
11/11/2011,79.53730774,80.53152466,79.53730774,79.53730774,1900994
14/11/2011,80.53152466,81.52574158,80.53152466,80.53152466,2258059
15/11/2011,80.53152466,81.52574158,79.53730774,80.53152466,8408632
16/11/2011,81.52574158,81.52574158,80.53152466,81.52574158,11893789
17/11/2011,80.53152466,81.52574158,80.53152466,80.53152466,5597373
18/11/2011,82.5199585,83.51417542,80.53152466,82.5199585,22585626
21/11/2011,79.53730774,81.52574158,79.53730774,79.53730774,13960743
22/11/2011,81.52574158,81.52574158,78.54309082,81.52574158,4692137
23/11/2011,79.53730774,80.53152466,78.54309082,79.53730774,5184987
24/11/2011,80.53152466,80.53152466,78.54309082,80.53152466,3796960
25/11/2011,80.53152466,80.53152466,77.5488739,80.53152466,9680991
28/11/2011,79.53730774,81.52574158,78.54309082,79.53730774,1639482
29/11/2011,79.53730774,81.52574158,78.54309082,79.53730774,8549446
30/11/2011,79.53730774,81.52574158,77.5488739,79.53730774,33448453
01/12/2011,79.53730774,79.53730774,79.53730774,79.53730774,0
02/12/2011,78.54309082,80.53152466,77.5488739,78.54309082,7764909
05/12/2011,78.54309082,79.53730774,77.5488739,78.54309082,9997823
06/12/2011,78.54309082,78.54309082,77.5488739,78.54309082,3072771
07/12/2011,78.54309082,79.53730774,77.5488739,78.54309082,9942503
08/12/2011,78.54309082,80.53152466,77.5488739,78.54309082,2605066
09/12/2011,77.5488739,77.5488739,77.5488739,77.5488739,1750122
12/12/2011,79.53730774,81.52574158,77.5488739,79.53730774,26639070
13/12/2011,78.54309082,79.53730774,78.54309082,78.54309082,5089435
14/12/2011,79.53730774,80.53152466,78.54309082,79.53730774,18924451
15/12/2011,78.54309082,78.54309082,77.5488739,78.54309082,4455770
16/12/2011,79.53730774,81.52574158,78.54309082,79.53730774,54741604
19/12/2011,79.53730774,79.53730774,79.53730774,79.53730774,0
20/12/2011,77.5488739,80.53152466,77.5488739,77.5488739,138651909
21/12/2011,76.55466461,78.54309082,75.56044769,76.55466461,20885795
22/12/2011,75.56044769,77.5488739,75.56044769,75.56044769,13915481
23/12/2011,75.56044769,75.56044769,74.56623077,75.56044769,14855920
27/12/2011,74.56623077,75.56044769,73.57201385,74.56623077,5768362
28/12/2011,75.56044769,76.55466461,73.57201385,75.56044769,21931845
29/12/2011,74.56623077,77.5488739,74.56623077,74.56623077,40187428
30/12/2011,76.55466461,77.5488739,75.56044769,76.55466461,13674085
02/01/2012,75.56044769,76.55466461,75.56044769,75.56044769,3706436
03/01/2012,76.55466461,77.5488739,76.55466461,76.55466461,6261212
04/01/2012,76.55466461,78.54309082,76.55466461,76.55466461,12617977
05/01/2012,76.55466461,77.5488739,76.55466461,76.55466461,7191593
06/01/2012,75.56044769,76.55466461,75.56044769,75.56044769,5718071
09/01/2012,75.56044769,76.55466461,75.56044769,75.56044769,5496791
10/01/2012,78.54309082,78.54309082,75.56044769,78.54309082,20775155
11/01/2012,80.53152466,80.53152466,77.5488739,80.53152466,55571403
12/01/2012,81.52574158,85.50260925,79.53730774,81.52574158,200514700
13/01/2012,80.53152466,83.51417542,80.53152466,80.53152466,30
16/01/2012,79.53730774,80.53152466,78.54309082,79.53730774,12874460
17/01/2012,80.53152466,80.53152466,79.53730774,80.53152466,13241584
18/01/2012,80.53152466,81.52574158,79.53730774,80.53152466,6799324
19/01/2012,80.53152466,82.5199585,79.53730774,80.53152466,29017828
20/01/2012,79.53730774,81.52574158,79.53730774,79.53730774,5763332
24/01/2012,79.53730774,80.53152466,77.5488739,79.53730774,18371252
25/01/2012,78.54309082,79.53730774,78.54309082,78.54309082,2248001
26/01/2012,77.5488739,79.53730774,77.5488739,77.5488739,20926028
27/01/2012,78.54309082,78.54309082,77.5488739,78.54309082,9384275
30/01/2012,76.55466461,78.54309082,75.56044769,76.55466461,13226497
31/01/2012,76.55466461,76.55466461,75.56044769,76.55466461,16319385
01/02/2012,76.55466461,76.55466461,75.56044769,76.55466461,5969525
02/02/2012,76.55466461,77.5488739,75.56044769,76.55466461,15409120
03/02/2012,76.55466461,77.5488739,75.56044769,76.55466461,3646087
06/02/2012,75.56044769,77.5488739,75.56044769,75.56044769,6366823
07/02/2012,75.56044769,76.55466461,75.56044769,75.56044769,4616701
08/02/2012,76.55466461,76.55466461,75.56044769,76.55466461,11416025
09/02/2012,75.56044769,77.5488739,75.56044769,75.56044769,4480915
10/02/2012,74.56623077,76.55466461,74.56623077,74.56623077,11888760
13/02/2012,75.56044769,75.56044769,74.56623077,75.56044769,4455770
14/02/2012,74.56623077,75.56044769,74.56623077,74.56623077,1413173
15/02/2012,75.56044769,75.56044769,73.57201385,75.56044769,9565322
16/02/2012,75.56044769,76.55466461,74.56623077,75.56044769,25577933
17/02/2012,75.56044769,75.56044769,74.56623077,75.56044769,8328166
20/02/2012,75.56044769,75.56044769,73.57201385,75.56044769,5441471
21/02/2012,74.56623077,77.5488739,73.57201385,74.56623077,81943932
22/02/2012,75.56044769,75.56044769,74.56623077,75.56044769,7065866
23/02/2012,74.56623077,75.56044769,73.57201385,74.56623077,18617677
24/02/2012,73.57201385,74.56623077,72.57779694,73.57201385,12019516
27/02/2012,71.58358002,73.57201385,70.5893631,71.58358002,13870220
28/02/2012,71.58358002,71.58358002,70.5893631,71.58358002,3912629
29/02/2012,72.57779694,72.57779694,71.58358002,72.57779694,9555263
01/03/2012,72.57779694,72.57779694,71.58358002,72.57779694,2544717
02/03/2012,71.58358002,73.57201385,70.5893631,71.58358002,31311091
05/03/2012,71.58358002,71.58358002,70.5893631,71.58358002,5868943
06/03/2012,70.5893631,70.5893631,69.59514618,70.5893631,4541264
07/03/2012,68.60092926,69.59514618,67.60671234,68.60092926,10716982
08/03/2012,68.60092926,70.5893631,67.60671234,68.60092926,13135973
09/03/2012,68.60092926,71.58358002,68.60092926,68.60092926,30
12/03/2012,68.60092926,69.59514618,68.60092926,68.60092926,12944868
13/03/2012,67.60671234,69.59514618,67.60671234,67.60671234,13930569
14/03/2012,68.60092926,69.59514618,67.60671234,68.60092926,26307150
15/03/2012,67.60671234,68.60092926,66.61249542,67.60671234,13855132
16/03/2012,64.62406158,67.60671234,62.63563156,64.62406158,100652133
19/03/2012,64.62406158,64.62406158,63.62984848,64.62406158,21826234
20/03/2012,64.62406158,64.62406158,63.62984848,64.62406158,9409420
21/03/2012,63.62984848,64.62406158,61.64141464,63.62984848,29792307
22/03/2012,61.64141464,63.62984848,60.64719772,61.64141464,32513043
26/03/2012,76.55466461,76.55466461,61.64141464,76.55466461,303379631
27/03/2012,74.56623077,80.53152466,73.57201385,74.56623077,274266251
28/03/2012,82.5199585,86.49682617,72.57779694,82.5199585,554029293
29/03/2012,79.53730774,83.51417542,79.53730774,79.53730774,93722052
30/03/2012,78.54309082,81.52574158,77.5488739,78.54309082,45865267
02/04/2012,76.55466461,80.53152466,76.55466461,76.55466461,42888048
03/04/2012,76.55466461,76.55466461,76.55466461,76.55466461,0
04/04/2012,75.56044769,77.5488739,74.56623077,75.56044769,11245037
05/04/2012,74.56623077,76.55466461,72.57779694,74.56623077,23692025
09/04/2012,70.5893631,73.57201385,69.59514618,70.5893631,30380710
10/04/2012,70.5893631,71.58358002,70.5893631,70.5893631,4430625
11/04/2012,70.5893631,70.5893631,69.59514618,70.5893631,10354888
12/04/2012,69.59514618,71.58358002,69.59514618,69.59514618,8921599
13/04/2012,69.59514618,70.5893631,69.59514618,69.59514618,8423719
16/04/2012,69.59514618,70.5893631,69.59514618,69.59514618,2071983
17/04/2012,73.57201385,76.55466461,68.60092926,73.57201385,83910305
18/04/2012,71.58358002,74.56623077,71.58358002,71.58358002,23018128
19/04/2012,71.58358002,73.57201385,70.5893631,71.58358002,16515519
20/04/2012,71.58358002,73.57201385,70.5893631,71.58358002,19080353
23/04/2012,72.57779694,72.57779694,69.59514618,72.57779694,10334772
24/04/2012,71.58358002,74.56623077,71.58358002,71.58358002,12834228
25/04/2012,71.58358002,72.57779694,71.58358002,71.58358002,39262076
26/04/2012,70.5893631,72.57779694,70.5893631,70.5893631,7277087
27/04/2012,70.5893631,73.57201385,70.5893631,70.5893631,12446988
30/04/2012,70.5893631,71.58358002,70.5893631,70.5893631,3625971
01/05/2012,70.5893631,70.5893631,68.60092926,70.5893631,5924263
02/05/2012,70.5893631,70.5893631,68.60092926,70.5893631,12532483
03/05/2012,70.5893631,70.5893631,68.60092926,70.5893631,8901482
04/05/2012,70.5893631,72.57779694,69.59514618,70.5893631,19814600
07/05/2012,68.60092926,69.59514618,67.60671234,68.60092926,5008969
08/05/2012,69.59514618,70.5893631,67.60671234,69.59514618,8323137
09/05/2012,68.60092926,69.59514618,67.60671234,68.60092926,472734
10/05/2012,68.60092926,68.60092926,67.60671234,68.60092926,1498667
11/05/2012,67.60671234,68.60092926,67.60671234,67.60671234,3872396
14/05/2012,65.6182785,67.60671234,65.6182785,65.6182785,8308050
15/05/2012,65.6182785,66.61249542,65.6182785,65.6182785,6990429
16/05/2012,62.63563156,64.62406158,62.63563156,62.63563156,6930080
21/05/2012,62.63563156,63.62984848,61.64141464,62.63563156,11350647
22/05/2012,64.62406158,64.62406158,63.62984848,64.62406158,2916870
23/05/2012,62.63563156,65.6182785,62.63563156,62.63563156,2082041
24/05/2012,63.62984848,63.62984848,62.63563156,63.62984848,3404691
25/05/2012,62.63563156,62.63563156,61.64141464,62.63563156,3057684
28/05/2012,61.64141464,61.64141464,60.64719772,61.64141464,4299868
29/05/2012,60.64719772,61.64141464,59.6529808,60.64719772,3062713
30/05/2012,60.64719772,60.64719772,59.6529808,60.64719772,2338525
31/05/2012,57.66455078,59.6529808,56.67033386,57.66455078,20191781
01/06/2012,57.66455078,59.6529808,56.67033386,57.66455078,10752186
04/06/2012,52.69346619,56.67033386,52.69346619,52.69346619,13704260
05/06/2012,53.68768311,55.67611694,53.68768311,53.68768311,8604766
06/06/2012,56.67033386,56.67033386,54.68190002,56.67033386,6487521
07/06/2012,56.67033386,57.66455078,56.67033386,56.67033386,6688684
08/06/2012,54.68190002,56.67033386,54.68190002,54.68190002,2755939
11/06/2012,55.67611694,55.67611694,54.68190002,55.67611694,5079377
12/06/2012,54.68190002,54.68190002,53.68768311,54.68190002,2413961
13/06/2012,53.68768311,54.68190002,53.68768311,53.68768311,427472
14/06/2012,50.70503616,53.68768311,50.70503616,50.70503616,9218315
15/06/2012,49.71081924,51.69924927,49.71081924,49.71081924,8529330
18/06/2012,51.69924927,52.69346619,49.71081924,51.69924927,4138938
19/06/2012,51.69924927,52.69346619,51.69924927,51.69924927,5144755
20/06/2012,51.69924927,53.68768311,51.69924927,51.69924927,7397785
21/06/2012,50.70503616,52.69346619,50.70503616,50.70503616,6914993
22/06/2012,50.70503616,50.70503616,49.71081924,50.70503616,699042
25/06/2012,50.70503616,51.69924927,50.70503616,51.69924927,2313379
26/06/2012,51.69924927,51.69924927,50.70503616,51.69924927,261512
27/06/2012,51.69924927,52.69346619,50.70503616,51.69924927,3123062
28/06/2012,51.69924927,52.69346619,50.70503616,50.70503616,1367911
29/06/2012,50.70503616,51.69924927,49.71081924,49.71081924,10128579
02/07/2012,53.68768311,53.68768311,50.70503616,53.68768311,8333196
03/07/2012,52.69346619,53.68768311,52.69346619,52.69346619,2459223
04/07/2012,53.68768311,53.68768311,52.69346619,53.68768311,4993882
05/07/2012,52.69346619,52.69346619,52.69346619,52.69346619,2031750
06/07/2012,52.69346619,53.68768311,52.69346619,52.69346619,3178382
09/07/2012,51.69924927,52.69346619,51.69924927,51.69924927,1795383
10/07/2012,51.69924927,51.69924927,51.69924927,51.69924927,236367
11/07/2012,50.70503616,51.69924927,50.70503616,50.70503616,1096340
12/07/2012,52.69346619,52.69346619,50.70503616,52.69346619,5994670
13/07/2012,54.68190002,56.67033386,51.69924927,54.68190002,38080241
16/07/2012,54.68190002,55.67611694,53.68768311,54.68190002,4923475
17/07/2012,53.68768311,55.67611694,52.69346619,53.68768311,3812047
18/07/2012,53.68768311,54.68190002,52.69346619,53.68768311,3756727
19/07/2012,53.68768311,54.68190002,52.69346619,53.68768311,1775267
20/07/2012,52.69346619,53.68768311,51.69924927,52.69346619,2066954
23/07/2012,50.70503616,51.69924927,49.71081924,50.70503616,2992306
24/07/2012,51.69924927,52.69346619,50.70503616,51.69924927,17521336
25/07/2012,52.69346619,52.69346619,50.70503616,52.69346619,9077500
26/07/2012,52.69346619,53.68768311,51.69924927,52.69346619,22530306
27/07/2012,51.69924927,53.68768311,51.69924927,51.69924927,17093864
30/07/2012,52.69346619,53.68768311,51.69924927,52.69346619,7950985
31/07/2012,51.69924927,53.68768311,50.70503616,51.69924927,11556840
01/08/2012,53.68768311,53.68768311,50.70503616,53.68768311,5853856
02/08/2012,52.69346619,53.68768311,50.70503616,52.69346619,8257759
03/08/2012,52.69346619,53.68768311,51.69924927,52.69346619,3781872
06/08/2012,52.69346619,53.68768311,51.69924927,52.69346619,6487521
07/08/2012,52.69346619,53.68768311,51.69924927,52.69346619,9585438
08/08/2012,50.70503616,52.69346619,50.70503616,50.70503616,4848039
09/08/2012,52.69346619,54.68190002,50.70503616,52.69346619,84337777
10/08/2012,51.69924927,53.68768311,50.70503616,51.69924927,11375793
13/08/2012,50.70503616,52.69346619,49.71081924,50.70503616,7216738
14/08/2012,50.70503616,50.70503616,49.71081924,50.70503616,5260424
15/08/2012,49.71081924,50.70503616,49.21371078,49.71081924,9183111
16/08/2012,48.21949387,49.21371078,47.22527695,48.21949387,10545994
23/08/2012,47.72238541,48.71660233,47.22527695,47.72238541,3118033
24/08/2012,47.72238541,48.71660233,47.22527695,47.72238541,6638393
27/08/2012,47.72238541,47.72238541,47.72238541,47.72238541,25145
28/08/2012,46.72816849,47.72238541,46.23106003,46.72816849,3299080
29/08/2012,45.73395157,48.21949387,45.73395157,45.73395157,12743704
30/08/2012,45.23684311,47.22527695,45.23684311,45.23684311,2499455
31/08/2012,44.73973846,45.73395157,44.73973846,44.73973846,2911840
03/09/2012,51.69924927,54.68190002,44.73973846,51.69924927,78740404
04/09/2012,48.71660233,52.69346619,48.71660233,48.71660233,11184687
05/09/2012,47.22527695,49.21371078,47.22527695,47.22527695,5919234
06/09/2012,48.71660233,51.69924927,47.72238541,48.71660233,50411561
07/09/2012,48.71660233,49.71081924,48.21949387,48.71660233,5974554
10/09/2012,47.72238541,48.71660233,47.72238541,47.72238541,6497579
11/09/2012,48.71660233,49.21371078,47.72238541,48.71660233,16550723
12/09/2012,49.71081924,49.71081924,48.71660233,49.71081924,1946256
13/09/2012,49.21371078,49.21371078,48.71660233,49.21371078,859973
14/09/2012,49.21371078,49.71081924,49.21371078,49.21371078,5803565
17/09/2012,50.70503616,50.70503616,49.21371078,50.70503616,8705348
18/09/2012,50.70503616,52.69346619,50.70503616,50.70503616,18275699
19/09/2012,52.69346619,53.68768311,49.71081924,52.69346619,16455170
20/09/2012,51.69924927,52.69346619,51.69924927,51.69924927,4219403
21/09/2012,50.70503616,51.69924927,49.71081924,50.70503616,18833928
24/09/2012,49.21371078,50.70503616,49.21371078,49.21371078,1041020
25/09/2012,49.71081924,49.71081924,48.71660233,49.71081924,8509214
26/09/2012,48.21949387,49.21371078,48.21949387,48.21949387,4656933
27/09/2012,48.21949387,49.21371078,48.21949387,48.21949387,11893789
28/09/2012,48.71660233,48.71660233,48.21949387,48.71660233,4616701
01/10/2012,48.71660233,48.71660233,48.21949387,48.71660233,2474310
02/10/2012,49.21371078,51.69924927,48.71660233,49.21371078,14151848
03/10/2012,49.21371078,49.21371078,48.71660233,49.21371078,2660386
04/10/2012,49.21371078,49.71081924,48.71660233,49.21371078,10898030
05/10/2012,49.21371078,50.70503616,48.71660233,49.21371078,28610472
08/10/2012,50.70503616,51.69924927,49.21371078,50.70503616,52051043
09/10/2012,50.70503616,51.69924927,49.71081924,50.70503616,13156089
10/10/2012,49.71081924,50.70503616,49.71081924,49.71081924,7443047
11/10/2012,50.70503616,50.70503616,49.71081924,50.70503616,23878101
12/10/2012,49.71081924,50.70503616,49.21371078,49.71081924,11385851
15/10/2012,49.21371078,50.70503616,48.71660233,49.21371078,4199287
16/10/2012,50.70503616,51.69924927,49.71081924,50.70503616,15041997
17/10/2012,50.70503616,51.69924927,49.71081924,50.70503616,3470069
18/10/2012,51.69924927,51.69924927,49.71081924,51.69924927,5873972
19/10/2012,49.71081924,50.70503616,49.71081924,49.71081924,34368775
22/10/2012,49.71081924,51.69924927,49.71081924,49.71081924,99022709
23/10/2012,50.70503616,50.70503616,49.71081924,50.70503616,5526965
24/10/2012,50.70503616,51.69924927,49.71081924,50.70503616,17360405
25/10/2012,50.70503616,50.70503616,49.71081924,50.70503616,3766785
29/10/2012,50.70503616,50.70503616,49.71081924,50.70503616,1151660
30/10/2012,49.71081924,50.70503616,49.71081924,49.71081924,6170688
31/10/2012,49.71081924,50.70503616,49.71081924,49.71081924,4264665
01/11/2012,53.68768311,53.68768311,49.71081924,53.68768311,53625147
02/11/2012,51.69924927,54.68190002,50.70503616,51.69924927,346302883
05/11/2012,49.71081924,51.69924927,49.71081924,49.71081924,4978795
06/11/2012,49.71081924,50.70503616,49.71081924,49.71081924,2911840
07/11/2012,50.70503616,51.69924927,49.71081924,50.70503616,17048602
08/11/2012,50.70503616,50.70503616,49.71081924,50.70503616,3077800
09/11/2012,50.70503616,50.70503616,49.71081924,50.70503616,3510302
12/11/2012,49.21371078,50.70503616,49.21371078,49.21371078,2564834
13/11/2012,50.70503616,50.70503616,49.71081924,50.70503616,5833740
14/11/2012,50.70503616,51.69924927,49.71081924,50.70503616,31376469
19/11/2012,49.21371078,50.70503616,48.71660233,49.21371078,2519572
20/11/2012,48.71660233,49.71081924,48.71660233,48.71660233,10601313
21/11/2012,48.71660233,49.21371078,47.72238541,48.71660233,4048414
22/11/2012,49.21371078,49.21371078,48.71660233,49.21371078,11833440
23/11/2012,49.21371078,49.21371078,48.71660233,49.21371078,5657722
26/11/2012,49.21371078,49.71081924,48.21949387,49.21371078,16203716
27/11/2012,46.72816849,49.21371078,46.23106003,46.72816849,93380074
28/11/2012,44.73973846,46.23106003,43.74552155,44.73973846,71946108
29/11/2012,43.74552155,45.23684311,42.75130463,43.74552155,66212950
30/11/2012,37.28311539,44.24262619,37.28311539,37.28311539,139340894
03/12/2012,39.27154541,40.26576233,37.28311539,39.27154541,60364123
04/12/2012,40.26576233,41.75708771,39.27154541,40.26576233,63567651
05/12/2012,40.76287079,41.75708771,39.76865387,40.76287079,53122238
06/12/2012,38.27732849,41.25997925,38.27732849,38.27732849,39262076
07/12/2012,39.27154541,40.26576233,38.27732849,39.27154541,36491050
10/12/2012,39.27154541,40.26576233,38.27732849,39.27154541,20327566
11/12/2012,39.27154541,40.26576233,38.27732849,39.27154541,40383563
12/12/2012,39.76865387,42.25419617,39.27154541,39.76865387,431817467
13/12/2012,42.75130463,47.22527695,39.76865387,42.75130463,845168129
14/12/2012,42.25419617,44.24262619,41.75708771,42.25419617,226796705
17/12/2012,41.25997925,42.75130463,41.25997925,41.25997925,59946708
18/12/2012,41.25997925,42.75130463,41.25997925,41.25997925,71498520
19/12/2012,41.25997925,42.25419617,41.25997925,41.25997925,37069395
20/12/2012,41.25997925,42.25419617,41.25997925,41.25997925,36611748
21/12/2012,41.25997925,41.75708771,40.76287079,41.25997925,75154665
26/12/2012,41.25997925,41.25997925,40.76287079,41.25997925,30
27/12/2012,40.76287079,41.75708771,40.76287079,40.76287079,13377369
28/12/2012,41.75708771,42.75130463,40.76287079,41.75708771,63673261
02/01/2013,42.75130463,43.24841309,41.75708771,42.75130463,18134885
03/01/2013,42.25419617,42.75130463,41.75708771,42.25419617,15590167
04/01/2013,42.25419617,42.25419617,41.75708771,42.25419617,11526665
07/01/2013,42.25419617,42.75130463,41.75708771,42.25419617,64925504
08/01/2013,41.75708771,42.25419617,41.25997925,41.75708771,6703772
09/01/2013,41.75708771,41.75708771,41.25997925,41.75708771,3002364
10/01/2013,41.25997925,41.25997925,40.76287079,41.25997925,6844586
11/01/2013,40.76287079,41.25997925,40.26576233,40.76287079,10209045
14/01/2013,41.25997925,41.25997925,40.76287079,41.25997925,9002064
15/01/2013,40.76287079,41.25997925,40.26576233,40.76287079,1714918
16/01/2013,40.76287079,40.76287079,40.26576233,40.76287079,4400450
17/01/2013,40.76287079,40.76287079,40.26576233,40.76287079,2625183
18/01/2013,40.76287079,40.76287079,40.26576233,40.76287079,2046838
21/01/2013,40.26576233,41.25997925,40.26576233,40.26576233,21182511
22/01/2013,40.26576233,40.26576233,40.26576233,40.26576233,0
23/01/2013,40.26576233,40.76287079,39.76865387,40.26576233,7593920
25/01/2013,40.26576233,40.76287079,39.76865387,40.26576233,3666203
28/01/2013,39.76865387,40.26576233,39.76865387,39.76865387,5702983
29/01/2013,39.76865387,40.26576233,39.27154541,39.76865387,9741340
30/01/2013,39.76865387,39.76865387,39.27154541,39.76865387,4717282
31/01/2013,39.76865387,39.76865387,38.77443695,39.76865387,14840833
01/02/2013,39.76865387,40.26576233,39.76865387,39.76865387,2730793
04/02/2013,39.76865387,39.76865387,39.76865387,39.76865387,3289022
05/02/2013,39.76865387,39.76865387,39.27154541,39.76865387,5210133
06/02/2013,39.76865387,39.76865387,39.27154541,39.76865387,729217
07/02/2013,39.76865387,40.76287079,39.27154541,39.76865387,14594408
08/02/2013,39.76865387,39.76865387,39.27154541,39.76865387,1619365
11/02/2013,39.76865387,40.26576233,39.76865387,39.76865387,3631000
12/02/2013,39.27154541,40.26576233,39.27154541,39.27154541,9535147
13/02/2013,39.27154541,39.76865387,38.77443695,39.27154541,15529818
14/02/2013,39.27154541,40.26576233,39.27154541,39.27154541,15248189
15/02/2013,40.26576233,40.76287079,39.76865387,40.26576233,11461287
18/02/2013,39.76865387,40.26576233,39.27154541,39.76865387,8484068
19/02/2013,39.76865387,41.25997925,39.27154541,39.76865387,29837569
20/02/2013,39.76865387,40.26576233,39.76865387,39.76865387,18230437
21/02/2013,39.27154541,39.76865387,39.27154541,39.27154541,4425595
22/02/2013,39.27154541,39.76865387,39.27154541,39.27154541,6593132
25/02/2013,39.27154541,39.76865387,39.27154541,39.27154541,2574892
26/02/2013,39.76865387,39.76865387,39.27154541,39.76865387,18270670
27/02/2013,39.76865387,39.76865387,39.27154541,39.76865387,2449165
28/02/2013,39.27154541,40.26576233,39.27154541,39.27154541,21604954
01/03/2013,39.76865387,40.76287079,39.76865387,39.76865387,26840233
04/03/2013,39.76865387,39.76865387,39.76865387,39.76865387,0
05/03/2013,42.75130463,43.24841309,40.26576233,42.75130463,132928809
06/03/2013,42.25419617,44.24262619,42.25419617,42.25419617,110574520
07/03/2013,42.25419617,42.75130463,41.25997925,42.25419617,6251154
08/03/2013,41.75708771,42.25419617,41.75708771,41.75708771,8172265
11/03/2013,42.25419617,42.25419617,41.75708771,42.25419617,7050779
13/03/2013,41.75708771,42.75130463,41.75708771,41.75708771,52755115
14/03/2013,41.75708771,42.25419617,41.25997925,41.75708771,19377069
15/03/2013,42.75130463,44.24262619,41.75708771,42.75130463,175349152
18/03/2013,41.75708771,43.24841309,41.75708771,41.75708771,29862714
19/03/2013,41.25997925,42.25419617,40.76287079,41.25997925,23747345
20/03/2013,42.25419617,42.75130463,41.25997925,42.25419617,17108951
21/03/2013,41.75708771,42.25419617,41.25997925,41.75708771,8896453
22/03/2013,41.25997925,42.75130463,40.76287079,41.25997925,50361270
25/03/2013,41.75708771,41.75708771,41.25997925,41.75708771,965584
26/03/2013,41.25997925,41.75708771,41.25997925,41.25997925,1347795
27/03/2013,43.74552155,43.74552155,41.25997925,43.74552155,145974259
28/03/2013,43.24841309,44.73973846,43.24841309,43.24841309,274532792
01/04/2013,42.25419617,43.74552155,42.25419617,42.25419617,9183111
02/04/2013,42.25419617,42.75130463,41.75708771,42.25419617,13618765
03/04/2013,41.25997925,42.25419617,41.25997925,41.25997925,30
04/04/2013,41.25997925,41.75708771,40.76287079,41.25997925,14478739
05/04/2013,41.25997925,41.25997925,40.76287079,41.25997925,6236067
08/04/2013,41.25997925,41.25997925,40.26576233,41.25997925,2750910
09/04/2013,40.76287079,41.25997925,40.26576233,40.76287079,2715706
10/04/2013,40.76287079,41.25997925,40.26576233,40.76287079,6376881
11/04/2013,40.76287079,40.76287079,40.26576233,40.76287079,1795383
12/04/2013,41.25997925,41.75708771,40.26576233,41.25997925,14000976
15/04/2013,40.76287079,40.76287079,40.26576233,40.76287079,1277387
16/04/2013,40.76287079,40.76287079,40.26576233,40.76287079,8826046
17/04/2013,40.76287079,40.76287079,40.26576233,40.76287079,2811259
18/04/2013,40.76287079,41.25997925,40.26576233,40.76287079,37652769
19/04/2013,41.25997925,41.25997925,40.26576233,41.25997925,8011334
22/04/2013,41.25997925,41.25997925,40.26576233,40.76287079,7870520
23/04/2013,40.76287079,40.76287079,40.76287079,40.76287079,0
24/04/2013,40.26576233,40.26576233,39.76865387,40.26576233,19749221
25/04/2013,39.76865387,40.26576233,39.76865387,39.76865387,7141302
26/04/2013,39.76865387,40.76287079,39.76865387,40.26576233,20629312
29/04/2013,39.76865387,40.26576233,39.76865387,39.76865387,24471534
30/04/2013,40.26576233,40.26576233,39.76865387,40.26576233,19774367
01/05/2013,39.76865387,40.26576233,39.76865387,40.26576233,9565322
02/05/2013,39.76865387,40.26576233,38.27732849,39.76865387,20216926
03/05/2013,39.27154541,39.27154541,37.28311539,37.28311539,30
06/05/2013,37.78022385,39.76865387,37.28311539,39.27154541,15097317
07/05/2013,39.76865387,43.74552155,39.76865387,42.25419617,30
08/05/2013,42.25419617,42.75130463,40.76287079,40.76287079,11436142
10/05/2013,40.76287079,42.75130463,40.76287079,41.25997925,13080653
13/05/2013,41.75708771,41.75708771,40.26576233,40.26576233,4717282
14/05/2013,40.26576233,42.25419617,39.76865387,40.26576233,6547870
15/05/2013,40.26576233,40.76287079,39.76865387,40.26576233,13115857
16/05/2013,40.26576233,40.76287079,39.76865387,40.26576233,875061
17/05/2013,40.26576233,40.26576233,39.76865387,40.26576233,2680503
20/05/2013,40.26576233,40.26576233,39.76865387,39.76865387,1176806
21/05/2013,39.76865387,40.26576233,39.27154541,39.27154541,1730005
22/05/2013,39.27154541,40.76287079,38.77443695,39.27154541,21016551
23/05/2013,39.27154541,41.25997925,39.27154541,39.27154541,31451905
24/05/2013,39.27154541,40.26576233,39.27154541,39.76865387,6532783
27/05/2013,39.76865387,39.76865387,39.27154541,39.27154541,2600037
28/05/2013,39.27154541,39.76865387,39.27154541,39.27154541,1071195
29/05/2013,38.77443695,39.27154541,38.77443695,38.77443695,4571439
30/05/2013,38.77443695,38.77443695,37.78022385,38.27732849,6467405
31/05/2013,38.77443695,38.77443695,37.78022385,38.27732849,1513754
03/06/2013,37.78022385,38.27732849,37.28311539,38.27732849,8805930
04/06/2013,38.27732849,39.27154541,37.78022385,39.27154541,2856521
05/06/2013,38.77443695,39.76865387,38.77443695,38.77443695,2846462
07/06/2013,38.27732849,39.76865387,37.78022385,39.27154541,24290486
10/06/2013,39.27154541,39.76865387,37.28311539,39.76865387,10792419
11/06/2013,38.77443695,39.76865387,37.78022385,39.27154541,16490374
12/06/2013,37.78022385,40.26576233,37.78022385,39.76865387,22369375
13/06/2013,39.27154541,39.76865387,38.27732849,39.27154541,26865379
14/06/2013,39.27154541,40.26576233,38.27732849,39.76865387,21871496
17/06/2013,39.27154541,40.26576233,38.77443695,40.26576233,12019516
18/06/2013,40.26576233,40.26576233,39.27154541,39.76865387,3500244
19/06/2013,39.27154541,39.27154541,38.77443695,38.77443695,30491350
20/06/2013,38.27732849,38.77443695,37.78022385,38.27732849,31522313
21/06/2013,37.78022385,38.27732849,36.78600693,38.27732849,17999099
24/06/2013,38.77443695,38.77443695,37.78022385,38.27732849,17204504
25/06/2013,38.27732849,38.77443695,37.78022385,38.27732849,18129856
26/06/2013,38.27732849,38.77443695,38.27732849,38.77443695,5999699
27/06/2013,38.77443695,38.77443695,37.78022385,38.77443695,10354888
28/06/2013,38.27732849,38.77443695,37.78022385,38.77443695,17139126
01/07/2013,37.78022385,39.27154541,37.78022385,39.27154541,12175417
02/07/2013,38.77443695,38.77443695,37.78022385,38.77443695,5260424
03/07/2013,38.77443695,38.77443695,37.78022385,38.27732849,3625971
04/07/2013,37.78022385,38.27732849,37.78022385,38.27732849,6125427
05/07/2013,37.78022385,38.27732849,37.78022385,38.27732849,8740552
08/07/2013,38.27732849,38.27732849,37.78022385,38.27732849,29032915
09/07/2013,38.27732849,38.77443695,37.78022385,38.77443695,4506061
10/07/2013,38.27732849,38.27732849,37.78022385,37.78022385,22721411
11/07/2013,37.78022385,37.78022385,37.28311539,37.28311539,9530118
12/07/2013,37.78022385,38.27732849,37.78022385,38.27732849,18969713
15/07/2013,38.27732849,39.27154541,37.78022385,39.27154541,6321561
16/07/2013,38.77443695,39.27154541,38.27732849,38.77443695,13226497
17/07/2013,38.77443695,39.76865387,38.77443695,39.76865387,5340889
18/07/2013,39.27154541,41.25997925,38.77443695,40.76287079,13548358
19/07/2013,40.26576233,41.25997925,40.26576233,41.25997925,6115368
22/07/2013,40.76287079,41.25997925,40.26576233,41.25997925,7166447
23/07/2013,40.76287079,41.75708771,40.76287079,41.75708771,7312291
24/07/2013,41.25997925,42.25419617,40.76287079,42.25419617,13246613
25/07/2013,41.75708771,41.75708771,41.25997925,41.75708771,9313867
26/07/2013,41.75708771,42.75130463,41.75708771,42.75130463,16153425
29/07/2013,42.25419617,42.25419617,41.25997925,42.25419617,26910640
30/07/2013,41.75708771,42.25419617,41.75708771,41.75708771,9022180
31/07/2013,42.25419617,42.25419617,41.25997925,42.25419617,13709289
01/08/2013,42.25419617,42.25419617,41.75708771,41.75708771,4445712
02/08/2013,41.75708771,42.25419617,41.75708771,42.25419617,7699531
12/08/2013,41.75708771,42.25419617,41.75708771,42.25419617,10239219
13/08/2013,42.25419617,43.74552155,42.25419617,42.75130463,9977707
14/08/2013,42.25419617,42.75130463,42.25419617,42.25419617,1594220
15/08/2013,42.75130463,42.75130463,42.25419617,42.75130463,593432
16/08/2013,42.25419617,42.25419617,41.75708771,41.75708771,1810471
19/08/2013,41.75708771,41.75708771,41.25997925,41.75708771,12638093
20/08/2013,41.25997925,41.25997925,39.76865387,39.76865387,14197110
21/08/2013,39.76865387,41.25997925,39.27154541,40.76287079,7759880
22/08/2013,40.26576233,40.76287079,39.76865387,40.76287079,20941115
23/08/2013,40.76287079,42.25419617,40.76287079,41.25997925,22329143
26/08/2013,40.76287079,42.75130463,40.76287079,42.25419617,12386639
27/08/2013,41.75708771,41.75708771,40.76287079,41.25997925,10188928
28/08/2013,40.26576233,41.25997925,39.27154541,41.25997925,8730493
29/08/2013,40.76287079,41.75708771,40.26576233,41.75708771,4807806
30/08/2013,41.75708771,42.25419617,41.25997925,42.25419617,8071683
02/09/2013,41.75708771,42.25419617,41.25997925,42.25419617,3701407
03/09/2013,42.25419617,42.75130463,41.25997925,42.25419617,26136161
04/09/2013,41.75708771,42.25419617,41.25997925,41.75708771,6226008
05/09/2013,41.75708771,42.25419617,41.25997925,41.75708771,11662451
06/09/2013,41.25997925,41.75708771,41.25997925,41.75708771,5345918
09/09/2013,41.75708771,42.75130463,41.75708771,42.75130463,13628823
10/09/2013,42.75130463,43.24841309,42.25419617,43.24841309,5300656
11/09/2013,42.75130463,42.75130463,42.25419617,42.75130463,5843798
12/09/2013,42.75130463,42.75130463,42.25419617,42.75130463,4873184
13/09/2013,42.25419617,42.75130463,41.75708771,42.25419617,26573692
16/09/2013,42.25419617,42.75130463,41.75708771,42.25419617,28409308
17/09/2013,42.75130463,49.21371078,42.25419617,44.73973846,42968513
18/09/2013,44.24262619,45.23684311,43.74552155,44.73973846,4561381
19/09/2013,45.23684311,47.72238541,44.73973846,46.23106003,22344230
20/09/2013,45.73395157,48.71660233,45.73395157,46.23106003,16777031
23/09/2013,45.23684311,46.72816849,44.73973846,46.23106003,4460799
24/09/2013,46.72816849,47.22527695,46.23106003,46.72816849,5733158
25/09/2013,46.72816849,46.72816849,45.23684311,46.72816849,10918146
26/09/2013,46.72816849,47.72238541,46.23106003,47.72238541,8177294
27/09/2013,47.72238541,48.21949387,47.22527695,47.72238541,5627547
30/09/2013,47.72238541,56.67033386,47.72238541,52.69346619,123257876
01/10/2013,53.68768311,54.68190002,51.69924927,52.69346619,21801089
02/10/2013,52.69346619,58.6587677,52.69346619,55.67611694,45271835
03/10/2013,52.69346619,56.67033386,52.69346619,54.68190002,15952261
04/10/2013,56.67033386,56.67033386,52.69346619,54.68190002,6281328
07/10/2013,54.68190002,54.68190002,50.70503616,53.68768311,11154513
08/10/2013,53.68768311,53.68768311,51.69924927,52.69346619,7337436
09/10/2013,52.69346619,53.68768311,49.71081924,51.69924927,25980259
10/10/2013,54.68190002,54.68190002,50.70503616,51.69924927,12059748
11/10/2013,54.68190002,54.68190002,50.70503616,51.69924927,7186564
16/10/2013,50.70503616,51.69924927,49.21371078,51.69924927,22303997
17/10/2013,51.69924927,51.69924927,49.71081924,50.70503616,5567198
18/10/2013,49.71081924,49.71081924,48.71660233,49.21371078,12250854
21/10/2013,49.21371078,49.71081924,47.72238541,48.21949387,7065866
22/10/2013,48.21949387,48.71660233,47.22527695,48.21949387,5270482
23/10/2013,48.21949387,50.70503616,48.21949387,48.21949387,16872584
24/10/2013,48.21949387,49.71081924,48.21949387,48.71660233,4450741
25/10/2013,48.21949387,48.71660233,48.21949387,48.71660233,1473522
28/10/2013,48.71660233,48.71660233,48.21949387,48.71660233,3027509
29/10/2013,48.71660233,49.21371078,48.71660233,48.71660233,110639
30/10/2013,48.71660233,49.21371078,48.71660233,49.21371078,2313379
31/10/2013,48.71660233,48.71660233,47.22527695,47.72238541,8876337
01/11/2013,47.72238541,49.71081924,44.24262619,45.73395157,15223044
04/11/2013,45.73395157,45.73395157,44.73973846,45.23684311,2142390
06/11/2013,44.73973846,45.23684311,44.24262619,45.23684311,3409720
07/11/2013,45.23684311,46.23106003,45.23684311,45.23684311,824770
08/11/2013,44.24262619,45.23684311,44.24262619,44.73973846,1574104
11/11/2013,44.73973846,45.73395157,44.73973846,45.73395157,2786113
12/11/2013,45.23684311,45.73395157,44.73973846,45.23684311,3057684
13/11/2013,45.23684311,45.73395157,44.73973846,45.23684311,5863914
14/11/2013,45.73395157,47.22527695,45.73395157,46.23106003,17239707
15/11/2013,46.72816849,48.71660233,45.23684311,46.23106003,42727117
18/11/2013,46.23106003,47.72238541,46.23106003,46.23106003,1800412
19/11/2013,45.73395157,46.23106003,44.73973846,45.73395157,4164083
20/11/2013,46.23106003,46.23106003,44.73973846,45.73395157,6336648
21/11/2013,44.73973846,45.73395157,44.73973846,45.73395157,5914205
22/11/2013,45.23684311,45.73395157,45.23684311,45.73395157,2856521
25/11/2013,44.24262619,44.73973846,42.75130463,44.73973846,4687108
26/11/2013,44.73973846,44.73973846,43.74552155,44.73973846,2016663
27/11/2013,44.24262619,44.24262619,43.24841309,43.74552155,7966072
28/11/2013,42.75130463,43.74552155,42.75130463,43.74552155,4380334
29/11/2013,43.24841309,43.74552155,43.24841309,43.74552155,1106398
02/12/2013,42.75130463,44.24262619,42.75130463,44.24262619,1584162
03/12/2013,44.24262619,44.24262619,43.24841309,44.24262619,854944
04/12/2013,43.24841309,44.24262619,43.24841309,44.24262619,809682
05/12/2013,43.24841309,43.74552155,43.24841309,43.24841309,1463464
06/12/2013,43.24841309,43.74552155,43.24841309,43.74552155,452617
09/12/2013,43.74552155,43.74552155,43.24841309,43.74552155,1357853
10/12/2013,43.24841309,43.74552155,42.75130463,43.74552155,2434077
11/12/2013,43.24841309,43.74552155,42.75130463,43.24841309,2097128
12/12/2013,43.24841309,43.24841309,43.24841309,43.24841309,251454
13/12/2013,42.25419617,43.24841309,41.25997925,42.75130463,23314844
16/12/2013,41.75708771,42.25419617,41.75708771,42.25419617,1559016
17/12/2013,42.25419617,42.25419617,41.75708771,41.75708771,477763
18/12/2013,41.25997925,41.75708771,40.76287079,40.76287079,1951285
19/12/2013,41.75708771,41.75708771,39.27154541,40.26576233,8338225
20/12/2013,39.76865387,40.26576233,39.76865387,39.76865387,2710677
23/12/2013,38.77443695,39.27154541,37.78022385,39.27154541,4561381
24/12/2013,38.77443695,39.76865387,38.27732849,39.76865387,890148
27/12/2013,39.27154541,40.76287079,39.27154541,40.76287079,1398085
30/12/2013,39.76865387,40.76287079,39.76865387,40.76287079,1850703
02/01/2014,40.76287079,41.75708771,40.26576233,41.75708771,306774
03/01/2014,40.76287079,41.25997925,39.76865387,41.25997925,970613
06/01/2014,39.76865387,41.25997925,39.76865387,41.16055679,71413
07/01/2014,39.27154541,39.27154541,38.27732849,38.77443695,927363
08/01/2014,38.77443695,38.77443695,38.77443695,38.77443695,80465
09/01/2014,39.27154541,39.27154541,36.78600693,36.78600693,3512313
10/01/2014,37.28311539,37.28311539,36.88542557,36.88542557,504920
13/01/2014,36.88542557,39.76865387,36.88542557,37.78022385,6491544
15/01/2014,37.78022385,37.78022385,37.68080139,37.78022385,13512149
16/01/2014,37.78022385,37.78022385,37.68080139,37.78022385,104604
17/01/2014,37.78022385,38.27732849,37.78022385,38.27732849,935410
20/01/2014,37.78022385,38.77443695,37.78022385,38.17790985,983689
21/01/2014,37.78022385,38.67501831,37.78022385,38.57559586,1202957
22/01/2014,38.27732849,38.27732849,37.78022385,37.78022385,633664
23/01/2014,37.78022385,38.17790985,37.78022385,37.87964249,635676
24/01/2014,37.78022385,37.78022385,37.78022385,37.78022385,3260859
27/01/2014,37.28311539,37.38253403,37.28311539,37.28311539,3344342
28/01/2014,36.88542557,37.08427048,36.28889847,37.08427048,1310579
29/01/2014,36.98484802,37.08427048,35.79179001,37.08427048,5360000
30/01/2014,36.88542557,37.08427048,36.28889847,36.68658447,429483
03/02/2014,36.88542557,36.88542557,36.68658447,36.78600693,370140
04/02/2014,36.68658447,36.78600693,36.58716202,36.68658447,5428395
05/02/2014,36.78600693,36.78600693,36.78600693,36.78600693,90523
06/02/2014,36.18947601,36.28889847,35.69236755,36.09005356,3993094
07/02/2014,36.18947601,36.18947601,35.89121246,35.89121246,7963055
10/02/2014,35.89121246,35.89121246,35.5929451,35.89121246,883107
11/02/2014,35.79179001,35.79179001,34.59872818,34.89699554,3143178
12/02/2014,34.89699554,35.29468155,34.59872818,34.89699554,2083047
13/02/2014,35.29468155,35.394104,34.89699554,35.09583664,625618
14/02/2014,34.99641418,35.29468155,34.79757309,34.89699554,749333
17/02/2014,34.79757309,35.29468155,34.79757309,35.29468155,307780
18/02/2014,35.19525909,35.29468155,34.89699554,35.29468155,836839
19/02/2014,35.29468155,35.29468155,34.99641418,35.29468155,1057113
20/02/2014,35.09583664,35.09583664,34.79757309,34.89699554,3314167
21/02/2014,34.99641418,35.19525909,34.89699554,35.19525909,6952208
24/02/2014,35.19525909,35.394104,35.09583664,35.19525909,2335507
25/02/2014,34.99641418,34.99641418,34.79757309,34.89699554,4289810
26/02/2014,34.89699554,34.89699554,34.89699554,34.89699554,1271353
27/02/2014,34.89699554,35.29468155,34.79757309,35.29468155,1547952
28/02/2014,35.19525909,35.49352264,35.19525909,35.49352264,77447
03/03/2014,35.49352264,35.49352264,35.09583664,35.394104,323873
04/03/2014,34.99641418,35.29468155,34.79757309,35.29468155,2873619
05/03/2014,34.99641418,35.19525909,34.79757309,35.19525909,2990294
06/03/2014,34.99641418,35.19525909,34.89699554,35.19525909,2245989
07/03/2014,35.09583664,35.19525909,34.79757309,34.79757309,10980507
10/03/2014,35.09583664,35.19525909,34.79757309,34.99641418,5223209
11/03/2014,34.79757309,35.09583664,34.79757309,34.99641418,1140596
12/03/2014,34.79757309,34.89699554,34.49930954,34.89699554,6905941
13/03/2014,34.69815063,34.89699554,34.30046463,34.89699554,3534441
14/03/2014,34.89699554,34.89699554,34.69815063,34.89699554,8721441
17/03/2014,34.89699554,34.89699554,34.59872818,34.69815063,10355894
18/03/2014,34.59872818,34.89699554,34.39988708,34.39988708,9397350
19/03/2014,34.69815063,34.99641418,34.59872818,34.59872818,4075571
20/03/2014,34.59872818,34.59872818,34.30046463,34.30046463,553199
21/03/2014,34.30046463,34.30046463,34.20104218,34.30046463,1970396
24/03/2014,34.30046463,34.59872818,34.10161972,34.59872818,1600255
25/03/2014,34.30046463,34.79757309,34.20104218,34.30046463,12828193
26/03/2014,34.30046463,34.30046463,33.80335617,33.80335617,805659
27/03/2014,33.80335617,33.80335617,33.80335617,33.80335617,100581
28/03/2014,33.80335617,34.59872818,33.70393372,33.80335617,1404120
01/04/2014,34.10161972,34.20104218,33.70393372,33.70393372,67326390
02/04/2014,33.80335617,34.10161972,33.70393372,33.80335617,4891289
03/04/2014,33.80335617,34.00220108,33.70393372,33.70393372,29874784
04/04/2014,33.70393372,33.80335617,33.60451126,33.70393372,1460446
07/04/2014,33.80335617,33.80335617,33.60451126,33.60451126,2917875
08/04/2014,33.60451126,33.70393372,33.10740662,33.30624771,3473087
09/04/2014,33.30624771,33.30624771,33.30624771,33.30624771,0
10/04/2014,33.10740662,33.60451126,31.51665878,31.51665878,4443700
11/04/2014,31.51665878,32.21260834,31.31781578,31.51665878,3277958
14/04/2014,31.51665878,31.51665878,31.01955032,31.31781578,2055890
15/04/2014,31.31781578,31.31781578,30.12475586,30.42302132,6217962
16/04/2014,30.52244186,30.52244186,30.12475586,30.42302132,340972
17/04/2014,30.52244186,30.62186432,30.32359886,30.42302132,249442
21/04/2014,31.61607933,31.61607933,30.82070732,31.21839333,198146
22/04/2014,31.21839333,31.21839333,30.62186432,30.72128677,112651
23/04/2014,30.0253334,31.11897278,30.0253334,31.01955032,1522807
24/04/2014,30.92012978,30.92012978,30.42302132,30.92012978,230332
25/04/2014,30.92012978,31.81492424,30.82070732,31.81492424,717147
28/04/2014,31.31781578,31.71550179,30.92012978,30.92012978,3247783
29/04/2014,31.11897278,31.61607933,30.82070732,31.41723633,762409
30/04/2014,31.01955032,31.31781578,30.92012978,31.31781578,595443
02/05/2014,31.11897278,31.51665878,31.11897278,31.11897278,950497
05/05/2014,31.31781578,31.31781578,30.42302132,31.31781578,106616
06/05/2014,30.52244186,31.11897278,30.32359886,31.11897278,749333
07/05/2014,30.32359886,30.82070732,30.32359886,30.32359886,1310579
08/05/2014,30.42302132,30.72128677,30.42302132,30.72128677,609525
09/05/2014,30.82070732,31.01955032,30.12475586,30.12475586,7282116
12/05/2014,30.12475586,30.62186432,30.12475586,30.42302132,2496438
13/05/2014,30.22417831,30.22417831,29.8264904,30.0253334,3542488
14/05/2014,30.0253334,30.0253334,29.8264904,30.0253334,3642064
16/05/2014,29.92591286,30.22417831,29.8264904,30.22417831,2056896
19/05/2014,30.12475586,30.12475586,29.8264904,30.12475586,787554
20/05/2014,30.0253334,30.0253334,29.6276474,30.0253334,2540694
21/05/2014,30.0253334,30.22417831,30.0253334,30.0253334,75436
22/05/2014,32.01376724,33.80335617,30.12475586,32.01376724,142453898
23/05/2014,30.52244186,32.5108757,30.42302132,30.52244186,117606189
26/05/2014,29.92591286,30.72128677,29.6276474,29.92591286,10965419
28/05/2014,30.12475586,30.32359886,29.8264904,30.12475586,1636464
30/05/2014,30.0253334,30.0253334,29.8264904,30.0253334,1893953
02/06/2014,29.92591286,30.12475586,29.72706985,29.92591286,3701407
03/06/2014,30.12475586,30.22417831,29.8264904,30.12475586,5261430
04/06/2014,30.0253334,30.12475586,29.92591286,30.0253334,3012422
05/06/2014,29.92591286,29.92591286,29.6276474,29.92591286,10825611
06/06/2014,29.8264904,30.0253334,29.8264904,29.8264904,1143614
09/06/2014,29.8264904,29.92591286,29.32938385,29.8264904,3721523
10/06/2014,29.8264904,29.8264904,29.8264904,29.8264904,1458435
11/06/2014,30.12475586,30.32359886,29.8264904,30.12475586,1326672
12/06/2014,29.8264904,29.8264904,29.8264904,29.8264904,1116457
13/06/2014,29.8264904,30.12475586,29.72706985,29.8264904,570298
16/06/2014,29.52822685,29.8264904,29.52822685,29.52822685,2950062
17/06/2014,29.72706985,29.72706985,29.32938385,29.72706985,2514543
18/06/2014,29.92591286,29.92591286,29.03111839,29.92591286,15023892
19/06/2014,29.52822685,29.72706985,29.13053894,29.52822685,382210
20/06/2014,29.32938385,29.32938385,29.32938385,29.32938385,156907
23/06/2014,28.93169594,29.32938385,28.93169594,28.93169594,1993529
24/06/2014,28.83227539,28.83227539,28.83227539,28.83227539,1403115
25/06/2014,29.52822685,29.52822685,28.83227539,29.52822685,60349
26/06/2014,29.52822685,29.52822685,29.52822685,29.52822685,226308
27/06/2014,29.32938385,29.52822685,28.83227539,29.32938385,125727
30/06/2014,29.4288044,29.4288044,29.13053894,29.4288044,129750
01/07/2014,29.4288044,29.52822685,29.13053894,29.4288044,76442
02/07/2014,29.52822685,29.52822685,29.4288044,29.52822685,572310
03/07/2014,29.8264904,29.8264904,29.13053894,29.8264904,12069
04/07/2014,29.2299614,29.2299614,29.13053894,29.2299614,1276382
07/07/2014,29.2299614,29.4288044,29.13053894,29.2299614,1811476
08/07/2014,29.32938385,29.6276474,29.32938385,29.32938385,508943
09/07/2014,29.32938385,29.32938385,29.32938385,29.32938385,0
10/07/2014,29.52822685,29.52822685,29.13053894,29.52822685,1144620
11/07/2014,29.4288044,29.52822685,29.2299614,29.4288044,400315
14/07/2014,29.2299614,29.8264904,29.2299614,29.2299614,1337736
15/07/2014,29.32938385,29.32938385,28.63343048,29.32938385,2389821
16/07/2014,28.93169594,29.32938385,28.33516693,28.93169594,3212580
17/07/2014,28.63343048,29.2299614,28.43458748,28.63343048,1830587
18/07/2014,28.43458748,28.43458748,28.33516693,28.43458748,533083
21/07/2014,28.83227539,29.32938385,28.53400993,28.83227539,2280187
22/07/2014,28.83227539,28.83227539,28.33516693,28.83227539,1372940
23/07/2014,28.63343048,28.73285294,28.33516693,28.63343048,1675691
24/07/2014,28.63343048,28.63343048,28.33516693,28.63343048,485809
25/07/2014,28.33516693,28.83227539,28.33516693,28.33516693,422443
04/08/2014,28.33516693,28.73285294,28.33516693,28.33516693,670880
05/08/2014,28.33516693,28.33516693,28.33516693,28.33516693,427472
06/08/2014,28.63343048,28.63343048,28.33516693,28.63343048,717147
07/08/2014,28.73285294,28.83227539,28.43458748,28.73285294,3098922
08/08/2014,28.73285294,28.83227539,28.43458748,28.73285294,159924
11/08/2014,28.53400993,28.53400993,28.53400993,28.53400993,93541
12/08/2014,28.73285294,29.13053894,28.53400993,28.73285294,6086200
13/08/2014,28.73285294,28.73285294,28.53400993,28.73285294,2114227
14/08/2014,28.63343048,28.83227539,28.63343048,28.63343048,1636464
15/08/2014,28.43458748,28.83227539,28.33516693,28.43458748,14217227
18/08/2014,28.53400993,28.53400993,28.33516693,28.53400993,2078018
19/08/2014,28.63343048,28.73285294,28.53400993,28.63343048,228320
20/08/2014,28.33516693,29.32938385,28.23574448,28.33516693,20212903
21/08/2014,28.63343048,28.63343048,28.33516693,28.63343048,58337
22/08/2014,28.63343048,28.63343048,28.33516693,28.63343048,862991
25/08/2014,28.13632393,28.23574448,28.03690147,28.13632393,7460146
26/08/2014,28.43458748,28.43458748,28.03690147,28.43458748,211221
27/08/2014,28.33516693,28.33516693,27.93748093,28.33516693,3146196
28/08/2014,28.33516693,28.43458748,28.03690147,28.33516693,2127303
29/08/2014,28.23574448,28.43458748,28.13632393,28.23574448,7300221
01/09/2014,28.03690147,28.53400993,27.83805847,28.03690147,6561951
02/09/2014,28.03690147,28.23574448,28.03690147,28.03690147,2492415
03/09/2014,28.23574448,28.23574448,27.93748093,28.23574448,870031
04/09/2014,28.13632393,28.13632393,28.03690147,28.13632393,707089
05/09/2014,28.13632393,28.23574448,27.93748093,28.13632393,1327678
08/09/2014,28.23574448,28.23574448,28.03690147,28.23574448,2525607
09/09/2014,28.03690147,28.33516693,27.93748093,28.03690147,4268688
10/09/2014,27.83805847,28.23574448,27.73863792,27.83805847,1855732
11/09/2014,27.73863792,27.83805847,27.63921547,27.73863792,3523377
12/09/2014,27.73863792,27.93748093,27.63921547,27.73863792,3861332
15/09/2014,27.63921547,27.83805847,27.63921547,27.63921547,1564045
16/09/2014,27.73863792,27.73863792,27.63921547,27.73863792,484803
17/09/2014,28.03690147,28.23574448,27.73863792,28.03690147,2417984
18/09/2014,27.83805847,28.03690147,27.73863792,27.83805847,1382998
19/09/2014,27.73863792,27.93748093,27.73863792,27.73863792,2742863
22/09/2014,27.63921547,27.83805847,27.53979301,27.63921547,4113792
23/09/2014,27.73863792,27.73863792,27.44037247,27.73863792,304762
24/09/2014,27.63921547,28.03690147,27.63921547,27.63921547,671885
25/09/2014,27.53979301,27.93748093,27.53979301,27.53979301,3514325
26/09/2014,27.14210701,27.44037247,27.14210701,27.14210701,2530636
29/09/2014,27.24152756,27.24152756,27.04268456,27.24152756,282634
30/09/2014,27.14210701,27.24152756,26.9432621,27.14210701,1271353
01/10/2014,27.24152756,27.24152756,26.7444191,27.24152756,1029956
02/10/2014,26.7444191,26.84384155,26.64499855,26.7444191,878078
03/10/2014,25.75020409,26.64499855,25.75020409,25.75020409,2720735
06/10/2014,26.24731255,26.34673309,25.94904709,26.24731255,250448
07/10/2014,25.84962463,26.24731255,25.84962463,25.84962463,558228
08/10/2014,25.65078163,25.94904709,25.65078163,25.65078163,200157
09/10/2014,25.84962463,26.34673309,25.65078163,25.84962463,29168
10/10/2014,25.55136108,25.84962463,25.55136108,25.55136108,735252
13/10/2014,25.55136108,25.84962463,25.35251617,25.55136108,1517778
14/10/2014,25.65078163,25.65078163,25.35251617,25.65078163,88511
15/10/2014,25.45193863,25.84962463,25.45193863,25.45193863,1006823
16/10/2014,25.55136108,25.65078163,25.15367317,25.55136108,3796960
17/10/2014,25.84962463,25.84962463,25.35251617,25.84962463,127738
20/10/2014,25.65078163,25.84962463,25.45193863,25.65078163,606507
21/10/2014,25.45193863,25.75020409,25.35251617,25.45193863,318844
22/10/2014,25.45193863,25.84962463,25.35251617,25.45193863,42244
23/10/2014,25.45193863,25.84962463,25.35251617,25.45193863,1187870
24/10/2014,25.84962463,26.04846954,25.55136108,25.84962463,2635241
27/10/2014,25.65078163,26.14789009,25.65078163,25.65078163,649757
28/10/2014,25.75020409,25.75020409,25.25309563,25.75020409,1292475
29/10/2014,27.14210701,27.24152756,25.84962463,27.14210701,3104957
30/10/2014,26.84384155,27.63921547,26.5455761,26.84384155,1588185
31/10/2014,26.64499855,26.84384155,26.44615555,26.64499855,553199
03/11/2014,26.5455761,26.5455761,25.84962463,26.5455761,78453
04/11/2014,26.44615555,26.5455761,25.94904709,26.44615555,139808
05/11/2014,26.24731255,26.24731255,26.24731255,26.24731255,2011
06/11/2014,26.14789009,26.64499855,26.14789009,26.14789009,153890
07/11/2014,26.24731255,26.24731255,26.24731255,26.24731255,40232
10/11/2014,26.24731255,26.24731255,25.94904709,26.24731255,76442
11/11/2014,26.34673309,26.5455761,25.94904709,26.34673309,867014
12/11/2014,26.34673309,26.64499855,25.84962463,26.34673309,2241966
13/11/2014,26.24731255,26.7444191,26.14789009,26.24731255,27157
14/11/2014,29.2299614,30.62186432,26.24731255,29.2299614,31913575
17/11/2014,29.2299614,32.01376724,27.83805847,31.21839333,20523701
18/11/2014,32.90856171,36.78600693,29.72706985,32.90856171,30208715
19/11/2014,32.31203079,34.79757309,31.71550179,32.31203079,22335178
20/11/2014,32.21260834,33.70393372,31.81492424,32.21260834,6474445
21/11/2014,29.72706985,31.91434479,29.13053894,29.72706985,18551293
24/11/2014,31.31781578,32.31203079,29.72706985,31.31781578,7313297
25/11/2014,30.82070732,32.01376724,30.32359886,30.82070732,4512096
26/11/2014,29.6276474,30.82070732,29.6276474,29.6276474,4522154
27/11/2014,29.8264904,30.82070732,29.32938385,29.8264904,3681291
28/11/2014,30.52244186,30.92012978,29.72706985,30.52244186,7765915
01/12/2014,30.52244186,30.92012978,30.32359886,30.32359886,1766215
02/12/2014,30.12475586,30.52244186,30.0253334,30.52244186,1942233
03/12/2014,30.32359886,30.32359886,29.32938385,29.72706985,8015357
04/12/2014,29.52822685,30.92012978,29.4288044,30.82070732,9645787
05/12/2014,30.82070732,30.82070732,30.62186432,30.72128677,1565051
08/12/2014,30.52244186,30.52244186,30.42302132,30.42302132,167971
09/12/2014,30.72128677,31.81492424,30.32359886,30.42302132,6771161
10/12/2014,30.32359886,30.82070732,30.32359886,30.72128677,1681726
11/12/2014,30.72128677,31.11897278,30.72128677,31.11897278,1006823
12/12/2014,31.11897278,31.41723633,30.82070732,31.11897278,2784102
15/12/2014,30.82070732,31.21839333,30.32359886,30.32359886,2316397
16/12/2014,30.82070732,30.82070732,29.72706985,29.92591286,1732017
17/12/2014,30.32359886,30.52244186,29.52822685,30.52244186,7942938
18/12/2014,30.52244186,30.62186432,29.8264904,29.8264904,4156036
19/12/2014,30.32359886,30.32359886,29.52822685,29.72706985,5095470
22/12/2014,29.8264904,30.0253334,29.52822685,29.52822685,9432554
23/12/2014,29.8264904,29.8264904,29.13053894,29.72706985,1155684
24/12/2014,29.72706985,30.12475586,29.32938385,29.32938385,4317973
29/12/2014,28.83227539,29.8264904,28.83227539,29.6276474,829799
30/12/2014,29.8264904,30.12475586,29.8264904,30.12475586,2741857
02/01/2015,29.4288044,30.12475586,29.4288044,29.52822685,300739
05/01/2015,30.12475586,30.12475586,29.03111839,29.03111839,1867802
06/01/2015,29.6276474,29.6276474,28.93169594,29.52822685,133773
07/01/2015,29.52822685,29.52822685,28.83227539,29.32938385,1329690
08/01/2015,28.93169594,29.32938385,28.83227539,29.32938385,292692
09/01/2015,29.32938385,30.0253334,29.32938385,29.8264904,3378540
12/01/2015,29.8264904,29.8264904,29.32938385,29.32938385,170988
13/01/2015,29.2299614,29.8264904,29.2299614,29.72706985,366117
14/01/2015,29.8264904,29.8264904,28.83227539,28.83227539,4122844
15/01/2015,29.32938385,29.8264904,28.53400993,29.32938385,2372722
16/01/2015,29.8264904,29.8264904,29.03111839,29.6276474,205186
19/01/2015,29.72706985,29.72706985,28.83227539,29.52822685,799624
20/01/2015,28.83227539,28.93169594,28.73285294,28.83227539,1423231
21/01/2015,28.53400993,29.32938385,28.53400993,29.32938385,1105393
22/01/2015,28.83227539,29.32938385,28.33516693,28.73285294,3115016
23/01/2015,27.83805847,28.93169594,27.83805847,28.33516693,1387022
26/01/2015,28.33516693,28.33516693,28.03690147,28.03690147,1589191
27/01/2015,28.03690147,28.13632393,27.93748093,28.03690147,1558010
28/01/2015,28.33516693,30.82070732,28.33516693,30.22417831,17444894
29/01/2015,30.32359886,30.62186432,29.2299614,30.52244186,22156142
30/01/2015,30.62186432,30.62186432,29.92591286,30.52244186,6794295
02/02/2015,30.42302132,30.42302132,30.0253334,30.42302132,468710
03/02/2015,30.42302132,30.42302132,30.12475586,30.12475586,3043603
04/02/2015,30.12475586,30.32359886,29.32938385,29.52822685,2673462
05/02/2015,29.8264904,29.8264904,28.83227539,28.83227539,5976566
06/02/2015,29.32938385,30.82070732,28.63343048,30.52244186,6204886
09/02/2015,29.8264904,30.52244186,29.8264904,29.92591286,816723
10/02/2015,29.6276474,30.32359886,29.52822685,30.32359886,1466481
11/02/2015,30.32359886,30.32359886,29.2299614,29.2299614,353041
12/02/2015,29.2299614,29.8264904,29.03111839,29.8264904,186076
13/02/2015,29.52822685,29.52822685,29.4288044,29.4288044,724188
16/02/2015,29.32938385,30.42302132,29.32938385,29.8264904,1952291
17/02/2015,29.8264904,29.8264904,29.8264904,29.8264904,25145
18/02/2015,29.4288044,29.52822685,29.4288044,29.52822685,1066166
20/02/2015,29.52822685,29.52822685,29.4288044,29.4288044,363100
23/02/2015,29.4288044,30.32359886,28.83227539,29.2299614,3917658
24/02/2015,29.2299614,29.2299614,28.73285294,29.2299614,3868373
25/02/2015,28.73285294,28.93169594,28.73285294,28.73285294,1305550
26/02/2015,28.83227539,29.32938385,28.63343048,29.32938385,840863
27/02/2015,28.93169594,29.32938385,28.83227539,29.32938385,28162
02/03/2015,29.32938385,29.32938385,28.93169594,29.32938385,394280
03/03/2015,28.93169594,29.2299614,28.53400993,29.2299614,1541917
04/03/2015,28.83227539,28.83227539,28.73285294,28.73285294,300739
05/03/2015,28.53400993,28.73285294,28.53400993,28.53400993,121703
06/03/2015,29.32938385,29.32938385,28.33516693,28.53400993,8103869
09/03/2015,28.33516693,28.73285294,28.33516693,28.73285294,394280
10/03/2015,28.83227539,28.83227539,28.53400993,28.63343048,608519
11/03/2015,28.23574448,28.83227539,28.13632393,28.73285294,986706
12/03/2015,28.33516693,28.73285294,28.33516693,28.73285294,279617
13/03/2015,28.73285294,28.83227539,28.73285294,28.73285294,125727
16/03/2015,28.33516693,28.83227539,28.33516693,28.63343048,1086282
17/03/2015,28.53400993,28.53400993,27.34095001,27.53979301,11403956
18/03/2015,27.34095001,27.83805847,27.04268456,27.44037247,1727994
19/03/2015,27.53979301,27.83805847,27.24152756,27.34095001,1655575
20/03/2015,27.34095001,27.34095001,27.14210701,27.34095001,682949
23/03/2015,27.53979301,28.33516693,27.53979301,27.73863792,4565404
24/03/2015,28.03690147,28.03690147,27.44037247,27.44037247,622600
25/03/2015,27.24152756,28.33516693,26.9432621,27.93748093,5823681
26/03/2015,27.34095001,27.73863792,27.34095001,27.34095001,816723
27/03/2015,27.83805847,27.93748093,27.73863792,27.83805847,304762
30/03/2015,27.34095001,27.83805847,27.34095001,27.83805847,151878
31/03/2015,27.34095001,27.83805847,27.34095001,27.83805847,1565051
01/04/2015,28.13632393,28.33516693,27.83805847,28.33516693,4151007
02/04/2015,28.33516693,28.43458748,28.33516693,28.33516693,646740
06/04/2015,28.03690147,28.03690147,27.93748093,27.93748093,374164
07/04/2015,27.83805847,28.43458748,27.83805847,28.43458748,452617
08/04/2015,27.83805847,27.83805847,27.83805847,27.83805847,197140
09/04/2015,27.83805847,27.83805847,27.63921547,27.63921547,90523
10/04/2015,27.44037247,28.33516693,27.34095001,27.44037247,2235931
13/04/2015,27.83805847,27.83805847,27.24152756,27.83805847,189093
14/04/2015,28.03690147,28.23574448,27.24152756,27.24152756,1056108
15/04/2015,27.34095001,27.34095001,27.34095001,27.34095001,176018
16/04/2015,26.9432621,27.34095001,26.5455761,26.5455761,2478333
17/04/2015,26.84384155,26.84384155,26.34673309,26.34673309,616565
20/04/2015,26.14789009,26.84384155,26.14789009,26.84384155,2011
21/04/2015,26.34673309,26.84384155,26.34673309,26.84384155,10058
22/04/2015,26.14789009,27.63921547,26.14789009,27.63921547,605501
23/04/2015,27.44037247,28.83227539,26.84384155,27.93748093,4233484
24/04/2015,27.93748093,27.93748093,27.34095001,27.63921547,227314
27/04/2015,27.34095001,27.34095001,26.34673309,26.44615555,2915864
28/04/2015,26.04846954,26.34673309,25.45193863,26.34673309,756374
29/04/2015,25.94904709,26.24731255,25.45193863,26.14789009,483798
30/04/2015,26.34673309,26.5455761,25.55136108,26.5455761,121703
04/05/2015,25.84962463,26.24731255,25.35251617,26.24731255,477763
05/05/2015,26.24731255,26.24731255,26.24731255,26.24731255,0
06/05/2015,25.55136108,26.14789009,25.35251617,25.94904709,1951285
07/05/2015,25.94904709,26.14789009,25.35251617,26.14789009,432501
08/05/2015,25.84962463,25.84962463,25.65078163,25.75020409,1539906
11/05/2015,25.94904709,26.04846954,25.84962463,25.94904709,366117
12/05/2015,26.24731255,26.24731255,25.94904709,26.04846954,925351
13/05/2015,25.94904709,26.14789009,25.94904709,26.04846954,830805
15/05/2015,26.04846954,26.04846954,25.84962463,25.84962463,24139
18/05/2015,25.65078163,25.94904709,25.65078163,25.75020409,349018
19/05/2015,25.75020409,25.84962463,25.55136108,25.55136108,810688
20/05/2015,25.35251617,25.45193863,24.75598717,24.85540962,17802965
21/05/2015,25.15367317,25.35251617,25.05425262,25.35251617,6370846
22/05/2015,25.35251617,25.35251617,25.05425262,25.35251617,207198
25/05/2015,25.35251617,25.35251617,25.35251617,25.35251617,0
26/05/2015,25.65078163,26.24731255,25.55136108,25.84962463,15154648
27/05/2015,26.24731255,28.43458748,26.24731255,27.63921547,17705401
28/05/2015,27.63921547,28.43458748,27.14210701,28.23574448,10957373
29/05/2015,28.33516693,28.83227539,27.53979301,27.53979301,7036697
01/06/2015,27.83805847,27.83805847,27.34095001,27.34095001,784537
03/06/2015,26.9432621,26.9432621,26.64499855,26.64499855,2528624
04/06/2015,26.9432621,26.9432621,26.5455761,26.5455761,1781302
05/06/2015,26.5455761,26.5455761,25.84962463,25.84962463,2715706
08/06/2015,25.84962463,25.84962463,25.55136108,25.55136108,3746669
09/06/2015,25.55136108,25.55136108,24.95483017,24.95483017,2861550
10/06/2015,24.95483017,26.14789009,24.95483017,24.95483017,4305903
11/06/2015,25.15367317,25.84962463,25.15367317,25.15367317,2163512
12/06/2015,25.15367317,25.65078163,24.75598717,24.95483017,7303239
15/06/2015,24.95483017,24.95483017,24.25887871,24.25887871,2691566
16/06/2015,24.85540962,24.85540962,24.15945816,24.75598717,812700
17/06/2015,24.75598717,25.05425262,24.75598717,24.75598717,506931
18/06/2015,24.75598717,24.75598717,24.75598717,24.75598717,502908
19/06/2015,25.25309563,25.25309563,23.96061325,24.06003571,3868373
22/06/2015,24.75598717,25.15367317,24.35830116,24.85540962,2868590
23/06/2015,24.35830116,24.75598717,24.15945816,24.65656662,365111
24/06/2015,24.15945816,24.65656662,24.06003571,24.06003571,3427825
25/06/2015,24.55714417,24.55714417,23.8611927,24.15945816,6677620
26/06/2015,24.55714417,24.65656662,24.45772171,24.45772171,5194040
29/06/2015,24.15945816,24.25887871,23.8611927,24.25887871,779508
30/06/2015,24.06003571,24.25887871,23.8611927,24.06003571,8401591
01/07/2015,23.96061325,23.96061325,23.76177025,23.8611927,3226661
02/07/2015,23.8611927,23.8611927,23.36408424,23.36408424,3161283
03/07/2015,24.15945816,24.15945816,23.2646637,23.36408424,4426601
06/07/2015,24.25887871,24.25887871,23.8611927,23.8611927,27157
07/07/2015,23.8611927,23.8611927,23.2646637,23.2646637,1268335
08/07/2015,23.8611927,23.8611927,22.86697578,23.06582069,3666203
09/07/2015,23.06582069,23.06582069,22.36986732,22.36986732,1944244
10/07/2015,22.86697578,22.86697578,22.86697578,22.86697578,830805
13/07/2015,23.16524124,23.16524124,22.46928978,22.46928978,157913
14/07/2015,23.2646637,23.2646637,23.06582069,23.06582069,2011
15/07/2015,23.2646637,23.2646637,23.2646637,23.2646637,1005
22/07/2015,23.2646637,23.2646637,23.2646637,23.2646637,0
23/07/2015,23.16524124,23.16524124,22.76755524,22.86697578,78453
24/07/2015,23.36408424,23.36408424,22.36986732,22.86697578,328902
27/07/2015,22.36986732,23.2646637,22.36986732,23.06582069,1079241
28/07/2015,22.36986732,22.86697578,22.36986732,22.86697578,817729
29/07/2015,22.36986732,22.36986732,22.27044678,22.36986732,1860761
30/07/2015,22.36986732,22.76755524,22.27044678,22.76755524,2708665
31/07/2015,23.2646637,23.2646637,22.07160378,22.07160378,4948620
03/08/2015,23.06582069,23.06582069,22.17102432,22.27044678,988718
04/08/2015,23.06582069,23.06582069,22.17102432,22.46928978,6903929
05/08/2015,22.66813278,22.66813278,22.27044678,22.46928978,2880660
06/08/2015,22.66813278,22.76755524,22.27044678,22.56871033,770456
07/08/2015,22.56871033,22.56871033,22.17102432,22.17102432,787554
10/08/2015,22.66813278,22.66813278,21.97218132,22.07160378,1458435
11/08/2015,22.07160378,22.07160378,21.57449532,21.57449532,3130103
12/08/2015,21.37565231,21.37565231,20.67970085,20.67970085,1434295
13/08/2015,20.87854385,20.87854385,19.78490448,19.88432693,7961043
14/08/2015,19.88432693,19.88432693,19.58606148,19.88432693,1908035
18/08/2015,19.88432693,19.88432693,19.58606148,19.78490448,1379981
19/08/2015,19.58606148,19.58606148,18.89011192,18.98953247,6992441
20/08/2015,18.89011192,18.89011192,17.79647255,17.79647255,4588538
21/08/2015,18.89011192,18.89011192,17.19994354,18.69126701,138802
24/08/2015,18.29358101,18.29358101,16.80225563,17.59762955,506931
25/08/2015,17.49820709,17.49820709,15.90746212,17.29936409,482792
26/08/2015,16.70283508,16.90167809,15.90746212,16.70283508,1084271
27/08/2015,17.39878654,17.39878654,16.40456963,17.29936409,829799
28/08/2015,17.59762955,17.59762955,17.59762955,17.59762955,30174
31/08/2015,16.40456963,16.70283508,15.90746212,16.20572662,15675662
01/09/2015,16.30514717,16.30514717,15.90746212,16.20572662,7040
02/09/2015,15.70861816,15.70861816,15.70861816,15.70861816,50290
03/09/2015,15.70861816,15.70861816,15.11208916,15.50977516,365111
04/09/2015,15.41035271,15.50977516,15.0126667,15.50977516,3209562
07/09/2015,15.2115097,15.2115097,14.21729374,15.11208916,5016010
08/09/2015,15.11208916,15.11208916,14.11787224,15.11208916,590414
09/09/2015,14.41613674,14.5155592,13.91902924,14.5155592,3872396
10/09/2015,14.5155592,14.5155592,13.91902924,13.91902924,3778855
11/09/2015,13.72018623,14.21729374,13.72018623,13.91902924,2284211
14/09/2015,13.91902924,13.91902924,13.52134228,13.52134228,2583944
15/09/2015,13.52134228,13.52134228,13.22307682,13.32249928,1330696
16/09/2015,13.32249928,13.62076378,12.92481232,12.92481232,3801989
17/09/2015,12.92481232,13.02423382,12.62654781,12.62654781,8603760
18/09/2015,12.62654781,12.62654781,11.93059635,11.93059635,10604331
21/09/2015,12.03001785,12.32828331,12.03001785,12.22886086,1646522
22/09/2015,12.12943935,12.12943935,12.03001785,12.03001785,2401891
23/09/2015,12.03001785,12.03001785,11.73175335,11.73175335,11094164
25/09/2015,11.73175335,12.52712631,11.53291035,12.03001785,78736381
28/09/2015,12.22886086,12.92481232,12.22886086,12.82539082,10469551
29/09/2015,12.82539082,12.92481232,12.52712631,12.52712631,1134561
30/09/2015,11.93059635,12.82539082,11.93059635,12.52712631,9872096
01/10/2015,12.92481232,15.41035271,12.52712631,14.21729374,30791083
02/10/2015,14.21729374,15.60919666,14.21729374,15.2115097,12037621
05/10/2015,15.50977516,16.60341263,14.41613674,16.10630417,31176311
06/10/2015,16.80225563,16.80225563,15.90746212,16.30514717,3376528
07/10/2015,16.30514717,16.80225563,15.70861816,15.70861816,13851109
08/10/2015,14.9132452,15.80803967,14.21729374,14.21729374,21869484
09/10/2015,13.52134228,15.0126667,13.52134228,14.11787224,5857879
12/10/2015,14.21729374,14.21729374,13.52134228,13.52134228,7281111
13/10/2015,13.81960678,13.81960678,12.92481232,13.42192078,34461311
15/10/2015,14.21729374,14.21729374,13.02423382,13.42192078,1911052
16/10/2015,13.12365627,14.21729374,13.12365627,13.52134228,682949
19/10/2015,14.11787224,14.11787224,13.62076378,13.62076378,2162507
20/10/2015,14.01844978,14.9132452,13.52134228,13.62076378,5665768
21/10/2015,14.11787224,14.8138237,13.32249928,13.32249928,7973113
22/10/2015,13.91902924,14.41613674,13.72018623,13.81960678,8160195
23/10/2015,13.72018623,13.91902924,13.52134228,13.81960678,6240090
26/10/2015,13.91902924,13.91902924,13.52134228,13.52134228,13493038
27/10/2015,13.42192078,13.62076378,13.42192078,13.62076378,904229
28/10/2015,13.42192078,13.62076378,13.42192078,13.42192078,359076
29/10/2015,13.42192078,13.42192078,13.12365627,13.12365627,42440459
30/10/2015,13.52134228,13.52134228,12.92481232,13.12365627,2484368
02/11/2015,13.12365627,13.12365627,12.92481232,13.02423382,1165742
03/11/2015,14.01844978,14.01844978,12.82539082,12.82539082,11935027
04/11/2015,12.92481232,13.02423382,12.82539082,12.92481232,1565051
05/11/2015,12.82539082,12.82539082,12.72596931,12.72596931,72418
06/11/2015,12.72596931,13.22307682,12.72596931,13.22307682,29168
09/11/2015,12.92481232,12.92481232,12.42770386,12.42770386,6507637
10/11/2015,12.12943935,12.42770386,12.12943935,12.12943935,2012640
11/11/2015,12.12943935,12.12943935,11.93059635,11.93059635,2715706
12/11/2015,12.32828331,13.62076378,12.32828331,13.42192078,35243836
13/11/2015,13.42192078,14.21729374,13.42192078,13.52134228,67574827
16/11/2015,13.12365627,13.62076378,13.12365627,13.62076378,3019463
17/11/2015,13.81960678,13.81960678,13.32249928,13.32249928,42244
18/11/2015,13.12365627,13.22307682,13.02423382,13.22307682,872043
19/11/2015,13.72018623,13.72018623,12.92481232,13.22307682,12909664
20/11/2015,13.42192078,13.72018623,13.12365627,13.22307682,6660521
23/11/2015,13.62076378,13.72018623,13.02423382,13.52134228,1412167
24/11/2015,13.81960678,13.91902924,13.12365627,13.42192078,15225055
25/11/2015,13.12365627,13.42192078,13.02423382,13.42192078,4692137
26/11/2015,13.22307682,13.22307682,12.92481232,12.92481232,40973977
27/11/2015,12.82539082,13.22307682,12.82539082,13.22307682,407355
30/11/2015,13.12365627,13.12365627,12.62654781,12.62654781,6642417
01/12/2015,12.72596931,12.92481232,12.52712631,12.72596931,446582
02/12/2015,12.82539082,12.82539082,12.82539082,12.82539082,5029
03/12/2015,12.52712631,12.72596931,12.42770386,12.72596931,1206980
04/12/2015,12.42770386,12.62654781,12.42770386,12.62654781,231337
07/12/2015,13.02423382,13.42192078,12.52712631,12.52712631,4558363
08/12/2015,12.32828331,12.62654781,11.93059635,12.22886086,11588020
09/12/2015,12.22886086,12.22886086,12.22886086,12.22886086,0
10/12/2015,12.12943935,12.22886086,12.03001785,12.22886086,303756
11/12/2015,12.03001785,12.03001785,11.8311739,12.03001785,6159624
14/12/2015,12.03001785,12.03001785,11.8311739,11.93059635,4268688
15/12/2015,11.8311739,11.93059635,11.73175335,11.93059635,5552111
16/12/2015,12.32828331,12.32828331,11.8311739,12.32828331,26302121
17/12/2015,11.8311739,12.32828331,11.8311739,12.03001785,3682297
18/12/2015,12.32828331,12.32828331,11.93059635,12.03001785,33430348
21/12/2015,12.32828331,12.42770386,12.03001785,12.03001785,6234055
22/12/2015,12.03001785,12.22886086,11.93059635,12.22886086,8264800
23/12/2015,12.22886086,12.22886086,12.03001785,12.03001785,4577474
28/12/2015,12.22886086,12.62654781,12.12943935,12.62654781,1464469
29/12/2015,12.32828331,12.82539082,12.32828331,12.82539082,2011634
30/12/2015,12.42770386,13.32249928,12.32828331,12.92481232,8473004
04/01/2016,12.62654781,12.92481232,12.52712631,12.92481232,540123
05/01/2016,12.92481232,13.42192078,12.82539082,13.42192078,1236149
06/01/2016,13.42192078,13.42192078,13.22307682,13.32249928,1355841
07/01/2016,12.82539082,13.32249928,12.62654781,12.92481232,365111
08/01/2016,12.42770386,13.22307682,12.32828331,13.22307682,1232126
11/01/2016,13.12365627,13.22307682,12.72596931,13.22307682,194122
12/01/2016,13.22307682,13.22307682,13.02423382,13.22307682,57331
13/01/2016,13.22307682,13.91902924,12.62654781,13.91902924,7462158
14/01/2016,13.91902924,16.20572662,13.81960678,15.11208916,3268906
15/01/2016,15.11208916,15.90746212,14.9132452,15.70861816,3673244
18/01/2016,15.70861816,16.90167809,15.50977516,16.70283508,17950820
19/01/2016,16.90167809,19.98374939,16.90167809,19.88432693,16576874
20/01/2016,20.38143539,21.37565231,20.18259239,20.67970085,15419178
21/01/2016,20.67970085,21.1768074,19.88432693,20.7791214,3074783
22/01/2016,20.67970085,20.87854385,20.28201485,20.67970085,3592779
25/01/2016,20.87854385,20.87854385,18.89011192,20.38143539,4326020
26/01/2016,19.88432693,20.38143539,18.89011192,19.88432693,5972542
27/01/2016,19.88432693,20.48085785,19.88432693,20.48085785,24036015
28/01/2016,19.88432693,21.07738686,19.88432693,20.9779644,4636817
29/01/2016,20.48085785,21.07738686,20.08316994,21.07738686,5436442
01/02/2016,21.07738686,25.35251617,21.07738686,24.95483017,30845398
02/02/2016,25.55136108,30.72128677,25.55136108,29.32938385,51700013
03/02/2016,29.4288044,33.00798416,29.03111839,30.32359886,48994364
04/02/2016,30.42302132,31.31781578,27.63921547,29.8264904,20601149
05/02/2016,30.0253334,30.22417831,28.33516693,29.6276474,3738622
09/02/2016,29.6276474,29.72706985,28.83227539,29.52822685,1978442
10/02/2016,29.4288044,30.52244186,28.83227539,30.0253334,10840698
11/02/2016,30.72128677,30.72128677,29.8264904,30.12475586,4995894
12/02/2016,30.12475586,30.22417831,29.8264904,30.12475586,6294404
15/02/2016,30.12475586,30.32359886,29.72706985,29.8264904,9877125
16/02/2016,30.12475586,30.12475586,29.4288044,29.8264904,2981242
17/02/2016,30.0253334,30.22417831,29.72706985,30.12475586,5653698
18/02/2016,30.32359886,30.62186432,29.8264904,30.12475586,2659380
19/02/2016,30.32359886,30.32359886,29.92591286,30.12475586,1512749
22/02/2016,30.32359886,32.31203079,30.0253334,31.21839333,8260777
23/02/2016,30.72128677,31.81492424,30.72128677,31.71550179,6047979
24/02/2016,31.51665878,32.31203079,31.31781578,32.21260834,7223779
25/02/2016,32.7097168,33.40567017,31.91434479,33.10740662,17565592
26/02/2016,33.30624771,35.89121246,33.10740662,35.5929451,25879678
29/02/2016,35.394104,39.27154541,35.394104,39.17212677,19825664
01/03/2016,39.17212677,39.17212677,39.17212677,39.17212677,0
02/03/2016,39.27154541,42.75130463,38.77443695,41.65766525,18176123
03/03/2016,42.75130463,43.44725418,41.75708771,42.75130463,28263465
04/03/2016,42.75130463,44.54089355,42.75130463,44.54089355,15452370
07/03/2016,44.73973846,47.02643585,44.64031601,47.02643585,14648722
08/03/2016,47.02643585,47.02643585,47.02643585,47.02643585,0
10/03/2016,47.02643585,47.02643585,47.02643585,47.02643585,0
11/03/2016,47.02643585,47.02643585,47.02643585,47.02643585,0
14/03/2016,47.02643585,47.02643585,47.02643585,47.02643585,0
15/03/2016,47.02643585,47.02643585,47.02643585,47.02643585,0
16/03/2016,47.02643585,47.02643585,47.02643585,47.02643585,0
17/03/2016,47.02643585,51.69924927,42.45303726,50.70503616,27606666
18/03/2016,51.69924927,56.1732254,51.69924927,55.67611694,43642411
21/03/2016,56.67033386,60.64719772,56.1732254,56.67033386,33377040
22/03/2016,57.66455078,57.66455078,51.20214462,54.18479156,20603160
23/03/2016,54.68190002,55.67611694,51.69924927,54.68190002,6518701
24/03/2016,52.19636154,56.1732254,52.19636154,54.18479156,68848191
28/03/2016,54.18479156,55.17900848,51.20214462,51.69924927,4505055
29/03/2016,50.70503616,52.69346619,50.70503616,50.70503616,6345701
30/03/2016,50.70503616,51.69924927,50.2079277,50.2079277,3538465
31/03/2016,50.2079277,51.20214462,46.72816849,46.72816849,9786601
01/04/2016,45.73395157,45.73395157,42.05535126,42.05535126,17897512
04/04/2016,42.05535126,42.05535126,37.87964249,37.87964249,12161336
05/04/2016,37.87964249,41.16055679,35.09583664,38.97328186,9081524
06/04/2016,39.27154541,40.66344833,39.17212677,40.66344833,4344124
07/04/2016,40.66344833,41.75708771,40.56402969,41.75708771,6316532
08/04/2016,41.75708771,42.25419617,40.06692123,41.65766525,2836404
11/04/2016,41.65766525,41.65766525,41.65766525,41.65766525,0
12/04/2016,41.25997925,41.25997925,38.77443695,40.76287079,2088076
13/04/2016,40.76287079,40.76287079,40.76287079,40.76287079,0
14/04/2016,40.76287079,40.76287079,40.76287079,40.76287079,0
15/04/2016,40.76287079,40.76287079,40.76287079,40.76287079,0
18/04/2016,40.76287079,40.76287079,40.76287079,40.76287079,0
19/04/2016,40.76287079,40.76287079,40.76287079,40.76287079,0
20/04/2016,38.77443695,39.76865387,38.17790985,39.27154541,3586744
21/04/2016,39.27154541,39.76865387,38.17790985,38.57559586,3290028
22/04/2016,38.57559586,38.77443695,38.17790985,38.17790985,3130103
25/04/2016,38.17790985,38.77443695,35.79179001,35.79179001,4643858
26/04/2016,35.79179001,36.78600693,33.80335617,35.89121246,17101910
27/04/2016,35.89121246,40.76287079,35.394104,39.76865387,15814464
28/04/2016,39.96749878,42.25419617,39.86807632,41.95593262,16058878
29/04/2016,52.19636154,52.19636154,42.15477371,51.20214462,100834186
02/05/2016,51.20214462,52.19636154,48.31891632,50.2079277,25915887
03/05/2016,49.71081924,54.18479156,49.31313324,51.69924927,37595437
04/05/2016,51.69924927,52.19636154,48.91544342,48.91544342,7155384
09/05/2016,48.91544342,49.51197433,46.72816849,46.72816849,8995023
10/05/2016,46.72816849,47.3246994,43.94436264,45.73395157,12428883
11/05/2016,49.51197433,49.51197433,44.93857956,49.51197433,9506984
12/05/2016,49.11428833,49.51197433,46.72816849,47.72238541,8824034
13/05/2016,47.72238541,48.51775742,46.72816849,48.31891632,12068801
16/05/2016,46.9270134,48.71660233,46.9270134,47.52354431,7111128
17/05/2016,47.52354431,49.51197433,46.72816849,48.91544342,4239519
18/05/2016,48.71660233,48.91544342,47.52354431,48.31891632,5209127
19/05/2016,48.31891632,49.31313324,47.12585449,48.31891632,6765126
20/05/2016,47.12585449,47.52354431,45.73395157,45.73395157,7957020
23/05/2016,46.72816849,46.72816849,45.73395157,45.73395157,7241884
24/05/2016,45.73395157,46.9270134,45.33626556,45.73395157,10398138
25/05/2016,45.73395157,46.9270134,45.73395157,46.72816849,7147337
26/05/2016,46.72816849,50.2079277,46.72816849,49.11428833,18707195
27/05/2016,48.91544342,50.2079277,48.91544342,49.31313324,20126403
30/05/2016,49.31313324,50.70503616,48.71660233,48.71660233,35620012
31/05/2016,48.71660233,48.71660233,46.52932739,47.3246994,20132438
01/06/2016,47.12585449,47.12585449,46.33048248,46.9270134,17005352
02/06/2016,47.12585449,47.3246994,46.9270134,47.12585449,9297774
03/06/2016,47.72238541,47.92123032,46.72816849,47.3246994,13138990
06/06/2016,47.12585449,47.52354431,46.9270134,46.9270134,8263794
07/06/2016,46.9270134,47.12585449,46.72816849,46.9270134,8143096
08/06/2016,46.9270134,47.52354431,46.72816849,46.9270134,11415020
09/06/2016,47.3246994,47.92123032,46.33048248,46.33048248,5355976
10/06/2016,46.72816849,46.72816849,46.33048248,46.72816849,3700401
13/06/2016,46.72816849,47.12585449,45.73395157,46.72816849,7618059
14/06/2016,46.72816849,47.52354431,46.72816849,47.52354431,6595143
15/06/2016,47.3246994,47.3246994,46.52932739,46.72816849,6754062
16/06/2016,46.72816849,47.12585449,45.73395157,46.72816849,12510355
17/06/2016,46.72816849,47.52354431,46.72816849,47.3246994,7642199
20/06/2016,47.12585449,47.52354431,47.12585449,47.52354431,6236067
21/06/2016,47.12585449,49.31313324,47.12585449,48.91544342,5170906
22/06/2016,48.91544342,48.91544342,47.72238541,48.31891632,11340589
23/06/2016,48.31891632,48.31891632,47.72238541,48.12007141,6846598
24/06/2016,47.72238541,48.51775742,46.72816849,48.51775742,10139643
27/06/2016,47.72238541,49.71081924,47.72238541,48.71660233,10526883
28/06/2016,48.91544342,48.91544342,47.52354431,47.52354431,13553387
29/06/2016,47.92123032,48.12007141,47.52354431,48.12007141,6547870
30/06/2016,47.72238541,48.12007141,47.72238541,48.12007141,4896318
01/07/2016,47.52354431,48.12007141,47.12585449,48.12007141,8932663
11/07/2016,48.12007141,49.31313324,48.12007141,49.31313324,4578480
12/07/2016,48.71660233,49.51197433,48.51775742,49.31313324,5084406
13/07/2016,49.11428833,49.71081924,48.31891632,49.11428833,9727258
14/07/2016,48.31891632,49.71081924,47.92123032,49.71081924,9588455
15/07/2016,49.71081924,50.2079277,49.31313324,49.71081924,8672156
18/07/2016,49.71081924,51.69924927,49.11428833,50.2079277,11610148
19/07/2016,50.70503616,50.70503616,49.51197433,49.71081924,7092017
20/07/2016,49.71081924,49.71081924,49.51197433,49.71081924,7373646
21/07/2016,49.71081924,51.69924927,49.71081924,50.70503616,7938915
22/07/2016,50.70503616,50.70503616,49.71081924,49.71081924,6539823
25/07/2016,49.71081924,50.70503616,49.51197433,50.2079277,8727476
26/07/2016,50.2079277,54.18479156,49.71081924,54.18479156,33344853
27/07/2016,55.67611694,59.6529808,55.67611694,58.16165924,74073412
28/07/2016,58.16165924,65.6182785,56.1732254,64.62406158,79800535
29/07/2016,64.62406158,68.1038208,62.1385231,64.12695313,27317996
01/08/2016,64.12695313,66.11538696,62.63563156,64.62406158,17435842
02/08/2016,65.12117004,66.11538696,63.13274002,63.13274002,16623141
03/08/2016,63.62984848,64.12695313,61.64141464,61.64141464,17297039
04/08/2016,63.13274002,63.13274002,60.64719772,63.13274002,13012257
05/08/2016,62.1385231,63.13274002,62.1385231,62.63563156,5432419
08/08/2016,63.13274002,74.06912231,63.13274002,72.57779694,57258159
09/08/2016,73.0749054,74.56623077,69.09803772,72.08068848,23357088
10/08/2016,71.58358002,83.51417542,70.5893631,82.02285004,103486526
11/08/2016,82.02285004,86.49682617,80.53152466,84.01128387,64581514
12/08/2016,84.01128387,92.46212006,82.02285004,90.47368622,93127614
15/08/2016,90.47368622,91.9650116,85.50260925,89.97658539,131345653
16/08/2016,89.97658539,97.93031311,88.98236847,96.43898773,273411306
18/08/2016,96.43898773,96.43898773,96.43898773,96.43898773,0
19/08/2016,96.43898773,99.42163849,93.95344543,94.45055389,140495572
22/08/2016,94.45055389,95.94187927,85.00550079,94.94766235,82355311
23/08/2016,95.44477081,95.44477081,92.95922852,94.45055389,53447117
24/08/2016,94.45055389,95.94187927,93.95344543,94.94766235,85619188
25/08/2016,94.94766235,101.9071808,94.94766235,99.91874695,248062699
26/08/2016,101.9071808,103.3985062,99.42163849,102.4042892,170222501
29/08/2016,102.9013977,103.3985062,100.9129639,101.4100723,98420225
30/08/2016,101.9071808,105.3869324,101.4100723,103.8956146,158407166
31/08/2016,104.3927231,108.3695831,103.8956146,106.8782578,201686477
01/09/2016,106.8782578,106.8782578,104.3927231,104.8898315,102524965
02/09/2016,104.8898315,107.3753662,104.3927231,105.3869324,154978335
05/09/2016,107.3753662,111.8493423,104.8898315,109.3638,289339428
06/09/2016,109.8609085,110.358017,98.42742157,98.42742157,220181445
07/09/2016,94.45055389,97.43320465,88.98236847,94.45055389,249934525
08/09/2016,94.45055389,100.4158554,93.95344543,96.43898773,164597971
09/09/2016,96.93609619,97.93031311,94.45055389,94.45055389,107752197
13/09/2016,92.46212006,94.45055389,85.00550079,85.00550079,94498543
14/09/2016,83.51417542,85.00550079,77.5488739,82.5199585,46600519
15/09/2016,83.01706696,86.99393463,82.02285004,82.5199585,205098209
16/09/2016,82.5199585,89.47947693,82.5199585,84.50839233,201710617
19/09/2016,85.00550079,90.47368622,85.00550079,87.49104309,254349057
20/09/2016,84.50839233,87.98815155,83.01706696,83.51417542,136229901
21/09/2016,84.50839233,85.00550079,82.5199585,83.01706696,166139889
22/09/2016,83.01706696,85.50260925,83.01706696,83.01706696,158479585
23/09/2016,83.51417542,85.00550079,83.01706696,83.51417542,62330495
26/09/2016,84.50839233,97.93031311,84.50839233,96.43898773,233186662
27/09/2016,96.43898773,97.93031311,91.9650116,93.95344543,286375285
28/09/2016,93.95344543,94.94766235,91.46791077,92.46212006,233386820
29/09/2016,92.95922852,96.93609619,92.46212006,95.44477081,262322171
30/09/2016,95.44477081,101.4100723,94.94766235,96.93609619,290209460
03/10/2016,97.93031311,99.42163849,96.93609619,96.93609619,228732903
04/10/2016,96.93609619,98.42742157,95.44477081,95.44477081,170682160
05/10/2016,95.44477081,95.44477081,92.46212006,92.95922852,228716810
06/10/2016,93.45633698,94.45055389,90.47368622,91.9650116,257988104
07/10/2016,91.9650116,95.94187927,91.9650116,92.95922852,177117379
10/10/2016,92.95922852,97.43320465,92.95922852,94.45055389,339017749
11/10/2016,94.45055389,96.93609619,94.45055389,95.44477081,305457650
12/10/2016,95.94187927,99.91874695,95.94187927,99.91874695,323990839
13/10/2016,100.4158554,101.4100723,98.42742157,98.42742157,277929437
14/10/2016,98.42742157,99.91874695,95.44477081,97.93031311,184513153
17/10/2016,97.93031311,105.3869324,97.43320465,104.8898315,384905144
18/10/2016,105.8840408,113.3406677,104.8898315,112.8435593,430946429
19/10/2016,114.3348846,128.7510223,113.8377762,128.7510223,558815978
20/10/2016,129.2481232,136.2076416,120.3001785,123.7799377,439898203
21/10/2016,123.7799377,131.236557,122.2886124,125.7683716,288005715
24/10/2016,125.7683716,131.236557,125.7683716,127.7568054,257413783
25/10/2016,128.2539063,129.2481232,125.7683716,125.7683716,231176033
26/10/2016,127.259697,135.2134247,126.26548,134.7163239,385648443
27/10/2016,135.7105408,146.1498108,135.2134247,144.6584778,512412598
28/10/2016,145.1555939,147.6411285,140.6816254,141.675827,342288667
31/10/2016,142.1729431,142.1729431,132.72789,141.1787262,307100150
01/11/2016,141.1787262,147.1440277,141.1787262,141.675827,447025424
02/11/2016,141.675827,143.16716,138.6931915,139.1902924,287465591
03/11/2016,139.1902924,144.161377,138.6931915,139.6874084,329085303
04/11/2016,139.6874084,143.16716,137.6989746,140.6816254,282474725
07/11/2016,140.6816254,144.161377,140.6816254,141.675827,226695118
08/11/2016,142.1729431,156.0919647,142.1729431,153.6064301,596907283
09/11/2016,154.600647,155.5948639,143.16716,152.1151123,531502004
10/11/2016,153.1093292,167.0283508,153.1093292,163.5485992,456959881
11/11/2016,159.0746155,162.0572662,156.0919647,158.5775146,314722233
14/11/2016,158.0803986,160.0688324,150.6237793,156.0919647,321834367
15/11/2016,156.0919647,162.0572662,155.5948639,155.5948639,368304130
16/11/2016,155.5948639,163.0514832,155.5948639,160.5659485,335881611
17/11/2016,161.0630493,162.5543823,154.600647,155.0977478,211874400
18/11/2016,156.0919647,157.0861816,153.1093292,156.5890808,264527928
21/11/2016,157.5832977,165.5370331,157.0861816,165.039917,374470796
22/11/2016,166.0341339,173.4907532,165.039917,168.5196686,468112383
23/11/2016,169.5138855,170.5081024,165.039917,166.53125,247639250
24/11/2016,166.53125,169.5138855,164.5428162,164.5428162,170482002
25/11/2016,164.0457001,165.039917,161.5601654,161.5601654,241996616
28/11/2016,161.5601654,163.0514832,145.6526947,157.5832977,462771493
29/11/2016,158.0803986,159.0746155,154.600647,157.0861816,300294790
30/11/2016,158.0803986,158.5775146,156.0919647,156.0919647,206824192
01/12/2016,156.0919647,158.0803986,155.5948639,156.0919647,157396320
02/12/2016,156.0919647,157.5832977,155.5948639,156.0919647,198890305
05/12/2016,156.0919647,156.5890808,146.6469116,146.6469116,307630215
06/12/2016,147.1440277,154.600647,146.6469116,152.1151123,345218612
07/12/2016,152.1151123,155.5948639,150.1266785,152.1151123,215988193
08/12/2016,152.6122131,154.1035461,148.6353455,148.6353455,233269139
09/12/2016,148.6353455,149.1324615,144.6584778,146.6469116,228891822
13/12/2016,146.6469116,146.6469116,139.1902924,141.675827,223176769
14/12/2016,141.675827,144.161377,139.1902924,143.6642609,253348269
15/12/2016,143.6642609,146.6469116,142.1729431,145.6526947,216503171
16/12/2016,145.6526947,146.6469116,143.6642609,145.6526947,235082628
19/12/2016,145.1555939,149.6295624,142.6700439,148.1382446,371053029
20/12/2016,148.1382446,148.6353455,144.6584778,144.6584778,246847672
21/12/2016,144.6584778,144.6584778,134.7163239,138.6931915,285785876
22/12/2016,138.1960754,139.1902924,128.2539063,139.1902924,201113161
23/12/2016,139.6874084,144.6584778,137.6989746,143.6642609,260417153
27/12/2016,144.161377,145.6526947,142.1729431,142.1729431,228151541
28/12/2016,143.16716,145.6526947,141.675827,142.1729431,204875924
29/12/2016,143.16716,153.1093292,142.6700439,149.1324615,361856841
30/12/2016,150.1266785,152.6122131,145.6526947,145.6526947,189971723
02/01/2017,145.6526947,145.6526947,145.6526947,145.6526947,0
03/01/2017,146.6469116,149.6295624,146.1498108,149.1324615,173529629
04/01/2017,149.1324615,153.1093292,149.1324615,152.1151123,302953165
05/01/2017,152.1151123,154.600647,151.1208954,154.600647,333735196
06/01/2017,155.0977478,161.0630493,155.0977478,161.0630493,288454309
09/01/2017,161.0630493,164.0457001,161.0630493,161.5601654,277150935
10/01/2017,161.5601654,167.5254669,159.0746155,164.0457001,260249181
11/01/2017,164.0457001,167.0283508,163.5485992,164.0457001,210495425
12/01/2017,164.0457001,167.5254669,163.0514832,165.5370331,211809022
13/01/2017,165.5370331,166.53125,163.5485992,166.0341339,187488361
16/01/2017,166.0341339,170.0110016,166.0341339,169.5138855,276160205
17/01/2017,169.5138855,171.9994354,169.5138855,170.5081024,357598211
18/01/2017,170.5081024,170.5081024,164.5428162,168.0225677,265690653
19/01/2017,168.0225677,175.479187,168.0225677,175.479187,339469361
20/01/2017,175.479187,179.4560547,172.9936523,176.97052,372022636
23/01/2017,176.97052,179.4560547,175.9763031,175.9763031,295267715
24/01/2017,175.9763031,176.97052,173.9878693,173.9878693,214644421
25/01/2017,178.4618378,178.4618378,172.9936523,178.4618378,292041053
26/01/2017,178.4618378,180.9473877,177.4676208,177.9647369,257862377
27/01/2017,178.4618378,178.4618378,175.9763031,176.97052,218452445
30/01/2017,176.97052,178.9589539,174.9820862,176.4734039,218143659
31/01/2017,179.4560547,179.4560547,176.4734039,179.4560547,326313271
01/02/2017,179.4560547,179.9531708,177.4676208,177.4676208,228383885
02/02/2017,177.4676208,178.4618378,175.9763031,175.9763031,184315007
03/02/2017,175.9763031,184.9242401,175.9763031,183.9300232,454724955
06/02/2017,184.4271393,198.3461609,184.4271393,196.8548431,533042916
07/02/2017,196.8548431,201.8259277,196.8548431,196.8548431,269819533
08/02/2017,196.8548431,196.8548431,191.8837585,193.3750916,259480737
09/02/2017,193.3750916,217.7333832,193.3750916,216.7391663,529346538
10/02/2017,216.7391663,240.6003571,215.7449493,235.6292877,615233274
13/02/2017,235.6292877,248.5540924,230.6582031,243.5830078,523024976
14/02/2017,243.5830078,245.5714417,239.6061401,240.6003571,234142189
15/02/2017,240.6003571,240.6003571,240.6003571,240.6003571,0
16/02/2017,240.6003571,242.5887909,225.6871185,236.6235046,296702011
17/02/2017,236.6235046,251.5367432,234.6350708,250.5425262,495949381
20/02/2017,252.5309601,254.5193939,244.5772247,245.5714417,241438387
21/02/2017,246.5656586,250.5425262,241.594574,243.5830078,260821491
22/02/2017,243.5830078,244.5772247,235.6292877,240.6003571,270749914
23/02/2017,241.594574,242.5887909,229.6639862,229.6639862,284407906
24/02/2017,229.6639862,241.594574,218.7276001,223.6986847,403428275
27/02/2017,223.6986847,225.6871185,210.7738647,213.7565155,367042835
28/02/2017,213.7565155,226.6813354,213.7565155,220.7160339,305841872
01/03/2017,221.7102509,225.6871185,220.7160339,222.7044678,247432052
02/03/2017,223.6986847,223.6986847,219.721817,221.7102509,223197891
03/03/2017,220.7160339,222.7044678,220.7160339,221.7102509,160050671
06/03/2017,222.7044678,237.6177216,222.7044678,234.6350708,415983892
07/03/2017,235.6292877,236.6235046,231.65242,233.6408539,233227901
08/03/2017,233.6408539,243.5830078,232.646637,243.5830078,383919443
09/03/2017,244.5772247,246.5656586,241.594574,244.5772247,258575502
10/03/2017,245.5714417,250.5425262,245.5714417,248.5540924,339128389
13/03/2017,248.5540924,270.4268494,248.5540924,263.4673462,598152485
14/03/2017,263.4673462,270.4268494,257.5020447,265.45578,474892597
15/03/2017,265.45578,268.4384155,263.4673462,266.4499817,223846643
16/03/2017,267.4442139,268.4384155,259.4904785,262.473114,235136942
17/03/2017,262.473114,263.4673462,253.525177,256.5078125,252006509
20/03/2017,256.5078125,262.473114,255.5136108,262.473114,258816898
21/03/2017,262.473114,275.3979492,261.4789124,271.4210815,432607033
22/03/2017,271.4210815,275.3979492,267.4442139,273.4095154,209531852
23/03/2017,275.3979492,279.3748169,272.4152832,277.3863831,258424629
24/03/2017,277.3863831,294.2880554,276.3921509,294.2880554,418521569
27/03/2017,298.2649231,307.2128601,295.2822571,298.2649231,440673688
29/03/2017,298.2649231,304.2302246,292.2996216,296.2764893,358452150
30/03/2017,289.3169556,296.2764893,289.3169556,289.3169556,253950754
31/03/2017,289.3169556,292.2996216,285.3400879,288.3227539,185376144
03/04/2017,288.3227539,313.1781616,288.3227539,311.1897278,444212153
04/04/2017,311.1897278,331.0740662,304.2302246,325.1087646,390752966
05/04/2017,325.1087646,325.1087646,325.1087646,325.1087646,0
06/04/2017,341.0162048,341.0162048,330.079834,338.0335693,244538316
07/04/2017,338.0335693,341.0162048,331.0740662,337.0393677,132422883
10/04/2017,337.0393677,350.958374,333.0625,349.9641724,313161204
11/04/2017,349.9641724,367.8600464,348.9699402,364.8774109,299450909
12/04/2017,365.8716431,370.8427124,358.9121094,362.8889771,219399925
13/04/2017,362.8889771,362.8889771,354.9352417,357.9179077,209865783
17/04/2017,357.9179077,357.9179077,349.9641724,350.958374,206080893
18/04/2017,350.958374,354.9352417,336.0451355,338.0335693,248462009
19/04/2017,338.0335693,338.0335693,338.0335693,338.0335693,0
20/04/2017,338.0335693,338.0335693,315.1665955,330.079834,315856795
21/04/2017,330.079834,333.0625,318.149231,324.1145325,205442199
25/04/2017,324.1145325,341.0162048,321.131897,336.0451355,277913344
26/04/2017,336.0451355,342.010437,325.1087646,325.1087646,215791053
27/04/2017,325.1087646,325.1087646,308.2070923,310.1955261,310482713
28/04/2017,310.1955261,314.1723633,303.2359924,313.1781616,269955318
02/05/2017,313.1781616,314.1723633,309.2012939,311.1897278,152313925
03/05/2017,314.1723633,327.0971985,311.1897278,313.1781616,285303084
04/05/2017,315.1665955,316.1607971,311.1897278,312.1839294,194677942
05/05/2017,315.1665955,317.1550293,310.1955261,311.1897278,223484549
08/05/2017,318.149231,341.0162048,311.1897278,339.027771,413264162
09/05/2017,338.0335693,349.9641724,336.0451355,340.0220032,316423070
10/05/2017,340.0220032,343.0046387,320.1376648,320.1376648,381352597
12/05/2017,320.1376648,324.1145325,292.2996216,304.2302246,392485989
15/05/2017,304.2302246,308.2070923,294.2880554,304.2302246,219290291
16/05/2017,304.2302246,314.1723633,296.2764893,314.1723633,206355481
17/05/2017,314.1723633,318.149231,303.2359924,305.2244263,139521941
18/05/2017,304.2302246,304.2302246,297.2706909,297.2706909,220990122
19/05/2017,297.2706909,320.1376648,297.2706909,318.149231,331340346
22/05/2017,323.1203308,328.0914001,314.1723633,316.1607971,315854783
23/05/2017,316.1607971,318.149231,304.2302246,308.2070923,321541674
24/05/2017,308.2070923,312.1839294,307.2128601,310.1955261,251244099
26/05/2017,309.2012939,315.1665955,309.2012939,312.1839294,173526611
29/05/2017,313.1781616,316.1607971,312.1839294,313.1781616,122239989
30/05/2017,314.1723633,315.1665955,305.2244263,308.2070923,110379392
31/05/2017,308.2070923,326.1029663,307.2128601,321.131897,318367315
01/06/2017,321.131897,321.131897,321.131897,321.131897,0
02/06/2017,322.1260986,332.0682678,321.131897,327.0971985,280753772
05/06/2017,328.0914001,332.0682678,327.0971985,331.0740662,179479038
06/06/2017,331.0740662,332.0682678,327.0971985,328.0914001,130320725
07/06/2017,328.0914001,329.0856323,323.1203308,328.0914001,216873312
08/06/2017,328.0914001,328.0914001,315.1665955,323.1203308,210709664
09/06/2017,322.1260986,328.0914001,320.1376648,326.1029663,207314025
12/06/2017,327.0971985,328.0914001,324.1145325,325.1087646,177438235
13/06/2017,325.1087646,326.1029663,321.131897,322.1260986,101025291
14/06/2017,322.1260986,330.079834,321.131897,325.1087646,273938354
15/06/2017,325.1087646,327.0971985,322.1260986,322.1260986,173147418
16/06/2017,322.1260986,323.1203308,308.2070923,311.1897278,175000133
19/06/2017,311.1897278,314.1723633,299.2591248,303.2359924,153639592
20/06/2017,303.2359924,308.2070923,298.2649231,298.2649231,189623711
21/06/2017,298.2649231,298.2649231,273.4095154,280.3690186,371827508
22/06/2017,284.3458862,293.2938232,281.3632507,291.3053894,252519476
23/06/2017,291.3053894,291.3053894,291.3053894,291.3053894,0
26/06/2017,291.3053894,291.3053894,291.3053894,291.3053894,0
27/06/2017,291.3053894,291.3053894,291.3053894,291.3053894,0
28/06/2017,291.3053894,291.3053894,291.3053894,291.3053894,0
29/06/2017,291.3053894,291.3053894,291.3053894,291.3053894,0
30/06/2017,291.3053894,291.3053894,291.3053894,291.3053894,0
03/07/2017,292.2996216,298.2649231,289.3169556,296.2764893,206153312
04/07/2017,296.2764893,297.2706909,294.2880554,295.2822571,131493508
05/07/2017,296.2764893,296.2764893,290.3111877,292.2996216,154167646
06/07/2017,292.2996216,301.2475586,292.2996216,298.2649231,182078070
07/07/2017,298.2649231,300.2533569,295.2822571,296.2764893,125337906
10/07/2017,296.2764893,296.2764893,296.2764893,296.2764893,0
11/07/2017,297.2706909,301.2475586,294.2880554,295.2822571,158446393
12/07/2017,296.2764893,296.2764893,288.3227539,296.2764893,207254681
13/07/2017,296.2764893,300.2533569,295.2822571,295.2822571,114863325
14/07/2017,295.2822571,300.2533569,295.2822571,298.2649231,146430397
17/07/2017,298.2649231,313.1781616,297.2706909,310.1955261,224619614
18/07/2017,311.1897278,323.1203308,309.2012939,322.1260986,237941663
19/07/2017,323.1203308,327.0971985,318.149231,322.1260986,204296070
20/07/2017,322.1260986,323.1203308,317.1550293,317.1550293,97068909
21/07/2017,317.1550293,318.149231,306.2186584,306.2186584,111678908
24/07/2017,306.2186584,309.2012939,304.2302246,308.2070923,93979038
25/07/2017,309.2012939,317.1550293,307.2128601,317.1550293,156560486
26/07/2017,318.149231,332.0682678,317.1550293,328.0914001,216027420
27/07/2017,328.0914001,331.0740662,328.0914001,328.0914001,98510245
28/07/2017,328.0914001,338.0335693,327.0971985,337.0393677,175944596
31/07/2017,343.9988708,343.9988708,331.0740662,331.0740662,177036411
01/08/2017,333.0625,347.9757385,331.0740662,345.9873047,285775315
02/08/2017,353.94104,353.94104,343.9988708,353.94104,169601912
03/08/2017,354.9352417,373.8253479,353.94104,370.8427124,362401491
04/08/2017,372.8311462,377.8022156,364.8774109,366.8658447,155123173
07/08/2017,367.8600464,369.8484802,355.9294739,359.9063416,128022432
08/08/2017,360.9005432,364.8774109,358.9121094,358.9121094,146668776
09/08/2017,358.9121094,372.8311462,358.9121094,367.8600464,229759340
10/08/2017,369.8484802,370.8427124,359.9063416,361.8947754,89729963
11/08/2017,361.8947754,361.8947754,348.9699402,351.9526062,121408681
14/08/2017,352.9468079,353.94104,346.9815063,351.9526062,122955125
15/08/2017,352.9468079,368.8542786,352.9468079,365.8716431,205423088
16/08/2017,366.8658447,375.8137817,366.8658447,369.8484802,216497639
17/08/2017,369.8484802,369.8484802,369.8484802,369.8484802,0
18/08/2017,368.8542786,371.8369141,367.8600464,368.8542786,86950890
21/08/2017,369.8484802,380.7848816,369.8484802,379.7906494,139025570
22/08/2017,381.7790833,393.7096863,381.7790833,393.7096863,255005856
23/08/2017,395.6981201,396.6923218,379.7906494,379.7906494,184074617
24/08/2017,380.7848816,386.7501831,380.7848816,383.7675171,118379662
25/08/2017,383.7675171,392.7154846,379.7906494,387.7443848,186184821
28/08/2017,387.7443848,394.7038879,386.7501831,391.7212524,144531917
29/08/2017,391.7212524,392.7154846,377.8022156,379.7906494,222358033
30/08/2017,379.7906494,393.7096863,371.8369141,391.7212524,253679183
31/08/2017,391.7212524,401.6634216,388.7386169,392.7154846,212539245
01/09/2017,392.7154846,392.7154846,392.7154846,392.7154846,0
04/09/2017,392.7154846,403.6518555,390.7270508,399.6749878,224387270
05/09/2017,401.6634216,411.6055908,391.7212524,409.617157,200457871
06/09/2017,411.6055908,413.5940247,405.6402893,409.617157,117951687
07/09/2017,411.6055908,429.5014648,409.617157,425.5245972,255577160
08/09/2017,427.513031,433.4783325,419.5593262,429.5014648,179463950
11/09/2017,429.5014648,431.4898987,415.5824585,417.5708923,164498898
12/09/2017,417.5708923,425.5245972,417.5708923,423.5361633,157026682
13/09/2017,423.5361633,431.4898987,407.6287231,411.6055908,180884164
14/09/2017,411.6055908,419.5593262,403.6518555,411.6055908,133721393
15/09/2017,413.5940247,439.443634,411.6055908,439.443634,364201401
18/09/2017,433.4783325,457.3395386,433.4783325,455.3511047,223290929
19/09/2017,457.3395386,457.3395386,445.4089355,451.3742371,131964230
20/09/2017,451.3742371,453.3626709,445.4089355,449.3858032,235470873
21/09/2017,449.3858032,449.3858032,449.3858032,449.3858032,0
22/09/2017,445.4089355,447.3973694,437.4552002,443.4205017,184223981
25/09/2017,445.4089355,451.3742371,433.4783325,439.443634,185198115
26/09/2017,441.4320679,441.4320679,423.5361633,437.4552002,197822630
27/09/2017,437.4552002,439.443634,419.5593262,421.54776,153370033
28/09/2017,423.5361633,427.513031,395.6981201,407.6287231,248166802
29/09/2017,409.617157,411.6055908,395.6981201,396.6923218,171341976
02/10/2017,394.7038879,413.5940247,382.7733154,397.686554,234122072
03/10/2017,397.686554,401.6634216,386.7501831,391.7212524,215863471
04/10/2017,393.7096863,403.6518555,391.7212524,397.686554,151160253
05/10/2017,399.6749878,401.6634216,391.7212524,392.7154846,128537914
06/10/2017,395.6981201,396.6923218,387.7443848,390.7270508,105394561
09/10/2017,391.7212524,393.7096863,382.7733154,386.7501831,129225893
10/10/2017,387.7443848,389.7328186,372.8311462,375.8137817,228061520
11/10/2017,375.8137817,375.8137817,361.8947754,365.8716431,187428514
12/10/2017,365.8716431,394.7038879,365.8716431,389.7328186,216532340
13/10/2017,392.7154846,396.6923218,375.8137817,386.7501831,220223186
16/10/2017,386.7501831,393.7096863,385.7559509,390.7270508,147432191
17/10/2017,390.7270508,392.7154846,376.8080139,378.7964478,184050477
18/10/2017,378.7964478,384.7617493,376.8080139,383.7675171,138222425
19/10/2017,383.7675171,386.7501831,370.8427124,377.8022156,316892786
20/10/2017,378.7964478,388.7386169,378.7964478,386.7501831,159489928
23/10/2017,387.7443848,403.6518555,385.7559509,396.6923218,237180260
24/10/2017,397.686554,403.6518555,393.7096863,394.7038879,151759720
25/10/2017,394.7038879,395.6981201,391.7212524,393.7096863,153234751
26/10/2017,393.7096863,403.6518555,392.7154846,393.7096863,203187659
27/10/2017,393.7096863,399.6749878,393.7096863,396.6923218,119913534
30/10/2017,397.686554,409.617157,396.6923218,405.6402893,198230992
31/10/2017,407.6287231,411.6055908,401.6634216,401.6634216,139515403
01/11/2017,401.6634216,409.617157,397.686554,407.6287231,142940714
02/11/2017,409.617157,413.5940247,405.6402893,405.6402893,134222793
03/11/2017,407.6287231,413.5940247,401.6634216,409.617157,124380368
06/11/2017,413.5940247,417.5708923,407.6287231,411.6055908,165047069
07/11/2017,411.6055908,413.5940247,403.6518555,405.6402893,133555936
08/11/2017,405.6402893,407.6287231,393.7096863,399.6749878,225772280
09/11/2017,399.6749878,407.6287231,399.6749878,405.6402893,142517768
10/11/2017,405.6402893,407.6287231,399.6749878,401.6634216,118282098
13/11/2017,401.6634216,413.5940247,401.6634216,411.6055908,194986728
14/11/2017,411.6055908,423.5361633,409.617157,417.5708923,140760605
15/11/2017,417.5708923,427.513031,417.5708923,427.513031,166252541
16/11/2017,427.513031,433.4783325,427.513031,431.4898987,111054295
17/11/2017,431.4898987,435.4667664,429.5014648,433.4783325,96776216
20/11/2017,433.4783325,435.4667664,427.513031,429.5014648,123414784
21/11/2017,429.5014648,429.5014648,417.5708923,421.54776,176112064
22/11/2017,423.5361633,435.4667664,421.54776,435.4667664,121396611
23/11/2017,435.4667664,441.4320679,433.4783325,437.4552002,155706044
24/11/2017,437.4552002,441.4320679,431.4898987,441.4320679,138399449
27/11/2017,441.4320679,445.4089355,431.4898987,437.4552002,151308611
28/11/2017,437.4552002,441.4320679,431.4898987,441.4320679,110437226
29/11/2017,441.4320679,455.3511047,437.4552002,451.3742371,188951322
30/11/2017,451.3742371,455.3511047,447.3973694,451.3742371,131950652
01/12/2017,451.3742371,451.3742371,451.3742371,451.3742371,0
04/12/2017,451.3742371,453.3626709,445.4089355,451.3742371,133397017
05/12/2017,451.3742371,461.3164063,443.4205017,459.3279724,189254073
06/12/2017,461.3164063,473.2470093,459.3279724,473.2470093,145263649
07/12/2017,475.2354431,487.1660156,475.2354431,485.1775818,166448172
08/12/2017,487.1660156,487.1660156,469.2701416,475.2354431,153580752
11/12/2017,473.2470093,475.2354431,463.3048401,463.3048401,102303685
12/12/2017,461.3164063,481.2007141,461.3164063,479.2122803,152260114
13/12/2017,479.2122803,485.1775818,471.2585754,481.2007141,145416533
14/12/2017,481.2007141,485.1775818,477.223877,479.2122803,131845544
15/12/2017,481.2007141,483.1891479,475.2354431,475.2354431,108891788
18/12/2017,477.223877,481.2007141,465.2932739,467.2817078,203291259
19/12/2017,467.2817078,471.2585754,449.3858032,463.3048401,166277183
20/12/2017,463.3048401,463.3048401,439.443634,445.4089355,112401084
21/12/2017,445.4089355,459.3279724,439.443634,453.3626709,139763337
22/12/2017,453.3626709,457.3395386,451.3742371,451.3742371,94278269
25/12/2017,451.3742371,451.3742371,451.3742371,451.3742371,0
26/12/2017,451.3742371,451.3742371,451.3742371,451.3742371,0
27/12/2017,451.3742371,463.3048401,449.3858032,459.3279724,132550622
28/12/2017,459.3279724,463.3048401,445.4089355,449.3858032,126146583
29/12/2017,449.3858032,455.3511047,439.443634,449.3858032,142732510
01/01/2018,449.3858032,449.3858032,449.3858032,449.3858032,0
02/01/2018,451.3742371,451.3742371,437.4552002,447.3973694,111453605
03/01/2018,447.3973694,447.3973694,421.54776,425.5245972,133810911
04/01/2018,425.5245972,427.513031,403.6518555,407.6287231,208104094
05/01/2018,407.6287231,419.5593262,407.6287231,417.5708923,157346029
08/01/2018,417.5708923,423.5361633,409.617157,415.5824585,166286236
09/01/2018,419.5593262,433.4783325,417.5708923,423.5361633,194215266
10/01/2018,425.5245972,433.4783325,423.5361633,425.5245972,132856390
11/01/2018,427.513031,429.5014648,415.5824585,417.5708923,162367572
12/01/2018,419.5593262,423.5361633,417.5708923,419.5593262,82346259
15/01/2018,421.54776,443.4205017,419.5593262,437.4552002,190749220
16/01/2018,439.443634,449.3858032,439.443634,447.3973694,141402819
17/01/2018,449.3858032,451.3742371,437.4552002,439.443634,101798262
18/01/2018,441.4320679,443.4205017,437.4552002,439.443634,87258167
19/01/2018,439.443634,441.4320679,431.4898987,435.4667664,77423286
22/01/2018,435.4667664,437.4552002,427.513031,427.513031,95597901
23/01/2018,429.5014648,441.4320679,425.5245972,441.4320679,127641228
24/01/2018,441.4320679,445.4089355,437.4552002,437.4552002,87771637
25/01/2018,439.443634,459.3279724,433.4783325,459.3279724,181640539
26/01/2018,463.3048401,479.2122803,461.3164063,475.2354431,236260943
29/01/2018,477.223877,501.0850525,475.2354431,501.0850525,262180351
30/01/2018,503.0734863,507.050354,485.1775818,497.1081848,157123743
31/01/2018,497.1081848,530.9115601,489.1544495,524.946228,258032863
01/02/2018,526.9346924,536.8768311,520.9693604,536.8768311,145574447
02/02/2018,538.8652954,540.8536987,511.0272217,516.9924927,240820312
05/02/2018,505.0619202,513.015625,499.0966187,505.0619202,92973724
06/02/2018,487.1660156,489.1544495,459.3279724,481.2007141,214274280
07/02/2018,491.1428833,497.1081848,477.223877,477.223877,112740548
08/02/2018,475.2354431,493.1313171,475.2354431,479.2122803,123577223
09/02/2018,461.3164063,471.2585754,461.3164063,465.2932739,117745495
12/02/2018,471.2585754,473.2470093,461.3164063,467.2817078,89722923
13/02/2018,471.2585754,481.2007141,467.2817078,471.2585754,106749397
14/02/2018,473.2470093,493.1313171,471.2585754,493.1313171,139178957
15/02/2018,497.1081848,503.0734863,489.1544495,495.119751,125895632
16/02/2018,495.119751,495.119751,495.119751,495.119751,0
19/02/2018,497.1081848,501.0850525,493.1313171,501.0850525,97796618
20/02/2018,501.0850525,503.0734863,493.1313171,495.119751,93884492
21/02/2018,495.119751,505.0619202,491.1428833,505.0619202,112308046
22/02/2018,505.0619202,515.0040894,503.0734863,509.0387878,128186884
23/02/2018,511.0272217,520.9693604,511.0272217,520.9693604,145599592
26/02/2018,522.9578247,528.9230957,520.9693604,526.9346924,148892638
27/02/2018,526.9346924,534.8884277,522.9578247,522.9578247,129542725
28/02/2018,522.9578247,526.9346924,518.980957,520.9693604,116300638
01/03/2018,520.9693604,530.9115601,511.0272217,511.0272217,190254861
02/03/2018,509.0387878,518.980957,501.0850525,518.980957,157515509
05/03/2018,516.9924927,526.9346924,513.015625,516.9924927,142678699
06/03/2018,516.9924927,520.9693604,497.1081848,499.0966187,160819619
07/03/2018,499.0966187,501.0850525,471.2585754,489.1544495,175812834
08/03/2018,489.1544495,489.1544495,479.2122803,487.1660156,104287660
09/03/2018,489.1544495,509.0387878,489.1544495,503.0734863,146800538
12/03/2018,505.0619202,509.0387878,495.119751,509.0387878,111363081
13/03/2018,509.0387878,518.980957,503.0734863,509.0387878,165344288
14/03/2018,509.0387878,511.0272217,495.119751,495.119751,108723314
15/03/2018,493.1313171,503.0734863,483.1891479,497.1081848,129656383
16/03/2018,499.0966187,499.0966187,491.1428833,493.1313171,514179316
19/03/2018,491.1428833,491.1428833,485.1775818,485.1775818,94118847
20/03/2018,487.1660156,487.1660156,471.2585754,473.2470093,70966945
21/03/2018,473.2470093,481.2007141,471.2585754,475.2354431,89809423
22/03/2018,475.2354431,503.0734863,475.2354431,491.1428833,126008283
23/03/2018,483.1891479,487.1660156,471.2585754,481.2007141,92467295
26/03/2018,477.223877,481.2007141,473.2470093,475.2354431,87603666
27/03/2018,479.2122803,481.2007141,463.3048401,465.2932739,128262320
28/03/2018,463.3048401,475.2354431,457.3395386,461.3164063,123823648
29/03/2018,461.3164063,469.2701416,457.3395386,459.3279724,75978933
30/03/2018,459.3279724,459.3279724,459.3279724,459.3279724,0
02/04/2018,461.3164063,467.2817078,461.3164063,467.2817078,91078764
03/04/2018,463.3048401,467.2817078,459.3279724,463.3048401,69618647
04/04/2018,465.2932739,471.2585754,455.3511047,459.3279724,104437526
05/04/2018,463.3048401,465.2932739,455.3511047,455.3511047,77791415
06/04/2018,457.3395386,459.3279724,455.3511047,457.3395386,56733625
09/04/2018,457.3395386,469.2701416,455.3511047,469.2701416,148604974
10/04/2018,469.2701416,483.1891479,467.2817078,479.2122803,101478915
11/04/2018,481.2007141,491.1428833,475.2354431,489.1544495,113511004
12/04/2018,489.1544495,493.1313171,487.1660156,489.1544495,145505045
13/04/2018,491.1428833,509.0387878,489.1544495,505.0619202,148196109
16/04/2018,505.0619202,505.0619202,505.0619202,505.0619202,0
17/04/2018,505.0619202,505.0619202,505.0619202,505.0619202,0
18/04/2018,495.119751,499.0966187,489.1544495,493.1313171,79228728
19/04/2018,493.1313171,493.1313171,493.1313171,493.1313171,0
20/04/2018,493.1313171,493.1313171,493.1313171,493.1313171,0
23/04/2018,513.015625,516.9924927,507.050354,513.015625,78911896
24/04/2018,513.015625,518.980957,509.0387878,515.0040894,98878877
25/04/2018,515.0040894,515.0040894,515.0040894,515.0040894,0
26/04/2018,515.0040894,515.0040894,515.0040894,515.0040894,0
27/04/2018,515.0040894,515.0040894,515.0040894,515.0040894,0
30/04/2018,483.1891479,491.1428833,471.2585754,491.1428833,104927359
01/05/2018,491.1428833,491.1428833,491.1428833,491.1428833,0
02/05/2018,497.0067749,499.0190735,486.9453125,490.9699097,81340442
03/05/2018,483.1891479,485.1775818,463.3048401,467.2817078,86941335
04/05/2018,472.8612366,472.8612366,456.7628784,456.7628784,102999711
07/05/2018,453.3626709,465.2932739,453.3626709,463.3048401,111700533
08/05/2018,463.3048401,463.3048401,447.3973694,457.3395386,92384315
09/05/2018,453.3626709,461.3164063,433.4783325,461.3164063,141912769
10/05/2018,461.3164063,461.3164063,461.3164063,461.3164063,0
11/05/2018,463.3048401,475.2354431,455.3511047,473.2470093,158219581
14/05/2018,478.8973999,480.9095764,448.7147827,478.8973999,152355667
15/05/2018,473.2470093,473.2470093,455.3511047,457.3395386,105615841
16/05/2018,457.3395386,457.3395386,441.4320679,443.4205017,109223205
17/05/2018,449.3858032,453.3626709,435.4667664,449.3858032,91701868
18/05/2018,451.3742371,451.3742371,437.4552002,439.443634,86021012
21/05/2018,439.443634,443.4205017,421.54776,423.5361633,77007884
22/05/2018,421.54776,435.4667664,417.5708923,425.5245972,73346206
23/05/2018,431.4898987,465.2932739,431.4898987,453.3626709,229931837
24/05/2018,457.3395386,467.2817078,451.3742371,455.3511047,149966348
25/05/2018,455.3511047,455.3511047,435.4667664,441.4320679,110839050
28/05/2018,443.4205017,455.3511047,443.4205017,455.3511047,139997693
29/05/2018,455.3511047,455.3511047,455.3511047,455.3511047,0
30/05/2018,451.3742371,457.3395386,441.4320679,441.4320679,117360266
31/05/2018,441.4320679,441.4320679,413.5940247,421.54776,129819325
01/06/2018,421.54776,421.54776,421.54776,421.54776,0
04/06/2018,421.54776,431.4898987,417.5708923,423.5361633,114610362
05/06/2018,427.513031,439.443634,425.5245972,431.4898987,99044837
06/06/2018,431.4898987,441.4320679,427.513031,435.4667664,81745786
07/06/2018,437.4552002,441.4320679,427.513031,427.513031,81089993
08/06/2018,429.5014648,435.4667664,423.5361633,435.4667664,103794306
11/06/2018,435.4667664,435.4667664,435.4667664,435.4667664,0
12/06/2018,435.4667664,435.4667664,435.4667664,435.4667664,0
13/06/2018,435.4667664,435.4667664,435.4667664,435.4667664,0
14/06/2018,435.4667664,435.4667664,435.4667664,435.4667664,0
15/06/2018,435.4667664,435.4667664,435.4667664,435.4667664,0
18/06/2018,435.4667664,435.4667664,435.4667664,435.4667664,0
19/06/2018,435.4667664,435.4667664,435.4667664,435.4667664,0
20/06/2018,427.513031,427.513031,413.5940247,425.5245972,92360176
21/06/2018,427.513031,441.4320679,421.54776,425.5245972,107626973
22/06/2018,425.5245972,439.443634,423.5361633,429.5014648,119061103
25/06/2018,429.5014648,431.4898987,407.6287231,429.5014648,139295632
26/06/2018,427.513031,435.4667664,415.5824585,435.4667664,94027318
27/06/2018,433.4783325,433.4783325,411.6055908,415.5824585,65523462
28/06/2018,413.5940247,415.5824585,373.8253479,383.7675171,84666679
29/06/2018,383.7675171,393.7096863,379.7906494,393.7096863,140600680
02/07/2018,394.7038879,397.686554,390.7270508,393.7096863,56931268
03/07/2018,393.7096863,393.7096863,357.9179077,367.8600464,86079350
04/07/2018,367.8600464,367.8600464,339.027771,356.9236755,132064812
05/07/2018,356.9236755,357.9179077,337.0393677,353.94104,129341059
06/07/2018,352.9468079,353.94104,333.0625,343.0046387,156378936
09/07/2018,343.0046387,364.8774109,341.0162048,360.9005432,89904473
10/07/2018,355.9294739,362.8889771,348.9699402,352.9468079,80417101
11/07/2018,349.9641724,350.958374,342.010437,347.9757385,66485526
12/07/2018,347.9757385,377.8022156,347.9757385,370.8427124,142457922
13/07/2018,371.8369141,385.7559509,371.8369141,375.8137817,138875201
16/07/2018,376.8080139,381.7790833,354.9352417,365.8716431,107366969
17/07/2018,365.8716431,365.8716431,350.958374,360.9005432,100881962
18/07/2018,361.8947754,361.8947754,353.94104,353.94104,67419931
19/07/2018,353.94104,364.8774109,353.94104,357.9179077,60421957
20/07/2018,357.9179077,358.9121094,353.94104,354.9352417,34877216
23/07/2018,356.9236755,367.8600464,354.9352417,366.8658447,68149651
24/07/2018,368.8542786,377.8022156,368.8542786,374.8195801,66479492
25/07/2018,376.8080139,377.8022156,365.8716431,370.8427124,31752645
26/07/2018,370.8427124,370.8427124,357.9179077,357.9179077,52604242
27/07/2018,361.8947754,367.8600464,356.9236755,363.8832092,43782722
30/07/2018,363.8832092,365.8716431,356.9236755,363.8832092,39225867
31/07/2018,365.8716431,366.8658447,357.9179077,360.9005432,33507293
01/08/2018,363.8832092,367.8600464,357.9179077,363.8832092,62919401
02/08/2018,366.8658447,370.8427124,356.9236755,359.9063416,48170600
03/08/2018,357.9179077,364.8774109,356.9236755,358.9121094,30727214
06/08/2018,361.8947754,363.8832092,356.9236755,360.9005432,58843830
07/08/2018,360.9005432,363.8832092,357.9179077,363.8832092,49053205
08/08/2018,363.8832092,366.8658447,358.9121094,361.8947754,46143375
09/08/2018,361.8947754,386.7501831,361.8947754,374.8195801,135127526
10/08/2018,375.8137817,403.6518555,375.8137817,395.6981201,154409042
13/08/2018,393.7096863,393.7096863,371.8369141,379.7906494,62331501
14/08/2018,375.8137817,379.7906494,357.9179077,361.8947754,60412402
15/08/2018,363.8832092,368.8542786,353.94104,360.9005432,44321337
16/08/2018,358.9121094,358.9121094,352.9468079,353.94104,28808618
17/08/2018,353.94104,353.94104,353.94104,353.94104,0
20/08/2018,354.9352417,365.8716431,353.94104,361.8947754,68132049
21/08/2018,365.8716431,373.8253479,361.8947754,368.8542786,48573933
22/08/2018,368.8542786,368.8542786,368.8542786,368.8542786,0
23/08/2018,368.8542786,374.8195801,360.9005432,363.8832092,39925413
24/08/2018,363.8832092,365.8716431,352.9468079,358.9121094,33139164
27/08/2018,360.9005432,363.8832092,353.94104,355.9294739,46280669
28/08/2018,356.9236755,358.9121094,350.958374,353.94104,49231234
29/08/2018,355.9294739,359.9063416,348.9699402,357.9179077,30723694
30/08/2018,363.8832092,363.8832092,348.9699402,348.9699402,38880872
31/08/2018,346.9815063,346.9815063,338.0335693,341.0162048,28200601
03/09/2018,345.9873047,345.9873047,338.0335693,341.0162048,21608978
04/09/2018,341.0162048,343.0046387,335.0509338,339.027771,28556157
05/09/2018,333.0625,333.0625,300.2533569,320.1376648,71309426
06/09/2018,321.131897,325.1087646,315.1665955,325.1087646,66023353
07/09/2018,324.1145325,327.0971985,319.1434631,327.0971985,24103907
10/09/2018,327.0971985,327.0971985,319.1434631,325.1087646,12662233
11/09/2018,325.1087646,325.1087646,325.1087646,325.1087646,0
12/09/2018,326.1029663,330.079834,312.1839294,318.149231,34454773
13/09/2018,306.2186584,322.1260986,306.2186584,322.1260986,33708959
14/09/2018,318.149231,343.0046387,318.149231,343.0046387,44906220
17/09/2018,343.9988708,346.9815063,334.0567017,338.0335693,57175682
18/09/2018,338.0335693,343.0046387,336.0451355,342.010437,21189049
19/09/2018,346.9815063,347.9757385,342.010437,344.9930725,27398965
20/09/2018,347.9757385,365.8716431,345.9873047,364.8774109,173377247
21/09/2018,366.8658447,368.8542786,356.9236755,367.8600464,46077494
24/09/2018,367.8600464,368.8542786,359.9063416,362.8889771,24684767
25/09/2018,362.8889771,362.8889771,355.9294739,362.8889771,15825528
26/09/2018,361.8947754,368.8542786,357.9179077,362.8889771,37879078
27/09/2018,361.8947754,376.8080139,359.9063416,365.8716431,122795703
28/09/2018,368.8542786,370.8427124,364.8774109,365.8716431,19480165
01/10/2018,365.8716431,368.8542786,361.8947754,362.8889771,28667300
02/10/2018,361.8947754,363.8832092,344.9930725,346.9815063,34845030
03/10/2018,347.9757385,352.9468079,339.027771,339.027771,24310100
04/10/2018,337.0393677,341.0162048,321.131897,322.1260986,51247898
05/10/2018,321.131897,325.1087646,314.1723633,323.1203308,22014825
08/10/2018,325.1087646,328.0914001,320.1376648,323.1203308,19887521
09/10/2018,321.131897,343.0046387,321.131897,342.010437,63560610
10/10/2018,343.9988708,348.9699402,342.010437,348.9699402,63796474
11/10/2018,335.0509338,357.9179077,323.1203308,357.9179077,112403599
12/10/2018,357.9179077,363.8832092,357.9179077,357.9179077,30224808
15/10/2018,357.9179077,363.8832092,343.9988708,349.9641724,45860238
16/10/2018,349.9641724,353.94104,338.0335693,353.94104,21607469
17/10/2018,357.9179077,362.8889771,349.9641724,355.9294739,22501640
18/10/2018,353.94104,355.9294739,349.9641724,355.9294739,9886177
19/10/2018,353.94104,369.8484802,349.9641724,361.8947754,60631167
22/10/2018,362.8889771,366.8658447,359.9063416,362.8889771,20291357
23/10/2018,359.9063416,367.8600464,356.9236755,363.8832092,16863532
24/10/2018,363.8832092,369.8484802,361.8947754,361.8947754,28076885
25/10/2018,347.9757385,363.8832092,346.9815063,361.8947754,12680841
26/10/2018,351.9526062,362.8889771,351.9526062,355.9294739,10854779
29/10/2018,355.9294739,357.9179077,353.94104,353.94104,7007528
30/10/2018,353.94104,373.8253479,353.94104,371.8369141,114657636
31/10/2018,375.8137817,384.7617493,372.8311462,372.8311462,69117247
01/11/2018,369.8484802,375.8137817,357.9179077,371.8369141,39490397
02/11/2018,371.8369141,375.8137817,366.8658447,367.8600464,20193290
05/11/2018,367.8600464,373.8253479,366.8658447,368.8542786,8865776
06/11/2018,370.8427124,371.8369141,359.9063416,361.8947754,34424598
07/11/2018,364.8774109,369.8484802,359.9063416,369.8484802,10895515
08/11/2018,369.8484802,371.8369141,363.8832092,367.8600464,8295477
09/11/2018,366.8658447,366.8658447,361.8947754,364.8774109,12669777
12/11/2018,366.8658447,366.8658447,359.9063416,359.9063416,30791083
13/11/2018,357.9179077,364.8774109,356.9236755,364.8774109,16556757
14/11/2018,367.8600464,385.7559509,367.8600464,378.7964478,47998102
15/11/2018,381.7790833,386.7501831,373.8253479,374.8195801,19646125
16/11/2018,376.8080139,386.7501831,374.8195801,383.7675171,30684467
19/11/2018,383.7675171,385.7559509,376.8080139,381.7790833,21093999
20/11/2018,381.7790833,381.7790833,381.7790833,381.7790833,0
21/11/2018,381.7790833,409.617157,381.7790833,407.6287231,67439041
22/11/2018,409.617157,411.6055908,397.686554,401.6634216,30715144
23/11/2018,401.6634216,409.617157,399.6749878,403.6518555,16288707
26/11/2018,409.617157,415.5824585,401.6634216,411.6055908,56453505
27/11/2018,413.5940247,415.5824585,401.6634216,405.6402893,19438424
28/11/2018,405.6402893,407.6287231,397.686554,405.6402893,29615786
29/11/2018,407.6287231,411.6055908,403.6518555,409.617157,31815508
30/11/2018,411.6055908,425.5245972,411.6055908,419.5593262,34387383
03/12/2018,425.5245972,425.5245972,399.6749878,413.5940247,26480151
04/12/2018,413.5940247,419.5593262,405.6402893,417.5708923,29896409
05/12/2018,411.6055908,417.5708923,409.617157,409.617157,29608745
06/12/2018,417.5708923,417.5708923,409.617157,411.6055908,21009008
07/12/2018,415.5824585,417.5708923,411.6055908,411.6055908,12604901
10/12/2018,411.6055908,417.5708923,411.6055908,417.5708923,17954843
11/12/2018,421.54776,437.4552002,419.5593262,437.4552002,54002328
12/12/2018,437.4552002,437.4552002,427.513031,433.4783325,29619809
13/12/2018,433.4783325,433.4783325,423.5361633,427.513031,20105784
14/12/2018,427.513031,431.4898987,425.5245972,427.513031,7210201
17/12/2018,427.513031,427.513031,413.5940247,413.5940247,21436983
18/12/2018,411.6055908,427.513031,393.7096863,423.5361633,52428224
19/12/2018,437.4552002,447.3973694,429.5014648,447.3973694,65312743
20/12/2018,445.4089355,469.2701416,441.4320679,457.3395386,88787513
21/12/2018,457.3395386,467.2817078,455.3511047,465.2932739,17942774
24/12/2018,465.2932739,465.2932739,465.2932739,465.2932739,0
25/12/2018,465.2932739,465.2932739,465.2932739,465.2932739,0
26/12/2018,465.2932739,467.2817078,459.3279724,459.3279724,17630467
27/12/2018,467.2817078,469.2701416,459.3279724,459.3279724,22274829
28/12/2018,461.3164063,481.2007141,461.3164063,475.2354431,76689543
31/12/2018,475.2354431,475.2354431,475.2354431,475.2354431,0
01/01/2019,475.2354431,475.2354431,475.2354431,475.2354431,0
02/01/2019,477.223877,487.1660156,477.223877,479.2122803,44467684
03/01/2019,485.1775818,487.1660156,467.2817078,479.2122803,46472780
04/01/2019,477.223877,481.2007141,475.2354431,481.2007141,29995482
07/01/2019,483.1891479,485.1775818,473.2470093,485.1775818,54520324
08/01/2019,485.1775818,491.1428833,469.2701416,475.2354431,45892424
09/01/2019,475.2354431,479.2122803,453.3626709,471.2585754,70061207
10/01/2019,473.2470093,473.2470093,461.3164063,465.2932739,13031368
11/01/2019,465.2932739,477.223877,457.3395386,477.223877,26149237
14/01/2019,477.223877,481.2007141,461.3164063,477.223877,44432983
15/01/2019,477.223877,479.2122803,467.2817078,475.2354431,36263735
16/01/2019,471.2585754,485.1775818,467.2817078,467.2817078,56136673
17/01/2019,477.223877,477.223877,457.3395386,457.3395386,45111407
18/01/2019,457.3395386,473.2470093,457.3395386,471.2585754,19354941
21/01/2019,475.2354431,477.223877,463.3048401,467.2817078,20746489
22/01/2019,467.2817078,477.223877,461.3164063,475.2354431,24205495
23/01/2019,475.2354431,487.1660156,471.2585754,479.2122803,45731996
24/01/2019,485.1775818,485.1775818,473.2470093,483.1891479,27168633
25/01/2019,485.1775818,491.1428833,477.223877,485.1775818,24520819
28/01/2019,485.1775818,511.0272217,485.1775818,511.0272217,54342798
29/01/2019,513.015625,516.9924927,501.0850525,509.0387878,25126321
30/01/2019,509.0387878,520.9693604,503.0734863,518.980957,37942947
31/01/2019,520.9693604,524.946228,509.0387878,518.980957,31563048
01/02/2019,518.980957,520.9693604,509.0387878,509.0387878,55124820
04/02/2019,507.050354,511.0272217,491.1428833,511.0272217,32649834
05/02/2019,511.0272217,511.0272217,511.0272217,511.0272217,0
06/02/2019,511.0272217,515.0040894,501.0850525,513.015625,32484880
07/02/2019,516.9924927,516.9924927,499.0966187,509.0387878,50570983
08/02/2019,509.0387878,509.0387878,491.1428833,497.1081848,43964775
11/02/2019,497.1081848,497.1081848,481.2007141,487.1660156,41633291
12/02/2019,487.1660156,505.0619202,475.2354431,505.0619202,53364640
13/02/2019,511.0272217,522.9578247,501.0850525,516.9924927,53036744
14/02/2019,518.980957,576.6455078,515.0040894,536.8768311,105680214
15/02/2019,538.8652954,560.7380371,538.8652954,556.7611694,97858476
18/02/2019,562.7265015,584.5992432,560.7380371,582.6107788,125071867
19/02/2019,584.5992432,586.5876465,568.6917725,568.6917725,55589005
20/02/2019,568.6917725,572.6686401,560.7380371,568.6917725,59882839
21/02/2019,568.6917725,596.5298462,564.7149048,596.5298462,71830439
22/02/2019,596.5298462,598.5182495,586.5876465,596.5298462,40071759
25/02/2019,596.5298462,602.4951172,584.5992432,602.4951172,167386600
26/02/2019,602.4951172,602.4951172,592.5529785,594.5413818,46903270
27/02/2019,596.5298462,598.5182495,584.5992432,592.5529785,38852206
28/02/2019,588.5761108,596.5298462,560.7380371,596.5298462,78475874
01/03/2019,596.5298462,596.5298462,584.5992432,596.5298462,54440865
04/03/2019,594.5413818,596.5298462,582.6107788,586.5876465,44067871
05/03/2019,590.5645142,592.5529785,574.6570435,588.5761108,32900282
06/03/2019,590.5645142,612.4373169,588.5761108,612.4373169,110912978
07/03/2019,612.4373169,612.4373169,612.4373169,612.4373169,0
08/03/2019,612.4373169,612.4373169,602.4951172,604.4835815,56491223
11/03/2019,604.4835815,604.4835815,592.5529785,598.5182495,52102842
12/03/2019,598.5182495,598.5182495,590.5645142,596.5298462,62729805
13/03/2019,596.5298462,604.4835815,594.5413818,598.5182495,39230896
14/03/2019,598.5182495,628.3447266,596.5298462,626.3563232,109253882
15/03/2019,628.3447266,658.1712646,628.3447266,656.1828003,113612591
18/03/2019,656.1828003,664.1365356,646.2406616,660.159668,53796639
19/03/2019,656.1828003,664.1365356,652.2059326,654.194397,63851291
20/03/2019,648.2290649,656.1828003,638.2869263,656.1828003,57510116
21/03/2019,658.1712646,686.0092773,656.1828003,686.0092773,79748233
22/03/2019,686.0092773,689.986145,680.0440063,684.020874,86493243
25/03/2019,682.0324097,689.986145,672.090271,687.9977417,95533529
26/03/2019,689.986145,705.8936157,686.0092773,703.9052124,227074311
27/03/2019,703.9052124,705.8936157,693.9630127,697.9398804,96151101
28/03/2019,701.916748,713.8473511,697.9398804,711.8589478,216140071
29/03/2019,711.8589478,711.8589478,701.916748,707.8820801,80248124
01/04/2019,711.8589478,729.7548218,709.8704834,725.7779541,162266990
02/04/2019,727.7664185,729.7548218,707.8820801,717.8242188,97313826
03/04/2019,717.8242188,717.8242188,717.8242188,717.8242188,0
04/04/2019,719.8126831,719.8126831,705.8936157,711.8589478,157798647
05/04/2019,703.9052124,711.8589478,682.0324097,707.8820801,115318457
08/04/2019,715.8358154,735.7200928,713.8473511,729.7548218,163609756
09/04/2019,727.7664185,741.6854248,721.8010864,741.6854248,119366872
10/04/2019,739.6969604,765.5466309,739.6969604,765.5466309,143906299
11/04/2019,775.4887695,791.3962402,771.5119019,781.4541016,137835186
12/04/2019,781.4541016,805.3152466,779.4656372,803.3268433,143928427
15/04/2019,805.3152466,813.2689819,787.4193726,805.3152466,170629857
16/04/2019,805.3152466,805.3152466,793.3846436,803.3268433,151672214
17/04/2019,803.3268433,803.3268433,803.3268433,803.3268433,0
18/04/2019,809.2921143,813.2689819,805.3152466,813.2689819,135421727
19/04/2019,813.2689819,813.2689819,813.2689819,813.2689819,0
22/04/2019,813.2689819,813.2689819,795.3731079,799.3499756,107930730
23/04/2019,799.3499756,803.3268433,795.3731079,801.3383789,153983079
24/04/2019,801.3383789,819.234314,797.3615112,819.234314,168152530
25/04/2019,823.2111816,829.1764526,817.2458496,817.2458496,137438894
26/04/2019,819.234314,823.2111816,811.2805786,819.234314,163011798
29/04/2019,819.234314,819.234314,757.5928955,797.3615112,195425265
30/04/2019,797.3615112,801.3383789,775.4887695,801.3383789,180888691
01/05/2019,801.3383789,801.3383789,801.3383789,801.3383789,0
02/05/2019,799.3499756,815.2574463,799.3499756,815.2574463,212813833
03/05/2019,815.2574463,815.2574463,791.3962402,809.2921143,120464219
06/05/2019,801.3383789,801.3383789,721.8010864,773.5003662,135886918
07/05/2019,779.4656372,801.3383789,777.4772339,787.4193726,201271577
08/05/2019,785.4309692,795.3731079,781.4541016,793.3846436,171828289
09/05/2019,793.3846436,797.3615112,789.4078369,793.3846436,123720049
10/05/2019,791.3962402,795.3731079,789.4078369,793.3846436,111286639
13/05/2019,793.3846436,795.3731079,787.4193726,793.3846436,123037602
14/05/2019,791.3962402,791.3962402,676.0671387,753.6160278,310826200
15/05/2019,755.6044312,771.5119019,737.7085571,743.6738281,167604862
16/05/2019,737.7085571,751.6275635,723.7895508,725.7779541,132534529
17/05/2019,735.7200928,735.7200928,721.8010864,731.7432861,158929185
20/05/2019,731.7432861,733.7316895,717.8242188,725.7779541,154716320
21/05/2019,723.7895508,729.7548218,711.8589478,725.7779541,119275845
22/05/2019,727.7664185,729.7548218,703.9052124,727.7664185,208955518
23/05/2019,727.7664185,733.7316895,713.8473511,719.8126831,203646815
24/05/2019,723.7895508,733.7316895,717.8242188,721.8010864,114762743
27/05/2019,721.8010864,725.7779541,709.8704834,723.7895508,170908469
28/05/2019,723.7895508,759.5812988,717.8242188,759.5812988,1655578735
29/05/2019,733.7316895,733.7316895,697.9398804,705.8936157,273368056
30/05/2019,705.8936157,705.8936157,705.8936157,705.8936157,0
31/05/2019,705.8936157,709.8704834,612.4373169,656.1828003,296546109
03/06/2019,656.1828003,656.1828003,656.1828003,656.1828003,0
04/06/2019,656.1828003,656.1828003,656.1828003,656.1828003,0
05/06/2019,656.1828003,656.1828003,656.1828003,656.1828003,0
06/06/2019,656.1828003,656.1828003,656.1828003,656.1828003,0
07/06/2019,656.1828003,656.1828003,656.1828003,656.1828003,0
10/06/2019,666.125,705.8936157,662.1481323,705.8936157,216396555
11/06/2019,715.8358154,715.8358154,676.0671387,676.0671387,107075282
12/06/2019,676.0671387,682.0324097,666.125,676.0671387,146556124
13/06/2019,682.0324097,682.0324097,654.194397,656.1828003,129889229
14/06/2019,658.1712646,680.0440063,644.2521973,680.0440063,147739468
17/06/2019,678.055542,678.055542,644.2521973,648.2290649,135021412
18/06/2019,652.2059326,656.1828003,642.2637939,656.1828003,109557136
19/06/2019,664.1365356,664.1365356,644.2521973,652.2059326,116348414
20/06/2019,652.2059326,652.2059326,610.4488525,624.3678589,151322692
21/06/2019,636.2984619,652.2059326,624.3678589,636.2984619,133751065
24/06/2019,636.2984619,640.2753296,628.3447266,636.2984619,68058122
25/06/2019,638.2869263,638.2869263,630.3331909,636.2984619,81503887
26/06/2019,636.2984619,654.194397,632.3215942,654.194397,83985238
27/06/2019,656.1828003,658.1712646,638.2869263,644.2521973,92858055
28/06/2019,646.2406616,646.2406616,630.3331909,638.2869263,116857358
01/07/2019,638.2869263,652.2059326,634.3100586,648.2290649,109487735
02/07/2019,652.2059326,674.0787354,650.2175293,674.0787354,116364507
03/07/2019,676.0671387,686.0092773,668.1134033,672.090271,107473083
04/07/2019,672.090271,682.0324097,668.1134033,678.055542,111414881
05/07/2019,680.0440063,684.020874,670.1018677,676.0671387,77281969
08/07/2019,676.0671387,680.0440063,668.1134033,680.0440063,94896847
09/07/2019,678.055542,686.0092773,674.0787354,686.0092773,103900420
10/07/2019,684.020874,684.020874,668.1134033,670.1018677,112328666
11/07/2019,674.0787354,682.0324097,672.090271,676.0671387,168781165
12/07/2019,678.055542,729.7548218,678.055542,727.7664185,197811063
15/07/2019,729.7548218,741.6854248,713.8473511,715.8358154,155343950
16/07/2019,717.8242188,717.8242188,709.8704834,713.8473511,35688911
17/07/2019,715.8358154,737.7085571,711.8589478,733.7316895,132101524
18/07/2019,733.7316895,747.6506958,727.7664185,733.7316895,117704256
19/07/2019,733.7316895,749.6391602,719.8126831,749.6391602,125150824
22/07/2019,749.6391602,771.5119019,749.6391602,767.5350342,128992543
23/07/2019,769.5234985,773.5003662,757.5928955,769.5234985,70622453
24/07/2019,769.5234985,771.5119019,761.5697632,767.5350342,85256591
25/07/2019,769.5234985,769.5234985,751.6275635,755.6044312,72625035
26/07/2019,753.6160278,753.6160278,729.7548218,733.7316895,89940179
29/07/2019,737.7085571,741.6854248,715.8358154,717.8242188,96091255
30/07/2019,715.8358154,731.7432861,711.8589478,715.8358154,73524236
31/07/2019,717.8242188,777.4772339,717.8242188,771.5119019,173950060
01/08/2019,771.5119019,783.4425049,755.6044312,765.5466309,79412793
02/08/2019,765.5466309,773.5003662,737.7085571,749.6391602,128397099
05/08/2019,749.6391602,759.5812988,721.8010864,729.7548218,85421042
06/08/2019,715.8358154,725.7779541,666.125,715.8358154,68128831
07/08/2019,725.7779541,735.7200928,705.8936157,715.8358154,89011106
08/08/2019,720.8068848,765.5466309,715.8358154,760.5755615,70481135
09/08/2019,760.5755615,810.286377,760.5755615,780.4598389,91109140
12/08/2019,780.4598389,800.3441772,760.5755615,760.5755615,56487602
13/08/2019,760.5755615,760.5755615,725.7779541,730.7490234,87731002
14/08/2019,740.6912231,755.6044312,725.7779541,735.7200928,51432365
15/08/2019,715.8358154,730.7490234,700.9225464,725.7779541,66347931
16/08/2019,725.7779541,740.6912231,705.8936157,730.7490234,64995207
19/08/2019,740.6912231,740.6912231,715.8358154,735.7200928,62052588
20/08/2019,735.7200928,745.6622925,715.8358154,720.8068848,44639276
21/08/2019,720.8068848,725.7779541,705.8936157,715.8358154,50981960
22/08/2019,715.8358154,720.8068848,700.9225464,715.8358154,72646761
23/08/2019,720.8068848,720.8068848,710.8646851,720.8068848,53359611
26/08/2019,710.8646851,720.8068848,700.9225464,720.8068848,50456320
27/08/2019,725.7779541,869.9393311,720.8068848,869.9393311,230061588
28/08/2019,869.9393311,949.4766235,845.0839233,904.7368774,177210819
29/08/2019,909.7080078,919.6501465,879.8814697,909.7080078,79470627
30/08/2019,909.7080078,909.7080078,884.8526001,899.7658081,65907383
02/09/2019,899.7658081,989.2453003,869.9393311,984.274231,174567431
03/09/2019,979.3031616,1004.158569,959.4188232,1004.158569,119989372
04/09/2019,999.187439,1038.956177,989.2453003,1033.984985,126832852
05/09/2019,1033.984985,1043.927246,989.2453003,994.2163696,80387530
06/09/2019,999.187439,1078.724731,969.3609619,1068.782593,98901307
09/09/2019,1073.753662,1073.753662,1033.984985,1043.927246,62219956
10/09/2019,1048.898315,1073.753662,1033.984985,1073.753662,126528391
11/09/2019,1073.753662,1098.609131,1068.782593,1078.724731,94940801
12/09/2019,1078.724731,1078.724731,1009.129639,1043.927246,83690735
13/09/2019,1043.927246,1068.782593,1014.100708,1033.984985,74228408
16/09/2019,1024.042847,1073.753662,1004.158569,1073.753662,104825973
17/09/2019,1063.811523,1068.782593,1043.927246,1058.840454,66856069
18/09/2019,1043.927246,1058.840454,1009.129639,1029.013916,79736565
19/09/2019,1024.042847,1033.984985,1009.129639,1024.042847,57949658
20/09/2019,1029.013916,1029.013916,984.274231,994.2163696,106572172
23/09/2019,994.2163696,1014.100708,949.4766235,959.4188232,95183303
24/09/2019,954.4477539,989.2453003,949.4766235,954.4477539,75228090
25/09/2019,959.4188232,994.2163696,949.4766235,984.274231,86146639
26/09/2019,984.274231,1004.158569,979.3031616,989.2453003,64014435
27/09/2019,994.2163696,999.187439,984.274231,989.2453003,45005092
30/09/2019,999.187439,999.187439,954.4477539,984.274231,84817351
01/10/2019,974.3320313,984.274231,954.4477539,969.3609619,57538480
02/10/2019,969.3609619,1038.956177,969.3609619,999.187439,88675163
03/10/2019,994.2163696,1014.100708,969.3609619,974.3320313,60512983
04/10/2019,984.274231,994.2163696,969.3609619,989.2453003,53306806
07/10/2019,989.2453003,994.2163696,949.4766235,959.4188232,75951474
08/10/2019,964.3898926,964.3898926,919.6501465,929.5923462,89183805
09/10/2019,929.5923462,939.5344849,874.9104004,884.8526001,107631700
10/10/2019,894.7947388,904.7368774,869.9393311,869.9393311,103761114
11/10/2019,874.9104004,939.5344849,874.9104004,929.5923462,80552183
14/10/2019,934.5634155,944.5055542,904.7368774,909.7080078,43553597
15/10/2019,914.6790771,934.5634155,904.7368774,934.5634155,47304692
16/10/2019,934.5634155,944.5055542,909.7080078,944.5055542,58193669
17/10/2019,944.5055542,944.5055542,914.6790771,934.5634155,49891050
18/10/2019,929.5923462,944.5055542,919.6501465,919.6501465,89222428
21/10/2019,924.6212158,939.5344849,914.6790771,929.5923462,54194238
22/10/2019,934.5634155,999.187439,929.5923462,999.187439,100859935
23/10/2019,1004.158569,1014.100708,979.3031616,999.187439,51048042
24/10/2019,999.187439,1024.042847,984.274231,1014.100708,65917541
25/10/2019,1014.100708,1014.100708,994.2163696,1004.158569,57437798
28/10/2019,1004.158569,1004.158569,969.3609619,984.274231,50209794
29/10/2019,984.274231,989.2453003,969.3609619,984.274231,58164501
30/10/2019,994.2163696,999.187439,954.4477539,964.3898926,52307929
31/10/2019,964.3898926,974.3320313,944.5055542,944.5055542,56862169
01/11/2019,949.4766235,954.4477539,929.5923462,954.4477539,60444890
04/11/2019,959.4188232,969.3609619,944.5055542,944.5055542,59209947
05/11/2019,944.5055542,959.4188232,939.5344849,959.4188232,41899128
06/11/2019,959.4188232,959.4188232,944.5055542,959.4188232,33010922
07/11/2019,959.4188232,974.3320313,959.4188232,974.3320313,59557859
08/11/2019,979.3031616,989.2453003,964.3898926,974.3320313,43114155
11/11/2019,974.3320313,979.3031616,959.4188232,964.3898926,44119872
12/11/2019,964.3898926,984.274231,964.3898926,984.274231,46931835
13/11/2019,989.2453003,1033.984985,984.274231,1029.013916,110615055
14/11/2019,1024.042847,1043.927246,1004.158569,1019.071777,72930602
15/11/2019,1024.042847,1078.724731,1014.100708,1068.782593,89089962
18/11/2019,1068.782593,1133.406616,1068.782593,1123.464478,70912430
19/11/2019,1128.435547,1237.799438,1128.435547,1237.799438,81581335
20/11/2019,1232.828369,1257.683716,1168.204224,1168.204224,97137305
21/11/2019,1168.204224,1222.886108,1168.204224,1207.9729,73912179
22/11/2019,1207.9729,1222.886108,1188.088623,1193.059692,71941783
25/11/2019,1207.9729,1292.481323,1198.030762,1277.567993,76326241
26/11/2019,1282.539185,1292.481323,1232.828369,1232.828369,149028725
27/11/2019,1232.828369,1312.365601,1232.828369,1312.365601,66924465
28/11/2019,1332.25,1426.700562,1302.423462,1322.307739,115221195
29/11/2019,1322.307739,1372.018555,1307.394531,1352.134277,68886312
02/12/2019,1362.076416,1391.902954,1337.221069,1372.018555,68374652
03/12/2019,1372.018555,1411.787231,1362.076416,1391.902954,64871190
04/12/2019,1391.902954,1406.816162,1312.365601,1372.018555,87794972
05/12/2019,1372.018555,1372.018555,1322.307739,1367.047485,79982689
06/12/2019,1362.076416,1411.787231,1347.163208,1406.816162,66834746
09/12/2019,1421.72937,1441.61377,1401.845093,1401.845093,66020135
10/12/2019,1401.845093,1411.787231,1386.931885,1396.874023,45943218
11/12/2019,1396.874023,1421.72937,1396.874023,1406.816162,63545221
12/12/2019,1421.72937,1426.700562,1396.874023,1401.845093,59255410
13/12/2019,1406.816162,1411.787231,1372.018555,1411.787231,76367580
16/12/2019,1401.845093,1421.72937,1396.874023,1396.874023,74918600
17/12/2019,1396.874023,1426.700562,1372.018555,1426.700562,72530388
18/12/2019,1436.6427,1471.440186,1426.700562,1471.440186,105431978
19/12/2019,1481.382446,1486.353516,1456.526978,1456.526978,66917525
20/12/2019,1476.411377,1491.324585,1461.498047,1491.324585,79896289
23/12/2019,1491.324585,1516.179932,1481.382446,1501.266724,71466434
26/12/2019,1506.237793,1511.208862,1441.61377,1496.295654,60389972
27/12/2019,1496.295654,1501.266724,1481.382446,1496.295654,56516670
30/12/2019,1501.266724,1501.266724,1476.411377,1501.266724,48672704
02/01/2020,1501.266724,1506.237793,1391.902954,1456.526978,51684221
03/01/2020,1451.555908,1451.555908,1401.845093,1416.758301,50040314
06/01/2020,1406.816162,1411.787231,1262.654785,1297.452393,75422213
07/01/2020,1302.423462,1347.163208,1277.567993,1317.33667,72273602
08/01/2020,1317.33667,1322.307739,1257.683716,1272.596924,69727577
09/01/2020,1277.567993,1302.423462,1272.596924,1287.510254,49427369
10/01/2020,1282.539185,1317.33667,1262.654785,1267.625854,43371946
13/01/2020,1267.625854,1282.539185,1178.146362,1203.001831,88483353
14/01/2020,1203.001831,1257.683716,1203.001831,1232.828369,74964667
15/01/2020,1242.770508,1322.307739,1242.770508,1312.365601,106928533
16/01/2020,1317.33667,1327.278809,1272.596924,1292.481323,65182792
17/01/2020,1292.481323,1302.423462,1252.712646,1302.423462,57076106
20/01/2020,1302.423462,1342.192139,1292.481323,1302.423462,74167255
21/01/2020,1302.423462,1337.221069,1277.567993,1317.33667,51034564
22/01/2020,1317.33667,1342.192139,1312.365601,1317.33667,50195914
23/01/2020,1317.33667,1362.076416,1302.423462,1357.105347,36304672
24/01/2020,1362.076416,1372.018555,1337.221069,1367.047485,52695068
27/01/2020,1367.047485,1372.018555,1287.510254,1307.394531,53779439
28/01/2020,1307.394531,1307.394531,1227.857178,1232.828369,47552123
29/01/2020,1232.828369,1257.683716,1207.9729,1252.712646,48889558
30/01/2020,1257.683716,1262.654785,1212.94397,1232.828369,43359876
31/01/2020,1242.770508,1297.452393,1207.9729,1297.452393,71104139
03/02/2020,1292.481323,1292.481323,1252.712646,1267.625854,36754775
04/02/2020,1272.596924,1277.567993,1252.712646,1262.654785,46888786
05/02/2020,1272.596924,1272.596924,1217.915039,1272.596924,54507651
06/02/2020,1272.596924,1272.596924,1232.828369,1232.828369,40858912
07/02/2020,1232.828369,1262.654785,1227.857178,1257.683716,59188926
10/02/2020,1257.683716,1257.683716,1222.886108,1237.799438,39530630
11/02/2020,1237.799438,1252.712646,1227.857178,1242.770508,24602592
12/02/2020,1242.770508,1247.741577,1227.857178,1247.741577,34771404
13/02/2020,1242.770508,1247.741577,1207.9729,1217.915039,34225346
14/02/2020,1222.886108,1222.886108,1188.088623,1193.059692,45734712
17/02/2020,1193.059692,1193.059692,1163.233154,1173.175293,31288661
18/02/2020,1183.117554,1227.857178,1173.175293,1212.94397,44064552
19/02/2020,1222.886108,1227.857178,1203.001831,1227.857178,27665808
20/02/2020,1227.857178,1237.799438,1198.030762,1212.94397,29776918
21/02/2020,1203.001831,1207.9729,1128.435547,1153.291016,54805675
24/02/2020,1143.348877,1168.204224,1073.753662,1103.5802,37420023
25/02/2020,1093.638062,1123.464478,1048.898315,1088.666992,54057045
26/02/2020,1083.695801,1083.695801,994.2163696,1029.013916,64140363
27/02/2020,1029.013916,1043.927246,964.3898926,974.3320313,47611768
28/02/2020,944.5055542,989.2453003,879.8814697,979.3031616,71013816
02/03/2020,999.187439,1004.158569,929.5923462,939.5344849,39384786
03/03/2020,949.4766235,989.2453003,949.4766235,959.4188232,61375774
04/03/2020,959.4188232,1058.840454,949.4766235,1014.100708,115861901
05/03/2020,1029.013916,1043.927246,999.187439,1009.129639,62680319
06/03/2020,994.2163696,994.2163696,954.4477539,964.3898926,49692703
09/03/2020,919.6501465,924.6212158,820.2285156,840.112854,49526743
10/03/2020,855.026062,879.8814697,800.3441772,820.2285156,53221512
11/03/2020,820.2285156,835.1417847,740.6912231,780.4598389,62790556
12/03/2020,740.6912231,740.6912231,671.0960693,695.9514771,57071379
13/03/2020,695.9514771,695.9514771,695.9514771,695.9514771,0
16/03/2020,671.0960693,671.0960693,606.4719849,606.4719849,86251043
17/03/2020,606.4719849,606.4719849,566.7033081,566.7033081,30869034
18/03/2020,566.7033081,566.7033081,531.9057617,531.9057617,99772244
19/03/2020,495.119751,497.1081848,495.119751,495.119751,3246576
20/03/2020,461.3164063,576.6455078,461.3164063,521.963623,102290609
23/03/2020,487.1660156,487.1660156,487.1660156,487.1660156,10758020
24/03/2020,507.050354,507.050354,453.3626709,453.3626709,67638998
26/03/2020,453.3626709,561.7322388,423.5361633,541.8479004,229726450
27/03/2020,566.7033081,656.1828003,551.7901001,616.4141846,104202266
30/03/2020,616.4141846,616.4141846,576.6455078,596.5298462,39587157
31/03/2020,596.5298462,745.6622925,596.5298462,720.8068848,162704923
01/04/2020,715.8358154,850.0549927,700.9225464,740.6912231,201554011
02/04/2020,745.6622925,850.0549927,700.9225464,825.199585,132593268
03/04/2020,855.026062,999.187439,845.0839233,994.2163696,186231693
06/04/2020,994.2163696,1043.927246,939.5344849,994.2163696,114575058
07/04/2020,994.2163696,1043.927246,944.5055542,979.3031616,88397155
08/04/2020,969.3609619,994.2163696,914.6790771,919.6501465,79356869
09/04/2020,919.6501465,979.3031616,884.8526001,939.5344849,86186067
13/04/2020,939.5344849,944.5055542,889.8236694,899.7658081,73156106
14/04/2020,904.7368774,979.3031616,899.7658081,979.3031616,106498949
15/04/2020,994.2163696,1043.927246,969.3609619,989.2453003,131747376
16/04/2020,984.274231,999.187439,944.5055542,964.3898926,62429870
17/04/2020,999.187439,1004.158569,969.3609619,984.274231,77751786
20/04/2020,994.2163696,994.2163696,954.4477539,959.4188232,64251707
21/04/2020,944.5055542,1019.071777,934.5634155,1009.129639,81598132
22/04/2020,1009.129639,1257.683716,994.2163696,1203.001831,238480781
23/04/2020,1217.915039,1307.394531,1168.204224,1272.596924,156667102
24/04/2020,1272.596924,1332.25,1198.030762,1232.828369,81576809
27/04/2020,1242.770508,1257.683716,1178.146362,1207.9729,77082415
28/04/2020,1242.770508,1342.192139,1222.886108,1342.192139,120378825
29/04/2020,1342.192139,1426.700562,1342.192139,1426.700562,114180979
30/04/2020,1451.555908,1471.440186,1396.874023,1441.61377,98311395
04/05/2020,1441.61377,1441.61377,1347.163208,1376.989746,64272930
05/05/2020,1391.902954,1476.411377,1362.076416,1372.018555,93966767
06/05/2020,1376.989746,1381.960815,1277.567993,1277.567993,69982451
08/05/2020,1277.567993,1327.278809,1193.059692,1203.001831,99778480
11/05/2020,1203.001831,1282.539185,1193.059692,1212.94397,98954716
12/05/2020,1212.94397,1272.596924,1198.030762,1252.712646,102584509
13/05/2020,1232.828369,1282.539185,1168.204224,1168.204224,112391932
14/05/2020,1143.348877,1183.117554,1113.522339,1143.348877,55490938
15/05/2020,1153.291016,1232.828369,1133.406616,1217.915039,60034717
18/05/2020,1222.886108,1252.712646,1153.291016,1163.233154,44337330
19/05/2020,1183.117554,1207.9729,1158.262085,1163.233154,30280531
20/05/2020,1203.001831,1237.799438,1143.348877,1217.915039,63379261
26/05/2020,1227.857178,1277.567993,1222.886108,1257.683716,46153132
27/05/2020,1277.567993,1282.539185,1212.94397,1262.654785,33097020
28/05/2020,1282.539185,1312.365601,1257.683716,1267.625854,56114243
29/05/2020,1267.625854,1342.192139,1247.741577,1342.192139,98289971
02/06/2020,1347.163208,1386.931885,1322.307739,1332.25,44689064
03/06/2020,1332.25,1372.018555,1302.423462,1332.25,79496175
04/06/2020,1332.25,1357.105347,1297.452393,1317.33667,50324658
05/06/2020,1332.25,1332.25,1292.481323,1307.394531,41834253
08/06/2020,1307.394531,1332.25,1292.481323,1307.394531,45969168
09/06/2020,1312.365601,1322.307739,1217.915039,1217.915039,68044744
10/06/2020,1227.857178,1232.828369,1163.233154,1193.059692,54049803
11/06/2020,1183.117554,1242.770508,1163.233154,1217.915039,53554136
12/06/2020,1193.059692,1203.001831,1158.262085,1188.088623,38459233
15/06/2020,1188.088623,1227.857178,1183.117554,1198.030762,42647858
16/06/2020,1222.886108,1232.828369,1207.9729,1217.915039,34751288
17/06/2020,1242.770508,1242.770508,1188.088623,1203.001831,36934213
18/06/2020,1203.001831,1207.9729,1123.464478,1123.464478,43812192
19/06/2020,1153.291016,1188.088623,1143.348877,1153.291016,72027881
22/06/2020,1163.233154,1217.915039,1143.348877,1217.915039,70130508
23/06/2020,1212.94397,1232.828369,1163.233154,1178.146362,51025713
24/06/2020,1178.146362,1198.030762,1173.175293,1183.117554,38727987
25/06/2020,1183.117554,1183.117554,1133.406616,1158.262085,37047568
26/06/2020,1158.262085,1178.146362,1138.377808,1143.348877,42078968
29/06/2020,1138.377808,1173.175293,1113.522339,1163.233154,55288366
30/06/2020,1183.117554,1193.059692,1148.319946,1153.291016,49697129
01/07/2020,1158.262085,1158.262085,1133.406616,1143.348877,29725420
02/07/2020,1128.435547,1168.204224,1128.435547,1143.348877,45899967
03/07/2020,1158.262085,1207.9729,1143.348877,1173.175293,75395056
06/07/2020,1183.117554,1193.059692,1158.262085,1163.233154,37699338
07/07/2020,1173.175293,1203.001831,1153.291016,1153.291016,53400246
08/07/2020,1163.233154,1193.059692,1158.262085,1183.117554,45226070
09/07/2020,1188.088623,1242.770508,1183.117554,1217.915039,84138323
10/07/2020,1232.828369,1247.741577,1207.9729,1212.94397,59295844
13/07/2020,1222.886108,1242.770508,1212.94397,1232.828369,47305798
14/07/2020,1232.828369,1282.539185,1222.886108,1272.596924,97475963
15/07/2020,1292.481323,1302.423462,1237.799438,1242.770508,61729620
16/07/2020,1247.741577,1267.625854,1217.915039,1242.770508,51003786
17/07/2020,1242.770508,1262.654785,1227.857178,1247.741577,36410886
20/07/2020,1262.654785,1262.654785,1227.857178,1242.770508,44645814
21/07/2020,1242.770508,1242.770508,1198.030762,1203.001831,59447421
22/07/2020,1217.915039,1222.886108,1168.204224,1173.175293,60817847
23/07/2020,1173.175293,1203.001831,1153.291016,1178.146362,57117747
24/07/2020,1183.117554,1183.117554,1158.262085,1168.204224,28091872
27/07/2020,1143.348877,1143.348877,1088.666992,1088.666992,85193023
28/07/2020,1078.724731,1078.724731,1014.100708,1014.100708,32360661
29/07/2020,1004.158569,1024.042847,944.5055542,944.5055542,57458015
30/07/2020,884.8526001,1043.927246,879.8814697,944.5055542,398588785
03/08/2020,944.5055542,974.3320313,879.8814697,889.8236694,141093430
04/08/2020,924.6212158,929.5923462,855.026062,884.8526001,162238022
05/08/2020,894.7947388,919.6501465,855.026062,894.7947388,149854601
06/08/2020,909.7080078,939.5344849,894.7947388,914.6790771,119163596
07/08/2020,919.6501465,924.6212158,874.9104004,879.8814697,80544639
10/08/2020,884.8526001,894.7947388,864.9682617,874.9104004,72438556
11/08/2020,889.8236694,934.5634155,874.9104004,929.5923462,144943095
12/08/2020,939.5344849,939.5344849,909.7080078,919.6501465,88803505
13/08/2020,924.6212158,929.5923462,904.7368774,904.7368774,46011110
14/08/2020,909.7080078,914.6790771,894.7947388,909.7080078,62441739
18/08/2020,909.7080078,929.5923462,904.7368774,924.6212158,67870134
19/08/2020,924.6212158,929.5923462,914.6790771,919.6501465,49898192
24/08/2020,924.6212158,924.6212158,894.7947388,894.7947388,53159856
25/08/2020,904.7368774,919.6501465,884.8526001,899.7658081,57692772
26/08/2020,904.7368774,909.7080078,889.8236694,889.8236694,42779822
27/08/2020,894.7947388,894.7947388,879.8814697,889.8236694,47282966
28/08/2020,889.8236694,894.7947388,874.9104004,884.8526001,109803561
31/08/2020,884.8526001,889.8236694,835.1417847,835.1417847,127072639
01/09/2020,835.1417847,855.026062,810.286377,850.0549927,52920471
02/09/2020,855.026062,859.9971924,825.199585,825.199585,67221382
03/09/2020,825.199585,835.1417847,800.3441772,815.2574463,51124987
04/09/2020,815.2574463,815.2574463,765.5466309,775.4887695,91372463
07/09/2020,780.4598389,835.1417847,770.5177002,820.2285156,116102492
08/09/2020,820.2285156,845.0839233,800.3441772,810.286377,87181524
09/09/2020,795.3731079,840.112854,795.3731079,795.3731079,127598581
10/09/2020,745.6622925,795.3731079,740.6912231,740.6912231,65426703
11/09/2020,735.7200928,745.6622925,690.9804077,725.7779541,114008380
14/09/2020,725.7779541,810.286377,725.7779541,810.286377,104868921
15/09/2020,815.2574463,830.1706543,775.4887695,775.4887695,68247618
16/09/2020,780.4598389,790.4020386,765.5466309,780.4598389,52804501
17/09/2020,780.4598389,785.4309692,755.6044312,760.5755615,51609288
18/09/2020,760.5755615,770.5177002,730.7490234,730.7490234,73937325
21/09/2020,730.7490234,735.7200928,681.038208,695.9514771,106398468
22/09/2020,686.0092773,715.8358154,666.125,686.0092773,81576507
23/09/2020,690.9804077,705.8936157,651.211731,661.1538696,72174429
24/09/2020,651.211731,666.125,631.3273926,636.2984619,82288927
25/09/2020,641.2695923,676.0671387,641.2695923,671.0960693,98654882
28/09/2020,676.0671387,715.8358154,671.0960693,695.9514771,113550130
29/09/2020,700.9225464,710.8646851,661.1538696,681.038208,64781471
30/09/2020,695.9514771,815.2574463,690.9804077,785.4309692,382543586
01/10/2020,795.3731079,825.199585,770.5177002,825.199585,177650261
02/10/2020,835.1417847,864.9682617,795.3731079,840.112854,269687469
05/10/2020,855.026062,859.9971924,835.1417847,855.026062,72840380
06/10/2020,864.9682617,879.8814697,835.1417847,869.9393311,131100837
07/10/2020,864.9682617,869.9393311,835.1417847,850.0549927,90945393
08/10/2020,855.026062,859.9971924,830.1706543,855.026062,68515567
09/10/2020,855.026062,859.9971924,835.1417847,845.0839233,49210715
12/10/2020,845.0839233,855.026062,830.1706543,835.1417847,59366452
13/10/2020,835.1417847,879.8814697,810.286377,869.9393311,129178720
14/10/2020,864.9682617,909.7080078,859.9971924,904.7368774,137502763
15/10/2020,904.7368774,919.6501465,884.8526001,909.7080078,128759998
16/10/2020,909.7080078,919.6501465,874.9104004,904.7368774,81125297
19/10/2020,904.7368774,914.6790771,879.8814697,894.7947388,77926295
20/10/2020,894.7947388,914.6790771,879.8814697,894.7947388,60889964
21/10/2020,894.7947388,904.7368774,879.8814697,879.8814697,41798043
22/10/2020,884.8526001,939.5344849,879.8814697,939.5344849,185603459
23/10/2020,944.5055542,974.3320313,914.6790771,919.6501465,168677566
26/10/2020,929.5923462,934.5634155,899.7658081,924.6212158,89536344
27/10/2020,909.7080078,919.6501465,889.8236694,894.7947388,65491477
02/11/2020,884.8526001,919.6501465,864.9682617,894.7947388,98743796
03/11/2020,899.7658081,914.6790771,894.7947388,899.7658081,46198393
04/11/2020,904.7368774,909.7080078,869.9393311,869.9393311,39110299
05/11/2020,884.8526001,929.5923462,884.8526001,919.6501465,127690010
06/11/2020,924.6212158,934.5634155,909.7080078,929.5923462,75165528
09/11/2020,939.5344849,939.5344849,914.6790771,924.6212158,59413927
10/11/2020,924.6212158,969.3609619,914.6790771,964.3898926,130306241
11/11/2020,969.3609619,984.274231,944.5055542,954.4477539,86670971
12/11/2020,954.4477539,964.3898926,944.5055542,949.4766235,65116408
13/11/2020,944.5055542,954.4477539,924.6212158,929.5923462,59752183
16/11/2020,934.5634155,944.5055542,924.6212158,929.5923462,47689417
17/11/2020,934.5634155,939.5344849,924.6212158,924.6212158,51103664
18/11/2020,929.5923462,959.4188232,924.6212158,954.4477539,100399271
19/11/2020,964.3898926,964.3898926,944.5055542,954.4477539,50226088
20/11/2020,954.4477539,964.3898926,939.5344849,949.4766235,54667878
23/11/2020,949.4766235,1038.956177,949.4766235,1038.956177,313448566
24/11/2020,1058.840454,1098.609131,1014.100708,1078.724731,233475432
25/11/2020,1093.638062,1093.638062,1033.984985,1073.753662,150496514
26/11/2020,1088.666992,1128.435547,1063.811523,1128.435547,120726033
27/11/2020,1133.406616,1153.291016,1103.5802,1108.55127,107602833
30/11/2020,1108.55127,1118.493408,1033.984985,1043.927246,165362996
01/12/2020,1043.927246,1083.695801,1009.129639,1078.724731,94605361
02/12/2020,1083.695801,1118.493408,1063.811523,1113.522339,101553748
03/12/2020,1123.464478,1133.406616,1098.609131,1118.493408,76616218
04/12/2020,1118.493408,1118.493408,1098.609131,1113.522339,36790683
07/12/2020,1118.493408,1212.94397,1108.55127,1212.94397,163644054
08/12/2020,1222.886108,1222.886108,1178.146362,1207.9729,81036886
10/12/2020,1203.001831,1227.857178,1188.088623,1188.088623,79745115
11/12/2020,1188.088623,1242.770508,1188.088623,1222.886108,83729056
14/12/2020,1222.886108,1252.712646,1217.915039,1237.799438,65782460
15/12/2020,1232.828369,1242.770508,1198.030762,1242.770508,61941848
16/12/2020,1247.741577,1287.510254,1242.770508,1252.712646,65341108
17/12/2020,1262.654785,1272.596924,1222.886108,1252.712646,37759687
18/12/2020,1252.712646,1262.654785,1222.886108,1242.770508,184987698
21/12/2020,1242.770508,1277.567993,1242.770508,1262.654785,46109479
22/12/2020,1262.654785,1267.625854,1203.001831,1203.001831,52587345
23/12/2020,1193.059692,1217.915039,1123.464478,1217.915039,52767889
28/12/2020,1242.770508,1242.770508,1188.088623,1203.001831,42443577
29/12/2020,1203.001831,1222.886108,1133.406616,1133.406616,86350820
30/12/2020,1133.406616,1148.319946,1058.840454,1093.638062,85622507
04/01/2021,1093.638062,1128.435547,1048.898315,1103.5802,48186995
05/01/2021,1098.609131,1153.291016,1083.695801,1153.291016,63040703
06/01/2021,1158.262085,1168.204224,1083.695801,1133.406616,38873931
07/01/2021,1168.204224,1178.146362,1118.493408,1123.464478,54208320
08/01/2021,1143.348877,1173.175293,1123.464478,1163.233154,74976334
11/01/2021,1173.175293,1188.088623,1148.319946,1173.175293,61605603
12/01/2021,1178.146362,1183.117554,1158.262085,1173.175293,35823187
13/01/2021,1168.204224,1188.088623,1153.291016,1168.204224,36565782
14/01/2021,1168.204224,1173.175293,1133.406616,1153.291016,42147766
15/01/2021,1153.291016,1163.233154,1113.522339,1138.377808,31138593
18/01/2021,1133.406616,1163.233154,1058.840454,1068.782593,58661676
19/01/2021,1068.782593,1098.609131,994.2163696,994.2163696,53743330
20/01/2021,994.2163696,1088.666992,944.5055542,1053.869385,67023035
21/01/2021,1073.753662,1093.638062,1033.984985,1063.811523,31965375
22/01/2021,1068.782593,1078.724731,999.187439,1014.100708,25731420
25/01/2021,1014.100708,1014.100708,959.4188232,979.3031616,26841842
26/01/2021,979.3031616,1068.782593,934.5634155,1053.869385,93118562
27/01/2021,1053.869385,1053.869385,984.274231,989.2453003,51961425
28/01/2021,974.3320313,994.2163696,924.6212158,924.6212158,46049231
29/01/2021,954.4477539,959.4188232,864.9682617,879.8814697,66684175
01/02/2021,879.8814697,994.2163696,845.0839233,984.274231,66113374
02/02/2021,989.2453003,1163.233154,959.4188232,1138.377808,218191134
03/02/2021,1143.348877,1158.262085,1058.840454,1108.55127,119581614
04/02/2021,1113.522339,1183.117554,1088.666992,1108.55127,149338416
05/02/2021,1108.55127,1178.146362,1093.638062,1158.262085,129610920
08/02/2021,1168.204224,1188.088623,1148.319946,1183.117554,84139028
09/02/2021,1183.117554,1217.915039,1113.522339,1138.377808,95315870
10/02/2021,1158.262085,1173.175293,1123.464478,1148.319946,49712417
11/02/2021,1148.319946,1183.117554,1103.5802,1163.233154,60662448
15/02/2021,1178.146362,1198.030762,1153.291016,1178.146362,58760649
16/02/2021,1188.088623,1188.088623,1153.291016,1153.291016,27534247
17/02/2021,1153.291016,1168.204224,1073.753662,1083.695801,60986422
18/02/2021,1083.695801,1098.609131,1048.898315,1048.898315,39456199
19/02/2021,1048.898315,1058.840454,1014.100708,1038.956177,36904944
22/02/2021,1053.869385,1058.840454,1014.100708,1014.100708,46399456
23/02/2021,1014.100708,1083.695801,1014.100708,1073.753662,79873658
24/02/2021,1073.753662,1078.724731,1019.071777,1029.013916,49904729
25/02/2021,1033.984985,1058.840454,1029.013916,1048.898315,33060509
26/02/2021,1048.898315,1093.638062,1014.100708,1093.638062,65236201
01/03/2021,1078.724731,1098.609131,1053.869385,1058.840454,52476906
02/03/2021,1063.811523,1098.609131,1043.927246,1083.695801,60173319
03/03/2021,1093.638062,1113.522339,1038.956177,1058.840454,58325633
04/03/2021,1063.811523,1088.666992,1019.071777,1019.071777,55508238
05/03/2021,1043.927246,1058.840454,1014.100708,1019.071777,33857418
08/03/2021,1043.927246,1043.927246,1019.071777,1019.071777,35716872
09/03/2021,1019.071777,1038.956177,984.274231,994.2163696,40038869
10/03/2021,994.2163696,1038.956177,994.2163696,1009.129639,32413467
12/03/2021,1014.100708,1058.840454,1014.100708,1053.869385,32616139
15/03/2021,1053.869385,1068.782593,1019.071777,1019.071777,33503370
16/03/2021,1019.071777,1043.927246,1019.071777,1024.042847,21427327
17/03/2021,1033.984985,1038.956177,1004.158569,1004.158569,23759214
18/03/2021,1004.158569,1024.042847,1004.158569,1014.100708,17077972
19/03/2021,1029.013916,1038.956177,1004.158569,1019.071777,49833618
22/03/2021,1024.042847,1024.042847,999.187439,1004.158569,18792186
23/03/2021,1004.158569,1009.129639,979.3031616,979.3031616,38822836
24/03/2021,974.3320313,994.2163696,964.3898926,994.2163696,28466740
25/03/2021,994.2163696,1004.158569,944.5055542,964.3898926,35623532
26/03/2021,964.3898926,974.3320313,934.5634155,939.5344849,53654416
29/03/2021,939.5344849,1014.100708,939.5344849,999.187439,99302125
30/03/2021,999.187439,999.187439,944.5055542,984.274231,52574872
31/03/2021,984.274231,984.274231,944.5055542,954.4477539,61368129
01/04/2021,954.4477539,964.3898926,934.5634155,939.5344849,36802149
05/04/2021,949.4766235,964.3898926,939.5344849,954.4477539,32552672
06/04/2021,964.3898926,989.2453003,949.4766235,979.3031616,38685140
07/04/2021,979.3031616,994.2163696,959.4188232,974.3320313,34924892
08/04/2021,984.274231,1014.100708,964.3898926,1014.100708,59250482
09/04/2021,1019.071777,1033.984985,984.274231,984.274231,39386597
12/04/2021,984.274231,1009.129639,954.4477539,954.4477539,52354297
13/04/2021,954.4477539,969.3609619,929.5923462,944.5055542,29292818
14/04/2021,944.5055542,969.3609619,939.5344849,969.3609619,31442249
15/04/2021,969.3609619,979.3031616,944.5055542,979.3031616,28352882
16/04/2021,974.3320313,974.3320313,954.4477539,969.3609619,25105701
19/04/2021,969.3609619,969.3609619,939.5344849,944.5055542,33191165
20/04/2021,934.5634155,974.3320313,934.5634155,959.4188232,58958895
21/04/2021,959.4188232,964.3898926,934.5634155,934.5634155,46861629
22/04/2021,934.5634155,949.4766235,914.6790771,919.6501465,58043702
23/04/2021,929.5923462,939.5344849,919.6501465,924.6212158,42318654
26/04/2021,924.6212158,929.5923462,899.7658081,904.7368774,32404414
27/04/2021,904.7368774,949.4766235,879.8814697,949.4766235,74723270
28/04/2021,954.4477539,969.3609619,924.6212158,969.3609619,55433405
29/04/2021,969.3609619,979.3031616,954.4477539,979.3031616,37258589
30/04/2021,974.3320313,994.2163696,954.4477539,994.2163696,23385351
03/05/2021,989.2453003,989.2453003,954.4477539,959.4188232,28256524
04/05/2021,974.3320313,994.2163696,954.4477539,994.2163696,42412799
05/05/2021,999.187439,1029.013916,969.3609619,969.3609619,65856388
06/05/2021,974.3320313,994.2163696,934.5634155,939.5344849,45124181
07/05/2021,944.5055542,949.4766235,924.6212158,924.6212158,28748369
10/05/2021,944.5055542,944.5055542,914.6790771,919.6501465,40450349
11/05/2021,914.6790771,934.5634155,914.6790771,919.6501465,27644988
17/05/2021,919.6501465,929.5923462,864.9682617,864.9682617,65623742
18/05/2021,864.9682617,889.8236694,859.9971924,874.9104004,38009432
19/05/2021,879.8814697,879.8814697,859.9971924,869.9393311,28696972
20/05/2021,879.8814697,939.5344849,855.026062,924.6212158,79694723
21/05/2021,929.5923462,934.5634155,894.7947388,894.7947388,37794790
24/05/2021,899.7658081,904.7368774,835.1417847,845.0839233,71546799
25/05/2021,850.0549927,884.8526001,845.0839233,855.026062,52425006
27/05/2021,859.9971924,879.8814697,850.0549927,850.0549927,72596470
28/05/2021,864.9682617,884.8526001,845.0839233,884.8526001,31620179
31/05/2021,884.8526001,894.7947388,859.9971924,894.7947388,48017213
02/06/2021,894.7947388,904.7368774,879.8814697,904.7368774,55792985
03/06/2021,904.7368774,924.6212158,894.7947388,924.6212158,38829676
04/06/2021,924.6212158,924.6212158,879.8814697,879.8814697,38127816
07/06/2021,894.7947388,909.7080078,874.9104004,879.8814697,31227005
08/06/2021,884.8526001,899.7658081,850.0549927,850.0549927,50122891
09/06/2021,855.026062,859.9971924,840.112854,855.026062,49522217
10/06/2021,855.026062,869.9393311,845.0839233,859.9971924,47404569
11/06/2021,864.9682617,874.9104004,850.0549927,855.026062,31349614
14/06/2021,855.026062,859.9971924,820.2285156,820.2285156,46426513
15/06/2021,820.2285156,874.9104004,800.3441772,874.9104004,83291425
16/06/2021,869.9393311,894.7947388,855.026062,855.026062,70671738
17/06/2021,855.026062,874.9104004,845.0839233,845.0839233,34777640
18/06/2021,855.026062,859.9971924,825.199585,855.026062,70267399
21/06/2021,835.1417847,855.026062,820.2285156,830.1706543,38165434
22/06/2021,840.112854,934.5634155,840.112854,919.6501465,132546800
23/06/2021,934.5634155,934.5634155,894.7947388,909.7080078,37994948
24/06/2021,949.4766235,949.4766235,894.7947388,909.7080078,28561689
25/06/2021,904.7368774,914.6790771,879.8814697,889.8236694,23452339
28/06/2021,889.8236694,889.8236694,855.026062,855.026062,35366144
29/06/2021,864.9682617,889.8236694,845.0839233,859.9971924,30983597
30/06/2021,864.9682617,879.8814697,850.0549927,850.0549927,35688508
01/07/2021,850.0549927,864.9682617,840.112854,864.9682617,24307485
02/07/2021,859.9971924,864.9682617,845.0839233,850.0549927,20244989
05/07/2021,845.0839233,855.026062,825.199585,835.1417847,22580496
06/07/2021,835.1417847,864.9682617,830.1706543,864.9682617,23368755
07/07/2021,864.9682617,884.8526001,855.026062,884.8526001,15870187
08/07/2021,894.7947388,894.7947388,864.9682617,869.9393311,23233775
09/07/2021,869.9393311,894.7947388,855.026062,884.8526001,25673988
12/07/2021,889.8236694,894.7947388,850.0549927,850.0549927,20966260
13/07/2021,855.026062,864.9682617,830.1706543,835.1417847,37290473
14/07/2021,840.112854,845.0839233,805.3152466,815.2574463,42504127
15/07/2021,820.2285156,820.2285156,800.3441772,800.3441772,20088484
16/07/2021,800.3441772,820.2285156,795.3731079,805.3152466,25095341
19/07/2021,805.3152466,815.2574463,800.3441772,805.3152466,29174634
21/07/2021,800.3441772,820.2285156,795.3731079,805.3152466,24882712
22/07/2021,805.3152466,835.1417847,805.3152466,830.1706543,46113301
23/07/2021,835.1417847,845.0839233,805.3152466,805.3152466,38822635
26/07/2021,815.2574463,815.2574463,800.3441772,800.3441772,25549066
27/07/2021,815.2574463,889.8236694,815.2574463,869.9393311,113855999
28/07/2021,884.8526001,884.8526001,840.112854,864.9682617,52216600
29/07/2021,864.9682617,949.4766235,859.9971924,949.4766235,112078016
30/07/2021,954.4477539,1009.129639,954.4477539,964.3898926,191593201
02/08/2021,979.3031616,1058.840454,964.3898926,1033.984985,163643551
03/08/2021,1038.956177,1043.927246,989.2453003,1024.042847,107994599
04/08/2021,1029.013916,1068.782593,1004.158569,1033.984985,59329639
05/08/2021,1063.811523,1123.464478,1038.956177,1083.695801,128413695
06/08/2021,1118.493408,1158.262085,1078.724731,1118.493408,88593792
09/08/2021,1123.464478,1133.406616,1068.782593,1093.638062,64873704
10/08/2021,1088.666992,1098.609131,1029.013916,1029.013916,60773892
12/08/2021,1029.013916,1098.609131,1024.042847,1078.724731,52579902
13/08/2021,1078.724731,1088.666992,1053.869385,1068.782593,25291878
16/08/2021,1073.753662,1078.724731,1029.013916,1043.927246,32669849
18/08/2021,1043.927246,1138.377808,1038.956177,1123.464478,100707654
19/08/2021,1123.464478,1128.435547,1053.869385,1073.753662,54972540
20/08/2021,1073.753662,1093.638062,1053.869385,1078.724731,34356102
23/08/2021,1093.638062,1118.493408,1053.869385,1078.724731,40468152
24/08/2021,1083.695801,1118.493408,1063.811523,1118.493408,31285744
25/08/2021,1118.493408,1118.493408,1073.753662,1088.666992,48416824
26/08/2021,1088.666992,1138.377808,1038.956177,1048.898315,116296112
27/08/2021,1043.927246,1063.811523,1019.071777,1053.869385,37601472
30/08/2021,1063.811523,1068.782593,1024.042847,1048.898315,38011041
31/08/2021,1048.898315,1063.811523,1033.984985,1058.840454,56748209
01/09/2021,1063.811523,1068.782593,1004.158569,1014.100708,64953667
02/09/2021,1014.100708,1033.984985,994.2163696,1009.129639,37754759
03/09/2021,1014.100708,1033.984985,994.2163696,1014.100708,39000866
06/09/2021,1014.100708,1024.042847,989.2453003,1004.158569,46328848
07/09/2021,1004.158569,1014.100708,994.2163696,994.2163696,27700911
08/09/2021,994.2163696,999.187439,949.4766235,964.3898926,64772016
09/09/2021,954.4477539,1004.158569,954.4477539,1004.158569,54664558
10/09/2021,1004.158569,1009.129639,984.274231,999.187439,30497485
13/09/2021,999.187439,1004.158569,979.3031616,1004.158569,21425718
14/09/2021,1004.158569,1029.013916,999.187439,1004.158569,38302527
15/09/2021,1004.158569,1009.129639,984.274231,989.2453003,35191936
16/09/2021,989.2453003,999.187439,984.274231,994.2163696,23519326
17/09/2021,989.2453003,1019.071777,989.2453003,1019.071777,41861209
20/09/2021,1019.071777,1019.071777,979.3031616,984.274231,36234768
21/09/2021,979.3031616,979.3031616,959.4188232,969.3609619,26390432
22/09/2021,969.3609619,989.2453003,969.3609619,974.3320313,41394811
23/09/2021,979.3031616,1009.129639,979.3031616,989.2453003,32241371
24/09/2021,989.2453003,999.187439,959.4188232,969.3609619,35307907
27/09/2021,969.3609619,974.3320313,949.4766235,959.4188232,23114384
28/09/2021,959.4188232,994.2163696,944.5055542,969.3609619,44890429
29/09/2021,959.4188232,999.187439,954.4477539,974.3320313,37109125
30/09/2021,974.3320313,979.3031616,944.5055542,959.4188232,61228924
01/10/2021,959.4188232,969.3609619,939.5344849,949.4766235,31242796
04/10/2021,949.4766235,969.3609619,944.5055542,969.3609619,32113130
05/10/2021,969.3609619,1004.158569,914.6790771,924.6212158,124682817
06/10/2021,929.5923462,944.5055542,914.6790771,939.5344849,53203911
07/10/2021,944.5055542,954.4477539,929.5923462,944.5055542,33651225
08/10/2021,944.5055542,984.274231,939.5344849,959.4188232,71694453
11/10/2021,959.4188232,964.3898926,919.6501465,919.6501465,49924745
12/10/2021,919.6501465,949.4766235,899.7658081,919.6501465,55466999
13/10/2021,919.6501465,929.5923462,904.7368774,914.6790771,46070755
14/10/2021,914.6790771,934.5634155,904.7368774,919.6501465,52830249
15/10/2021,924.6212158,944.5055542,919.6501465,939.5344849,52397949
18/10/2021,949.4766235,959.4188232,939.5344849,949.4766235,49929573
19/10/2021,954.4477539,1004.158569,949.4766235,974.3320313,157106141
21/10/2021,984.274231,994.2163696,954.4477539,984.274231,56932375
22/10/2021,984.274231,989.2453003,964.3898926,969.3609619,38232421
25/10/2021,969.3609619,974.3320313,949.4766235,959.4188232,36270474
26/10/2021,964.3898926,994.2163696,964.3898926,969.3609619,62945553
27/10/2021,979.3031616,984.274231,954.4477539,969.3609619,38312887
28/10/2021,969.3609619,969.3609619,919.6501465,924.6212158,50199434
29/10/2021,934.5634155,944.5055542,919.6501465,929.5923462,40554049
01/11/2021,934.5634155,944.5055542,929.5923462,929.5923462,40503758
02/11/2021,934.5634155,939.5344849,914.6790771,914.6790771,40279762
03/11/2021,919.6501465,929.5923462,904.7368774,914.6790771,30603901
04/11/2021,919.6501465,949.4766235,919.6501465,929.5923462,42889556
05/11/2021,934.5634155,964.3898926,934.5634155,964.3898926,46864546
08/11/2021,984.274231,994.2163696,964.3898926,969.3609619,54912191
09/11/2021,974.3320313,979.3031616,959.4188232,964.3898926,22031924
10/11/2021,959.4188232,969.3609619,954.4477539,969.3609619,22103136
11/11/2021,974.3320313,979.3031616,954.4477539,964.3898926,17720086
12/11/2021,959.4188232,969.3609619,949.4766235,969.3609619,30187291
15/11/2021,969.3609619,984.274231,954.4477539,964.3898926,34309130
16/11/2021,964.3898926,1043.927246,964.3898926,1024.042847,160764500
17/11/2021,1024.042847,1043.927246,1004.158569,1033.984985,68801924
18/11/2021,1033.984985,1053.869385,1019.071777,1033.984985,37759788
19/11/2021,1033.984985,1033.984985,1004.158569,1014.100708,39038684
22/11/2021,1014.100708,1033.984985,1014.100708,1019.071777,27989882
23/11/2021,1033.984985,1093.638062,1019.071777,1048.898315,145797738
24/11/2021,1063.811523,1073.753662,1038.956177,1058.840454,60727625
25/11/2021,1068.782593,1083.695801,1053.869385,1068.782593,68965671
26/11/2021,1068.782593,1068.782593,994.2163696,1009.129639,72524554
29/11/2021,999.187439,1009.129639,969.3609619,979.3031616,70754919
30/11/2021,984.274231,999.187439,914.6790771,914.6790771,147785233
01/12/2021,924.6212158,944.5055542,904.7368774,919.6501465,71114398
02/12/2021,919.6501465,924.6212158,894.7947388,909.7080078,41322493
03/12/2021,909.7080078,924.6212158,889.8236694,889.8236694,60487335
06/12/2021,889.8236694,899.7658081,869.9393311,874.9104004,99068775
07/12/2021,879.8814697,899.7658081,874.9104004,889.8236694,53822589
08/12/2021,899.7658081,899.7658081,874.9104004,874.9104004,35415731
09/12/2021,879.8814697,894.7947388,874.9104004,889.8236694,31341064
10/12/2021,889.8236694,889.8236694,874.9104004,874.9104004,32548850
13/12/2021,879.8814697,889.8236694,879.8814697,879.8814697,31733635
14/12/2021,884.8526001,884.8526001,874.9104004,879.8814697,28679068
15/12/2021,879.8814697,914.6790771,879.8814697,914.6790771,49687573
16/12/2021,914.6790771,919.6501465,884.8526001,884.8526001,51088576
17/12/2021,884.8526001,889.8236694,874.9104004,889.8236694,36144043
20/12/2021,889.8236694,889.8236694,874.9104004,879.8814697,21311457
21/12/2021,879.8814697,894.7947388,879.8814697,884.8526001,22463922
22/12/2021,889.8236694,894.7947388,859.9971924,859.9971924,33884977
23/12/2021,855.026062,869.9393311,850.0549927,855.026062,26890926
24/12/2021,859.9971924,869.9393311,850.0549927,869.9393311,20276069
27/12/2021,859.9971924,879.8814697,859.9971924,869.9393311,25726089
28/12/2021,874.9104004,899.7658081,869.9393311,884.8526001,44855225
29/12/2021,889.8236694,889.8236694,864.9682617,869.9393311,27485666
30/12/2021,869.9393311,874.9104004,850.0549927,850.0549927,29667183
03/01/2022,850.0549927,864.9682617,850.0549927,855.026062,24148867
04/01/2022,859.9971924,869.9393311,855.026062,855.026062,24850626
05/01/2022,859.9971924,864.9682617,845.0839233,855.026062,23644651
06/01/2022,855.026062,859.9971924,830.1706543,850.0549927,35652098
07/01/2022,850.0549927,855.026062,840.112854,840.112854,16547705
10/01/2022,845.0839233,845.0839233,830.1706543,830.1706543,30620497
11/01/2022,835.1417847,864.9682617,830.1706543,840.112854,38806240
12/01/2022,855.026062,879.8814697,850.0549927,874.9104004,50864681
13/01/2022,879.8814697,884.8526001,864.9682617,879.8814697,30622710
14/01/2022,879.8814697,879.8814697,855.026062,855.026062,22195570
17/01/2022,855.026062,855.026062,830.1706543,840.112854,37287355
18/01/2022,840.112854,845.0839233,815.2574463,830.1706543,34918052
19/01/2022,830.1706543,835.1417847,815.2574463,815.2574463,23467828
20/01/2022,820.2285156,840.112854,815.2574463,835.1417847,23012495
21/01/2022,835.1417847,869.9393311,830.1706543,869.9393311,43111641
24/01/2022,869.9393311,874.9104004,850.0549927,850.0549927,34929217
25/01/2022,850.0549927,869.9393311,850.0549927,869.9393311,37801026
26/01/2022,869.9393311,889.8236694,859.9971924,884.8526001,51667826
27/01/2022,884.8526001,894.7947388,869.9393311,894.7947388,29004551
28/01/2022,894.7947388,904.7368774,869.9393311,869.9393311,33779568
31/01/2022,874.9104004,884.8526001,869.9393311,884.8526001,30480085
02/02/2022,884.8526001,899.7658081,874.9104004,884.8526001,31877970
03/02/2022,884.8526001,899.7658081,874.9104004,884.8526001,30866419
04/02/2022,894.7947388,934.5634155,889.8236694,929.5923462,68982468
07/02/2022,934.5634155,939.5344849,919.6501465,939.5344849,46459805
08/02/2022,934.5634155,939.5344849,919.6501465,919.6501465,38825351
09/02/2022,919.6501465,989.2453003,919.6501465,969.3609619,104949789
10/02/2022,974.3320313,1053.869385,974.3320313,1053.869385,149164410
11/02/2022,1053.869385,1088.666992,1004.158569,1019.071777,118537475
14/02/2022,1014.100708,1014.100708,959.4188232,994.2163696,69547335
15/02/2022,994.2163696,1004.158569,984.274231,994.2163696,39466257
16/02/2022,1004.158569,1043.927246,1004.158569,1009.129639,65372791
17/02/2022,1009.129639,1019.071777,994.2163696,1004.158569,25180836
18/02/2022,999.187439,999.187439,979.3031616,979.3031616,45690556
21/02/2022,974.3320313,984.274231,954.4477539,969.3609619,34789509
22/02/2022,969.3609619,969.3609619,944.5055542,959.4188232,38693991
23/02/2022,954.4477539,974.3320313,934.5634155,959.4188232,51566138
24/02/2022,954.4477539,954.4477539,914.6790771,924.6212158,56557507
25/02/2022,924.6212158,964.3898926,884.8526001,884.8526001,109735568
01/03/2022,889.8236694,909.7080078,884.8526001,899.7658081,45599932
02/03/2022,899.7658081,929.5923462,894.7947388,899.7658081,55185874
04/03/2022,899.7658081,904.7368774,889.8236694,899.7658081,29351859
07/03/2022,899.7658081,899.7658081,840.112854,840.112854,74646728
08/03/2022,840.112854,855.026062,820.2285156,820.2285156,58869981
09/03/2022,825.199585,850.0549927,825.199585,835.1417847,47769178
10/03/2022,855.026062,874.9104004,850.0549927,874.9104004,67670580
11/03/2022,874.9104004,874.9104004,845.0839233,859.9971924,34492893
14/03/2022,859.9971924,904.7368774,850.0549927,889.8236694,54380616
15/03/2022,899.7658081,899.7658081,850.0549927,855.026062,61659012
16/03/2022,859.9971924,884.8526001,850.0549927,869.9393311,54931603
17/03/2022,879.8814697,879.8814697,850.0549927,855.026062,42021737
18/03/2022,855.026062,864.9682617,845.0839233,864.9682617,67076746
21/03/2022,864.9682617,879.8814697,859.9971924,874.9104004,32763793
22/03/2022,879.8814697,879.8814697,864.9682617,869.9393311,22522260
23/03/2022,874.9104004,879.8814697,864.9682617,869.9393311,28367667
24/03/2022,874.9104004,894.7947388,869.9393311,894.7947388,54941158
25/03/2022,899.7658081,904.7368774,874.9104004,894.7947388,39665309
28/03/2022,894.7947388,899.7658081,869.9393311,874.9104004,35852959
29/03/2022,879.8814697,894.7947388,874.9104004,879.8814697,33441714
30/03/2022,884.8526001,909.7080078,884.8526001,899.7658081,62837628
31/03/2022,904.7368774,909.7080078,884.8526001,899.7658081,43165452
01/04/2022,899.7658081,919.6501465,884.8526001,894.7947388,83910506
04/04/2022,894.7947388,904.7368774,884.8526001,904.7368774,30581069
05/04/2022,904.7368774,909.7080078,889.8236694,899.7658081,31354039
06/04/2022,899.7658081,904.7368774,884.8526001,899.7658081,30606013
07/04/2022,904.7368774,904.7368774,884.8526001,884.8526001,29995884
08/04/2022,874.9104004,889.8236694,874.9104004,884.8526001,31995248
11/04/2022,884.8526001,884.8526001,859.9971924,864.9682617,25517282
12/04/2022,855.026062,879.8814697,845.0839233,879.8814697,33630103
13/04/2022,879.8814697,879.8814697,859.9971924,869.9393311,58772216
14/04/2022,874.9104004,879.8814697,864.9682617,864.9682617,21213792
18/04/2022,864.9682617,874.9104004,855.026062,855.026062,22498824
19/04/2022,855.026062,879.8814697,855.026062,879.8814697,30122718
20/04/2022,884.8526001,889.8236694,864.9682617,864.9682617,32598738
21/04/2022,869.9393311,904.7368774,864.9682617,884.8526001,48531387
22/04/2022,894.7947388,899.7658081,859.9971924,869.9393311,38811470
25/04/2022,864.9682617,869.9393311,850.0549927,859.9971924,25665338
26/04/2022,864.9682617,869.9393311,850.0549927,864.9682617,25194716
27/04/2022,864.9682617,869.9393311,850.0549927,859.9971924,25608912
28/04/2022,859.9971924,879.8814697,845.0839233,845.0839233,45269622
09/05/2022,845.0839233,850.0549927,815.2574463,815.2574463,51987576
10/05/2022,815.2574463,835.1417847,795.3731079,820.2285156,50062944
11/05/2022,820.2285156,845.0839233,820.2285156,845.0839233,35336673
12/05/2022,840.112854,840.112854,790.4020386,790.4020386,74836727
13/05/2022,795.3731079,820.2285156,785.4309692,800.3441772,44851906
17/05/2022,800.3441772,825.199585,800.3441772,820.2285156,32919393
18/05/2022,820.2285156,835.1417847,810.286377,820.2285156,25559727
19/05/2022,815.2574463,815.2574463,795.3731079,800.3441772,36866723
20/05/2022,800.3441772,820.2285156,795.3731079,810.286377,34828736
23/05/2022,810.286377,815.2574463,795.3731079,810.286377,25764210
24/05/2022,810.286377,815.2574463,800.3441772,810.286377,23520232
25/05/2022,810.286377,815.2574463,800.3441772,810.286377,19891746
27/05/2022,810.286377,835.1417847,810.286377,835.1417847,37775076
30/05/2022,840.112854,840.112854,820.2285156,820.2285156,17385551
31/05/2022,820.2285156,855.026062,820.2285156,830.1706543,113353191
02/06/2022,835.1417847,845.0839233,815.2574463,820.2285156,41881023
03/06/2022,830.1706543,850.0549927,825.199585,835.1417847,36684971
06/06/2022,835.1417847,850.0549927,810.286377,825.199585,37079855
07/06/2022,830.1706543,835.1417847,805.3152466,805.3152466,41050118
08/06/2022,810.286377,810.286377,800.3441772,805.3152466,36946987
09/06/2022,805.3152466,810.286377,800.3441772,800.3441772,34254012
10/06/2022,800.3441772,805.3152466,765.5466309,770.5177002,68410962
13/06/2022,760.5755615,760.5755615,735.7200928,740.6912231,44215928
14/06/2022,740.6912231,745.6622925,705.8936157,715.8358154,59051330
15/06/2022,715.8358154,725.7779541,686.0092773,720.8068848,69705650
16/06/2022,730.7490234,755.6044312,725.7779541,740.6912231,51383784
17/06/2022,740.6912231,745.6622925,715.8358154,715.8358154,37146440
20/06/2022,715.8358154,745.6622925,715.8358154,745.6622925,29757003
21/06/2022,750.6333618,780.4598389,735.7200928,765.5466309,42196749
22/06/2022,765.5466309,775.4887695,745.6622925,745.6622925,26657979
23/06/2022,745.6622925,765.5466309,730.7490234,760.5755615,30465601
24/06/2022,760.5755615,770.5177002,740.6912231,745.6622925,34286097
27/06/2022,750.6333618,760.5755615,745.6622925,755.6044312,25836930
28/06/2022,755.6044312,770.5177002,745.6622925,770.5177002,31588797
29/06/2022,765.5466309,775.4887695,755.6044312,755.6044312,41607139
30/06/2022,760.5755615,775.4887695,740.6912231,750.6333618,48223908
01/07/2022,745.6622925,760.5755615,725.7779541,725.7779541,41287491
04/07/2022,715.8358154,725.7779541,695.9514771,720.8068848,35458075
05/07/2022,715.8358154,725.7779541,705.8936157,705.8936157,27088871
06/07/2022,710.8646851,715.8358154,700.9225464,710.8646851,23023257
07/07/2022,715.8358154,795.3731079,715.8358154,795.3731079,105513248
08/07/2022,795.3731079,800.3441772,770.5177002,780.4598389,56943640
11/07/2022,780.4598389,815.2574463,770.5177002,815.2574463,51764988
12/07/2022,815.2574463,840.112854,800.3441772,820.2285156,85631660
13/07/2022,835.1417847,889.8236694,825.199585,869.9393311,181551826
14/07/2022,869.9393311,909.7080078,855.026062,894.7947388,96702289
15/07/2022,894.7947388,899.7658081,869.9393311,879.8814697,60570013
18/07/2022,884.8526001,894.7947388,874.9104004,889.8236694,47937854
19/07/2022,889.8236694,909.7080078,884.8526001,904.7368774,57339429
20/07/2022,909.7080078,939.5344849,884.8526001,924.6212158,109772683
21/07/2022,929.5923462,939.5344849,919.6501465,934.5634155,67906545
22/07/2022,939.5344849,949.4766235,924.6212158,929.5923462,47406480
25/07/2022,929.5923462,939.5344849,909.7080078,919.6501465,37802334
26/07/2022,909.7080078,914.6790771,859.9971924,879.8814697,105001689
27/07/2022,884.8526001,919.6501465,884.8526001,909.7080078,45625178
28/07/2022,909.7080078,924.6212158,899.7658081,904.7368774,42643332
29/07/2022,904.7368774,919.6501465,874.9104004,894.7947388,67982786
01/08/2022,894.7947388,964.3898926,894.7947388,959.4188232,90019639
02/08/2022,959.4188232,969.3609619,929.5923462,949.4766235,90705606
03/08/2022,949.4766235,994.2163696,949.4766235,989.2453003,71197881
04/08/2022,989.2453003,999.187439,974.3320313,999.187439,82978415
05/08/2022,1009.129639,1014.100708,974.3320313,1009.129639,39781983
08/08/2022,1004.158569,1033.984985,989.2453003,1033.984985,51208470
09/08/2022,1019.071777,1038.956177,999.187439,1019.071777,59273113
10/08/2022,1019.071777,1053.869385,1004.158569,1053.869385,50326770
11/08/2022,1053.869385,1058.840454,1029.013916,1053.869385,37008442
12/08/2022,1043.927246,1048.898315,1014.100708,1019.071777,39560402
15/08/2022,1024.042847,1029.013916,949.4766235,959.4188232,90587724
16/08/2022,959.4188232,989.2453003,944.5055542,969.3609619,62817009
18/08/2022,969.3609619,984.274231,944.5055542,959.4188232,41935539
19/08/2022,959.4188232,959.4188232,899.7658081,904.7368774,86296204
22/08/2022,899.7658081,909.7080078,879.8814697,879.8814697,62833605
23/08/2022,879.8814697,904.7368774,879.8814697,889.8236694,54840275
24/08/2022,889.8236694,894.7947388,850.0549927,859.9971924,78626545
25/08/2022,859.9971924,869.9393311,845.0839233,845.0839233,52441602
26/08/2022,840.112854,850.0549927,815.2574463,820.2285156,68444054
29/08/2022,815.2574463,840.112854,805.3152466,830.1706543,47562080
30/08/2022,835.1417847,840.112854,820.2285156,835.1417847,50004205
31/08/2022,845.0839233,855.026062,815.2574463,815.2574463,67031987
01/09/2022,820.2285156,840.112854,820.2285156,820.2285156,46681387
02/09/2022,830.1706543,864.9682617,825.199585,855.026062,79369543
05/09/2022,855.026062,859.9971924,840.112854,850.0549927,35382438
06/09/2022,850.0549927,859.9971924,835.1417847,845.0839233,79423857
07/09/2022,850.0549927,855.026062,820.2285156,830.1706543,102784063
08/09/2022,835.1417847,864.9682617,825.199585,855.026062,128684461
09/09/2022,855.026062,879.8814697,850.0549927,864.9682617,89234297
12/09/2022,864.9682617,874.9104004,845.0839233,869.9393311,57248302
13/09/2022,869.9393311,874.9104004,845.0839233,845.0839233,101462822
14/09/2022,835.1417847,840.112854,820.2285156,825.199585,90831132
15/09/2022,830.1706543,835.1417847,815.2574463,820.2285156,133576656
16/09/2022,830.1706543,830.1706543,810.286377,810.286377,117407640
19/09/2022,815.2574463,820.2285156,795.3731079,800.3441772,101272622
20/09/2022,800.3441772,815.2574463,800.3441772,800.3441772,76948038
21/09/2022,810.286377,815.2574463,800.3441772,805.3152466,109476268
22/09/2022,805.3152466,845.0839233,805.3152466,840.112854,114549812
23/09/2022,845.0839233,850.0549927,825.199585,830.1706543,111768023
26/09/2022,845.0839233,864.9682617,825.199585,859.9971924,155502969
27/09/2022,859.9971924,864.9682617,825.199585,830.1706543,104229825
28/09/2022,830.1706543,840.112854,815.2574463,825.199585,80713516
29/09/2022,830.1706543,840.112854,800.3441772,810.286377,92708993
30/09/2022,810.286377,815.2574463,775.4887695,790.4020386,143593791
03/10/2022,785.4309692,790.4020386,760.5755615,780.4598389,105402004
04/10/2022,790.4020386,795.3731079,765.5466309,765.5466309,98077744
05/10/2022,780.4598389,805.3152466,775.4887695,800.3441772,113461920
06/10/2022,805.3152466,825.199585,800.3441772,805.3152466,64078304
07/10/2022,805.3152466,805.3152466,785.4309692,800.3441772,64070358
10/10/2022,795.3731079,800.3441772,785.4309692,785.4309692,52046919
11/10/2022,790.4020386,825.199585,790.4020386,820.2285156,135119077
12/10/2022,825.199585,825.199585,790.4020386,805.3152466,91671794
13/10/2022,805.3152466,815.2574463,790.4020386,790.4020386,78807090
14/10/2022,795.3731079,810.286377,790.4020386,790.4020386,61713527
17/10/2022,790.4020386,790.4020386,770.5177002,785.4309692,49003014
18/10/2022,790.4020386,800.3441772,780.4598389,790.4020386,60507653
19/10/2022,795.3731079,805.3152466,785.4309692,790.4020386,54659127
20/10/2022,790.4020386,805.3152466,790.4020386,805.3152466,64905086
21/10/2022,805.3152466,820.2285156,800.3441772,815.2574463,79374471
24/10/2022,815.2574463,815.2574463,785.4309692,800.3441772,60308300
25/10/2022,800.3441772,810.286377,795.3731079,810.286377,66319868
26/10/2022,810.286377,820.2285156,800.3441772,800.3441772,100523791
27/10/2022,805.3152466,840.112854,800.3441772,840.112854,109034011
28/10/2022,845.0839233,850.0549927,820.2285156,830.1706543,88229284
31/10/2022,840.112854,845.0839233,820.2285156,820.2285156,118419090
01/11/2022,820.2285156,835.1417847,795.3731079,795.3731079,100610995
02/11/2022,800.3441772,825.199585,800.3441772,825.199585,86624100
03/11/2022,825.199585,840.112854,810.286377,820.2285156,96211349
04/11/2022,820.2285156,825.199585,800.3441772,815.2574463,113957989
07/11/2022,815.2574463,815.2574463,795.3731079,810.286377,85122817
08/11/2022,810.286377,815.2574463,795.3731079,795.3731079,48920839
09/11/2022,800.3441772,805.3152466,785.4309692,800.3441772,103043564
10/11/2022,795.3731079,795.3731079,780.4598389,780.4598389,61792282
11/11/2022,790.4020386,795.3731079,780.4598389,795.3731079,85522227
14/11/2022,795.3731079,810.286377,790.4020386,805.3152466,93666028
15/11/2022,805.3152466,840.112854,805.3152466,830.1706543,92605796
16/11/2022,840.112854,840.112854,810.286377,835.1417847,75271843
17/11/2022,835.1417847,835.1417847,815.2574463,825.199585,31383107
18/11/2022,825.199585,835.1417847,815.2574463,815.2574463,65024175
21/11/2022,820.2285156,825.199585,805.3152466,820.2285156,77405785
22/11/2022,825.199585,835.1417847,815.2574463,815.2574463,87178507
23/11/2022,815.2574463,825.199585,800.3441772,805.3152466,50722057
24/11/2022,810.286377,825.199585,805.3152466,815.2574463,72364327
25/11/2022,820.2285156,820.2285156,800.3441772,815.2574463,49036810
28/11/2022,805.3152466,815.2574463,800.3441772,800.3441772,46670625
29/11/2022,800.3441772,805.3152466,795.3731079,805.3152466,58764873
30/11/2022,805.3152466,810.286377,785.4309692,785.4309692,157355685
01/12/2022,795.3731079,795.3731079,785.4309692,790.4020386,55212528
02/12/2022,790.4020386,800.3441772,785.4309692,790.4020386,50806646
05/12/2022,790.4020386,795.3731079,775.4887695,785.4309692,50848287
06/12/2022,785.4309692,785.4309692,760.5755615,765.5466309,37050184
07/12/2022,765.5466309,775.4887695,755.6044312,755.6044312,76653132
08/12/2022,755.6044312,795.3731079,735.7200928,790.4020386,109021438
09/12/2022,790.4020386,790.4020386,760.5755615,770.5177002,31481577
12/12/2022,765.5466309,780.4598389,755.6044312,775.4887695,97603300
13/12/2022,775.4887695,790.4020386,760.5755615,760.5755615,92224290
14/12/2022,765.5466309,775.4887695,750.6333618,750.6333618,79572114
15/12/2022,755.6044312,765.5466309,740.6912231,755.6044312,89529806
16/12/2022,755.6044312,775.4887695,750.6333618,770.5177002,96160857
19/12/2022,770.5177002,780.4598389,750.6333618,750.6333618,66388364
20/12/2022,753.7939453,773.7619629,753.7939453,763.7779541,76733677
21/12/2022,763.7779541,768.7699585,753.7939453,768.7699585,61088986
22/12/2022,768.7699585,778.7539673,758.7859497,758.7859497,51300048
23/12/2022,758.7859497,778.7539673,753.7939453,778.7539673,70595372
26/12/2022,778.7539673,783.7460327,768.7699585,778.7539673,55203985
27/12/2022,778.7539673,788.7380371,773.7619629,778.7539673,50965815
28/12/2022,783.7460327,783.7460327,758.7859497,763.7779541,45832414
29/12/2022,763.7779541,773.7619629,753.7939453,763.7779541,76225165
30/12/2022,768.7699585,783.7460327,753.7939453,753.7939453,89476734
02/01/2023,758.7859497,763.7779541,748.8019409,763.7779541,48003482
03/01/2023,763.7779541,818.6901245,763.7779541,808.7060547,99248343
04/01/2023,808.7060547,813.6980591,788.7380371,793.7300415,45936380
05/01/2023,793.7300415,803.7140503,778.7539673,783.7460327,70829746
06/01/2023,783.7460327,818.6901245,783.7460327,818.6901245,86462519
09/01/2023,818.6901245,828.6741333,798.7220459,813.6980591,77241188
10/01/2023,813.6980591,823.6821289,803.7140503,818.6901245,71666583
11/01/2023,818.6901245,823.6821289,798.7220459,813.6980591,77706832
12/01/2023,813.6980591,823.6821289,798.7220459,803.7140503,94310455
13/01/2023,803.7140503,838.6581421,803.7140503,838.6581421,88993161
16/01/2023,833.6661377,838.6581421,818.6901245,838.6581421,82699207
17/01/2023,833.6661377,843.6501465,828.6741333,833.6661377,65810428
18/01/2023,833.6661377,848.6421509,818.6901245,848.6421509,65435128
19/01/2023,838.6581421,843.6501465,828.6741333,838.6581421,77139626
20/01/2023,843.6501465,848.6421509,833.6661377,833.6661377,72085552
24/01/2023,833.6661377,833.6661377,823.6821289,833.6661377,50025412
25/01/2023,833.6661377,843.6501465,823.6821289,838.6581421,67110104
26/01/2023,838.6581421,843.6501465,828.6741333,843.6501465,55949676
27/01/2023,843.6501465,848.6421509,833.6661377,838.6581421,74842156
30/01/2023,843.6501465,868.6102295,838.6581421,853.6341553,85542449
31/01/2023,848.6421509,848.6421509,823.6821289,823.6821289,94470311
01/02/2023,823.6821289,833.6661377,818.6901245,823.6821289,68274064
02/02/2023,828.6741333,838.6581421,823.6821289,833.6661377,71665581
03/02/2023,833.6661377,838.6581421,818.6901245,828.6741333,63494428
06/02/2023,828.6741333,833.6661377,813.6980591,823.6821289,41473351
07/02/2023,828.6741333,848.6421509,818.6901245,848.6421509,72466961
08/02/2023,848.6421509,858.6262207,843.6501465,858.6262207,57213194
09/02/2023,858.6262207,858.6262207,838.6581421,838.6581421,73859786
10/02/2023,838.6581421,853.6341553,823.6821289,853.6341553,74864191
13/02/2023,853.6341553,853.6341553,833.6661377,843.6501465,61631653
14/02/2023,843.6501465,858.6262207,838.6581421,853.6341553,74690914
15/02/2023,853.6341553,858.6262207,838.6581421,858.6262207,46944591
16/02/2023,858.6262207,888.5782471,843.6501465,888.5782471,88317582
17/02/2023,888.5782471,898.5623169,873.6022339,893.5703125,89872065
20/02/2023,898.5623169,913.5383301,878.5942383,913.5383301,90315473
21/02/2023,918.5303345,928.5144043,903.5543213,918.5303345,94258272
22/02/2023,913.5383301,918.5303345,898.5623169,908.5463257,79050478
23/02/2023,908.5463257,938.4984131,903.5543213,938.4984131,92884878
24/02/2023,938.4984131,958.4664307,933.5064087,933.5064087,87986253
27/02/2023,933.5064087,948.4824219,913.5383301,933.5064087,84981152
28/02/2023,933.5064087,993.4105225,918.5303345,933.5064087,347681902
01/03/2023,943.4904175,943.4904175,868.6102295,868.6102295,148913581
02/03/2023,848.6421509,863.6182251,808.7060547,813.6980591,137836686
03/03/2023,813.6980591,833.6661377,798.7220459,818.6901245,95155205
06/03/2023,818.6901245,823.6821289,798.7220459,798.7220459,64671509
07/03/2023,798.7220459,808.7060547,783.7460327,788.7380371,55069670
08/03/2023,793.7300415,798.7220459,778.7539673,788.7380371,68266652
09/03/2023,788.7380371,803.7140503,783.7460327,788.7380371,72738495
10/03/2023,788.7380371,793.7300415,778.7539673,778.7539673,61111522
13/03/2023,778.7539673,783.7460327,768.7699585,778.7539673,61046318
14/03/2023,778.7539673,783.7460327,763.7779541,768.7699585,66753735
15/03/2023,768.7699585,783.7460327,758.7859497,763.7779541,55847413
16/03/2023,763.7779541,773.7619629,748.8019409,758.7859497,64835871
17/03/2023,763.7779541,783.7460327,763.7779541,768.7699585,77404849
20/03/2023,773.7619629,783.7460327,758.7859497,768.7699585,55111938
21/03/2023,773.7619629,793.7300415,768.7699585,793.7300415,62906489
24/03/2023,793.7300415,828.6741333,788.7380371,818.6901245,92010481
27/03/2023,818.6901245,828.6741333,798.7220459,798.7220459,42871785
28/03/2023,803.7140503,813.6980591,793.7300415,798.7220459,58684244
29/03/2023,798.7220459,818.6901245,798.7220459,803.7140503,65194644
30/03/2023,808.7060547,818.6901245,803.7140503,813.6980591,54466607
31/03/2023,818.6901245,838.6581421,808.7060547,823.6821289,74120904
03/04/2023,813.6980591,823.6821289,808.7060547,813.6980591,49334609
04/04/2023,813.6980591,818.6901245,773.7619629,788.7380371,73538473
05/04/2023,788.7380371,793.7300415,773.7619629,773.7619629,33256024
06/04/2023,773.7619629,793.7300415,773.7619629,773.7619629,30101785
10/04/2023,773.7619629,778.7539673,758.7859497,763.7779541,30996314
11/04/2023,768.7699585,793.7300415,768.7699585,788.7380371,44375287
12/04/2023,788.7380371,788.7380371,773.7619629,778.7539673,36534461
13/04/2023,778.7539673,803.7140503,773.7619629,803.7140503,26828657
14/04/2023,803.7140503,808.7060547,793.7300415,803.7140503,39584333
17/04/2023,803.7140503,813.6980591,793.7300415,813.6980591,31591365
18/04/2023,813.6980591,813.6980591,793.7300415,798.7220459,25289598
26/04/2023,798.7220459,818.6901245,788.7380371,818.6901245,40737976
27/04/2023,813.6980591,833.6661377,813.6980591,828.6741333,37898240
28/04/2023,833.6661377,833.6661377,823.6821289,833.6661377,35259224
02/05/2023,833.6661377,843.6501465,818.6901245,828.6741333,36457138
03/05/2023,833.6661377,838.6581421,808.7060547,818.6901245,43756999
04/05/2023,818.6901245,818.6901245,798.7220459,808.7060547,33022551
05/05/2023,803.7140503,818.6901245,803.7140503,818.6901245,23551021
08/05/2023,818.6901245,833.6661377,813.6980591,818.6901245,35287169
09/05/2023,818.6901245,823.6821289,813.6980591,813.6980591,22085880
10/05/2023,813.6980591,833.6661377,813.6980591,823.6821289,27348988
11/05/2023,828.6741333,833.6661377,818.6901245,823.6821289,25435632
12/05/2023,823.6821289,833.6661377,803.7140503,803.7140503,34402456
15/05/2023,803.7140503,803.7140503,783.7460327,798.7220459,39743287
16/05/2023,798.7220459,803.7140503,783.7460327,788.7380371,19732621
17/05/2023,788.7380371,803.7140503,783.7460327,803.7140503,20412608
19/05/2023,803.7140503,803.7140503,788.7380371,793.7300415,26367420
22/05/2023,793.7300415,803.7140503,788.7380371,798.7220459,19875650
23/05/2023,793.7300415,798.7220459,778.7539673,778.7539673,31644450
24/05/2023,778.7539673,798.7220459,778.7539673,793.7300415,30570835
25/05/2023,793.7300415,803.7140503,783.7460327,783.7460327,37502708
26/05/2023,783.7460327,788.7380371,768.7699585,773.7619629,35690313
29/05/2023,773.7619629,778.7539673,763.7779541,773.7619629,39172275
30/05/2023,773.7619629,778.7539673,763.7779541,763.7779541,36778351
31/05/2023,763.7779541,768.7699585,758.7859497,758.7859497,207795040
05/06/2023,758.7859497,763.7779541,728.8338623,728.8338623,81846745
06/06/2023,728.8338623,733.8258667,713.8578491,718.8498535,49091220
07/06/2023,723.8418579,738.8178711,718.8498535,728.8338623,48966020
08/06/2023,728.8338623,733.8258667,718.8498535,723.8418579,41689897
09/06/2023,723.8418579,728.8338623,708.8657837,708.8657837,47053264
12/06/2023,708.8657837,743.8098755,708.8657837,738.8178711,54694271
13/06/2023,743.8098755,748.8019409,733.8258667,733.8258667,26725392
14/06/2023,733.8258667,743.8098755,723.8418579,743.8098755,30486800
15/06/2023,743.8098755,753.7939453,738.8178711,748.8019409,28988207
16/06/2023,748.8019409,778.7539673,748.8019409,768.7699585,78108674
19/06/2023,783.7460327,783.7460327,758.7859497,768.7699585,25215380
20/06/2023,768.7699585,773.7619629,748.8019409,758.7859497,35418078
21/06/2023,758.7859497,758.7859497,738.8178711,738.8178711,33753920
22/06/2023,738.8178711,763.7779541,728.8338623,728.8338623,44600847
23/06/2023,733.8258667,748.8019409,728.8338623,738.8178711,25412495
26/06/2023,748.8019409,748.8019409,738.8178711,738.8178711,23642968
27/06/2023,733.8258667,758.7859497,733.8258667,743.8098755,14423440
03/07/2023,753.7939453,763.7779541,743.8098755,748.8019409,17613436
04/07/2023,753.7939453,758.7859497,748.8019409,758.7859497,8314682
05/07/2023,758.7859497,763.7779541,748.8019409,758.7859497,11299450
06/07/2023,763.7779541,763.7779541,748.8019409,758.7859497,7516507
07/07/2023,758.7859497,773.7619629,753.7939453,758.7859497,14846216
10/07/2023,758.7859497,773.7619629,753.7939453,753.7939453,12381879
11/07/2023,753.7939453,763.7779541,753.7939453,763.7779541,13893393
12/07/2023,763.7779541,768.7699585,758.7859497,768.7699585,11854036
13/07/2023,768.7699585,773.7619629,753.7939453,768.7699585,17565459
14/07/2023,768.7699585,768.7699585,758.7859497,768.7699585,10657524
17/07/2023,763.7779541,778.7539673,763.7779541,768.7699585,15653906
18/07/2023,773.7619629,783.7460327,763.7779541,773.7619629,12622463
20/07/2023,778.7539673,778.7539673,768.7699585,768.7699585,15421935
21/07/2023,768.7699585,778.7539673,758.7859497,773.7619629,9437275
24/07/2023,773.7619629,778.7539673,763.7779541,768.7699585,9336013
25/07/2023,768.7699585,773.7619629,763.7779541,768.7699585,9290140
26/07/2023,773.7619629,773.7619629,758.7859497,763.7779541,10176456
27/07/2023,763.7779541,768.7699585,753.7939453,753.7939453,13046340
28/07/2023,753.7939453,768.7699585,753.7939453,763.7779541,12758480
31/07/2023,763.7779541,773.7619629,753.7939453,773.7619629,18062153
01/08/2023,773.7619629,788.7380371,763.7779541,788.7380371,33516240
02/08/2023,793.7300415,793.7300415,773.7619629,773.7619629,27059325
03/08/2023,778.7539673,793.7300415,778.7539673,793.7300415,23348798
04/08/2023,793.7300415,793.7300415,773.7619629,778.7539673,13083199
07/08/2023,783.7460327,793.7300415,778.7539673,788.7380371,18043223
08/08/2023,788.7380371,793.7300415,778.7539673,783.7460327,13806855
09/08/2023,783.7460327,793.7300415,773.7619629,783.7460327,20538108
10/08/2023,783.7460327,788.7380371,768.7699585,778.7539673,17063257
11/08/2023,778.7539673,853.6341553,778.7539673,853.6341553,143249933
14/08/2023,853.6341553,923.5223389,838.6581421,908.5463257,150668684
15/08/2023,913.5383301,933.5064087,898.5623169,928.5144043,122530936
16/08/2023,928.5144043,938.4984131,908.5463257,913.5383301,59183342
18/08/2023,908.5463257,913.5383301,893.5703125,893.5703125,46306872
21/08/2023,893.5703125,908.5463257,868.6102295,873.6022339,56252860
22/08/2023,878.5942383,903.5543213,868.6102295,888.5782471,51385986
23/08/2023,893.5703125,913.5383301,888.5782471,893.5703125,39299679
24/08/2023,893.5703125,1013.378601,888.5782471,998.4025269,207453595
25/08/2023,1003.394592,1053.314697,998.4025269,1028.354614,180034795
28/08/2023,1028.354614,1118.210815,1028.354614,1108.226807,182757544
29/08/2023,1113.218872,1143.170898,1098.242798,1123.202881,118070310
30/08/2023,1128.194946,1183.107056,1113.218872,1113.218872,129827792
31/08/2023,1113.218872,1128.194946,1053.314697,1068.290771,145407380
01/09/2023,1083.266724,1198.083008,1083.266724,1198.083008,208281217
04/09/2023,1218.051147,1223.043091,1153.154907,1158.146973,103222992
05/09/2023,1163.138916,1173.123047,1108.226807,1143.170898,139646777
06/09/2023,1148.162964,1178.11499,1133.18689,1163.138916,93175542
07/09/2023,1168.130981,1178.11499,1118.210815,1128.194946,63960172
08/09/2023,1143.170898,1173.123047,1113.218872,1138.178955,100562543
11/09/2023,1143.170898,1173.123047,1133.18689,1173.123047,52815970
12/09/2023,1183.107056,1228.035156,1168.130981,1198.083008,131337504
13/09/2023,1213.059082,1223.043091,1188.098999,1203.075073,53345115
14/09/2023,1213.059082,1307.907349,1203.075073,1277.955322,177453672
15/09/2023,1297.92334,1447.683716,1272.963257,1417.731689,255351008
18/09/2023,1432.707642,1527.555908,1377.795532,1432.707642,341499726
19/09/2023,1437.699707,1457.667725,1407.747559,1432.707642,93149501
20/09/2023,1432.707642,1477.635742,1417.731689,1442.69165,98090994
21/09/2023,1447.683716,1497.603882,1432.707642,1477.635742,142780984
22/09/2023,1467.651733,1512.579834,1447.683716,1482.627808,114854673
25/09/2023,1502.595825,1517.571899,1467.651733,1472.643799,101275682
26/09/2023,1482.627808,1487.619751,1307.907349,1342.85144,208016594
27/09/2023,1342.85144,1402.755615,1342.85144,1392.771606,186396357
29/09/2023,1397.76355,1407.747559,1287.939331,1297.92334,158019226
02/10/2023,1302.915283,1342.85144,1287.939331,1327.875366,120167460
03/10/2023,1332.867432,1397.76355,1312.899414,1367.811523,128526914
04/10/2023,1367.811523,1377.795532,1262.979248,1282.947266,151354680
05/10/2023,1277.955322,1307.907349,1228.035156,1252.995239,127862352
06/10/2023,1277.955322,1352.835449,1267.971191,1352.835449,144752834
09/10/2023,1367.811523,1407.747559,1252.995239,1287.939331,256633056
10/10/2023,1287.939331,1307.907349,1173.123047,1183.107056,225889445
11/10/2023,1183.107056,1262.979248,1163.138916,1223.043091,197997790
12/10/2023,1228.035156,1233.0271,1128.194946,1133.18689,189629422
13/10/2023,1128.194946,1173.123047,1128.194946,1143.170898,90859843
16/10/2023,1158.146973,1168.130981,1073.282715,1128.194946,163229750
17/10/2023,1143.170898,1183.107056,1118.210815,1148.162964,106070341
18/10/2023,1158.146973,1193.091064,1153.154907,1163.138916,94770190
19/10/2023,1163.138916,1168.130981,1013.378601,1033.34668,205102940
20/10/2023,1038.338623,1053.314697,993.4105225,1018.370605,109231891
23/10/2023,1018.370605,1033.34668,948.4824219,998.4025269,166443984
24/10/2023,998.4025269,1033.34668,993.4105225,1023.36261,54387681
25/10/2023,1033.34668,1043.330688,983.4265137,993.4105225,67133041
26/10/2023,993.4105225,1003.394592,953.4744263,963.4584961,73247909
27/10/2023,973.4425049,1013.378601,968.4505005,988.4185181,90676250
30/10/2023,993.4105225,1033.34668,988.4185181,1003.394592,117575119
31/10/2023,1018.370605,1128.194946,993.4105225,1123.202881,272251005
01/11/2023,1133.18689,1153.154907,1018.370605,1018.370605,276681883
02/11/2023,1033.34668,1068.290771,998.4025269,998.4025269,139413405
03/11/2023,1018.370605,1063.298706,993.4105225,1038.338623,145282881
06/11/2023,1043.330688,1078.27478,1028.354614,1073.282715,150310612
07/11/2023,1063.298706,1108.226807,1038.338623,1053.314697,138745037
08/11/2023,1058.306763,1063.298706,1008.386597,1018.370605,79008912
09/11/2023,1028.354614,1078.27478,1018.370605,1068.290771,147553708
10/11/2023,1078.27478,1277.955322,1068.290771,1173.123047,851612303
13/11/2023,1183.107056,1208.067139,1108.226807,1148.162964,283951596
14/11/2023,1158.146973,1178.11499,1133.18689,1138.178955,127038036
15/11/2023,1148.162964,1193.091064,1143.170898,1163.138916,201897019
16/11/2023,1173.123047,1188.098999,1113.218872,1153.154907,135992039
17/11/2023,1168.130981,1173.123047,1143.170898,1163.138916,82334424
20/11/2023,1163.138916,1168.130981,1128.194946,1138.178955,75541773
21/11/2023,1138.178955,1148.162964,1028.354614,1038.338623,233275644
22/11/2023,1038.338623,1048.322632,978.4345093,988.4185181,204619868
23/11/2023,993.4105225,1023.36261,988.4185181,993.4105225,134245850
24/11/2023,998.4025269,1003.394592,968.4505005,983.4265137,61484417
27/11/2023,988.4185181,998.4025269,943.4904175,943.4904175,124844532
28/11/2023,943.4904175,1023.36261,943.4904175,1008.386597,280558176
29/11/2023,1013.378601,1053.314697,1008.386597,1028.354614,172524698
30/11/2023,1028.354614,1073.282715,1013.378601,1043.330688,384814920
01/12/2023,1048.322632,1053.314697,1013.378601,1013.378601,103083870
04/12/2023,1028.354614,1048.322632,1003.394592,1013.378601,118653241
05/12/2023,1018.370605,1048.322632,1008.386597,1048.322632,127735850
06/12/2023,1073.282715,1307.907349,1068.290771,1307.907349,824000194
07/12/2023,1387.779541,1597.444092,1352.835449,1597.444092,1407763523
08/12/2023,1622.404175,1946.88501,1527.555908,1747.204468,1378407028
11/12/2023,1757.188477,1916.932861,1587.460083,1712.260376,682632467
12/12/2023,1777.156494,1792.132568,1612.420166,1752.196533,496679217
13/12/2023,1762.180542,1827.07666,1682.30835,1707.268311,398530830
14/12/2023,1727.23645,1737.220459,1592.452026,1612.420166,329732929
15/12/2023,1597.444092,1667.332275,1527.555908,1607.428101,300825752
18/12/2023,1622.404175,1667.332275,1347.843506,1462.65979,516169151
19/12/2023,1462.65979,1572.484009,1432.707642,1567.492065,283236754
20/12/2023,1597.444092,1602.436157,1497.603882,1512.579834,246073688
21/12/2023,1497.603882,1512.579834,1447.683716,1472.643799,181307929
22/12/2023,1482.627808,1497.603882,1402.755615,1407.747559,131077889
27/12/2023,1412.739624,1482.627808,1412.739624,1422.723633,179193852
28/12/2023,1427.715698,1442.69165,1357.827515,1372.803467,125276221
29/12/2023,1372.803467,1382.787598,1327.875366,1327.875366,108782874
02/01/2024,1332.867432,1432.707642,1327.875366,1382.787598,213322971
03/01/2024,1382.787598,1392.771606,1337.859375,1352.835449,95469607
04/01/2024,1357.827515,1387.779541,1347.843506,1367.811523,72526957
05/01/2024,1372.803467,1377.795532,1332.867432,1347.843506,73800492
08/01/2024,1352.835449,1372.803467,1307.907349,1317.891357,90600629
09/01/2024,1322.883423,1322.883423,1073.282715,1078.27478,404148003
10/01/2024,1078.27478,1158.146973,1053.314697,1113.218872,280147019
11/01/2024,1118.210815,1133.18689,1048.322632,1058.306763,143608406
12/01/2024,1058.306763,1088.258789,1043.330688,1063.298706,103123333
15/01/2024,1088.258789,1108.226807,1003.394592,1013.378601,240445798
16/01/2024,1018.370605,1068.290771,1008.386597,1063.298706,169549445
17/01/2024,1073.282715,1073.282715,1018.370605,1048.322632,157416063
18/01/2024,1048.322632,1153.154907,1038.338623,1108.226807,533265061
19/01/2024,1118.210815,1128.194946,1068.290771,1083.266724,170518393
22/01/2024,1083.266724,1103.234863,1063.298706,1088.258789,118292165
23/01/2024,1093.250854,1118.210815,1088.258789,1118.210815,161893816
24/01/2024,1123.202881,1143.170898,1063.298706,1078.27478,216564249
25/01/2024,1103.234863,1103.234863,1058.306763,1063.298706,79499796
26/01/2024,1063.298706,1068.290771,1018.370605,1033.34668,128873267
29/01/2024,1033.34668,1053.314697,998.4025269,1023.36261,127385391
30/01/2024,1023.36261,1038.338623,1008.386597,1013.378601,95907907
31/01/2024,1018.370605,1068.290771,1018.370605,1058.306763,188029967
01/02/2024,1068.290771,1078.27478,1038.338623,1053.314697,110049397
02/02/2024,1058.306763,1063.298706,1023.36261,1048.322632,86056971
05/02/2024,1048.322632,1073.282715,1023.36261,1028.354614,125301061
06/02/2024,1028.354614,1043.330688,1008.386597,1043.330688,87370168
07/02/2024,1048.322632,1053.314697,1028.354614,1048.322632,80454120
12/02/2024,1053.314697,1053.314697,1008.386597,1013.378601,102467385
13/02/2024,1008.386597,1013.378601,963.4584961,973.4425049,164214623
15/02/2024,1023.36261,1023.36261,988.4185181,1003.394592,182374733
16/02/2024,1003.394592,1038.338623,1003.394592,1008.386597,119052780
19/02/2024,1008.386597,1028.354614,998.4025269,998.4025269,64550315
20/02/2024,1003.394592,1008.386597,978.4345093,1008.386597,78636918
21/02/2024,1008.386597,1008.386597,973.4425049,983.4265137,74271444
22/02/2024,983.4265137,993.4105225,973.4425049,983.4265137,36728772
23/02/2024,988.4185181,993.4105225,968.4505005,973.4425049,49790838
26/02/2024,983.4265137,983.4265137,948.4824219,953.4744263,44136405
27/02/2024,953.4744263,973.4425049,943.4904175,968.4505005,57673329
28/02/2024,973.4425049,993.4105225,963.4584961,963.4584961,70331150
29/02/2024,963.4584961,988.4185181,958.4664307,973.4425049,119630803
01/03/2024,978.4345093,1023.36261,968.4505005,1003.394592,117522836
04/03/2024,1008.386597,1023.36261,1003.394592,1013.378601,71169288
05/03/2024,1013.378601,1018.370605,948.4824219,953.4744263,123308979
06/03/2024,953.4744263,988.4185181,953.4744263,978.4345093,72625114
07/03/2024,983.4265137,1048.322632,973.4425049,1018.370605,175319563
08/03/2024,1023.36261,1043.330688,1003.394592,1008.386597,97047628
13/03/2024,1013.378601,1028.354614,1003.394592,1023.36261,84622980
14/03/2024,1023.36261,1058.306763,1008.386597,1033.34668,135638675
15/03/2024,1028.354614,1028.354614,978.4345093,983.4265137,123664547
18/03/2024,988.4185181,993.4105225,958.4664307,958.4664307,64862414
19/03/2024,963.4584961,973.4425049,958.4664307,958.4664307,44596640
20/03/2024,958.4664307,978.4345093,948.4824219,953.4744263,66485607
21/03/2024,958.4664307,968.4505005,948.4824219,953.4744263,71124216
22/03/2024,958.4664307,958.4664307,938.4984131,943.4904175,78279346
25/03/2024,968.4505005,968.4505005,923.5223389,968.4505005,91804252
26/03/2024,983.4265137,983.4265137,958.4664307,973.4425049,48953400
27/03/2024,968.4505005,973.4425049,943.4904175,943.4904175,38472056
28/03/2024,948.4824219,958.4664307,933.5064087,943.4904175,59555736
01/04/2024,963.4584961,968.4505005,933.5064087,948.4824219,56842703
02/04/2024,953.4744263,998.4025269,948.4824219,998.4025269,122767113
03/04/2024,998.4025269,1003.394592,958.4664307,958.4664307,69272859
04/04/2024,958.4664307,978.4345093,958.4664307,968.4505005,35063011
05/04/2024,968.4505005,1018.370605,968.4505005,1003.394592,123002489
16/04/2024,988.4185181,1018.370605,963.4584961,1008.386597,90220722
17/04/2024,1008.386597,1043.330688,993.4105225,993.4105225,117873796
18/04/2024,998.4025269,1003.394592,953.4744263,958.4664307,91912424
19/04/2024,958.4664307,968.4505005,938.4984131,948.4824219,65130642
22/04/2024,948.4824219,963.4584961,938.4984131,953.4744263,39932089
23/04/2024,948.4824219,958.4664307,933.5064087,938.4984131,67640151
24/04/2024,948.4824219,963.4584961,943.4904175,948.4824219,42135809
25/04/2024,953.4744263,953.4744263,928.5144043,928.5144043,46529628
26/04/2024,928.5144043,943.4904175,873.6022339,873.6022339,104508446
29/04/2024,888.5782471,973.4425049,878.5942383,953.4744263,133513680
30/04/2024,968.4505005,1018.370605,963.4584961,1018.370605,198574411
02/05/2024,1013.378601,1073.282715,988.4185181,998.4025269,214998548
03/05/2024,998.4025269,1018.370605,978.4345093,978.4345093,63435935
06/05/2024,1008.386597,1008.386597,983.4265137,1003.394592,53517391
07/05/2024,1003.394592,1013.378601,978.4345093,978.4345093,60614728
08/05/2024,983.4265137,993.4105225,958.4664307,978.4345093,60689047
13/05/2024,983.4265137,988.4185181,963.4584961,978.4345093,52676347
14/05/2024,983.4265137,1003.394592,958.4664307,958.4664307,68768253
15/05/2024,973.4425049,1028.354614,958.4664307,1028.354614,168872664
16/05/2024,1038.338623,1282.947266,1038.338623,1282.947266,569148983
17/05/2024,1282.947266,1457.667725,1257.987183,1337.859375,1138465635
20/05/2024,1342.85144,1407.747559,1178.11499,1198.083008,486407909
21/05/2024,1208.067139,1327.875366,1203.075073,1262.979248,529851408
22/05/2024,1267.971191,1287.939331,1178.11499,1183.107056,271170780
27/05/2024,1183.107056,1218.051147,1043.330688,1078.27478,338582666
28/05/2024,1078.27478,1228.035156,1073.282715,1168.130981,422316827
29/05/2024,1168.130981,1173.123047,1058.306763,1063.298706,260069646
30/05/2024,1063.298706,1098.242798,1038.338623,1048.322632,202180071
31/05/2024,1053.314697,1078.27478,1028.354614,1063.298706,392913857
03/06/2024,1063.298706,1098.242798,1048.322632,1073.282715,260239718
04/06/2024,1068.290771,1083.266724,1043.330688,1043.330688,147994512
05/06/2024,1018.370605,1023.36261,953.4744263,953.4744263,251152201
06/06/2024,958.4664307,983.4265137,958.4664307,973.4425049,97306842
07/06/2024,983.4265137,988.4185181,958.4664307,963.4584961,81476554
10/06/2024,963.4584961,1053.314697,958.4664307,1033.34668,345990600
11/06/2024,1038.338623,1063.298706,983.4265137,983.4265137,271558199
12/06/2024,983.4265137,1008.386597,973.4425049,993.4105225,126036836
13/06/2024,1003.394592,1003.394592,973.4425049,978.4345093,75547382
14/06/2024,983.4265137,993.4105225,948.4824219,948.4824219,113067218
19/06/2024,953.4744263,963.4584961,903.5543213,903.5543213,142692543
20/06/2024,913.5383301,938.4984131,898.5623169,913.5383301,106781978
21/06/2024,933.5064087,968.4505005,928.5144043,948.4824219,199158644
24/06/2024,948.4824219,973.4425049,943.4904175,963.4584961,93120054
25/06/2024,963.4584961,968.4505005,943.4904175,943.4904175,89152616
26/06/2024,953.4744263,993.4105225,953.4744263,958.4664307,152135828
27/06/2024,960,980,955,965,80585200
28/06/2024,965,1010,960,990,159881100
01/07/2024,1000,1145,980,1130,468215600
02/07/2024,1145,1240,1125,1175,646849400
03/07/2024,1185,1235,1175,1225,380118500
04/07/2024,1235,1290,1235,1260,353084300
05/07/2024,1270,1300,1205,1220,386280000
08/07/2024,1195,1205,1090,1120,428855700
09/07/2024,1130,1155,1100,1110,188225400
10/07/2024,1115,1145,1085,1110,203923800
11/07/2024,1115,1125,1090,1110,104500000
12/07/2024,1120,1130,1095,1130,116028100
15/07/2024,1135,1140,1100,1105,141112200
16/07/2024,1105,1115,1085,1095,92299600
17/07/2024,1080,1090,1035,1055,151812200
18/07/2024,1055,1105,1050,1080,186000800
19/07/2024,1080,1085,1050,1055,114292700
22/07/2024,1070,1100,1055,1055,200431200
23/07/2024,1060,1065,1035,1065,123446800
24/07/2024,1070,1105,1055,1065,188493700
25/07/2024,1065,1070,1035,1035,132011000
26/07/2024,1040,1075,1040,1065,103244900
29/07/2024,1070,1130,1065,1090,279584200
30/07/2024,1095,1110,1070,1075,117814900
31/07/2024,1075,1105,1075,1090,120221500
01/08/2024,1105,1125,1095,1120,141777100
02/08/2024,1120,1125,1090,1090,115349300
05/08/2024,1065,1065,1000,1015,210466100
06/08/2024,1030,1045,1010,1015,104670400
07/08/2024,1020,1065,1020,1045,137395000
08/08/2024,1050,1055,1030,1035,63567600
09/08/2024,1045,1060,1040,1045,56562600
12/08/2024,1050,1055,1040,1050,44271000
13/08/2024,1050,1065,1045,1050,56163300
14/08/2024,1050,1125,1050,1125,253606800
15/08/2024,1125,1145,1095,1105,136034000
16/08/2024,1115,1140,1105,1105,134211300
19/08/2024,1105,1135,1105,1120,89763500
20/08/2024,1125,1135,1100,1125,97102400
21/08/2024,1125,1125,1100,1100,85797700
22/08/2024,1090,1130,1085,1100,124179600
23/08/2024,1105,1120,1105,1115,79242800
26/08/2024,1135,1180,1120,1125,233506400
27/08/2024,1130,1135,1105,1110,75623600
28/08/2024,1115,1215,1110,1190,429790600
29/08/2024,1205,1230,1130,1140,418272100
30/08/2024,1140,1160,1110,1145,183226100
02/09/2024,1140,1160,1120,1120,102560700
03/09/2024,1130,1135,1105,1105,78197100
04/09/2024,1085,1130,1075,1110,108808000
05/09/2024,1120,1125,1090,1095,87082200
06/09/2024,1100,1115,1085,1085,66395300
09/09/2024,1090,1105,1090,1090,70992100
10/09/2024,1105,1120,1090,1100,106944900
11/09/2024,1110,1195,1105,1190,453792300
12/09/2024,1205,1240,1145,1150,428347000
13/09/2024,1165,1165,1130,1140,94229900
17/09/2024,1140,1175,1140,1145,103342800
18/09/2024,1150,1165,1135,1140,78704900
19/09/2024,1140,1200,1140,1195,282207700
20/09/2024,1090,1130,1060,1065,516253100
23/09/2024,1060,1100,1050,1075,203368300
24/09/2024,1085,1120,1080,1120,260783500
25/09/2024,1125,1125,1095,1105,106095400
26/09/2024,1105,1125,1090,1105,127230800
27/09/2024,1105,1110,1090,1090,51252100
30/09/2024,1085,1090,1050,1050,80653800
01/10/2024,1055,1075,1055,1070,52064400
02/10/2024,1070,1070,1015,1030,147298600
03/10/2024,1040,1050,1015,1015,194247700
04/10/2024,1025,1035,1005,1010,80199500
07/10/2024,1015,1015,980,1010,125400100
08/10/2024,1010,1020,995,1010,58636600
09/10/2024,1015,1020,1000,1000,43833200
10/10/2024,1000,1010,990,990,45137200
11/10/2024,995,1005,985,995,47006500
14/10/2024,995,1030,995,1015,72187900
15/10/2024,1020,1025,1005,1025,50102300
16/10/2024,1025,1035,1000,1000,86752600
17/10/2024,1010,1035,1005,1030,98867100
18/10/2024,1035,1040,1015,1020,55838800
21/10/2024,1025,1030,1010,1015,32193400
22/10/2024,1015,1055,1010,1045,138248300
23/10/2024,1060,1060,1025,1040,72597000
24/10/2024,1045,1050,1020,1020,43409300
25/10/2024,1025,1035,1000,1010,38344400
28/10/2024,1010,1020,995,1000,43286600
29/10/2024,1000,1015,995,1000,35789900
30/10/2024,1005,1005,990,995,32904600
31/10/2024,995,1015,990,995,52910600
01/11/2024,995,1005,985,985,53449200
04/11/2024,985,990,965,970,57500800
05/11/2024,975,985,960,965,49229200
06/11/2024,970,980,930,930,78540600
07/11/2024,930,930,885,890,104345300
08/11/2024,905,965,905,940,130378900
11/11/2024,950,955,905,930,88403200
12/11/2024,930,945,905,905,94859700
13/11/2024,910,920,890,890,97224700
14/11/2024,900,905,885,885,65714200
15/11/2024,885,895,855,855,74641800
18/11/2024,855,885,840,845,65995100
19/11/2024,850,875,845,850,76810600
20/11/2024,850,860,840,840,64030800
21/11/2024,845,845,800,800,107324500
22/11/2024,800,820,785,800,121221100
25/11/2024,800,915,800,870,662620000
26/11/2024,890,920,860,895,338870600
28/11/2024,900,915,875,890,150037600
29/11/2024,880,885,820,855,240797900
02/12/2024,855,860,805,810,113559200
03/12/2024,820,880,820,865,174673000
04/12/2024,870,935,855,925,220045500
05/12/2024,930,960,910,930,194569600
06/12/2024,940,975,935,955,177675200
09/12/2024,955,960,930,935,88058800
10/12/2024,935,960,915,935,112149500
11/12/2024,935,950,905,910,110537600
12/12/2024,910,925,895,900,70384800
13/12/2024,905,910,885,890,74204200
16/12/2024,890,900,860,880,67850500
17/12/2024,880,910,870,885,99282200
18/12/2024,890,905,875,875,66752300
19/12/2024,865,865,830,830,90028300
20/12/2024,835,850,815,820,78113200
23/12/2024,830,890,830,870,127199600
24/12/2024,880,920,880,895,118528000
27/12/2024,895,910,880,910,59753600
30/12/2024,920,925,900,920,73374100
02/01/2025,925,945,915,940,76990400
03/01/2025,940,950,915,935,71623400
06/01/2025,945,985,940,980,149774200
07/01/2025,985,1010,970,995,156671400
08/01/2025,995,1020,965,975,134558100
09/01/2025,980,1000,970,975,62974300
10/01/2025,985,1005,980,985,64670700
13/01/2025,985,1110,985,1010,436158500
14/01/2025,1020,1030,970,970,159751600
15/01/2025,970,995,940,950,100979400
16/01/2025,950,985,940,955,87010200
17/01/2025,955,965,940,940,92703200
20/01/2025,950,965,940,940,66402700
21/01/2025,945,950,910,920,90745000
22/01/2025,930,945,915,930,85750000
23/01/2025,940,945,915,915,57239500
24/01/2025,915,925,900,905,43209500
30/01/2025,905,955,890,925,111820500
31/01/2025,940,945,920,920,58059100
03/02/2025,920,925,885,910,63525400
04/02/2025,910,940,910,925,79930200
05/02/2025,960,980,925,935,191312800
06/02/2025,940,940,910,910,60296600
07/02/2025,845,860,805,815,224335100
10/02/2025,815,835,790,815,180991700
11/02/2025,815,830,785,810,103862900
12/02/2025,810,825,805,820,71187500
13/02/2025,825,830,800,800,54689400
14/02/2025,805,820,805,810,30686600
17/02/2025,815,870,815,870,136786600
18/02/2025,875,880,855,860,38819600
19/02/2025,860,865,845,855,35795000
20/02/2025,855,865,840,840,26848500
21/02/2025,845,855,830,850,30422700
24/02/2025,850,850,815,825,35689900
25/02/2025,830,835,800,815,33678600
26/02/2025,815,830,805,825,24971300
27/02/2025,825,830,800,800,32233100
28/02/2025,800,810,760,785,106344900
03/03/2025,795,825,790,820,57898600
04/03/2025,810,810,770,800,53065800
05/03/2025,800,810,790,795,45107100
06/03/2025,800,820,795,815,42743200
07/03/2025,825,840,810,820,54625400
10/03/2025,820,830,810,810,19040600
11/03/2025,800,810,790,800,19734200
12/03/2025,800,810,795,795,17798000
13/03/2025,800,805,790,800,15783200
14/03/2025,800,800,775,780,38504900
17/03/2025,795,800,765,775,41346600
18/03/2025,780,780,585,655,391024400
19/03/2025,665,680,630,670,140632700
20/03/2025,675,710,660,675,125956900
21/03/2025,680,725,650,700,198490300
24/03/2025,705,705,620,655,106788300
25/03/2025,665,675,640,645,44175300
26/03/2025,655,685,650,680,67233300
27/03/2025,680,720,670,710,72705500
08/04/2025,605,655,605,645,87311400
09/04/2025,640,660,600,600,67819200
10/04/2025,650,675,640,655,104648600
11/04/2025,650,690,630,665,64675900
14/04/2025,660,700,650,695,49096800
15/04/2025,705,720,680,705,78731800
16/04/2025,710,730,695,730,111066700
17/04/2025,730,765,705,765,93726000
21/04/2025,760,790,750,765,71711400
22/04/2025,765,775,750,770,74123000
23/04/2025,780,795,765,775,70632100
24/04/2025,775,785,755,765,45045400
25/04/2025,770,770,750,750,40990100
28/04/2025,750,770,740,755,62199700
29/04/2025,765,765,750,755,30569800
30/04/2025,755,760,740,745,45002500
02/05/2025,745,760,740,755,42276700
05/05/2025,760,800,760,770,83012200
06/05/2025,780,795,765,780,72931900
07/05/2025,790,855,785,845,254724900
08/05/2025,865,865,815,820,169972500
09/05/2025,825,850,815,820,60869600
14/05/2025,855,865,835,855,115573100
15/05/2025,860,885,850,860,156138000
16/05/2025,870,890,865,875,102481200
19/05/2025,885,890,870,880,62377600
20/05/2025,895,950,890,930,229739000
21/05/2025,935,985,925,980,230188000
22/05/2025,985,1080,985,1080,452998800
23/05/2025,1100,1175,1060,1155,465116400
26/05/2025,1185,1310,1165,1220,761554400
27/05/2025,1245,1375,1245,1350,736933400
28/05/2025,1325,1350,1260,1260,491006400
02/06/2025,1270,1285,1200,1250,310723900
03/06/2025,1260,1305,1235,1290,335569100
04/06/2025,1300,1300,1260,1290,142081500
05/06/2025,1305,1530,1300,1510,917957900
10/06/2025,1535,1610,1500,1505,659353300
11/06/2025,1475,1520,1445,1495,245834800
12/06/2025,1500,1570,1475,1485,312631900
13/06/2025,1465,1525,1455,1525,131422900
16/06/2025,1530,1575,1475,1560,315616300
17/06/2025,1590,1630,1515,1525,268111700
18/06/2025,1530,1550,1495,1540,118494500
19/06/2025,1560,1560,1470,1485,159535000
20/06/2025,1485,1560,1470,1500,405089400
23/06/2025,1450,1525,1435,1500,188904700
24/06/2025,1540,1560,1495,1520,196298800
25/06/2025,1520,1595,1515,1585,228905900
26/06/2025,1595,1615,1570,1595,189146700
30/06/2025,1620,1680,1585,1660,306980800
01/07/2025,1655,1695,1635,1655,141992600
02/07/2025,1660,1710,1530,1580,240635000
03/07/2025,1580,1590,1525,1540,109114100
04/07/2025,1540,1585,1540,1550,88945700
07/07/2025,1560,1660,1545,1660,185608000
08/07/2025,1670,1725,1640,1685,301451900
09/07/2025,1695,1745,1660,1740,195537900
10/07/2025,1755,1850,1725,1740,355008300
11/07/2025,1745,1820,1745,1800,163679300
14/07/2025,1930,2160,1840,2100,684748000
15/07/2025,2100,2150,1955,2030,351066300
16/07/2025,2050,2060,1930,2010,166467800
17/07/2025,2010,2240,2010,2180,276842200
18/07/2025,2230,2340,2220,2260,243776500
21/07/2025,2280,2450,2210,2390,232914800
22/07/2025,2450,2470,2190,2200,294521700
23/07/2025,2230,2230,2080,2210,234947000
24/07/2025,2250,2360,2210,2220,199634100
25/07/2025,2180,2500,2160,2480,375562200
28/07/2025,2500,2530,2420,2470,182338000
29/07/2025,2500,2630,2470,2610,252633600
30/07/2025,2630,2730,2600,2610,155301000
31/07/2025,2610,2730,2600,2630,137420400
01/08/2025,2800,2850,2670,2690,215596200
04/08/2025,2700,2770,2520,2570,213205000
05/08/2025,2590,2630,2390,2460,293675200
06/08/2025,2500,2560,2470,2490,128445900
07/08/2025,2520,2530,2350,2380,157787800
08/08/2025,2700,2700,2390,2460,216143200
11/08/2025,2480,2490,2330,2350,126946000
12/08/2025,2350,2410,2280,2340,151906500
13/08/2025,2350,2410,2290,2320,110670200
14/08/2025,2320,2370,2300,2300,84039600
15/08/2025,2330,2350,2250,2280,93572700
19/08/2025,2250,2300,2210,2230,81151800
20/08/2025,2210,2360,2210,2350,132123900
21/08/2025,2350,2380,2240,2280,103405100
22/08/2025,2300,2300,2250,2250,44320300
25/08/2025,2270,2300,2250,2270,46320700
26/08/2025,2260,2270,2100,2180,244076400
27/08/2025,2180,2340,2140,2290,180425500
28/08/2025,2300,2340,2250,2260,72185200
29/08/2025,2220,2250,2090,2190,135130700
01/09/2025,2100,2150,2050,2130,139245100
02/09/2025,2140,2320,2140,2280,158345700
03/09/2025,2270,2290,2180,2200,76629900
04/09/2025,2210,2220,2160,2200,49983300
08/09/2025,2200,2240,2150,2150,103542900
09/09/2025,2150,2210,2070,2150,84436000
10/09/2025,2210,2270,2180,2260,118337100
11/09/2025,2260,2280,2210,2250,86406200
12/09/2025,2270,2400,2230,2260,286413300
15/09/2025,2270,2360,2230,2340,118955300
16/09/2025,2350,2370,2280,2280,84192400
17/09/2025,2310,2510,2290,2480,330964300
18/09/2025,2520,2930,2500,2900,587645500
