Date,Open,High,Low,Close,Volume
12/01/2010,72,74,70,73,3712700
13/01/2010,73,73,70,72,85500
14/01/2010,72,72,70,70,57550
15/01/2010,70,71,63,63,33150
18/01/2010,65,65,63,64,8600
19/01/2010,61,64,57,64,58050
20/01/2010,64,64,59,61,6900
21/01/2010,60,61,57,57,23200
22/01/2010,57,60,50,55,9800
25/01/2010,57,57,55,57,2650
26/01/2010,55,55,50,55,17600
27/01/2010,52,57,52,57,4200
28/01/2010,56,60,56,60,2150
29/01/2010,53,58,52,58,10550
01/02/2010,58,58,58,58,0
02/02/2010,58,60,57,60,11500
03/02/2010,54,59,54,59,1750
04/02/2010,55,56,54,54,6100
05/02/2010,52,56,52,56,6800
08/02/2010,55,56,52,52,300
09/02/2010,52,55,50,51,5600
10/02/2010,53,54,52,52,2700
11/02/2010,51,54,51,52,27250
12/02/2010,52,54,52,54,24400
15/02/2010,54,54,54,54,2500
16/02/2010,52,52,52,52,1250
17/02/2010,53,53,53,53,3700
18/02/2010,53,54,53,53,4200
19/02/2010,53,53,53,53,0
22/02/2010,53,53,53,53,0
23/02/2010,51,53,51,53,15600
24/02/2010,51,51,50,50,3650
25/02/2010,51,51,50,50,3050
01/03/2010,50,50,50,50,5050
02/03/2010,49,50,48,50,1100
03/03/2010,48,52,48,52,2750
04/03/2010,50,53,50,53,22800
05/03/2010,50,50,50,50,1250
08/03/2010,50,50,50,50,1950
09/03/2010,51,51,50,50,5200
10/03/2010,50,50,49,50,5500
11/03/2010,50,52,49,52,5900
12/03/2010,49,50,49,49,5350
15/03/2010,50,50,50,50,2700
17/03/2010,49,51,49,49,12000
18/03/2010,50,51,50,50,6300
19/03/2010,50,50,49,50,12450
22/03/2010,49,49,49,49,100
23/03/2010,48,52,48,52,1500
24/03/2010,52,52,49,51,10700
25/03/2010,51,51,50,50,2450
26/03/2010,50,50,50,50,9200
29/03/2010,51,54,50,54,27000
30/03/2010,52,54,51,53,6350
31/03/2010,53,57,53,57,22150
01/04/2010,57,58,57,58,900
05/04/2010,56,59,56,59,12500
06/04/2010,58,60,57,60,15050
07/04/2010,61,62,61,62,400
08/04/2010,58,62,58,62,2650
09/04/2010,62,64,62,62,2150
12/04/2010,62,63,62,63,200
13/04/2010,63,63,63,63,1100
14/04/2010,60,64,60,64,5200
15/04/2010,56,64,56,64,1000
16/04/2010,63,67,63,67,2600
19/04/2010,67,67,64,67,450
20/04/2010,66,66,65,65,3100
21/04/2010,60,65,60,65,300
22/04/2010,64,64,64,64,1000
23/04/2010,65,65,63,63,400
26/04/2010,64,65,60,65,3250
27/04/2010,65,65,65,65,100
28/04/2010,65,65,65,65,100
29/04/2010,65,66,63,66,5900
30/04/2010,65,65,65,65,2450
03/05/2010,64,64,64,64,50
04/05/2010,64,64,64,64,0
05/05/2010,64,64,64,64,0
06/05/2010,55,64,55,64,3100
07/05/2010,63,63,63,63,50
10/05/2010,64,64,64,64,150
11/05/2010,64,64,64,64,0
12/05/2010,64,64,64,64,0
14/05/2010,64,64,64,64,0
17/05/2010,64,64,64,64,0
18/05/2010,64,64,64,64,0
19/05/2010,64,64,64,64,600
20/05/2010,64,64,64,64,0
21/05/2010,64,64,64,64,0
24/05/2010,64,64,63,63,20000
25/05/2010,65,65,63,64,29750
26/05/2010,63,63,61,61,6000
27/05/2010,62,62,62,62,45000
31/05/2010,62,63,62,63,40250
01/06/2010,62,64,50,50,28100
02/06/2010,62,62,62,62,25000
03/06/2010,62,62,50,58,80850
04/06/2010,55,58,53,58,5600
07/06/2010,55,57,55,57,4050
08/06/2010,57,58,53,58,68200
09/06/2010,59,59,55,58,30600
10/06/2010,55,59,55,59,3850
11/06/2010,59,59,58,58,45300
14/06/2010,59,59,57,58,43550
15/06/2010,58,58,56,58,1450
16/06/2010,58,59,58,59,550
17/06/2010,58,59,58,59,51250
18/06/2010,58,58,58,58,250
21/06/2010,58,58,57,58,1150
22/06/2010,58,58,58,58,0
23/06/2010,57,58,57,58,750
24/06/2010,58,58,58,58,0
25/06/2010,54,58,54,58,1250
28/06/2010,54,60,54,60,6500
29/06/2010,57,62,57,62,1450
30/06/2010,61,62,60,60,300
01/07/2010,62,62,61,61,350
02/07/2010,61,61,61,61,0
05/07/2010,60,61,60,61,750
06/07/2010,60,64,60,64,3000
07/07/2010,63,64,62,64,2000
08/07/2010,65,65,61,61,2150
09/07/2010,61,64,61,64,1550
12/07/2010,63,66,61,66,2700
13/07/2010,62,65,62,64,250
14/07/2010,65,65,65,65,150
15/07/2010,65,65,65,65,0
16/07/2010,65,65,65,65,0
19/07/2010,55,65,55,65,1050
20/07/2010,65,65,65,65,0
21/07/2010,65,65,65,65,0
22/07/2010,56,65,55,65,2650
23/07/2010,62,65,62,65,2150
26/07/2010,65,65,65,65,0
27/07/2010,65,65,65,65,0
28/07/2010,64,64,61,64,2050
29/07/2010,64,66,64,65,30850
30/07/2010,69,72,65,68,7950
02/08/2010,68,69,60,69,13400
03/08/2010,67,67,60,67,27600
04/08/2010,60,67,60,67,8600
05/08/2010,67,67,66,67,1150
06/08/2010,64,66,62,66,13700
09/08/2010,66,67,64,67,1300
10/08/2010,67,67,67,67,0
11/08/2010,67,67,67,67,0
12/08/2010,67,67,67,67,0
13/08/2010,66,67,66,67,150
16/08/2010,67,67,67,67,0
18/08/2010,62,66,62,66,3650
19/08/2010,66,66,66,66,0
20/08/2010,62,63,61,63,2900
23/08/2010,61,64,61,63,850
24/08/2010,61,64,61,64,2000
25/08/2010,61,61,60,60,2450
26/08/2010,60,64,60,64,7400
27/08/2010,63,72,63,65,23200
30/08/2010,68,69,64,69,1100
31/08/2010,64,69,64,69,1450
01/09/2010,68,71,68,71,8600
02/09/2010,71,84,71,76,222550
03/09/2010,77,94,77,89,227400
06/09/2010,90,111,90,111,378450
07/09/2010,120,138,95,110,475900
15/09/2010,111,111,85,92,93550
16/09/2010,87,90,83,87,27200
17/09/2010,90,98,89,96,68950
20/09/2010,97,98,88,93,13400
21/09/2010,94,100,89,93,146400
22/09/2010,91,92,84,88,89150
23/09/2010,86,88,83,87,42850
24/09/2010,87,87,83,83,1100
27/09/2010,87,95,84,89,8200
28/09/2010,85,99,85,96,68150
29/09/2010,99,102,93,95,84850
30/09/2010,95,97,87,97,21650
01/10/2010,95,97,90,95,15400
04/10/2010,95,99,91,95,32200
05/10/2010,94,97,93,93,24900
06/10/2010,93,97,92,92,37050
07/10/2010,93,93,91,93,14450
08/10/2010,94,94,93,94,7100
11/10/2010,92,93,92,93,5750
12/10/2010,92,95,90,94,10100
13/10/2010,93,93,92,92,3800
14/10/2010,91,93,91,93,26200
15/10/2010,92,96,92,94,8750
18/10/2010,92,92,91,92,5650
19/10/2010,92,94,91,94,2000
20/10/2010,91,93,91,93,3650
21/10/2010,92,96,92,92,16400
22/10/2010,92,92,91,91,7300
25/10/2010,92,92,91,92,10200
26/10/2010,93,96,92,94,19450
27/10/2010,94,94,93,94,25650
28/10/2010,94,94,92,94,41900
29/10/2010,95,98,91,91,78000
01/11/2010,92,93,92,92,8050
02/11/2010,93,99,93,94,37650
03/11/2010,94,94,94,94,3000
04/11/2010,94,102,92,99,114650
05/11/2010,100,100,96,100,6100
08/11/2010,99,108,99,106,98800
09/11/2010,108,108,99,100,67350
10/11/2010,103,106,100,101,103150
11/11/2010,101,102,99,102,10850
12/11/2010,100,103,99,103,5500
15/11/2010,98,98,97,97,2600
16/11/2010,97,99,94,98,3000
18/11/2010,95,95,95,95,150
19/11/2010,95,108,95,98,197200
22/11/2010,102,104,102,104,13250
23/11/2010,102,104,97,99,7550
24/11/2010,100,103,99,99,1050
25/11/2010,99,100,96,100,9450
26/11/2010,100,100,98,98,26450
29/11/2010,100,101,100,101,300
30/11/2010,101,108,100,103,141300
01/12/2010,102,103,100,103,5300
02/12/2010,99,105,99,104,8250
03/12/2010,105,105,105,105,200
06/12/2010,106,106,102,102,4250
08/12/2010,102,105,102,105,10300
09/12/2010,105,111,102,106,201250
10/12/2010,109,111,106,106,15800
13/12/2010,109,109,105,106,13700
14/12/2010,106,106,106,106,3200
15/12/2010,105,105,102,103,4200
16/12/2010,103,103,103,103,0
17/12/2010,108,108,107,108,4250
20/12/2010,108,108,108,108,0
21/12/2010,108,108,106,106,2250
22/12/2010,106,108,106,108,750
23/12/2010,111,118,109,110,18850
27/12/2010,110,110,110,110,550
28/12/2010,117,117,116,117,4650
29/12/2010,117,119,115,117,8950
30/12/2010,121,125,121,122,21550
03/01/2011,120,123,120,120,3500
04/01/2011,121,122,120,122,2450
05/01/2011,122,125,119,122,9400
06/01/2011,121,126,121,126,19150
07/01/2011,127,132,127,129,11700
10/01/2011,134,134,128,128,10400
11/01/2011,120,131,111,116,27950
12/01/2011,121,122,115,117,75100
13/01/2011,124,124,108,108,62650
14/01/2011,108,115,108,115,11850
17/01/2011,115,118,114,115,4800
18/01/2011,115,115,110,115,18950
19/01/2011,114,115,110,110,71000
20/01/2011,112,112,105,106,3250
21/01/2011,101,101,100,100,1300
24/01/2011,100,100,100,100,100
25/01/2011,107,107,107,107,100
26/01/2011,101,108,98,98,9750
27/01/2011,100,110,100,110,2550
28/01/2011,110,116,110,115,3300
31/01/2011,110,110,110,110,500
01/02/2011,110,110,110,110,32400
02/02/2011,115,115,106,114,150
04/02/2011,114,114,114,114,0
07/02/2011,114,114,114,114,0
08/02/2011,114,114,114,114,50
09/02/2011,114,116,114,115,9300
10/02/2011,115,115,115,115,0
11/02/2011,115,115,115,115,0
14/02/2011,115,115,115,115,0
16/02/2011,115,115,115,115,0
17/02/2011,115,115,115,115,0
18/02/2011,116,118,116,118,1250
21/02/2011,119,140,115,134,74200
22/02/2011,134,134,134,134,0
23/02/2011,134,134,134,134,0
24/02/2011,134,134,134,134,0
25/02/2011,134,134,134,134,0
28/02/2011,134,134,134,134,0
01/03/2011,134,134,134,134,0
02/03/2011,134,134,134,134,0
03/03/2011,134,134,134,134,0
04/03/2011,138,138,115,117,13850
07/03/2011,120,124,119,119,16050
08/03/2011,119,120,118,118,1000
09/03/2011,119,123,116,120,1650
10/03/2011,121,127,121,123,4350
11/03/2011,121,121,117,119,1250
14/03/2011,117,120,117,120,350
15/03/2011,116,117,110,114,5150
16/03/2011,114,115,114,114,3750
17/03/2011,114,114,113,113,4550
18/03/2011,113,113,113,113,1100
21/03/2011,113,114,110,110,300
22/03/2011,111,112,111,112,150
23/03/2011,112,112,111,111,150
24/03/2011,111,121,111,115,9550
25/03/2011,115,115,112,112,150
28/03/2011,112,128,112,128,13150
29/03/2011,130,135,128,130,21100
30/03/2011,131,131,124,124,16150
31/03/2011,123,123,122,123,700
01/04/2011,124,144,124,139,70250
04/04/2011,140,146,139,141,62850
05/04/2011,143,143,138,140,11800
06/04/2011,138,145,135,140,12900
07/04/2011,141,143,140,140,5550
08/04/2011,150,150,140,140,3400
11/04/2011,142,142,140,140,3100
12/04/2011,140,142,140,141,500
13/04/2011,142,143,141,143,1700
14/04/2011,143,143,143,143,50
15/04/2011,140,143,140,142,2400
18/04/2011,140,142,140,142,27800
19/04/2011,143,143,135,142,88900
20/04/2011,140,145,140,143,11650
21/04/2011,145,156,143,154,13750
25/04/2011,156,175,155,156,41150
26/04/2011,160,164,157,163,6500
27/04/2011,161,161,160,160,7850
28/04/2011,160,162,150,150,8400
29/04/2011,155,162,152,160,7900
02/05/2011,163,173,160,166,12800
03/05/2011,164,165,161,161,1600
04/05/2011,165,169,165,165,21800
05/05/2011,166,168,164,168,27700
06/05/2011,169,169,166,166,500
09/05/2011,165,166,165,166,4100
10/05/2011,166,170,166,170,50050
11/05/2011,170,170,153,160,18450
12/05/2011,163,163,159,162,104500
13/05/2011,161,168,158,168,320400
16/05/2011,160,167,160,167,69700
18/05/2011,166,185,163,171,536800
19/05/2011,180,180,151,151,27050
20/05/2011,155,166,155,158,23850
23/05/2011,163,164,158,162,929000
24/05/2011,164,164,160,162,5050
25/05/2011,162,163,162,162,700
26/05/2011,162,171,162,167,17050
27/05/2011,170,174,170,173,7700
30/05/2011,173,180,173,176,18950
31/05/2011,176,176,175,175,10200
01/06/2011,175,175,175,175,600
03/06/2011,176,178,176,178,900
06/06/2011,176,176,175,175,6450
07/06/2011,173,175,173,175,400
08/06/2011,172,174,171,173,14250
09/06/2011,174,174,174,174,250
10/06/2011,173,173,173,173,50
13/06/2011,175,181,175,181,38400
14/06/2011,180,193,178,185,29250
15/06/2011,189,200,185,190,75750
16/06/2011,190,203,176,177,195700
17/06/2011,182,186,177,178,16000
20/06/2011,180,190,180,186,25850
21/06/2011,189,193,186,186,12850
22/06/2011,190,191,178,180,24000
23/06/2011,180,186,180,182,6600
24/06/2011,182,191,180,189,89200
27/06/2011,190,192,182,182,58150
28/06/2011,185,188,183,183,14500
30/06/2011,184,197,184,185,8650
01/07/2011,185,192,185,185,10350
04/07/2011,187,187,186,186,14750
05/07/2011,187,191,187,191,5100
06/07/2011,190,190,188,189,2100
07/07/2011,189,189,187,187,150
08/07/2011,189,190,189,190,1100
11/07/2011,190,190,188,188,4450
12/07/2011,191,191,188,188,7050
13/07/2011,189,190,188,190,10000
14/07/2011,190,199,190,193,10900
15/07/2011,194,195,192,195,1000
18/07/2011,196,200,195,196,4700
19/07/2011,197,220,195,218,44550
20/07/2011,223,258,223,240,62150
21/07/2011,243,260,230,230,20200
22/07/2011,230,243,220,220,10250
25/07/2011,240,245,238,240,12750
26/07/2011,245,253,245,253,13200
27/07/2011,250,250,223,223,5650
28/07/2011,230,233,215,228,58700
29/07/2011,228,235,228,228,9150
01/08/2011,230,240,230,240,1550
02/08/2011,240,240,240,240,1200
03/08/2011,230,240,230,240,600
04/08/2011,235,243,235,243,850
05/08/2011,230,243,228,230,53850
08/08/2011,220,230,205,210,15300
09/08/2011,200,230,200,200,16500
10/08/2011,200,200,200,200,0
11/08/2011,200,235,200,220,31200
12/08/2011,220,220,220,220,0
15/08/2011,220,220,220,220,0
16/08/2011,220,220,220,220,0
18/08/2011,223,223,223,223,250
19/08/2011,203,203,200,200,550
22/08/2011,210,220,210,220,550
23/08/2011,220,220,220,220,0
24/08/2011,220,220,220,220,0
25/08/2011,240,240,238,240,350
26/08/2011,240,240,240,240,0
05/09/2011,240,240,240,240,0
06/09/2011,240,240,240,240,0
07/09/2011,240,240,240,240,0
08/09/2011,248,248,220,220,1100
09/09/2011,220,220,220,220,0
12/09/2011,220,220,220,220,0
13/09/2011,220,220,220,220,0
14/09/2011,220,220,220,220,50
15/09/2011,210,220,210,220,150
16/09/2011,220,220,220,220,0
19/09/2011,220,220,220,220,100
20/09/2011,220,220,220,220,500
21/09/2011,220,220,220,220,0
22/09/2011,205,225,205,225,1900
23/09/2011,225,225,225,225,0
26/09/2011,220,220,215,220,143100
27/09/2011,200,220,200,203,1200
28/09/2011,200,210,200,210,1050
29/09/2011,199,210,199,208,900
30/09/2011,208,208,208,208,0
03/10/2011,195,210,195,208,800
04/10/2011,193,208,193,208,900
05/10/2011,208,208,208,208,0
06/10/2011,208,208,208,208,0
07/10/2011,208,208,208,208,0
10/10/2011,208,208,208,208,0
11/10/2011,208,208,208,208,0
12/10/2011,208,208,208,208,0
13/10/2011,208,208,208,208,0
14/10/2011,208,208,208,208,0
17/10/2011,208,208,208,208,0
18/10/2011,208,208,208,208,0
19/10/2011,208,210,208,210,450
20/10/2011,210,210,210,210,0
21/10/2011,210,215,200,215,400
24/10/2011,215,215,215,215,0
25/10/2011,210,220,210,220,2250
26/10/2011,225,230,225,230,250
27/10/2011,230,230,230,230,0
28/10/2011,230,230,230,230,0
31/10/2011,240,240,210,215,2550
01/11/2011,215,215,215,215,0
02/11/2011,215,215,215,215,0
03/11/2011,215,215,215,215,0
04/11/2011,230,230,230,230,2000
07/11/2011,230,230,230,230,0
08/11/2011,240,248,223,243,11400
09/11/2011,243,245,243,243,14750
10/11/2011,240,240,240,240,950
11/11/2011,240,240,235,240,43250
14/11/2011,240,240,240,240,0
15/11/2011,240,240,240,240,250
16/11/2011,240,240,240,240,4250
17/11/2011,240,250,235,250,97450
18/11/2011,250,280,250,270,102000
21/11/2011,260,263,260,263,350
22/11/2011,260,260,260,260,2900
23/11/2011,260,265,260,265,100
24/11/2011,265,275,250,250,350
25/11/2011,250,280,250,260,14750
28/11/2011,260,260,260,260,0
29/11/2011,260,285,260,273,17450
30/11/2011,295,335,295,335,19000
01/12/2011,345,355,335,335,3150
02/12/2011,310,320,270,290,550
05/12/2011,295,295,295,295,100
06/12/2011,295,295,260,270,600
07/12/2011,270,305,270,305,1550
08/12/2011,305,330,305,330,1700
09/12/2011,330,330,330,330,0
12/12/2011,330,330,330,330,0
13/12/2011,330,330,330,330,0
14/12/2011,310,310,310,310,1250
15/12/2011,305,305,305,305,450
16/12/2011,305,305,300,300,1450
19/12/2011,295,295,295,295,200
20/12/2011,275,275,268,268,250
21/12/2011,295,295,295,295,150
22/12/2011,293,300,293,300,1900
23/12/2011,295,300,270,300,5350
27/12/2011,300,330,300,328,5550
28/12/2011,315,330,315,330,150
29/12/2011,300,328,285,328,300
30/12/2011,328,330,328,330,200
02/01/2012,330,330,330,330,0
03/01/2012,330,330,330,330,350
04/01/2012,330,333,300,303,1000
05/01/2012,330,335,330,330,300
06/01/2012,315,315,315,315,50
09/01/2012,315,315,315,315,0
10/01/2012,338,360,338,360,400
11/01/2012,350,350,303,303,150
12/01/2012,303,303,303,303,0
13/01/2012,313,313,313,313,9300
16/01/2012,343,365,343,365,700
17/01/2012,355,420,355,410,2150
18/01/2012,390,410,390,410,300
19/01/2012,410,410,410,410,0
20/01/2012,420,420,418,418,100
24/01/2012,415,415,415,415,100
25/01/2012,400,400,400,400,200
26/01/2012,400,400,400,400,0
27/01/2012,343,343,340,340,100
30/01/2012,370,370,370,370,100
31/01/2012,370,370,370,370,0
01/02/2012,370,370,370,370,0
02/02/2012,400,440,400,440,850
03/02/2012,410,415,410,410,700
06/02/2012,420,430,410,430,800
07/02/2012,420,420,420,420,50
08/02/2012,420,420,420,420,0
09/02/2012,420,420,420,420,0
10/02/2012,410,420,410,410,150
13/02/2012,410,410,410,410,0
14/02/2012,410,410,410,410,0
15/02/2012,410,415,410,415,1400
16/02/2012,415,415,415,415,0
17/02/2012,420,420,420,420,50
20/02/2012,420,420,420,420,0
21/02/2012,410,480,410,480,900
22/02/2012,480,480,420,425,4100
23/02/2012,425,435,410,420,1850
24/02/2012,410,410,410,410,150
27/02/2012,410,410,410,410,0
28/02/2012,375,410,375,410,17250
29/02/2012,410,410,410,410,0
01/03/2012,403,410,403,410,100
02/03/2012,410,410,410,410,0
05/03/2012,410,410,410,410,0
06/03/2012,410,410,410,410,0
07/03/2012,450,450,450,450,100
08/03/2012,450,450,450,450,0
09/03/2012,450,450,450,450,0
12/03/2012,450,450,450,450,0
13/03/2012,450,450,450,450,100
14/03/2012,445,470,445,470,1850
15/03/2012,468,468,468,468,150
16/03/2012,403,420,400,420,600
19/03/2012,415,450,415,450,300
20/03/2012,450,450,450,450,0
21/03/2012,450,450,450,450,0
22/03/2012,440,440,440,440,50
26/03/2012,440,440,440,440,0
27/03/2012,445,463,445,463,400
28/03/2012,440,440,440,440,50
29/03/2012,438,438,400,425,450
30/03/2012,440,440,440,440,100
02/04/2012,440,440,440,440,50
03/04/2012,440,440,440,440,0
04/04/2012,440,440,440,440,0
05/04/2012,400,400,400,400,100
09/04/2012,400,400,400,400,0
10/04/2012,400,400,400,400,250
11/04/2012,375,385,360,363,1800
12/04/2012,340,420,340,360,900
13/04/2012,385,410,385,410,1200
16/04/2012,410,410,410,410,0
17/04/2012,408,430,408,430,800
18/04/2012,390,430,390,430,350
19/04/2012,430,430,430,430,0
20/04/2012,430,450,403,403,51700
23/04/2012,425,450,408,408,150
24/04/2012,425,435,425,435,100
25/04/2012,390,450,390,408,750
26/04/2012,428,430,428,430,100
27/04/2012,410,440,390,440,1600
30/04/2012,410,455,410,455,6500
01/05/2012,455,455,455,455,100
02/05/2012,455,455,455,455,0
03/05/2012,455,455,455,455,0
04/05/2012,455,455,455,455,0
07/05/2012,400,415,400,408,4950
08/05/2012,418,430,405,420,1400
09/05/2012,420,420,420,420,0
10/05/2012,420,420,420,420,0
11/05/2012,420,420,420,420,0
14/05/2012,420,420,420,420,0
15/05/2012,420,420,420,420,0
16/05/2012,378,430,378,430,3100
21/05/2012,430,430,430,430,0
22/05/2012,430,430,430,430,0
23/05/2012,395,435,395,430,1100
24/05/2012,430,430,430,430,0
25/05/2012,390,390,390,390,50
28/05/2012,410,415,410,415,400
29/05/2012,415,415,415,415,0
30/05/2012,415,415,415,415,0
31/05/2012,415,415,415,415,0
01/06/2012,395,395,395,395,100
04/06/2012,370,410,370,410,400
05/06/2012,390,423,385,423,500
06/06/2012,423,423,423,423,0
07/06/2012,400,410,400,410,2600
08/06/2012,410,410,410,410,50
11/06/2012,410,410,410,410,0
12/06/2012,410,410,410,410,0
13/06/2012,410,410,410,410,0
14/06/2012,390,410,378,410,5500
15/06/2012,410,410,410,410,0
18/06/2012,410,410,410,410,0
19/06/2012,410,410,410,410,0
20/06/2012,410,410,410,410,0
21/06/2012,410,410,410,410,0
22/06/2012,410,410,410,410,0
25/06/2012,415,420,415,420,250
26/06/2012,440,440,393,438,300
27/06/2012,410,448,410,438,28650
28/06/2012,450,470,438,438,1500
29/06/2012,438,438,438,438,10800
02/07/2012,438,438,438,438,0
03/07/2012,438,438,423,438,6600
04/07/2012,438,438,438,438,0
05/07/2012,438,438,438,438,0
06/07/2012,438,438,438,438,0
09/07/2012,438,438,438,438,0
10/07/2012,438,438,438,438,0
11/07/2012,430,430,430,430,7200
12/07/2012,430,430,430,430,0
13/07/2012,430,430,430,430,0
16/07/2012,405,410,403,410,1100
17/07/2012,400,410,400,400,4800
18/07/2012,400,430,400,415,28500
19/07/2012,405,415,405,415,3100
20/07/2012,430,445,430,430,11750
23/07/2012,430,430,430,430,0
24/07/2012,415,423,408,423,1200
25/07/2012,420,425,420,425,2800
26/07/2012,425,425,425,425,0
27/07/2012,410,425,400,425,4850
30/07/2012,425,425,425,425,0
31/07/2012,405,420,405,420,2650
01/08/2012,410,420,410,410,1450
02/08/2012,435,435,418,418,700
03/08/2012,418,418,418,418,0
06/08/2012,418,418,418,418,0
07/08/2012,418,418,418,418,2700
08/08/2012,435,435,420,420,5000
09/08/2012,430,435,430,435,2950
10/08/2012,435,435,428,428,1200
13/08/2012,428,428,428,428,0
14/08/2012,428,428,428,428,0
15/08/2012,435,435,435,435,150
16/08/2012,435,435,435,435,0
23/08/2012,435,435,430,435,2350
24/08/2012,440,440,440,440,50
27/08/2012,440,440,440,440,0
28/08/2012,440,440,440,440,250
29/08/2012,440,440,440,440,1300
30/08/2012,445,445,440,440,1450
31/08/2012,440,440,440,440,1200
03/09/2012,440,440,440,440,0
04/09/2012,440,440,440,440,0
05/09/2012,440,440,440,440,0
06/09/2012,440,440,440,440,0
07/09/2012,450,480,440,460,1650
10/09/2012,485,485,485,485,800
11/09/2012,485,515,485,500,11700
12/09/2012,500,505,500,500,1550
13/09/2012,505,505,500,500,2800
14/09/2012,505,505,490,490,1250
17/09/2012,495,505,495,495,800
18/09/2012,490,490,490,490,50
19/09/2012,500,500,500,500,500
20/09/2012,500,500,500,500,0
21/09/2012,490,500,490,490,3400
24/09/2012,500,500,500,500,50
25/09/2012,500,500,500,500,0
26/09/2012,500,500,490,490,200
27/09/2012,495,495,490,490,150
28/09/2012,490,490,490,490,0
01/10/2012,490,490,490,490,0
02/10/2012,490,490,490,490,0
03/10/2012,490,490,490,490,0
04/10/2012,490,490,490,490,0
05/10/2012,490,490,490,490,0
08/10/2012,450,450,450,450,100
09/10/2012,460,490,460,478,350
10/10/2012,478,478,478,478,0
11/10/2012,478,478,478,478,0
12/10/2012,478,478,478,478,0
15/10/2012,478,478,478,478,0
16/10/2012,478,478,478,478,0
17/10/2012,478,478,478,478,0
18/10/2012,478,478,478,478,0
19/10/2012,450,450,448,448,600
22/10/2012,440,440,440,440,150
23/10/2012,440,440,440,440,0
24/10/2012,440,440,440,440,50
25/10/2012,440,440,440,440,100
29/10/2012,440,440,440,440,0
30/10/2012,440,440,440,440,0
31/10/2012,455,465,440,465,750
01/11/2012,465,465,465,465,0
02/11/2012,465,465,465,465,0
05/11/2012,465,465,465,465,0
06/11/2012,440,485,440,470,2400
07/11/2012,460,460,440,440,200
08/11/2012,440,440,440,440,700
09/11/2012,430,430,418,418,2850
12/11/2012,400,415,400,415,4350
13/11/2012,410,410,410,410,1750
14/11/2012,418,418,418,418,950
19/11/2012,410,438,400,420,4200
20/11/2012,420,420,420,420,0
21/11/2012,420,420,420,420,0
22/11/2012,443,445,400,400,5650
23/11/2012,408,408,408,408,1250
26/11/2012,410,410,410,410,4950
27/11/2012,410,410,400,400,1000
28/11/2012,425,425,425,425,50
29/11/2012,425,440,403,423,11250
30/11/2012,423,423,420,420,150
03/12/2012,420,420,400,400,3050
04/12/2012,400,400,400,400,5050
05/12/2012,400,400,400,400,7350
06/12/2012,400,405,383,400,5050
07/12/2012,395,395,395,395,100
10/12/2012,400,405,400,405,2550
11/12/2012,420,420,400,400,100
12/12/2012,400,410,400,410,100
13/12/2012,410,410,410,410,0
14/12/2012,410,410,410,410,0
17/12/2012,400,415,390,415,300
18/12/2012,400,400,390,393,2900
19/12/2012,393,393,393,393,0
20/12/2012,390,390,390,390,50
21/12/2012,390,390,390,390,0
26/12/2012,390,390,390,390,0
27/12/2012,400,400,400,400,1000
28/12/2012,395,400,390,390,1200
02/01/2013,390,390,390,390,250
03/01/2013,390,395,390,390,400
04/01/2013,395,418,395,418,1350
07/01/2013,420,430,415,430,900
08/01/2013,423,430,418,418,9400
09/01/2013,410,413,400,400,74250
10/01/2013,400,400,390,390,850
11/01/2013,415,420,390,400,8100
14/01/2013,410,410,410,410,450
15/01/2013,410,410,408,410,900
16/01/2013,408,410,408,410,350
17/01/2013,410,410,410,410,150
18/01/2013,420,430,410,410,1150
21/01/2013,410,410,410,410,1200
22/01/2013,408,408,400,403,2500
23/01/2013,405,410,405,410,1700
25/01/2013,410,410,408,408,200
28/01/2013,408,408,408,408,0
29/01/2013,408,408,408,408,0
30/01/2013,408,408,408,408,0
31/01/2013,408,408,408,408,0
01/02/2013,410,410,410,410,5850
04/02/2013,423,423,423,423,300
05/02/2013,410,410,410,410,50
06/02/2013,410,410,410,410,0
07/02/2013,410,430,410,430,900
08/02/2013,430,430,405,405,400
11/02/2013,400,400,400,400,50
12/02/2013,410,410,403,410,2100
13/02/2013,410,413,410,413,1050
14/02/2013,410,413,410,413,4600
15/02/2013,410,410,410,410,2100
18/02/2013,410,415,410,410,150
19/02/2013,410,420,410,420,650
20/02/2013,428,450,425,425,450
21/02/2013,450,515,450,515,3250
22/02/2013,500,570,490,515,4400
25/02/2013,535,545,510,520,8650
26/02/2013,520,525,505,510,900
27/02/2013,520,525,520,525,2400
28/02/2013,530,560,530,560,14900
01/03/2013,560,560,560,560,0
04/03/2013,560,560,525,535,300
05/03/2013,545,550,520,525,850
06/03/2013,535,550,525,530,3250
07/03/2013,570,570,540,540,150
08/03/2013,550,550,550,550,50
11/03/2013,545,565,540,565,1250
13/03/2013,565,565,565,565,50
14/03/2013,540,565,535,565,1000
15/03/2013,565,565,565,565,0
18/03/2013,565,565,550,550,300
19/03/2013,560,570,540,540,1400
20/03/2013,540,540,540,540,0
21/03/2013,565,640,550,590,14750
22/03/2013,595,635,595,610,6300
25/03/2013,610,610,590,600,3050
26/03/2013,580,580,580,580,900
27/03/2013,580,580,575,580,450
28/03/2013,560,610,550,605,12250
01/04/2013,580,605,580,605,1150
02/04/2013,605,605,580,605,1200
03/04/2013,605,605,580,605,250
04/04/2013,595,595,590,590,200
05/04/2013,590,590,590,590,100
08/04/2013,600,610,600,600,6050
09/04/2013,600,600,600,600,50
10/04/2013,590,590,590,590,50
11/04/2013,600,605,590,590,12100
12/04/2013,605,640,590,640,28050
15/04/2013,635,640,600,610,5250
16/04/2013,605,605,605,605,250
17/04/2013,615,640,615,640,1000
18/04/2013,640,640,640,640,100
19/04/2013,615,615,610,610,250
22/04/2013,610,610,610,610,50
23/04/2013,600,620,600,620,1250
24/04/2013,625,625,620,620,750
25/04/2013,620,630,620,630,12650
26/04/2013,635,635,635,635,50
29/04/2013,645,645,610,615,450
30/04/2013,615,615,615,615,350
01/05/2013,620,620,620,620,200
02/05/2013,610,610,610,610,15650
03/05/2013,610,610,610,610,0
06/05/2013,610,620,610,610,1250
07/05/2013,610,610,610,610,1150
08/05/2013,610,610,610,610,200
10/05/2013,610,620,610,620,300
13/05/2013,610,610,610,610,150
14/05/2013,610,610,610,610,0
15/05/2013,610,615,610,615,700
16/05/2013,615,615,600,600,300
17/05/2013,595,600,595,600,800
20/05/2013,620,620,620,620,50
21/05/2013,605,620,600,620,6450
22/05/2013,625,625,600,600,450
23/05/2013,600,600,600,600,2300
24/05/2013,620,620,610,610,900
27/05/2013,610,610,610,610,1450
28/05/2013,610,620,610,620,6800
29/05/2013,610,610,610,610,50
30/05/2013,610,610,610,610,1000
31/05/2013,620,650,620,640,3400
03/06/2013,625,625,610,610,500
04/06/2013,600,600,600,600,600
05/06/2013,600,600,600,600,5200
07/06/2013,600,635,600,610,3100
10/06/2013,610,610,600,600,150
11/06/2013,600,600,590,590,850
12/06/2013,590,590,590,590,0
13/06/2013,590,590,590,590,0
14/06/2013,590,590,590,590,0
17/06/2013,590,590,590,590,150
18/06/2013,590,590,590,590,0
19/06/2013,590,640,590,640,950
20/06/2013,640,640,640,640,0
21/06/2013,670,670,670,670,1300
24/06/2013,665,665,650,660,1100
25/06/2013,660,660,660,660,0
26/06/2013,660,660,660,660,100
27/06/2013,655,655,655,655,200
28/06/2013,655,655,655,655,0
01/07/2013,655,655,655,655,0
02/07/2013,655,655,655,655,0
03/07/2013,600,645,600,645,100
04/07/2013,620,625,620,625,100
05/07/2013,625,625,625,625,0
08/07/2013,625,625,625,625,0
09/07/2013,625,625,625,625,0
10/07/2013,625,625,625,625,0
11/07/2013,625,625,625,625,0
12/07/2013,600,600,580,585,1300
15/07/2013,585,585,580,580,300
16/07/2013,580,580,580,580,0
17/07/2013,580,580,580,580,0
18/07/2013,580,580,580,580,0
19/07/2013,580,580,580,580,0
22/07/2013,600,600,600,600,350
23/07/2013,600,600,600,600,50
24/07/2013,600,600,600,600,1000
25/07/2013,600,600,600,600,0
26/07/2013,600,600,600,600,0
29/07/2013,600,600,600,600,0
30/07/2013,600,600,600,600,100
31/07/2013,600,600,600,600,0
01/08/2013,600,600,600,600,0
02/08/2013,600,600,600,600,0
12/08/2013,580,580,560,565,650
13/08/2013,550,550,550,550,50
14/08/2013,550,550,550,550,0
15/08/2013,550,550,550,550,0
16/08/2013,545,545,545,545,250
19/08/2013,545,545,545,545,0
20/08/2013,540,540,540,540,600
21/08/2013,540,540,540,540,0
22/08/2013,540,540,540,540,0
23/08/2013,540,540,540,540,0
26/08/2013,540,540,540,540,0
27/08/2013,540,540,540,540,0
28/08/2013,540,540,540,540,50
29/08/2013,540,540,540,540,0
30/08/2013,540,540,540,540,0
02/09/2013,515,570,510,570,550
03/09/2013,580,580,540,580,700
04/09/2013,570,570,540,550,350
05/09/2013,540,540,540,540,300
06/09/2013,550,550,550,550,50
09/09/2013,550,550,550,550,150
10/09/2013,540,545,530,545,150
11/09/2013,550,550,525,545,850
12/09/2013,540,540,540,540,450
13/09/2013,540,540,540,540,100
16/09/2013,540,550,525,550,450
17/09/2013,550,550,550,550,100
18/09/2013,550,550,550,550,0
19/09/2013,540,540,540,540,100
20/09/2013,540,540,540,540,50
23/09/2013,520,520,520,520,2600
24/09/2013,550,550,535,535,5050
25/09/2013,535,540,535,535,350
26/09/2013,535,535,535,535,100
27/09/2013,535,535,535,535,0
30/09/2013,530,540,530,540,1400
01/10/2013,530,530,530,530,50
02/10/2013,520,520,520,520,12450
03/10/2013,540,540,540,540,100
04/10/2013,525,525,525,525,20000
07/10/2013,540,540,525,525,200
08/10/2013,530,530,520,520,9150
09/10/2013,520,520,520,520,8000
10/10/2013,535,540,525,540,450
11/10/2013,545,545,545,545,350
16/10/2013,545,545,545,545,50
17/10/2013,545,545,545,545,350
18/10/2013,545,545,545,545,350
21/10/2013,545,545,545,545,0
22/10/2013,545,545,545,545,0
23/10/2013,545,545,545,545,0
24/10/2013,545,545,545,545,0
25/10/2013,545,545,545,545,0
28/10/2013,545,545,545,545,0
29/10/2013,545,545,545,545,0
30/10/2013,545,545,545,545,0
31/10/2013,545,545,545,545,0
01/11/2013,545,545,545,545,0
04/11/2013,500,545,500,545,450
06/11/2013,500,550,500,550,1950
07/11/2013,520,550,520,550,350
08/11/2013,515,550,510,545,4800
11/11/2013,520,550,510,550,6300
12/11/2013,540,545,515,545,11500
13/11/2013,520,550,520,550,1100
14/11/2013,520,550,520,545,9750
15/11/2013,525,550,525,550,1900
18/11/2013,530,535,500,535,10100
19/11/2013,525,540,525,540,350
20/11/2013,540,540,540,540,150
21/11/2013,520,545,520,545,2950
22/11/2013,525,535,525,535,6500
25/11/2013,530,535,525,535,5950
26/11/2013,530,535,530,535,1800
27/11/2013,545,545,540,540,150
28/11/2013,545,545,545,545,100
29/11/2013,550,550,550,550,50
02/12/2013,540,550,540,550,1100
03/12/2013,540,550,540,550,1100
04/12/2013,540,550,540,550,100
05/12/2013,540,545,540,545,3350
06/12/2013,535,550,535,550,5150
09/12/2013,540,555,540,555,150
10/12/2013,540,555,535,555,350
11/12/2013,545,550,545,550,100
12/12/2013,550,550,550,550,50
13/12/2013,535,545,520,545,3650
16/12/2013,530,550,525,550,4350
17/12/2013,550,550,550,550,250
18/12/2013,550,550,550,550,10050
19/12/2013,545,550,545,550,10150
20/12/2013,545,555,545,555,4550
23/12/2013,545,555,545,555,4450
24/12/2013,555,555,550,555,8650
27/12/2013,530,555,530,555,17700
30/12/2013,555,555,555,555,11350
02/01/2014,555,555,555,555,500
03/01/2014,555,555,555,555,3000
06/01/2014,555,555,555,555,20
07/01/2014,550,555,550,555,1900
08/01/2014,548,555,548,555,5740
09/01/2014,553,553,553,553,3110
10/01/2014,550,553,550,553,2270
13/01/2014,550,553,550,553,10000
15/01/2014,553,553,553,553,2000
16/01/2014,550,550,550,550,3210
17/01/2014,550,553,550,553,3850
20/01/2014,550,550,550,550,4020
21/01/2014,550,550,550,550,4000
22/01/2014,550,550,550,550,3610
23/01/2014,555,555,555,555,1000
24/01/2014,555,555,555,555,1020
27/01/2014,550,555,548,555,630
28/01/2014,548,555,548,555,810
29/01/2014,548,555,520,555,5750
30/01/2014,550,555,550,555,320
03/02/2014,548,555,548,555,1150
04/02/2014,555,570,555,570,500
05/02/2014,580,580,580,580,500
06/02/2014,548,575,548,575,2210
07/02/2014,565,575,565,575,1030
10/02/2014,575,575,575,575,0
11/02/2014,575,575,575,575,0
12/02/2014,575,575,575,575,0
13/02/2014,555,560,555,558,1870
14/02/2014,565,575,550,575,6390
17/02/2014,575,575,575,575,0
18/02/2014,575,575,575,575,0
19/02/2014,575,575,575,575,0
20/02/2014,575,575,575,575,0
21/02/2014,575,575,575,575,0
24/02/2014,575,575,575,575,0
25/02/2014,575,575,575,575,0
26/02/2014,575,575,575,575,0
27/02/2014,575,575,575,575,0
28/02/2014,575,575,575,575,0
03/03/2014,555,560,550,560,610
04/03/2014,560,565,560,565,310
05/03/2014,565,565,565,565,0
06/03/2014,565,565,565,565,5100
07/03/2014,565,565,565,565,5000
10/03/2014,565,565,565,565,0
11/03/2014,565,565,565,565,0
12/03/2014,565,565,565,565,0
13/03/2014,565,565,565,565,0
14/03/2014,565,580,555,580,6730
17/03/2014,570,570,570,570,1050
18/03/2014,570,570,570,570,0
19/03/2014,570,570,570,570,0
20/03/2014,570,575,575,575,2920
21/03/2014,575,575,575,575,0
24/03/2014,575,575,575,575,10
25/03/2014,575,575,575,575,0
26/03/2014,575,575,575,575,0
27/03/2014,575,575,575,575,2000
28/03/2014,575,575,575,575,0
01/04/2014,575,575,575,575,0
02/04/2014,575,575,575,575,0
03/04/2014,575,575,575,575,0
04/04/2014,575,575,575,575,0
07/04/2014,575,575,575,575,0
08/04/2014,575,575,575,575,12280
10/04/2014,575,575,575,575,50
11/04/2014,575,575,575,575,0
14/04/2014,575,575,575,575,0
15/04/2014,575,690,575,683,2220
16/04/2014,683,683,683,683,0
17/04/2014,683,680,650,680,6000
21/04/2014,680,680,680,680,0
22/04/2014,680,680,680,680,0
23/04/2014,680,680,680,680,0
24/04/2014,680,680,680,680,10
25/04/2014,680,680,680,680,0
28/04/2014,680,680,680,680,0
29/04/2014,680,680,680,680,0
30/04/2014,680,680,680,680,0
02/05/2014,680,680,680,680,0
05/05/2014,680,693,675,675,10090
06/05/2014,675,675,675,675,0
07/05/2014,675,550,550,550,40
08/05/2014,645,650,555,555,7040
09/05/2014,555,648,648,648,10
12/05/2014,648,648,550,550,90
13/05/2014,550,600,600,600,20
14/05/2014,600,600,600,600,0
16/05/2014,600,600,600,600,0
19/05/2014,600,575,481,560,670
20/05/2014,560,568,555,568,20
21/05/2014,568,550,550,550,60
22/05/2014,550,570,550,570,70
23/05/2014,570,570,545,570,210
26/05/2014,570,570,570,570,0
28/05/2014,570,570,570,570,0
30/05/2014,570,570,570,570,0
02/06/2014,570,570,570,570,0
03/06/2014,520,573,520,573,160
04/06/2014,573,573,560,560,120
05/06/2014,560,575,560,575,20650
06/06/2014,575,575,575,575,100
09/06/2014,575,575,575,575,0
10/06/2014,575,575,575,575,0
11/06/2014,575,575,575,575,0
12/06/2014,575,575,575,575,0
13/06/2014,575,575,575,575,0
16/06/2014,575,575,575,575,0
17/06/2014,575,575,575,575,0
18/06/2014,575,575,575,575,0
19/06/2014,575,575,575,575,0
20/06/2014,575,575,575,575,0
23/06/2014,575,575,575,575,0
24/06/2014,575,600,575,590,6500
25/06/2014,590,590,590,590,3360
26/06/2014,590,600,590,600,10140
27/06/2014,600,600,600,600,0
30/06/2014,600,600,600,600,0
01/07/2014,600,600,600,600,0
02/07/2014,600,600,600,600,0
03/07/2014,600,600,600,600,0
04/07/2014,600,590,590,590,10
07/07/2014,590,590,590,590,1650
08/07/2014,590,590,590,590,750
10/07/2014,590,600,600,600,25000
11/07/2014,600,600,600,600,0
14/07/2014,600,600,600,600,10
15/07/2014,600,600,600,600,0
16/07/2014,600,600,600,600,0
17/07/2014,600,600,600,600,0
18/07/2014,600,600,600,600,0
21/07/2014,600,600,600,600,0
22/07/2014,600,600,600,600,0
23/07/2014,600,600,600,600,0
24/07/2014,600,600,600,600,0
25/07/2014,600,600,600,600,0
04/08/2014,600,600,600,600,0
05/08/2014,600,600,600,600,0
06/08/2014,600,600,600,600,0
07/08/2014,600,600,600,600,0
08/08/2014,600,600,600,600,0
11/08/2014,600,600,600,600,0
12/08/2014,600,600,600,600,0
13/08/2014,600,600,600,600,0
14/08/2014,600,600,600,600,0
15/08/2014,600,640,640,640,1500
18/08/2014,640,640,640,640,0
19/08/2014,640,710,640,710,2890
20/08/2014,703,703,700,700,50
21/08/2014,700,700,700,700,110
22/08/2014,703,703,703,703,130
25/08/2014,703,703,703,703,0
26/08/2014,700,703,680,700,20100
27/08/2014,700,700,690,690,540
28/08/2014,690,690,690,690,0
29/08/2014,690,690,690,690,20
01/09/2014,690,690,690,690,0
02/09/2014,690,690,690,690,0
03/09/2014,690,690,690,690,0
04/09/2014,695,710,680,710,5320
05/09/2014,710,710,710,710,20
08/09/2014,750,750,750,750,40
09/09/2014,758,758,710,710,60
10/09/2014,710,710,710,710,0
11/09/2014,710,710,710,710,0
12/09/2014,710,710,710,710,0
15/09/2014,710,710,710,710,10
16/09/2014,730,730,730,730,1310
17/09/2014,760,780,730,730,160
18/09/2014,680,820,640,675,1630
19/09/2014,675,675,675,675,0
22/09/2014,600,600,600,600,30
23/09/2014,700,700,653,653,30
24/09/2014,653,653,653,653,0
25/09/2014,653,653,653,653,0
26/09/2014,653,653,653,653,0
29/09/2014,653,653,653,653,0
30/09/2014,700,720,600,630,2950
01/10/2014,680,720,680,720,3190
02/10/2014,690,690,690,690,150
03/10/2014,630,630,630,630,5000
06/10/2014,633,700,630,630,230
07/10/2014,650,650,630,630,2270
08/10/2014,630,630,630,630,0
09/10/2014,630,630,630,630,0
10/10/2014,630,630,630,630,0
13/10/2014,590,590,590,590,30
14/10/2014,680,680,600,600,110
15/10/2014,700,710,700,710,320
16/10/2014,710,750,640,640,12260
17/10/2014,640,640,640,640,0
20/10/2014,650,698,650,695,470
21/10/2014,695,695,655,655,2210
22/10/2014,655,655,655,655,0
23/10/2014,730,730,730,730,200
24/10/2014,725,728,610,610,430
27/10/2014,660,660,610,610,1130
28/10/2014,610,610,610,610,0
29/10/2014,620,635,610,610,2740
30/10/2014,610,675,610,675,440
31/10/2014,600,600,600,600,3100
03/11/2014,600,600,600,600,3090
04/11/2014,640,640,600,600,720
05/11/2014,603,603,603,603,20
06/11/2014,603,603,600,603,70
07/11/2014,600,600,600,600,10
10/11/2014,580,580,580,580,20
11/11/2014,600,600,600,600,10
12/11/2014,615,615,590,590,70
13/11/2014,590,590,590,590,30
14/11/2014,590,590,590,590,70
17/11/2014,590,590,590,590,0
18/11/2014,590,590,590,590,0
19/11/2014,590,590,590,590,0
20/11/2014,590,590,590,590,0
21/11/2014,610,610,610,610,10
24/11/2014,610,610,610,610,10
25/11/2014,593,593,593,593,10
26/11/2014,593,593,593,593,50
27/11/2014,593,593,593,593,0
28/11/2014,600,600,600,600,50
01/12/2014,575,575,575,575,10
02/12/2014,575,575,575,575,0
03/12/2014,600,600,600,600,10
04/12/2014,600,600,600,600,0
05/12/2014,710,710,630,670,920
08/12/2014,673,740,673,720,3610
09/12/2014,600,600,600,600,50
10/12/2014,600,605,600,600,9300
11/12/2014,600,600,600,600,20
12/12/2014,600,600,600,600,260
15/12/2014,600,600,600,600,0
16/12/2014,720,720,720,720,250
17/12/2014,660,660,610,610,200
18/12/2014,610,610,610,610,0
19/12/2014,650,650,650,650,100
22/12/2014,610,610,610,610,20
23/12/2014,610,610,610,610,50
24/12/2014,610,720,610,700,710
29/12/2014,700,700,700,700,0
30/12/2014,700,800,700,780,440
02/01/2015,800,800,800,800,20
05/01/2015,800,800,800,800,0
06/01/2015,800,800,800,800,0
07/01/2015,800,800,800,800,0
08/01/2015,800,800,800,800,0
09/01/2015,800,800,800,800,0
12/01/2015,800,800,800,800,0
13/01/2015,650,800,650,800,13020
14/01/2015,800,800,800,800,0
15/01/2015,800,800,800,800,0
16/01/2015,800,800,640,640,630
19/01/2015,750,750,750,750,50
20/01/2015,750,830,750,815,8080
21/01/2015,800,800,750,780,2600
22/01/2015,780,780,655,655,1460
23/01/2015,655,650,650,650,170
26/01/2015,653,653,650,650,390
27/01/2015,650,780,648,650,4680
28/01/2015,748,780,748,780,2320
29/01/2015,750,810,750,810,133280
30/01/2015,810,970,830,950,4890
02/02/2015,950,1000,795,990,380
03/02/2015,910,910,900,900,2440
04/02/2015,920,948,905,905,4930
05/02/2015,905,905,905,905,4000
06/02/2015,905,950,905,940,1040
09/02/2015,930,958,910,958,2860
10/02/2015,960,960,950,950,30
11/02/2015,950,958,945,945,3440
12/02/2015,940,950,940,950,1330
13/02/2015,955,955,955,955,20
16/02/2015,880,950,860,950,160
17/02/2015,950,1000,950,1000,30
18/02/2015,950,1005,950,1005,4370
20/02/2015,1005,1005,1005,1005,0
23/02/2015,1015,1020,950,1015,9290
24/02/2015,1030,1065,1030,1065,3450
25/02/2015,1078,1090,1065,1070,10560
26/02/2015,1040,1100,1040,1100,8840
27/02/2015,1100,1100,1100,1100,1000
02/03/2015,1135,1135,1130,1130,1370
03/03/2015,1150,1185,1055,1185,3800
04/03/2015,1223,1230,1118,1200,1600
05/03/2015,1250,1250,1070,1245,920
06/03/2015,1250,1275,1200,1245,3480
09/03/2015,1225,1240,1220,1220,260
10/03/2015,1235,1235,1235,1235,10
11/03/2015,1235,1235,1235,1235,0
12/03/2015,1235,1235,1235,1235,0
13/03/2015,1198,1198,1198,1198,10
16/03/2015,1198,1198,1198,1198,0
17/03/2015,1198,1198,1198,1198,0
18/03/2015,1060,1150,1050,1150,50
19/03/2015,1135,1150,1135,1150,6020
20/03/2015,1153,1185,1153,1185,3450
23/03/2015,1180,1180,1175,1175,20
24/03/2015,1178,1178,1178,1178,10
25/03/2015,1180,1180,1180,1180,5030
26/03/2015,1180,1180,1180,1180,0
27/03/2015,1180,1180,1180,1180,0
30/03/2015,1180,1180,1180,1180,0
31/03/2015,1180,1180,1180,1180,0
01/04/2015,1180,1180,1180,1180,0
02/04/2015,1180,1180,1180,1180,0
06/04/2015,1180,1180,1180,1180,0
07/04/2015,1050,1130,950,1130,330
08/04/2015,1130,1130,1130,1130,0
09/04/2015,1130,1130,1130,1130,0
10/04/2015,1130,1130,1130,1130,0
13/04/2015,905,1160,905,923,1120
14/04/2015,1050,1105,1050,1105,380
15/04/2015,1050,1050,1050,1050,390
16/04/2015,1060,1060,1060,1060,10
17/04/2015,1155,1160,1100,1100,1230
20/04/2015,1090,1090,1090,1090,20
21/04/2015,1150,1150,1150,1150,10
22/04/2015,1150,1160,1100,1160,90
23/04/2015,1160,1160,1160,1160,10
24/04/2015,1160,1160,1160,1160,0
27/04/2015,1108,1153,1108,1153,20
28/04/2015,1153,1153,1153,1153,80
29/04/2015,1110,1110,1110,1110,350
30/04/2015,1050,1160,970,1160,90
04/05/2015,1160,1160,1160,1160,0
05/05/2015,1160,1160,1160,1160,0
06/05/2015,1110,1110,1110,1110,200
07/05/2015,1110,1110,1110,1110,0
08/05/2015,1110,1110,1110,1110,0
11/05/2015,1090,1090,1090,1090,50
12/05/2015,1155,1155,1155,1155,10
13/05/2015,1155,1155,1155,1155,0
15/05/2015,1155,1155,1155,1155,0
18/05/2015,1155,1155,1155,1155,0
19/05/2015,1155,1155,1155,1155,0
20/05/2015,1070,1148,1070,1148,970
21/05/2015,1148,1148,1148,1148,0
22/05/2015,1148,1148,1148,1148,0
25/05/2015,1148,1148,1148,1148,0
26/05/2015,1143,1143,1143,1143,10
27/05/2015,1143,1143,1143,1143,0
28/05/2015,1143,1143,1143,1143,0
29/05/2015,1143,1143,1143,1143,0
01/06/2015,1143,1143,1143,1143,0
03/06/2015,1143,1143,1143,1143,0
04/06/2015,1143,1143,1143,1143,0
05/06/2015,1143,1143,1143,1143,0
08/06/2015,1143,1143,1143,1143,0
09/06/2015,1143,1143,1143,1143,0
10/06/2015,1100,1160,1100,1160,1150
11/06/2015,1160,1160,1150,1160,6670
12/06/2015,1160,1160,1160,1160,0
15/06/2015,1160,1160,1160,1160,0
16/06/2015,1160,1160,1160,1160,0
17/06/2015,1160,1160,1160,1160,0
18/06/2015,1125,1125,1125,1125,1000
19/06/2015,1125,1125,1125,1125,0
22/06/2015,1125,1125,1125,1125,0
23/06/2015,1110,1110,1110,1110,950
24/06/2015,1110,1110,1110,1110,500
25/06/2015,1110,1110,1110,1110,0
26/06/2015,1110,1110,1110,1110,0
29/06/2015,1110,1110,1110,1110,0
30/06/2015,1110,1110,1110,1110,100
01/07/2015,1160,1160,1160,1160,30
02/07/2015,1130,1130,1050,1050,20
03/07/2015,1110,1110,1110,1110,200
06/07/2015,1110,1110,1110,1110,0
07/07/2015,1100,1100,1100,1100,100
08/07/2015,1100,1160,1100,1140,1110
09/07/2015,1080,1110,1080,1110,1120
10/07/2015,1110,1110,1110,1110,0
13/07/2015,1050,1050,1050,1050,10
14/07/2015,1050,1050,1050,1050,0
15/07/2015,1050,1050,1050,1050,0
22/07/2015,1050,1050,1050,1050,0
23/07/2015,1050,1050,1050,1050,0
24/07/2015,1100,1100,1100,1100,200
27/07/2015,1100,1100,1100,1100,1000
28/07/2015,1100,1100,1100,1100,0
29/07/2015,1110,1160,1110,1160,210
30/07/2015,1140,1140,1140,1140,20
31/07/2015,1120,1160,1120,1160,720
03/08/2015,1160,1160,1160,1160,0
04/08/2015,1160,1160,1160,1160,0
05/08/2015,1120,1170,1120,1170,250
06/08/2015,1170,1170,1170,1170,0
07/08/2015,1170,1170,1170,1170,0
10/08/2015,1170,1170,1170,1170,0
11/08/2015,1180,1180,1140,1140,190
12/08/2015,1090,1140,1090,1140,8000
13/08/2015,1050,1050,1050,1050,10
14/08/2015,1050,1050,1050,1050,0
18/08/2015,1065,1100,1000,1100,140
19/08/2015,1100,1100,1100,1100,0
20/08/2015,1100,1100,1100,1100,0
21/08/2015,1000,1000,1000,1000,190
24/08/2015,1000,1075,950,1060,2210
25/08/2015,1050,1060,1030,1050,570
26/08/2015,1040,1070,1030,1050,5750
27/08/2015,1050,1050,1050,1050,0
28/08/2015,1050,1050,1050,1050,0
31/08/2015,1050,1050,1050,1050,0
01/09/2015,1080,1180,1000,1050,300
02/09/2015,1080,1080,1080,1080,100
03/09/2015,1080,1080,1010,1010,170
04/09/2015,1100,1100,1010,1010,3500
07/09/2015,1055,1055,980,980,150
08/09/2015,1040,1040,1040,1040,150
09/09/2015,1040,1040,1040,1040,0
10/09/2015,1030,1040,1030,1040,350
11/09/2015,1040,1040,1040,1040,0
14/09/2015,1120,1120,1090,1090,4010
15/09/2015,1090,1090,1090,1090,0
16/09/2015,1090,1090,1090,1090,0
17/09/2015,1090,1200,1000,1000,6960
18/09/2015,1130,1150,1100,1100,3270
21/09/2015,1100,1150,1100,1100,7600
22/09/2015,1080,1110,1080,1110,2050
23/09/2015,1100,1100,1100,1100,550
25/09/2015,1100,1100,1100,1100,0
28/09/2015,1100,1100,1100,1100,0
29/09/2015,1100,1100,1100,1100,0
30/09/2015,1100,1100,1100,1100,100
01/10/2015,1000,1100,1000,1100,8000
02/10/2015,1100,1100,1100,1100,0
05/10/2015,1100,1100,1100,1100,640
06/10/2015,1100,1100,1100,1100,0
07/10/2015,1100,1100,1100,1100,20
08/10/2015,1100,1100,1100,1100,0
09/10/2015,1100,1150,1100,1150,1500
12/10/2015,1150,1150,1150,1150,0
13/10/2015,1150,1150,1150,1150,50
15/10/2015,1130,1150,1100,1100,970
16/10/2015,1100,1100,1100,1100,0
19/10/2015,1050,1050,1050,1050,100
20/10/2015,1050,1050,1050,1050,1000
21/10/2015,1048,1048,1000,1000,90
22/10/2015,1110,1110,1000,1000,120
23/10/2015,1100,1100,990,990,8260
26/10/2015,1000,1000,1000,1000,10
27/10/2015,1000,1000,1000,1000,0
28/10/2015,1000,1000,1000,1000,1000
29/10/2015,1050,1095,1000,1000,120
30/10/2015,1000,1000,1000,1000,0
02/11/2015,1000,1000,1000,1000,1900
03/11/2015,998,998,998,998,100
04/11/2015,998,998,998,998,0
05/11/2015,998,998,998,998,100
06/11/2015,998,998,998,998,0
09/11/2015,998,998,998,998,10
10/11/2015,998,998,998,998,0
11/11/2015,998,998,998,998,0
12/11/2015,998,998,998,998,0
13/11/2015,1020,1020,1020,1020,120
16/11/2015,1000,1010,1000,1010,80
17/11/2015,1110,1110,1020,1020,150
18/11/2015,1020,1020,1020,1020,0
19/11/2015,1020,1020,1020,1020,0
20/11/2015,1020,1020,1020,1020,0
23/11/2015,1020,1020,1020,1020,0
24/11/2015,1020,1020,1020,1020,0
25/11/2015,1000,1050,1000,1050,10040
26/11/2015,1050,1050,950,950,510
27/11/2015,990,990,990,990,10
30/11/2015,990,990,990,990,0
01/12/2015,990,990,990,990,0
02/12/2015,990,990,990,990,0
03/12/2015,990,990,990,990,0
04/12/2015,1000,1050,1000,1050,700
07/12/2015,1050,1050,1050,1050,0
08/12/2015,1030,1030,1030,1030,1400
10/12/2015,1030,1030,1030,1030,220
11/12/2015,1030,1030,1030,1030,0
14/12/2015,1030,1030,1030,1030,0
15/12/2015,1030,1030,1030,1030,0
16/12/2015,1030,1030,1030,1030,0
17/12/2015,1030,1030,1030,1030,0
18/12/2015,1030,1030,1030,1030,0
21/12/2015,1030,1030,1030,1030,0
22/12/2015,1030,1030,1030,1030,0
23/12/2015,1030,1030,1030,1030,0
28/12/2015,1000,1000,1000,1000,450
29/12/2015,1000,1000,1000,1000,0
30/12/2015,1030,1030,1030,1030,100
04/01/2016,1030,1030,1030,1030,0
05/01/2016,1000,1000,995,995,250
06/01/2016,995,995,995,995,0
07/01/2016,1000,1000,1000,1000,100
08/01/2016,1000,1000,1000,1000,20
11/01/2016,980,1000,950,1000,1380
12/01/2016,1000,1000,1000,1000,0
13/01/2016,1000,1000,1000,1000,0
14/01/2016,1000,1030,1000,1030,4030
15/01/2016,1030,1030,1030,1030,10
18/01/2016,1030,1030,1030,1030,0
19/01/2016,980,1000,945,945,2850
20/01/2016,995,995,995,995,10
21/01/2016,945,945,905,905,9810
22/01/2016,920,920,920,920,550
25/01/2016,1020,1020,930,930,120
26/01/2016,950,960,930,930,230
27/01/2016,930,930,930,930,0
28/01/2016,930,930,930,930,0
29/01/2016,905,950,900,950,120
01/02/2016,935,1020,935,1020,30
02/02/2016,1020,1020,1020,1020,0
03/02/2016,1020,1020,1020,1020,10
04/02/2016,1020,1020,1015,1020,7500
05/02/2016,1050,1100,1050,1100,50
09/02/2016,1050,1050,1050,1050,120
10/02/2016,1050,1050,1050,1050,0
11/02/2016,1050,1050,1050,1050,0
12/02/2016,1028,1028,980,1000,1020
15/02/2016,1000,1000,1000,1000,0
16/02/2016,1000,1000,1000,1000,0
17/02/2016,990,990,990,990,70
18/02/2016,910,980,910,925,2810
19/02/2016,925,990,920,920,260
22/02/2016,973,973,973,973,10
23/02/2016,973,973,973,973,0
24/02/2016,973,973,973,973,0
25/02/2016,950,950,913,915,120
26/02/2016,915,915,915,915,0
29/02/2016,948,970,948,950,10720
01/03/2016,913,958,913,958,110
02/03/2016,955,988,955,988,80
03/03/2016,985,1000,985,1000,130
04/03/2016,1000,1000,1000,1000,0
07/03/2016,1000,1000,1000,1000,20
08/03/2016,1000,1000,1000,1000,0
10/03/2016,1000,1000,1000,1000,0
11/03/2016,1000,1000,1000,1000,0
14/03/2016,1000,1000,1000,1000,0
15/03/2016,1000,1000,1000,1000,0
16/03/2016,970,970,970,970,210
17/03/2016,930,930,930,930,750
18/03/2016,930,978,888,970,2790
21/03/2016,970,990,970,990,50
22/03/2016,1030,1050,935,935,4160
23/03/2016,960,960,960,960,10
24/03/2016,960,960,960,960,0
28/03/2016,960,960,960,960,0
29/03/2016,948,948,948,948,10
30/03/2016,948,948,945,945,30
31/03/2016,945,945,945,945,0
01/04/2016,945,945,945,945,0
04/04/2016,945,945,945,945,0
05/04/2016,945,945,945,945,0
06/04/2016,945,945,945,945,0
07/04/2016,963,965,963,965,310
08/04/2016,965,965,965,965,0
11/04/2016,965,965,965,965,0
12/04/2016,965,965,965,965,0
13/04/2016,965,965,965,965,2650
14/04/2016,965,965,950,950,70
15/04/2016,950,950,950,950,0
18/04/2016,950,950,950,950,0
19/04/2016,918,918,918,918,510
20/04/2016,948,948,918,918,740
21/04/2016,915,915,915,915,1050
22/04/2016,915,915,915,915,0
25/04/2016,908,908,905,908,140
26/04/2016,910,910,910,910,20
27/04/2016,908,910,908,910,20
28/04/2016,903,903,900,900,70
29/04/2016,900,900,900,900,0
02/05/2016,900,900,900,900,30
03/05/2016,925,925,925,925,10
04/05/2016,925,925,925,925,0
09/05/2016,903,903,903,903,20
10/05/2016,910,910,910,910,30
11/05/2016,898,898,895,895,20
12/05/2016,895,895,895,895,0
13/05/2016,890,890,865,870,2610
16/05/2016,875,910,875,910,1760
17/05/2016,910,910,910,910,0
18/05/2016,910,910,910,910,0
19/05/2016,910,910,910,910,0
20/05/2016,910,910,910,910,0
23/05/2016,910,910,910,910,0
24/05/2016,910,910,910,910,0
25/05/2016,893,910,893,910,770
26/05/2016,910,910,910,910,0
27/05/2016,910,910,910,910,0
30/05/2016,910,910,910,910,0
31/05/2016,923,923,923,923,10
01/06/2016,923,923,923,923,0
02/06/2016,923,923,923,923,0
03/06/2016,923,923,923,923,0
06/06/2016,923,923,923,923,0
07/06/2016,923,923,923,923,0
08/06/2016,923,923,923,923,0
09/06/2016,923,923,923,923,0
10/06/2016,923,923,923,923,0
13/06/2016,923,923,923,923,0
14/06/2016,923,923,923,923,0
15/06/2016,923,923,923,923,0
16/06/2016,923,923,923,923,0
17/06/2016,923,923,923,923,0
20/06/2016,923,923,923,923,0
21/06/2016,923,923,923,923,60
22/06/2016,923,923,923,923,40
23/06/2016,923,923,923,923,0
24/06/2016,923,923,923,923,0
27/06/2016,950,1000,950,950,4880
28/06/2016,950,950,950,950,0
29/06/2016,950,950,950,950,0
30/06/2016,970,1000,970,980,7210
01/07/2016,1000,1000,1000,1000,20
11/07/2016,1000,1000,1000,1000,0
12/07/2016,1000,1000,1000,1000,0
13/07/2016,1000,1000,1000,1000,0
14/07/2016,1000,1000,1000,1000,0
15/07/2016,1000,1000,1000,1000,0
18/07/2016,1000,1000,1000,1000,0
19/07/2016,1000,1000,1000,1000,0
20/07/2016,1000,1000,1000,1000,0
21/07/2016,970,970,970,970,30
22/07/2016,970,970,970,970,0
25/07/2016,970,970,970,970,0
26/07/2016,970,970,970,970,0
27/07/2016,970,970,970,970,0
28/07/2016,970,970,970,970,0
29/07/2016,970,970,970,970,0
01/08/2016,945,945,945,945,20
02/08/2016,920,940,920,920,150
03/08/2016,920,920,920,920,0
04/08/2016,920,920,920,920,0
05/08/2016,920,1000,920,995,5750
08/08/2016,960,960,955,955,40
09/08/2016,955,955,955,955,0
10/08/2016,955,955,955,955,0
11/08/2016,955,955,955,955,0
12/08/2016,955,955,955,955,0
15/08/2016,940,940,940,940,250000
16/08/2016,910,910,900,900,30
18/08/2016,900,900,900,900,130
19/08/2016,880,893,880,893,80
22/08/2016,900,900,900,900,300
23/08/2016,900,900,900,900,0
24/08/2016,900,900,900,900,0
25/08/2016,900,900,890,890,67390
26/08/2016,890,900,890,900,81000
29/08/2016,900,900,900,900,126000
30/08/2016,900,900,900,900,208140
31/08/2016,900,900,900,900,0
01/09/2016,900,900,900,900,5000
02/09/2016,900,900,900,900,0
05/09/2016,900,900,900,900,0
06/09/2016,900,900,900,900,0
07/09/2016,900,900,900,900,0
08/09/2016,900,900,900,900,0
09/09/2016,900,900,900,900,0
13/09/2016,890,890,890,890,210
14/09/2016,895,898,895,898,4850
15/09/2016,898,898,895,895,1260
16/09/2016,895,895,895,895,5000
19/09/2016,895,895,895,895,0
20/09/2016,895,895,895,895,0
21/09/2016,895,1000,895,955,684170
22/09/2016,965,965,965,965,2350
23/09/2016,985,985,985,985,10
26/09/2016,985,985,985,985,0
27/09/2016,985,985,985,985,0
28/09/2016,985,985,985,985,0
29/09/2016,1000,1000,910,910,5240
30/09/2016,950,965,950,965,50
03/10/2016,1000,1000,988,988,20
04/10/2016,988,988,988,988,0
05/10/2016,988,988,988,988,0
06/10/2016,988,988,988,988,0
07/10/2016,950,950,950,950,1160
10/10/2016,950,950,950,950,0
11/10/2016,950,950,950,950,0
12/10/2016,950,950,950,950,0
13/10/2016,900,900,890,890,30
14/10/2016,890,890,830,830,30
17/10/2016,900,900,840,840,230
18/10/2016,800,840,800,840,9270
19/10/2016,840,880,840,880,12750
20/10/2016,880,890,880,890,550
21/10/2016,915,915,915,915,200
24/10/2016,913,913,913,913,10
25/10/2016,910,910,910,910,9730
26/10/2016,910,910,910,910,0
27/10/2016,843,843,843,843,4730
28/10/2016,843,843,843,843,0
31/10/2016,843,880,843,880,5010
01/11/2016,880,880,880,880,0
02/11/2016,880,880,880,880,0
03/11/2016,880,880,880,880,0
04/11/2016,880,880,880,880,0
07/11/2016,880,880,880,880,0
08/11/2016,895,895,895,895,100
09/11/2016,895,895,895,895,0
10/11/2016,895,895,895,895,0
11/11/2016,895,895,895,895,0
14/11/2016,830,895,810,895,550
15/11/2016,895,895,895,895,0
16/11/2016,895,895,895,895,0
17/11/2016,895,895,895,895,0
18/11/2016,895,895,895,895,50
21/11/2016,895,895,895,895,0
22/11/2016,895,895,895,895,0
23/11/2016,895,895,895,895,0
24/11/2016,895,895,895,895,0
25/11/2016,895,895,895,895,0
28/11/2016,895,895,895,895,0
29/11/2016,895,895,895,895,0
30/11/2016,880,920,820,820,350
01/12/2016,870,870,870,870,30
02/12/2016,870,870,870,870,0
05/12/2016,870,870,870,870,40
06/12/2016,870,870,870,870,0
07/12/2016,870,870,870,870,90
08/12/2016,870,870,870,870,0
09/12/2016,870,870,870,870,0
13/12/2016,870,870,870,870,200
14/12/2016,870,870,870,870,10
15/12/2016,870,870,870,870,0
16/12/2016,870,870,870,870,0
19/12/2016,870,870,870,870,0
20/12/2016,870,870,870,870,0
21/12/2016,870,870,870,870,0
22/12/2016,870,870,870,870,0
23/12/2016,870,870,870,870,0
27/12/2016,870,870,870,870,0
28/12/2016,850,850,850,850,10
29/12/2016,845,950,808,950,1400
30/12/2016,928,998,928,998,1300
03/01/2017,998,998,998,998,0
04/01/2017,970,970,970,970,2900
05/01/2017,970,970,970,970,0
06/01/2017,970,970,970,970,0
09/01/2017,940,950,940,940,150
10/01/2017,840,840,840,840,30
11/01/2017,840,840,840,840,0
12/01/2017,840,840,840,840,0
13/01/2017,840,840,840,840,0
16/01/2017,840,840,840,840,0
17/01/2017,840,840,840,840,0
18/01/2017,823,830,823,828,40
19/01/2017,890,890,870,870,20
20/01/2017,885,885,885,885,10
23/01/2017,885,885,885,885,0
24/01/2017,885,885,885,885,0
25/01/2017,885,885,885,885,0
26/01/2017,920,920,890,890,150
27/01/2017,910,910,910,910,10
30/01/2017,910,910,910,910,0
31/01/2017,910,910,910,910,0
01/02/2017,910,910,910,910,0
02/02/2017,910,910,910,910,0
03/02/2017,910,910,910,910,0
06/02/2017,910,910,910,910,0
07/02/2017,910,910,910,910,0
08/02/2017,850,850,850,850,20
09/02/2017,870,870,843,850,1780
10/02/2017,850,850,850,850,0
13/02/2017,850,850,850,850,3000
14/02/2017,870,870,860,860,900
16/02/2017,870,870,860,860,1200
17/02/2017,860,860,860,860,0
20/02/2017,860,860,860,860,0
21/02/2017,850,850,850,850,400
22/02/2017,850,850,830,830,1850
23/02/2017,850,850,850,850,3600
24/02/2017,850,850,850,850,40330
27/02/2017,850,850,850,850,0
28/02/2017,868,885,868,885,60
01/03/2017,885,930,885,930,3700
02/03/2017,930,930,930,930,0
03/03/2017,930,930,930,930,0
06/03/2017,930,930,930,930,0
07/03/2017,930,930,930,930,0
08/03/2017,930,930,930,930,0
09/03/2017,930,930,930,930,1100
10/03/2017,930,930,930,930,0
13/03/2017,950,950,918,918,4720
14/03/2017,883,883,883,883,40
15/03/2017,883,883,883,883,0
16/03/2017,883,1000,883,1000,100
17/03/2017,1000,1000,1000,1000,10
20/03/2017,1000,1000,1000,1000,0
21/03/2017,1000,1000,1000,1000,0
22/03/2017,1000,1000,1000,1000,0
23/03/2017,1000,1000,1000,1000,0
24/03/2017,1000,1000,1000,1000,0
27/03/2017,1000,1000,1000,1000,0
29/03/2017,918,918,918,918,10
30/03/2017,918,918,918,918,0
31/03/2017,885,885,880,880,50
03/04/2017,898,920,885,900,32090
04/04/2017,985,985,900,925,250
05/04/2017,903,903,900,900,60
06/04/2017,895,895,895,895,10
07/04/2017,920,970,920,970,200
10/04/2017,970,970,970,970,0
11/04/2017,900,1000,900,1000,41900
12/04/2017,1000,1000,1000,1000,1000
13/04/2017,1000,1000,1000,1000,69870
17/04/2017,1000,1000,1000,1000,0
18/04/2017,1000,1000,1000,1000,0
20/04/2017,1000,1000,1000,1000,0
21/04/2017,1000,1060,1000,1050,702160
25/04/2017,1000,1000,1000,1000,3600910
26/04/2017,1000,1000,1000,1000,1400010
27/04/2017,1000,1000,1000,1000,0
28/04/2017,1000,1000,1000,1000,0
02/05/2017,1000,1025,1000,1000,710
03/05/2017,1000,1000,1000,1000,0
04/05/2017,880,1000,880,1000,540
05/05/2017,1000,1050,1000,1000,2530
08/05/2017,1030,1050,1015,1048,1419400
09/05/2017,1050,1150,1050,1150,4260
10/05/2017,1100,1100,1100,1100,50
12/05/2017,1100,1130,1075,1120,230
15/05/2017,920,1100,920,1100,30
16/05/2017,1100,1100,1080,1090,620
17/05/2017,1090,1100,1088,1090,330
18/05/2017,1100,1100,1100,1100,50
19/05/2017,1100,1100,1100,1100,600
22/05/2017,1100,1100,1093,1100,520
23/05/2017,1100,1100,1100,1100,830
24/05/2017,1080,1090,1070,1090,800
26/05/2017,1090,1090,1090,1090,10
29/05/2017,1090,1090,1090,1090,0
30/05/2017,1100,1100,1090,1090,220
31/05/2017,1098,1193,1090,1090,1100
02/06/2017,1095,1098,1003,1003,110
05/06/2017,1050,1080,1028,1080,170
06/06/2017,1080,1100,1080,1080,70110
07/06/2017,1080,1080,1080,1080,0
08/06/2017,1080,1080,1080,1080,1000
09/06/2017,1080,1080,1080,1080,0
12/06/2017,1200,1200,1100,1100,150
13/06/2017,1100,1100,1100,1100,1500
14/06/2017,1100,1100,1100,1100,0
15/06/2017,1100,1100,1100,1100,0
16/06/2017,920,920,920,920,20
19/06/2017,1090,1090,1090,1090,80
20/06/2017,1070,1070,1070,1070,10
21/06/2017,1070,1090,1070,1090,50
22/06/2017,1150,1150,1150,1150,1320
03/07/2017,1150,1150,1150,1150,500
04/07/2017,1150,1150,1150,1150,510
05/07/2017,1150,1150,1150,1150,210
06/07/2017,1150,1150,1150,1150,140
07/07/2017,1150,1150,1150,1150,0
10/07/2017,1150,1150,1150,1150,0
11/07/2017,1150,1150,1150,1150,0
12/07/2017,1150,1150,1150,1150,0
13/07/2017,1150,1150,1150,1150,500
14/07/2017,1150,1150,1150,1150,500
17/07/2017,1100,1150,1100,1150,10610
18/07/2017,1150,1150,1150,1150,500
19/07/2017,1100,1150,1100,1150,810
20/07/2017,1150,1150,1150,1150,50
21/07/2017,1150,1150,1150,1150,50
24/07/2017,1150,1150,1150,1150,60
25/07/2017,1150,1150,1150,1150,50
26/07/2017,1150,1150,1150,1150,50
27/07/2017,1150,1150,1150,1150,0
28/07/2017,1150,1150,1150,1150,0
31/07/2017,1150,1150,1150,1150,0
01/08/2017,1150,1150,1150,1150,0
02/08/2017,1150,1150,1150,1150,0
03/08/2017,1150,1150,1150,1150,0
04/08/2017,1150,1150,1150,1150,0
07/08/2017,1100,1150,1100,1150,170
08/08/2017,1150,1150,1150,1150,0
09/08/2017,1150,1150,1150,1150,0
10/08/2017,1150,1150,1150,1150,0
11/08/2017,1150,1150,1150,1150,0
14/08/2017,1150,1150,1150,1150,0
15/08/2017,1125,1125,1100,1125,25520
16/08/2017,1125,1125,1125,1125,0
18/08/2017,1125,1125,1100,1100,100
21/08/2017,1100,1100,1100,1100,16700
22/08/2017,1100,1100,1100,1100,0
23/08/2017,1100,1100,1100,1100,0
24/08/2017,1100,1100,1100,1100,0
25/08/2017,1100,1100,1100,1100,0
28/08/2017,1100,1100,1100,1100,0
29/08/2017,1100,1100,1100,1100,0
30/08/2017,1180,1180,930,930,10120
31/08/2017,930,930,930,930,2060
04/09/2017,1050,1050,1050,1050,180
05/09/2017,1050,1050,1050,1050,100
06/09/2017,1050,1050,1030,1050,750
07/09/2017,1050,1050,1050,1050,0
08/09/2017,1050,1050,1050,1050,0
11/09/2017,1050,1050,1050,1050,0
12/09/2017,1000,1050,1000,1050,2410
13/09/2017,1030,1030,1030,1030,2000
14/09/2017,1030,1030,1030,1030,0
15/09/2017,1030,1030,1030,1030,0
18/09/2017,1030,1030,1030,1030,0
19/09/2017,1030,1030,1030,1030,0
20/09/2017,1030,1030,1030,1030,0
22/09/2017,1020,1020,1020,1020,200
25/09/2017,1020,1020,1020,1020,0
26/09/2017,1020,1020,1020,1020,0
27/09/2017,1020,1020,1020,1020,0
28/09/2017,1020,1020,1020,1020,0
29/09/2017,1020,1020,1020,1020,0
02/10/2017,1020,1020,1020,1020,0
03/10/2017,1020,1020,1020,1020,0
04/10/2017,1020,1020,1020,1020,0
05/10/2017,990,990,990,990,10
06/10/2017,930,930,930,930,150
09/10/2017,940,940,930,930,110
10/10/2017,900,900,900,900,140
11/10/2017,880,880,880,880,20
12/10/2017,880,880,880,880,0
13/10/2017,880,880,880,880,150
16/10/2017,880,880,880,880,20
17/10/2017,880,880,880,880,0
18/10/2017,880,880,880,880,80
19/10/2017,840,840,840,840,60
20/10/2017,840,840,840,840,0
23/10/2017,820,820,820,820,220
24/10/2017,920,920,920,920,460
25/10/2017,990,990,990,990,30
26/10/2017,855,855,855,855,150
27/10/2017,855,855,855,855,220
30/10/2017,840,840,840,840,270
31/10/2017,820,820,820,820,310
01/11/2017,880,920,820,820,1610
02/11/2017,820,820,820,820,90
03/11/2017,820,820,820,820,0
06/11/2017,875,875,875,875,500
07/11/2017,870,900,833,833,290
08/11/2017,855,855,855,855,20
09/11/2017,833,833,820,820,300
10/11/2017,820,820,820,820,0
13/11/2017,820,820,820,820,0
14/11/2017,900,900,900,900,280
15/11/2017,840,840,840,840,150
16/11/2017,825,825,823,823,110
17/11/2017,823,823,823,823,480
20/11/2017,840,840,830,830,30730
21/11/2017,830,830,830,830,0
22/11/2017,830,900,830,880,260
23/11/2017,880,920,880,920,1120
24/11/2017,980,980,925,980,230
27/11/2017,980,985,980,985,20
28/11/2017,925,925,923,923,1050
29/11/2017,923,923,900,900,1300
30/11/2017,910,910,910,910,210
01/12/2017,910,910,910,910,0
04/12/2017,940,940,940,940,100
05/12/2017,950,980,950,980,150
06/12/2017,990,990,990,990,70
07/12/2017,990,990,920,920,110
08/12/2017,920,920,920,920,600
11/12/2017,920,920,920,920,0
12/12/2017,920,920,920,920,0
13/12/2017,920,920,920,920,0
14/12/2017,920,920,920,920,1200
15/12/2017,910,910,910,910,10
18/12/2017,910,910,910,910,20
19/12/2017,910,950,910,910,1250
20/12/2017,940,940,940,940,2620
21/12/2017,1000,1000,1000,1000,930
22/12/2017,1000,1000,1000,1000,0
27/12/2017,1000,1000,1000,1000,0
28/12/2017,1000,1000,1000,1000,10
29/12/2017,1000,1150,950,950,560
02/01/2018,950,950,950,950,0
03/01/2018,950,950,950,950,1590
04/01/2018,950,950,950,950,0
05/01/2018,950,950,950,950,10
08/01/2018,940,940,940,940,10
09/01/2018,940,940,940,940,0
10/01/2018,920,920,920,920,30
11/01/2018,990,1000,920,920,1170
12/01/2018,920,920,920,920,0
15/01/2018,910,910,910,910,10
16/01/2018,910,910,910,910,0
17/01/2018,910,910,910,910,0
18/01/2018,905,905,905,905,10
19/01/2018,905,950,900,950,120
22/01/2018,950,950,950,950,0
23/01/2018,945,945,945,945,10
24/01/2018,940,940,940,940,50
25/01/2018,948,948,948,948,720
26/01/2018,948,948,948,948,140
29/01/2018,948,1000,948,980,3850
30/01/2018,990,990,990,990,600
31/01/2018,1038,1038,1038,1038,2200
01/02/2018,1000,1000,1000,1000,10
02/02/2018,1045,1045,1045,1045,200
05/02/2018,1045,1045,1045,1045,0
06/02/2018,933,933,933,933,1010
07/02/2018,968,970,930,953,11820
08/02/2018,940,953,940,953,1050
09/02/2018,953,953,953,953,0
12/02/2018,950,950,950,950,1100
13/02/2018,950,950,950,950,0
14/02/2018,950,950,950,950,0
15/02/2018,950,950,950,950,0
19/02/2018,950,950,950,950,0
20/02/2018,950,950,950,950,0
21/02/2018,950,950,950,950,0
22/02/2018,950,950,950,950,0
23/02/2018,950,950,950,950,0
26/02/2018,935,940,800,895,30200
27/02/2018,940,940,940,940,500
28/02/2018,873,873,873,873,10
01/03/2018,940,940,940,940,80
02/03/2018,940,940,940,940,0
05/03/2018,940,940,940,940,0
06/03/2018,940,940,940,940,0
07/03/2018,940,940,940,940,0
08/03/2018,940,940,940,940,0
09/03/2018,940,940,853,853,550
12/03/2018,870,870,855,858,350
13/03/2018,888,888,888,888,600
14/03/2018,890,890,890,890,200
15/03/2018,900,910,900,910,700
16/03/2018,900,900,900,900,410
19/03/2018,880,900,880,900,40
20/03/2018,900,900,900,900,0
21/03/2018,900,900,900,900,0
22/03/2018,900,900,870,873,190
23/03/2018,873,873,873,873,0
26/03/2018,873,873,873,873,50
27/03/2018,873,873,873,873,0
28/03/2018,873,873,873,873,0
29/03/2018,858,858,858,858,20
02/04/2018,898,898,898,898,140
03/04/2018,895,895,895,895,350
04/04/2018,895,895,895,895,0
05/04/2018,898,898,898,898,20
06/04/2018,898,898,898,898,0
09/04/2018,898,898,898,898,0
10/04/2018,898,898,898,898,560
11/04/2018,898,898,898,898,0
12/04/2018,898,898,898,898,0
13/04/2018,898,898,898,898,10
16/04/2018,873,898,870,898,1070
17/04/2018,898,898,898,898,0
18/04/2018,898,898,898,898,0
19/04/2018,898,898,898,898,0
20/04/2018,898,898,898,898,30
23/04/2018,898,898,898,898,0
24/04/2018,898,898,898,898,0
25/04/2018,898,898,898,898,0
26/04/2018,898,898,898,898,0
27/04/2018,898,898,898,898,20
30/04/2018,898,898,898,898,0
02/05/2018,898,898,898,898,0
03/05/2018,898,898,898,898,0
04/05/2018,900,900,900,900,200
07/05/2018,860,900,860,900,300
08/05/2018,898,900,898,900,3020
09/05/2018,895,895,895,895,5550
11/05/2018,900,900,900,900,50
14/05/2018,900,900,900,900,50
15/05/2018,900,900,900,900,50
16/05/2018,895,895,895,895,50
17/05/2018,895,895,895,895,20
18/05/2018,895,895,895,895,20
21/05/2018,895,895,895,895,30
22/05/2018,895,895,895,895,20
23/05/2018,895,895,895,895,20
24/05/2018,895,895,895,895,20
25/05/2018,895,895,895,895,50
28/05/2018,895,895,895,895,20
30/05/2018,875,895,875,895,5520
31/05/2018,895,895,895,895,20
04/06/2018,895,895,895,895,20
05/06/2018,895,895,895,895,20
06/06/2018,895,895,895,895,20
07/06/2018,895,895,895,895,20
08/06/2018,895,895,895,895,20
20/06/2018,895,895,895,895,50
21/06/2018,895,895,895,895,20
22/06/2018,895,895,895,895,20
25/06/2018,878,895,875,895,1130
26/06/2018,895,895,895,895,20
27/06/2018,895,895,895,895,520
28/06/2018,895,895,895,895,20
29/06/2018,895,895,895,895,20
02/07/2018,900,900,900,900,50
03/07/2018,840,840,840,840,460
04/07/2018,840,840,840,840,300
05/07/2018,888,888,840,840,230
06/07/2018,823,848,823,835,610
09/07/2018,880,880,845,845,840
10/07/2018,820,845,820,845,1570
11/07/2018,845,845,845,845,500
12/07/2018,848,848,845,845,1030
13/07/2018,850,850,845,845,1770
16/07/2018,880,880,880,880,710
17/07/2018,860,860,860,860,1500
18/07/2018,880,880,840,840,1520
19/07/2018,823,840,823,840,2330
20/07/2018,890,890,890,890,500
23/07/2018,890,890,890,890,100
24/07/2018,890,890,890,890,100
25/07/2018,890,890,890,890,100
26/07/2018,890,890,890,890,110
27/07/2018,890,890,890,890,50
30/07/2018,890,890,890,890,50
31/07/2018,890,890,890,890,50
01/08/2018,895,895,895,895,50
02/08/2018,890,890,890,890,440
03/08/2018,895,895,895,895,50
06/08/2018,895,895,815,895,1060
07/08/2018,895,895,895,895,50
08/08/2018,895,895,895,895,130
09/08/2018,870,895,870,895,110
10/08/2018,895,895,895,895,50
13/08/2018,895,895,895,895,50
14/08/2018,895,895,895,895,50
15/08/2018,895,895,895,895,50
16/08/2018,895,895,895,895,50
20/08/2018,895,895,895,895,50
21/08/2018,895,895,895,895,50
23/08/2018,895,895,895,895,60
24/08/2018,895,895,895,895,50
27/08/2018,895,895,895,895,50
28/08/2018,890,890,890,890,50
29/08/2018,890,890,890,890,50
30/08/2018,890,890,885,885,130
31/08/2018,885,885,885,885,1500
03/09/2018,890,890,890,890,250
04/09/2018,890,890,890,890,250
05/09/2018,885,885,885,885,250
06/09/2018,885,885,885,885,300
07/09/2018,885,885,885,885,510
10/09/2018,885,885,885,885,500
12/09/2018,885,885,885,885,50
13/09/2018,885,885,885,885,150
14/09/2018,890,890,890,890,50
17/09/2018,885,885,885,885,50
18/09/2018,880,880,880,880,1050
19/09/2018,890,890,890,890,50
20/09/2018,885,885,885,885,300
21/09/2018,890,890,880,880,1010
24/09/2018,885,885,885,885,150
25/09/2018,880,880,880,880,300
26/09/2018,885,885,880,880,250
27/09/2018,885,885,885,885,250
28/09/2018,880,885,880,885,260
01/10/2018,880,880,880,880,350
02/10/2018,880,880,880,880,500
03/10/2018,885,885,880,880,370
04/10/2018,875,875,875,875,750
05/10/2018,885,885,885,885,1250
08/10/2018,810,860,810,860,14590
09/10/2018,885,895,880,895,2620
10/10/2018,890,890,890,890,1900
11/10/2018,885,885,885,885,70
12/10/2018,885,885,885,885,70
15/10/2018,883,883,883,883,200
16/10/2018,885,885,885,885,150
17/10/2018,885,885,885,885,100
18/10/2018,890,890,890,890,80
19/10/2018,885,885,885,885,170
22/10/2018,885,885,885,885,150
23/10/2018,885,885,885,885,180
24/10/2018,885,885,885,885,180
25/10/2018,890,890,880,880,290
26/10/2018,880,880,880,880,140
29/10/2018,885,885,885,885,60
30/10/2018,890,890,890,890,20
31/10/2018,855,855,855,855,1000
01/11/2018,885,885,885,885,1370
02/11/2018,885,885,885,885,1050
05/11/2018,885,885,885,885,0
06/11/2018,880,880,880,880,60
07/11/2018,875,875,875,875,350
08/11/2018,880,880,880,880,100
09/11/2018,875,875,875,875,500
12/11/2018,875,875,875,875,1180
13/11/2018,868,868,868,868,500
14/11/2018,870,870,870,870,770
15/11/2018,885,885,885,885,150
16/11/2018,885,885,885,885,150
19/11/2018,885,885,885,885,150
21/11/2018,853,888,845,883,2760
22/11/2018,880,880,880,880,300
23/11/2018,878,878,878,878,500
26/11/2018,875,888,875,888,80
27/11/2018,875,875,873,873,1280
28/11/2018,870,870,870,870,900
29/11/2018,888,888,888,888,100
30/11/2018,885,885,883,883,110
03/12/2018,883,883,883,883,480
04/12/2018,843,880,843,875,490
05/12/2018,870,870,870,870,550
06/12/2018,843,870,835,863,1550
07/12/2018,830,865,830,865,2040
10/12/2018,835,860,830,860,1900
11/12/2018,860,860,860,860,1200
12/12/2018,860,860,858,858,2080
13/12/2018,858,858,858,858,500
14/12/2018,853,858,853,855,530
17/12/2018,840,890,840,880,380
18/12/2018,870,870,870,870,350
19/12/2018,860,860,860,860,350
20/12/2018,855,855,855,855,550
21/12/2018,880,880,880,880,150
26/12/2018,880,880,880,880,100
27/12/2018,880,880,880,880,100
28/12/2018,840,840,840,840,1000
02/01/2019,845,880,845,880,280
03/01/2019,875,875,875,875,100
04/01/2019,880,880,880,880,100
07/01/2019,880,880,880,880,100
08/01/2019,880,880,880,880,100
09/01/2019,880,880,880,880,50
10/01/2019,890,890,878,878,70
11/01/2019,880,880,880,880,50
14/01/2019,880,880,880,880,50
15/01/2019,880,880,880,880,50
16/01/2019,880,880,880,880,0
17/01/2019,890,890,890,890,50
18/01/2019,890,890,890,890,0
21/01/2019,890,890,850,873,310
22/01/2019,890,890,875,875,60
23/01/2019,875,875,875,875,0
24/01/2019,875,875,875,875,0
25/01/2019,875,875,875,875,20
28/01/2019,875,875,875,875,0
29/01/2019,890,890,840,855,160
30/01/2019,870,870,870,870,10
31/01/2019,880,880,870,870,20
01/02/2019,890,890,890,890,50
04/02/2019,890,890,890,890,0
06/02/2019,890,890,890,890,0
07/02/2019,890,890,890,890,0
08/02/2019,890,890,890,890,0
11/02/2019,890,890,890,890,0
12/02/2019,890,890,890,890,0
13/02/2019,890,890,890,890,0
14/02/2019,890,890,890,890,0
15/02/2019,885,885,885,885,10
18/02/2019,885,890,885,885,60
19/02/2019,880,880,880,880,2000
20/02/2019,880,880,880,880,0
21/02/2019,870,870,870,870,50
22/02/2019,850,850,850,850,3090
25/02/2019,850,850,850,850,0
26/02/2019,880,880,860,860,70
27/02/2019,843,843,800,843,370
28/02/2019,845,845,845,845,20
01/03/2019,845,850,840,840,110
04/03/2019,840,840,800,835,390
05/03/2019,835,835,835,835,30
06/03/2019,820,830,820,830,680
08/03/2019,830,840,830,838,240
11/03/2019,840,840,840,840,50
12/03/2019,840,840,840,840,0
13/03/2019,840,840,840,840,0
14/03/2019,800,800,800,800,240
15/03/2019,800,825,800,825,160
18/03/2019,818,840,795,798,690
19/03/2019,795,800,793,800,180
20/03/2019,788,800,788,800,90
21/03/2019,800,800,800,800,100
22/03/2019,793,800,793,800,230
25/03/2019,800,800,765,790,290
26/03/2019,785,790,760,790,430
27/03/2019,790,790,790,790,50
28/03/2019,765,790,750,790,690
29/03/2019,800,800,800,800,50
01/04/2019,808,818,808,818,50
02/04/2019,840,850,800,800,1140
04/04/2019,840,840,840,840,50
05/04/2019,828,835,828,835,40
08/04/2019,825,825,825,825,120
09/04/2019,833,833,833,833,30
10/04/2019,840,840,840,840,10
11/04/2019,840,840,840,840,60
12/04/2019,803,820,800,820,90
15/04/2019,850,850,850,850,50
16/04/2019,860,860,860,860,3600
18/04/2019,835,835,800,830,960
22/04/2019,830,830,830,830,50
23/04/2019,830,830,830,830,30
24/04/2019,830,830,830,830,20
25/04/2019,803,803,765,790,450
26/04/2019,828,828,828,828,50
29/04/2019,825,825,825,825,20
30/04/2019,825,825,825,825,20
02/05/2019,850,850,850,850,20
03/05/2019,850,850,850,850,80
06/05/2019,820,820,820,820,100
07/05/2019,820,840,820,840,40
08/05/2019,840,840,840,840,50
09/05/2019,840,840,840,840,70
10/05/2019,840,840,840,840,110
13/05/2019,840,840,840,840,50
14/05/2019,890,890,890,890,300
15/05/2019,880,880,880,880,30
16/05/2019,878,878,878,878,150
17/05/2019,870,870,870,870,470
20/05/2019,890,890,890,890,20
21/05/2019,890,890,890,890,20
22/05/2019,883,883,883,883,20
23/05/2019,883,883,883,883,20
24/05/2019,883,883,883,883,20
27/05/2019,793,793,793,793,880
28/05/2019,790,800,790,800,10360
29/05/2019,790,790,790,790,1020
31/05/2019,790,790,778,790,1140
10/06/2019,790,790,790,790,3120
11/06/2019,790,790,790,790,810
12/06/2019,790,790,790,790,250
13/06/2019,790,790,790,790,180
14/06/2019,790,790,790,790,250
17/06/2019,790,790,790,790,20
18/06/2019,790,790,790,790,50
19/06/2019,790,790,790,790,0
20/06/2019,780,780,780,780,200
21/06/2019,780,780,780,780,250
24/06/2019,778,778,778,778,450
25/06/2019,778,778,778,778,250
26/06/2019,778,778,778,778,300
27/06/2019,778,778,778,778,60
28/06/2019,720,778,720,770,31140
01/07/2019,770,770,748,748,1390
02/07/2019,748,750,748,750,2060
03/07/2019,750,750,750,750,250
04/07/2019,750,750,750,750,510
05/07/2019,750,750,750,750,1000
08/07/2019,765,765,750,750,420
09/07/2019,748,748,748,748,750
10/07/2019,748,750,748,750,510
11/07/2019,730,730,730,730,24100
12/07/2019,730,750,730,750,8140
15/07/2019,750,750,750,750,20
16/07/2019,750,750,750,750,0
17/07/2019,750,750,750,750,0
18/07/2019,703,740,650,740,10250
19/07/2019,738,740,738,740,2400
22/07/2019,740,740,740,740,250
23/07/2019,740,740,740,740,250
24/07/2019,740,740,740,740,250
25/07/2019,740,740,740,740,260
26/07/2019,740,740,740,740,0
29/07/2019,730,730,730,730,550
30/07/2019,730,730,730,730,2000
31/07/2019,730,740,728,728,1120
01/08/2019,720,725,720,725,2960
02/08/2019,725,725,725,725,25000
05/08/2019,725,725,725,725,1250
06/08/2019,725,725,725,725,5000
07/08/2019,725,725,720,720,10020
08/08/2019,720,720,720,720,11000
09/08/2019,725,725,725,725,2500
12/08/2019,725,725,725,725,2510
13/08/2019,720,723,720,723,3000
14/08/2019,725,725,725,725,5000
15/08/2019,725,725,725,725,5000
16/08/2019,723,750,723,750,10310
19/08/2019,725,730,725,730,5130
20/08/2019,728,728,728,728,2220
21/08/2019,720,720,720,720,3250
22/08/2019,718,718,718,718,2550
23/08/2019,718,718,718,718,3500
26/08/2019,720,720,710,710,20060
27/08/2019,710,710,710,710,5000
28/08/2019,703,703,703,703,10
29/08/2019,700,700,700,700,70
30/08/2019,695,695,695,695,50
02/09/2019,720,720,720,720,300
03/09/2019,720,720,720,720,100
04/09/2019,720,720,720,720,100
05/09/2019,720,720,720,720,0
06/09/2019,710,710,710,710,250
09/09/2019,720,720,720,720,100
10/09/2019,700,700,605,630,4160
11/09/2019,630,630,610,610,7140
12/09/2019,610,625,605,605,1320
13/09/2019,620,620,550,560,10960
16/09/2019,560,560,545,545,520
17/09/2019,545,600,533,533,1050
18/09/2019,535,558,533,540,670
19/09/2019,540,548,540,548,80
20/09/2019,533,533,475,510,910
23/09/2019,490,510,440,461,7950
24/09/2019,459,573,450,565,3550
25/09/2019,568,590,555,590,5580
26/09/2019,590,600,558,600,3170
27/09/2019,595,595,570,593,170
30/09/2019,593,593,545,545,840
01/10/2019,545,580,520,580,1240
02/10/2019,560,575,560,575,710
03/10/2019,520,520,520,520,30
04/10/2019,508,570,508,570,640
07/10/2019,570,570,570,570,10
08/10/2019,560,560,560,560,130
09/10/2019,560,560,560,560,50
10/10/2019,560,560,560,560,20
11/10/2019,560,560,560,560,40
14/10/2019,560,560,560,560,20
15/10/2019,538,560,538,560,170
16/10/2019,553,560,553,560,30
17/10/2019,560,560,560,560,20
18/10/2019,560,560,560,560,20
21/10/2019,560,560,560,560,20
22/10/2019,555,555,555,555,30
23/10/2019,555,555,555,555,30
24/10/2019,555,555,555,555,10
25/10/2019,555,560,555,560,40
28/10/2019,560,560,560,560,0
29/10/2019,560,560,560,560,0
30/10/2019,530,550,530,550,30
31/10/2019,540,603,540,603,920
01/11/2019,590,590,580,580,60
04/11/2019,560,560,560,560,20
05/11/2019,560,560,560,560,20
06/11/2019,560,560,560,560,0
07/11/2019,550,550,550,550,20
08/11/2019,550,550,550,550,0
11/11/2019,550,550,550,550,0
12/11/2019,550,550,550,550,0
13/11/2019,550,550,550,550,0
14/11/2019,550,550,550,550,20
15/11/2019,550,550,550,550,50
18/11/2019,560,560,560,560,20
19/11/2019,560,560,560,560,0
20/11/2019,560,560,560,560,0
21/11/2019,560,560,560,560,0
22/11/2019,560,560,560,560,20
25/11/2019,560,560,560,560,0
26/11/2019,560,560,560,560,0
27/11/2019,560,560,560,560,0
28/11/2019,560,560,560,560,20
29/11/2019,560,560,560,560,10
02/12/2019,525,560,520,560,360
03/12/2019,560,560,560,560,0
04/12/2019,560,560,560,560,0
05/12/2019,560,560,560,560,0
06/12/2019,560,560,560,560,0
09/12/2019,560,560,560,560,0
10/12/2019,560,560,560,560,0
11/12/2019,560,640,560,640,50
12/12/2019,640,640,640,640,0
13/12/2019,600,600,600,600,250
16/12/2019,600,600,600,600,0
17/12/2019,528,560,525,550,1130
18/12/2019,550,550,523,550,340
19/12/2019,558,558,558,558,20
20/12/2019,560,560,560,560,2000
23/12/2019,513,518,500,518,690
26/12/2019,518,565,510,563,360
27/12/2019,560,563,535,563,410
30/12/2019,560,565,530,558,760
02/01/2020,558,558,558,558,20
03/01/2020,558,565,558,565,260
06/01/2020,565,565,565,565,0
07/01/2020,565,565,565,565,0
08/01/2020,535,565,535,565,480
09/01/2020,535,560,535,560,150
10/01/2020,533,533,528,528,380
13/01/2020,520,520,500,515,660
14/01/2020,513,553,513,553,80
15/01/2020,553,553,553,553,10
16/01/2020,553,553,553,553,0
17/01/2020,550,550,525,550,530
20/01/2020,525,525,503,505,360
21/01/2020,505,523,500,505,420
22/01/2020,505,565,505,565,250
23/01/2020,545,565,545,565,140
24/01/2020,565,565,565,565,0
27/01/2020,545,545,545,545,150
28/01/2020,545,545,545,545,30
29/01/2020,550,550,550,550,70
30/01/2020,550,550,550,550,40
31/01/2020,550,558,550,558,550
03/02/2020,558,580,558,580,360
04/02/2020,580,580,580,580,0
05/02/2020,530,530,530,530,30
06/02/2020,518,530,518,530,30
07/02/2020,530,580,530,580,100
10/02/2020,540,540,540,540,20
11/02/2020,515,515,515,515,50
12/02/2020,520,520,490,490,200
13/02/2020,550,550,550,550,570
14/02/2020,550,550,550,550,0
17/02/2020,500,503,500,500,40
18/02/2020,550,550,550,550,120
19/02/2020,550,550,550,550,20
20/02/2020,550,550,550,550,0
21/02/2020,520,520,520,520,30
24/02/2020,495,548,491,548,5630
25/02/2020,500,505,500,505,630
26/02/2020,505,505,505,505,30
27/02/2020,505,505,505,505,20
28/02/2020,503,503,503,503,120
02/03/2020,500,500,500,500,20
03/03/2020,500,500,500,500,20
04/03/2020,480,500,480,500,1950
05/03/2020,481,525,468,525,3550
06/03/2020,520,520,490,490,70
09/03/2020,481,497,481,497,70
10/03/2020,470,500,470,500,570
11/03/2020,461,500,460,500,610
12/03/2020,500,500,500,500,0
13/03/2020,500,500,500,500,0
16/03/2020,515,515,515,515,9220
17/03/2020,500,500,500,500,300
18/03/2020,500,500,500,500,0
19/03/2020,500,500,500,500,0
20/03/2020,465,495,465,500,6130
23/03/2020,475,500,465,500,80
24/03/2020,500,500,500,500,80
26/03/2020,500,500,465,500,870
27/03/2020,500,500,500,500,50
30/03/2020,500,500,468,500,90
31/03/2020,500,500,500,500,20
01/04/2020,500,500,500,500,20
02/04/2020,500,500,500,500,50
03/04/2020,480,500,480,500,110
06/04/2020,500,500,500,500,20
07/04/2020,486,499,486,499,30
08/04/2020,500,500,500,500,50
09/04/2020,500,500,500,500,20
13/04/2020,497,497,497,497,30
14/04/2020,515,515,515,515,10
15/04/2020,495,495,495,495,30
16/04/2020,495,495,495,495,20
17/04/2020,462,490,461,490,12230
20/04/2020,490,495,477,479,1650
21/04/2020,479,484,477,484,410
22/04/2020,495,495,495,495,50
23/04/2020,495,495,495,495,0
24/04/2020,495,495,495,495,0
27/04/2020,495,500,495,495,117230
28/04/2020,495,600,495,600,100520
29/04/2020,585,585,560,560,250
30/04/2020,560,560,560,560,0
04/05/2020,560,560,560,560,0
05/05/2020,560,560,560,560,0
06/05/2020,523,523,523,523,10
08/05/2020,490,490,486,486,4000
11/05/2020,476,476,452,452,26290
12/05/2020,452,452,421,437,2560
13/05/2020,427,430,407,407,81530
14/05/2020,397,450,397,450,690
15/05/2020,450,450,419,419,27870
18/05/2020,410,440,410,440,150
19/05/2020,430,439,430,437,50
20/05/2020,432,432,432,432,10
26/05/2020,425,453,425,450,910
27/05/2020,499,499,499,499,870
28/05/2020,499,500,465,465,700
29/05/2020,465,499,433,499,10600
02/06/2020,500,500,500,500,1000
03/06/2020,488,499,466,466,430
04/06/2020,459,459,435,459,900
05/06/2020,459,459,459,459,20
08/06/2020,449,490,449,490,310
09/06/2020,490,490,489,489,110
10/06/2020,490,490,490,490,100
11/06/2020,479,479,479,479,10
12/06/2020,480,480,479,479,20
15/06/2020,479,479,479,479,0
16/06/2020,479,479,479,479,0
17/06/2020,470,470,470,470,20
18/06/2020,470,470,470,470,40
19/06/2020,460,460,460,460,210
22/06/2020,455,460,455,460,120
23/06/2020,460,470,454,454,130
24/06/2020,454,495,454,495,90
25/06/2020,495,495,495,495,0
26/06/2020,495,495,495,495,0
29/06/2020,490,490,490,490,100
30/06/2020,490,490,490,490,100
01/07/2020,490,490,490,490,0
02/07/2020,490,490,490,490,0
03/07/2020,490,490,490,490,200
06/07/2020,490,490,490,490,0
07/07/2020,489,489,456,456,10760
08/07/2020,456,456,456,456,110
09/07/2020,456,456,456,456,0
10/07/2020,450,450,450,450,100
13/07/2020,450,450,450,450,0
14/07/2020,450,450,450,450,10
15/07/2020,459,459,459,459,10
16/07/2020,459,459,459,459,10
17/07/2020,480,480,480,480,20
20/07/2020,480,480,480,480,0
21/07/2020,480,480,480,480,0
22/07/2020,479,480,475,475,90
23/07/2020,475,475,475,475,0
24/07/2020,469,469,469,469,10
27/07/2020,469,469,469,469,0
28/07/2020,469,469,469,469,0
29/07/2020,460,460,460,460,10
30/07/2020,450,450,450,450,10
03/08/2020,444,449,444,449,420
04/08/2020,448,448,440,440,2240
05/08/2020,430,430,429,429,160
06/08/2020,428,429,420,429,29310
07/08/2020,429,490,412,490,325240
10/08/2020,487,493,480,491,37880
11/08/2020,487,520,470,500,142420
12/08/2020,490,548,480,548,29150
13/08/2020,548,548,510,510,590
14/08/2020,518,520,498,499,580
18/08/2020,489,499,489,489,360
19/08/2020,498,525,498,525,120
24/08/2020,525,525,525,525,0
25/08/2020,525,525,525,525,250
26/08/2020,520,600,520,563,12180
27/08/2020,563,563,553,553,120
28/08/2020,553,575,553,575,29900
31/08/2020,553,575,545,545,31660
01/09/2020,523,525,520,520,20200
02/09/2020,510,623,510,623,261980
03/09/2020,625,698,600,698,2510
04/09/2020,698,698,650,650,150
07/09/2020,650,650,650,650,20
08/09/2020,650,650,650,650,20
09/09/2020,650,650,650,650,10
10/09/2020,650,650,605,645,480
11/09/2020,645,645,645,645,0
14/09/2020,645,645,645,645,0
15/09/2020,645,645,645,645,0
16/09/2020,633,645,620,620,70
17/09/2020,620,675,620,675,30
18/09/2020,680,750,675,740,6700
21/09/2020,740,740,738,738,30
22/09/2020,738,738,738,738,10
23/09/2020,730,733,730,733,40
24/09/2020,733,733,733,733,0
25/09/2020,690,690,683,683,40
28/09/2020,683,683,683,683,10
29/09/2020,750,750,750,750,300
30/09/2020,750,750,750,750,10
01/10/2020,750,750,750,750,0
02/10/2020,748,750,748,748,420
05/10/2020,748,748,748,748,300
06/10/2020,748,748,748,748,0
07/10/2020,748,748,748,748,0
08/10/2020,698,745,698,745,130
09/10/2020,745,745,745,745,0
12/10/2020,695,695,695,695,20
13/10/2020,690,690,690,690,310
14/10/2020,720,770,720,770,2210
15/10/2020,770,770,770,770,0
16/10/2020,748,748,748,748,50
19/10/2020,748,748,748,748,0
20/10/2020,745,745,745,745,10
21/10/2020,800,800,800,800,2000
22/10/2020,790,800,790,800,1000
23/10/2020,780,795,755,755,2650
26/10/2020,760,800,760,778,470
27/10/2020,768,800,765,800,2430
02/11/2020,800,920,800,920,330
03/11/2020,920,1103,920,960,41980
04/11/2020,960,1060,950,970,2400
05/11/2020,1050,1050,950,950,11630
06/11/2020,955,970,940,960,6160
09/11/2020,960,970,950,960,84140
10/11/2020,970,970,950,970,38490
11/11/2020,980,980,933,933,1100
12/11/2020,935,950,925,925,1040
13/11/2020,925,925,900,900,320
16/11/2020,900,940,875,940,2870
17/11/2020,875,950,875,875,68140
18/11/2020,895,900,820,820,2700
19/11/2020,820,840,820,838,120
20/11/2020,823,835,823,835,690
23/11/2020,835,838,835,835,6030
24/11/2020,860,898,838,860,11260
25/11/2020,860,890,860,860,1190
26/11/2020,870,870,848,858,1360
27/11/2020,858,858,850,858,260
30/11/2020,853,853,833,833,1070
01/12/2020,833,850,833,848,7700
02/12/2020,888,888,855,855,7190
03/12/2020,855,883,845,850,51440
04/12/2020,855,888,850,885,2830
07/12/2020,890,925,885,925,24050
08/12/2020,930,1000,900,998,62070
10/12/2020,1020,1110,1020,1110,41100
11/12/2020,1105,1185,1100,1150,63670
14/12/2020,1170,1278,1160,1253,22350
15/12/2020,1260,1260,1200,1225,8850
16/12/2020,1220,1400,1220,1400,54330
17/12/2020,1400,1410,1350,1375,65350
18/12/2020,1368,1420,1338,1420,18570
21/12/2020,1435,1490,1423,1453,13300
22/12/2020,1455,1455,1355,1365,23210
23/12/2020,1363,1363,1270,1360,26080
28/12/2020,1363,1365,1313,1328,9920
29/12/2020,1328,1328,1300,1300,6440
30/12/2020,1280,1400,1280,1400,29770
04/01/2021,1400,1680,1400,1540,27690
05/01/2021,1550,1550,1508,1523,23950
06/01/2021,1523,1570,1470,1523,20740
07/01/2021,1550,1603,1538,1560,36690
08/01/2021,1560,1650,1560,1630,59910
11/01/2021,1680,2000,1680,1845,115648
12/01/2021,1890,1920,1750,1845,60030
13/01/2021,1845,1915,1790,1900,104696
14/01/2021,1905,1970,1850,1905,77172
15/01/2021,1910,1930,1855,1890,229092
18/01/2021,1890,2150,1845,1895,81357
19/01/2021,1895,1985,1830,1925,96307
20/01/2021,1920,1935,1890,1920,96309
21/01/2021,1920,1965,1905,1930,138198
22/01/2021,1935,2220,1875,1990,196186
25/01/2021,2000,2010,1855,1875,187629
26/01/2021,1915,1920,1750,1770,121993
27/01/2021,1770,1870,1650,1870,272623
28/01/2021,1860,1920,1770,1900,246647
29/01/2021,1890,1920,1825,1900,122965
01/02/2021,1900,2070,1880,2050,297036
02/02/2021,2060,2140,2010,2070,105008
03/02/2021,2100,2130,2060,2120,180812
04/02/2021,2140,2150,2050,2100,165736
05/02/2021,2070,2150,2050,2120,73596
08/02/2021,2120,2130,2060,2110,167968
09/02/2021,2110,2130,2050,2060,236983
10/02/2021,2080,2110,2000,2070,178926
11/02/2021,2070,2110,2050,2050,97694
15/02/2021,2060,2100,2030,2080,139600
16/02/2021,2050,2110,2050,2090,205866
17/02/2021,2090,2290,2080,2140,114549
18/02/2021,2140,2390,2140,2220,245367
19/02/2021,2230,2330,2220,2260,106153
22/02/2021,2270,2310,2230,2290,168522
23/02/2021,2300,2300,2230,2230,218600
24/02/2021,2260,2260,2120,2160,134458
25/02/2021,2190,2210,2150,2190,110795
26/02/2021,2190,2190,2090,2110,69790
01/03/2021,2120,2170,2090,2110,156351
02/03/2021,2120,2300,2110,2240,335682
03/03/2021,2260,2270,2100,2110,128776
04/03/2021,2110,2190,2050,2150,210524
05/03/2021,2100,2260,2030,2170,221657
08/03/2021,2180,2220,2140,2150,50891
09/03/2021,2160,2220,2140,2150,86623
10/03/2021,2170,2230,2140,2180,61785
12/03/2021,2250,2250,2150,2150,235923
15/03/2021,2180,2310,2160,2260,214293
16/03/2021,2280,2470,2240,2260,696097
17/03/2021,2290,2380,2200,2200,629517
18/03/2021,2220,2320,2160,2160,537613
19/03/2021,2190,2220,2150,2160,932181
22/03/2021,2190,2410,2170,2380,340734
23/03/2021,2400,2570,2390,2490,677265
24/03/2021,2520,2580,2400,2440,407000
25/03/2021,2500,2500,2300,2430,227761
26/03/2021,2500,2500,2370,2420,126855
29/03/2021,2420,2490,2400,2440,173161
30/03/2021,2430,2480,2290,2310,158610
31/03/2021,2310,2340,2190,2270,209191
01/04/2021,2300,2460,2280,2450,356911
05/04/2021,2500,2550,2350,2380,221758
06/04/2021,2400,2480,2330,2430,181403
07/04/2021,2460,2540,2430,2480,451567
08/04/2021,2500,2540,2380,2400,292759
09/04/2021,2400,2420,2340,2410,321211
12/04/2021,2420,2420,2310,2330,146175
13/04/2021,2330,2360,2280,2310,138554
14/04/2021,2340,2400,2310,2380,140481
15/04/2021,2420,2680,2400,2550,1257306
16/04/2021,2570,2640,2510,2550,577551
19/04/2021,2560,2580,2400,2450,566483
20/04/2021,2460,2490,2400,2440,204162
21/04/2021,2430,2440,2370,2390,286963
22/04/2021,2390,2410,2260,2390,498297
23/04/2021,2350,2390,2300,2350,127227
26/04/2021,2350,2410,2260,2300,221711
27/04/2021,2300,2300,2160,2170,506974
28/04/2021,2150,2250,2100,2230,367538
29/04/2021,2290,2320,2200,2280,275452
30/04/2021,2280,2290,2190,2240,203046
03/05/2021,2270,2280,2210,2230,143749
04/05/2021,2220,2250,2190,2220,74036
05/05/2021,2220,2270,2200,2220,139223
06/05/2021,2240,2270,2210,2270,254548
07/05/2021,2290,2320,2240,2260,102754
10/05/2021,2260,2280,2230,2260,189973
11/05/2021,2250,2250,2160,2170,149508
17/05/2021,2170,2170,2020,2030,343529
18/05/2021,2020,2210,2020,2200,426287
19/05/2021,2190,2320,2150,2270,617818
20/05/2021,2270,2310,2250,2260,281573
21/05/2021,2270,2280,2200,2250,215467
24/05/2021,2220,2270,2190,2220,180420
25/05/2021,2150,2300,2150,2280,398805
27/05/2021,2280,2430,2200,2370,814874
28/05/2021,2440,2440,2330,2360,292718
31/05/2021,2380,2400,2330,2350,170528
02/06/2021,2380,2420,2330,2340,163443
03/06/2021,2340,2400,2310,2310,204786
04/06/2021,2310,2350,2270,2270,219651
07/06/2021,2270,2340,2270,2290,144211
08/06/2021,2290,2310,2200,2200,246448
09/06/2021,2250,2290,2170,2270,334979
10/06/2021,2280,2320,2250,2270,221615
11/06/2021,2270,2270,2220,2260,117541
14/06/2021,2260,2260,2170,2180,147940
15/06/2021,2180,2240,2150,2220,191004
16/06/2021,2230,2230,2170,2170,137240
17/06/2021,2190,2400,2170,2320,964798
18/06/2021,2360,2380,2220,2320,742434
21/06/2021,2320,2370,2230,2310,362609
22/06/2021,2320,2500,2310,2450,1291666
23/06/2021,2500,2640,2490,2500,1779997
24/06/2021,2530,2640,2500,2540,1020483
25/06/2021,2570,2580,2470,2540,512214
28/06/2021,2550,2650,2510,2540,786700
29/06/2021,2550,2580,2410,2510,673843
30/06/2021,2520,2530,2460,2500,396552
01/07/2021,2500,2570,2470,2500,449850
02/07/2021,2500,2540,2490,2490,277066
05/07/2021,2490,2640,2470,2600,877179
06/07/2021,2620,2870,2610,2800,1797027
07/07/2021,2810,2860,2770,2790,661006
08/07/2021,2800,2870,2770,2800,982638
09/07/2021,2810,2960,2750,2760,1719563
12/07/2021,2780,2800,2640,2640,982191
13/07/2021,2630,2660,2460,2500,1558193
14/07/2021,2500,2560,2460,2550,1035370
15/07/2021,2560,2610,2510,2570,654139
16/07/2021,2570,2580,2500,2510,517281
19/07/2021,2510,2530,2420,2420,474693
21/07/2021,2420,2470,2340,2410,858898
22/07/2021,2470,2600,2450,2590,1241942
23/07/2021,2600,2620,2520,2580,742482
26/07/2021,2630,2680,2580,2620,940525
27/07/2021,2640,2700,2590,2620,598660
28/07/2021,2620,2640,2600,2620,434171
29/07/2021,2640,2780,2620,2700,1167789
30/07/2021,2700,2750,2680,2750,507497
02/08/2021,2750,2800,2720,2740,631045
03/08/2021,2760,2780,2700,2730,431172
04/08/2021,2740,2740,2650,2700,671500
05/08/2021,2710,2880,2710,2720,1518722
06/08/2021,2750,2800,2540,2600,1795092
09/08/2021,2600,2610,2420,2420,1359442
10/08/2021,2430,2430,2260,2260,986700
12/08/2021,2240,2370,2130,2320,1131158
13/08/2021,2350,2380,2250,2270,434531
16/08/2021,2270,2290,2120,2120,724820
18/08/2021,2080,2110,1975,1975,1506627
19/08/2021,1955,1990,1840,1880,1588820
20/08/2021,1895,2070,1835,2030,1090185
23/08/2021,2030,2210,1990,2200,762989
24/08/2021,2200,2240,2160,2210,361092
25/08/2021,2210,2220,2110,2120,261766
26/08/2021,2120,2140,2030,2050,247492
27/08/2021,2050,2130,2000,2100,238605
30/08/2021,2120,2160,2110,2120,173641
31/08/2021,2120,2180,2090,2170,326785
01/09/2021,2180,2180,2080,2090,144511
02/09/2021,2090,2130,2020,2040,259478
03/09/2021,2040,2060,2010,2040,207750
06/09/2021,2050,2090,2020,2090,232300
07/09/2021,2090,2110,2050,2070,127360
08/09/2021,2070,2070,1965,1970,274821
09/09/2021,1975,2010,1905,1920,255917
10/09/2021,1920,2030,1900,2000,397642
13/09/2021,1990,2000,1930,1935,201577
14/09/2021,1940,1975,1940,1955,224322
15/09/2021,1960,1990,1950,1965,121457
16/09/2021,1965,1975,1920,1925,261601
17/09/2021,1925,2030,1920,1930,586379
20/09/2021,1930,1990,1930,1950,140083
21/09/2021,1960,2020,1935,1980,212224
22/09/2021,1980,2010,1930,1935,157602
23/09/2021,1940,1985,1935,1950,192639
24/09/2021,1950,1970,1935,1940,167317
27/09/2021,1940,1950,1920,1925,85512
28/09/2021,1925,1930,1855,1875,242004
29/09/2021,1875,1875,1760,1775,536907
30/09/2021,1775,1820,1720,1740,576194
01/10/2021,1740,1765,1675,1690,518493
04/10/2021,1700,1725,1615,1625,703497
05/10/2021,1620,1695,1590,1605,947956
06/10/2021,1615,1725,1605,1715,765982
07/10/2021,1725,1735,1655,1695,473251
08/10/2021,1700,1745,1685,1710,262058
11/10/2021,1715,1725,1610,1625,370976
12/10/2021,1640,1650,1515,1520,799436
13/10/2021,1525,1560,1475,1490,493405
14/10/2021,1490,1675,1490,1665,711340
15/10/2021,1675,1730,1640,1660,404664
18/10/2021,1660,1685,1635,1660,128384
19/10/2021,1660,1680,1605,1630,261580
21/10/2021,1630,1730,1620,1730,529331
22/10/2021,1730,1750,1650,1655,364652
25/10/2021,1655,1840,1630,1795,1553830
26/10/2021,1795,1880,1780,1865,931009
27/10/2021,1870,1920,1815,1860,764744
28/10/2021,1855,1915,1830,1905,552093
29/10/2021,1910,1930,1865,1925,367127
01/11/2021,1925,1935,1850,1855,375479
02/11/2021,1860,1895,1830,1850,271477
03/11/2021,1850,1885,1835,1860,178971
04/11/2021,1870,1940,1865,1920,363532
05/11/2021,1930,1980,1920,1975,462383
08/11/2021,1980,2010,1935,1940,331031
09/11/2021,1940,2080,1935,2080,503021
10/11/2021,2080,2100,2040,2060,308524
11/11/2021,2050,2050,1955,1965,379541
12/11/2021,1960,1965,1895,1900,347021
15/11/2021,1900,2010,1885,1965,336619
16/11/2021,1965,2020,1965,2010,239476
17/11/2021,2010,2040,1975,1990,279968
18/11/2021,1990,2020,1970,1980,158861
19/11/2021,1980,2030,1980,2020,225057
22/11/2021,2030,2030,1980,2020,167548
23/11/2021,2020,2030,1990,2010,170474
24/11/2021,2010,2010,1955,1960,187126
25/11/2021,1960,1990,1855,1860,362528
26/11/2021,1855,1910,1835,1860,310114
29/11/2021,1860,1930,1820,1895,182716
30/11/2021,1895,1925,1845,1925,315009
01/12/2021,1925,1925,1860,1920,281456
02/12/2021,1920,1960,1890,1935,276806
03/12/2021,1915,1945,1875,1930,162055
06/12/2021,1930,1980,1900,1965,239645
07/12/2021,1965,2000,1940,1960,270477
08/12/2021,1965,2080,1965,2070,599519
09/12/2021,2070,2140,2070,2120,457270
10/12/2021,2130,2130,2070,2120,254043
13/12/2021,2120,2260,2120,2230,567111
14/12/2021,2230,2320,2150,2200,494828
15/12/2021,2200,2240,2160,2200,198805
16/12/2021,2210,2280,2200,2240,368328
17/12/2021,2240,2250,2200,2200,171439
20/12/2021,2200,2280,2180,2270,248249
21/12/2021,2270,2290,2190,2230,380402
22/12/2021,2230,2350,2210,2250,537403
23/12/2021,2250,2310,2230,2280,367410
24/12/2021,2300,2310,2260,2260,196482
27/12/2021,2260,2300,2240,2290,223340
28/12/2021,2290,2320,2270,2290,267617
29/12/2021,2290,2340,2240,2250,348926
30/12/2021,2260,2320,2250,2280,466717
03/01/2022,2280,2450,2280,2450,834083
04/01/2022,2450,2480,2410,2460,545410
05/01/2022,2460,2550,2430,2460,907010
06/01/2022,2430,2460,2350,2420,404513
07/01/2022,2420,2480,2420,2470,341141
10/01/2022,2450,2490,2320,2320,656825
11/01/2022,2330,2340,2160,2160,1037229
12/01/2022,2160,2210,2120,2150,642350
13/01/2022,2170,2180,2000,2000,877361
14/01/2022,2000,2150,1955,2130,633300
17/01/2022,2130,2140,1990,1995,512342
18/01/2022,1995,2010,1870,1895,644462
19/01/2022,1895,1925,1835,1855,437721
20/01/2022,1855,1880,1805,1865,482625
21/01/2022,1865,2030,1845,1980,846268
24/01/2022,1980,1995,1850,1850,583344
25/01/2022,1865,1865,1725,1725,1032620
26/01/2022,1740,1815,1735,1770,847088
27/01/2022,1770,1800,1720,1745,499730
28/01/2022,1730,1770,1700,1755,249697
31/01/2022,1760,1805,1735,1795,916321
02/02/2022,1795,2090,1795,2090,1589490
03/02/2022,2090,2100,1955,1995,516630
04/02/2022,1980,1995,1940,1980,233479
07/02/2022,1980,2050,1970,1970,359202
08/02/2022,1975,2020,1975,1985,271058
09/02/2022,2000,2030,1980,1980,212196
10/02/2022,1990,2000,1925,1930,255505
11/02/2022,1925,1930,1830,1850,463334
14/02/2022,1850,1855,1750,1775,390780
15/02/2022,1805,1805,1740,1765,435047
16/02/2022,1780,1795,1740,1755,487542
17/02/2022,1765,1825,1760,1815,721923
18/02/2022,1815,1920,1785,1915,749624
21/02/2022,1925,2080,1925,2070,1585430
22/02/2022,2060,2160,2050,2080,1043640
23/02/2022,2100,2170,2090,2120,756062
24/02/2022,2120,2180,1995,2070,833236
25/02/2022,2080,2180,2030,2070,838575
01/03/2022,2100,2230,2080,2210,954302
02/03/2022,2210,2240,2150,2190,589183
04/03/2022,2210,2340,2190,2240,1087550
07/03/2022,2200,2280,2170,2180,621458
08/03/2022,2180,2250,2030,2030,815113
09/03/2022,2030,2190,2010,2030,1100868
10/03/2022,2060,2160,2050,2150,876139
11/03/2022,2150,2180,2080,2160,689186
14/03/2022,2160,2230,2110,2210,876940
15/03/2022,2210,2220,2160,2180,656201
16/03/2022,2270,2300,2160,2220,1701810
17/03/2022,2260,2290,2210,2210,1053530
18/03/2022,2220,2250,2130,2200,9250709
21/03/2022,2210,2260,2180,2250,383415
22/03/2022,2260,2270,2230,2270,371861
23/03/2022,2280,2290,2240,2280,235905
24/03/2022,2280,2290,2240,2260,327160
25/03/2022,2270,2300,2240,2270,306803
28/03/2022,2280,2290,2260,2260,261734
29/03/2022,2270,2290,2250,2260,380394
30/03/2022,2260,2400,2260,2390,465740
31/03/2022,2390,2480,2370,2450,466546
01/04/2022,2450,2500,2410,2460,348543
04/04/2022,2490,2540,2490,2540,321108
05/04/2022,2550,2720,2540,2720,921802
06/04/2022,2710,2900,2700,2880,880394
07/04/2022,2880,2880,2680,2790,672290
08/04/2022,2790,2880,2720,2840,347715
11/04/2022,2840,2890,2710,2710,197627
12/04/2022,2710,2790,2630,2710,357515
13/04/2022,2710,2760,2680,2700,265988
14/04/2022,2710,2740,2570,2740,406798
18/04/2022,2740,2770,2700,2700,187633
19/04/2022,2710,2810,2700,2740,425862
20/04/2022,2760,2800,2720,2720,413688
21/04/2022,2730,2890,2730,2820,662019
22/04/2022,2820,2990,2760,2790,600887
25/04/2022,2780,2880,2710,2870,394344
26/04/2022,2890,2950,2870,2900,378370
27/04/2022,2930,3070,2910,3000,785961
28/04/2022,3040,3070,2960,2990,512521
09/05/2022,2990,2990,2790,2790,536136
10/05/2022,2690,2690,2600,2600,948901
11/05/2022,2600,2660,2460,2560,640741
12/05/2022,2560,2560,2390,2390,706355
13/05/2022,2230,2230,2230,2230,879561
17/05/2022,2080,2080,2080,2080,752219
18/05/2022,1935,2000,1935,1935,2018788
19/05/2022,1835,1985,1800,1940,3023650
20/05/2022,1960,2040,1960,2000,1689890
23/05/2022,2010,2020,1870,1895,964337
24/05/2022,1925,1935,1850,1875,610955
25/05/2022,1880,1910,1820,1825,498956
27/05/2022,1840,1880,1830,1865,400284
30/05/2022,1880,1895,1845,1875,352463
31/05/2022,1880,1915,1850,1915,359974
02/06/2022,1905,1905,1860,1865,273021
03/06/2022,1870,1885,1860,1860,207473
06/06/2022,1860,1870,1755,1770,709221
07/06/2022,1775,1795,1740,1745,493435
08/06/2022,1760,1845,1755,1815,573755
09/06/2022,1825,1830,1780,1790,386106
10/06/2022,1780,1800,1745,1775,214120
13/06/2022,1750,1750,1660,1665,388170
14/06/2022,1655,1670,1610,1640,288820
15/06/2022,1640,1765,1640,1755,487543
16/06/2022,1785,1815,1730,1730,371674
17/06/2022,1725,1760,1680,1760,205809
20/06/2022,1775,1785,1715,1735,136644
21/06/2022,1735,1750,1705,1750,159669
22/06/2022,1755,1760,1695,1695,132929
23/06/2022,1695,1695,1640,1665,237165
24/06/2022,1675,1700,1655,1670,188127
27/06/2022,1670,1695,1660,1665,116397
28/06/2022,1675,1675,1605,1665,201466
29/06/2022,1665,1685,1630,1665,216465
30/06/2022,1685,1695,1605,1605,282368
01/07/2022,1610,1625,1535,1560,198792
04/07/2022,1560,1580,1500,1550,121285
05/07/2022,1555,1605,1550,1585,118789
06/07/2022,1580,1585,1535,1540,133765
07/07/2022,1555,1575,1535,1575,66559
08/07/2022,1580,1655,1580,1650,270530
11/07/2022,1645,1670,1620,1655,141448
12/07/2022,1670,1735,1655,1675,437494
13/07/2022,1695,1695,1605,1605,154912
14/07/2022,1600,1655,1575,1625,133933
15/07/2022,1630,1700,1625,1700,217865
18/07/2022,1710,1745,1700,1745,293550
19/07/2022,1750,1830,1730,1830,501383
20/07/2022,1850,1895,1820,1855,502197
21/07/2022,1865,1870,1820,1865,238853
22/07/2022,1870,1975,1865,1960,657106
25/07/2022,1960,1965,1850,1860,303695
26/07/2022,1845,1895,1770,1800,485868
27/07/2022,1800,1835,1785,1800,180870
28/07/2022,1815,1890,1815,1865,450494
29/07/2022,1885,1920,1830,1875,355530
01/08/2022,1875,1905,1855,1870,213189
02/08/2022,1875,1885,1840,1840,110960
03/08/2022,1835,1945,1830,1925,419108
04/08/2022,1950,2100,1945,2080,1190590
05/08/2022,2080,2130,2040,2080,376367
08/08/2022,2090,2110,2020,2060,238424
09/08/2022,2060,2150,2040,2110,459892
10/08/2022,2110,2190,2020,2180,573270
11/08/2022,2200,2300,2200,2250,720819
12/08/2022,2190,2200,2100,2100,742268
15/08/2022,2080,2090,1960,1985,654913
16/08/2022,1985,2020,1930,1980,476492
18/08/2022,1980,1985,1890,1915,427257
19/08/2022,1915,1945,1900,1900,275456
22/08/2022,1900,1915,1840,1845,265331
23/08/2022,1840,1895,1840,1885,172744
24/08/2022,1890,1930,1885,1920,168900
25/08/2022,1940,1945,1920,1940,135882
26/08/2022,1940,1955,1930,1940,112006
29/08/2022,1900,1900,1845,1865,215773
30/08/2022,1870,1920,1860,1900,144572
31/08/2022,1900,1910,1875,1910,98760
01/09/2022,1910,1920,1880,1880,61122
02/09/2022,1885,1890,1845,1845,115804
05/09/2022,1845,1845,1815,1835,207790
06/09/2022,1840,1885,1840,1845,204339
07/09/2022,1855,1860,1810,1825,278097
08/09/2022,1840,1865,1835,1850,286989
09/09/2022,1860,1865,1820,1840,170248
12/09/2022,1855,1860,1805,1830,148966
13/09/2022,1830,1860,1810,1815,176485
14/09/2022,1800,1805,1775,1805,186101
15/09/2022,1800,1805,1760,1760,312162
16/09/2022,1755,1825,1700,1825,894936
19/09/2022,1825,1830,1765,1775,152757
20/09/2022,1775,1780,1725,1725,180328
21/09/2022,1730,1735,1700,1730,156594
22/09/2022,1725,1725,1700,1705,237505
23/09/2022,1705,1705,1665,1680,223460
26/09/2022,1670,1670,1605,1610,433937
27/09/2022,1610,1650,1575,1620,493770
28/09/2022,1620,1625,1585,1585,219835
29/09/2022,1610,1610,1560,1560,240600
30/09/2022,1550,1555,1510,1520,493281
03/10/2022,1520,1590,1515,1580,235159
04/10/2022,1610,1615,1550,1550,332990
05/10/2022,1560,1645,1550,1625,375714
06/10/2022,1640,1690,1635,1650,407784
07/10/2022,1650,1650,1625,1645,112895
10/10/2022,1640,1675,1615,1645,250488
11/10/2022,1650,1655,1620,1630,107343
12/10/2022,1635,1640,1555,1555,280091
13/10/2022,1545,1570,1530,1545,145886
14/10/2022,1560,1570,1515,1515,180868
17/10/2022,1515,1535,1480,1515,207399
18/10/2022,1525,1565,1455,1490,374243
19/10/2022,1500,1540,1475,1515,238180
20/10/2022,1525,1530,1495,1520,126144
21/10/2022,1520,1575,1510,1530,297364
24/10/2022,1550,1590,1535,1535,225407
25/10/2022,1545,1555,1520,1535,119529
26/10/2022,1545,1670,1540,1650,535128
27/10/2022,1650,1670,1610,1615,166839
28/10/2022,1625,1625,1575,1585,168976
31/10/2022,1610,1615,1545,1545,425676
01/11/2022,1580,1665,1575,1610,658059
02/11/2022,1640,1680,1635,1650,496096
03/11/2022,1650,1720,1625,1670,450980
04/11/2022,1675,1685,1610,1640,374740
07/11/2022,1640,1665,1610,1620,221199
08/11/2022,1635,1710,1625,1705,413394
09/11/2022,1720,1745,1710,1745,534508
10/11/2022,1735,1760,1690,1750,454400
11/11/2022,1800,1805,1735,1745,812847
14/11/2022,1745,1760,1660,1665,512288
15/11/2022,1665,1700,1625,1695,411793
16/11/2022,1705,1710,1670,1695,237823
17/11/2022,1700,1700,1655,1670,199506
18/11/2022,1685,1695,1665,1670,222483
21/11/2022,1680,1740,1680,1695,479445
22/11/2022,1695,1705,1655,1660,213681
23/11/2022,1665,1680,1625,1630,234927
24/11/2022,1630,1640,1580,1580,371824
25/11/2022,1580,1595,1560,1565,156544
28/11/2022,1560,1575,1475,1485,666309
29/11/2022,1485,1485,1385,1385,1047750
30/11/2022,1380,1410,1290,1290,1389430
01/12/2022,1305,1325,1245,1265,687581
02/12/2022,1265,1315,1250,1275,559413
05/12/2022,1285,1305,1190,1190,603867
06/12/2022,1150,1190,1110,1135,825038
07/12/2022,1135,1185,1120,1135,381021
08/12/2022,1145,1155,1085,1125,362080
09/12/2022,1125,1145,1105,1120,192790
12/12/2022,1120,1125,1045,1045,483221
13/12/2022,1045,1170,1030,1130,864470
14/12/2022,1145,1160,1055,1075,513702
15/12/2022,1075,1090,1045,1060,192237
16/12/2022,1040,1090,1030,1060,743701
19/12/2022,1065,1090,1010,1015,494683
20/12/2022,1015,1035,1005,1010,247316
21/12/2022,1015,1030,990,1000,263904
22/12/2022,1010,1045,1000,1040,543955
23/12/2022,1030,1040,1015,1020,164216
26/12/2022,1025,1030,1000,1010,104258
27/12/2022,1015,1060,1010,1045,331473
28/12/2022,1050,1060,980,995,489776
29/12/2022,995,1040,980,1025,397725
30/12/2022,1030,1045,1025,1030,263646
02/01/2023,1030,1035,1015,1020,67170
03/01/2023,1020,1035,1010,1030,210450
04/01/2023,1030,1035,1005,1015,143630
05/01/2023,1015,1025,945,980,573282
06/01/2023,980,1010,965,980,193904
09/01/2023,990,1005,970,995,166423
10/01/2023,995,1000,970,990,100475
11/01/2023,995,1015,980,985,158826
12/01/2023,990,1020,990,1020,226020
13/01/2023,1020,1025,1000,1010,147416
16/01/2023,1015,1040,990,1000,165532
17/01/2023,1010,1040,1005,1010,419027
18/01/2023,1020,1025,1000,1005,96729
19/01/2023,1005,1015,995,1010,90584
20/01/2023,1010,1025,1010,1025,153111
24/01/2023,1035,1075,1030,1065,509010
25/01/2023,1080,1100,1045,1080,458951
26/01/2023,1080,1130,1080,1120,672326
27/01/2023,1125,1140,1085,1090,297613
30/01/2023,1090,1095,1045,1060,284664
31/01/2023,1055,1090,1055,1080,134741
01/02/2023,1080,1110,1075,1090,225300
02/02/2023,1105,1120,1095,1100,329027
03/02/2023,1125,1185,1125,1175,847598
06/02/2023,1175,1185,1140,1165,406312
07/02/2023,1165,1175,1150,1155,243110
08/02/2023,1170,1180,1155,1170,155601
09/02/2023,1170,1180,1090,1090,398019
10/02/2023,1060,1085,1030,1080,325436
13/02/2023,1070,1110,1070,1095,209392
14/02/2023,1105,1110,1065,1075,210703
15/02/2023,1080,1100,1070,1070,125498
16/02/2023,1080,1100,1070,1085,153640
17/02/2023,1085,1100,1070,1075,98041
20/02/2023,1075,1075,1040,1055,182698
21/02/2023,1055,1070,1025,1040,201133
22/02/2023,1030,1040,1005,1010,324961
23/02/2023,1015,1030,970,990,352724
24/02/2023,990,1010,980,985,273699
27/02/2023,990,1000,955,970,285774
28/02/2023,970,975,935,950,377150
01/03/2023,950,975,940,955,216253
02/03/2023,960,970,945,950,135710
03/03/2023,950,965,945,950,123042
06/03/2023,950,965,925,925,237708
07/03/2023,930,940,865,865,618576
08/03/2023,865,875,815,845,634255
09/03/2023,850,885,845,870,254138
10/03/2023,870,880,850,870,165478
13/03/2023,870,905,865,875,252850
14/03/2023,880,880,815,820,319857
15/03/2023,830,840,780,780,252025
16/03/2023,780,780,745,755,259069
17/03/2023,765,790,745,755,662628
20/03/2023,760,765,725,730,179017
21/03/2023,730,755,725,740,215239
24/03/2023,740,765,740,755,202289
27/03/2023,760,765,740,740,129319
28/03/2023,745,810,745,800,499450
29/03/2023,805,825,790,810,419357
30/03/2023,810,820,775,780,296433
31/03/2023,780,805,770,790,216226
03/04/2023,790,835,790,795,340622
04/04/2023,800,840,800,825,425163
05/04/2023,830,855,825,840,337927
06/04/2023,840,840,810,820,205350
10/04/2023,820,820,765,765,476821
11/04/2023,760,775,745,775,178847
12/04/2023,780,780,760,765,103069
13/04/2023,765,805,765,800,589260
14/04/2023,810,820,790,790,232007
17/04/2023,790,795,770,780,188519
18/04/2023,780,785,760,765,86966
26/04/2023,765,765,730,740,256989
27/04/2023,745,745,705,720,576030
28/04/2023,720,735,695,705,484094
02/05/2023,710,725,685,690,390903
03/05/2023,680,690,660,680,283411
04/05/2023,675,710,675,695,217386
05/05/2023,685,700,665,695,224930
08/05/2023,695,720,695,700,213091
09/05/2023,705,730,705,725,258990
10/05/2023,730,735,710,725,214419
11/05/2023,725,730,705,715,87969
12/05/2023,715,715,695,700,96936
15/05/2023,700,705,680,700,97516
16/05/2023,700,700,655,655,332865
17/05/2023,655,660,625,640,202786
19/05/2023,645,675,625,675,208850
22/05/2023,680,695,665,690,153033
23/05/2023,690,710,660,660,292877
24/05/2023,660,680,630,640,213039
25/05/2023,640,655,615,620,177498
26/05/2023,625,635,590,595,255697
29/05/2023,595,600,565,585,367763
30/05/2023,585,630,585,610,325231
31/05/2023,615,620,590,595,159864
05/06/2023,605,615,590,610,136297
06/06/2023,610,625,605,615,263097
07/06/2023,615,625,600,620,215124
08/06/2023,620,625,610,615,207586
09/06/2023,615,640,610,625,446430
12/06/2023,630,655,620,650,340572
13/06/2023,660,710,655,690,790206
14/06/2023,700,725,680,690,507987
15/06/2023,690,705,675,685,188410
16/06/2023,685,770,680,770,1007902
19/06/2023,775,790,740,750,484838
20/06/2023,755,760,720,730,278798
21/06/2023,725,775,715,765,468722
22/06/2023,765,770,725,725,520621
23/06/2023,725,740,710,715,191354
26/06/2023,720,730,690,705,302566
27/06/2023,705,715,695,710,171494
03/07/2023,710,735,710,725,208250
04/07/2023,730,760,720,745,503568
05/07/2023,745,765,745,750,242572
06/07/2023,755,755,730,745,214661
07/07/2023,740,750,730,735,174758
10/07/2023,735,745,720,720,149202
11/07/2023,720,770,720,760,559797
12/07/2023,770,770,740,745,300057
13/07/2023,755,785,750,755,622637
14/07/2023,760,780,740,770,450949
17/07/2023,775,805,775,780,666854
18/07/2023,780,785,755,760,263363
20/07/2023,765,785,745,745,346840
21/07/2023,745,745,705,725,479434
24/07/2023,725,735,705,710,290877
25/07/2023,715,730,710,710,197494
26/07/2023,725,730,710,715,156462
27/07/2023,715,725,710,710,105678
28/07/2023,710,715,660,665,565810
31/07/2023,665,675,650,650,247754
01/08/2023,635,640,620,625,335409
02/08/2023,625,650,620,625,379261
03/08/2023,625,645,605,635,151742
04/08/2023,635,640,610,615,175294
07/08/2023,620,630,615,625,95653
08/08/2023,625,635,620,620,86231
09/08/2023,615,625,615,625,133269
10/08/2023,625,635,620,635,171662
11/08/2023,635,655,630,630,256605
14/08/2023,635,635,610,620,195581
15/08/2023,625,625,610,615,109749
16/08/2023,615,620,610,615,152842
18/08/2023,625,625,610,615,103807
21/08/2023,615,615,610,615,88172
22/08/2023,615,615,610,610,70579
23/08/2023,610,620,605,610,184947
24/08/2023,610,615,590,590,312710
25/08/2023,590,595,585,590,128240
28/08/2023,590,605,590,595,147328
29/08/2023,595,600,580,585,247372
30/08/2023,585,595,580,580,139615
31/08/2023,580,585,570,570,162238
01/09/2023,575,610,570,590,450031
04/09/2023,590,610,590,600,248672
05/09/2023,600,600,590,595,72960
06/09/2023,600,600,575,575,279508
07/09/2023,575,610,570,585,355538
08/09/2023,590,595,575,575,184711
11/09/2023,580,610,580,600,583126
12/09/2023,600,600,580,585,473178
13/09/2023,590,590,570,570,491619
14/09/2023,575,585,570,575,255368
15/09/2023,580,580,545,545,982006
18/09/2023,550,550,530,535,299252
19/09/2023,535,545,530,540,214007
20/09/2023,540,565,540,560,444984
21/09/2023,565,565,545,545,158827
22/09/2023,550,555,540,550,214278
25/09/2023,550,555,540,545,239501
26/09/2023,545,585,540,575,961235
27/09/2023,575,590,565,580,475703
29/09/2023,580,600,570,585,281142
02/10/2023,595,605,585,605,274247
03/10/2023,605,610,590,595,185256
04/10/2023,590,595,560,585,503741
05/10/2023,590,600,580,580,275248
06/10/2023,590,645,580,645,816609
09/10/2023,650,655,625,635,426374
10/10/2023,635,670,625,640,662245
11/10/2023,640,650,610,610,905827
12/10/2023,610,645,605,645,560777
13/10/2023,645,650,615,615,275858
16/10/2023,615,620,575,610,535969
17/10/2023,615,625,600,605,160946
18/10/2023,605,610,580,600,444569
19/10/2023,595,600,580,580,219684
20/10/2023,580,580,555,575,208553
23/10/2023,575,580,555,560,162956
24/10/2023,560,570,550,550,210519
25/10/2023,550,565,540,550,214193
26/10/2023,545,560,540,540,134785
27/10/2023,545,555,535,540,103898
30/10/2023,540,550,492,505,565348
31/10/2023,505,510,494,500,150149
01/11/2023,500,510,486,494,249878
02/11/2023,494,520,494,510,229305
03/11/2023,520,545,510,535,236461
06/11/2023,545,550,530,540,123373
07/11/2023,540,545,525,535,111032
08/11/2023,535,550,520,540,109100
09/11/2023,540,570,540,555,248928
10/11/2023,555,565,550,560,99364
13/11/2023,565,570,545,555,98869
14/11/2023,555,555,525,540,207276
15/11/2023,575,590,565,580,816380
16/11/2023,580,590,565,580,382586
17/11/2023,575,585,565,575,161812
20/11/2023,575,580,565,580,182296
21/11/2023,585,585,565,580,235076
22/11/2023,580,590,570,590,233389
23/11/2023,590,640,590,625,770877
24/11/2023,625,635,610,630,410844
27/11/2023,630,660,615,630,797736
28/11/2023,640,640,620,635,397551
29/11/2023,635,640,610,615,336012
30/11/2023,620,670,620,645,2711010
01/12/2023,645,655,620,655,504721
04/12/2023,655,665,640,645,325520
05/12/2023,650,650,625,630,200536
06/12/2023,635,635,605,605,277851
07/12/2023,610,625,580,605,414204
08/12/2023,600,620,575,580,429349
11/12/2023,580,595,540,550,248442
12/12/2023,550,550,530,540,325455
13/12/2023,540,555,525,555,306337
14/12/2023,565,600,560,575,352234
15/12/2023,580,595,555,570,1022887
18/12/2023,575,575,550,570,174539
19/12/2023,575,575,560,565,86785
20/12/2023,560,575,555,565,130761
21/12/2023,565,570,550,555,146624
22/12/2023,555,570,540,545,116028
27/12/2023,550,570,545,560,205306
28/12/2023,565,570,555,565,116817
29/12/2023,570,590,565,590,427602
02/01/2024,590,600,570,585,196766
03/01/2024,580,585,570,575,65931
04/01/2024,575,575,565,565,104649
05/01/2024,570,580,565,565,142534
08/01/2024,570,570,555,555,115349
09/01/2024,565,580,550,555,254734
10/01/2024,555,585,555,575,244306
11/01/2024,580,580,560,560,222019
12/01/2024,560,570,550,555,173652
15/01/2024,555,555,540,545,292253
16/01/2024,545,560,545,550,205036
17/01/2024,555,555,540,550,165562
18/01/2024,550,555,545,555,120583
19/01/2024,555,555,535,535,189410
22/01/2024,540,550,520,535,479788
23/01/2024,535,535,520,535,216123
24/01/2024,535,535,515,525,162548
25/01/2024,525,525,515,520,93453
26/01/2024,520,520,490,496,402435
29/01/2024,498,500,468,470,374880
30/01/2024,472,484,466,468,525403
31/01/2024,470,480,458,464,919940
01/02/2024,466,498,462,494,898384
02/02/2024,498,510,474,484,673447
05/02/2024,484,486,462,462,541356
06/02/2024,466,480,460,474,377029
07/02/2024,474,490,472,472,389210
12/02/2024,472,482,472,474,141744
13/02/2024,478,478,464,464,209287
15/02/2024,470,480,468,470,307444
16/02/2024,476,478,454,456,486120
19/02/2024,456,466,454,456,188496
20/02/2024,456,472,456,466,303800
21/02/2024,470,470,456,468,209313
22/02/2024,468,472,450,462,211693
23/02/2024,468,472,464,472,148943
26/02/2024,472,472,458,462,157513
27/02/2024,460,466,458,466,106114
28/02/2024,466,470,458,458,212384
29/02/2024,460,474,454,470,470326
01/03/2024,466,474,462,474,190323
04/03/2024,474,474,462,462,129153
05/03/2024,464,466,452,456,177573
06/03/2024,456,472,452,470,363604
07/03/2024,472,472,460,460,178511
08/03/2024,462,472,458,464,197917
13/03/2024,464,466,456,456,236990
14/03/2024,458,462,452,452,129449
15/03/2024,452,456,414,414,1143265
18/03/2024,420,454,418,448,866849
19/03/2024,450,452,436,436,239029
20/03/2024,438,450,432,434,276252
21/03/2024,436,446,432,432,260090
22/03/2024,436,456,436,444,388177
25/03/2024,444,446,434,440,176392
26/03/2024,440,442,434,440,105576
27/03/2024,440,444,432,432,168882
28/03/2024,434,440,426,436,222443
01/04/2024,436,438,418,438,310780
02/04/2024,428,436,426,436,172269
03/04/2024,432,434,424,424,137401
04/04/2024,426,428,420,428,74949
05/04/2024,424,430,422,430,60437
16/04/2024,428,428,408,412,257073
17/04/2024,412,418,392,398,271881
18/04/2024,398,400,388,390,196757
19/04/2024,388,388,366,370,350233
22/04/2024,370,378,362,372,178500
23/04/2024,372,388,370,372,205736
24/04/2024,372,376,366,370,121436
25/04/2024,370,370,360,366,93229
26/04/2024,364,364,350,350,141117
29/04/2024,350,374,350,374,270044
30/04/2024,374,394,368,386,280526
02/05/2024,400,402,378,378,437256
03/05/2024,378,388,374,376,167611
06/05/2024,380,414,380,400,526977
07/05/2024,402,446,400,440,927024
08/05/2024,440,454,412,416,735355
13/05/2024,414,434,412,430,346056
14/05/2024,430,434,422,426,141627
15/05/2024,434,434,414,416,188073
16/05/2024,418,444,416,428,622300
17/05/2024,430,458,426,442,923867
20/05/2024,448,450,438,450,229493
21/05/2024,450,458,432,442,309549
22/05/2024,442,450,436,442,168497
27/05/2024,440,460,430,452,788012
28/05/2024,454,462,438,440,696047
29/05/2024,442,444,424,430,384400
30/05/2024,430,436,416,422,245241
31/05/2024,420,436,420,424,479080
03/06/2024,424,434,420,422,282827
04/06/2024,424,436,422,422,238819
05/06/2024,426,430,394,394,507992
06/06/2024,394,404,394,404,180050
07/06/2024,400,408,390,390,147484
10/06/2024,388,392,378,382,162768
11/06/2024,380,390,374,376,110451
12/06/2024,380,380,362,370,202717
13/06/2024,370,390,368,380,259169
14/06/2024,380,384,360,366,172419
19/06/2024,368,370,350,352,283421
20/06/2024,352,394,352,374,620903
21/06/2024,372,390,372,380,686250
24/06/2024,382,394,380,388,350114
25/06/2024,388,390,378,390,145458
26/06/2024,392,402,384,386,288419
27/06/2024,386,394,384,390,138995
28/06/2024,392,400,388,388,216906
01/07/2024,390,398,390,392,113864
02/07/2024,394,396,386,388,127086
03/07/2024,388,398,388,396,105227
04/07/2024,396,426,396,420,938732
05/07/2024,422,428,416,416,235039
08/07/2024,416,450,416,446,1005314
09/07/2024,446,446,436,440,271061
10/07/2024,440,454,430,430,438136
11/07/2024,432,446,428,446,829579
12/07/2024,446,450,434,434,258088
15/07/2024,436,444,434,442,197859
16/07/2024,442,442,432,440,174459
17/07/2024,440,462,440,446,755522
18/07/2024,448,448,430,430,448829
19/07/2024,432,434,420,422,262066
22/07/2024,422,430,420,424,125011
23/07/2024,424,442,424,438,470905
24/07/2024,440,446,424,432,680338
25/07/2024,426,432,422,432,177425
26/07/2024,430,436,424,426,114834
29/07/2024,426,432,422,428,138808
30/07/2024,428,430,416,422,210317
31/07/2024,422,424,406,408,427408
01/08/2024,410,412,396,402,255747
02/08/2024,398,416,398,402,477257
05/08/2024,404,414,370,378,619215
06/08/2024,378,400,378,388,402759
07/08/2024,390,408,390,394,385154
08/08/2024,396,398,388,388,189399
09/08/2024,388,396,388,390,124521
12/08/2024,390,394,386,390,199624
13/08/2024,390,396,388,392,269175
14/08/2024,394,406,394,400,550648
15/08/2024,400,402,394,396,160028
16/08/2024,396,404,396,400,144558
19/08/2024,400,402,396,400,105328
20/08/2024,400,418,400,416,951797
21/08/2024,418,422,410,410,447540
22/08/2024,410,412,394,396,417013
23/08/2024,398,404,396,400,138892
26/08/2024,402,404,400,402,121692
27/08/2024,402,402,396,402,130708
28/08/2024,402,402,398,400,121898
29/08/2024,400,402,392,392,181745
30/08/2024,394,402,394,402,143295
02/09/2024,400,424,398,420,853922
03/09/2024,422,434,410,410,666975
04/09/2024,410,410,400,402,255043
05/09/2024,402,408,400,404,118935
06/09/2024,404,408,402,402,106745
09/09/2024,402,404,392,394,313671
10/09/2024,396,398,390,394,192333
11/09/2024,394,398,390,398,139632
12/09/2024,398,408,398,404,214304
13/09/2024,406,410,404,410,132695
17/09/2024,410,412,406,406,84195
18/09/2024,408,422,406,416,594742
19/09/2024,420,420,410,410,215635
20/09/2024,412,416,394,394,532483
23/09/2024,394,406,394,406,316779
24/09/2024,406,408,398,400,142242
25/09/2024,400,414,398,414,716749
26/09/2024,414,418,410,416,331796
27/09/2024,416,418,408,412,214980
30/09/2024,416,420,410,414,298023
01/10/2024,414,420,410,418,268298
02/10/2024,420,422,400,404,484857
03/10/2024,404,408,396,408,225151
04/10/2024,408,410,400,400,96008
07/10/2024,400,434,400,428,2156363
08/10/2024,434,452,422,452,1761058
09/10/2024,452,454,434,438,611446
10/10/2024,440,446,432,432,230850
11/10/2024,440,440,428,434,263010
14/10/2024,436,446,430,440,315403
15/10/2024,444,446,436,440,210923
16/10/2024,442,442,430,434,178158
17/10/2024,436,436,430,430,221713
18/10/2024,432,438,428,438,155873
21/10/2024,438,515,436,505,2503454
22/10/2024,505,530,500,505,1148781
23/10/2024,505,505,486,486,655658
24/10/2024,486,515,482,510,1168736
25/10/2024,510,525,492,492,488103
28/10/2024,490,496,462,482,589761
29/10/2024,482,515,474,496,706985
30/10/2024,496,498,484,488,266027
31/10/2024,488,510,486,510,569290
01/11/2024,510,525,480,484,750584
04/11/2024,486,490,470,478,356220
05/11/2024,478,488,450,450,679604
06/11/2024,452,464,446,460,541855
07/11/2024,460,460,450,450,212494
08/11/2024,450,474,450,472,435841
11/11/2024,472,492,462,490,474380
12/11/2024,492,500,482,496,309973
13/11/2024,496,510,492,500,290416
14/11/2024,496,510,484,500,226433
15/11/2024,500,500,478,482,181055
18/11/2024,480,486,460,460,213954
19/11/2024,460,482,460,476,362858
20/11/2024,474,492,472,488,286375
21/11/2024,490,494,478,480,160122
22/11/2024,482,500,480,484,319223
25/11/2024,484,494,472,474,298204
26/11/2024,472,484,470,482,246790
28/11/2024,482,510,476,490,693419
29/11/2024,492,500,480,486,320800
02/12/2024,480,520,480,510,709313
03/12/2024,510,560,505,550,1884260
04/12/2024,550,555,530,540,582984
05/12/2024,540,545,520,530,299048
06/12/2024,530,580,530,575,807985
09/12/2024,580,590,560,575,486116
10/12/2024,580,620,570,620,1213874
11/12/2024,625,625,585,600,573066
12/12/2024,600,620,595,610,416267
13/12/2024,615,615,565,585,386245
16/12/2024,585,590,550,575,357123
17/12/2024,575,580,550,555,469393
18/12/2024,555,570,535,560,361832
19/12/2024,545,555,510,530,539478
20/12/2024,530,535,510,525,189377
23/12/2024,540,550,515,545,329465
24/12/2024,545,550,515,515,304127
27/12/2024,520,525,486,486,521776
30/12/2024,490,500,478,492,226502
02/01/2025,496,525,492,525,366612
03/01/2025,530,535,520,525,150345
06/01/2025,535,550,525,550,264290
07/01/2025,550,555,520,525,191074
08/01/2025,525,530,510,525,130406
09/01/2025,520,545,510,520,183629
10/01/2025,520,535,515,525,109564
13/01/2025,525,525,500,500,238546
14/01/2025,500,545,492,540,477969
15/01/2025,555,630,550,565,2351989
16/01/2025,570,575,530,535,635715
17/01/2025,535,550,530,540,277969
20/01/2025,545,580,530,550,530830
21/01/2025,560,575,550,560,363485
22/01/2025,560,570,555,555,171444
23/01/2025,560,575,555,555,183651
24/01/2025,555,555,540,540,127089
30/01/2025,535,580,535,575,289759
31/01/2025,575,580,560,565,287866
03/02/2025,565,565,525,535,348605
04/02/2025,540,565,540,550,230030
05/02/2025,555,575,545,570,279185
06/02/2025,575,595,550,575,305685
07/02/2025,575,595,555,590,476802
10/02/2025,590,610,575,575,578910
11/02/2025,575,595,560,580,501350
12/02/2025,580,610,575,600,666934
13/02/2025,610,625,590,615,558656
14/02/2025,620,635,610,620,428829
17/02/2025,620,635,610,610,371447
18/02/2025,610,625,595,625,305072
19/02/2025,625,650,620,630,493153
20/02/2025,630,645,625,640,161707
21/02/2025,645,645,615,640,204032
24/02/2025,640,650,620,640,188421
25/02/2025,640,665,555,555,1128128
26/02/2025,555,570,510,555,1406037
27/02/2025,555,565,525,565,407483
28/02/2025,545,565,525,545,542298
03/03/2025,550,565,540,560,468022
04/03/2025,560,560,530,540,203013
05/03/2025,540,550,530,550,212943
06/03/2025,555,585,550,575,330283
07/03/2025,575,580,540,540,536868
10/03/2025,545,550,535,550,164800
11/03/2025,530,545,525,540,170467
12/03/2025,540,545,530,530,96650
13/03/2025,535,540,520,520,169215
14/03/2025,520,525,492,510,474533
17/03/2025,515,525,500,520,233168
18/03/2025,520,520,460,492,596513
19/03/2025,494,540,488,525,681809
20/03/2025,525,550,520,535,463112
21/03/2025,535,555,515,535,949753
24/03/2025,550,550,496,515,214457
25/03/2025,515,525,498,498,148294
26/03/2025,535,545,515,530,219723
27/03/2025,530,550,510,545,266023
08/04/2025,484,494,472,482,561304
09/04/2025,470,492,470,480,358402
10/04/2025,498,520,490,520,639700
11/04/2025,515,520,498,510,134971
14/04/2025,510,525,510,515,108695
15/04/2025,520,530,500,505,153321
16/04/2025,505,510,496,496,117500
17/04/2025,500,515,498,515,183089
21/04/2025,515,515,505,510,77159
22/04/2025,510,520,500,505,157035
23/04/2025,515,515,505,505,229580
24/04/2025,510,515,500,505,131517
25/04/2025,505,545,500,535,365982
28/04/2025,545,560,540,540,265872
29/04/2025,550,555,530,535,224359
30/04/2025,535,550,535,535,164004
02/05/2025,560,595,560,580,870961
05/05/2025,600,620,580,595,561294
06/05/2025,595,600,585,595,207046
07/05/2025,605,615,585,595,734514
08/05/2025,570,600,565,575,701833
09/05/2025,590,595,570,585,264468
14/05/2025,595,600,575,580,393769
15/05/2025,585,595,565,575,571995
16/05/2025,585,585,560,565,310059
19/05/2025,565,585,565,570,247722
20/05/2025,570,580,545,550,803500
21/05/2025,550,560,535,540,515088
22/05/2025,540,550,535,535,556303
23/05/2025,540,560,535,545,412633
26/05/2025,550,560,540,550,340306
27/05/2025,555,555,540,550,193804
28/05/2025,550,570,540,570,540234
02/06/2025,575,585,560,570,665928
03/06/2025,570,575,555,560,189903
04/06/2025,570,575,555,575,316704
05/06/2025,575,580,560,565,164275
10/06/2025,565,590,565,580,689334
11/06/2025,585,585,565,570,245558
12/06/2025,575,580,560,570,243921
13/06/2025,570,570,550,550,284686
16/06/2025,550,555,540,540,260481
17/06/2025,545,555,535,555,195203
18/06/2025,555,565,540,540,175053
19/06/2025,545,550,520,520,309034
20/06/2025,520,530,510,510,2032700
23/06/2025,500,505,482,486,538070
24/06/2025,492,498,486,486,347393
25/06/2025,490,492,464,472,494921
26/06/2025,472,482,468,474,267860
30/06/2025,474,494,474,484,284669
01/07/2025,480,488,478,482,127574
02/07/2025,482,484,470,478,230965
03/07/2025,478,480,472,478,203339
04/07/2025,478,478,470,472,152870
07/07/2025,472,478,472,476,94446
08/07/2025,474,480,474,478,105089
09/07/2025,478,484,472,482,243547
10/07/2025,486,498,480,488,389907
11/07/2025,490,496,486,490,279921
14/07/2025,496,505,486,490,311318
15/07/2025,490,494,482,492,239356
16/07/2025,494,520,494,520,479407
17/07/2025,520,545,515,545,653842
18/07/2025,550,590,545,580,1628780
21/07/2025,580,635,575,615,1837401
22/07/2025,625,635,605,605,1094023
23/07/2025,620,620,585,610,411198
24/07/2025,610,620,585,590,356972
25/07/2025,595,620,580,610,750356
28/07/2025,620,630,610,620,714745
29/07/2025,615,615,600,610,423458
30/07/2025,620,655,600,635,1507727
31/07/2025,640,640,625,625,708532
01/08/2025,630,665,625,665,1689853
04/08/2025,685,780,655,760,3335035
05/08/2025,770,820,765,795,2517994
06/08/2025,780,795,770,780,692927
07/08/2025,780,835,780,805,1327264
08/08/2025,810,880,780,880,1179863
11/08/2025,890,990,870,960,3007863
12/08/2025,960,1020,930,950,2539075
13/08/2025,955,995,945,975,1322242
14/08/2025,980,1050,980,1015,1482935
15/08/2025,1020,1030,955,955,1119797
19/08/2025,955,1095,925,1080,2813535
20/08/2025,1085,1090,1020,1085,1429335
21/08/2025,1100,1125,1035,1050,1300413
22/08/2025,1070,1195,1060,1170,1990033
25/08/2025,1180,1435,1180,1380,3773096
26/08/2025,1390,1430,1310,1360,1807994
27/08/2025,1370,1370,1255,1290,2412034
28/08/2025,1305,1310,1250,1300,1109327
29/08/2025,1265,1270,1185,1215,2113178
01/09/2025,1165,1250,1130,1250,1495910
02/09/2025,1270,1330,1270,1315,1755744
03/09/2025,1330,1380,1310,1340,1241957
04/09/2025,1345,1355,1295,1305,1011636
08/09/2025,1310,1315,1230,1245,805824
09/09/2025,1230,1285,1215,1240,681635
10/09/2025,1260,1265,1185,1230,917801
11/09/2025,1245,1265,1200,1220,678401
12/09/2025,1225,1260,1205,1225,366664
15/09/2025,1250,1290,1235,1270,919335
16/09/2025,1280,1280,1150,1150,1530016
17/09/2025,1150,1180,1065,1125,1968556
18/09/2025,1140,1250,1130,1245,1826440
19/09/2025,1245,1265,1215,1225,1475640
22/09/2025,1235,1270,1205,1235,945892
23/09/2025,1235,1250,1210,1225,584791
24/09/2025,1225,1230,1180,1205,716633
25/09/2025,1220,1305,1215,1225,1306157
26/09/2025,1260,1345,1240,1315,1971268
29/09/2025,1365,1465,1285,1295,3246217
30/09/2025,1300,1310,1255,1255,723253
01/10/2025,1255,1565,1235,1565,4718104
02/10/2025,1650,1700,1490,1540,6097578
03/10/2025,1560,1565,1490,1500,2315170
06/10/2025,1500,1560,1470,1505,2141239
07/10/2025,1505,1535,1475,1485,2202480
08/10/2025,1485,1515,1355,1425,4561597
09/10/2025,1445,1510,1405,1445,2408803
10/10/2025,1480,1520,1420,1425,2257135
