Date,Open,High,Low,Close,Volume
07/06/2004,1648,1840,1648,1800,393391
08/06/2004,1872,1952,1872,1872,143575
09/06/2004,1952,2024,1912,2024,225445
10/06/2004,2024,2096,1984,2064,240794
11/06/2004,2064,2176,2064,2096,124450
14/06/2004,2136,2208,2136,2176,111450
15/06/2004,2176,2320,2176,2288,172772
16/06/2004,2320,2360,2248,2360,92258
17/06/2004,2360,2400,2320,2360,82307
18/06/2004,2360,2360,1984,2024,222093
21/06/2004,2024,2064,1952,1984,48329
22/06/2004,1952,1984,1952,1984,19636
23/06/2004,1984,2064,1984,2024,77503
24/06/2004,2024,2208,1984,2176,126542
25/06/2004,2176,2248,2136,2136,71973
28/06/2004,2136,2136,2024,2024,24782
29/06/2004,2024,2176,2024,2136,66570
30/06/2004,2176,2208,2064,2096,86277
01/07/2004,2064,2096,2024,2064,9524
02/07/2004,2064,2096,2024,2096,13770
06/07/2004,2176,2320,2136,2288,210504
07/07/2004,2288,2320,2248,2320,61869
08/07/2004,2288,2320,2248,2248,47197
09/07/2004,2248,2288,2208,2248,20209
12/07/2004,2288,2288,2208,2248,12484
13/07/2004,2248,2288,2248,2288,8428
14/07/2004,2288,2400,2248,2320,149603
15/07/2004,2360,2360,2320,2320,7803
16/07/2004,2360,2472,2360,2440,164072
19/07/2004,2512,2512,2440,2512,65937
20/07/2004,2472,2552,2472,2552,34791
21/07/2004,2552,2584,2472,2512,47191
22/07/2004,2512,2552,2512,2552,16656
23/07/2004,2552,2584,2512,2584,15596
26/07/2004,2552,2584,2512,2584,20991
27/07/2004,2552,2552,2472,2512,14553
28/07/2004,2552,2552,2400,2512,23270
29/07/2004,2512,2552,2472,2472,27896
30/07/2004,2472,2584,2472,2512,64747
02/08/2004,2512,2512,2400,2512,44009
03/08/2004,2512,2552,2512,2552,16559
04/08/2004,2552,2552,2472,2472,35677
05/08/2004,2512,2584,2472,2512,143638
06/08/2004,2472,2512,2440,2472,27644
09/08/2004,2472,2472,2400,2440,23469
10/08/2004,2472,2472,2440,2472,6934
11/08/2004,2472,2472,2440,2440,32262
12/08/2004,2472,2472,2440,2472,21358
13/08/2004,2440,2440,2400,2440,7319
16/08/2004,2400,2400,2400,2400,809
18/08/2004,2440,2440,2440,2440,11239
19/08/2004,2440,2440,2400,2400,1840
20/08/2004,2440,2440,2400,2440,14479
23/08/2004,2400,2440,2400,2400,6770
24/08/2004,2440,2440,2360,2440,24050
25/08/2004,2400,2440,2360,2360,13551
26/08/2004,2400,2400,2320,2400,20270
27/08/2004,2400,2440,2400,2440,2320
30/08/2004,2400,2440,2400,2400,734
31/08/2004,2400,2400,2400,2400,4553
01/09/2004,2400,2512,2400,2472,32948
02/09/2004,2472,2512,2440,2512,29984
03/09/2004,2512,2512,2472,2472,28890
06/09/2004,2472,2512,2472,2512,27326
07/09/2004,2512,2920,2472,2888,399519
08/09/2004,3000,3000,2808,2808,282783
09/09/2004,2808,2848,2696,2848,187698
10/09/2004,2848,2920,2808,2888,62305
14/09/2004,2960,3040,2888,3000,102993
15/09/2004,3000,3072,3000,3000,88468
16/09/2004,3000,3040,3000,3040,41327
17/09/2004,3072,3072,3040,3072,32443
21/09/2004,3184,3488,3112,3408,209356
22/09/2004,3448,3784,3408,3752,309646
23/09/2004,3752,3752,3560,3560,73278
27/09/2004,3632,3632,3520,3600,40388
28/09/2004,3600,3632,3560,3632,60734
29/09/2004,3632,3752,3632,3712,120547
30/09/2004,3712,3712,3672,3672,25684
01/10/2004,3672,3752,3672,3712,98513
04/10/2004,3752,4088,3712,3976,155814
05/10/2004,4120,4120,3936,4120,48688
06/10/2004,3936,4120,3936,4120,4839
07/10/2004,4120,4312,4120,4312,26774
08/10/2004,4312,4312,4120,4312,3485
11/10/2004,4120,4312,4120,4312,1957
12/10/2004,4312,4312,4120,4312,6898
13/10/2004,4312,4312,4120,4120,5671
14/10/2004,4120,4496,4120,4496,32831
15/10/2004,4496,4496,4312,4496,38610
18/10/2004,4312,4312,4312,4312,25118
19/10/2004,4312,4312,4120,4120,22140
20/10/2004,4312,4312,3936,4120,21073
21/10/2004,4120,4120,3936,4120,12076
22/10/2004,3936,4312,3936,4120,26079
25/10/2004,4120,4312,4120,4312,342
26/10/2004,4312,4312,4120,4312,6280
27/10/2004,4120,4120,4120,4120,8024
28/10/2004,4120,4312,4120,4312,9251
29/10/2004,4120,4120,4120,4120,8191
01/11/2004,4120,4120,4120,4120,72
02/11/2004,4120,4312,4120,4312,17349
03/11/2004,4312,4688,4120,4688,62285
04/11/2004,4688,4688,4496,4688,15951
05/11/2004,4688,4688,4496,4496,18594
08/11/2004,4496,4496,4312,4496,12261
09/11/2004,4312,4496,4312,4496,1659
10/11/2004,4312,4496,4312,4496,33618
11/11/2004,4496,4496,4312,4312,3595
12/11/2004,4312,4496,4312,4496,30635
22/11/2004,4312,4496,4120,4496,13639
23/11/2004,4496,4496,4312,4496,15225
24/11/2004,4312,4496,4312,4312,2100
25/11/2004,4312,4496,4312,4496,11482
26/11/2004,4496,4688,4312,4688,47037
29/11/2004,4688,4688,4496,4688,41619
30/11/2004,4496,4688,4496,4688,59199
02/12/2004,4688,4688,4496,4688,46645
03/12/2004,4688,4688,4496,4496,37382
06/12/2004,4496,4496,4496,4496,8656
07/12/2004,4496,4688,4496,4496,31139
08/12/2004,4496,4496,4312,4312,14976
09/12/2004,4496,4496,4312,4496,35420
10/12/2004,4312,4496,4120,4496,12388
13/12/2004,4496,4496,4312,4312,7606
14/12/2004,4312,4312,4120,4312,11947
15/12/2004,4312,4496,4120,4496,74716
16/12/2004,4312,4496,4312,4312,64459
17/12/2004,4312,4496,4312,4496,7252
20/12/2004,4496,4496,4312,4312,16112
21/12/2004,4312,4496,4312,4496,91787
22/12/2004,4312,4496,4312,4496,22729
23/12/2004,4312,4496,4312,4496,10276
27/12/2004,4312,4496,4312,4496,27180
28/12/2004,4312,4496,4312,4496,6980
29/12/2004,4312,4496,4312,4496,10459
30/12/2004,4496,4496,4312,4496,1871
03/01/2005,4344,4424,4344,4424,4227
04/01/2005,4424,4424,4344,4424,5036
05/01/2005,4344,5024,4344,4800,216295
06/01/2005,4872,4944,4872,4944,77746
07/01/2005,4944,5096,4872,5096,63449
10/01/2005,5096,5320,5096,5176,121616
11/01/2005,5176,5176,4944,5024,70572
12/01/2005,5024,5024,4944,5024,42185
13/01/2005,5024,5472,5024,5320,281569
14/01/2005,5320,5400,5320,5400,63243
17/01/2005,5400,5400,5248,5320,23743
18/01/2005,5320,5400,5248,5400,27452
19/01/2005,5400,5544,5320,5544,138988
20/01/2005,5544,5696,5400,5696,166332
24/01/2005,5776,5920,5624,5848,138118
25/01/2005,5848,6224,5848,6144,244394
26/01/2005,6144,6448,6144,6368,307930
27/01/2005,6368,6448,6296,6368,135511
28/01/2005,6368,6448,6296,6368,80826
31/01/2005,6296,6368,6224,6296,29821
01/02/2005,6296,6448,6224,6448,85037
02/02/2005,6448,6744,6448,6744,220883
03/02/2005,6744,6896,6600,6744,222918
04/02/2005,6744,6744,6448,6520,65356
07/02/2005,6520,6520,6368,6448,44729
08/02/2005,6448,6448,6296,6448,19185
11/02/2005,6448,6600,6296,6600,38666
14/02/2005,6600,6824,6600,6824,127748
15/02/2005,6824,6896,6600,6672,122868
16/02/2005,6672,6744,6600,6744,99375
17/02/2005,6744,6744,6520,6600,82119
18/02/2005,6600,6672,6520,6600,36252
21/02/2005,6600,6600,6520,6600,41747
22/02/2005,6600,6600,6448,6600,13459
23/02/2005,6520,6600,6448,6600,43903
24/02/2005,6600,6600,6368,6368,39059
25/02/2005,6448,6600,6448,6520,89250
28/02/2005,6520,6520,6368,6448,35366
01/03/2005,6448,6448,6368,6448,30141
02/03/2005,6448,6448,6224,6368,77113
03/03/2005,6368,6448,6368,6448,29275
04/03/2005,6448,6600,6296,6296,103680
07/03/2005,6368,6368,6072,6224,159580
08/03/2005,6144,6296,6000,6072,99999
09/03/2005,6072,6224,6072,6224,69142
10/03/2005,6224,6224,6144,6224,21894
14/03/2005,6224,6224,6072,6144,18317
15/03/2005,6144,6144,5920,5920,33931
16/03/2005,6000,6072,5920,6072,34459
17/03/2005,6072,6144,6000,6000,29981
18/03/2005,6072,6448,6000,6296,161509
21/03/2005,6368,6448,6144,6224,53586
22/03/2005,6224,6296,6072,6224,28156
23/03/2005,6144,6224,6072,6224,24676
24/03/2005,6224,6224,5920,6000,39587
28/03/2005,6000,6072,5848,5848,28416
29/03/2005,5848,5848,5400,5544,62739
30/03/2005,5544,5848,5400,5624,68725
31/03/2005,5696,5848,5544,5624,37786
01/04/2005,5624,5696,5544,5696,13171
04/04/2005,5696,5696,5320,5472,29264
05/04/2005,5544,5624,5400,5544,13395
06/04/2005,5544,5696,5544,5624,39337
07/04/2005,5776,5848,5624,5696,29498
08/04/2005,5696,5776,5624,5776,15183
11/04/2005,5696,5696,5544,5544,10867
12/04/2005,5624,5624,5544,5544,12143
13/04/2005,5544,5696,5472,5624,36063
14/04/2005,5544,5624,5472,5472,7301
15/04/2005,5400,5400,5248,5400,30623
18/04/2005,5248,5248,4800,5024,90142
19/04/2005,5096,5096,4872,4944,20548
20/04/2005,5024,5024,4800,4800,26263
21/04/2005,4648,4648,4496,4576,68778
25/04/2005,4576,4576,4048,4120,46442
26/04/2005,4120,4272,3896,4200,46658
27/04/2005,4200,4800,4200,4720,137855
28/04/2005,4800,4944,4424,4496,136973
29/04/2005,4496,4496,4272,4424,63926
02/05/2005,4424,4424,4200,4272,9514
03/05/2005,4344,4576,4272,4496,32332
04/05/2005,4496,4872,4496,4800,88940
06/05/2005,4872,5248,4872,5176,78516
09/05/2005,5176,5176,4944,5024,78066
10/05/2005,5024,5024,4800,4800,43778
11/05/2005,4720,4872,4576,4872,35394
12/05/2005,4872,5248,4800,5176,113201
13/05/2005,5176,5248,4872,5024,57611
16/05/2005,5024,5024,4872,4944,7418
17/05/2005,5024,5024,4720,4800,30784
18/05/2005,4872,4872,4720,4800,5143
19/05/2005,4872,4944,4720,4800,17717
20/05/2005,4800,4872,4720,4872,7935
23/05/2005,4872,4944,4720,4800,7712
25/05/2005,4872,4872,4648,4720,7853
26/05/2005,4720,4800,4648,4800,9819
27/05/2005,4872,4944,4872,4944,29241
30/05/2005,4944,4944,4800,4872,11940
31/05/2005,4872,5248,4872,5248,116371
01/06/2005,5248,5248,5024,5024,30062
02/06/2005,5096,5096,4944,5024,17331
03/06/2005,5024,5248,5024,5176,49761
06/06/2005,5176,5176,5096,5176,5260
07/06/2005,5176,5400,5176,5320,129423
08/06/2005,5320,5320,5248,5320,21082
09/06/2005,5320,5320,5176,5248,8801
10/06/2005,5248,5248,5176,5248,10057
13/06/2005,5248,5544,5248,5544,86875
14/06/2005,5544,5776,5472,5696,127186
15/06/2005,5696,5696,5544,5544,62425
16/06/2005,5544,5624,5320,5400,33138
17/06/2005,5400,5920,5400,5920,158417
20/06/2005,5920,6144,5848,6000,89572
21/06/2005,6000,6072,5848,5920,31301
22/06/2005,5920,6296,5848,6296,110810
23/06/2005,6296,6368,6144,6368,88866
24/06/2005,6296,6296,6224,6296,12323
27/06/2005,6296,6520,6296,6368,62992
28/06/2005,6368,6368,6296,6368,26130
29/06/2005,6368,6448,6296,6368,24944
30/06/2005,6368,6368,6296,6296,24335
01/07/2005,6296,6368,6224,6368,21476
04/07/2005,6368,6368,6224,6296,5122
05/07/2005,6368,6520,6296,6368,155052
06/07/2005,6368,6520,6368,6520,63596
07/07/2005,6520,6520,6368,6448,28112
11/07/2005,6448,6448,6368,6448,16396
12/07/2005,6448,6448,6296,6368,22279
14/07/2005,6368,6368,6224,6296,13724
15/07/2005,6296,6296,5920,6224,60925
19/07/2005,6224,6224,6000,6072,15292
20/07/2005,6072,6072,6072,6072,0
21/07/2005,6072,6072,6072,6072,0
26/07/2005,5920,6072,5920,6000,50590
27/07/2005,6000,6000,5848,5920,25407
28/07/2005,5920,5920,5848,5920,12062
29/07/2005,5920,5920,5776,5920,46827
01/08/2005,5920,6000,5848,6000,18247
02/08/2005,5920,6144,5920,6072,41488
03/08/2005,6072,6224,6072,6144,50210
04/08/2005,6144,6296,6144,6296,42731
05/08/2005,6296,6520,6296,6448,100031
08/08/2005,6448,6520,6296,6448,26776
09/08/2005,6448,6448,6296,6368,12402
10/08/2005,6368,6448,6368,6448,18546
11/08/2005,6448,6448,6224,6368,10309
12/08/2005,6368,6368,6296,6296,72326
15/08/2005,6296,6296,5920,6000,33838
16/08/2005,6000,6144,6000,6144,12158
18/08/2005,6072,6144,6000,6072,32942
19/08/2005,6000,6072,5920,6000,16210
22/08/2005,5920,6000,5848,6000,11398
23/08/2005,5920,5920,5696,5848,60209
24/08/2005,5776,5776,5400,5776,68545
25/08/2005,5696,5920,5624,5920,34386
26/08/2005,5920,6000,5776,5848,6258
29/08/2005,5776,5776,5472,5624,41353
30/08/2005,5400,5776,5176,5776,53968
31/08/2005,5776,5776,5624,5696,20021
01/09/2005,5544,5624,5544,5624,3580
06/09/2005,5624,5696,5624,5696,10374
07/09/2005,5696,5696,5624,5696,1868
08/09/2005,5696,5848,5624,5848,37907
09/09/2005,5848,5920,5776,5848,40607
12/09/2005,5848,5848,5776,5848,19273
13/09/2005,5848,5848,5696,5776,7694
14/09/2005,5696,5848,5696,5776,38580
15/09/2005,5776,5776,5472,5544,47878
16/09/2005,5544,5544,5320,5400,27480
19/09/2005,5472,5544,5400,5472,9550
20/09/2005,5400,5544,5320,5472,5994
22/09/2005,5248,5320,5096,5248,22992
23/09/2005,5248,5400,5248,5320,23142
26/09/2005,5320,5320,5248,5320,6581
27/09/2005,5320,5544,5320,5544,17610
28/09/2005,5544,5544,5472,5544,12415
29/09/2005,5544,5696,5544,5696,29116
30/09/2005,5696,5920,5696,5920,80789
03/10/2005,5696,6000,5696,5920,37157
04/10/2005,5920,6072,5848,5920,96473
05/10/2005,5920,6224,5920,6144,94361
06/10/2005,6072,6144,6000,6072,12768
07/10/2005,6000,6072,6000,6072,35639
10/10/2005,6000,6072,6000,6072,2391
11/10/2005,6000,6144,6000,6144,16674
12/10/2005,6144,6224,6144,6224,45595
13/10/2005,6224,6224,6072,6144,7832
14/10/2005,6144,6224,6144,6144,22155
17/10/2005,6144,6144,5920,6072,18538
18/10/2005,6000,6000,5696,5848,37552
19/10/2005,5848,5848,5544,5624,11372
20/10/2005,5696,5696,5544,5624,3841
21/10/2005,5544,5544,5400,5472,20292
24/10/2005,5472,5696,5472,5696,22821
25/10/2005,5696,5696,5400,5544,102098
26/10/2005,5472,5544,5472,5544,5938
27/10/2005,5544,5624,5472,5544,2767
28/10/2005,5544,5544,5472,5544,14806
31/10/2005,5544,5624,5544,5624,1113
01/11/2005,5624,5624,5472,5624,9488
09/11/2005,5624,5624,5320,5400,77561
10/11/2005,5400,5472,5400,5472,43717
11/11/2005,5472,5472,5400,5400,48636
14/11/2005,5400,5400,5248,5320,7100
15/11/2005,5320,5400,5248,5400,5293
16/11/2005,5400,5400,5320,5400,3126
17/11/2005,5400,5400,5320,5400,2878
18/11/2005,5400,5400,5320,5320,7799
21/11/2005,5320,5400,5320,5320,16852
22/11/2005,5320,5472,5320,5472,12293
23/11/2005,5472,5544,5472,5544,8680
24/11/2005,5544,5544,5472,5544,19442
25/11/2005,5544,5544,5400,5472,10039
28/11/2005,5472,5624,5472,5544,18754
29/11/2005,5544,5544,5472,5472,10721
30/11/2005,5472,5472,5400,5472,9872
01/12/2005,5472,5776,5472,5696,43025
02/12/2005,5696,5696,5624,5696,11235
05/12/2005,5624,5696,5624,5696,25662
06/12/2005,5696,5696,5544,5624,15795
07/12/2005,5624,5696,5544,5624,9506
08/12/2005,5544,5544,5400,5400,38294
09/12/2005,5400,5472,5320,5472,22232
12/12/2005,5472,5544,5320,5400,18766
13/12/2005,5400,5472,5320,5472,34052
14/12/2005,5400,5472,5320,5472,71054
15/12/2005,5472,5472,5400,5472,12531
16/12/2005,5472,5544,5400,5544,21485
19/12/2005,5544,5544,5472,5544,13221
20/12/2005,5544,5544,5472,5472,26748
21/12/2005,5472,5544,5472,5544,19303
22/12/2005,5472,5544,5472,5544,2150
23/12/2005,5544,5624,5544,5624,16963
27/12/2005,5624,5624,5472,5544,6230
28/12/2005,5544,5624,5472,5624,16530
29/12/2005,5624,5624,5544,5624,6948
02/01/2006,5544,5544,5472,5544,1959
03/01/2006,5544,5624,5472,5544,18591
04/01/2006,5544,5848,5544,5848,62424
05/01/2006,5848,5920,5776,5920,81404
06/01/2006,5848,5920,5776,5920,23200
09/01/2006,5920,6000,5848,6000,58202
11/01/2006,6000,6000,5848,5920,47268
12/01/2006,5920,5920,5776,5776,26588
13/01/2006,5848,5848,5776,5848,11825
16/01/2006,5848,5848,5776,5848,9727
17/01/2006,5776,5776,5696,5776,14328
18/01/2006,5696,5776,5696,5776,10112
19/01/2006,5776,5848,5776,5848,17496
20/01/2006,5776,5848,5776,5776,4730
23/01/2006,5776,5848,5696,5848,78939
24/01/2006,5848,5848,5696,5776,78477
25/01/2006,5848,5848,5776,5776,126052
26/01/2006,5776,6072,5776,6072,115502
27/01/2006,6144,6368,6144,6144,150764
30/01/2006,6224,6296,6144,6224,17941
01/02/2006,6224,6296,6144,6224,13781
02/02/2006,6224,6224,6224,6224,0
03/02/2006,6224,6224,6224,6224,0
06/02/2006,6368,6368,6072,6224,48212
07/02/2006,6224,6744,6224,6744,219756
08/02/2006,6744,7200,6600,6968,358883
09/02/2006,6968,6968,6520,6520,100832
10/02/2006,6520,6824,6448,6744,81583
13/02/2006,6672,6968,6672,6824,78456
14/02/2006,6824,6824,6672,6824,25264
15/02/2006,6824,6824,6672,6744,17013
16/02/2006,6744,6744,6600,6744,19812
17/02/2006,6672,6824,6600,6672,53531
20/02/2006,6672,6744,6520,6600,12789
21/02/2006,6600,6600,6224,6296,173490
22/02/2006,6296,6368,6144,6224,35785
23/02/2006,6224,6296,6224,6224,7618
24/02/2006,6224,6224,6144,6224,6222
27/02/2006,6224,6296,6144,6224,37200
28/02/2006,6144,6144,6072,6144,14107
01/03/2006,6072,6368,6072,6368,94747
02/03/2006,6368,6520,6296,6368,91403
03/03/2006,6368,6448,6296,6368,29829
06/03/2006,6448,6600,6368,6520,54687
07/03/2006,6520,6600,6296,6368,52240
08/03/2006,6296,6296,6144,6224,73662
09/03/2006,6224,6448,6224,6448,112689
10/03/2006,6448,6520,6368,6448,47846
13/03/2006,6448,6448,6144,6224,202644
14/03/2006,6224,6296,6144,6296,34883
15/03/2006,6296,6368,6224,6368,27244
16/03/2006,6368,6824,6368,6744,256336
17/03/2006,6744,6744,6744,6744,0
20/03/2006,6744,6744,6744,6744,0
21/03/2006,6744,6744,6744,6744,0
22/03/2006,7120,7344,6744,6744,656941
23/03/2006,6824,6968,6600,6824,90355
24/03/2006,6896,6968,6896,6968,44037
27/03/2006,6896,6896,6744,6824,21540
28/03/2006,6744,6824,6672,6744,42294
29/03/2006,6744,6824,6600,6600,48563
03/04/2006,6600,6672,6448,6520,62616
04/04/2006,6520,6520,6224,6368,85641
05/04/2006,6368,6520,6296,6448,38013
06/04/2006,6520,6520,6368,6368,23300
07/04/2006,6368,6600,6368,6520,65373
11/04/2006,6600,6672,6448,6448,19106
12/04/2006,6448,6520,6368,6448,23126
13/04/2006,6448,6520,6448,6448,13348
17/04/2006,6600,6672,6448,6520,60821
18/04/2006,6600,6744,6520,6672,128171
19/04/2006,6672,6747,6597,6672,2803722
20/04/2006,6672,6824,6672,6824,187607
21/04/2006,6744,6824,6672,6824,44743
24/04/2006,6744,6896,6744,6824,119757
25/04/2006,6824,6824,6600,6672,63484
26/04/2006,6600,6744,6600,6744,76410
27/04/2006,6744,6744,6600,6600,90215
28/04/2006,6600,6672,6600,6672,55700
01/05/2006,6672,6744,6600,6672,23456
02/05/2006,6672,6672,6520,6600,26499
03/05/2006,6600,6600,6520,6600,31363
04/05/2006,6600,6600,6448,6520,34002
05/05/2006,6520,6600,6520,6600,29175
08/05/2006,6520,6672,6520,6672,49236
09/05/2006,6672,6824,6600,6744,109337
10/05/2006,6672,6744,6600,6672,40237
11/05/2006,6672,6672,6600,6672,55835
12/05/2006,6600,6672,6520,6672,28220
15/05/2006,6600,6672,6296,6368,61992
16/05/2006,6296,6448,5624,6448,156560
17/05/2006,6448,6672,6296,6448,221522
18/05/2006,6144,6224,5848,6144,36828
19/05/2006,6072,6224,6000,6000,27426
22/05/2006,6072,6144,5400,5400,177910
23/05/2006,5320,5544,5320,5472,70002
24/05/2006,5544,5544,5320,5472,39373
29/05/2006,5624,5696,5472,5472,52517
30/05/2006,5544,5544,5400,5472,57210
31/05/2006,5320,5472,5320,5472,78001
01/06/2006,5472,5472,5320,5400,44084
02/06/2006,5400,5472,5320,5472,18196
05/06/2006,5472,5472,5400,5472,14249
06/06/2006,5400,5472,5320,5472,45485
07/06/2006,5400,5400,5248,5400,67349
08/06/2006,5320,5320,5096,5248,55372
09/06/2006,5248,5248,5176,5248,15922
12/06/2006,5176,5248,5176,5248,5780
13/06/2006,5176,5176,4872,5024,64203
14/06/2006,5096,5096,4944,5024,60203
15/06/2006,5248,5544,5096,5248,183492
16/06/2006,5320,5400,5096,5248,50013
19/06/2006,5176,5176,4872,4944,46747
20/06/2006,4872,4944,4800,4944,23605
21/06/2006,4944,5176,4872,5176,56603
22/06/2006,5248,5248,5096,5096,61232
23/06/2006,5096,5176,5096,5176,12860
26/06/2006,5096,5176,5024,5024,9605
27/06/2006,5024,5024,4800,4872,113649
28/06/2006,4800,4872,4720,4872,27516
29/06/2006,4944,5024,4800,4872,88856
30/06/2006,5024,5024,4800,4872,51467
03/07/2006,4872,4872,4800,4872,27915
04/07/2006,4872,4944,4800,4872,52949
05/07/2006,4872,4944,4872,4872,68378
06/07/2006,4872,4944,4800,4944,16548
07/07/2006,4944,5400,4872,5320,271851
10/07/2006,5248,5248,5176,5248,58958
11/07/2006,5176,5176,5024,5176,28123
12/07/2006,5176,5176,5096,5096,11167
13/07/2006,5024,5096,5024,5096,8593
14/07/2006,5024,5024,4944,5024,8366
17/07/2006,4944,5024,4944,5024,9841
18/07/2006,5024,5024,4944,5024,11341
19/07/2006,5024,5024,4800,4872,21220
20/07/2006,4944,5024,4944,4944,26161
21/07/2006,4944,5096,4944,5024,24894
24/07/2006,5024,5024,4800,4872,34418
25/07/2006,4872,4872,4720,4872,36192
26/07/2006,4800,4800,4720,4800,25593
27/07/2006,4800,4872,4800,4872,25463
28/07/2006,4800,4872,4800,4872,7004
31/07/2006,4872,4944,4800,4944,16412
01/08/2006,4944,5024,4872,4872,39274
02/08/2006,4872,4944,4800,4872,14719
03/08/2006,4872,4872,4720,4800,18977
04/08/2006,4800,4872,4720,4800,19010
07/08/2006,4800,4800,4720,4800,4927
08/08/2006,4800,4800,4720,4720,29307
09/08/2006,4720,4800,4720,4800,31913
10/08/2006,4720,4800,4648,4800,35532
11/08/2006,4720,4720,4576,4648,19361
14/08/2006,4576,4576,4048,4424,260396
15/08/2006,4272,4496,4272,4496,49825
16/08/2006,4496,4496,4200,4424,47812
22/08/2006,4272,4272,4048,4272,31458
23/08/2006,4272,4272,4120,4272,30389
24/08/2006,4120,4272,4048,4272,24844
25/08/2006,4272,4272,4272,4272,0
28/08/2006,4048,4120,3752,4048,147589
29/08/2006,4048,4120,3896,4048,40111
30/08/2006,4048,4496,3976,4344,220773
31/08/2006,4344,4344,3976,4120,95520
01/09/2006,4048,4048,3896,4048,32113
04/09/2006,3976,4048,3896,3976,60188
05/09/2006,3976,4048,3896,3976,79826
06/09/2006,4048,4120,3976,4120,99374
07/09/2006,4048,4200,4048,4120,29619
08/09/2006,4048,4120,3976,4120,34623
11/09/2006,4120,4120,3976,4120,11056
12/09/2006,3976,4048,3976,4048,10245
13/09/2006,3976,4048,3896,4048,13284
14/09/2006,3976,4048,3896,4048,28532
15/09/2006,3976,4048,3976,4048,7387
18/09/2006,3976,3976,3896,3976,19488
19/09/2006,3896,3976,3896,3976,21058
20/09/2006,3896,3896,3824,3824,28912
21/09/2006,3896,4344,3896,4344,192604
22/09/2006,4272,4272,4120,4200,75639
25/09/2006,4200,4200,4048,4200,170616
26/09/2006,4120,4272,4048,4200,146366
27/09/2006,4120,4272,4120,4200,80134
28/09/2006,4200,4200,4048,4200,439563
29/09/2006,4200,4200,3976,4048,139895
02/10/2006,3976,4048,3896,3976,78330
03/10/2006,3896,3976,3824,3976,74085
04/10/2006,3824,3976,3824,3976,95583
05/10/2006,3896,3976,3824,3976,50846
06/10/2006,3896,3976,3896,3976,20543
09/10/2006,3896,3976,3824,3976,39084
10/10/2006,3896,3976,3824,3976,69215
11/10/2006,3896,3976,3896,3976,27227
12/10/2006,3896,3976,3824,3976,21290
13/10/2006,3896,3976,3824,3976,38254
16/10/2006,3896,3896,3824,3896,2894
17/10/2006,3824,3896,3824,3896,27698
18/10/2006,3896,3896,3824,3896,14699
19/10/2006,3824,3896,3824,3896,10160
20/10/2006,3824,3896,3824,3896,12810
30/10/2006,3824,3896,3752,3896,31997
31/10/2006,3824,3896,3752,3896,13161
01/11/2006,3824,3896,3752,3896,74309
02/11/2006,3824,3896,3752,3824,63470
03/11/2006,3824,3896,3752,3896,30753
06/11/2006,3824,3896,3752,3896,47352
07/11/2006,3824,3824,3752,3824,57915
08/11/2006,3752,3824,3672,3824,267622
09/11/2006,3752,3824,3672,3824,16644
10/11/2006,3752,3824,3672,3824,30253
13/11/2006,3752,3824,3672,3824,30076
14/11/2006,3752,3824,3672,3824,42361
15/11/2006,3752,3824,3672,3824,48391
16/11/2006,3824,3896,3824,3896,88259
17/11/2006,3896,3896,3752,3824,19038
20/11/2006,3752,3824,3752,3824,25207
21/11/2006,3824,3896,3752,3824,21783
22/11/2006,3752,3824,3752,3824,5410
23/11/2006,3752,3824,3672,3824,32086
24/11/2006,3752,3752,3672,3752,5100
27/11/2006,3752,3824,3672,3824,70885
28/11/2006,3752,3824,3672,3824,112223
29/11/2006,3672,3824,3672,3824,99946
30/11/2006,3672,3824,3672,3824,230521
01/12/2006,3672,3824,3672,3824,113411
04/12/2006,3672,3824,3672,3824,195234
05/12/2006,3752,3824,3672,3824,104390
06/12/2006,3752,3824,3752,3824,24030
07/12/2006,3824,3896,3752,3896,37637
08/12/2006,3824,3824,3752,3824,3107
11/12/2006,3824,3824,3752,3824,46273
12/12/2006,3752,3824,3672,3824,6952
13/12/2006,3752,3824,3672,3824,25787
14/12/2006,3752,3824,3672,3824,12206
15/12/2006,3824,4048,3752,4048,67196
18/12/2006,4048,4200,4048,4120,37174
19/12/2006,4120,4120,3896,3976,51884
20/12/2006,3976,4048,3976,3976,3085
21/12/2006,4048,4048,3896,3896,34100
22/12/2006,3896,3976,3896,3896,43779
26/12/2006,3976,3976,3896,3976,22716
27/12/2006,3976,3976,3896,3976,8487
28/12/2006,3976,3976,3824,3896,124101
02/01/2007,3824,3896,3824,3896,2020
03/01/2007,3896,3896,3752,3896,39004
04/01/2007,3824,3976,3824,3896,29134
05/01/2007,3824,3896,3824,3896,20678
08/01/2007,3824,3896,3824,3896,14438
09/01/2007,3896,3896,3752,3896,47077
10/01/2007,3752,3824,3752,3824,14856
11/01/2007,3752,3824,3752,3824,10693
12/01/2007,3752,3824,3672,3824,69526
15/01/2007,3824,3824,3752,3824,7385
16/01/2007,3752,3824,3752,3824,16821
17/01/2007,3824,3824,3752,3824,1129
18/01/2007,3752,4120,3752,4048,65562
19/01/2007,4048,4344,4048,4200,104134
22/01/2007,4272,4344,4200,4200,55752
23/01/2007,4200,4272,4120,4272,16476
24/01/2007,4272,4272,4120,4200,8922
25/01/2007,4200,4200,4048,4120,10162
26/01/2007,4048,4120,4048,4120,3196
29/01/2007,4048,4200,4048,4200,5617
30/01/2007,4120,4344,4120,4344,26199
31/01/2007,4344,4576,4344,4576,97495
01/02/2007,4576,5024,4576,5024,237253
02/02/2007,5024,5176,4872,5024,27584
05/02/2007,4944,5024,4800,4944,15828
06/02/2007,4944,4944,4872,4944,3415
07/02/2007,4944,4944,4800,4872,8486
08/02/2007,4872,5024,4872,5024,21254
09/02/2007,4944,4944,4872,4944,17744
12/02/2007,4872,4944,4872,4872,4433
13/02/2007,4872,5096,4872,4944,63846
14/02/2007,5024,5248,5024,5176,90917
15/02/2007,5096,5096,4944,5024,39897
16/02/2007,4944,5024,4944,5024,7876
19/02/2007,4944,5024,4944,5024,4355
20/02/2007,5024,5024,4872,4944,17994
21/02/2007,4944,4944,4872,4944,5962
22/02/2007,4944,5176,4944,5024,82800
23/02/2007,5024,5400,5024,5320,93857
26/02/2007,5320,5624,5320,5624,183567
27/02/2007,5696,5776,5320,5472,193683
28/02/2007,5096,5248,4944,5248,80202
01/03/2007,5320,5320,5096,5176,73810
02/03/2007,5176,5248,4944,5096,47396
05/03/2007,4944,4944,4720,4872,42051
06/03/2007,4872,4872,4800,4800,4421
07/03/2007,4800,4800,4720,4800,7616
08/03/2007,4800,4872,4800,4872,9312
09/03/2007,4872,4944,4720,4800,9752
12/03/2007,4800,4800,4720,4800,1228
13/03/2007,4800,4800,4720,4720,3457
14/03/2007,4720,4720,4576,4648,15055
15/03/2007,4720,4800,4648,4800,11095
16/03/2007,4720,4800,4720,4800,1819
20/03/2007,4720,4944,4720,4800,26106
21/03/2007,4800,4872,4648,4800,12546
22/03/2007,4800,4800,4648,4720,6464
23/03/2007,4720,4720,4576,4720,20726
26/03/2007,4720,4800,4720,4800,10848
27/03/2007,4720,4800,4720,4800,1762
28/03/2007,4720,4800,4648,4720,12670
29/03/2007,4720,4720,4576,4648,13558
30/03/2007,4648,4720,4648,4648,11626
02/04/2007,4648,4648,4576,4648,803
03/04/2007,4648,4648,4344,4424,19552
04/04/2007,4424,4496,4272,4496,65702
05/04/2007,4424,4496,4344,4496,5387
09/04/2007,4496,4496,4424,4496,4142
10/04/2007,4496,4496,4344,4496,7589
11/04/2007,4424,4648,4424,4648,40048
12/04/2007,4576,4872,4496,4800,53052
13/04/2007,4800,4944,4720,4944,50107
16/04/2007,4944,4944,4800,4944,43203
17/04/2007,4944,4944,4720,4800,18196
18/04/2007,4720,4800,4720,4800,5449
19/04/2007,4720,4800,4496,4800,27539
20/04/2007,4720,4800,4648,4800,4408
23/04/2007,4720,4720,4648,4720,2248
24/04/2007,4648,4720,4648,4648,4460
25/04/2007,4648,4720,4576,4720,3237
26/04/2007,4648,4648,4576,4576,4241
27/04/2007,4576,4648,4496,4576,10975
30/04/2007,4496,4576,4344,4496,16177
01/05/2007,4424,4576,4424,4496,8912
02/05/2007,4496,4576,4424,4576,6253
03/05/2007,4576,4576,4424,4576,2004
04/05/2007,4496,4576,4424,4576,6356
07/05/2007,4576,4576,4424,4496,848
08/05/2007,4496,4648,4496,4648,12224
09/05/2007,4648,4648,4576,4576,521
10/05/2007,4576,4648,4344,4496,14396
11/05/2007,4424,4576,4424,4576,5357
14/05/2007,4576,4720,4496,4648,7256
15/05/2007,4576,4720,4576,4648,4980
16/05/2007,4648,4800,4648,4800,23616
21/05/2007,4800,4872,4800,4800,6273
22/05/2007,4800,4944,4800,4944,36701
23/05/2007,4872,5024,4872,4944,23303
24/05/2007,4872,4944,4648,4800,16179
25/05/2007,4648,4800,4576,4800,3543
28/05/2007,4720,4872,4720,4872,11159
29/05/2007,4800,4944,4720,4800,18615
30/05/2007,4872,4872,4720,4800,8192
31/05/2007,4800,5472,4800,5472,177902
04/06/2007,5400,5544,5248,5472,143856
05/06/2007,5472,5472,5096,5248,48776
06/06/2007,5248,5320,5176,5248,45268
07/06/2007,5248,5624,5176,5472,321331
08/06/2007,5248,5400,5248,5400,17012
11/06/2007,5472,5472,5248,5400,9456
12/06/2007,5400,5544,5320,5472,81680
13/06/2007,5400,5400,5320,5400,13614
14/06/2007,5400,5472,5320,5400,9042
15/06/2007,5400,5400,5320,5400,11549
18/06/2007,5472,5472,5400,5400,36342
19/06/2007,5400,5472,5400,5472,46251
20/06/2007,5400,5472,5400,5472,103388
21/06/2007,5472,5776,5472,5624,196526
22/06/2007,5624,5624,5472,5544,32636
25/06/2007,5544,6296,5472,6296,688491
26/06/2007,6296,6296,5920,6072,163689
27/06/2007,6072,6072,5624,5920,201502
28/06/2007,6000,6000,5696,5920,97911
29/06/2007,5920,6000,5848,6000,47455
02/07/2007,5920,6368,5920,6296,219430
03/07/2007,6296,6368,6144,6224,40784
04/07/2007,6224,6224,6072,6144,38697
05/07/2007,6000,6296,6000,6144,59130
06/07/2007,6144,6144,6072,6144,26625
09/07/2007,6144,6368,6072,6296,162883
10/07/2007,6296,6368,6144,6144,45187
11/07/2007,6072,6520,6072,6368,478383
12/07/2007,6368,6368,6224,6296,113668
13/07/2007,6368,6368,6224,6296,62799
16/07/2007,6296,6520,6224,6520,189024
17/07/2007,6520,6600,6368,6600,90266
18/07/2007,6600,6600,6368,6448,88034
19/07/2007,6448,6520,6368,6448,32906
20/07/2007,6448,6520,6368,6520,67700
23/07/2007,6520,6600,6448,6600,43719
24/07/2007,6600,7120,6600,7120,338648
25/07/2007,6968,7344,6968,7272,197584
26/07/2007,7272,7496,7120,7200,243638
27/07/2007,6896,7120,6744,6896,130217
30/07/2007,6824,7344,6824,7344,245045
31/07/2007,7272,7424,7120,7200,253475
01/08/2007,7048,7120,6672,6896,365971
02/08/2007,6968,7120,6672,6896,56572
03/08/2007,6968,6968,6672,6744,40530
06/08/2007,6520,6520,6072,6224,110162
07/08/2007,6368,6448,5776,6144,105459
08/08/2007,6224,6520,6144,6520,114752
09/08/2007,6672,6744,6224,6296,82006
10/08/2007,5920,6296,5848,6144,41404
13/08/2007,6296,6296,6000,6144,48998
14/08/2007,6072,6072,5848,6000,20152
15/08/2007,5776,5848,5320,5624,54492
16/08/2007,5176,5400,4872,5320,41320
20/08/2007,5848,6144,5624,6072,95183
21/08/2007,6000,6144,5472,5776,67491
22/08/2007,5776,6000,5696,5920,35619
23/08/2007,6072,6144,5848,5920,52652
24/08/2007,5848,6000,5696,5920,25675
27/08/2007,6000,6000,5776,5848,6997
28/08/2007,5696,5848,5624,5776,5774
29/08/2007,5544,5624,5472,5624,7655
30/08/2007,5696,5920,5696,5848,20521
31/08/2007,5776,5920,5776,5848,12594
03/09/2007,5848,5920,5776,5848,11805
04/09/2007,5848,5920,5776,5848,9363
05/09/2007,5848,6072,5848,5920,32057
06/09/2007,5920,6224,5920,6224,57750
07/09/2007,6224,6368,6072,6224,13323
10/09/2007,6000,6072,5920,6072,3885
11/09/2007,6072,6144,6000,6072,13194
12/09/2007,6072,6144,6000,6144,5227
13/09/2007,6224,6368,6224,6296,85986
14/09/2007,6296,6448,6224,6368,51030
17/09/2007,6368,6368,6000,6072,18189
18/09/2007,6144,6224,6072,6224,34582
19/09/2007,6368,6368,6144,6296,100238
20/09/2007,6296,6368,6144,6144,22140
21/09/2007,6072,6368,6072,6368,69855
24/09/2007,6368,6448,6224,6296,26525
25/09/2007,6296,6368,6224,6296,19946
26/09/2007,6296,6520,6224,6368,63461
27/09/2007,6368,6448,6296,6368,33856
28/09/2007,6368,6368,6224,6368,25492
01/10/2007,6368,6368,6224,6296,7233
02/10/2007,6368,6368,6224,6368,22149
03/10/2007,6368,6600,6296,6448,145406
04/10/2007,6448,6520,6368,6448,38503
05/10/2007,6520,6896,6520,6672,193862
08/10/2007,6744,6968,6744,6824,478017
09/10/2007,6968,8096,6968,8096,789968
10/10/2007,8096,8168,7720,8096,481396
11/10/2007,8168,9144,8024,8920,628955
17/10/2007,8768,10944,8696,10944,714497
18/10/2007,10944,11096,9968,10120,1163390
19/10/2007,10120,10424,9520,9744,703430
22/10/2007,8848,9224,8320,8472,486248
23/10/2007,8696,9520,8696,9448,631556
24/10/2007,9592,9968,9144,9224,711887
25/10/2007,9448,9592,8992,9368,329432
26/10/2007,9520,9520,9144,9224,126526
29/10/2007,9368,9448,9144,9224,122425
30/10/2007,9224,9448,8624,9448,348909
31/10/2007,9448,9592,9224,9368,201801
01/11/2007,9520,9592,9296,9368,241955
02/11/2007,9144,10120,8992,10048,642726
05/11/2007,10120,10424,9592,9744,658680
06/11/2007,9896,10792,9824,10792,874622
07/11/2007,10944,11016,10424,10648,950801
08/11/2007,10344,10568,10120,10568,549197
09/11/2007,10568,11096,10424,10872,787300
12/11/2007,10648,11248,10568,10944,616677
13/11/2007,11016,11168,10424,10568,485435
14/11/2007,10792,10872,10344,10568,281152
15/11/2007,10568,10792,10424,10568,243073
16/11/2007,10496,10496,10048,10272,139843
19/11/2007,10344,10344,9744,9896,95126
20/11/2007,9592,10496,9144,10272,508116
21/11/2007,10272,10496,9672,9744,349061
22/11/2007,9448,10120,9448,9824,363717
23/11/2007,9968,10048,9744,9968,106997
26/11/2007,10120,10272,10048,10192,263051
27/11/2007,10120,10496,10048,10424,505059
28/11/2007,10496,10648,10192,10424,462416
29/11/2007,10568,10648,10192,10272,392674
30/11/2007,10344,10424,9968,10120,228196
03/12/2007,10120,10192,9968,10120,57368
04/12/2007,10048,10272,9968,10192,74723
05/12/2007,10192,10424,10120,10344,113835
06/12/2007,10424,10496,10192,10272,109559
07/12/2007,10424,10944,10344,10720,785037
10/12/2007,10792,10872,10568,10648,77628
11/12/2007,10720,11016,10496,10944,289101
12/12/2007,10792,11096,10720,11016,257077
13/12/2007,11096,11472,10944,11016,723701
14/12/2007,11096,11248,10944,11168,183821
17/12/2007,11168,11392,10720,10792,232774
18/12/2007,10720,11016,10720,10872,141628
19/12/2007,11016,11096,10872,11016,80777
26/12/2007,11168,11392,11016,11320,205371
27/12/2007,11320,11544,11248,11320,171215
28/12/2007,11248,11320,11096,11168,86880
02/01/2008,11168,11168,10944,11016,71886
03/01/2008,10872,11168,10872,10872,67921
04/01/2008,11016,11168,10944,11096,113830
07/01/2008,10944,11392,10944,11320,227218
08/01/2008,11320,11472,11096,11248,149117
09/01/2008,11248,11320,11096,11320,103423
14/01/2008,11320,11320,10944,10944,142694
15/01/2008,11016,11096,10648,10792,183075
16/01/2008,10648,10648,9824,10048,167931
17/01/2008,10192,10272,9824,10192,57899
18/01/2008,9968,10192,9672,9824,77011
21/01/2008,9592,9896,9296,9368,131440
22/01/2008,8624,8848,7944,8248,194965
23/01/2008,8624,9448,8624,9368,192168
24/01/2008,9592,9592,8992,9224,101775
25/01/2008,9368,9968,9296,9824,200200
28/01/2008,9672,10192,9520,10048,216180
29/01/2008,10192,10424,9968,10048,153764
30/01/2008,10120,10648,10120,10344,217525
31/01/2008,10424,10424,10120,10272,35179
01/02/2008,10344,10424,10048,10192,36080
04/02/2008,10272,10424,10192,10272,61445
05/02/2008,10120,10344,10120,10272,59370
06/02/2008,9968,10048,9824,9968,55814
11/02/2008,9968,10048,9672,9824,52459
12/02/2008,9824,9968,9672,9744,146585
13/02/2008,9824,9896,9296,9520,79239
14/02/2008,9744,9744,9448,9520,68403
15/02/2008,9368,9592,9296,9520,71831
18/02/2008,9520,9968,9520,9896,275709
19/02/2008,9968,10048,9824,9824,70510
20/02/2008,9896,9896,9448,9592,57538
21/02/2008,9744,9744,9592,9744,24666
22/02/2008,9672,9968,9592,9824,108295
25/02/2008,9896,9896,9744,9824,39907
26/02/2008,9896,10048,9744,9824,104498
27/02/2008,9896,9968,9744,9824,44822
28/02/2008,9744,10272,9744,10192,506411
29/02/2008,10192,10424,10120,10192,375217
03/03/2008,9896,10120,9824,9968,108286
04/03/2008,10048,10120,9824,9968,53260
05/03/2008,9968,10120,9896,10048,49829
06/03/2008,10120,10424,9968,10272,377191
10/03/2008,10120,10120,9744,9968,139219
11/03/2008,9968,10192,9744,10192,57577
12/03/2008,10344,10344,10048,10192,159634
13/03/2008,9968,10048,9520,9672,121692
14/03/2008,9824,9968,9224,9520,118933
17/03/2008,8848,8992,8472,8624,94078
18/03/2008,8768,8848,8024,8768,120386
19/03/2008,8992,9072,8168,8400,99219
24/03/2008,8400,8472,8024,8400,23452
25/03/2008,8400,8768,8400,8696,71174
26/03/2008,8472,8848,8472,8624,35656
27/03/2008,8544,8624,8472,8624,12635
28/03/2008,8624,8768,8472,8696,60655
31/03/2008,8624,8696,8320,8472,25855
01/04/2008,8544,8544,7872,8168,71295
02/04/2008,8400,8400,7648,7872,65420
03/04/2008,7872,7872,6896,7344,330382
04/04/2008,7344,7800,7344,7496,97268
07/04/2008,7568,7648,7272,7424,84286
08/04/2008,7424,7424,6968,7120,75731
09/04/2008,7048,7120,6744,7048,125300
10/04/2008,6896,7272,6896,7272,78917
11/04/2008,7424,7720,7272,7648,96221
14/04/2008,7424,7496,7200,7424,53279
15/04/2008,7496,7800,7344,7648,116505
16/04/2008,7720,8024,7720,8024,217180
17/04/2008,8168,8400,7872,8024,182830
18/04/2008,8024,8248,7872,7944,56833
21/04/2008,8024,8168,7496,7568,100662
22/04/2008,7496,7648,7344,7568,70492
23/04/2008,7496,7944,7496,7944,75302
24/04/2008,7944,7944,7648,7720,83250
25/04/2008,7800,7800,7496,7568,17834
28/04/2008,7568,7720,7496,7720,26300
29/04/2008,7720,7944,7648,7800,28742
30/04/2008,7800,7800,7648,7720,15198
05/05/2008,7944,8096,7872,8024,64599
06/05/2008,8024,8024,7800,7944,50485
07/05/2008,7944,8096,7872,8024,86506
08/05/2008,7872,8096,7872,8096,81009
09/05/2008,8096,8320,8024,8248,188423
12/05/2008,8096,8168,7944,8168,49294
13/05/2008,8096,8320,8096,8248,198150
14/05/2008,8248,8248,8096,8168,82695
15/05/2008,8168,8248,8024,8168,33325
16/05/2008,8168,8248,8096,8168,73225
21/05/2008,8400,8848,8248,8624,179346
22/05/2008,8472,8624,8248,8544,285623
23/05/2008,8624,8696,8400,8472,156899
26/05/2008,8320,8624,8248,8544,115146
27/05/2008,8624,8848,8472,8544,192935
28/05/2008,8544,8768,8400,8768,115304
29/05/2008,8848,8920,8696,8848,192389
30/05/2008,8848,8848,8320,8320,251609
02/06/2008,8320,8544,8248,8320,58791
03/06/2008,8320,8320,7872,8024,56730
04/06/2008,8096,8168,7496,7648,135156
05/06/2008,7568,7872,7568,7800,53308
06/06/2008,7944,8024,7720,7800,23703
09/06/2008,7496,7648,7496,7648,47922
10/06/2008,7648,7720,7496,7568,71261
11/06/2008,7568,7648,7496,7568,13254
12/06/2008,7496,7872,7496,7872,65750
13/06/2008,7800,7800,7568,7648,20436
16/06/2008,7648,7720,7496,7568,13644
17/06/2008,7568,7648,7496,7568,20447
18/06/2008,7568,7800,7496,7648,56296
19/06/2008,7568,7720,7568,7648,25596
20/06/2008,7648,7648,7496,7568,36358
23/06/2008,7496,7568,7496,7568,12142
24/06/2008,7568,7648,7496,7568,11980
25/06/2008,7568,7568,7424,7568,6051
26/06/2008,7568,7568,7424,7496,7673
27/06/2008,7424,7496,7344,7496,11029
30/06/2008,7496,7568,7272,7496,9279
01/07/2008,7496,7496,7344,7424,13847
02/07/2008,7424,7424,6824,6896,239579
03/07/2008,6824,6896,6368,6600,52123
04/07/2008,6672,6744,6520,6744,22944
07/07/2008,6744,6744,6520,6672,6126
08/07/2008,6520,6600,6072,6224,57005
09/07/2008,6296,6296,5920,6144,33055
10/07/2008,6072,6072,5848,6072,20817
11/07/2008,6000,6072,5920,6000,8965
14/07/2008,6000,6000,5848,6000,10487
15/07/2008,5848,5920,5696,5848,10687
16/07/2008,5848,5848,5624,5848,13736
17/07/2008,5848,5920,5544,5696,28425
18/07/2008,5696,5696,5320,5624,33584
21/07/2008,5624,5624,5472,5544,11061
22/07/2008,5544,5696,5400,5624,27643
23/07/2008,5624,5624,5320,5624,32885
24/07/2008,5472,5544,5320,5472,32960
25/07/2008,5400,6672,5320,6600,123941
28/07/2008,6672,6824,6448,6520,170315
29/07/2008,6448,6600,6296,6448,89520
31/07/2008,6520,6520,6296,6368,16382
01/08/2008,6368,6368,6072,6144,26979
04/08/2008,6072,6072,5696,6000,17169
05/08/2008,5920,5920,5624,5920,20682
06/08/2008,5920,6072,5696,5848,19327
07/08/2008,5848,5920,5624,5848,6792
08/08/2008,5776,5920,5696,5848,17719
11/08/2008,5848,5848,5400,5544,22136
12/08/2008,5472,5472,5096,5400,41785
13/08/2008,5248,5320,5176,5320,12391
14/08/2008,5320,5544,5248,5472,23125
15/08/2008,5320,5400,5176,5320,18567
19/08/2008,5176,5248,4944,5248,10635
20/08/2008,5248,5320,5096,5320,20889
21/08/2008,5320,5400,5176,5320,11583
22/08/2008,5400,5624,5320,5544,42958
25/08/2008,5472,5472,5320,5472,6581
26/08/2008,5400,5472,5320,5320,6385
27/08/2008,5400,5472,5320,5320,5900
28/08/2008,5400,5472,5320,5320,12674
29/08/2008,5400,5472,5320,5320,4781
01/09/2008,5248,5400,5248,5400,25992
02/09/2008,5248,5320,5176,5248,8851
03/09/2008,5248,5248,4872,5248,17854
04/09/2008,5024,5248,4800,5248,69768
05/09/2008,5024,5024,4648,4800,45021
08/09/2008,4944,4944,4720,4944,32691
09/09/2008,4800,4800,4272,4648,74856
10/09/2008,4344,4344,3600,4344,184586
11/09/2008,4048,4496,3896,4496,156482
12/09/2008,4496,4496,4048,4424,75164
15/09/2008,4200,4272,3976,3976,49154
16/09/2008,3672,4048,3224,4048,201184
17/09/2008,4200,4272,3896,4200,44617
18/09/2008,3896,4272,3752,4200,54378
19/09/2008,4272,4720,4200,4344,155916
22/09/2008,4496,4576,4200,4272,47804
23/09/2008,4120,4344,4120,4272,44158
24/09/2008,4120,4200,4120,4200,23598
25/09/2008,4120,4200,3976,4120,38548
26/09/2008,4048,4048,3824,3976,147291
06/10/2008,3672,3672,2624,2624,103709
07/10/2008,2624,2624,2624,2624,0
08/10/2008,2624,2624,2624,2624,0
13/10/2008,2624,2624,2624,2624,0
14/10/2008,2624,2624,2624,2624,0
15/10/2008,2624,2624,2624,2624,0
16/10/2008,2624,2624,2624,2624,0
17/10/2008,2624,2624,2624,2624,0
20/10/2008,2624,2624,2624,2624,0
21/10/2008,2624,2624,2624,2624,0
22/10/2008,2624,2624,2624,2624,0
23/10/2008,2624,2624,2624,2624,0
24/10/2008,2624,2624,2624,2624,0
27/10/2008,2624,2624,2624,2624,0
28/10/2008,2624,2624,2624,2624,0
29/10/2008,2624,2624,2624,2624,0
30/10/2008,2624,2624,2624,2624,0
31/10/2008,2624,2624,2624,2624,0
03/11/2008,2624,2624,2624,2624,0
04/11/2008,2624,2624,2624,2624,0
05/11/2008,2624,2624,2624,2624,0
06/11/2008,2624,2624,2624,2624,0
07/11/2008,2624,2624,2624,2624,0
10/11/2008,2624,2624,2624,2624,0
11/11/2008,2624,2624,2624,2624,0
12/11/2008,2624,2624,2624,2624,0
13/11/2008,2624,2624,2624,2624,0
14/11/2008,2624,2624,2624,2624,0
17/11/2008,2624,2624,2624,2624,0
18/11/2008,2360,2360,2360,2360,1073
19/11/2008,2136,2136,2136,2136,61
20/11/2008,1952,1952,1952,1952,4
21/11/2008,1760,1760,1760,1760,41
24/11/2008,1608,1608,1608,1608,1
25/11/2008,1464,1464,1464,1464,150
26/11/2008,1320,1320,1320,1320,2956
27/11/2008,1192,1192,1192,1192,9229
28/11/2008,1080,1080,1080,1080,295
01/12/2008,976,976,976,976,354
02/12/2008,880,880,880,880,796
03/12/2008,792,792,792,792,94
04/12/2008,720,720,720,720,128
05/12/2008,656,656,656,656,903
09/12/2008,592,592,592,592,1214
10/12/2008,536,536,536,536,2038
11/12/2008,488,648,488,648,1120930
12/12/2008,672,736,648,672,768722
15/12/2008,712,744,704,728,433292
16/12/2008,728,728,680,704,143067
17/12/2008,720,736,656,672,244352
18/12/2008,672,672,640,656,108393
19/12/2008,640,648,624,648,93635
22/12/2008,656,680,632,648,139052
23/12/2008,656,656,640,656,50950
24/12/2008,640,656,640,648,32888
30/12/2008,640,656,616,632,62155
05/01/2009,648,664,640,656,77779
06/01/2009,656,704,640,640,180841
07/01/2009,640,672,632,632,58607
08/01/2009,632,640,616,624,26371
09/01/2009,616,624,600,608,14684
12/01/2009,600,600,552,568,16515
13/01/2009,568,576,536,552,11146
14/01/2009,552,592,536,536,29255
15/01/2009,536,536,488,488,36061
16/01/2009,488,536,480,536,75912
19/01/2009,536,536,504,528,38209
20/01/2009,520,528,496,512,15047
21/01/2009,504,520,504,512,15073
22/01/2009,520,520,504,504,8840
23/01/2009,504,512,496,496,11036
27/01/2009,520,520,496,496,14103
28/01/2009,504,536,496,512,133509
29/01/2009,520,520,504,512,17316
30/01/2009,512,512,496,512,10562
02/02/2009,504,504,496,504,5916
03/02/2009,496,504,488,504,15362
04/02/2009,496,504,496,504,12502
05/02/2009,504,520,488,496,115490
06/02/2009,504,528,496,520,346410
09/02/2009,536,536,488,488,121708
10/02/2009,496,512,488,496,87979
11/02/2009,496,520,488,512,320804
12/02/2009,512,584,512,536,1199670
13/02/2009,544,552,528,536,275686
16/02/2009,536,560,536,544,196495
17/02/2009,544,552,520,520,120880
18/02/2009,496,536,496,536,87522
19/02/2009,536,552,528,552,130574
20/02/2009,552,552,520,520,80915
23/02/2009,536,536,520,536,24626
24/02/2009,528,528,512,520,31816
25/02/2009,528,536,520,528,73045
26/02/2009,536,544,520,520,158526
27/02/2009,520,552,520,536,277656
02/03/2009,536,536,512,520,58743
03/03/2009,512,528,512,528,51796
04/03/2009,528,536,528,528,33389
05/03/2009,536,536,528,528,90042
06/03/2009,528,536,520,528,26258
10/03/2009,528,536,520,528,67701
11/03/2009,536,536,520,528,41344
12/03/2009,528,528,520,528,7840
13/03/2009,528,536,512,528,67296
16/03/2009,528,528,512,520,11622
17/03/2009,520,520,504,512,32749
18/03/2009,512,520,512,512,32620
19/03/2009,512,512,504,512,14588
20/03/2009,512,528,512,528,62104
23/03/2009,528,536,520,520,59730
24/03/2009,528,536,528,528,115062
25/03/2009,536,536,528,528,64961
27/03/2009,528,544,528,536,78855
30/03/2009,536,536,520,520,50034
31/03/2009,520,536,520,520,17867
01/04/2009,520,536,520,536,76044
02/04/2009,536,536,528,536,44438
03/04/2009,536,544,536,536,49633
06/04/2009,536,544,536,536,24723
07/04/2009,536,560,528,544,120695
08/04/2009,536,552,536,552,75071
13/04/2009,560,616,552,592,353451
14/04/2009,592,664,592,664,344206
15/04/2009,664,896,664,856,609995
16/04/2009,888,1120,888,1000,788677
17/04/2009,1016,1104,1016,1024,295128
20/04/2009,1048,1256,1024,1208,880340
22/04/2009,1608,1912,1272,1272,916614
23/04/2009,1272,1416,1128,1248,476284
24/04/2009,1240,1368,1240,1280,285093
27/04/2009,1296,1488,1280,1352,598158
28/04/2009,1368,1536,1368,1464,887783
29/04/2009,1488,1608,1488,1608,763390
30/04/2009,1688,1728,1576,1648,893051
01/05/2009,1648,1760,1576,1648,715156
04/05/2009,1536,1760,1536,1648,363224
05/05/2009,1688,1728,1576,1608,392848
06/05/2009,1608,1688,1576,1688,182742
07/05/2009,1728,2096,1688,2096,2099820
08/05/2009,2176,2552,2064,2320,2133530
11/05/2009,2400,2848,2400,2624,1753250
12/05/2009,2624,3264,2552,3264,2229770
13/05/2009,3376,3896,3376,3632,2426990
14/05/2009,3632,3632,3632,3632,0
15/05/2009,3600,3632,2736,2736,1737790
18/05/2009,2440,3112,2064,3040,1715440
19/05/2009,3376,3488,2920,3112,1289540
20/05/2009,3152,3336,3040,3184,683037
22/05/2009,3112,3224,3040,3072,333646
25/05/2009,3112,3224,3072,3152,226368
26/05/2009,3152,3184,2808,2888,378992
27/05/2009,2960,3112,2736,2808,334547
28/05/2009,2808,2888,2736,2808,129741
29/05/2009,2848,3488,2848,3488,2142520
01/06/2009,3520,3752,3376,3560,1883960
02/06/2009,3632,3632,3336,3408,964723
03/06/2009,3448,3488,3224,3336,336731
04/06/2009,3264,3408,3224,3376,303989
05/06/2009,3408,3488,3376,3408,241208
08/06/2009,3448,3448,3264,3296,208031
09/06/2009,3448,3448,3264,3336,76906
10/06/2009,3376,3520,3336,3408,423600
11/06/2009,3408,3520,3336,3408,448338
12/06/2009,3488,3488,3336,3376,114024
15/06/2009,3296,3376,3072,3184,148202
16/06/2009,3112,3152,2888,3072,391043
17/06/2009,3040,3224,3000,3112,171309
18/06/2009,3112,3152,2920,2960,199895
19/06/2009,2960,3040,2808,2960,172676
22/06/2009,2960,3040,2808,2848,147943
23/06/2009,2736,2776,2360,2360,418793
24/06/2009,2400,2920,2360,2888,660878
25/06/2009,2920,2960,2776,2848,506371
26/06/2009,2888,2920,2776,2808,179088
29/06/2009,2808,2848,2736,2776,98245
30/06/2009,2848,2920,2736,2776,198271
01/07/2009,2776,2808,2736,2808,87119
02/07/2009,2808,2848,2664,2664,116253
03/07/2009,2664,2696,2552,2664,106510
06/07/2009,2664,2664,2440,2472,170655
07/07/2009,2512,2736,2512,2736,361894
09/07/2009,2808,2920,2584,2624,235844
10/07/2009,2664,2664,2512,2584,93544
13/07/2009,2552,2552,2360,2512,174100
14/07/2009,2584,2664,2512,2584,228929
15/07/2009,2584,2696,2584,2696,215321
16/07/2009,2776,2776,2552,2584,318623
17/07/2009,2552,2584,2440,2512,433847
21/07/2009,2552,2664,2552,2624,403346
22/07/2009,2624,2664,2512,2552,395277
23/07/2009,2552,2584,2512,2552,203496
24/07/2009,2584,2624,2512,2552,251709
27/07/2009,2584,2584,2512,2552,290204
28/07/2009,2552,2736,2512,2664,1337020
29/07/2009,2664,2696,2512,2552,1025610
30/07/2009,2552,2696,2512,2696,1239340
31/07/2009,2736,2920,2624,2848,2780380
03/08/2009,2888,2888,2696,2736,1170330
04/08/2009,2808,2848,2696,2808,713189
05/08/2009,2808,3072,2776,3000,2447930
06/08/2009,3072,3376,3040,3376,2839630
07/08/2009,3376,3376,3184,3224,1679190
10/08/2009,3296,3408,3264,3336,1143900
11/08/2009,3336,3336,3184,3264,480240
12/08/2009,3184,3224,3000,3072,589568
13/08/2009,3152,3264,3152,3224,529351
14/08/2009,3224,3264,3152,3184,253937
18/08/2009,3072,3112,2960,3112,636203
19/08/2009,3152,3152,2848,2888,467641
20/08/2009,3000,3072,2960,3040,297186
21/08/2009,3072,3072,2920,2960,149140
24/08/2009,3112,3112,3040,3072,249267
25/08/2009,3040,3072,2960,3040,146026
26/08/2009,3040,3112,3000,3040,385175
27/08/2009,3000,3040,2920,2960,243367
28/08/2009,3000,3000,2920,2960,90900
31/08/2009,2920,2960,2848,2888,165486
01/09/2009,2888,2920,2808,2848,151314
02/09/2009,2776,2808,2664,2736,195364
03/09/2009,2736,2848,2736,2848,240805
04/09/2009,2848,2848,2736,2808,111067
07/09/2009,2808,2848,2776,2808,81547
08/09/2009,2808,2888,2736,2888,227803
09/09/2009,2920,2920,2776,2848,199174
10/09/2009,2888,2960,2848,2888,340210
11/09/2009,2920,2920,2848,2888,180456
14/09/2009,2808,2848,2736,2776,186327
15/09/2009,2776,2848,2776,2808,129160
16/09/2009,2808,2848,2776,2848,131411
17/09/2009,2848,2960,2848,2848,298053
24/09/2009,2888,2888,2808,2848,73482
25/09/2009,2808,2848,2776,2848,39520
28/09/2009,2808,2848,2776,2808,85172
29/09/2009,2848,3000,2848,2960,569897
30/09/2009,2960,2960,2848,2888,236946
01/10/2009,2848,2888,2808,2848,121418
02/10/2009,2808,2808,2736,2776,140439
05/10/2009,2776,2848,2776,2848,86963
06/10/2009,2848,2888,2776,2808,99210
07/10/2009,2848,2848,2696,2696,196791
08/10/2009,2776,2776,2624,2696,246044
09/10/2009,2624,2736,2624,2696,131015
12/10/2009,2664,2696,2624,2664,130263
13/10/2009,2664,2696,2584,2624,90139
14/10/2009,2664,2696,2624,2696,108113
15/10/2009,2696,2808,2664,2696,324977
16/10/2009,2696,2736,2664,2696,98694
19/10/2009,2664,2696,2624,2696,94652
20/10/2009,2664,2696,2552,2624,210149
21/10/2009,2584,2584,2472,2552,238239
22/10/2009,2552,2552,2288,2320,334597
23/10/2009,2360,2400,2288,2400,222032
26/10/2009,2400,2400,2288,2320,123275
27/10/2009,2288,2288,2096,2136,299213
28/10/2009,2136,2136,1760,1840,605164
29/10/2009,1648,2064,1536,2064,821171
30/10/2009,2176,2320,2024,2096,951453
02/11/2009,1872,2320,1840,2320,1157130
03/11/2009,2360,2360,2024,2096,785845
04/11/2009,2176,2440,2176,2440,1105800
05/11/2009,2360,2400,2288,2288,733600
06/11/2009,2400,2440,2248,2288,486480
09/11/2009,2288,2320,2176,2248,310578
10/11/2009,2320,2320,2064,2064,423713
11/11/2009,2096,2288,2096,2248,674149
12/11/2009,2248,2288,2136,2176,557137
13/11/2009,2136,2208,2096,2136,363439
16/11/2009,2136,2208,2096,2176,652658
17/11/2009,2176,2208,2136,2176,242611
18/11/2009,2176,2248,2096,2176,788981
19/11/2009,2176,2248,2136,2176,552128
20/11/2009,2136,2208,2096,2176,365445
23/11/2009,2176,2248,2096,2136,515697
24/11/2009,2136,2176,1984,2064,897255
25/11/2009,1984,1984,1760,1760,1439850
26/11/2009,1760,1800,1576,1648,980219
30/11/2009,1608,1648,1496,1536,551231
01/12/2009,1496,1648,1496,1648,492513
02/12/2009,1648,1648,1576,1576,280976
03/12/2009,1576,1648,1576,1608,199555
04/12/2009,1608,1608,1536,1576,190722
07/12/2009,1576,1608,1536,1536,112542
08/12/2009,1576,1576,1496,1536,150801
09/12/2009,1496,1576,1496,1536,137146
10/12/2009,1576,1608,1536,1576,96138
11/12/2009,1576,1576,1496,1536,192357
14/12/2009,1536,1536,1480,1488,248852
15/12/2009,1496,1496,1416,1432,248381
16/12/2009,1432,1536,1400,1472,420842
17/12/2009,1472,1488,1408,1416,215648
21/12/2009,1416,1424,1368,1376,163227
22/12/2009,1384,1416,1384,1408,149601
23/12/2009,1416,1416,1384,1384,93269
28/12/2009,1400,1488,1400,1456,286656
29/12/2009,1464,1488,1456,1480,190542
30/12/2009,1472,1480,1448,1448,79983
04/01/2010,1464,1480,1440,1448,126270
05/01/2010,1456,1496,1456,1488,433095
06/01/2010,1488,1536,1488,1496,659871
07/01/2010,1496,1576,1488,1536,559274
08/01/2010,1536,1576,1496,1536,827195
11/01/2010,1552,1552,1520,1528,341283
12/01/2010,1520,1592,1504,1560,579589
13/01/2010,1544,1560,1528,1536,159402
14/01/2010,1544,1552,1528,1528,170601
15/01/2010,1512,1520,1440,1440,1222860
18/01/2010,1432,1440,1408,1432,256735
19/01/2010,1432,1456,1424,1432,395759
20/01/2010,1440,1440,1408,1416,275672
21/01/2010,1416,1432,1408,1408,231524
22/01/2010,1400,1432,1392,1424,279246
25/01/2010,1416,1424,1408,1424,199083
26/01/2010,1424,1424,1400,1408,154852
27/01/2010,1408,1416,1392,1408,193087
28/01/2010,1408,1408,1384,1400,293132
29/01/2010,1392,1400,1384,1392,122508
01/02/2010,1392,1400,1384,1400,164652
02/02/2010,1400,1400,1384,1392,207599
03/02/2010,1392,1400,1384,1392,153294
04/02/2010,1392,1416,1384,1408,1493840
05/02/2010,1392,1400,1368,1376,525676
08/02/2010,1384,1408,1360,1400,596985
09/02/2010,1400,1408,1376,1392,323966
10/02/2010,1400,1400,1352,1352,263027
11/02/2010,1352,1368,1248,1256,546721
12/02/2010,1264,1352,1248,1352,708631
15/02/2010,1352,1352,1304,1312,147569
16/02/2010,1304,1328,1296,1328,113438
17/02/2010,1344,1344,1304,1320,196161
18/02/2010,1320,1320,1280,1280,118942
19/02/2010,1272,1280,1248,1264,157153
22/02/2010,1280,1288,1248,1256,82246
23/02/2010,1248,1272,1232,1264,104591
24/02/2010,1256,1312,1248,1280,388219
25/02/2010,1280,1288,1264,1280,126331
01/03/2010,1288,1288,1248,1248,126855
02/03/2010,1248,1288,1248,1272,121686
03/03/2010,1280,1296,1256,1272,169046
04/03/2010,1272,1280,1256,1256,138550
05/03/2010,1272,1280,1256,1264,62644
08/03/2010,1280,1288,1264,1280,131371
09/03/2010,1280,1296,1272,1280,151404
10/03/2010,1280,1312,1272,1296,168640
11/03/2010,1296,1328,1288,1320,238199
12/03/2010,1328,1376,1328,1336,550749
15/03/2010,1336,1360,1320,1336,129638
17/03/2010,1344,1352,1328,1336,227718
18/03/2010,1344,1344,1296,1312,210049
19/03/2010,1312,1312,1288,1296,77173
22/03/2010,1288,1288,1224,1232,245746
23/03/2010,1240,1264,1216,1224,107555
24/03/2010,1232,1248,1208,1224,122633
25/03/2010,1216,1248,1208,1216,93389
26/03/2010,1216,1256,1216,1232,189271
29/03/2010,1240,1240,1216,1232,76417
30/03/2010,1232,1240,1216,1216,80266
31/03/2010,1216,1224,1168,1176,173018
01/04/2010,1176,1192,1128,1144,156406
05/04/2010,1144,1160,1080,1104,314904
06/04/2010,1104,1336,1104,1312,1653260
07/04/2010,1328,1328,1240,1248,746490
08/04/2010,1240,1328,1224,1288,688130
09/04/2010,1296,1312,1264,1280,225205
12/04/2010,1288,1304,1264,1264,355486
13/04/2010,1264,1280,1248,1264,104598
14/04/2010,1264,1280,1232,1240,106238
15/04/2010,1256,1272,1232,1248,215566
16/04/2010,1248,1256,1216,1232,86038
19/04/2010,1200,1216,1168,1176,158708
20/04/2010,1200,1208,1176,1192,102898
21/04/2010,1216,1248,1184,1200,453541
22/04/2010,1192,1200,1168,1192,171708
23/04/2010,1184,1208,1184,1192,151352
26/04/2010,1208,1208,1176,1184,113280
27/04/2010,1184,1184,1152,1168,109079
28/04/2010,1144,1192,1144,1152,214304
29/04/2010,1160,1176,1152,1168,66714
30/04/2010,1168,1200,1168,1184,135938
03/05/2010,1168,1216,1160,1168,183049
04/05/2010,1176,1176,1144,1152,90748
05/05/2010,1128,1152,1096,1112,267532
06/05/2010,1112,1136,1072,1136,228492
07/05/2010,1080,1120,1080,1096,130551
10/05/2010,1120,1184,1112,1184,348581
11/05/2010,1184,1200,1128,1136,242251
12/05/2010,1144,1176,1136,1176,179244
14/05/2010,1160,1216,1160,1184,431278
17/05/2010,1160,1160,1128,1152,207409
18/05/2010,1136,1160,1136,1152,113302
19/05/2010,1136,1136,1072,1080,232529
20/05/2010,1088,1112,1000,1040,315416
21/05/2010,960,984,944,952,329931
24/05/2010,960,976,704,768,782764
25/05/2010,800,808,536,600,1624960
26/05/2010,680,912,664,912,2202520
27/05/2010,864,1088,840,1000,3423630
31/05/2010,1016,1096,1016,1040,1052700
01/06/2010,1040,1064,968,976,514714
02/06/2010,992,1032,968,992,579782
03/06/2010,1040,1056,1000,1032,372930
04/06/2010,1032,1032,992,1000,127634
07/06/2010,944,984,920,968,275874
08/06/2010,968,1008,968,984,206924
09/06/2010,1000,1024,976,992,178981
10/06/2010,1008,1008,976,976,131136
11/06/2010,1000,1008,968,968,158478
14/06/2010,984,992,968,968,66064
15/06/2010,968,984,960,968,136902
16/06/2010,992,992,968,968,122504
17/06/2010,968,1048,968,1040,861784
18/06/2010,1040,1056,1016,1040,364069
21/06/2010,1048,1096,1040,1056,697936
22/06/2010,1056,1088,1056,1080,545712
23/06/2010,1072,1080,1048,1064,159363
24/06/2010,1064,1080,1048,1056,129372
25/06/2010,1056,1064,1040,1040,39724
28/06/2010,1056,1056,1032,1040,44938
29/06/2010,1040,1048,992,1008,135085
30/06/2010,984,1024,976,1024,109076
01/07/2010,1024,1024,1000,1016,84416
02/07/2010,1016,1040,1008,1016,41403
05/07/2010,1016,1032,1008,1024,71854
06/07/2010,1008,1032,1008,1032,76179
07/07/2010,1024,1024,1008,1024,42062
08/07/2010,1040,1064,1008,1056,198992
09/07/2010,1064,1064,1040,1056,116532
12/07/2010,1064,1120,1048,1088,233969
13/07/2010,1088,1096,1048,1056,157362
14/07/2010,1080,1080,1024,1040,265859
15/07/2010,1032,1032,952,984,316548
16/07/2010,984,984,880,928,358044
19/07/2010,912,944,888,928,172999
20/07/2010,920,944,912,920,122948
21/07/2010,928,952,912,928,188127
22/07/2010,920,944,912,920,119897
23/07/2010,936,936,896,904,103572
26/07/2010,912,912,848,848,113267
27/07/2010,856,888,856,872,171047
28/07/2010,864,896,856,856,113468
29/07/2010,848,864,824,840,271519
30/07/2010,840,848,808,816,123660
02/08/2010,816,824,800,824,61171
03/08/2010,832,936,824,880,682483
04/08/2010,872,904,872,880,227508
05/08/2010,880,896,880,880,71516
06/08/2010,888,888,864,864,46821
09/08/2010,864,896,864,864,66856
10/08/2010,864,888,840,848,64621
11/08/2010,856,864,832,856,62449
12/08/2010,840,848,824,824,79674
13/08/2010,824,840,824,832,61993
16/08/2010,832,832,800,808,101567
18/08/2010,808,816,768,792,253703
19/08/2010,792,792,632,656,718408
20/08/2010,656,736,640,712,994609
23/08/2010,720,768,712,744,602567
24/08/2010,752,752,712,720,285183
25/08/2010,712,776,704,760,759119
26/08/2010,768,832,744,784,1165420
27/08/2010,784,784,736,744,363210
30/08/2010,752,784,736,752,214840
31/08/2010,736,752,712,720,152733
01/09/2010,728,752,712,728,337387
02/09/2010,744,744,696,704,125952
03/09/2010,712,720,696,704,91868
06/09/2010,704,728,696,712,139064
07/09/2010,712,736,704,712,253227
15/09/2010,720,744,704,712,452221
16/09/2010,720,736,712,720,302394
17/09/2010,720,816,720,800,1850840
20/09/2010,800,864,800,840,1152630
21/09/2010,856,952,848,952,1927750
22/09/2010,960,1064,952,968,2370160
23/09/2010,968,1016,912,968,1754570
24/09/2010,960,1000,960,984,737410
27/09/2010,1008,1024,976,984,508218
28/09/2010,984,984,928,936,402256
29/09/2010,944,960,904,912,366565
30/09/2010,912,952,904,912,340776
01/10/2010,920,960,912,944,367783
04/10/2010,960,968,920,936,228195
05/10/2010,936,952,928,944,136442
06/10/2010,960,1008,944,976,850238
07/10/2010,992,992,928,944,402321
08/10/2010,936,976,936,968,456557
11/10/2010,976,992,960,968,467693
12/10/2010,968,976,952,960,190476
13/10/2010,960,1000,960,992,801688
14/10/2010,1000,1032,992,1016,963458
15/10/2010,1016,1048,1008,1008,707819
18/10/2010,1016,1024,968,984,318361
19/10/2010,992,1008,968,984,241709
20/10/2010,968,1048,944,1008,1183640
21/10/2010,1024,1072,1008,1024,1072130
22/10/2010,1024,1032,992,992,257862
25/10/2010,1000,1024,984,992,240670
26/10/2010,992,1000,968,984,278261
27/10/2010,984,984,944,952,194523
28/10/2010,952,960,928,936,144964
29/10/2010,936,968,912,944,233346
01/11/2010,952,968,944,952,116529
02/11/2010,960,968,944,952,130093
03/11/2010,968,968,928,936,161354
04/11/2010,944,944,920,944,158886
05/11/2010,952,960,936,944,206901
08/11/2010,944,960,944,944,130800
09/11/2010,944,984,944,960,391301
10/11/2010,960,968,936,944,125875
11/11/2010,944,968,928,952,231364
12/11/2010,952,952,896,912,335692
15/11/2010,912,928,872,880,267004
16/11/2010,888,904,872,888,376812
18/11/2010,896,936,888,928,854461
19/11/2010,936,944,912,920,281044
22/11/2010,912,928,896,904,160630
23/11/2010,904,952,896,920,850655
24/11/2010,920,944,912,920,346954
25/11/2010,936,1112,936,1112,3616060
26/11/2010,1136,1176,1096,1120,1887630
29/11/2010,1128,1128,1064,1096,589690
30/11/2010,1088,1096,976,984,864282
01/12/2010,976,1136,976,1112,1644640
02/12/2010,1128,1128,1064,1072,1436910
03/12/2010,1088,1088,1048,1056,375507
06/12/2010,1064,1096,1064,1080,477472
08/12/2010,1096,1112,1080,1088,552735
09/12/2010,1104,1104,1056,1064,155221
10/12/2010,1064,1064,1032,1040,177043
13/12/2010,1056,1056,1024,1040,117274
14/12/2010,1040,1064,1040,1056,157342
15/12/2010,1056,1064,1016,1040,286072
16/12/2010,1040,1048,992,1000,239021
17/12/2010,1008,1016,984,1000,211498
20/12/2010,992,1016,992,1008,161578
21/12/2010,1016,1032,1008,1024,152406
22/12/2010,1032,1040,1000,1016,93778
23/12/2010,1016,1016,992,1008,55566
27/12/2010,1008,1016,992,1000,41522
28/12/2010,1000,1024,1000,1008,109998
29/12/2010,1016,1016,1000,1008,51070
30/12/2010,1008,1016,984,992,103365
03/01/2011,992,1024,992,1016,225897
04/01/2011,1024,1072,1016,1040,771048
05/01/2011,1032,1048,1024,1032,270641
06/01/2011,1032,1040,1008,1016,136626
07/01/2011,1008,1016,984,992,166718
10/01/2011,992,992,928,944,326409
11/01/2011,944,968,904,920,262791
12/01/2011,936,976,928,968,239295
13/01/2011,976,984,936,952,215831
14/01/2011,968,968,936,960,138665
17/01/2011,968,968,928,936,98277
18/01/2011,936,952,928,936,95148
19/01/2011,936,952,928,936,66925
20/01/2011,936,936,888,896,201998
21/01/2011,896,896,856,872,155424
24/01/2011,880,880,848,856,68678
25/01/2011,864,888,856,880,102771
26/01/2011,880,880,856,872,168511
27/01/2011,872,912,872,904,379469
28/01/2011,896,896,872,880,117638
31/01/2011,864,872,840,856,105770
01/02/2011,864,872,856,872,92709
02/02/2011,880,880,856,864,39621
04/02/2011,864,872,824,840,169496
07/02/2011,840,848,832,848,82066
08/02/2011,840,848,816,832,183652
09/02/2011,832,832,800,824,99129
10/02/2011,824,832,808,816,75066
11/02/2011,808,840,808,824,120078
14/02/2011,832,856,824,832,103484
16/02/2011,832,840,832,840,32075
17/02/2011,848,872,840,856,180338
18/02/2011,856,880,856,864,111378
21/02/2011,856,864,848,848,41246
22/02/2011,848,864,832,840,77379
23/02/2011,832,856,832,848,30968
24/02/2011,848,872,840,856,135801
25/02/2011,864,896,856,864,293848
28/02/2011,864,880,856,864,117280
01/03/2011,864,912,864,896,364959
02/03/2011,880,904,872,880,129723
03/03/2011,896,912,888,896,202768
04/03/2011,912,920,880,888,223748
07/03/2011,888,888,872,880,44821
08/03/2011,880,912,872,904,143332
09/03/2011,912,920,896,912,112651
10/03/2011,904,960,904,952,414224
11/03/2011,944,1024,936,1000,1129000
14/03/2011,984,1056,984,1032,855459
15/03/2011,1008,1032,968,1008,617312
16/03/2011,1016,1024,984,992,272859
17/03/2011,984,984,968,968,161652
18/03/2011,976,1008,976,992,223778
21/03/2011,1000,1008,992,1000,104145
22/03/2011,1000,1000,984,992,51458
23/03/2011,984,1000,984,1000,75565
24/03/2011,1000,1032,1000,1024,354041
25/03/2011,1032,1032,1000,1016,80203
28/03/2011,1016,1016,992,1016,81068
29/03/2011,1016,1048,1000,1032,319739
30/03/2011,1040,1048,1024,1040,170109
31/03/2011,1040,1040,1016,1024,91105
01/04/2011,1024,1040,1016,1024,110310
04/04/2011,1032,1032,1016,1024,36443
05/04/2011,1024,1056,1016,1016,232093
06/04/2011,1016,1064,1016,1048,264958
07/04/2011,1048,1064,1032,1040,109874
08/04/2011,1040,1056,1024,1032,129174
11/04/2011,1040,1048,1024,1032,74826
12/04/2011,1024,1024,1008,1008,111637
13/04/2011,1008,1040,1000,1032,192654
14/04/2011,1032,1032,1008,1016,77104
15/04/2011,1016,1040,1016,1016,110520
18/04/2011,1024,1032,1016,1016,46345
19/04/2011,1016,1040,1008,1040,162222
20/04/2011,1048,1112,1048,1112,920211
21/04/2011,1128,1144,1104,1128,568821
25/04/2011,1128,1136,1112,1128,132561
26/04/2011,1128,1232,1104,1224,1155340
27/04/2011,1232,1232,1176,1184,447115
28/04/2011,1184,1256,1184,1216,982565
29/04/2011,1216,1272,1208,1256,512141
02/05/2011,1256,1352,1240,1344,699986
03/05/2011,1328,1368,1320,1336,896404
04/05/2011,1344,1344,1312,1328,569161
05/05/2011,1320,1328,1296,1304,507974
06/05/2011,1280,1312,1264,1280,543015
09/05/2011,1288,1376,1288,1376,1163360
10/05/2011,1376,1432,1376,1424,999495
11/05/2011,1432,1520,1432,1520,1069120
12/05/2011,1512,1560,1496,1528,945761
13/05/2011,1528,1640,1528,1640,1090420
16/05/2011,1640,1680,1560,1576,657099
18/05/2011,1576,1640,1576,1640,353538
19/05/2011,1640,1680,1584,1592,385526
20/05/2011,1600,1600,1544,1544,464225
23/05/2011,1536,1536,1424,1456,739653
24/05/2011,1440,1560,1440,1552,1112030
25/05/2011,1544,1568,1496,1536,945906
26/05/2011,1552,1568,1528,1544,488031
27/05/2011,1544,1552,1512,1520,121507
30/05/2011,1528,1528,1480,1504,340272
31/05/2011,1512,1560,1456,1552,843618
01/06/2011,1560,1680,1536,1680,1238000
03/06/2011,1600,1680,1600,1680,500031
06/06/2011,1680,1720,1640,1680,569188
07/06/2011,1640,1720,1640,1680,273286
08/06/2011,1680,1720,1600,1640,478694
09/06/2011,1640,1680,1600,1680,344570
10/06/2011,1680,1680,1600,1640,107404
13/06/2011,1600,1600,1536,1584,567524
14/06/2011,1584,1600,1560,1576,265265
15/06/2011,1584,1640,1536,1544,424088
16/06/2011,1520,1528,1488,1512,544998
17/06/2011,1512,1560,1488,1552,581903
20/06/2011,1560,1576,1520,1528,294077
21/06/2011,1544,1640,1536,1640,692782
22/06/2011,1640,1680,1592,1680,589369
23/06/2011,1640,1720,1640,1720,716237
24/06/2011,1680,1720,1640,1680,425882
27/06/2011,1640,1640,1584,1640,322786
28/06/2011,1640,1640,1592,1600,265880
30/06/2011,1640,1680,1600,1640,362562
01/07/2011,1680,1680,1600,1640,84619
04/07/2011,1640,1640,1600,1640,22246
05/07/2011,1600,1640,1592,1640,189701
06/07/2011,1640,1640,1592,1600,134261
07/07/2011,1600,1640,1592,1592,152950
08/07/2011,1600,1640,1592,1600,122194
11/07/2011,1600,1640,1552,1576,185934
12/07/2011,1568,1680,1560,1600,673301
13/07/2011,1600,1640,1600,1640,36656
14/07/2011,1640,1640,1600,1640,68105
15/07/2011,1600,1640,1584,1600,105085
18/07/2011,1600,1640,1576,1600,151982
19/07/2011,1600,1640,1592,1640,97778
20/07/2011,1640,1640,1592,1640,116815
21/07/2011,1600,1680,1600,1640,506848
22/07/2011,1640,1840,1600,1800,1272300
25/07/2011,1840,2040,1840,2000,903094
26/07/2011,2000,2000,1880,1960,359046
27/07/2011,1960,2080,1920,2000,1094240
28/07/2011,2000,2120,1960,2080,559818
29/07/2011,2120,2120,2000,2040,397186
01/08/2011,2080,2120,2000,2120,634018
02/08/2011,2080,2120,2000,2080,456049
03/08/2011,2000,2040,1960,2040,377091
04/08/2011,2040,2040,1880,1920,462613
05/08/2011,1760,1760,1600,1680,1211420
08/08/2011,1600,1640,1488,1640,1145880
09/08/2011,1472,1640,1424,1504,1841990
10/08/2011,1592,1600,1552,1568,1047020
11/08/2011,1536,1640,1536,1600,1180270
12/08/2011,1640,1760,1600,1640,1129620
15/08/2011,1720,1720,1600,1680,554909
16/08/2011,1680,1680,1592,1600,1071150
18/08/2011,1600,1680,1592,1640,507919
19/08/2011,1560,1584,1512,1520,806475
22/08/2011,1536,1560,1480,1552,628618
23/08/2011,1560,1640,1544,1584,680494
24/08/2011,1600,1600,1544,1552,369150
25/08/2011,1560,1576,1520,1528,272198
26/08/2011,1528,1528,1504,1528,190010
05/09/2011,1536,1560,1504,1520,260637
06/09/2011,1504,1544,1504,1536,255337
07/09/2011,1536,1576,1536,1576,336912
08/09/2011,1584,1592,1544,1552,377076
09/09/2011,1552,1568,1536,1552,140538
12/09/2011,1528,1536,1488,1496,287113
13/09/2011,1512,1528,1488,1488,281717
14/09/2011,1504,1512,1448,1472,388432
15/09/2011,1488,1496,1416,1424,426238
16/09/2011,1448,1456,1416,1424,342392
19/09/2011,1416,1416,1304,1320,527557
20/09/2011,1288,1400,1280,1400,1002780
21/09/2011,1384,1400,1344,1344,397839
22/09/2011,1304,1304,1168,1192,650157
23/09/2011,1120,1224,1120,1184,399985
26/09/2011,1184,1192,976,1056,621312
27/09/2011,1088,1192,1088,1176,534532
28/09/2011,1176,1192,1120,1120,524594
29/09/2011,1104,1128,1072,1096,266479
30/09/2011,1088,1128,1040,1056,356801
03/10/2011,1024,1024,928,936,442686
04/10/2011,912,952,888,912,399562
05/10/2011,936,968,904,928,426982
06/10/2011,960,1024,960,1024,617166
07/10/2011,1064,1096,1000,1000,610879
10/10/2011,992,1024,992,1000,221676
11/10/2011,1040,1088,1024,1032,494968
12/10/2011,1032,1256,1024,1256,1906030
13/10/2011,1280,1320,1216,1216,1755150
14/10/2011,1200,1336,1200,1336,1376190
17/10/2011,1360,1424,1352,1368,2009010
18/10/2011,1312,1328,1248,1272,1006560
19/10/2011,1312,1368,1312,1336,1085730
20/10/2011,1312,1328,1256,1280,830192
21/10/2011,1304,1344,1272,1320,1120770
24/10/2011,1360,1376,1312,1328,1035560
25/10/2011,1344,1344,1312,1320,348853
26/10/2011,1312,1352,1304,1352,642542
27/10/2011,1376,1416,1352,1392,1234820
28/10/2011,1424,1424,1360,1368,1059520
31/10/2011,1384,1384,1304,1312,557907
01/11/2011,1288,1336,1208,1208,759964
02/11/2011,1184,1296,1168,1288,947388
03/11/2011,1248,1296,1224,1248,847504
04/11/2011,1288,1312,1264,1264,877360
07/11/2011,1264,1280,1224,1224,337314
08/11/2011,1256,1280,1240,1272,363346
09/11/2011,1304,1304,1264,1272,388509
10/11/2011,1216,1256,1208,1256,530708
11/11/2011,1248,1256,1224,1240,180496
14/11/2011,1272,1304,1248,1296,1193290
15/11/2011,1288,1312,1280,1288,506852
16/11/2011,1272,1296,1248,1296,384743
17/11/2011,1280,1296,1272,1288,147551
18/11/2011,1264,1288,1264,1272,164799
21/11/2011,1264,1272,1224,1232,192974
22/11/2011,1232,1264,1232,1256,232456
23/11/2011,1232,1240,1200,1200,399750
24/11/2011,1200,1224,1200,1224,244830
25/11/2011,1216,1216,1160,1176,303436
28/11/2011,1200,1216,1176,1200,218052
29/11/2011,1208,1208,1176,1184,177301
30/11/2011,1184,1216,1176,1192,297567
01/12/2011,1224,1240,1208,1216,469190
02/12/2011,1224,1224,1200,1224,156436
05/12/2011,1224,1224,1200,1216,159561
06/12/2011,1208,1208,1192,1200,193479
07/12/2011,1216,1248,1200,1240,489527
08/12/2011,1224,1256,1224,1232,327313
09/12/2011,1216,1240,1208,1232,212169
12/12/2011,1240,1256,1224,1224,286589
13/12/2011,1224,1232,1216,1224,162183
14/12/2011,1224,1296,1216,1280,1072590
15/12/2011,1264,1288,1248,1288,379209
16/12/2011,1288,1320,1272,1280,535987
19/12/2011,1272,1272,1248,1264,186545
20/12/2011,1264,1376,1264,1344,1548380
21/12/2011,1376,1432,1376,1432,1648910
22/12/2011,1424,1464,1392,1416,978072
23/12/2011,1432,1440,1368,1384,533968
27/12/2011,1400,1408,1384,1400,212213
28/12/2011,1400,1416,1352,1360,186729
29/12/2011,1352,1400,1328,1400,287387
30/12/2011,1400,1480,1400,1424,1008010
02/01/2012,1432,1504,1424,1496,660686
03/01/2012,1520,1600,1512,1584,1242320
04/01/2012,1600,1600,1544,1552,610299
05/01/2012,1560,1584,1544,1544,483195
06/01/2012,1544,1568,1536,1568,306106
09/01/2012,1552,1576,1544,1568,221013
10/01/2012,1576,1640,1568,1640,720196
11/01/2012,1640,1640,1584,1592,414628
12/01/2012,1600,1640,1584,1584,262170
13/01/2012,1592,1640,1592,1600,235011
16/01/2012,1600,1680,1600,1640,580691
17/01/2012,1640,1720,1640,1720,279972
18/01/2012,1720,1720,1640,1680,335120
19/01/2012,1680,1680,1600,1640,192466
20/01/2012,1640,1680,1600,1600,350154
24/01/2012,1600,1640,1600,1640,126292
25/01/2012,1640,1640,1584,1592,133578
26/01/2012,1600,1640,1592,1640,556102
27/01/2012,1640,1640,1600,1640,190470
30/01/2012,1600,1640,1576,1576,320152
31/01/2012,1584,1592,1560,1576,152337
01/02/2012,1576,1640,1568,1600,322138
02/02/2012,1600,1640,1584,1584,129269
03/02/2012,1600,1600,1568,1576,159542
06/02/2012,1592,1592,1504,1504,304418
07/02/2012,1504,1544,1456,1528,760208
08/02/2012,1536,1536,1504,1512,299685
09/02/2012,1512,1520,1472,1480,310145
10/02/2012,1472,1488,1440,1440,265098
13/02/2012,1440,1528,1440,1512,433346
14/02/2012,1520,1528,1488,1496,188204
15/02/2012,1504,1512,1488,1512,140279
16/02/2012,1496,1544,1488,1512,373227
17/02/2012,1512,1536,1504,1520,173274
20/02/2012,1536,1536,1504,1520,179811
21/02/2012,1520,1544,1512,1536,238389
22/02/2012,1536,1568,1528,1552,396060
23/02/2012,1552,1592,1544,1560,448598
24/02/2012,1560,1584,1520,1544,417528
27/02/2012,1552,1552,1520,1528,172496
28/02/2012,1528,1560,1512,1536,359884
29/02/2012,1544,1552,1504,1520,375061
01/03/2012,1512,1528,1488,1496,166418
02/03/2012,1504,1544,1504,1528,302718
05/03/2012,1528,1544,1520,1528,163973
06/03/2012,1528,1528,1504,1520,162818
07/03/2012,1512,1520,1488,1496,167207
08/03/2012,1504,1512,1480,1496,224424
09/03/2012,1496,1520,1488,1496,227657
12/03/2012,1504,1512,1488,1488,144445
13/03/2012,1496,1512,1488,1496,160435
14/03/2012,1512,1512,1488,1512,211934
15/03/2012,1512,1520,1496,1504,171232
16/03/2012,1504,1504,1488,1496,93473
19/03/2012,1496,1496,1472,1480,83385
20/03/2012,1480,1496,1472,1480,151283
21/03/2012,1472,1504,1472,1504,181961
22/03/2012,1504,1520,1488,1496,219409
26/03/2012,1488,1496,1448,1464,248901
27/03/2012,1456,1488,1456,1480,166658
28/03/2012,1480,1496,1472,1488,124604
29/03/2012,1480,1488,1464,1480,105234
30/03/2012,1472,1472,1456,1464,135632
02/04/2012,1480,1520,1480,1520,464773
03/04/2012,1520,1528,1488,1504,320941
04/04/2012,1504,1504,1472,1480,157778
05/04/2012,1480,1504,1472,1496,112515
09/04/2012,1496,1496,1464,1472,141575
10/04/2012,1464,1488,1432,1440,229382
11/04/2012,1424,1432,1352,1376,491192
12/04/2012,1360,1384,1328,1344,289033
13/04/2012,1360,1392,1352,1392,309782
16/04/2012,1376,1496,1376,1480,637313
17/04/2012,1480,1528,1480,1520,662510
18/04/2012,1536,1560,1504,1528,457003
19/04/2012,1544,1552,1512,1544,368877
20/04/2012,1560,1680,1552,1640,1094520
23/04/2012,1640,1680,1496,1536,695367
24/04/2012,1536,1592,1536,1568,290959
25/04/2012,1568,1568,1544,1568,137817
26/04/2012,1568,1568,1504,1520,175040
27/04/2012,1520,1528,1488,1512,87639
30/04/2012,1504,1552,1496,1544,150501
01/05/2012,1544,1544,1512,1520,73513
02/05/2012,1520,1536,1496,1504,195961
03/05/2012,1504,1504,1480,1488,130925
04/05/2012,1520,1520,1480,1488,120171
07/05/2012,1472,1472,1432,1464,180099
08/05/2012,1472,1512,1464,1496,173405
09/05/2012,1488,1496,1464,1472,114603
10/05/2012,1472,1488,1448,1456,120752
11/05/2012,1456,1472,1440,1456,94701
14/05/2012,1464,1464,1384,1392,105092
15/05/2012,1384,1384,1328,1344,358936
16/05/2012,1328,1328,1264,1288,254671
21/05/2012,1272,1336,1272,1320,355544
22/05/2012,1336,1392,1336,1368,524276
23/05/2012,1352,1352,1272,1288,355136
24/05/2012,1288,1320,1272,1288,676971
25/05/2012,1288,1304,1240,1256,330619
28/05/2012,1248,1288,1232,1264,194167
29/05/2012,1264,1288,1256,1272,120909
30/05/2012,1256,1272,1240,1248,126179
31/05/2012,1232,1232,1144,1168,397958
01/06/2012,1160,1192,1096,1104,195227
04/06/2012,1040,1040,968,976,491232
05/06/2012,1016,1032,960,968,326332
06/06/2012,992,1160,992,1160,831317
07/06/2012,1192,1224,1112,1120,549586
08/06/2012,1104,1176,1080,1096,428841
11/06/2012,1160,1168,1128,1160,444922
12/06/2012,1120,1144,1104,1128,280051
13/06/2012,1128,1136,1064,1072,232162
14/06/2012,1048,1088,984,1032,596058
15/06/2012,1080,1096,984,1040,656726
18/06/2012,1080,1096,1040,1040,443771
19/06/2012,1048,1064,1040,1056,138863
20/06/2012,1064,1112,1056,1112,582708
21/06/2012,1104,1152,1080,1096,633036
22/06/2012,1072,1112,1056,1104,283921
25/06/2012,1104,1112,1056,1064,188324
26/06/2012,1056,1136,1056,1128,462509
27/06/2012,1144,1192,1144,1168,499179
28/06/2012,1184,1184,1112,1120,274891
29/06/2012,1128,1160,1128,1144,151503
02/07/2012,1168,1184,1152,1168,453699
03/07/2012,1176,1192,1160,1184,447039
04/07/2012,1192,1216,1176,1200,486581
05/07/2012,1184,1192,1160,1184,327515
06/07/2012,1176,1184,1160,1176,145244
09/07/2012,1168,1168,1112,1128,183498
10/07/2012,1128,1152,1112,1152,158976
11/07/2012,1144,1144,1128,1136,69377
12/07/2012,1128,1128,1096,1112,138698
13/07/2012,1120,1128,1096,1112,122009
16/07/2012,1120,1120,1088,1096,138766
17/07/2012,1112,1112,1088,1112,95646
18/07/2012,1112,1112,1088,1096,99088
19/07/2012,1104,1112,1080,1088,102926
20/07/2012,1088,1096,1072,1080,83929
23/07/2012,1064,1064,1024,1032,125311
24/07/2012,1024,1064,1024,1040,164363
25/07/2012,1024,1040,1024,1040,73881
26/07/2012,1032,1048,1016,1016,66133
27/07/2012,1032,1040,1008,1016,110812
30/07/2012,1024,1032,984,992,190434
31/07/2012,984,1000,936,960,256312
01/08/2012,944,1040,928,1008,572666
02/08/2012,1008,1024,976,984,133931
03/08/2012,976,976,952,968,191762
06/08/2012,984,1008,976,976,182372
07/08/2012,984,1048,968,976,1303380
08/08/2012,984,1008,976,984,423821
09/08/2012,1000,1000,968,976,281918
10/08/2012,976,976,928,960,476940
13/08/2012,968,968,896,896,394972
14/08/2012,896,928,880,920,439328
15/08/2012,920,928,808,816,697592
16/08/2012,816,840,712,752,1254770
23/08/2012,776,920,752,912,894190
24/08/2012,880,912,856,896,321584
27/08/2012,896,896,840,840,121661
28/08/2012,840,856,784,808,562551
29/08/2012,792,832,720,736,741704
30/08/2012,720,768,696,720,847939
31/08/2012,720,760,704,736,765189
03/09/2012,736,760,728,760,376098
04/09/2012,752,752,616,624,1746950
05/09/2012,608,664,568,600,1571860
06/09/2012,632,656,616,656,1008150
07/09/2012,680,704,664,696,1065880
10/09/2012,704,720,688,696,548574
11/09/2012,696,704,672,696,501271
12/09/2012,696,704,680,704,360567
13/09/2012,704,736,688,728,1198950
14/09/2012,744,760,736,744,1154900
17/09/2012,752,776,720,744,930378
18/09/2012,744,752,696,720,521832
19/09/2012,720,768,712,752,714262
20/09/2012,752,792,744,768,970995
21/09/2012,768,784,744,768,328519
24/09/2012,744,744,664,672,740483
25/09/2012,688,720,632,720,562964
26/09/2012,696,728,680,704,238082
27/09/2012,704,744,704,720,479063
28/09/2012,728,736,704,720,172910
01/10/2012,720,720,704,720,148521
02/10/2012,720,736,696,704,462725
03/10/2012,704,704,664,680,340744
04/10/2012,680,696,672,688,136586
05/10/2012,688,704,688,696,239086
08/10/2012,696,696,648,664,267142
09/10/2012,664,680,648,656,229167
10/10/2012,656,672,640,664,201340
11/10/2012,672,704,664,704,378700
12/10/2012,720,728,688,696,477086
15/10/2012,696,704,688,696,114491
16/10/2012,704,704,680,696,116378
17/10/2012,696,696,672,680,153586
18/10/2012,696,704,672,688,225304
19/10/2012,680,688,672,680,69319
22/10/2012,672,688,664,680,78583
23/10/2012,680,696,672,688,159065
24/10/2012,680,696,672,696,81004
25/10/2012,696,728,688,720,521921
29/10/2012,720,720,704,720,174891
30/10/2012,712,752,712,728,629614
31/10/2012,728,736,704,728,292608
01/11/2012,720,728,696,704,177151
02/11/2012,712,728,704,712,169086
05/11/2012,704,712,680,688,104048
06/11/2012,688,696,664,680,248539
07/11/2012,680,688,672,680,84332
08/11/2012,664,672,656,672,124077
09/11/2012,664,688,656,672,145942
12/11/2012,664,672,664,672,78987
13/11/2012,664,680,664,672,97474
14/11/2012,672,680,656,672,159831
19/11/2012,672,672,648,664,78646
20/11/2012,664,672,624,640,156931
21/11/2012,640,640,616,632,135051
22/11/2012,624,640,624,632,68114
23/11/2012,632,632,608,616,50413
26/11/2012,616,624,600,616,172334
27/11/2012,608,608,576,592,292511
28/11/2012,584,616,568,584,394186
29/11/2012,584,592,576,592,159934
30/11/2012,592,600,584,600,138826
03/12/2012,600,608,584,592,88873
04/12/2012,584,592,568,584,67495
05/12/2012,584,616,576,616,326282
06/12/2012,616,624,592,616,215943
07/12/2012,616,648,616,640,377739
10/12/2012,648,648,600,608,239144
11/12/2012,600,624,592,600,154705
12/12/2012,608,632,600,616,230680
13/12/2012,624,672,616,664,696199
14/12/2012,672,672,640,656,144566
17/12/2012,656,656,632,648,76207
18/12/2012,648,648,624,640,109547
19/12/2012,640,680,624,672,398687
20/12/2012,672,696,664,688,644704
21/12/2012,688,704,656,664,336951
26/12/2012,664,672,640,656,165529
27/12/2012,656,672,648,656,97278
28/12/2012,656,664,648,656,144726
02/01/2013,656,704,656,704,270977
03/01/2013,704,744,704,720,518165
04/01/2013,720,744,720,728,243266
07/01/2013,736,768,728,752,400867
08/01/2013,752,816,752,800,1025440
09/01/2013,808,840,800,816,788547
10/01/2013,824,832,792,792,315610
11/01/2013,808,824,800,816,245051
14/01/2013,816,824,800,816,179914
15/01/2013,816,816,792,808,213968
16/01/2013,808,808,784,800,117527
17/01/2013,800,800,768,792,142206
18/01/2013,792,816,792,800,245941
21/01/2013,808,816,792,800,125523
22/01/2013,808,808,784,792,102048
23/01/2013,792,800,768,768,116930
25/01/2013,768,784,696,712,636600
28/01/2013,720,728,704,712,180419
29/01/2013,712,728,712,720,90083
30/01/2013,720,744,720,736,140434
31/01/2013,720,744,712,744,142769
01/02/2013,752,760,736,744,153502
04/02/2013,752,752,720,728,152675
05/02/2013,728,736,720,720,116598
06/02/2013,728,776,720,760,453102
07/02/2013,760,768,744,744,147623
08/02/2013,744,760,720,736,183183
11/02/2013,752,752,704,720,271969
12/02/2013,720,744,712,736,196249
13/02/2013,736,784,736,752,553791
14/02/2013,760,848,760,840,1557450
15/02/2013,840,872,800,840,1573940
18/02/2013,840,864,824,848,918266
19/02/2013,856,976,848,928,3805840
20/02/2013,944,952,880,896,1383770
21/02/2013,880,912,848,864,747192
22/02/2013,896,920,856,896,1344830
25/02/2013,896,912,824,824,806074
26/02/2013,816,856,808,816,411862
27/02/2013,816,840,808,832,431598
28/02/2013,848,848,816,832,250192
01/03/2013,824,872,824,856,684842
04/03/2013,856,864,816,816,334979
05/03/2013,824,832,800,816,363629
06/03/2013,824,872,816,840,969926
07/03/2013,848,864,824,832,322414
08/03/2013,840,856,840,848,205082
11/03/2013,848,848,808,816,367074
13/03/2013,824,840,816,816,230481
14/03/2013,816,824,792,808,250021
15/03/2013,816,840,808,824,511679
18/03/2013,824,832,800,808,411780
19/03/2013,816,824,808,816,249168
20/03/2013,816,824,792,824,390290
21/03/2013,832,840,816,816,293987
22/03/2013,816,816,768,776,529459
25/03/2013,784,800,776,776,213982
26/03/2013,776,792,768,784,154192
27/03/2013,792,816,784,792,412243
28/03/2013,792,808,784,800,153150
01/04/2013,800,896,792,896,1108690
02/04/2013,896,952,872,936,2487840
03/04/2013,936,984,904,960,1505650
04/04/2013,952,984,944,960,851891
05/04/2013,968,1000,960,984,809228
08/04/2013,984,984,960,968,562415
09/04/2013,968,984,960,960,343182
10/04/2013,960,968,920,920,324072
11/04/2013,928,960,920,936,194752
12/04/2013,944,992,912,976,426571
15/04/2013,1000,1000,960,960,167520
16/04/2013,944,968,936,960,254918
17/04/2013,960,976,952,952,227996
18/04/2013,952,1040,944,1032,1165090
19/04/2013,1040,1088,1032,1056,926471
22/04/2013,1040,1080,1024,1048,520807
23/04/2013,992,1056,992,1032,191047
24/04/2013,1040,1048,1008,1016,206358
25/04/2013,1016,1120,1016,1104,1162320
26/04/2013,1104,1136,1072,1080,822960
29/04/2013,1080,1128,1080,1120,795901
30/04/2013,1120,1136,1088,1088,398775
01/05/2013,1088,1120,1088,1096,233294
02/05/2013,1096,1104,1072,1080,221876
03/05/2013,1080,1096,1048,1056,309778
06/05/2013,1064,1104,1064,1096,434985
07/05/2013,1096,1096,1072,1088,297787
08/05/2013,1104,1120,1088,1088,527889
10/05/2013,1096,1096,1072,1096,208721
13/05/2013,1096,1104,1080,1096,301247
14/05/2013,1104,1112,1080,1088,216525
15/05/2013,1088,1096,1080,1088,74208
16/05/2013,1088,1096,1072,1080,174281
17/05/2013,1080,1104,1072,1088,168504
20/05/2013,1088,1112,1088,1096,255208
21/05/2013,1096,1128,1088,1120,871574
22/05/2013,1120,1128,1096,1104,309256
23/05/2013,1104,1112,1040,1048,492184
24/05/2013,1056,1096,1056,1072,228204
27/05/2013,1072,1080,1056,1064,75451
28/05/2013,1064,1168,1064,1104,1577540
29/05/2013,1112,1144,1080,1112,609044
30/05/2013,1112,1128,1104,1112,319737
31/05/2013,1120,1120,1088,1096,291812
03/06/2013,1096,1120,1064,1072,320960
04/06/2013,1088,1088,1048,1064,197333
05/06/2013,1056,1072,1040,1048,141895
07/06/2013,1048,1048,1000,1008,215558
10/06/2013,1016,1032,992,1024,198421
11/06/2013,1024,1024,968,984,209106
12/06/2013,976,1056,960,1032,235986
13/06/2013,1016,1056,992,1024,270051
14/06/2013,1032,1048,1016,1032,143843
17/06/2013,1032,1048,1000,1008,48464
18/06/2013,1016,1056,1016,1032,134642
19/06/2013,1040,1056,1032,1032,194216
20/06/2013,1016,1024,984,1000,156302
21/06/2013,984,992,960,968,98354
24/06/2013,968,968,888,888,85920
25/06/2013,888,912,848,888,107006
26/06/2013,896,904,880,880,127985
27/06/2013,888,928,872,872,111291
28/06/2013,888,976,880,952,327798
01/07/2013,952,984,936,952,85352
02/07/2013,960,960,920,936,76663
03/07/2013,936,952,888,888,111989
04/07/2013,912,928,872,880,133085
05/07/2013,896,896,872,872,49779
08/07/2013,880,880,800,808,79074
09/07/2013,816,824,768,792,82096
10/07/2013,792,872,784,848,148098
11/07/2013,848,912,848,880,107041
12/07/2013,896,920,880,896,72543
15/07/2013,896,960,896,936,172949
16/07/2013,936,960,912,920,52952
17/07/2013,920,952,912,920,64874
18/07/2013,920,944,920,928,45055
19/07/2013,928,960,920,920,103271
22/07/2013,920,936,904,912,24689
23/07/2013,920,944,888,896,148219
24/07/2013,896,896,856,864,135552
25/07/2013,856,856,832,840,43769
26/07/2013,840,856,832,840,24897
29/07/2013,832,840,808,816,35095
30/07/2013,808,840,808,816,53526
31/07/2013,816,856,808,840,153009
01/08/2013,840,856,832,832,38231
02/08/2013,832,896,832,896,179252
12/08/2013,896,944,888,920,208298
13/08/2013,920,928,880,896,106030
14/08/2013,888,896,848,856,83539
15/08/2013,848,856,824,840,82026
16/08/2013,832,840,816,824,57393
19/08/2013,824,824,744,752,158975
20/08/2013,752,752,656,664,176983
21/08/2013,672,680,576,576,339759
22/08/2013,568,648,560,632,511221
23/08/2013,632,664,576,592,230446
26/08/2013,616,664,584,624,529488
27/08/2013,616,632,568,576,399330
28/08/2013,560,624,552,608,339126
29/08/2013,600,632,592,600,197272
30/08/2013,600,616,600,616,156063
02/09/2013,608,624,592,600,71628
03/09/2013,600,648,600,632,279136
04/09/2013,632,696,608,648,605332
05/09/2013,656,672,608,616,182234
06/09/2013,608,656,608,640,132299
09/09/2013,656,688,648,680,236985
10/09/2013,688,704,664,704,307497
11/09/2013,720,720,656,672,201361
12/09/2013,680,704,672,696,120842
13/09/2013,696,712,680,712,115646
16/09/2013,712,760,712,744,200479
17/09/2013,760,760,712,736,148096
18/09/2013,736,800,720,784,465271
19/09/2013,800,816,752,776,344474
20/09/2013,800,800,752,760,221373
23/09/2013,752,768,744,768,141476
24/09/2013,760,792,712,728,291813
25/09/2013,720,736,680,712,251758
26/09/2013,712,736,688,720,227771
27/09/2013,728,744,704,736,106458
30/09/2013,728,728,664,688,165792
01/10/2013,688,704,672,672,184086
02/10/2013,672,696,656,664,149052
03/10/2013,656,688,656,680,158732
04/10/2013,680,688,656,664,98649
07/10/2013,672,680,624,624,149294
08/10/2013,624,648,624,640,108799
09/10/2013,640,664,616,648,312970
10/10/2013,672,680,656,672,311069
11/10/2013,680,688,664,680,142915
16/10/2013,680,688,656,664,48211
17/10/2013,688,760,672,736,1106690
18/10/2013,728,752,704,704,484511
21/10/2013,720,720,688,696,154546
22/10/2013,704,712,680,680,136534
23/10/2013,696,696,664,672,96272
24/10/2013,680,680,656,672,125849
25/10/2013,672,680,656,656,114652
28/10/2013,680,680,656,664,141571
29/10/2013,664,672,640,648,82963
30/10/2013,656,656,648,648,49846
31/10/2013,656,664,640,640,90340
01/11/2013,656,688,648,664,271602
04/11/2013,672,680,656,664,115262
06/11/2013,672,680,656,656,119641
07/11/2013,664,672,656,656,59670
08/11/2013,656,672,648,648,121040
11/11/2013,664,664,640,640,151612
12/11/2013,656,656,624,624,139268
13/11/2013,616,632,600,616,105087
14/11/2013,624,640,616,616,72968
15/11/2013,632,632,608,616,52523
18/11/2013,608,632,608,608,47759
19/11/2013,608,616,592,592,106224
20/11/2013,600,616,592,592,147708
21/11/2013,592,600,576,576,78053
22/11/2013,576,600,576,584,60563
25/11/2013,584,600,576,584,66046
26/11/2013,584,584,544,560,291489
27/11/2013,536,576,536,544,91119
28/11/2013,544,560,504,512,223601
29/11/2013,496,520,496,520,66349
02/12/2013,520,568,512,568,123991
03/12/2013,568,576,544,552,75996
04/12/2013,560,584,544,576,172049
05/12/2013,576,584,544,544,97913
06/12/2013,528,576,528,552,97783
09/12/2013,560,568,552,552,51776
10/12/2013,560,576,552,560,86813
11/12/2013,568,568,544,544,92079
12/12/2013,536,560,536,552,79376
13/12/2013,552,568,544,552,62524
16/12/2013,560,616,552,592,354658
17/12/2013,600,616,584,592,242662
18/12/2013,584,608,560,568,116286
19/12/2013,576,592,560,568,125718
20/12/2013,560,576,552,552,77658
23/12/2013,552,568,544,560,67695
24/12/2013,560,568,552,560,50355
27/12/2013,568,568,544,544,66475
30/12/2013,552,560,552,560,40966
02/01/2014,552,576,552,568,36374
03/01/2014,568,576,560,568,75678
06/01/2014,568,576,536,544,103530
07/01/2014,544,576,536,560,94105
08/01/2014,568,576,560,568,47587
09/01/2014,560,568,544,544,42088
10/01/2014,552,560,544,552,42830
13/01/2014,552,576,552,552,61008
15/01/2014,568,600,552,592,200059
16/01/2014,600,608,584,584,132296
17/01/2014,584,616,576,608,139366
20/01/2014,608,624,600,600,39320
21/01/2014,608,616,592,608,116034
22/01/2014,592,616,592,600,62977
23/01/2014,592,608,584,584,65741
24/01/2014,576,592,576,584,52525
27/01/2014,560,584,560,576,134233
28/01/2014,560,576,560,568,37503
29/01/2014,576,576,568,568,45321
30/01/2014,560,584,552,568,102812
03/02/2014,568,584,560,576,55337
04/02/2014,568,568,552,552,76977
05/02/2014,560,568,552,568,30221
06/02/2014,560,576,560,568,61631
07/02/2014,576,576,560,568,65074
10/02/2014,576,584,568,576,73243
11/02/2014,584,656,568,640,427825
12/02/2014,648,672,632,640,408382
13/02/2014,624,656,624,640,82182
14/02/2014,632,656,632,640,73710
17/02/2014,648,672,640,656,176719
18/02/2014,672,720,656,696,423468
19/02/2014,704,752,704,744,477351
20/02/2014,752,768,736,736,307472
21/02/2014,744,776,744,760,276526
24/02/2014,768,832,760,808,433366
25/02/2014,816,824,776,776,310429
26/02/2014,776,784,720,736,376980
27/02/2014,728,760,720,736,156793
28/02/2014,776,776,720,728,135304
03/03/2014,728,744,712,720,142414
04/03/2014,720,776,720,760,250668
05/03/2014,760,776,760,768,173768
06/03/2014,768,776,744,760,81780
07/03/2014,760,776,752,760,99120
10/03/2014,760,768,744,752,58219
11/03/2014,752,760,736,736,82168
12/03/2014,736,760,728,728,115996
13/03/2014,728,832,728,808,799869
14/03/2014,808,808,752,760,550828
17/03/2014,768,784,744,752,294804
18/03/2014,752,768,728,744,129917
19/03/2014,744,768,728,752,130160
20/03/2014,752,792,752,760,287522
21/03/2014,760,792,744,784,283515
24/03/2014,784,792,768,776,145629
25/03/2014,776,784,728,736,149772
26/03/2014,736,768,736,768,197351
27/03/2014,768,784,768,768,141071
28/03/2014,768,816,768,792,298438
01/04/2014,792,808,776,784,98705
02/04/2014,784,832,776,792,283108
03/04/2014,792,856,800,832,508376
04/04/2014,832,856,800,808,317564
07/04/2014,808,824,792,792,193226
08/04/2014,792,808,776,784,123322
10/04/2014,784,792,744,760,215032
11/04/2014,760,776,736,760,49572
14/04/2014,760,784,760,768,68520
15/04/2014,768,792,736,744,130517
16/04/2014,744,776,728,760,179136
17/04/2014,760,768,752,752,44059
21/04/2014,752,768,744,744,48099
22/04/2014,744,760,720,728,116607
23/04/2014,728,744,720,736,94669
24/04/2014,736,752,728,736,83392
25/04/2014,736,744,728,728,71752
28/04/2014,728,736,720,720,67066
29/04/2014,720,752,696,736,138946
30/04/2014,736,768,736,752,166911
02/05/2014,752,776,736,744,189651
05/05/2014,744,752,728,736,66722
06/05/2014,736,752,728,728,57040
07/05/2014,728,744,720,736,100432
08/05/2014,744,744,728,736,53063
09/05/2014,736,744,728,736,42828
12/05/2014,736,752,728,736,133679
13/05/2014,736,776,736,760,241590
14/05/2014,760,824,760,808,533696
16/05/2014,808,832,800,808,279128
19/05/2014,808,824,752,784,229254
20/05/2014,784,784,744,744,131460
21/05/2014,744,760,720,744,214947
22/05/2014,744,776,744,760,169800
23/05/2014,760,776,752,752,72725
26/05/2014,752,760,744,752,43060
28/05/2014,752,760,736,736,32660
30/05/2014,736,760,736,760,118228
02/06/2014,760,768,744,752,65824
03/06/2014,752,752,744,752,46461
04/06/2014,752,752,736,736,50814
05/06/2014,736,744,720,728,107097
06/06/2014,728,744,712,720,81391
09/06/2014,720,728,696,704,81529
10/06/2014,704,720,688,712,126918
11/06/2014,712,736,704,728,96073
12/06/2014,728,744,720,728,107206
13/06/2014,728,768,712,768,150782
16/06/2014,768,776,752,752,104271
17/06/2014,752,760,728,744,71715
18/06/2014,744,808,744,800,388159
19/06/2014,800,824,792,800,284830
20/06/2014,800,824,776,784,103341
23/06/2014,784,816,768,768,74220
24/06/2014,768,776,752,752,87031
25/06/2014,752,760,736,744,98258
26/06/2014,744,752,736,752,60875
27/06/2014,752,776,736,744,164718
30/06/2014,744,768,744,752,93848
01/07/2014,752,768,744,744,61626
02/07/2014,744,760,744,752,72641
03/07/2014,752,768,744,744,20586
04/07/2014,744,792,744,784,263185
07/07/2014,784,800,760,768,132014
08/07/2014,768,776,736,744,153011
10/07/2014,744,752,728,744,159014
11/07/2014,744,760,728,744,123226
14/07/2014,744,752,728,736,115728
15/07/2014,736,744,728,728,106314
16/07/2014,728,744,728,736,124885
17/07/2014,736,752,736,736,113874
18/07/2014,736,744,728,736,51905
21/07/2014,736,744,696,712,161319
22/07/2014,712,720,688,688,66121
23/07/2014,688,728,688,712,69731
24/07/2014,712,736,712,728,106940
25/07/2014,728,736,720,728,56328
04/08/2014,728,736,712,720,60612
05/08/2014,720,736,720,720,62394
06/08/2014,720,728,712,712,45525
07/08/2014,712,728,704,720,146096
08/08/2014,720,720,712,720,34238
11/08/2014,720,728,712,712,37438
12/08/2014,712,728,712,712,97375
13/08/2014,712,720,704,720,68926
14/08/2014,720,720,704,712,40823
15/08/2014,712,720,704,712,39913
18/08/2014,712,720,704,704,30274
19/08/2014,704,712,704,704,15924
20/08/2014,712,712,696,704,34726
21/08/2014,712,712,688,696,51992
22/08/2014,704,712,696,704,95419
25/08/2014,712,720,704,704,35620
26/08/2014,712,720,696,696,48607
27/08/2014,696,712,696,712,46031
28/08/2014,712,728,712,720,60162
29/08/2014,720,728,712,720,80874
01/09/2014,720,752,712,736,308240
02/09/2014,736,744,712,720,136467
03/09/2014,728,728,720,720,40096
04/09/2014,720,728,720,720,69539
05/09/2014,720,736,712,728,91263
08/09/2014,728,736,720,720,30025
09/09/2014,728,824,720,824,1025770
10/09/2014,808,840,784,792,606941
11/09/2014,792,872,784,816,1222400
12/09/2014,816,832,792,808,176780
15/09/2014,808,824,792,800,212054
16/09/2014,800,816,768,776,186380
17/09/2014,792,792,760,776,152124
18/09/2014,784,784,760,760,147944
19/09/2014,768,792,760,784,256113
22/09/2014,784,792,760,768,198802
23/09/2014,760,800,760,784,305955
24/09/2014,784,872,784,856,1125210
25/09/2014,864,872,832,872,350164
26/09/2014,880,880,840,848,411118
29/09/2014,848,856,808,840,157927
30/09/2014,824,832,808,824,269362
01/10/2014,816,840,808,840,217497
02/10/2014,832,832,800,808,289486
03/10/2014,808,824,768,776,165283
06/10/2014,776,792,768,768,87179
07/10/2014,784,808,760,800,281483
08/10/2014,792,832,784,816,177682
09/10/2014,824,832,792,792,92495
10/10/2014,784,800,752,752,225313
13/10/2014,752,760,728,744,226376
14/10/2014,736,760,736,736,93395
15/10/2014,736,752,728,736,86633
16/10/2014,728,744,712,736,30679
17/10/2014,768,784,736,736,51531
20/10/2014,744,760,736,736,80707
21/10/2014,728,752,728,736,89638
22/10/2014,744,784,736,784,247128
23/10/2014,776,808,776,800,186133
24/10/2014,792,816,784,800,163119
27/10/2014,784,816,784,816,131070
28/10/2014,808,856,800,848,386917
29/10/2014,848,904,840,888,552475
30/10/2014,880,936,872,912,440605
31/10/2014,920,928,880,904,180616
03/11/2014,896,944,896,920,191633
04/11/2014,936,952,864,880,106004
05/11/2014,896,896,848,864,166396
06/11/2014,872,896,848,872,84270
07/11/2014,872,888,864,880,38665
10/11/2014,880,896,856,856,40936
11/11/2014,848,864,840,848,60510
12/11/2014,848,872,840,840,57498
13/11/2014,848,848,808,816,91273
14/11/2014,824,832,808,832,28328
17/11/2014,832,848,816,840,42977
18/11/2014,848,856,832,840,48896
19/11/2014,848,856,832,840,13914
20/11/2014,840,848,816,824,23078
21/11/2014,808,824,776,808,185432
24/11/2014,808,824,800,808,58151
25/11/2014,808,824,792,792,121914
26/11/2014,784,800,784,784,40154
27/11/2014,776,824,768,808,185248
28/11/2014,808,824,792,816,118724
01/12/2014,800,816,792,800,74163
02/12/2014,808,840,792,816,194801
03/12/2014,816,824,800,808,62258
04/12/2014,816,864,808,864,308262
05/12/2014,872,896,856,864,349914
08/12/2014,864,872,816,824,138012
09/12/2014,816,840,800,816,98573
10/12/2014,808,824,800,808,66273
11/12/2014,800,848,800,840,139225
12/12/2014,848,856,824,840,86609
15/12/2014,832,832,792,800,156837
16/12/2014,792,792,752,760,123419
17/12/2014,760,792,760,760,49347
18/12/2014,776,792,760,784,115819
19/12/2014,792,848,792,840,409204
22/12/2014,840,880,840,856,406536
23/12/2014,856,864,800,808,124750
24/12/2014,808,824,800,800,47757
29/12/2014,800,832,800,824,61942
30/12/2014,824,824,800,800,29158
02/01/2015,808,832,792,808,30630
05/01/2015,808,856,800,840,185845
06/01/2015,816,832,808,816,144502
07/01/2015,816,824,800,816,120377
08/01/2015,816,848,816,840,358564
09/01/2015,848,896,832,856,664787
12/01/2015,864,872,832,856,108324
13/01/2015,856,888,848,880,201830
14/01/2015,872,888,832,832,204216
15/01/2015,832,864,832,848,109741
16/01/2015,848,856,832,832,33969
19/01/2015,832,848,824,824,31582
20/01/2015,824,832,816,816,33216
21/01/2015,824,832,816,816,15846
22/01/2015,816,856,808,856,128867
23/01/2015,856,872,840,848,96812
26/01/2015,848,856,816,840,42839
27/01/2015,824,840,816,816,30345
28/01/2015,800,840,800,840,42977
29/01/2015,840,856,824,840,77266
30/01/2015,840,840,816,832,38089
02/02/2015,832,840,808,816,99033
03/02/2015,824,848,816,840,147779
04/02/2015,840,856,832,832,87451
05/02/2015,832,840,816,816,14155
06/02/2015,816,832,808,816,82064
09/02/2015,816,824,800,800,113861
10/02/2015,800,816,792,800,84973
11/02/2015,800,808,792,808,75289
12/02/2015,808,824,784,816,263687
13/02/2015,816,824,784,792,62665
16/02/2015,808,816,792,808,164442
17/02/2015,800,808,784,792,86486
18/02/2015,792,800,784,792,13043
20/02/2015,792,792,768,776,56837
23/02/2015,776,800,776,776,61030
24/02/2015,784,800,776,776,44447
25/02/2015,776,792,768,768,60373
26/02/2015,768,784,744,752,140328
27/02/2015,752,768,744,768,48080
02/03/2015,768,776,752,768,95269
03/03/2015,776,784,752,760,122493
04/03/2015,760,776,752,768,78019
05/03/2015,768,776,760,760,36921
06/03/2015,760,776,752,752,28148
09/03/2015,752,776,744,752,143772
10/03/2015,752,768,744,760,58158
11/03/2015,752,760,744,752,84446
12/03/2015,752,768,744,760,49883
13/03/2015,760,768,752,752,24263
16/03/2015,752,760,744,744,23537
17/03/2015,752,752,744,744,9622
18/03/2015,752,752,728,736,51057
19/03/2015,736,744,736,736,23621
20/03/2015,752,752,720,736,68656
23/03/2015,744,744,720,728,20964
24/03/2015,736,744,720,728,61152
25/03/2015,728,736,712,720,26933
26/03/2015,712,720,688,696,154156
27/03/2015,704,712,672,696,63913
30/03/2015,696,704,688,688,17159
31/03/2015,696,712,688,704,49696
01/04/2015,704,712,688,704,33640
02/04/2015,704,736,696,720,68829
06/04/2015,720,728,696,704,113552
07/04/2015,712,736,704,728,140745
08/04/2015,736,736,720,720,17460
09/04/2015,712,744,712,744,53888
10/04/2015,752,752,728,728,33537
13/04/2015,728,736,696,696,94131
14/04/2015,696,704,672,672,40360
15/04/2015,688,688,648,664,61175
16/04/2015,672,688,664,680,37775
17/04/2015,672,680,656,672,21395
20/04/2015,672,672,608,640,191271
21/04/2015,640,680,632,664,96320
22/04/2015,664,672,648,656,24029
23/04/2015,656,664,632,632,39253
24/04/2015,632,640,624,640,15302
27/04/2015,640,640,592,632,84383
28/04/2015,632,632,592,616,36738
29/04/2015,616,616,560,616,89376
30/04/2015,608,640,592,640,56134
04/05/2015,632,648,616,624,64728
05/05/2015,600,640,600,616,110683
06/05/2015,616,632,608,616,18003
07/05/2015,624,624,608,616,27521
08/05/2015,624,672,608,656,291884
11/05/2015,664,680,640,648,297719
12/05/2015,656,688,648,648,284177
13/05/2015,648,664,640,648,101176
15/05/2015,648,656,632,632,97551
18/05/2015,632,648,616,640,143343
19/05/2015,640,648,616,624,106812
20/05/2015,632,632,600,608,112298
21/05/2015,616,624,608,608,78887
22/05/2015,616,624,608,608,86893
25/05/2015,608,616,592,600,48625
26/05/2015,600,608,584,592,143219
27/05/2015,600,608,584,608,270110
28/05/2015,624,624,576,584,121757
29/05/2015,592,592,544,544,280823
01/06/2015,544,560,528,536,68754
03/06/2015,536,544,504,512,93229
04/06/2015,512,552,472,544,394158
05/06/2015,544,560,504,504,172126
08/06/2015,512,512,464,504,321114
09/06/2015,504,504,472,496,239419
10/06/2015,496,536,472,480,1068730
11/06/2015,488,496,480,496,146846
12/06/2015,496,504,472,472,306644
15/06/2015,472,480,456,456,137980
16/06/2015,456,480,448,472,293607
17/06/2015,480,488,448,464,435473
18/06/2015,472,488,464,472,252996
19/06/2015,480,488,472,472,38514
22/06/2015,480,480,464,472,28789
23/06/2015,472,480,456,472,108420
24/06/2015,472,472,456,456,177670
25/06/2015,464,464,456,456,78509
26/06/2015,456,480,448,456,150479
29/06/2015,456,464,448,456,38506
30/06/2015,456,464,448,448,62183
01/07/2015,456,504,440,480,338978
02/07/2015,488,552,480,536,569752
03/07/2015,536,552,512,528,508604
06/07/2015,520,576,520,544,575676
07/07/2015,544,592,536,576,549580
08/07/2015,584,584,552,560,316074
09/07/2015,560,568,512,536,483993
10/07/2015,544,552,520,528,154787
13/07/2015,528,536,496,504,97319
14/07/2015,504,520,488,512,264162
15/07/2015,512,512,504,504,88540
22/07/2015,496,512,488,496,130686
23/07/2015,496,504,480,496,165391
24/07/2015,496,504,464,464,122219
27/07/2015,464,472,408,432,417165
28/07/2015,432,432,400,416,457982
29/07/2015,416,456,408,440,419091
30/07/2015,440,472,440,448,268244
31/07/2015,448,456,424,448,66084
03/08/2015,448,456,432,440,63423
04/08/2015,440,448,432,440,51755
05/08/2015,440,448,432,432,50209
06/08/2015,440,440,416,424,58376
07/08/2015,424,440,416,432,152368
10/08/2015,432,488,432,472,447929
11/08/2015,480,528,456,480,713406
12/08/2015,472,472,448,448,224027
13/08/2015,448,512,448,496,484939
14/08/2015,488,536,480,520,515544
18/08/2015,520,528,496,496,157379
19/08/2015,504,520,496,496,75342
20/08/2015,504,504,480,496,139497
21/08/2015,488,496,464,472,70611
24/08/2015,472,472,408,424,242978
25/08/2015,424,440,408,432,176454
26/08/2015,424,432,416,424,86200
27/08/2015,432,456,416,440,183212
28/08/2015,448,456,424,424,83719
31/08/2015,432,448,424,448,114324
01/09/2015,448,456,432,448,80329
02/09/2015,440,448,432,440,39567
03/09/2015,448,472,432,456,168459
04/09/2015,464,464,440,448,115730
07/09/2015,448,448,424,424,58646
08/09/2015,424,432,416,424,183660
09/09/2015,424,440,424,424,99503
10/09/2015,424,432,416,424,17357
11/09/2015,424,432,408,416,87477
14/09/2015,416,424,408,408,59805
15/09/2015,408,416,400,408,99854
16/09/2015,408,440,408,432,181231
17/09/2015,440,448,432,440,83754
18/09/2015,440,456,440,440,88912
21/09/2015,432,456,432,456,108620
22/09/2015,456,472,448,456,144501
23/09/2015,448,456,432,432,51623
25/09/2015,432,440,408,408,329805
28/09/2015,416,416,408,408,39513
29/09/2015,408,424,400,424,410693
30/09/2015,424,432,400,408,174375
01/10/2015,408,424,400,408,219661
02/10/2015,408,424,400,408,214239
05/10/2015,408,416,408,408,44855
06/10/2015,408,416,400,408,213554
07/10/2015,408,408,400,400,229347
08/10/2015,400,400,400,400,22779
09/10/2015,400,456,400,440,1112520
12/10/2015,456,496,440,456,1381960
13/10/2015,456,464,416,416,464215
15/10/2015,416,416,400,408,247694
16/10/2015,400,408,400,400,141267
19/10/2015,408,424,400,408,207746
20/10/2015,408,424,400,400,123924
21/10/2015,408,416,400,400,154772
22/10/2015,408,408,400,400,113303
23/10/2015,400,408,400,400,25974
26/10/2015,400,408,400,408,52895
27/10/2015,400,408,400,408,79673
28/10/2015,400,416,400,400,277640
29/10/2015,400,408,400,400,117192
30/10/2015,400,408,400,400,70466
02/11/2015,400,400,400,400,3860
03/11/2015,400,400,400,400,6041
04/11/2015,400,400,400,400,4290
05/11/2015,400,400,400,400,12
06/11/2015,400,400,400,400,17
09/11/2015,400,400,400,400,571
10/11/2015,400,400,400,400,7
11/11/2015,400,400,400,400,41
12/11/2015,400,400,400,400,8282
13/11/2015,400,400,400,400,760
16/11/2015,400,400,400,400,19
17/11/2015,400,400,400,400,11727
18/11/2015,400,400,400,400,1208
19/11/2015,400,400,400,400,10
20/11/2015,400,400,400,400,263
23/11/2015,400,400,400,400,2516
24/11/2015,400,400,400,400,162
25/11/2015,400,400,400,400,54
26/11/2015,400,400,400,400,8
27/11/2015,400,400,400,400,255
30/11/2015,400,400,400,400,76726
01/12/2015,400,400,400,400,761
02/12/2015,400,400,400,400,1243
03/12/2015,400,400,400,400,876
04/12/2015,400,400,400,400,1189
07/12/2015,400,400,400,400,1037
08/12/2015,400,400,400,400,15
10/12/2015,400,400,400,400,1260
11/12/2015,400,400,400,400,13
14/12/2015,400,400,400,400,0
15/12/2015,400,400,400,400,158
16/12/2015,400,400,400,400,0
17/12/2015,400,400,400,400,2
18/12/2015,400,400,400,400,27
21/12/2015,400,400,400,400,0
22/12/2015,400,400,400,400,2
23/12/2015,400,400,400,400,8
28/12/2015,400,400,400,400,0
29/12/2015,400,400,400,400,1
30/12/2015,400,400,400,400,1
04/01/2016,400,400,400,400,2
05/01/2016,400,400,400,400,13
06/01/2016,400,400,400,400,0
07/01/2016,400,400,400,400,19
08/01/2016,400,400,400,400,192
11/01/2016,400,400,400,400,3
12/01/2016,400,400,400,400,3
13/01/2016,400,400,400,400,5
14/01/2016,400,400,400,400,2
15/01/2016,400,400,400,400,20
18/01/2016,400,400,400,400,2
19/01/2016,400,400,400,400,13
20/01/2016,400,400,400,400,13
21/01/2016,400,400,400,400,11
22/01/2016,400,400,400,400,3
25/01/2016,400,400,400,400,26
26/01/2016,400,400,400,400,5
27/01/2016,400,400,400,400,2
28/01/2016,400,400,400,400,1
29/01/2016,400,400,400,400,2
01/02/2016,400,400,400,400,10
02/02/2016,400,400,400,400,0
03/02/2016,400,400,400,400,0
04/02/2016,400,400,400,400,13
05/02/2016,400,400,400,400,0
09/02/2016,400,400,400,400,3
10/02/2016,400,400,400,400,3
11/02/2016,400,400,400,400,3
12/02/2016,400,400,400,400,2
15/02/2016,400,400,400,400,3
16/02/2016,400,400,400,400,65
17/02/2016,400,400,400,400,3
18/02/2016,400,400,400,400,5
19/02/2016,400,400,400,400,6506
22/02/2016,400,400,400,400,1
23/02/2016,400,400,400,400,4
24/02/2016,400,400,400,400,3
25/02/2016,400,400,400,400,1
26/02/2016,400,400,400,400,0
29/02/2016,400,400,400,400,125
01/03/2016,400,400,400,400,5
02/03/2016,400,400,400,400,6
03/03/2016,400,400,400,400,6
04/03/2016,400,400,400,400,4
07/03/2016,400,400,400,400,55
08/03/2016,400,400,400,400,223
10/03/2016,400,400,400,400,7
11/03/2016,400,400,400,400,0
14/03/2016,400,400,400,400,207
15/03/2016,400,400,400,400,1
16/03/2016,400,400,400,400,9
17/03/2016,400,400,400,400,19
18/03/2016,400,400,400,400,57508
21/03/2016,400,400,400,400,1703
22/03/2016,400,400,400,400,603
23/03/2016,400,400,400,400,163
24/03/2016,400,400,400,400,46
28/03/2016,400,400,400,400,254
29/03/2016,400,400,400,400,44
30/03/2016,400,400,400,400,86
31/03/2016,400,400,400,400,8093
01/04/2016,400,400,400,400,876
04/04/2016,400,400,400,400,162
05/04/2016,400,400,400,400,3
06/04/2016,400,400,400,400,299
07/04/2016,400,400,400,400,1527
08/04/2016,400,400,400,400,6
11/04/2016,400,400,400,400,276
12/04/2016,400,400,400,400,1463
13/04/2016,400,400,400,400,606
14/04/2016,400,400,400,400,720
15/04/2016,400,400,400,400,5032
18/04/2016,400,400,400,400,70
19/04/2016,400,400,400,400,10
20/04/2016,400,400,400,400,142
21/04/2016,400,400,400,400,9
22/04/2016,400,400,400,400,18
25/04/2016,400,400,400,400,20
26/04/2016,400,400,400,400,9
27/04/2016,400,400,400,400,196
28/04/2016,400,400,400,400,4
29/04/2016,400,400,400,400,163
02/05/2016,400,400,400,400,33
03/05/2016,400,400,400,400,154
04/05/2016,400,400,400,400,232
09/05/2016,400,400,400,400,1
10/05/2016,400,400,400,400,4
11/05/2016,400,400,400,400,1
12/05/2016,400,400,400,400,14
13/05/2016,400,400,400,400,0
16/05/2016,400,400,400,400,5
17/05/2016,400,400,400,400,2
18/05/2016,400,400,400,400,125
19/05/2016,400,400,400,400,2
20/05/2016,400,400,400,400,4
23/05/2016,400,400,400,400,1
24/05/2016,400,400,400,400,15
25/05/2016,400,400,400,400,3
26/05/2016,400,400,400,400,103
27/05/2016,400,400,400,400,2
30/05/2016,400,400,400,400,375
31/05/2016,400,400,400,400,250
01/06/2016,400,400,400,400,6
02/06/2016,400,400,400,400,88
03/06/2016,400,400,400,400,9
06/06/2016,400,400,400,400,71
07/06/2016,400,400,400,400,23
08/06/2016,400,400,400,400,24
09/06/2016,400,400,400,400,990
10/06/2016,400,400,400,400,161427
13/06/2016,400,400,400,400,8222
14/06/2016,400,400,400,400,2671
15/06/2016,400,400,400,400,1304
16/06/2016,400,400,400,400,2812
17/06/2016,400,400,400,400,27
20/06/2016,400,400,400,400,101
21/06/2016,400,400,400,400,38
22/06/2016,400,400,400,400,1
23/06/2016,400,400,400,400,10
24/06/2016,400,400,400,400,22
27/06/2016,400,400,400,400,63
28/06/2016,400,400,400,400,0
29/06/2016,400,400,400,400,1
30/06/2016,400,400,400,400,16
01/07/2016,400,400,400,400,8
11/07/2016,400,400,400,400,1
12/07/2016,400,400,400,400,136
13/07/2016,400,400,400,400,1502
14/07/2016,400,400,400,400,7
15/07/2016,400,400,400,400,111
18/07/2016,400,400,400,400,63
19/07/2016,400,400,400,400,811
20/07/2016,400,400,400,400,26
21/07/2016,400,400,400,400,174
22/07/2016,400,400,400,400,98
25/07/2016,400,400,400,400,101
26/07/2016,400,400,400,400,233
27/07/2016,400,400,400,400,102
28/07/2016,400,400,400,400,154
29/07/2016,400,400,400,400,14
01/08/2016,400,400,400,400,127
02/08/2016,400,400,400,400,29
03/08/2016,400,400,400,400,0
04/08/2016,400,400,400,400,30
05/08/2016,400,400,400,400,13
08/08/2016,400,400,400,400,1
09/08/2016,400,400,400,400,126
10/08/2016,400,400,400,400,1783
11/08/2016,400,400,400,400,272
12/08/2016,400,400,400,400,10
15/08/2016,400,400,400,400,14
16/08/2016,400,400,400,400,2
18/08/2016,400,400,400,400,2
19/08/2016,400,400,400,400,137
22/08/2016,400,400,400,400,28
23/08/2016,400,400,400,400,0
24/08/2016,400,400,400,400,13
25/08/2016,400,400,400,400,0
26/08/2016,400,400,400,400,18
29/08/2016,400,400,400,400,3
30/08/2016,400,400,400,400,0
31/08/2016,400,400,400,400,7
01/09/2016,400,400,400,400,25
02/09/2016,400,400,400,400,0
05/09/2016,400,400,400,400,25
06/09/2016,400,400,400,400,0
07/09/2016,400,400,400,400,0
08/09/2016,400,400,400,400,138
09/09/2016,400,400,400,400,0
13/09/2016,400,400,400,400,0
14/09/2016,400,400,400,400,0
15/09/2016,400,400,400,400,0
16/09/2016,400,400,400,400,13
19/09/2016,400,400,400,400,0
20/09/2016,400,400,400,400,2
21/09/2016,400,400,400,400,0
22/09/2016,400,400,400,400,4
23/09/2016,400,400,400,400,1
26/09/2016,400,400,400,400,1
27/09/2016,400,400,400,400,0
28/09/2016,400,400,400,400,6
29/09/2016,400,400,400,400,65
30/09/2016,400,400,400,400,3
03/10/2016,400,400,400,400,26
04/10/2016,400,400,400,400,1
05/10/2016,400,400,400,400,33
06/10/2016,400,400,400,400,84
07/10/2016,400,400,400,400,271
10/10/2016,400,400,400,400,6
11/10/2016,400,400,400,400,4
12/10/2016,400,400,400,400,0
13/10/2016,400,400,400,400,63
14/10/2016,400,400,400,400,0
17/10/2016,400,400,400,400,53
18/10/2016,400,400,400,400,2
19/10/2016,400,400,400,400,72521
20/10/2016,400,464,400,400,3598280
21/10/2016,400,400,400,400,20822
24/10/2016,400,400,400,400,4813
25/10/2016,400,400,400,400,244711
26/10/2016,400,424,400,416,5219340
27/10/2016,432,496,400,400,10458500
28/10/2016,400,432,400,400,1100690
31/10/2016,400,416,400,400,766189
01/11/2016,400,408,400,400,64187
02/11/2016,400,400,400,400,80094
03/11/2016,400,400,400,400,1828
04/11/2016,400,400,400,400,605
07/11/2016,400,400,400,400,3564
08/11/2016,400,400,400,400,37122
09/11/2016,400,400,400,400,13401
10/11/2016,400,400,400,400,1451
11/11/2016,400,400,400,400,2572
14/11/2016,400,400,400,400,1574
15/11/2016,400,400,400,400,677
16/11/2016,400,400,400,400,71
17/11/2016,400,400,400,400,1635
18/11/2016,400,400,400,400,694
21/11/2016,400,400,400,400,497
22/11/2016,400,400,400,400,8800
23/11/2016,400,400,400,400,1177
24/11/2016,400,400,400,400,197
25/11/2016,400,400,400,400,169
28/11/2016,400,400,400,400,2604
29/11/2016,400,400,400,400,1303
30/11/2016,400,400,400,400,46
01/12/2016,400,408,400,400,699147
02/12/2016,400,400,400,400,19255
05/12/2016,400,400,400,400,12290
06/12/2016,400,400,400,400,424
07/12/2016,400,400,400,400,1820
08/12/2016,400,400,400,400,430
09/12/2016,400,400,400,400,284
13/12/2016,400,400,400,400,1673
14/12/2016,400,400,400,400,1859
15/12/2016,400,400,400,400,29
16/12/2016,400,400,400,400,36
19/12/2016,400,400,400,400,217
20/12/2016,400,400,400,400,15
21/12/2016,400,400,400,400,460
22/12/2016,400,400,400,400,580
23/12/2016,400,400,400,400,145
27/12/2016,400,400,400,400,7425
28/12/2016,400,400,400,400,15
29/12/2016,400,400,400,400,216
30/12/2016,400,400,400,400,99
03/01/2017,400,400,400,400,631
04/01/2017,400,400,400,400,2
05/01/2017,400,400,400,400,3974
06/01/2017,400,400,400,400,4393
09/01/2017,400,400,400,400,787
10/01/2017,400,400,400,400,392
11/01/2017,400,400,400,400,626
12/01/2017,400,400,400,400,8817
13/01/2017,400,400,400,400,1663
16/01/2017,400,400,400,400,645
17/01/2017,400,400,400,400,919
18/01/2017,400,400,400,400,141
19/01/2017,400,400,400,400,1704
20/01/2017,400,416,400,400,2522960
23/01/2017,400,448,400,432,4840670
24/01/2017,440,536,432,528,7020890
25/01/2017,536,592,512,552,7440450
26/01/2017,560,568,520,528,3455790
27/01/2017,528,576,528,560,2369070
30/01/2017,568,664,560,648,6801180
31/01/2017,648,680,616,656,5051090
01/02/2017,664,704,624,632,3996950
02/02/2017,632,664,616,640,2003900
03/02/2017,640,656,600,600,1351700
06/02/2017,608,624,560,576,2096010
07/02/2017,576,624,568,576,2224930
08/02/2017,608,664,544,600,6928830
09/02/2017,616,648,592,624,4896100
10/02/2017,632,648,592,600,2016300
13/02/2017,608,624,576,592,1368860
14/02/2017,584,600,544,544,1342660
16/02/2017,496,552,400,416,7368450
17/02/2017,424,440,400,400,3739540
20/02/2017,400,408,400,400,1461940
21/02/2017,400,408,400,400,674711
22/02/2017,400,400,400,400,69251
23/02/2017,400,400,400,400,37234
24/02/2017,400,400,400,400,8423
27/02/2017,400,400,400,400,4690
28/02/2017,400,400,400,400,1182
01/03/2017,400,400,400,400,2763
02/03/2017,400,400,400,400,1276
03/03/2017,400,400,400,400,143
06/03/2017,400,400,400,400,2494
07/03/2017,400,400,400,400,1787
08/03/2017,400,400,400,400,289
09/03/2017,400,400,400,400,167
10/03/2017,400,400,400,400,122
13/03/2017,400,400,400,400,426
14/03/2017,400,400,400,400,1552
15/03/2017,400,400,400,400,1619
16/03/2017,400,400,400,400,326
17/03/2017,400,400,400,400,1342
20/03/2017,400,400,400,400,303
21/03/2017,400,400,400,400,146
22/03/2017,400,400,400,400,152
23/03/2017,400,400,400,400,1335
24/03/2017,400,400,400,400,3665
27/03/2017,400,400,400,400,84
29/03/2017,400,400,400,400,34
30/03/2017,400,400,400,400,48
31/03/2017,400,400,400,400,227
03/04/2017,400,400,400,400,31
04/04/2017,400,400,400,400,275
05/04/2017,400,400,400,400,329
06/04/2017,400,400,400,400,140
07/04/2017,400,400,400,400,3238
10/04/2017,400,400,400,400,517
11/04/2017,400,400,400,400,349
12/04/2017,400,400,400,400,2123
13/04/2017,400,400,400,400,1320
17/04/2017,400,400,400,400,933
18/04/2017,400,400,400,400,287
20/04/2017,400,400,400,400,178
21/04/2017,400,400,400,400,74
25/04/2017,400,400,400,400,348
26/04/2017,400,400,400,400,100
27/04/2017,400,400,400,400,1170
28/04/2017,400,400,400,400,19
02/05/2017,400,400,400,400,684
03/05/2017,400,400,400,400,141
04/05/2017,400,400,400,400,187
05/05/2017,400,400,400,400,751
08/05/2017,400,400,400,400,263
09/05/2017,400,400,400,400,93
10/05/2017,400,400,400,400,130
12/05/2017,400,400,400,400,1377
15/05/2017,400,400,400,400,4
16/05/2017,400,400,400,400,139
17/05/2017,400,400,400,400,1667
18/05/2017,400,400,400,400,23
19/05/2017,400,400,400,400,9396
22/05/2017,400,400,400,400,1773
23/05/2017,400,400,400,400,4
24/05/2017,400,400,400,400,281
26/05/2017,400,400,400,400,3
29/05/2017,400,400,400,400,2639
30/05/2017,400,400,400,400,17
31/05/2017,400,400,400,400,2016
02/06/2017,400,400,400,400,317
05/06/2017,400,400,400,400,71
06/06/2017,400,400,400,400,53
07/06/2017,400,400,400,400,0
08/06/2017,400,400,400,400,40
09/06/2017,400,400,400,400,260
12/06/2017,400,400,400,400,2082
13/06/2017,400,400,400,400,2562
14/06/2017,400,400,400,400,576
15/06/2017,400,400,400,400,6
16/06/2017,400,400,400,400,0
19/06/2017,400,400,400,400,203
20/06/2017,400,400,400,400,162
21/06/2017,400,400,400,400,1
22/06/2017,400,400,400,400,184
03/07/2017,400,400,400,400,0
04/07/2017,400,400,400,400,0
05/07/2017,400,400,400,400,0
06/07/2017,400,400,400,400,0
07/07/2017,400,400,400,400,0
10/07/2017,400,400,400,400,0
11/07/2017,400,400,400,400,0
12/07/2017,400,400,400,400,0
13/07/2017,400,400,400,400,0
14/07/2017,400,400,400,400,0
17/07/2017,400,400,400,400,0
18/07/2017,400,400,400,400,0
19/07/2017,400,400,400,400,0
20/07/2017,400,400,400,400,0
21/07/2017,400,400,400,400,0
24/07/2017,400,400,400,400,0
25/07/2017,400,400,400,400,0
26/07/2017,300,300,300,300,8146
27/07/2017,226,226,226,226,33402
28/07/2017,170,204,170,170,8531870
31/07/2017,170,170,170,170,0
01/08/2017,170,170,170,170,0
02/08/2017,171,190,150,152,4805210
03/08/2017,153,159,136,138,4617450
04/08/2017,137,149,136,146,5134690
07/08/2017,148,148,133,133,2546260
08/08/2017,134,136,111,113,4418800
09/08/2017,114,121,111,117,2809950
10/08/2017,117,122,102,105,3506100
11/08/2017,105,110,102,106,1931290
14/08/2017,109,116,106,112,2654820
15/08/2017,113,126,112,126,4703140
16/08/2017,127,130,124,126,2686590
18/08/2017,125,125,119,120,1072600
21/08/2017,121,122,108,110,2277900
22/08/2017,110,116,108,112,1648650
23/08/2017,114,116,110,113,2734730
24/08/2017,112,115,109,109,1174920
25/08/2017,110,111,105,108,531001
28/08/2017,107,109,102,102,698280
29/08/2017,103,107,102,102,1000900
30/08/2017,102,105,98,99,1507370
31/08/2017,100,106,98,101,2541540
04/09/2017,101,104,100,100,907870
05/09/2017,100,105,98,104,1549450
06/09/2017,104,106,101,101,1190420
07/09/2017,102,103,99,100,517431
08/09/2017,100,102,98,99,501862
11/09/2017,100,101,98,100,554164
12/09/2017,100,101,95,95,928561
13/09/2017,95,97,90,90,763530
14/09/2017,92,93,84,87,1079900
15/09/2017,87,89,84,88,968606
18/09/2017,88,89,86,87,320354
19/09/2017,88,93,87,91,582503
20/09/2017,91,93,89,90,540832
22/09/2017,90,96,88,91,892339
25/09/2017,93,93,89,89,391246
26/09/2017,90,90,82,83,692655
27/09/2017,84,84,78,78,402370
28/09/2017,78,82,76,79,1146980
29/09/2017,79,82,79,79,509689
02/10/2017,79,80,73,73,674204
03/10/2017,74,78,72,77,674005
04/10/2017,77,81,75,75,743446
05/10/2017,76,78,74,75,450376
06/10/2017,75,77,74,75,434637
09/10/2017,76,77,74,74,291036
10/10/2017,75,76,73,73,216559
11/10/2017,73,74,71,72,287257
12/10/2017,73,74,72,73,321527
13/10/2017,74,79,73,75,1113320
16/10/2017,75,78,74,75,387198
17/10/2017,76,76,74,74,247808
18/10/2017,74,76,73,74,231765
19/10/2017,74,77,74,74,511218
20/10/2017,74,78,74,76,799946
23/10/2017,76,102,75,102,3906500
24/10/2017,105,113,102,102,8721280
25/10/2017,102,103,95,97,2935620
26/10/2017,93,107,93,102,2855240
27/10/2017,104,107,100,106,1905500
30/10/2017,108,108,102,102,1761600
31/10/2017,103,104,96,99,1378320
01/11/2017,98,102,97,102,730828
02/11/2017,103,104,98,98,1026630
03/11/2017,98,102,96,100,1119640
06/11/2017,100,101,98,99,409470
07/11/2017,100,102,98,100,961397
08/11/2017,100,102,98,98,552902
09/11/2017,98,99,96,96,291266
10/11/2017,96,98,95,96,418359
13/11/2017,95,97,90,92,841654
14/11/2017,90,96,90,95,999150
15/11/2017,95,97,93,93,839783
16/11/2017,93,95,92,93,416449
17/11/2017,93,94,92,93,268880
20/11/2017,92,95,92,93,411388
21/11/2017,93,97,92,95,714179
22/11/2017,95,104,95,104,2807050
23/11/2017,105,108,101,102,2736730
24/11/2017,102,104,100,101,688054
27/11/2017,103,107,101,103,1463030
28/11/2017,103,104,94,98,2087120
29/11/2017,98,101,97,100,530139
30/11/2017,100,100,95,97,521771
01/12/2017,97,97,97,97,0
04/12/2017,98,99,94,94,499332
05/12/2017,94,95,89,93,629960
06/12/2017,92,94,90,90,178825
07/12/2017,90,91,86,86,222859
08/12/2017,87,89,86,88,302626
11/12/2017,88,89,81,82,668757
12/12/2017,81,86,81,83,440149
13/12/2017,84,88,83,86,513873
14/12/2017,86,89,85,87,401326
15/12/2017,87,91,86,86,439271
18/12/2017,88,90,85,87,245760
19/12/2017,87,93,87,89,525250
20/12/2017,89,93,88,89,394158
21/12/2017,89,91,89,89,164534
22/12/2017,90,90,87,88,109840
27/12/2017,88,91,88,88,134251
28/12/2017,89,91,88,89,134369
29/12/2017,89,91,88,89,183002
02/01/2018,89,90,87,89,109986
03/01/2018,89,92,89,89,227900
04/01/2018,90,99,89,96,1254280
05/01/2018,96,100,96,97,710259
08/01/2018,97,101,96,97,610841
09/01/2018,97,99,96,96,368152
10/01/2018,97,98,94,94,430908
11/01/2018,94,126,94,126,11135500
12/01/2018,129,151,123,132,12979900
15/01/2018,134,146,131,137,291655
16/01/2018,137,144,127,133,3842020
17/01/2018,132,138,129,133,2266000
18/01/2018,133,176,132,165,16568900
19/01/2018,167,182,160,168,7423320
22/01/2018,169,180,165,174,4238310
23/01/2018,175,179,168,169,3164540
24/01/2018,170,178,167,177,3699740
25/01/2018,179,187,174,178,6717370
26/01/2018,178,179,170,171,1938690
29/01/2018,171,174,167,167,1115230
30/01/2018,166,169,152,157,1865340
31/01/2018,155,171,151,169,2565900
01/02/2018,171,176,165,167,2074020
02/02/2018,168,202,167,196,9770610
05/02/2018,190,208,180,202,7799050
06/02/2018,195,206,182,195,9185590
07/02/2018,199,204,189,189,2875690
08/02/2018,192,214,189,214,9039670
09/02/2018,204,216,200,204,5263370
12/02/2018,208,220,206,216,5125530
13/02/2018,218,222,208,208,3769800
14/02/2018,210,214,202,208,2019660
15/02/2018,212,216,208,208,2255520
19/02/2018,210,218,208,210,1396330
20/02/2018,212,262,210,262,14564000
21/02/2018,266,296,260,268,11528600
22/02/2018,272,282,264,266,4410710
23/02/2018,270,284,268,272,2859440
26/02/2018,276,294,274,284,5219130
27/02/2018,288,292,280,282,2180960
28/02/2018,284,288,274,276,1341980
01/03/2018,274,280,258,264,3173400
02/03/2018,260,262,250,254,1758570
05/03/2018,254,276,254,268,3753520
06/03/2018,274,276,266,268,1817770
07/03/2018,270,270,242,246,3444950
08/03/2018,248,254,228,240,3185870
09/03/2018,242,246,230,238,1407130
12/03/2018,242,254,240,246,1344830
13/03/2018,248,256,238,244,1724350
14/03/2018,240,246,234,238,762671
15/03/2018,238,246,234,238,1013110
16/03/2018,240,246,234,238,1064810
19/03/2018,238,284,238,266,6284600
20/03/2018,266,272,254,262,2698070
21/03/2018,268,278,264,268,2462820
22/03/2018,274,274,256,258,1572600
23/03/2018,258,258,244,250,1902540
26/03/2018,254,264,246,262,1802070
27/03/2018,266,268,252,254,1207020
28/03/2018,254,264,248,254,1076460
29/03/2018,254,258,252,254,595407
02/04/2018,258,264,254,254,972524
03/04/2018,254,260,248,256,658567
04/04/2018,258,260,240,242,1136090
05/04/2018,248,252,244,246,630553
06/04/2018,248,250,242,244,322113
09/04/2018,244,254,242,246,632016
10/04/2018,250,262,246,258,1414750
11/04/2018,260,270,258,260,1835610
12/04/2018,262,264,256,256,616027
13/04/2018,258,260,252,258,388978
16/04/2018,258,264,254,254,524778
17/04/2018,256,262,254,254,818131
18/04/2018,256,258,248,248,737135
19/04/2018,250,252,238,238,763131
20/04/2018,240,250,240,246,558319
23/04/2018,246,250,242,242,341746
24/04/2018,242,246,236,240,622685
25/04/2018,240,240,226,230,720680
26/04/2018,228,234,208,214,1147900
27/04/2018,218,222,208,210,341266
30/04/2018,212,216,208,208,218681
02/05/2018,212,228,210,228,995811
03/05/2018,228,228,208,210,601407
04/05/2018,212,212,197,198,392947
07/05/2018,200,208,198,202,536394
08/05/2018,204,204,191,192,441790
09/05/2018,192,195,180,192,472386
11/05/2018,194,204,193,194,515997
14/05/2018,195,196,190,192,118400
15/05/2018,193,199,192,196,198794
16/05/2018,196,199,192,196,330204
17/05/2018,199,206,199,202,603498
18/05/2018,202,204,197,198,248273
21/05/2018,204,204,196,198,115416
22/05/2018,200,202,192,192,286117
23/05/2018,192,197,191,192,302335
24/05/2018,192,196,190,190,529522
25/05/2018,191,197,188,190,514389
28/05/2018,190,190,185,186,291040
30/05/2018,189,190,179,179,326011
31/05/2018,180,182,174,174,401743
04/06/2018,177,179,172,173,386094
05/06/2018,174,182,172,175,972847
06/06/2018,175,179,175,175,187349
07/06/2018,176,178,175,175,119226
08/06/2018,176,177,171,171,163106
20/06/2018,171,171,160,161,105366
21/06/2018,161,166,152,153,173559
22/06/2018,152,158,140,155,343050
25/06/2018,158,162,144,150,368750
26/06/2018,150,150,140,141,241932
27/06/2018,145,149,131,131,194252
28/06/2018,132,137,114,119,686943
29/06/2018,118,130,115,125,922313
02/07/2018,125,127,113,115,367474
03/07/2018,118,118,99,100,652030
04/07/2018,100,104,95,103,278549
05/07/2018,101,107,99,101,342652
06/07/2018,104,107,101,102,303737
09/07/2018,102,111,102,108,465728
10/07/2018,110,122,108,116,1250020
11/07/2018,117,125,111,116,782368
12/07/2018,115,120,113,116,299927
13/07/2018,117,122,116,116,281426
16/07/2018,117,119,114,115,172486
17/07/2018,116,116,110,113,100501
18/07/2018,112,123,112,118,642158
19/07/2018,118,123,117,118,441794
20/07/2018,118,120,116,118,152863
23/07/2018,117,122,117,118,161464
24/07/2018,118,127,118,126,1022090
25/07/2018,128,170,127,170,8432820
26/07/2018,173,176,149,152,5302190
27/07/2018,154,171,146,162,4751700
30/07/2018,165,168,157,160,1656590
31/07/2018,160,162,153,153,769254
01/08/2018,154,161,148,157,664665
02/08/2018,156,196,156,161,10468200
03/08/2018,163,164,153,154,2505180
06/08/2018,159,166,154,159,1607810
07/08/2018,160,166,156,157,698842
08/08/2018,158,165,156,157,619589
09/08/2018,158,160,140,145,983218
10/08/2018,146,148,132,134,743262
13/08/2018,134,136,127,130,463324
14/08/2018,131,137,127,128,450432
15/08/2018,129,132,123,127,545017
16/08/2018,127,131,124,126,309553
20/08/2018,128,131,127,130,223922
21/08/2018,134,148,130,138,2977420
23/08/2018,138,142,133,134,434545
24/08/2018,135,137,131,135,157916
27/08/2018,137,140,136,137,234648
28/08/2018,138,144,137,137,503545
29/08/2018,137,147,136,143,1789700
30/08/2018,143,153,138,138,2070450
31/08/2018,137,139,131,137,509792
03/09/2018,138,138,133,136,305497
04/09/2018,137,141,128,130,555346
05/09/2018,129,129,114,116,672180
06/09/2018,116,122,112,120,366576
07/09/2018,120,125,118,122,352335
10/09/2018,120,126,119,124,470191
12/09/2018,124,129,123,127,512372
13/09/2018,129,134,126,130,788783
14/09/2018,130,132,127,129,255557
17/09/2018,129,129,123,124,186456
18/09/2018,124,127,121,127,190971
19/09/2018,128,143,128,136,2507000
20/09/2018,138,139,133,133,533959
21/09/2018,134,137,131,132,289923
24/09/2018,132,132,127,129,258559
25/09/2018,129,137,127,132,763219
26/09/2018,133,133,128,129,324470
27/09/2018,130,131,125,126,418365
28/09/2018,128,131,126,131,367632
01/10/2018,134,140,130,131,1933067
02/10/2018,132,135,124,126,962382
03/10/2018,127,128,123,125,347683
04/10/2018,125,127,122,124,280781
05/10/2018,123,125,121,125,127316
08/10/2018,125,126,120,120,235087
09/10/2018,120,127,119,126,629237
10/10/2018,128,132,123,125,856348
11/10/2018,120,124,117,119,371473
12/10/2018,119,122,119,120,188700
15/10/2018,121,122,112,115,470407
16/10/2018,115,119,115,117,215290
17/10/2018,118,122,116,117,398044
18/10/2018,118,118,114,115,123804
19/10/2018,118,118,114,115,83897
22/10/2018,116,117,113,114,94727
23/10/2018,114,114,109,111,167365
24/10/2018,111,115,110,111,326116
25/10/2018,110,112,108,109,201746
26/10/2018,110,116,110,112,372435
29/10/2018,114,115,109,109,94705
30/10/2018,109,111,99,101,302514
31/10/2018,101,104,101,101,275760
01/11/2018,101,105,101,101,209303
02/11/2018,101,103,99,99,144606
05/11/2018,99,101,97,97,167222
06/11/2018,97,100,96,97,181420
07/11/2018,97,104,97,104,778703
08/11/2018,107,113,105,112,1262301
09/11/2018,112,113,106,106,367718
12/11/2018,105,107,100,101,270069
13/11/2018,97,102,97,100,168022
14/11/2018,100,101,95,96,252844
15/11/2018,96,98,96,97,134883
16/11/2018,98,104,98,99,402925
19/11/2018,100,102,97,97,157386
21/11/2018,96,98,91,92,327169
22/11/2018,92,94,85,86,532354
23/11/2018,86,89,79,82,726312
26/11/2018,82,84,75,77,441449
27/11/2018,79,80,73,73,167517
28/11/2018,75,76,73,73,189393
29/11/2018,74,76,73,75,168413
30/11/2018,75,82,74,77,768513
03/12/2018,80,81,76,77,374978
04/12/2018,78,82,77,79,564262
05/12/2018,80,83,75,77,720390
06/12/2018,78,79,74,74,317441
07/12/2018,75,76,73,73,157277
10/12/2018,74,76,73,73,203799
11/12/2018,74,74,69,69,450508
12/12/2018,70,71,68,68,168767
13/12/2018,68,71,68,69,548108
14/12/2018,69,70,65,66,322003
17/12/2018,68,68,63,63,198975
18/12/2018,64,64,55,56,819147
19/12/2018,56,61,53,56,1207830
20/12/2018,59,59,52,53,682834
21/12/2018,53,53,50,50,834865
26/12/2018,50,51,50,50,228632
27/12/2018,50,50,50,50,164300
28/12/2018,50,50,50,50,28994
02/01/2019,50,50,50,50,5517
03/01/2019,50,53,50,52,849478
04/01/2019,51,58,51,55,1192603
07/01/2019,55,73,55,70,3797589
08/01/2019,70,86,67,77,5571229
09/01/2019,78,82,76,77,2026589
10/01/2019,78,81,73,75,1674515
11/01/2019,75,78,75,77,697701
14/01/2019,77,78,73,73,591022
15/01/2019,73,77,72,75,1010086
16/01/2019,76,82,74,77,2937620
17/01/2019,77,83,77,78,2795090
18/01/2019,79,83,79,81,1588832
21/01/2019,83,89,79,82,4035189
22/01/2019,82,84,78,80,1021613
23/01/2019,79,83,76,83,1189948
24/01/2019,84,85,79,80,916659
25/01/2019,81,81,78,78,441742
28/01/2019,78,80,77,77,316175
29/01/2019,77,78,74,75,436720
30/01/2019,76,77,73,75,272290
31/01/2019,75,81,75,79,1189989
01/02/2019,82,82,75,76,642431
04/02/2019,77,79,76,77,400319
06/02/2019,78,81,77,78,357518
07/02/2019,78,80,77,77,632164
08/02/2019,77,77,74,74,446181
11/02/2019,75,76,72,76,545132
12/02/2019,76,81,75,81,1713340
13/02/2019,83,104,79,96,10506245
14/02/2019,98,98,85,85,3993929
15/02/2019,85,88,81,83,2012079
18/02/2019,85,92,84,87,2886946
19/02/2019,96,96,87,92,2886951
20/02/2019,92,92,87,89,1056365
21/02/2019,90,95,88,94,1690764
22/02/2019,94,96,90,90,1134991
25/02/2019,90,93,89,89,409846
26/02/2019,88,89,82,84,1256893
27/02/2019,84,86,82,83,698975
28/02/2019,84,85,78,79,814979
01/03/2019,80,83,79,81,283599
04/03/2019,81,84,81,82,328611
05/03/2019,83,83,79,79,289970
06/03/2019,82,86,80,84,1542034
08/03/2019,83,84,78,79,648224
11/03/2019,79,79,67,69,2161079
12/03/2019,70,73,67,68,772863
13/03/2019,70,70,67,67,309915
14/03/2019,69,72,68,71,903714
15/03/2019,72,75,70,71,1692413
18/03/2019,71,72,69,69,382572
19/03/2019,70,71,68,69,622561
20/03/2019,70,72,68,71,846472
21/03/2019,72,75,69,70,927544
22/03/2019,70,71,69,69,429059
25/03/2019,68,69,66,66,436057
26/03/2019,67,69,66,67,269487
27/03/2019,69,69,67,68,232609
28/03/2019,68,69,66,66,275545
29/03/2019,67,67,61,62,576599
01/04/2019,63,64,61,63,331716
02/04/2019,63,66,63,63,442340
04/04/2019,63,64,57,57,780694
05/04/2019,58,58,54,56,674344
08/04/2019,55,58,54,55,340791
09/04/2019,56,70,56,63,3610905
10/04/2019,64,67,60,61,1630536
11/04/2019,62,62,58,59,339414
12/04/2019,59,61,57,58,363484
15/04/2019,60,61,57,58,721821
16/04/2019,58,60,57,60,345014
18/04/2019,60,62,58,59,461765
22/04/2019,59,60,58,59,224127
23/04/2019,59,64,59,62,1226713
24/04/2019,62,64,59,60,561517
25/04/2019,60,63,59,61,639290
26/04/2019,61,62,59,60,370469
29/04/2019,60,64,59,63,1064119
30/04/2019,62,64,60,60,542785
02/05/2019,60,61,59,61,408479
03/05/2019,61,61,59,60,249683
06/05/2019,60,60,58,59,244985
07/05/2019,59,63,58,60,785182
08/05/2019,61,62,58,58,462383
09/05/2019,59,60,58,58,179863
10/05/2019,58,60,58,59,195271
13/05/2019,58,60,57,58,210217
14/05/2019,58,60,57,58,301482
15/05/2019,58,59,51,52,1226183
16/05/2019,52,55,52,52,287633
17/05/2019,52,54,52,53,201434
20/05/2019,54,54,52,52,104472
21/05/2019,52,55,52,53,220968
22/05/2019,54,54,52,53,189302
23/05/2019,53,57,53,54,390904
24/05/2019,55,55,54,54,127450
27/05/2019,54,56,54,54,262695
28/05/2019,55,55,54,54,104907
29/05/2019,54,56,54,55,246364
31/05/2019,55,55,54,55,137496
10/06/2019,55,56,54,54,67800
11/06/2019,54,57,54,55,631539
12/06/2019,55,59,55,57,523402
13/06/2019,56,59,56,58,301528
14/06/2019,58,59,57,57,134442
17/06/2019,56,59,56,57,195456
18/06/2019,57,57,55,56,149718
19/06/2019,57,59,56,59,492489
20/06/2019,60,66,60,60,1463347
21/06/2019,61,62,58,59,424229
24/06/2019,60,61,58,59,417602
25/06/2019,59,62,58,61,632790
26/06/2019,61,63,59,59,587439
27/06/2019,59,61,59,60,222572
28/06/2019,60,62,58,59,291271
01/07/2019,60,62,59,59,364431
02/07/2019,60,63,59,63,1584438
03/07/2019,63,67,61,63,2852825
04/07/2019,63,65,61,61,704266
05/07/2019,61,63,61,63,404254
08/07/2019,62,63,59,59,530279
09/07/2019,60,60,58,60,217448
10/07/2019,60,62,59,59,159643
11/07/2019,60,61,59,60,279112
12/07/2019,60,61,59,59,153755
15/07/2019,60,60,58,59,113070
16/07/2019,59,60,58,58,120008
17/07/2019,58,59,55,57,427930
18/07/2019,57,59,56,57,142093
19/07/2019,58,58,56,57,65674
22/07/2019,57,58,56,57,121380
23/07/2019,58,58,57,57,135505
24/07/2019,57,60,57,57,415667
25/07/2019,57,58,56,57,197826
26/07/2019,56,57,56,56,115122
29/07/2019,56,57,54,55,244866
30/07/2019,55,56,54,55,134192
31/07/2019,56,56,55,55,68827
01/08/2019,56,62,55,61,1394052
02/08/2019,61,61,58,58,643348
05/08/2019,58,59,56,57,256240
06/08/2019,56,57,55,56,298814
07/08/2019,56,58,56,56,165759
08/08/2019,56,61,56,58,867502
09/08/2019,58,60,57,58,194193
12/08/2019,58,60,56,57,304257
13/08/2019,57,58,56,56,271921
14/08/2019,58,58,56,56,151346
15/08/2019,56,56,55,55,211766
16/08/2019,55,56,53,53,906700
19/08/2019,55,56,53,54,257663
20/08/2019,54,55,54,54,85730
21/08/2019,55,57,54,55,379416
22/08/2019,55,55,53,53,159452
23/08/2019,53,55,53,53,165226
26/08/2019,53,56,52,54,386753
27/08/2019,54,55,53,54,161613
28/08/2019,54,55,53,53,222959
29/08/2019,54,56,53,55,611740
30/08/2019,56,56,54,55,187546
02/09/2019,55,55,53,53,129562
03/09/2019,53,55,53,53,98770
04/09/2019,54,57,53,57,814720
05/09/2019,58,58,55,56,330948
06/09/2019,56,58,55,55,342648
09/09/2019,55,57,55,56,140586
10/09/2019,57,59,56,58,961712
11/09/2019,58,63,58,62,2292524
12/09/2019,62,64,58,58,890120
13/09/2019,58,61,58,61,771891
16/09/2019,64,66,60,61,2310282
17/09/2019,62,63,61,61,998745
18/09/2019,62,62,58,58,881324
19/09/2019,59,59,57,57,481772
20/09/2019,57,59,56,58,464971
23/09/2019,57,59,57,58,351915
24/09/2019,58,60,57,58,412952
25/09/2019,59,60,57,60,351113
26/09/2019,60,61,59,60,142995
27/09/2019,59,61,58,59,353362
30/09/2019,59,60,58,59,473472
01/10/2019,59,60,58,58,227781
02/10/2019,58,59,56,57,469348
03/10/2019,57,57,55,55,275826
04/10/2019,56,57,55,55,147421
07/10/2019,55,56,53,53,670984
08/10/2019,54,55,53,54,199311
09/10/2019,54,58,54,56,480950
10/10/2019,57,57,55,56,210941
11/10/2019,57,59,56,57,339627
14/10/2019,58,58,56,56,91393
15/10/2019,56,57,55,57,168848
16/10/2019,57,58,56,57,125659
17/10/2019,57,57,55,56,132683
18/10/2019,55,57,55,57,102510
21/10/2019,57,57,56,57,79906
22/10/2019,57,57,56,57,265748
23/10/2019,57,57,56,56,79209
24/10/2019,56,58,55,56,364470
25/10/2019,56,58,56,56,297303
28/10/2019,56,60,56,60,1117881
29/10/2019,60,60,57,57,618221
30/10/2019,57,60,56,57,703664
31/10/2019,58,58,56,57,249971
01/11/2019,57,58,56,56,221755
04/11/2019,57,57,55,55,328359
05/11/2019,55,58,55,56,374638
06/11/2019,57,57,55,56,133239
07/11/2019,56,57,55,56,128681
08/11/2019,55,56,55,55,76290
11/11/2019,55,56,54,55,67116
12/11/2019,55,56,54,54,102670
13/11/2019,55,56,54,55,61633
14/11/2019,55,56,54,55,203793
15/11/2019,55,56,54,54,168030
18/11/2019,54,55,54,54,91187
19/11/2019,55,55,50,51,757762
20/11/2019,53,53,51,52,102073
21/11/2019,52,53,51,52,58831
22/11/2019,52,53,52,52,81244
25/11/2019,53,53,51,51,116537
26/11/2019,52,52,51,52,190100
27/11/2019,52,53,51,51,198890
28/11/2019,52,53,51,51,212632
29/11/2019,51,53,51,51,112078
02/12/2019,52,53,51,51,358880
03/12/2019,51,53,51,52,308139
04/12/2019,53,53,51,51,231669
05/12/2019,52,54,51,51,308545
06/12/2019,51,52,51,51,71579
09/12/2019,52,52,51,52,129296
10/12/2019,52,54,51,51,371114
11/12/2019,51,53,51,52,413991
12/12/2019,52,53,50,50,1041501
13/12/2019,50,51,50,50,358302
16/12/2019,50,52,50,50,269652
17/12/2019,51,51,50,51,32680
18/12/2019,51,51,50,50,471191
19/12/2019,50,51,50,51,225195
20/12/2019,50,51,50,50,155664
23/12/2019,50,51,50,50,104581
26/12/2019,50,51,50,50,84835
27/12/2019,50,51,50,50,71619
30/12/2019,50,51,50,50,171052
02/01/2020,50,51,50,50,190209
03/01/2020,50,53,50,52,613710
06/01/2020,53,53,51,52,489836
07/01/2020,52,53,51,51,108362
08/01/2020,52,52,50,51,245137
09/01/2020,51,52,50,51,162452
10/01/2020,51,53,51,51,232775
13/01/2020,52,53,51,51,113875
14/01/2020,51,52,51,52,137953
15/01/2020,52,52,50,51,47313
16/01/2020,51,52,50,51,75618
17/01/2020,51,51,50,50,65231
20/01/2020,50,51,50,50,159210
21/01/2020,50,51,50,50,33895
22/01/2020,50,50,50,50,13210
23/01/2020,50,50,50,50,1948
24/01/2020,50,50,50,50,10796
27/01/2020,50,50,50,50,11003
28/01/2020,50,50,50,50,6729
29/01/2020,50,50,50,50,21255
30/01/2020,50,50,50,50,704
31/01/2020,50,50,50,50,10003
03/02/2020,50,50,50,50,1974
04/02/2020,50,50,50,50,11470
05/02/2020,50,50,50,50,1261
06/02/2020,50,50,50,50,22911
07/02/2020,50,50,50,50,33687
10/02/2020,50,50,50,50,93907
11/02/2020,50,52,50,50,333904
12/02/2020,50,51,50,50,45840
13/02/2020,50,50,50,50,32446
14/02/2020,50,50,50,50,10353
17/02/2020,50,50,50,50,12089
18/02/2020,50,50,50,50,124986
19/02/2020,50,50,50,50,11066
20/02/2020,50,50,50,50,21085
21/02/2020,50,50,50,50,11199
24/02/2020,50,50,50,50,13043
25/02/2020,50,50,50,50,173
26/02/2020,50,50,50,50,10052
27/02/2020,50,50,50,50,11477
28/02/2020,50,50,50,50,10216
02/03/2020,50,50,50,50,35
03/03/2020,50,50,50,50,288
04/03/2020,50,50,50,50,487
05/03/2020,50,50,50,50,42
06/03/2020,50,50,50,50,412
09/03/2020,50,50,50,50,62
10/03/2020,50,50,50,50,244281
11/03/2020,50,50,50,50,160901
12/03/2020,50,51,50,50,393985
13/03/2020,50,50,50,50,50980
16/03/2020,50,50,50,50,2
17/03/2020,50,50,50,50,422
18/03/2020,50,50,50,50,5
19/03/2020,50,50,50,50,84
20/03/2020,50,50,50,50,3
23/03/2020,50,50,50,50,0
24/03/2020,50,50,50,50,88
26/03/2020,50,50,50,50,249
27/03/2020,50,50,50,50,100213
30/03/2020,50,50,50,50,340
31/03/2020,50,50,50,50,820
01/04/2020,50,50,50,50,5122
02/04/2020,50,50,50,50,210
03/04/2020,50,50,50,50,2022
06/04/2020,50,50,50,50,12105
07/04/2020,50,50,50,50,4903
08/04/2020,50,57,50,51,1738920
09/04/2020,52,55,50,52,813378
13/04/2020,51,53,50,51,186459
14/04/2020,51,52,50,51,341472
15/04/2020,52,54,50,50,174451
16/04/2020,50,51,50,50,17479
17/04/2020,50,52,50,51,188646
20/04/2020,51,51,50,50,180045
21/04/2020,50,50,50,50,4705
22/04/2020,50,50,50,50,1560
23/04/2020,50,50,50,50,9664
24/04/2020,50,50,50,50,3409
27/04/2020,50,50,50,50,344
28/04/2020,50,50,50,50,78
29/04/2020,50,50,50,50,836
30/04/2020,50,50,50,50,10496
04/05/2020,50,50,50,50,262
05/05/2020,50,50,50,50,124
06/05/2020,50,50,50,50,2674
08/05/2020,50,50,50,50,334
11/05/2020,50,50,50,50,1337
12/05/2020,50,50,50,50,598
13/05/2020,50,50,50,50,249
14/05/2020,50,50,50,50,22
15/05/2020,50,50,50,50,69
18/05/2020,50,50,50,50,270
19/05/2020,50,50,50,50,10615
20/05/2020,50,50,50,50,34
26/05/2020,50,50,50,50,725
27/05/2020,50,50,50,50,1128
28/05/2020,50,50,50,50,1468
29/05/2020,50,50,50,50,2045
02/06/2020,50,50,50,50,50496
03/06/2020,50,52,50,50,423889
04/06/2020,50,52,50,50,208655
05/06/2020,51,57,50,54,2721467
08/06/2020,56,61,55,60,1637498
09/06/2020,61,63,56,56,992150
10/06/2020,56,56,53,53,418993
11/06/2020,50,55,50,53,512863
12/06/2020,53,53,50,53,215006
15/06/2020,54,54,51,52,206789
16/06/2020,60,60,51,54,414321
17/06/2020,55,56,53,54,99073
18/06/2020,53,55,53,54,51693
19/06/2020,54,55,53,53,82187
22/06/2020,54,55,52,54,187225
23/06/2020,54,56,53,54,428576
24/06/2020,55,56,54,54,219517
25/06/2020,53,54,51,52,326539
26/06/2020,52,54,52,52,60263
29/06/2020,53,53,51,51,80349
30/06/2020,51,53,51,52,90701
01/07/2020,52,53,52,52,84362
02/07/2020,53,53,52,52,87353
03/07/2020,52,53,52,53,67375
06/07/2020,53,53,52,53,48074
07/07/2020,53,53,51,52,54288
08/07/2020,52,53,51,52,56887
09/07/2020,52,53,51,53,70021
10/07/2020,53,53,51,52,49836
13/07/2020,52,52,50,51,277131
14/07/2020,51,51,50,51,88864
15/07/2020,51,52,50,51,29962
16/07/2020,51,52,50,50,63266
17/07/2020,50,52,50,51,47477
20/07/2020,51,52,50,50,47772
21/07/2020,51,52,50,51,60198
22/07/2020,51,53,50,51,527412
23/07/2020,51,52,51,51,39482
24/07/2020,51,52,50,51,152522
27/07/2020,51,52,50,52,58104
28/07/2020,52,52,50,51,44044
29/07/2020,51,52,50,50,73281
30/07/2020,51,51,50,50,191131
03/08/2020,50,50,50,50,55057
04/08/2020,50,50,50,50,21254
05/08/2020,50,51,50,50,21779
06/08/2020,51,51,50,51,70580
07/08/2020,51,51,50,51,35777
10/08/2020,51,51,50,51,58448
11/08/2020,50,51,50,50,297268
12/08/2020,51,51,50,50,38412
13/08/2020,50,51,50,50,21800
14/08/2020,50,51,50,50,245409
18/08/2020,50,50,50,50,59285
19/08/2020,50,51,50,51,107577
24/08/2020,51,51,50,50,67716
25/08/2020,50,51,50,50,37005
26/08/2020,50,51,50,51,28815
27/08/2020,51,51,50,50,16910
28/08/2020,50,50,50,50,3972
31/08/2020,50,50,50,50,81998
01/09/2020,50,51,50,50,483451
02/09/2020,51,67,50,67,5053901
03/09/2020,69,70,63,63,3293590
04/09/2020,60,62,59,59,1280233
07/09/2020,57,60,55,57,1360563
08/09/2020,57,59,54,55,1324688
09/09/2020,54,54,52,52,420429
10/09/2020,51,52,50,51,798134
11/09/2020,50,53,50,52,370789
14/09/2020,52,55,52,55,326845
15/09/2020,55,65,53,61,5476306
16/09/2020,62,63,57,57,1009824
17/09/2020,55,56,54,54,801741
18/09/2020,51,57,51,56,1073920
21/09/2020,58,62,55,56,2349038
22/09/2020,56,56,53,54,299636
23/09/2020,54,56,52,53,216183
24/09/2020,53,53,51,51,363760
25/09/2020,52,57,52,55,1020811
28/09/2020,55,57,53,53,379328
29/09/2020,56,57,53,53,389686
30/09/2020,55,56,52,54,539633
01/10/2020,54,56,54,55,128474
02/10/2020,55,57,54,54,603197
05/10/2020,53,55,53,53,84950
06/10/2020,54,57,53,54,983253
07/10/2020,54,55,53,53,148638
08/10/2020,53,55,53,53,92652
09/10/2020,53,55,53,53,100805
12/10/2020,53,55,51,52,394522
13/10/2020,52,54,51,52,210832
14/10/2020,52,53,50,51,586115
15/10/2020,50,52,50,51,126573
16/10/2020,51,52,51,51,89565
19/10/2020,51,52,51,51,56366
20/10/2020,52,52,50,50,207584
21/10/2020,50,51,50,50,160208
22/10/2020,50,51,50,50,148813
23/10/2020,51,52,50,51,95524
26/10/2020,51,54,51,53,465298
27/10/2020,53,53,51,51,124606
02/11/2020,51,54,50,52,300351
03/11/2020,52,54,51,53,379280
04/11/2020,54,54,53,53,256820
05/11/2020,55,60,53,58,1644397
06/11/2020,60,61,57,60,773075
09/11/2020,60,61,57,58,324710
10/11/2020,59,59,55,56,218014
11/11/2020,58,59,56,57,176935
12/11/2020,57,61,57,59,631166
13/11/2020,59,60,57,58,149818
16/11/2020,59,59,57,59,123077
17/11/2020,58,62,58,60,378419
18/11/2020,60,63,58,58,200171
19/11/2020,61,61,58,58,163674
20/11/2020,59,62,58,60,379788
23/11/2020,60,73,59,70,2482007
24/11/2020,71,75,71,75,1204173
25/11/2020,78,96,76,87,5316513
26/11/2020,88,91,81,86,2182834
27/11/2020,86,88,81,81,1309577
30/11/2020,81,96,81,87,5998720
01/12/2020,88,89,83,86,1046589
02/12/2020,86,90,85,85,1100465
03/12/2020,88,101,84,96,5207889
04/12/2020,96,98,90,92,2510996
07/12/2020,94,104,92,98,6900406
08/12/2020,99,100,96,96,1677263
10/12/2020,97,100,93,95,1231382
11/12/2020,96,97,92,94,685256
14/12/2020,94,96,90,92,1364544
15/12/2020,92,92,88,89,692687
16/12/2020,89,96,87,95,2533813
17/12/2020,97,121,96,117,18243843
18/12/2020,119,133,114,117,7158908
21/12/2020,117,125,117,120,2136845
22/12/2020,120,123,112,112,1861754
23/12/2020,115,118,105,111,1662416
28/12/2020,111,117,107,117,1501972
29/12/2020,117,127,114,119,5140689
30/12/2020,119,131,114,129,8633751
04/01/2021,132,155,129,140,18806604
05/01/2021,141,142,135,136,2619436
06/01/2021,139,142,127,134,2715266
07/01/2021,132,143,130,137,3716271
08/01/2021,137,141,134,134,2700152
11/01/2021,134,137,130,132,2008047
12/01/2021,132,134,127,129,1309005
13/01/2021,131,164,130,162,12818909
14/01/2021,164,170,151,151,7801358
15/01/2021,151,154,141,144,3654477
18/01/2021,144,171,137,153,12769647
19/01/2021,155,161,143,143,3921456
20/01/2021,138,145,133,139,3423613
21/01/2021,139,151,139,142,2595279
22/01/2021,141,141,133,133,1657228
25/01/2021,132,132,124,124,943388
26/01/2021,122,124,116,116,1497458
27/01/2021,116,116,108,108,1511358
28/01/2021,101,116,101,101,1880415
29/01/2021,101,109,94,97,1660557
01/02/2021,97,105,93,104,1430497
02/02/2021,104,119,104,107,2337208
03/02/2021,107,112,107,108,857953
04/02/2021,108,114,105,107,900700
05/02/2021,108,118,107,118,1959195
08/02/2021,125,125,115,116,1751767
09/02/2021,116,121,113,115,1098598
10/02/2021,117,118,112,114,289646
11/02/2021,114,116,112,112,395061
15/02/2021,114,121,113,121,1072878
16/02/2021,121,123,116,118,651747
17/02/2021,118,121,114,116,624601
18/02/2021,116,120,115,116,768570
19/02/2021,117,117,113,114,401562
22/02/2021,115,118,113,115,436215
23/02/2021,117,127,115,127,4904747
24/02/2021,129,129,119,119,2456420
25/02/2021,120,125,119,123,1640988
26/02/2021,122,122,115,117,1007798
01/03/2021,113,122,113,119,885429
02/03/2021,119,120,116,117,723226
03/03/2021,118,120,117,117,387861
04/03/2021,118,120,114,117,775683
05/03/2021,117,120,116,117,494433
08/03/2021,118,122,118,118,953216
09/03/2021,118,121,114,117,773121
10/03/2021,117,117,115,116,244502
12/03/2021,117,120,116,118,560699
15/03/2021,119,121,117,120,576327
16/03/2021,120,121,118,119,495163
17/03/2021,120,120,117,118,374471
18/03/2021,118,121,118,118,464004
19/03/2021,119,126,113,118,2793641
22/03/2021,119,121,114,116,998935
23/03/2021,120,120,113,113,884245
24/03/2021,113,113,107,111,741038
25/03/2021,112,115,104,112,1132595
26/03/2021,112,113,109,113,304602
29/03/2021,113,114,110,111,309008
30/03/2021,111,112,107,107,215653
31/03/2021,107,109,100,105,1042038
01/04/2021,105,108,101,104,709640
05/04/2021,104,107,103,104,218349
06/04/2021,104,105,102,104,369290
07/04/2021,103,110,103,109,765146
08/04/2021,113,121,112,118,3810981
09/04/2021,119,120,110,112,1749071
12/04/2021,111,115,108,109,453098
13/04/2021,107,111,107,109,305601
14/04/2021,109,112,106,109,563393
15/04/2021,110,110,107,107,259822
16/04/2021,107,109,106,107,319864
19/04/2021,107,109,106,108,139615
20/04/2021,109,112,108,111,473314
21/04/2021,110,111,108,109,193801
22/04/2021,109,114,109,114,882354
23/04/2021,115,115,110,110,534617
26/04/2021,109,110,108,109,155060
27/04/2021,109,110,106,107,199405
28/04/2021,107,110,106,108,262508
29/04/2021,108,111,108,108,197588
30/04/2021,109,114,108,112,701370
03/05/2021,112,117,109,115,1022442
04/05/2021,118,119,114,114,889504
05/05/2021,115,116,114,115,364043
06/05/2021,115,117,111,112,599718
07/05/2021,112,114,110,110,137527
10/05/2021,110,112,109,109,168408
11/05/2021,109,110,105,106,458528
17/05/2021,107,108,102,102,277660
18/05/2021,102,109,102,108,532847
19/05/2021,108,110,103,103,363394
20/05/2021,102,110,102,107,484083
21/05/2021,107,109,103,103,325288
24/05/2021,103,106,99,101,422785
25/05/2021,101,103,101,102,202801
27/05/2021,103,105,102,105,169340
28/05/2021,105,106,102,104,244120
31/05/2021,104,105,101,102,254532
02/06/2021,102,108,101,107,533493
03/06/2021,108,111,107,107,288433
04/06/2021,107,109,105,107,103000
07/06/2021,107,108,105,105,131203
08/06/2021,106,113,103,109,1117100
09/06/2021,111,111,106,106,289892
10/06/2021,108,109,106,107,218199
11/06/2021,108,114,107,112,937961
14/06/2021,113,114,108,108,308825
15/06/2021,109,112,107,109,305047
16/06/2021,110,111,108,108,168568
17/06/2021,108,111,106,106,201575
18/06/2021,106,108,100,103,410577
21/06/2021,103,103,99,101,218136
22/06/2021,102,104,101,104,268951
23/06/2021,104,116,104,107,2686113
24/06/2021,105,121,105,120,3873707
25/06/2021,122,126,116,117,2696338
28/06/2021,119,122,115,116,1344767
29/06/2021,117,119,112,115,1417017
30/06/2021,116,130,115,118,7215163
01/07/2021,118,121,115,117,1425723
02/07/2021,117,132,116,127,6068223
05/07/2021,128,128,123,126,949518
06/07/2021,128,128,122,123,980056
07/07/2021,123,128,121,121,4652329
08/07/2021,118,124,118,121,1171208
09/07/2021,121,122,120,120,446787
12/07/2021,119,131,119,130,3166346
13/07/2021,130,132,123,124,2769654
14/07/2021,124,126,120,121,2412018
15/07/2021,121,127,120,122,1092354
16/07/2021,124,124,120,121,570695
19/07/2021,121,124,113,113,4768960
21/07/2021,112,113,106,107,1313887
22/07/2021,107,112,107,111,750493
23/07/2021,120,120,109,110,397314
26/07/2021,110,112,108,108,316092
27/07/2021,108,112,108,108,688486
28/07/2021,108,110,105,105,583210
29/07/2021,105,110,105,109,612209
30/07/2021,109,110,106,106,273201
02/08/2021,107,112,106,111,478573
03/08/2021,112,117,110,116,759897
04/08/2021,117,129,116,121,2384922
05/08/2021,122,127,122,126,1110746
06/08/2021,128,139,123,132,4167777
09/08/2021,132,132,123,123,1513216
10/08/2021,121,125,117,123,912611
12/08/2021,124,125,118,119,591433
13/08/2021,120,121,113,114,713555
16/08/2021,114,115,109,113,796858
18/08/2021,114,115,108,109,492074
19/08/2021,110,110,104,105,509548
20/08/2021,105,110,104,108,475488
23/08/2021,109,115,108,114,593274
24/08/2021,114,117,110,113,455438
25/08/2021,113,116,111,113,231832
26/08/2021,113,114,110,110,189235
27/08/2021,110,112,109,109,106973
30/08/2021,109,114,109,110,241871
31/08/2021,110,112,109,110,179910
01/09/2021,111,112,109,109,247107
02/09/2021,109,111,106,107,190253
03/09/2021,107,119,107,115,1684678
06/09/2021,115,119,115,117,3930987
07/09/2021,117,121,117,118,3779665
08/09/2021,118,120,114,116,3512254
09/09/2021,116,122,112,121,3316576
10/09/2021,121,126,119,122,3665552
13/09/2021,122,124,121,122,3145455
14/09/2021,122,123,114,118,3013721
15/09/2021,118,120,116,118,3156046
16/09/2021,118,121,118,119,4009160
17/09/2021,120,124,118,123,4344302
20/09/2021,123,124,117,118,4301253
21/09/2021,118,121,116,119,3186795
22/09/2021,119,123,118,122,3527681
23/09/2021,122,130,121,125,4474367
24/09/2021,126,128,125,127,4040898
27/09/2021,128,129,124,126,4041478
28/09/2021,127,135,126,130,6535086
29/09/2021,130,135,126,129,4816227
30/09/2021,129,132,128,128,3990000
01/10/2021,128,130,120,122,4231556
04/10/2021,122,133,122,129,5083452
05/10/2021,130,134,123,126,4398224
06/10/2021,127,133,127,132,5231862
07/10/2021,131,132,125,126,4701325
08/10/2021,126,129,124,125,4008416
11/10/2021,126,130,124,126,4564967
12/10/2021,126,129,124,124,3383628
13/10/2021,125,126,117,120,3562136
14/10/2021,122,124,120,124,3864228
15/10/2021,124,125,121,121,3392119
18/10/2021,121,124,121,123,3248480
19/10/2021,123,125,122,124,3623739
21/10/2021,124,125,121,122,3168051
22/10/2021,122,124,120,124,3462557
25/10/2021,124,126,123,124,3440277
26/10/2021,124,128,124,127,3779973
27/10/2021,127,129,122,122,3033160
28/10/2021,122,123,118,118,3518483
29/10/2021,118,122,117,121,2784091
01/11/2021,121,124,120,122,2787065
02/11/2021,122,126,121,122,2489025
03/11/2021,123,125,121,122,2801612
04/11/2021,123,124,121,122,2345110
05/11/2021,122,123,120,121,2267622
08/11/2021,121,123,118,120,2805264
09/11/2021,119,121,115,119,3033770
10/11/2021,119,121,117,119,3106753
11/11/2021,119,120,117,119,3353501
12/11/2021,119,121,119,119,3951310
15/11/2021,119,120,117,118,3580905
16/11/2021,118,120,117,118,3420130
17/11/2021,118,119,116,118,3327575
18/11/2021,117,119,116,117,3810942
19/11/2021,117,118,115,115,3942587
22/11/2021,116,119,115,117,4194033
23/11/2021,118,118,114,115,4074622
24/11/2021,115,121,115,119,4478875
25/11/2021,119,120,116,117,4824481
26/11/2021,117,118,114,114,4579214
29/11/2021,114,118,112,116,3929066
30/11/2021,117,119,113,114,5153459
01/12/2021,114,117,112,113,3355278
02/12/2021,113,115,112,112,3282532
03/12/2021,112,114,111,111,354055
06/12/2021,112,112,107,108,586096
07/12/2021,107,113,105,107,553962
08/12/2021,108,111,105,107,549399
09/12/2021,107,124,104,120,1088829
10/12/2021,119,120,112,112,893265
13/12/2021,111,113,105,109,4235307
14/12/2021,109,109,104,106,904048
15/12/2021,115,117,108,110,7503470
16/12/2021,110,111,106,108,2694390
17/12/2021,108,109,106,107,2426110
20/12/2021,107,108,105,106,3253243
21/12/2021,107,111,105,107,3261004
22/12/2021,107,108,105,106,3442398
23/12/2021,106,107,105,106,2061428
24/12/2021,106,107,105,105,353361
27/12/2021,105,106,104,105,143246
28/12/2021,105,107,103,104,503317
29/12/2021,101,105,101,104,185449
30/12/2021,104,105,102,102,2189358
03/01/2022,102,106,101,105,1293855
04/01/2022,104,106,102,103,2023891
05/01/2022,102,105,102,102,2435053
06/01/2022,102,104,101,102,2903435
07/01/2022,102,104,101,102,2265667
10/01/2022,101,103,100,101,3128200
11/01/2022,100,102,99,99,2255121
12/01/2022,98,100,96,99,3414547
13/01/2022,98,100,97,99,2762598
14/01/2022,99,100,97,98,1846370
17/01/2022,97,100,97,98,2780272
18/01/2022,99,99,97,99,5308730
19/01/2022,100,105,99,103,2366720
20/01/2022,103,105,103,105,2226000
21/01/2022,105,106,103,105,2705660
24/01/2022,105,112,105,111,4315009
25/01/2022,111,114,106,106,2445780
26/01/2022,107,111,107,109,3423702
27/01/2022,109,112,109,111,3662140
28/01/2022,112,114,110,113,2672910
31/01/2022,114,117,111,114,3634532
02/02/2022,114,116,113,114,3520910
03/02/2022,114,115,111,114,2792950
04/02/2022,114,118,114,116,3058979
07/02/2022,117,120,116,118,3906236
08/02/2022,118,122,118,121,2708830
09/02/2022,121,152,120,148,8110186
10/02/2022,149,155,142,146,3522736
11/02/2022,146,173,146,161,6851568
14/02/2022,191,191,158,165,4099775
15/02/2022,165,200,165,196,7355553
16/02/2022,192,198,183,183,4507100
17/02/2022,183,190,171,177,4455700
18/02/2022,177,182,168,179,1637640
21/02/2022,184,184,168,172,1345230
22/02/2022,171,186,171,180,3895630
23/02/2022,180,182,168,170,2005550
24/02/2022,170,191,162,183,7633250
25/02/2022,184,187,171,171,3497863
01/03/2022,171,179,170,173,1756362
02/03/2022,177,183,172,178,3370090
04/03/2022,180,182,166,166,3630920
07/03/2022,166,174,161,169,2227360
08/03/2022,169,172,158,158,1375860
09/03/2022,158,160,147,149,1889779
10/03/2022,150,150,139,146,935774
11/03/2022,146,156,144,144,809222
14/03/2022,146,150,139,141,1175540
15/03/2022,140,144,137,141,613391
16/03/2022,142,148,141,148,729546
17/03/2022,149,163,146,161,3108170
18/03/2022,161,164,156,157,1599043
21/03/2022,157,163,154,159,989767
22/03/2022,161,163,157,159,799174
23/03/2022,159,170,159,169,1945830
24/03/2022,169,174,162,168,1359610
25/03/2022,168,170,163,166,439775
28/03/2022,166,171,164,166,905398
29/03/2022,167,172,166,167,680406
30/03/2022,167,168,156,162,1157889
31/03/2022,161,172,160,170,1428200
01/04/2022,169,171,162,164,894021
04/04/2022,165,179,161,174,2116428
05/04/2022,174,187,174,175,3058965
06/04/2022,176,182,175,180,1253512
07/04/2022,180,182,174,177,1071555
08/04/2022,177,188,172,187,1589824
11/04/2022,187,195,175,176,2232373
12/04/2022,176,187,174,185,940040
13/04/2022,186,204,177,180,6013579
14/04/2022,180,186,178,182,851451
18/04/2022,183,185,170,176,2554180
19/04/2022,178,185,176,183,1483180
20/04/2022,184,185,176,185,1290226
21/04/2022,186,189,180,183,579697
22/04/2022,183,185,171,175,799875
25/04/2022,174,180,169,176,480907
26/04/2022,177,182,175,179,435991
27/04/2022,178,194,178,191,1184647
28/04/2022,191,204,191,198,2538193
09/05/2022,198,254,197,230,7366853
10/05/2022,232,242,218,238,2663740
11/05/2022,240,248,226,240,1096600
12/05/2022,240,254,224,228,3266900
13/05/2022,226,250,226,240,1387264
17/05/2022,242,246,236,240,640622
18/05/2022,242,258,230,236,1736521
19/05/2022,240,240,220,224,1261900
20/05/2022,222,230,218,220,335540
23/05/2022,220,226,212,224,500694
24/05/2022,226,228,220,224,328387
25/05/2022,224,236,222,222,746102
27/05/2022,222,232,220,232,597317
30/05/2022,234,238,226,232,524603
31/05/2022,234,240,230,236,685833
02/06/2022,236,240,226,226,500950
03/06/2022,230,234,226,226,278673
06/06/2022,230,236,216,234,692084
07/06/2022,236,292,236,292,5616300
08/06/2022,302,314,278,294,6199921
09/06/2022,334,334,274,274,4976930
10/06/2022,268,284,264,282,1343059
13/06/2022,270,290,264,270,2001988
14/06/2022,270,304,268,300,4044802
15/06/2022,320,320,286,292,2312117
16/06/2022,294,306,286,290,2043542
17/06/2022,290,302,276,280,2008897
20/06/2022,280,288,272,282,582805
21/06/2022,286,288,280,282,715824
22/06/2022,286,286,264,264,1389360
23/06/2022,262,264,246,246,1323233
24/06/2022,244,256,240,252,647336
27/06/2022,252,258,244,248,460282
28/06/2022,252,254,246,248,314802
29/06/2022,250,252,234,234,932802
30/06/2022,232,240,222,222,925108
01/07/2022,220,234,218,222,743525
04/07/2022,224,226,208,220,803887
05/07/2022,222,230,222,228,474301
06/07/2022,226,230,216,220,445116
07/07/2022,218,234,216,232,491129
08/07/2022,234,238,226,230,444973
11/07/2022,234,246,224,244,690010
12/07/2022,246,254,236,236,937659
13/07/2022,238,238,226,228,333600
14/07/2022,228,234,228,230,135007
15/07/2022,232,232,218,222,313835
18/07/2022,222,230,220,220,138031
19/07/2022,220,230,220,228,186742
20/07/2022,228,238,228,234,242452
21/07/2022,236,244,232,234,385509
22/07/2022,234,262,234,252,2803181
25/07/2022,254,292,246,290,2990453
26/07/2022,294,306,280,296,3979151
27/07/2022,296,296,276,276,1614793
28/07/2022,276,290,276,284,1161997
29/07/2022,284,288,276,280,558775
01/08/2022,282,284,264,270,853501
02/08/2022,270,282,258,282,826883
03/08/2022,282,284,266,268,1254201
04/08/2022,270,274,260,264,410986
05/08/2022,264,276,262,266,549996
08/08/2022,266,276,264,268,382630
09/08/2022,270,290,268,282,1817220
10/08/2022,280,286,270,276,1020618
11/08/2022,278,298,278,284,1884741
12/08/2022,284,288,276,280,567609
15/08/2022,280,294,276,284,1362355
16/08/2022,286,290,274,276,928943
18/08/2022,278,292,276,282,839739
19/08/2022,286,288,264,268,1456883
22/08/2022,270,270,250,250,2082560
23/08/2022,250,260,234,236,2584908
24/08/2022,238,244,220,222,3374360
25/08/2022,226,238,218,232,4746686
26/08/2022,234,248,232,244,3931674
29/08/2022,240,264,234,260,2788672
30/08/2022,260,270,252,252,1697081
31/08/2022,252,266,246,260,1475656
01/09/2022,264,264,254,258,566741
02/09/2022,260,270,254,264,1456230
05/09/2022,266,278,260,274,1619527
06/09/2022,276,286,272,284,1489455
07/09/2022,286,298,276,294,2493760
08/09/2022,296,306,286,292,2657911
09/09/2022,292,294,280,284,602044
12/09/2022,284,294,280,294,913229
13/09/2022,294,298,288,290,811692
14/09/2022,290,294,282,290,669464
15/09/2022,290,294,286,286,393095
16/09/2022,286,286,266,268,1530868
19/09/2022,268,268,250,254,1039917
20/09/2022,256,278,250,278,1160295
21/09/2022,278,280,262,272,807914
22/09/2022,272,272,262,266,343057
23/09/2022,266,284,262,278,1185613
26/09/2022,280,280,260,270,809926
27/09/2022,268,270,256,264,539885
28/09/2022,270,270,254,262,425771
29/09/2022,262,268,254,254,371069
30/09/2022,256,262,240,256,494379
03/10/2022,258,274,258,270,625900
04/10/2022,272,278,268,272,432163
05/10/2022,278,282,270,270,683258
06/10/2022,280,280,264,272,399186
07/10/2022,272,286,270,284,750017
10/10/2022,284,296,280,290,1089020
11/10/2022,290,294,276,278,560413
12/10/2022,276,276,260,264,650066
13/10/2022,264,276,262,264,283857
14/10/2022,266,270,264,270,407248
17/10/2022,274,276,256,266,323841
18/10/2022,266,272,262,266,254407
19/10/2022,268,282,264,282,482004
20/10/2022,290,292,282,286,742286
21/10/2022,286,292,282,286,495898
24/10/2022,286,298,284,292,1259350
25/10/2022,292,298,286,294,649661
26/10/2022,294,344,288,344,3821290
27/10/2022,348,354,328,336,3952910
28/10/2022,338,354,322,322,2639220
31/10/2022,322,344,322,336,1569230
01/11/2022,336,350,332,336,1717570
02/11/2022,336,380,336,380,4792520
03/11/2022,386,398,370,394,2331450
04/11/2022,390,394,372,378,1867030
07/11/2022,380,392,372,382,1476160
08/11/2022,384,404,376,382,2008050
09/11/2022,382,386,372,378,1424190
10/11/2022,376,396,370,390,1931690
11/11/2022,392,396,364,364,3407930
14/11/2022,354,358,340,340,2785010
15/11/2022,332,352,324,344,2115900
16/11/2022,346,354,332,334,1790290
17/11/2022,334,344,330,338,1773540
18/11/2022,338,344,332,338,1438390
21/11/2022,338,350,334,340,1463160
22/11/2022,340,348,340,344,1551580
23/11/2022,346,354,340,348,1799480
24/11/2022,354,360,344,344,1943757
25/11/2022,344,346,336,336,1761440
28/11/2022,336,336,314,332,1934260
29/11/2022,330,342,324,340,1804400
30/11/2022,342,346,332,338,1654200
01/12/2022,338,348,334,348,1613768
02/12/2022,348,362,342,356,1606300
05/12/2022,358,362,332,332,1960842
06/12/2022,332,334,310,310,2285693
07/12/2022,308,308,290,290,2342668
08/12/2022,290,304,276,302,1921793
09/12/2022,306,306,288,296,1767721
12/12/2022,296,304,284,294,2029480
13/12/2022,294,300,290,292,1476841
14/12/2022,292,316,292,308,1946707
15/12/2022,310,320,306,320,1473020
16/12/2022,318,330,314,314,1815839
19/12/2022,314,318,304,306,946255
20/12/2022,306,314,290,294,1719640
21/12/2022,294,300,292,296,1103230
22/12/2022,296,306,294,296,1225799
23/12/2022,296,300,292,294,662209
26/12/2022,296,310,294,308,1353255
27/12/2022,310,312,300,302,797358
28/12/2022,302,304,292,292,514678
29/12/2022,292,298,290,296,719319
30/12/2022,296,302,294,294,914905
02/01/2023,290,302,290,296,558672
03/01/2023,300,300,292,298,856803
04/01/2023,300,300,278,286,2049136
05/01/2023,286,286,266,268,1153654
06/01/2023,268,276,262,270,1044064
09/01/2023,270,280,268,272,1112845
10/01/2023,274,278,270,274,924844
11/01/2023,274,276,266,268,741262
12/01/2023,270,272,258,264,1342140
13/01/2023,264,268,256,268,1069297
16/01/2023,268,274,258,272,999186
17/01/2023,274,282,270,278,1220622
18/01/2023,282,286,274,278,1010358
19/01/2023,278,290,274,288,1083222
20/01/2023,290,294,286,288,1065935
24/01/2023,290,294,288,290,913292
25/01/2023,290,292,272,278,899396
26/01/2023,278,284,260,262,1878609
27/01/2023,262,268,254,254,1701473
30/01/2023,256,256,242,248,1681901
31/01/2023,246,258,244,256,2019868
01/02/2023,256,258,240,240,2545151
02/02/2023,240,254,236,252,1856693
03/02/2023,254,266,246,264,1804606
06/02/2023,262,264,248,252,1118860
07/02/2023,250,254,246,248,1355946
08/02/2023,250,258,248,252,1536754
09/02/2023,254,262,252,254,1210556
10/02/2023,260,274,260,270,3437707
13/02/2023,274,282,272,278,2092631
14/02/2023,278,302,278,302,2427695
15/02/2023,302,308,294,302,1975281
16/02/2023,302,306,296,296,1151603
17/02/2023,294,304,290,300,1623998
20/02/2023,300,302,286,288,1246038
21/02/2023,288,294,280,280,1112203
22/02/2023,280,286,276,280,1171058
23/02/2023,280,288,276,276,950064
24/02/2023,278,286,272,276,1148880
27/02/2023,278,282,266,274,1180479
28/02/2023,280,280,272,272,2915190
01/03/2023,272,272,254,256,1329902
02/03/2023,258,260,248,250,1074977
03/03/2023,252,258,250,254,1147329
06/03/2023,256,260,246,246,928155
07/03/2023,250,250,238,246,970413
08/03/2023,234,248,234,240,1019479
09/03/2023,240,244,236,238,893994
10/03/2023,238,240,234,238,785074
13/03/2023,238,242,234,238,747133
14/03/2023,238,240,222,228,849102
15/03/2023,230,234,220,228,619021
16/03/2023,226,228,214,214,526892
17/03/2023,218,218,204,214,424719
20/03/2023,214,216,204,210,662665
21/03/2023,210,214,200,212,792185
24/03/2023,214,224,212,224,1144140
27/03/2023,226,238,222,238,986146
28/03/2023,238,242,232,234,942556
29/03/2023,234,244,234,238,979738
30/03/2023,240,246,234,238,751737
31/03/2023,238,246,224,224,1519501
03/04/2023,236,244,220,230,1759609
04/04/2023,232,244,228,244,1373906
05/04/2023,244,248,240,242,739409
06/04/2023,242,242,236,240,528697
10/04/2023,240,244,234,234,687928
11/04/2023,238,238,234,238,627546
12/04/2023,240,240,230,234,530165
13/04/2023,236,242,234,240,680270
14/04/2023,240,240,236,236,477624
17/04/2023,236,244,236,240,539093
18/04/2023,240,240,226,230,619170
26/04/2023,238,242,228,236,621073
27/04/2023,236,240,224,226,505233
28/04/2023,228,230,220,222,465179
02/05/2023,222,226,220,226,537230
03/05/2023,226,228,222,222,400926
04/05/2023,222,224,214,216,379160
05/05/2023,216,246,210,240,946683
08/05/2023,240,242,230,232,628798
09/05/2023,232,238,230,232,575589
10/05/2023,230,238,230,234,558617
11/05/2023,234,236,224,226,438903
12/05/2023,228,228,218,222,395790
15/05/2023,222,222,212,218,522697
16/05/2023,218,222,214,216,484220
17/05/2023,216,218,210,214,457051
19/05/2023,214,214,204,204,467647
22/05/2023,204,210,202,208,344225
23/05/2023,208,214,206,214,438576
24/05/2023,216,226,212,224,476254
25/05/2023,224,226,210,210,589899
26/05/2023,210,214,204,208,389089
29/05/2023,208,210,202,204,313252
30/05/2023,206,206,202,204,279957
31/05/2023,204,216,193,216,917719
05/06/2023,212,224,208,216,524726
06/06/2023,216,222,212,220,368014
07/06/2023,220,224,214,218,451493
08/06/2023,220,226,214,222,532302
09/06/2023,224,224,214,214,251491
12/06/2023,216,220,214,220,233001
13/06/2023,220,220,216,220,254605
14/06/2023,220,236,216,230,689715
15/06/2023,232,234,224,224,467753
16/06/2023,224,230,218,218,406646
19/06/2023,220,222,218,220,333814
20/06/2023,220,222,208,210,440390
21/06/2023,210,222,206,220,564480
22/06/2023,220,224,214,214,306677
23/06/2023,214,218,212,214,280052
26/06/2023,212,216,208,212,224126
27/06/2023,212,216,212,212,191531
03/07/2023,212,216,210,212,318740
04/07/2023,212,214,208,212,270687
05/07/2023,218,220,212,214,611287
06/07/2023,216,228,214,226,661133
07/07/2023,226,226,216,218,296728
10/07/2023,218,226,218,224,505826
11/07/2023,224,228,222,224,556577
12/07/2023,224,232,222,224,576245
13/07/2023,226,226,218,224,408876
14/07/2023,224,228,222,222,433987
17/07/2023,222,226,222,222,361453
18/07/2023,222,230,222,228,481750
20/07/2023,230,244,228,244,1060585
21/07/2023,244,246,236,238,536962
24/07/2023,240,240,230,230,633188
25/07/2023,232,240,230,236,624835
26/07/2023,236,238,230,234,453358
27/07/2023,234,238,230,230,410151
28/07/2023,232,232,222,226,573280
31/07/2023,224,234,222,230,560325
01/08/2023,240,240,224,224,449488
02/08/2023,226,228,216,224,425517
03/08/2023,224,230,220,228,338720
04/08/2023,230,234,228,230,312325
07/08/2023,234,258,230,258,1528306
08/08/2023,258,260,246,246,845756
09/08/2023,248,256,230,236,1680711
10/08/2023,238,254,238,250,716640
11/08/2023,250,254,244,250,515422
14/08/2023,254,254,242,246,419246
15/08/2023,246,250,240,242,560222
16/08/2023,242,244,236,236,456385
18/08/2023,236,240,230,230,478727
21/08/2023,230,242,230,240,782781
22/08/2023,242,246,236,242,654736
23/08/2023,244,254,240,246,793618
24/08/2023,248,248,240,242,421956
25/08/2023,246,248,240,242,360773
28/08/2023,242,244,234,236,418408
29/08/2023,236,242,236,242,347902
30/08/2023,242,246,240,242,311902
31/08/2023,242,244,232,244,484669
01/09/2023,244,264,240,262,1439037
04/09/2023,266,284,266,274,1565344
05/09/2023,274,278,266,268,728164
06/09/2023,272,286,270,278,959953
07/09/2023,280,284,270,272,388054
08/09/2023,272,276,264,268,379449
11/09/2023,268,282,262,280,634319
12/09/2023,280,286,274,276,996288
13/09/2023,280,302,278,290,1887598
14/09/2023,290,294,280,282,1261441
15/09/2023,284,292,280,286,1054760
18/09/2023,286,292,278,278,622962
19/09/2023,280,284,274,280,655005
20/09/2023,282,284,270,270,634578
21/09/2023,272,274,262,262,547617
22/09/2023,264,276,260,272,570686
25/09/2023,276,282,272,280,622993
26/09/2023,280,286,268,270,801153
27/09/2023,276,282,270,278,714119
29/09/2023,280,286,274,274,564789
02/10/2023,274,280,264,268,411556
03/10/2023,266,268,258,258,655370
04/10/2023,256,260,242,242,705605
05/10/2023,244,248,236,240,446555
06/10/2023,240,250,238,246,417223
09/10/2023,254,264,254,262,633462
10/10/2023,264,266,252,254,530600
11/10/2023,256,258,252,252,394772
12/10/2023,252,252,244,248,339775
13/10/2023,254,254,246,252,387620
16/10/2023,260,260,250,252,576142
17/10/2023,252,254,250,254,270360
18/10/2023,256,260,252,258,467503
19/10/2023,260,260,246,246,434200
20/10/2023,248,254,242,248,393816
23/10/2023,244,246,236,240,445763
24/10/2023,240,246,236,242,297215
25/10/2023,242,242,236,240,402551
26/10/2023,240,244,238,240,303939
27/10/2023,242,248,238,248,379024
30/10/2023,250,250,240,244,356490
31/10/2023,244,244,238,244,330150
01/11/2023,246,250,238,238,338151
02/11/2023,240,244,240,240,222556
03/11/2023,244,248,240,242,195831
06/11/2023,244,244,238,240,291624
07/11/2023,242,244,238,240,316480
08/11/2023,240,240,218,220,1310906
09/11/2023,222,222,212,214,439312
10/11/2023,214,220,212,214,215777
13/11/2023,218,218,210,212,298394
14/11/2023,214,222,214,222,438332
15/11/2023,224,226,220,220,349751
16/11/2023,220,222,216,218,225501
17/11/2023,216,220,212,214,211947
20/11/2023,218,220,214,216,210358
21/11/2023,218,220,216,216,204540
22/11/2023,216,218,214,218,139242
23/11/2023,220,220,216,218,90159
24/11/2023,218,220,214,216,163001
27/11/2023,220,220,212,214,195913
28/11/2023,214,230,212,230,420778
29/11/2023,234,240,226,228,271383
30/11/2023,228,232,224,230,298961
01/12/2023,230,230,222,224,241598
04/12/2023,226,232,222,224,276337
05/12/2023,224,230,222,226,193447
06/12/2023,228,230,222,224,196199
07/12/2023,224,224,216,220,250054
08/12/2023,218,222,216,216,228706
11/12/2023,218,222,216,220,276778
12/12/2023,222,222,216,218,163867
13/12/2023,218,220,212,214,181225
14/12/2023,216,220,216,220,205415
15/12/2023,220,222,214,214,326937
18/12/2023,214,218,212,214,134438
19/12/2023,214,228,212,226,535469
20/12/2023,228,234,226,232,459894
21/12/2023,234,234,216,224,294798
22/12/2023,224,226,220,220,135150
27/12/2023,220,230,220,224,223472
28/12/2023,226,232,224,228,248569
29/12/2023,228,230,218,220,320292
02/01/2024,222,230,222,228,135238
03/01/2024,228,242,226,240,632332
04/01/2024,242,248,242,246,431859
05/01/2024,246,252,242,250,282880
08/01/2024,250,252,244,250,300914
09/01/2024,250,252,238,248,393018
10/01/2024,248,250,246,246,54191
11/01/2024,246,248,236,242,404085
12/01/2024,242,252,240,246,375265
15/01/2024,250,256,242,242,325597
16/01/2024,242,246,240,242,218907
17/01/2024,242,246,232,232,282611
18/01/2024,232,238,230,238,209552
19/01/2024,238,242,228,232,265826
22/01/2024,236,236,218,220,408656
23/01/2024,222,226,216,220,231219
24/01/2024,220,220,210,210,360191
25/01/2024,206,216,206,210,343452
26/01/2024,212,214,202,208,291529
29/01/2024,210,212,200,204,343175
30/01/2024,204,210,202,206,254586
31/01/2024,206,212,204,204,211226
01/02/2024,204,208,202,206,227591
02/02/2024,206,208,200,202,158584
05/02/2024,202,202,198,199,268053
06/02/2024,200,204,197,202,89958
07/02/2024,202,204,199,199,187467
12/02/2024,199,208,199,202,307504
13/02/2024,202,208,202,208,219078
15/02/2024,212,212,204,204,229990
16/02/2024,204,208,202,204,93376
19/02/2024,204,206,198,200,263965
20/02/2024,200,202,195,198,346808
21/02/2024,198,199,196,197,236607
22/02/2024,198,212,197,208,696327
23/02/2024,210,210,204,206,316299
26/02/2024,204,208,202,206,259369
27/02/2024,206,208,202,202,173519
28/02/2024,204,204,199,199,231180
29/02/2024,200,204,197,202,399656
01/03/2024,202,204,200,202,220869
04/03/2024,204,206,199,199,224391
05/03/2024,199,200,198,198,256706
06/03/2024,198,208,198,206,408424
07/03/2024,208,232,208,222,2044104
08/03/2024,224,224,214,218,452119
13/03/2024,218,218,206,208,407253
14/03/2024,208,224,208,222,691078
15/03/2024,230,236,218,218,1106119
18/03/2024,218,226,210,222,378048
19/03/2024,224,232,222,226,521793
20/03/2024,228,230,218,220,283292
21/03/2024,220,232,220,224,531344
22/03/2024,226,228,222,224,267374
25/03/2024,224,226,216,220,235682
26/03/2024,220,224,216,220,240131
27/03/2024,220,222,216,218,153716
28/03/2024,218,222,214,216,242627
01/04/2024,216,222,210,214,257987
02/04/2024,216,218,210,214,181011
03/04/2024,214,226,214,220,386184
04/04/2024,222,224,220,220,247819
05/04/2024,222,224,218,218,224405
16/04/2024,220,236,218,234,653753
17/04/2024,238,238,222,224,614972
18/04/2024,224,226,216,216,386102
19/04/2024,220,226,216,218,710288
22/04/2024,220,220,206,210,497973
23/04/2024,210,222,210,212,609387
24/04/2024,212,216,210,210,220579
25/04/2024,220,220,200,200,488720
26/04/2024,200,204,200,202,276424
29/04/2024,204,208,199,208,257126
30/04/2024,208,208,202,206,277750
02/05/2024,208,208,202,204,160447
03/05/2024,204,208,200,206,243171
06/05/2024,206,206,202,204,128249
07/05/2024,204,208,204,206,138695
08/05/2024,206,208,198,198,335074
13/05/2024,202,202,194,195,347478
14/05/2024,197,199,194,197,320796
15/05/2024,199,199,192,193,304282
16/05/2024,193,196,193,193,279828
17/05/2024,194,195,192,193,288211
20/05/2024,194,202,193,197,589129
21/05/2024,199,199,192,192,426355
22/05/2024,192,194,189,190,290345
27/05/2024,191,191,182,182,427670
28/05/2024,182,185,180,182,400097
29/05/2024,183,186,180,180,436636
30/05/2024,181,188,177,182,422467
31/05/2024,182,186,172,172,2467008
03/06/2024,174,178,173,177,483783
04/06/2024,177,182,177,182,430066
05/06/2024,181,183,177,177,314211
06/06/2024,179,181,176,177,208501
07/06/2024,178,180,176,177,173915
10/06/2024,177,179,173,175,209553
11/06/2024,176,180,176,178,141970
12/06/2024,178,179,167,172,243591
13/06/2024,172,176,172,172,162262
14/06/2024,172,175,170,172,295319
19/06/2024,172,175,166,172,412630
20/06/2024,171,181,159,179,435999
21/06/2024,179,184,179,180,253154
24/06/2024,180,187,179,185,304300
25/06/2024,185,188,183,186,293324
26/06/2024,186,194,180,191,362299
27/06/2024,191,194,187,190,288648
28/06/2024,190,194,189,191,262511
01/07/2024,193,198,191,194,356870
02/07/2024,195,204,193,200,673059
03/07/2024,202,208,200,206,344362
04/07/2024,208,212,202,212,536784
05/07/2024,212,216,210,214,312337
08/07/2024,214,228,212,226,858600
09/07/2024,226,228,212,218,357191
10/07/2024,218,222,214,216,220405
11/07/2024,216,220,212,214,182531
12/07/2024,216,224,214,220,271813
15/07/2024,224,226,220,222,224190
16/07/2024,224,232,220,230,468299
17/07/2024,230,232,226,226,273670
18/07/2024,226,230,224,226,163379
19/07/2024,224,228,220,224,121297
22/07/2024,224,226,216,222,207646
23/07/2024,222,226,214,218,368079
24/07/2024,218,224,216,218,191707
25/07/2024,218,220,216,216,135867
26/07/2024,216,222,214,220,97489
29/07/2024,222,224,218,218,131570
30/07/2024,220,220,210,214,178704
31/07/2024,214,214,210,214,73926
01/08/2024,218,224,216,224,236115
02/08/2024,226,226,216,218,72296
05/08/2024,218,218,197,200,467433
06/08/2024,200,202,196,200,376550
07/08/2024,202,202,199,202,76928
08/08/2024,202,208,200,202,124249
09/08/2024,204,206,202,202,123108
12/08/2024,202,204,200,202,124034
13/08/2024,204,210,202,208,228374
14/08/2024,210,220,210,214,546880
15/08/2024,216,216,206,208,365286
16/08/2024,210,216,210,212,225900
19/08/2024,210,216,210,212,264423
20/08/2024,212,212,206,210,394359
21/08/2024,212,222,210,216,589620
22/08/2024,216,220,202,202,503106
23/08/2024,204,210,202,210,175267
26/08/2024,212,214,208,212,165385
27/08/2024,214,214,206,208,239742
28/08/2024,210,212,199,204,593185
29/08/2024,204,206,199,200,318366
30/08/2024,200,206,200,200,248451
02/09/2024,200,204,199,200,247368
03/09/2024,200,210,200,206,778690
04/09/2024,206,206,200,202,273240
05/09/2024,202,204,200,202,274808
06/09/2024,202,204,202,204,333253
09/09/2024,204,204,198,200,313106
10/09/2024,200,202,199,200,91802
11/09/2024,200,200,195,200,593502
12/09/2024,200,202,198,200,299915
13/09/2024,200,202,198,200,141428
17/09/2024,200,202,198,200,474612
18/09/2024,200,204,200,200,552400
19/09/2024,200,208,200,208,612385
20/09/2024,210,210,202,206,322949
23/09/2024,204,224,204,220,1664354
24/09/2024,222,224,214,216,743587
25/09/2024,216,218,210,210,417698
26/09/2024,210,218,208,214,463661
27/09/2024,216,216,210,210,182607
30/09/2024,212,224,210,218,1625295
01/10/2024,220,226,216,222,1612712
02/10/2024,224,254,224,238,6523572
03/10/2024,242,248,226,226,2140263
04/10/2024,236,246,236,240,1982814
07/10/2024,250,250,234,244,1395186
08/10/2024,246,250,234,234,1238718
09/10/2024,236,236,224,224,761347
10/10/2024,224,230,222,222,353216
11/10/2024,226,234,226,234,901364
14/10/2024,234,236,228,228,858554
15/10/2024,228,238,224,230,1836480
16/10/2024,230,234,226,226,419113
17/10/2024,226,242,226,238,2741198
18/10/2024,240,242,232,232,811133
21/10/2024,232,246,232,240,1362814
22/10/2024,242,258,236,256,2865525
23/10/2024,260,310,258,304,8886775
24/10/2024,306,306,284,286,2803414
25/10/2024,286,296,272,274,2156287
28/10/2024,280,284,260,276,2102892
29/10/2024,276,292,268,286,1923709
30/10/2024,288,292,276,286,1406488
31/10/2024,288,306,282,284,3139950
01/11/2024,284,288,276,280,831944
04/11/2024,280,290,270,272,1717983
05/11/2024,274,280,270,276,888010
06/11/2024,278,284,260,262,1936532
07/11/2024,262,262,240,240,2097027
08/11/2024,240,254,240,242,784740
11/11/2024,242,270,234,264,3797192
12/11/2024,260,288,260,278,4160432
13/11/2024,280,302,268,284,5250483
14/11/2024,288,290,264,272,2619759
15/11/2024,272,276,248,254,1734398
18/11/2024,258,268,252,262,1221952
19/11/2024,278,278,254,254,1187716
20/11/2024,256,264,254,260,662989
21/11/2024,264,270,256,260,1294702
22/11/2024,262,270,260,262,994618
25/11/2024,264,268,260,262,939337
26/11/2024,262,264,254,258,769347
28/11/2024,260,260,236,242,1011085
29/11/2024,250,252,238,242,810576
02/12/2024,240,250,236,236,658544
03/12/2024,236,242,228,234,616071
04/12/2024,234,248,234,242,605213
05/12/2024,242,246,238,240,275850
06/12/2024,240,248,238,240,756991
09/12/2024,240,248,238,244,439494
10/12/2024,244,252,242,248,1174952
11/12/2024,250,258,246,252,1235604
12/12/2024,256,258,250,252,331150
13/12/2024,252,254,242,244,221221
16/12/2024,246,248,236,240,294220
17/12/2024,240,244,234,236,545018
18/12/2024,238,240,234,238,315277
19/12/2024,238,238,224,224,406817
20/12/2024,224,232,224,226,148940
23/12/2024,228,232,218,222,154306
24/12/2024,222,224,210,212,508466
27/12/2024,212,226,212,216,425177
30/12/2024,218,230,216,230,299255
02/01/2025,232,246,228,242,500399
03/01/2025,248,250,240,242,542220
06/01/2025,242,256,242,244,614948
07/01/2025,246,252,238,238,303098
08/01/2025,240,244,234,234,221960
09/01/2025,238,238,228,232,175294
10/01/2025,232,248,230,242,522287
13/01/2025,260,266,244,248,2129832
14/01/2025,250,256,246,250,852140
15/01/2025,250,254,248,250,215912
16/01/2025,252,260,250,250,796458
17/01/2025,252,252,244,246,392155
20/01/2025,248,250,240,248,392086
21/01/2025,248,250,232,234,783233
22/01/2025,232,236,226,228,452999
23/01/2025,228,234,222,222,459598
24/01/2025,224,226,216,218,262910
30/01/2025,218,220,206,210,489463
31/01/2025,210,222,210,218,404913
03/02/2025,220,222,202,208,501243
04/02/2025,208,216,202,206,611202
05/02/2025,208,210,204,204,307688
06/02/2025,206,206,197,197,624236
07/02/2025,197,202,190,200,566923
10/02/2025,204,204,192,196,396035
11/02/2025,198,202,193,196,223034
12/02/2025,195,197,189,195,293537
13/02/2025,193,197,192,195,126168
14/02/2025,195,202,195,199,208660
17/02/2025,200,208,200,204,314105
18/02/2025,204,210,202,206,291002
19/02/2025,210,212,204,206,268260
20/02/2025,206,214,206,214,595249
21/02/2025,216,218,210,210,237930
24/02/2025,208,210,202,202,160115
25/02/2025,202,204,193,195,340618
26/02/2025,194,197,187,190,430132
27/02/2025,190,193,187,189,125525
28/02/2025,189,189,177,180,280259
03/03/2025,180,185,180,183,205446
04/03/2025,184,184,169,170,347405
05/03/2025,170,174,169,171,263391
06/03/2025,172,178,172,176,328710
07/03/2025,177,178,174,175,116417
10/03/2025,176,185,174,176,390209
11/03/2025,177,177,171,177,328168
12/03/2025,177,181,175,177,284646
13/03/2025,178,179,172,173,159038
14/03/2025,173,176,167,170,243180
17/03/2025,172,172,163,169,298975
18/03/2025,169,170,149,161,452748
19/03/2025,160,163,157,162,155490
20/03/2025,163,165,162,164,180791
21/03/2025,166,166,155,162,202511
24/03/2025,161,163,155,162,343526
25/03/2025,162,170,158,168,433684
26/03/2025,168,171,165,170,424539
27/03/2025,171,173,169,173,212826
08/04/2025,153,159,148,159,402872
09/04/2025,156,160,153,159,300114
10/04/2025,162,168,161,167,432056
11/04/2025,166,168,162,166,187162
14/04/2025,166,179,166,176,468562
15/04/2025,176,179,174,175,231821
16/04/2025,174,182,173,175,384436
17/04/2025,176,176,173,175,90365
21/04/2025,176,181,176,181,319277
22/04/2025,182,188,180,186,365125
23/04/2025,188,192,185,187,336312
24/04/2025,188,189,182,182,179673
25/04/2025,184,192,183,189,302124
28/04/2025,190,197,187,192,260437
29/04/2025,195,198,192,193,263795
30/04/2025,195,195,190,193,234454
02/05/2025,193,196,192,193,187545
05/05/2025,193,193,188,192,219280
06/05/2025,193,195,191,194,136193
07/05/2025,196,206,196,204,539412
08/05/2025,206,208,196,198,409865
09/05/2025,200,206,198,198,224070
14/05/2025,206,216,200,216,955440
15/05/2025,220,232,216,228,1469076
16/05/2025,230,230,220,222,467431
19/05/2025,226,230,222,224,741086
20/05/2025,226,228,216,216,333641
21/05/2025,216,228,216,220,419806
22/05/2025,222,226,216,220,561075
23/05/2025,224,228,220,222,402402
26/05/2025,222,224,218,220,275321
27/05/2025,222,226,220,224,347830
28/05/2025,224,228,220,222,327785
02/06/2025,224,226,208,216,428147
03/06/2025,222,224,210,214,316796
04/06/2025,216,236,212,236,932563
05/06/2025,236,238,224,226,814844
10/06/2025,226,240,226,230,860394
11/06/2025,234,246,230,246,1168542
12/06/2025,252,268,250,256,3340806
13/06/2025,274,282,264,274,4672477
16/06/2025,288,336,288,324,10573554
17/06/2025,324,324,290,310,5699102
18/06/2025,324,356,324,334,9509414
19/06/2025,334,358,312,356,8271115
20/06/2025,358,380,342,358,9245816
23/06/2025,380,394,362,386,8040218
24/06/2025,350,358,336,350,6381017
25/06/2025,350,352,324,328,3490272
26/06/2025,332,354,332,334,3468648
30/06/2025,342,348,326,328,2069385
01/07/2025,328,336,318,334,1688267
02/07/2025,336,338,328,330,991119
03/07/2025,336,342,330,332,1128485
04/07/2025,332,344,330,336,1056762
07/07/2025,340,350,334,342,1256806
08/07/2025,344,370,344,354,3681437
09/07/2025,354,360,348,350,2113678
10/07/2025,350,354,346,352,978215
11/07/2025,354,358,348,350,1288732
14/07/2025,356,368,350,368,1936551
15/07/2025,370,386,360,382,2941512
16/07/2025,388,456,384,448,8439060
17/07/2025,450,468,430,452,4623921
18/07/2025,456,492,450,480,3584441
21/07/2025,488,505,470,496,4072891
22/07/2025,494,496,466,478,2040506
23/07/2025,482,492,472,486,1068460
24/07/2025,490,494,472,476,766222
25/07/2025,478,540,478,525,3522093
28/07/2025,530,555,525,535,1961583
29/07/2025,540,590,520,585,2078490
30/07/2025,590,615,570,590,1793652
31/07/2025,590,605,545,590,1282904
01/08/2025,590,595,565,570,529349
04/08/2025,570,575,550,570,603531
05/08/2025,570,600,565,595,1538558
06/08/2025,610,630,585,605,1968695
07/08/2025,605,655,595,635,2687352
08/08/2025,625,630,540,545,3577018
11/08/2025,545,550,515,535,1034019
12/08/2025,535,560,525,555,2047964
13/08/2025,560,565,540,550,1211912
14/08/2025,555,585,545,570,1340422
15/08/2025,580,585,565,580,1006014
19/08/2025,580,615,575,605,2052050
20/08/2025,605,605,570,580,1414789
21/08/2025,580,585,550,565,592562
22/08/2025,560,565,545,555,328499
25/08/2025,565,590,560,585,876302
26/08/2025,585,595,570,570,884708
27/08/2025,570,575,550,555,945672
28/08/2025,555,585,555,580,1144339
29/08/2025,575,575,540,555,911731
01/09/2025,525,620,500,585,2055433
02/09/2025,590,610,585,610,1669841
03/09/2025,610,650,605,640,2408139
04/09/2025,640,640,575,600,2067489
08/09/2025,600,605,585,585,725391
09/09/2025,585,615,580,605,1226804
10/09/2025,610,615,585,600,636885
11/09/2025,600,605,580,595,571046
12/09/2025,595,610,585,610,820773
15/09/2025,625,665,605,645,2348381
16/09/2025,645,650,625,635,646789
17/09/2025,640,645,625,640,493628
18/09/2025,645,645,630,640,693373
19/09/2025,640,670,625,630,937642
22/09/2025,635,680,630,675,935895
23/09/2025,685,695,655,685,1116382
24/09/2025,685,745,665,730,2160395
25/09/2025,735,785,730,740,1969506
26/09/2025,745,860,715,830,3053374
29/09/2025,830,860,810,820,1707385
30/09/2025,820,860,790,805,1846928
01/10/2025,815,995,810,950,3883318
02/10/2025,955,970,915,955,1385507
03/10/2025,960,970,935,955,862284
06/10/2025,960,1025,935,990,2038396
07/10/2025,995,995,890,925,1635882
08/10/2025,930,995,880,975,1437559
09/10/2025,985,1005,945,960,1206535
10/10/2025,965,965,935,960,1104882
13/10/2025,925,1020,900,995,182518300
14/10/2025,1015,1165,1015,1080,288866100
15/10/2025,1090,1090,980,1000,160505600
16/10/2025,1010,1040,995,1025,100862900
17/10/2025,1025,1025,885,900,192056900
20/10/2025,910,940,870,940,100557400
21/10/2025,945,980,930,945,64683300
22/10/2025,950,960,915,945,71800100
23/10/2025,955,980,950,975,84037400
24/10/2025,980,985,915,915,87258000
27/10/2025,920,940,790,820,325553700
28/10/2025,830,855,810,830,83630700
29/10/2025,835,860,820,830,93726200
30/10/2025,840,845,820,835,77788600
31/10/2025,835,850,820,825,73493800
03/11/2025,830,885,825,885,152781200
04/11/2025,890,890,820,850,163149400
05/11/2025,830,890,820,890,114417200
06/11/2025,920,920,875,880,123668700
07/11/2025,880,895,865,870,59805600
10/11/2025,875,920,875,910,69781200
11/11/2025,915,1010,910,940,334556100
12/11/2025,945,945,905,905,83133800
13/11/2025,910,935,905,910,88910000
14/11/2025,905,935,850,910,67314100
17/11/2025,925,945,920,920,83049100
18/11/2025,930,940,895,920,73615000
19/11/2025,925,955,915,940,105005700
20/11/2025,945,950,920,930,38308300
21/11/2025,930,935,915,930,36837700
24/11/2025,945,1015,935,1015,567420600
25/11/2025,1005,1005,970,995,110797900
26/11/2025,1000,1015,980,1005,176118600
27/11/2025,1005,1005,980,985,43544500
28/11/2025,985,995,970,985,37881800
01/12/2025,990,1230,985,1195,558162200
02/12/2025,1210,1220,1105,1190,265786600
03/12/2025,1200,1235,1140,1165,154816000
04/12/2025,1175,1200,1150,1190,86446700
05/12/2025,1195,1215,1165,1205,121610200
08/12/2025,1210,1445,1210,1430,360041100
09/12/2025,1430,1435,1350,1390,132074600
10/12/2025,1400,1560,1395,1415,249075900
11/12/2025,1410,1580,1360,1480,284271300
12/12/2025,1505,1625,1490,1600,188785100
15/12/2025,1610,1620,1375,1390,219193400
16/12/2025,1390,1450,1365,1410,68874900
17/12/2025,1440,1550,1410,1510,172824400
18/12/2025,1510,1515,1420,1425,76132400
19/12/2025,1430,1445,1380,1445,68427700
22/12/2025,1470,1490,1445,1450,68932300
23/12/2025,1470,1500,1420,1465,88882500
24/12/2025,1480,1500,1445,1455,33683100
29/12/2025,1470,1570,1455,1530,1113122
30/12/2025,1540,1655,1520,1600,2207087
02/01/2026,1605,1660,1605,1640,1755370
05/01/2026,1660,1760,1660,1695,1212798
06/01/2026,1695,1700,1570,1615,1710453
07/01/2026,1615,1630,1570,1620,1066488
08/01/2026,1610,1690,1600,1640,1297232
09/01/2026,1680,1720,1655,1660,816765
12/01/2026,1670,1675,1545,1615,1319892
13/01/2026,1680,1790,1595,1645,2990993
14/01/2026,1670,1705,1600,1615,1489797
15/01/2026,1620,1630,1515,1530,1248274
19/01/2026,1530,1595,1515,1590,851024
20/01/2026,1605,1610,1520,1535,596809
21/01/2026,1535,1580,1520,1550,1078094
22/01/2026,1575,1600,1515,1520,854642
23/01/2026,1525,1565,1505,1565,939261
26/01/2026,1585,1670,1535,1545,1247789
27/01/2026,1605,1695,1570,1670,1489208
28/01/2026,1420,1420,1420,1420,447535
29/01/2026,1210,1315,1210,1210,5131512
30/01/2026,1260,1330,1220,1300,1813013
02/02/2026,1310,1350,1105,1105,1548396
03/02/2026,1000,1175,960,1175,1472048
04/02/2026,1200,1205,1110,1145,853333
05/02/2026,1160,1165,1120,1135,611958
06/02/2026,1050,1125,1000,1115,1205637
09/02/2026,1115,1180,1090,1160,498078
10/02/2026,1065,1175,1065,1130,1209271
11/02/2026,1140,1250,1130,1235,1590501
12/02/2026,1255,1410,1225,1400,2338616
13/02/2026,1405,1660,1365,1535,3552744
18/02/2026,1550,1650,1510,1540,1888039
19/02/2026,1600,1675,1525,1555,2079911
20/02/2026,1590,1770,1570,1690,4136867
23/02/2026,1705,1720,1655,1665,1788313
24/02/2026,1680,1715,1560,1585,2441856
25/02/2026,1590,1625,1510,1545,1096274
26/02/2026,1540,1645,1515,1620,1960916
27/02/2026,1615,1810,1545,1760,2891569
02/03/2026,1905,2200,1870,2200,6515929
03/03/2026,2220,2310,2060,2130,4075267
04/03/2026,2220,2420,2070,2140,8211908
05/03/2026,2200,2280,2060,2100,2774531
06/03/2026,2100,2180,1790,1825,6594665
09/03/2026,1950,1975,1600,1660,6022758
10/03/2026,1625,1740,1600,1680,2660785
11/03/2026,1680,1690,1535,1550,2107444
12/03/2026,1580,1640,1455,1465,2418994
13/03/2026,1465,1470,1360,1410,1693578
16/03/2026,1405,1445,1300,1400,1157082
17/03/2026,1415,1475,1385,1405,803505
25/03/2026,1395,1495,1360,1485,1138727
26/03/2026,1495,1520,1420,1435,612546
27/03/2026,1440,1640,1440,1615,2544993
30/03/2026,1655,1665,1585,1630,1664698
31/03/2026,1645,1645,1525,1525,1099213
01/04/2026,1570,1590,1535,1555,807024
02/04/2026,1580,1685,1485,1500,2336506
06/04/2026,1525,1630,1525,1550,1308609
07/04/2026,1580,1610,1530,1540,749765
08/04/2026,1600,1660,1540,1650,1414908
09/04/2026,1640,1750,1625,1675,1326080
10/04/2026,1695,1745,1675,1705,1231249
13/04/2026,1750,1940,1720,1835,3654549
14/04/2026,1855,1900,1815,1885,1499018
15/04/2026,1900,1910,1775,1835,1014828
16/04/2026,1835,1840,1740,1785,998302
17/04/2026,1805,1820,1775,1780,506923
20/04/2026,1815,1895,1790,1825,1270889
21/04/2026,1830,1845,1780,1835,438756
22/04/2026,1845,1915,1825,1890,1701036
23/04/2026,1910,2120,1890,2090,3627004
24/04/2026,2120,2130,1890,1900,2353133
27/04/2026,1895,1895,1660,1710,2855091
28/04/2026,1715,1760,1680,1750,1044020
29/04/2026,1750,1760,1700,1720,710084
30/04/2026,1750,1785,1625,1700,1620744
