Date,Open,High,Low,Close,Volume
17/11/2011,2575,2725,2500,2725,270770
18/11/2011,2700,2900,2675,2875,214020
21/11/2011,2875,2900,2775,2800,114050
22/11/2011,2775,2950,2750,2925,132970
23/11/2011,2900,2900,2850,2875,28685
24/11/2011,2850,2900,2825,2900,22755
25/11/2011,2850,2850,2750,2800,30370
28/11/2011,2850,2850,2725,2750,14930
29/11/2011,2750,2850,2725,2800,76730
30/11/2011,2800,2800,2750,2775,8020
01/12/2011,2800,2850,2750,2750,16715
02/12/2011,2750,2775,2725,2750,7705
05/12/2011,2750,2750,2675,2700,16980
06/12/2011,2700,2700,2625,2675,10900
07/12/2011,2650,2675,2625,2650,935
08/12/2011,2625,2650,2600,2650,2855
09/12/2011,2625,2675,2600,2675,4690
12/12/2011,2675,2700,2650,2675,10680
13/12/2011,2650,2675,2600,2650,3570
14/12/2011,2625,2625,2600,2600,1530
15/12/2011,2600,2600,2550,2550,4355
16/12/2011,2550,2625,2550,2600,2620
19/12/2011,2600,2600,2550,2600,3575
20/12/2011,2550,2600,2550,2600,3845
21/12/2011,2600,2600,2550,2600,4565
22/12/2011,2575,2700,2575,2675,26160
23/12/2011,2700,2775,2700,2725,25325
27/12/2011,2725,2725,2625,2625,2175
28/12/2011,2600,2625,2600,2600,870
29/12/2011,2600,2625,2600,2625,1945
30/12/2011,2600,2725,2600,2725,45170
02/01/2012,2650,2675,2600,2625,255
03/01/2012,2625,2650,2600,2625,1690
04/01/2012,2625,2625,2600,2600,3005
05/01/2012,2625,2675,2625,2675,14680
06/01/2012,2650,2750,2650,2750,32980
09/01/2012,2700,2775,2700,2750,5005
10/01/2012,2700,2750,2700,2750,1645
11/01/2012,2750,2775,2725,2750,3855
12/01/2012,2750,2750,2700,2700,200
13/01/2012,2725,2750,2675,2700,2795
16/01/2012,2675,2675,2675,2675,415
17/01/2012,2650,2700,2650,2700,2685
18/01/2012,2700,2750,2675,2750,7035
19/01/2012,2750,2750,2700,2700,910
20/01/2012,2675,2750,2675,2750,4490
24/01/2012,2725,2725,2700,2700,325
25/01/2012,2700,2700,2600,2625,20550
26/01/2012,2600,2600,2575,2600,3835
27/01/2012,2625,2650,2600,2650,23170
30/01/2012,2625,2625,2575,2600,1655
31/01/2012,2600,2600,2575,2600,2530
01/02/2012,2575,2600,2575,2600,700
02/02/2012,2600,2625,2550,2600,7465
03/02/2012,2575,2600,2550,2600,1185
06/02/2012,2600,2600,2550,2550,4805
07/02/2012,2550,2550,2550,2550,535
08/02/2012,2575,2625,2575,2600,9870
09/02/2012,2600,2600,2575,2600,1525
10/02/2012,2600,2650,2575,2600,6005
13/02/2012,2600,2600,2600,2600,420
14/02/2012,2600,2600,2575,2600,805
15/02/2012,2575,2600,2575,2600,45
16/02/2012,2575,2600,2550,2600,860
17/02/2012,2600,2600,2575,2600,1125
20/02/2012,2600,2600,2575,2575,1695
21/02/2012,2575,2700,2575,2625,10500
22/02/2012,2650,2650,2600,2600,440
23/02/2012,2600,2625,2600,2625,410
24/02/2012,2575,2575,2550,2550,1570
27/02/2012,2550,2550,2550,2550,235
28/02/2012,2575,2575,2550,2550,125
29/02/2012,2550,2575,2550,2550,6460
01/03/2012,2550,2550,2550,2550,920
02/03/2012,2575,2600,2575,2575,2825
05/03/2012,2600,2650,2600,2625,17825
06/03/2012,2600,2675,2600,2675,10280
07/03/2012,2675,2675,2650,2675,780
08/03/2012,2675,2675,2650,2650,1930
09/03/2012,2650,2650,2650,2650,0
12/03/2012,2625,2625,2625,2625,275
13/03/2012,2600,2625,2600,2625,395
14/03/2012,2600,2650,2600,2625,1970
15/03/2012,2625,2625,2600,2600,115
16/03/2012,2625,2700,2625,2650,6445
19/03/2012,2675,2700,2675,2675,5480
20/03/2012,2650,2750,2650,2750,6795
21/03/2012,2775,3000,2775,2975,65710
22/03/2012,3025,3150,2950,2975,29280
26/03/2012,2950,2975,2925,2950,6725
27/03/2012,2950,2950,2900,2925,9755
28/03/2012,2900,2925,2850,2925,10295
29/03/2012,2875,2900,2875,2875,1425
30/03/2012,2900,2900,2850,2850,790
02/04/2012,2850,2850,2825,2825,325
03/04/2012,2850,2875,2825,2825,1655
04/04/2012,2825,2925,2825,2900,34260
05/04/2012,2900,3025,2875,2900,37860
09/04/2012,2900,2950,2850,2850,4665
10/04/2012,2875,3000,2825,3000,34060
11/04/2012,2975,2975,2925,2925,4375
12/04/2012,2925,2925,2850,2875,6775
13/04/2012,2875,2900,2875,2875,12375
16/04/2012,2850,2925,2850,2900,5050
17/04/2012,2900,2900,2850,2875,2920
18/04/2012,2875,2900,2850,2875,2375
19/04/2012,2850,2850,2850,2850,1170
20/04/2012,2850,2925,2825,2900,23575
23/04/2012,2900,3000,2900,2975,38135
24/04/2012,2975,3000,2950,3000,3010
25/04/2012,3000,3000,2950,2975,1140
26/04/2012,2975,3000,2975,3000,4540
27/04/2012,2975,3000,2925,2925,2990
30/04/2012,2900,3000,2900,3000,2110
01/05/2012,3000,3000,3000,3000,30
02/05/2012,2950,2950,2925,2925,830
03/05/2012,2900,2900,2875,2900,1600
04/05/2012,2900,2900,2900,2900,970
07/05/2012,2800,2900,2800,2900,515
08/05/2012,2850,2875,2850,2875,125
09/05/2012,2825,2825,2750,2750,3285
10/05/2012,2750,2750,2750,2750,0
11/05/2012,2750,2750,2625,2625,25
14/05/2012,2575,2600,2575,2575,30
15/05/2012,2550,2725,2550,2725,75
16/05/2012,2575,2600,2525,2600,40925
21/05/2012,2475,2575,2475,2575,160
22/05/2012,2575,2575,2575,2575,25
23/05/2012,2575,2575,2500,2500,10
24/05/2012,2450,2550,2450,2550,25
25/05/2012,2500,2500,2500,2500,100
28/05/2012,2450,2500,2450,2500,255
29/05/2012,2500,2500,2500,2500,0
30/05/2012,2550,2550,2500,2500,1000
31/05/2012,2500,2850,2500,2800,9955
01/06/2012,2800,2800,2800,2800,50
04/06/2012,2750,2750,2750,2750,15
05/06/2012,2750,2750,2750,2750,10
06/06/2012,2750,2750,2750,2750,0
07/06/2012,2750,2750,2750,2750,0
08/06/2012,2750,2750,2750,2750,20
11/06/2012,2750,2750,2750,2750,0
12/06/2012,2575,2575,2575,2575,15
13/06/2012,2700,2700,2700,2700,5
14/06/2012,2700,2700,2700,2700,0
15/06/2012,2500,2500,2500,2500,55
18/06/2012,2525,2700,2525,2700,35
19/06/2012,2700,2700,2700,2700,0
20/06/2012,2700,2725,2700,2725,15
21/06/2012,2725,2725,2725,2725,0
22/06/2012,2675,2675,2550,2550,10
25/06/2012,2550,2550,2550,2550,25
26/06/2012,2575,2575,2575,2575,5
27/06/2012,2575,2575,2575,2575,0
28/06/2012,2575,2575,2575,2575,0
29/06/2012,2575,2625,2575,2625,1505
02/07/2012,2575,2575,2575,2575,40
03/07/2012,2600,2600,2575,2575,40
04/07/2012,2675,2675,2675,2675,5
05/07/2012,2675,2675,2675,2675,0
06/07/2012,2675,2675,2675,2675,0
09/07/2012,2675,2675,2675,2675,0
10/07/2012,2675,2675,2675,2675,0
11/07/2012,2525,2525,2525,2525,125
12/07/2012,2525,2625,2525,2625,15
13/07/2012,2525,2525,2525,2525,10
16/07/2012,2525,2525,2525,2525,50
17/07/2012,2525,2525,2525,2525,385
18/07/2012,2525,2525,2525,2525,20
19/07/2012,2525,2550,2525,2525,170
20/07/2012,2525,2525,2525,2525,0
23/07/2012,2500,2500,2500,2500,30
24/07/2012,2600,2600,2500,2500,10
25/07/2012,2500,2500,2500,2500,50
26/07/2012,2500,2500,2500,2500,5
27/07/2012,2650,2650,2650,2650,10
30/07/2012,2650,2650,2650,2650,0
31/07/2012,2650,2900,2625,2875,5540
01/08/2012,2875,2875,2875,2875,0
02/08/2012,2875,2875,2875,2875,0
03/08/2012,2875,2875,2875,2875,0
06/08/2012,2875,2875,2875,2875,0
07/08/2012,2550,2800,2550,2800,205
08/08/2012,2600,2600,2600,2600,10
09/08/2012,2600,2750,2600,2750,35
10/08/2012,2575,2575,2575,2575,100
13/08/2012,2600,2600,2600,2600,5
14/08/2012,2750,2750,2750,2750,20
15/08/2012,2600,2600,2600,2600,5
16/08/2012,2750,2850,2600,2700,35
23/08/2012,2700,2700,2700,2700,0
24/08/2012,2550,2550,2500,2500,815
27/08/2012,2500,2500,2500,2500,1460
28/08/2012,2500,2500,2500,2500,20
29/08/2012,2600,2600,2500,2500,70
30/08/2012,2450,2450,2350,2450,475
31/08/2012,2425,2425,2425,2425,5
03/09/2012,2425,2425,2425,2425,0
04/09/2012,2300,2300,2300,2300,490
05/09/2012,2050,2225,2000,2100,68350
06/09/2012,2150,2175,2025,2125,530
07/09/2012,2050,2100,2025,2025,795
10/09/2012,2000,2075,2000,2075,55
11/09/2012,2075,2400,2050,2400,790
12/09/2012,2400,2400,2350,2350,10
13/09/2012,2400,2400,2400,2400,215
14/09/2012,2400,2500,2400,2500,1475
17/09/2012,2500,2500,2500,2500,7670
18/09/2012,2500,2500,2500,2500,1800
19/09/2012,2500,2550,2450,2550,8245
20/09/2012,2500,2500,2450,2500,10465
21/09/2012,2500,2500,2500,2500,3000
24/09/2012,2500,2500,2500,2500,6580
25/09/2012,2450,2450,2450,2450,5
26/09/2012,2450,2500,2450,2500,10
27/09/2012,2400,2500,2400,2500,15
28/09/2012,2500,2500,2500,2500,0
01/10/2012,2500,2500,2500,2500,0
02/10/2012,2500,2500,2400,2400,15
03/10/2012,2400,2400,2400,2400,0
04/10/2012,2400,2400,2400,2400,0
05/10/2012,2400,2400,2400,2400,2500
08/10/2012,2400,2400,2400,2400,0
09/10/2012,2400,2400,2400,2400,0
10/10/2012,2400,2400,2400,2400,0
11/10/2012,2400,2400,2400,2400,0
12/10/2012,2400,2400,2400,2400,0
15/10/2012,2400,2400,2400,2400,0
16/10/2012,2400,2400,2400,2400,0
17/10/2012,2400,2400,2400,2400,0
18/10/2012,2050,2500,2050,2500,140
19/10/2012,2500,2575,2425,2425,85
22/10/2012,2425,2425,2425,2425,5
23/10/2012,2425,2425,2425,2425,0
24/10/2012,2500,2500,2500,2500,10
25/10/2012,2400,2400,2400,2400,5
29/10/2012,2450,2450,2450,2450,3790
30/10/2012,2450,2450,2450,2450,4085
31/10/2012,2450,2450,2450,2450,12125
01/11/2012,2425,2450,2400,2450,130
02/11/2012,2450,2450,2450,2450,0
05/11/2012,2450,2450,2425,2425,1770
06/11/2012,2450,2450,2425,2450,8115
07/11/2012,2400,2400,2400,2400,5
08/11/2012,2400,2400,2400,2400,9860
09/11/2012,2400,2400,2400,2400,10135
12/11/2012,2400,2400,2400,2400,2000
13/11/2012,2400,2400,2400,2400,2000
14/11/2012,2400,2400,2400,2400,11000
19/11/2012,2400,2400,2400,2400,0
20/11/2012,2150,2150,2150,2150,375
21/11/2012,2350,2400,2350,2400,40
22/11/2012,2400,2400,2400,2400,0
23/11/2012,2400,2400,2400,2400,0
26/11/2012,2400,2400,2400,2400,0
27/11/2012,2400,2400,2400,2400,0
28/11/2012,2400,2400,2400,2400,0
29/11/2012,2400,2400,2400,2400,0
30/11/2012,2400,2400,2400,2400,0
03/12/2012,2400,2400,2400,2400,0
04/12/2012,2400,2400,2400,2400,0
05/12/2012,2400,2400,2400,2400,0
06/12/2012,2400,2400,2400,2400,0
07/12/2012,2400,2400,2400,2400,0
10/12/2012,2400,2400,2400,2400,0
11/12/2012,2100,2375,2100,2375,60
12/12/2012,2375,2375,2375,2375,0
13/12/2012,2375,2375,2375,2375,0
14/12/2012,2375,2375,2375,2375,0
17/12/2012,2375,2375,2375,2375,0
18/12/2012,2350,2375,2350,2375,50
19/12/2012,2375,2375,2375,2375,0
20/12/2012,2375,2375,2375,2375,0
21/12/2012,2375,2375,2375,2375,0
26/12/2012,2375,2375,2375,2375,0
27/12/2012,2375,2375,2375,2375,0
28/12/2012,2375,2375,2375,2375,0
02/01/2013,2250,2375,2250,2375,30
03/01/2013,2375,2375,2375,2375,0
04/01/2013,2375,2375,2375,2375,0
07/01/2013,2150,2375,2150,2375,110
08/01/2013,2375,2375,2375,2375,0
09/01/2013,2375,2375,2375,2375,0
10/01/2013,2375,2375,2375,2375,0
11/01/2013,2375,2375,2375,2375,0
14/01/2013,2375,2375,2375,2375,0
15/01/2013,2375,2375,2375,2375,0
16/01/2013,2100,2100,2100,2100,15
17/01/2013,2350,2350,2350,2350,5
18/01/2013,2350,2350,2350,2350,0
21/01/2013,2350,2350,2350,2350,0
22/01/2013,2350,2350,2350,2350,0
23/01/2013,2350,2350,2350,2350,0
25/01/2013,2350,2350,2350,2350,0
28/01/2013,2350,2350,2350,2350,0
29/01/2013,2350,2350,2350,2350,0
30/01/2013,2200,2200,2200,2200,15
31/01/2013,2200,2200,2200,2200,0
01/02/2013,2200,2200,2200,2200,0
04/02/2013,2200,2200,2200,2200,0
05/02/2013,2000,2075,2000,2075,30
06/02/2013,2075,2075,2075,2075,0
07/02/2013,2075,2075,2075,2075,0
08/02/2013,2000,2000,2000,2000,5
11/02/2013,2000,2000,2000,2000,0
12/02/2013,2300,2450,2300,2400,4850
13/02/2013,2400,2400,2400,2400,125
14/02/2013,2400,2400,2400,2400,0
15/02/2013,2375,2375,2375,2375,5160
18/02/2013,2375,2375,2375,2375,0
19/02/2013,2375,2375,2375,2375,0
20/02/2013,2375,2375,2375,2375,0
21/02/2013,2375,2375,2375,2375,0
22/02/2013,2375,2375,2375,2375,0
25/02/2013,2375,2375,2375,2375,0
26/02/2013,2375,2375,2375,2375,0
27/02/2013,2200,2200,2200,2200,25
28/02/2013,2025,2400,2025,2400,1650
01/03/2013,2225,2225,2225,2225,10
04/03/2013,2375,2375,2375,2375,8385
05/03/2013,2375,2375,2375,2375,0
06/03/2013,2375,2375,2375,2375,0
07/03/2013,2375,2375,2375,2375,0
08/03/2013,2400,2450,2400,2450,20
11/03/2013,2450,2450,2450,2450,0
13/03/2013,2450,2450,2450,2450,0
14/03/2013,2450,2450,2450,2450,0
15/03/2013,2450,2450,2450,2450,0
18/03/2013,2450,2450,2450,2450,0
19/03/2013,2450,2450,2450,2450,0
20/03/2013,2450,2450,2450,2450,0
21/03/2013,2450,2450,2450,2450,0
22/03/2013,2450,2450,2450,2450,0
25/03/2013,2450,2450,2450,2450,0
26/03/2013,2450,2450,2450,2450,0
27/03/2013,2450,2450,2450,2450,0
28/03/2013,2450,2450,2450,2450,0
01/04/2013,2450,2450,2450,2450,0
02/04/2013,2450,2450,2450,2450,0
03/04/2013,2450,2450,2450,2450,0
04/04/2013,2450,2450,2450,2450,0
05/04/2013,2450,2450,2450,2450,0
08/04/2013,2400,2400,2400,2400,5
09/04/2013,2400,2400,2400,2400,0
10/04/2013,2400,2400,2400,2400,0
11/04/2013,2250,2250,2250,2250,35
12/04/2013,2300,2300,2300,2300,5
15/04/2013,2400,2400,2400,2400,5
16/04/2013,2400,2400,2400,2400,0
17/04/2013,2400,2400,2400,2400,0
18/04/2013,2400,2400,2400,2400,0
19/04/2013,2400,2400,2400,2400,0
22/04/2013,2400,2400,2400,2400,0
23/04/2013,2400,2400,2400,2400,0
24/04/2013,2400,2400,2400,2400,0
25/04/2013,2400,2400,2400,2400,0
26/04/2013,2400,2400,2400,2400,0
29/04/2013,2400,2400,2400,2400,0
30/04/2013,2400,2400,2400,2400,0
01/05/2013,2400,2400,2400,2400,0
02/05/2013,2400,2400,2400,2400,0
03/05/2013,2400,2400,2400,2400,0
06/05/2013,2400,2400,2400,2400,0
07/05/2013,2400,2400,2400,2400,0
08/05/2013,2400,2400,2400,2400,0
10/05/2013,2400,2400,2400,2400,0
13/05/2013,2400,2400,2400,2400,0
14/05/2013,2400,2400,2400,2400,0
15/05/2013,2400,2400,2400,2400,0
16/05/2013,2400,2400,2400,2400,0
17/05/2013,2400,2400,2400,2400,0
20/05/2013,2400,2400,2400,2400,0
21/05/2013,2400,2400,2400,2400,5
22/05/2013,2400,2400,2400,2400,0
23/05/2013,2400,2400,2400,2400,0
24/05/2013,2000,2000,2000,2000,5
27/05/2013,2075,2075,2075,2075,5
28/05/2013,2050,2050,2050,2050,85
29/05/2013,2050,2050,2050,2050,0
30/05/2013,2200,2200,2200,2200,10
31/05/2013,2200,2200,2200,2200,0
03/06/2013,2200,2375,2200,2375,50
04/06/2013,2375,2375,2375,2375,0
05/06/2013,2375,2375,2375,2375,0
07/06/2013,2375,2375,2375,2375,0
10/06/2013,2375,2375,2375,2375,0
11/06/2013,2375,2375,2375,2375,0
12/06/2013,2375,2375,2375,2375,0
13/06/2013,2375,2375,2375,2375,0
14/06/2013,2375,2375,2375,2375,0
17/06/2013,2375,2375,2375,2375,0
18/06/2013,2000,2350,2000,2350,20
19/06/2013,2350,2350,2350,2350,0
20/06/2013,2350,2350,2350,2350,0
21/06/2013,2350,2350,2350,2350,0
24/06/2013,2350,2350,2350,2350,0
25/06/2013,2350,2350,2350,2350,0
26/06/2013,2350,2350,2350,2350,0
27/06/2013,2350,2350,2350,2350,0
28/06/2013,2350,2350,2350,2350,0
01/07/2013,2350,2350,2350,2350,0
02/07/2013,2350,2350,2350,2350,0
03/07/2013,2350,2350,2350,2350,0
04/07/2013,2350,2350,2350,2350,0
05/07/2013,2350,2350,2350,2350,0
08/07/2013,2350,2350,2350,2350,0
09/07/2013,2350,2350,2350,2350,0
10/07/2013,2000,2000,2000,2000,10
11/07/2013,2000,2000,2000,2000,0
12/07/2013,2000,2000,2000,2000,20
15/07/2013,2000,2000,2000,2000,0
16/07/2013,2000,2000,2000,2000,0
17/07/2013,2000,2000,2000,2000,0
18/07/2013,2000,2000,2000,2000,0
19/07/2013,2000,2000,2000,2000,0
22/07/2013,2325,2325,2325,2325,5
23/07/2013,2325,2325,2325,2325,0
24/07/2013,2325,2325,2325,2325,0
25/07/2013,2325,2325,2325,2325,0
26/07/2013,2325,2325,2325,2325,0
29/07/2013,2325,2325,2325,2325,0
30/07/2013,2325,2325,2325,2325,0
31/07/2013,2325,2325,2325,2325,0
01/08/2013,2325,2325,2325,2325,0
02/08/2013,2325,2325,2325,2325,0
12/08/2013,2325,2325,2325,2325,0
13/08/2013,2325,2325,2325,2325,0
14/08/2013,2325,2325,2325,2325,0
15/08/2013,2325,2325,2325,2325,0
16/08/2013,2325,2325,2325,2325,0
19/08/2013,2325,2325,2325,2325,0
20/08/2013,2325,2325,2325,2325,0
21/08/2013,2325,2325,2325,2325,0
22/08/2013,2325,2325,2325,2325,0
23/08/2013,2325,2325,2325,2325,0
26/08/2013,2325,2325,2325,2325,0
27/08/2013,2325,2325,2325,2325,0
28/08/2013,2325,2325,2325,2325,0
29/08/2013,2325,2325,2325,2325,0
30/08/2013,2325,2325,2325,2325,0
02/09/2013,2325,2325,2325,2325,0
03/09/2013,2325,2325,2325,2325,0
04/09/2013,2300,2325,2300,2300,15
05/09/2013,2300,2300,2300,2300,10
06/09/2013,2200,2275,2200,2275,2845
09/09/2013,2275,2275,2275,2275,0
10/09/2013,2275,2275,2275,2275,0
11/09/2013,2225,2225,2225,2225,850
12/09/2013,2225,2225,2225,2225,1100
13/09/2013,2300,2300,2300,2300,5
16/09/2013,2225,2225,2225,2225,790
17/09/2013,2225,2225,2225,2225,750
18/09/2013,2050,2275,2025,2275,60
19/09/2013,2275,2275,2275,2275,0
20/09/2013,2175,2200,2175,2200,60
23/09/2013,2225,2225,2225,2225,15
24/09/2013,2225,2225,2225,2225,0
25/09/2013,2225,2225,2225,2225,0
26/09/2013,2225,2225,2225,2225,0
27/09/2013,2100,2200,2100,2200,25
30/09/2013,2200,2200,2200,2200,0
01/10/2013,2200,2200,2200,2200,0
02/10/2013,2200,2200,2200,2200,0
03/10/2013,2250,2250,2250,2250,15
04/10/2013,2000,2000,1700,1950,665
07/10/2013,1950,1990,1800,1990,185
08/10/2013,2000,2000,2000,2000,100
09/10/2013,2000,2000,2000,2000,0
10/10/2013,2000,2000,2000,2000,0
11/10/2013,1710,1710,1710,1710,5
16/10/2013,1900,1900,1900,1900,10
17/10/2013,1900,1900,1900,1900,0
18/10/2013,1900,1900,1900,1900,0
21/10/2013,1900,1900,1900,1900,0
22/10/2013,2050,2050,2050,2050,5
23/10/2013,2050,2050,2050,2050,0
24/10/2013,2050,2050,2050,2050,0
25/10/2013,2050,2050,2050,2050,0
28/10/2013,2050,2050,2050,2050,0
29/10/2013,2050,2050,2050,2050,0
30/10/2013,2050,2050,2050,2050,0
31/10/2013,2050,2050,2050,2050,0
01/11/2013,2050,2050,2050,2050,0
04/11/2013,2050,2050,2050,2050,0
06/11/2013,2050,2050,2050,2050,0
07/11/2013,1770,1770,1760,1760,25
08/11/2013,1950,1950,1950,1950,5
11/11/2013,1950,1950,1950,1950,0
12/11/2013,1950,1950,1950,1950,0
13/11/2013,1950,1950,1950,1950,0
14/11/2013,1950,1950,1950,1950,0
15/11/2013,1760,1760,1760,1760,10
18/11/2013,1760,1760,1760,1760,0
19/11/2013,1900,1900,1900,1900,5
20/11/2013,1900,1900,1900,1900,0
21/11/2013,2050,2050,2050,2050,5
22/11/2013,2050,2050,2050,2050,0
25/11/2013,2050,2050,2050,2050,0
26/11/2013,2050,2050,2050,2050,0
27/11/2013,2050,2050,2050,2050,0
28/11/2013,2050,2050,2050,2050,0
29/11/2013,2050,2050,2050,2050,0
02/12/2013,2050,2050,2050,2050,0
03/12/2013,2050,2050,2050,2050,0
04/12/2013,1780,1890,1780,1880,80
05/12/2013,1800,1900,1700,1900,40
06/12/2013,1950,1950,1950,1950,5
09/12/2013,1950,1950,1950,1950,0
10/12/2013,1950,1950,1950,1950,0
11/12/2013,1850,1850,1830,1830,15
12/12/2013,1830,1830,1830,1830,0
13/12/2013,2000,2000,2000,2000,5
16/12/2013,2000,2000,2000,2000,0
17/12/2013,2000,2000,2000,2000,0
18/12/2013,2075,2075,2075,2075,5
19/12/2013,2075,2075,2075,2075,0
20/12/2013,2075,2075,2075,2075,0
23/12/2013,2075,2075,2075,2075,0
24/12/2013,2075,2075,2075,2075,0
27/12/2013,2075,2075,2075,2075,0
30/12/2013,2000,2175,2000,2175,150
02/01/2014,2175,2175,2175,2175,0
03/01/2014,2175,2175,2175,2175,0
06/01/2014,2175,2175,2175,2175,0
07/01/2014,2175,2175,2175,2175,0
08/01/2014,2175,2175,2175,2175,0
09/01/2014,2175,2175,2175,2175,0
10/01/2014,2175,2175,2175,2175,0
13/01/2014,2175,2175,2175,2175,0
15/01/2014,2175,2175,2175,2175,0
16/01/2014,2175,2175,2175,2175,0
17/01/2014,2175,2175,2175,2175,0
20/01/2014,2175,2175,2175,2175,0
21/01/2014,2175,2175,2175,2175,0
22/01/2014,2175,2175,2175,2175,0
23/01/2014,2175,2175,2175,2175,0
24/01/2014,2175,2175,2175,2175,0
27/01/2014,2175,2175,2175,2175,0
28/01/2014,2175,2175,2175,2175,0
29/01/2014,2150,2175,2130,2175,71
30/01/2014,2175,2175,2175,2175,0
03/02/2014,1770,1800,1770,1800,50
04/02/2014,1800,1800,1800,1800,20
05/02/2014,1700,1700,1700,1700,10
06/02/2014,1800,1800,1800,1800,20
07/02/2014,1700,1845,1700,1845,20
10/02/2014,1770,1845,1700,1845,131
11/02/2014,1800,1850,1800,1850,114
12/02/2014,1720,1845,1720,1845,13
13/02/2014,1845,1845,1845,1845,0
14/02/2014,1845,1845,1845,1845,0
17/02/2014,1845,1845,1845,1845,0
18/02/2014,1845,1845,1845,1845,0
19/02/2014,1850,1850,1850,1850,3
20/02/2014,1850,1850,1850,1850,0
21/02/2014,1850,1850,1850,1850,0
24/02/2014,1850,1850,1850,1850,0
25/02/2014,1850,1850,1850,1850,0
26/02/2014,1600,1780,1600,1780,225
27/02/2014,1780,1780,1780,1780,0
28/02/2014,1780,1780,1780,1780,0
03/03/2014,1550,1770,1550,1770,58
04/03/2014,1670,1720,1610,1720,65
05/03/2014,1720,1720,1720,1720,0
06/03/2014,1720,1720,1720,1720,0
07/03/2014,1720,1720,1720,1720,50
10/03/2014,1720,1720,1720,1720,0
11/03/2014,1720,1720,1720,1720,0
12/03/2014,1720,1720,1720,1720,0
13/03/2014,1720,1720,1720,1720,0
14/03/2014,1720,1720,1720,1720,1
17/03/2014,1620,1620,1600,1600,35
18/03/2014,1600,1600,1600,1600,0
19/03/2014,1600,1600,1600,1600,0
20/03/2014,1600,1600,1600,1600,0
21/03/2014,1600,1600,1600,1600,0
24/03/2014,1600,1690,1690,1690,1
25/03/2014,1690,1690,1690,1690,0
26/03/2014,1690,1690,1690,1690,0
27/03/2014,1690,1735,1735,1735,10
28/03/2014,1735,1775,1775,1775,27
01/04/2014,1775,1775,1775,1775,0
02/04/2014,1775,1775,1500,1700,181
03/04/2014,1700,1700,1700,1700,0
04/04/2014,1700,1700,1700,1700,0
07/04/2014,1700,1700,1700,1700,0
08/04/2014,1700,1700,1700,1700,0
10/04/2014,1700,1950,1700,1950,49
11/04/2014,1950,1950,1950,1950,0
14/04/2014,1950,1950,1895,1950,179
15/04/2014,1950,1940,1940,1940,1
16/04/2014,1940,1940,1940,1940,0
17/04/2014,1940,1880,1500,1500,135
21/04/2014,1550,1550,1520,1545,210
22/04/2014,1545,1545,1545,1545,4
23/04/2014,1545,1545,1545,1545,1
24/04/2014,1545,1545,1545,1545,10
25/04/2014,1545,1545,1545,1545,0
28/04/2014,1545,1545,1545,1545,0
29/04/2014,1545,1550,1475,1475,85
30/04/2014,1475,1530,1530,1530,1
02/05/2014,1530,1530,1430,1530,88
05/05/2014,1530,1530,1530,1530,0
06/05/2014,1530,1530,1530,1530,0
07/05/2014,1530,1530,1530,1530,0
08/05/2014,1530,1530,1530,1530,0
09/05/2014,1530,1530,1530,1530,0
12/05/2014,1530,1530,1530,1530,0
13/05/2014,1530,1600,1590,1600,93
14/05/2014,1600,1600,1600,1600,241
16/05/2014,1600,1610,1600,1600,3237
19/05/2014,1600,1610,1590,1600,2245
20/05/2014,1600,1650,1600,1650,25
21/05/2014,1650,1600,1600,1600,2722
22/05/2014,1600,1600,1600,1600,300
23/05/2014,1600,1600,1600,1600,0
26/05/2014,1600,1600,1600,1600,11305
28/05/2014,1600,1650,1610,1610,3
30/05/2014,1610,1650,1600,1650,43
02/06/2014,1650,1700,1650,1700,331
03/06/2014,1750,1800,1750,1750,72
04/06/2014,1750,1800,1800,1800,5
05/06/2014,1800,1800,1800,1800,0
06/06/2014,1800,1900,1700,1880,217
09/06/2014,1880,1710,1700,1700,2505
10/06/2014,1700,1795,1795,1795,5
11/06/2014,1795,1795,1795,1795,0
12/06/2014,1795,1795,1795,1795,0
13/06/2014,1795,1795,1795,1795,0
16/06/2014,1795,1795,1795,1795,1
17/06/2014,1795,1750,1700,1700,3033
18/06/2014,1700,1800,1700,1700,1100
19/06/2014,1700,1700,1700,1700,0
20/06/2014,1700,1700,1700,1700,0
23/06/2014,1700,1700,1700,1700,0
24/06/2014,1700,1700,1700,1700,115
25/06/2014,1700,1700,1700,1700,650
26/06/2014,1700,1700,1700,1700,0
27/06/2014,1700,1700,1700,1700,0
30/06/2014,1700,1700,1700,1700,0
01/07/2014,1700,1700,1700,1700,10
02/07/2014,1700,1700,1700,1700,150
03/07/2014,1700,1700,1700,1700,2
04/07/2014,1700,1700,1700,1700,65
07/07/2014,1700,1700,1700,1700,0
08/07/2014,1700,1700,1700,1700,5
10/07/2014,1700,1700,1700,1700,6
11/07/2014,1700,1700,1700,1700,1000
14/07/2014,1700,1700,1700,1700,0
15/07/2014,1700,1700,1700,1700,1000
16/07/2014,1700,1700,1700,1700,0
17/07/2014,1700,1795,1795,1795,1
18/07/2014,1795,1795,1795,1795,0
21/07/2014,1795,1880,1880,1880,2
22/07/2014,1880,1880,1880,1880,0
23/07/2014,1880,1880,1880,1880,0
24/07/2014,1880,1710,1700,1710,202
25/07/2014,1710,1710,1710,1710,0
04/08/2014,1710,1710,1710,1710,0
05/08/2014,1710,1700,1700,1700,10
06/08/2014,1700,1700,1700,1700,0
07/08/2014,1700,1700,1700,1700,0
08/08/2014,1700,1700,1700,1700,0
11/08/2014,1700,1700,1700,1700,0
12/08/2014,1700,1800,1680,1680,31
13/08/2014,1680,1700,1500,1700,1808
14/08/2014,1700,1700,1700,1700,0
15/08/2014,1700,1600,1600,1600,1
18/08/2014,1600,1600,1600,1600,0
19/08/2014,1600,1600,1600,1600,0
20/08/2014,1600,1600,1600,1600,0
21/08/2014,1600,1600,1600,1600,0
22/08/2014,1695,1695,1695,1695,55
25/08/2014,1695,1695,1695,1695,0
26/08/2014,1695,1695,1695,1695,0
27/08/2014,1750,1750,1750,1750,20
28/08/2014,1750,1750,1750,1750,0
29/08/2014,1850,1850,1850,1850,150
01/09/2014,1850,1850,1850,1850,0
02/09/2014,1700,1700,1700,1700,1000
03/09/2014,1800,1800,1800,1800,6
04/09/2014,1800,1800,1800,1800,0
05/09/2014,1800,1800,1800,1800,0
08/09/2014,1700,1950,1700,1700,1523
09/09/2014,1740,1740,1700,1700,206
10/09/2014,1700,1700,1700,1700,3
11/09/2014,1700,1700,1700,1700,0
12/09/2014,1700,1800,1695,1800,73
15/09/2014,1800,1800,1800,1800,0
16/09/2014,1800,1800,1800,1800,0
17/09/2014,1700,1700,1700,1700,100
18/09/2014,1700,1700,1700,1700,0
19/09/2014,1800,1800,1800,1800,10
22/09/2014,1800,1800,1800,1800,0
23/09/2014,1700,1700,1700,1700,230
24/09/2014,1900,1900,1900,1900,1
25/09/2014,1900,1900,1900,1900,0
26/09/2014,1950,1950,1950,1950,80
29/09/2014,1950,1950,1950,1950,0
30/09/2014,1950,1950,1950,1950,0
01/10/2014,1950,1950,1950,1950,0
02/10/2014,1950,1950,1950,1950,0
03/10/2014,1950,1950,1950,1950,0
06/10/2014,1950,1950,1950,1950,0
07/10/2014,1950,1950,1950,1950,0
08/10/2014,1950,1950,1950,1950,0
09/10/2014,1950,1950,1950,1950,0
10/10/2014,1950,1950,1950,1950,0
13/10/2014,1950,1950,1950,1950,0
14/10/2014,1950,1950,1950,1950,0
15/10/2014,1950,1950,1950,1950,0
16/10/2014,1950,1950,1950,1950,0
17/10/2014,1950,1950,1950,1950,0
20/10/2014,1950,1950,1950,1950,0
21/10/2014,1700,1700,1700,1700,100
22/10/2014,1700,1700,1700,1700,0
23/10/2014,1700,1700,1700,1700,0
24/10/2014,1700,1700,1700,1700,0
27/10/2014,1700,1700,1700,1700,0
28/10/2014,1700,1700,1700,1700,0
29/10/2014,1800,1800,1800,1800,5
30/10/2014,1800,1800,1800,1800,0
31/10/2014,1700,1900,1700,1900,46
03/11/2014,1900,1900,1900,1900,0
04/11/2014,1995,1995,1995,1995,10
05/11/2014,1995,1995,1995,1995,0
06/11/2014,1705,1705,1705,1705,2
07/11/2014,1995,1995,1995,1995,2
10/11/2014,1995,1995,1995,1995,0
11/11/2014,1995,1995,1995,1995,0
12/11/2014,1995,1995,1995,1995,0
13/11/2014,1995,1995,1995,1995,0
14/11/2014,1950,1950,1700,1950,115
17/11/2014,1950,1950,1950,1950,0
18/11/2014,1510,1925,1510,1925,10
19/11/2014,1925,1925,1925,1925,0
20/11/2014,1925,1925,1925,1925,0
21/11/2014,1925,1925,1925,1925,0
24/11/2014,1925,1925,1925,1925,0
25/11/2014,2000,2000,2000,2000,5
26/11/2014,2000,2000,2000,2000,0
27/11/2014,2000,2000,2000,2000,0
28/11/2014,2000,2000,2000,2000,0
01/12/2014,2000,2000,2000,2000,0
02/12/2014,2000,2000,2000,2000,0
03/12/2014,2000,2000,2000,2000,0
04/12/2014,2000,2000,2000,2000,0
05/12/2014,2000,2000,2000,2000,0
08/12/2014,2000,2000,2000,2000,0
09/12/2014,2000,2000,2000,2000,0
10/12/2014,2000,2000,2000,2000,0
11/12/2014,2000,2000,2000,2000,0
12/12/2014,2000,2000,2000,2000,0
15/12/2014,2000,2000,2000,2000,0
16/12/2014,1505,1950,1505,1950,2
17/12/2014,1950,1950,1950,1950,0
18/12/2014,1950,1950,1950,1950,0
19/12/2014,1950,1950,1950,1950,0
22/12/2014,1950,1950,1950,1950,0
23/12/2014,1945,2000,1945,2000,7
24/12/2014,2000,2000,2000,2000,0
29/12/2014,2000,2000,2000,2000,0
30/12/2014,2000,2000,2000,2000,0
02/01/2015,2000,2000,2000,2000,0
05/01/2015,1505,1940,1505,1940,19
06/01/2015,1700,1840,1500,1840,7
07/01/2015,1895,1945,1895,1945,3
08/01/2015,1945,1945,1945,1945,0
09/01/2015,1945,1945,1945,1945,0
12/01/2015,1945,1945,1945,1945,0
13/01/2015,1945,1945,1945,1945,0
14/01/2015,1945,1945,1945,1945,0
15/01/2015,1945,1945,1945,1945,0
16/01/2015,1945,1945,1945,1945,0
19/01/2015,1945,1945,1945,1945,0
20/01/2015,1945,1945,1945,1945,0
21/01/2015,1515,1740,1515,1740,15
22/01/2015,1740,1740,1740,1740,0
23/01/2015,1740,1740,1740,1740,0
26/01/2015,1740,1740,1740,1740,0
27/01/2015,1890,1890,1890,1890,6
28/01/2015,1890,1890,1890,1890,0
29/01/2015,1945,1945,1945,1945,1
30/01/2015,1945,1945,1945,1945,0
02/02/2015,1945,1945,1945,1945,0
03/02/2015,1945,1945,1945,1945,0
04/02/2015,1945,1945,1945,1945,0
05/02/2015,1945,1945,1945,1945,0
06/02/2015,1945,1945,1945,1945,0
09/02/2015,1945,1945,1945,1945,0
10/02/2015,1925,2000,1915,2000,1033
11/02/2015,2000,2000,2000,2000,0
12/02/2015,2000,2000,2000,2000,0
13/02/2015,2000,2000,2000,2000,0
16/02/2015,2000,2000,2000,2000,0
17/02/2015,2000,2000,2000,2000,0
18/02/2015,2000,2000,2000,2000,0
20/02/2015,2000,2000,2000,2000,0
23/02/2015,1510,1900,1510,1900,15
24/02/2015,1900,1900,1900,1900,0
25/02/2015,1900,1900,1900,1900,0
26/02/2015,1900,1900,1900,1900,0
27/02/2015,1900,1900,1900,1900,0
02/03/2015,1900,1900,1900,1900,0
03/03/2015,1900,1900,1900,1900,0
04/03/2015,1900,1900,1900,1900,0
05/03/2015,1900,1900,1900,1900,0
06/03/2015,1550,1950,1550,1950,17
09/03/2015,1950,1950,1950,1950,0
10/03/2015,1680,1900,1680,1900,15
11/03/2015,1900,1900,1900,1900,0
12/03/2015,1900,1900,1900,1900,0
13/03/2015,1900,1900,1900,1900,2
16/03/2015,1900,1900,1900,1900,0
17/03/2015,1900,1900,1900,1900,2
18/03/2015,1900,1900,1900,1900,0
19/03/2015,1900,1900,1900,1900,0
20/03/2015,1900,1900,1900,1900,0
23/03/2015,1900,1900,1900,1900,0
24/03/2015,1900,1900,1900,1900,0
25/03/2015,1900,1900,1900,1900,0
26/03/2015,1900,1900,1900,1900,0
27/03/2015,1900,1900,1900,1900,0
30/03/2015,1700,1700,1700,1700,9
31/03/2015,1700,1700,1700,1700,0
01/04/2015,1700,1700,1700,1700,0
02/04/2015,1700,1700,1700,1700,0
06/04/2015,1700,1700,1700,1700,0
07/04/2015,2000,2000,1900,1900,24
08/04/2015,1900,1980,1800,1900,49
09/04/2015,1900,1900,1900,1900,0
10/04/2015,1900,1900,1900,1900,0
13/04/2015,1860,1860,1860,1860,1
14/04/2015,1860,1860,1860,1860,0
15/04/2015,1860,1860,1860,1860,0
16/04/2015,1860,1860,1860,1860,0
17/04/2015,1860,1860,1860,1860,0
20/04/2015,1700,1860,1660,1860,612
21/04/2015,1825,1830,1820,1830,12
22/04/2015,1830,1830,1830,1830,0
23/04/2015,1830,1830,1830,1830,0
24/04/2015,1800,1800,1800,1800,3
27/04/2015,1750,1750,1650,1670,19
28/04/2015,1650,1650,1650,1650,2
29/04/2015,1650,1650,1650,1650,16
30/04/2015,1650,1750,1650,1750,6
04/05/2015,1750,1750,1750,1750,0
05/05/2015,1750,1750,1750,1750,0
06/05/2015,1750,1750,1750,1750,0
07/05/2015,1750,1750,1750,1750,0
08/05/2015,1750,1750,1750,1750,0
11/05/2015,1750,1750,1750,1750,0
12/05/2015,1750,1750,1750,1750,0
13/05/2015,1750,1750,1750,1750,0
15/05/2015,1750,1750,1750,1750,0
18/05/2015,1750,1750,1750,1750,0
19/05/2015,1750,1750,1750,1750,0
20/05/2015,1750,1750,1750,1750,2
21/05/2015,1750,1750,1750,1750,0
22/05/2015,1650,1650,1650,1650,5
25/05/2015,1650,1650,1650,1650,0
26/05/2015,1650,1650,1650,1650,0
27/05/2015,1650,1650,1650,1650,0
28/05/2015,1650,1650,1650,1650,0
29/05/2015,1550,1750,1550,1750,8
01/06/2015,1750,1750,1750,1750,0
03/06/2015,1650,1650,1650,1650,5
04/06/2015,1650,1650,1650,1650,5
05/06/2015,1650,1650,1650,1650,0
08/06/2015,1585,1585,1585,1585,5
09/06/2015,1585,1585,1585,1585,0
10/06/2015,1585,1585,1585,1585,0
11/06/2015,1585,1585,1585,1585,0
12/06/2015,1585,1585,1585,1585,0
15/06/2015,1540,1540,1500,1500,6
16/06/2015,1500,1500,1500,1500,0
17/06/2015,1500,1500,1500,1500,0
18/06/2015,1500,1500,1500,1500,0
19/06/2015,1500,1500,1500,1500,0
22/06/2015,1600,1600,1600,1600,1
23/06/2015,1600,1600,1600,1600,0
24/06/2015,1600,1600,1600,1600,0
25/06/2015,1600,1600,1600,1600,0
26/06/2015,1600,1600,1600,1600,0
29/06/2015,1500,1500,1500,1500,7
30/06/2015,1650,1650,1650,1650,2
01/07/2015,1650,1650,1650,1650,0
02/07/2015,1650,1650,1650,1650,0
03/07/2015,1650,1650,1650,1650,0
06/07/2015,1650,1650,1650,1650,0
07/07/2015,1650,1650,1650,1650,0
08/07/2015,1650,1650,1650,1650,0
09/07/2015,1650,1650,1650,1650,0
10/07/2015,1650,1650,1650,1650,0
13/07/2015,1650,1650,1650,1650,0
14/07/2015,1650,1650,1650,1650,0
15/07/2015,1650,1650,1650,1650,0
22/07/2015,1640,1640,1640,1640,20
23/07/2015,1640,1640,1640,1640,0
24/07/2015,1640,1640,1640,1640,0
27/07/2015,1640,1640,1640,1640,0
28/07/2015,1640,1640,1640,1640,0
29/07/2015,1640,1640,1640,1640,0
30/07/2015,1640,1640,1640,1640,0
31/07/2015,1640,1640,1640,1640,0
03/08/2015,1640,1640,1640,1640,0
04/08/2015,1640,1640,1640,1640,0
05/08/2015,1640,1640,1640,1640,0
06/08/2015,1250,1250,1250,1250,12
07/08/2015,1250,1250,1250,1250,0
10/08/2015,1250,1250,1250,1250,0
11/08/2015,1445,1445,1445,1445,1
12/08/2015,1445,1445,1445,1445,0
13/08/2015,1445,1445,1445,1445,0
14/08/2015,1445,1445,1445,1445,0
18/08/2015,1445,1445,1445,1445,0
19/08/2015,1445,1445,1445,1445,0
20/08/2015,1490,1490,1485,1485,70
21/08/2015,1485,1485,1485,1485,0
24/08/2015,1485,1485,1485,1485,0
25/08/2015,1485,1485,1485,1485,0
26/08/2015,1485,1485,1485,1485,0
27/08/2015,1350,1445,1350,1445,9
28/08/2015,1445,1445,1445,1445,0
31/08/2015,1445,1445,1445,1445,0
01/09/2015,1445,1445,1445,1445,0
02/09/2015,1445,1445,1445,1445,0
03/09/2015,1375,1375,1375,1375,1
04/09/2015,1375,1375,1375,1375,0
07/09/2015,1375,1375,1375,1375,0
08/09/2015,1375,1375,1375,1375,0
09/09/2015,1375,1375,1375,1375,0
10/09/2015,1375,1375,1375,1375,0
11/09/2015,1375,1375,1375,1375,0
14/09/2015,1375,1375,1375,1375,0
15/09/2015,1375,1375,1375,1375,2
16/09/2015,1375,1375,1375,1375,0
17/09/2015,1375,1375,1375,1375,0
18/09/2015,1375,1375,1375,1375,0
21/09/2015,1375,1375,1375,1375,0
22/09/2015,1375,1375,1375,1375,0
23/09/2015,1375,1375,1375,1375,0
25/09/2015,1375,1375,1375,1375,0
28/09/2015,1395,1395,1395,1395,1
29/09/2015,1395,1395,1395,1395,0
30/09/2015,1395,1395,1395,1395,0
01/10/2015,1395,1395,1395,1395,0
02/10/2015,1395,1395,1395,1395,0
05/10/2015,1395,1395,1395,1395,7
06/10/2015,1395,1395,1395,1395,0
07/10/2015,1395,1395,1395,1395,0
08/10/2015,1395,1395,1395,1395,0
09/10/2015,1395,1395,1395,1395,0
12/10/2015,1700,1700,1500,1500,22
13/10/2015,1500,1500,1500,1500,0
15/10/2015,1500,1500,1500,1500,0
16/10/2015,1500,1500,1500,1500,0
19/10/2015,1500,1500,1500,1500,0
20/10/2015,1500,1500,1500,1500,0
21/10/2015,1500,1500,1500,1500,0
22/10/2015,1500,1500,1500,1500,0
23/10/2015,1500,1500,1500,1500,0
26/10/2015,1500,1500,1500,1500,0
27/10/2015,1500,1500,1500,1500,0
28/10/2015,1500,1500,1500,1500,0
29/10/2015,1500,1500,1500,1500,0
30/10/2015,1500,1500,1500,1500,0
02/11/2015,1500,1500,1500,1500,0
03/11/2015,1500,1500,1500,1500,0
04/11/2015,1500,1500,1500,1500,0
05/11/2015,1500,1500,1500,1500,0
06/11/2015,1500,1500,1500,1500,0
09/11/2015,1500,1500,1500,1500,0
10/11/2015,1500,1500,1500,1500,0
11/11/2015,1500,1500,1500,1500,0
12/11/2015,1500,1500,1500,1500,0
13/11/2015,1500,1500,1500,1500,0
16/11/2015,1500,1500,1500,1500,0
17/11/2015,1400,1400,1400,1400,301
18/11/2015,1400,1400,1400,1400,0
19/11/2015,1400,1400,1400,1400,0
20/11/2015,1400,1400,1400,1400,0
23/11/2015,1400,1400,1400,1400,0
24/11/2015,1400,1400,1400,1400,0
25/11/2015,1400,1400,1400,1400,0
26/11/2015,1400,1400,1400,1400,0
27/11/2015,1400,1400,1400,1400,0
30/11/2015,1400,1400,1400,1400,0
01/12/2015,1400,1400,1400,1400,0
02/12/2015,1400,1400,1400,1400,0
03/12/2015,1400,1400,1400,1400,0
04/12/2015,1400,1400,1400,1400,0
07/12/2015,1400,1400,1400,1400,0
08/12/2015,1400,1400,1400,1400,0
10/12/2015,1400,1400,1400,1400,0
11/12/2015,1400,1400,1400,1400,0
14/12/2015,1400,1400,1400,1400,0
15/12/2015,1400,1400,1400,1400,0
16/12/2015,1400,1400,1400,1400,0
17/12/2015,1400,1400,1400,1400,0
18/12/2015,1400,1400,1400,1400,0
21/12/2015,1400,1400,1400,1400,0
22/12/2015,1400,1400,1400,1400,0
23/12/2015,1400,1400,1400,1400,0
28/12/2015,1400,1400,1400,1400,0
29/12/2015,1400,1400,1400,1400,0
30/12/2015,1400,1400,1400,1400,0
04/01/2016,1400,1400,1400,1400,0
05/01/2016,1400,1400,1400,1400,0
06/01/2016,1300,1700,1300,1700,6
07/01/2016,1700,1700,1700,1700,0
08/01/2016,1700,1700,1700,1700,0
11/01/2016,1700,1700,1700,1700,0
12/01/2016,1700,1700,1700,1700,0
13/01/2016,1700,1700,1700,1700,0
14/01/2016,1700,1700,1700,1700,0
15/01/2016,1595,1595,1595,1595,215
18/01/2016,1595,1595,1595,1595,0
19/01/2016,1440,1440,1440,1440,1
20/01/2016,1750,1750,1750,1750,1
21/01/2016,1750,1750,1750,1750,0
22/01/2016,1750,1750,1750,1750,0
25/01/2016,1750,1750,1750,1750,0
26/01/2016,1650,1650,1650,1650,6
27/01/2016,1650,1650,1650,1650,0
28/01/2016,1650,1650,1650,1650,0
29/01/2016,1650,1650,1650,1650,0
01/02/2016,1575,1575,1575,1575,7
02/02/2016,1950,1950,1600,1600,7
03/02/2016,1600,1600,1600,1600,0
04/02/2016,1600,1600,1600,1600,0
05/02/2016,1600,1600,1600,1600,0
09/02/2016,1600,1600,1600,1600,0
10/02/2016,1600,1600,1600,1600,0
11/02/2016,1600,1600,1600,1600,0
12/02/2016,1600,1600,1600,1600,0
15/02/2016,1600,1600,1600,1600,0
16/02/2016,1600,1600,1600,1600,0
17/02/2016,1600,1600,1600,1600,6
18/02/2016,1600,1600,1600,1600,0
19/02/2016,1600,1600,1600,1600,0
22/02/2016,1600,1600,1600,1600,0
23/02/2016,1600,1600,1600,1600,0
24/02/2016,1600,1600,1600,1600,0
25/02/2016,1600,1600,1600,1600,0
26/02/2016,1600,1600,1600,1600,0
29/02/2016,1600,1600,1600,1600,0
01/03/2016,1600,1600,1600,1600,0
02/03/2016,1600,1600,1600,1600,0
03/03/2016,1600,1600,1600,1600,0
04/03/2016,1600,1600,1600,1600,0
07/03/2016,1600,1600,1600,1600,0
08/03/2016,1600,1600,1600,1600,0
10/03/2016,1600,1600,1600,1600,0
11/03/2016,1600,1600,1600,1600,0
14/03/2016,1600,1600,1600,1600,0
15/03/2016,1600,1600,1600,1600,0
16/03/2016,1600,1600,1600,1600,0
17/03/2016,1550,1670,1550,1670,1765
18/03/2016,1670,1670,1670,1670,0
21/03/2016,1670,1670,1670,1670,0
22/03/2016,1670,1670,1670,1670,0
23/03/2016,1670,1670,1670,1670,0
24/03/2016,1670,1670,1670,1670,0
28/03/2016,1670,1670,1670,1670,0
29/03/2016,1670,1670,1670,1670,0
30/03/2016,1670,1670,1670,1670,0
31/03/2016,1670,1670,1670,1670,0
01/04/2016,1670,1670,1670,1670,0
04/04/2016,1670,1670,1670,1670,0
05/04/2016,1670,1670,1670,1670,0
06/04/2016,1670,1670,1670,1670,0
07/04/2016,2050,2050,1700,1700,2
08/04/2016,1700,1700,1700,1700,0
11/04/2016,1700,1700,1700,1700,0
12/04/2016,1680,1680,1680,1680,2
13/04/2016,1680,1680,1680,1680,0
14/04/2016,1680,1680,1680,1680,0
15/04/2016,1680,1680,1680,1680,0
18/04/2016,1680,1680,1680,1680,0
19/04/2016,1675,1675,1675,1675,1
20/04/2016,1670,1670,1510,1510,29
21/04/2016,1510,1510,1510,1510,0
22/04/2016,1410,1410,1405,1405,56
25/04/2016,1405,1405,1405,1405,0
26/04/2016,1695,1695,1695,1695,1
27/04/2016,1695,1695,1695,1695,0
28/04/2016,1695,1695,1695,1695,0
29/04/2016,1695,1695,1695,1695,0
02/05/2016,1645,1645,1645,1645,1
03/05/2016,1640,1640,1640,1640,2
04/05/2016,1595,1595,1595,1595,4
09/05/2016,1595,1595,1595,1595,0
10/05/2016,1595,1595,1595,1595,0
11/05/2016,1595,1595,1595,1595,0
12/05/2016,1595,1595,1595,1595,0
13/05/2016,1595,1595,1595,1595,0
16/05/2016,1595,1595,1595,1595,0
17/05/2016,1595,1595,1595,1595,0
18/05/2016,1595,1595,1595,1595,0
19/05/2016,1595,1595,1595,1595,0
20/05/2016,1595,1595,1595,1595,0
23/05/2016,1595,1595,1595,1595,0
24/05/2016,1595,1595,1595,1595,0
25/05/2016,1595,1595,1595,1595,0
26/05/2016,1595,1595,1595,1595,0
27/05/2016,1595,1595,1595,1595,0
30/05/2016,1595,1595,1595,1595,0
31/05/2016,1595,1595,1595,1595,0
01/06/2016,1595,1595,1595,1595,0
02/06/2016,1595,1595,1595,1595,0
03/06/2016,1595,1595,1595,1595,0
06/06/2016,1595,1595,1595,1595,0
07/06/2016,1595,1595,1595,1595,0
08/06/2016,1595,1595,1595,1595,0
09/06/2016,1595,1595,1595,1595,0
10/06/2016,1640,1640,1640,1640,1
13/06/2016,1640,1640,1640,1640,0
14/06/2016,1640,1640,1640,1640,0
15/06/2016,1640,1640,1640,1640,0
16/06/2016,1640,1640,1640,1640,0
17/06/2016,1640,1640,1640,1640,0
20/06/2016,1640,1640,1640,1640,0
21/06/2016,1640,1640,1640,1640,0
22/06/2016,1640,1640,1640,1640,0
23/06/2016,1640,1640,1640,1640,0
24/06/2016,1640,1640,1640,1640,0
27/06/2016,1640,1640,1640,1640,0
28/06/2016,1640,1640,1640,1640,0
29/06/2016,1640,1640,1640,1640,0
30/06/2016,1640,1640,1640,1640,0
01/07/2016,1640,1640,1640,1640,0
11/07/2016,1640,1640,1640,1640,0
12/07/2016,1640,1640,1640,1640,0
13/07/2016,1640,1640,1640,1640,0
14/07/2016,1640,1640,1640,1640,0
15/07/2016,1640,1640,1640,1640,0
18/07/2016,1640,1640,1640,1640,0
19/07/2016,1640,1640,1640,1640,0
20/07/2016,1640,1640,1640,1640,0
21/07/2016,1640,1640,1610,1620,45
22/07/2016,1620,1700,1620,1690,239
25/07/2016,1700,1730,1700,1725,133
26/07/2016,1725,1725,1700,1700,126
27/07/2016,1700,2100,1700,1800,35
28/07/2016,1790,1790,1790,1790,1
29/07/2016,1790,1790,1760,1760,70
01/08/2016,1800,2190,1800,2000,27
02/08/2016,1950,1950,1950,1950,20
03/08/2016,1950,1950,1950,1950,0
04/08/2016,1950,1950,1950,1950,0
05/08/2016,1770,1770,1755,1755,64
08/08/2016,1710,1710,1660,1660,2
09/08/2016,1970,1970,1970,1970,1
10/08/2016,1970,1970,1970,1970,0
11/08/2016,1970,1970,1970,1970,0
12/08/2016,1900,1900,1780,1820,37
15/08/2016,1770,1770,1700,1700,9
16/08/2016,1700,1700,1700,1700,0
18/08/2016,1700,2100,1700,1700,326
19/08/2016,1650,1650,1650,1650,10
22/08/2016,1650,1650,1650,1650,14
23/08/2016,1650,1650,1650,1650,150
24/08/2016,1650,1650,1650,1650,0
25/08/2016,1650,1650,1650,1650,0
26/08/2016,1650,1650,1650,1650,0
29/08/2016,1650,1650,1650,1650,0
30/08/2016,1990,1990,1990,1990,1
31/08/2016,1990,1990,1990,1990,0
01/09/2016,1990,1990,1990,1990,0
02/09/2016,1990,1990,1990,1990,0
05/09/2016,1900,1900,1900,1900,260
06/09/2016,1900,1900,1900,1900,0
07/09/2016,1900,1900,1900,1900,4
08/09/2016,1900,1900,1900,1900,0
09/09/2016,1800,1990,1710,1710,23
13/09/2016,1710,1710,1540,1540,6
14/09/2016,1925,1925,1925,1925,1
15/09/2016,1925,1925,1735,1735,6
16/09/2016,1725,1725,1725,1725,1
19/09/2016,1725,1725,1725,1725,0
20/09/2016,1725,1725,1725,1725,0
21/09/2016,1725,1725,1725,1725,0
22/09/2016,1725,1725,1725,1725,0
23/09/2016,1725,1725,1725,1725,0
26/09/2016,1725,1725,1725,1725,0
27/09/2016,1725,1725,1555,1555,211
28/09/2016,1560,1560,1560,1560,3
29/09/2016,1560,1560,1560,1560,42
30/09/2016,1420,1420,1420,1420,1
03/10/2016,1420,1420,1420,1420,0
04/10/2016,1420,1420,1420,1420,0
05/10/2016,1420,1420,1420,1420,0
06/10/2016,1420,1420,1420,1420,0
07/10/2016,1550,1550,1520,1520,22
10/10/2016,1650,1900,1540,1540,9
11/10/2016,1540,1540,1540,1540,0
12/10/2016,1540,1540,1540,1540,0
13/10/2016,1555,1640,1555,1640,2
14/10/2016,1690,1705,1690,1705,29
17/10/2016,1705,1705,1700,1700,70
18/10/2016,1650,1650,1550,1550,5
19/10/2016,1550,1550,1550,1550,0
20/10/2016,1560,1650,1560,1600,7
21/10/2016,1600,1600,1600,1600,0
24/10/2016,1600,1600,1600,1600,0
25/10/2016,1600,1640,1600,1600,97
26/10/2016,1620,1780,1620,1780,880
27/10/2016,1800,1910,1800,1900,1429
28/10/2016,1950,2000,1950,1950,1318
31/10/2016,2000,2050,2000,2000,307
01/11/2016,2000,2020,2000,2010,538
02/11/2016,2010,2030,2010,2020,1029
03/11/2016,2100,2100,2020,2050,1026
04/11/2016,2000,2110,2000,2110,1886
07/11/2016,2120,2120,2120,2120,287
08/11/2016,2120,2140,2120,2140,177
09/11/2016,2140,2150,2140,2140,157
10/11/2016,2150,2190,2150,2170,108
11/11/2016,2180,2200,2180,2190,213
14/11/2016,2200,2240,2200,2240,226
15/11/2016,2200,2230,2200,2220,353
16/11/2016,2230,2240,2230,2240,186
17/11/2016,2240,2270,2240,2270,214
18/11/2016,2270,2280,2270,2270,158
21/11/2016,2260,2270,2260,2270,428
22/11/2016,2270,2270,2260,2260,1910
23/11/2016,2260,2260,2260,2260,201
24/11/2016,2260,2260,2260,2260,0
25/11/2016,2260,2260,2260,2260,0
28/11/2016,2260,2260,2260,2260,0
29/11/2016,2250,2550,2250,2550,1684
30/11/2016,2550,2550,2350,2350,12
01/12/2016,2500,2520,2250,2500,223
02/12/2016,2500,2500,2500,2500,100
05/12/2016,2500,2500,2500,2500,0
06/12/2016,2500,2500,2500,2500,4
07/12/2016,2500,2500,2500,2500,0
08/12/2016,2500,2500,2500,2500,0
09/12/2016,2500,2600,2500,2600,28
13/12/2016,2600,2600,2600,2600,2
14/12/2016,2500,2500,2500,2500,310659
15/12/2016,2500,2500,2500,2500,2408
16/12/2016,2500,2500,2500,2500,0
19/12/2016,2500,2500,2500,2500,198
20/12/2016,2580,2680,2580,2590,619
21/12/2016,2590,2590,2590,2590,0
22/12/2016,2670,2670,2620,2620,8
23/12/2016,2600,2630,2600,2630,58
27/12/2016,2630,2630,2630,2630,10
28/12/2016,2640,2740,2640,2740,2000
29/12/2016,2700,2700,2700,2700,2
30/12/2016,2700,2700,2700,2700,0
03/01/2017,2700,2700,2700,2700,1
04/01/2017,2700,2700,2700,2700,0
05/01/2017,2600,2700,2500,2700,108
06/01/2017,2690,2720,2690,2720,500
09/01/2017,2720,2730,2700,2730,1008
10/01/2017,2710,2730,2710,2730,40
11/01/2017,2720,2800,2700,2800,1953
12/01/2017,2770,2800,2770,2800,375
13/01/2017,2790,2800,2790,2800,20
16/01/2017,2520,2900,2520,2900,7923
17/01/2017,2900,2900,2900,2900,4
18/01/2017,2900,2900,2510,2900,3010
19/01/2017,2900,2900,2900,2900,1
20/01/2017,2900,2900,2900,2900,1
23/01/2017,2900,2900,2900,2900,2
24/01/2017,2900,2900,2900,2900,1
25/01/2017,2850,2900,2850,2900,2102
26/01/2017,2850,2900,2850,2900,254
27/01/2017,2900,2900,2900,2900,5
30/01/2017,2860,2860,2860,2860,4
31/01/2017,2860,2860,2860,2860,5
01/02/2017,2860,2870,2860,2870,25
02/02/2017,2870,2870,2500,2870,793
03/02/2017,2540,2850,2500,2540,615
06/02/2017,2600,2850,2600,2850,235
07/02/2017,2850,2860,2850,2860,11
08/02/2017,2850,2860,2850,2860,15
09/02/2017,2860,2860,2860,2860,6
10/02/2017,2850,2860,2550,2860,21
13/02/2017,2850,2860,2530,2550,91
14/02/2017,2580,2820,2550,2580,40
16/02/2017,2750,2780,2500,2500,133
17/02/2017,2500,2800,2500,2800,3650
20/02/2017,2790,2900,2620,2900,3275
21/02/2017,2800,2900,2800,2900,310
22/02/2017,2890,2990,2610,2610,4052
23/02/2017,2960,2960,2950,2950,10
24/02/2017,2950,3000,2950,3000,1553
27/02/2017,3000,3000,3000,3000,0
28/02/2017,2970,2980,2970,2980,11
01/03/2017,2980,3000,2980,2980,209
02/03/2017,2980,2980,2980,2980,0
03/03/2017,2980,2980,2980,2980,0
06/03/2017,2980,2980,2980,2980,0
07/03/2017,2980,2980,2980,2980,0
08/03/2017,2980,2980,2980,2980,0
09/03/2017,2560,2560,2560,2560,1
10/03/2017,2560,2600,2560,2600,5
13/03/2017,2600,2600,2600,2600,0
14/03/2017,2600,2900,2510,2900,371
15/03/2017,2800,3010,2800,2990,9205
16/03/2017,2990,2990,2990,2990,0
17/03/2017,2990,2990,2990,2990,0
20/03/2017,2990,2990,2600,2630,35
21/03/2017,2650,2650,2650,2650,4
22/03/2017,2650,2650,2650,2650,0
23/03/2017,2680,2990,2680,2990,255
24/03/2017,2660,2990,2660,2990,505
27/03/2017,2990,2990,2990,2990,0
29/03/2017,2990,2990,2990,2990,0
30/03/2017,2990,2990,2990,2990,0
31/03/2017,2900,2900,2900,2900,1
03/04/2017,2850,2850,2850,2850,4
04/04/2017,2850,2850,2850,2850,0
05/04/2017,2820,2820,2800,2800,16
06/04/2017,2800,2800,2800,2800,1
07/04/2017,2800,3010,2800,3010,2075
10/04/2017,3010,3010,3010,3010,0
11/04/2017,3010,3010,3010,3010,0
12/04/2017,2750,2750,2700,2730,14
13/04/2017,2850,2850,2850,2850,2
17/04/2017,2850,3000,2850,3000,517
18/04/2017,3030,3030,3030,3030,700
20/04/2017,3000,3000,3000,3000,10
21/04/2017,3000,3000,3000,3000,0
25/04/2017,3000,3000,2900,3000,304
26/04/2017,3000,3000,3000,3000,0
27/04/2017,3000,3000,3000,3000,0
28/04/2017,3000,3000,3000,3000,0
02/05/2017,3000,3000,3000,3000,0
03/05/2017,3000,3000,3000,3000,0
04/05/2017,3000,3000,3000,3000,0
05/05/2017,3000,3000,3000,3000,0
08/05/2017,3000,3000,3000,3000,0
09/05/2017,3000,3000,3000,3000,0
10/05/2017,3000,3000,3000,3000,2
12/05/2017,3000,3000,3000,3000,0
15/05/2017,3000,3000,3000,3000,0
16/05/2017,2990,2990,2990,2990,2
17/05/2017,2990,2990,2990,2990,5
18/05/2017,2990,2990,2990,2990,0
19/05/2017,2990,2990,2990,2990,1
22/05/2017,2990,2990,2990,2990,0
23/05/2017,2990,2990,2990,2990,0
24/05/2017,2990,2990,2990,2990,0
26/05/2017,2990,2990,2990,2990,0
29/05/2017,2990,2990,2990,2990,0
30/05/2017,2990,2990,2990,2990,0
31/05/2017,2990,2990,2990,2990,0
02/06/2017,2990,2990,2990,2990,0
05/06/2017,2980,2980,2980,2980,1
06/06/2017,3000,3000,3000,3000,1
07/06/2017,2850,2900,2850,2900,7
08/06/2017,2900,2900,2900,2900,0
09/06/2017,2900,2900,2900,2900,27
12/06/2017,2900,2900,2900,2900,0
13/06/2017,2900,2900,2900,2900,0
14/06/2017,2900,3040,2900,3040,551
15/06/2017,3000,3050,2800,3050,629
16/06/2017,3050,3050,3050,3050,0
19/06/2017,3050,3050,3050,3050,0
20/06/2017,2900,3040,2900,3040,330
21/06/2017,3040,3040,3040,3040,0
22/06/2017,3040,3040,3040,3040,0
03/07/2017,3040,3040,3040,3040,0
04/07/2017,3010,3010,3010,3010,5
05/07/2017,2800,2800,2800,2800,5
06/07/2017,2820,2820,2750,2750,10
07/07/2017,2750,2750,2620,2620,179
10/07/2017,2000,2450,2000,2450,7
11/07/2017,2450,2450,2450,2450,10
12/07/2017,2500,2500,2500,2500,5
13/07/2017,2400,2790,2400,2790,146
14/07/2017,2790,2790,2790,2790,0
17/07/2017,2790,2790,2790,2790,0
18/07/2017,2450,2500,2450,2500,20
19/07/2017,2460,2460,2300,2300,517
20/07/2017,2300,2300,2150,2200,104
21/07/2017,2100,2300,2100,2300,102
24/07/2017,2300,2340,2300,2340,86
25/07/2017,2300,2300,2300,2300,152
26/07/2017,2300,2300,2300,2300,56
27/07/2017,2340,2800,2340,2800,304
28/07/2017,2870,2990,2800,2900,256
31/07/2017,2910,3000,2880,3000,448
01/08/2017,2980,2990,2980,2990,160
02/08/2017,2990,3000,2900,2900,17
03/08/2017,2990,2990,2900,2900,3
04/08/2017,2890,2890,2800,2800,90
07/08/2017,2800,2800,2800,2800,9
08/08/2017,2900,2900,2740,2740,14
09/08/2017,2740,2740,2740,2740,1
10/08/2017,2600,2600,2600,2600,5
11/08/2017,2700,2800,2650,2800,90
14/08/2017,2320,2750,2320,2520,40
15/08/2017,2600,2690,2600,2690,3
16/08/2017,2650,2650,2500,2520,56
18/08/2017,2550,2550,2530,2530,3
21/08/2017,2530,2530,2530,2530,2
22/08/2017,2540,2650,2540,2600,11
23/08/2017,2700,2750,2700,2750,24
24/08/2017,2750,2750,2750,2750,0
25/08/2017,2750,2750,2750,2750,0
28/08/2017,2750,2750,2750,2750,1
29/08/2017,2750,2750,2750,2750,0
30/08/2017,2350,2350,2350,2350,3
31/08/2017,2400,2600,2400,2600,4
04/09/2017,2600,2650,2600,2650,2
05/09/2017,2360,2650,2360,2650,6
06/09/2017,2650,2650,2650,2650,0
07/09/2017,2650,2650,2650,2650,0
08/09/2017,2790,2800,2790,2800,14
11/09/2017,2800,2800,2800,2800,0
12/09/2017,2800,2800,2800,2800,0
13/09/2017,2800,2800,2800,2800,0
14/09/2017,2800,2800,2800,2800,0
15/09/2017,2800,2800,2800,2800,0
18/09/2017,2800,2800,2800,2800,0
19/09/2017,2800,2800,2800,2800,0
20/09/2017,2800,2800,2800,2800,0
22/09/2017,2800,2800,2800,2800,0
25/09/2017,2800,2800,2800,2800,0
26/09/2017,2800,2800,2800,2800,0
27/09/2017,2800,2800,2800,2800,0
28/09/2017,2800,2800,2800,2800,0
29/09/2017,2800,2800,2800,2800,0
02/10/2017,2800,2800,2800,2800,0
03/10/2017,2800,2800,2800,2800,0
04/10/2017,2800,2800,2800,2800,0
05/10/2017,2800,2800,2800,2800,0
06/10/2017,2800,2800,2800,2800,0
09/10/2017,2800,2800,2800,2800,0
10/10/2017,2800,2800,2800,2800,0
11/10/2017,2800,2800,2800,2800,0
12/10/2017,2800,2800,2800,2800,0
13/10/2017,2800,2800,2800,2800,0
16/10/2017,2800,2800,2800,2800,1
17/10/2017,2700,2800,2700,2800,6
18/10/2017,2800,2800,2800,2800,0
19/10/2017,2800,2800,2800,2800,5
20/10/2017,2800,2800,2800,2800,0
23/10/2017,2750,2750,2750,2750,1
24/10/2017,2750,2750,2750,2750,0
25/10/2017,2750,2750,2750,2750,0
26/10/2017,2750,2750,2750,2750,0
27/10/2017,2750,2750,2750,2750,0
30/10/2017,2270,2340,2270,2340,10
31/10/2017,2400,2400,2340,2340,24
01/11/2017,2340,2340,2340,2340,0
02/11/2017,2340,2340,2340,2340,0
03/11/2017,2340,2340,2340,2340,0
06/11/2017,2340,2340,2340,2340,0
07/11/2017,2340,2340,2340,2340,0
08/11/2017,2500,2500,2500,2500,5
09/11/2017,2490,2550,2490,2550,18
10/11/2017,2500,2500,2500,2500,1
13/11/2017,2500,2500,2500,2500,5
14/11/2017,2500,2500,2500,2500,0
15/11/2017,2580,2580,2580,2580,1
16/11/2017,2580,2580,2580,2580,0
17/11/2017,2580,2580,2580,2580,0
20/11/2017,2730,2730,2730,2730,1
21/11/2017,2730,2730,2730,2730,0
22/11/2017,2730,2730,2730,2730,0
23/11/2017,2730,2730,2730,2730,0
24/11/2017,2730,2730,2730,2730,0
27/11/2017,2730,2730,2730,2730,0
28/11/2017,2460,2460,2370,2370,5
29/11/2017,2370,2370,2370,2370,0
30/11/2017,2600,2600,2600,2600,22
01/12/2017,2600,2600,2600,2600,0
04/12/2017,2600,2600,2600,2600,0
05/12/2017,2600,2600,2600,2600,0
06/12/2017,2600,2600,2600,2600,0
07/12/2017,2600,2600,2600,2600,0
08/12/2017,2600,2600,2600,2600,0
11/12/2017,2600,2600,2600,2600,0
12/12/2017,2600,2600,2600,2600,0
13/12/2017,2500,2500,2500,2500,11
14/12/2017,2500,2500,2500,2500,0
15/12/2017,2500,2500,2500,2500,0
18/12/2017,2500,2500,2500,2500,0
19/12/2017,2600,2600,2600,2600,8
20/12/2017,2780,2780,2780,2780,1
21/12/2017,2780,2780,2750,2750,54
22/12/2017,2800,2800,2750,2750,22
27/12/2017,2750,2750,2750,2750,0
28/12/2017,2750,2750,2750,2750,0
29/12/2017,2750,2750,2750,2750,0
02/01/2018,2750,2750,2750,2750,0
03/01/2018,2750,2750,2750,2750,0
04/01/2018,2750,2750,2750,2750,0
05/01/2018,2750,2750,2750,2750,0
08/01/2018,2500,2500,2500,2500,2
09/01/2018,2510,2510,2500,2500,99
10/01/2018,2500,2500,2500,2500,5
11/01/2018,2500,2600,2500,2600,52
12/01/2018,2590,2590,2590,2590,500
15/01/2018,2590,2590,2500,2500,18
16/01/2018,2470,2470,2470,2470,2
17/01/2018,2600,2600,2600,2600,3
18/01/2018,2650,2650,2600,2650,27
19/01/2018,2650,2650,2650,2650,0
22/01/2018,2470,2670,2450,2670,15
23/01/2018,2700,2700,2700,2700,16
24/01/2018,2700,2700,2700,2700,0
25/01/2018,2700,2700,2700,2700,0
26/01/2018,2570,2570,2560,2560,5
29/01/2018,2560,2560,2560,2560,0
30/01/2018,2560,2560,2550,2550,108
31/01/2018,2550,2550,2550,2550,0
01/02/2018,2550,2550,2550,2550,0
02/02/2018,2550,2550,2550,2550,0
05/02/2018,2550,2550,2550,2550,0
06/02/2018,2550,2550,2550,2550,0
07/02/2018,2550,2550,2550,2550,0
08/02/2018,2550,2550,2550,2550,0
09/02/2018,2550,2550,2550,2550,0
12/02/2018,2550,2550,2550,2550,0
13/02/2018,2550,2550,2550,2550,0
14/02/2018,2550,2550,2550,2550,0
15/02/2018,2550,2550,2550,2550,0
19/02/2018,2550,2550,2550,2550,0
20/02/2018,2550,2550,2550,2550,0
21/02/2018,2550,2550,2550,2550,0
22/02/2018,2550,2550,2550,2550,0
23/02/2018,2550,2550,2550,2550,0
26/02/2018,2550,2550,2550,2550,0
27/02/2018,2550,2550,2550,2550,0
28/02/2018,2550,2550,2550,2550,0
01/03/2018,2550,2550,2550,2550,0
02/03/2018,2550,2550,2550,2550,0
05/03/2018,2550,2550,2550,2550,0
06/03/2018,2550,2550,2550,2550,0
07/03/2018,2550,2550,2550,2550,0
08/03/2018,2550,2550,2550,2550,0
09/03/2018,2550,2550,2550,2550,0
12/03/2018,2550,2550,2550,2550,0
13/03/2018,2550,2550,2550,2550,0
14/03/2018,2550,2550,2550,2550,0
15/03/2018,2550,2550,2550,2550,0
16/03/2018,2550,2550,2550,2550,0
19/03/2018,2550,2550,2550,2550,0
20/03/2018,2550,2550,2550,2550,0
21/03/2018,2550,2550,2550,2550,0
22/03/2018,2550,2550,2550,2550,0
23/03/2018,2550,2550,2550,2550,0
26/03/2018,2550,2550,2550,2550,0
27/03/2018,2550,2550,2550,2550,0
28/03/2018,2550,2550,2550,2550,0
29/03/2018,2550,2550,2550,2550,0
02/04/2018,2550,2550,2550,2550,0
03/04/2018,2550,2550,2550,2550,0
04/04/2018,2550,2550,2550,2550,0
05/04/2018,2550,2550,2550,2550,0
06/04/2018,2550,2550,2550,2550,0
09/04/2018,2550,2550,2550,2550,0
10/04/2018,2550,2550,2550,2550,0
11/04/2018,2550,2550,2550,2550,0
12/04/2018,2550,2550,2550,2550,0
13/04/2018,2550,2550,2550,2550,0
16/04/2018,2550,2550,2550,2550,0
17/04/2018,2550,2550,2550,2550,0
18/04/2018,2550,2550,2550,2550,0
19/04/2018,2550,2550,2550,2550,0
20/04/2018,2550,2550,2550,2550,0
23/04/2018,2550,2550,2550,2550,0
24/04/2018,2550,2550,2550,2550,0
25/04/2018,2550,2550,2550,2550,0
26/04/2018,2550,2550,2550,2550,0
27/04/2018,2550,2550,2550,2550,0
30/04/2018,2550,2550,2550,2550,0
02/05/2018,2550,2550,2550,2550,0
03/05/2018,2550,2550,2550,2550,0
04/05/2018,2550,2550,2550,2550,0
07/05/2018,2550,2550,2550,2550,0
08/05/2018,2550,2550,2550,2550,0
09/05/2018,2550,2550,2550,2550,0
11/05/2018,2550,2550,2550,2550,0
14/05/2018,2550,2550,2550,2550,0
15/05/2018,2550,2550,2550,2550,0
16/05/2018,2550,2550,2550,2550,0
17/05/2018,2550,2550,2550,2550,0
18/05/2018,2550,2550,2550,2550,0
21/05/2018,2550,2550,2550,2550,0
22/05/2018,2550,2550,2550,2550,0
23/05/2018,2550,2550,2550,2550,0
24/05/2018,2550,2550,2550,2550,0
25/05/2018,2550,2550,2550,2550,0
28/05/2018,2550,2550,2550,2550,0
30/05/2018,2550,2550,2550,2550,0
31/05/2018,2550,2550,2550,2550,0
04/06/2018,2550,2550,2550,2550,0
05/06/2018,2550,2550,2550,2550,0
06/06/2018,2550,2550,2550,2550,0
07/06/2018,2550,2550,2550,2550,0
08/06/2018,2550,2550,2550,2550,0
20/06/2018,2550,2550,2550,2550,0
21/06/2018,2550,2550,2550,2550,0
22/06/2018,2550,2550,2550,2550,0
25/06/2018,2550,2550,2550,2550,0
26/06/2018,2550,2550,2550,2550,0
27/06/2018,2550,2550,2550,2550,0
28/06/2018,2550,2550,2550,2550,0
29/06/2018,2550,2550,2550,2550,0
02/07/2018,2550,2550,2550,2550,0
03/07/2018,2550,2550,2550,2550,0
04/07/2018,2550,2550,2550,2550,0
05/07/2018,2550,2550,2550,2550,0
06/07/2018,2550,2550,2550,2550,0
09/07/2018,2550,2550,2550,2550,0
10/07/2018,2550,2550,2550,2550,0
11/07/2018,2550,2550,2550,2550,0
12/07/2018,2550,2550,2550,2550,0
13/07/2018,2550,2550,2550,2550,0
16/07/2018,2550,2550,2550,2550,0
17/07/2018,2550,2550,2550,2550,0
18/07/2018,2550,2550,2550,2550,0
19/07/2018,2550,2550,2550,2550,0
20/07/2018,2550,2550,2550,2550,0
23/07/2018,2550,2550,2550,2550,0
24/07/2018,2550,2550,2550,2550,0
25/07/2018,2550,2550,2550,2550,0
26/07/2018,2550,2550,2550,2550,0
27/07/2018,2550,2550,2550,2550,0
30/07/2018,2550,2550,2550,2550,0
31/07/2018,2550,2550,2550,2550,0
01/08/2018,2550,2550,2550,2550,0
02/08/2018,2550,2550,2550,2550,0
03/08/2018,2550,2550,2550,2550,0
06/08/2018,2550,2550,2550,2550,0
07/08/2018,2550,2550,2550,2550,0
08/08/2018,2550,2550,2550,2550,0
09/08/2018,2550,2550,2550,2550,0
10/08/2018,2550,2550,2550,2550,0
13/08/2018,2550,2550,2550,2550,0
14/08/2018,2550,2550,2550,2550,0
15/08/2018,2550,2550,2550,2550,0
16/08/2018,2550,2550,2550,2550,0
20/08/2018,2550,2550,2550,2550,0
21/08/2018,2550,2550,2550,2550,0
23/08/2018,2550,2550,2550,2550,0
24/08/2018,2550,2550,2550,2550,0
27/08/2018,2550,2550,2550,2550,0
28/08/2018,2550,2550,2550,2550,0
29/08/2018,2550,2550,2550,2550,0
30/08/2018,2550,2550,2550,2550,0
31/08/2018,2550,2550,2550,2550,0
03/09/2018,2550,2550,2550,2550,0
04/09/2018,2550,2550,2550,2550,0
05/09/2018,2550,2550,2550,2550,0
06/09/2018,2550,2550,2550,2550,0
07/09/2018,2550,2550,2550,2550,0
10/09/2018,2550,2550,2550,2550,0
12/09/2018,2550,2550,2550,2550,0
13/09/2018,2550,2550,2550,2550,0
14/09/2018,2550,2550,2550,2550,0
17/09/2018,2550,2550,2550,2550,0
18/09/2018,2550,2550,2550,2550,0
19/09/2018,2550,2550,2550,2550,0
20/09/2018,2550,2550,2550,2550,0
21/09/2018,2550,2550,2550,2550,0
24/09/2018,2550,2550,2550,2550,0
25/09/2018,2550,2550,2550,2550,0
26/09/2018,2550,2550,2550,2550,0
27/09/2018,2550,2550,2550,2550,0
28/09/2018,2550,2550,2550,2550,0
01/10/2018,2550,2550,2550,2550,0
02/10/2018,2550,2550,2550,2550,0
03/10/2018,2550,2550,2550,2550,0
04/10/2018,2550,2550,2550,2550,0
05/10/2018,2550,2550,2550,2550,0
08/10/2018,2550,2550,2550,2550,0
09/10/2018,2550,2550,2550,2550,0
10/10/2018,2550,2550,2550,2550,0
11/10/2018,2550,2550,2550,2550,0
12/10/2018,2550,2550,2550,2550,0
15/10/2018,2550,2550,2550,2550,0
16/10/2018,2550,2550,2550,2550,0
17/10/2018,2550,2550,2550,2550,0
18/10/2018,2550,2550,2550,2550,0
19/10/2018,2550,2550,2550,2550,0
22/10/2018,2550,2550,2550,2550,0
23/10/2018,2550,2550,2550,2550,0
24/10/2018,2550,2550,2550,2550,0
25/10/2018,2550,2550,2550,2550,0
26/10/2018,2550,2550,2550,2550,0
29/10/2018,2550,2550,2550,2550,0
30/10/2018,2550,2550,2550,2550,0
31/10/2018,2550,2550,2550,2550,0
01/11/2018,2550,2550,2550,2550,0
02/11/2018,2550,2550,2550,2550,0
05/11/2018,2550,2550,2550,2550,0
06/11/2018,2550,2550,2550,2550,0
07/11/2018,2550,2550,2550,2550,0
08/11/2018,2550,2550,2550,2550,0
09/11/2018,2550,2550,2550,2550,0
12/11/2018,2550,2550,2550,2550,0
13/11/2018,2550,2550,2550,2550,0
14/11/2018,2550,2550,2550,2550,0
15/11/2018,2550,2550,2550,2550,0
16/11/2018,2550,2550,2550,2550,0
19/11/2018,2550,2550,2550,2550,0
21/11/2018,2550,2550,2550,2550,0
22/11/2018,2550,2550,2550,2550,0
23/11/2018,2550,2550,2550,2550,0
26/11/2018,2550,2550,2550,2550,0
27/11/2018,2550,2550,2550,2550,0
28/11/2018,2550,2550,2550,2550,0
29/11/2018,2550,2550,2550,2550,0
30/11/2018,2550,2550,2550,2550,0
03/12/2018,2550,2550,2550,2550,0
04/12/2018,2550,2550,2550,2550,0
05/12/2018,2550,2550,2550,2550,0
06/12/2018,2550,2550,2550,2550,0
07/12/2018,2550,2550,2550,2550,0
10/12/2018,2550,2550,2550,2550,0
11/12/2018,2550,2550,2550,2550,0
12/12/2018,2550,2550,2550,2550,0
13/12/2018,2550,2550,2550,2550,0
14/12/2018,2550,2550,2550,2550,0
17/12/2018,2550,2550,2550,2550,0
18/12/2018,2550,2550,2550,2550,0
19/12/2018,2550,2550,2550,2550,0
20/12/2018,2550,2550,2550,2550,0
21/12/2018,2550,2550,2550,2550,0
26/12/2018,2550,2550,2550,2550,0
27/12/2018,2550,2550,2550,2550,0
28/12/2018,2550,2550,2550,2550,0
02/01/2019,2550,2550,2550,2550,0
03/01/2019,2550,2550,2550,2550,0
04/01/2019,2550,2550,2550,2550,0
07/01/2019,2550,2550,2550,2550,0
08/01/2019,2550,2550,2550,2550,0
09/01/2019,2550,2550,2550,2550,0
10/01/2019,2550,2550,2550,2550,0
11/01/2019,2550,2550,2550,2550,0
14/01/2019,2550,2550,2550,2550,0
15/01/2019,2550,2550,2550,2550,0
16/01/2019,2550,2550,2550,2550,0
17/01/2019,2550,2550,2550,2550,0
18/01/2019,2550,2550,2550,2550,0
21/01/2019,2550,2550,2550,2550,0
22/01/2019,2550,2550,2550,2550,0
23/01/2019,2550,2550,2550,2550,0
24/01/2019,2550,2550,2550,2550,0
25/01/2019,2550,2550,2550,2550,0
28/01/2019,2550,2550,2550,2550,0
29/01/2019,2550,2550,2550,2550,0
30/01/2019,2550,2550,2550,2550,0
31/01/2019,2550,2550,2550,2550,0
01/02/2019,2550,2550,2550,2550,0
04/02/2019,2550,2550,2550,2550,0
06/02/2019,2550,2550,2550,2550,0
07/02/2019,2550,2550,2550,2550,0
08/02/2019,2550,2550,2550,2550,0
11/02/2019,2550,2550,2550,2550,0
12/02/2019,2550,2550,2550,2550,0
13/02/2019,2550,2550,2550,2550,0
14/02/2019,2550,2550,2550,2550,0
15/02/2019,2550,2550,2550,2550,0
18/02/2019,2550,2550,2550,2550,0
19/02/2019,2550,2550,2550,2550,0
20/02/2019,2550,2550,2550,2550,0
21/02/2019,2550,2550,2550,2550,0
22/02/2019,2550,2550,2550,2550,0
25/02/2019,2550,2550,2550,2550,0
26/02/2019,2550,2550,2550,2550,0
27/02/2019,2550,2550,2550,2550,0
28/02/2019,2550,2550,2550,2550,0
01/03/2019,2550,2550,2550,2550,0
04/03/2019,2550,2550,2550,2550,0
05/03/2019,2550,2550,2550,2550,0
06/03/2019,2550,2550,2550,2550,0
08/03/2019,2550,2550,2550,2550,0
11/03/2019,2550,2550,2550,2550,0
12/03/2019,2550,2550,2550,2550,0
13/03/2019,2550,2550,2550,2550,0
14/03/2019,2550,2550,2550,2550,0
15/03/2019,2550,2550,2550,2550,0
18/03/2019,2550,2550,2550,2550,0
19/03/2019,2550,2550,2550,2550,0
20/03/2019,2550,2550,2550,2550,0
21/03/2019,2550,2550,2550,2550,0
22/03/2019,2550,2550,2550,2550,0
25/03/2019,2550,2550,2550,2550,0
26/03/2019,2550,2550,2550,2550,0
27/03/2019,2550,2550,2550,2550,0
28/03/2019,2550,2550,2550,2550,0
29/03/2019,2550,2550,2550,2550,0
01/04/2019,2550,2550,2550,2550,0
02/04/2019,2550,2550,2550,2550,0
04/04/2019,2550,2550,2550,2550,0
05/04/2019,2550,2550,2550,2550,0
08/04/2019,2550,2550,2550,2550,0
09/04/2019,2550,2550,2550,2550,0
10/04/2019,2550,2550,2550,2550,0
11/04/2019,2550,2550,2550,2550,0
12/04/2019,2550,2550,2550,2550,0
15/04/2019,2550,2550,2550,2550,0
16/04/2019,2550,2550,2550,2550,0
18/04/2019,2550,2550,2550,2550,0
22/04/2019,2550,2550,2550,2550,0
23/04/2019,2550,2550,2550,2550,0
24/04/2019,2550,2550,2550,2550,0
25/04/2019,2550,2550,2550,2550,0
26/04/2019,2550,2550,2550,2550,0
29/04/2019,2550,2550,2550,2550,0
30/04/2019,2550,2550,2550,2550,0
02/05/2019,2550,2550,2550,2550,0
03/05/2019,2550,2550,2550,2550,0
06/05/2019,2550,2550,2550,2550,0
07/05/2019,2550,2550,2550,2550,0
08/05/2019,2550,2550,2550,2550,0
09/05/2019,2550,2550,2550,2550,0
10/05/2019,2550,2550,2550,2550,0
13/05/2019,2550,2550,2550,2550,0
14/05/2019,2550,2550,2550,2550,0
15/05/2019,2550,2550,2550,2550,0
16/05/2019,2550,2550,2550,2550,0
17/05/2019,2550,2550,2550,2550,0
20/05/2019,2550,2550,2550,2550,0
21/05/2019,2550,2550,2550,2550,0
22/05/2019,2550,2550,2550,2550,0
23/05/2019,2550,2550,2550,2550,0
24/05/2019,2550,2550,2550,2550,0
27/05/2019,2550,2550,2550,2550,0
28/05/2019,2550,2550,2550,2550,0
29/05/2019,2550,2550,2550,2550,0
31/05/2019,2550,2550,2550,2550,0
10/06/2019,2550,2550,2550,2550,0
11/06/2019,2550,2550,2550,2550,0
12/06/2019,2550,2550,2550,2550,0
13/06/2019,2550,2550,2550,2550,0
14/06/2019,2550,2550,2550,2550,0
17/06/2019,2550,2550,2550,2550,0
18/06/2019,2550,2550,2550,2550,0
19/06/2019,2550,2550,2550,2550,0
20/06/2019,2550,2550,2550,2550,0
21/06/2019,2550,2550,2550,2550,0
24/06/2019,2550,2550,2550,2550,0
25/06/2019,2550,2550,2550,2550,0
26/06/2019,2550,2550,2550,2550,0
27/06/2019,2550,2550,2550,2550,0
28/06/2019,2550,2550,2550,2550,0
01/07/2019,2550,2550,2550,2550,0
02/07/2019,2550,2550,2550,2550,0
03/07/2019,2550,2550,2550,2550,0
04/07/2019,2550,2550,2550,2550,0
05/07/2019,2550,2550,2550,2550,0
08/07/2019,2550,2550,2550,2550,0
09/07/2019,2550,2550,2550,2550,0
10/07/2019,2550,2550,2550,2550,0
11/07/2019,2550,2550,2550,2550,0
12/07/2019,2550,2550,2550,2550,0
15/07/2019,2550,2550,2550,2550,0
16/07/2019,2550,2550,2550,2550,0
17/07/2019,2550,2550,2550,2550,0
18/07/2019,2550,2550,2550,2550,0
19/07/2019,2550,2550,2550,2550,0
22/07/2019,2550,2550,2550,2550,0
23/07/2019,2550,2550,2550,2550,0
24/07/2019,2550,2550,2550,2550,0
25/07/2019,2550,2550,2550,2550,0
26/07/2019,2550,2550,2550,2550,0
29/07/2019,2550,2550,2550,2550,0
30/07/2019,2550,2550,2550,2550,0
31/07/2019,2550,2550,2550,2550,0
01/08/2019,2550,2550,2550,2550,0
02/08/2019,2550,2550,2550,2550,0
05/08/2019,2550,2550,2550,2550,0
06/08/2019,2550,2550,2550,2550,0
07/08/2019,2550,2550,2550,2550,0
08/08/2019,2550,2550,2550,2550,0
09/08/2019,2550,2550,2550,2550,0
12/08/2019,2550,2550,2550,2550,0
13/08/2019,2550,2550,2550,2550,0
14/08/2019,2550,2550,2550,2550,0
15/08/2019,2550,2550,2550,2550,0
16/08/2019,2550,2550,2550,2550,0
19/08/2019,2550,2550,2550,2550,0
20/08/2019,2550,2550,2550,2550,0
21/08/2019,2550,2550,2550,2550,0
22/08/2019,2550,2550,2550,2550,0
23/08/2019,2550,2550,2550,2550,0
26/08/2019,2550,2550,2550,2550,0
27/08/2019,2550,2550,2550,2550,0
28/08/2019,2550,2550,2550,2550,0
29/08/2019,2550,2550,2550,2550,0
30/08/2019,2550,2550,2550,2550,0
02/09/2019,2550,2550,2550,2550,0
03/09/2019,2550,2550,2550,2550,0
04/09/2019,2550,2550,2550,2550,0
05/09/2019,2550,2550,2550,2550,0
06/09/2019,2550,2550,2550,2550,0
09/09/2019,2550,2550,2550,2550,0
10/09/2019,2550,2550,2550,2550,0
11/09/2019,2550,2550,2550,2550,0
12/09/2019,2550,2550,2550,2550,0
13/09/2019,2550,2550,2550,2550,0
16/09/2019,2550,2550,2550,2550,0
17/09/2019,2550,2550,2550,2550,0
18/09/2019,2550,2550,2550,2550,0
19/09/2019,2550,2550,2550,2550,0
20/09/2019,2550,2550,2550,2550,0
23/09/2019,2550,2550,2550,2550,0
24/09/2019,2550,2550,2550,2550,0
25/09/2019,2550,2550,2550,2550,0
26/09/2019,2550,2550,2550,2550,0
27/09/2019,2550,2550,2550,2550,0
30/09/2019,2550,2550,2550,2550,0
01/10/2019,2550,2550,2550,2550,0
02/10/2019,2550,2550,2550,2550,0
03/10/2019,2550,2550,2550,2550,0
04/10/2019,2550,2550,2550,2550,0
07/10/2019,2550,2550,2550,2550,0
08/10/2019,2550,2550,2550,2550,0
09/10/2019,2550,2550,2550,2550,0
10/10/2019,2550,2550,2550,2550,0
11/10/2019,2550,2550,2550,2550,0
14/10/2019,2550,2550,2550,2550,0
15/10/2019,2550,2550,2550,2550,0
16/10/2019,2550,2550,2550,2550,0
17/10/2019,2550,2550,2550,2550,0
18/10/2019,2550,2550,2550,2550,0
21/10/2019,2550,2550,2550,2550,0
22/10/2019,2550,2550,2550,2550,0
23/10/2019,2550,2550,2550,2550,0
24/10/2019,2550,2550,2550,2550,0
25/10/2019,2550,2550,2550,2550,0
28/10/2019,2550,2550,2550,2550,0
29/10/2019,2550,2550,2550,2550,0
30/10/2019,2550,2550,2550,2550,0
31/10/2019,2550,2550,2550,2550,0
01/11/2019,2550,2550,2550,2550,0
04/11/2019,2550,2550,2550,2550,0
05/11/2019,2550,2550,2550,2550,0
06/11/2019,2550,2550,2550,2550,0
07/11/2019,2550,2550,2550,2550,0
08/11/2019,2550,2550,2550,2550,0
11/11/2019,2550,2550,2550,2550,0
12/11/2019,2550,2550,2550,2550,0
13/11/2019,2550,2550,2550,2550,0
14/11/2019,2550,2550,2550,2550,0
15/11/2019,2550,2550,2550,2550,0
18/11/2019,2550,2550,2550,2550,0
19/11/2019,2550,2550,2550,2550,0
20/11/2019,2550,2550,2550,2550,0
21/11/2019,2550,2550,2550,2550,0
22/11/2019,2550,2550,2550,2550,0
25/11/2019,2550,2550,2550,2550,0
26/11/2019,2550,2550,2550,2550,0
27/11/2019,2550,2550,2550,2550,0
28/11/2019,2550,2550,2550,2550,0
29/11/2019,2550,2550,2550,2550,0
02/12/2019,2550,2550,2550,2550,0
03/12/2019,2550,2550,2550,2550,0
04/12/2019,2550,2550,2550,2550,0
05/12/2019,2550,2550,2550,2550,0
06/12/2019,2550,2550,2550,2550,0
09/12/2019,2550,2550,2550,2550,0
10/12/2019,2550,2550,2550,2550,0
11/12/2019,2550,2550,2550,2550,0
12/12/2019,2550,2550,2550,2550,0
13/12/2019,2550,2550,2550,2550,0
16/12/2019,2550,2550,2550,2550,0
17/12/2019,2550,2550,2550,2550,0
18/12/2019,2550,2550,2550,2550,0
19/12/2019,2550,2550,2550,2550,0
20/12/2019,2550,2550,2550,2550,0
23/12/2019,2550,2550,2550,2550,0
26/12/2019,2550,2550,2550,2550,0
27/12/2019,2550,2550,2550,2550,0
30/12/2019,2550,2550,2550,2550,0
02/01/2020,2550,2550,2550,2550,0
03/01/2020,2550,2550,2550,2550,0
06/01/2020,2550,2550,2550,2550,0
07/01/2020,2550,2550,2550,2550,0
08/01/2020,2550,2550,2550,2550,0
09/01/2020,2550,2550,2550,2550,0
10/01/2020,2550,2550,2550,2550,0
13/01/2020,2550,2550,2550,2550,0
14/01/2020,2550,2550,2550,2550,0
15/01/2020,2550,2550,2550,2550,0
16/01/2020,2550,2550,2550,2550,0
17/01/2020,2550,2550,2550,2550,0
20/01/2020,2550,2550,2550,2550,0
21/01/2020,2550,2550,2550,2550,0
22/01/2020,2550,2550,2550,2550,0
23/01/2020,2550,2550,2550,2550,0
24/01/2020,2550,2550,2550,2550,0
27/01/2020,2550,2550,2550,2550,0
28/01/2020,2550,2550,2550,2550,0
29/01/2020,2550,2550,2550,2550,0
30/01/2020,2550,2550,2550,2550,0
31/01/2020,2550,2550,2550,2550,0
03/02/2020,2550,2550,2550,2550,0
04/02/2020,2550,2550,2550,2550,0
05/02/2020,2550,2550,2550,2550,0
06/02/2020,2550,2550,2550,2550,0
07/02/2020,2550,2550,2550,2550,0
10/02/2020,2550,2550,2550,2550,0
11/02/2020,2550,2550,2550,2550,0
12/02/2020,2550,2550,2550,2550,0
13/02/2020,2550,2550,2550,2550,0
14/02/2020,2550,2550,2550,2550,0
17/02/2020,2550,2550,2550,2550,0
18/02/2020,2550,2550,2550,2550,0
19/02/2020,2550,2550,2550,2550,0
20/02/2020,2550,2550,2550,2550,0
21/02/2020,2550,2550,2550,2550,0
24/02/2020,2550,2550,2550,2550,0
25/02/2020,2550,2550,2550,2550,0
26/02/2020,2550,2550,2550,2550,0
27/02/2020,2550,2550,2550,2550,0
28/02/2020,2550,2550,2550,2550,0
02/03/2020,2550,2550,2550,2550,0
03/03/2020,2550,2550,2550,2550,0
04/03/2020,2550,2550,2550,2550,0
05/03/2020,2550,2550,2550,2550,0
06/03/2020,2550,2550,2550,2550,0
09/03/2020,2550,2550,2550,2550,0
10/03/2020,2550,2550,2550,2550,0
11/03/2020,2550,2550,2550,2550,0
12/03/2020,2550,2550,2550,2550,0
13/03/2020,2550,2550,2550,2550,0
16/03/2020,2550,2550,2550,2550,0
17/03/2020,2550,2550,2550,2550,0
18/03/2020,2550,2550,2550,2550,0
19/03/2020,2550,2550,2550,2550,0
20/03/2020,2550,2550,2550,2550,0
23/03/2020,2550,2550,2550,2550,0
24/03/2020,2550,2550,2550,2550,0
26/03/2020,2550,2550,2550,2550,0
27/03/2020,2550,2550,2550,2550,0
30/03/2020,2550,2550,2550,2550,0
31/03/2020,2550,2550,2550,2550,0
01/04/2020,2550,2550,2550,2550,0
02/04/2020,2550,2550,2550,2550,0
03/04/2020,2550,2550,2550,2550,0
06/04/2020,2550,2550,2550,2550,0
07/04/2020,2550,2550,2550,2550,0
08/04/2020,2550,2550,2550,2550,0
09/04/2020,2550,2550,2550,2550,0
13/04/2020,2550,2550,2550,2550,0
14/04/2020,2550,2550,2550,2550,0
15/04/2020,2550,2550,2550,2550,0
16/04/2020,2550,2550,2550,2550,0
17/04/2020,2550,2550,2550,2550,0
20/04/2020,2550,2550,2550,2550,0
21/04/2020,2550,2550,2550,2550,0
22/04/2020,2550,2550,2550,2550,0
23/04/2020,2550,2550,2550,2550,0
24/04/2020,2550,2550,2550,2550,0
27/04/2020,2550,2550,2550,2550,0
28/04/2020,2550,2550,2550,2550,0
29/04/2020,2550,2550,2550,2550,0
30/04/2020,2550,2550,2550,2550,0
04/05/2020,2550,2550,2550,2550,0
05/05/2020,2550,2550,2550,2550,0
06/05/2020,2550,2550,2550,2550,0
08/05/2020,2550,2550,2550,2550,0
11/05/2020,2550,2550,2550,2550,0
12/05/2020,2550,2550,2550,2550,0
13/05/2020,2550,2550,2550,2550,0
14/05/2020,2550,2550,2550,2550,0
15/05/2020,2550,2550,2550,2550,0
18/05/2020,2550,2550,2550,2550,0
19/05/2020,2550,2550,2550,2550,0
20/05/2020,2550,2550,2550,2550,0
26/05/2020,2550,2550,2550,2550,0
27/05/2020,2550,2550,2550,2550,0
28/05/2020,2550,2550,2550,2550,0
29/05/2020,2550,2550,2550,2550,0
02/06/2020,2550,2550,2550,2550,0
03/06/2020,2550,2550,2550,2550,0
04/06/2020,2550,2550,2550,2550,0
05/06/2020,2550,2550,2550,2550,0
08/06/2020,2550,2550,2550,2550,0
09/06/2020,2550,2550,2550,2550,0
10/06/2020,2550,2550,2550,2550,0
11/06/2020,2550,2550,2550,2550,0
12/06/2020,2550,2550,2550,2550,0
15/06/2020,2550,2550,2550,2550,0
16/06/2020,2550,2550,2550,2550,0
17/06/2020,2550,2550,2550,2550,0
18/06/2020,2550,2550,2550,2550,0
19/06/2020,2550,2550,2550,2550,0
22/06/2020,2550,2550,2550,2550,0
23/06/2020,2550,2550,2550,2550,0
24/06/2020,2550,2550,2550,2550,0
25/06/2020,2550,2550,2550,2550,0
26/06/2020,2550,2550,2550,2550,0
29/06/2020,2550,2550,2550,2550,0
30/06/2020,2550,2550,2550,2550,0
01/07/2020,2550,2550,2550,2550,0
02/07/2020,2550,2550,2550,2550,0
03/07/2020,2550,2550,2550,2550,0
06/07/2020,2550,2550,2550,2550,0
07/07/2020,2550,2550,2550,2550,0
08/07/2020,2550,2550,2550,2550,0
09/07/2020,2550,2550,2550,2550,0
10/07/2020,2550,2550,2550,2550,0
13/07/2020,2550,2550,2550,2550,0
14/07/2020,2550,2550,2550,2550,0
15/07/2020,2550,2550,2550,2550,0
16/07/2020,2550,2550,2550,2550,0
17/07/2020,2550,2550,2550,2550,0
20/07/2020,2550,2550,2550,2550,0
21/07/2020,2550,2550,2550,2550,0
22/07/2020,2550,2550,2550,2550,0
23/07/2020,2550,2550,2550,2550,0
24/07/2020,2550,2550,2550,2550,0
27/07/2020,2550,2550,2550,2550,0
28/07/2020,2550,2550,2550,2550,0
29/07/2020,2550,2550,2550,2550,0
30/07/2020,2550,2550,2550,2550,0
03/08/2020,2550,2550,2550,2550,0
04/08/2020,2550,2550,2550,2550,0
05/08/2020,2550,2550,2550,2550,0
06/08/2020,2550,2550,2550,2550,0
07/08/2020,2550,2550,2550,2550,0
10/08/2020,2550,2550,2550,2550,0
11/08/2020,2550,2550,2550,2550,0
12/08/2020,2550,2550,2550,2550,0
13/08/2020,2550,2550,2550,2550,0
14/08/2020,2550,2550,2550,2550,0
18/08/2020,2550,2550,2550,2550,0
19/08/2020,2550,2550,2550,2550,0
24/08/2020,2550,2550,2550,2550,0
25/08/2020,2550,2550,2550,2550,0
26/08/2020,2550,2550,2550,2550,0
27/08/2020,2550,2550,2550,2550,0
28/08/2020,2550,2550,2550,2550,0
31/08/2020,2550,2550,2550,2550,0
01/09/2020,2550,2550,2550,2550,0
02/09/2020,2550,2550,2550,2550,0
03/09/2020,2550,2550,2550,2550,0
04/09/2020,2550,2550,2550,2550,0
07/09/2020,2550,2550,2550,2550,0
08/09/2020,2550,2550,2550,2550,0
09/09/2020,2550,2550,2550,2550,0
10/09/2020,2550,2550,2550,2550,0
11/09/2020,2550,2550,2550,2550,0
14/09/2020,2550,2550,2550,2550,0
15/09/2020,2550,2550,2550,2550,0
16/09/2020,2550,2550,2550,2550,0
17/09/2020,2550,2550,2550,2550,0
18/09/2020,2550,2550,2550,2550,0
21/09/2020,2550,2550,2550,2550,0
22/09/2020,2550,2550,2550,2550,0
23/09/2020,2550,2550,2550,2550,0
24/09/2020,2550,2550,2550,2550,0
25/09/2020,2550,2550,2550,2550,0
28/09/2020,2550,2550,2550,2550,0
29/09/2020,2550,2550,2550,2550,0
30/09/2020,2550,2550,2550,2550,0
01/10/2020,2550,2550,2550,2550,0
02/10/2020,2550,2550,2550,2550,0
05/10/2020,2550,2550,2550,2550,0
06/10/2020,2550,2550,2550,2550,0
07/10/2020,2550,2550,2550,2550,0
08/10/2020,2550,2550,2550,2550,0
09/10/2020,2550,2550,2550,2550,0
12/10/2020,2550,2550,2550,2550,0
13/10/2020,2550,2550,2550,2550,0
14/10/2020,2550,2550,2550,2550,0
15/10/2020,2550,2550,2550,2550,0
16/10/2020,2550,2550,2550,2550,0
19/10/2020,2550,2550,2550,2550,0
20/10/2020,2550,2550,2550,2550,0
21/10/2020,2550,2550,2550,2550,0
22/10/2020,2550,2550,2550,2550,0
23/10/2020,2550,2550,2550,2550,0
26/10/2020,2550,2550,2550,2550,0
27/10/2020,2550,2550,2550,2550,0
02/11/2020,2550,2550,2550,2550,0
03/11/2020,2550,2550,2550,2550,0
04/11/2020,2550,2550,2550,2550,0
05/11/2020,2550,2550,2550,2550,0
06/11/2020,2550,2550,2550,2550,0
09/11/2020,2550,2550,2550,2550,0
10/11/2020,2550,2550,2550,2550,0
11/11/2020,2550,2550,2550,2550,0
12/11/2020,2550,2550,2550,2550,0
13/11/2020,2550,2550,2550,2550,0
16/11/2020,2550,2550,2550,2550,0
17/11/2020,2550,2550,2550,2550,0
18/11/2020,2550,2550,2550,2550,0
19/11/2020,2550,2550,2550,2550,0
20/11/2020,2550,2550,2550,2550,0
23/11/2020,2550,2550,2550,2550,0
24/11/2020,2550,2550,2550,2550,0
25/11/2020,2550,2550,2550,2550,0
26/11/2020,2550,2550,2550,2550,0
27/11/2020,2550,2550,2550,2550,0
30/11/2020,2550,2550,2550,2550,0
01/12/2020,2550,2550,2550,2550,0
02/12/2020,2550,2550,2550,2550,0
03/12/2020,2550,2550,2550,2550,0
04/12/2020,2550,2550,2550,2550,0
07/12/2020,2550,2550,2550,2550,0
08/12/2020,2550,2550,2550,2550,0
10/12/2020,2550,2550,2550,2550,0
11/12/2020,2550,2550,2550,2550,0
14/12/2020,2550,2550,2550,2550,0
15/12/2020,2550,2550,2550,2550,0
16/12/2020,2550,2550,2550,2550,0
17/12/2020,2550,2550,2550,2550,0
18/12/2020,2550,2550,2550,2550,0
21/12/2020,2550,2550,2550,2550,0
22/12/2020,2550,2550,2550,2550,0
23/12/2020,2550,2550,2550,2550,0
28/12/2020,2550,2550,2550,2550,0
29/12/2020,2550,2550,2550,2550,0
30/12/2020,2550,2550,2550,2550,0
04/01/2021,2550,2550,2550,2550,0
05/01/2021,2550,2550,2550,2550,0
06/01/2021,2550,2550,2550,2550,0
07/01/2021,2550,2550,2550,2550,0
08/01/2021,2550,2550,2550,2550,0
11/01/2021,2550,2550,2550,2550,0
12/01/2021,2550,2550,2550,2550,0
13/01/2021,2550,2550,2550,2550,0
14/01/2021,2550,2550,2550,2550,0
15/01/2021,2550,2550,2550,2550,0
18/01/2021,2550,2550,2550,2550,0
19/01/2021,2550,2550,2550,2550,0
20/01/2021,2550,2550,2550,2550,0
21/01/2021,2550,2550,2550,2550,0
22/01/2021,2550,2550,2550,2550,0
25/01/2021,2550,2550,2550,2550,0
26/01/2021,2550,2550,2550,2550,0
27/01/2021,2550,2550,2550,2550,0
28/01/2021,2550,2550,2550,2550,0
29/01/2021,2550,2550,2550,2550,0
01/02/2021,2550,2550,2550,2550,0
02/02/2021,2550,2550,2550,2550,0
03/02/2021,2550,2550,2550,2550,0
04/02/2021,2550,2550,2550,2550,0
05/02/2021,2550,2550,2550,2550,0
08/02/2021,2550,2550,2550,2550,0
09/02/2021,2550,2550,2550,2550,0
10/02/2021,2550,2550,2550,2550,0
11/02/2021,2550,2550,2550,2550,0
15/02/2021,2550,2550,2550,2550,0
16/02/2021,2550,2550,2550,2550,0
17/02/2021,2550,2550,2550,2550,0
18/02/2021,2550,2550,2550,2550,0
19/02/2021,2550,2550,2550,2550,0
22/02/2021,2550,2550,2550,2550,0
23/02/2021,2550,2550,2550,2550,0
24/02/2021,2550,2550,2550,2550,0
25/02/2021,2550,2550,2550,2550,0
26/02/2021,2550,2550,2550,2550,0
01/03/2021,2550,2550,2550,2550,0
02/03/2021,2550,2550,2550,2550,0
03/03/2021,2550,2550,2550,2550,0
04/03/2021,2550,2550,2550,2550,0
05/03/2021,2550,2550,2550,2550,0
08/03/2021,2550,2550,2550,2550,0
09/03/2021,2550,2550,2550,2550,0
10/03/2021,2550,2550,2550,2550,0
12/03/2021,2550,2550,2550,2550,0
15/03/2021,2550,2550,2550,2550,0
16/03/2021,2550,2550,2550,2550,0
17/03/2021,2550,2550,2550,2550,0
18/03/2021,2550,2550,2550,2550,0
19/03/2021,2550,2550,2550,2550,0
22/03/2021,2550,2550,2550,2550,0
23/03/2021,2550,2550,2550,2550,0
24/03/2021,2550,2550,2550,2550,0
25/03/2021,2550,2550,2550,2550,0
26/03/2021,2550,2550,2550,2550,0
29/03/2021,2550,2550,2550,2550,0
30/03/2021,2550,2550,2550,2550,0
31/03/2021,2550,2550,2550,2550,0
01/04/2021,2550,2550,2550,2550,0
05/04/2021,2550,2550,2550,2550,0
06/04/2021,2550,2550,2550,2550,0
07/04/2021,2550,2550,2550,2550,0
08/04/2021,2550,2550,2550,2550,0
09/04/2021,2550,2550,2550,2550,0
12/04/2021,2550,2550,2550,2550,0
13/04/2021,2550,2550,2550,2550,0
14/04/2021,2550,2550,2550,2550,0
15/04/2021,2550,2550,2550,2550,0
16/04/2021,2550,2550,2550,2550,0
19/04/2021,2550,2550,2550,2550,0
20/04/2021,2550,2550,2550,2550,0
21/04/2021,2550,2550,2550,2550,0
22/04/2021,2550,2550,2550,2550,0
23/04/2021,2550,2550,2550,2550,0
26/04/2021,3180,3180,3180,3180,3638
27/04/2021,3970,3970,3970,3970,3007
28/04/2021,4250,4960,3980,4130,13476
29/04/2021,4130,4150,3850,3850,893
30/04/2021,3850,3850,3590,3670,2739
03/05/2021,3670,3700,3500,3670,1161
04/05/2021,3670,3950,3620,3890,1717
05/05/2021,3890,3970,3850,3880,575
06/05/2021,3960,4000,3800,3870,8488
07/05/2021,3890,3940,3800,3870,6090
10/05/2021,3900,3900,3730,3840,1083
11/05/2021,3840,3840,3770,3840,1246
17/05/2021,3840,4140,3750,3850,599
18/05/2021,3900,4000,3750,3850,863
19/05/2021,3860,3900,3800,3810,374
20/05/2021,3790,3810,3600,3740,304
21/05/2021,3700,3740,3660,3710,419
24/05/2021,3740,3800,3700,3730,634
25/05/2021,3720,3840,3720,3780,1196
27/05/2021,3800,3800,3680,3780,375
28/05/2021,3750,3750,3670,3730,314
31/05/2021,3730,3830,3720,3770,129
02/06/2021,3750,3830,3750,3800,1388
03/06/2021,3780,3900,3750,3850,604
04/06/2021,3850,3900,3710,3870,253
07/06/2021,3870,3890,3790,3850,134
08/06/2021,3790,3850,3780,3820,256
09/06/2021,3810,3810,3760,3810,196
10/06/2021,3810,3850,3760,3830,382
11/06/2021,3830,4200,3800,3940,983
14/06/2021,3940,3980,3900,3940,131
15/06/2021,3940,3940,3780,3920,141
16/06/2021,3920,3930,3800,3930,462
17/06/2021,3930,3930,3900,3920,6
18/06/2021,3850,3850,3650,3850,579
21/06/2021,3820,3820,3710,3740,71
22/06/2021,3730,3730,3650,3720,150
23/06/2021,3720,3720,3560,3600,362
24/06/2021,3550,3590,3500,3590,404
25/06/2021,3590,3680,3550,3630,236
28/06/2021,3630,3630,3560,3600,133
29/06/2021,3700,3740,3550,3610,122
30/06/2021,3610,3690,3530,3600,145
01/07/2021,3740,3740,3530,3630,141
02/07/2021,3630,3680,3630,3670,53
05/07/2021,3670,3670,3540,3540,263
06/07/2021,3530,3670,3530,3670,318
07/07/2021,3630,3740,3630,3720,57
08/07/2021,3720,3720,3710,3710,43
09/07/2021,3700,3710,3670,3710,130
12/07/2021,3730,3890,3700,3890,347
13/07/2021,3810,3880,3750,3850,158
14/07/2021,3850,3880,3760,3870,632
15/07/2021,3810,3880,3760,3860,59
16/07/2021,3880,3880,3750,3850,132
19/07/2021,3850,3850,3780,3830,94
21/07/2021,3830,3830,3780,3830,292
22/07/2021,3840,3850,3750,3850,219
23/07/2021,3880,3880,3780,3850,76
26/07/2021,3850,3850,3670,3850,47
27/07/2021,3850,3950,3830,3890,172
28/07/2021,3890,3900,3620,3870,126
29/07/2021,3870,3890,3750,3870,74
30/07/2021,3880,3880,3780,3850,389
02/08/2021,3850,3950,3790,3850,252
03/08/2021,3850,3900,3780,3850,155
04/08/2021,3840,3850,3800,3850,43
05/08/2021,3850,3860,3780,3840,223
06/08/2021,3800,3820,3750,3810,84
09/08/2021,3850,3850,3590,3590,1236
10/08/2021,3590,3800,3440,3560,2788
12/08/2021,3590,3800,3560,3610,2779
13/08/2021,3620,3700,3610,3700,1718
16/08/2021,3720,3850,3700,3750,2871
18/08/2021,3700,3700,3490,3560,812
19/08/2021,3520,3560,3440,3440,406
20/08/2021,3440,3520,3440,3520,154
23/08/2021,3520,3530,3450,3480,148
24/08/2021,3510,3510,3460,3460,423
25/08/2021,3460,3500,3450,3470,179
26/08/2021,3450,3500,3450,3450,134
27/08/2021,3450,3540,3450,3480,124
30/08/2021,3470,3540,3440,3500,138
31/08/2021,3500,3520,3500,3500,235
01/09/2021,3520,3520,3470,3490,228
02/09/2021,3490,3500,3460,3490,148
03/09/2021,3490,3500,3470,3500,150
06/09/2021,3500,3590,3480,3490,773
07/09/2021,3490,3510,3490,3500,110
08/09/2021,3500,3500,3480,3490,167
09/09/2021,3490,3490,3470,3480,147
10/09/2021,3480,3500,3480,3500,47
13/09/2021,3500,3500,3470,3490,117
14/09/2021,3470,3510,3470,3510,308
15/09/2021,3510,3600,3480,3560,421
16/09/2021,3480,3580,3470,3580,216
17/09/2021,3590,3590,3500,3560,112
20/09/2021,3510,3570,3500,3560,85
21/09/2021,3550,3560,3470,3500,267
22/09/2021,3480,3530,3440,3520,375
23/09/2021,3510,3540,3500,3520,112
24/09/2021,3520,3580,3520,3550,217
27/09/2021,3550,3610,3550,3550,282
28/09/2021,3550,3740,3550,3710,1765
29/09/2021,3720,3830,3720,3760,891
30/09/2021,3810,3950,3810,3890,1236
01/10/2021,3890,4040,3790,3850,2762
04/10/2021,3900,4260,3900,4190,2875
05/10/2021,4190,4460,4180,4290,1477
06/10/2021,4350,4480,4310,4440,986
07/10/2021,4460,4460,4140,4140,1391
08/10/2021,4140,4250,4080,4240,459
11/10/2021,4250,4300,4240,4290,534
12/10/2021,4290,4400,4290,4290,361
13/10/2021,4290,4300,4200,4290,324
14/10/2021,4290,4290,4200,4280,172
15/10/2021,4280,4280,4270,4270,46
18/10/2021,4270,4300,4250,4270,447
19/10/2021,4270,4270,4160,4170,381
21/10/2021,4170,4170,4000,4120,658
22/10/2021,4120,4120,4000,4080,488
25/10/2021,4100,4200,4090,4200,326
26/10/2021,4190,4230,4180,4230,71
27/10/2021,4250,4290,4080,4100,146
28/10/2021,4100,4200,4080,4200,1153
29/10/2021,4200,4220,4120,4190,394
01/11/2021,4190,4190,4130,4130,198
02/11/2021,4220,4220,3950,4040,731
03/11/2021,4040,4040,4010,4010,424
04/11/2021,4080,4180,4060,4130,343
05/11/2021,4170,4170,4060,4100,427
08/11/2021,4160,4160,4100,4100,197
09/11/2021,4100,4200,4090,4140,164
10/11/2021,4180,4280,4130,4180,233
11/11/2021,4180,4380,4150,4330,336
12/11/2021,4330,4330,4200,4270,281
15/11/2021,4270,4270,4000,4050,512
16/11/2021,4060,4190,3900,4150,291
17/11/2021,4200,4270,4160,4210,1481
18/11/2021,4230,4270,4100,4150,844
19/11/2021,4150,4200,4150,4170,536
22/11/2021,4190,4210,4170,4190,844
23/11/2021,4200,4240,4190,4240,507
24/11/2021,4250,4300,4140,4270,1652
25/11/2021,4220,4220,4080,4120,653
26/11/2021,4120,4140,4090,4090,617
29/11/2021,4060,4300,4040,4300,1504
30/11/2021,4300,4380,4280,4310,1199
01/12/2021,4310,4310,4230,4250,544
02/12/2021,4250,4340,4160,4250,1044
03/12/2021,4220,4310,4200,4240,183
06/12/2021,4300,5000,4300,4900,2145
07/12/2021,4900,5200,4670,4850,1527
08/12/2021,4890,4950,4830,4850,921
09/12/2021,4940,5925,4860,5450,3410
10/12/2021,5500,6525,5350,6525,2186
13/12/2021,6525,6525,6075,6125,781
14/12/2021,6100,6150,5700,5700,544
15/12/2021,5700,5700,5325,5325,1469
16/12/2021,5325,5325,4960,4960,2111
17/12/2021,4960,5450,4850,5450,3047
20/12/2021,5475,6000,5300,5700,1555
21/12/2021,5850,5975,5550,5950,1641
22/12/2021,6000,6950,5825,5825,3331
23/12/2021,5850,6350,5825,6025,6887
24/12/2021,6025,6975,6000,6975,2341
27/12/2021,6900,7950,6750,7850,4629
28/12/2021,7825,8900,7825,8800,1852
29/12/2021,8900,9650,8200,8400,3034
30/12/2021,8400,8625,7850,7950,1302
03/01/2022,7950,8600,7850,8150,1697
04/01/2022,8150,8400,8000,8150,893
05/01/2022,8150,8300,8000,8150,905
06/01/2022,8150,8375,7950,7950,947
07/01/2022,7925,7925,7400,7525,1000
10/01/2022,7525,7525,7000,7000,1061
11/01/2022,6900,6975,6525,6525,1783
12/01/2022,6550,6775,6500,6625,257
13/01/2022,6625,6950,6625,6925,613
14/01/2022,6950,7275,6900,6975,740
17/01/2022,7175,7175,6825,6950,358
18/01/2022,7000,7000,6625,6725,168
19/01/2022,6725,6750,6375,6375,439
20/01/2022,6400,6650,6375,6575,177
21/01/2022,6600,7875,6500,7875,445
24/01/2022,7800,7850,7325,7325,633
25/01/2022,7400,7400,6825,6850,3202
26/01/2022,6850,6850,6550,6825,104
27/01/2022,6825,7000,6825,6850,187
28/01/2022,6850,7050,6825,6900,182
31/01/2022,6900,7150,6825,6925,190
02/02/2022,6925,6975,6825,6900,177
03/02/2022,6900,6900,6650,6800,183
04/02/2022,6800,6800,6675,6700,90
07/02/2022,6725,6850,6575,6650,214
08/02/2022,6525,6775,6500,6625,283
09/02/2022,6775,6775,6625,6625,260
10/02/2022,6625,6750,6600,6650,120
11/02/2022,6700,6750,6600,6600,118
14/02/2022,6725,6800,6625,6800,183
15/02/2022,6800,6800,6675,6750,88
16/02/2022,6750,6750,6650,6700,108
17/02/2022,6650,6700,6625,6650,76
18/02/2022,6650,6650,6575,6575,193
21/02/2022,6575,6675,6550,6550,145
22/02/2022,6550,6675,6550,6600,68
23/02/2022,6625,6675,6600,6625,96
24/02/2022,6675,6700,6500,6650,260
25/02/2022,6650,6700,6200,6200,1696
01/03/2022,6200,6300,5775,5775,1003
02/03/2022,5775,6050,5375,5375,1854
04/03/2022,5375,5700,5000,5200,4089
07/03/2022,5200,5525,4850,4940,3396
08/03/2022,4950,5075,4600,4670,6077
09/03/2022,4700,4980,4350,4350,8008
10/03/2022,4350,4450,4060,4450,2227
11/03/2022,4460,4830,4420,4790,3314
14/03/2022,4750,5175,4750,4920,1305
15/03/2022,4920,4990,4810,4810,565
16/03/2022,4810,4890,4800,4800,485
17/03/2022,4800,4810,4620,4720,464
18/03/2022,4730,4850,4690,4720,348
21/03/2022,4720,4750,4630,4730,502
22/03/2022,4730,4800,4720,4730,304
23/03/2022,4730,4960,4730,4880,730
24/03/2022,4900,4950,4800,4870,836
25/03/2022,4870,4920,4780,4800,498
28/03/2022,4860,4940,4780,4880,576
29/03/2022,4890,4900,4800,4850,276
30/03/2022,4860,4890,4760,4820,10553
31/03/2022,4850,4890,4820,4860,357
01/04/2022,4860,4860,4800,4860,317
04/04/2022,4870,4880,4810,4840,475
05/04/2022,4840,5250,4540,4700,6488
06/04/2022,4710,4840,4710,4830,1016
07/04/2022,4860,4870,4820,4840,533
08/04/2022,4860,5500,4820,5500,4467
11/04/2022,5500,5725,5450,5575,6697
12/04/2022,5575,5575,5200,5300,1041
13/04/2022,5300,5500,5300,5475,574
14/04/2022,5500,5725,5475,5725,1795
18/04/2022,5750,6425,5725,6050,2042
19/04/2022,6100,6150,5650,6000,1426
20/04/2022,6000,6000,5750,5825,1065
21/04/2022,5825,5850,5600,5825,767
22/04/2022,5825,5900,5625,5750,462
25/04/2022,5750,5850,5600,5800,725
26/04/2022,5875,5950,5800,5875,483
27/04/2022,5875,6000,5800,5900,554
28/04/2022,5900,6150,5900,6025,1165
09/05/2022,6100,6125,5925,6050,742
10/05/2022,6050,6050,5900,5975,725
11/05/2022,5975,6100,5900,6000,270
12/05/2022,6000,6100,5900,5950,464
13/05/2022,5950,6125,5900,6100,1001
17/05/2022,6100,6375,6100,6350,1191
18/05/2022,6350,6950,6350,6700,1027
19/05/2022,6700,6775,6500,6700,529
20/05/2022,6700,6725,6500,6700,413
23/05/2022,6700,6925,6575,6650,647
24/05/2022,6675,6700,6525,6575,271
25/05/2022,6500,6500,6125,6125,846
27/05/2022,5725,5875,5700,5775,3037
30/05/2022,5775,6250,5650,6125,1526
31/05/2022,6125,6400,6025,6250,655
02/06/2022,6225,6500,6225,6475,1288
03/06/2022,6475,6750,6475,6750,1732
06/06/2022,6850,6975,6700,6975,1525
07/06/2022,7100,7200,7025,7175,1352
08/06/2022,7175,7275,6975,6975,1425
09/06/2022,6975,6975,6700,6850,1493
10/06/2022,6750,6750,6375,6450,1131
13/06/2022,6450,6450,6075,6300,786
14/06/2022,6300,6300,6000,6025,427
15/06/2022,6025,6100,5875,5925,416
16/06/2022,5925,6400,5925,6225,575
17/06/2022,6250,6400,6100,6150,518
20/06/2022,6225,6300,5975,5975,797
21/06/2022,5975,6200,5975,6050,284
22/06/2022,6050,6350,6050,6325,2319
23/06/2022,6350,6400,6100,6200,1790
24/06/2022,6300,6400,6175,6375,208
27/06/2022,6375,6400,5950,6125,664
28/06/2022,6175,6300,6075,6200,702
29/06/2022,6200,6300,6125,6125,183
30/06/2022,6100,6250,6000,6125,258
01/07/2022,6125,6200,5925,5950,284
04/07/2022,5925,5925,5725,5825,188
05/07/2022,5925,6100,5875,6025,173
06/07/2022,6075,6225,5900,6025,111
07/07/2022,6000,6075,5925,6000,240
08/07/2022,6075,6175,6000,6000,192
11/07/2022,6000,6100,5950,5975,99
12/07/2022,5975,6250,5975,6125,268
13/07/2022,6250,6250,5925,5975,557
14/07/2022,5975,6150,5950,6125,244
15/07/2022,6125,6150,6025,6050,177
18/07/2022,6150,6150,6000,6000,132
19/07/2022,6000,6125,6000,6125,216
20/07/2022,6125,6175,6100,6100,344
21/07/2022,6100,6150,6050,6125,90
22/07/2022,6125,6175,6100,6175,451
25/07/2022,6150,6200,6125,6175,482
26/07/2022,6250,6250,6100,6125,239
27/07/2022,6225,6375,6150,6350,535
28/07/2022,6350,6400,6225,6350,656
29/07/2022,6350,6450,6350,6425,904
01/08/2022,6450,6975,6425,6775,1034
02/08/2022,6775,6775,6500,6625,441
03/08/2022,6625,6700,6600,6675,395
04/08/2022,6650,6750,6575,6700,249
05/08/2022,6625,6700,6500,6675,435
08/08/2022,6550,6675,6525,6550,213
09/08/2022,6550,6625,6500,6575,267
10/08/2022,6600,6675,6575,6600,127
11/08/2022,6600,6650,6500,6650,425
12/08/2022,6650,6650,6500,6625,442
15/08/2022,6625,6675,6525,6650,301
16/08/2022,6625,6650,6500,6525,102
18/08/2022,6600,6650,6500,6550,475
19/08/2022,6550,6750,6500,6700,727
22/08/2022,6700,6725,6500,6550,616
23/08/2022,6550,6675,6550,6625,368
24/08/2022,6625,6700,6575,6600,246
25/08/2022,6625,6700,6300,6675,989
26/08/2022,6675,6700,6475,6650,478
29/08/2022,6650,6650,6450,6500,1451
30/08/2022,6500,6650,6425,6475,1162
31/08/2022,6475,6475,6300,6425,1963
01/09/2022,6700,6925,6275,6925,9819
02/09/2022,7000,8200,7000,8025,20877
05/09/2022,8200,8250,7800,8025,11559
06/09/2022,8050,8150,7825,7875,7297
07/09/2022,7925,8150,7925,7950,8796
08/09/2022,8000,8100,7900,7950,5191
09/09/2022,7950,8075,7950,8000,10234
12/09/2022,7925,7925,7450,7450,4151
13/09/2022,7300,7625,7100,7600,3157
14/09/2022,7600,7600,7400,7450,2505
15/09/2022,7500,7525,7425,7450,3282
16/09/2022,7450,7550,7400,7450,1644
19/09/2022,7475,7475,7200,7300,1638
20/09/2022,7325,7325,7150,7200,1824
21/09/2022,7200,7225,7000,7175,939
22/09/2022,7200,7325,7200,7250,678
23/09/2022,7275,7325,7200,7300,931
26/09/2022,7250,7250,7125,7150,887
27/09/2022,7150,7200,7150,7175,431
28/09/2022,7175,7275,7150,7275,346
29/09/2022,7250,7325,7125,7125,415
30/09/2022,7125,7125,6950,7075,1120
03/10/2022,7075,7150,7075,7125,403
04/10/2022,7150,7325,7150,7275,506
05/10/2022,7300,7500,7300,7400,1508
06/10/2022,7400,7400,7275,7350,851
07/10/2022,7350,7400,7325,7350,235
10/10/2022,7350,7350,7175,7200,318
11/10/2022,7325,7325,7175,7175,272
12/10/2022,7150,7275,7000,7125,746
13/10/2022,7150,7250,6975,7075,1151
14/10/2022,7075,7175,6825,7075,777
17/10/2022,7075,7100,6700,6725,1459
18/10/2022,6725,7000,6725,6825,558
19/10/2022,6825,6925,6700,6775,345
20/10/2022,6775,6950,6775,6900,528
21/10/2022,6925,7050,6900,7050,579
24/10/2022,7075,7350,7075,7200,560
25/10/2022,7175,7275,7100,7225,353
26/10/2022,7225,7325,7150,7225,375
27/10/2022,7250,7350,7200,7325,626
28/10/2022,7325,7375,7225,7250,295
31/10/2022,7400,7575,7375,7525,2943
01/11/2022,7550,7675,7350,7375,2235
02/11/2022,7450,7500,7375,7375,1517
03/11/2022,7375,7400,7000,7325,1928
04/11/2022,7300,7375,7200,7375,683
07/11/2022,7375,7400,7325,7325,1779
08/11/2022,7150,7250,7000,7100,1049
09/11/2022,7100,7100,6950,7000,1173
10/11/2022,7000,7000,6525,6575,2712
11/11/2022,6575,6875,6575,6875,818
14/11/2022,6875,6875,6700,6800,467
15/11/2022,6925,6950,6800,6875,517
16/11/2022,6925,6950,6875,6875,369
17/11/2022,6875,6950,6850,6900,201
18/11/2022,6900,6975,6875,6900,412
21/11/2022,6925,7150,6925,7100,537
22/11/2022,7100,7225,7100,7125,510
23/11/2022,7125,7175,7100,7175,363
24/11/2022,7175,7200,7000,7100,364
25/11/2022,7100,7150,6900,7100,321
28/11/2022,7100,7125,7000,7100,254
29/11/2022,7150,7150,7075,7075,308
30/11/2022,7125,7175,7050,7075,315
01/12/2022,7100,7150,7075,7150,610
02/12/2022,7150,7150,7050,7100,141
05/12/2022,7100,7175,7025,7075,380
06/12/2022,7075,7075,6925,7000,465
07/12/2022,7075,7075,6950,7050,96
08/12/2022,7050,7050,6800,7000,487
09/12/2022,7025,7025,6875,6925,356
12/12/2022,6900,7025,6900,6950,514
13/12/2022,6950,7000,6950,6975,347
14/12/2022,6975,7100,6975,7025,363
15/12/2022,7025,7125,7000,7075,401
16/12/2022,7075,7125,7000,7100,326
19/12/2022,7100,7200,7000,7125,862
20/12/2022,7125,7150,7000,7075,313
21/12/2022,7150,7150,7000,7025,428
22/12/2022,7025,7025,7000,7025,184
23/12/2022,7050,7100,7050,7050,201
26/12/2022,7050,7100,7050,7050,468
27/12/2022,7050,7100,7025,7050,522
28/12/2022,7050,7100,7025,7025,231
29/12/2022,7025,7075,7000,7025,225
30/12/2022,7050,7125,7025,7050,870
02/01/2023,7050,7125,7000,7050,506
03/01/2023,7075,7075,7000,7050,380
04/01/2023,7050,7050,6975,7000,473
05/01/2023,7000,7000,6600,6725,966
06/01/2023,6725,6900,6700,6850,264
09/01/2023,6850,6975,6800,6800,340
10/01/2023,6850,6850,6700,6850,269
11/01/2023,6825,6850,6725,6825,207
12/01/2023,6825,6850,6750,6800,257
13/01/2023,6775,6925,6775,6800,150
16/01/2023,6800,6800,6725,6775,235
17/01/2023,6775,6850,6750,6825,179
18/01/2023,6850,6850,6800,6825,279
19/01/2023,6850,6875,6825,6825,228
20/01/2023,6875,7000,6825,6900,451
24/01/2023,6900,6950,6850,6875,239
25/01/2023,6875,6875,6825,6825,103
26/01/2023,6825,6850,6775,6825,310
27/01/2023,6825,6875,6750,6825,170
30/01/2023,6850,6875,6800,6825,142
31/01/2023,6800,6800,6750,6750,272
01/02/2023,6750,6900,6750,6775,529
02/02/2023,6800,6800,6750,6800,172
03/02/2023,6800,6800,6600,6600,499
06/02/2023,6625,6675,6600,6625,134
07/02/2023,6675,6775,6625,6675,195
08/02/2023,6700,6800,6675,6700,138
09/02/2023,6725,6750,6700,6725,178
10/02/2023,6725,6725,6600,6600,436
13/02/2023,6600,6700,6475,6575,480
14/02/2023,6575,6675,6550,6675,58
15/02/2023,6675,6675,6600,6600,145
16/02/2023,6625,6625,6550,6575,157
17/02/2023,6650,6650,6500,6575,331
20/02/2023,6575,6575,6475,6500,249
21/02/2023,6525,6525,6400,6500,693
22/02/2023,6500,6525,6425,6500,200
23/02/2023,6500,6525,6450,6500,73
24/02/2023,6500,6500,6450,6475,204
27/02/2023,6500,6525,6500,6525,167
28/02/2023,6550,6575,6500,6550,564
01/03/2023,6550,6550,6500,6550,390
02/03/2023,6550,6550,6500,6500,278
03/03/2023,6500,6600,6475,6475,348
06/03/2023,6500,6525,6450,6475,317
07/03/2023,6475,6500,6425,6425,337
08/03/2023,6425,6475,6375,6475,538
09/03/2023,6475,6600,6475,6525,200
10/03/2023,6525,6525,6450,6450,66
13/03/2023,6550,6650,6450,6525,889
14/03/2023,6525,6600,6450,6450,189
15/03/2023,6450,6550,6375,6425,329
16/03/2023,6425,6475,6000,6475,718
17/03/2023,6475,6475,6400,6425,103
20/03/2023,6425,6500,6400,6500,266
21/03/2023,6500,6500,6350,6500,273
24/03/2023,6400,6500,6375,6500,679
27/03/2023,6475,6500,6400,6500,290
28/03/2023,6500,6525,6475,6500,343
29/03/2023,6500,6600,6500,6525,707
30/03/2023,6550,6575,6500,6500,374
31/03/2023,6500,6550,6400,6500,530
03/04/2023,6500,6550,6475,6525,393
04/04/2023,6525,7125,6500,6675,1070
05/04/2023,6650,6650,6525,6550,347
06/04/2023,6575,6625,6500,6525,1163
10/04/2023,6525,6525,6425,6500,569
11/04/2023,6500,6525,6400,6500,239
12/04/2023,6500,6500,6400,6500,434
13/04/2023,6500,6500,6425,6500,66
14/04/2023,6500,6500,6425,6500,522
17/04/2023,6500,6500,6400,6500,443
18/04/2023,6450,6500,6425,6500,251
26/04/2023,6550,6750,6500,6550,983
27/04/2023,6550,6650,6550,6625,349
28/04/2023,6625,6675,6550,6575,268
02/05/2023,6575,6700,6450,6500,322
03/05/2023,6475,6575,6400,6425,234
04/05/2023,6450,6550,6425,6525,117
05/05/2023,6525,6525,6325,6500,292
08/05/2023,6500,6500,6450,6500,128
09/05/2023,6500,6550,6450,6500,109
10/05/2023,6525,6700,6475,6550,270
11/05/2023,6550,6575,6450,6500,115
12/05/2023,6450,6575,6425,6525,53
15/05/2023,6475,6525,6400,6500,112
16/05/2023,6450,6500,6375,6500,195
17/05/2023,6425,6500,6275,6500,489
19/05/2023,6350,6500,6050,6500,1429
22/05/2023,6450,6500,6125,6500,476
23/05/2023,6475,6500,6300,6500,236
24/05/2023,6475,6500,6375,6500,153
25/05/2023,6400,6500,6375,6500,1412
26/05/2023,6475,6475,6300,6300,842
29/05/2023,6250,6500,6200,6500,1392
30/05/2023,6475,6475,6400,6400,100
31/05/2023,6400,6500,6400,6475,903
05/06/2023,6475,6525,6300,6400,521
06/06/2023,6400,6450,6350,6375,204
07/06/2023,6450,6600,6375,6500,284
08/06/2023,6500,6525,6400,6450,36
09/06/2023,6450,6450,6350,6400,245
12/06/2023,6400,6500,6400,6475,103
13/06/2023,6450,6475,6425,6450,37
14/06/2023,6450,6450,6425,6425,47
15/06/2023,6450,6450,6400,6425,38
16/06/2023,6525,6550,6425,6500,382
19/06/2023,6550,6675,6500,6500,973
20/06/2023,6550,6625,6300,6400,1996
21/06/2023,6400,6500,6400,6450,301
22/06/2023,6525,6650,6000,6000,4112
23/06/2023,6000,6100,5700,5875,1480
26/06/2023,5875,5900,5800,5800,568
27/06/2023,5900,5900,5775,5825,324
03/07/2023,5900,6100,5900,6050,1249
04/07/2023,6075,6300,6050,6250,1212
05/07/2023,6275,6375,6150,6275,1037
06/07/2023,6275,6325,6250,6325,290
07/07/2023,6325,6525,6225,6450,1112
10/07/2023,6450,6525,6325,6500,985
11/07/2023,6500,6575,6475,6500,490
12/07/2023,6525,6600,6400,6425,286
13/07/2023,6425,6525,6375,6500,502
14/07/2023,6500,6525,6450,6500,182
17/07/2023,6500,6550,6375,6475,587
18/07/2023,6500,6500,6425,6450,150
20/07/2023,6500,6500,6425,6450,212
21/07/2023,6475,6500,6400,6400,550
24/07/2023,6475,6600,6425,6550,1092
25/07/2023,6550,6550,6450,6475,641
26/07/2023,6450,6500,6425,6500,723
27/07/2023,6500,6550,6475,6475,1213
28/07/2023,6475,6575,6475,6500,223
31/07/2023,6550,6550,6500,6525,400
01/08/2023,6550,6550,6500,6525,606
02/08/2023,6525,6525,6475,6500,166
03/08/2023,6500,6525,6400,6525,227
04/08/2023,6525,6525,6475,6525,145
07/08/2023,6525,6575,6450,6575,624
08/08/2023,6525,6575,6500,6500,177
09/08/2023,6550,6575,6525,6575,227
10/08/2023,6575,6775,6550,6775,1372
11/08/2023,6775,6925,6750,6850,2087
14/08/2023,6850,6925,6825,6925,1260
15/08/2023,6925,6925,6500,6800,1993
16/08/2023,6800,6800,6650,6700,738
18/08/2023,6700,6825,6675,6750,913
21/08/2023,6750,6925,6675,6700,1247
22/08/2023,6725,6825,6650,6650,2630
23/08/2023,6675,7975,6500,7550,14743
24/08/2023,7600,7975,6800,6875,40520
25/08/2023,6900,7300,6875,7075,32375
28/08/2023,7100,7300,7075,7200,20667
29/08/2023,7275,7300,7075,7175,17509
30/08/2023,7175,7225,7125,7150,17933
31/08/2023,7200,7300,7125,7275,52130
01/09/2023,6525,6525,6250,6525,18565
04/09/2023,6500,6550,6425,6525,7824
05/09/2023,6525,6525,6425,6425,7500
06/09/2023,6525,6525,6375,6425,6906
07/09/2023,6425,6450,6225,6325,10522
08/09/2023,6325,6375,6150,6175,8323
11/09/2023,6200,6225,5975,6100,9068
12/09/2023,6100,6200,6050,6125,5745
13/09/2023,6125,6150,5975,6025,8344
14/09/2023,6025,6075,5975,6025,6039
15/09/2023,6075,6150,6025,6050,8794
18/09/2023,6025,6125,5975,6025,7355
19/09/2023,6075,6075,6000,6025,4201
20/09/2023,6000,6125,6000,6125,7194
21/09/2023,6125,6150,6050,6075,4390
22/09/2023,6075,6100,6050,6050,3488
25/09/2023,6050,6150,6025,6125,5249
26/09/2023,6150,6150,5975,6025,6866
27/09/2023,6025,6100,6025,6050,2161
29/09/2023,6100,6100,6025,6075,2180
02/10/2023,6075,6125,6050,6050,1634
03/10/2023,6075,6100,5950,5950,5952
04/10/2023,5925,6000,5850,5900,3640
05/10/2023,5875,6100,5875,6000,3465
06/10/2023,6025,6100,6000,6075,3142
09/10/2023,6050,6100,6000,6050,3344
10/10/2023,6050,6100,6000,6025,2030
11/10/2023,6050,6100,6000,6025,2559
12/10/2023,6000,6050,6000,6025,1621
13/10/2023,6025,6050,5975,6000,1785
16/10/2023,6000,6050,5975,6000,1737
17/10/2023,6000,6000,5950,5975,1991
18/10/2023,6000,6000,5925,5975,2925
19/10/2023,5975,6000,5925,5950,1593
20/10/2023,5925,5950,5900,5925,1253
23/10/2023,5950,5975,5850,5875,1959
24/10/2023,5875,5900,5800,5900,1033
25/10/2023,5900,6000,5875,5950,1396
26/10/2023,5950,5975,5900,5950,1383
27/10/2023,5950,5975,5900,5950,699
30/10/2023,5950,5975,5850,5900,1154
31/10/2023,5900,5925,5700,5875,2807
01/11/2023,5875,5875,5700,5700,2159
02/11/2023,5700,5725,5600,5725,1455
03/11/2023,5725,5800,5700,5750,2057
06/11/2023,5750,5800,5700,5750,771
07/11/2023,5750,5775,5675,5700,2074
08/11/2023,5675,5750,5675,5700,854
09/11/2023,5675,5750,5650,5725,1640
10/11/2023,5750,5775,5650,5725,428
13/11/2023,5725,5725,5650,5650,789
14/11/2023,5675,5725,5675,5700,681
15/11/2023,5725,5750,5675,5750,1511
16/11/2023,5750,5800,5725,5750,775
17/11/2023,5750,5775,5725,5775,636
20/11/2023,5775,5775,5725,5750,1756
21/11/2023,5750,5775,5750,5750,1567
22/11/2023,5750,5775,5725,5775,1550
23/11/2023,5800,5975,5800,5950,1893
24/11/2023,5950,6050,5950,6000,1206
27/11/2023,6025,6025,5925,5950,1070
28/11/2023,5950,6075,5950,6050,3260
29/11/2023,6050,6075,5975,6050,6357
30/11/2023,6050,6075,6025,6025,3972
01/12/2023,6050,6075,6025,6050,2760
04/12/2023,6050,6075,6025,6050,2972
05/12/2023,6050,6200,6000,6200,7873
06/12/2023,6300,6300,6075,6225,13568
07/12/2023,6200,6325,6150,6275,16490
08/12/2023,6300,6325,6250,6275,6723
11/12/2023,6275,6325,6175,6250,9822
12/12/2023,6250,6275,6175,6175,3458
13/12/2023,6175,6175,6075,6125,7819
14/12/2023,6000,6000,5475,5825,6988
15/12/2023,5800,5875,5725,5800,2534
18/12/2023,5775,5875,5775,5800,1632
19/12/2023,5800,5825,5750,5775,1200
20/12/2023,5800,5800,5700,5775,1270
21/12/2023,5800,5875,5800,5825,2521
22/12/2023,5825,5850,5775,5800,996
27/12/2023,5850,5850,5700,5775,2127
28/12/2023,5775,5850,5750,5800,657
29/12/2023,5800,5900,5750,5800,3894
02/01/2024,5800,5875,5800,5825,641
03/01/2024,5850,5950,5825,5875,1084
04/01/2024,5900,5900,5850,5900,717
05/01/2024,5900,5925,5850,5900,532
08/01/2024,5900,5950,5850,5850,1406
09/01/2024,5875,5900,5825,5825,447
10/01/2024,5850,5850,5800,5850,430
11/01/2024,5850,5875,5825,5850,309
12/01/2024,5850,5875,5800,5850,672
15/01/2024,5850,5900,5825,5875,438
16/01/2024,5875,5925,5850,5875,499
17/01/2024,5875,5900,5850,5900,717
18/01/2024,5900,5900,5850,5900,178
19/01/2024,5900,5900,5825,5850,589
22/01/2024,5900,5900,5800,5825,737
23/01/2024,5825,5825,5725,5775,840
24/01/2024,5775,5825,5750,5775,871
25/01/2024,5775,5800,5750,5775,395
26/01/2024,5750,6000,5725,5875,2309
29/01/2024,5900,5925,5800,5875,724
30/01/2024,5875,5900,5825,5850,232
31/01/2024,5850,5950,5800,5850,606
01/02/2024,5850,5875,5825,5825,274
02/02/2024,5825,5875,5800,5825,331
05/02/2024,5850,5875,5800,5800,1144
06/02/2024,5800,5800,5775,5800,189
07/02/2024,5775,5850,5775,5800,249
12/02/2024,5825,5825,5775,5800,462
13/02/2024,5825,5825,5775,5800,401
15/02/2024,5800,5875,5775,5825,432
16/02/2024,5825,5850,5800,5800,229
19/02/2024,5800,5825,5750,5750,553
20/02/2024,5750,5800,5750,5750,310
21/02/2024,5775,5800,5750,5750,366
22/02/2024,5800,5800,5700,5775,1003
23/02/2024,5775,5800,5725,5775,379
26/02/2024,5775,5800,5750,5775,507
27/02/2024,5775,5775,5725,5725,365
28/02/2024,5750,5775,5725,5725,560
29/02/2024,5725,5775,5725,5750,290
01/03/2024,5750,5775,5675,5750,810
04/03/2024,5725,5775,5675,5700,972
05/03/2024,5700,5775,5700,5750,567
06/03/2024,5750,6000,5750,5850,1883
07/03/2024,5850,5950,5800,5900,621
08/03/2024,5925,6000,5900,5900,752
13/03/2024,5900,5900,5850,5850,1812
14/03/2024,5875,5900,5850,5875,315
15/03/2024,5900,5900,5850,5850,1675
18/03/2024,5850,5900,5850,5875,580
19/03/2024,5850,5925,5825,5850,309
20/03/2024,5850,5925,5800,5825,3459
21/03/2024,5850,5900,5825,5850,269
22/03/2024,5850,5900,5850,5875,664
25/03/2024,5875,5900,5850,5875,2629
26/03/2024,5875,5925,5875,5900,557
27/03/2024,5900,5925,5875,5900,910
28/03/2024,5900,5925,5875,5900,548
01/04/2024,5900,5900,5850,5850,1950
02/04/2024,5850,5925,5850,5900,1089
03/04/2024,5900,6025,5900,6025,2392
04/04/2024,6075,6075,5925,6000,858
05/04/2024,6000,6025,5950,6000,647
16/04/2024,6000,6100,6000,6050,1538
17/04/2024,6050,6100,6050,6050,913
18/04/2024,6050,6125,6050,6100,367
19/04/2024,6100,6125,6050,6100,2874
22/04/2024,6100,6175,6075,6100,801
23/04/2024,6150,6150,6075,6100,514
24/04/2024,6100,6100,6075,6075,531
25/04/2024,6075,6125,6075,6125,755
26/04/2024,6150,6150,6075,6075,1941
29/04/2024,6100,6100,6075,6075,1117
30/04/2024,6075,6100,6075,6075,947
02/05/2024,6050,6150,6050,6075,1444
03/05/2024,6075,6150,6075,6075,378
06/05/2024,6075,6150,6075,6150,1053
07/05/2024,6125,6150,6100,6100,394
08/05/2024,6100,6125,6075,6075,2499
13/05/2024,6175,6200,6075,6100,852
14/05/2024,6100,6150,6100,6100,211
15/05/2024,6150,6150,6100,6125,1750
16/05/2024,6125,6150,6125,6125,588
17/05/2024,6125,6250,6100,6250,2203
20/05/2024,6250,6300,6175,6200,2927
21/05/2024,6200,6325,6175,6225,2890
22/05/2024,6325,6325,6200,6275,2814
27/05/2024,6275,6275,6175,6250,2174
28/05/2024,6250,6250,6150,6175,3974
29/05/2024,6025,6025,5950,6000,1716
30/05/2024,6025,6150,6025,6075,814
31/05/2024,6075,6300,6075,6250,3812
03/06/2024,6300,6750,6300,6750,10000
04/06/2024,6800,6925,6750,6850,10054
05/06/2024,6850,7025,6850,7000,7744
06/06/2024,7000,7050,6950,7000,5818
07/06/2024,6950,7000,6925,6950,3932
10/06/2024,6975,6975,6875,6950,7513
11/06/2024,6575,6625,6200,6500,5053
12/06/2024,6500,6500,6375,6475,2082
13/06/2024,6475,6650,6350,6600,3375
14/06/2024,6600,6900,6600,6675,2794
19/06/2024,6675,6800,6600,6650,1822
20/06/2024,6650,6850,6650,6825,2748
21/06/2024,6825,6875,6725,6850,2091
24/06/2024,6775,6950,6775,6950,2797
25/06/2024,6950,6950,6825,6850,2169
26/06/2024,6850,6875,6800,6800,819
27/06/2024,6800,6925,6800,6900,1684
28/06/2024,6900,6950,6875,6900,1435
01/07/2024,6900,6950,6850,6950,1470
02/07/2024,6950,7025,6875,6975,4395
03/07/2024,6975,7050,6900,7025,4844
04/07/2024,7000,7275,6975,7125,4902
05/07/2024,7150,7325,7050,7275,2968
08/07/2024,7275,7700,7275,7650,8842
09/07/2024,7650,7725,7300,7425,6436
10/07/2024,7425,7500,7325,7425,1880
11/07/2024,7425,7475,7375,7450,2168
12/07/2024,7450,7475,7375,7400,671
15/07/2024,7400,7400,7300,7300,1001
16/07/2024,7300,7450,7300,7450,1268
17/07/2024,7450,7575,7400,7575,3073
18/07/2024,7575,8275,7550,8100,15568
19/07/2024,8100,8600,8075,8475,7541
22/07/2024,8475,10150,8475,10150,36335
23/07/2024,11200,11575,9275,9500,61236
24/07/2024,9500,9875,8825,9250,19461
25/07/2024,9250,9675,8875,9000,10428
26/07/2024,9050,9750,8800,9600,15946
29/07/2024,9725,9850,9350,9400,9506
30/07/2024,9400,9600,9325,9375,3231
31/07/2024,9400,9475,9150,9275,4363
01/08/2024,9275,9500,9000,9450,5424
02/08/2024,9450,9650,9400,9525,3976
05/08/2024,9525,9525,8650,9025,7606
06/08/2024,9025,9275,9000,9150,2198
07/08/2024,9150,9250,9075,9150,1978
08/08/2024,9150,9150,9000,9000,1880
09/08/2024,9050,9075,8925,9025,1850
12/08/2024,9025,9475,8925,9350,4414
13/08/2024,9350,9950,9225,9400,12026
14/08/2024,9400,9575,9300,9325,2193
15/08/2024,9325,9350,9150,9175,1791
16/08/2024,9175,9300,9050,9225,3043
19/08/2024,9275,9425,9225,9275,2678
20/08/2024,9250,9350,9225,9225,1518
21/08/2024,9200,9300,9200,9225,1151
22/08/2024,9000,9300,8975,9050,4938
23/08/2024,9075,9775,9050,9675,12539
26/08/2024,9800,10900,9750,10900,33203
27/08/2024,10925,13075,10925,13075,60144
28/08/2024,13425,15675,13425,15675,81344
29/08/2024,16000,18800,13000,15450,137077
30/08/2024,15450,17000,13500,14000,50329
02/09/2024,14000,15225,13725,14000,18534
03/09/2024,13950,14025,12750,13500,8908
04/09/2024,13500,15025,13275,14725,22678
05/09/2024,14775,15175,14200,14325,10994
06/09/2024,14375,14700,14000,14200,4604
09/09/2024,14350,14350,13750,13750,3766
10/09/2024,13800,14425,13800,14150,4950
11/09/2024,14150,14275,13950,14150,2246
12/09/2024,14150,14300,13825,13850,3804
13/09/2024,13850,14025,13350,13375,4842
17/09/2024,13350,13375,12600,12975,9764
18/09/2024,12975,13975,12900,13700,8538
19/09/2024,13700,13850,13300,13800,4054
20/09/2024,13800,13800,13125,13150,5417
23/09/2024,13150,13575,12650,13550,5590
24/09/2024,13550,13575,13250,13350,2462
25/09/2024,13350,13550,13000,13150,4296
26/09/2024,13150,13400,13000,13250,2460
27/09/2024,13250,13675,13150,13600,3218
30/09/2024,13600,13800,13000,13025,4175
01/10/2024,13025,13100,12800,12925,3767
02/10/2024,12875,12900,12600,12675,3866
03/10/2024,12450,12675,12000,12200,3271
04/10/2024,12200,12925,12150,12150,3417
07/10/2024,12350,12550,12175,12175,1473
08/10/2024,12200,12225,11600,11625,6204
09/10/2024,11625,11825,11250,11300,5251
10/10/2024,11275,11400,11000,11050,3262
11/10/2024,11050,11350,11025,11125,3218
14/10/2024,11125,11525,11025,11375,3712
15/10/2024,11375,11425,11150,11300,2339
16/10/2024,11300,11300,10925,11100,2679
17/10/2024,11100,11850,11050,11500,6796
18/10/2024,11500,11600,11150,11325,3687
21/10/2024,11300,11725,11250,11550,3282
22/10/2024,11550,11550,11225,11300,4285
23/10/2024,11250,11300,11000,11000,7093
24/10/2024,11000,11100,10700,10775,2701
25/10/2024,10775,10975,10775,10925,1167
28/10/2024,10925,10975,10500,10500,2538
29/10/2024,10500,10500,10100,10200,6380
30/10/2024,10225,10650,10200,10500,3641
31/10/2024,10500,12600,10450,11575,33911
01/11/2024,11700,11700,10875,11100,5597
04/11/2024,11100,11550,10950,11500,6893
05/11/2024,11500,11500,11050,11100,2017
06/11/2024,11125,11225,10925,11000,1590
07/11/2024,11000,11000,10675,10825,1589
08/11/2024,10850,10975,10800,10825,1977
11/11/2024,10825,10975,10525,10800,2145
12/11/2024,10800,10875,10375,10750,4156
13/11/2024,10750,10975,10675,10950,2136
14/11/2024,10950,10950,10550,10625,1068
15/11/2024,10600,10700,10400,10500,1406
18/11/2024,10500,10550,10025,10300,5204
19/11/2024,10275,10400,9900,10225,3335
20/11/2024,10225,10400,10125,10200,995
21/11/2024,10200,10250,10125,10175,1521
22/11/2024,10175,10475,10175,10275,1616
25/11/2024,10325,11000,10275,10900,3567
26/11/2024,10900,11000,10550,10675,1998
28/11/2024,10550,11575,10150,11300,7244
29/11/2024,11350,11575,10825,10825,4829
02/12/2024,10925,11300,10825,10850,2602
03/12/2024,11100,11725,10875,11500,7650
04/12/2024,11500,11700,11300,11350,2401
05/12/2024,11350,11400,10975,11000,3790
06/12/2024,11050,11275,10900,10925,3951
09/12/2024,10850,11250,10700,11100,4329
10/12/2024,11100,11100,10725,10950,2218
11/12/2024,10950,11050,10850,10850,1609
12/12/2024,10925,11150,10800,10925,1781
13/12/2024,10925,11200,10900,11075,2130
16/12/2024,10950,11000,10800,10800,1442
17/12/2024,10800,10925,10600,10600,988
18/12/2024,10625,10725,10375,10400,1029
19/12/2024,10375,10550,10200,10425,1300
20/12/2024,10425,10700,10300,10700,1318
23/12/2024,10700,10800,10225,10250,1670
24/12/2024,10250,10700,10250,10525,1091
27/12/2024,10525,10675,10425,10500,722
30/12/2024,10500,11000,10450,10625,974
02/01/2025,10625,10900,10625,10775,772
03/01/2025,10900,11250,10700,11200,2657
06/01/2025,11175,11200,10900,11025,1642
07/01/2025,11050,11150,10750,10775,1417
08/01/2025,10775,10775,10500,10575,1118
09/01/2025,10575,10700,10200,10400,2384
10/01/2025,10400,10600,10400,10450,566
13/01/2025,10500,10600,10400,10425,930
14/01/2025,10575,10575,10300,10400,1326
15/01/2025,10575,10575,10350,10500,523
16/01/2025,10500,10700,10375,10600,1282
17/01/2025,10700,10700,10500,10550,713
20/01/2025,10575,10625,10400,10400,990
21/01/2025,10550,10575,10375,10400,711
22/01/2025,10400,10425,10325,10350,1013
23/01/2025,10350,10775,10350,10550,1614
24/01/2025,10525,10750,10400,10400,674
30/01/2025,10400,10575,10300,10325,903
31/01/2025,10300,10425,10300,10400,562
03/02/2025,10400,10550,10275,10450,1609
04/02/2025,10525,10600,10275,10375,1940
05/02/2025,10375,10425,10275,10275,1813
06/02/2025,10300,10350,10200,10200,974
07/02/2025,10200,10275,9950,9950,2131
10/02/2025,9950,9950,9400,9450,2400
11/02/2025,9300,9550,8525,8600,5916
12/02/2025,8575,9200,8100,8925,2909
13/02/2025,8975,9250,8975,9175,1693
14/02/2025,9200,9550,9175,9225,1379
17/02/2025,9225,9500,9200,9375,1048
18/02/2025,9400,10425,9400,10025,4217
19/02/2025,10025,10100,9725,9925,1449
20/02/2025,9925,9975,9350,9625,2302
21/02/2025,9625,9675,9500,9600,365
24/02/2025,9600,9600,9200,9275,862
25/02/2025,9275,9275,8975,9100,2588
26/02/2025,9175,9350,9050,9075,695
27/02/2025,9075,9200,8850,8950,1408
28/02/2025,8975,8975,8600,8625,1178
03/03/2025,8625,9150,8600,9075,1322
04/03/2025,9075,9100,8250,8375,2539
05/03/2025,8375,8675,8375,8525,880
06/03/2025,8575,8925,8575,8900,886
07/03/2025,8900,8900,8800,8800,277
10/03/2025,8800,8800,7050,8400,1794
11/03/2025,8400,8525,8300,8425,351
12/03/2025,8450,8525,8375,8525,1118
13/03/2025,8550,8650,8475,8475,841
14/03/2025,8475,8475,8175,8200,1161
17/03/2025,8225,8475,8225,8275,491
18/03/2025,8300,8400,7500,7975,2816
19/03/2025,7975,8050,7725,8000,982
20/03/2025,8000,8050,7900,8000,1454
21/03/2025,8000,8000,7725,7800,1061
24/03/2025,7800,7800,7225,7325,2207
25/03/2025,7325,7800,7325,7550,1137
26/03/2025,7575,8600,7575,8150,2738
27/03/2025,8150,8475,8150,8250,1685
08/04/2025,8000,8000,7250,7800,1731
09/04/2025,7800,7925,7700,7750,645
10/04/2025,7975,8250,7750,7800,2925
11/04/2025,7900,8000,7675,7675,1740
14/04/2025,7675,8275,7675,8100,1805
15/04/2025,8100,8525,8100,8350,1670
16/04/2025,8350,8500,8025,8250,1294
17/04/2025,8250,8400,8225,8375,939
21/04/2025,8375,9275,8375,8900,3788
22/04/2025,8900,9200,8900,9000,2976
23/04/2025,9025,9725,9025,9550,3060
24/04/2025,9550,9750,9100,9250,3719
25/04/2025,9350,9525,9025,9300,1024
28/04/2025,9300,9400,9050,9175,1862
29/04/2025,9325,9550,9150,9200,3224
30/04/2025,9275,9325,9125,9250,1494
02/05/2025,9300,9350,8750,9000,4988
05/05/2025,9025,9175,9000,9125,1199
06/05/2025,9125,9300,9075,9175,2309
07/05/2025,9200,9250,9075,9175,1187
08/05/2025,9175,9350,9075,9175,1953
09/05/2025,9175,9225,9050,9100,707
14/05/2025,9150,9325,9150,9300,2865
15/05/2025,9325,9625,9325,9450,6121
16/05/2025,9525,9550,9375,9425,5038
19/05/2025,9500,9675,9475,9500,8000
20/05/2025,9525,9600,9425,9525,6273
21/05/2025,9525,9650,9500,9575,7892
22/05/2025,9575,9650,9525,9550,5774
23/05/2025,9550,9675,9475,9650,10275
26/05/2025,9400,9400,9125,9200,9513
27/05/2025,9200,9225,9050,9050,4841
28/05/2025,9050,9250,9050,9100,3961
02/06/2025,9150,9200,9075,9150,3243
03/06/2025,9225,9425,9225,9375,6728
04/06/2025,9400,9525,9300,9375,5974
05/06/2025,9400,9450,9300,9350,3112
10/06/2025,9350,9450,9350,9425,2113
11/06/2025,9425,9475,9350,9400,3979
12/06/2025,9400,9525,9375,9375,6820
13/06/2025,9175,9275,9050,9250,3135
16/06/2025,9250,9350,9225,9250,2078
17/06/2025,9250,9250,9150,9225,1429
18/06/2025,9225,9250,9100,9125,1722
19/06/2025,9175,9175,9050,9100,1705
20/06/2025,9100,9175,9000,9175,1409
23/06/2025,9100,9300,8850,9250,5237
24/06/2025,9225,9275,9125,9200,1789
25/06/2025,9200,9250,9100,9100,1410
26/06/2025,9100,9225,9100,9175,1082
30/06/2025,9175,9225,9050,9125,1383
01/07/2025,9125,9175,9050,9175,1555
02/07/2025,9175,9200,8875,8975,3599
03/07/2025,9050,9050,8900,9000,947
04/07/2025,9000,9025,8950,8975,468
07/07/2025,8975,9000,8850,8950,737
08/07/2025,8975,9025,8975,8975,473
09/07/2025,9000,9075,8950,9025,525
10/07/2025,9025,9100,9000,9025,1463
11/07/2025,9025,9125,9025,9125,1389
14/07/2025,9125,9150,9100,9150,1630
15/07/2025,9150,9375,9075,9325,6038
16/07/2025,9325,9525,9325,9475,4277
17/07/2025,9475,9475,9350,9350,867
18/07/2025,9400,9400,9300,9300,1249
21/07/2025,9300,9350,9225,9275,1153
22/07/2025,9275,9350,9250,9275,1029
23/07/2025,9300,9375,9275,9350,1185
24/07/2025,9375,9400,9375,9375,1582
25/07/2025,9425,9450,9375,9375,977
28/07/2025,9425,9450,9400,9400,1590
29/07/2025,9400,9450,9375,9400,935
30/07/2025,9375,9450,9275,9275,1886
31/07/2025,9300,9325,9150,9150,2159
01/08/2025,9200,9250,9150,9150,1038
04/08/2025,9175,9200,9075,9075,1412
05/08/2025,9100,9175,9075,9100,1342
06/08/2025,9125,9175,9100,9125,731
07/08/2025,9150,9175,9125,9175,1086
08/08/2025,9150,9650,9100,9375,6444
11/08/2025,9500,9500,9200,9400,2781
12/08/2025,9475,9475,9125,9300,4223
13/08/2025,9300,9350,9175,9200,1983
14/08/2025,9200,9300,9200,9250,795
15/08/2025,9250,9300,9200,9200,1531
19/08/2025,9250,9350,9200,9325,2028
20/08/2025,9350,9350,9250,9275,1065
21/08/2025,9275,9325,9150,9275,1813
22/08/2025,9275,9350,9250,9350,1005
25/08/2025,9400,9425,9300,9350,1310
26/08/2025,9300,9375,9275,9325,929
27/08/2025,9325,9425,9250,9400,1864
28/08/2025,9400,9425,9350,9400,1541
29/08/2025,9375,9400,9150,9250,2027
01/09/2025,9100,9275,8950,9200,2677
02/09/2025,9200,9325,9200,9300,544
03/09/2025,9300,9550,9100,9200,4773
04/09/2025,9225,9250,9150,9200,1825
08/09/2025,9200,9225,9125,9125,1289
09/09/2025,9150,9200,8975,9000,2098
10/09/2025,9000,9000,8950,8975,1329
11/09/2025,9000,9100,9000,9000,2194
12/09/2025,9050,9100,9025,9075,768
15/09/2025,9100,9125,9050,9050,924
16/09/2025,9050,9100,9000,9000,968
17/09/2025,9000,9125,8975,9000,1543
18/09/2025,9000,9050,8900,8975,2486
19/09/2025,9000,9050,8975,9000,459
22/09/2025,9000,9050,8950,8950,1192
23/09/2025,8975,9025,8975,9000,983
24/09/2025,9000,9050,8950,8950,623
25/09/2025,8950,9000,8950,8950,486
26/09/2025,8975,8975,8925,8975,546
29/09/2025,8975,9000,8925,8950,889
30/09/2025,8950,8950,8875,8950,1464
01/10/2025,8975,8975,8875,8900,782
02/10/2025,8900,8950,8850,8875,1474
03/10/2025,8875,8950,8850,8850,732
06/10/2025,8850,8975,8825,8950,1519
07/10/2025,8950,8975,8850,8900,1089
08/10/2025,8925,8950,8850,8875,1023
09/10/2025,8875,9100,8875,9000,2263
10/10/2025,9025,9100,8975,9025,752
13/10/2025,9025,9125,8925,8950,112500
14/10/2025,8950,9000,8825,8825,155100
15/10/2025,8825,8900,8650,8800,217900
16/10/2025,8850,8900,8750,8850,53300
17/10/2025,8850,8925,8825,8875,61600
20/10/2025,8875,8950,8875,8875,43000
21/10/2025,8900,8950,8875,8900,76000
22/10/2025,8950,8950,8850,8900,44100
23/10/2025,8900,8950,8875,8900,61400
24/10/2025,8900,9000,8875,8975,86100
27/10/2025,8975,9050,8875,8950,120100
28/10/2025,8900,8950,8875,8900,136400
29/10/2025,8900,8950,8900,8900,69900
30/10/2025,8900,9075,8900,9075,101600
31/10/2025,9075,9100,9000,9050,76400
03/11/2025,9050,9275,9050,9050,184900
04/11/2025,9050,9075,9000,9025,52000
05/11/2025,9075,9075,8925,9000,143900
06/11/2025,8900,9100,8900,9025,106200
07/11/2025,9100,9375,9075,9275,435100
10/11/2025,9275,9325,9150,9175,112100
11/11/2025,9175,9200,8975,9075,184600
12/11/2025,9050,9075,8975,9025,61000
13/11/2025,9100,9100,8900,8950,270900
14/11/2025,9000,9050,8925,8975,89300
17/11/2025,9000,9025,8800,8900,318600
18/11/2025,8950,8950,8875,8925,65700
19/11/2025,8925,8975,8900,8900,53800
20/11/2025,8900,8925,8875,8925,59300
21/11/2025,8925,8950,8900,8950,48700
24/11/2025,8975,9000,8900,8975,35700
25/11/2025,8975,8975,8900,8925,54200
26/11/2025,8925,8950,8900,8925,33400
27/11/2025,8950,9000,8900,8975,55400
28/11/2025,8975,8975,8875,8925,47400
01/12/2025,8925,8950,8875,8900,54000
02/12/2025,8900,8925,8850,8900,70000
03/12/2025,8900,8900,8800,8875,213900
04/12/2025,8875,8900,8800,8825,59200
05/12/2025,8850,8875,8800,8825,33300
08/12/2025,8825,8875,8775,8825,73600
09/12/2025,8825,8850,8700,8775,135500
10/12/2025,8775,8800,8700,8725,83800
11/12/2025,8725,8750,8625,8725,106200
12/12/2025,8725,8750,8675,8725,93200
15/12/2025,8750,8775,8625,8650,108100
16/12/2025,8700,8700,8400,8500,172600
17/12/2025,8500,8575,8300,8350,175900
18/12/2025,8350,8450,8000,8050,610300
19/12/2025,8100,8750,8100,8500,119900
22/12/2025,8500,8500,8350,8400,72500
23/12/2025,8500,8500,8325,8375,39500
24/12/2025,8375,8375,8300,8325,39600
29/12/2025,8325,8375,8000,8100,5103
30/12/2025,8125,8175,8050,8125,1233
02/01/2026,8125,8200,8125,8150,654
05/01/2026,8150,8200,8025,8125,1005
