Date,Open,High,Low,Close,Volume
19/08/2010,4182,4232,4157,4207,16277000
20/08/2010,4182,4232,4157,4207,15511500
23/08/2010,4232,4232,4182,4207,5302500
24/08/2010,4182,4356,4182,4306,49125000
25/08/2010,4281,4356,4281,4331,26303500
26/08/2010,4356,4481,4356,4481,49990000
27/08/2010,4481,4655,4431,4555,71239504
30/08/2010,4630,4829,4630,4804,54166500
31/08/2010,4779,4779,4431,4530,51694500
01/09/2010,4555,4655,4431,4481,46719000
02/09/2010,4530,4580,4431,4456,34863500
03/09/2010,4481,4580,4456,4530,27014500
06/09/2010,4555,4829,4555,4829,68481000
07/09/2010,4779,4929,4754,4854,26516500
15/09/2010,4854,4854,4854,4854,47787500
16/09/2010,5128,5178,4978,5178,25731000
17/09/2010,5227,5227,4978,5078,26184500
20/09/2010,5078,5426,5078,5327,29027000
21/09/2010,5377,5476,5178,5327,22144000
22/09/2010,5327,5775,5327,5725,52759000
23/09/2010,5675,5675,5277,5377,56610000
24/09/2010,5327,5476,5277,5426,23747000
27/09/2010,5426,5526,5377,5426,23307500
28/09/2010,5377,5426,5178,5227,32993000
29/09/2010,5277,5377,5227,5377,18228500
30/09/2010,5377,5526,5327,5426,34902000
01/10/2010,5426,5526,5377,5526,16011500
04/10/2010,5526,5626,5476,5526,27201500
05/10/2010,5576,5626,5476,5626,24774000
06/10/2010,5675,5675,5576,5626,17394000
07/10/2010,5626,5626,5178,5327,87284496
08/10/2010,5277,5327,5028,5078,40074500
11/10/2010,5078,5078,4779,4854,93444496
12/10/2010,4829,5078,4779,5028,94601000
13/10/2010,5028,5128,4978,5078,31364000
14/10/2010,5128,5128,5028,5078,17849000
15/10/2010,5078,5128,5028,5078,10522500
18/10/2010,5028,5078,4904,4954,13921500
19/10/2010,4978,5028,4929,4978,9297500
20/10/2010,4879,4978,4854,4978,20248000
21/10/2010,5000,5050,4925,4975,11225500
22/10/2010,4975,4975,4900,4925,6763000
25/10/2010,4925,5100,4925,5100,16379000
26/10/2010,5100,5250,5100,5150,19336000
27/10/2010,5150,5200,5050,5050,11306000
28/10/2010,5050,5250,5050,5250,27389500
29/10/2010,5250,5250,5000,5200,30132500
01/11/2010,5200,5200,5050,5100,9774500
02/11/2010,5100,5200,5050,5100,14605500
03/11/2010,5100,5150,5050,5150,10172500
04/11/2010,5150,5150,5000,5100,10155500
05/11/2010,5100,5150,5000,5100,13320500
08/11/2010,5100,5200,5050,5200,15536000
09/11/2010,5150,5200,5100,5200,13749000
10/11/2010,5200,5200,5100,5200,14221000
11/11/2010,5200,5200,5050,5150,17167500
12/11/2010,5100,5150,4950,4975,24186500
15/11/2010,4950,5050,4875,4950,11145500
16/11/2010,4950,5000,4925,5000,9630500
18/11/2010,5000,5000,4950,5000,7984000
19/11/2010,5000,5050,4900,4925,17134500
22/11/2010,4950,4950,4875,4900,15471000
23/11/2010,4900,4900,4800,4850,18111000
24/11/2010,4825,4850,4725,4800,15083000
25/11/2010,4825,4850,4750,4750,20860500
26/11/2010,4750,4750,4625,4650,23016000
29/11/2010,4625,4625,4525,4600,30678000
30/11/2010,4600,4725,4575,4575,30781500
01/12/2010,4600,4800,4575,4800,26395500
02/12/2010,4875,4950,4825,4900,34222000
03/12/2010,4925,4975,4825,4850,11485500
06/12/2010,4850,4900,4800,4825,9828500
08/12/2010,4825,4850,4650,4725,24022000
09/12/2010,4750,4750,4700,4750,7786500
10/12/2010,4750,4750,4675,4750,11663500
13/12/2010,4750,4800,4675,4750,12378000
14/12/2010,4750,4750,4650,4675,10021000
15/12/2010,4650,4675,4600,4650,15436000
16/12/2010,4650,4650,4500,4525,31026000
17/12/2010,4525,4550,4450,4475,36618500
20/12/2010,4500,4500,4425,4475,11600000
21/12/2010,4475,4650,4475,4650,22118000
22/12/2010,4650,4700,4600,4650,9165000
23/12/2010,4650,4650,4600,4650,5118000
27/12/2010,4700,4725,4600,4650,4988500
28/12/2010,4650,4825,4600,4825,19062500
29/12/2010,4850,4900,4825,4875,15372500
30/12/2010,4850,4900,4800,4875,12123000
03/01/2011,4875,4950,4825,4950,14112500
04/01/2011,4975,5100,4925,5100,27676500
05/01/2011,5000,5100,4950,4950,11431000
06/01/2011,4950,4950,4825,4850,14167000
07/01/2011,4850,4875,4700,4725,16699000
10/01/2011,4750,4750,4550,4575,21909500
11/01/2011,4550,4675,4450,4525,15763500
12/01/2011,4525,4700,4525,4700,24490000
13/01/2011,4700,4750,4650,4725,21173000
14/01/2011,4700,4875,4675,4875,17211000
17/01/2011,4900,4950,4750,4825,14911000
18/01/2011,4850,4850,4750,4775,3560000
19/01/2011,4800,4825,4650,4725,7492500
20/01/2011,4650,4650,4525,4550,11205500
21/01/2011,4500,4525,4300,4525,31298000
24/01/2011,4525,4625,4500,4575,11573000
25/01/2011,4600,4725,4600,4725,12185000
26/01/2011,4775,4800,4675,4775,10496500
27/01/2011,4800,4900,4800,4875,23625000
28/01/2011,4850,4850,4750,4800,11413500
31/01/2011,4725,4750,4625,4700,8973500
01/02/2011,4700,4775,4650,4650,8801500
02/02/2011,4700,4775,4700,4750,6388500
04/02/2011,4750,4775,4700,4750,2852500
07/02/2011,4800,4825,4700,4725,6260000
08/02/2011,4775,4825,4725,4825,17827500
09/02/2011,4825,4825,4675,4750,9466000
10/02/2011,4750,4750,4550,4675,19669000
11/02/2011,4700,4700,4600,4650,11977000
14/02/2011,4675,4775,4675,4725,6496000
16/02/2011,4725,4725,4625,4700,6764500
17/02/2011,4725,4750,4675,4675,5264500
18/02/2011,4675,4750,4675,4700,11094000
21/02/2011,4725,4825,4700,4825,10644500
22/02/2011,4775,4850,4700,4850,14353500
23/02/2011,4825,4900,4800,4900,13741500
24/02/2011,4875,4875,4750,4800,5924000
25/02/2011,4825,4825,4750,4800,3864000
28/02/2011,4825,4850,4725,4750,7530000
01/03/2011,4750,4750,4750,4750,6875500
02/03/2011,4775,4850,4750,4825,14544500
03/03/2011,4850,4875,4850,4850,12762000
04/03/2011,4900,5050,4850,5000,26420000
07/03/2011,4975,5000,4900,4950,11599000
08/03/2011,4950,4950,4900,4950,6352000
09/03/2011,4975,5000,4900,4925,9492500
10/03/2011,4925,4925,4875,4875,4719000
11/03/2011,4825,4850,4800,4825,7180500
14/03/2011,4825,4925,4800,4900,8165000
15/03/2011,4825,4900,4825,4900,10872000
16/03/2011,4900,5000,4875,4975,11767500
17/03/2011,4950,4950,4900,4900,6695500
18/03/2011,4925,4975,4850,4850,5300500
21/03/2011,4900,5000,4900,4950,9860000
22/03/2011,4950,4950,4950,4950,14174500
23/03/2011,4950,4950,4950,4950,0
24/03/2011,5100,5250,5100,5150,18845500
25/03/2011,5200,5250,5150,5200,20539000
28/03/2011,5150,5250,5150,5250,9488500
29/03/2011,5250,5250,5150,5200,7690500
30/03/2011,5250,5400,5200,5350,23342500
31/03/2011,5450,5450,5300,5400,19160000
01/04/2011,5450,5450,5300,5350,10471500
04/04/2011,5450,5450,5300,5300,7823000
05/04/2011,5300,5350,5200,5250,6836500
06/04/2011,5250,5350,5250,5350,3733000
07/04/2011,5400,5400,5300,5400,6554500
08/04/2011,5400,5450,5350,5350,11533000
11/04/2011,5350,5450,5300,5350,6880000
12/04/2011,5350,5400,5300,5400,7429000
13/04/2011,5300,5450,5300,5400,4968000
14/04/2011,5400,5400,5300,5300,6480500
15/04/2011,5350,5400,5350,5350,6450500
18/04/2011,5350,5400,5350,5400,2528500
19/04/2011,5350,5450,5300,5450,6481000
20/04/2011,5450,5600,5400,5600,26334500
21/04/2011,5600,5650,5550,5600,9898500
25/04/2011,5600,5600,5600,5600,2507500
26/04/2011,5600,5700,5600,5650,13701500
27/04/2011,5600,5600,5500,5600,14890500
28/04/2011,5600,5650,5550,5600,10622500
29/04/2011,5600,5600,5550,5550,6228500
02/05/2011,5550,5600,5500,5600,2415000
03/05/2011,5600,5600,5500,5500,4723500
04/05/2011,5500,5550,5450,5550,9713500
05/05/2011,5550,5750,5550,5600,18795500
06/05/2011,5600,5750,5600,5700,16041500
09/05/2011,5700,5750,5600,5600,3943000
10/05/2011,5600,5700,5600,5600,4009000
11/05/2011,5650,5750,5600,5650,13775500
12/05/2011,5650,5700,5550,5550,9132500
13/05/2011,5500,5700,5500,5650,8660500
16/05/2011,5600,5650,5550,5600,5498000
18/05/2011,5650,5700,5600,5700,6630500
19/05/2011,5700,5750,5600,5700,9328000
20/05/2011,5650,5700,5600,5650,10210500
23/05/2011,5600,5600,5250,5400,44739500
24/05/2011,5400,5400,5250,5300,22547000
25/05/2011,5300,5400,5250,5350,7301000
26/05/2011,5450,5450,5350,5450,6483500
27/05/2011,5450,5450,5350,5400,6639500
30/05/2011,5500,5500,5350,5350,6231500
31/05/2011,5450,5450,5300,5400,11160000
01/06/2011,5400,5450,5350,5450,10562500
03/06/2011,5450,5500,5400,5500,9190500
06/06/2011,5450,5450,5350,5400,4362000
07/06/2011,5350,5500,5350,5450,8566500
08/06/2011,5350,5500,5300,5300,14772500
09/06/2011,5250,5350,5200,5200,16552500
10/06/2011,5300,5350,5200,5200,16271500
13/06/2011,5200,5250,5150,5200,19272000
14/06/2011,5200,5350,5200,5300,7013000
15/06/2011,5350,5450,5350,5350,7406500
16/06/2011,5350,5400,5250,5300,6022500
17/06/2011,5300,5400,5200,5200,6927500
20/06/2011,5300,5400,5300,5350,4883000
21/06/2011,5450,5700,5400,5600,31903000
22/06/2011,5650,5700,5550,5600,16144000
23/06/2011,5600,5600,5500,5600,3735500
24/06/2011,5550,5700,5500,5600,7488000
27/06/2011,5550,5600,5500,5500,3927500
28/06/2011,5550,5650,5550,5600,5999000
30/06/2011,5700,5850,5650,5750,29156000
01/07/2011,5850,6000,5800,6000,21978000
04/07/2011,6000,6000,6000,6000,0
05/07/2011,6000,6000,5800,5800,13414000
06/07/2011,5850,5900,5700,5700,8728000
07/07/2011,5700,5850,5700,5800,10165000
08/07/2011,5800,5900,5800,5850,12043000
11/07/2011,5800,5900,5800,5900,12765500
12/07/2011,5800,5900,5800,5850,7645000
13/07/2011,5850,5900,5750,5800,10714000
14/07/2011,5850,5950,5850,5950,13151000
15/07/2011,5950,6000,5900,5950,11012500
18/07/2011,5950,6050,5950,6000,5471500
19/07/2011,6000,6000,5800,5900,20996500
20/07/2011,5950,5950,5900,5950,4298000
21/07/2011,5950,5950,5850,5900,10878000
22/07/2011,5900,6000,5900,6000,4621000
25/07/2011,6000,6050,5950,6050,13019000
26/07/2011,6100,6200,6050,6150,11950500
27/07/2011,6150,6200,6050,6100,9445000
28/07/2011,6050,6300,6050,6300,13717500
29/07/2011,6350,6500,6250,6350,13492000
01/08/2011,6400,6500,6350,6400,8771500
02/08/2011,6400,6450,6200,6300,11047000
03/08/2011,6200,6450,6150,6450,16920000
04/08/2011,6400,6700,6400,6500,17585000
05/08/2011,6250,6400,6000,6400,35947000
08/08/2011,6400,6400,6400,6400,29575000
09/08/2011,6000,6350,5850,6100,24003000
10/08/2011,6250,6400,6200,6350,25548000
11/08/2011,6300,6500,6250,6500,13160000
12/08/2011,6550,6600,6350,6450,11373500
15/08/2011,6500,6500,6350,6450,13897000
16/08/2011,6450,6450,6450,6450,19178000
18/08/2011,6400,6500,6350,6450,14829500
19/08/2011,6250,6300,6000,6100,23427000
22/08/2011,6100,6450,6000,6450,21657000
23/08/2011,6450,6800,6400,6750,25165500
24/08/2011,6750,6750,6450,6450,15181500
25/08/2011,6500,6600,6200,6200,7261000
26/08/2011,6100,6200,6050,6100,14825500
05/09/2011,6200,6250,5900,5950,14274000
06/09/2011,5800,6000,5800,5950,10314000
07/09/2011,5950,6050,5900,6000,23419500
08/09/2011,6000,6000,5750,5950,39848500
09/09/2011,5900,6000,5800,5900,29457500
12/09/2011,5800,5850,5700,5700,18672000
13/09/2011,5700,5800,5650,5700,21510500
14/09/2011,5750,5750,5450,5550,15079000
15/09/2011,5650,5650,5300,5450,24521500
16/09/2011,5600,5700,5450,5650,14744000
19/09/2011,5650,5650,5350,5400,9579500
20/09/2011,5300,5350,5100,5250,26098000
21/09/2011,5250,5250,4975,5000,26971000
22/09/2011,4850,4850,4350,4350,43965500
23/09/2011,4200,4600,4150,4600,34381000
26/09/2011,4600,4600,4300,4500,21086000
27/09/2011,4650,4775,4550,4700,50575000
28/09/2011,4700,4825,4650,4725,37922000
29/09/2011,4675,4875,4650,4850,28865000
30/09/2011,4800,5100,4800,5050,50834500
03/10/2011,4975,4975,4850,4875,21562000
04/10/2011,4750,4875,4575,4625,15197500
05/10/2011,4625,4800,4625,4650,20466500
06/10/2011,4775,4975,4750,4925,15711500
07/10/2011,5000,5150,4900,4925,10730500
10/10/2011,4925,4975,4825,4950,4334000
11/10/2011,5100,5200,5050,5150,12085500
12/10/2011,5150,5350,5100,5300,13410500
13/10/2011,5400,5650,5350,5550,22373500
14/10/2011,5600,5650,5500,5550,6733500
17/10/2011,5650,5700,5450,5550,11565000
18/10/2011,5400,5450,5150,5300,11934500
19/10/2011,5400,5550,5400,5550,6865500
20/10/2011,5600,5600,5300,5450,6231500
21/10/2011,5500,5550,5350,5450,5173000
24/10/2011,5600,5650,5500,5600,9549000
25/10/2011,5600,5650,5500,5600,9415500
26/10/2011,5550,5600,5500,5600,15848500
27/10/2011,5650,5700,5500,5650,25709000
28/10/2011,5700,5750,5300,5400,29879000
31/10/2011,5350,5350,5100,5250,23060000
01/11/2011,5100,5200,4975,5000,20035000
02/11/2011,4925,5250,4875,5250,15021500
03/11/2011,5100,5150,5000,5050,12903500
04/11/2011,5150,5250,5100,5150,13025000
07/11/2011,5150,5150,5050,5050,4837500
08/11/2011,5100,5150,5000,5050,15044500
09/11/2011,5100,5150,4975,5000,27426000
10/11/2011,4900,4925,4825,4875,35742500
11/11/2011,4875,4925,4875,4875,16049500
14/11/2011,4925,4975,4900,4925,21702000
15/11/2011,4925,4925,4875,4925,9149000
16/11/2011,4950,4950,4875,4950,11425500
17/11/2011,4900,4925,4875,4900,9678000
18/11/2011,4775,4875,4750,4775,19706500
21/11/2011,4775,4850,4700,4775,10928500
22/11/2011,4800,4850,4750,4800,15544500
23/11/2011,4725,4775,4725,4725,5678000
24/11/2011,4700,4750,4675,4700,10899500
25/11/2011,4675,4700,4625,4675,6334000
28/11/2011,4675,4750,4600,4675,8256500
29/11/2011,4675,4725,4650,4675,19059000
30/11/2011,4700,4775,4625,4700,22728000
01/12/2011,4700,4700,4700,4700,0
02/12/2011,4850,4875,4825,4850,7025000
05/12/2011,4850,4875,4800,4850,3926000
06/12/2011,4775,4850,4750,4775,8507500
07/12/2011,4825,4825,4775,4825,13763500
08/12/2011,4825,4825,4750,4825,5118000
09/12/2011,4750,4775,4700,4750,5431500
12/12/2011,4700,4800,4700,4700,8695500
13/12/2011,4625,4725,4575,4625,20060000
14/12/2011,4575,4625,4550,4575,10628000
15/12/2011,4550,4550,4500,4550,14484500
16/12/2011,4575,4625,4575,4575,20043500
19/12/2011,4575,4600,4550,4575,4445500
20/12/2011,4525,4600,4525,4525,8831500
21/12/2011,4650,4650,4550,4650,13105000
22/12/2011,4675,4675,4625,4675,11316000
23/12/2011,4725,4725,4650,4725,7235000
27/12/2011,4700,4750,4650,4700,7134000
28/12/2011,4650,4675,4600,4650,5222500
29/12/2011,4600,4675,4550,4600,10331000
30/12/2011,4600,4675,4600,4600,9631500
02/01/2012,4625,4625,4600,4625,3712500
03/01/2012,4725,4725,4600,4725,15057500
04/01/2012,4825,4875,4750,4825,26759500
05/01/2012,4800,4875,4775,4800,15259500
06/01/2012,4775,4825,4750,4775,5786000
09/01/2012,4800,4800,4725,4800,7546500
10/01/2012,4950,4975,4800,4950,27342000
11/01/2012,4900,4975,4875,4900,10939000
12/01/2012,4775,4900,4775,4775,10723000
13/01/2012,4800,4850,4750,4800,10548000
16/01/2012,4750,4775,4725,4750,5879000
17/01/2012,4775,4775,4725,4775,12471500
18/01/2012,4850,4850,4750,4850,10038000
19/01/2012,4850,4925,4800,4850,16490000
20/01/2012,4775,4900,4750,4775,10708000
24/01/2012,4850,4875,4800,4850,8323500
25/01/2012,4875,4875,4825,4875,4649500
26/01/2012,4875,4900,4850,4875,5486500
27/01/2012,4875,4900,4825,4875,3924000
30/01/2012,4875,4875,4875,4875,6392000
31/01/2012,4800,4850,4775,4800,11170500
01/02/2012,4850,4900,4825,4850,7099000
02/02/2012,4925,4950,4850,4925,21727000
03/02/2012,4925,4950,4875,4925,9600000
06/02/2012,4850,4975,4825,4850,12834000
07/02/2012,4850,4875,4825,4850,6782500
08/02/2012,5100,5100,4850,5100,33339000
09/02/2012,5150,5150,5000,5150,22922500
10/02/2012,4975,5150,4950,4975,17499000
13/02/2012,5000,5050,4950,5000,8554000
14/02/2012,5000,5000,4975,5000,6986000
15/02/2012,5000,5000,4950,5000,9435500
16/02/2012,4900,4975,4850,4900,8269000
17/02/2012,4850,4975,4825,4850,16469000
20/02/2012,4850,4875,4825,4850,7731500
21/02/2012,4900,4925,4850,4900,13420000
22/02/2012,4900,4925,4875,4900,10946000
23/02/2012,4875,4900,4850,4875,7068500
24/02/2012,4850,4900,4800,4850,10631000
27/02/2012,4850,4875,4800,4850,6351000
28/02/2012,4875,4925,4850,4875,7546000
29/02/2012,5100,5100,4900,5100,29306000
01/03/2012,5050,5100,5000,5050,6285500
02/03/2012,5150,5200,5050,5150,17561500
05/03/2012,5050,5150,5000,5050,5095000
06/03/2012,5050,5050,5050,5050,8517000
07/03/2012,5050,5050,5050,5050,7382500
08/03/2012,5100,5100,5000,5100,5181000
09/03/2012,5000,5000,4875,5000,7382500
12/03/2012,5100,5100,5000,5100,5314000
13/03/2012,5050,5100,4975,5050,13103500
14/03/2012,5000,5100,4975,5000,20460500
15/03/2012,4975,5050,4950,4975,8785500
16/03/2012,4925,5000,4925,4925,8118000
19/03/2012,4900,4975,4875,4900,7325500
20/03/2012,4875,4925,4825,4875,10785500
21/03/2012,4875,4900,4825,4875,17321500
22/03/2012,4825,4875,4825,4825,11529500
26/03/2012,4825,4900,4800,4825,8845000
27/03/2012,4850,4875,4825,4850,14545000
28/03/2012,4825,4850,4825,4825,13289000
29/03/2012,4800,4850,4750,4800,27757000
30/03/2012,4850,4850,4775,4850,23284000
02/04/2012,4850,4900,4825,4850,23992000
03/04/2012,4850,4850,4850,4850,0
04/04/2012,4775,4825,4750,4775,29790000
05/04/2012,4750,4800,4725,4750,32005000
09/04/2012,4750,4775,4725,4750,6995500
10/04/2012,4775,4800,4725,4775,8048000
11/04/2012,4775,4800,4725,4775,13775000
12/04/2012,4725,4800,4675,4725,17327500
13/04/2012,4750,4775,4725,4750,8318000
16/04/2012,4675,4725,4650,4675,25978000
17/04/2012,4650,4700,4625,4650,17404000
18/04/2012,4650,4675,4625,4650,16392000
19/04/2012,4625,4625,4575,4625,10074500
20/04/2012,4700,4700,4600,4700,12900500
23/04/2012,4675,4725,4650,4675,14537000
24/04/2012,4725,4725,4675,4725,5045000
25/04/2012,4775,4775,4700,4775,9387000
26/04/2012,4775,4800,4750,4775,6812000
27/04/2012,4700,4775,4675,4700,9971500
30/04/2012,4850,4850,4725,4850,24712500
01/05/2012,4850,4850,4850,4850,5806000
02/05/2012,4850,4850,4800,4850,5806000
03/05/2012,4800,4825,4775,4800,11862500
04/05/2012,4800,4825,4775,4800,5611500
07/05/2012,4775,4775,4725,4775,8598500
08/05/2012,4900,4900,4800,4900,23115000
09/05/2012,4825,4875,4800,4825,11294000
10/05/2012,4875,4900,4825,4875,11489000
11/05/2012,4900,4900,4825,4900,11651000
14/05/2012,4875,4900,4850,4875,9531000
15/05/2012,4875,4900,4800,4875,9864500
16/05/2012,4825,4875,4750,4825,9338000
21/05/2012,4725,4850,4675,4725,13853000
22/05/2012,4725,4775,4700,4725,14811000
23/05/2012,4775,4800,4650,4775,10939500
24/05/2012,4775,4825,4750,4775,8612000
25/05/2012,4725,4800,4725,4725,9562000
28/05/2012,4775,4800,4675,4775,5000000
29/05/2012,4800,4825,4750,4800,6795000
30/05/2012,4825,4825,4750,4825,11648500
31/05/2012,4725,4750,4625,4725,21710500
01/06/2012,4675,4725,4625,4675,6770500
04/06/2012,4400,4650,4400,4400,7505000
05/06/2012,4500,4525,4450,4500,8578500
06/06/2012,4600,4625,4500,4600,6529000
07/06/2012,4700,4700,4625,4700,11681000
08/06/2012,4700,4725,4625,4700,5106500
11/06/2012,4825,4850,4650,4825,6137500
12/06/2012,4800,4825,4750,4800,5801000
13/06/2012,4850,4875,4800,4850,6881000
14/06/2012,4750,4850,4725,4750,3104000
15/06/2012,4775,4825,4700,4775,8759000
18/06/2012,4775,4775,4775,4775,10602500
19/06/2012,4750,4775,4725,4750,5771000
20/06/2012,4850,4850,4750,4850,9761000
21/06/2012,4825,4825,4775,4825,5860000
22/06/2012,4825,4825,4750,4825,3973000
25/06/2012,4825,4825,4825,4825,1094000
26/06/2012,4775,4825,4775,4825,3604000
27/06/2012,4825,4850,4800,4825,6120000
28/06/2012,4825,4850,4750,4800,5720500
29/06/2012,4800,4875,4800,4850,9309500
02/07/2012,4850,4875,4825,4850,2921000
03/07/2012,4925,4925,4875,4925,7980000
04/07/2012,5000,5100,4925,5000,46492500
05/07/2012,5200,5250,5000,5200,30796500
06/07/2012,5250,5300,5200,5250,17049500
09/07/2012,5200,5250,5100,5200,10638000
10/07/2012,5400,5450,5250,5400,35486500
11/07/2012,5600,5650,5400,5600,44245000
12/07/2012,5500,5600,5500,5500,19148500
13/07/2012,5550,5550,5450,5550,9910000
16/07/2012,5500,5600,5400,5500,12435000
17/07/2012,5400,5550,5350,5400,18554500
18/07/2012,5300,5350,5250,5300,13078000
19/07/2012,5400,5400,5200,5400,14817500
20/07/2012,5400,5400,5300,5400,7926500
23/07/2012,5350,5350,5250,5350,13351500
24/07/2012,5400,5400,5300,5400,13220500
25/07/2012,5400,5450,5350,5400,20948000
26/07/2012,5400,5400,5350,5400,3297000
27/07/2012,5350,5450,5350,5350,14581000
30/07/2012,5400,5450,5350,5400,9017000
31/07/2012,5400,5450,5350,5400,14030000
01/08/2012,5400,5450,5350,5400,14350500
02/08/2012,5350,5450,5350,5350,5835000
03/08/2012,5400,5450,5300,5400,6059500
06/08/2012,5450,5500,5400,5450,5235000
07/08/2012,5450,5450,5350,5450,8641500
08/08/2012,5350,5450,5300,5350,9414500
09/08/2012,5350,5400,5300,5350,6697500
10/08/2012,5350,5400,5300,5350,10039500
13/08/2012,5250,5350,5200,5250,8293000
14/08/2012,5200,5300,5150,5200,7092000
15/08/2012,5200,5250,5150,5200,12092500
16/08/2012,5150,5200,5100,5150,9643000
23/08/2012,5300,5350,5250,5300,24321000
24/08/2012,5350,5400,5250,5350,6133000
27/08/2012,5350,5450,5300,5350,3058500
28/08/2012,5400,5450,5300,5400,14562000
29/08/2012,5450,5500,5350,5450,28933500
30/08/2012,5400,5450,5300,5400,10378000
31/08/2012,5400,5450,5350,5400,13936000
03/09/2012,5400,5400,5350,5400,5604500
04/09/2012,5400,5400,5350,5400,2804000
05/09/2012,5400,5450,5350,5400,11502500
06/09/2012,5400,5400,5350,5400,3479500
07/09/2012,5400,5450,5350,5400,4243000
10/09/2012,5400,5450,5350,5400,6682500
11/09/2012,5400,5450,5350,5400,7202000
12/09/2012,5400,5450,5350,5400,12107500
13/09/2012,5450,5550,5350,5450,29761000
14/09/2012,5500,5550,5450,5500,18054000
17/09/2012,5500,5500,5400,5500,10758500
18/09/2012,5450,5500,5400,5450,5117000
19/09/2012,5500,5550,5350,5500,10954500
20/09/2012,5500,5500,5400,5500,8944000
21/09/2012,5500,5550,5400,5500,11362000
24/09/2012,5400,5500,5350,5400,7826500
25/09/2012,5500,5500,5350,5500,11087500
26/09/2012,5400,5500,5300,5400,12544000
27/09/2012,5500,5500,5350,5500,5821500
28/09/2012,5650,5650,5500,5650,26427500
01/10/2012,5600,5650,5550,5600,16000500
02/10/2012,5650,5700,5600,5650,12857500
03/10/2012,5700,5800,5650,5700,32876500
04/10/2012,5750,5800,5650,5750,24668500
05/10/2012,5800,5800,5700,5800,16383000
08/10/2012,5700,5800,5650,5700,20484500
09/10/2012,5800,5800,5700,5800,16274000
10/10/2012,5800,5800,5700,5800,6086500
11/10/2012,5750,5800,5700,5750,17042500
12/10/2012,5750,5800,5750,5750,3865000
15/10/2012,5800,5800,5700,5800,10470500
16/10/2012,5950,5950,5700,5950,24178000
17/10/2012,5950,5950,5800,5950,12834000
18/10/2012,6150,6150,5950,6150,21839000
19/10/2012,6200,6200,6000,6200,16782500
22/10/2012,6150,6150,6050,6150,4460000
23/10/2012,6000,6150,5950,6000,6330000
24/10/2012,6000,6050,5950,6000,10274000
25/10/2012,6000,6050,5950,6000,7787500
29/10/2012,5950,6000,5850,5950,6927500
30/10/2012,5800,5900,5700,5800,16232500
31/10/2012,5700,5800,5650,5700,8502000
01/11/2012,5700,5700,5650,5700,7378500
02/11/2012,5800,5800,5700,5800,8021000
05/11/2012,5850,5850,5700,5850,7899500
06/11/2012,5800,5900,5750,5800,9936500
07/11/2012,5800,5850,5750,5800,7029500
08/11/2012,5800,5900,5700,5800,11195500
09/11/2012,5900,5900,5800,5900,5045500
12/11/2012,5800,5850,5700,5800,6773000
13/11/2012,5800,5850,5700,5800,5960000
14/11/2012,5700,5800,5650,5700,11666500
19/11/2012,5600,5750,5550,5600,17180500
20/11/2012,5550,5700,5550,5550,8725000
21/11/2012,5550,5600,5500,5550,10959000
22/11/2012,5750,5800,5500,5750,7552000
23/11/2012,5850,5850,5750,5850,2558500
26/11/2012,5850,5850,5750,5850,7299500
27/11/2012,5650,5850,5600,5650,10963500
28/11/2012,5700,5700,5600,5700,8196500
29/11/2012,5800,5800,5650,5800,6839000
30/11/2012,5850,5850,5750,5850,10219000
03/12/2012,5900,5900,5750,5900,5227000
04/12/2012,6000,6000,5800,6000,18200000
05/12/2012,5900,6100,5800,5900,8228500
06/12/2012,5950,6000,5850,5950,5447500
07/12/2012,5900,5950,5800,5900,8832500
10/12/2012,6000,6000,5850,6000,10034000
11/12/2012,6100,6100,5900,6100,11121000
12/12/2012,6150,6150,6000,6150,13094500
13/12/2012,6200,6200,6000,6200,9003500
14/12/2012,6050,6100,5950,6050,7103500
17/12/2012,5850,6000,5800,5850,10802500
18/12/2012,5700,5900,5600,5700,16485000
19/12/2012,5550,5700,5500,5550,28593000
20/12/2012,5550,5600,5450,5550,12253500
21/12/2012,5600,5750,5550,5600,18067500
26/12/2012,5750,5750,5550,5750,8903500
27/12/2012,5850,5850,5700,5850,11255000
28/12/2012,5850,5950,5800,5850,12856000
02/01/2013,5800,5900,5750,5800,8213000
03/01/2013,5850,5900,5800,5850,11989000
04/01/2013,5950,5950,5800,5950,9410000
07/01/2013,5850,5950,5850,5850,10864000
08/01/2013,6000,6050,5850,6000,22112500
09/01/2013,6000,6150,6000,6000,39449000
10/01/2013,5900,6050,5850,5900,8528000
11/01/2013,5900,6000,5900,5900,5664500
14/01/2013,6050,6050,5900,6050,17039000
15/01/2013,6050,6100,6000,6050,8195500
16/01/2013,6150,6150,6000,6150,21349000
17/01/2013,6100,6150,6000,6100,18982500
18/01/2013,5950,6100,5900,5950,20349500
21/01/2013,6000,6000,5900,6000,8740500
22/01/2013,6000,6000,6000,6000,0
23/01/2013,6050,6050,5850,6050,14942500
25/01/2013,6000,6100,5950,6000,25263000
28/01/2013,6050,6050,5950,6050,12555500
29/01/2013,6100,6150,6000,6100,18310000
30/01/2013,6100,6200,6050,6100,24002500
31/01/2013,6050,6100,5950,6050,18787500
01/02/2013,5950,6150,5950,5950,21714500
04/02/2013,6050,6050,5950,6050,13001000
05/02/2013,6050,6150,6050,6050,20459000
06/02/2013,6350,6400,6150,6350,37863500
07/02/2013,6550,6600,6350,6550,27475500
08/02/2013,6600,6600,6500,6600,16087500
11/02/2013,6700,6700,6550,6700,7072500
12/02/2013,6700,6750,6550,6700,7066000
13/02/2013,6550,6800,6450,6550,12751000
14/02/2013,6600,6650,6550,6600,7662500
15/02/2013,6700,6700,6500,6700,13833000
18/02/2013,6600,6700,6600,6600,7726500
19/02/2013,6600,6650,6450,6600,8235500
20/02/2013,6650,6650,6500,6650,11513000
21/02/2013,6950,6950,6550,6950,17185500
22/02/2013,6800,6950,6700,6800,8294000
25/02/2013,6850,6850,6700,6850,9148500
26/02/2013,6900,7000,6750,6900,8396500
27/02/2013,7100,7100,6900,7100,9900500
28/02/2013,7300,7300,7050,7300,12868000
01/03/2013,7400,7600,7300,7400,8649000
04/03/2013,7300,7400,7100,7300,16621500
05/03/2013,7350,7450,7200,7350,8192000
06/03/2013,7850,7900,7350,7850,15989500
07/03/2013,7850,7850,7500,7850,14966500
08/03/2013,7700,8000,7700,7700,9076000
11/03/2013,7800,7850,7650,7800,6448500
13/03/2013,7750,7850,7550,7750,15057000
14/03/2013,7550,7600,7400,7400,17649000
15/03/2013,7400,7550,7250,7250,18029000
18/03/2013,7300,7550,7250,7500,10603000
19/03/2013,7550,7550,7400,7400,14892500
20/03/2013,7400,7500,7300,7450,16897000
21/03/2013,7300,7450,7250,7350,14044000
22/03/2013,7350,7400,7200,7200,21529000
25/03/2013,7300,7400,7250,7350,13956000
26/03/2013,7350,7450,7200,7350,12292000
27/03/2013,7250,7550,7250,7550,15706000
28/03/2013,7550,7600,7450,7450,13673500
01/04/2013,7400,7550,7400,7450,4087000
02/04/2013,7450,7500,7400,7450,9709000
03/04/2013,7450,7550,7450,7550,10214500
04/04/2013,7550,7550,7400,7450,15463500
05/04/2013,7500,7500,7300,7300,18868500
08/04/2013,7300,7300,7200,7250,14877000
09/04/2013,7300,7500,7250,7500,10530000
10/04/2013,7450,7500,7350,7500,5835000
11/04/2013,7400,7500,7350,7500,5284000
12/04/2013,7400,7500,7350,7400,6107000
15/04/2013,7350,7500,7300,7400,8328500
16/04/2013,7300,7500,7300,7450,5208000
17/04/2013,7500,7550,7450,7500,7328000
18/04/2013,7550,7550,7450,7500,5452500
19/04/2013,7450,7500,7350,7400,7378000
22/04/2013,7450,7450,7350,7350,3518000
23/04/2013,7450,7500,7350,7500,8858000
24/04/2013,7550,7550,7450,7550,12782000
25/04/2013,7550,7600,7450,7550,10706000
26/04/2013,7550,7550,7350,7500,11141500
29/04/2013,7450,7450,7400,7450,6173000
30/04/2013,7350,7400,7250,7350,23241000
01/05/2013,7300,7400,7250,7400,7377000
02/05/2013,7400,7400,7300,7350,9517500
03/05/2013,7350,7350,7150,7250,12548500
06/05/2013,7250,7450,7250,7400,5868000
07/05/2013,7300,7400,7300,7300,7303500
08/05/2013,7400,7400,7300,7350,10360000
10/05/2013,7250,7300,7100,7200,16459000
13/05/2013,7250,7250,7050,7050,20167000
14/05/2013,7050,7250,7000,7250,12537500
15/05/2013,7250,7300,7200,7250,8118500
16/05/2013,7350,7500,7250,7400,22907000
17/05/2013,7450,7500,7400,7450,11804500
20/05/2013,7450,7800,7450,7800,49707500
21/05/2013,7800,7850,7600,7600,9608000
22/05/2013,7550,7650,7400,7650,15397500
23/05/2013,7550,7550,7400,7550,19406500
24/05/2013,7450,7550,7400,7500,8245500
27/05/2013,7400,7450,7300,7300,12797500
28/05/2013,7200,7500,7200,7450,13120000
29/05/2013,7450,7500,7350,7350,12682500
30/05/2013,7350,7400,7250,7350,12595000
31/05/2013,7400,7550,7300,7350,17569000
03/06/2013,7200,7400,7100,7350,10287500
04/06/2013,7300,7450,7250,7350,9414000
05/06/2013,7300,7350,7250,7250,5462500
07/06/2013,7200,7250,7050,7050,18064500
10/06/2013,7200,7200,6700,6700,15224500
11/06/2013,6600,6700,6200,6350,19625500
12/06/2013,6300,7150,6150,6900,11438000
13/06/2013,6800,7150,6500,6800,20042000
14/06/2013,7000,7050,6850,6900,16152500
17/06/2013,6900,6950,6700,6850,10230500
18/06/2013,6900,6950,6550,6650,20225500
19/06/2013,6750,6800,6500,6550,10154500
20/06/2013,6500,6550,6400,6450,13727000
21/06/2013,6400,6650,6250,6300,22157500
24/06/2013,6200,6550,6200,6350,4956500
25/06/2013,6500,6650,6200,6350,13588000
26/06/2013,6500,6900,6500,6900,14187500
27/06/2013,7050,7150,6850,7050,18381500
28/06/2013,7200,7400,7150,7350,21276500
01/07/2013,7350,7400,6850,6850,8128000
02/07/2013,7000,7100,6950,7000,11343500
03/07/2013,6950,7200,6900,7200,13511000
04/07/2013,7150,7200,7000,7050,6680000
05/07/2013,7100,7300,7050,7050,8034000
08/07/2013,7050,7050,6600,6600,10572000
09/07/2013,6700,6750,6450,6550,11625000
10/07/2013,6650,6850,6600,6850,4793000
11/07/2013,6850,7050,6850,7000,16695500
12/07/2013,7100,7200,6900,7050,9272000
15/07/2013,7100,7150,7000,7150,4454500
16/07/2013,7100,7200,7050,7100,5542500
17/07/2013,7200,7300,7100,7250,7999500
18/07/2013,7150,7200,7050,7200,8443500
19/07/2013,7200,7300,7100,7300,5363500
22/07/2013,7250,7250,7100,7100,2469500
23/07/2013,7100,7200,7050,7100,6292000
24/07/2013,7100,7150,6650,6700,16952500
25/07/2013,6650,6850,6650,6700,7755500
26/07/2013,6700,6800,6700,6700,5489500
29/07/2013,6700,6800,6650,6700,3862500
30/07/2013,6800,6850,6750,6850,4222500
31/07/2013,6850,6850,6500,6500,14783500
01/08/2013,6700,6800,6600,6750,5392500
02/08/2013,6850,6850,6700,6800,5087500
12/08/2013,6950,7050,6750,6750,10144000
13/08/2013,6750,6900,6750,6900,3463500
14/08/2013,6950,7000,6850,6950,3427500
15/08/2013,6850,6900,6800,6850,3972500
16/08/2013,6800,6800,6600,6700,6452500
19/08/2013,6850,6850,6300,6350,7268000
20/08/2013,6200,6400,5850,6150,15634000
21/08/2013,6100,6300,6000,6050,10764000
22/08/2013,6000,6600,5900,6200,15810500
23/08/2013,6200,6450,6150,6250,9644500
26/08/2013,6250,6600,5850,5900,18446500
27/08/2013,5900,5950,5700,5800,12386500
28/08/2013,5750,5750,5350,5750,20462500
29/08/2013,5800,6200,5600,6200,12721500
30/08/2013,6200,6500,6100,6500,11094000
02/09/2013,6450,6450,5750,5900,16353500
03/09/2013,5800,6000,5800,5900,10314500
04/09/2013,5950,5950,5800,5950,4609500
05/09/2013,6000,6100,5900,6000,7961500
06/09/2013,5850,6100,5850,5950,6613000
09/09/2013,6100,6400,6050,6350,10925500
10/09/2013,6400,6650,6400,6650,11932000
11/09/2013,6700,6800,6550,6650,9935500
12/09/2013,6600,6600,6450,6550,4210000
13/09/2013,6600,6650,6450,6500,6979500
16/09/2013,6600,6750,6600,6750,8585500
17/09/2013,6750,6900,6700,6850,12864000
18/09/2013,6850,6850,6650,6700,3902000
19/09/2013,7000,7200,6850,6850,14916500
20/09/2013,6750,6950,6750,6950,4129000
23/09/2013,6800,6950,6700,6950,5440000
24/09/2013,6950,7000,6600,6700,6886500
25/09/2013,6450,6750,6450,6750,5206000
26/09/2013,6700,7000,6650,6800,11789000
27/09/2013,6950,7100,6950,7050,12061500
30/09/2013,7100,7100,6950,7050,18861000
01/10/2013,7000,7000,6900,7000,4268000
02/10/2013,6900,7000,6900,6950,5964000
03/10/2013,6950,6950,6850,6900,1584500
04/10/2013,6900,6900,6700,6700,2520500
07/10/2013,6800,6900,6700,6750,6060000
08/10/2013,6700,6850,6650,6700,10837500
09/10/2013,6650,6800,6650,6700,7175000
10/10/2013,6800,6800,6600,6700,17313500
11/10/2013,6750,7000,6750,7000,15534000
16/10/2013,6900,7000,6850,6950,16115000
17/10/2013,7000,7100,6900,7100,18284000
18/10/2013,7150,7200,6950,7100,13971000
21/10/2013,7150,7250,7050,7250,13004000
22/10/2013,7150,7250,7050,7150,11154500
23/10/2013,7200,7400,7100,7400,34939000
24/10/2013,7250,7450,7250,7400,14122000
25/10/2013,7350,7450,7350,7400,5162000
28/10/2013,7300,7450,7250,7450,11350000
29/10/2013,7300,7400,7200,7300,16013500
30/10/2013,7250,7250,6850,6950,22185000
31/10/2013,6900,6900,6600,6650,23701500
01/11/2013,6600,6750,6500,6500,11625500
04/11/2013,6600,6600,6450,6550,6731000
06/11/2013,6500,6650,6500,6650,9873500
07/11/2013,6650,6800,6650,6750,13678500
08/11/2013,6750,6750,6600,6700,6494000
11/11/2013,6650,6700,6500,6500,9967000
12/11/2013,6550,6550,6250,6250,14720000
13/11/2013,6200,6450,6200,6450,18347000
14/11/2013,6500,6650,6500,6550,6994000
15/11/2013,6650,6650,6500,6600,5620000
18/11/2013,6550,6700,6550,6700,5620500
19/11/2013,6800,6800,6700,6750,10889000
20/11/2013,6850,6850,6650,6750,5968500
21/11/2013,6650,6700,6550,6650,10070500
22/11/2013,6650,6700,6550,6600,4024000
25/11/2013,6600,6600,6500,6500,2267500
26/11/2013,6500,6650,6400,6650,15957000
27/11/2013,6700,6700,6550,6700,6623000
28/11/2013,6750,6750,6600,6650,3336000
29/11/2013,6650,6650,6600,6650,2760500
02/12/2013,6700,6700,6550,6700,5287500
03/12/2013,6650,6750,6550,6650,6254500
04/12/2013,6650,6650,6550,6600,7497500
05/12/2013,6650,6650,6450,6500,7298000
06/12/2013,6400,6600,6250,6500,6708500
09/12/2013,6500,6800,6500,6700,9281000
10/12/2013,6700,6850,6650,6800,13453500
11/12/2013,6700,6800,6550,6700,9176000
12/12/2013,6500,6600,6500,6500,8460500
13/12/2013,6600,6650,6450,6600,7856500
16/12/2013,6500,6600,6400,6500,10101500
17/12/2013,6400,6650,6400,6600,10414000
18/12/2013,6500,6650,6500,6600,16416500
19/12/2013,6600,6700,6550,6550,12610500
20/12/2013,6650,6650,6450,6450,6246000
23/12/2013,6450,6500,6400,6450,3206500
24/12/2013,6500,6500,6450,6500,1000000
27/12/2013,6650,6650,6450,6450,5641000
30/12/2013,6550,6600,6450,6600,5978000
02/01/2014,6650,6700,6600,6700,1940000
03/01/2014,6600,6750,6550,6700,6471000
06/01/2014,6600,6700,6600,6675,3571300
07/01/2014,6600,6700,6600,6625,5572200
08/01/2014,6600,6725,6550,6700,6745300
09/01/2014,6600,6650,6575,6575,6128600
10/01/2014,6550,6725,6550,6675,7651400
13/01/2014,6725,6775,6675,6725,11008500
15/01/2014,6725,6775,6650,6675,10759300
16/01/2014,6700,6825,6675,6725,8321400
17/01/2014,6675,6700,6625,6675,6225500
20/01/2014,6675,6750,6650,6750,2849500
21/01/2014,6750,6800,6750,6775,5653700
22/01/2014,6800,7175,6750,7175,33180900
23/01/2014,7200,7350,7175,7275,23596100
24/01/2014,7275,7300,7225,7275,11041400
27/01/2014,6850,7025,6850,6950,8042800
28/01/2014,6950,7075,6925,6950,8509500
29/01/2014,6925,7050,6925,6925,10223800
30/01/2014,6850,6975,6800,6975,6115700
03/02/2014,6975,6975,6850,6925,3630500
04/02/2014,6825,6925,6825,6825,6228600
05/02/2014,6825,6925,6825,6875,3761600
06/02/2014,6900,7050,6900,7025,8175500
07/02/2014,7075,7125,7050,7050,5762300
10/02/2014,7050,7100,6975,7050,6808200
11/02/2014,7000,7050,6900,6900,6698800
12/02/2014,6950,7025,6950,7000,7176500
13/02/2014,6950,7025,6950,6975,5190700
14/02/2014,7025,7025,6975,7000,2213900
17/02/2014,7025,7075,7000,7025,5322700
18/02/2014,7050,7050,6975,7000,1814000
19/02/2014,7000,7025,6950,7000,8366500
20/02/2014,6950,7000,6925,7000,8700400
21/02/2014,7050,7075,6975,7050,5059300
24/02/2014,7000,7075,6975,6975,4710200
25/02/2014,7000,7050,6925,6975,5566600
26/02/2014,7000,7000,6925,6950,9550300
27/02/2014,6925,7025,6900,7025,4008600
28/02/2014,7050,7175,7025,7175,34222800
03/03/2014,7100,7150,7075,7150,7955600
04/03/2014,7150,7175,7075,7125,9724800
05/03/2014,7100,7225,7100,7225,19835800
06/03/2014,7250,7400,7200,7400,20671000
07/03/2014,7325,7450,7325,7425,11366500
10/03/2014,7425,7425,7350,7400,6726900
11/03/2014,7300,7500,7275,7500,19553000
12/03/2014,7300,7600,7300,7550,11699000
13/03/2014,7575,7700,7525,7700,19130500
14/03/2014,7525,7750,7500,7750,10767900
17/03/2014,7750,7750,7750,7750,11899600
18/03/2014,7600,7675,7400,7500,9165600
19/03/2014,7500,7550,7400,7475,11627200
20/03/2014,7350,7425,7150,7225,16617900
21/03/2014,7225,7325,7200,7325,9641400
24/03/2014,7300,7300,7050,7050,10399800
25/03/2014,7025,7050,6900,7025,11650700
26/03/2014,7050,7175,7050,7075,13924900
27/03/2014,7050,7275,7050,7250,12347400
28/03/2014,7275,7325,7200,7300,13483800
01/04/2014,7350,7425,7325,7425,18165200
02/04/2014,7425,7475,7350,7400,13399700
03/04/2014,7450,7450,7250,7300,11014300
04/04/2014,7275,7300,7125,7150,13450000
07/04/2014,7100,7275,7100,7225,9005200
08/04/2014,7225,7275,7100,7175,11591600
09/04/2014,7175,7175,7175,7175,0
10/04/2014,7150,7150,6925,7025,19043000
11/04/2014,6950,7200,6950,7200,6818900
14/04/2014,7200,7225,7150,7225,4566400
15/04/2014,7275,7300,7150,7150,5664200
16/04/2014,7150,7250,7025,7050,19566400
17/04/2014,7100,7200,7050,7200,6386300
21/04/2014,7250,7250,7150,7175,4496200
22/04/2014,7200,7225,7125,7225,5440700
23/04/2014,7225,7250,7150,7150,5534300
24/04/2014,7175,7200,7100,7200,7079600
25/04/2014,7125,7200,7125,7150,6367300
28/04/2014,7125,7200,7000,7000,16204400
29/04/2014,7000,7050,6900,7025,10008400
30/04/2014,7100,7175,7025,7050,15409100
02/05/2014,7100,7150,7025,7050,4726700
05/05/2014,7100,7125,7025,7025,4341800
06/05/2014,7050,7100,7025,7025,3317300
07/05/2014,7000,7100,7000,7025,10866500
08/05/2014,7050,7075,7025,7025,11869700
09/05/2014,7050,7050,7025,7050,4762800
12/05/2014,7050,7125,7050,7075,10655400
13/05/2014,7075,7125,7025,7050,11340800
14/05/2014,7125,7125,7050,7050,18141400
16/05/2014,7050,7100,7025,7100,18877900
19/05/2014,7025,7150,7000,7025,22556200
20/05/2014,6775,7050,6725,6775,26241900
21/05/2014,6750,6825,6725,6750,18794300
22/05/2014,6775,6875,6725,6775,21590400
23/05/2014,6700,6800,6700,6700,22583400
26/05/2014,6775,6775,6725,6775,6575700
28/05/2014,6800,6825,6725,6800,10813200
30/05/2014,6825,6850,6725,6825,16233500
02/06/2014,6875,6875,6750,6875,10109800
03/06/2014,6950,6950,6825,6950,9861700
04/06/2014,6900,6950,6875,6900,7472000
05/06/2014,6925,6925,6825,6850,8278100
06/06/2014,6800,6875,6800,6800,9328800
09/06/2014,6800,6850,6750,6800,6422900
10/06/2014,6850,6850,6750,6850,11451600
11/06/2014,6900,6900,6825,6900,7756100
12/06/2014,6875,6925,6850,6875,5955900
13/06/2014,6875,6900,6825,6875,5418800
16/06/2014,6800,6900,6800,6800,7481800
17/06/2014,6825,6850,6775,6825,4563200
18/06/2014,6825,6850,6750,6825,8430800
19/06/2014,6825,6825,6775,6825,9206100
20/06/2014,6825,6850,6775,6825,10185200
23/06/2014,6825,6825,6800,6825,1872800
24/06/2014,6825,6850,6800,6825,5846800
25/06/2014,6775,6825,6775,6775,6488600
26/06/2014,6825,6825,6750,6825,7647600
27/06/2014,6800,6850,6725,6800,6838800
30/06/2014,6700,6825,6700,6700,17129600
01/07/2014,6750,6775,6700,6750,4915700
02/07/2014,6825,6825,6725,6825,5126800
03/07/2014,6825,6850,6800,6825,4123800
04/07/2014,6800,6850,6800,6800,4543600
07/07/2014,6900,6925,6800,6900,11264000
08/07/2014,6900,6975,6875,6900,14840000
09/07/2014,6900,6900,6900,6900,0
10/07/2014,7075,7150,6900,7075,29977800
11/07/2014,7100,7150,7025,7100,20559500
14/07/2014,7050,7125,7025,7050,10301700
15/07/2014,7050,7075,7000,7050,8744300
16/07/2014,7075,7100,6950,7075,17407500
17/07/2014,6975,7100,6950,6975,10091100
18/07/2014,7075,7075,6900,7075,7895100
21/07/2014,7050,7100,7050,7050,6633100
22/07/2014,7000,7100,6925,7000,15215500
23/07/2014,7050,7100,6975,7050,7495200
24/07/2014,7075,7100,7050,7075,6567500
25/07/2014,7075,7100,7025,7075,7128700
04/08/2014,7175,7175,6950,7175,9912900
05/08/2014,7075,7200,7050,7075,7309800
06/08/2014,7050,7050,6975,7050,7144800
07/08/2014,7000,7050,6925,7000,8834700
08/08/2014,6975,7000,6950,6975,4590000
11/08/2014,7075,7075,7000,7075,5624100
12/08/2014,7100,7100,7025,7100,5157500
13/08/2014,7125,7125,7075,7125,6771600
14/08/2014,7150,7150,7075,7150,5091300
15/08/2014,7100,7150,7075,7100,2613100
18/08/2014,7125,7125,7075,7125,5302800
19/08/2014,7000,7125,7000,7000,6954800
20/08/2014,7075,7075,7000,7075,4337600
21/08/2014,7125,7125,6975,7125,7370800
22/08/2014,7100,7125,7025,7100,4190800
25/08/2014,7075,7100,7025,7075,3818600
26/08/2014,7000,7050,6950,7000,15680300
27/08/2014,6950,7025,6950,6950,16168100
28/08/2014,6950,7025,6950,6950,14768300
29/08/2014,6875,7050,6875,6875,10824700
01/09/2014,7025,7025,6925,7025,10715800
02/09/2014,7025,7050,7000,7025,5669400
03/09/2014,7075,7075,7025,7075,4708300
04/09/2014,7025,7100,7025,7025,6623100
05/09/2014,6975,7050,6975,6975,12305000
08/09/2014,7000,7075,7000,7000,9283600
09/09/2014,7000,7050,6950,7000,9626300
10/09/2014,6950,7025,6925,6950,10907600
11/09/2014,6950,7000,6925,6950,7303500
12/09/2014,7050,7050,6850,7050,11857200
15/09/2014,7025,7050,6975,7025,4874300
16/09/2014,6975,7075,6950,6975,7087400
17/09/2014,7075,7075,7000,7075,10596900
18/09/2014,7100,7100,7000,7100,5473600
19/09/2014,7100,7125,7025,7100,8997000
22/09/2014,7125,7125,7025,7125,6357700
23/09/2014,7025,7100,7025,7025,6589100
24/09/2014,7050,7100,7025,7050,6486700
25/09/2014,6925,7100,6925,6925,12797900
26/09/2014,6950,6950,6825,6950,10025500
29/09/2014,6975,7025,6875,6975,7348700
30/09/2014,7000,7000,6900,7000,6819500
01/10/2014,6975,7025,6925,6975,4457600
02/10/2014,6825,6950,6825,6825,16099200
03/10/2014,6775,6875,6725,6775,5430900
06/10/2014,6775,6850,6725,6775,3012000
07/10/2014,6875,6875,6725,6875,3173200
08/10/2014,6725,6800,6725,6725,6751700
09/10/2014,6775,6850,6750,6775,3673800
10/10/2014,6850,6850,6750,6850,4171600
13/10/2014,6800,6875,6800,6800,3806000
14/10/2014,6950,6975,6800,6950,9111500
15/10/2014,7000,7000,6925,7000,5957200
16/10/2014,6825,6975,6825,6825,5066800
17/10/2014,6975,6975,6825,6975,8270300
20/10/2014,6900,7000,6900,6900,4876000
21/10/2014,6800,6950,6800,6800,6457400
22/10/2014,6775,6875,6775,6775,4102800
23/10/2014,6750,6800,6725,6750,8743500
24/10/2014,6650,6725,6650,6650,7703200
27/10/2014,6475,6700,6425,6475,13649500
28/10/2014,6400,6500,6375,6400,8467100
29/10/2014,6575,6600,6425,6575,12153900
30/10/2014,6600,6600,6500,6600,7837800
31/10/2014,6825,6825,6625,6825,22243400
03/11/2014,6850,6850,6750,6850,15442200
04/11/2014,6725,6900,6725,6725,8101000
05/11/2014,6625,6825,6600,6625,8854700
06/11/2014,6500,6700,6500,6500,12281700
07/11/2014,6450,6550,6400,6450,14375700
10/11/2014,6425,6525,6425,6425,8368400
11/11/2014,6525,6600,6475,6525,6251100
12/11/2014,6550,6600,6525,6550,6283200
13/11/2014,6575,6600,6550,6575,5273300
14/11/2014,6575,6600,6550,6575,5529400
17/11/2014,6575,6675,6550,6675,9694700
18/11/2014,6650,6675,6625,6650,5542300
19/11/2014,6650,6725,6650,6650,6658200
20/11/2014,6650,6700,6600,6650,8666700
21/11/2014,6750,6750,6650,6750,5181200
24/11/2014,6800,6800,6750,6800,7063100
25/11/2014,6775,6825,6650,6775,14457800
26/11/2014,6675,6725,6650,6675,6720300
27/11/2014,6725,6775,6675,6725,5274000
28/11/2014,6700,6725,6650,6700,4670000
01/12/2014,6700,6700,6600,6625,5544200
02/12/2014,6675,6675,6575,6675,8912300
03/12/2014,6625,6650,6575,6600,7765700
04/12/2014,6600,6675,6575,6625,8875000
05/12/2014,6675,6675,6625,6675,3804000
08/12/2014,6700,6700,6600,6625,7125000
09/12/2014,6600,6675,6600,6650,10715700
10/12/2014,6600,6650,6600,6600,10854400
11/12/2014,6550,6600,6525,6525,9640900
12/12/2014,6525,6575,6525,6550,8766800
15/12/2014,6550,6600,6500,6575,7700000
16/12/2014,6525,6575,6450,6525,11374500
17/12/2014,6475,6525,6400,6400,13772500
18/12/2014,6325,6475,6325,6450,11514600
19/12/2014,6475,6550,6425,6550,19071400
22/12/2014,6500,6600,6500,6550,6277600
23/12/2014,6575,6625,6550,6625,12544100
24/12/2014,6600,6650,6575,6600,5119800
29/12/2014,6625,6650,6600,6625,7055900
30/12/2014,6650,6775,6600,6750,20693500
02/01/2015,6850,7450,6850,7450,56582900
05/01/2015,7400,7500,7225,7475,24205800
06/01/2015,7350,7475,7300,7375,12161500
07/01/2015,7300,7350,7275,7275,19626100
08/01/2015,7325,7350,7250,7250,9449500
09/01/2015,7300,7500,7200,7400,23167400
12/01/2015,7450,7450,7375,7425,15150700
13/01/2015,7450,7475,7400,7425,14252500
14/01/2015,7425,7450,7400,7425,13406400
15/01/2015,7450,7450,7350,7450,12615600
16/01/2015,7400,7425,7300,7300,10442400
19/01/2015,7300,7400,7300,7325,6440700
20/01/2015,7200,7375,7200,7375,7030700
21/01/2015,7425,7425,7325,7425,18415600
22/01/2015,7450,7700,7425,7625,38720000
23/01/2015,7675,7725,7600,7625,15195800
26/01/2015,7650,7650,7300,7475,14549600
27/01/2015,7525,7525,7425,7475,12968600
28/01/2015,7450,7525,7400,7400,13192200
29/01/2015,7425,7475,7375,7375,6848100
30/01/2015,7450,7550,7375,7550,7913500
02/02/2015,7450,7600,7425,7600,6625600
03/02/2015,7675,7675,7425,7450,7869600
04/02/2015,7525,7525,7350,7500,8486600
05/02/2015,7500,7500,7250,7300,14081600
06/02/2015,7350,7500,7350,7500,10956000
09/02/2015,7475,7500,7400,7475,5324400
10/02/2015,7475,7475,7350,7350,6743900
11/02/2015,7350,7400,7350,7350,4051200
12/02/2015,7325,7375,7300,7350,11244100
13/02/2015,7300,7400,7300,7400,12896900
16/02/2015,7425,7450,7300,7325,5506000
17/02/2015,7375,7425,7300,7400,4553100
18/02/2015,7400,7450,7375,7425,14954600
20/02/2015,7450,7450,7350,7350,4342000
23/02/2015,7400,7400,7325,7350,6440300
24/02/2015,7350,7450,7325,7350,17579400
25/02/2015,7400,7425,7350,7425,3839600
26/02/2015,7425,7425,7375,7425,5330700
27/02/2015,7450,7450,7375,7400,7207300
02/03/2015,7375,7450,7375,7425,10431000
03/03/2015,7450,7475,7400,7425,11373100
04/03/2015,7450,7500,7400,7450,17126500
05/03/2015,7450,7500,7425,7450,12926100
06/03/2015,7400,7525,7375,7475,14335400
09/03/2015,7425,7425,7325,7375,6210500
10/03/2015,7350,7500,7300,7475,25388300
11/03/2015,7400,7425,7350,7350,12473200
12/03/2015,7350,7400,7325,7325,9370400
13/03/2015,7325,7350,7300,7325,13872600
16/03/2015,7300,7400,7300,7350,8061700
17/03/2015,7375,7475,7325,7325,14171700
18/03/2015,7350,7400,7325,7400,8104700
19/03/2015,7450,7450,7375,7400,8300400
20/03/2015,7400,7475,7375,7425,14837100
23/03/2015,7425,7500,7400,7400,10381400
24/03/2015,7400,7475,7375,7475,6730400
25/03/2015,7475,7475,7400,7425,8150800
26/03/2015,7325,7425,7325,7375,9213200
27/03/2015,7350,7475,7350,7425,8827300
30/03/2015,7475,7525,7425,7475,11483700
31/03/2015,7550,7550,7450,7450,11465800
01/04/2015,7500,7500,7375,7375,9502800
02/04/2015,7375,7425,7350,7375,8931200
06/04/2015,7425,7425,7350,7375,2779100
07/04/2015,7350,7450,7350,7400,7176700
08/04/2015,7375,7400,7325,7350,14957400
09/04/2015,7350,7400,7325,7375,12073800
10/04/2015,7350,7400,7325,7375,13161700
13/04/2015,7350,7375,7325,7350,9311800
14/04/2015,7300,7375,7300,7350,8132000
15/04/2015,7350,7400,7300,7400,10996800
16/04/2015,7350,7450,7350,7450,7139900
17/04/2015,7450,7450,7350,7350,5124200
20/04/2015,7325,7450,7325,7450,11555300
21/04/2015,7425,7450,7400,7425,2872100
22/04/2015,7375,7425,7375,7400,5469200
23/04/2015,7400,7425,7375,7400,5052900
24/04/2015,7375,7425,7375,7375,11172000
27/04/2015,7375,7400,6875,7200,11687900
28/04/2015,7150,7175,7000,7125,6422400
29/04/2015,7100,7125,6625,6700,14754200
30/04/2015,6650,6925,6475,6750,22518100
04/05/2015,6750,6975,6750,6875,9072400
05/05/2015,6925,6950,6775,6875,5069800
06/05/2015,6750,6850,6750,6800,8577400
07/05/2015,6750,6800,6600,6750,12465400
08/05/2015,6650,6725,6625,6650,7563000
11/05/2015,6675,6725,6625,6650,6809500
12/05/2015,6700,6950,6650,6925,16475600
13/05/2015,7000,7300,6950,7200,13933800
15/05/2015,7200,7250,6975,7175,8798100
18/05/2015,7100,7150,7000,7050,15544900
19/05/2015,6875,7075,6850,7050,10893600
20/05/2015,7025,7075,6875,6925,22833200
21/05/2015,6925,6925,6800,6850,20235300
22/05/2015,6850,6900,6775,6875,13887200
25/05/2015,6875,6900,6825,6875,3977700
26/05/2015,6900,7075,6875,7025,11860400
27/05/2015,6950,7200,6950,7200,14364800
28/05/2015,7200,7350,7100,7300,13492800
29/05/2015,7200,7400,7150,7300,32762800
01/06/2015,7150,7250,7050,7100,8119300
03/06/2015,7100,7125,6875,6975,11914500
04/06/2015,7075,7100,6950,6975,3502200
05/06/2015,6875,7050,6850,7050,6729800
08/06/2015,7050,7050,6900,6975,3875700
09/06/2015,6875,6875,6550,6600,13565800
10/06/2015,6600,6825,6550,6775,12058100
11/06/2015,6950,6950,6650,6650,6569100
12/06/2015,6675,6700,6600,6600,5808900
15/06/2015,6550,6600,6475,6500,6013200
16/06/2015,6500,6675,6450,6575,6006600
17/06/2015,6600,6700,6575,6575,6182700
18/06/2015,6575,6850,6575,6850,6529800
19/06/2015,6850,6950,6775,6950,6318900
22/06/2015,6950,6950,6850,6900,2957300
23/06/2015,6900,6950,6825,6850,4743700
24/06/2015,6850,6900,6750,6900,5828000
25/06/2015,6850,6875,6750,6750,5467000
26/06/2015,6700,6775,6625,6625,5490900
29/06/2015,6550,6575,6425,6475,6773600
30/06/2015,6475,6625,6450,6575,9149600
01/07/2015,6525,6600,6500,6500,8956800
02/07/2015,6500,6575,6500,6500,10704800
03/07/2015,6500,6750,6500,6725,9987200
06/07/2015,6650,6700,6550,6550,4448700
07/07/2015,6650,6650,6525,6575,4154200
08/07/2015,6550,6600,6500,6550,3573800
09/07/2015,6550,6600,6500,6600,4258200
10/07/2015,6650,6650,6550,6550,5289400
13/07/2015,6600,6600,6500,6525,5223400
14/07/2015,6575,6575,6400,6400,10413900
15/07/2015,6400,6450,6225,6225,11225100
22/07/2015,6200,6225,6025,6125,15783000
23/07/2015,6125,6225,6125,6200,7452200
24/07/2015,6200,6200,6100,6150,7186400
27/07/2015,6075,6100,5975,6000,4689900
28/07/2015,6025,6075,5975,6025,8691900
29/07/2015,6050,6075,5775,5775,6766100
30/07/2015,5850,5975,5825,5900,5936300
31/07/2015,5950,6125,5925,6100,12846100
03/08/2015,6000,6125,5950,6000,6709000
04/08/2015,5950,6125,5950,6125,10822700
05/08/2015,6125,6300,6050,6300,10999800
06/08/2015,6300,6325,6000,6000,9489800
07/08/2015,6025,6050,5975,5975,8709700
10/08/2015,6000,6150,5925,6050,6992400
11/08/2015,6100,6150,5875,5875,18339400
12/08/2015,5800,5875,5600,5800,11202300
13/08/2015,5900,6175,5850,6175,7172300
14/08/2015,5975,6075,5925,5925,7453000
18/08/2015,5975,6000,5800,5825,4555300
19/08/2015,5800,5875,5750,5775,2976900
20/08/2015,5775,5775,5625,5700,3960300
21/08/2015,5600,5650,5400,5425,9867300
24/08/2015,5275,5275,4890,4955,14286700
25/08/2015,5000,5150,4670,4680,24805600
26/08/2015,4680,4800,4560,4680,25976700
27/08/2015,4800,5125,4800,5125,19392200
28/08/2015,5300,5325,5100,5225,11251100
31/08/2015,5200,5300,5100,5300,11118700
01/09/2015,5300,5300,5125,5200,4807200
02/09/2015,5125,5250,5075,5200,7089400
03/09/2015,5275,5350,5175,5325,8009900
04/09/2015,5400,5400,5250,5275,5186000
07/09/2015,5175,5200,4925,4940,8186400
08/09/2015,4850,4955,4845,4900,8962600
09/09/2015,4950,5000,4895,4965,9367300
10/09/2015,4900,5000,4890,4960,10809200
11/09/2015,5000,5200,4960,5175,6033400
14/09/2015,5200,5325,5150,5325,6211100
15/09/2015,5250,5325,5175,5300,5492000
16/09/2015,5325,5375,5150,5250,3758400
17/09/2015,5300,5350,5150,5350,4732900
18/09/2015,5350,5575,5225,5225,9971100
21/09/2015,5175,5325,5150,5225,3723500
22/09/2015,5300,5325,5200,5300,3339600
23/09/2015,5250,5250,5100,5175,5605100
25/09/2015,5075,5225,5050,5150,4787500
28/09/2015,5000,5150,4960,5100,5260300
29/09/2015,5125,5400,4990,5400,6548100
30/09/2015,5325,5525,5325,5500,11528200
01/10/2015,5525,5625,5425,5550,4430700
02/10/2015,5400,5550,5275,5275,5846200
05/10/2015,5325,5550,5325,5525,7035700
06/10/2015,5450,5625,5425,5525,8741700
07/10/2015,5525,5650,5500,5575,10630300
08/10/2015,5575,5650,5550,5575,8231600
09/10/2015,5675,5800,5625,5800,7986300
12/10/2015,5850,5900,5750,5850,4035800
13/10/2015,5850,5875,5500,5500,5530100
15/10/2015,5625,5925,5600,5900,14821200
16/10/2015,5900,6200,5750,6200,8928800
19/10/2015,6200,6400,6150,6400,7036500
20/10/2015,6400,6400,6325,6325,6936500
21/10/2015,6325,6425,6150,6225,8218500
22/10/2015,6125,6200,6000,6100,13039400
23/10/2015,6200,6400,6125,6225,11352800
26/10/2015,6275,6325,6200,6225,5553700
27/10/2015,6150,6200,6100,6200,3770900
28/10/2015,6050,6150,6050,6075,3686900
29/10/2015,6050,6075,5650,5650,8032200
30/10/2015,5600,5675,5525,5525,10035800
02/11/2015,5450,5825,5450,5825,5450700
03/11/2015,5875,5950,5800,5825,4895400
04/11/2015,5750,6100,5750,6100,5902800
05/11/2015,6075,6100,5925,6000,5015800
06/11/2015,5950,6000,5850,5850,5937500
09/11/2015,5750,5800,5550,5550,6986000
10/11/2015,5500,5625,5375,5375,11669600
11/11/2015,5375,5375,5150,5250,7191000
12/11/2015,5175,5300,5175,5175,9933300
13/11/2015,5125,5250,5075,5175,5840300
16/11/2015,5175,5200,5050,5075,5258200
17/11/2015,5175,5325,5150,5275,8246000
18/11/2015,5325,5475,5275,5400,7802500
19/11/2015,5500,5650,5500,5650,10498200
20/11/2015,5650,5650,5525,5650,4131200
23/11/2015,5550,5625,5425,5450,4984000
24/11/2015,5400,5450,5350,5350,4534700
25/11/2015,5350,5425,5325,5350,4276300
26/11/2015,5425,5475,5350,5475,5025900
27/11/2015,5500,5525,5400,5400,4111600
30/11/2015,5300,5300,4875,4875,35363700
01/12/2015,5000,5300,5000,5225,16797700
02/12/2015,5225,5275,5175,5175,4011800
03/12/2015,5150,5225,5100,5175,4535100
04/12/2015,5150,5175,5025,5050,10005500
07/12/2015,5075,5150,5075,5125,6220600
08/12/2015,5050,5125,5025,5075,9216100
09/12/2015,5075,5075,5075,5075,0
10/12/2015,5025,5050,4950,5000,10252500
11/12/2015,5050,5075,4960,4960,6187500
14/12/2015,4860,4950,4840,4890,5946300
15/12/2015,4840,4940,4840,4890,4611500
16/12/2015,4990,5000,4900,4990,9345600
17/12/2015,5200,5200,5050,5125,10652000
18/12/2015,5050,5125,5025,5050,6061800
21/12/2015,5050,5075,4975,4975,5800900
22/12/2015,5000,5000,4905,4965,7156600
23/12/2015,4970,5000,4910,4955,4252600
28/12/2015,4910,5175,4905,5150,9537300
29/12/2015,5150,5175,5075,5125,2961700
30/12/2015,5100,5200,5075,5175,9778200
04/01/2016,5250,5575,5175,5300,26737300
05/01/2016,5300,5550,5300,5475,18355100
06/01/2016,5475,5800,5450,5800,22503300
07/01/2016,5575,5675,5525,5650,12743300
08/01/2016,5600,5725,5550,5675,6863900
11/01/2016,5625,5625,5500,5525,8017400
12/01/2016,5575,5875,5525,5775,18842600
13/01/2016,5875,5925,5800,5850,7165100
14/01/2016,5750,5775,5650,5700,12594900
15/01/2016,5800,5800,5700,5725,5913700
18/01/2016,5600,5725,5575,5675,4909800
19/01/2016,5650,5875,5650,5825,6368400
20/01/2016,5775,5850,5725,5750,10637500
21/01/2016,5900,5900,5625,5650,8160700
22/01/2016,5750,5825,5725,5800,7090400
25/01/2016,5800,5825,5675,5700,4761100
26/01/2016,5625,5700,5525,5525,11663100
27/01/2016,5550,5850,5550,5850,8382800
28/01/2016,5850,6000,5725,5975,14665900
29/01/2016,6025,6200,5950,6200,17996600
01/02/2016,6250,6300,6050,6275,12407500
02/02/2016,6275,6300,6175,6250,12533800
03/02/2016,6200,6200,6125,6150,5372300
04/02/2016,6200,6450,6175,6375,9827000
05/02/2016,6475,6600,6425,6575,14723800
09/02/2016,6325,6725,6325,6700,11835100
10/02/2016,6525,6875,6525,6775,7156600
11/02/2016,6625,6900,6625,6725,6818600
12/02/2016,6625,6675,6500,6500,7886100
15/02/2016,6525,6600,6500,6500,4859200
16/02/2016,6550,6600,6475,6550,3479100
17/02/2016,6600,6600,6525,6525,5634600
18/02/2016,6600,6825,6550,6825,12145200
19/02/2016,6850,6850,6650,6725,7348900
22/02/2016,6700,6850,6700,6825,6252600
23/02/2016,6825,6850,6750,6775,9197200
24/02/2016,6850,6850,6550,6650,6983600
25/02/2016,6700,6700,6500,6500,5320500
26/02/2016,6525,6825,6525,6825,8319000
29/02/2016,6700,7250,6625,7050,22876500
01/03/2016,7000,7250,6950,7150,6688600
02/03/2016,7175,7425,7150,7275,22223900
03/03/2016,7325,7575,7325,7375,27662100
04/03/2016,7375,7475,7000,7475,19026600
07/03/2016,7500,7525,7300,7400,10664400
08/03/2016,7400,7400,7150,7350,6317700
10/03/2016,7325,7425,7300,7425,15143300
11/03/2016,7225,7375,7225,7300,7123400
14/03/2016,7300,7500,7300,7450,11852000
15/03/2016,7475,7500,7225,7425,5174100
16/03/2016,7400,7400,7200,7225,10640200
17/03/2016,7175,7275,7150,7200,8726300
18/03/2016,7250,7250,6875,6875,27552600
21/03/2016,7000,7150,6925,7100,14135900
22/03/2016,7100,7125,7050,7075,10721400
23/03/2016,7050,7100,7025,7100,5565200
24/03/2016,7050,7075,6925,6975,4920400
28/03/2016,6850,6950,6800,6875,10062400
29/03/2016,6875,6950,6825,6925,6134400
30/03/2016,6900,7250,6900,7250,14934600
31/03/2016,7250,7300,7175,7225,21522400
01/04/2016,7225,7250,7125,7225,6462500
04/04/2016,7225,7225,7125,7225,2564300
05/04/2016,7100,7225,7100,7175,4006100
06/04/2016,7175,7225,7125,7150,4111500
07/04/2016,7225,7250,7175,7225,12373700
08/04/2016,7150,7225,7150,7225,5752600
11/04/2016,7100,7200,7025,7100,5185500
12/04/2016,7100,7125,7050,7125,6050100
13/04/2016,7125,7125,7125,7125,0
14/04/2016,7125,7125,7125,7125,0
15/04/2016,7125,7125,7125,7125,0
18/04/2016,7125,7125,7125,7125,0
19/04/2016,7125,7125,7125,7125,0
20/04/2016,7175,7300,7175,7200,21163700
21/04/2016,7200,7275,7150,7250,10128900
22/04/2016,7250,7275,7225,7275,5767500
25/04/2016,7250,7250,7150,7225,2769700
26/04/2016,7150,7175,6975,7025,6176800
27/04/2016,6850,7000,6800,6850,9136900
28/04/2016,6850,6975,6850,6950,5850600
29/04/2016,6875,7150,6875,7125,10075400
02/05/2016,7100,7100,6975,7025,1611700
03/05/2016,7100,7225,7025,7200,7984600
04/05/2016,7100,7225,7025,7200,5901100
09/05/2016,7050,7200,6950,7075,3969200
10/05/2016,7000,7150,6950,7150,7668500
11/05/2016,7175,7200,7075,7175,5990800
12/05/2016,7150,7175,7050,7050,3069100
13/05/2016,7050,7175,7025,7125,4489300
16/05/2016,7050,7075,6925,7025,3924300
17/05/2016,6950,7050,6900,7025,4190700
18/05/2016,7000,7025,6900,7025,7357600
19/05/2016,7025,7050,6875,6975,5707900
20/05/2016,6900,6925,6850,6875,5823700
23/05/2016,6850,6900,6825,6875,5453800
24/05/2016,6875,6950,6850,6850,3799600
25/05/2016,6950,7050,6900,7025,4419200
26/05/2016,6925,7025,6925,6975,2151600
27/05/2016,6975,7100,6950,7075,4700200
30/05/2016,7050,7075,6950,7000,3288800
31/05/2016,7000,7025,6900,6925,14228800
01/06/2016,6925,7000,6875,6975,4924400
02/06/2016,7025,7175,7000,7125,7227100
03/06/2016,7175,7175,7125,7175,3791400
06/06/2016,7200,7400,7175,7325,27686700
07/06/2016,7400,7400,7300,7350,10621500
08/06/2016,7300,7350,7200,7325,6427200
09/06/2016,7300,7300,7200,7200,4887200
10/06/2016,7300,7325,7225,7300,5186100
13/06/2016,7200,7225,7125,7150,3300700
14/06/2016,7100,7150,7025,7150,3496500
15/06/2016,7050,7175,7050,7175,4623300
16/06/2016,7025,7100,7025,7050,4878500
17/06/2016,7050,7100,7000,7050,6180200
20/06/2016,7025,7050,6950,7050,6634800
21/06/2016,7050,7075,6900,7000,9315800
22/06/2016,6975,7175,6975,7100,12399900
23/06/2016,7100,7150,7000,7000,9390000
24/06/2016,7100,7100,6900,7050,11698700
27/06/2016,7050,7050,6950,7000,4664300
28/06/2016,7050,7225,7000,7175,9237900
29/06/2016,7225,7250,7175,7225,12556500
30/06/2016,7225,7275,7125,7250,7664500
01/07/2016,7275,7275,6975,7025,9986500
11/07/2016,7100,7200,7050,7200,12880400
12/07/2016,7200,7300,7050,7200,16340600
13/07/2016,7250,7275,7075,7200,8252500
14/07/2016,7200,7250,7100,7100,6913800
15/07/2016,7100,7225,7075,7125,5016900
18/07/2016,7200,7250,7125,7250,6442500
19/07/2016,7300,7675,7250,7550,26827200
20/07/2016,7550,7575,7400,7475,8201900
21/07/2016,7500,7525,7425,7425,9914900
22/07/2016,7425,7425,7300,7350,10552200
25/07/2016,7300,7450,7300,7400,6079500
26/07/2016,7450,7650,7400,7650,10384200
27/07/2016,7700,8125,7650,8000,29042900
28/07/2016,8025,8725,8025,8450,26761500
29/07/2016,8300,8600,8200,8325,14191300
01/08/2016,8325,8500,8325,8400,11058400
02/08/2016,8225,8475,8225,8325,5048500
03/08/2016,8250,8400,8250,8375,17512400
04/08/2016,8450,8475,8175,8250,6934800
05/08/2016,8350,8400,8250,8400,6083400
08/08/2016,8450,8500,8375,8500,4926100
09/08/2016,8400,8500,8175,8275,5228000
10/08/2016,8275,8275,8050,8100,5218300
11/08/2016,8200,8225,7850,8050,7547600
12/08/2016,8125,8125,8000,8100,7190400
15/08/2016,8200,8200,7850,7900,5844700
16/08/2016,8000,8000,7825,7900,7063000
18/08/2016,7950,8300,7925,8250,9655600
19/08/2016,8325,8325,8050,8050,4937100
22/08/2016,8200,8200,7900,7925,8772200
23/08/2016,7925,7950,7750,7900,13962100
24/08/2016,7950,7950,7825,7900,12449700
25/08/2016,7900,7975,7875,7950,26014200
26/08/2016,7975,8000,7875,7925,7442300
29/08/2016,7900,7925,7775,7925,4721100
30/08/2016,7925,7950,7850,7900,8172800
31/08/2016,7925,8200,7850,7925,35279600
01/09/2016,8000,8075,7950,8000,13086600
02/09/2016,8025,8025,7950,8000,17771900
05/09/2016,8075,8200,8025,8125,24273600
06/09/2016,8175,8375,8175,8375,27363300
07/09/2016,8450,8725,8425,8525,43671000
08/09/2016,8525,8550,8400,8425,5837600
09/09/2016,8425,8425,8150,8200,11756300
13/09/2016,8025,8200,7975,8175,7523200
14/09/2016,8050,8100,7950,8000,11160200
15/09/2016,8000,8475,7950,8475,19580600
16/09/2016,8550,8550,8300,8475,11817400
19/09/2016,8475,8525,8400,8400,3849900
20/09/2016,8400,8400,8275,8350,2238900
21/09/2016,8400,8600,8250,8600,10942000
22/09/2016,8625,8750,8550,8675,9009000
23/09/2016,8750,8925,8700,8875,14196400
26/09/2016,8800,8800,8650,8750,7288300
27/09/2016,8650,9125,8625,9125,11017200
28/09/2016,8825,9100,8825,9000,15543200
29/09/2016,9050,9200,9050,9150,8495200
30/09/2016,9100,9125,8700,8700,12719500
03/10/2016,8825,9175,8825,9150,7491600
04/10/2016,9200,9200,8925,8925,6970100
05/10/2016,8875,8900,8700,8900,5222100
06/10/2016,8825,8975,8800,8900,4708900
07/10/2016,8975,8975,8825,8900,2914700
10/10/2016,8975,8975,8700,8725,3208900
11/10/2016,8900,8950,8700,8925,11488300
12/10/2016,8900,8950,8800,8925,4556800
13/10/2016,8825,8900,8700,8700,5373200
14/10/2016,8750,8875,8600,8825,8629900
17/10/2016,8700,8800,8625,8625,6431000
18/10/2016,8600,8700,8550,8650,8060300
19/10/2016,8625,8650,8525,8550,8421500
20/10/2016,8550,8625,8475,8600,20371700
21/10/2016,8625,8800,8600,8725,11929900
24/10/2016,8750,8775,8725,8725,6274400
25/10/2016,8750,8750,8525,8525,7269400
26/10/2016,8525,8575,8400,8525,11709800
27/10/2016,8550,8625,8450,8625,6210800
28/10/2016,8650,8650,8500,8525,8609600
31/10/2016,8575,8600,8500,8500,8062100
01/11/2016,8525,8525,8425,8500,6441900
02/11/2016,8500,8500,8425,8450,4306400
03/11/2016,8475,8500,8150,8200,11030000
04/11/2016,8275,8275,8050,8175,8128400
07/11/2016,8175,8225,8100,8150,13029600
08/11/2016,8225,8425,8225,8375,12279900
09/11/2016,8450,8450,8075,8200,14384200
10/11/2016,8300,8350,8250,8300,13305400
11/11/2016,8200,8200,7675,7675,16300600
14/11/2016,7550,7775,7225,7600,29160300
15/11/2016,7700,7775,7500,7600,15813900
16/11/2016,7700,7850,7650,7700,13864800
17/11/2016,7750,7825,7625,7825,6190200
18/11/2016,7700,7800,7650,7775,7473300
21/11/2016,7650,7800,7625,7800,11781400
22/11/2016,7700,7800,7600,7700,13076500
23/11/2016,7725,7750,7575,7700,12067000
24/11/2016,7650,7675,7425,7450,10919500
25/11/2016,7400,7525,7350,7425,4395000
28/11/2016,7475,7475,7225,7325,5872600
29/11/2016,7375,7550,7375,7525,5857700
30/11/2016,7575,7700,7500,7575,43279600
01/12/2016,7625,7725,7625,7700,12731500
02/12/2016,7700,7700,7375,7450,29875200
05/12/2016,7500,7575,7450,7525,12187400
06/12/2016,7575,7625,7500,7500,7695100
07/12/2016,7500,7900,7500,7875,19907700
08/12/2016,7875,8100,7750,8100,13527300
09/12/2016,8000,8100,7950,8050,4342800
13/12/2016,8050,8125,7925,8125,12477200
14/12/2016,8075,8100,7900,7975,7594000
15/12/2016,7900,7975,7825,7975,3768900
16/12/2016,7825,7975,7750,7750,8485200
19/12/2016,7800,7925,7700,7700,3746100
20/12/2016,7650,7750,7575,7625,3404200
21/12/2016,7500,7650,7375,7375,9314500
22/12/2016,7375,7425,7200,7250,5084100
23/12/2016,7200,7400,7200,7275,6158300
27/12/2016,7300,7650,7300,7650,4380100
28/12/2016,7700,7775,7625,7625,4977800
29/12/2016,7550,7925,7550,7850,11993900
30/12/2016,8000,8000,7850,7925,8171400
02/01/2017,7925,7925,7925,7925,0
03/01/2017,7975,7975,7725,7725,5389900
04/01/2017,7800,7850,7750,7800,4002000
05/01/2017,7775,8000,7775,8000,6301900
06/01/2017,8000,8075,7950,8025,5791100
09/01/2017,8000,8025,7800,7825,8242700
10/01/2017,7800,7975,7700,7975,3999400
11/01/2017,7950,7950,7850,7950,5501200
12/01/2017,7825,7900,7825,7875,4348600
13/01/2017,7825,7875,7750,7875,5265200
16/01/2017,7900,7900,7800,7800,3164200
17/01/2017,7800,7925,7800,7800,2975800
18/01/2017,7850,7975,7850,7950,6164100
19/01/2017,8000,8050,7950,8025,15221600
20/01/2017,8025,8050,7925,8050,5446100
23/01/2017,8050,8100,7975,8100,5644600
24/01/2017,8125,8150,7975,8000,5629400
25/01/2017,8000,8050,7925,8000,5232200
26/01/2017,8075,8075,7950,8000,3434400
27/01/2017,7950,8050,7925,8000,4757000
30/01/2017,7925,8000,7800,7800,6930900
31/01/2017,7900,8000,7850,7925,5304400
01/02/2017,7975,8025,7925,7925,6561800
02/02/2017,7900,8000,7875,7925,12175000
03/02/2017,8000,8000,7875,7875,10019500
06/02/2017,7875,7975,7875,7950,4396800
07/02/2017,7900,7975,7900,7925,5169800
08/02/2017,7900,8000,7900,7950,5632300
09/02/2017,8050,8050,7900,7950,13166700
10/02/2017,7950,8025,7950,8000,4119300
13/02/2017,8050,8050,7950,8000,9040100
14/02/2017,8000,8025,7950,7975,8175600
15/02/2017,7975,7975,7975,7975,0
16/02/2017,8025,8125,8000,8000,7016400
17/02/2017,8000,8075,7950,8000,2499100
20/02/2017,7975,8150,7975,8125,3241000
21/02/2017,8125,8200,8100,8150,8230600
22/02/2017,8150,8200,8075,8125,12770300
23/02/2017,8125,8125,8000,8075,4173100
24/02/2017,7975,8150,7975,8100,3257300
27/02/2017,8100,8100,7975,7975,3414400
28/02/2017,7950,8125,7950,8125,7012500
01/03/2017,8150,8175,8000,8000,7024400
02/03/2017,8100,8150,8025,8025,6605000
03/03/2017,8100,8100,8000,8050,5377900
06/03/2017,8050,8100,8025,8075,3315200
07/03/2017,8050,8075,7975,8025,3497600
08/03/2017,7975,8050,7950,7975,3772200
09/03/2017,7925,8000,7925,8000,2017800
10/03/2017,8050,8050,7875,7925,4617900
13/03/2017,7925,8000,7875,7950,1300000
14/03/2017,7875,8000,7875,7925,17856800
15/03/2017,7925,8075,7925,7975,6909400
16/03/2017,8050,8375,8050,8300,15511000
17/03/2017,8375,8525,8275,8325,17094300
20/03/2017,8325,8325,8100,8175,6339500
21/03/2017,8225,8225,8000,8125,9418800
22/03/2017,8075,8100,7975,8100,14244800
23/03/2017,8100,8150,8025,8075,5941800
24/03/2017,8200,8300,8025,8050,14880900
27/03/2017,8125,8125,7950,7950,9061400
29/03/2017,8050,8150,7950,8000,18234400
30/03/2017,8025,8050,7950,8000,7205400
31/03/2017,8025,8025,7950,8000,10022300
03/04/2017,7950,8075,7950,8000,5892000
04/04/2017,8050,8100,7975,8075,8092000
05/04/2017,8100,8100,7925,7975,13999200
06/04/2017,8025,8025,7950,8000,4195500
07/04/2017,7950,8000,7925,7975,7729500
10/04/2017,7975,8000,7925,7975,6438400
11/04/2017,7950,8000,7950,7975,9772700
12/04/2017,7975,8075,7925,7975,4027900
13/04/2017,8000,8000,7925,7975,3379400
17/04/2017,7950,8000,7925,7975,5392700
18/04/2017,7975,8000,7950,7950,5197600
19/04/2017,7950,7950,7950,7950,0
20/04/2017,7925,8000,7925,7950,4689400
21/04/2017,7925,8100,7925,8025,5063500
25/04/2017,8100,8125,8025,8100,7333600
26/04/2017,8125,8175,8075,8125,9944100
27/04/2017,8225,8500,8200,8450,63743900
28/04/2017,8525,8525,8350,8375,14963600
02/05/2017,8325,8500,8300,8425,13445900
03/05/2017,8500,8550,8400,8475,22302800
04/05/2017,8475,8525,8425,8475,17737700
05/05/2017,8500,8500,8400,8475,7505100
08/05/2017,8500,8575,8425,8450,13372200
09/05/2017,8525,8525,8450,8475,7634800
10/05/2017,8500,8525,8325,8400,7460500
12/05/2017,8300,8500,8300,8475,6216200
15/05/2017,8475,8500,8400,8475,3717300
16/05/2017,8525,8525,8375,8375,7650800
17/05/2017,8350,8500,8325,8475,14161700
18/05/2017,8350,8500,8325,8450,17968600
19/05/2017,8450,9000,8400,8650,12826900
22/05/2017,8775,8800,8575,8700,22704000
23/05/2017,8725,8800,8650,8800,16512000
24/05/2017,8600,8800,8600,8800,13258200
26/05/2017,8725,8800,8650,8750,10230300
29/05/2017,8800,8850,8700,8850,2667300
30/05/2017,8900,8925,8750,8775,9242600
31/05/2017,8775,8775,8650,8750,13099200
01/06/2017,8750,8750,8750,8750,0
02/06/2017,8850,8850,8700,8825,7398200
05/06/2017,8875,8900,8800,8875,4884500
06/06/2017,8925,8950,8875,8875,7211900
07/06/2017,8875,8950,8875,8925,3348100
08/06/2017,8925,8950,8550,8600,44088100
09/06/2017,8600,8600,8450,8500,27551100
12/06/2017,8400,8500,8325,8475,11935200
13/06/2017,8475,8550,8450,8475,14432200
14/06/2017,8500,8550,8425,8550,20291100
15/06/2017,8550,8550,8475,8500,16345000
16/06/2017,8500,8525,8325,8325,16091100
19/06/2017,8400,8425,8300,8325,11059000
20/06/2017,8375,8525,8350,8500,9129900
21/06/2017,8450,8550,8400,8500,7901700
22/06/2017,8450,8625,8450,8600,13105900
23/06/2017,8600,8600,8600,8600,0
26/06/2017,8600,8600,8600,8600,0
27/06/2017,8600,8600,8600,8600,0
28/06/2017,8600,8600,8600,8600,0
29/06/2017,8600,8600,8600,8600,0
30/06/2017,8600,8600,8600,8600,0
03/07/2017,8650,8775,8600,8775,13126900
04/07/2017,8700,8750,8675,8750,11112700
05/07/2017,8750,8750,8550,8750,8292900
06/07/2017,8750,8750,8650,8750,4677100
07/07/2017,8750,8750,8625,8750,7710200
10/07/2017,8750,8750,8575,8600,4205200
11/07/2017,8675,8675,8550,8675,5029200
12/07/2017,8650,8700,8550,8700,7133400
13/07/2017,8750,8800,8700,8750,9377600
14/07/2017,8750,8800,8650,8775,4365900
17/07/2017,8800,8800,8650,8775,4656000
18/07/2017,8775,8775,8675,8775,3183700
19/07/2017,8750,8750,8625,8675,5206000
20/07/2017,8675,8775,8675,8775,2737900
21/07/2017,8800,8800,8500,8575,7429900
24/07/2017,8500,8725,8475,8725,4864600
25/07/2017,8725,8725,8575,8725,6022900
26/07/2017,8625,8725,8550,8625,4887700
27/07/2017,8675,8675,8525,8600,4113200
28/07/2017,8500,8625,8450,8600,7315500
31/07/2017,8500,8600,8250,8375,12752100
01/08/2017,8400,8450,8225,8300,9058200
02/08/2017,8275,8350,8250,8300,4753300
03/08/2017,8300,8350,8225,8250,6708500
04/08/2017,8225,8325,8175,8225,6600200
07/08/2017,8250,8350,8150,8200,6799900
08/08/2017,8200,8400,8200,8400,4036400
09/08/2017,8325,8400,8200,8400,7303600
10/08/2017,8450,8475,8275,8450,3290400
11/08/2017,8425,8425,8225,8250,6379900
14/08/2017,8325,8350,8250,8250,2446300
15/08/2017,8300,8350,8225,8325,2245000
16/08/2017,8275,8375,8275,8375,4965000
17/08/2017,8375,8375,8375,8375,0
18/08/2017,8300,8450,8300,8400,3986300
21/08/2017,8300,8375,8275,8300,3944700
22/08/2017,8400,8400,8300,8325,4511500
23/08/2017,8375,8375,8275,8350,4373400
24/08/2017,8275,8425,8275,8400,4660700
25/08/2017,8400,8600,8400,8600,6548800
28/08/2017,8600,8625,8500,8625,1562800
29/08/2017,8625,8700,8525,8675,3673100
30/08/2017,8675,8700,8550,8675,5397500
31/08/2017,8650,8650,8375,8375,7684600
01/09/2017,8375,8375,8375,8375,0
04/09/2017,8400,8450,8350,8375,4531000
05/09/2017,8375,8400,8275,8375,3513700
06/09/2017,8375,8400,8300,8375,4532000
07/09/2017,8350,8550,8325,8525,4356300
08/09/2017,8550,8675,8525,8650,5785600
11/09/2017,8650,8700,8575,8600,3978600
12/09/2017,8650,8700,8575,8700,4194200
13/09/2017,8700,8700,8575,8575,2842700
14/09/2017,8550,8575,8500,8525,4132100
15/09/2017,8525,8575,8425,8500,11066600
18/09/2017,8500,8600,8450,8475,3842600
19/09/2017,8475,8600,8400,8575,7630800
20/09/2017,8550,8725,8500,8725,6021600
21/09/2017,8725,8725,8725,8725,0
22/09/2017,8750,8750,8525,8525,9517400
25/09/2017,8525,8625,8525,8625,2846600
26/09/2017,8600,8600,8475,8525,5980400
27/09/2017,8550,8550,8450,8550,7354500
28/09/2017,8575,8575,8400,8400,6959900
29/09/2017,8425,8575,8425,8425,7300700
02/10/2017,8450,8550,8450,8550,3636400
03/10/2017,8550,8675,8500,8600,7394100
04/10/2017,8675,8675,8525,8600,2437300
05/10/2017,8600,8625,8425,8425,10440500
06/10/2017,8425,8500,8400,8400,5878000
09/10/2017,8400,8425,8325,8400,9358800
10/10/2017,8400,8425,8350,8425,5187400
11/10/2017,8400,8425,8275,8375,9194200
12/10/2017,8350,8450,8350,8400,7717900
13/10/2017,8400,8400,8325,8325,17438600
16/10/2017,8325,8375,8250,8325,6637200
17/10/2017,8325,8350,8200,8250,7392100
18/10/2017,8250,8325,8175,8325,5620100
19/10/2017,8325,8325,8150,8150,6156900
20/10/2017,8225,8300,8175,8225,3576900
23/10/2017,8250,8400,8250,8350,4812800
24/10/2017,8400,8450,8325,8400,5353100
25/10/2017,8350,8475,8350,8475,4369200
26/10/2017,8450,8500,8225,8475,11333500
27/10/2017,8475,8475,8250,8250,6246400
30/10/2017,8325,8325,8150,8150,6944500
31/10/2017,8300,8300,8200,8200,6001300
01/11/2017,8275,8300,8200,8200,5341700
02/11/2017,8175,8325,8100,8100,6435600
03/11/2017,8150,8250,8100,8225,5582300
06/11/2017,8250,8250,8175,8200,4338100
07/11/2017,8225,8225,8025,8125,13398500
08/11/2017,8125,8150,8050,8075,5650000
09/11/2017,8100,8100,7950,7950,11225200
10/11/2017,8050,8100,8000,8025,10264200
13/11/2017,8025,8075,7950,7950,6142600
14/11/2017,8000,8050,7950,7950,2857300
15/11/2017,8000,8025,7875,7875,4615700
16/11/2017,7850,7900,7750,7750,10602100
17/11/2017,7775,7925,7750,7800,13645600
20/11/2017,7875,7975,7800,7800,9330600
21/11/2017,7775,7825,7700,7725,9885300
22/11/2017,7675,7800,7675,7725,7497000
23/11/2017,7775,7900,7725,7800,10216400
24/11/2017,7750,7775,7675,7700,9343400
27/11/2017,7750,7825,7700,7825,12473100
28/11/2017,7850,7850,7650,7700,14653400
29/11/2017,7700,7750,7600,7600,11133500
30/11/2017,7550,7675,7325,7325,27027000
01/12/2017,7325,7325,7325,7325,0
04/12/2017,7500,7525,7300,7300,14221600
05/12/2017,7400,7400,7275,7300,13366800
06/12/2017,7350,7400,7300,7325,8356500
07/12/2017,7300,7400,7300,7325,8866800
08/12/2017,7400,7425,7300,7375,9393400
11/12/2017,7400,7425,7350,7375,6757400
12/12/2017,7350,7400,7275,7350,12214700
13/12/2017,7350,7475,7325,7475,18456700
14/12/2017,7475,7675,7475,7525,15601800
15/12/2017,7525,7525,7400,7450,16750900
18/12/2017,7400,7500,7375,7500,9181300
19/12/2017,7500,7700,7475,7650,15706100
20/12/2017,7650,7700,7425,7550,14606300
21/12/2017,7525,7600,7475,7600,10857700
22/12/2017,7600,7625,7575,7625,4686000
25/12/2017,7625,7625,7625,7625,0
26/12/2017,7625,7625,7625,7625,0
27/12/2017,7625,7625,7575,7625,3274600
28/12/2017,7650,7700,7600,7700,10295800
29/12/2017,7700,7775,7600,7625,12848100
01/01/2018,7625,7625,7625,7625,0
02/01/2018,7650,7700,7550,7550,6875700
03/01/2018,7600,7700,7600,7650,11532300
04/01/2018,7650,7725,7600,7725,6861700
05/01/2018,7700,7700,7625,7675,8060200
08/01/2018,7700,7875,7700,7850,13357200
09/01/2018,7825,7850,7775,7825,13531800
10/01/2018,7875,7875,7800,7825,9997600
11/01/2018,7800,7875,7750,7875,5038700
12/01/2018,7875,7900,7800,7850,8527900
15/01/2018,7850,7875,7775,7800,2802200
16/01/2018,7800,7900,7775,7900,15046200
17/01/2018,7900,7975,7875,7950,13872400
18/01/2018,7900,7975,7875,7900,7602900
19/01/2018,7925,7925,7850,7925,6292200
22/01/2018,7925,8100,7925,8075,19058300
23/01/2018,8075,8125,8000,8125,14253300
24/01/2018,8025,8125,8025,8075,7079200
25/01/2018,8075,8100,7900,8000,7476600
26/01/2018,8000,8075,7975,8075,3990400
29/01/2018,8100,8100,7975,8075,6652900
30/01/2018,8125,8125,7800,7800,11507100
31/01/2018,7800,7875,7700,7750,11965100
01/02/2018,7750,7900,7700,7700,10204300
02/02/2018,7800,7875,7750,7775,4592300
05/02/2018,7600,7875,7575,7800,5115700
06/02/2018,7700,7775,7650,7650,16499000
07/02/2018,7800,7925,7700,7925,9916400
08/02/2018,7900,7900,7825,7850,6543200
09/02/2018,7750,7875,7725,7750,8919100
12/02/2018,7775,7825,7750,7775,3646800
13/02/2018,7725,7825,7725,7750,10107000
14/02/2018,7750,7850,7750,7825,3861800
15/02/2018,7850,7850,7800,7800,4137500
16/02/2018,7800,7800,7800,7800,0
19/02/2018,7850,7875,7775,7850,4795300
20/02/2018,7800,7875,7725,7750,3427900
21/02/2018,7750,7775,7625,7625,10740300
22/02/2018,7650,7750,7625,7700,6050200
23/02/2018,7725,7775,7625,7625,6811800
26/02/2018,7650,7675,7550,7550,7874900
27/02/2018,7625,7675,7550,7575,7910600
28/02/2018,7550,7650,7550,7575,10388200
01/03/2018,7575,7800,7550,7775,8506100
02/03/2018,7750,7775,7675,7700,6042200
05/03/2018,7700,7700,7575,7600,13235400
06/03/2018,7600,7600,7450,7450,11197500
07/03/2018,7450,7450,7250,7275,9955000
08/03/2018,7300,7500,7300,7325,9359200
09/03/2018,7450,7500,7375,7450,3127000
12/03/2018,7525,7600,7500,7550,6550500
13/03/2018,7550,7575,7475,7500,7593700
14/03/2018,7600,7600,7325,7325,3518500
15/03/2018,7425,7425,7150,7175,7585400
16/03/2018,7175,7325,7075,7150,14475200
19/03/2018,7150,7350,7150,7200,3136100
20/03/2018,7200,7275,7000,7000,5952200
21/03/2018,7000,7350,7000,7275,7725200
22/03/2018,7325,7400,7150,7150,5782000
23/03/2018,7150,7375,7050,7150,8574000
26/03/2018,7150,7225,7125,7200,3789000
27/03/2018,7250,7350,7050,7150,8866500
28/03/2018,7125,7150,6975,7125,7495400
29/03/2018,7125,7200,7025,7200,8823500
30/03/2018,7200,7200,7200,7200,0
02/04/2018,7250,7350,7150,7350,2889600
03/04/2018,7350,7350,7125,7150,6528100
04/04/2018,7225,7300,7075,7200,5165100
05/04/2018,7200,7225,7125,7125,2348600
06/04/2018,7150,7200,7100,7100,3894200
09/04/2018,7075,7225,7075,7175,6902600
10/04/2018,7125,7275,7125,7250,11617900
11/04/2018,7300,7300,7150,7225,9453000
12/04/2018,7225,7225,7050,7125,10132200
13/04/2018,7150,7175,7050,7075,7042900
16/04/2018,7050,7100,7025,7050,5150100
17/04/2018,7075,7125,7050,7100,12172100
18/04/2018,7125,7150,7025,7050,8005200
19/04/2018,7050,7150,7050,7150,3752100
20/04/2018,7150,7150,7050,7100,6606500
23/04/2018,7050,7100,6975,7000,8442300
24/04/2018,7050,7050,6900,6900,4391400
25/04/2018,6900,6950,6800,6875,4629800
26/04/2018,6800,6875,6575,6750,10318400
27/04/2018,6775,6875,6675,6775,4395000
30/04/2018,6775,6975,6775,6975,9476200
01/05/2018,6975,6975,6975,6975,0
02/05/2018,6975,6975,6850,6925,7277400
03/05/2018,6800,6850,6700,6725,7637400
04/05/2018,6675,6675,6300,6350,14993100
07/05/2018,6300,6475,6250,6375,4370700
08/05/2018,6375,6450,6200,6200,7322600
09/05/2018,6100,6600,6075,6375,14518000
10/05/2018,6375,6375,6375,6375,0
11/05/2018,6400,6575,6400,6500,7990000
14/05/2018,6350,6500,6325,6450,6590000
15/05/2018,6450,6500,6425,6475,7393200
16/05/2018,6375,6450,6300,6425,6789500
17/05/2018,6500,6500,6300,6300,9836700
18/05/2018,6400,6425,6325,6375,5593800
21/05/2018,6375,6375,6275,6300,10348400
22/05/2018,6500,6650,6375,6550,11034400
23/05/2018,6550,6950,6525,6800,15409400
24/05/2018,6875,7075,6800,6975,16201500
25/05/2018,7000,7025,6800,7025,9524400
28/05/2018,7025,7150,6900,7075,9057800
29/05/2018,7075,7075,7075,7075,0
30/05/2018,7075,7125,6875,7025,11301000
31/05/2018,6900,7075,6875,7075,21651200
01/06/2018,7075,7075,7075,7075,0
04/06/2018,7075,7125,7025,7025,7713300
05/06/2018,7100,7200,7000,7200,8137300
06/06/2018,7250,7250,6975,6975,10755400
07/06/2018,7000,7175,7000,7100,12775900
08/06/2018,7125,7150,6950,6950,17604100
11/06/2018,6950,6950,6950,6950,0
12/06/2018,6950,6950,6950,6950,0
13/06/2018,6950,6950,6950,6950,0
14/06/2018,6950,6950,6950,6950,0
15/06/2018,6950,6950,6950,6950,0
18/06/2018,6950,6950,6950,6950,0
19/06/2018,6950,6950,6950,6950,0
20/06/2018,6900,6950,6625,6700,20191400
21/06/2018,6850,6850,6475,6525,7803300
22/06/2018,6500,6675,6475,6550,8909500
25/06/2018,6650,6700,6500,6625,5831500
26/06/2018,6625,6725,6550,6625,9372700
27/06/2018,6600,6625,6550,6550,4276300
28/06/2018,6500,6575,6350,6350,8162800
29/06/2018,6425,6700,6400,6650,7575500
02/07/2018,6650,6650,6500,6525,3110700
03/07/2018,6450,6450,6200,6250,7073200
04/07/2018,6250,6475,6150,6425,2508700
05/07/2018,6375,6400,6225,6300,5574800
06/07/2018,6325,6350,6200,6200,2360100
09/07/2018,6250,6600,6225,6550,5603200
10/07/2018,6600,6650,6475,6650,6278100
11/07/2018,6600,6675,6500,6625,5216400
12/07/2018,6625,6625,6475,6550,3074800
13/07/2018,6475,6550,6450,6525,4189300
16/07/2018,6525,6550,6400,6525,3613900
17/07/2018,6450,6475,6375,6425,3247700
18/07/2018,6450,6450,6350,6400,3124000
19/07/2018,6400,6425,6325,6325,4363400
20/07/2018,6300,6350,6275,6275,5042500
23/07/2018,6300,6425,6275,6425,3590000
24/07/2018,6425,6450,6375,6400,2898800
25/07/2018,6400,6425,6350,6350,1290200
26/07/2018,6400,6400,6325,6375,3138900
27/07/2018,6400,6400,6275,6275,8735200
30/07/2018,6300,6350,6250,6275,9155400
31/07/2018,6350,6350,6250,6350,6709500
01/08/2018,6350,6450,6325,6425,7581800
02/08/2018,6425,6450,6350,6400,3044800
03/08/2018,6350,6425,6300,6375,3678500
06/08/2018,6400,6625,6375,6600,7211500
07/08/2018,6600,6650,6500,6575,5339500
08/08/2018,6600,6625,6400,6450,5200300
09/08/2018,6450,6475,6375,6425,2776800
10/08/2018,6425,6450,6325,6400,4038200
13/08/2018,6375,6375,6200,6200,4920300
14/08/2018,6250,6300,6000,6125,8213400
15/08/2018,6125,6225,6050,6125,7347500
16/08/2018,6100,6150,6050,6100,6587800
17/08/2018,6100,6100,6100,6100,0
20/08/2018,6225,6350,6150,6200,3653100
21/08/2018,6200,6500,6200,6475,7230000
22/08/2018,6475,6475,6475,6475,0
23/08/2018,6500,6600,6500,6600,7411300
24/08/2018,6650,6700,6600,6675,5193600
27/08/2018,6700,6775,6625,6675,5229200
28/08/2018,6675,6700,6425,6450,7898300
29/08/2018,6450,6475,6275,6375,7805700
30/08/2018,6375,6500,6300,6300,6908000
31/08/2018,6275,6375,6250,6375,7698200
03/09/2018,6375,6375,6325,6375,3770400
04/09/2018,6400,6425,6300,6350,5213400
05/09/2018,6300,6300,5950,5950,11865300
06/09/2018,5875,6100,5850,5950,7774000
07/09/2018,6000,6200,5975,6100,9081900
10/09/2018,6100,6200,6050,6125,3213300
11/09/2018,6125,6125,6125,6125,0
12/09/2018,6125,6125,6025,6125,8838700
13/09/2018,6125,6125,5925,6000,17650500
14/09/2018,6000,6225,5975,6175,9231100
17/09/2018,6200,6200,6050,6100,3320100
18/09/2018,6050,6100,5925,5925,12712800
19/09/2018,5950,6025,5850,5850,10491700
20/09/2018,5900,6025,5875,6000,9299100
21/09/2018,6075,6075,6000,6075,11840000
24/09/2018,6075,6075,5950,5975,3544000
25/09/2018,6000,6025,5950,6000,2098800
26/09/2018,6000,6025,5975,5975,1938000
27/09/2018,5975,6025,5925,5975,5665100
28/09/2018,5950,6000,5900,5900,9676200
01/10/2018,5900,6025,5900,6025,3788200
02/10/2018,6025,6025,5925,5975,4198100
03/10/2018,5950,5975,5925,5950,3465400
04/10/2018,5925,5950,5875,5900,4041000
05/10/2018,5900,5900,5775,5775,5549400
08/10/2018,5775,5825,5550,5575,13184800
09/10/2018,5600,5650,5575,5600,8004300
10/10/2018,5600,5725,5600,5700,9256600
11/10/2018,5550,5675,5500,5525,9393100
12/10/2018,5525,5700,5525,5575,6643500
15/10/2018,5575,5675,5525,5525,5150300
16/10/2018,5550,5650,5525,5650,5789800
17/10/2018,5675,6025,5675,6000,11591500
18/10/2018,6000,6100,5900,6100,7135800
19/10/2018,6000,6025,5850,6000,6181900
22/10/2018,6000,6000,5900,5950,3023600
23/10/2018,5950,5975,5800,5800,3202900
24/10/2018,5825,5875,5700,5700,4055800
25/10/2018,5600,5800,5600,5800,4207100
26/10/2018,5800,5825,5700,5700,3074400
29/10/2018,5800,5800,5650,5650,967500
30/10/2018,5650,5750,5650,5700,2559100
31/10/2018,5750,5975,5750,5975,8572600
01/11/2018,5975,6000,5750,5925,6362700
02/11/2018,5950,6075,5800,6025,9164200
05/11/2018,6050,6075,5900,5975,5153600
06/11/2018,6000,6000,5825,5825,6954700
07/11/2018,5800,5800,5700,5725,12166500
08/11/2018,5750,6000,5750,5975,14676900
09/11/2018,5950,5950,5725,5775,10561400
12/11/2018,5775,5800,5575,5575,7536900
13/11/2018,5700,5725,5600,5600,6991700
14/11/2018,5650,5700,5625,5650,7765800
15/11/2018,5650,5925,5650,5875,9805100
16/11/2018,5925,6050,5850,5950,18547200
19/11/2018,5950,5975,5850,5950,5507600
20/11/2018,5950,5950,5950,5950,0
21/11/2018,5900,6025,5825,6000,7348600
22/11/2018,6050,6300,6000,6250,10940500
23/11/2018,6150,6325,6150,6250,7701700
26/11/2018,6250,6300,6150,6275,3249900
27/11/2018,6275,6275,6175,6225,2954100
28/11/2018,6175,6200,6050,6050,5126100
29/11/2018,6100,6400,6100,6400,17057500
30/11/2018,6425,6600,6350,6600,21054400
03/12/2018,6650,6750,6500,6650,11643000
04/12/2018,6700,6700,6550,6625,10223700
05/12/2018,6500,6575,6450,6575,8844300
06/12/2018,6575,6725,6525,6675,9982000
07/12/2018,6725,6750,6650,6700,4687400
10/12/2018,6575,6625,6500,6525,5459500
11/12/2018,6525,6600,6400,6575,7863500
12/12/2018,6500,6750,6500,6725,11801200
13/12/2018,6800,7025,6800,6900,18246800
14/12/2018,6900,7125,6850,7075,16119700
17/12/2018,7050,7100,6925,6975,10255200
18/12/2018,6975,7150,6850,7075,9169400
19/12/2018,7075,7300,7075,7300,21249900
20/12/2018,7275,7375,7150,7350,16585400
21/12/2018,7275,7550,7250,7500,20143900
24/12/2018,7500,7500,7500,7500,0
25/12/2018,7500,7500,7500,7500,0
26/12/2018,7400,7400,7275,7375,6946900
27/12/2018,7400,7500,7350,7450,7934800
28/12/2018,7450,7475,7350,7450,5658600
31/12/2018,7450,7450,7450,7450,0
01/01/2019,7450,7450,7450,7450,0
02/01/2019,7425,7450,7250,7275,2114300
03/01/2019,7325,7500,7325,7475,7396900
04/01/2019,7400,7575,7350,7425,6549600
07/01/2019,7500,7650,7400,7425,8385000
08/01/2019,7425,7575,7300,7300,7246100
09/01/2019,7375,7400,7275,7325,9373200
10/01/2019,7275,7450,7200,7450,10032700
11/01/2019,7475,7500,7375,7475,7313100
14/01/2019,7400,7450,7375,7400,4955300
15/01/2019,7400,7500,7325,7500,7321500
16/01/2019,7475,7525,7375,7500,11507300
17/01/2019,7400,7525,7400,7500,9129800
18/01/2019,7525,7550,7425,7500,10220600
21/01/2019,7550,7550,7475,7500,7266700
22/01/2019,7575,7575,7500,7575,10249300
23/01/2019,7575,7675,7500,7650,9811700
24/01/2019,7700,7825,7625,7775,13757400
25/01/2019,7825,7850,7775,7850,6857200
28/01/2019,7875,7900,7525,7700,8105700
29/01/2019,7625,7725,7500,7700,6990300
30/01/2019,7575,7700,7525,7700,11433500
31/01/2019,7650,7750,7600,7750,15054900
01/02/2019,7625,7800,7625,7775,12587000
04/02/2019,7775,7800,7525,7600,13322100
05/02/2019,7600,7600,7600,7600,0
06/02/2019,7650,7725,7600,7650,11891700
07/02/2019,7600,7675,7550,7600,9943100
08/02/2019,7600,7725,7550,7700,9997000
11/02/2019,7750,7750,7650,7750,5865200
12/02/2019,7800,7800,7425,7600,8761200
13/02/2019,7600,7700,7600,7600,9769800
14/02/2019,7600,7625,7550,7550,6118100
15/02/2019,7600,7600,7425,7425,4941500
18/02/2019,7575,7650,7550,7625,3942700
19/02/2019,7650,7650,7475,7500,2286800
20/02/2019,7525,7575,7425,7500,6396800
21/02/2019,7475,7600,7475,7550,5095900
22/02/2019,7475,7625,7475,7625,6665200
25/02/2019,7625,7650,7575,7600,3938800
26/02/2019,7600,7650,7500,7600,4703500
27/02/2019,7525,7575,7400,7475,6564000
28/02/2019,7425,7425,7025,7075,18118700
01/03/2019,7100,7375,7075,7300,15756800
04/03/2019,7375,7375,7225,7375,4126900
05/03/2019,7375,7375,7150,7150,5515000
06/03/2019,7100,7200,7075,7200,7002100
07/03/2019,7200,7200,7200,7200,0
08/03/2019,7200,7300,7125,7250,4010100
11/03/2019,7175,7200,7125,7150,3948900
12/03/2019,7150,7250,7050,7100,6397300
13/03/2019,7075,7200,7000,7175,5830500
14/03/2019,7225,7225,7050,7075,5297400
15/03/2019,7125,7250,7075,7175,15581700
18/03/2019,7175,7250,7100,7225,4684600
19/03/2019,7250,7300,7200,7300,5455800
20/03/2019,7350,7350,7200,7275,4502700
21/03/2019,7275,7350,7175,7300,4435700
22/03/2019,7300,7400,7250,7400,3714500
25/03/2019,7350,7350,6675,6775,44339900
26/03/2019,6850,6925,6800,6900,16052300
27/03/2019,6900,6925,6550,6550,29274400
28/03/2019,6600,6675,6550,6575,13698900
29/03/2019,6575,6600,6375,6375,24330600
01/04/2019,6375,6400,6250,6275,14803600
02/04/2019,6300,6325,6125,6225,12941600
03/04/2019,6225,6225,6225,6225,0
04/04/2019,6250,6475,6250,6425,14697600
05/04/2019,6475,6525,6425,6475,11060000
08/04/2019,6525,6525,6325,6500,8122100
09/04/2019,6500,6575,6450,6550,5995000
10/04/2019,6575,6575,6425,6525,8191500
11/04/2019,6400,6400,6100,6175,26701300
12/04/2019,6150,6400,6150,6325,18944000
15/04/2019,6325,6500,6250,6400,18831600
16/04/2019,6450,6500,6375,6450,7864100
17/04/2019,6450,6450,6450,6450,0
18/04/2019,6600,6650,6275,6275,20284300
19/04/2019,6275,6275,6275,6275,0
22/04/2019,6275,6350,6175,6250,7073400
23/04/2019,6250,6375,6250,6350,5276700
24/04/2019,6400,6400,6300,6325,4957400
25/04/2019,6350,6350,6200,6250,7537000
26/04/2019,6275,6400,6200,6400,5748900
29/04/2019,6400,6425,6350,6425,4708200
30/04/2019,6550,7000,6550,6950,50600300
01/05/2019,6950,6950,6950,6950,0
02/05/2019,6950,7075,6800,7000,17405800
03/05/2019,7000,7025,6700,6800,10742200
06/05/2019,6600,6800,6550,6775,3462800
07/05/2019,6850,6875,6725,6850,6338000
08/05/2019,6675,6850,6675,6750,7032200
09/05/2019,6625,6700,6550,6625,9143600
10/05/2019,6700,6750,6600,6650,8679000
13/05/2019,6650,6725,6400,6400,8865100
14/05/2019,6150,6425,6150,6375,14284900
15/05/2019,6375,6400,6250,6250,8574000
16/05/2019,6175,6300,6100,6100,7602800
17/05/2019,6175,6200,6000,6000,6890000
20/05/2019,6150,6225,5850,6225,7418900
21/05/2019,6225,6325,6200,6250,9653100
22/05/2019,6250,6325,6175,6250,5867400
23/05/2019,6375,6450,6300,6400,5311200
24/05/2019,6400,6400,6300,6300,4276100
27/05/2019,6350,6525,6325,6525,7857500
28/05/2019,6525,6550,6375,6400,18328800
29/05/2019,6450,6525,6275,6350,8068500
30/05/2019,6350,6350,6350,6350,0
31/05/2019,6450,6675,6425,6600,13993100
03/06/2019,6600,6600,6600,6600,0
04/06/2019,6600,6600,6600,6600,0
05/06/2019,6600,6600,6600,6600,0
06/06/2019,6600,6600,6600,6600,0
07/06/2019,6600,6600,6600,6600,0
10/06/2019,6750,6975,6725,6900,16927100
11/06/2019,7000,7075,6700,7050,14457400
12/06/2019,7100,7100,6975,7025,9086900
13/06/2019,7050,7075,7000,7025,10009100
14/06/2019,7075,7075,7025,7050,9405000
17/06/2019,6900,6950,6850,6900,8436000
18/06/2019,6975,7075,6925,7050,11929200
19/06/2019,7100,7100,7000,7050,4303800
20/06/2019,7125,7150,7000,7000,6887300
21/06/2019,7050,7125,6850,7075,15619600
24/06/2019,7075,7075,7000,7050,3912800
25/06/2019,7075,7075,6950,6975,3575500
26/06/2019,7025,7025,6875,6950,4211900
27/06/2019,7000,7075,6925,7000,5640300
28/06/2019,7000,7100,7000,7025,4512100
01/07/2019,7025,7075,7000,7075,3767400
02/07/2019,7100,7150,7050,7125,6254100
03/07/2019,7150,7150,6950,7100,4854700
04/07/2019,7100,7100,7000,7050,1376400
05/07/2019,7025,7075,6925,7000,3080800
08/07/2019,6925,6975,6875,6925,2060100
09/07/2019,6900,6975,6850,6850,4418800
10/07/2019,6850,6925,6825,6900,7377400
11/07/2019,6925,6950,6800,6850,7875600
12/07/2019,6825,6900,6775,6775,5875300
15/07/2019,6850,6900,6750,6775,6387300
16/07/2019,6825,6950,6800,6900,10006800
17/07/2019,6925,7050,6900,6975,12993600
18/07/2019,7000,7100,6975,7050,8577200
19/07/2019,7100,7100,6975,7050,5075200
22/07/2019,7050,7075,6950,6950,3394900
23/07/2019,7000,7075,6975,7075,8500200
24/07/2019,7000,7050,6925,6950,3569600
25/07/2019,7000,7025,6950,6975,6629000
26/07/2019,6950,6975,6675,6675,9454000
29/07/2019,6725,6900,6725,6900,4438700
30/07/2019,6900,7000,6800,6900,5031900
31/07/2019,6900,7125,6900,7075,19169900
01/08/2019,7100,7250,7100,7225,18334700
02/08/2019,7125,7150,7050,7075,10270700
05/08/2019,7050,7175,6975,7050,12609000
06/08/2019,6975,7125,6900,7050,10653000
07/08/2019,7050,7300,7050,7200,17231200
08/08/2019,7300,7500,7275,7425,20685700
09/08/2019,7500,7525,7350,7475,7997400
12/08/2019,7500,7525,7450,7525,4498900
13/08/2019,7525,7525,7300,7400,11267800
14/08/2019,7400,7475,7400,7450,5866700
15/08/2019,7400,7575,7325,7575,7643200
16/08/2019,7600,7625,7500,7575,5535400
19/08/2019,7600,7675,7575,7675,8249500
20/08/2019,7675,7775,7675,7775,9977800
21/08/2019,7800,7825,7600,7700,6443600
22/08/2019,7750,7750,7500,7600,7393700
23/08/2019,7350,7775,7350,7775,7149600
26/08/2019,7525,7775,7500,7725,5711000
27/08/2019,7675,7750,7500,7750,13192800
28/08/2019,7750,7800,7700,7750,7963000
29/08/2019,7700,7850,7700,7825,11700100
30/08/2019,7825,7925,7775,7925,9889400
02/09/2019,7950,8025,7800,8000,9369700
03/09/2019,8000,8050,7975,8000,7706100
04/09/2019,8000,8025,7900,7925,9324600
05/09/2019,7900,8025,7750,8025,7312800
06/09/2019,8025,8025,7900,7975,5362100
09/09/2019,8000,8000,7825,8000,4149100
10/09/2019,8000,8000,7900,7950,4575600
11/09/2019,7900,7900,7575,7750,11398100
12/09/2019,7750,7750,7550,7550,6983000
13/09/2019,7500,7575,7450,7500,6772500
16/09/2019,7500,7750,7500,7750,5113900
17/09/2019,7700,7825,7675,7775,4795900
18/09/2019,7800,7875,7800,7875,2632100
19/09/2019,7900,7925,7875,7875,6527100
20/09/2019,7725,7850,7675,7700,13737300
23/09/2019,7700,7775,7625,7650,2778400
24/09/2019,7600,7625,7550,7600,3600000
25/09/2019,7525,7625,7525,7625,3972700
26/09/2019,7600,7750,7600,7725,4446500
27/09/2019,7675,7825,7650,7825,5460800
30/09/2019,7825,7825,7650,7700,6606000
01/10/2019,7625,7700,7625,7625,5195000
02/10/2019,7625,7700,7600,7675,2689900
03/10/2019,7700,7725,7625,7675,5708400
04/10/2019,7750,7850,7725,7850,3454800
07/10/2019,7850,7900,7625,7700,3308900
08/10/2019,7750,7900,7700,7775,5185000
09/10/2019,7775,7900,7775,7800,4204200
10/10/2019,7800,7825,7625,7650,10380200
11/10/2019,7600,7700,7575,7650,4374300
14/10/2019,7700,7750,7575,7700,4499900
15/10/2019,7725,7750,7600,7600,7251800
16/10/2019,7500,7725,7450,7575,8010700
17/10/2019,7600,7675,7575,7650,6389800
18/10/2019,7600,7650,7400,7550,7120500
21/10/2019,7550,7650,7475,7475,4544700
22/10/2019,7450,7475,7275,7375,11591900
23/10/2019,7400,7550,7375,7550,9843300
24/10/2019,7600,7650,7575,7650,8181100
25/10/2019,7675,7700,7500,7550,9747800
28/10/2019,7600,7700,7550,7700,4391100
29/10/2019,7600,7675,7500,7500,7541900
30/10/2019,7600,7600,7525,7600,4998800
31/10/2019,7600,7800,7525,7700,9579200
01/11/2019,7700,7775,7525,7750,3249100
04/11/2019,7800,7850,7700,7800,7750100
05/11/2019,7800,8000,7700,8000,11215700
06/11/2019,7800,7900,7750,7875,8828500
07/11/2019,7850,7875,7600,7750,8626700
08/11/2019,7625,7775,7600,7750,3504300
11/11/2019,7750,7925,7750,7925,5005400
12/11/2019,7925,7950,7750,7825,6407100
13/11/2019,7800,7825,7750,7775,4591100
14/11/2019,7800,7800,7625,7700,5521600
15/11/2019,7750,7900,7725,7875,5739900
18/11/2019,7875,8000,7850,7975,5867400
19/11/2019,7950,7975,7800,7950,3962900
20/11/2019,7850,8000,7800,8000,3206700
21/11/2019,8000,8000,7875,7950,9687500
22/11/2019,7925,7975,7875,7925,7584100
25/11/2019,7925,7950,7850,7950,7782900
26/11/2019,8000,8000,7800,7950,18468700
27/11/2019,7950,7975,7900,7950,3531100
28/11/2019,7950,8000,7875,7925,4600700
29/11/2019,7800,7950,7725,7950,5127000
02/12/2019,8000,8000,7875,8000,7471500
03/12/2019,8000,8000,7925,7950,7427300
04/12/2019,7875,7950,7850,7850,4190600
05/12/2019,7850,7950,7850,7875,5737000
06/12/2019,7875,8025,7875,8000,8394200
09/12/2019,8000,8050,7900,8025,8359900
10/12/2019,8000,8050,7950,7950,6171400
11/12/2019,8000,8000,7850,7850,4544100
12/12/2019,7850,7875,7625,7625,11772400
13/12/2019,7775,7775,7650,7750,5810400
16/12/2019,7750,7875,7750,7875,4859200
17/12/2019,7900,7950,7850,7950,6208100
18/12/2019,7975,7975,7900,7950,8303900
19/12/2019,7950,7950,7800,7925,4551700
20/12/2019,7850,7925,7800,7925,10539600
23/12/2019,8000,8050,7900,7950,5099500
26/12/2019,7850,7950,7800,7800,5716000
27/12/2019,7825,7925,7800,7925,6021500
30/12/2019,7900,7950,7900,7925,5321600
02/01/2020,7925,8000,7825,7975,5257300
03/01/2020,7975,8025,7950,8025,7682700
06/01/2020,7900,8025,7875,8000,5142700
07/01/2020,8000,8200,7975,8200,7510200
08/01/2020,8150,8225,8100,8225,7760200
09/01/2020,8250,8250,8175,8250,5890300
10/01/2020,8250,8250,8200,8250,6471300
13/01/2020,8175,8225,8100,8150,5178800
14/01/2020,8125,8175,8075,8125,6547800
15/01/2020,8175,8300,8000,8050,13124400
16/01/2020,8050,8175,8025,8175,7232700
17/01/2020,8175,8250,8150,8250,7379500
20/01/2020,8250,8275,8225,8250,11314800
21/01/2020,8200,8275,8150,8250,12007100
22/01/2020,8125,8275,8050,8050,8109000
23/01/2020,8125,8175,8100,8150,4747900
24/01/2020,8075,8250,8075,8200,2377300
27/01/2020,8175,8250,8100,8125,4163600
28/01/2020,8100,8175,7925,8125,5373100
29/01/2020,8075,8125,7900,7925,3673100
30/01/2020,7975,8025,7900,7900,4874900
31/01/2020,7950,7950,7800,7825,10189200
03/02/2020,7725,7750,7600,7675,6488600
04/02/2020,7700,7800,7700,7750,5253300
05/02/2020,7750,7775,7725,7750,5380800
06/02/2020,7800,7850,7700,7700,4353700
07/02/2020,7675,7875,7675,7850,4827500
10/02/2020,7850,7850,7725,7750,3995300
11/02/2020,7825,7825,7650,7675,7945200
12/02/2020,7600,7600,6925,7000,25892100
13/02/2020,7000,7125,6875,7000,11580200
14/02/2020,7025,7200,7025,7150,4838500
17/02/2020,7100,7200,7100,7150,3342000
18/02/2020,7100,7175,7100,7100,5887700
19/02/2020,7150,7175,7000,7050,5247600
20/02/2020,7100,7375,7050,7300,10616800
21/02/2020,7300,7325,7125,7200,6993800
24/02/2020,7000,7225,7000,7200,6967200
25/02/2020,7200,7300,7100,7225,6131700
26/02/2020,7200,7275,7000,7025,9428000
27/02/2020,7050,7175,6800,6900,5442100
28/02/2020,6700,6700,6375,6500,13279200
02/03/2020,6600,6975,6500,6675,14024800
03/03/2020,6700,7275,6700,7125,8924900
04/03/2020,7100,7250,7050,7175,8989200
05/03/2020,7250,7300,7125,7200,4037100
06/03/2020,7150,7150,6950,6950,5741200
09/03/2020,6650,6800,6350,6375,10550500
10/03/2020,6375,6900,6375,6750,10166500
11/03/2020,6750,6800,6525,6800,5828200
12/03/2020,6700,6750,6525,6650,7287800
13/03/2020,6550,7250,6200,6900,21040100
16/03/2020,6900,7000,6425,6425,13687800
17/03/2020,6425,6500,6000,6125,11764900
18/03/2020,6250,6300,5900,6075,9846800
19/03/2020,6000,6000,5650,5650,5986200
20/03/2020,5650,6025,5275,5750,31471200
23/03/2020,5750,5750,5350,5350,7765500
24/03/2020,5350,5600,5000,5050,16410200
26/03/2020,5350,6050,5250,5975,22194900
27/03/2020,6050,6800,6050,6800,26793200
30/03/2020,6550,6550,6325,6350,10482900
31/03/2020,6550,6825,6350,6350,23828700
01/04/2020,6350,6550,6275,6350,15997900
02/04/2020,6100,6875,6050,6800,12752200
03/04/2020,6925,6925,6475,6600,12287400
06/04/2020,6700,6850,6600,6725,12455800
07/04/2020,6750,6875,6450,6525,14200200
08/04/2020,6525,6525,6125,6250,12756300
09/04/2020,6250,6500,6200,6375,10662800
13/04/2020,6400,6475,6300,6400,6005200
14/04/2020,6400,6550,6400,6450,7463700
15/04/2020,6500,6550,6375,6425,12517200
16/04/2020,6400,6400,6050,6050,13443500
17/04/2020,6200,6300,6075,6250,11213400
20/04/2020,6250,6425,6175,6225,8954400
21/04/2020,6200,6400,6175,6275,6468800
22/04/2020,6200,6450,6175,6300,9006400
23/04/2020,6400,6575,6300,6525,10046800
24/04/2020,6525,6575,6300,6325,7318000
27/04/2020,6450,6475,6275,6300,4302000
28/04/2020,6300,6525,6300,6475,6777000
29/04/2020,6500,6725,6475,6675,10002500
30/04/2020,6675,6800,6525,6525,9999100
04/05/2020,6500,6725,6325,6600,10894100
05/05/2020,6700,6700,6525,6525,4467200
06/05/2020,6525,6650,6450,6500,4649100
08/05/2020,6600,6700,6500,6625,9168700
11/05/2020,6700,6725,6525,6525,6007600
12/05/2020,6550,6575,6300,6325,9522400
13/05/2020,6300,6400,6200,6325,6378600
14/05/2020,6325,6600,6300,6575,10183700
15/05/2020,6625,6650,6475,6575,6817800
18/05/2020,6575,6650,6475,6500,7220700
19/05/2020,6575,6750,6550,6750,7364000
20/05/2020,6750,6750,6300,6425,14400700
26/05/2020,6425,6425,6000,6000,17466600
27/05/2020,6025,6025,5600,5600,17652100
28/05/2020,5400,6050,5225,5675,81128900
29/05/2020,5700,5925,5600,5750,54627900
02/06/2020,5800,6175,5800,6025,35346700
03/06/2020,6075,6275,6025,6200,24004300
04/06/2020,6200,6300,6100,6150,19460100
05/06/2020,6150,6150,6050,6150,13867100
08/06/2020,6200,6225,6125,6200,22630400
09/06/2020,6200,6475,6200,6300,29253100
10/06/2020,6325,6400,6100,6150,11632900
11/06/2020,6050,6175,6025,6100,12513600
12/06/2020,6100,6100,5900,6100,9715900
15/06/2020,6100,6375,6075,6200,16214900
16/06/2020,6300,6400,6275,6400,15697800
17/06/2020,6400,6550,6400,6550,15534000
18/06/2020,6525,6550,6450,6475,11351300
19/06/2020,6475,6575,6450,6575,11836400
22/06/2020,6575,6675,6500,6575,10163000
23/06/2020,6575,6575,6425,6425,6372400
24/06/2020,6425,6550,6425,6525,5955300
25/06/2020,6525,6525,6375,6375,6437400
26/06/2020,6450,6675,6425,6675,11505900
29/06/2020,6650,6750,6525,6750,7600200
30/06/2020,6750,6800,6525,6525,13636700
01/07/2020,6500,6600,6475,6550,10713100
02/07/2020,6575,6600,6475,6575,11912300
03/07/2020,6600,6675,6575,6675,9538000
06/07/2020,6675,6750,6600,6625,3128400
07/07/2020,6650,6650,6400,6575,6934800
08/07/2020,6550,6625,6525,6625,4221100
09/07/2020,6650,6675,6550,6550,9461600
10/07/2020,6550,6575,6500,6500,7994100
13/07/2020,6500,6625,6500,6575,6617200
14/07/2020,6575,6625,6500,6600,8191900
15/07/2020,6650,6650,6500,6525,9117100
16/07/2020,6600,6750,6600,6625,23742800
17/07/2020,6700,6700,6525,6550,23964500
20/07/2020,6575,6750,6550,6600,21600300
21/07/2020,6650,6725,6625,6675,14061700
22/07/2020,6725,6800,6650,6675,14452000
23/07/2020,6675,6725,6650,6725,21204800
24/07/2020,6525,6525,6450,6475,13204100
27/07/2020,6500,6525,6450,6475,6303500
28/07/2020,6500,6500,6400,6425,9564800
29/07/2020,6425,6450,6350,6400,7944800
30/07/2020,6500,6500,6400,6450,10514000
03/08/2020,6475,6550,6300,6475,12457500
04/08/2020,6650,6800,6500,6750,45557500
05/08/2020,6750,7100,6750,7075,29370600
06/08/2020,7100,7175,6950,7025,15089000
07/08/2020,7025,7075,6850,6875,11677700
10/08/2020,6875,7000,6875,6975,11772200
11/08/2020,6975,7100,6975,7050,12655100
12/08/2020,7050,7150,7000,7050,16834200
13/08/2020,7100,7250,7025,7225,13482600
14/08/2020,7150,7325,7100,7325,6606400
18/08/2020,7350,7400,7250,7250,11570800
19/08/2020,7250,7300,7175,7200,8552800
24/08/2020,7200,7500,7200,7500,10263900
25/08/2020,7500,7850,7500,7850,18916800
26/08/2020,7850,7850,7625,7675,10434100
27/08/2020,7675,7725,7600,7675,7856800
28/08/2020,7700,7700,7600,7625,7054400
31/08/2020,7625,7800,7625,7625,15223500
01/09/2020,7600,7700,7400,7650,15776700
02/09/2020,7525,7750,7525,7750,10946000
03/09/2020,7800,7850,7700,7725,7228900
04/09/2020,7700,7700,7500,7600,7578500
07/09/2020,7600,7800,7600,7800,8595700
08/09/2020,7800,8000,7775,7900,11121800
09/09/2020,7850,7875,7525,7575,12012800
10/09/2020,7500,7500,7050,7250,17395800
11/09/2020,7000,7600,7000,7575,12441000
14/09/2020,7700,7900,7625,7800,13583200
15/09/2020,7800,7825,7600,7675,11969000
16/09/2020,7625,7675,7575,7600,4784000
17/09/2020,7525,7600,7400,7400,7810000
18/09/2020,7425,7600,7400,7525,12208400
21/09/2020,7575,7650,7500,7525,6058000
22/09/2020,7425,7600,7400,7525,5940800
23/09/2020,7450,7575,7425,7425,6002300
24/09/2020,7400,7425,7050,7125,13985400
25/09/2020,7125,7200,7075,7125,10590700
28/09/2020,7150,7200,7000,7000,8872000
29/09/2020,7050,7175,7000,7000,8282300
30/09/2020,7050,7150,7000,7150,6032400
01/10/2020,7100,7175,7100,7175,2470600
02/10/2020,7200,7225,7025,7075,4691800
05/10/2020,7150,7200,7075,7100,2731300
06/10/2020,7175,7325,7175,7225,7241600
07/10/2020,7225,7375,7100,7125,8868400
08/10/2020,7125,7275,7100,7225,6069800
09/10/2020,7225,7275,7200,7225,2322100
12/10/2020,7300,7325,7200,7200,5120500
13/10/2020,7225,7250,7075,7250,8052700
14/10/2020,7225,7250,7100,7125,10279200
15/10/2020,7125,7150,7000,7050,14582800
16/10/2020,7050,7100,7000,7075,10694800
19/10/2020,7125,7150,7100,7150,3912200
20/10/2020,7150,7175,7000,7025,8968700
21/10/2020,7075,7125,7050,7075,5279800
22/10/2020,7075,7225,7025,7225,8964200
23/10/2020,7200,7200,7050,7075,6734900
26/10/2020,7075,7100,7025,7075,6495000
27/10/2020,7050,7075,7000,7000,9447300
02/11/2020,7000,7075,6825,7025,16241000
03/11/2020,7025,7050,6950,7000,6839400
04/11/2020,7050,7075,6950,6950,7124700
05/11/2020,7075,7125,7000,7125,9670300
06/11/2020,7025,7200,7025,7175,17154400
09/11/2020,7175,7275,7150,7200,15842000
10/11/2020,7300,7300,7125,7150,16395800
11/11/2020,7100,7225,7025,7050,15180200
12/11/2020,7050,7200,7050,7175,14050400
13/11/2020,7200,7200,7100,7100,7229400
16/11/2020,7150,7175,7125,7150,8258000
17/11/2020,7150,7425,7150,7275,19444400
18/11/2020,7300,7425,7300,7350,12693300
19/11/2020,7350,7375,7250,7275,8422500
20/11/2020,7300,7350,7175,7225,13621800
23/11/2020,7300,7300,7225,7275,7560300
24/11/2020,7350,7350,7225,7250,9553000
25/11/2020,7300,7350,7125,7150,18608200
26/11/2020,7125,7250,7125,7225,6716000
27/11/2020,7175,7350,7175,7300,11056100
30/11/2020,7325,7350,7000,7100,41426700
01/12/2020,7125,7175,7025,7100,12223000
02/12/2020,7100,7250,7100,7150,20584900
03/12/2020,7200,7275,7050,7050,17398300
04/12/2020,7075,7100,7000,7025,7084500
07/12/2020,7025,7150,7025,7100,15162700
08/12/2020,7100,7125,7000,7000,20773900
10/12/2020,7000,7075,6975,6975,24969200
11/12/2020,7000,7025,6925,6925,12019500
14/12/2020,6925,7025,6900,7025,14940000
15/12/2020,7025,7050,6850,6900,24500700
16/12/2020,6900,6975,6900,6900,21226500
17/12/2020,6900,6975,6850,6850,13726500
18/12/2020,6850,6950,6825,6825,18415800
21/12/2020,6825,7075,6825,7050,18759700
22/12/2020,7050,7075,6825,6825,17134800
23/12/2020,6875,6925,6700,6800,10921000
28/12/2020,6900,6925,6725,6925,5918900
29/12/2020,6925,6950,6825,6825,7869500
30/12/2020,6825,6900,6750,6850,13708100
04/01/2021,6850,6900,6775,6825,6655300
05/01/2021,6825,6925,6825,6850,14953600
06/01/2021,6850,6875,6700,6750,13331700
07/01/2021,6750,6825,6750,6775,7031400
08/01/2021,6775,6825,6750,6800,12862000
11/01/2021,6800,6825,6750,6750,15471100
12/01/2021,6800,6900,6725,6725,15844300
13/01/2021,6800,6800,6700,6700,13975500
14/01/2021,6750,6775,6700,6725,9115700
15/01/2021,6725,6775,6650,6675,12883300
18/01/2021,6675,6850,6650,6850,12872200
19/01/2021,6900,7025,6800,6800,29859400
20/01/2021,6800,6850,6750,6750,12921600
21/01/2021,6800,6825,6750,6775,7256800
22/01/2021,6800,6850,6675,6675,12729400
25/01/2021,6675,6750,6600,6625,9830000
26/01/2021,6625,6725,6550,6575,12599500
27/01/2021,6575,6675,6525,6550,8761900
28/01/2021,6525,6575,6325,6325,11374700
29/01/2021,6425,6550,6050,6050,27088500
01/02/2021,6100,6275,6000,6250,13536900
02/02/2021,6300,6475,6250,6325,16938300
03/02/2021,6375,6450,6300,6300,10659800
04/02/2021,6300,6350,6275,6325,9622800
05/02/2021,6325,6375,6275,6325,7175100
08/02/2021,6325,6375,6225,6250,10698600
09/02/2021,6250,6250,6100,6150,16389300
10/02/2021,6175,6225,6125,6125,12959600
11/02/2021,6125,6300,6125,6300,9091500
15/02/2021,6325,6350,6150,6150,12525200
16/02/2021,6200,6225,6075,6100,15087800
17/02/2021,6175,6175,6075,6100,5738900
18/02/2021,6175,6175,6050,6050,8654700
19/02/2021,6050,6125,6025,6075,5309600
22/02/2021,6100,6150,6050,6050,8928400
23/02/2021,6075,6100,6000,6050,10874800
24/02/2021,6100,6200,6075,6100,11677000
25/02/2021,6175,6175,6100,6125,7496000
26/02/2021,6125,6150,6050,6050,21120400
01/03/2021,6100,6125,6050,6100,9537900
02/03/2021,6150,6300,6125,6275,16995000
03/03/2021,6300,6350,6200,6300,14417200
04/03/2021,6300,6300,6175,6200,10535500
05/03/2021,6100,6225,6100,6125,10281700
08/03/2021,6200,6250,6150,6175,8327900
09/03/2021,6250,6275,6150,6200,11669300
10/03/2021,6250,6400,6200,6400,12830000
12/03/2021,6425,6475,6350,6375,13809200
15/03/2021,6400,6450,6375,6400,7742700
16/03/2021,6450,6475,6400,6400,4449100
17/03/2021,6475,6475,6350,6350,5487400
18/03/2021,6400,6425,6300,6300,9918000
19/03/2021,6300,6500,6275,6500,18918100
22/03/2021,6500,6550,6325,6350,12601900
23/03/2021,6525,6750,6525,6675,30644300
24/03/2021,6675,6725,6575,6725,14817700
25/03/2021,6725,6750,6500,6625,15252100
26/03/2021,6650,6775,6550,6750,14473700
29/03/2021,6775,6800,6675,6800,8711200
30/03/2021,6800,6825,6625,6700,8013900
31/03/2021,6725,6725,6425,6600,14076000
01/04/2021,6600,6750,6525,6725,10400800
05/04/2021,6800,6800,6650,6650,8378100
06/04/2021,6725,6775,6625,6750,7035000
07/04/2021,6800,6800,6675,6775,4626500
08/04/2021,6700,6750,6650,6675,6318100
09/04/2021,6650,6700,6600,6600,5953200
12/04/2021,6600,6700,6525,6600,8463900
13/04/2021,6625,6650,6525,6575,7908500
14/04/2021,6600,6625,6550,6575,2736900
15/04/2021,6550,6650,6500,6650,4067600
16/04/2021,6625,6750,6575,6700,8024700
19/04/2021,6750,6775,6675,6750,6456700
20/04/2021,6700,6750,6675,6750,4485900
21/04/2021,6725,6800,6700,6775,5957600
22/04/2021,6800,6800,6675,6675,5354200
23/04/2021,6675,6750,6650,6750,4746700
26/04/2021,6750,6750,6650,6675,5724200
27/04/2021,6650,6700,6525,6525,6433900
28/04/2021,6550,6675,6525,6675,4379400
29/04/2021,6675,6675,6525,6525,7824600
30/04/2021,6575,6600,6500,6525,4426900
03/05/2021,6525,6550,6450,6475,5685300
04/05/2021,6500,6575,6450,6575,2921300
05/05/2021,6600,6600,6500,6500,3234600
06/05/2021,6525,6575,6500,6550,3749600
07/05/2021,6500,6575,6500,6500,3537800
10/05/2021,6525,6650,6525,6575,7849700
11/05/2021,6575,6650,6525,6575,7528400
17/05/2021,6600,6625,6325,6350,12918300
18/05/2021,6350,6450,6350,6375,5181000
19/05/2021,6375,6450,6350,6375,6071500
20/05/2021,6400,6475,6300,6375,6549800
21/05/2021,6375,6425,6325,6350,4549500
24/05/2021,6350,6350,6225,6275,6645400
25/05/2021,6275,6325,6225,6300,9217700
27/05/2021,6325,6375,6250,6250,19375100
28/05/2021,6225,6300,6125,6225,11134300
31/05/2021,6225,6350,6200,6350,7281000
02/06/2021,6400,6475,6375,6450,8305800
03/06/2021,6450,6675,6400,6675,9230800
04/06/2021,6600,6625,6450,6575,7802700
07/06/2021,6575,6575,6400,6575,5807400
08/06/2021,6525,6550,6375,6375,5824900
09/06/2021,6375,6375,6250,6275,8710600
10/06/2021,6275,6325,6250,6250,7499200
11/06/2021,6300,6325,6250,6275,5349300
14/06/2021,6300,6325,6250,6275,1774100
15/06/2021,6275,6300,6250,6250,6205400
16/06/2021,6250,6375,6250,6275,3877900
17/06/2021,6275,6300,6225,6250,3618300
18/06/2021,6250,6250,5975,5975,31608600
21/06/2021,5750,6100,5750,6025,7919800
22/06/2021,6075,6275,6075,6175,7005100
23/06/2021,6175,6225,6025,6025,8020900
24/06/2021,6025,6050,5925,5975,7558400
25/06/2021,5975,6150,5975,6050,4983500
28/06/2021,6050,6100,6000,6000,4362200
29/06/2021,6025,6250,6000,6225,11014600
30/06/2021,6225,6250,6150,6175,6063400
01/07/2021,6300,6600,6300,6550,25772000
02/07/2021,6600,6650,6475,6575,13176700
05/07/2021,6575,6650,6400,6450,9409300
06/07/2021,6500,6500,6400,6450,5961000
07/07/2021,6475,6575,6425,6450,8760800
08/07/2021,6450,6525,6425,6425,6331800
09/07/2021,6425,6575,6375,6475,6737800
12/07/2021,6500,6625,6500,6600,6033900
13/07/2021,6600,6700,6575,6625,9462600
14/07/2021,6625,6625,6525,6625,9076900
15/07/2021,6650,6700,6575,6675,6065800
16/07/2021,6675,6700,6525,6625,5581900
19/07/2021,6625,6675,6550,6650,6565300
21/07/2021,6650,6675,6500,6525,8853700
22/07/2021,6525,6575,6475,6525,6293400
23/07/2021,6525,6575,6450,6475,6496900
26/07/2021,6475,6550,6475,6500,2365400
27/07/2021,6575,6575,6475,6575,3170500
28/07/2021,6575,6575,6425,6500,2551700
29/07/2021,6450,6500,6375,6375,8460000
30/07/2021,6400,6450,6075,6075,17612100
02/08/2021,6175,6225,6100,6175,7791300
03/08/2021,6175,6250,6125,6125,6803100
04/08/2021,6150,6200,6100,6175,8354800
05/08/2021,6200,6250,6175,6200,5577600
06/08/2021,6200,6300,6150,6225,4446500
09/08/2021,6225,6275,6100,6150,4900300
10/08/2021,6125,6175,6050,6125,6276400
12/08/2021,6175,6250,6125,6200,8716200
13/08/2021,6250,6300,6200,6225,4764300
16/08/2021,6275,6375,6200,6350,7940600
18/08/2021,6400,6475,6375,6400,6963400
19/08/2021,6375,6400,6175,6250,6790800
20/08/2021,6225,6225,6150,6175,4015600
23/08/2021,6200,6250,6175,6225,4877300
24/08/2021,6225,6300,6175,6300,4955000
25/08/2021,6350,6375,6250,6325,5437500
26/08/2021,6350,6400,6275,6275,6674600
27/08/2021,6325,6450,6275,6425,11218400
30/08/2021,6450,6525,6425,6525,8838300
31/08/2021,6525,6525,6175,6175,29734700
01/09/2021,6275,6400,6275,6350,10351400
02/09/2021,6400,6450,6375,6450,6606600
03/09/2021,6475,6550,6425,6525,14115000
06/09/2021,6550,6575,6450,6475,11023000
07/09/2021,6300,6300,6200,6250,9378400
08/09/2021,6275,6275,6150,6175,11104500
09/09/2021,6175,6275,6150,6275,9251000
10/09/2021,6300,6300,6225,6225,3664000
13/09/2021,6200,6250,6175,6225,1815700
14/09/2021,6275,6275,6175,6175,3388600
15/09/2021,6175,6250,6175,6250,4024900
16/09/2021,6250,6275,6175,6200,3692500
17/09/2021,6200,6225,6150,6200,9684300
20/09/2021,6200,6225,6125,6150,3568800
21/09/2021,6150,6175,6100,6150,3730100
22/09/2021,6175,6200,6150,6200,2410500
23/09/2021,6200,6225,6150,6150,5395000
24/09/2021,6150,6200,6100,6150,6243600
27/09/2021,6150,6175,6100,6100,4794800
28/09/2021,6100,6225,6100,6150,6688300
29/09/2021,6125,6175,6100,6150,4698800
30/09/2021,6200,6375,6175,6350,17585000
01/10/2021,6325,6325,6175,6250,8796400
04/10/2021,6300,6450,6225,6425,13243300
05/10/2021,6425,6525,6350,6500,10904600
06/10/2021,6525,6650,6525,6600,14518800
07/10/2021,6625,6725,6625,6700,14057700
08/10/2021,6700,6750,6600,6700,7786300
11/10/2021,6725,6725,6600,6625,4124900
12/10/2021,6650,6700,6600,6675,6394400
13/10/2021,6650,6825,6625,6775,14065500
14/10/2021,6775,6900,6775,6850,20074200
15/10/2021,6900,6950,6750,6775,15567200
18/10/2021,6850,6875,6750,6775,14298500
19/10/2021,6775,6875,6725,6825,13144700
21/10/2021,6850,6900,6700,6700,12586700
22/10/2021,6700,6700,6600,6650,7423900
25/10/2021,6675,6725,6625,6650,6118400
26/10/2021,6700,6725,6600,6675,7012800
27/10/2021,6625,6675,6450,6475,9480800
28/10/2021,6450,6500,6350,6400,10016800
29/10/2021,6400,6475,6350,6350,8757400
01/11/2021,6325,6400,6250,6275,16153400
02/11/2021,6300,6350,6200,6275,11685600
03/11/2021,6275,6300,6200,6250,8534200
04/11/2021,6250,6350,6250,6275,7149400
05/11/2021,6275,6325,6225,6250,6618800
08/11/2021,6250,6325,6250,6275,6313200
09/11/2021,6300,6350,6275,6350,7461700
10/11/2021,6350,6350,6250,6275,10524900
11/11/2021,6275,6350,6250,6325,11349000
12/11/2021,6350,6375,6300,6350,3702900
15/11/2021,6350,6375,6250,6300,5020300
16/11/2021,6300,6325,6275,6300,5785000
17/11/2021,6300,6325,6275,6300,4586800
18/11/2021,6325,6575,6300,6550,27526600
19/11/2021,6600,6625,6500,6550,15329300
22/11/2021,6550,6650,6525,6625,6550100
23/11/2021,6625,6650,6550,6600,5566900
24/11/2021,6600,6600,6450,6550,6460100
25/11/2021,6500,6550,6475,6475,5060400
26/11/2021,6475,6525,6325,6350,10209100
29/11/2021,6325,6575,6300,6500,10021900
30/11/2021,6550,6550,6300,6300,18352800
01/12/2021,6400,6650,6400,6525,18018500
02/12/2021,6525,6600,6475,6475,7752700
03/12/2021,6475,6500,6400,6450,11984300
06/12/2021,6425,6525,6400,6425,9863600
07/12/2021,6425,6475,6350,6350,7943100
08/12/2021,6375,6450,6375,6375,3746700
09/12/2021,6425,6550,6400,6550,5859900
10/12/2021,6500,6625,6450,6625,9437900
13/12/2021,6625,6625,6550,6550,6051800
14/12/2021,6575,6575,6450,6450,6530400
15/12/2021,6500,6600,6475,6500,3988500
16/12/2021,6500,6575,6425,6425,5261600
17/12/2021,6425,6500,6425,6475,8264800
20/12/2021,6475,6500,6350,6375,5455500
21/12/2021,6375,6425,6325,6375,5431900
22/12/2021,6375,6400,6300,6300,4308500
23/12/2021,6350,6400,6300,6375,3952900
24/12/2021,6375,6400,6350,6400,2114600
27/12/2021,6400,6425,6350,6375,1824500
28/12/2021,6425,6425,6300,6325,3868400
29/12/2021,6350,6400,6325,6400,2810200
30/12/2021,6400,6425,6300,6325,5535600
03/01/2022,6325,6350,6250,6250,7155400
04/01/2022,6250,6325,6250,6275,9175000
05/01/2022,6300,6300,6200,6225,10376700
06/01/2022,6225,6300,6225,6300,4718900
07/01/2022,6350,6450,6325,6425,10167800
10/01/2022,6425,6475,6375,6400,7142500
11/01/2022,6450,6550,6400,6525,12672700
12/01/2022,6525,6600,6500,6600,9446400
13/01/2022,6600,6600,6525,6600,5598300
14/01/2022,6600,6600,6500,6500,6834000
17/01/2022,6500,6600,6425,6475,7248800
18/01/2022,6500,6525,6350,6425,7813200
19/01/2022,6450,6475,6375,6425,4464400
20/01/2022,6425,6450,6350,6350,8229600
21/01/2022,6350,6500,6350,6475,7217800
24/01/2022,6475,6500,6375,6400,3787900
25/01/2022,6400,6450,6325,6350,5219900
26/01/2022,6400,6475,6350,6450,6722000
27/01/2022,6425,6450,6350,6425,4047800
28/01/2022,6400,6425,6325,6375,5353300
31/01/2022,6350,6450,6325,6325,4971500
02/02/2022,6325,6400,6325,6400,3565700
03/02/2022,6400,6425,6350,6425,2665200
04/02/2022,6425,6475,6350,6425,3232400
07/02/2022,6425,6475,6400,6475,5443600
08/02/2022,6450,6475,6375,6375,5007900
09/02/2022,6425,6425,6325,6350,8939600
10/02/2022,6350,6400,6300,6325,8112700
11/02/2022,6325,6350,6300,6350,7515200
14/02/2022,6325,6350,6250,6350,4262800
15/02/2022,6350,6375,6300,6375,5152400
16/02/2022,6375,6375,6300,6300,6400300
17/02/2022,6325,6375,6300,6375,3840500
18/02/2022,6375,6400,6350,6375,6763400
21/02/2022,6375,6375,6275,6275,8706200
22/02/2022,6275,6400,6275,6400,7470200
23/02/2022,6400,6425,6300,6400,6864000
24/02/2022,6375,6400,6250,6325,8360500
25/02/2022,6300,6350,6200,6200,24140700
01/03/2022,6225,6275,6175,6175,15672200
02/03/2022,6175,6250,6100,6200,14053900
04/03/2022,6150,6200,6050,6075,14789200
07/03/2022,6050,6050,5725,5725,35629100
08/03/2022,5750,6000,5725,5925,20442800
09/03/2022,5975,6000,5925,5950,8867300
10/03/2022,6025,6075,5950,6075,8016200
11/03/2022,6075,6075,5975,6050,5351600
14/03/2022,6050,6200,6025,6100,8130600
15/03/2022,6100,6150,6000,6050,8829700
16/03/2022,6050,6150,6025,6150,7731600
17/03/2022,6150,6200,6100,6125,7419900
18/03/2022,6125,6150,5975,6025,15851000
21/03/2022,6050,6075,5950,5975,6475900
22/03/2022,5975,6050,5975,6025,6930300
23/03/2022,6000,6050,5975,5975,5430300
24/03/2022,6000,6000,5925,5950,9611600
25/03/2022,5950,5950,5775,5775,21806000
28/03/2022,5750,5825,5725,5800,15893200
29/03/2022,5850,5900,5800,5825,11353400
30/03/2022,5875,5950,5850,5925,11301400
31/03/2022,6000,6025,5925,5950,11813300
01/04/2022,5975,6050,5950,6050,11891700
04/04/2022,6050,6100,6025,6100,10168700
05/04/2022,6100,6100,6025,6100,6112700
06/04/2022,6100,6100,6000,6100,10919600
07/04/2022,6075,6175,6025,6100,11712800
08/04/2022,6175,6175,6075,6125,9286800
11/04/2022,6125,6150,6025,6075,6762800
12/04/2022,6075,6150,6000,6150,9354300
13/04/2022,6150,6200,6075,6200,11091100
14/04/2022,6200,6225,6125,6125,5824500
18/04/2022,6125,6200,6075,6125,8823500
19/04/2022,6125,6200,6100,6200,6003800
20/04/2022,6225,6275,6200,6225,12880200
21/04/2022,6200,6325,6200,6250,12424000
22/04/2022,6250,6325,6200,6300,14597300
25/04/2022,6250,6350,6225,6300,9508800
26/04/2022,6300,6375,6225,6300,12656500
27/04/2022,6300,6400,6250,6350,10374300
28/04/2022,6375,6375,6300,6300,9008400
09/05/2022,6225,6275,6000,6125,21830800
10/05/2022,6100,6400,6025,6400,22214800
11/05/2022,6400,6550,6400,6450,22876600
12/05/2022,6475,6525,6350,6400,14638500
13/05/2022,6375,6500,6325,6450,16624400
17/05/2022,6400,6500,6375,6500,13570400
18/05/2022,6500,6500,6400,6500,6964900
19/05/2022,6425,6500,6375,6450,13302700
20/05/2022,6450,6475,6400,6450,5765400
23/05/2022,6425,6475,6300,6400,11788700
24/05/2022,6400,6425,6275,6275,8924500
25/05/2022,6275,6400,6250,6400,8163400
27/05/2022,6400,6450,6325,6425,8665600
30/05/2022,6475,6475,6375,6450,4042200
31/05/2022,6450,6600,6400,6600,20679300
02/06/2022,6700,6700,6575,6700,19442300
03/06/2022,6700,6700,6600,6675,12168900
06/06/2022,6700,6925,6675,6925,27810700
07/06/2022,6900,6975,6825,6925,14439800
08/06/2022,6975,7000,6875,6975,14006900
09/06/2022,6975,6975,6800,6875,15634600
10/06/2022,6825,6875,6775,6875,7714700
13/06/2022,6775,6850,6625,6825,12818500
14/06/2022,6800,6875,6650,6875,11888800
15/06/2022,6850,6875,6750,6800,8012700
16/06/2022,6800,6850,6700,6800,8840900
17/06/2022,6700,6825,6650,6825,20368400
20/06/2022,6800,6900,6725,6900,10905200
21/06/2022,6900,6950,6850,6875,7172600
22/06/2022,6925,7000,6850,6975,14873800
23/06/2022,7000,7125,6925,7125,18142900
24/06/2022,7150,7175,7000,7075,15927400
27/06/2022,7075,7200,7000,7200,9670700
28/06/2022,7175,7250,7125,7250,13067400
29/06/2022,7225,7225,7075,7100,10225300
30/06/2022,7075,7150,7025,7050,12205400
01/07/2022,7050,7100,6975,7025,6190600
04/07/2022,7025,7050,6725,6825,8577700
05/07/2022,6850,7025,6850,6925,7717600
06/07/2022,6925,7000,6800,7000,6837000
07/07/2022,7000,7025,6900,6900,6754100
08/07/2022,6950,7025,6925,7025,5318200
11/07/2022,7000,7025,6925,7025,2961000
12/07/2022,7050,7100,6975,7050,5209400
13/07/2022,7000,7000,6800,6825,10978800
14/07/2022,6825,6950,6800,6925,7611600
15/07/2022,6925,6950,6825,6900,4235000
18/07/2022,6900,7050,6875,7050,8349100
19/07/2022,7050,7150,7050,7150,10570700
20/07/2022,7150,7175,7075,7100,9147600
21/07/2022,7125,7200,7050,7175,12515300
22/07/2022,7175,7200,7050,7050,3703400
25/07/2022,7050,7075,7000,7025,4355300
26/07/2022,7025,7050,6950,7000,6311400
27/07/2022,7000,7025,6925,7000,7768600
28/07/2022,6950,7000,6875,6900,13846500
29/07/2022,6900,6925,6800,6800,17090700
01/08/2022,6825,6925,6825,6900,14285000
02/08/2022,6700,6750,6625,6700,11697200
03/08/2022,6675,6675,6525,6575,10883100
04/08/2022,6550,6650,6550,6650,14150300
05/08/2022,6650,6675,6550,6625,10508000
08/08/2022,6600,6650,6550,6625,9518400
09/08/2022,6625,6675,6550,6550,10862800
10/08/2022,6550,6625,6500,6625,11884700
11/08/2022,6650,6650,6600,6600,7552600
12/08/2022,6650,6650,6575,6625,6935600
15/08/2022,6625,6625,6550,6625,3707800
16/08/2022,6625,6650,6450,6550,15973400
18/08/2022,6550,6600,6500,6575,10405500
19/08/2022,6600,6650,6575,6575,9669600
22/08/2022,6550,6650,6550,6650,6047100
23/08/2022,6650,6650,6600,6650,4805600
24/08/2022,6650,6650,6575,6650,5240700
25/08/2022,6650,6675,6575,6575,4791100
26/08/2022,6550,6600,6500,6500,6220300
29/08/2022,6475,6625,6450,6625,4316400
30/08/2022,6625,6625,6500,6500,7090200
31/08/2022,6300,6350,6200,6225,28438200
01/09/2022,6225,6375,6225,6275,13391800
02/09/2022,6325,6425,6300,6400,13138800
05/09/2022,6400,6450,6325,6375,9181400
06/09/2022,6375,6425,6325,6350,6556900
07/09/2022,6325,6375,6275,6300,11491000
08/09/2022,6350,6350,6250,6250,10362500
09/09/2022,6300,6325,6200,6225,14636800
12/09/2022,6200,6275,6175,6225,10782800
13/09/2022,6225,6300,6200,6200,9240200
14/09/2022,6200,6250,6150,6225,8907600
15/09/2022,6225,6250,6175,6175,15583400
16/09/2022,6150,6300,6150,6300,18158600
19/09/2022,6275,6275,6200,6200,9070800
20/09/2022,6250,6275,6200,6200,6634700
21/09/2022,6200,6250,6200,6250,7204000
22/09/2022,6225,6250,6175,6250,6200900
23/09/2022,6250,6275,6200,6200,6647900
26/09/2022,6225,6250,6150,6200,8771700
27/09/2022,6200,6225,6125,6150,9551400
28/09/2022,6150,6150,6100,6100,13294700
29/09/2022,6100,6150,6025,6025,7205400
30/09/2022,6050,6175,6025,6025,12140400
03/10/2022,6025,6100,6025,6025,5291700
04/10/2022,6050,6125,6025,6050,8703800
05/10/2022,6100,6150,6025,6025,8316000
06/10/2022,6100,6100,6050,6100,5066900
07/10/2022,6075,6125,6025,6075,6908800
10/10/2022,6075,6150,6050,6125,6180000
11/10/2022,6100,6150,6050,6125,6202100
12/10/2022,6125,6125,6025,6075,5408900
13/10/2022,6100,6125,6025,6050,7809000
14/10/2022,6075,6100,6050,6050,5931800
17/10/2022,6050,6150,6025,6125,10678400
18/10/2022,6150,6175,6100,6175,7913800
19/10/2022,6200,6250,6125,6225,12959800
20/10/2022,6225,6350,6200,6350,12801200
21/10/2022,6350,6375,6275,6275,7353500
24/10/2022,6300,6350,6275,6300,7061800
25/10/2022,6300,6325,6200,6200,11860800
26/10/2022,6275,6350,6225,6325,10509600
27/10/2022,6325,6350,6275,6300,8558700
28/10/2022,6350,6375,6300,6375,11249000
31/10/2022,6375,6475,6375,6450,15454700
01/11/2022,6450,6475,6350,6450,10859900
02/11/2022,6425,6450,6350,6425,8049600
03/11/2022,6400,6425,6325,6375,6507700
04/11/2022,6350,6450,6350,6450,8342600
07/11/2022,6450,6500,6375,6500,9420800
08/11/2022,6550,6550,6400,6475,4847400
09/11/2022,6475,6550,6425,6550,11459700
10/11/2022,6550,6550,6400,6475,6477700
11/11/2022,6500,6500,6375,6400,6379700
14/11/2022,6425,6475,6375,6475,3416300
15/11/2022,6475,6500,6400,6500,6211600
16/11/2022,6500,6500,6400,6500,5248500
17/11/2022,6500,6525,6450,6525,5720700
18/11/2022,6500,6525,6450,6500,3196400
21/11/2022,6500,6550,6475,6525,3922700
22/11/2022,6525,6525,6450,6450,4377700
23/11/2022,6475,6500,6400,6450,4470700
24/11/2022,6450,6525,6400,6425,3331400
25/11/2022,6400,6425,6300,6325,7401400
28/11/2022,6325,6350,6250,6275,7771700
29/11/2022,6275,6375,6275,6325,6442200
30/11/2022,6325,6500,6325,6450,27602900
01/12/2022,6550,6700,6525,6675,23432500
02/12/2022,6675,6800,6550,6775,18869100
05/12/2022,6775,6775,6675,6775,5681800
06/12/2022,6775,6775,6650,6775,10495400
07/12/2022,6750,6850,6725,6850,13883500
08/12/2022,6850,6900,6750,6900,12426900
09/12/2022,6875,6950,6825,6925,13036900
12/12/2022,6925,7000,6825,6975,11385900
13/12/2022,6975,6975,6850,6925,6947300
14/12/2022,6925,7000,6900,6950,8285900
15/12/2022,6950,7000,6900,6975,7323000
16/12/2022,6950,7000,6900,6950,18611800
19/12/2022,6950,7000,6850,7000,7004500
20/12/2022,6975,6975,6850,6975,4376800
21/12/2022,6975,6975,6850,6900,2354800
22/12/2022,6900,6925,6800,6800,3586200
23/12/2022,6800,6875,6750,6825,3652000
26/12/2022,6775,6875,6775,6875,1596500
27/12/2022,6875,6900,6800,6800,1878100
28/12/2022,6800,6850,6675,6725,5291600
29/12/2022,6700,6800,6700,6800,4037800
30/12/2022,6800,6800,6700,6725,3503600
02/01/2023,6725,6825,6725,6775,1627200
03/01/2023,6750,6850,6750,6750,3939000
04/01/2023,6750,6925,6750,6850,5506500
05/01/2023,6875,6875,6775,6850,7888600
06/01/2023,6850,6950,6725,6950,6807500
09/01/2023,6950,7000,6800,6950,6662300
10/01/2023,6900,6900,6600,6675,14808700
11/01/2023,6675,6725,6525,6675,8614300
12/01/2023,6675,6700,6600,6625,5670600
13/01/2023,6625,6700,6500,6700,10145600
16/01/2023,6675,6725,6625,6700,5525400
17/01/2023,6725,6875,6700,6825,10513800
18/01/2023,6825,6950,6800,6950,8657000
19/01/2023,6900,6950,6850,6875,5746900
20/01/2023,6875,6900,6775,6875,8859000
24/01/2023,6875,6925,6825,6925,2858200
25/01/2023,6925,6950,6800,6800,4065400
26/01/2023,6800,6850,6700,6700,7859300
27/01/2023,6700,6775,6675,6700,11380600
30/01/2023,6700,6800,6675,6800,4366900
31/01/2023,6800,6850,6650,6725,13151600
01/02/2023,6700,6725,6625,6650,6670400
02/02/2023,6650,6675,6575,6600,12490700
03/02/2023,6625,6725,6600,6700,7031300
06/02/2023,6700,6725,6600,6675,5734700
07/02/2023,6675,6700,6625,6675,3099300
08/02/2023,6700,6800,6675,6800,6700000
09/02/2023,6800,6825,6750,6775,4626300
10/02/2023,6775,6900,6700,6900,6431600
13/02/2023,6850,6875,6725,6725,5797100
14/02/2023,6725,6800,6700,6750,4590400
15/02/2023,6700,6750,6600,6675,7480200
16/02/2023,6675,6675,6600,6600,5561500
17/02/2023,6600,6600,6500,6600,11153200
20/02/2023,6550,6625,6550,6625,4762600
21/02/2023,6600,6625,6525,6525,6341600
22/02/2023,6525,6600,6525,6600,2984600
23/02/2023,6600,6625,6550,6575,4014800
24/02/2023,6575,6625,6550,6575,2435400
27/02/2023,6575,6600,6525,6600,6349700
28/02/2023,6600,6600,6475,6475,15811400
01/03/2023,6475,6500,6275,6275,14766000
02/03/2023,6300,6350,6250,6250,9675100
03/03/2023,6250,6325,6250,6275,7910700
06/03/2023,6300,6325,6250,6250,5126200
07/03/2023,6250,6325,6200,6250,8384500
08/03/2023,6250,6275,6150,6150,9222400
09/03/2023,6175,6250,6150,6150,5789000
10/03/2023,6150,6200,6100,6125,5466400
13/03/2023,6125,6225,6100,6125,5179700
14/03/2023,6150,6225,6125,6175,7033700
15/03/2023,6175,6225,6100,6100,6553100
16/03/2023,6100,6175,6050,6150,3570900
17/03/2023,6150,6225,6100,6125,17695500
20/03/2023,6125,6200,6125,6200,2325300
21/03/2023,6225,6225,6125,6125,7628100
24/03/2023,6200,6400,6175,6325,9974300
27/03/2023,6425,6425,6350,6375,7332800
28/03/2023,6375,6450,6350,6375,7110100
29/03/2023,6400,6475,6350,6350,10059800
30/03/2023,6400,6475,6350,6400,7313600
31/03/2023,6400,6425,6200,6200,15207500
03/04/2023,6200,6250,6175,6175,7453300
04/04/2023,6175,6350,6175,6350,7999600
05/04/2023,6375,6375,6275,6275,6600000
06/04/2023,6300,6350,6250,6250,6684600
10/04/2023,6275,6325,6200,6325,5879200
11/04/2023,6325,6350,6250,6350,4139000
12/04/2023,6325,6350,6250,6275,7923000
13/04/2023,6300,6325,6275,6275,2624900
14/04/2023,6275,6400,6275,6300,8912100
17/04/2023,6325,6400,6275,6325,10704300
18/04/2023,6400,6400,6325,6350,4925100
26/04/2023,6400,6500,6375,6500,14098900
27/04/2023,6475,6500,6375,6425,7393900
28/04/2023,6425,6500,6400,6450,11951800
02/05/2023,6475,6500,6400,6500,6229800
03/05/2023,6775,6800,6550,6650,20460100
04/05/2023,6600,6700,6550,6625,13351700
05/05/2023,6650,6700,6575,6700,8005500
08/05/2023,6700,6875,6675,6875,15963300
09/05/2023,6875,6900,6775,6825,8982000
10/05/2023,6850,6900,6800,6900,8697100
11/05/2023,6900,6900,6750,6800,4955500
12/05/2023,6800,6800,6700,6725,8843800
15/05/2023,6725,6775,6675,6725,8207300
16/05/2023,6725,6850,6700,6825,12010300
17/05/2023,6825,6850,6725,6800,8442300
19/05/2023,6800,6950,6775,6950,13551700
22/05/2023,6950,7000,6875,6900,9774100
23/05/2023,6900,6975,6900,6950,17598400
24/05/2023,6950,6975,6875,6950,10056700
25/05/2023,6975,7175,6950,7100,18238400
26/05/2023,7100,7250,7100,7200,12859400
29/05/2023,7200,7275,7125,7200,8783500
30/05/2023,7175,7200,7150,7150,4062300
31/05/2023,7175,7275,7100,7100,30276400
05/06/2023,7200,7275,7150,7250,16147500
06/06/2023,7275,7475,7250,7375,20431800
07/06/2023,7425,7475,7400,7450,15381300
08/06/2023,7500,7500,7375,7425,7128700
09/06/2023,7325,7475,7325,7425,7917400
12/06/2023,7450,7475,7425,7450,9202800
13/06/2023,7475,7475,7350,7350,6909100
14/06/2023,7350,7450,7350,7425,7028600
15/06/2023,7450,7475,7400,7450,6013200
16/06/2023,7425,7475,7275,7275,20763800
19/06/2023,7275,7400,7275,7400,12730100
20/06/2023,7375,7375,7125,7150,15719800
21/06/2023,7175,7400,7175,7375,9816700
22/06/2023,7375,7400,7225,7225,6933500
23/06/2023,7250,7400,7250,7300,6846700
26/06/2023,7350,7425,7300,7325,10303900
27/06/2023,7350,7350,7250,7350,5117200
03/07/2023,7350,7375,7225,7250,13036000
04/07/2023,7275,7375,7250,7375,7371300
05/07/2023,7375,7475,7350,7425,9377600
06/07/2023,7425,7475,7375,7450,18386200
07/07/2023,7300,7350,7225,7275,13723700
10/07/2023,7300,7325,7250,7250,5040100
11/07/2023,7250,7325,7250,7300,6802300
12/07/2023,7325,7475,7275,7400,7082100
13/07/2023,7400,7525,7400,7450,13443000
14/07/2023,7475,7550,7425,7450,8083900
17/07/2023,7425,7450,7300,7300,8103500
18/07/2023,7325,7350,7225,7350,4210000
20/07/2023,7350,7375,7250,7325,4843300
21/07/2023,7325,7350,7250,7325,4121300
24/07/2023,7350,7350,7275,7275,2613300
25/07/2023,7325,7325,7175,7175,7641300
26/07/2023,7175,7250,7150,7175,6788300
27/07/2023,7175,7325,7175,7250,4790800
28/07/2023,7275,7325,7200,7325,6679800
31/07/2023,7325,7375,7250,7325,10226200
01/08/2023,7275,7275,7000,7000,15284400
02/08/2023,7000,7050,6900,7050,10482500
03/08/2023,7050,7125,7000,7050,7667100
04/08/2023,7050,7100,7000,7050,3234300
07/08/2023,7100,7125,7050,7075,6723400
08/08/2023,7025,7100,6975,7000,10356300
09/08/2023,7000,7000,6925,6975,8377200
10/08/2023,6975,7100,6975,7075,11422100
11/08/2023,7100,7100,7000,7050,10644900
14/08/2023,7050,7075,6975,7050,9921900
15/08/2023,7050,7050,6950,7000,5207500
16/08/2023,7000,7100,6975,7100,4884000
18/08/2023,7050,7100,7000,7050,6531000
21/08/2023,7050,7050,6950,7000,7689000
22/08/2023,6975,7050,6975,7000,3011900
23/08/2023,7000,7150,7000,7075,8107300
24/08/2023,7075,7125,7025,7025,5008100
25/08/2023,7025,7150,7000,7125,6990900
28/08/2023,7125,7175,7075,7100,3667400
29/08/2023,7150,7200,7100,7150,7986000
30/08/2023,7150,7175,7025,7050,6222700
31/08/2023,7050,7100,7025,7100,8339000
01/09/2023,7100,7100,7000,7000,7093600
04/09/2023,7000,7050,6875,6900,10757100
05/09/2023,6900,6900,6825,6850,9101400
06/09/2023,6850,6900,6825,6875,11380400
07/09/2023,6875,6950,6850,6950,11387100
08/09/2023,6975,6975,6875,6925,6631800
11/09/2023,6925,6950,6875,6950,4051500
12/09/2023,6975,6975,6825,6850,7691500
13/09/2023,6850,6900,6800,6900,7498200
14/09/2023,6850,6875,6700,6700,14765100
15/09/2023,6700,6750,6650,6750,16267700
18/09/2023,6750,6750,6575,6600,10488700
19/09/2023,6600,6700,6600,6675,4209900
20/09/2023,6675,6925,6675,6800,13558600
21/09/2023,6800,6875,6650,6700,14277900
22/09/2023,6700,6800,6700,6775,8640500
25/09/2023,6800,6825,6700,6775,10989900
26/09/2023,6775,6800,6700,6700,8020900
27/09/2023,6700,6775,6650,6750,6313500
29/09/2023,6750,6775,6625,6625,10802800
02/10/2023,6625,6800,6625,6750,6077200
03/10/2023,6750,6825,6725,6725,8195600
04/10/2023,6725,6775,6675,6750,10500800
05/10/2023,6775,6975,6725,6875,15362100
06/10/2023,6925,7100,6850,6875,11936900
09/10/2023,6900,6925,6800,6850,6425200
10/10/2023,6900,6950,6800,6800,4329100
11/10/2023,6825,6900,6750,6750,14465700
12/10/2023,6750,6850,6725,6725,7306700
13/10/2023,6750,6775,6700,6700,3865100
16/10/2023,6700,6775,6675,6725,6263100
17/10/2023,6750,6850,6725,6850,6085400
18/10/2023,6850,6850,6750,6800,6339600
19/10/2023,6800,6800,6700,6750,8549100
20/10/2023,6725,6750,6650,6675,4622200
23/10/2023,6700,6725,6600,6600,6392900
24/10/2023,6600,6800,6600,6725,5377200
25/10/2023,6725,6825,6725,6750,3305700
26/10/2023,6750,6825,6625,6750,13444300
27/10/2023,6750,6800,6700,6750,3881200
30/10/2023,6750,6775,6625,6725,7559900
31/10/2023,6725,6750,6600,6650,5296800
01/11/2023,6700,6950,6600,6650,17099100
02/11/2023,6700,6700,6475,6475,14730300
03/11/2023,6500,6550,6325,6375,17258700
06/11/2023,6375,6425,6325,6350,11673400
07/11/2023,6350,6400,6325,6375,8637700
08/11/2023,6375,6400,6225,6350,9490600
09/11/2023,6350,6400,6300,6325,4705100
10/11/2023,6325,6375,6300,6325,4843800
13/11/2023,6350,6450,6325,6450,5301800
14/11/2023,6450,6500,6375,6375,4049000
15/11/2023,6425,6475,6425,6425,4640400
16/11/2023,6450,6475,6350,6450,4296200
17/11/2023,6450,6450,6350,6425,4205400
20/11/2023,6450,6475,6400,6400,2162700
21/11/2023,6425,6450,6350,6425,4177300
22/11/2023,6425,6425,6350,6350,5321400
23/11/2023,6375,6425,6325,6350,4273200
24/11/2023,6350,6425,6350,6425,1745400
27/11/2023,6425,6500,6400,6400,5362700
28/11/2023,6400,6450,6375,6375,5766500
29/11/2023,6400,6450,6375,6425,4533600
30/11/2023,6375,6425,6275,6425,27474900
01/12/2023,6425,6425,6300,6325,10269200
04/12/2023,6350,6400,6325,6350,6679200
05/12/2023,6375,6475,6350,6475,7961900
06/12/2023,6450,6625,6425,6500,10236700
07/12/2023,6500,6500,6400,6450,5407500
08/12/2023,6400,6425,6325,6400,7280800
11/12/2023,6400,6400,6325,6375,4425400
12/12/2023,6375,6425,6350,6425,3053800
13/12/2023,6400,6425,6350,6400,3848400
14/12/2023,6400,6450,6375,6400,2822100
15/12/2023,6350,6375,6325,6325,11985300
18/12/2023,6325,6375,6250,6275,14586700
19/12/2023,6275,6350,6250,6325,2670000
20/12/2023,6325,6350,6275,6275,5902400
21/12/2023,6300,6325,6250,6275,5786000
22/12/2023,6300,6350,6275,6275,6712600
27/12/2023,6275,6400,6275,6350,3536000
28/12/2023,6350,6500,6350,6450,8530100
29/12/2023,6475,6475,6400,6450,4935900
02/01/2024,6450,6475,6375,6450,5426000
03/01/2024,6450,6475,6400,6400,4723600
04/01/2024,6425,6500,6400,6450,3613500
05/01/2024,6475,6550,6450,6450,8987300
08/01/2024,6450,6500,6400,6400,5581500
09/01/2024,6400,6425,6350,6375,7189600
10/01/2024,6375,6450,6350,6350,8212600
11/01/2024,6400,6425,6350,6350,3817600
12/01/2024,6350,6400,6350,6375,5482500
15/01/2024,6400,6500,6400,6450,6476000
16/01/2024,6475,6525,6425,6450,9762800
17/01/2024,6450,6450,6350,6400,7956300
18/01/2024,6375,6400,6325,6375,6634800
19/01/2024,6400,6475,6350,6450,7319600
22/01/2024,6450,6475,6400,6425,7346000
23/01/2024,6425,6425,6350,6400,7874600
24/01/2024,6400,6450,6375,6450,4089900
25/01/2024,6450,6475,6400,6400,6866400
26/01/2024,6400,6450,6375,6425,5164900
29/01/2024,6425,6425,6375,6425,6407200
30/01/2024,6400,6425,6375,6400,4531400
31/01/2024,6375,6425,6375,6375,9544700
01/02/2024,6350,6450,6350,6350,10779600
02/02/2024,6350,6400,6350,6400,7356800
05/02/2024,6400,6425,6300,6300,9865400
06/02/2024,6325,6400,6300,6350,9445700
07/02/2024,6375,6450,6325,6350,10270400
12/02/2024,6350,6450,6350,6400,7077000
13/02/2024,6400,6450,6350,6350,5485300
15/02/2024,6425,6475,6375,6400,12271900
16/02/2024,6400,6475,6400,6425,5762300
19/02/2024,6450,6575,6425,6475,8429500
20/02/2024,6475,6575,6475,6550,5677400
21/02/2024,6550,6600,6500,6600,10104200
22/02/2024,6600,6725,6575,6725,9489900
23/02/2024,6750,6750,6625,6725,8713200
26/02/2024,6675,6700,6550,6625,7884800
27/02/2024,6600,6600,6525,6575,5456800
28/02/2024,6575,6625,6550,6625,2090500
29/02/2024,6625,6650,6525,6625,10783000
01/03/2024,6550,6675,6550,6675,6023600
04/03/2024,6675,6675,6550,6550,5809200
05/03/2024,6575,6575,6475,6500,6990600
06/03/2024,6500,6550,6475,6500,4956200
07/03/2024,6475,6500,6350,6350,11093000
08/03/2024,6375,6400,6325,6350,11796000
13/03/2024,6350,6425,6300,6300,13159000
14/03/2024,6325,6425,6300,6425,9245200
15/03/2024,6425,6500,6375,6425,21189100
18/03/2024,6450,6500,6400,6450,5242800
19/03/2024,6450,6475,6375,6425,9572300
20/03/2024,6450,6475,6425,6475,5278100
21/03/2024,6475,6525,6425,6450,7929300
22/03/2024,6450,6475,6400,6425,3483700
25/03/2024,6500,6500,6425,6450,5631900
26/03/2024,6400,6400,6225,6375,14396800
27/03/2024,6350,6375,6275,6325,9153300
28/03/2024,6325,6375,6325,6375,6138100
01/04/2024,6400,6425,6325,6425,9236200
02/04/2024,6425,6600,6400,6600,12799100
03/04/2024,6600,6600,6525,6550,10251600
04/04/2024,6550,6550,6475,6500,4924100
05/04/2024,6500,6575,6500,6500,6930600
16/04/2024,6300,6375,6125,6150,31099400
17/04/2024,6175,6200,6050,6050,12128500
18/04/2024,6050,6125,6050,6125,11611100
19/04/2024,6100,6100,6025,6100,10631200
22/04/2024,6100,6150,6025,6150,8102700
23/04/2024,6150,6150,6025,6025,7475600
24/04/2024,6050,6100,6025,6050,5024200
25/04/2024,6075,6200,6050,6200,7265800
26/04/2024,6200,6200,6050,6050,5110600
29/04/2024,6075,6175,6050,6175,5155300
30/04/2024,6200,6300,6125,6250,8890900
02/05/2024,6250,6275,6150,6225,9811900
03/05/2024,6250,6250,6125,6225,3416500
06/05/2024,6275,6275,6150,6225,5501200
07/05/2024,6225,6250,6150,6150,4465300
08/05/2024,6175,6200,6100,6200,6840500
13/05/2024,6175,6175,6025,6100,10170800
14/05/2024,6125,6175,6075,6175,7383800
15/05/2024,6150,6175,6050,6100,7161400
16/05/2024,6100,6175,6100,6150,8487800
17/05/2024,6150,6200,6100,6150,6993300
20/05/2024,6150,6250,6150,6225,6498900
21/05/2024,6225,6225,6100,6150,9376200
22/05/2024,6150,6175,6100,6150,3596200
27/05/2024,6150,6175,6025,6125,9550900
28/05/2024,6125,6175,6075,6125,5510700
29/05/2024,6100,6125,6050,6125,8131100
30/05/2024,6125,6125,6025,6050,9246200
31/05/2024,6075,6100,5875,5875,30407000
03/06/2024,5900,6050,5900,6050,11655600
04/06/2024,6050,6150,6025,6100,6440500
05/06/2024,6150,6200,6100,6125,4633000
06/06/2024,6175,6200,6125,6200,5444400
07/06/2024,6200,6250,6150,6200,3728000
10/06/2024,6225,6225,6100,6175,4207500
11/06/2024,6150,6175,6100,6125,5396100
12/06/2024,6125,6200,6100,6200,6352800
13/06/2024,6200,6200,6100,6125,5135700
14/06/2024,6125,6150,6025,6075,7040000
19/06/2024,6075,6100,5850,5925,12196300
20/06/2024,5950,5950,5850,5925,8634300
21/06/2024,5925,6100,5900,5975,17023600
24/06/2024,6025,6025,5925,5925,6285700
25/06/2024,5950,5975,5875,5950,5323200
26/06/2024,5950,5950,5875,5900,7732400
27/06/2024,5950,6050,5925,6025,6280500
28/06/2024,6000,6150,6000,6075,10535600
01/07/2024,6075,6100,6025,6100,8021400
02/07/2024,6100,6125,6050,6100,6210100
03/07/2024,6100,6100,6025,6100,6800500
04/07/2024,6100,6125,6075,6075,3875700
05/07/2024,6100,6125,6075,6125,5046400
08/07/2024,6125,6200,6125,6200,11876600
09/07/2024,5975,6000,5900,5950,10614700
10/07/2024,5975,6025,5950,6000,7017700
11/07/2024,6000,6025,5925,5925,6350700
12/07/2024,5975,6000,5950,5950,3555500
15/07/2024,5975,6000,5925,5975,3834200
16/07/2024,5975,5975,5925,5950,3606700
17/07/2024,5975,6050,5950,6050,7001500
18/07/2024,6050,6075,6000,6075,5349000
19/07/2024,6050,6075,5975,6075,6000100
22/07/2024,6100,6100,6000,6025,4423500
23/07/2024,6050,6100,6025,6100,5032300
24/07/2024,6100,6125,5975,6000,9933700
25/07/2024,6000,6100,5975,6100,9087300
26/07/2024,6125,6150,6050,6125,5425500
29/07/2024,6075,6150,6075,6075,4808700
30/07/2024,6125,6125,6000,6050,4096800
31/07/2024,6075,6125,6025,6125,14631000
01/08/2024,6075,6250,6025,6150,15237800
02/08/2024,6150,6175,6100,6100,6432100
05/08/2024,6075,6100,5950,6050,12489900
06/08/2024,6025,6150,6025,6100,11577400
07/08/2024,6075,6150,6075,6125,4240800
08/08/2024,6150,6225,6125,6225,9398000
09/08/2024,6225,6275,6175,6275,7072600
12/08/2024,6275,6300,6225,6250,5556100
13/08/2024,6275,6350,6275,6325,10450200
14/08/2024,6325,6650,6325,6500,29984700
15/08/2024,6500,6550,6400,6475,9582600
16/08/2024,6500,6525,6400,6525,9525600
19/08/2024,6525,6525,6375,6450,10034100
20/08/2024,6500,6525,6425,6525,15255400
21/08/2024,6550,6650,6525,6625,15685700
22/08/2024,6575,6650,6550,6650,12105900
23/08/2024,6650,6725,6575,6700,12451800
26/08/2024,6700,6850,6675,6850,14052700
27/08/2024,6875,6900,6725,6800,12167700
28/08/2024,6825,6825,6700,6825,9438700
29/08/2024,6825,6825,6750,6800,13268500
30/08/2024,6800,6850,6725,6850,22109100
02/09/2024,6825,6825,6725,6725,7855400
03/09/2024,6700,6775,6675,6775,11645700
04/09/2024,6725,6725,6650,6700,8269000
05/09/2024,6700,6975,6700,6975,24214500
06/09/2024,6925,7075,6900,7025,14297700
09/09/2024,7000,7025,6850,6925,7130200
10/09/2024,6950,7050,6925,7050,12142200
11/09/2024,7000,7025,6950,7000,9456400
12/09/2024,7050,7175,6975,7150,22469600
13/09/2024,7150,7200,7050,7100,10834600
17/09/2024,7100,7150,7025,7100,7883900
18/09/2024,7125,7150,7050,7075,5432300
19/09/2024,7100,7150,7075,7075,10922700
20/09/2024,7100,7200,7075,7150,26483100
23/09/2024,7150,7175,7075,7100,12867300
24/09/2024,7125,7175,7075,7175,15044300
25/09/2024,7175,7175,7075,7175,17985300
26/09/2024,7200,7250,7175,7225,17996900
27/09/2024,7250,7250,7175,7175,9528100
30/09/2024,7175,7175,7050,7050,11723100
01/10/2024,7050,7175,7050,7175,10450000
02/10/2024,7125,7150,7025,7075,9654400
03/10/2024,7075,7150,7050,7100,6836300
04/10/2024,7100,7125,7000,7050,5621400
07/10/2024,7000,7000,6825,6925,10832200
08/10/2024,6925,7000,6850,7000,8899500
09/10/2024,7000,7025,6925,6925,9822000
10/10/2024,7000,7100,6925,7025,11875300
11/10/2024,7100,7100,6975,7000,4466300
14/10/2024,7000,7100,6975,7050,3970200
15/10/2024,7050,7250,7050,7200,17967100
16/10/2024,7250,7275,7150,7175,8884800
17/10/2024,7175,7275,7175,7175,5424900
18/10/2024,7225,7475,7200,7425,23782600
21/10/2024,7400,7425,7325,7400,8431800
22/10/2024,7400,7475,7350,7425,14443100
23/10/2024,7450,7550,7425,7500,19206700
24/10/2024,7500,7550,7475,7525,9344600
25/10/2024,7575,7575,7450,7500,6074400
28/10/2024,7500,7525,7375,7525,4958500
29/10/2024,7500,7575,7450,7575,10860100
30/10/2024,7575,7575,7450,7475,9561400
31/10/2024,7525,7650,7500,7600,25840000
01/11/2024,7700,7750,7250,7300,15829400
04/11/2024,7300,7525,7300,7450,15494300
05/11/2024,7525,7875,7500,7875,29732300
06/11/2024,7875,8000,7725,7800,13926400
07/11/2024,7800,7900,7700,7900,19304100
08/11/2024,7850,7850,7700,7700,5888900
11/11/2024,7750,7800,7675,7800,11979400
12/11/2024,7800,7900,7750,7850,13959400
13/11/2024,7825,7850,7700,7725,5007600
14/11/2024,7750,7825,7650,7700,16757100
15/11/2024,7700,7800,7675,7725,4657800
18/11/2024,7725,7725,7675,7725,10756900
19/11/2024,7725,7800,7700,7800,8208700
20/11/2024,7800,7800,7725,7800,5830300
21/11/2024,7775,7775,7600,7625,7336900
22/11/2024,7625,7625,7375,7475,11199100
25/11/2024,7500,7600,7450,7600,19268900
26/11/2024,7550,7675,7500,7650,8590100
28/11/2024,7650,7650,7500,7650,8604300
29/11/2024,7675,7700,7550,7550,12609500
02/12/2024,7475,7600,7475,7550,7732700
03/12/2024,7575,7850,7550,7775,18804600
04/12/2024,7800,7850,7775,7850,16801400
05/12/2024,7850,7875,7800,7875,7087100
06/12/2024,7875,7925,7825,7925,15943900
09/12/2024,7875,8200,7875,8200,17366100
10/12/2024,8200,8250,8075,8150,9525000
11/12/2024,8075,8300,8075,8200,12998600
12/12/2024,8200,8200,8025,8200,8878600
13/12/2024,8200,8275,8075,8175,7183300
16/12/2024,8175,8200,8025,8125,5622300
17/12/2024,8125,8125,7925,8050,10833500
18/12/2024,8050,8050,7750,7825,7359400
19/12/2024,7775,7775,7550,7650,9507300
20/12/2024,7650,7750,7600,7625,14593200
23/12/2024,7675,7800,7650,7725,5529200
24/12/2024,7725,7725,7600,7625,3634000
27/12/2024,7650,7725,7625,7700,3653300
30/12/2024,7700,7750,7650,7700,4827500
02/01/2025,7750,7750,7325,7475,6664900
03/01/2025,7525,7650,7450,7550,6037900
06/01/2025,7500,7500,7325,7375,5623300
07/01/2025,7375,7450,7275,7450,9008100
08/01/2025,7475,7475,7375,7475,4544100
09/01/2025,7475,7575,7375,7500,4878300
10/01/2025,7525,7875,7525,7725,9687000
13/01/2025,7700,7775,7525,7725,9607900
14/01/2025,7700,7700,7500,7525,11063800
15/01/2025,7525,7700,7525,7700,8521800
16/01/2025,7700,7800,7575,7575,12172900
17/01/2025,7575,7625,7450,7600,7870400
20/01/2025,7600,7600,7375,7375,6379800
21/01/2025,7400,7500,7375,7450,6124100
22/01/2025,7450,7700,7450,7625,11271200
23/01/2025,7675,7775,7500,7500,10736000
24/01/2025,7575,7775,7500,7550,8203900
30/01/2025,7550,7650,7500,7625,6145500
31/01/2025,7625,7850,7575,7850,11044600
03/02/2025,7850,7850,7525,7625,10474800
04/02/2025,7625,7825,7600,7700,7501300
05/02/2025,7575,7700,7450,7525,9710600
06/02/2025,7525,7550,7450,7525,6866800
07/02/2025,7550,7650,7400,7650,7629300
10/02/2025,7675,8175,7675,7775,14592500
11/02/2025,7775,7800,7650,7700,6946200
12/02/2025,7725,7850,7725,7800,5349600
13/02/2025,7800,7950,7700,7800,8661800
14/02/2025,7800,7900,7750,7750,3998600
17/02/2025,7750,7925,7750,7825,4776400
18/02/2025,7825,7875,7775,7850,2868600
19/02/2025,7850,8075,7825,8000,12307500
20/02/2025,8000,8000,7775,7975,7553700
21/02/2025,7975,7975,7700,7700,8930700
24/02/2025,7700,7900,7700,7900,4720100
25/02/2025,7900,7950,7750,7825,5652200
26/02/2025,7750,7775,7450,7725,11788900
27/02/2025,7700,7700,7500,7600,7256500
28/02/2025,7550,7625,7050,7125,22647000
03/03/2025,7200,7500,7100,7350,7086800
04/03/2025,7350,7450,7175,7325,6242600
05/03/2025,7325,7475,7275,7425,7505800
06/03/2025,7425,7500,7300,7300,6797700
07/03/2025,7275,7325,7225,7250,6418600
10/03/2025,7225,7550,7225,7550,9491200
11/03/2025,7475,7475,7275,7275,9518800
12/03/2025,7275,7500,7275,7475,8069300
13/03/2025,7475,7475,7250,7300,7096800
14/03/2025,7300,7325,7125,7175,8582900
17/03/2025,7200,7325,7150,7275,6236900
18/03/2025,7275,7275,6900,7075,11584800
19/03/2025,7075,7200,7050,7200,6108300
20/03/2025,7200,7200,7025,7025,7613900
21/03/2025,7075,7075,6725,6975,15614200
24/03/2025,6950,6950,6525,6800,6570900
25/03/2025,6850,7000,6800,6800,7669000
26/03/2025,6800,7025,6775,6925,8108100
27/03/2025,6925,7150,6900,7100,9073700
08/04/2025,6600,7200,6550,7200,18379600
09/04/2025,7100,7175,6675,6675,13927700
10/04/2025,6925,7100,6850,7075,6975500
11/04/2025,6875,7050,6850,6900,5546900
14/04/2025,7000,7200,6975,7125,6748100
15/04/2025,7200,7300,7125,7300,8352000
16/04/2025,7225,7400,7125,7400,4270600
17/04/2025,7325,7350,7225,7300,5807700
21/04/2025,7275,7375,7150,7350,1676700
22/04/2025,7325,7350,7150,7200,5953600
23/04/2025,7225,7425,7225,7350,9914800
24/04/2025,7300,7325,7150,7250,6334700
25/04/2025,7275,7475,7275,7475,5156600
28/04/2025,7475,7500,7350,7425,2930700
29/04/2025,7425,7525,7425,7500,4792000
30/04/2025,7500,8000,7425,8000,12400500
02/05/2025,7825,7850,7675,7700,6382300
05/05/2025,7725,7750,7600,7600,4796000
06/05/2025,7675,7775,7525,7525,5787600
07/05/2025,7550,7950,7550,7750,12039700
08/05/2025,7750,7850,7650,7775,8457100
09/05/2025,7775,8000,7700,7975,7224600
14/05/2025,8000,8125,7875,7875,8262400
15/05/2025,7900,8150,7900,8100,10055700
16/05/2025,8200,8475,8125,8450,12696200
19/05/2025,8450,8500,8225,8225,12109700
20/05/2025,8250,8325,7875,7875,12129200
21/05/2025,7875,8025,7875,7975,10053600
22/05/2025,7975,8150,7900,7900,12044100
23/05/2025,7900,7950,7850,7850,5849700
26/05/2025,7850,7900,7825,7850,5293300
27/05/2025,7875,7900,7825,7875,5098100
28/05/2025,7900,7950,7775,7875,13336000
02/06/2025,7925,7950,7650,7675,9732500
03/06/2025,7675,7875,7650,7825,8012300
04/06/2025,7950,8225,7875,8225,19738900
05/06/2025,8200,8275,8100,8150,10392100
10/06/2025,8150,8250,8125,8200,7197900
11/06/2025,8275,8500,8150,8500,20164400
12/06/2025,8400,8400,8225,8225,10971300
13/06/2025,8275,8450,8225,8325,11957200
16/06/2025,8275,8350,8225,8225,7501300
17/06/2025,8300,8350,8200,8200,7753400
18/06/2025,8225,8325,8100,8125,8305600
19/06/2025,8150,8275,8025,8050,4749400
20/06/2025,8050,8125,8025,8050,13421400
23/06/2025,8000,8000,7800,7925,4733500
24/06/2025,7950,8025,7900,7925,12219000
25/06/2025,8025,8100,7975,8050,7393900
26/06/2025,8050,8100,7925,8050,7694800
30/06/2025,8100,8150,7950,8125,9281800
01/07/2025,8050,8200,8050,8200,8235500
02/07/2025,7975,8050,7875,7975,11433200
03/07/2025,7925,8125,7875,8100,8038300
04/07/2025,8125,8250,8050,8100,7561600
07/07/2025,8100,8100,8000,8100,5535000
08/07/2025,8050,8100,7975,8025,4585500
09/07/2025,8025,8200,8000,8175,7330800
10/07/2025,8175,8200,8050,8150,4624300
11/07/2025,8150,8250,8100,8250,8348300
14/07/2025,8250,8350,8125,8350,10098800
15/07/2025,8350,8350,8225,8325,17749200
16/07/2025,8325,8450,8275,8275,12711100
17/07/2025,8350,8450,8175,8225,7185300
18/07/2025,8225,8275,8200,8225,3995500
21/07/2025,8275,8375,8225,8300,4406300
22/07/2025,8300,8300,8200,8225,3519800
23/07/2025,8300,8350,8200,8350,4557000
24/07/2025,8350,8450,8350,8350,4995300
25/07/2025,8350,8400,8300,8400,3388300
28/07/2025,8475,8475,8350,8375,3305800
29/07/2025,8350,8400,8275,8300,3728500
30/07/2025,8325,8400,8275,8375,6796700
31/07/2025,8425,8825,8400,8525,16887300
01/08/2025,8675,8700,8450,8475,7232800
04/08/2025,8475,8525,8375,8375,3449300
05/08/2025,8400,8425,8200,8325,4715600
06/08/2025,8350,8375,8125,8200,5560300
07/08/2025,8200,8325,8000,8200,8381800
08/08/2025,8225,8275,8125,8150,3960800
11/08/2025,8150,8200,7975,8075,5238000
12/08/2025,8075,8150,8000,8050,3719100
13/08/2025,8025,8125,7975,8025,5999800
14/08/2025,8000,8175,8000,8150,8223400
15/08/2025,8150,8175,8050,8050,10269600
19/08/2025,8050,8050,7825,7925,9939900
20/08/2025,7925,8000,7900,7975,5064200
21/08/2025,7950,7975,7925,7925,3961700
22/08/2025,7975,8000,7850,7850,4607300
25/08/2025,7850,7900,7700,7700,9881300
26/08/2025,7700,7800,7625,7800,15558500
27/08/2025,7725,7725,7575,7600,12730200
28/08/2025,7600,7650,7550,7600,12993000
29/08/2025,7550,7600,7450,7450,10405300
01/09/2025,7100,7450,7075,7400,10597600
02/09/2025,7425,7600,7425,7500,5774100
03/09/2025,7525,7750,7525,7700,9930600
04/09/2025,7700,7700,7525,7525,4236900
08/09/2025,7525,7575,7400,7425,8650500
09/09/2025,7400,7425,7350,7350,8540500
10/09/2025,7375,7475,7300,7425,9453600
11/09/2025,7475,7525,7450,7475,5294000
12/09/2025,7500,7575,7450,7550,4229700
15/09/2025,7600,7650,7550,7650,3733700
16/09/2025,7700,7700,7650,7700,2005300
17/09/2025,7650,7800,7650,7775,5049900
18/09/2025,7775,7775,7600,7650,4903700
19/09/2025,7700,7875,7650,7825,9938400
