Date,Open,High,Low,Close,Volume
06/09/2010,3275,3300,3225,3275,23653000
07/09/2010,3250,3300,3225,3250,7149000
15/09/2010,3250,3275,3225,3250,12209000
16/09/2010,3250,3275,3225,3250,16348000
17/09/2010,3300,3350,3250,3300,50257500
20/09/2010,3250,3325,3225,3250,15496000
21/09/2010,3225,3300,3150,3225,13108500
22/09/2010,3200,3250,3150,3200,24264000
23/09/2010,3100,3200,3075,3100,9967000
24/09/2010,3225,3225,3075,3225,12982500
27/09/2010,3200,3275,3175,3200,19373000
28/09/2010,3200,3200,3150,3200,12446000
29/09/2010,3200,3250,3150,3200,34756000
30/09/2010,3325,3350,3200,3325,42435500
01/10/2010,3400,3425,3325,3400,43626000
04/10/2010,3375,3425,3350,3375,18578500
05/10/2010,3350,3375,3325,3350,21673000
06/10/2010,3400,3400,3350,3400,43458000
07/10/2010,3325,3400,3300,3325,15992500
08/10/2010,3325,3325,3275,3325,19703500
11/10/2010,3325,3375,3300,3325,17542000
12/10/2010,3300,3350,3275,3300,21577000
13/10/2010,3350,3375,3300,3350,32689500
14/10/2010,3400,3450,3350,3400,29588000
15/10/2010,3375,3400,3350,3375,12505000
18/10/2010,3350,3400,3325,3350,15942500
19/10/2010,3350,3375,3325,3350,13999000
20/10/2010,3325,3325,3275,3325,13373500
21/10/2010,3350,3375,3300,3350,19281500
22/10/2010,3425,3425,3300,3425,26534000
25/10/2010,3625,3650,3400,3625,61277000
26/10/2010,3625,3700,3575,3625,22940000
27/10/2010,3575,3625,3550,3575,13681000
28/10/2010,3600,3625,3550,3600,11362000
29/10/2010,3650,3675,3575,3650,14012500
01/11/2010,3650,3675,3600,3650,14007500
02/11/2010,3750,3800,3625,3750,25974500
03/11/2010,3675,3775,3625,3675,10235500
04/11/2010,3700,3750,3675,3700,15054000
05/11/2010,3825,3850,3725,3825,18565000
08/11/2010,3850,3925,3825,3850,16087000
09/11/2010,3875,3925,3825,3875,23383000
10/11/2010,3900,3925,3850,3900,11234500
11/11/2010,3825,3825,3700,3825,60053000
12/11/2010,3700,3825,3650,3700,23868000
15/11/2010,3625,3725,3575,3625,21560000
16/11/2010,3650,3750,3575,3650,28774000
18/11/2010,3775,3775,3625,3775,22874500
19/11/2010,3900,3925,3750,3900,27640500
22/11/2010,3950,3950,3900,3950,11871500
23/11/2010,3825,3950,3800,3825,15245000
24/11/2010,3800,3875,3725,3800,8916000
25/11/2010,3825,3875,3800,3825,6621000
26/11/2010,3850,3900,3825,3850,12541500
29/11/2010,4000,4025,3825,4000,24251500
30/11/2010,3900,4050,3875,3900,19717500
01/12/2010,4100,4100,3900,4100,27905500
02/12/2010,4400,4425,4150,4400,37223000
03/12/2010,4475,4475,4350,4475,20031500
06/12/2010,4625,4775,4500,4625,11919000
08/12/2010,4600,4600,4475,4600,17326500
09/12/2010,4600,4650,4550,4600,13913000
10/12/2010,4525,4625,4500,4525,9588000
13/12/2010,4500,4575,4425,4500,10302000
14/12/2010,4350,4525,4350,4350,6445500
15/12/2010,4275,4425,4200,4275,8008500
16/12/2010,4150,4275,4075,4150,9702000
17/12/2010,4275,4275,4075,4275,12218000
20/12/2010,4175,4300,4150,4175,4386000
21/12/2010,4300,4325,4175,4300,13466000
22/12/2010,4400,4450,4300,4400,9690000
23/12/2010,4400,4425,4375,4400,6846000
27/12/2010,4500,4550,4400,4500,8896000
28/12/2010,4550,4575,4500,4550,4655000
29/12/2010,4675,4700,4525,4675,9953500
30/12/2010,4725,4875,4600,4725,17883000
03/01/2011,5100,5250,4725,5100,13216000
04/01/2011,5300,5550,5200,5300,11061500
05/01/2011,5250,5300,5000,5250,9279500
06/01/2011,5200,5350,5050,5200,16307500
07/01/2011,4950,5100,4900,4950,13868000
10/01/2011,4700,4925,4600,4700,17883500
11/01/2011,4600,4825,4550,4600,13169500
12/01/2011,4975,4975,4625,4975,13230500
13/01/2011,4925,5100,4900,4925,10938500
14/01/2011,4950,4950,4800,4950,6010500
17/01/2011,4825,4975,4800,4825,6733500
18/01/2011,4875,4875,4750,4875,6082500
19/01/2011,4850,4900,4800,4850,3355000
20/01/2011,4550,4800,4525,4550,12951500
21/01/2011,4500,4525,4225,4500,21722500
24/01/2011,4275,4450,4125,4275,19847500
25/01/2011,4350,4400,4275,4350,20976500
26/01/2011,4250,4325,4150,4250,27852500
27/01/2011,4350,4450,4200,4350,31546500
28/01/2011,4225,4325,4200,4225,10180000
31/01/2011,4075,4175,4025,4075,9668000
01/02/2011,4275,4275,4075,4275,21032500
02/02/2011,4200,4325,4150,4200,18507500
04/02/2011,4225,4250,4175,4225,4355500
07/02/2011,4150,4250,4100,4150,9560500
08/02/2011,4100,4175,4050,4100,16839500
09/02/2011,3975,4150,3925,3975,13262000
10/02/2011,3850,3925,3825,3850,26033500
11/02/2011,3925,3925,3750,3925,20082500
14/02/2011,3800,3950,3800,3800,11515500
16/02/2011,3800,3850,3750,3800,11334000
17/02/2011,3725,3825,3700,3725,12747000
18/02/2011,3825,3850,3725,3825,23210000
21/02/2011,3775,3825,3775,3775,13969500
22/02/2011,3725,3750,3650,3725,12807000
23/02/2011,3800,3850,3725,3800,27448500
24/02/2011,3725,3800,3675,3725,6140500
25/02/2011,3725,3750,3700,3725,3897000
28/02/2011,3800,3800,3725,3800,7712500
01/03/2011,3850,3925,3800,3850,18542000
02/03/2011,3850,3875,3825,3850,10436500
03/03/2011,3900,3925,3850,3900,21845500
04/03/2011,3900,3950,3875,3900,19766000
07/03/2011,3925,3925,3850,3925,2895000
08/03/2011,3875,3925,3850,3875,16021000
09/03/2011,3850,3900,3800,3850,10486500
10/03/2011,3800,3850,3750,3800,6588500
11/03/2011,3750,3800,3725,3750,5864000
14/03/2011,3875,3975,3725,3875,48931000
15/03/2011,3850,3900,3750,3850,35605500
16/03/2011,3850,3875,3825,3850,8181500
17/03/2011,3850,3875,3775,3850,11476000
18/03/2011,3900,3900,3850,3900,10089500
21/03/2011,4050,4050,3900,4050,24275000
22/03/2011,4000,4075,3975,4000,10299000
23/03/2011,4000,4000,4000,4000,0
24/03/2011,4150,4175,4025,4150,20872500
25/03/2011,4125,4200,4125,4125,7212000
28/03/2011,4100,4175,4075,4100,12175000
29/03/2011,4050,4100,4025,4050,6394500
30/03/2011,4125,4125,4025,4125,10633000
31/03/2011,3950,4125,3850,3950,36348500
01/04/2011,3975,4050,3900,3975,20886500
04/04/2011,4075,4100,3975,4075,15238000
05/04/2011,4150,4150,4025,4150,12799000
06/04/2011,4100,4175,4075,4100,12859000
07/04/2011,4150,4200,4100,4150,18517500
08/04/2011,4150,4150,4100,4150,6207500
11/04/2011,4050,4150,4050,4050,5677000
12/04/2011,3975,4050,3925,3975,20944000
13/04/2011,4000,4025,3925,4000,11309500
14/04/2011,4000,4025,3950,4000,5035500
15/04/2011,3975,4025,3975,3975,4470000
18/04/2011,3975,4000,3950,3975,6344500
19/04/2011,3925,3950,3875,3925,8981500
20/04/2011,3950,3975,3925,3950,3471000
21/04/2011,3975,4025,3950,3975,7257500
25/04/2011,3950,4025,3950,3950,5056500
26/04/2011,4025,4025,3925,4025,13802500
27/04/2011,4075,4100,4000,4075,13706500
28/04/2011,4025,4100,4000,4025,5229500
29/04/2011,4050,4050,4000,4050,5061500
02/05/2011,4075,4100,4025,4075,5973000
03/05/2011,4075,4075,4025,4075,3995500
04/05/2011,4025,4050,4000,4025,5247500
05/05/2011,4175,4200,4000,4175,78362000
06/05/2011,4150,4225,4125,4150,37165000
09/05/2011,4150,4200,4125,4150,12103000
10/05/2011,4100,4150,4100,4100,5288500
11/05/2011,4125,4125,4100,4125,5591500
12/05/2011,4075,4100,4050,4075,9523000
13/05/2011,4150,4150,4050,4150,9232500
16/05/2011,4175,4275,4150,4175,25407500
18/05/2011,4175,4200,4100,4175,15063000
19/05/2011,4175,4200,4150,4175,4806500
20/05/2011,4150,4175,4100,4150,3407500
23/05/2011,3975,4125,3950,3975,12604500
24/05/2011,4025,4025,3975,4025,4870000
25/05/2011,4100,4125,3975,4100,15093500
26/05/2011,4275,4300,4125,4275,28465500
27/05/2011,4300,4325,4250,4300,14652000
30/05/2011,4350,4375,4275,4350,10509500
31/05/2011,4300,4375,4275,4300,12126000
01/06/2011,4225,4300,4175,4225,10758500
03/06/2011,4150,4175,4125,4150,7370500
06/06/2011,4175,4175,4100,4175,3006000
07/06/2011,4125,4175,4075,4125,6710000
08/06/2011,4100,4150,4050,4100,4576000
09/06/2011,4050,4100,4025,4050,4841000
10/06/2011,4050,4075,4000,4050,4947500
13/06/2011,3950,4000,3900,3950,9169000
14/06/2011,3975,3975,3925,3975,4556500
15/06/2011,3950,4000,3925,3950,4296500
16/06/2011,3875,3900,3800,3875,8466500
17/06/2011,3825,3900,3750,3825,13725500
20/06/2011,3675,3825,3650,3675,13979000
21/06/2011,3825,3825,3725,3825,11121500
22/06/2011,3825,3900,3800,3825,12732000
23/06/2011,3825,3825,3775,3825,7204500
24/06/2011,3825,3825,3750,3825,5140000
27/06/2011,3800,3800,3725,3800,2152000
28/06/2011,3800,3800,3750,3800,1896500
30/06/2011,3850,3850,3750,3850,8191500
01/07/2011,3825,3875,3800,3825,6254000
04/07/2011,3825,3825,3825,3825,0
05/07/2011,3725,3825,3700,3725,8450500
06/07/2011,3700,3750,3675,3700,10007500
07/07/2011,3700,3725,3675,3700,6134500
08/07/2011,3750,3775,3675,3750,14554500
11/07/2011,3750,3775,3700,3750,4688000
12/07/2011,3675,3725,3650,3675,6552000
13/07/2011,3700,3700,3650,3700,3532000
14/07/2011,3725,3725,3650,3725,4750500
15/07/2011,3700,3750,3650,3700,6385500
18/07/2011,3725,3725,3675,3725,6648000
19/07/2011,3750,3775,3700,3750,10261500
20/07/2011,3775,3825,3725,3775,10296000
21/07/2011,3850,3875,3775,3850,12067500
22/07/2011,3875,3900,3850,3875,7483000
25/07/2011,3850,3850,3800,3850,5952500
26/07/2011,3875,3875,3800,3875,2606500
27/07/2011,3800,3850,3750,3800,16756500
28/07/2011,3775,3800,3725,3775,6601000
29/07/2011,3725,3800,3675,3725,11896500
01/08/2011,3650,3750,3625,3650,21694500
02/08/2011,3675,3700,3625,3675,18554000
03/08/2011,3625,3650,3575,3625,9754000
04/08/2011,3575,3650,3550,3575,6901500
05/08/2011,3325,3375,3250,3325,9463000
08/08/2011,3200,3275,2975,3200,11263500
09/08/2011,3125,3250,2850,3125,12712500
10/08/2011,3250,3300,3200,3250,13534000
11/08/2011,3175,3250,3150,3175,14177500
12/08/2011,3225,3250,3125,3225,11700500
15/08/2011,3225,3275,3200,3225,7438500
16/08/2011,3225,3275,3200,3225,9255000
18/08/2011,3250,3275,3225,3250,4764000
19/08/2011,3075,3200,3025,3075,6217000
22/08/2011,3100,3100,3000,3100,2940500
23/08/2011,3200,3225,3050,3200,5977500
24/08/2011,3150,3250,3100,3150,4230500
25/08/2011,3175,3200,3125,3175,3090500
26/08/2011,3175,3175,3075,3175,3491000
05/09/2011,3175,3275,3125,3175,3505000
06/09/2011,3175,3200,3125,3175,2950000
07/09/2011,3400,3400,3175,3400,7200500
08/09/2011,3350,3425,3300,3350,2446000
09/09/2011,3350,3350,3300,3350,1048000
12/09/2011,3225,3275,3150,3225,2746500
13/09/2011,3050,3200,3025,3050,8228000
14/09/2011,2950,3075,2900,2950,7293000
15/09/2011,2875,3000,2850,2875,3840000
16/09/2011,3000,3000,2875,3000,7025000
19/09/2011,2900,2950,2825,2900,2975000
20/09/2011,2900,2900,2775,2900,2525500
21/09/2011,2850,2900,2800,2850,3497500
22/09/2011,2575,2800,2500,2575,9313500
23/09/2011,2475,2550,2325,2475,5391000
26/09/2011,2300,2450,2075,2300,8006500
27/09/2011,2400,2450,2325,2400,10708000
28/09/2011,2375,2450,2350,2375,12043000
29/09/2011,2300,2350,2250,2300,12234500
30/09/2011,2250,2325,2150,2250,11348500
03/10/2011,2200,2200,2150,2200,7524000
04/10/2011,2200,2250,2175,2200,5401500
05/10/2011,2350,2400,2200,2350,6966500
06/10/2011,2425,2425,2375,2425,5597500
07/10/2011,2325,2475,2300,2325,5498000
10/10/2011,2325,2325,2225,2325,2084500
11/10/2011,2375,2425,2350,2375,6406000
12/10/2011,2500,2550,2375,2500,16624000
13/10/2011,2600,2625,2500,2600,15763000
14/10/2011,2600,2600,2525,2600,2244000
17/10/2011,2850,2850,2625,2850,10000500
18/10/2011,2625,2750,2600,2625,7025500
19/10/2011,2675,2725,2650,2675,2953000
20/10/2011,2500,2650,2475,2500,10395000
21/10/2011,2475,2550,2400,2475,3793500
24/10/2011,2600,2650,2525,2600,7321000
25/10/2011,2625,2675,2575,2625,5263500
26/10/2011,2600,2625,2575,2600,4315500
27/10/2011,2725,2750,2625,2725,9332000
28/10/2011,2950,3050,2750,2950,35943500
31/10/2011,2850,2975,2800,2850,10924000
01/11/2011,2575,2800,2550,2575,27283500
02/11/2011,2650,2700,2525,2650,27575500
03/11/2011,2600,2625,2525,2600,8138500
04/11/2011,2625,2700,2575,2625,12990500
07/11/2011,2525,2600,2500,2525,7768000
08/11/2011,2550,2600,2500,2550,11597000
09/11/2011,2550,2575,2500,2550,10255000
10/11/2011,2425,2475,2400,2425,13004500
11/11/2011,2400,2450,2325,2400,8762000
14/11/2011,2350,2450,2300,2350,24043000
15/11/2011,2300,2350,2275,2300,11270500
16/11/2011,2325,2325,2200,2325,21555500
17/11/2011,2300,2325,2275,2300,16193500
18/11/2011,2275,2275,2225,2275,6561000
21/11/2011,2200,2250,2150,2200,16211500
22/11/2011,2200,2225,2125,2200,19562500
23/11/2011,2125,2175,2100,2125,10980000
24/11/2011,2150,2150,2100,2150,4821500
25/11/2011,2050,2125,2000,2050,13383000
28/11/2011,2100,2100,2000,2100,12148500
29/11/2011,2125,2150,2075,2125,13133000
30/11/2011,2175,2225,2125,2175,38275500
01/12/2011,2175,2175,2175,2175,0
02/12/2011,2250,2250,2200,2250,7880000
05/12/2011,2275,2275,2200,2275,15420500
06/12/2011,2200,2250,2150,2200,11486000
07/12/2011,2225,2250,2175,2225,10045000
08/12/2011,2200,2200,2150,2200,6787500
09/12/2011,2175,2175,2100,2175,5661500
12/12/2011,2175,2225,2150,2175,7835500
13/12/2011,2125,2150,2100,2125,7159000
14/12/2011,2125,2150,2100,2125,1731000
15/12/2011,2100,2100,2050,2100,4515000
16/12/2011,2125,2150,2100,2125,5782000
19/12/2011,2100,2125,2075,2100,2578000
20/12/2011,2050,2125,2050,2050,5534000
21/12/2011,2100,2100,2050,2100,5603000
22/12/2011,2125,2150,2050,2125,15266500
23/12/2011,2200,2200,2125,2200,12644000
27/12/2011,2175,2200,2125,2175,4222500
28/12/2011,2150,2150,2125,2150,2586500
29/12/2011,2175,2175,2075,2175,3762000
30/12/2011,2175,2175,2125,2175,5742500
02/01/2012,2125,2175,2125,2125,3167500
03/01/2012,2200,2225,2150,2200,8377000
04/01/2012,2275,2300,2200,2275,20245500
05/01/2012,2250,2300,2225,2250,5713500
06/01/2012,2200,2250,2175,2200,3960500
09/01/2012,2250,2250,2175,2250,5065500
10/01/2012,2450,2475,2250,2450,34898500
11/01/2012,2500,2525,2425,2500,18766500
12/01/2012,2500,2525,2475,2500,10172000
13/01/2012,2675,2675,2500,2675,1
16/01/2012,2650,2650,2575,2650,14162500
17/01/2012,2725,2725,2650,2725,14444000
18/01/2012,2650,2750,2600,2650,11692000
19/01/2012,2600,2675,2550,2600,7229500
20/01/2012,2550,2675,2500,2550,11857500
24/01/2012,2525,2550,2500,2525,5527000
25/01/2012,2475,2550,2450,2475,9740500
26/01/2012,2500,2525,2450,2500,13393500
27/01/2012,2550,2575,2500,2550,15099500
30/01/2012,2450,2525,2425,2450,11639000
31/01/2012,2450,2500,2425,2450,15825000
01/02/2012,2575,2600,2425,2575,29987000
02/02/2012,2575,2625,2500,2575,33079000
03/02/2012,2450,2600,2400,2450,36557500
06/02/2012,2350,2500,2300,2350,40048000
07/02/2012,2325,2350,2250,2325,33006000
08/02/2012,2400,2400,2325,2400,27056500
09/02/2012,2350,2375,2325,2350,16191500
10/02/2012,2300,2350,2250,2300,12264500
13/02/2012,2375,2400,2275,2375,18944000
14/02/2012,2375,2425,2350,2375,18700000
15/02/2012,2450,2450,2375,2450,20503000
16/02/2012,2425,2450,2375,2425,11795500
17/02/2012,2450,2450,2400,2450,9043500
20/02/2012,2550,2575,2475,2550,42310000
21/02/2012,2700,2750,2550,2700,71047500
22/02/2012,2650,2725,2625,2650,20958500
23/02/2012,2650,2650,2575,2650,20277000
24/02/2012,2550,2650,2500,2550,34503500
27/02/2012,2575,2600,2500,2575,12713000
28/02/2012,2650,2650,2525,2650,14090500
29/02/2012,2650,2675,2575,2650,20412500
01/03/2012,2600,2650,2575,2600,13658000
02/03/2012,2700,2700,2600,2700,19944500
05/03/2012,2650,2700,2625,2650,6319500
06/03/2012,2600,2625,2550,2600,13672500
07/03/2012,2575,2575,2525,2575,5922000
08/03/2012,2625,2625,2550,2625,6761000
09/03/2012,2575,2575,2525,2575,2
12/03/2012,2575,2600,2550,2575,4396500
13/03/2012,2575,2600,2525,2575,12247500
14/03/2012,2600,2625,2550,2600,17278000
15/03/2012,2550,2575,2500,2550,15262000
16/03/2012,2525,2550,2500,2525,8099500
19/03/2012,2500,2550,2475,2500,6627500
20/03/2012,2500,2525,2475,2500,10768500
21/03/2012,2600,2625,2500,2600,24223500
22/03/2012,2600,2625,2575,2600,10673500
26/03/2012,2550,2600,2525,2550,9448000
27/03/2012,2575,2600,2525,2575,5966500
28/03/2012,2600,2600,2550,2600,2887500
29/03/2012,2575,2575,2550,2575,6328500
30/03/2012,2525,2575,2525,2525,6586000
02/04/2012,2575,2600,2550,2575,12901500
03/04/2012,2575,2575,2575,2575,0
04/04/2012,2475,2550,2450,2475,13986000
05/04/2012,2475,2500,2450,2475,12888000
09/04/2012,2450,2450,2425,2450,4474500
10/04/2012,2425,2450,2400,2425,7189000
11/04/2012,2425,2450,2375,2425,12407000
12/04/2012,2400,2425,2350,2400,10550500
13/04/2012,2400,2425,2350,2400,4825500
16/04/2012,2400,2450,2350,2400,9202000
17/04/2012,2400,2425,2375,2400,3717500
18/04/2012,2450,2475,2400,2450,13628000
19/04/2012,2425,2450,2400,2425,3651500
20/04/2012,2425,2425,2375,2425,4335000
23/04/2012,2375,2400,2350,2375,9980500
24/04/2012,2350,2375,2300,2350,7784000
25/04/2012,2300,2350,2275,2300,8821000
26/04/2012,2300,2300,2275,2300,9587000
27/04/2012,2275,2300,2250,2275,6262000
30/04/2012,2200,2250,2175,2200,16019500
01/05/2012,2325,2325,2175,2325,14769500
02/05/2012,2325,2325,2175,2325,3
03/05/2012,2250,2275,2225,2250,5809500
04/05/2012,2150,2250,2150,2150,11532000
07/05/2012,2050,2100,2000,2050,26257500
08/05/2012,2100,2125,2050,2100,13774500
09/05/2012,2050,2100,2025,2050,7597500
10/05/2012,2100,2100,2050,2100,11021500
11/05/2012,2075,2100,2050,2075,6576000
14/05/2012,2025,2100,2000,2025,14130000
15/05/2012,2025,2050,1980,2025,10892000
16/05/2012,1940,2000,1930,1940,9789500
21/05/2012,1930,1940,1870,1930,12634000
22/05/2012,1970,2000,1930,1970,10436500
23/05/2012,1930,1950,1920,1930,4364000
24/05/2012,1930,1970,1930,1930,6653500
25/05/2012,1940,1970,1930,1940,11312000
28/05/2012,1930,1950,1920,1930,3276000
29/05/2012,1910,1930,1900,1910,2386500
30/05/2012,1870,1900,1850,1870,4817500
31/05/2012,1860,1880,1790,1860,5911000
01/06/2012,1860,1920,1850,1860,6288000
04/06/2012,1690,1820,1650,1690,10807000
05/06/2012,1680,1750,1680,1680,11828500
06/06/2012,1760,1760,1700,1760,8464000
07/06/2012,1720,1800,1720,1720,11917000
08/06/2012,1700,1740,1690,1700,4332500
11/06/2012,1760,1760,1710,1760,6403500
12/06/2012,1700,1730,1700,1700,4348500
13/06/2012,1700,1720,1690,1700,2412000
14/06/2012,1560,1700,1560,1560,11473000
15/06/2012,1630,1630,1480,1630,12181500
18/06/2012,1670,1710,1650,1670,13419500
19/06/2012,1710,1730,1650,1710,6733000
20/06/2012,1860,1860,1730,1860,20048000
21/06/2012,1870,1950,1830,1870,20767500
22/06/2012,1830,1840,1800,1830,6428000
25/06/2012,1830,1840,1760,1780,5046000
26/06/2012,1780,1890,1760,1860,8412000
27/06/2012,1860,1910,1840,1860,8875000
28/06/2012,1860,1880,1810,1820,4027000
29/06/2012,1820,1870,1820,1860,9457500
02/07/2012,1910,1910,1860,1910,9562500
03/07/2012,1910,1930,1890,1910,3768000
04/07/2012,1940,1960,1920,1940,9953500
05/07/2012,1940,1940,1920,1940,5358000
06/07/2012,2050,2075,1930,2050,20186500
09/07/2012,1940,2025,1930,1940,19166000
10/07/2012,1890,1940,1820,1890,21114500
11/07/2012,1850,1870,1840,1850,6011000
12/07/2012,1800,1830,1780,1800,7795500
13/07/2012,1820,1850,1800,1820,5701000
16/07/2012,1820,1840,1800,1820,3775000
17/07/2012,1840,1840,1820,1840,4795000
18/07/2012,1840,1840,1800,1840,3790000
19/07/2012,1870,1880,1840,1870,14466000
20/07/2012,1870,1910,1870,1870,7544000
23/07/2012,1770,1830,1770,1770,7511500
24/07/2012,1770,1800,1750,1770,8758500
25/07/2012,1730,1750,1720,1730,6272500
26/07/2012,1700,1740,1690,1700,5642000
27/07/2012,1720,1740,1710,1720,7294500
30/07/2012,1720,1750,1700,1720,4480000
31/07/2012,1720,1740,1710,1720,7654500
01/08/2012,1760,1760,1710,1760,9269000
02/08/2012,1750,1780,1740,1750,3970500
03/08/2012,1750,1760,1720,1750,3150500
06/08/2012,1750,1780,1740,1750,5280000
07/08/2012,1740,1760,1730,1740,2206500
08/08/2012,1730,1760,1730,1730,2986500
09/08/2012,1750,1770,1730,1750,8248500
10/08/2012,1720,1750,1710,1720,3445500
13/08/2012,1690,1730,1680,1690,4349000
14/08/2012,1690,1700,1660,1690,2291500
15/08/2012,1670,1690,1660,1670,2240000
16/08/2012,1660,1680,1630,1660,3503500
23/08/2012,1650,1680,1630,1650,2775000
24/08/2012,1600,1630,1580,1600,5048000
27/08/2012,1620,1620,1590,1620,1351000
28/08/2012,1610,1630,1590,1610,3067000
29/08/2012,1560,1610,1550,1560,3130500
30/08/2012,1520,1560,1500,1520,5735500
31/08/2012,1530,1540,1480,1530,5170500
03/09/2012,1540,1550,1510,1540,4269500
04/09/2012,1530,1570,1510,1530,4376000
05/09/2012,1540,1580,1500,1540,6045000
06/09/2012,1560,1570,1530,1560,4356000
07/09/2012,1540,1580,1540,1540,2056000
10/09/2012,1510,1550,1490,1510,5260500
11/09/2012,1540,1550,1500,1540,6696000
12/09/2012,1580,1580,1550,1580,7824000
13/09/2012,1560,1600,1540,1560,5524000
14/09/2012,1650,1670,1590,1650,20498000
17/09/2012,1690,1700,1640,1690,17901000
18/09/2012,1630,1690,1610,1630,13624000
19/09/2012,1660,1670,1620,1660,11282500
20/09/2012,1620,1640,1610,1620,5018000
21/09/2012,1630,1630,1590,1630,9094000
24/09/2012,1590,1620,1580,1590,5105000
25/09/2012,1620,1620,1570,1620,5300000
26/09/2012,1590,1600,1570,1590,3289500
27/09/2012,1600,1620,1580,1600,2233000
28/09/2012,1620,1630,1600,1620,2970000
01/10/2012,1600,1620,1580,1600,3578000
02/10/2012,1590,1610,1580,1590,2427000
03/10/2012,1590,1600,1570,1590,2203000
04/10/2012,1580,1590,1580,1580,1824000
05/10/2012,1600,1610,1580,1600,2586500
08/10/2012,1550,1600,1540,1550,3182000
09/10/2012,1530,1580,1530,1530,2290000
10/10/2012,1520,1560,1510,1520,3394500
11/10/2012,1530,1540,1520,1530,1934000
12/10/2012,1550,1560,1530,1550,4305500
15/10/2012,1560,1560,1540,1560,2978000
16/10/2012,1570,1580,1550,1570,3760000
17/10/2012,1580,1590,1560,1580,4660000
18/10/2012,1590,1600,1580,1590,2876500
19/10/2012,1590,1600,1570,1590,987500
22/10/2012,1560,1580,1550,1560,5364000
23/10/2012,1560,1570,1530,1560,1685000
24/10/2012,1560,1560,1530,1560,1965500
25/10/2012,1540,1560,1530,1540,1615000
29/10/2012,1540,1560,1540,1540,1463500
30/10/2012,1550,1560,1530,1550,1235500
31/10/2012,1550,1560,1540,1550,1407000
01/11/2012,1550,1550,1530,1550,1019500
02/11/2012,1540,1550,1520,1540,1849000
05/11/2012,1500,1540,1500,1500,3813000
06/11/2012,1500,1520,1480,1500,4549000
07/11/2012,1560,1590,1490,1560,18557500
08/11/2012,1530,1530,1500,1530,8411500
09/11/2012,1540,1540,1500,1540,2915000
12/11/2012,1520,1540,1500,1520,4743000
13/11/2012,1520,1530,1510,1520,14266500
14/11/2012,1500,1520,1490,1500,3087500
19/11/2012,1480,1510,1480,1480,2566000
20/11/2012,1480,1510,1470,1480,2837500
21/11/2012,1410,1480,1400,1410,12326500
22/11/2012,1410,1430,1400,1410,3536000
23/11/2012,1390,1420,1370,1390,4842500
26/11/2012,1410,1420,1390,1410,2480000
27/11/2012,1380,1410,1360,1380,1960000
28/11/2012,1290,1380,1270,1290,11640000
29/11/2012,1300,1330,1270,1300,11453500
30/11/2012,1290,1300,1270,1290,3890500
03/12/2012,1360,1360,1290,1360,17100000
04/12/2012,1350,1360,1340,1350,3107000
05/12/2012,1400,1410,1340,1400,7537500
06/12/2012,1380,1430,1380,1380,6404000
07/12/2012,1430,1430,1380,1430,4820000
10/12/2012,1440,1460,1430,1440,2776000
11/12/2012,1460,1470,1440,1460,3079000
12/12/2012,1470,1490,1460,1470,3970500
13/12/2012,1500,1530,1460,1500,12980500
14/12/2012,1490,1510,1470,1490,4122500
17/12/2012,1520,1520,1470,1520,10176000
18/12/2012,1540,1560,1510,1540,13269500
19/12/2012,1510,1570,1500,1510,4314500
20/12/2012,1490,1510,1470,1490,1743000
21/12/2012,1440,1500,1430,1440,4944000
26/12/2012,1470,1490,1440,1470,3
27/12/2012,1400,1480,1380,1400,13384000
28/12/2012,1420,1420,1390,1420,5137500
02/01/2013,1570,1580,1410,1570,58470000
03/01/2013,1580,1610,1530,1580,26141000
04/01/2013,1580,1590,1550,1580,21592500
07/01/2013,1680,1700,1580,1680,42089000
08/01/2013,1660,1730,1640,1660,29062500
09/01/2013,1570,1670,1560,1570,13745000
10/01/2013,1610,1650,1580,1610,33863500
11/01/2013,1590,1640,1570,1590,10847500
14/01/2013,1580,1600,1560,1580,8136000
15/01/2013,1540,1590,1530,1540,17262000
16/01/2013,1510,1540,1500,1510,8457500
17/01/2013,1500,1530,1490,1500,6789000
18/01/2013,1520,1530,1500,1520,23068000
21/01/2013,1480,1540,1480,1480,26440500
22/01/2013,1480,1480,1480,1480,0
23/01/2013,1460,1480,1440,1460,7220500
25/01/2013,1420,1470,1420,1420,9009500
28/01/2013,1450,1460,1420,1450,9415500
29/01/2013,1490,1490,1450,1490,13195000
30/01/2013,1480,1510,1470,1480,7722500
31/01/2013,1470,1480,1460,1470,3927000
01/02/2013,1460,1490,1460,1460,5119500
04/02/2013,1450,1480,1450,1450,2278000
05/02/2013,1440,1460,1420,1440,4726500
06/02/2013,1460,1470,1450,1460,3694000
07/02/2013,1480,1510,1450,1480,10697500
08/02/2013,1460,1490,1460,1460,2658500
11/02/2013,1460,1480,1460,1460,1945500
12/02/2013,1460,1480,1460,1460,3227000
13/02/2013,1430,1490,1420,1430,10494500
14/02/2013,1450,1460,1440,1450,10649500
15/02/2013,1460,1460,1440,1460,4516000
18/02/2013,1450,1460,1440,1450,2932000
19/02/2013,1430,1460,1430,1430,4680000
20/02/2013,1430,1450,1430,1430,2565000
21/02/2013,1430,1440,1420,1430,4176500
22/02/2013,1430,1450,1420,1430,3691500
25/02/2013,1420,1450,1420,1420,2563500
26/02/2013,1400,1420,1400,1400,2859000
27/02/2013,1410,1440,1400,1410,6782000
28/02/2013,1400,1420,1400,1400,5370000
01/03/2013,1410,1430,1400,1410,3945500
04/03/2013,1410,1430,1390,1410,3323000
05/03/2013,1430,1450,1400,1430,9394000
06/03/2013,1430,1450,1420,1430,9482500
07/03/2013,1420,1440,1420,1420,3204500
08/03/2013,1430,1450,1430,1430,4643500
11/03/2013,1410,1440,1390,1410,9365500
13/03/2013,1430,1440,1400,1430,26152000
14/03/2013,1440,1460,1420,1440,34427000
15/03/2013,1450,1450,1420,1440,5964500
18/03/2013,1430,1430,1390,1400,9487500
19/03/2013,1410,1410,1370,1370,10090000
20/03/2013,1370,1370,1320,1330,18659000
21/03/2013,1340,1350,1280,1280,14318000
22/03/2013,1280,1310,1200,1210,3
25/03/2013,1240,1250,1220,1220,4939000
26/03/2013,1230,1260,1230,1250,7227000
27/03/2013,1250,1260,1240,1240,6680000
28/03/2013,1240,1240,1220,1220,6338500
01/04/2013,1210,1240,1210,1210,4841500
02/04/2013,1210,1260,1210,1240,11973000
03/04/2013,1240,1290,1220,1250,3
04/04/2013,1250,1260,1240,1240,8261000
05/04/2013,1250,1260,1240,1240,9080000
08/04/2013,1250,1250,1230,1230,1861500
09/04/2013,1240,1250,1220,1220,4062500
10/04/2013,1230,1280,1220,1280,17897000
11/04/2013,1290,1300,1260,1260,11261500
12/04/2013,1250,1270,1240,1240,3400000
15/04/2013,1240,1240,1230,1230,1613000
16/04/2013,1220,1230,1200,1210,7525000
17/04/2013,1220,1230,1210,1220,3649000
18/04/2013,1210,1220,1210,1220,2566500
19/04/2013,1220,1230,1210,1210,2087500
22/04/2013,1220,1240,1200,1240,5304000
23/04/2013,1240,1240,1240,1240,0
24/04/2013,1210,1220,1200,1200,2200500
25/04/2013,1210,1220,1180,1190,4826500
26/04/2013,1190,1210,1180,1190,3473500
29/04/2013,1190,1200,1150,1160,6004000
30/04/2013,1180,1180,1110,1120,3
01/05/2013,1130,1140,1100,1110,5343500
02/05/2013,1100,1100,1050,1050,9318500
03/05/2013,1060,1080,1010,1020,7367000
06/05/2013,1030,1050,1010,1020,5093000
07/05/2013,1020,1040,1010,1010,4666500
08/05/2013,1020,1030,1010,1010,5824000
10/05/2013,1020,1060,1020,1050,11503000
13/05/2013,1050,1060,1020,1040,2766000
14/05/2013,1030,1040,1020,1030,2032000
15/05/2013,1040,1040,1010,1020,2495500
16/05/2013,1020,1020,1000,1000,7973000
17/05/2013,1000,1030,1000,1030,16435000
20/05/2013,1040,1070,1040,1050,13860000
21/05/2013,1050,1060,1030,1050,9813500
22/05/2013,1060,1070,1040,1070,6087000
23/05/2013,1060,1080,1020,1040,15308000
24/05/2013,1040,1060,1030,1040,9014000
27/05/2013,1050,1050,1020,1030,2099500
28/05/2013,1030,1030,1010,1020,3139000
29/05/2013,1020,1020,990,1000,9079500
30/05/2013,1000,1000,960,970,7329500
31/05/2013,980,980,920,930,3
03/06/2013,920,930,890,890,5685000
04/06/2013,900,930,890,910,10518500
05/06/2013,910,980,900,970,3
07/06/2013,970,970,930,950,5975500
10/06/2013,950,960,920,950,4142500
11/06/2013,950,950,900,910,6825000
12/06/2013,900,900,850,900,6035500
13/06/2013,890,900,880,880,8017500
14/06/2013,900,920,890,900,7081000
17/06/2013,910,910,890,900,3432500
18/06/2013,910,920,890,900,7259000
19/06/2013,900,910,860,870,7375500
20/06/2013,870,870,820,830,9909500
21/06/2013,810,820,720,720,3
24/06/2013,750,780,730,730,11760500
25/06/2013,730,740,700,720,7753500
26/06/2013,730,760,710,740,8084500
27/06/2013,750,770,740,750,8915500
28/06/2013,770,800,750,770,7069000
01/07/2013,770,800,770,790,5386500
02/07/2013,790,810,780,800,5771000
03/07/2013,800,810,770,780,7619000
04/07/2013,790,810,770,770,12849500
05/07/2013,780,780,760,770,3550500
08/07/2013,760,770,730,740,7257000
09/07/2013,740,750,720,730,3931500
10/07/2013,740,740,710,720,14429000
11/07/2013,730,740,720,730,19496000
12/07/2013,720,740,710,730,12654500
15/07/2013,710,720,690,700,7180500
16/07/2013,710,710,690,690,7430000
17/07/2013,710,730,680,710,19717500
18/07/2013,710,730,700,700,35781000
19/07/2013,710,720,700,700,3310500
22/07/2013,710,710,690,690,9229000
23/07/2013,690,710,690,700,7028500
24/07/2013,700,700,690,690,7096000
25/07/2013,690,700,680,680,4778500
26/07/2013,680,690,680,680,5128500
29/07/2013,680,680,660,670,4185000
30/07/2013,660,670,660,660,3980000
31/07/2013,660,670,620,620,12991000
01/08/2013,620,630,590,600,9770500
02/08/2013,600,600,530,530,19101000
12/08/2013,540,600,530,600,37253500
13/08/2013,600,640,600,620,32235000
14/08/2013,620,630,600,600,5901000
15/08/2013,600,610,580,600,12302000
16/08/2013,600,620,580,610,11367000
19/08/2013,610,610,570,570,11320000
20/08/2013,560,590,530,540,16359500
21/08/2013,530,570,530,540,15678500
22/08/2013,540,570,520,560,67317000
23/08/2013,570,570,540,540,29519000
26/08/2013,550,570,540,540,11594000
27/08/2013,540,540,500,500,15621000
28/08/2013,500,530,475,520,32576000
29/08/2013,520,540,510,520,15416000
30/08/2013,520,540,510,520,15700000
02/09/2013,540,550,510,540,24985000
03/09/2013,560,670,540,670,61218000
04/09/2013,690,810,670,700,121701500
05/09/2013,670,760,670,700,40828500
06/09/2013,700,760,700,710,39975500
09/09/2013,720,790,710,780,39943500
10/09/2013,790,800,700,710,42114500
11/09/2013,680,760,680,750,35599500
12/09/2013,750,780,730,750,18458000
13/09/2013,730,750,730,740,8413500
16/09/2013,730,780,730,760,12802000
17/09/2013,760,850,760,830,70946000
18/09/2013,830,880,830,840,33367000
19/09/2013,860,880,840,860,34224500
20/09/2013,850,870,820,840,13493500
23/09/2013,830,830,800,820,15118000
24/09/2013,820,830,780,780,11853500
25/09/2013,750,790,750,770,9187500
26/09/2013,770,790,750,770,13581500
27/09/2013,770,790,770,770,4809000
30/09/2013,750,760,740,740,4534000
01/10/2013,710,760,710,740,4720000
02/10/2013,720,770,720,750,4354000
03/10/2013,740,820,740,790,22503000
04/10/2013,800,830,780,790,29113500
07/10/2013,800,830,780,810,28289500
08/10/2013,810,820,790,800,8629500
09/10/2013,800,850,790,830,30439000
10/10/2013,840,860,810,810,22738500
11/10/2013,830,840,810,810,8393000
16/10/2013,810,820,790,790,2933500
17/10/2013,820,830,800,830,13698000
18/10/2013,830,870,820,850,32691500
21/10/2013,850,880,830,830,24157500
22/10/2013,830,850,820,830,11957500
23/10/2013,830,850,820,820,10994500
24/10/2013,820,840,810,820,6038500
25/10/2013,820,840,810,810,9305000
28/10/2013,820,830,800,800,4517000
29/10/2013,800,810,790,800,4312000
30/10/2013,800,820,800,800,6414000
31/10/2013,800,800,770,780,7334500
01/11/2013,770,790,740,760,10520000
04/11/2013,760,790,750,760,4012500
06/11/2013,770,780,750,760,2749000
07/11/2013,770,810,760,800,18610000
08/11/2013,790,830,780,800,23812000
11/11/2013,810,830,800,800,25596500
12/11/2013,810,830,790,800,26283000
13/11/2013,800,800,770,780,11337000
14/11/2013,780,810,780,790,10406000
15/11/2013,790,800,760,770,5351000
18/11/2013,780,800,760,780,9655500
19/11/2013,790,790,750,760,8084500
20/11/2013,770,770,750,760,3050500
21/11/2013,750,770,740,740,5313500
22/11/2013,770,770,740,740,3242000
25/11/2013,730,760,730,750,6853000
26/11/2013,750,750,690,690,17760500
27/11/2013,690,700,650,660,7335000
28/11/2013,690,690,630,640,10330500
29/11/2013,610,660,610,650,7261000
02/12/2013,650,680,640,660,5651000
03/12/2013,650,680,650,650,6408000
04/12/2013,630,690,630,680,11635500
05/12/2013,690,690,670,670,5790000
06/12/2013,650,680,650,650,2536500
09/12/2013,660,670,630,640,5288000
10/12/2013,650,660,630,660,5720000
11/12/2013,640,660,640,640,1890500
12/12/2013,620,640,620,620,3820500
13/12/2013,630,640,610,620,2693000
16/12/2013,620,620,590,600,2503500
17/12/2013,610,630,600,610,3501000
18/12/2013,610,640,610,610,3411500
19/12/2013,600,630,600,600,3485500
20/12/2013,590,610,590,590,1402000
23/12/2013,580,600,580,590,1293500
24/12/2013,600,600,580,590,1091000
27/12/2013,600,600,580,600,930500
30/12/2013,600,610,590,590,1238500
02/01/2014,610,610,570,600,3129000
03/01/2014,600,600,580,580,1476000
06/01/2014,580,580,490,545,2729600
07/01/2014,525,550,520,535,2545000
08/01/2014,515,555,515,535,3158400
09/01/2014,500,550,500,535,2597600
10/01/2014,515,535,505,505,6731300
13/01/2014,505,530,505,510,6674900
15/01/2014,499,530,499,515,5872500
16/01/2014,520,545,515,530,8423100
17/01/2014,505,540,505,525,3618900
20/01/2014,515,535,515,525,4344700
21/01/2014,520,555,520,540,11575100
22/01/2014,525,595,525,590,15697700
23/01/2014,590,610,580,585,14765300
24/01/2014,580,595,575,580,2903500
27/01/2014,555,570,550,555,4590000
28/01/2014,550,565,540,545,3104800
29/01/2014,555,570,545,560,5925100
30/01/2014,540,560,540,540,5455600
03/02/2014,545,550,535,540,2221300
04/02/2014,530,545,520,530,7062500
05/02/2014,535,545,525,530,7930000
06/02/2014,530,540,530,535,1245800
07/02/2014,540,560,540,550,7216200
10/02/2014,555,560,545,545,3922400
11/02/2014,530,580,530,575,8591100
12/02/2014,580,585,560,560,7444400
13/02/2014,555,570,555,555,2408800
14/02/2014,550,565,550,555,4740400
17/02/2014,555,570,555,565,4434300
18/02/2014,570,575,560,570,5443400
19/02/2014,570,585,565,570,6150500
20/02/2014,570,575,555,570,7539000
21/02/2014,570,580,555,560,7160700
24/02/2014,565,575,560,565,5705700
25/02/2014,560,565,555,555,3178900
26/02/2014,555,560,550,555,2730400
27/02/2014,555,570,555,560,4692300
28/02/2014,565,575,560,560,6034800
03/03/2014,555,565,555,555,2848300
04/03/2014,555,600,555,595,21399600
05/03/2014,600,625,590,620,26454700
06/03/2014,620,630,610,620,8664900
07/03/2014,625,635,610,625,9448300
10/03/2014,625,630,610,615,7474900
11/03/2014,615,625,595,605,14201700
12/03/2014,600,610,595,600,7646800
13/03/2014,600,615,600,605,6386000
14/03/2014,600,610,600,610,3275700
17/03/2014,610,620,595,595,14860500
18/03/2014,595,620,595,600,12095900
19/03/2014,605,620,605,615,10289100
20/03/2014,615,630,605,605,7076600
21/03/2014,610,620,605,615,4011000
24/03/2014,615,625,610,610,1400200
25/03/2014,610,615,605,605,1974800
26/03/2014,610,615,605,605,1759000
27/03/2014,605,615,605,605,1418000
28/03/2014,610,610,585,585,5224900
01/04/2014,580,600,565,595,3450300
02/04/2014,600,600,590,595,2680200
03/04/2014,600,600,595,595,1433200
04/04/2014,600,600,595,595,2220300
07/04/2014,595,610,595,605,3834400
08/04/2014,600,605,595,595,2702700
09/04/2014,595,595,595,595,0
10/04/2014,595,595,565,570,3947100
11/04/2014,565,595,565,595,4593600
14/04/2014,590,610,590,595,5286700
15/04/2014,600,600,585,590,1244100
16/04/2014,595,610,585,600,5243900
17/04/2014,600,600,585,590,4108300
21/04/2014,595,600,590,590,681500
22/04/2014,595,605,575,600,5480500
23/04/2014,595,640,595,630,21540500
24/04/2014,625,665,625,625,16981000
25/04/2014,625,640,620,625,5501100
28/04/2014,630,640,610,620,5413600
29/04/2014,625,625,605,610,6117600
30/04/2014,615,630,610,620,5919400
02/05/2014,610,630,600,605,4238200
05/05/2014,605,615,605,610,2960200
06/05/2014,605,625,605,625,5422000
07/05/2014,615,635,615,620,11498600
08/05/2014,620,625,610,615,3378200
09/05/2014,615,620,605,605,3886800
12/05/2014,610,650,610,640,23106500
13/05/2014,650,670,640,640,25240500
14/05/2014,625,650,625,635,10881300
16/05/2014,625,640,625,630,4330400
19/05/2014,620,645,615,620,5023300
20/05/2014,615,630,605,615,5811300
21/05/2014,625,630,610,625,5672400
22/05/2014,640,645,615,640,7525900
23/05/2014,650,655,640,650,11717300
26/05/2014,730,735,650,730,40513200
28/05/2014,705,740,700,705,23601000
30/05/2014,685,710,680,685,17948000
02/06/2014,705,705,660,705,23824300
03/06/2014,700,720,700,700,18397700
04/06/2014,695,710,685,695,6917500
05/06/2014,715,715,685,710,7759800
06/06/2014,725,750,705,725,33684300
09/06/2014,690,740,690,690,23801100
10/06/2014,695,705,690,695,10636900
11/06/2014,705,710,695,705,6680900
12/06/2014,695,705,695,695,2487000
13/06/2014,700,705,695,700,3990800
16/06/2014,670,705,670,670,7022100
17/06/2014,680,690,670,680,4170300
18/06/2014,675,690,675,675,3583300
19/06/2014,650,685,650,650,6353100
20/06/2014,635,665,635,635,5915300
23/06/2014,620,650,620,620,8769900
24/06/2014,625,635,620,625,6737800
25/06/2014,620,630,610,620,2500700
26/06/2014,640,640,620,640,2308900
27/06/2014,630,640,625,630,4256100
30/06/2014,630,635,625,630,1509800
01/07/2014,630,635,625,630,1349400
02/07/2014,650,655,635,650,3922900
03/07/2014,655,660,650,655,1298000
04/07/2014,655,660,655,655,2714000
07/07/2014,665,670,650,665,2880500
08/07/2014,665,675,655,665,2656100
09/07/2014,665,665,665,665,0
10/07/2014,645,675,635,645,7360400
11/07/2014,650,650,625,650,3734100
14/07/2014,640,655,640,640,1781500
15/07/2014,655,665,640,655,4132000
16/07/2014,680,685,655,680,6664900
17/07/2014,660,685,660,660,3321200
18/07/2014,675,675,650,675,2952700
21/07/2014,685,685,675,685,3134000
22/07/2014,665,685,640,665,2386100
23/07/2014,660,675,660,660,2052000
24/07/2014,680,680,660,680,2777300
25/07/2014,695,710,680,695,9302900
04/08/2014,710,715,680,710,9156500
05/08/2014,715,725,710,715,8167600
06/08/2014,710,720,700,710,2706100
07/08/2014,720,725,710,720,4369300
08/08/2014,705,725,705,705,1370900
11/08/2014,710,715,705,710,3115500
12/08/2014,710,715,710,710,2375600
13/08/2014,710,715,705,710,2886700
14/08/2014,710,725,705,710,3374700
15/08/2014,715,720,715,715,1812000
18/08/2014,725,740,715,725,4972000
19/08/2014,730,740,720,730,2549100
20/08/2014,720,740,715,720,2937600
21/08/2014,720,730,715,720,3230300
22/08/2014,715,725,715,715,1552200
25/08/2014,705,720,695,705,3823600
26/08/2014,695,705,695,695,6737200
27/08/2014,720,725,695,720,4307200
28/08/2014,725,740,720,725,4818600
29/08/2014,735,740,725,735,5836300
01/09/2014,730,740,730,730,2124900
02/09/2014,745,745,720,745,5857100
03/09/2014,785,790,745,785,14562300
04/09/2014,775,790,775,775,3593800
05/09/2014,775,785,765,775,2046000
08/09/2014,790,795,780,790,6239700
09/09/2014,770,785,765,770,4043400
10/09/2014,745,765,735,745,4613600
11/09/2014,760,770,745,760,3011200
12/09/2014,765,770,755,765,1363200
15/09/2014,755,760,750,755,585300
16/09/2014,785,785,750,785,5519200
17/09/2014,795,815,770,795,9591400
18/09/2014,785,800,780,785,2094700
19/09/2014,785,785,775,785,772700
22/09/2014,780,790,770,780,2651300
23/09/2014,770,775,765,770,3178400
24/09/2014,775,790,770,775,2610200
25/09/2014,775,800,775,775,898900
26/09/2014,760,770,750,760,3590100
29/09/2014,745,760,735,745,926800
30/09/2014,740,750,730,740,1515300
01/10/2014,745,750,740,745,2289700
02/10/2014,715,740,700,715,2579800
03/10/2014,715,730,705,715,1445900
06/10/2014,715,725,705,715,1934000
07/10/2014,725,730,715,725,3350500
08/10/2014,720,730,715,720,1501300
09/10/2014,715,735,715,715,1384300
10/10/2014,695,710,690,695,2053500
13/10/2014,665,690,665,665,1799000
14/10/2014,655,685,650,655,3315200
15/10/2014,610,665,610,610,6587000
16/10/2014,630,635,605,630,10117700
17/10/2014,620,635,605,620,13694900
20/10/2014,615,635,615,615,4986700
21/10/2014,625,625,600,625,3204100
22/10/2014,635,640,620,635,10287500
23/10/2014,635,645,630,635,9613100
24/10/2014,630,645,620,630,2283700
27/10/2014,610,640,610,610,3776100
28/10/2014,615,620,605,615,1396200
29/10/2014,630,640,610,630,6131000
30/10/2014,635,640,625,635,4097000
31/10/2014,635,640,625,635,3188800
03/11/2014,610,635,610,610,3374200
04/11/2014,610,615,600,610,1666300
05/11/2014,605,610,600,605,2135100
06/11/2014,600,610,600,600,1333200
07/11/2014,585,605,580,585,2911700
10/11/2014,585,595,585,585,1032100
11/11/2014,585,595,580,585,725500
12/11/2014,570,585,565,570,2147100
13/11/2014,550,575,540,550,3636000
14/11/2014,550,555,545,550,432900
17/11/2014,550,565,535,555,2128100
18/11/2014,565,570,555,565,1046800
19/11/2014,595,595,560,595,5195500
20/11/2014,585,600,580,585,2783500
21/11/2014,595,605,585,595,4978900
24/11/2014,595,605,590,595,4113500
25/11/2014,585,600,585,585,1824800
26/11/2014,580,590,565,580,2919700
27/11/2014,575,580,570,575,2207900
28/11/2014,560,575,560,560,3102500
01/12/2014,570,570,545,550,2066200
02/12/2014,555,560,545,550,3181400
03/12/2014,555,555,530,535,4279000
04/12/2014,540,565,525,565,14497000
05/12/2014,570,575,555,560,3973800
08/12/2014,555,555,545,545,3258900
09/12/2014,545,555,545,550,1051800
10/12/2014,550,555,535,545,1080400
11/12/2014,540,545,530,535,1719500
12/12/2014,540,540,530,535,1089500
15/12/2014,535,540,510,515,3676800
16/12/2014,510,520,500,510,1731200
17/12/2014,510,535,505,515,2616200
18/12/2014,515,530,510,520,3265400
19/12/2014,515,525,515,520,1767600
22/12/2014,520,525,515,515,718000
23/12/2014,515,520,510,510,1114200
24/12/2014,515,515,510,510,981100
29/12/2014,520,520,510,515,1123500
30/12/2014,520,530,510,510,2452200
02/01/2015,515,515,510,515,266000
05/01/2015,520,520,510,510,710800
06/01/2015,510,510,500,500,2241600
07/01/2015,505,510,497,498,987300
08/01/2015,495,505,495,498,1529100
09/01/2015,500,515,497,515,2957200
12/01/2015,510,520,505,505,1667100
13/01/2015,510,510,500,505,728900
14/01/2015,505,510,499,500,999200
15/01/2015,500,505,499,500,1655300
16/01/2015,505,505,497,498,513900
19/01/2015,495,505,495,499,644200
20/01/2015,499,499,485,491,2148700
21/01/2015,485,505,485,494,6213200
22/01/2015,500,500,490,492,908600
23/01/2015,492,498,492,493,794700
26/01/2015,498,498,486,487,1267700
27/01/2015,487,494,487,494,1119400
28/01/2015,494,510,494,496,3687000
29/01/2015,496,499,495,495,753500
30/01/2015,496,498,492,492,893400
02/02/2015,492,494,487,488,626800
03/02/2015,488,497,487,488,2252600
04/02/2015,490,496,488,489,1496000
05/02/2015,489,489,486,487,626000
06/02/2015,487,487,483,486,674700
09/02/2015,485,489,480,486,1096200
10/02/2015,485,487,480,481,1607900
11/02/2015,487,487,480,481,1558300
12/02/2015,485,485,480,480,554300
13/02/2015,482,485,480,480,1488000
16/02/2015,485,485,478,478,562700
17/02/2015,478,481,477,477,1354000
18/02/2015,478,480,474,477,618000
20/02/2015,477,478,475,477,507200
23/02/2015,479,479,469,470,3286600
24/02/2015,470,471,466,468,1304900
25/02/2015,468,472,458,462,3504400
26/02/2015,462,463,458,460,1297200
27/02/2015,460,460,451,454,2847000
02/03/2015,454,474,454,473,1408100
03/03/2015,473,483,473,475,2181200
04/03/2015,475,475,467,471,471700
05/03/2015,468,473,467,468,672100
06/03/2015,468,468,463,468,181500
09/03/2015,463,466,461,466,509600
10/03/2015,466,466,459,463,388600
11/03/2015,462,462,449,456,1805700
12/03/2015,457,457,449,451,1017700
13/03/2015,451,454,445,453,689500
16/03/2015,453,453,447,447,392400
17/03/2015,450,455,444,447,562900
18/03/2015,447,450,446,446,256600
19/03/2015,446,450,441,446,449000
20/03/2015,446,446,442,443,300300
23/03/2015,447,447,440,442,445900
24/03/2015,442,443,438,442,822900
25/03/2015,440,440,430,434,1878000
26/03/2015,434,434,428,431,253200
27/03/2015,431,434,428,431,340400
30/03/2015,432,434,429,429,441300
31/03/2015,430,435,426,434,2463100
01/04/2015,432,433,428,429,1132000
02/04/2015,429,433,427,430,2970100
06/04/2015,435,435,430,431,792800
07/04/2015,431,433,428,431,700200
08/04/2015,431,433,429,430,165400
09/04/2015,430,431,428,430,209000
10/04/2015,430,431,429,430,144900
13/04/2015,423,430,422,423,1516100
14/04/2015,424,424,404,405,1406600
15/04/2015,405,405,393,395,1339500
16/04/2015,400,400,390,393,721700
17/04/2015,393,393,388,390,269500
20/04/2015,390,393,382,388,587800
21/04/2015,388,392,350,350,1945900
22/04/2015,360,365,348,349,3510100
23/04/2015,350,358,349,350,1896500
24/04/2015,351,351,348,350,1342600
27/04/2015,350,350,321,324,2681500
28/04/2015,319,323,310,319,276500
29/04/2015,314,320,301,302,2435600
30/04/2015,302,303,290,290,2263000
04/05/2015,300,362,300,362,12848000
05/05/2015,380,380,349,364,8541300
06/05/2015,355,364,354,355,3096600
07/05/2015,357,357,339,339,3386700
08/05/2015,340,370,331,359,11887200
11/05/2015,361,385,355,370,17526000
12/05/2015,370,389,370,388,11560600
13/05/2015,389,395,379,380,10991400
15/05/2015,380,390,373,384,2214100
18/05/2015,384,392,381,391,1965300
19/05/2015,390,408,386,404,2810100
20/05/2015,409,426,404,418,5996400
21/05/2015,424,430,418,424,3342600
22/05/2015,426,431,422,429,1941700
25/05/2015,429,429,420,423,1552500
26/05/2015,423,428,418,427,1669400
27/05/2015,425,427,421,421,2828400
28/05/2015,420,430,419,423,3362900
29/05/2015,427,427,370,370,13243100
01/06/2015,375,380,350,356,2454700
03/06/2015,357,371,356,358,4423400
04/06/2015,358,362,339,347,5061000
05/06/2015,354,355,340,344,2733000
08/06/2015,350,350,322,329,2583500
09/06/2015,326,329,313,314,3122600
10/06/2015,315,324,312,315,1524100
11/06/2015,315,325,310,315,3150100
12/06/2015,319,328,315,320,2928100
15/06/2015,320,331,319,319,5261400
16/06/2015,316,322,314,320,2902600
17/06/2015,315,323,315,317,4173900
18/06/2015,317,320,315,320,150800
19/06/2015,320,322,318,319,497300
22/06/2015,320,324,318,320,5169500
23/06/2015,320,323,318,319,1153700
24/06/2015,320,322,315,317,4434400
25/06/2015,316,317,314,316,1524300
26/06/2015,315,317,314,315,873000
29/06/2015,315,315,312,314,503200
30/06/2015,315,317,310,315,1280100
01/07/2015,315,316,311,313,2362900
02/07/2015,310,328,310,320,1823100
03/07/2015,320,323,318,320,631800
06/07/2015,318,320,315,316,636600
07/07/2015,316,322,312,315,1258400
08/07/2015,310,313,300,305,4175600
09/07/2015,320,320,300,306,1587400
10/07/2015,286,314,286,309,1458000
13/07/2015,311,313,305,308,383300
14/07/2015,304,314,304,312,1110300
15/07/2015,310,313,308,310,1328000
22/07/2015,310,311,305,305,918800
23/07/2015,301,310,300,307,849700
24/07/2015,307,310,300,304,446700
27/07/2015,307,307,291,295,470600
28/07/2015,290,301,289,300,404600
29/07/2015,295,304,295,298,752600
30/07/2015,299,299,290,293,714200
31/07/2015,288,299,287,290,300600
03/08/2015,290,297,284,284,577500
04/08/2015,280,289,276,288,512800
05/08/2015,285,308,285,302,2399000
06/08/2015,302,302,290,292,3369200
07/08/2015,290,292,279,281,1573900
10/08/2015,281,285,279,282,956400
11/08/2015,285,285,275,277,738800
12/08/2015,270,274,255,262,1733700
13/08/2015,265,266,261,265,843700
14/08/2015,267,267,260,260,151000
18/08/2015,259,260,255,259,263700
19/08/2015,255,259,245,247,658800
20/08/2015,247,252,241,246,91700
21/08/2015,237,244,237,239,239200
24/08/2015,227,227,208,210,1281200
25/08/2015,214,227,209,216,1785700
26/08/2015,215,220,203,215,654700
27/08/2015,216,225,215,222,1430900
28/08/2015,224,234,224,230,752600
31/08/2015,235,235,228,229,1732800
01/09/2015,227,232,220,230,1292300
02/09/2015,228,235,228,232,758900
03/09/2015,232,241,232,241,946900
04/09/2015,245,245,232,237,1644600
07/09/2015,235,237,230,232,1319000
08/09/2015,228,234,220,231,1912600
09/09/2015,232,236,226,235,2018700
10/09/2015,235,235,231,233,550100
11/09/2015,230,239,230,233,1440900
14/09/2015,233,235,230,234,518000
15/09/2015,230,235,227,227,2652700
16/09/2015,227,228,224,225,4147300
17/09/2015,225,226,222,225,2383400
18/09/2015,225,225,218,218,13736700
21/09/2015,218,224,211,215,5775500
22/09/2015,217,221,211,212,1749500
23/09/2015,212,212,204,206,2248400
25/09/2015,204,204,198,202,3763400
28/09/2015,201,202,195,195,1666100
29/09/2015,191,195,185,191,868600
30/09/2015,199,199,191,193,320800
01/10/2015,200,202,195,196,477500
02/10/2015,196,198,193,196,387500
05/10/2015,196,202,196,200,563800
06/10/2015,204,208,201,202,616000
07/10/2015,207,216,202,209,1804900
08/10/2015,216,216,208,208,255800
09/10/2015,212,232,209,220,7633400
12/10/2015,225,226,220,224,4307000
13/10/2015,222,222,206,212,1658000
15/10/2015,215,215,207,208,2611500
16/10/2015,208,208,204,206,894300
19/10/2015,205,214,202,206,959900
20/10/2015,212,212,203,206,3931800
21/10/2015,210,211,203,206,1050200
22/10/2015,206,209,203,205,569000
23/10/2015,205,206,199,199,9570600
26/10/2015,199,203,194,195,5255300
27/10/2015,199,199,191,192,3689500
28/10/2015,190,192,181,186,2646900
29/10/2015,187,189,183,185,1524600
30/10/2015,184,187,177,182,608300
02/11/2015,185,185,177,179,3154200
03/11/2015,179,181,173,176,1487200
04/11/2015,176,179,170,175,1977000
05/11/2015,175,175,170,172,704000
06/11/2015,170,175,170,174,904500
09/11/2015,174,174,166,168,1503200
10/11/2015,168,173,166,170,3478400
11/11/2015,170,176,167,167,2422500
12/11/2015,168,170,166,167,634300
13/11/2015,165,165,155,156,4300300
16/11/2015,157,157,150,152,741000
17/11/2015,153,153,149,150,5305700
18/11/2015,150,150,144,144,2674800
19/11/2015,146,150,142,144,2170500
20/11/2015,146,146,139,141,1612500
23/11/2015,140,145,135,138,1141600
24/11/2015,137,154,137,145,5394400
25/11/2015,145,173,145,163,64688000
26/11/2015,165,177,150,152,51424200
27/11/2015,157,157,139,140,36271600
30/11/2015,141,141,130,131,13953700
01/12/2015,129,137,129,130,6588300
02/12/2015,130,137,128,130,7677000
03/12/2015,129,130,125,125,1669200
04/12/2015,125,127,120,123,6926500
07/12/2015,123,124,118,120,3344800
08/12/2015,119,119,112,114,8451100
09/12/2015,114,114,114,114,0
10/12/2015,116,122,110,112,9263800
11/12/2015,116,119,110,112,3197500
14/12/2015,111,113,108,110,1621800
15/12/2015,111,113,105,113,1545000
16/12/2015,113,118,112,114,5981300
17/12/2015,116,123,113,114,19847700
18/12/2015,116,116,108,108,4050300
21/12/2015,110,112,107,110,2012100
22/12/2015,111,113,109,109,2538200
23/12/2015,111,111,108,108,1729800
28/12/2015,109,114,109,111,5304900
29/12/2015,112,113,110,110,3801600
30/12/2015,111,113,110,110,4585000
04/01/2016,111,112,110,110,4961500
05/01/2016,110,115,110,111,2834500
06/01/2016,112,118,111,114,12179800
07/01/2016,114,114,110,110,5180200
08/01/2016,112,112,109,110,1568400
11/01/2016,110,110,109,109,1261900
12/01/2016,109,110,106,106,3285800
13/01/2016,107,113,107,113,11254100
14/01/2016,113,113,107,110,5117600
15/01/2016,110,111,108,109,1571600
18/01/2016,109,110,107,108,384300
19/01/2016,107,111,107,110,980100
20/01/2016,110,111,108,108,7358700
21/01/2016,109,111,107,108,2006200
22/01/2016,109,114,108,111,6721900
25/01/2016,111,114,111,111,2508600
26/01/2016,110,111,109,109,7584500
27/01/2016,110,112,110,110,1538900
28/01/2016,111,122,110,116,19129100
29/01/2016,116,120,114,114,6064900
01/02/2016,116,116,112,112,2192100
02/02/2016,113,117,112,114,16896200
03/02/2016,114,114,111,112,2102200
04/02/2016,113,115,113,115,2715800
05/02/2016,115,127,115,119,33860900
09/02/2016,119,119,116,117,3273600
10/02/2016,116,117,113,114,9525300
11/02/2016,114,117,111,111,8367300
12/02/2016,112,113,110,111,3204700
15/02/2016,113,114,111,113,5085600
16/02/2016,113,120,113,116,21928400
17/02/2016,116,119,115,117,8985900
18/02/2016,118,127,117,120,26086800
19/02/2016,122,125,120,122,10252700
22/02/2016,120,134,113,128,54094300
23/02/2016,130,135,125,126,28531600
24/02/2016,126,126,120,121,10721300
25/02/2016,123,125,119,122,7025200
26/02/2016,122,155,122,137,185658900
29/02/2016,140,143,130,130,76141800
01/03/2016,131,138,130,134,70220200
02/03/2016,137,138,134,134,21551300
03/03/2016,135,145,135,138,71509700
04/03/2016,140,176,140,165,223507500
07/03/2016,169,194,165,189,148461100
08/03/2016,195,208,192,202,118523900
10/03/2016,207,208,191,191,52124700
11/03/2016,191,191,191,191,0
14/03/2016,191,191,191,191,0
15/03/2016,215,222,211,212,35862900
16/03/2016,212,224,210,219,22590200
17/03/2016,224,273,224,273,95641500
18/03/2016,273,273,273,273,0
21/03/2016,275,341,257,331,113331500
22/03/2016,345,377,331,345,120862100
23/03/2016,345,345,345,345,0
24/03/2016,345,345,345,345,0
28/03/2016,345,345,345,345,0
29/03/2016,345,345,345,345,0
30/03/2016,345,345,345,345,0
31/03/2016,345,345,345,345,0
01/04/2016,340,340,311,311,11382600
04/04/2016,282,282,280,280,2941400
05/04/2016,252,306,252,262,141920100
06/04/2016,265,287,265,283,57559700
07/04/2016,290,295,278,281,42289300
08/04/2016,285,288,277,281,19855000
11/04/2016,281,281,281,281,0
12/04/2016,280,290,274,282,34824600
13/04/2016,282,282,282,282,0
14/04/2016,282,282,282,282,0
15/04/2016,282,282,282,282,0
18/04/2016,282,282,282,282,0
19/04/2016,282,282,282,282,0
20/04/2016,313,319,308,309,18284600
21/04/2016,361,361,314,351,3
22/04/2016,351,408,345,403,218408700
25/04/2016,403,458,403,439,173656300
26/04/2016,439,449,407,420,95241100
27/04/2016,510,510,426,500,291683800
28/04/2016,505,520,470,472,114717100
29/04/2016,472,500,461,482,47947100
02/05/2016,482,486,434,442,71568100
03/05/2016,442,505,440,492,109847100
04/05/2016,492,494,474,476,20056600
09/05/2016,476,500,472,480,27844000
10/05/2016,480,480,456,460,12900800
11/05/2016,472,484,468,472,15959600
12/05/2016,480,488,472,478,18677800
13/05/2016,478,560,470,525,117675100
16/05/2016,530,580,505,580,68283000
17/05/2016,585,625,580,610,79652000
18/05/2016,615,670,605,645,73988600
19/05/2016,640,655,610,630,21264600
20/05/2016,645,685,640,650,39836500
23/05/2016,660,660,625,625,27431800
24/05/2016,625,640,575,580,35870100
25/05/2016,600,630,595,620,33946900
26/05/2016,620,655,610,640,46240300
27/05/2016,640,655,610,625,47511300
30/05/2016,625,640,610,615,10050600
31/05/2016,620,635,610,610,13744700
01/06/2016,615,615,595,605,12722100
02/06/2016,605,635,605,620,20593000
03/06/2016,620,630,610,615,13500700
06/06/2016,620,625,610,610,8852900
07/06/2016,610,640,610,635,30722700
08/06/2016,685,685,625,635,46585700
09/06/2016,650,655,615,620,21315900
10/06/2016,620,630,605,610,14035800
13/06/2016,610,610,560,580,10047000
14/06/2016,580,610,570,580,11241400
15/06/2016,585,590,555,590,6306000
16/06/2016,590,595,565,565,5982500
17/06/2016,565,575,535,555,15256100
20/06/2016,565,620,565,620,17678600
21/06/2016,625,635,600,605,15187000
22/06/2016,610,620,590,590,8311900
23/06/2016,590,615,575,585,11774500
24/06/2016,585,600,530,560,14437000
27/06/2016,560,560,525,535,10679200
28/06/2016,540,555,510,535,11536100
29/06/2016,545,565,545,550,7050300
30/06/2016,560,570,540,540,7811500
01/07/2016,540,550,530,535,3632900
11/07/2016,520,545,515,540,6357900
12/07/2016,540,595,535,570,24530200
13/07/2016,585,615,580,585,31344100
14/07/2016,595,600,585,585,7290700
15/07/2016,585,710,585,685,114853500
18/07/2016,690,700,665,675,18564200
19/07/2016,675,690,650,655,13032200
20/07/2016,655,690,650,660,14622200
21/07/2016,665,675,650,650,7238100
22/07/2016,650,650,635,635,6287500
25/07/2016,640,660,630,650,7472100
26/07/2016,650,660,630,630,4292300
27/07/2016,635,650,635,635,3972700
28/07/2016,635,650,630,640,3364400
29/07/2016,645,645,605,605,8438000
01/08/2016,605,615,595,600,6571300
02/08/2016,600,720,600,705,90208200
03/08/2016,705,740,695,705,37095400
04/08/2016,745,785,710,745,63334500
05/08/2016,745,765,720,730,13198000
08/08/2016,725,745,710,715,6374000
09/08/2016,725,755,715,715,15735900
10/08/2016,720,730,710,710,4292700
11/08/2016,710,710,680,680,9178000
12/08/2016,700,700,665,665,6777300
15/08/2016,670,685,650,660,9402200
16/08/2016,670,685,670,670,8611600
18/08/2016,685,700,670,695,14499000
19/08/2016,695,775,695,730,74391400
22/08/2016,750,780,730,745,33039400
23/08/2016,750,750,685,695,22087100
24/08/2016,700,705,660,675,11960100
25/08/2016,675,725,670,715,24177000
26/08/2016,720,720,690,690,8023100
29/08/2016,695,705,665,670,5301700
30/08/2016,675,685,630,645,11401800
31/08/2016,650,690,650,675,10563800
01/09/2016,675,685,660,665,4878000
02/09/2016,665,675,650,665,3185500
05/09/2016,670,705,670,685,12303300
06/09/2016,695,720,695,700,16926900
07/09/2016,700,710,680,685,20809100
08/09/2016,690,700,680,695,5794400
09/09/2016,695,710,685,685,11112300
13/09/2016,680,685,630,635,10227200
14/09/2016,635,635,580,590,12536100
15/09/2016,590,630,590,620,7462500
16/09/2016,620,635,610,610,4644100
19/09/2016,610,620,605,605,3319300
20/09/2016,605,610,595,595,2699200
21/09/2016,600,615,590,610,2652300
22/09/2016,610,640,610,625,6468400
23/09/2016,615,635,610,615,2242100
26/09/2016,615,620,600,600,1470100
27/09/2016,600,625,600,615,5784300
28/09/2016,615,620,605,610,1868500
29/09/2016,625,665,625,645,16951100
30/09/2016,645,650,615,615,3239600
03/10/2016,625,660,625,635,3786700
04/10/2016,635,650,630,635,4460200
05/10/2016,640,660,625,630,7950300
06/10/2016,645,695,640,690,41981200
07/10/2016,700,715,685,695,23667700
10/10/2016,695,715,660,685,14560200
11/10/2016,685,720,685,695,18687700
12/10/2016,700,700,680,685,4784600
13/10/2016,685,700,665,665,7252300
14/10/2016,665,695,660,680,8312500
17/10/2016,685,730,680,710,40885800
18/10/2016,715,725,690,690,15144300
19/10/2016,700,740,695,715,38807100
20/10/2016,720,730,690,690,11985800
21/10/2016,700,705,685,690,5558100
24/10/2016,690,715,690,700,6243700
25/10/2016,705,715,695,700,6592800
26/10/2016,700,720,695,695,12507500
27/10/2016,700,710,690,690,8356100
28/10/2016,695,700,665,670,8773500
31/10/2016,670,680,655,655,5226800
01/11/2016,655,680,655,660,5452700
02/11/2016,660,725,660,705,46350800
03/11/2016,705,880,700,880,181984700
04/11/2016,880,1005,840,905,346185100
07/11/2016,905,965,835,855,145873900
08/11/2016,865,880,815,825,33730200
09/11/2016,825,870,785,850,42166700
10/11/2016,875,925,860,890,62397400
11/11/2016,880,895,825,855,36544900
14/11/2016,855,860,810,810,18997900
15/11/2016,815,840,745,745,18767200
16/11/2016,745,825,745,800,19330800
17/11/2016,795,810,765,765,8180200
18/11/2016,765,785,745,755,5007200
21/11/2016,760,825,755,805,21795400
22/11/2016,850,850,810,815,20262900
23/11/2016,820,830,785,795,13030100
24/11/2016,800,810,780,785,8883600
25/11/2016,790,865,790,825,41793800
28/11/2016,825,830,795,800,11210300
29/11/2016,800,820,790,795,6643500
30/11/2016,795,795,760,780,8461400
01/12/2016,780,820,780,790,10233200
02/12/2016,790,815,790,805,8465200
05/12/2016,805,845,805,840,25280500
06/12/2016,845,850,820,820,8158900
07/12/2016,815,820,795,800,13136000
08/12/2016,800,810,795,795,4871800
09/12/2016,800,830,800,805,12292000
13/12/2016,805,830,805,805,8514300
14/12/2016,810,815,785,790,8102100
15/12/2016,780,800,770,785,2727000
16/12/2016,785,800,785,795,3860700
19/12/2016,790,795,765,765,5516700
20/12/2016,765,770,725,725,10361400
21/12/2016,725,750,715,715,4300900
22/12/2016,720,730,670,680,7434900
23/12/2016,680,700,670,675,2779100
27/12/2016,690,700,675,675,2483400
28/12/2016,690,700,680,695,3186100
29/12/2016,690,760,680,725,19756200
30/12/2016,730,745,705,705,5085800
02/01/2017,705,705,705,705,0
03/01/2017,705,720,675,705,2972900
04/01/2017,705,715,700,710,1382500
05/01/2017,725,750,710,720,4040600
06/01/2017,725,740,720,730,2841000
09/01/2017,730,740,710,715,2321500
10/01/2017,715,715,700,705,2310000
11/01/2017,705,735,705,715,4920900
12/01/2017,715,805,715,765,44850700
13/01/2017,775,780,745,750,8103600
16/01/2017,750,760,730,740,2917700
17/01/2017,740,750,730,740,1786800
18/01/2017,740,765,735,745,5010800
19/01/2017,750,755,735,735,1882200
20/01/2017,740,745,725,725,2198100
23/01/2017,725,740,725,725,1934600
24/01/2017,730,745,720,725,3031500
25/01/2017,740,740,700,710,8420400
26/01/2017,710,720,670,690,9563300
27/01/2017,695,720,690,695,4265600
30/01/2017,695,785,695,775,31659900
31/01/2017,775,835,760,775,44832000
01/02/2017,775,785,755,755,6688000
02/02/2017,765,795,745,770,12719300
03/02/2017,770,790,765,765,3633000
06/02/2017,770,770,745,745,3915500
07/02/2017,750,755,730,735,4271500
08/02/2017,735,740,715,735,3102800
09/02/2017,735,750,730,735,2157200
10/02/2017,735,745,730,735,1696700
13/02/2017,735,755,735,735,2197800
14/02/2017,735,785,730,740,15875000
15/02/2017,740,740,740,740,0
16/02/2017,740,760,725,730,4600400
17/02/2017,730,740,715,720,2063900
20/02/2017,730,755,720,735,4237100
21/02/2017,745,770,735,745,14188700
22/02/2017,750,750,725,725,4255400
23/02/2017,725,735,720,725,4035100
24/02/2017,730,740,725,725,2228300
27/02/2017,725,740,720,735,2893100
28/02/2017,735,770,735,740,18181100
01/03/2017,740,745,725,725,3003100
02/03/2017,730,740,720,725,5280400
03/03/2017,725,745,720,725,4619200
06/03/2017,725,735,720,735,4424600
07/03/2017,735,775,730,755,23981500
08/03/2017,755,765,735,735,6258200
09/03/2017,725,730,720,725,6698400
10/03/2017,725,725,695,700,6528700
13/03/2017,700,705,680,690,2941400
14/03/2017,700,715,700,700,3494500
15/03/2017,710,745,700,710,4835700
16/03/2017,715,725,710,710,2240900
17/03/2017,710,720,705,705,2083500
20/03/2017,705,715,700,700,2660400
21/03/2017,705,715,705,715,2755700
22/03/2017,715,715,695,695,2690600
23/03/2017,695,710,690,695,5546700
24/03/2017,700,705,690,690,1993900
27/03/2017,685,700,680,685,1782700
29/03/2017,685,720,685,695,9434400
30/03/2017,700,710,695,700,2373500
31/03/2017,700,735,695,710,12218800
03/04/2017,715,780,715,750,26072500
04/04/2017,750,805,750,775,44685600
05/04/2017,775,775,775,775,0
06/04/2017,750,765,725,725,7139200
07/04/2017,725,750,725,735,4306500
10/04/2017,735,750,725,725,5895600
11/04/2017,725,745,705,710,19484800
12/04/2017,715,745,705,710,16788800
13/04/2017,715,715,695,700,10023600
17/04/2017,700,710,695,700,4217200
18/04/2017,700,700,690,700,5461900
19/04/2017,700,700,700,700,0
20/04/2017,700,710,690,690,4480200
21/04/2017,695,705,690,695,2830400
25/04/2017,695,730,690,695,10518600
26/04/2017,695,710,695,700,4916200
27/04/2017,705,770,695,750,122140600
28/04/2017,750,925,750,900,291653100
02/05/2017,905,920,820,850,98403100
03/05/2017,855,990,840,920,210513200
04/05/2017,925,1130,865,1125,239531700
05/05/2017,1130,1320,1105,1260,311017300
08/05/2017,1270,1310,1125,1170,235619100
09/05/2017,1190,1210,1005,1135,204239800
10/05/2017,1135,1190,855,855,501275800
12/05/2017,855,880,805,850,90324300
15/05/2017,850,905,780,855,293347900
16/05/2017,855,875,735,760,432544000
17/05/2017,760,840,740,835,200097200
18/05/2017,835,855,805,810,116584100
19/05/2017,810,845,800,805,64022500
22/05/2017,815,825,770,775,46881800
23/05/2017,775,790,745,760,75764000
24/05/2017,760,790,750,770,42286700
26/05/2017,770,775,755,765,23837200
29/05/2017,775,795,760,790,39349600
30/05/2017,795,825,790,815,98338900
31/05/2017,815,825,795,800,46912100
01/06/2017,800,800,800,800,0
02/06/2017,810,815,785,790,21010000
05/06/2017,795,840,790,820,81078800
06/06/2017,825,870,820,855,129713200
07/06/2017,865,875,835,835,80640200
08/06/2017,845,855,825,830,28850100
09/06/2017,835,870,835,840,40864300
12/06/2017,840,850,820,825,14478300
13/06/2017,830,840,820,835,14562700
14/06/2017,835,855,830,845,35096700
15/06/2017,845,850,830,830,14059500
16/06/2017,835,850,820,820,19154100
19/06/2017,825,830,780,780,37064700
20/06/2017,785,810,785,795,23499500
21/06/2017,795,810,780,790,13456600
22/06/2017,790,800,785,785,9311000
23/06/2017,785,785,785,785,0
26/06/2017,785,785,785,785,0
27/06/2017,785,785,785,785,0
28/06/2017,785,785,785,785,0
29/06/2017,785,785,785,785,0
30/06/2017,785,785,785,785,0
03/07/2017,790,805,780,780,14448800
04/07/2017,790,790,780,780,9617500
05/07/2017,785,795,780,780,13496600
06/07/2017,790,795,770,780,15784100
07/07/2017,775,785,750,755,17292000
10/07/2017,755,755,755,755,0
11/07/2017,765,790,760,775,15999200
12/07/2017,785,805,780,800,26658500
13/07/2017,805,810,790,790,14588800
14/07/2017,795,795,785,790,5768700
17/07/2017,795,850,795,845,52992100
18/07/2017,845,865,840,845,81539900
19/07/2017,850,900,845,885,118585800
20/07/2017,885,950,875,945,131897300
21/07/2017,950,965,910,910,57275800
24/07/2017,910,920,825,840,96649500
25/07/2017,845,845,790,810,81827500
26/07/2017,820,850,820,835,64833900
27/07/2017,835,850,830,840,23941600
28/07/2017,840,900,830,880,68237500
31/07/2017,890,905,815,825,92945800
01/08/2017,845,890,840,880,104815700
02/08/2017,875,900,850,875,57661200
03/08/2017,865,880,850,855,16365100
04/08/2017,860,885,850,870,17584000
07/08/2017,875,900,865,865,31293200
08/08/2017,870,880,840,850,24795400
09/08/2017,855,865,845,860,16341300
10/08/2017,865,925,865,925,94075800
11/08/2017,920,930,875,880,71710100
14/08/2017,890,920,885,910,39461200
15/08/2017,910,920,885,900,41000800
16/08/2017,900,910,890,895,13738600
17/08/2017,895,895,895,895,0
18/08/2017,905,950,900,935,74659300
21/08/2017,940,1020,935,990,127032700
22/08/2017,995,1045,995,1030,77332200
23/08/2017,1040,1225,1040,1200,161501400
24/08/2017,1210,1280,1150,1195,108314900
25/08/2017,1200,1235,1170,1185,35833100
28/08/2017,1185,1315,1115,1285,128701500
29/08/2017,1285,1330,1270,1275,41826800
30/08/2017,1280,1315,1255,1305,45214200
31/08/2017,1320,1345,1270,1270,74228100
01/09/2017,1270,1270,1270,1270,0
04/09/2017,1280,1310,1265,1295,84017700
05/09/2017,1300,1335,1275,1330,45426900
06/09/2017,1330,1430,1320,1410,91925200
07/09/2017,1425,1540,1425,1495,104607200
08/09/2017,1495,1675,1495,1660,109202400
11/09/2017,1665,1970,1660,1865,191240700
12/09/2017,1885,2030,1880,1950,160929000
13/09/2017,1970,1995,1765,1835,109415000
14/09/2017,1875,1935,1820,1865,62643200
15/09/2017,1870,1890,1745,1860,47667100
18/09/2017,1860,1900,1840,1880,30940500
19/09/2017,1890,2060,1870,2050,103623300
20/09/2017,2070,2110,1960,1980,62029400
21/09/2017,1980,1980,1980,1980,0
22/09/2017,1985,2020,1925,1970,19931800
25/09/2017,2010,2150,1960,2000,119940700
26/09/2017,2000,2070,1995,2000,43582300
27/09/2017,2010,2010,1870,1945,29112600
28/09/2017,1940,2030,1935,1985,32430100
29/09/2017,1990,2030,1940,1940,22812400
02/10/2017,1950,1965,1875,1880,27033300
03/10/2017,1890,1910,1830,1860,23300100
04/10/2017,1885,1910,1865,1880,15664700
05/10/2017,1900,2010,1900,2010,63016000
06/10/2017,2030,2060,1990,2010,33139300
09/10/2017,2020,2030,1975,2000,14207300
10/10/2017,1985,2090,1900,2060,33060000
11/10/2017,2060,2070,2020,2060,18506100
12/10/2017,2060,2230,2050,2220,63417300
13/10/2017,2220,2320,2190,2230,41065300
16/10/2017,2230,2320,2190,2300,28900600
17/10/2017,2310,2370,2290,2340,22401000
18/10/2017,2360,2460,2330,2390,35023500
19/10/2017,2410,2440,2370,2400,19601800
20/10/2017,2400,2410,2340,2360,12966200
23/10/2017,2350,2370,2210,2230,26429400
24/10/2017,2230,2320,2160,2270,23191800
25/10/2017,2290,2370,2270,2370,22987500
26/10/2017,2370,2390,2310,2330,15929900
27/10/2017,2330,2360,2310,2320,6382800
30/10/2017,2350,2360,2290,2310,15115500
31/10/2017,2310,2340,2210,2250,18348100
01/11/2017,2270,2360,2250,2320,17938800
02/11/2017,2350,2440,2310,2330,41096000
03/11/2017,2330,2400,2330,2370,16291900
06/11/2017,2380,2500,2370,2490,48562000
07/11/2017,2490,2580,2490,2560,34721400
08/11/2017,2570,2570,2500,2510,16900800
09/11/2017,2510,2700,2470,2700,54501400
10/11/2017,2700,2840,2670,2790,47577800
13/11/2017,2800,2890,2780,2790,34920700
14/11/2017,2800,2830,2700,2760,36873400
15/11/2017,2780,2800,2700,2720,20362500
16/11/2017,2730,2880,2670,2880,46718500
17/11/2017,2900,2940,2830,2850,31113500
20/11/2017,2860,2920,2830,2880,16015700
21/11/2017,2880,2950,2850,2910,25164500
22/11/2017,2930,2940,2880,2880,19754200
23/11/2017,2900,2900,2800,2810,18424400
24/11/2017,2810,2860,2800,2840,10864200
27/11/2017,2850,2910,2850,2860,21761300
28/11/2017,2860,2900,2590,2770,70115100
29/11/2017,2790,2830,2770,2820,19672800
30/11/2017,2830,2850,2800,2800,49449800
01/12/2017,2800,2800,2800,2800,0
04/12/2017,2800,2860,2720,2770,46553300
05/12/2017,2790,2800,2640,2700,26942500
06/12/2017,2690,2720,2550,2580,28499500
07/12/2017,2570,2590,2380,2440,34688100
08/12/2017,2390,2560,2390,2560,16254400
11/12/2017,2590,2770,2570,2700,48628000
12/12/2017,2730,3040,2710,3010,91075000
13/12/2017,3010,3230,3010,3140,66388600
14/12/2017,3160,3230,3100,3100,24215600
15/12/2017,3110,3180,3070,3140,22650900
18/12/2017,3150,3190,3090,3100,13564300
19/12/2017,3120,3170,3090,3120,22549700
20/12/2017,3130,3150,3090,3090,7339100
21/12/2017,3090,3140,3050,3100,13853200
22/12/2017,3100,3120,3020,3040,8213900
25/12/2017,3040,3040,3040,3040,0
26/12/2017,3040,3040,3040,3040,0
27/12/2017,3040,3150,3030,3120,13996900
28/12/2017,3130,3150,3080,3090,6480800
29/12/2017,3090,3100,3050,3060,5149900
01/01/2018,3060,3060,3060,3060,0
02/01/2018,3070,3300,3070,3280,57830600
03/01/2018,3300,3430,3290,3310,31328000
04/01/2018,3330,3410,3310,3400,25570600
05/01/2018,3400,3530,3400,3510,29490100
08/01/2018,3530,3580,3480,3530,18421800
09/01/2018,3540,3590,3470,3490,17462500
10/01/2018,3500,3700,3460,3700,33174300
11/01/2018,3720,3970,3710,3910,46946300
12/01/2018,3950,4040,3810,3850,35461600
15/01/2018,3890,3980,3830,3940,22258300
16/01/2018,3960,4120,3940,4090,47162100
17/01/2018,4100,4150,4050,4090,18642500
18/01/2018,4120,4120,4040,4050,8558200
19/01/2018,4060,4250,4010,4200,26410500
22/01/2018,4210,4300,4180,4230,25079900
23/01/2018,4260,4350,4250,4330,24688400
24/01/2018,4350,4350,4110,4240,18496200
25/01/2018,4240,4560,4240,4530,41833900
26/01/2018,4550,4580,4490,4520,20598600
29/01/2018,4560,4630,4520,4550,16871700
30/01/2018,4550,4570,4260,4500,29806700
31/01/2018,4480,4550,4270,4470,19297900
01/02/2018,4460,4530,4250,4300,33604100
02/02/2018,4300,4470,4140,4450,39163700
05/02/2018,4320,4560,4250,4420,23657100
06/02/2018,4250,4350,4050,4210,40401900
07/02/2018,4280,4370,4230,4290,21888200
08/02/2018,4300,4320,4220,4270,12807100
09/02/2018,4150,4150,4020,4020,30462400
12/02/2018,4090,4180,4050,4130,18860700
13/02/2018,4200,4320,4200,4240,21671100
14/02/2018,4300,4370,4260,4330,17178100
15/02/2018,4390,4430,4330,4330,10936800
16/02/2018,4330,4330,4330,4330,0
19/02/2018,4360,4390,4330,4380,14027600
20/02/2018,4400,4440,4290,4300,11979300
21/02/2018,4280,4350,4260,4280,10305700
22/02/2018,4320,4330,4230,4260,8217300
23/02/2018,4300,4360,4250,4270,7026000
26/02/2018,4300,4320,4210,4220,7487300
27/02/2018,4200,4300,4170,4270,13243000
28/02/2018,4320,4350,4270,4320,12732300
01/03/2018,4250,4340,4180,4220,13186000
02/03/2018,4210,4210,4030,4060,14378500
05/03/2018,4100,4180,4050,4070,12324500
06/03/2018,4100,4150,4030,4050,5089600
07/03/2018,4050,4060,3640,3750,35009800
08/03/2018,3750,3750,3420,3580,50312000
09/03/2018,3610,3800,3610,3760,32334300
12/03/2018,3800,3850,3770,3820,14918000
13/03/2018,3830,3830,3680,3710,9217500
14/03/2018,3680,3710,3460,3530,19742200
15/03/2018,3480,3570,3380,3380,21605700
16/03/2018,3400,3500,3280,3310,14172100
19/03/2018,3430,3650,3390,3460,43449200
20/03/2018,3440,3530,3370,3430,24561400
21/03/2018,3480,3510,3340,3400,23375600
22/03/2018,3450,3520,3400,3440,17896500
23/03/2018,3340,3430,3270,3420,10638700
26/03/2018,3410,3620,3370,3610,23921500
27/03/2018,3650,3700,3530,3560,40045000
28/03/2018,3550,3620,3510,3540,13798500
29/03/2018,3550,3600,3520,3530,16153600
30/03/2018,3530,3530,3530,3530,0
02/04/2018,3570,3950,3550,3910,43618300
03/04/2018,3880,3970,3780,3780,28700200
04/04/2018,3830,3870,3630,3650,15679700
05/04/2018,3700,3780,3640,3740,25785800
06/04/2018,3740,3780,3690,3720,6892900
09/04/2018,3710,3870,3690,3840,17948600
10/04/2018,3850,3890,3830,3860,10934800
11/04/2018,3880,3920,3810,3810,13347800
12/04/2018,3810,3850,3770,3810,9468900
13/04/2018,3890,3910,3820,3820,9256600
16/04/2018,3820,3820,3820,3820,0
17/04/2018,3820,3820,3820,3820,0
18/04/2018,3690,3690,3590,3620,9870600
19/04/2018,3620,3620,3620,3620,0
20/04/2018,3620,3620,3620,3620,0
23/04/2018,3660,3720,3630,3630,5823700
24/04/2018,3640,3690,3610,3670,12525200
25/04/2018,3670,3670,3670,3670,0
26/04/2018,3670,3670,3670,3670,0
27/04/2018,3670,3670,3670,3670,0
30/04/2018,3490,3550,3410,3410,6881900
01/05/2018,3410,3410,3410,3410,0
02/05/2018,3470,3850,3470,3820,44466600
03/05/2018,3800,3800,3590,3700,17731400
04/05/2018,3600,3750,3590,3620,11665700
07/05/2018,3590,3670,3560,3650,10648300
08/05/2018,3650,3710,3560,3570,10328100
09/05/2018,3580,3630,3450,3580,8596600
10/05/2018,3580,3580,3580,3580,0
11/05/2018,3640,3710,3630,3650,11677600
14/05/2018,3640,3680,3520,3580,4279600
15/05/2018,3650,3850,3560,3830,21808400
16/05/2018,3790,3890,3740,3880,22515900
17/05/2018,3900,4030,3900,3940,34093400
18/05/2018,3940,4020,3910,3980,18841700
21/05/2018,3980,4000,3900,3900,10889400
22/05/2018,3900,3970,3750,3760,16874000
23/05/2018,3750,3840,3710,3730,15831900
24/05/2018,3700,3830,3680,3750,11119800
25/05/2018,3790,3810,3660,3670,9494000
28/05/2018,3670,3700,3620,3620,7842800
29/05/2018,3620,3620,3620,3620,0
30/05/2018,3620,3790,3620,3670,12128000
31/05/2018,3700,3760,3650,3740,16406800
01/06/2018,3740,3740,3740,3740,0
04/06/2018,3770,3830,3710,3740,18414900
05/06/2018,3800,4070,3800,3990,60947700
06/06/2018,4000,4040,3900,3930,21285200
07/06/2018,3930,4130,3920,4090,32062600
08/06/2018,4110,4130,4000,4030,11087500
11/06/2018,4030,4030,4030,4030,0
12/06/2018,4030,4030,4030,4030,0
13/06/2018,4030,4030,4030,4030,0
14/06/2018,4030,4030,4030,4030,0
15/06/2018,4030,4030,4030,4030,0
18/06/2018,4030,4030,4030,4030,0
19/06/2018,4030,4030,4030,4030,0
20/06/2018,3970,4020,3620,3870,30525500
21/06/2018,3900,3910,3780,3820,14538100
22/06/2018,3790,3790,3620,3660,19217000
25/06/2018,3700,3720,3530,3540,15169300
26/06/2018,3560,3660,3520,3600,14110500
27/06/2018,3650,3690,3450,3450,13570400
28/06/2018,3470,3550,3300,3330,8261200
29/06/2018,3330,3450,3280,3420,10738200
02/07/2018,3430,3510,3380,3380,13705200
03/07/2018,3340,3450,3200,3230,9826200
04/07/2018,3250,3330,3040,3320,14481500
05/07/2018,3350,3480,3240,3450,23573200
06/07/2018,3500,3610,3420,3520,20848800
09/07/2018,3530,3610,3460,3490,12973200
10/07/2018,3510,3530,3370,3400,16085000
11/07/2018,3360,3460,3340,3350,10236200
12/07/2018,3390,3480,3360,3380,8881200
13/07/2018,3400,3440,3330,3330,11554100
16/07/2018,3330,3370,3270,3270,4798800
17/07/2018,3270,3310,3170,3240,15684200
18/07/2018,3250,3340,3220,3280,8590200
19/07/2018,3310,3370,3290,3320,11492500
20/07/2018,3300,3330,3260,3280,8767900
23/07/2018,3250,3270,3120,3130,14308300
24/07/2018,3150,3350,3140,3320,20971100
25/07/2018,3350,3370,3270,3320,14050200
26/07/2018,3350,3510,3350,3470,21899500
27/07/2018,3480,3550,3420,3530,16715600
30/07/2018,3620,3890,3620,3840,49973400
31/07/2018,3740,3780,3540,3600,28511900
01/08/2018,3600,3740,3560,3740,19552200
02/08/2018,3700,3740,3580,3600,11893100
03/08/2018,3650,3660,3570,3580,6470500
06/08/2018,3580,3680,3530,3660,11980900
07/08/2018,3660,3730,3580,3630,13456100
08/08/2018,3640,3660,3380,3400,34537100
09/08/2018,3400,3440,3180,3250,39792000
10/08/2018,3250,3350,3170,3190,21716600
13/08/2018,3160,3170,2980,3060,36633400
14/08/2018,3050,3130,2990,3020,11775800
15/08/2018,3040,3140,2950,3120,24468400
16/08/2018,3120,3120,3000,3010,12685400
17/08/2018,3010,3010,3010,3010,0
20/08/2018,3050,3160,3020,3150,15886600
21/08/2018,3180,3190,3060,3080,13355600
22/08/2018,3080,3080,3080,3080,0
23/08/2018,3100,3150,3010,3020,14726200
24/08/2018,3030,3060,3000,3010,7137000
27/08/2018,3050,3070,3020,3020,4331600
28/08/2018,3060,3170,3040,3150,21360900
29/08/2018,3160,3170,3070,3070,23537200
30/08/2018,3110,3300,3110,3180,60475800
31/08/2018,3140,3270,3090,3270,30659600
03/09/2018,3270,3270,3150,3150,11423400
04/09/2018,3170,3180,3070,3070,10280800
05/09/2018,3050,3050,2670,2810,31274300
06/09/2018,2800,2930,2770,2880,11491200
07/09/2018,2900,2910,2830,2840,8491200
10/09/2018,2850,2880,2800,2810,6609600
11/09/2018,2810,2810,2810,2810,0
12/09/2018,2830,2870,2790,2820,8978100
13/09/2018,2850,2870,2800,2810,8781200
14/09/2018,2830,2930,2810,2860,15034000
17/09/2018,2860,2880,2800,2800,8821000
18/09/2018,2800,2840,2750,2810,7980800
19/09/2018,2820,2870,2790,2800,9352500
20/09/2018,2830,2870,2810,2820,10154300
21/09/2018,2850,2880,2810,2810,14305800
24/09/2018,2830,2840,2760,2760,5729700
25/09/2018,2760,2780,2720,2730,8954800
26/09/2018,2760,2820,2730,2730,9610700
27/09/2018,2750,2780,2730,2740,5440600
28/09/2018,2760,2840,2750,2800,17053500
01/10/2018,2810,2920,2790,2890,22710800
02/10/2018,2920,2980,2800,2810,25315100
03/10/2018,2820,2870,2780,2830,9475600
04/10/2018,2800,2810,2720,2740,10929100
05/10/2018,2720,2780,2690,2740,8022900
08/10/2018,2740,2770,2700,2700,4689400
09/10/2018,2710,2750,2700,2720,5392300
10/10/2018,2720,2790,2680,2790,14049100
11/10/2018,2700,2730,2660,2670,10192000
12/10/2018,2660,2700,2640,2650,8829700
15/10/2018,2650,2670,2520,2520,9015700
16/10/2018,2520,2600,2440,2570,7658100
17/10/2018,2600,2630,2590,2590,8017100
18/10/2018,2580,2590,2520,2530,7324300
19/10/2018,2520,2570,2500,2570,13643500
22/10/2018,2590,2590,2530,2530,7951000
23/10/2018,2550,2560,2450,2450,6944300
24/10/2018,2460,2480,2380,2380,4940700
25/10/2018,2300,2350,2270,2290,12881200
26/10/2018,2310,2360,2290,2300,6962700
29/10/2018,2320,2320,2200,2210,5018500
30/10/2018,2200,2210,2120,2130,6651200
31/10/2018,2140,2340,2130,2240,16552600
01/11/2018,2250,2400,2250,2380,23906300
02/11/2018,2400,2420,2240,2240,14420200
05/11/2018,2240,2410,2240,2330,21814600
06/11/2018,2350,2510,2350,2480,28866000
07/11/2018,2510,2530,2440,2500,15363100
08/11/2018,2540,2630,2520,2590,20959700
09/11/2018,2580,2600,2530,2570,7463400
12/11/2018,2570,2680,2570,2640,16248200
13/11/2018,2600,2670,2580,2640,11463400
14/11/2018,2670,2720,2620,2620,10294400
15/11/2018,2600,2640,2540,2580,12304600
16/11/2018,2580,2600,2510,2550,9960600
19/11/2018,2530,2550,2430,2430,7911300
20/11/2018,2430,2430,2430,2430,0
21/11/2018,2360,2460,2160,2180,25812500
22/11/2018,2200,2220,1990,1995,31904800
23/11/2018,1995,2040,1935,1945,16701900
26/11/2018,1950,1960,1800,1800,16292200
27/11/2018,1810,1890,1810,1850,12626800
28/11/2018,1900,1970,1865,1890,16181000
29/11/2018,1940,1955,1880,1880,11112000
30/11/2018,1910,1930,1790,1800,14384700
03/12/2018,1850,1890,1820,1865,10312200
04/12/2018,1880,1970,1870,1955,20849200
05/12/2018,1950,2080,1920,2000,29611800
06/12/2018,2000,2080,1980,2020,15358900
07/12/2018,2050,2060,1970,1985,12553600
10/12/2018,1985,2020,1975,1990,6137700
11/12/2018,1990,2000,1940,1945,10851400
12/12/2018,1935,1935,1880,1880,12381300
13/12/2018,1890,1920,1890,1895,10168700
14/12/2018,1905,1920,1880,1880,7354100
17/12/2018,1890,1900,1815,1820,10618700
18/12/2018,1820,1825,1770,1775,12064600
19/12/2018,1775,1830,1775,1785,9044700
20/12/2018,1785,1795,1750,1755,7733400
21/12/2018,1750,1770,1635,1660,16951900
24/12/2018,1660,1660,1660,1660,0
25/12/2018,1660,1660,1660,1660,0
26/12/2018,1650,1655,1580,1580,8838800
27/12/2018,1600,1635,1580,1590,7883300
28/12/2018,1610,1615,1580,1585,4670100
31/12/2018,1585,1585,1585,1585,0
01/01/2019,1585,1585,1585,1585,0
02/01/2019,1580,1605,1535,1540,5203600
03/01/2019,1540,1580,1520,1530,9381900
04/01/2019,1530,1820,1500,1815,59461000
07/01/2019,1840,1970,1840,1950,53798000
08/01/2019,1960,1970,1860,1930,26923500
09/01/2019,1940,2020,1915,1960,41086600
10/01/2019,1970,2020,1955,1965,15006700
11/01/2019,1990,1990,1950,1970,11654000
14/01/2019,1965,1980,1925,1925,7795400
15/01/2019,1930,1955,1875,1905,24227600
16/01/2019,1920,2020,1910,1935,45855400
17/01/2019,1970,2140,1970,2090,90960500
18/01/2019,2110,2210,2110,2180,44812200
21/01/2019,2210,2250,2100,2130,34110000
22/01/2019,2120,2140,2030,2050,22258400
23/01/2019,2000,2130,2000,2070,21940400
24/01/2019,2100,2110,2030,2030,12374200
25/01/2019,2040,2070,2020,2030,9866400
28/01/2019,2060,2260,2060,2210,82268300
29/01/2019,2220,2250,2120,2120,37545400
30/01/2019,2140,2170,2120,2170,19364200
31/01/2019,2190,2210,2130,2130,22120000
01/02/2019,2130,2150,2110,2120,9661400
04/02/2019,2130,2180,2120,2150,16169800
05/02/2019,2150,2150,2150,2150,0
06/02/2019,2170,2240,2160,2170,28297300
07/02/2019,2170,2190,2120,2120,14953900
08/02/2019,2110,2110,2020,2050,17396900
11/02/2019,2050,2050,1950,1955,20831100
12/02/2019,1965,1995,1860,1940,22483900
13/02/2019,1950,1975,1905,1920,8680500
14/02/2019,1930,1950,1830,1835,16503700
15/02/2019,1820,1825,1775,1795,15417600
18/02/2019,1830,1845,1755,1785,18682800
19/02/2019,1810,1975,1810,1925,46255200
20/02/2019,1950,1985,1925,1955,28137000
21/02/2019,1970,2210,1945,2180,87774900
22/02/2019,2180,2230,2100,2170,50870400
25/02/2019,2190,2190,2060,2080,21772600
26/02/2019,2100,2100,1980,1985,30316700
27/02/2019,2000,2080,1990,2000,30254900
28/02/2019,2030,2040,1950,1955,11736500
01/03/2019,1990,2020,1965,2000,15926800
04/03/2019,2030,2140,2030,2130,40142100
05/03/2019,2140,2190,2070,2090,29632100
06/03/2019,2090,2100,2010,2020,13260000
07/03/2019,2020,2020,2020,2020,0
08/03/2019,2020,2070,2010,2060,13888200
11/03/2019,2030,2140,2010,2100,18485900
12/03/2019,2130,2130,2020,2030,7874100
13/03/2019,2060,2120,2020,2110,16496100
14/03/2019,2140,2150,2090,2120,10865600
15/03/2019,2120,2130,2080,2110,3780200
18/03/2019,2070,2120,2060,2070,5444000
19/03/2019,2080,2110,2030,2060,6751700
20/03/2019,2080,2110,2050,2060,7798900
21/03/2019,2070,2080,2010,2020,9059500
22/03/2019,2020,2030,1980,1985,8733400
25/03/2019,1960,1960,1915,1920,10343800
26/03/2019,1935,1955,1930,1930,3280200
27/03/2019,1940,1945,1895,1900,5930800
28/03/2019,1895,1915,1895,1900,2931700
29/03/2019,1875,1880,1820,1845,10256500
01/04/2019,1810,1825,1750,1795,9859000
02/04/2019,1825,1825,1770,1790,7462500
03/04/2019,1790,1790,1790,1790,0
04/04/2019,1770,1770,1700,1720,14690600
05/04/2019,1740,1745,1700,1740,3994000
08/04/2019,1785,1815,1735,1735,16402300
09/04/2019,1780,1810,1775,1780,16905100
10/04/2019,1780,1785,1740,1745,8735800
11/04/2019,1790,1800,1750,1750,4934300
12/04/2019,1750,1770,1730,1730,5107300
15/04/2019,1750,1755,1705,1715,5835200
16/04/2019,1720,1745,1700,1720,9372100
17/04/2019,1720,1720,1720,1720,0
18/04/2019,1745,1745,1660,1660,12588000
19/04/2019,1660,1660,1660,1660,0
22/04/2019,1665,1680,1635,1640,4629500
23/04/2019,1650,1735,1645,1720,10252600
24/04/2019,1730,1780,1725,1735,19887800
25/04/2019,1735,1755,1690,1720,7414600
26/04/2019,1730,1735,1685,1715,5605000
29/04/2019,1715,1735,1690,1705,4273300
30/04/2019,1710,1750,1705,1705,10588800
01/05/2019,1705,1705,1705,1705,0
02/05/2019,1710,1725,1700,1705,8535200
03/05/2019,1705,1710,1640,1665,11386900
06/05/2019,1650,1685,1620,1680,13926500
07/05/2019,1600,1605,1570,1575,12279200
08/05/2019,1560,1575,1505,1520,7060700
09/05/2019,1520,1535,1455,1465,7155400
10/05/2019,1470,1505,1430,1485,5199500
13/05/2019,1485,1530,1470,1470,7775000
14/05/2019,1430,1435,1395,1395,9297200
15/05/2019,1400,1410,1300,1310,16531500
16/05/2019,1310,1310,1170,1170,16433400
17/05/2019,1175,1260,1155,1215,16858200
20/05/2019,1230,1260,1175,1225,6494000
21/05/2019,1235,1320,1230,1285,9410300
22/05/2019,1290,1305,1250,1280,4722200
23/05/2019,1280,1345,1280,1340,10278700
24/05/2019,1355,1465,1330,1450,18544700
27/05/2019,1460,1540,1460,1490,10335600
28/05/2019,1505,1520,1395,1440,15607300
29/05/2019,1420,1465,1400,1405,7037600
30/05/2019,1405,1405,1405,1405,0
31/05/2019,1410,1460,1405,1410,6691400
03/06/2019,1410,1410,1410,1410,0
04/06/2019,1410,1410,1410,1410,0
05/06/2019,1410,1410,1410,1410,0
06/06/2019,1410,1410,1410,1410,0
07/06/2019,1410,1410,1410,1410,0
10/06/2019,1410,1450,1395,1400,4181400
11/06/2019,1410,1430,1385,1390,5360100
12/06/2019,1390,1475,1390,1450,16753400
13/06/2019,1450,1505,1445,1455,10407400
14/06/2019,1490,1510,1440,1440,8718500
17/06/2019,1440,1440,1355,1360,9267100
18/06/2019,1350,1380,1325,1345,6527400
19/06/2019,1360,1380,1355,1370,0
20/06/2019,1385,1385,1355,1360,6384000
21/06/2019,1360,1375,1340,1340,5609100
24/06/2019,1355,1355,1310,1335,6456000
25/06/2019,1340,1675,1340,1675,97370800
26/06/2019,1685,1835,1605,1660,118578600
27/06/2019,1660,1745,1600,1685,47155100
28/06/2019,1685,1715,1650,1680,14194700
01/07/2019,1705,1790,1670,1780,58288600
02/07/2019,1795,1825,1730,1745,32226500
03/07/2019,1750,1770,1715,1720,12363000
04/07/2019,1750,1810,1750,1785,39516100
05/07/2019,1830,1875,1765,1790,50843500
08/07/2019,1790,1790,1745,1745,12831300
09/07/2019,1745,1745,1685,1695,12299200
10/07/2019,1710,1740,1690,1725,10332000
11/07/2019,1750,1765,1695,1715,9594300
12/07/2019,1710,1715,1625,1630,10268000
15/07/2019,1640,1650,1590,1610,10881100
16/07/2019,1610,1685,1600,1670,17752400
17/07/2019,1680,1680,1610,1610,10082700
18/07/2019,1630,1685,1625,1640,13461300
19/07/2019,1650,1655,1625,1630,3880300
22/07/2019,1635,1650,1605,1605,4145500
23/07/2019,1600,1665,1590,1635,10980300
24/07/2019,1635,1645,1615,1620,3675500
25/07/2019,1610,1635,1595,1605,4660300
26/07/2019,1605,1605,1580,1585,4190300
29/07/2019,1585,1595,1510,1515,6898800
30/07/2019,1510,1535,1500,1510,8953400
31/07/2019,1510,1525,1450,1485,8051400
01/08/2019,1485,1580,1460,1510,13870500
02/08/2019,1500,1525,1475,1510,7188900
05/08/2019,1480,1485,1425,1430,5914900
06/08/2019,1370,1415,1315,1385,8181300
07/08/2019,1400,1445,1380,1390,5993200
08/08/2019,1400,1420,1370,1390,4207500
09/08/2019,1400,1425,1390,1395,3642500
12/08/2019,1400,1410,1360,1365,2508600
13/08/2019,1365,1365,1325,1325,3691400
14/08/2019,1360,1395,1355,1375,5076000
15/08/2019,1325,1360,1315,1345,4523300
16/08/2019,1355,1565,1345,1385,43266800
19/08/2019,1400,1430,1385,1385,6917200
20/08/2019,1390,1405,1370,1380,5545300
21/08/2019,1380,1390,1345,1350,2804300
22/08/2019,1365,1365,1320,1325,4132900
23/08/2019,1350,1420,1330,1365,16534400
26/08/2019,1340,1350,1295,1330,5984500
27/08/2019,1340,1385,1330,1350,6881300
28/08/2019,1350,1360,1325,1325,2169400
29/08/2019,1325,1350,1325,1335,2514900
30/08/2019,1345,1395,1340,1350,4848100
02/09/2019,1355,1370,1335,1335,3400700
03/09/2019,1345,1405,1345,1360,13096600
04/09/2019,1400,1495,1400,1420,17043800
05/09/2019,1430,1465,1385,1455,13805800
06/09/2019,1460,1505,1445,1480,20756100
09/09/2019,1480,1560,1480,1510,29425500
10/09/2019,1510,1520,1455,1460,11237400
11/09/2019,1500,1535,1490,1515,15384500
12/09/2019,1535,1540,1500,1510,4231600
13/09/2019,1510,1520,1445,1450,6434400
16/09/2019,1490,1510,1470,1485,8052100
17/09/2019,1510,1515,1470,1470,3727600
18/09/2019,1470,1470,1425,1435,3323100
19/09/2019,1430,1450,1415,1420,2812800
20/09/2019,1430,1440,1385,1405,3156700
23/09/2019,1420,1425,1375,1380,2535500
24/09/2019,1370,1370,1330,1345,3154000
25/09/2019,1330,1365,1310,1345,1988100
26/09/2019,1360,1365,1335,1340,3668700
27/09/2019,1350,1390,1350,1360,8535700
30/09/2019,1385,1390,1315,1315,3348600
01/10/2019,1370,1380,1340,1345,2336400
02/10/2019,1340,1340,1305,1305,3616400
03/10/2019,1305,1305,1265,1290,4792800
04/10/2019,1300,1305,1275,1285,1400600
07/10/2019,1305,1310,1275,1290,4951200
08/10/2019,1310,1320,1300,1305,4393000
09/10/2019,1305,1310,1290,1290,4931400
10/10/2019,1295,1300,1250,1250,9943000
11/10/2019,1260,1285,1255,1275,7050000
14/10/2019,1280,1295,1280,1285,4877200
15/10/2019,1280,1315,1280,1305,11078700
16/10/2019,1315,1330,1300,1300,10191800
17/10/2019,1310,1315,1295,1315,5957900
18/10/2019,1320,1390,1315,1390,23667800
21/10/2019,1390,1410,1370,1380,6532300
22/10/2019,1380,1395,1340,1350,2415600
23/10/2019,1370,1380,1330,1350,7853900
24/10/2019,1350,1365,1340,1345,9061500
25/10/2019,1350,1350,1310,1315,11191000
28/10/2019,1330,1380,1315,1375,15980300
29/10/2019,1375,1385,1325,1330,11558800
30/10/2019,1330,1345,1320,1330,7249500
31/10/2019,1345,1350,1280,1285,16116400
01/11/2019,1275,1280,1250,1255,12694800
04/11/2019,1280,1280,1260,1275,12289700
05/11/2019,1300,1335,1285,1330,13160900
06/11/2019,1325,1370,1285,1370,18726700
07/11/2019,1370,1380,1305,1320,11965500
08/11/2019,1320,1380,1320,1360,17536100
11/11/2019,1360,1375,1340,1340,8579400
12/11/2019,1350,1365,1310,1325,14544300
13/11/2019,1320,1330,1290,1300,12947600
14/11/2019,1300,1305,1245,1250,13505900
15/11/2019,1250,1295,1250,1285,14614900
18/11/2019,1300,1305,1280,1295,11660900
19/11/2019,1275,1305,1255,1260,9863700
20/11/2019,1275,1275,1250,1250,12211400
21/11/2019,1255,1280,1250,1265,12333800
22/11/2019,1265,1280,1245,1250,10880800
25/11/2019,1250,1270,1240,1260,10971000
26/11/2019,1260,1270,1240,1270,10225000
27/11/2019,1270,1270,1235,1235,11422600
28/11/2019,1225,1235,1150,1150,14181200
29/11/2019,1150,1150,1080,1085,14268300
02/12/2019,1085,1115,1050,1100,16373400
03/12/2019,1100,1145,1095,1115,13896400
04/12/2019,1110,1110,1070,1075,14854500
05/12/2019,1075,1110,1075,1095,12998500
06/12/2019,1110,1120,1095,1100,11254200
09/12/2019,1115,1135,1105,1130,14082600
10/12/2019,1140,1210,1135,1195,18717600
11/12/2019,1205,1210,1160,1165,14916900
12/12/2019,1165,1180,1155,1155,13042000
13/12/2019,1175,1185,1125,1160,17161400
16/12/2019,1160,1260,1160,1245,27613600
17/12/2019,1250,1310,1250,1300,22935400
18/12/2019,1300,1320,1230,1255,17829100
19/12/2019,1255,1290,1245,1270,9177000
20/12/2019,1280,1290,1255,1255,9313600
23/12/2019,1255,1280,1230,1245,9790100
26/12/2019,1240,1270,1240,1240,9531700
27/12/2019,1240,1250,1215,1220,9272000
30/12/2019,1210,1225,1185,1195,9784500
02/01/2020,1195,1210,1175,1210,2738700
03/01/2020,1210,1230,1210,1225,6196500
06/01/2020,1220,1255,1205,1235,9321000
07/01/2020,1245,1275,1235,1275,9192600
08/01/2020,1270,1270,1240,1245,6006900
09/01/2020,1245,1255,1230,1235,7766100
10/01/2020,1265,1290,1260,1265,15562000
13/01/2020,1290,1310,1270,1270,11119400
14/01/2020,1290,1300,1245,1245,11287000
15/01/2020,1240,1240,1200,1200,10375400
16/01/2020,1200,1220,1190,1200,9393200
17/01/2020,1215,1215,1200,1200,10560500
20/01/2020,1200,1215,1130,1135,4967700
21/01/2020,1135,1145,1110,1125,2846400
22/01/2020,1125,1135,1075,1080,3507000
23/01/2020,1070,1110,1055,1085,3479500
24/01/2020,1100,1110,1075,1085,1570200
27/01/2020,1085,1085,1005,1010,4633100
28/01/2020,990,1045,955,1030,5464700
29/01/2020,1050,1055,1005,1005,3924000
30/01/2020,1010,1015,980,980,3272500
31/01/2020,975,990,935,960,7273800
03/02/2020,945,965,885,915,4848400
04/02/2020,915,950,900,900,3675000
05/02/2020,925,945,900,905,5039800
06/02/2020,910,935,910,925,1895600
07/02/2020,925,935,915,915,1515700
10/02/2020,910,915,840,845,7665500
11/02/2020,850,860,825,855,4891400
12/02/2020,860,875,850,855,3190500
13/02/2020,850,865,805,820,3297700
14/02/2020,825,830,795,805,3449300
17/02/2020,805,805,775,800,3338200
18/02/2020,800,850,800,850,5959600
19/02/2020,850,880,825,860,4536200
20/02/2020,865,940,860,935,10250500
21/02/2020,935,935,900,915,8329100
24/02/2020,915,915,860,860,4296400
25/02/2020,860,885,835,865,2947300
26/02/2020,865,870,810,820,3346900
27/02/2020,820,835,760,770,5182400
28/02/2020,750,750,685,750,9644900
02/03/2020,750,790,710,715,4627400
03/03/2020,740,760,730,755,3588000
04/03/2020,765,805,745,785,5104000
05/03/2020,795,825,760,760,4098900
06/03/2020,765,765,725,740,1766600
09/03/2020,740,740,610,610,7536900
10/03/2020,590,645,590,630,4805100
11/03/2020,640,640,580,595,3595400
12/03/2020,575,580,540,540,4827300
13/03/2020,505,540,505,515,5475100
16/03/2020,505,515,480,480,3127900
17/03/2020,456,476,448,448,2972500
18/03/2020,446,446,418,418,2958900
19/03/2020,390,400,390,390,5502800
20/03/2020,386,486,364,486,17599000
23/03/2020,486,575,452,480,24647000
24/03/2020,490,555,484,530,11677400
26/03/2020,570,645,560,625,17166800
27/03/2020,675,780,655,730,21761100
30/03/2020,700,700,680,680,5678700
31/03/2020,690,740,660,695,6609100
01/04/2020,700,790,660,725,9040300
02/04/2020,735,765,700,750,5542000
03/04/2020,765,785,730,740,4416100
06/04/2020,755,775,720,765,7564400
07/04/2020,790,800,730,755,7819700
08/04/2020,760,760,710,740,6107500
09/04/2020,740,775,730,750,6148900
13/04/2020,760,770,745,760,1893600
14/04/2020,760,795,755,795,4963700
15/04/2020,785,820,770,775,5047600
16/04/2020,800,800,760,770,2064400
17/04/2020,770,790,760,775,3360000
20/04/2020,780,865,760,795,27241400
21/04/2020,785,785,740,740,8858400
22/04/2020,735,740,690,715,5070100
23/04/2020,740,775,710,710,9748700
24/04/2020,735,755,710,710,11070000
27/04/2020,745,780,725,755,14833000
28/04/2020,760,760,740,740,8191300
29/04/2020,745,765,740,755,4801800
30/04/2020,760,795,755,795,15948300
04/05/2020,740,740,740,740,2987600
05/05/2020,690,735,690,720,10339600
06/05/2020,730,745,720,725,7420100
08/05/2020,735,760,735,740,8179000
11/05/2020,765,765,745,755,4671100
12/05/2020,755,765,725,725,3406700
13/05/2020,720,745,700,745,3593000
14/05/2020,740,745,720,720,1434800
15/05/2020,730,730,705,705,2150100
18/05/2020,710,720,675,680,7465600
19/05/2020,705,710,685,690,4418800
20/05/2020,695,700,680,690,1957000
26/05/2020,680,710,650,690,5357600
27/05/2020,710,710,685,690,8942300
28/05/2020,695,705,670,680,12794300
29/05/2020,685,685,640,640,21807400
02/06/2020,650,675,640,650,18902200
03/06/2020,660,730,655,705,40807900
04/06/2020,720,735,685,685,38331100
05/06/2020,690,705,670,705,13740300
08/06/2020,720,755,715,745,29801600
09/06/2020,760,775,705,710,31932300
10/06/2020,700,710,670,690,13163500
11/06/2020,685,690,650,665,10533300
12/06/2020,650,670,625,670,9800500
15/06/2020,670,680,655,655,5557600
16/06/2020,660,690,650,675,14876900
17/06/2020,680,695,665,695,17858300
18/06/2020,705,710,695,700,16315300
19/06/2020,700,710,690,700,6673000
22/06/2020,705,705,680,685,5425000
23/06/2020,680,685,655,665,9443800
24/06/2020,675,680,660,675,5194100
25/06/2020,670,675,660,660,3533200
26/06/2020,665,675,660,670,1316400
29/06/2020,670,680,655,660,2442000
30/06/2020,670,675,655,670,3920700
01/07/2020,665,675,650,675,4954900
02/07/2020,680,695,675,685,9762600
03/07/2020,695,705,690,695,8803400
06/07/2020,700,705,690,700,7426100
07/07/2020,705,730,695,715,23149100
08/07/2020,705,740,705,725,11612800
09/07/2020,730,795,710,755,46398500
10/07/2020,755,760,735,745,10896200
13/07/2020,740,930,740,930,105698900
14/07/2020,955,1040,915,920,162694100
15/07/2020,945,965,870,915,41954300
16/07/2020,915,935,885,895,13713800
17/07/2020,895,1010,885,975,112796900
20/07/2020,960,985,935,940,32500300
21/07/2020,950,990,925,955,24772900
22/07/2020,965,995,950,950,26607500
23/07/2020,955,1080,945,1050,111598000
24/07/2020,1050,1085,1010,1015,41788300
27/07/2020,1015,1040,1005,1010,13826700
28/07/2020,1020,1075,1000,1015,47597900
29/07/2020,1015,1040,1010,1015,11203500
30/07/2020,1015,1025,955,980,22331100
03/08/2020,980,990,915,915,21552500
04/08/2020,920,950,915,925,15267100
05/08/2020,925,960,910,945,12586000
06/08/2020,950,1020,950,1015,33927000
07/08/2020,1010,1035,990,990,19427600
10/08/2020,1010,1110,990,1110,74981100
11/08/2020,1120,1130,1060,1085,45341400
12/08/2020,1065,1065,1025,1035,21323600
13/08/2020,1025,1080,1025,1050,20321300
14/08/2020,1055,1070,1030,1040,7829900
18/08/2020,1040,1060,1025,1030,14500300
19/08/2020,1030,1070,1025,1040,26604400
24/08/2020,1045,1045,1015,1015,11746500
25/08/2020,1025,1055,1015,1045,14856600
26/08/2020,1055,1120,1045,1065,69494500
27/08/2020,1075,1100,1055,1060,15867700
28/08/2020,1065,1095,1055,1060,18957400
31/08/2020,1090,1090,1015,1025,13161600
01/09/2020,1025,1060,995,1060,20222300
02/09/2020,1065,1095,1050,1070,21595900
03/09/2020,1070,1070,1035,1050,11987100
04/09/2020,1030,1030,1010,1025,7800100
07/09/2020,1030,1055,1015,1030,12281200
08/09/2020,1025,1050,1000,1010,16737100
09/09/2020,995,1010,945,960,23792900
10/09/2020,950,950,895,895,10403000
11/09/2020,885,935,835,925,24783200
14/09/2020,950,975,940,965,14266600
15/09/2020,975,975,945,945,9361800
16/09/2020,945,945,905,910,10963300
17/09/2020,920,940,900,900,10374800
18/09/2020,910,935,905,915,7110400
21/09/2020,915,960,910,910,24429000
22/09/2020,900,940,890,920,20041700
23/09/2020,925,945,890,910,16496500
24/09/2020,900,910,890,905,7098500
25/09/2020,915,925,900,925,8249700
28/09/2020,930,935,905,915,4100200
29/09/2020,915,980,915,950,38688600
30/09/2020,960,970,905,920,13084700
01/10/2020,925,940,915,935,5933400
02/10/2020,935,935,890,910,6792300
05/10/2020,910,925,905,915,5242400
06/10/2020,925,930,920,920,5747000
07/10/2020,920,945,920,930,7164500
08/10/2020,930,965,925,930,18943100
09/10/2020,925,935,905,925,4297100
12/10/2020,930,935,915,915,14966900
13/10/2020,910,950,905,945,20574900
14/10/2020,950,955,930,955,22035500
15/10/2020,960,1010,935,935,39206000
16/10/2020,950,1000,920,995,39412300
19/10/2020,1010,1010,980,990,19148100
20/10/2020,990,1030,985,990,25198000
21/10/2020,1000,1030,990,995,22352200
22/10/2020,995,995,945,945,34239900
23/10/2020,960,970,935,935,15359600
26/10/2020,945,960,935,940,13716900
27/10/2020,935,955,925,935,8551200
02/11/2020,940,950,920,935,6477300
03/11/2020,940,955,935,940,6075700
04/11/2020,940,950,910,920,10519500
05/11/2020,920,945,920,940,5585100
06/11/2020,945,965,940,955,12112600
09/11/2020,965,980,960,970,9848700
10/11/2020,980,990,970,975,10364800
11/11/2020,975,1025,970,1015,43491100
12/11/2020,1020,1025,995,1000,17234800
13/11/2020,1000,1020,990,1005,9701000
16/11/2020,1010,1065,1005,1060,36413900
17/11/2020,1070,1100,1045,1045,35941200
18/11/2020,1045,1070,1040,1045,10444900
19/11/2020,1045,1190,1045,1180,92318700
20/11/2020,1200,1210,1155,1170,30736300
23/11/2020,1200,1420,1190,1360,122631900
24/11/2020,1380,1445,1370,1380,58830900
25/11/2020,1410,1555,1410,1465,72081900
26/11/2020,1470,1540,1470,1485,32396700
27/11/2020,1500,1610,1500,1600,64157400
30/11/2020,1620,1840,1570,1710,176402700
01/12/2020,1730,1820,1635,1765,79870700
02/12/2020,1795,1800,1725,1745,34284700
03/12/2020,1770,1800,1685,1705,35557100
04/12/2020,1730,1780,1720,1755,43182500
07/12/2020,1820,1820,1750,1755,40455100
08/12/2020,1800,2010,1785,1930,171171200
10/12/2020,1950,1980,1825,1870,58489800
11/12/2020,1905,1930,1835,1850,27620000
14/12/2020,1900,1975,1890,1965,53434800
15/12/2020,1990,2020,1920,1970,40671200
16/12/2020,2000,2020,1945,1965,32083200
17/12/2020,1955,1975,1870,1920,47291700
18/12/2020,1930,1935,1875,1880,21946900
21/12/2020,1905,2050,1840,1990,106571900
22/12/2020,1990,2010,1855,1875,57039900
23/12/2020,1885,1930,1745,1835,44083500
28/12/2020,1865,1890,1805,1840,16553300
29/12/2020,1900,1925,1840,1855,29386000
30/12/2020,1860,1870,1730,1730,45903800
04/01/2021,1725,1770,1610,1730,78286500
05/01/2021,1745,1795,1685,1690,40878400
06/01/2021,1690,1690,1575,1615,45077000
07/01/2021,1615,1775,1565,1750,83403100
08/01/2021,1790,1880,1760,1770,73713200
11/01/2021,1810,1880,1805,1870,71691200
12/01/2021,1880,1900,1805,1820,34828200
13/01/2021,1880,1985,1855,1920,120468600
14/01/2021,1980,2000,1855,1870,71616200
15/01/2021,1870,1875,1770,1790,54519200
18/01/2021,1790,1835,1695,1695,46035900
19/01/2021,1695,1795,1605,1695,54687800
20/01/2021,1695,1740,1655,1725,22603600
21/01/2021,1740,1765,1700,1705,16537600
22/01/2021,1705,1715,1605,1620,26696400
25/01/2021,1620,1660,1525,1530,29170800
26/01/2021,1535,1575,1425,1425,33695300
27/01/2021,1435,1470,1350,1405,30542400
28/01/2021,1380,1535,1350,1410,55920000
29/01/2021,1410,1540,1375,1465,44399300
01/02/2021,1465,1500,1395,1490,37514700
02/02/2021,1490,1530,1430,1435,22677900
03/02/2021,1435,1440,1395,1405,16048100
04/02/2021,1400,1530,1390,1515,48114700
05/02/2021,1530,1615,1530,1550,62956900
08/02/2021,1575,1610,1525,1550,26507900
09/02/2021,1550,1580,1480,1495,22361600
10/02/2021,1500,1510,1455,1485,9322400
11/02/2021,1480,1530,1470,1520,10043300
15/02/2021,1540,1545,1510,1520,7121000
16/02/2021,1530,1545,1510,1530,11052700
17/02/2021,1530,1535,1455,1460,16810200
18/02/2021,1455,1460,1425,1430,8990900
19/02/2021,1430,1440,1405,1420,5606500
22/02/2021,1440,1540,1425,1540,31482500
23/02/2021,1540,1575,1495,1505,27235600
24/02/2021,1510,1525,1450,1455,11366900
25/02/2021,1475,1495,1465,1480,7164900
26/02/2021,1475,1500,1440,1480,7266100
01/03/2021,1490,1510,1480,1490,7074500
02/03/2021,1500,1590,1500,1530,42142600
03/03/2021,1540,1555,1470,1485,15577100
04/03/2021,1485,1530,1445,1490,23717400
05/03/2021,1470,1480,1450,1465,7895000
08/03/2021,1480,1490,1405,1420,12140000
09/03/2021,1415,1435,1380,1400,11982900
10/03/2021,1400,1435,1380,1400,7779600
12/03/2021,1420,1565,1410,1505,61942200
15/03/2021,1515,1570,1510,1535,23263900
16/03/2021,1545,1585,1505,1510,24945700
17/03/2021,1515,1530,1495,1505,5822900
18/03/2021,1540,1570,1520,1540,23166200
19/03/2021,1540,1575,1520,1525,16792400
22/03/2021,1580,1710,1550,1680,88527100
23/03/2021,1700,1780,1680,1710,72388800
24/03/2021,1700,1700,1595,1595,40111800
25/03/2021,1595,1640,1520,1580,39497000
26/03/2021,1625,1625,1565,1595,14512400
29/03/2021,1605,1610,1535,1545,20356600
30/03/2021,1550,1550,1480,1480,20164100
31/03/2021,1485,1490,1400,1425,18338200
01/04/2021,1450,1475,1425,1460,11496800
05/04/2021,1465,1510,1455,1465,18533600
06/04/2021,1460,1480,1445,1450,8463400
07/04/2021,1450,1495,1450,1465,10072700
08/04/2021,1480,1530,1465,1530,15174600
09/04/2021,1530,1545,1480,1485,11781200
12/04/2021,1480,1490,1415,1415,9623900
13/04/2021,1415,1435,1370,1385,14496000
14/04/2021,1390,1420,1390,1415,6867200
15/04/2021,1415,1430,1400,1405,4385200
16/04/2021,1410,1440,1405,1425,6028200
19/04/2021,1455,1495,1395,1465,21819600
20/04/2021,1470,1500,1450,1465,8349500
21/04/2021,1455,1460,1420,1425,6195000
22/04/2021,1425,1435,1415,1420,4124600
23/04/2021,1430,1445,1405,1415,5308200
26/04/2021,1415,1435,1400,1405,4737900
27/04/2021,1410,1425,1395,1395,3729700
28/04/2021,1395,1415,1395,1415,2597100
29/04/2021,1420,1450,1415,1450,7958600
30/04/2021,1450,1465,1405,1420,7101000
03/05/2021,1430,1440,1390,1395,6202900
04/05/2021,1395,1435,1375,1430,16192700
05/05/2021,1435,1440,1405,1425,6771800
06/05/2021,1430,1525,1430,1480,40304900
07/05/2021,1505,1540,1455,1455,19871700
10/05/2021,1465,1470,1440,1450,8744000
11/05/2021,1470,1525,1445,1475,41097100
17/05/2021,1485,1520,1435,1435,21008000
18/05/2021,1435,1450,1415,1445,7187700
19/05/2021,1455,1495,1435,1440,13973600
20/05/2021,1440,1465,1365,1370,22564000
21/05/2021,1385,1410,1315,1330,17430200
24/05/2021,1370,1380,1300,1300,17165900
25/05/2021,1320,1360,1310,1320,13807900
27/05/2021,1330,1350,1300,1305,10601200
28/05/2021,1320,1325,1265,1275,9484800
31/05/2021,1290,1310,1275,1285,9844300
02/06/2021,1300,1430,1295,1430,36552500
03/06/2021,1430,1450,1395,1410,10645400
04/06/2021,1410,1415,1385,1385,9789400
07/06/2021,1390,1400,1330,1335,9397100
08/06/2021,1360,1395,1350,1355,12870200
09/06/2021,1360,1375,1350,1355,5710300
10/06/2021,1365,1385,1310,1325,15154300
11/06/2021,1355,1475,1345,1420,57717400
14/06/2021,1425,1450,1385,1425,22622200
15/06/2021,1420,1420,1365,1385,14624100
16/06/2021,1365,1485,1355,1475,45180400
17/06/2021,1450,1470,1395,1400,24905300
18/06/2021,1400,1420,1330,1355,21195000
21/06/2021,1340,1340,1270,1330,10500600
22/06/2021,1335,1380,1325,1335,14952500
23/06/2021,1360,1380,1315,1315,9542300
24/06/2021,1330,1335,1300,1315,6411800
25/06/2021,1325,1355,1310,1335,15201100
28/06/2021,1355,1370,1295,1305,14114000
29/06/2021,1305,1340,1255,1275,16013200
30/06/2021,1275,1325,1275,1300,9152200
01/07/2021,1340,1350,1280,1290,7855200
02/07/2021,1300,1355,1300,1340,20374400
05/07/2021,1350,1360,1305,1305,9583800
06/07/2021,1340,1385,1325,1360,25365500
07/07/2021,1355,1355,1315,1325,10406800
08/07/2021,1330,1335,1280,1285,10911100
09/07/2021,1290,1325,1285,1300,7276400
12/07/2021,1320,1330,1285,1290,8538500
13/07/2021,1295,1305,1260,1265,6532900
14/07/2021,1280,1310,1270,1275,8935700
15/07/2021,1280,1300,1270,1275,5753900
16/07/2021,1300,1360,1285,1315,21740200
19/07/2021,1330,1355,1315,1325,17278000
21/07/2021,1325,1355,1300,1305,10561200
22/07/2021,1310,1435,1305,1420,52872700
23/07/2021,1430,1430,1360,1370,16674600
26/07/2021,1385,1420,1355,1355,14868400
27/07/2021,1355,1385,1325,1330,10609200
28/07/2021,1350,1365,1315,1365,12144700
29/07/2021,1375,1405,1345,1380,22366200
30/07/2021,1390,1415,1350,1370,13457900
02/08/2021,1380,1445,1370,1395,24993500
03/08/2021,1395,1410,1350,1365,13620900
04/08/2021,1365,1385,1335,1350,9614600
05/08/2021,1350,1375,1335,1335,12753600
06/08/2021,1350,1355,1320,1325,7759200
09/08/2021,1345,1370,1310,1335,15842900
10/08/2021,1345,1375,1325,1360,14939700
12/08/2021,1365,1525,1360,1515,94389600
13/08/2021,1515,1550,1480,1500,28187300
16/08/2021,1510,1580,1490,1500,39892200
18/08/2021,1500,1500,1405,1405,29081000
19/08/2021,1400,1430,1310,1320,42485200
20/08/2021,1320,1345,1285,1320,18560300
23/08/2021,1330,1360,1320,1350,18822500
24/08/2021,1365,1390,1320,1320,15864200
25/08/2021,1325,1350,1315,1330,9067800
26/08/2021,1340,1355,1315,1345,10836600
27/08/2021,1345,1355,1290,1310,16128200
30/08/2021,1320,1355,1320,1350,17233200
31/08/2021,1350,1360,1330,1340,8307000
01/09/2021,1330,1385,1330,1350,25300100
02/09/2021,1355,1380,1335,1350,16471200
03/09/2021,1355,1430,1355,1410,47480300
06/09/2021,1420,1450,1400,1410,22215500
07/09/2021,1420,1430,1380,1385,11400600
08/09/2021,1345,1400,1345,1370,16421500
09/09/2021,1385,1395,1355,1390,10272200
10/09/2021,1385,1410,1370,1375,7333400
13/09/2021,1375,1390,1365,1375,5242700
14/09/2021,1385,1430,1375,1400,17947800
15/09/2021,1400,1445,1390,1415,18752200
16/09/2021,1420,1440,1390,1400,15078500
17/09/2021,1390,1390,1350,1360,14113100
20/09/2021,1375,1375,1330,1335,8892700
21/09/2021,1330,1350,1310,1350,9233400
22/09/2021,1360,1380,1345,1370,12522900
23/09/2021,1375,1430,1370,1380,27523000
24/09/2021,1420,1585,1410,1535,141013000
27/09/2021,1560,1640,1520,1525,80871700
28/09/2021,1535,1875,1535,1820,222075000
29/09/2021,1800,1915,1765,1800,127051100
30/09/2021,1830,1970,1815,1900,159607600
01/10/2021,1900,2030,1895,1955,121367800
04/10/2021,2030,2180,2010,2150,120776000
05/10/2021,2250,2330,2070,2160,148012600
06/10/2021,2250,2300,2130,2160,100756700
07/10/2021,2080,2080,2010,2010,80406100
08/10/2021,2010,2170,1950,2170,132376200
11/10/2021,2190,2330,2100,2310,188548800
12/10/2021,2350,2390,2260,2330,121806400
13/10/2021,2320,2360,2240,2290,61735600
14/10/2021,2330,2330,2220,2260,44383700
15/10/2021,2270,2330,2220,2280,71429900
18/10/2021,2260,2330,2210,2280,53114500
19/10/2021,2240,2320,2240,2300,32497700
21/10/2021,2280,2280,2140,2140,62151100
22/10/2021,1995,2060,1995,1995,237790000
25/10/2021,1995,2070,1885,1925,156028200
26/10/2021,1950,1985,1915,1950,68256800
27/10/2021,1950,1965,1865,1880,46259000
28/10/2021,1845,1850,1775,1810,82066800
29/10/2021,1800,1845,1760,1780,64777600
01/11/2021,1725,1815,1700,1775,72888000
02/11/2021,1775,1785,1695,1705,50134400
03/11/2021,1705,1760,1705,1740,38816500
04/11/2021,1800,1820,1750,1750,61725200
05/11/2021,1760,1760,1720,1730,22590700
08/11/2021,1755,1800,1735,1775,31466100
09/11/2021,1800,1825,1770,1780,37360500
10/11/2021,1780,1785,1745,1755,16816700
11/11/2021,1755,1755,1725,1740,15519800
12/11/2021,1740,1765,1720,1735,19775500
15/11/2021,1735,1735,1615,1615,72760600
16/11/2021,1625,1660,1595,1610,34155000
17/11/2021,1620,1670,1620,1650,34305300
18/11/2021,1655,1655,1610,1630,19786800
19/11/2021,1640,1725,1640,1715,44481500
22/11/2021,1730,1730,1630,1640,42727200
23/11/2021,1660,1710,1660,1690,38603600
24/11/2021,1710,1765,1695,1700,47894000
25/11/2021,1710,1740,1685,1725,25668400
26/11/2021,1725,1725,1650,1655,25242200
29/11/2021,1640,1675,1605,1665,28632900
30/11/2021,1635,1690,1600,1635,51414600
01/12/2021,1640,1720,1630,1680,30075100
02/12/2021,1695,1775,1680,1755,45434000
03/12/2021,1775,1780,1705,1710,23520200
06/12/2021,1710,1745,1690,1730,17770800
07/12/2021,1740,1760,1715,1715,15373600
08/12/2021,1720,1740,1710,1720,12445500
09/12/2021,1730,1815,1725,1740,43876400
10/12/2021,1730,1760,1700,1705,18524200
13/12/2021,1715,1730,1660,1660,20981500
14/12/2021,1665,1670,1625,1635,18968800
15/12/2021,1640,1705,1630,1665,28578600
16/12/2021,1665,1690,1625,1635,14688700
17/12/2021,1650,1675,1640,1660,13784100
20/12/2021,1660,1660,1560,1560,25554700
21/12/2021,1575,1610,1565,1585,15129700
22/12/2021,1585,1610,1570,1570,7414900
23/12/2021,1570,1585,1515,1520,14333300
24/12/2021,1520,1550,1520,1525,9570900
27/12/2021,1530,1560,1525,1530,7733000
28/12/2021,1530,1645,1530,1630,23912000
29/12/2021,1650,1650,1590,1630,16385400
30/12/2021,1595,1620,1530,1545,26212900
03/01/2022,1540,1545,1460,1475,27069300
04/01/2022,1475,1575,1470,1560,26938900
05/01/2022,1575,1620,1570,1580,24199200
06/01/2022,1570,1615,1545,1585,14662700
07/01/2022,1600,1690,1595,1675,42123700
10/01/2022,1680,1690,1635,1645,13860500
11/01/2022,1690,1720,1645,1645,32512700
12/01/2022,1650,1685,1605,1610,11773900
13/01/2022,1650,1665,1615,1645,14083600
14/01/2022,1670,1685,1650,1670,11942100
17/01/2022,1680,1720,1640,1665,20231500
18/01/2022,1680,1700,1560,1585,19499100
19/01/2022,1590,1610,1545,1575,8504200
20/01/2022,1575,1625,1565,1585,14347200
21/01/2022,1585,1595,1555,1585,9036300
24/01/2022,1600,1980,1575,1980,257741900
25/01/2022,2080,2090,1845,1885,202171400
26/01/2022,1895,1980,1850,1960,115055200
27/01/2022,1950,2030,1920,2000,123545300
28/01/2022,1980,2170,1960,2150,129820200
31/01/2022,2190,2230,2080,2090,64653900
02/02/2022,2080,2150,2010,2060,68529200
03/02/2022,2090,2090,1940,2020,90584600
04/02/2022,2020,2060,1975,1975,29833300
07/02/2022,2000,2030,1945,1960,36126100
08/02/2022,1960,2050,1960,2020,46381700
09/02/2022,2050,2170,2030,2090,82836700
10/02/2022,2100,2120,2040,2070,32429800
11/02/2022,2060,2190,2040,2180,50639300
14/02/2022,2170,2250,2150,2170,74396800
15/02/2022,2180,2220,2120,2170,39072100
16/02/2022,2180,2200,2130,2150,19918700
17/02/2022,2140,2150,2020,2040,55370100
18/02/2022,2040,2090,1995,2060,32823100
21/02/2022,2070,2080,2020,2030,17590700
22/02/2022,2030,2080,2010,2060,19867400
23/02/2022,2110,2120,2060,2090,33141900
24/02/2022,2120,2250,2050,2240,129572700
25/02/2022,2300,2350,2220,2230,87814700
01/03/2022,2250,2750,2250,2550,230836000
02/03/2022,2650,2920,2620,2700,151971100
04/03/2022,2770,2990,2740,2940,156309800
07/03/2022,3000,3120,2860,2940,115766100
08/03/2022,3000,3000,2740,2740,46004200
09/03/2022,2650,2730,2550,2550,151027400
10/03/2022,2450,2540,2380,2460,139594700
11/03/2022,2450,2540,2370,2370,58420000
14/03/2022,2370,2430,2210,2210,71907400
15/03/2022,2140,2250,2080,2140,69323900
16/03/2022,2160,2230,2110,2230,55430400
17/03/2022,2230,2230,2140,2160,31449700
18/03/2022,2160,2240,2160,2200,31986000
21/03/2022,2200,2230,2140,2150,23528600
22/03/2022,2150,2270,2150,2270,47985600
23/03/2022,2300,2320,2240,2280,40972300
24/03/2022,2290,2360,2290,2340,37652500
25/03/2022,2330,2350,2240,2260,26569400
28/03/2022,2260,2280,2210,2260,16722400
29/03/2022,2270,2270,2190,2200,15307400
30/03/2022,2240,2250,2150,2170,18135500
31/03/2022,2210,2310,2200,2230,36418800
01/04/2022,2240,2310,2220,2280,39771700
04/04/2022,2290,2310,2250,2290,21285500
05/04/2022,2300,2560,2300,2500,115289400
06/04/2022,2520,2620,2500,2570,78442500
07/04/2022,2590,2720,2510,2640,77702300
08/04/2022,2640,2710,2620,2700,37212100
11/04/2022,2700,2850,2650,2720,63933000
12/04/2022,2700,2790,2580,2770,35398500
13/04/2022,2820,2890,2800,2860,44581500
14/04/2022,2840,2880,2810,2830,24581900
18/04/2022,2810,2980,2800,2840,71393700
19/04/2022,2840,2880,2770,2780,31569700
20/04/2022,2850,2850,2600,2720,54780500
21/04/2022,2720,2810,2690,2720,30288700
22/04/2022,2730,2760,2660,2680,15976200
25/04/2022,2660,2660,2520,2580,33279800
26/04/2022,2560,2610,2470,2520,20077000
27/04/2022,2500,2650,2480,2650,21461500
28/04/2022,2630,2720,2620,2690,31748600
09/05/2022,2710,2760,2540,2640,23694800
10/05/2022,2650,2650,2460,2490,44168300
11/05/2022,2530,2670,2510,2600,26876100
12/05/2022,2600,2690,2490,2530,30854100
13/05/2022,2550,2670,2520,2630,21528100
17/05/2022,2660,2730,2650,2710,30986800
18/05/2022,2750,2790,2560,2590,55463200
19/05/2022,2590,2590,2470,2560,29344000
20/05/2022,2560,2910,2560,2850,109378600
23/05/2022,2900,2950,2740,2770,58165700
24/05/2022,2770,2820,2700,2750,46156200
25/05/2022,2720,2780,2680,2720,19496900
27/05/2022,2740,2780,2700,2720,21230700
30/05/2022,2820,2820,2710,2740,14143400
31/05/2022,2840,2890,2730,2890,51162400
02/06/2022,2870,3050,2830,2940,79325800
03/06/2022,2970,3080,2910,2970,47083400
06/06/2022,3000,3030,2920,2990,27831200
07/06/2022,3010,3150,3010,3100,56015600
08/06/2022,3130,3140,2980,3000,32681400
09/06/2022,3000,3060,2960,2990,22433400
10/06/2022,2950,2990,2810,2830,40765900
13/06/2022,2790,2790,2640,2680,41398200
14/06/2022,2660,2730,2600,2720,28826700
15/06/2022,2730,2750,2530,2530,33309900
16/06/2022,2580,2670,2560,2580,25239700
17/06/2022,2550,2560,2470,2540,17222500
20/06/2022,2600,2600,2480,2560,12826500
21/06/2022,2640,2670,2580,2640,22221400
22/06/2022,2670,2720,2580,2610,23361700
23/06/2022,2660,2660,2500,2540,11958500
24/06/2022,2540,2620,2540,2550,8903100
27/06/2022,2580,2610,2510,2530,12210500
28/06/2022,2550,2570,2510,2550,9706900
29/06/2022,2540,2580,2480,2490,15997900
30/06/2022,2450,2490,2330,2330,29499800
01/07/2022,2330,2350,2190,2200,34485900
04/07/2022,2200,2260,2130,2170,36068400
05/07/2022,2210,2320,2210,2290,31452700
06/07/2022,2280,2290,2190,2250,15083000
07/07/2022,2250,2280,2220,2260,6591900
08/07/2022,2300,2370,2280,2330,14922000
11/07/2022,2370,2390,2290,2300,8703000
12/07/2022,2340,2430,2320,2400,15753000
13/07/2022,2490,2490,2360,2360,14800700
14/07/2022,2330,2410,2310,2360,9295300
15/07/2022,2360,2370,2250,2250,11241800
18/07/2022,2200,2310,2200,2310,7026500
19/07/2022,2280,2430,2280,2420,11951600
20/07/2022,2450,2480,2420,2430,8485100
21/07/2022,2450,2470,2410,2450,6199900
22/07/2022,2450,2520,2430,2470,11230000
25/07/2022,2500,2580,2480,2510,19775600
26/07/2022,2550,2620,2550,2570,20885100
27/07/2022,2630,2710,2590,2650,38905700
28/07/2022,2680,2720,2620,2700,26593600
29/07/2022,2730,2760,2670,2670,17533400
01/08/2022,2670,2760,2670,2720,19514700
02/08/2022,2720,2720,2600,2660,19006600
03/08/2022,2660,2710,2620,2670,9929700
04/08/2022,2670,2680,2620,2630,11154600
05/08/2022,2700,2830,2650,2770,56995000
08/08/2022,2800,2850,2780,2800,28275100
09/08/2022,2830,2870,2800,2810,16657600
10/08/2022,2820,2910,2820,2870,25008100
11/08/2022,2920,2940,2860,2870,16748200
12/08/2022,2890,2900,2850,2890,12763400
15/08/2022,2900,2910,2810,2840,23501900
16/08/2022,2750,2770,2710,2740,18404300
18/08/2022,2770,2840,2750,2770,16506200
19/08/2022,2790,2850,2790,2820,11692600
22/08/2022,2840,2840,2730,2740,16477600
23/08/2022,2780,2870,2750,2840,20592700
24/08/2022,2830,2900,2820,2870,14148500
25/08/2022,2870,2940,2850,2870,19309500
26/08/2022,2870,2930,2840,2870,17276000
29/08/2022,2830,2930,2790,2900,14103900
30/08/2022,2940,2980,2880,2880,16217100
31/08/2022,2880,2880,2820,2870,8197400
01/09/2022,2870,2970,2870,2910,20205500
02/09/2022,2940,2970,2930,2940,12802500
05/09/2022,2930,3090,2920,3070,28534800
06/09/2022,3140,3220,3130,3190,37977800
07/09/2022,3180,3190,3080,3130,35060700
08/09/2022,3100,3120,3070,3070,19819900
09/09/2022,3060,3130,2970,3120,30246500
12/09/2022,3140,3150,3050,3080,16970300
13/09/2022,3070,3110,3070,3110,11810500
14/09/2022,3060,3100,3050,3100,11248700
15/09/2022,3120,3250,3120,3180,37741100
16/09/2022,3180,3190,3030,3070,26996500
19/09/2022,3070,3070,2970,3030,21903100
20/09/2022,3050,3080,2950,2960,17905600
21/09/2022,2970,3000,2900,2980,18058600
22/09/2022,2990,3120,2980,3110,29292100
23/09/2022,3100,3320,3050,3270,55983400
26/09/2022,3200,3270,3050,3070,65411200
27/09/2022,3100,3130,3020,3070,24845400
28/09/2022,3060,3080,2980,2980,22412800
29/09/2022,3020,3050,2960,2980,20079800
30/09/2022,2970,3020,2910,3000,16257600
03/10/2022,3010,3150,3010,3110,29396600
04/10/2022,3150,3340,3140,3320,50683500
05/10/2022,3320,3420,3290,3320,34498900
06/10/2022,3330,3420,3320,3330,18501900
07/10/2022,3330,3350,3280,3320,14681300
10/10/2022,3250,3270,3190,3200,17409700
11/10/2022,3190,3240,3170,3190,9971400
12/10/2022,3190,3270,3170,3190,16456100
13/10/2022,3260,3260,3150,3180,15127700
14/10/2022,3200,3210,3140,3150,11058600
17/10/2022,3150,3170,3080,3170,13097700
18/10/2022,3190,3210,3080,3080,16413300
19/10/2022,3080,3130,3050,3100,9800300
20/10/2022,3110,3260,3110,3260,23212600
21/10/2022,3260,3260,3200,3210,10492300
24/10/2022,3240,3240,3190,3200,7538300
25/10/2022,3210,3210,3110,3130,11764700
26/10/2022,3140,3270,3140,3240,13224100
27/10/2022,3260,3310,3230,3260,12303400
28/10/2022,3260,3290,3190,3210,6216100
31/10/2022,3230,3280,3200,3260,7293300
01/11/2022,3240,3250,3050,3060,26872300
02/11/2022,3070,3110,2950,2960,21822400
03/11/2022,2990,3040,2970,3030,9755500
04/11/2022,3020,3040,2960,2990,8463400
07/11/2022,2990,3100,2980,3090,11178700
08/11/2022,3030,3050,2990,3020,11136600
09/11/2022,2970,3000,2870,2870,22045100
10/11/2022,2810,2810,2670,2670,40651300
11/11/2022,2670,2720,2650,2690,21529100
14/11/2022,2700,2810,2700,2750,15040900
15/11/2022,2800,2830,2780,2800,8331800
16/11/2022,2860,2870,2790,2790,10779500
17/11/2022,2770,2850,2730,2800,8876100
18/11/2022,2830,2840,2790,2800,5270500
21/11/2022,2840,2880,2820,2850,9526900
22/11/2022,2880,2900,2830,2850,7939500
23/11/2022,2870,2900,2850,2850,6760000
24/11/2022,2870,2880,2850,2860,3821600
25/11/2022,2870,2870,2800,2820,4134100
28/11/2022,2850,2880,2830,2860,6471000
29/11/2022,2900,2900,2880,2890,11042400
30/11/2022,2900,2940,2890,2900,17705400
01/12/2022,3050,3080,2890,2900,64730500
02/12/2022,2890,2930,2870,2890,11918200
05/12/2022,2930,2980,2890,2890,11304800
06/12/2022,2920,2940,2860,2890,7929400
07/12/2022,2900,2920,2840,2880,12549400
08/12/2022,2880,2930,2820,2920,10508500
09/12/2022,2900,2910,2850,2870,4268600
12/12/2022,2870,2940,2850,2910,7163300
13/12/2022,2910,2920,2870,2890,3733200
14/12/2022,2900,2960,2890,2910,6697600
15/12/2022,2910,2930,2880,2910,4470100
16/12/2022,2880,2920,2870,2890,4049200
19/12/2022,2900,2930,2900,2910,5701200
20/12/2022,2910,2930,2900,2910,5534800
21/12/2022,2920,2930,2890,2920,4395800
22/12/2022,2930,2980,2880,2890,11425700
23/12/2022,2890,2890,2820,2820,8829800
26/12/2022,2830,2840,2770,2770,3621700
27/12/2022,2790,2870,2790,2830,4842800
28/12/2022,2840,2840,2750,2780,4754000
29/12/2022,2780,2790,2710,2720,10208000
30/12/2022,2720,2750,2720,2730,3749200
02/01/2023,2710,2760,2710,2720,2079300
03/01/2023,2730,2780,2710,2760,5993700
04/01/2023,2770,2790,2630,2630,14122600
05/01/2023,2600,2620,2450,2460,37137800
06/01/2023,2400,2520,2400,2440,16155100
09/01/2023,2460,2490,2380,2440,13604700
10/01/2023,2440,2550,2410,2530,11869100
11/01/2023,2530,2580,2470,2550,8232200
12/01/2023,2500,2520,2470,2470,4324200
13/01/2023,2500,2610,2500,2560,10739500
16/01/2023,2560,2570,2500,2510,5135400
17/01/2023,2470,2590,2470,2550,8804100
18/01/2023,2580,2650,2540,2560,11963200
19/01/2023,2550,2600,2540,2590,4784800
20/01/2023,2600,2640,2580,2630,7173400
24/01/2023,2620,2630,2590,2590,6191300
25/01/2023,2580,2590,2530,2540,15130700
26/01/2023,2480,2480,2410,2410,22827800
27/01/2023,2420,2510,2420,2470,11071000
30/01/2023,2500,2540,2440,2440,10281000
31/01/2023,2400,2490,2390,2410,14488900
01/02/2023,2360,2440,2360,2380,18156000
02/02/2023,2400,2400,2350,2360,15702600
03/02/2023,2350,2370,2260,2270,23387800
06/02/2023,2250,2330,2230,2240,12182000
07/02/2023,2310,2400,2290,2360,21018700
08/02/2023,2380,2420,2310,2350,10405500
09/02/2023,2310,2310,2280,2290,6018500
10/02/2023,2250,2250,2200,2210,18151400
13/02/2023,2260,2280,2230,2240,7546700
14/02/2023,2240,2280,2210,2260,10782900
15/02/2023,2270,2320,2230,2240,14905300
16/02/2023,2260,2270,2230,2260,3780500
17/02/2023,2240,2290,2230,2270,4514900
20/02/2023,2270,2270,2200,2220,19163500
21/02/2023,2250,2280,2220,2260,10107500
22/02/2023,2290,2310,2230,2250,5439500
23/02/2023,2270,2280,2240,2250,3662200
24/02/2023,2270,2280,2240,2240,5179300
27/02/2023,2250,2270,2240,2250,4870000
28/02/2023,2250,2330,2230,2300,20502400
01/03/2023,2300,2320,2280,2300,6814000
02/03/2023,2310,2350,2280,2350,8644700
03/03/2023,2380,2420,2330,2350,19976700
06/03/2023,2350,2350,2260,2290,12412900
07/03/2023,2290,2310,2230,2240,15894200
08/03/2023,2210,2270,2180,2220,11787200
09/03/2023,2250,2250,2190,2220,10619300
10/03/2023,2210,2230,2180,2180,6159700
13/03/2023,2180,2280,2180,2270,12629100
14/03/2023,2290,2290,2190,2190,8727800
15/03/2023,2190,2210,2120,2140,11388500
16/03/2023,2120,2120,2000,2020,12509400
17/03/2023,2020,2100,2020,2100,7767300
20/03/2023,2090,2130,2040,2050,3988600
21/03/2023,2070,2070,2030,2030,4864100
24/03/2023,2030,2090,2020,2040,9029800
27/03/2023,2060,2130,2060,2070,8102500
28/03/2023,2110,2280,2110,2250,25572300
29/03/2023,2280,2440,2280,2420,37387100
30/03/2023,2440,2460,2360,2370,16233300
31/03/2023,2380,2450,2360,2410,14095500
03/04/2023,2440,2490,2430,2440,15728000
04/04/2023,2510,2550,2480,2490,19387300
05/04/2023,2470,2570,2450,2560,17672600
06/04/2023,2540,2590,2540,2540,14316500
10/04/2023,2540,2560,2460,2470,9630500
11/04/2023,2470,2550,2470,2510,6451700
12/04/2023,2510,2550,2500,2540,6539600
13/04/2023,2560,2700,2540,2700,16701800
14/04/2023,2670,2690,2620,2660,20372200
17/04/2023,2660,2720,2650,2670,13206100
18/04/2023,2690,2800,2670,2800,27408600
26/04/2023,2670,2670,2610,2610,9338000
27/04/2023,2550,2660,2520,2600,28256300
28/04/2023,2620,2630,2580,2600,14910800
02/05/2023,2570,2570,2420,2450,24524000
03/05/2023,2400,2500,2380,2380,21952200
04/05/2023,2390,2430,2300,2310,58273600
05/05/2023,2150,2150,2150,2150,5792800
08/05/2023,2070,2180,2040,2160,25937600
09/05/2023,2160,2180,2120,2140,7736000
10/05/2023,2140,2220,2140,2160,14057400
11/05/2023,2160,2160,2100,2100,8745800
12/05/2023,2110,2120,2070,2080,8375800
15/05/2023,2080,2120,2040,2060,9344200
16/05/2023,2060,2090,2000,2020,9385500
17/05/2023,2020,2040,1965,1970,11740600
19/05/2023,1965,1965,1860,1860,23703800
22/05/2023,1880,1920,1865,1880,11692800
23/05/2023,1890,1950,1885,1925,9978900
24/05/2023,1930,1930,1875,1885,8532600
25/05/2023,1860,1875,1845,1865,6810200
26/05/2023,1855,1885,1780,1785,15420600
29/05/2023,1795,1805,1705,1760,15476300
30/05/2023,1745,1780,1740,1755,8169300
31/05/2023,1755,1755,1710,1715,10538500
05/06/2023,1735,1800,1735,1780,9139800
06/06/2023,1830,1895,1820,1880,15869100
07/06/2023,1880,1880,1825,1865,6002100
08/06/2023,1885,1920,1875,1915,9274000
09/06/2023,1920,1940,1880,1900,6195400
12/06/2023,1915,1920,1895,1905,4217200
13/06/2023,1905,1905,1880,1885,2605100
14/06/2023,1890,1995,1890,1985,8946200
15/06/2023,1985,2030,1950,2010,9529700
16/06/2023,2040,2040,1975,1975,11632500
19/06/2023,1970,1970,1920,1940,4393700
20/06/2023,1940,1950,1920,1925,2969200
21/06/2023,1930,1965,1925,1930,4281700
22/06/2023,1935,1960,1920,1935,4291300
23/06/2023,1940,1965,1920,1920,3948900
26/06/2023,1925,1930,1900,1900,4051700
27/06/2023,1910,1920,1900,1910,2195900
03/07/2023,1930,1955,1925,1945,4871900
04/07/2023,1945,1975,1945,1960,4422800
05/07/2023,1960,2090,1960,2080,14498400
06/07/2023,2090,2100,2060,2100,9331000
07/07/2023,2050,2070,2010,2030,9170000
10/07/2023,2030,2070,2030,2050,5976300
11/07/2023,2040,2070,2040,2050,4062000
12/07/2023,2050,2060,2030,2030,4464600
13/07/2023,2030,2040,2000,2030,5665500
14/07/2023,2040,2070,2030,2060,4149600
17/07/2023,2100,2120,2060,2070,7049000
18/07/2023,2070,2070,2030,2030,3067300
20/07/2023,2050,2060,2040,2050,2638300
21/07/2023,2070,2100,2060,2080,8031800
24/07/2023,2080,2140,2080,2120,11747100
25/07/2023,2140,2160,2090,2090,9363900
26/07/2023,2100,2200,2100,2190,12804300
27/07/2023,2190,2190,2130,2130,6737100
28/07/2023,2130,2160,2100,2140,5970200
31/07/2023,2100,2100,1970,1975,31225400
01/08/2023,1975,1975,1940,1940,8307500
02/08/2023,1940,1960,1930,1935,2521300
03/08/2023,1935,1985,1935,1970,4490500
04/08/2023,1980,2010,1980,1980,3957000
07/08/2023,1980,1985,1955,1955,5698600
08/08/2023,1975,1985,1955,1960,2835500
09/08/2023,1970,1975,1955,1955,4567400
10/08/2023,1965,2020,1965,2000,12827700
11/08/2023,2010,2020,1980,1980,4752900
14/08/2023,1985,2000,1960,1980,3554700
15/08/2023,1980,2030,1980,2030,7163200
16/08/2023,2040,2060,2020,2040,3618900
18/08/2023,2050,2060,1990,2030,4562800
21/08/2023,2030,2080,2030,2080,12083000
22/08/2023,2100,2150,2080,2130,14281900
23/08/2023,2140,2170,2090,2100,10003200
24/08/2023,2080,2080,2010,2020,13518700
25/08/2023,2030,2030,1985,2020,6301800
28/08/2023,2020,2070,2020,2050,5374000
29/08/2023,2060,2090,2030,2030,6608700
30/08/2023,2040,2060,2020,2030,7177800
31/08/2023,2030,2030,2000,2000,3497400
01/09/2023,2000,2020,1990,2010,2632900
04/09/2023,2010,2060,2010,2040,5372600
05/09/2023,2060,2080,2040,2050,6006100
06/09/2023,2080,2140,2070,2120,15348700
07/09/2023,2120,2130,2050,2070,13298500
08/09/2023,2070,2080,2050,2080,4746100
11/09/2023,2070,2080,2000,2020,15878500
12/09/2023,2030,2050,2000,2000,5355700
13/09/2023,2020,2030,2000,2010,4016600
14/09/2023,2040,2110,2040,2100,14469900
15/09/2023,2100,2110,2040,2040,10219900
18/09/2023,2050,2090,2040,2050,8744000
19/09/2023,2060,2250,2030,2250,47633100
20/09/2023,2270,2350,2220,2240,48818800
21/09/2023,2240,2240,2180,2200,16544900
22/09/2023,2190,2280,2180,2250,16918000
25/09/2023,2330,2380,2280,2320,45979200
26/09/2023,2330,2380,2170,2200,33062500
27/09/2023,2200,2250,2180,2210,13239900
29/09/2023,2220,2270,2190,2200,9685600
02/10/2023,2200,2220,2120,2150,12011600
03/10/2023,2130,2140,2070,2080,11109500
04/10/2023,2070,2070,2000,2010,21098700
05/10/2023,2000,2010,1955,1955,18367200
06/10/2023,1955,2010,1950,2010,4575700
09/10/2023,2030,2070,2030,2070,8503400
10/10/2023,2100,2100,2040,2050,9989400
11/10/2023,2070,2070,2010,2030,10246200
12/10/2023,2010,2030,1980,1985,11544000
13/10/2023,2010,2030,1995,2000,4157500
16/10/2023,2040,2040,2010,2020,5816300
17/10/2023,2010,2020,1995,1995,5173500
18/10/2023,1995,2050,1990,1990,7227000
19/10/2023,2000,2010,1970,1970,7581400
20/10/2023,1965,1975,1955,1965,4359900
23/10/2023,1965,1970,1925,1925,8530300
24/10/2023,1930,1945,1910,1920,4966200
25/10/2023,1915,1925,1890,1890,7269900
26/10/2023,1890,1890,1795,1805,13986900
27/10/2023,1815,1835,1815,1820,4651000
30/10/2023,1825,1850,1805,1805,3768300
31/10/2023,1800,1815,1750,1815,5291300
01/11/2023,1695,1710,1600,1600,24252600
02/11/2023,1600,1645,1570,1575,16632100
03/11/2023,1595,1625,1595,1600,5788000
06/11/2023,1600,1675,1600,1650,5182700
07/11/2023,1650,1650,1565,1565,14127500
08/11/2023,1570,1585,1530,1540,6824000
09/11/2023,1570,1575,1530,1540,8125900
10/11/2023,1540,1545,1510,1515,7528200
13/11/2023,1515,1530,1495,1510,6723000
14/11/2023,1515,1550,1510,1540,4913300
15/11/2023,1545,1565,1520,1530,9588000
16/11/2023,1530,1535,1510,1510,4446500
17/11/2023,1505,1520,1500,1510,4927400
20/11/2023,1510,1525,1510,1510,2804500
21/11/2023,1510,1525,1500,1500,4252800
22/11/2023,1510,1515,1500,1500,5595200
23/11/2023,1505,1535,1500,1520,4682600
24/11/2023,1530,1550,1525,1540,6420900
27/11/2023,1540,1555,1530,1530,4247100
28/11/2023,1530,1535,1505,1510,8212600
29/11/2023,1515,1535,1510,1510,6724400
30/11/2023,1515,1520,1475,1475,11072200
01/12/2023,1500,1505,1485,1485,3827500
04/12/2023,1490,1530,1490,1515,10621700
05/12/2023,1520,1530,1480,1490,6810400
06/12/2023,1490,1505,1490,1490,2616100
07/12/2023,1500,1520,1450,1460,11568100
08/12/2023,1500,1500,1475,1480,7558900
11/12/2023,1495,1515,1465,1465,5272900
12/12/2023,1465,1480,1450,1455,4969300
13/12/2023,1440,1440,1405,1405,8557900
14/12/2023,1405,1425,1355,1385,15589400
15/12/2023,1385,1455,1385,1425,10562700
18/12/2023,1430,1445,1400,1405,4391000
19/12/2023,1410,1460,1410,1445,4801700
20/12/2023,1445,1510,1435,1490,11586600
21/12/2023,1495,1500,1460,1465,5005900
22/12/2023,1470,1470,1450,1450,4335400
27/12/2023,1455,1465,1400,1410,9880600
28/12/2023,1415,1470,1415,1455,5750800
29/12/2023,1455,1460,1435,1435,3005600
02/01/2024,1435,1530,1435,1525,11479100
03/01/2024,1520,1530,1490,1505,9694500
04/01/2024,1505,1605,1505,1605,23780000
05/01/2024,1610,1625,1580,1580,13566500
08/01/2024,1585,1610,1545,1545,10951600
09/01/2024,1550,1565,1520,1545,9527200
10/01/2024,1565,1620,1555,1560,18272000
11/01/2024,1560,1570,1540,1545,4948600
12/01/2024,1545,1585,1535,1565,8428600
15/01/2024,1580,1620,1580,1595,14299900
16/01/2024,1595,1600,1580,1595,5576700
17/01/2024,1595,1600,1565,1570,5912700
18/01/2024,1570,1575,1550,1550,4103300
19/01/2024,1555,1565,1510,1525,5074900
22/01/2024,1535,1535,1450,1450,9139000
23/01/2024,1450,1465,1410,1420,6700900
24/01/2024,1420,1430,1390,1400,5524600
25/01/2024,1405,1435,1405,1415,6729000
26/01/2024,1420,1430,1370,1370,12562000
29/01/2024,1380,1400,1365,1365,7269000
30/01/2024,1365,1390,1355,1375,6121700
31/01/2024,1380,1410,1380,1380,10605400
01/02/2024,1390,1390,1350,1355,9732800
02/02/2024,1355,1360,1300,1305,24103000
05/02/2024,1310,1330,1300,1315,10158800
06/02/2024,1320,1340,1305,1325,10852700
07/02/2024,1330,1335,1310,1320,7780700
12/02/2024,1320,1330,1310,1330,6664400
13/02/2024,1330,1335,1310,1330,9663100
15/02/2024,1330,1365,1320,1350,9579500
16/02/2024,1350,1350,1325,1335,7066200
19/02/2024,1335,1340,1305,1310,8579700
20/02/2024,1310,1325,1300,1320,6017300
21/02/2024,1320,1320,1300,1305,6896700
22/02/2024,1305,1325,1295,1320,6430900
23/02/2024,1325,1325,1310,1325,3543300
26/02/2024,1325,1325,1285,1290,14624900
27/02/2024,1290,1305,1290,1305,7290900
28/02/2024,1305,1335,1300,1325,9642600
29/02/2024,1330,1380,1310,1360,15427800
01/03/2024,1360,1370,1340,1350,6693300
04/03/2024,1355,1385,1345,1380,10848200
05/03/2024,1385,1440,1380,1420,17799000
06/03/2024,1425,1440,1400,1425,7118900
07/03/2024,1425,1495,1405,1485,18441000
08/03/2024,1490,1495,1435,1440,8290200
13/03/2024,1440,1450,1400,1400,9056600
14/03/2024,1400,1455,1370,1455,10013500
15/03/2024,1455,1470,1435,1450,7658200
18/03/2024,1450,1515,1435,1490,14246100
19/03/2024,1495,1495,1460,1470,5215100
20/03/2024,1470,1515,1445,1450,11053200
21/03/2024,1450,1490,1445,1480,5039100
22/03/2024,1480,1505,1470,1485,6698900
25/03/2024,1490,1490,1470,1470,4846400
26/03/2024,1530,1530,1455,1480,22083300
27/03/2024,1480,1515,1475,1500,9729400
28/03/2024,1500,1525,1480,1495,9776000
01/04/2024,1495,1555,1475,1535,18119000
02/04/2024,1535,1540,1500,1535,10046600
03/04/2024,1535,1555,1455,1465,24954700
04/04/2024,1465,1505,1455,1500,9601300
05/04/2024,1495,1515,1480,1510,6434700
16/04/2024,1510,1600,1500,1585,34941700
17/04/2024,1590,1590,1490,1495,31825900
18/04/2024,1500,1515,1465,1480,10773100
19/04/2024,1480,1500,1405,1455,16524600
22/04/2024,1455,1475,1435,1460,8912500
23/04/2024,1460,1475,1430,1435,6838500
24/04/2024,1435,1450,1410,1415,7896300
25/04/2024,1415,1425,1405,1405,3219200
26/04/2024,1405,1415,1350,1365,10444900
29/04/2024,1370,1450,1360,1450,7308000
30/04/2024,1450,1455,1425,1435,5212900
02/05/2024,1435,1475,1415,1420,5404800
03/05/2024,1420,1435,1370,1395,2946400
06/05/2024,1390,1450,1390,1435,5468900
07/05/2024,1435,1465,1430,1435,4995700
08/05/2024,1445,1445,1370,1370,8353600
13/05/2024,1370,1390,1370,1380,3050700
14/05/2024,1385,1395,1375,1390,3471300
15/05/2024,1395,1405,1375,1385,3049400
16/05/2024,1385,1420,1380,1410,6164200
17/05/2024,1335,1380,1325,1355,7665200
20/05/2024,1370,1385,1350,1360,4105800
21/05/2024,1375,1375,1335,1335,3975300
22/05/2024,1335,1350,1330,1330,2832000
27/05/2024,1335,1345,1305,1320,3780900
28/05/2024,1325,1345,1315,1315,2963600
29/05/2024,1325,1335,1310,1315,2087500
30/05/2024,1315,1320,1300,1305,3715800
31/05/2024,1305,1430,1305,1430,9669700
03/06/2024,1420,1420,1360,1375,9935000
04/06/2024,1375,1400,1360,1375,6958000
05/06/2024,1380,1390,1325,1325,6523700
06/06/2024,1315,1345,1315,1320,2967900
07/06/2024,1325,1330,1300,1300,4550500
10/06/2024,1310,1315,1290,1290,4386100
11/06/2024,1295,1300,1240,1250,8151200
12/06/2024,1270,1270,1195,1205,5964200
13/06/2024,1205,1225,1200,1215,2700400
14/06/2024,1215,1240,1180,1185,3452900
19/06/2024,1185,1195,1155,1160,2732800
20/06/2024,1165,1205,1160,1200,1685300
21/06/2024,1205,1230,1190,1225,2311100
24/06/2024,1230,1230,1205,1225,1351500
25/06/2024,1230,1235,1200,1210,1252000
26/06/2024,1215,1275,1205,1245,5881900
27/06/2024,1250,1255,1235,1245,2114100
28/06/2024,1240,1275,1240,1265,3405900
01/07/2024,1275,1290,1270,1280,3269500
02/07/2024,1280,1295,1280,1280,4950500
03/07/2024,1285,1325,1275,1310,4736000
04/07/2024,1310,1320,1295,1300,2143400
05/07/2024,1305,1320,1300,1310,2149900
08/07/2024,1310,1315,1300,1315,2449300
09/07/2024,1310,1320,1290,1300,2141400
10/07/2024,1300,1320,1300,1305,2479000
11/07/2024,1315,1315,1285,1295,2773600
12/07/2024,1295,1305,1290,1300,1348200
15/07/2024,1305,1310,1290,1295,1291900
16/07/2024,1300,1310,1295,1295,2299100
17/07/2024,1300,1310,1295,1305,2096700
18/07/2024,1305,1370,1305,1365,11944600
19/07/2024,1370,1440,1370,1410,17061500
22/07/2024,1410,1465,1410,1455,10970200
23/07/2024,1455,1485,1425,1435,10852100
24/07/2024,1440,1450,1385,1385,7023000
25/07/2024,1385,1425,1355,1360,5622000
26/07/2024,1370,1410,1365,1400,2967000
29/07/2024,1405,1420,1385,1390,4558700
30/07/2024,1400,1410,1385,1400,3938300
31/07/2024,1400,1405,1370,1390,4394000
01/08/2024,1375,1375,1305,1330,15260900
02/08/2024,1330,1380,1320,1360,10338600
05/08/2024,1365,1380,1305,1310,12607200
06/08/2024,1315,1345,1300,1320,4656000
07/08/2024,1330,1390,1330,1370,9289600
08/08/2024,1370,1395,1360,1365,2727500
09/08/2024,1370,1425,1370,1415,10089800
12/08/2024,1425,1490,1420,1470,19951000
13/08/2024,1475,1500,1470,1485,22396300
14/08/2024,1485,1490,1460,1470,6922200
15/08/2024,1470,1520,1440,1485,16933700
16/08/2024,1480,1530,1480,1500,18456400
19/08/2024,1515,1515,1470,1470,5851600
20/08/2024,1470,1495,1470,1485,4881300
21/08/2024,1495,1500,1480,1490,5687000
22/08/2024,1490,1500,1445,1470,7600600
23/08/2024,1475,1535,1470,1535,13948800
26/08/2024,1540,1575,1530,1550,16008900
27/08/2024,1550,1570,1535,1555,11543700
28/08/2024,1555,1560,1520,1540,11191700
29/08/2024,1540,1575,1495,1500,16364200
30/08/2024,1500,1515,1460,1460,9175000
02/09/2024,1465,1590,1460,1555,22614500
03/09/2024,1565,1580,1520,1525,10631100
04/09/2024,1520,1520,1480,1480,14756600
05/09/2024,1480,1490,1430,1460,15558100
06/09/2024,1470,1495,1465,1470,5969600
09/09/2024,1460,1470,1430,1450,7859200
10/09/2024,1440,1485,1440,1450,6095800
11/09/2024,1450,1475,1430,1430,5890600
12/09/2024,1440,1520,1430,1490,28610400
13/09/2024,1490,1510,1465,1495,12594400
17/09/2024,1495,1505,1460,1495,10008200
18/09/2024,1495,1510,1465,1470,8435600
19/09/2024,1470,1495,1455,1495,8082000
20/09/2024,1495,1520,1470,1470,14516700
23/09/2024,1470,1585,1470,1580,41975400
24/09/2024,1595,1680,1550,1660,72076900
25/09/2024,1660,1700,1635,1655,31488600
26/09/2024,1665,1670,1620,1650,18239600
27/09/2024,1650,1740,1640,1735,44386900
30/09/2024,1780,1780,1680,1710,30744400
01/10/2024,1710,1805,1665,1790,48848200
02/10/2024,1800,1825,1735,1760,33412700
03/10/2024,1760,1770,1665,1680,21472100
04/10/2024,1695,1750,1685,1695,22706500
07/10/2024,1745,1785,1725,1750,35009300
08/10/2024,1770,1770,1680,1690,17235100
09/10/2024,1690,1690,1635,1650,28681500
10/10/2024,1650,1705,1620,1690,11976200
11/10/2024,1700,1725,1690,1705,11174300
14/10/2024,1710,1735,1685,1715,10501500
15/10/2024,1720,1735,1700,1710,8737500
16/10/2024,1720,1720,1680,1690,5809300
17/10/2024,1690,1765,1690,1760,20246900
18/10/2024,1765,1770,1715,1715,12260300
21/10/2024,1720,1725,1690,1695,11934300
22/10/2024,1695,1705,1660,1685,11938300
23/10/2024,1680,1700,1650,1650,14496500
24/10/2024,1650,1715,1650,1685,11585300
25/10/2024,1685,1695,1650,1650,6231500
28/10/2024,1645,1660,1600,1605,9053900
29/10/2024,1600,1630,1535,1540,16479700
30/10/2024,1540,1585,1510,1575,11458600
31/10/2024,1575,1595,1545,1555,9100400
01/11/2024,1560,1575,1500,1505,10096700
04/11/2024,1505,1545,1470,1530,9203500
05/11/2024,1530,1620,1520,1600,18552900
06/11/2024,1600,1620,1510,1515,10346700
07/11/2024,1510,1555,1480,1485,9985900
08/11/2024,1495,1510,1460,1470,6651900
11/11/2024,1480,1595,1410,1575,21205500
12/11/2024,1575,1590,1535,1540,7604800
13/11/2024,1550,1565,1505,1510,4877700
14/11/2024,1515,1520,1455,1455,10117500
15/11/2024,1455,1470,1410,1425,9777600
18/11/2024,1430,1435,1365,1410,11170600
19/11/2024,1405,1445,1405,1415,3563000
20/11/2024,1415,1430,1390,1395,4241600
21/11/2024,1395,1440,1395,1410,4282000
22/11/2024,1420,1440,1410,1415,4825500
25/11/2024,1420,1465,1420,1430,5591500
26/11/2024,1435,1460,1420,1420,2650200
28/11/2024,1425,1430,1395,1395,4021000
29/11/2024,1410,1430,1360,1405,4644800
02/12/2024,1405,1450,1400,1435,4757600
03/12/2024,1435,1440,1405,1405,3360000
04/12/2024,1415,1450,1415,1435,3486600
05/12/2024,1440,1445,1425,1440,1383400
06/12/2024,1440,1440,1410,1420,2055600
09/12/2024,1420,1440,1405,1430,3577000
10/12/2024,1445,1510,1440,1500,9146800
11/12/2024,1510,1510,1470,1470,5822000
12/12/2024,1480,1485,1435,1445,3689600
13/12/2024,1445,1465,1425,1430,1479900
16/12/2024,1425,1440,1395,1400,5372400
17/12/2024,1400,1410,1390,1400,5047300
18/12/2024,1400,1425,1370,1370,3856000
19/12/2024,1350,1350,1305,1335,5229500
20/12/2024,1330,1340,1310,1320,1786200
23/12/2024,1320,1365,1320,1350,3405000
24/12/2024,1355,1410,1355,1410,5642900
27/12/2024,1415,1445,1415,1445,2765300
30/12/2024,1445,1530,1430,1495,8128200
02/01/2025,1500,1505,1440,1495,5548300
03/01/2025,1485,1505,1420,1425,6483000
06/01/2025,1425,1495,1425,1475,3919700
07/01/2025,1475,1490,1420,1425,2973700
08/01/2025,1425,1505,1415,1505,15919800
09/01/2025,1505,1630,1505,1605,49147400
10/01/2025,1610,1770,1580,1740,64328600
13/01/2025,1760,1785,1690,1695,41668400
14/01/2025,1695,1735,1665,1720,24948100
15/01/2025,1720,1745,1675,1675,13224400
16/01/2025,1680,1785,1675,1750,35768400
17/01/2025,1765,1765,1680,1680,15944600
20/01/2025,1685,1710,1635,1640,15207700
21/01/2025,1640,1670,1605,1670,17321900
22/01/2025,1670,1775,1660,1715,46751600
23/01/2025,1750,1750,1640,1640,18309700
24/01/2025,1640,1645,1615,1630,10678600
30/01/2025,1640,1690,1630,1660,12386500
31/01/2025,1660,1715,1660,1675,10118400
03/02/2025,1670,1670,1580,1625,12014700
04/02/2025,1650,1650,1595,1610,8494700
05/02/2025,1610,1645,1595,1600,7308000
06/02/2025,1610,1630,1585,1590,14113700
07/02/2025,1595,1595,1515,1570,9741100
10/02/2025,1570,1595,1510,1595,10617300
11/02/2025,1605,1615,1510,1510,7571800
12/02/2025,1520,1535,1500,1510,3868200
13/02/2025,1510,1520,1465,1490,6551200
14/02/2025,1490,1530,1470,1510,5761800
17/02/2025,1505,1535,1495,1525,4929500
18/02/2025,1540,1650,1530,1625,24085300
19/02/2025,1630,1710,1615,1660,25174100
20/02/2025,1665,1700,1645,1645,11625900
21/02/2025,1645,1650,1565,1570,12111400
24/02/2025,1565,1570,1520,1520,7916300
25/02/2025,1520,1535,1440,1440,11692500
26/02/2025,1440,1485,1390,1400,8219800
27/02/2025,1405,1455,1395,1420,6424800
28/02/2025,1415,1415,1335,1335,9252100
03/03/2025,1335,1430,1335,1365,11514800
04/03/2025,1365,1385,1305,1320,11168600
05/03/2025,1320,1355,1300,1310,12111900
06/03/2025,1325,1370,1325,1345,7990300
07/03/2025,1360,1380,1335,1350,6845400
10/03/2025,1380,1450,1380,1430,18795600
11/03/2025,1410,1455,1375,1385,8624300
12/03/2025,1400,1420,1390,1405,5034500
13/03/2025,1410,1420,1390,1395,3598100
14/03/2025,1405,1415,1355,1390,5270900
17/03/2025,1395,1395,1300,1335,14575100
18/03/2025,1330,1330,1230,1250,14049200
19/03/2025,1250,1275,1230,1260,4036800
20/03/2025,1265,1295,1255,1260,6720700
21/03/2025,1260,1270,1190,1205,6899500
24/03/2025,1205,1205,1145,1180,5181900
25/03/2025,1190,1195,1155,1160,5921500
26/03/2025,1155,1215,1155,1185,9938700
27/03/2025,1180,1205,1155,1175,10890300
08/04/2025,1055,1060,1000,1000,19031000
09/04/2025,995,1015,905,905,34164200
10/04/2025,965,1050,935,1015,30673200
11/04/2025,1005,1095,985,1040,18222300
14/04/2025,1045,1120,1045,1105,12763100
15/04/2025,1130,1140,1085,1120,19605300
16/04/2025,1165,1195,1115,1125,24736200
17/04/2025,1130,1150,1115,1150,5320000
21/04/2025,1150,1165,1120,1125,4714200
22/04/2025,1130,1405,1130,1405,51606100
23/04/2025,1625,1665,1475,1515,96283200
24/04/2025,1535,1535,1435,1440,19516700
25/04/2025,1440,1590,1440,1490,37350800
28/04/2025,1505,1530,1475,1505,15533600
29/04/2025,1550,1550,1445,1445,16886700
30/04/2025,1450,1485,1445,1445,7576300
02/05/2025,1425,1440,1405,1410,16426000
05/05/2025,1415,1515,1405,1480,30996400
06/05/2025,1485,1525,1485,1500,25720600
07/05/2025,1515,1575,1505,1540,30777400
08/05/2025,1550,1565,1460,1460,18061700
09/05/2025,1450,1475,1410,1415,19692500
14/05/2025,1420,1460,1410,1425,14248000
15/05/2025,1440,1500,1425,1465,20213800
16/05/2025,1470,1520,1465,1490,16676300
19/05/2025,1490,1525,1485,1485,17883600
20/05/2025,1485,1490,1425,1430,19064300
21/05/2025,1440,1455,1420,1440,11791200
22/05/2025,1440,1520,1440,1485,30282000
23/05/2025,1460,1505,1455,1470,8771200
26/05/2025,1500,1525,1475,1505,26678300
27/05/2025,1520,1560,1475,1490,35660200
28/05/2025,1495,1505,1440,1440,55400500
02/06/2025,1440,1445,1410,1430,16125400
03/06/2025,1430,1445,1365,1375,24989000
04/06/2025,1375,1485,1375,1470,30129100
05/06/2025,1480,1485,1415,1425,15155100
10/06/2025,1425,1460,1415,1430,9059700
11/06/2025,1430,1470,1420,1450,9000700
12/06/2025,1470,1540,1455,1505,52169300
13/06/2025,1510,1535,1485,1515,28273300
16/06/2025,1545,1620,1520,1520,63309100
17/06/2025,1525,1535,1495,1515,19594000
18/06/2025,1525,1540,1490,1530,12716500
19/06/2025,1535,1575,1430,1450,31985700
20/06/2025,1430,1445,1400,1410,20531700
23/06/2025,1400,1420,1355,1405,11857500
24/06/2025,1415,1440,1400,1400,9447100
25/06/2025,1415,1420,1320,1325,18163000
26/06/2025,1325,1340,1305,1315,8371800
30/06/2025,1320,1385,1315,1370,6596400
01/07/2025,1385,1390,1330,1335,4762900
02/07/2025,1335,1355,1320,1340,4116200
03/07/2025,1345,1375,1345,1365,4035400
04/07/2025,1365,1365,1320,1330,5206700
07/07/2025,1330,1330,1315,1330,4549100
08/07/2025,1335,1350,1320,1330,3742700
09/07/2025,1335,1345,1315,1340,2492500
10/07/2025,1340,1370,1340,1360,4650500
11/07/2025,1350,1380,1350,1360,3972100
14/07/2025,1360,1370,1330,1340,4612300
15/07/2025,1340,1360,1325,1330,7244600
16/07/2025,1335,1355,1330,1350,3762900
17/07/2025,1350,1360,1335,1345,4316000
18/07/2025,1350,1375,1340,1345,7855600
21/07/2025,1345,1405,1340,1400,18137100
22/07/2025,1400,1430,1355,1365,16506300
23/07/2025,1370,1410,1370,1395,12119500
24/07/2025,1395,1410,1360,1370,7257300
25/07/2025,1380,1390,1345,1370,6294200
28/07/2025,1370,1390,1365,1390,5162800
29/07/2025,1390,1400,1360,1365,5490500
30/07/2025,1370,1390,1350,1355,14342100
31/07/2025,1355,1365,1325,1340,8434600
01/08/2025,1305,1310,1280,1285,19149000
04/08/2025,1300,1305,1285,1290,10214200
05/08/2025,1330,1350,1305,1350,14333800
06/08/2025,1360,1365,1340,1350,7829700
07/08/2025,1360,1390,1345,1370,10753300
08/08/2025,1375,1375,1335,1345,5093600
11/08/2025,1350,1370,1325,1355,5576200
12/08/2025,1355,1370,1340,1350,5363900
13/08/2025,1360,1415,1350,1400,18792100
14/08/2025,1400,1405,1355,1360,9233800
15/08/2025,1360,1370,1335,1340,7745700
19/08/2025,1340,1355,1325,1325,4804100
20/08/2025,1340,1350,1325,1345,4834900
21/08/2025,1350,1360,1335,1350,4920300
22/08/2025,1350,1355,1330,1345,5428900
25/08/2025,1345,1360,1290,1300,19898600
26/08/2025,1305,1350,1300,1335,10199800
27/08/2025,1340,1355,1330,1345,5317800
28/08/2025,1340,1345,1325,1330,4111900
29/08/2025,1325,1325,1280,1325,13512800
01/09/2025,1290,1310,1250,1295,17585600
02/09/2025,1295,1360,1295,1330,12126300
03/09/2025,1360,1660,1330,1660,159406600
04/09/2025,1720,1760,1560,1570,170877100
08/09/2025,1635,1770,1595,1660,166924600
09/09/2025,1690,1960,1690,1895,263786200
10/09/2025,1900,1950,1815,1880,101161400
11/09/2025,1885,1950,1865,1870,50411700
12/09/2025,1910,2060,1910,2000,131590600
15/09/2025,2000,2140,1975,2120,87844800
16/09/2025,2120,2250,2040,2170,83080600
17/09/2025,2150,2230,2150,2170,41196900
18/09/2025,2180,2200,2070,2080,38185400
19/09/2025,2090,2280,2090,2160,65025100
22/09/2025,2190,2330,2160,2300,68352700
23/09/2025,2360,2570,2300,2430,132584900
24/09/2025,2430,2470,2360,2400,31518200
25/09/2025,2400,2400,2260,2290,30574900
