Date,Open,High,Low,Close,Volume
14/12/2000,850,925,850,925,107875
15/12/2000,900,900,875,900,51335
18/12/2000,900,900,875,875,13805
19/12/2000,875,925,875,925,38115
20/12/2000,900,900,875,875,35490
21/12/2000,875,875,850,875,7940
22/12/2000,875,875,825,825,37065
02/01/2001,825,850,825,825,21660
03/01/2001,825,825,775,775,41890
04/01/2001,800,825,800,825,68225
05/01/2001,825,925,825,925,335515
08/01/2001,875,900,875,900,95995
09/01/2001,900,925,900,925,222760
10/01/2001,925,925,875,875,58370
11/01/2001,875,875,825,850,93400
12/01/2001,850,850,825,825,73665
15/01/2001,850,875,825,850,106015
16/01/2001,850,875,825,825,24775
17/01/2001,875,900,850,850,113805
18/01/2001,825,850,825,825,174705
19/01/2001,825,825,775,775,161595
22/01/2001,800,825,750,775,180365
23/01/2001,775,775,725,725,175120
24/01/2001,725,750,725,750,49760
25/01/2001,750,750,750,750,33715
26/01/2001,750,775,725,750,33875
29/01/2001,750,775,725,750,41680
30/01/2001,750,800,750,750,122470
31/01/2001,750,800,750,775,96190
01/02/2001,775,775,750,750,47745
02/02/2001,775,775,650,700,494465
05/02/2001,675,675,575,600,308835
06/02/2001,600,600,500,500,1102930
07/02/2001,525,525,475,525,727765
08/02/2001,500,500,400,450,1101270
09/02/2001,450,495,440,490,917970
12/02/2001,500,500,465,470,389015
13/02/2001,470,485,470,475,314620
14/02/2001,475,475,465,475,205075
15/02/2001,470,480,470,475,240325
16/02/2001,475,480,470,470,128305
19/02/2001,470,475,465,470,136285
20/02/2001,470,470,455,455,182920
21/02/2001,455,460,450,460,171885
22/02/2001,455,460,450,455,54110
23/02/2001,455,465,450,450,319195
26/02/2001,455,455,450,455,56430
27/02/2001,460,460,455,455,41760
28/02/2001,455,455,445,455,153515
01/03/2001,450,450,445,445,35055
02/03/2001,450,455,445,450,65600
06/03/2001,465,485,465,485,601795
07/03/2001,485,490,465,465,289945
08/03/2001,460,470,455,455,50210
09/03/2001,455,470,425,430,510045
12/03/2001,410,415,390,405,439760
13/03/2001,400,400,325,330,830825
14/03/2001,330,330,330,330,0
15/03/2001,325,335,305,330,371930
16/03/2001,330,330,240,265,1024000
19/03/2001,265,265,205,220,570295
20/03/2001,220,220,130,140,2649580
21/03/2001,140,220,110,220,4804000
22/03/2001,210,325,190,270,9968200
23/03/2001,280,315,270,300,4043780
27/03/2001,310,320,260,265,2439160
28/03/2001,265,295,250,290,3101420
29/03/2001,285,310,280,300,2435680
30/03/2001,300,310,285,290,1375400
02/04/2001,285,285,265,265,1435980
03/04/2001,260,260,240,250,1666280
04/04/2001,225,245,225,245,921215
05/04/2001,245,255,240,245,1159150
06/04/2001,245,250,220,220,757360
09/04/2001,210,270,200,265,1521160
10/04/2001,270,270,245,250,1483750
11/04/2001,255,260,245,245,752950
12/04/2001,240,250,230,235,429595
16/04/2001,225,240,225,230,365585
17/04/2001,230,235,225,235,439545
18/04/2001,230,235,220,220,270090
19/04/2001,225,225,195,200,459960
20/04/2001,195,220,185,215,690195
23/04/2001,210,240,205,230,1186520
24/04/2001,240,250,235,245,1307340
25/04/2001,250,255,235,240,774905
26/04/2001,250,255,235,240,774905
27/04/2001,230,250,225,245,505600
30/04/2001,250,250,240,250,437145
01/05/2001,255,255,240,245,430330
02/05/2001,245,255,240,250,429950
03/05/2001,250,275,250,260,857695
04/05/2001,260,270,255,265,408485
08/05/2001,260,270,250,255,255875
09/05/2001,255,260,250,260,194350
10/05/2001,260,265,250,250,171055
11/05/2001,255,265,255,265,154530
14/05/2001,265,265,260,260,68075
15/05/2001,260,265,255,260,47370
16/05/2001,260,285,260,285,626365
17/05/2001,290,290,275,280,670355
18/05/2001,280,285,280,285,113140
21/05/2001,275,285,275,280,127450
22/05/2001,280,290,280,290,409275
23/05/2001,285,285,285,285,79325
25/05/2001,285,295,285,295,154945
28/05/2001,290,315,290,305,854260
29/05/2001,305,330,305,330,1154780
30/05/2001,330,375,330,360,2148340
31/05/2001,365,385,365,370,1216960
01/06/2001,370,375,330,340,944900
05/06/2001,330,375,315,375,1632920
06/06/2001,380,390,355,370,1614220
07/06/2001,365,370,355,360,476255
08/06/2001,365,365,355,360,127515
11/06/2001,360,370,360,370,154850
12/06/2001,365,380,365,380,570530
13/06/2001,375,375,365,370,222890
14/06/2001,365,365,355,360,288275
15/06/2001,355,355,345,350,209700
18/06/2001,345,360,345,360,228880
19/06/2001,360,360,355,355,95760
20/06/2001,360,365,355,360,53285
21/06/2001,360,365,355,360,221375
22/06/2001,360,390,350,370,744695
25/06/2001,370,385,365,375,225600
26/06/2001,375,380,370,375,29950
27/06/2001,375,375,365,370,127605
28/06/2001,370,370,360,365,67820
29/06/2001,365,375,365,370,50345
02/07/2001,370,370,365,365,35780
03/07/2001,370,385,370,375,304190
04/07/2001,375,375,355,360,287970
05/07/2001,355,360,355,360,95055
06/07/2001,360,365,355,365,61040
09/07/2001,360,360,350,360,144830
10/07/2001,355,355,325,330,681835
11/07/2001,325,325,295,305,551200
12/07/2001,305,325,295,315,403330
13/07/2001,315,315,315,315,0
16/07/2001,315,315,315,315,0
17/07/2001,315,315,315,315,0
18/07/2001,315,315,315,315,0
19/07/2001,315,315,315,315,0
20/07/2001,315,315,315,315,0
23/07/2001,315,315,315,315,0
24/07/2001,315,315,315,315,0
25/07/2001,315,315,315,315,0
26/07/2001,315,315,315,315,0
27/07/2001,315,315,315,315,0
30/07/2001,315,315,315,315,0
31/07/2001,315,315,315,315,0
01/08/2001,315,315,315,315,0
02/08/2001,315,315,315,315,0
03/08/2001,315,315,315,315,0
06/08/2001,315,315,315,315,0
07/08/2001,315,315,315,315,0
08/08/2001,315,315,315,315,0
09/08/2001,315,315,315,315,0
10/08/2001,315,315,315,315,0
13/08/2001,315,315,315,315,0
14/08/2001,315,315,315,315,0
15/08/2001,315,315,315,315,0
16/08/2001,315,315,315,315,0
20/08/2001,315,315,315,315,0
21/08/2001,315,315,315,315,0
22/08/2001,315,315,315,315,0
23/08/2001,315,315,315,315,0
24/08/2001,315,315,315,315,0
27/08/2001,315,315,315,315,0
28/08/2001,315,315,315,315,0
29/08/2001,315,315,315,315,0
30/08/2001,315,315,315,315,0
31/08/2001,315,315,315,315,0
03/09/2001,315,315,315,315,0
04/09/2001,315,315,315,315,0
05/09/2001,315,315,315,315,0
06/09/2001,315,315,315,315,0
07/09/2001,315,315,315,315,0
10/09/2001,315,315,315,315,0
11/09/2001,315,315,315,315,0
12/09/2001,315,315,315,315,0
13/09/2001,315,315,315,315,0
14/09/2001,315,315,315,315,0
17/09/2001,315,315,315,315,0
18/09/2001,315,315,315,315,0
19/09/2001,315,315,315,315,0
20/09/2001,315,315,315,315,0
21/09/2001,315,315,315,315,0
24/09/2001,315,315,315,315,0
25/09/2001,315,315,315,315,0
26/09/2001,315,315,315,315,0
27/09/2001,315,315,315,315,0
28/09/2001,315,315,315,315,0
01/10/2001,315,315,315,315,0
02/10/2001,315,315,315,315,0
03/10/2001,315,315,315,315,0
04/10/2001,315,315,315,315,0
05/10/2001,315,315,315,315,0
08/10/2001,315,315,315,315,0
09/10/2001,315,315,315,315,0
10/10/2001,315,315,315,315,0
11/10/2001,315,315,315,315,0
12/10/2001,315,315,315,315,0
16/10/2001,315,315,315,315,0
17/10/2001,315,315,315,315,0
18/10/2001,315,315,315,315,0
19/10/2001,315,315,315,315,0
22/10/2001,315,315,315,315,0
23/10/2001,315,315,315,315,0
24/10/2001,315,315,315,315,0
25/10/2001,315,315,315,315,0
26/10/2001,315,315,315,315,0
29/10/2001,315,315,315,315,0
30/10/2001,315,315,315,315,0
31/10/2001,315,315,315,315,0
01/11/2001,315,315,315,315,0
02/11/2001,315,315,315,315,0
05/11/2001,315,315,315,315,0
06/11/2001,315,315,315,315,0
07/11/2001,315,315,315,315,0
08/11/2001,315,315,315,315,0
09/11/2001,315,315,315,315,0
12/11/2001,315,315,315,315,0
13/11/2001,315,315,315,315,0
14/11/2001,315,315,315,315,0
15/11/2001,315,315,315,315,0
16/11/2001,315,315,315,315,0
19/11/2001,315,315,315,315,0
20/11/2001,315,315,315,315,0
21/11/2001,315,315,315,315,0
22/11/2001,315,315,315,315,0
23/11/2001,315,315,315,315,0
26/11/2001,315,315,315,315,0
27/11/2001,315,315,315,315,0
28/11/2001,315,315,315,315,0
29/11/2001,315,315,315,315,0
30/11/2001,315,315,315,315,0
03/12/2001,315,315,315,315,0
04/12/2001,315,315,315,315,0
05/12/2001,315,315,315,315,0
06/12/2001,315,315,315,315,0
07/12/2001,315,315,315,315,0
10/12/2001,315,315,315,315,0
11/12/2001,315,315,315,315,0
12/12/2001,315,315,315,315,0
13/12/2001,315,315,315,315,0
19/12/2001,315,315,315,315,0
20/12/2001,315,315,315,315,0
21/12/2001,315,315,315,315,0
26/12/2001,315,315,315,315,0
27/12/2001,315,315,315,315,0
28/12/2001,315,315,315,315,0
02/01/2002,315,315,315,315,0
03/01/2002,315,315,315,315,0
04/01/2002,315,315,315,315,0
07/01/2002,315,315,315,315,0
08/01/2002,315,315,315,315,0
09/01/2002,315,315,315,315,0
10/01/2002,315,315,315,315,0
11/01/2002,315,315,315,315,0
14/01/2002,315,315,315,315,0
15/01/2002,315,315,315,315,0
16/01/2002,315,315,315,315,0
17/01/2002,315,315,315,315,0
18/01/2002,315,315,315,315,0
21/01/2002,315,315,315,315,0
22/01/2002,315,315,315,315,0
23/01/2002,315,315,315,315,0
24/01/2002,315,315,315,315,0
25/01/2002,315,315,315,315,0
28/01/2002,315,315,315,315,0
29/01/2002,315,315,315,315,0
30/01/2002,315,315,315,315,0
31/01/2002,315,315,315,315,0
01/02/2002,315,315,315,315,0
04/02/2002,315,315,315,315,0
05/02/2002,315,315,315,315,0
06/02/2002,315,315,315,315,0
07/02/2002,315,315,315,315,0
08/02/2002,315,315,315,315,0
11/02/2002,315,315,315,315,0
13/02/2002,315,315,315,315,0
14/02/2002,315,315,315,315,0
15/02/2002,315,315,315,315,0
18/02/2002,315,315,315,315,0
19/02/2002,315,315,315,315,0
20/02/2002,315,315,315,315,0
21/02/2002,315,315,315,315,0
25/02/2002,315,315,315,315,0
26/02/2002,315,315,315,315,0
27/02/2002,315,315,315,315,0
28/02/2002,315,315,315,315,0
01/03/2002,315,315,315,315,0
04/03/2002,315,315,315,315,0
05/03/2002,315,315,315,315,0
06/03/2002,315,315,315,315,0
07/03/2002,315,315,315,315,0
08/03/2002,315,315,315,315,0
11/03/2002,315,315,315,315,0
12/03/2002,315,315,315,315,0
13/03/2002,315,315,315,315,0
14/03/2002,250,250,205,205,23290
18/03/2002,160,175,140,165,1282620
19/03/2002,165,220,165,220,2207000
20/03/2002,225,240,195,200,1968220
21/03/2002,200,210,195,205,479315
22/03/2002,205,225,200,225,694630
25/03/2002,225,265,225,260,1763560
26/03/2002,265,275,245,255,1902180
27/03/2002,255,260,245,255,558560
28/03/2002,255,255,240,240,283630
01/04/2002,240,245,220,230,826615
02/04/2002,235,250,235,240,1072500
03/04/2002,240,240,230,230,155950
04/04/2002,235,240,225,230,488045
05/04/2002,230,250,230,250,744270
08/04/2002,250,265,250,260,1660420
09/04/2002,260,265,250,255,885540
10/04/2002,255,260,250,260,121505
11/04/2002,260,280,255,270,1780680
12/04/2002,270,275,265,265,548185
15/04/2002,270,290,270,275,1176480
16/04/2002,280,305,275,290,1845880
17/04/2002,290,315,290,315,2025830
18/04/2002,315,325,305,315,1570660
19/04/2002,315,320,300,315,613600
22/04/2002,315,320,300,305,709085
23/04/2002,305,310,235,250,1984320
24/04/2002,250,285,240,280,1448580
25/04/2002,290,290,280,285,511720
26/04/2002,285,285,270,275,258110
29/04/2002,275,275,260,265,333265
30/04/2002,260,270,260,260,416930
01/05/2002,265,270,255,260,396925
02/05/2002,260,260,225,245,1406320
03/05/2002,245,245,235,235,342230
06/05/2002,235,235,230,235,120215
07/05/2002,230,260,230,260,701850
08/05/2002,260,275,255,265,1250530
10/05/2002,265,270,260,265,136465
13/05/2002,265,265,255,260,114660
14/05/2002,255,260,255,255,149620
15/05/2002,255,255,245,250,205620
16/05/2002,245,245,240,245,32445
17/05/2002,245,245,230,235,175405
20/05/2002,235,240,230,235,76670
21/05/2002,235,235,210,225,371300
22/05/2002,225,225,195,200,304425
23/05/2002,195,205,180,205,513355
24/05/2002,205,210,200,210,249320
27/05/2002,205,215,200,210,160145
28/05/2002,210,215,205,215,214250
29/05/2002,215,215,210,215,70675
30/05/2002,220,220,210,210,117815
31/05/2002,215,215,210,215,71940
03/06/2002,215,215,210,210,75645
04/06/2002,210,210,205,210,41700
05/06/2002,210,220,210,215,182265
06/06/2002,210,210,205,210,70510
07/06/2002,205,210,205,210,16365
10/06/2002,205,210,200,210,46530
11/06/2002,210,210,205,210,25150
12/06/2002,205,210,205,210,15295
13/06/2002,210,215,210,215,280660
14/06/2002,220,245,215,240,747790
17/06/2002,240,250,235,250,307720
18/06/2002,245,250,230,235,300660
19/06/2002,235,245,225,240,213685
20/06/2002,240,245,235,235,228655
21/06/2002,235,240,235,240,149125
24/06/2002,240,245,235,245,351555
25/06/2002,245,245,240,245,190055
26/06/2002,240,245,225,230,207405
27/06/2002,230,235,225,235,93445
28/06/2002,235,235,230,230,22380
01/07/2002,240,240,225,225,68520
02/07/2002,225,225,215,220,66325
03/07/2002,220,225,220,220,88875
04/07/2002,220,220,185,195,765005
05/07/2002,190,200,190,195,66015
08/07/2002,195,200,195,195,60440
09/07/2002,200,200,190,195,25395
10/07/2002,195,195,170,190,232235
11/07/2002,190,190,190,190,0
12/07/2002,205,215,195,195,349090
15/07/2002,200,200,195,195,32660
16/07/2002,195,195,190,190,13365
17/07/2002,190,195,190,190,44165
18/07/2002,195,195,190,190,11630
19/07/2002,195,195,180,185,81545
22/07/2002,175,180,175,180,11720
23/07/2002,175,180,170,180,41750
24/07/2002,175,175,155,160,117515
25/07/2002,170,170,160,160,103675
26/07/2002,160,160,135,135,221825
29/07/2002,140,155,140,150,203335
30/07/2002,150,165,150,150,387510
31/07/2002,150,155,145,155,131645
01/08/2002,155,155,155,155,0
02/08/2002,155,155,155,155,0
05/08/2002,155,155,155,155,0
06/08/2002,155,155,155,155,0
07/08/2002,155,155,155,155,0
08/08/2002,155,155,155,155,0
09/08/2002,155,155,155,155,0
12/08/2002,155,155,155,155,0
13/08/2002,155,155,155,155,0
14/08/2002,155,155,155,155,0
15/08/2002,155,155,155,155,0
16/08/2002,155,155,155,155,0
19/08/2002,155,155,155,155,0
20/08/2002,155,155,155,155,0
21/08/2002,155,155,155,155,0
22/08/2002,155,155,155,155,0
23/08/2002,155,155,155,155,0
26/08/2002,155,155,155,155,0
27/08/2002,155,155,155,155,0
28/08/2002,155,155,155,155,0
29/08/2002,155,155,155,155,0
30/08/2002,155,155,155,155,0
02/09/2002,155,155,155,155,0
03/09/2002,155,155,155,155,0
04/09/2002,155,155,155,155,0
05/09/2002,155,155,155,155,0
06/09/2002,155,155,155,155,0
09/09/2002,155,155,155,155,0
10/09/2002,155,155,155,155,0
11/09/2002,155,155,155,155,0
12/09/2002,155,155,155,155,0
13/09/2002,155,155,155,155,0
16/09/2002,155,155,155,155,0
17/09/2002,155,155,155,155,0
18/09/2002,155,155,155,155,0
19/09/2002,155,155,155,155,0
20/09/2002,155,155,155,155,0
23/09/2002,155,155,155,155,0
24/09/2002,155,155,155,155,0
25/09/2002,155,155,155,155,0
26/09/2002,160,180,130,135,1835560
27/09/2002,140,145,115,120,1372920
30/09/2002,120,150,115,140,2755940
01/10/2002,135,145,135,140,1170620
02/10/2002,150,150,140,145,380410
03/10/2002,140,140,135,140,45435
07/10/2002,135,135,130,135,29235
08/10/2002,130,140,130,140,244935
09/10/2002,135,135,130,135,107480
10/10/2002,130,130,125,125,43345
11/10/2002,130,130,125,130,119320
14/10/2002,115,120,110,120,373045
15/10/2002,120,120,100,115,406390
16/10/2002,120,125,115,120,329235
17/10/2002,120,125,120,125,91095
18/10/2002,125,125,120,120,182385
21/10/2002,125,125,120,125,48505
22/10/2002,120,120,115,115,205065
23/10/2002,115,125,115,125,289645
24/10/2002,125,125,120,120,58400
25/10/2002,120,125,120,125,7275
28/10/2002,120,125,120,125,62295
29/10/2002,125,130,125,125,63785
30/10/2002,125,125,125,125,4200
31/10/2002,125,125,120,120,35490
01/11/2002,125,130,120,120,47870
04/11/2002,125,130,125,130,65985
05/11/2002,130,130,125,125,58010
06/11/2002,125,125,125,125,6630
07/11/2002,125,125,120,125,9960
08/11/2002,120,125,120,120,31760
11/11/2002,120,120,120,120,7675
12/11/2002,120,120,120,120,3035
13/11/2002,120,120,120,120,7740
14/11/2002,115,120,115,115,6000
15/11/2002,120,120,115,120,5745
18/11/2002,115,115,115,115,34670
19/11/2002,115,115,115,115,17205
20/11/2002,115,120,115,115,25855
21/11/2002,115,115,115,115,5855
22/11/2002,115,120,115,120,76440
25/11/2002,120,125,120,120,160025
26/11/2002,125,140,120,135,298135
27/11/2002,135,140,130,135,85055
28/11/2002,140,140,130,135,41135
29/11/2002,130,140,130,140,291550
02/12/2002,140,140,140,140,0
03/12/2002,140,150,140,145,528030
04/12/2002,145,160,140,155,462470
11/12/2002,160,160,150,155,107710
12/12/2002,155,155,150,150,40125
13/12/2002,150,150,140,145,47885
16/12/2002,145,155,140,155,151090
17/12/2002,155,155,145,155,116350
18/12/2002,155,160,150,155,208640
19/12/2002,155,165,155,160,553525
20/12/2002,160,160,150,150,127940
23/12/2002,150,155,145,145,68850
27/12/2002,145,155,145,145,48590
02/01/2003,150,150,135,140,14510
03/01/2003,140,145,135,135,13415
06/01/2003,135,135,125,130,53300
07/01/2003,130,130,125,125,28185
08/01/2003,125,125,120,125,13645
09/01/2003,120,135,120,135,175905
10/01/2003,135,145,130,135,197390
13/01/2003,140,145,135,140,43125
14/01/2003,140,145,140,145,68880
15/01/2003,140,155,140,150,264545
16/01/2003,150,150,140,145,91025
17/01/2003,145,145,140,145,68075
20/01/2003,145,155,145,155,82740
21/01/2003,150,160,150,160,419265
22/01/2003,160,160,155,155,155760
23/01/2003,155,155,150,155,121740
24/01/2003,150,155,145,145,115470
27/01/2003,145,145,140,145,69535
28/01/2003,145,150,140,150,52625
29/01/2003,150,150,145,145,48070
30/01/2003,145,145,145,145,16880
31/01/2003,145,145,140,140,11650
03/02/2003,145,145,145,145,19415
04/02/2003,145,150,145,145,13510
05/02/2003,145,145,140,140,3460
06/02/2003,145,145,145,145,24655
07/02/2003,145,145,140,140,29080
10/02/2003,140,150,140,145,24760
11/02/2003,145,150,140,145,9545
13/02/2003,140,145,140,140,1460
14/02/2003,145,145,140,145,12865
17/02/2003,145,150,145,145,8445
18/02/2003,145,150,145,150,48815
19/02/2003,150,160,150,155,255520
20/02/2003,150,155,150,155,3685
21/02/2003,155,165,155,165,249225
24/02/2003,165,165,155,165,184535
25/02/2003,160,160,155,160,102560
26/02/2003,160,165,155,165,111515
27/02/2003,160,170,160,170,234955
28/02/2003,165,175,165,175,181065
04/03/2003,170,180,170,175,191450
05/03/2003,170,180,170,180,147290
06/03/2003,180,185,175,185,157300
07/03/2003,185,185,175,175,164735
10/03/2003,175,180,170,175,216885
11/03/2003,175,180,175,175,45505
12/03/2003,175,180,175,175,33800
13/03/2003,175,190,175,190,380945
14/03/2003,195,195,190,190,122000
17/03/2003,190,190,180,180,99765
18/03/2003,185,185,185,185,153960
19/03/2003,185,190,185,185,131305
20/03/2003,190,190,185,190,31105
21/03/2003,185,185,185,185,22885
24/03/2003,185,190,185,190,269475
25/03/2003,190,200,190,200,75850
26/03/2003,200,220,200,220,443675
27/03/2003,220,230,215,225,294480
28/03/2003,225,225,210,210,197150
31/03/2003,210,210,200,205,36075
01/04/2003,205,210,200,205,163180
02/04/2003,205,205,205,205,0
03/04/2003,210,215,205,210,76130
04/04/2003,210,220,210,220,92460
07/04/2003,220,225,215,225,207245
08/04/2003,225,230,220,220,159435
09/04/2003,220,225,220,225,120290
10/04/2003,225,225,220,225,79230
11/04/2003,225,245,225,245,527680
14/04/2003,240,245,235,240,202940
15/04/2003,240,240,230,235,183960
16/04/2003,235,265,230,265,781575
17/04/2003,260,305,260,300,1306540
21/04/2003,305,320,305,315,471090
22/04/2003,310,310,280,285,604220
23/04/2003,285,310,280,310,431695
24/04/2003,310,315,300,305,276420
25/04/2003,300,305,285,300,411835
28/04/2003,285,305,285,300,156495
29/04/2003,305,400,300,395,1611440
30/04/2003,395,415,360,380,1700610
01/05/2003,370,395,370,385,693445
02/05/2003,385,405,385,385,517670
05/05/2003,395,400,390,390,192635
06/05/2003,395,400,380,380,199940
07/05/2003,385,395,375,375,593740
08/05/2003,380,385,375,380,174370
09/05/2003,380,380,370,375,157310
12/05/2003,380,390,375,380,200795
13/05/2003,385,385,370,370,126785
14/05/2003,370,370,360,370,75825
19/05/2003,365,365,355,360,86490
20/05/2003,355,380,355,370,223660
21/05/2003,370,395,370,385,584575
22/05/2003,385,405,385,405,608745
23/05/2003,410,425,405,420,577495
26/05/2003,425,445,425,435,840830
27/05/2003,435,440,420,425,552335
28/05/2003,430,435,425,430,513545
29/05/2003,430,435,420,425,336435
02/06/2003,425,430,410,420,448630
03/06/2003,420,425,415,425,284050
04/06/2003,420,465,420,460,982100
05/06/2003,470,480,455,460,738150
06/06/2003,460,500,455,495,945070
09/06/2003,505,530,485,485,1523300
10/06/2003,485,505,480,500,340830
11/06/2003,525,525,475,500,263745
12/06/2003,500,500,475,500,160290
13/06/2003,475,500,475,500,16475
16/06/2003,500,500,475,475,80325
17/06/2003,485,490,460,470,446955
18/06/2003,470,470,455,465,392930
19/06/2003,465,480,465,475,355965
20/06/2003,475,475,465,470,109935
23/06/2003,470,475,460,465,120675
24/06/2003,465,465,440,445,478140
25/06/2003,445,460,430,430,359175
26/06/2003,430,435,400,405,527715
27/06/2003,410,420,405,420,232380
30/06/2003,420,425,400,405,193190
01/07/2003,405,410,370,370,648460
02/07/2003,370,375,360,375,420045
03/07/2003,380,395,380,385,555155
04/07/2003,385,385,380,385,73715
07/07/2003,385,400,375,400,156995
08/07/2003,400,420,400,420,600450
09/07/2003,420,430,415,425,493695
10/07/2003,425,430,415,420,174960
11/07/2003,410,425,410,425,213635
14/07/2003,430,430,415,425,352555
15/07/2003,425,425,405,410,244250
16/07/2003,410,415,410,410,133405
17/07/2003,410,415,405,415,81945
18/07/2003,415,415,410,410,26235
21/07/2003,415,415,410,415,51910
22/07/2003,410,410,385,395,174305
23/07/2003,395,395,380,385,196120
24/07/2003,380,380,360,375,368655
25/07/2003,375,395,375,385,248835
28/07/2003,390,405,390,400,236860
29/07/2003,400,400,390,395,88600
30/07/2003,390,410,375,380,926120
31/07/2003,375,385,375,385,194555
01/08/2003,380,425,380,425,745325
04/08/2003,425,465,420,460,1573080
05/08/2003,465,480,405,425,1783930
06/08/2003,430,460,425,450,1120660
07/08/2003,455,465,455,460,686160
08/08/2003,465,465,450,455,358065
11/08/2003,460,465,450,450,187075
12/08/2003,455,460,450,450,87095
13/08/2003,455,475,455,465,481935
14/08/2003,460,460,455,460,47700
15/08/2003,460,460,455,455,40580
19/08/2003,465,470,450,450,176975
20/08/2003,455,455,440,445,238315
21/08/2003,445,455,445,450,160545
22/08/2003,455,465,455,460,286360
25/08/2003,460,465,450,455,89480
26/08/2003,450,450,445,450,26765
27/08/2003,450,460,445,450,84485
28/08/2003,450,465,450,455,500100
29/08/2003,450,455,450,450,51195
01/09/2003,450,455,450,450,25800
02/09/2003,450,455,445,450,52490
03/09/2003,455,470,450,455,457150
04/09/2003,460,470,455,460,261025
05/09/2003,460,465,445,445,333955
08/09/2003,450,465,450,460,197145
09/09/2003,465,495,465,490,1224080
10/09/2003,490,490,465,470,474265
11/09/2003,465,470,460,460,149260
12/09/2003,465,470,465,470,67265
15/09/2003,470,470,450,455,101680
16/09/2003,455,460,450,455,65500
17/09/2003,460,465,450,450,216150
18/09/2003,450,455,450,450,68425
19/09/2003,455,460,455,460,29500
23/09/2003,460,460,445,450,53140
24/09/2003,450,460,450,460,106770
25/09/2003,455,470,455,460,287825
26/09/2003,460,465,450,460,225760
29/09/2003,470,485,460,470,490070
30/09/2003,470,470,455,455,154960
01/10/2003,455,470,455,470,195790
02/10/2003,470,475,465,470,175155
03/10/2003,470,480,465,475,251800
06/10/2003,480,485,470,480,360505
07/10/2003,480,515,480,510,1641070
08/10/2003,525,550,525,550,661215
09/10/2003,550,550,525,550,182200
10/10/2003,550,550,525,525,343270
13/10/2003,550,550,525,550,216105
14/10/2003,550,625,550,625,739710
15/10/2003,625,750,625,725,1097020
16/10/2003,725,750,675,700,527035
17/10/2003,700,725,675,700,257940
20/10/2003,700,750,700,725,181775
21/10/2003,750,800,650,700,1225680
22/10/2003,675,725,675,725,743825
23/10/2003,700,725,650,700,1057700
24/10/2003,700,750,675,750,555755
27/10/2003,725,750,700,725,198530
28/10/2003,725,750,650,700,608280
29/10/2003,700,700,625,650,465825
30/10/2003,675,675,600,600,429285
31/10/2003,600,600,525,525,682230
03/11/2003,550,575,500,575,260475
04/11/2003,575,600,550,600,279745
05/11/2003,600,600,550,575,90770
06/11/2003,575,575,525,525,215595
07/11/2003,525,550,525,550,50495
10/11/2003,550,550,525,525,127240
11/11/2003,525,550,500,550,186270
12/11/2003,550,575,525,575,88210
13/11/2003,550,575,525,550,110085
14/11/2003,525,550,525,525,34085
17/11/2003,500,525,500,525,34985
18/11/2003,500,500,475,500,136620
19/11/2003,475,475,425,450,445590
20/11/2003,430,455,425,445,447325
21/11/2003,445,485,445,480,422155
01/12/2003,480,520,480,515,238360
02/12/2003,525,525,500,525,37305
03/12/2003,525,550,500,550,143260
04/12/2003,550,575,550,575,207525
05/12/2003,575,575,550,550,79450
08/12/2003,550,600,550,600,233545
09/12/2003,600,600,550,575,193640
10/12/2003,575,575,550,575,17445
11/12/2003,575,575,550,575,125245
12/12/2003,575,600,575,575,204960
15/12/2003,575,575,550,575,15795
16/12/2003,550,550,550,550,58170
17/12/2003,550,575,550,575,33490
18/12/2003,575,575,550,575,21725
19/12/2003,550,575,550,575,126125
22/12/2003,550,575,550,575,9560
23/12/2003,575,600,550,550,200265
29/12/2003,575,575,550,575,27855
30/12/2003,575,600,550,575,172730
02/01/2004,575,650,550,650,346635
05/01/2004,650,675,625,650,686740
06/01/2004,650,675,650,650,89560
07/01/2004,625,650,625,625,92265
08/01/2004,625,650,625,650,24470
09/01/2004,650,650,625,650,275890
12/01/2004,650,650,600,650,52865
13/01/2004,625,650,625,650,20320
14/01/2004,625,650,625,650,7935
15/01/2004,625,650,625,650,22480
16/01/2004,625,650,625,650,18005
19/01/2004,650,650,600,625,70810
20/01/2004,625,675,625,650,296010
21/01/2004,650,700,650,700,209950
23/01/2004,700,750,700,725,434120
26/01/2004,700,725,675,725,154395
27/01/2004,700,700,650,675,252605
28/01/2004,675,675,650,675,84945
29/01/2004,650,675,625,650,131165
30/01/2004,650,675,625,675,41825
03/02/2004,625,650,600,625,153090
04/02/2004,625,650,600,625,27175
05/02/2004,625,625,600,625,71240
06/02/2004,625,650,625,650,59240
09/02/2004,650,750,650,750,1404240
10/02/2004,750,750,700,725,138145
11/02/2004,725,775,725,725,440375
12/02/2004,725,775,725,750,342315
13/02/2004,750,775,750,775,157800
16/02/2004,775,800,775,800,391975
17/02/2004,800,825,800,800,368880
18/02/2004,825,900,825,900,1106240
19/02/2004,900,900,825,850,250185
20/02/2004,850,850,825,850,276765
24/02/2004,825,825,800,825,242495
25/02/2004,800,825,800,800,61195
26/02/2004,800,825,775,825,93430
27/02/2004,825,825,775,800,329670
01/03/2004,800,800,750,775,29820
02/03/2004,775,825,775,800,241420
03/03/2004,800,825,775,825,360970
04/03/2004,850,850,800,825,291450
05/03/2004,825,950,825,950,1251470
08/03/2004,950,1000,925,975,922475
09/03/2004,925,950,900,925,198260
10/03/2004,900,900,850,900,271610
11/03/2004,850,875,800,825,480295
12/03/2004,800,825,750,800,624195
15/03/2004,825,850,800,825,421655
16/03/2004,775,800,750,800,242385
17/03/2004,800,800,775,800,112425
18/03/2004,800,825,775,775,312665
19/03/2004,800,825,800,825,23110
23/03/2004,800,800,775,800,87800
24/03/2004,800,825,775,800,285625
25/03/2004,800,800,775,800,89910
26/03/2004,800,800,750,775,44755
29/03/2004,775,775,750,775,26520
30/03/2004,775,775,750,775,63425
31/03/2004,775,775,725,750,80470
01/04/2004,750,775,725,775,71335
02/04/2004,775,800,750,800,142325
06/04/2004,800,825,800,825,233470
07/04/2004,800,850,800,825,317585
08/04/2004,800,800,775,800,100400
12/04/2004,800,800,775,800,62475
13/04/2004,800,800,775,800,2210
14/04/2004,775,800,775,800,34595
15/04/2004,775,800,775,800,7945
16/04/2004,775,775,750,775,42250
19/04/2004,775,775,750,775,13125
20/04/2004,775,825,775,800,188245
21/04/2004,800,800,800,800,80720
22/04/2004,800,800,775,800,7885
23/04/2004,800,800,800,800,7135
26/04/2004,775,800,750,800,35705
27/04/2004,775,800,775,800,20300
28/04/2004,775,825,775,825,197150
29/04/2004,800,800,775,800,17870
30/04/2004,775,775,750,775,58420
04/05/2004,750,775,750,775,4955
05/05/2004,750,750,700,725,115430
06/05/2004,700,725,700,725,61595
07/05/2004,700,725,675,675,180155
10/05/2004,675,675,550,575,296210
11/05/2004,575,600,575,600,208655
12/05/2004,625,650,625,650,541955
13/05/2004,650,675,625,650,98020
14/05/2004,650,650,600,600,107155
17/05/2004,600,600,475,475,456400
18/05/2004,500,515,490,510,200255
19/05/2004,525,575,525,575,180465
21/05/2004,550,575,550,575,206675
24/05/2004,575,575,575,575,21395
25/05/2004,550,575,550,575,150065
26/05/2004,575,600,575,575,92930
27/05/2004,575,600,575,575,60210
28/05/2004,575,575,575,575,44170
31/05/2004,575,575,550,575,3225
01/06/2004,575,575,550,575,4050
02/06/2004,550,550,525,550,118950
04/06/2004,525,550,500,550,111315
07/06/2004,550,550,500,550,434085
08/06/2004,525,550,525,550,164760
09/06/2004,550,575,550,575,32330
10/06/2004,550,550,550,550,61430
11/06/2004,550,550,525,550,1965
14/06/2004,550,550,525,550,26170
15/06/2004,525,550,525,550,8005
16/06/2004,550,550,525,550,14275
17/06/2004,525,550,525,550,2300
18/06/2004,525,550,525,550,3260
21/06/2004,525,550,525,550,5400
22/06/2004,525,550,525,550,5950
23/06/2004,525,550,525,550,15020
24/06/2004,550,575,525,575,36570
25/06/2004,550,575,550,575,6945
28/06/2004,550,575,550,575,34030
29/06/2004,550,575,550,575,12040
30/06/2004,575,600,550,600,93245
01/07/2004,600,600,575,600,33335
02/07/2004,575,625,575,625,50250
06/07/2004,625,650,625,650,43980
07/07/2004,625,650,600,650,123925
08/07/2004,625,650,600,625,45620
09/07/2004,600,625,600,625,11620
12/07/2004,625,625,625,625,8030
13/07/2004,600,625,600,625,2010
14/07/2004,600,600,575,600,14410
15/07/2004,575,625,575,625,22495
16/07/2004,600,625,600,625,2670
19/07/2004,600,600,600,600,16375
20/07/2004,600,600,575,600,2595
21/07/2004,600,625,600,625,14590
22/07/2004,600,650,600,650,60200
23/07/2004,650,675,650,675,294735
26/07/2004,650,675,625,675,125185
27/07/2004,650,700,650,700,143115
28/07/2004,700,725,700,725,201550
29/07/2004,700,725,675,725,190615
30/07/2004,725,725,700,700,71215
02/08/2004,675,700,675,700,27975
03/08/2004,700,700,700,700,23820
04/08/2004,700,700,675,700,3450
05/08/2004,700,725,675,725,131620
06/08/2004,700,725,700,725,46450
09/08/2004,700,725,700,725,18700
10/08/2004,725,725,700,725,73450
11/08/2004,725,725,700,725,5375
12/08/2004,700,725,700,725,32385
13/08/2004,700,725,700,725,31115
16/08/2004,725,725,700,700,56105
18/08/2004,700,725,700,725,30190
19/08/2004,700,725,700,725,14385
20/08/2004,700,700,700,700,43485
23/08/2004,700,700,700,700,5635
24/08/2004,675,700,675,700,67355
25/08/2004,700,700,700,700,80
26/08/2004,675,700,675,700,1475
27/08/2004,700,725,700,725,31165
30/08/2004,725,725,700,700,40330
31/08/2004,700,700,675,700,21390
01/09/2004,700,725,700,725,306615
02/09/2004,725,725,700,725,6360
03/09/2004,725,725,700,725,198875
06/09/2004,725,725,700,725,1875
07/09/2004,725,725,725,725,31920
08/09/2004,725,775,725,775,161035
09/09/2004,775,825,675,825,1118800
10/09/2004,800,825,800,825,63355
14/09/2004,825,850,775,800,146760
15/09/2004,800,825,800,825,139540
16/09/2004,800,800,775,800,8810
17/09/2004,775,800,775,800,11110
21/09/2004,825,825,750,800,114905
22/09/2004,775,800,775,800,60935
23/09/2004,775,875,775,875,754730
27/09/2004,875,875,850,875,166405
28/09/2004,850,875,850,875,346990
29/09/2004,875,875,825,850,173450
30/09/2004,850,850,825,850,10235
01/10/2004,825,875,825,875,260845
04/10/2004,875,875,825,850,179675
05/10/2004,850,850,825,850,15165
06/10/2004,850,875,825,875,198745
07/10/2004,875,875,850,875,21150
08/10/2004,850,925,850,925,558820
11/10/2004,925,925,875,875,225530
12/10/2004,875,900,850,875,195125
13/10/2004,850,900,850,900,138260
14/10/2004,875,900,850,875,69480
15/10/2004,875,900,850,875,102795
18/10/2004,875,875,850,875,7460
19/10/2004,850,875,850,875,124020
20/10/2004,850,850,825,850,102910
21/10/2004,850,850,800,850,89950
22/10/2004,850,850,825,850,117900
25/10/2004,850,850,825,825,21685
26/10/2004,850,850,825,850,74005
27/10/2004,825,850,825,850,59565
28/10/2004,825,850,825,850,8480
29/10/2004,850,850,825,850,25615
01/11/2004,850,850,825,850,8375
02/11/2004,850,875,850,875,251055
03/11/2004,875,875,850,875,129650
04/11/2004,875,875,850,850,212430
05/11/2004,850,875,850,875,6660
08/11/2004,875,875,850,875,50125
09/11/2004,850,875,850,875,9630
10/11/2004,850,900,850,900,125195
11/11/2004,875,950,875,925,547800
12/11/2004,925,975,925,950,328310
22/11/2004,925,975,925,975,229680
23/11/2004,975,1000,975,1000,252025
24/11/2004,1000,1050,900,925,1562920
25/11/2004,925,950,900,950,282810
26/11/2004,950,1000,950,1000,404310
29/11/2004,1000,1000,950,975,49025
30/11/2004,950,975,825,900,1797260
02/12/2004,900,925,900,925,277935
03/12/2004,900,950,900,925,369495
06/12/2004,925,975,925,975,350465
07/12/2004,975,1000,950,975,366250
08/12/2004,975,975,925,950,54335
09/12/2004,950,950,925,950,183850
10/12/2004,925,925,875,900,114400
13/12/2004,875,925,875,900,42340
14/12/2004,900,900,875,900,60545
15/12/2004,900,900,875,900,68195
16/12/2004,900,925,900,925,33075
17/12/2004,900,950,900,950,288095
20/12/2004,950,975,925,950,138155
21/12/2004,950,975,925,950,71145
22/12/2004,950,975,925,950,132980
23/12/2004,950,1000,950,975,535440
27/12/2004,975,1075,975,1050,927145
28/12/2004,1050,1100,1025,1075,594615
29/12/2004,1075,1075,1025,1050,150055
30/12/2004,1050,1050,1000,1025,239740
03/01/2005,1020,1030,1010,1020,53405
04/01/2005,1020,1190,1020,1190,1352180
05/01/2005,1190,1220,1130,1140,1504150
06/01/2005,1140,1230,1140,1230,2146540
07/01/2005,1240,1320,1240,1320,1711820
10/01/2005,1320,1320,1260,1290,1331120
11/01/2005,1300,1390,1270,1390,1359220
12/01/2005,1390,1420,1330,1370,2459970
13/01/2005,1380,1410,1360,1360,978635
14/01/2005,1360,1360,1270,1280,1734220
17/01/2005,1280,1280,1240,1260,567015
18/01/2005,1260,1290,1220,1240,827505
19/01/2005,1250,1290,1250,1290,509090
20/01/2005,1310,1340,1280,1300,1487560
24/01/2005,1290,1290,1260,1280,431375
25/01/2005,1270,1290,1260,1270,181605
26/01/2005,1270,1270,1240,1260,155620
27/01/2005,1250,1280,1250,1270,284335
28/01/2005,1260,1270,1250,1260,58885
31/01/2005,1250,1260,1240,1250,51845
01/02/2005,1260,1260,1200,1210,469950
02/02/2005,1220,1220,1140,1150,624590
03/02/2005,1140,1220,1140,1220,547515
04/02/2005,1220,1220,1160,1160,495500
07/02/2005,1170,1170,1130,1150,281150
08/02/2005,1150,1150,1140,1150,42970
11/02/2005,1150,1180,1150,1170,79015
14/02/2005,1180,1180,1160,1170,85795
15/02/2005,1170,1210,1170,1190,472925
16/02/2005,1200,1250,1200,1250,730755
17/02/2005,1260,1290,1240,1260,1199470
18/02/2005,1250,1310,1240,1310,703420
21/02/2005,1320,1320,1280,1300,664410
22/02/2005,1300,1340,1280,1320,698500
23/02/2005,1290,1330,1280,1290,640305
24/02/2005,1290,1300,1230,1240,616055
25/02/2005,1240,1250,1200,1220,420930
28/02/2005,1220,1260,1200,1250,340085
01/03/2005,1260,1280,1250,1280,629600
02/03/2005,1290,1290,1260,1270,374960
03/03/2005,1280,1280,1270,1280,137475
04/03/2005,1290,1370,1290,1340,1997220
07/03/2005,1350,1360,1310,1330,882180
08/03/2005,1330,1380,1330,1360,565365
09/03/2005,1370,1370,1350,1360,395900
10/03/2005,1370,1400,1370,1400,691170
14/03/2005,1390,1430,1380,1430,708750
15/03/2005,1430,1460,1400,1410,971655
16/03/2005,1410,1430,1410,1430,318960
17/03/2005,1420,1450,1410,1430,336210
18/03/2005,1440,1480,1430,1470,867945
21/03/2005,1480,1500,1450,1460,497825
22/03/2005,1460,1470,1410,1440,650305
23/03/2005,1420,1430,1410,1430,300715
24/03/2005,1430,1460,1410,1420,426960
28/03/2005,1440,1440,1330,1340,601765
29/03/2005,1330,1350,1240,1250,1079560
30/03/2005,1240,1310,1230,1280,1084220
31/03/2005,1290,1340,1270,1320,1013220
01/04/2005,1330,1350,1310,1330,515655
04/04/2005,1320,1350,1300,1320,464340
05/04/2005,1320,1370,1320,1350,573965
06/04/2005,1350,1360,1340,1350,205620
07/04/2005,1350,1360,1340,1350,169560
08/04/2005,1350,1430,1350,1430,1343640
11/04/2005,1430,1430,1370,1400,540065
12/04/2005,1390,1430,1380,1430,559120
13/04/2005,1440,1470,1420,1430,796100
14/04/2005,1420,1430,1400,1400,398125
15/04/2005,1380,1380,1360,1380,744340
18/04/2005,1330,1340,1280,1290,964230
19/04/2005,1310,1340,1300,1320,1052740
20/04/2005,1330,1340,1320,1330,421505
21/04/2005,1300,1310,1260,1280,706795
25/04/2005,1290,1290,1190,1200,686455
26/04/2005,1220,1260,1170,1260,1713890
27/04/2005,1260,1310,1250,1270,1718850
28/04/2005,1280,1280,1260,1280,527020
29/04/2005,1270,1270,1240,1250,197455
02/05/2005,1250,1260,1230,1230,87870
03/05/2005,1240,1300,1240,1300,664435
04/05/2005,1300,1310,1290,1300,675295
06/05/2005,1310,1370,1300,1350,1038620
09/05/2005,1350,1360,1330,1330,229445
10/05/2005,1340,1350,1310,1320,222575
11/05/2005,1300,1340,1290,1340,299620
12/05/2005,1340,1370,1330,1360,308925
13/05/2005,1350,1370,1340,1350,331315
16/05/2005,1340,1350,1320,1320,86065
17/05/2005,1340,1340,1290,1310,171510
18/05/2005,1320,1320,1290,1310,56340
19/05/2005,1320,1330,1290,1300,207285
20/05/2005,1300,1310,1290,1310,85145
23/05/2005,1300,1310,1290,1300,39265
25/05/2005,1310,1330,1310,1320,175195
26/05/2005,1310,1340,1310,1340,134400
27/05/2005,1340,1340,1330,1340,221695
30/05/2005,1320,1340,1320,1330,97430
31/05/2005,1330,1350,1330,1350,391535
01/06/2005,1350,1370,1340,1340,269005
02/06/2005,1350,1380,1340,1380,423350
03/06/2005,1380,1400,1370,1390,394965
06/06/2005,1380,1380,1360,1380,151690
07/06/2005,1380,1390,1360,1370,140150
08/06/2005,1360,1400,1360,1400,305785
09/06/2005,1400,1400,1380,1390,126755
10/06/2005,1390,1390,1330,1360,657500
13/06/2005,1360,1370,1350,1360,150075
14/06/2005,1360,1380,1360,1380,105460
15/06/2005,1380,1390,1370,1380,325795
16/06/2005,1380,1420,1360,1370,1764710
17/06/2005,1370,1380,1360,1380,514985
20/06/2005,1380,1380,1370,1380,149125
21/06/2005,1370,1380,1360,1370,183535
22/06/2005,1370,1390,1350,1360,668725
23/06/2005,1370,1370,1350,1360,292245
24/06/2005,1350,1370,1350,1350,346380
27/06/2005,1350,1350,1340,1350,109515
28/06/2005,1350,1390,1340,1350,1076420
29/06/2005,1350,1350,1330,1340,360955
30/06/2005,1340,1370,1330,1350,337870
01/07/2005,1360,1380,1350,1360,520765
04/07/2005,1360,1360,1310,1320,443845
05/07/2005,1310,1320,1260,1270,531065
06/07/2005,1270,1280,1250,1270,346705
07/07/2005,1260,1290,1250,1280,587125
11/07/2005,1290,1290,1260,1280,189045
12/07/2005,1280,1280,1260,1280,160615
14/07/2005,1300,1320,1290,1320,525485
15/07/2005,1310,1330,1290,1310,187640
19/07/2005,1300,1310,1280,1290,77395
20/07/2005,1300,1310,1270,1270,440515
21/07/2005,1290,1290,1270,1270,264385
26/07/2005,1280,1300,1280,1280,171445
27/07/2005,1280,1290,1280,1290,100435
28/07/2005,1290,1300,1280,1280,134890
29/07/2005,1290,1290,1270,1280,55630
01/08/2005,1280,1280,1260,1270,67235
02/08/2005,1270,1280,1270,1280,108830
03/08/2005,1280,1310,1270,1300,418795
04/08/2005,1300,1300,1280,1290,117020
05/08/2005,1290,1290,1280,1290,30580
08/08/2005,1280,1290,1270,1280,109570
09/08/2005,1270,1280,1270,1280,32045
10/08/2005,1280,1280,1260,1280,80965
11/08/2005,1270,1270,1250,1270,70105
12/08/2005,1260,1260,1230,1240,293715
15/08/2005,1240,1240,1190,1200,205220
16/08/2005,1200,1220,1190,1200,147085
18/08/2005,1200,1200,1150,1170,197000
19/08/2005,1160,1170,1100,1120,306860
22/08/2005,1110,1110,1030,1060,313245
23/08/2005,1060,1080,1020,1030,296640
24/08/2005,1020,1020,940,980,602240
25/08/2005,960,1030,950,1020,423860
26/08/2005,1020,1020,970,980,249755
29/08/2005,960,960,830,840,681940
30/08/2005,810,920,750,920,1175960
31/08/2005,910,970,880,960,965820
01/09/2005,940,950,900,930,425025
06/09/2005,920,940,920,940,173180
07/09/2005,940,960,940,950,155250
08/09/2005,950,990,940,980,372885
09/09/2005,980,1020,970,1000,679445
12/09/2005,1020,1030,1010,1020,401905
13/09/2005,1020,1020,990,1000,194460
14/09/2005,990,1000,960,970,225105
15/09/2005,960,980,950,970,233300
16/09/2005,960,970,950,970,63270
19/09/2005,970,970,960,970,47475
20/09/2005,960,960,920,930,145240
22/09/2005,900,900,860,880,202475
23/09/2005,880,900,870,880,69785
26/09/2005,880,910,880,900,157425
27/09/2005,900,900,880,890,40640
28/09/2005,890,890,860,870,57800
29/09/2005,850,900,850,900,152425
30/09/2005,910,920,910,920,231225
03/10/2005,900,940,880,930,347265
04/10/2005,940,960,920,930,224590
05/10/2005,930,930,920,930,103260
06/10/2005,910,920,890,890,114740
07/10/2005,890,940,890,920,200685
10/10/2005,930,940,930,940,54100
11/10/2005,940,940,920,930,43050
12/10/2005,930,930,910,920,88065
13/10/2005,910,910,900,910,18105
14/10/2005,910,920,910,920,63065
17/10/2005,920,920,910,910,42365
18/10/2005,910,910,900,910,36760
19/10/2005,910,910,890,900,32005
20/10/2005,900,900,890,890,8270
21/10/2005,890,900,890,900,29045
24/10/2005,900,900,890,890,13080
25/10/2005,890,900,880,900,31245
26/10/2005,900,920,890,920,131545
27/10/2005,920,930,910,910,42930
28/10/2005,910,910,900,910,18870
31/10/2005,920,920,920,920,30785
01/11/2005,930,930,900,910,38615
09/11/2005,900,900,860,880,127925
10/11/2005,880,880,870,870,46950
11/11/2005,870,870,820,830,80510
14/11/2005,840,850,830,840,87715
15/11/2005,830,830,820,830,40925
16/11/2005,840,850,810,830,33455
17/11/2005,830,830,820,830,24830
18/11/2005,830,860,830,860,122050
21/11/2005,860,870,860,870,72725
22/11/2005,870,890,870,870,168735
23/11/2005,880,880,860,860,21655
24/11/2005,870,880,870,880,32450
25/11/2005,880,880,850,850,24345
28/11/2005,850,860,840,850,29200
29/11/2005,850,850,840,850,25025
30/11/2005,850,860,850,860,15605
01/12/2005,860,890,860,880,137295
02/12/2005,880,890,870,890,125175
05/12/2005,890,890,870,880,39675
06/12/2005,880,900,870,890,91095
07/12/2005,890,920,890,900,299320
08/12/2005,910,930,890,890,167865
09/12/2005,910,940,910,930,358670
12/12/2005,940,980,940,960,450005
13/12/2005,970,990,960,960,351890
14/12/2005,970,970,950,950,227820
15/12/2005,950,1020,950,1020,752335
16/12/2005,1020,1040,1010,1020,374005
19/12/2005,1020,1040,1010,1040,302525
20/12/2005,1040,1070,1040,1050,356885
21/12/2005,1040,1050,1030,1040,83815
22/12/2005,1040,1060,1030,1060,143755
23/12/2005,1060,1070,1050,1060,81910
27/12/2005,1030,1050,1000,1040,454200
28/12/2005,1030,1080,1030,1080,245815
29/12/2005,1080,1110,1080,1080,223560
02/01/2006,1020,1090,1020,1090,37205
03/01/2006,1100,1120,1100,1110,85135
04/01/2006,1120,1130,1100,1120,257150
05/01/2006,1120,1140,1110,1120,224075
06/01/2006,1120,1130,1110,1120,155045
09/01/2006,1120,1150,1120,1140,313395
11/01/2006,1140,1160,1130,1150,249115
12/01/2006,1150,1150,1120,1130,123205
13/01/2006,1130,1130,1110,1120,51855
16/01/2006,1120,1120,1070,1080,124000
17/01/2006,1080,1080,1010,1030,327750
18/01/2006,1010,1030,1000,1010,116565
19/01/2006,1030,1060,1030,1060,182075
20/01/2006,1060,1070,1040,1040,247160
23/01/2006,1020,1020,980,1000,232640
24/01/2006,1010,1030,990,1000,131945
25/01/2006,1000,1020,1000,1020,158870
26/01/2006,1030,1070,1020,1070,325200
27/01/2006,1080,1090,1060,1080,179305
30/01/2006,1080,1080,1070,1080,50430
01/02/2006,1080,1080,1060,1070,68715
02/02/2006,1080,1080,1060,1080,113975
03/02/2006,1060,1070,1060,1070,32950
06/02/2006,1070,1070,1050,1060,70985
07/02/2006,1060,1060,1030,1040,102730
08/02/2006,1040,1060,1030,1040,86575
09/02/2006,1040,1040,1020,1030,72200
10/02/2006,1030,1040,1030,1040,121975
13/02/2006,1040,1040,1020,1030,57380
14/02/2006,1020,1020,1010,1020,58510
15/02/2006,1020,1020,1000,1020,57385
16/02/2006,1020,1020,1000,1000,31835
17/02/2006,1010,1050,1010,1030,144785
20/02/2006,1050,1050,1020,1020,36245
21/02/2006,1020,1030,1010,1030,26615
22/02/2006,1020,1030,1010,1020,69290
23/02/2006,1020,1020,1000,1010,16240
24/02/2006,1020,1020,1000,1000,11590
27/02/2006,1010,1020,1010,1020,44360
28/02/2006,1020,1020,1000,1010,37205
01/03/2006,1000,1030,990,1030,100705
02/03/2006,1030,1040,1020,1020,56835
03/03/2006,1020,1030,1020,1020,41305
06/03/2006,1030,1040,1030,1030,62545
07/03/2006,1030,1040,1010,1020,74840
08/03/2006,1010,1020,1000,1020,93465
09/03/2006,1010,1010,1010,1010,13970
10/03/2006,1020,1020,1010,1020,43835
13/03/2006,1020,1020,1000,1000,30970
14/03/2006,1000,1030,1000,1010,54550
15/03/2006,1020,1040,1020,1030,45870
16/03/2006,1030,1060,1030,1050,204600
17/03/2006,1050,1080,1040,1060,224865
20/03/2006,1060,1070,1050,1050,91435
21/03/2006,1050,1070,1040,1050,86340
22/03/2006,1040,1050,1020,1030,100030
23/03/2006,1030,1040,1020,1020,41860
24/03/2006,1030,1050,1030,1040,53340
27/03/2006,1050,1060,1040,1050,52380
28/03/2006,1050,1050,1030,1040,38185
29/03/2006,1040,1060,1030,1060,85780
03/04/2006,1060,1060,1050,1060,51860
04/04/2006,1060,1060,1030,1040,36815
05/04/2006,1050,1130,1050,1130,688430
06/04/2006,1140,1150,1110,1150,579560
07/04/2006,1150,1150,1100,1120,268435
11/04/2006,1100,1110,1080,1100,241820
12/04/2006,1090,1120,1090,1100,150880
13/04/2006,1100,1130,1100,1120,246785
17/04/2006,1120,1130,1110,1120,84630
18/04/2006,1100,1180,1100,1170,718905
19/04/2006,1140,1180,1130,1140,40310000
20/04/2006,1140,1160,1110,1130,251295
21/04/2006,1130,1130,1110,1120,218730
24/04/2006,1120,1140,1110,1120,228690
25/04/2006,1120,1150,1120,1140,289205
26/04/2006,1140,1150,1140,1150,122465
27/04/2006,1150,1170,1120,1140,363605
28/04/2006,1130,1140,1120,1140,108255
01/05/2006,1120,1140,1070,1100,590305
02/05/2006,1090,1110,1060,1070,339895
03/05/2006,1070,1080,1030,1050,330055
04/05/2006,1050,1080,1050,1070,165930
05/05/2006,1070,1070,1050,1070,41900
08/05/2006,1070,1090,1070,1080,99735
09/05/2006,1080,1080,1060,1070,68305
10/05/2006,1080,1100,1060,1080,103670
11/05/2006,1080,1130,1080,1120,399140
12/05/2006,1110,1140,1090,1100,277095
15/05/2006,1080,1080,1030,1030,328305
16/05/2006,1040,1050,940,1040,323005
17/05/2006,1050,1070,1050,1050,263030
18/05/2006,1020,1030,990,1000,223715
19/05/2006,1000,1020,990,1010,58040
22/05/2006,1020,1020,930,940,154410
23/05/2006,940,1010,940,1010,99455
24/05/2006,1010,1010,980,1000,80965
29/05/2006,1010,1030,1000,1000,67310
30/05/2006,1000,1020,990,1000,42120
31/05/2006,970,990,970,980,37365
01/06/2006,990,1000,960,970,39880
02/06/2006,980,990,950,990,22015
05/06/2006,990,1020,990,990,118510
06/06/2006,970,970,950,960,52975
07/06/2006,950,960,920,940,69965
08/06/2006,920,920,870,900,115685
09/06/2006,900,930,880,930,72660
12/06/2006,920,920,890,900,40265
13/06/2006,880,890,840,840,115350
14/06/2006,840,860,830,850,38155
15/06/2006,870,880,830,830,149930
16/06/2006,870,890,870,880,318630
19/06/2006,870,890,870,890,50955
20/06/2006,870,890,870,890,34515
21/06/2006,890,890,870,880,5805
22/06/2006,900,900,870,880,16950
23/06/2006,860,880,860,880,2835
26/06/2006,880,880,880,880,7025
27/06/2006,880,880,860,870,10585
28/06/2006,860,870,850,870,7415
29/06/2006,880,890,870,880,38875
30/06/2006,890,900,870,880,56400
03/07/2006,870,920,870,910,116090
04/07/2006,920,950,920,930,154900
05/07/2006,930,940,930,930,34750
06/07/2006,920,930,910,930,49490
07/07/2006,930,930,910,920,33280
10/07/2006,910,930,910,930,28340
11/07/2006,930,930,910,910,27940
12/07/2006,920,920,910,910,21160
13/07/2006,910,910,890,900,20140
14/07/2006,890,890,860,860,79810
17/07/2006,860,860,850,850,40490
18/07/2006,860,860,850,860,17450
19/07/2006,870,870,850,860,8530
20/07/2006,880,880,870,880,23700
21/07/2006,880,880,870,880,6105
24/07/2006,870,870,860,870,3940
25/07/2006,880,880,860,860,21420
26/07/2006,860,870,860,870,23330
27/07/2006,870,900,870,890,87605
28/07/2006,880,880,870,880,26945
31/07/2006,880,900,880,890,48950
01/08/2006,890,910,890,900,147995
02/08/2006,890,910,890,900,56645
03/08/2006,900,900,870,870,71980
04/08/2006,870,890,870,890,18390
07/08/2006,890,890,870,890,92660
08/08/2006,890,920,890,910,358560
09/08/2006,910,940,910,940,182055
10/08/2006,940,970,920,940,309300
11/08/2006,940,970,940,960,149060
14/08/2006,970,970,930,950,76250
15/08/2006,960,960,930,940,92275
16/08/2006,960,960,920,940,133275
22/08/2006,930,950,920,950,27265
23/08/2006,950,980,940,980,252325
24/08/2006,970,980,940,940,96880
25/08/2006,960,960,930,940,74725
28/08/2006,940,940,920,930,70910
29/08/2006,930,940,920,930,37395
30/08/2006,930,930,910,920,24555
31/08/2006,920,920,900,920,41690
01/09/2006,920,940,910,930,24665
04/09/2006,940,940,910,930,36145
05/09/2006,920,920,910,910,15310
06/09/2006,910,930,910,930,42925
07/09/2006,920,920,910,920,5810
08/09/2006,920,930,920,930,35650
11/09/2006,920,920,900,900,30160
12/09/2006,900,900,890,900,42010
13/09/2006,900,900,890,900,29635
14/09/2006,900,910,890,890,6865
15/09/2006,900,910,900,910,9025
18/09/2006,900,910,890,910,48550
19/09/2006,910,910,890,890,50110
20/09/2006,890,910,890,900,37115
21/09/2006,900,920,900,920,65355
22/09/2006,910,930,910,910,33955
25/09/2006,910,910,900,910,3075
26/09/2006,910,910,900,910,36455
27/09/2006,910,910,900,910,28090
28/09/2006,910,910,890,900,25870
29/09/2006,900,900,890,900,47250
02/10/2006,890,900,890,900,23080
03/10/2006,890,900,890,900,9510
04/10/2006,900,900,880,890,16265
05/10/2006,900,920,890,900,95455
06/10/2006,900,940,900,910,330700
09/10/2006,920,920,890,910,42640
10/10/2006,900,930,900,920,97500
11/10/2006,920,920,900,900,36400
12/10/2006,910,950,910,930,374665
13/10/2006,930,950,930,940,129240
16/10/2006,940,960,930,940,167065
17/10/2006,930,930,920,930,69430
18/10/2006,920,940,920,930,53140
19/10/2006,930,930,920,930,13345
20/10/2006,930,930,910,920,29410
30/10/2006,910,920,910,910,33805
31/10/2006,920,950,920,940,141840
01/11/2006,950,950,930,940,31590
02/11/2006,930,990,930,990,339315
03/11/2006,990,1030,990,1030,428815
06/11/2006,1020,1060,1020,1050,310035
07/11/2006,1050,1050,1020,1030,210650
08/11/2006,1030,1040,1020,1030,96950
09/11/2006,1030,1090,1030,1070,391690
10/11/2006,1080,1090,1060,1070,221255
13/11/2006,1060,1070,1040,1050,119375
14/11/2006,1050,1060,1050,1060,90525
15/11/2006,1070,1080,1060,1060,113840
16/11/2006,1060,1060,1040,1050,83990
17/11/2006,1050,1050,1020,1020,34690
20/11/2006,1040,1040,1010,1020,51050
21/11/2006,1020,1030,1000,1030,69820
22/11/2006,1030,1050,1020,1040,90050
23/11/2006,1040,1040,1010,1020,57595
24/11/2006,1020,1030,1000,1010,55520
27/11/2006,1010,1010,980,990,94160
28/11/2006,980,980,940,950,165690
29/11/2006,950,960,940,960,52055
30/11/2006,970,970,940,940,38145
01/12/2006,940,950,930,930,31975
04/12/2006,930,950,920,940,69905
05/12/2006,940,940,940,940,22480
06/12/2006,940,980,940,950,112355
07/12/2006,950,970,950,950,17120
08/12/2006,960,980,960,970,67280
11/12/2006,970,980,950,960,35815
12/12/2006,950,960,950,950,14090
13/12/2006,960,960,950,950,18595
14/12/2006,960,960,950,950,17675
15/12/2006,960,960,940,950,61050
18/12/2006,950,950,940,940,8675
19/12/2006,960,960,910,930,64570
20/12/2006,940,940,930,930,25110
21/12/2006,940,950,940,940,66650
22/12/2006,940,940,930,930,23830
26/12/2006,930,930,930,930,1300
27/12/2006,930,970,930,950,107190
28/12/2006,960,960,920,940,105190
02/01/2007,930,950,930,950,12785
03/01/2007,950,980,950,950,89710
04/01/2007,970,970,940,940,37460
05/01/2007,940,960,930,950,55920
08/01/2007,950,950,940,940,13560
09/01/2007,950,950,920,920,64410
10/01/2007,920,920,890,890,58400
11/01/2007,900,910,880,890,18255
12/01/2007,900,900,850,870,65325
15/01/2007,880,910,880,900,48600
16/01/2007,900,910,900,910,37610
17/01/2007,900,910,900,900,15995
18/01/2007,910,930,900,930,37435
19/01/2007,930,930,920,930,43530
22/01/2007,930,930,920,930,17700
23/01/2007,930,930,910,920,13670
24/01/2007,920,920,900,920,7790
25/01/2007,910,910,890,900,34015
26/01/2007,890,900,880,900,23265
29/01/2007,890,920,890,910,29630
30/01/2007,910,910,890,890,16545
31/01/2007,890,900,870,870,103905
01/02/2007,880,880,860,870,123710
02/02/2007,880,880,880,880,66500
05/02/2007,870,920,870,900,132105
06/02/2007,910,970,900,950,492435
07/02/2007,950,960,910,920,115435
08/02/2007,920,920,900,900,110735
09/02/2007,900,910,890,900,37485
12/02/2007,900,910,890,910,62745
13/02/2007,920,920,900,900,11715
14/02/2007,910,910,890,900,25835
15/02/2007,900,910,900,910,38895
16/02/2007,910,910,890,890,27570
19/02/2007,900,910,890,890,15785
20/02/2007,910,910,890,900,23675
21/02/2007,900,910,890,890,70390
22/02/2007,890,900,890,890,45495
23/02/2007,900,910,890,910,20110
26/02/2007,890,900,890,890,2380
27/02/2007,900,920,900,900,127565
28/02/2007,870,890,850,890,100420
01/03/2007,890,890,870,890,34625
02/03/2007,880,880,870,870,10095
05/03/2007,870,870,840,840,78065
06/03/2007,860,860,850,850,18855
07/03/2007,860,860,850,850,13250
08/03/2007,860,900,840,880,89300
09/03/2007,900,900,880,890,15150
12/03/2007,890,900,880,900,25635
13/03/2007,900,900,880,880,9775
14/03/2007,870,870,860,860,25695
15/03/2007,870,870,860,870,14895
16/03/2007,870,870,860,860,26555
20/03/2007,860,870,860,860,18495
21/03/2007,850,860,850,850,9605
22/03/2007,860,870,860,860,55665
23/03/2007,860,860,850,860,24675
26/03/2007,860,860,860,860,15325
27/03/2007,860,860,850,860,9365
28/03/2007,850,860,850,850,21570
29/03/2007,860,880,860,870,63740
30/03/2007,870,870,870,870,12850
02/04/2007,860,860,860,860,9330
03/04/2007,870,910,870,890,163820
04/04/2007,890,900,870,870,102700
05/04/2007,870,880,870,870,18470
09/04/2007,880,880,870,880,13490
10/04/2007,870,870,870,870,22835
11/04/2007,870,870,850,860,167105
12/04/2007,860,860,850,850,69740
13/04/2007,860,860,850,850,39810
16/04/2007,860,860,850,860,49035
17/04/2007,870,870,850,850,77600
18/04/2007,850,890,850,880,957690
19/04/2007,880,880,850,860,106750
20/04/2007,870,940,870,940,1343680
23/04/2007,950,980,950,970,714715
24/04/2007,960,1090,950,1060,1839830
25/04/2007,1070,1080,1040,1060,460755
26/04/2007,1060,1120,1060,1090,1105640
27/04/2007,1090,1090,1070,1090,308355
30/04/2007,1090,1100,1060,1070,259135
01/05/2007,1070,1130,1050,1100,462595
02/05/2007,1100,1430,1100,1370,4544520
03/05/2007,1400,1400,1250,1260,918925
04/05/2007,1270,1320,1190,1220,395970
07/05/2007,1240,1260,1190,1210,205170
08/05/2007,1210,1220,1130,1140,190280
09/05/2007,1130,1280,1130,1250,640200
10/05/2007,1270,1270,1210,1230,202150
11/05/2007,1190,1260,1180,1210,213480
14/05/2007,1240,1240,1200,1210,74340
15/05/2007,1240,1240,1170,1170,76960
16/05/2007,1170,1220,1160,1180,116990
21/05/2007,1200,1210,1160,1170,120285
22/05/2007,1180,1180,1140,1180,160070
23/05/2007,1200,1200,1170,1180,154330
24/05/2007,1180,1180,1150,1150,103760
25/05/2007,1140,1160,1130,1160,46630
28/05/2007,1160,1180,1150,1150,94085
29/05/2007,1160,1160,1140,1140,42370
30/05/2007,1140,1140,1120,1140,178930
31/05/2007,1160,1180,1140,1140,91025
04/06/2007,1160,1160,1130,1130,86535
05/06/2007,1150,1230,1130,1160,794945
06/06/2007,1160,1210,1150,1170,403475
07/06/2007,1150,1170,1150,1150,165160
08/06/2007,1130,1180,1130,1140,332675
11/06/2007,1150,1160,1140,1160,49370
12/06/2007,1150,1170,1140,1140,205760
13/06/2007,1140,1140,1130,1140,31195
14/06/2007,1150,1160,1140,1140,55820
15/06/2007,1140,1150,1130,1150,173465
18/06/2007,1150,1190,1140,1160,334850
19/06/2007,1150,1170,1140,1160,229230
20/06/2007,1170,1220,1170,1220,1156260
21/06/2007,1220,1280,1210,1230,1142660
22/06/2007,1240,1240,1190,1200,207555
25/06/2007,1190,1190,1170,1180,105800
26/06/2007,1170,1190,1150,1150,226040
27/06/2007,1150,1150,1130,1130,264715
28/06/2007,1150,1150,1110,1130,206170
29/06/2007,1140,1150,1130,1130,109795
02/07/2007,1140,1180,1140,1180,257105
03/07/2007,1190,1200,1170,1190,237955
04/07/2007,1210,1230,1190,1200,746880
05/07/2007,1200,1210,1160,1170,307315
06/07/2007,1180,1190,1170,1190,67245
09/07/2007,1190,1200,1170,1170,77290
10/07/2007,1190,1190,1160,1170,20505
11/07/2007,1170,1190,1160,1170,78125
12/07/2007,1170,1180,1150,1160,144645
13/07/2007,1170,1180,1150,1160,120435
16/07/2007,1150,1160,1140,1150,88455
17/07/2007,1150,1160,1120,1130,232870
18/07/2007,1130,1150,1130,1150,93300
19/07/2007,1150,1150,1130,1130,130655
20/07/2007,1140,1160,1130,1140,215985
23/07/2007,1140,1190,1130,1160,364640
24/07/2007,1170,1290,1160,1290,1655620
25/07/2007,1270,1290,1210,1220,983870
26/07/2007,1220,1250,1160,1180,916425
27/07/2007,1130,1160,1130,1150,391210
30/07/2007,1150,1170,1090,1130,491225
31/07/2007,1140,1160,1120,1130,157950
01/08/2007,1110,1120,1040,1040,526490
02/08/2007,1060,1080,1020,1050,172665
03/08/2007,1050,1070,1020,1040,95980
06/08/2007,1020,1020,980,990,397375
07/08/2007,1000,1020,960,970,239800
08/08/2007,1000,1050,990,1040,272565
09/08/2007,1060,1080,1040,1060,361125
10/08/2007,1000,1080,990,1080,426635
13/08/2007,1080,1090,1050,1080,155980
14/08/2007,1070,1090,1050,1060,161510
15/08/2007,1020,1030,980,1000,422310
16/08/2007,960,960,840,880,474920
20/08/2007,950,980,920,950,177470
21/08/2007,940,950,890,900,114960
22/08/2007,910,930,900,930,42890
23/08/2007,940,960,910,920,140025
24/08/2007,900,910,870,910,257005
27/08/2007,910,930,910,920,71935
28/08/2007,930,970,920,940,183165
29/08/2007,900,930,890,920,73240
30/08/2007,930,940,910,920,48715
31/08/2007,910,940,900,930,33720
03/09/2007,940,940,920,930,20505
04/09/2007,930,930,910,920,29540
05/09/2007,920,920,900,910,33225
06/09/2007,910,920,900,920,32460
07/09/2007,920,920,900,910,19060
10/09/2007,900,900,890,900,17750
11/09/2007,900,900,880,890,30015
12/09/2007,900,900,890,890,32540
13/09/2007,900,910,890,910,35955
14/09/2007,920,920,900,910,71515
17/09/2007,910,930,900,910,86505
18/09/2007,910,910,900,910,11080
19/09/2007,930,940,920,940,68120
20/09/2007,940,940,910,920,50880
21/09/2007,910,930,910,930,60095
24/09/2007,930,950,920,940,49235
25/09/2007,940,940,920,930,22510
26/09/2007,930,940,920,930,18400
27/09/2007,940,970,930,960,127165
28/09/2007,960,960,920,940,116630
01/10/2007,930,940,920,940,57305
02/10/2007,940,950,930,940,50965
03/10/2007,940,940,930,930,81855
04/10/2007,920,940,920,920,35905
05/10/2007,920,940,920,940,36880
08/10/2007,950,950,920,930,14325
09/10/2007,930,950,930,950,39765
10/10/2007,940,990,930,970,202095
11/10/2007,980,990,960,970,42280
17/10/2007,950,960,940,960,57620
18/10/2007,960,1020,950,990,260420
19/10/2007,980,980,950,960,71830
22/10/2007,940,940,910,910,40045
23/10/2007,930,940,930,940,31705
24/10/2007,950,970,930,930,84695
25/10/2007,940,950,930,940,16275
26/10/2007,940,940,920,930,224005
29/10/2007,930,930,920,930,35395
30/10/2007,930,930,900,910,85225
31/10/2007,900,920,900,920,44305
01/11/2007,920,920,900,910,24615
02/11/2007,890,910,890,910,55595
05/11/2007,910,910,890,900,18265
06/11/2007,900,900,880,890,18500
07/11/2007,890,900,880,900,37460
08/11/2007,880,890,880,890,19130
09/11/2007,890,890,860,870,99165
12/11/2007,870,880,850,880,26865
13/11/2007,870,880,870,880,20600
14/11/2007,880,890,870,880,20645
15/11/2007,880,880,860,870,25305
16/11/2007,870,870,850,870,14605
19/11/2007,870,870,850,860,12395
20/11/2007,850,850,830,850,27220
21/11/2007,850,870,830,840,68455
22/11/2007,830,850,830,850,10615
23/11/2007,850,870,850,870,30845
26/11/2007,880,880,850,860,13985
27/11/2007,860,860,840,850,14515
28/11/2007,850,870,830,840,30795
29/11/2007,840,850,830,840,30945
30/11/2007,850,850,820,840,51735
03/12/2007,830,830,820,830,12810
04/12/2007,820,850,820,850,21855
05/12/2007,850,910,850,880,160785
06/12/2007,890,900,870,880,67100
07/12/2007,870,880,870,880,23970
10/12/2007,870,880,860,880,12520
11/12/2007,870,880,860,870,40270
12/12/2007,860,870,860,870,7755
13/12/2007,860,860,860,860,18080
14/12/2007,850,870,850,870,10315
17/12/2007,860,860,840,850,23215
18/12/2007,850,850,840,850,13915
19/12/2007,850,850,840,840,5550
26/12/2007,840,850,830,850,3350
27/12/2007,840,850,840,850,5625
28/12/2007,840,840,830,840,17275
02/01/2008,840,840,830,840,7720
03/01/2008,830,840,830,840,2585
04/01/2008,840,860,840,850,29350
07/01/2008,840,840,830,840,15940
08/01/2008,820,830,820,830,14960
09/01/2008,830,880,830,880,118520
14/01/2008,880,960,880,930,442945
15/01/2008,940,940,900,910,192895
16/01/2008,880,900,880,900,190085
17/01/2008,900,980,900,950,490775
18/01/2008,940,980,920,970,290625
21/01/2008,960,980,940,950,106900
22/01/2008,930,930,880,890,260500
23/01/2008,940,990,940,970,254070
24/01/2008,980,990,930,950,264415
25/01/2008,960,990,930,940,171430
28/01/2008,960,960,920,940,41980
29/01/2008,950,970,940,960,126205
30/01/2008,950,950,930,940,28050
31/01/2008,940,940,900,920,319300
01/02/2008,910,920,900,920,328935
04/02/2008,930,940,910,930,87245
05/02/2008,920,950,920,940,79005
06/02/2008,920,940,900,930,49445
11/02/2008,930,950,920,930,68930
12/02/2008,920,930,920,930,20320
13/02/2008,930,930,920,930,13855
14/02/2008,930,940,930,940,20445
15/02/2008,930,940,930,940,20510
18/02/2008,940,950,930,930,32180
19/02/2008,940,950,930,940,62855
20/02/2008,950,950,920,930,83170
21/02/2008,940,940,920,930,23045
22/02/2008,930,930,910,920,75260
25/02/2008,930,930,920,930,38330
26/02/2008,930,940,910,920,32335
27/02/2008,920,930,910,930,13780
28/02/2008,920,930,910,930,6855
29/02/2008,920,920,920,920,21030
03/03/2008,920,920,900,910,48795
04/03/2008,920,920,900,910,47120
05/03/2008,910,920,900,910,15570
06/03/2008,910,910,900,910,22240
10/03/2008,910,910,860,870,76175
11/03/2008,870,880,860,880,34535
12/03/2008,890,890,880,890,16190
13/03/2008,880,880,860,870,51865
14/03/2008,880,880,840,850,45780
17/03/2008,820,880,820,850,192960
18/03/2008,850,880,830,850,68565
19/03/2008,860,860,850,850,13620
24/03/2008,840,870,840,870,12680
25/03/2008,870,910,870,910,23380
26/03/2008,910,930,910,920,19305
27/03/2008,910,930,910,920,65580
28/03/2008,930,930,920,930,10925
31/03/2008,930,930,920,930,18995
01/04/2008,930,930,900,920,38770
02/04/2008,920,930,910,920,48875
03/04/2008,920,920,900,900,154560
04/04/2008,900,930,900,930,41610
07/04/2008,920,940,920,940,79745
08/04/2008,940,950,930,950,56660
09/04/2008,940,940,920,930,73145
10/04/2008,920,940,920,940,23985
11/04/2008,940,940,930,930,22295
14/04/2008,940,940,930,940,18220
15/04/2008,930,940,930,940,6065
16/04/2008,940,950,940,950,26190
17/04/2008,960,970,950,950,18335
18/04/2008,960,960,950,950,20290
21/04/2008,960,1010,960,1010,64155
22/04/2008,1010,1040,1010,1030,102205
23/04/2008,1050,1120,1050,1120,264675
24/04/2008,1130,1150,1100,1100,88495
25/04/2008,1120,1120,1080,1090,80240
28/04/2008,1100,1120,1090,1100,26680
29/04/2008,1110,1140,1100,1140,78330
30/04/2008,1130,1180,1130,1170,136235
05/05/2008,1220,1250,1220,1240,131585
06/05/2008,1220,1260,1220,1260,105415
07/05/2008,1260,1260,1220,1250,149495
08/05/2008,1230,1330,1220,1310,222645
09/05/2008,1320,1350,1320,1330,122605
12/05/2008,1340,1480,1340,1480,515060
13/05/2008,1500,1570,1490,1520,601515
14/05/2008,1520,1550,1500,1520,192280
15/05/2008,1540,1740,1540,1720,658870
16/05/2008,1740,2010,1740,2000,1005730
21/05/2008,2000,2450,2000,2300,1005360
22/05/2008,2325,3000,2325,3000,1851960
23/05/2008,3000,3000,3000,3000,0
26/05/2008,3000,3000,3000,3000,0
27/05/2008,3000,3000,3000,3000,0
28/05/2008,3200,3300,2450,2800,2345910
29/05/2008,2900,2900,2425,2500,994870
30/05/2008,2500,2825,2500,2800,796840
02/06/2008,2825,2875,2700,2750,222305
03/06/2008,2750,2750,2500,2600,358920
04/06/2008,2625,2675,2475,2500,192050
05/06/2008,2500,2600,2450,2600,154600
06/06/2008,2625,2825,2600,2725,476485
09/06/2008,2600,2675,2525,2625,198120
10/06/2008,2575,2625,2400,2450,244950
11/06/2008,2450,2650,2425,2550,344880
12/06/2008,2525,2650,2525,2600,719140
13/06/2008,2600,2600,2450,2500,648910
16/06/2008,2550,2600,2500,2525,243215
17/06/2008,2525,2775,2525,2775,1482710
18/06/2008,2775,2925,2650,2675,1637180
19/06/2008,2625,2725,2550,2650,398795
20/06/2008,2750,2800,2625,2725,639755
23/06/2008,2700,2725,2675,2700,111655
24/06/2008,2700,2725,2625,2650,102665
25/06/2008,2625,2650,2575,2600,76860
26/06/2008,2600,2700,2600,2625,129815
27/06/2008,2600,2600,2500,2575,137745
30/06/2008,2600,2600,2500,2525,71070
01/07/2008,2500,2550,2500,2550,66150
02/07/2008,2525,2650,2525,2525,244290
03/07/2008,2500,2700,2400,2675,775510
04/07/2008,2700,3175,2700,3150,1373510
07/07/2008,3175,3325,3125,3175,775310
08/07/2008,3150,3175,2925,3075,412585
09/07/2008,3100,3150,2975,3025,330165
10/07/2008,2975,3025,2900,2950,240425
11/07/2008,2975,3000,2900,2950,159260
14/07/2008,2975,2975,2850,2900,16260
15/07/2008,2850,2850,2700,2725,139785
16/07/2008,2725,2900,2725,2825,255365
17/07/2008,2850,3025,2850,2950,458545
18/07/2008,3000,3050,2900,2975,345995
21/07/2008,3000,3075,2950,2975,223065
22/07/2008,2975,3000,2900,2925,217320
23/07/2008,3000,3000,2900,2925,94965
24/07/2008,2925,2925,2850,2900,63900
25/07/2008,2850,3175,2825,3175,448440
28/07/2008,3150,3150,3025,3075,254440
29/07/2008,3025,3050,3000,3050,106785
31/07/2008,3100,3150,3050,3075,251395
01/08/2008,3150,3175,3050,3100,522350
04/08/2008,3100,3100,2975,3000,93935
05/08/2008,3000,3000,2775,2900,202605
06/08/2008,2950,3000,2825,2850,359945
07/08/2008,2900,2925,2825,2875,162160
08/08/2008,2875,2900,2850,2875,89875
11/08/2008,2850,2900,2675,2700,159415
12/08/2008,2700,2725,2425,2475,177900
13/08/2008,2450,2525,2400,2475,82075
14/08/2008,2500,2700,2500,2625,224215
15/08/2008,2675,2750,2625,2650,200690
19/08/2008,2575,2650,2350,2400,237700
20/08/2008,2425,2450,2125,2225,427720
21/08/2008,2225,2400,2200,2350,341650
22/08/2008,2400,2475,2250,2325,171540
25/08/2008,2325,2350,2300,2325,70045
26/08/2008,2300,2300,2200,2200,246665
27/08/2008,2200,2325,2200,2275,270840
28/08/2008,2325,2400,2300,2350,497930
29/08/2008,2375,2400,2225,2350,547675
01/09/2008,2300,2325,2250,2275,121515
02/09/2008,2275,2275,2000,2050,725330
03/09/2008,2050,2050,1650,1800,1240920
04/09/2008,1770,1790,1700,1740,196680
05/09/2008,1650,1650,1310,1320,1164280
08/09/2008,1390,1720,1390,1690,1917800
09/09/2008,1680,1680,1310,1470,2024430
10/09/2008,1380,1570,1350,1540,948775
11/09/2008,1540,1610,1500,1540,503980
12/09/2008,1560,1580,1420,1450,289060
15/09/2008,1360,1460,1200,1200,263130
16/09/2008,1100,1180,990,1130,908310
17/09/2008,1180,1530,1170,1520,1707820
18/09/2008,1400,1580,1380,1470,1037360
19/09/2008,1540,1760,1540,1610,1108980
22/09/2008,1690,1760,1610,1650,863275
23/09/2008,1610,1700,1600,1650,227205
24/09/2008,1630,1710,1600,1700,334800
25/09/2008,1760,1790,1670,1690,463770
26/09/2008,1710,1720,1550,1610,137390
06/10/2008,1540,1600,1310,1340,280275
07/10/2008,1340,1450,1280,1340,255290
08/10/2008,1250,1270,1060,1100,78750
13/10/2008,1020,1210,990,1210,348240
14/10/2008,1330,1330,1250,1300,388900
15/10/2008,1290,1330,1170,1170,313535
16/10/2008,1060,1140,1060,1110,225435
17/10/2008,1130,1160,1100,1160,180515
20/10/2008,1200,1240,1120,1180,39705
21/10/2008,1210,1230,1090,1120,46775
22/10/2008,1100,1100,1020,1030,44100
23/10/2008,990,990,930,940,75235
24/10/2008,900,900,850,850,45050
27/10/2008,770,780,770,770,45900
28/10/2008,770,770,700,700,230470
29/10/2008,730,740,630,630,107730
30/10/2008,640,690,640,690,140175
31/10/2008,760,820,680,820,250115
03/11/2008,910,980,910,980,17705
04/11/2008,1000,1170,990,1170,239850
05/11/2008,1300,1380,1180,1180,167900
06/11/2008,1130,1190,1070,1070,71375
07/11/2008,1000,1280,990,1270,129910
10/11/2008,1350,1370,1220,1280,142650
11/11/2008,1250,1290,1190,1210,52685
12/11/2008,1200,1320,1200,1300,162440
13/11/2008,1240,1280,1200,1260,82120
14/11/2008,1300,1320,1240,1260,86545
17/11/2008,1250,1330,1250,1260,118765
18/11/2008,1250,1260,1160,1170,35225
19/11/2008,1170,1180,1100,1140,62560
20/11/2008,1030,1080,1030,1030,69240
21/11/2008,990,1030,930,950,171460
24/11/2008,960,960,860,860,168390
25/11/2008,860,920,780,780,362055
26/11/2008,770,840,710,780,621860
27/11/2008,800,880,790,810,366260
28/11/2008,830,830,780,800,71960
01/12/2008,800,870,790,790,135285
02/12/2008,740,770,730,760,101260
03/12/2008,770,810,760,770,77970
04/12/2008,770,790,740,760,57470
05/12/2008,760,770,740,760,59375
09/12/2008,770,790,750,750,81965
10/12/2008,770,810,770,800,189970
11/12/2008,800,840,790,800,204385
12/12/2008,800,810,760,780,35160
15/12/2008,780,820,780,810,53835
16/12/2008,800,810,770,780,23610
17/12/2008,790,820,760,760,139310
18/12/2008,770,800,770,790,48855
19/12/2008,780,800,770,780,70040
22/12/2008,780,790,760,770,22480
23/12/2008,770,770,750,760,27025
24/12/2008,760,770,750,760,22555
30/12/2008,760,760,740,740,31425
05/01/2009,760,810,760,800,58430
06/01/2009,800,870,800,830,325350
07/01/2009,840,980,830,930,544870
08/01/2009,910,950,900,900,153975
09/01/2009,920,960,910,920,107150
12/01/2009,920,920,860,890,35525
13/01/2009,860,940,860,860,73795
14/01/2009,870,890,830,830,24415
15/01/2009,800,810,780,800,36810
16/01/2009,820,860,810,860,30100
19/01/2009,870,890,830,860,45310
20/01/2009,830,880,820,840,27665
21/01/2009,830,850,800,830,43610
22/01/2009,820,850,820,820,7820
23/01/2009,820,820,810,820,13120
27/01/2009,830,850,820,850,17965
28/01/2009,840,870,840,870,40290
29/01/2009,870,880,860,870,16610
30/01/2009,870,890,860,880,18775
02/02/2009,860,880,850,880,13725
03/02/2009,850,880,850,880,20445
04/02/2009,870,890,870,880,19395
05/02/2009,870,880,870,880,29675
06/02/2009,880,900,870,880,75945
09/02/2009,890,900,860,880,11055
10/02/2009,880,880,850,870,22000
11/02/2009,860,890,850,890,17910
12/02/2009,890,920,870,900,48775
13/02/2009,910,930,890,920,83310
16/02/2009,910,1000,900,960,285175
17/02/2009,960,960,900,900,61030
18/02/2009,880,950,880,940,81625
19/02/2009,940,950,930,940,33740
20/02/2009,940,940,900,900,30695
23/02/2009,900,910,900,910,67660
24/02/2009,900,900,870,890,72450
25/02/2009,890,910,890,900,53890
26/02/2009,900,960,900,920,95165
27/02/2009,920,920,900,910,9075
02/03/2009,910,910,880,900,9780
03/03/2009,890,930,880,900,14810
04/03/2009,890,890,850,880,36150
05/03/2009,880,890,870,870,17605
06/03/2009,870,870,860,870,9270
10/03/2009,860,870,860,870,2360
11/03/2009,880,880,860,870,11220
12/03/2009,860,900,860,880,21055
13/03/2009,890,900,870,880,22405
16/03/2009,880,890,860,870,4635
17/03/2009,870,870,850,850,6395
18/03/2009,870,870,860,870,4735
19/03/2009,880,910,860,870,55775
20/03/2009,880,910,870,900,51045
23/03/2009,900,920,890,910,59735
24/03/2009,930,950,890,900,258010
25/03/2009,900,920,880,900,76315
27/03/2009,900,930,900,910,47905
30/03/2009,910,910,880,890,32955
31/03/2009,880,900,880,890,20620
01/04/2009,880,890,850,880,29250
02/04/2009,880,920,880,910,85105
03/04/2009,910,920,890,900,96485
06/04/2009,910,920,890,890,117455
07/04/2009,890,900,870,880,124445
08/04/2009,880,890,870,890,28880
13/04/2009,900,980,900,950,399820
14/04/2009,940,980,930,950,197530
15/04/2009,960,1010,950,990,263495
16/04/2009,1000,1030,990,1000,194255
17/04/2009,1020,1090,1010,1030,158605
20/04/2009,1030,1080,1010,1070,55090
22/04/2009,1110,1160,1050,1060,155270
23/04/2009,1060,1070,1020,1050,23375
24/04/2009,1050,1100,1040,1040,87490
27/04/2009,1050,1080,1050,1070,32575
28/04/2009,1080,1100,1050,1070,39625
29/04/2009,1080,1110,1070,1110,93780
30/04/2009,1140,1170,1100,1130,178545
01/05/2009,1130,1150,1100,1120,99275
04/05/2009,1150,1210,1130,1140,302445
05/05/2009,1150,1180,1110,1120,146345
06/05/2009,1120,1170,1120,1140,139205
07/05/2009,1160,1420,1160,1420,704435
08/05/2009,1460,1710,1450,1660,466690
11/05/2009,1700,1800,1600,1630,225240
12/05/2009,1610,1800,1610,1800,335750
13/05/2009,1820,1940,1820,1920,365150
14/05/2009,1890,1890,1720,1720,134940
15/05/2009,1750,1830,1300,1560,176905
18/05/2009,1550,1680,1400,1650,178865
19/05/2009,1700,1770,1700,1720,161420
20/05/2009,1720,1770,1700,1710,169720
22/05/2009,1650,1730,1650,1680,154800
25/05/2009,1690,1700,1640,1690,53880
26/05/2009,1690,1690,1580,1590,83745
27/05/2009,1630,1680,1620,1660,162095
28/05/2009,1640,1690,1630,1670,62930
29/05/2009,1690,1710,1610,1660,190560
01/06/2009,1680,1680,1660,1670,70020
02/06/2009,1680,1730,1640,1660,245940
03/06/2009,1660,1720,1640,1670,125470
04/06/2009,1650,1680,1640,1660,42515
05/06/2009,1660,1690,1650,1680,47940
08/06/2009,1700,1860,1680,1780,503650
09/06/2009,1800,2050,1750,2050,779605
10/06/2009,2100,2150,2000,2050,620330
11/06/2009,2050,2075,1940,1960,171125
12/06/2009,2000,2000,1910,1930,63730
15/06/2009,1900,1930,1810,1840,119700
16/06/2009,1800,1870,1710,1870,244885
17/06/2009,1850,1890,1820,1860,166420
18/06/2009,1850,1930,1800,1800,189015
19/06/2009,1830,1900,1760,1890,205065
22/06/2009,1920,1930,1820,1830,111125
23/06/2009,1780,1780,1670,1680,153235
24/06/2009,1690,1770,1690,1740,107485
25/06/2009,1780,1780,1730,1750,66735
26/06/2009,1770,1790,1730,1730,68260
29/06/2009,1730,1740,1710,1730,15540
30/06/2009,1750,1760,1720,1740,31005
01/07/2009,1740,1860,1740,1860,243910
02/07/2009,1880,1890,1780,1820,148110
03/07/2009,1780,1820,1740,1800,27380
06/07/2009,1780,1780,1710,1720,28815
07/07/2009,1710,1780,1710,1750,96845
09/07/2009,1760,1790,1720,1730,48065
10/07/2009,1720,1730,1710,1720,38620
13/07/2009,1710,1710,1610,1630,73100
14/07/2009,1650,1710,1650,1680,34945
15/07/2009,1680,1730,1680,1710,31045
16/07/2009,1740,1770,1700,1710,38455
17/07/2009,1600,1700,1580,1690,44750
21/07/2009,1700,1750,1700,1730,50730
22/07/2009,1750,1830,1730,1750,212160
23/07/2009,1770,1810,1760,1790,154100
24/07/2009,1820,1830,1790,1790,87980
27/07/2009,1800,1830,1770,1770,39085
28/07/2009,1790,1830,1780,1800,112455
29/07/2009,1800,1800,1740,1770,60610
30/07/2009,1770,1800,1770,1790,22170
31/07/2009,1810,1840,1780,1810,120290
03/08/2009,1830,1840,1790,1790,35540
04/08/2009,1810,1850,1800,1810,109830
05/08/2009,1830,1890,1810,1840,292615
06/08/2009,1850,1890,1850,1860,72480
07/08/2009,1850,1920,1820,1820,156635
10/08/2009,1830,1870,1830,1840,78485
11/08/2009,1840,1920,1840,1870,166555
12/08/2009,1860,1870,1820,1850,56755
13/08/2009,1860,1930,1860,1890,209150
14/08/2009,1900,1920,1890,1890,67525
18/08/2009,1850,1850,1750,1810,137470
19/08/2009,1810,1810,1670,1680,124335
20/08/2009,1700,1780,1700,1750,51015
21/08/2009,1770,1920,1770,1900,207495
24/08/2009,1950,1950,1850,1860,101410
25/08/2009,1830,1880,1830,1850,28480
26/08/2009,1850,1870,1830,1830,27335
27/08/2009,1810,1840,1800,1810,33370
28/08/2009,1800,1810,1790,1790,31760
31/08/2009,1780,1780,1760,1770,22890
01/09/2009,1770,1800,1750,1750,16045
02/09/2009,1720,1720,1660,1670,63865
03/09/2009,1690,1730,1690,1730,23740
04/09/2009,1730,1740,1710,1730,33025
07/09/2009,1750,1750,1720,1730,4600
08/09/2009,1720,1740,1710,1740,14655
09/09/2009,1740,1740,1720,1730,23855
10/09/2009,1740,1790,1740,1740,38225
11/09/2009,1760,1780,1750,1780,27980
14/09/2009,1760,1810,1750,1760,69155
15/09/2009,1760,1760,1740,1750,13720
16/09/2009,1760,1790,1760,1760,20695
17/09/2009,1770,1800,1760,1780,25705
24/09/2009,1790,1810,1770,1770,24795
25/09/2009,1780,1810,1770,1810,53190
28/09/2009,1800,1810,1780,1800,24825
29/09/2009,1820,1820,1790,1790,74295
30/09/2009,1780,1820,1780,1820,35730
01/10/2009,1810,1810,1790,1800,17655
02/10/2009,1790,1800,1780,1800,12810
05/10/2009,1800,1800,1780,1790,7155
06/10/2009,1800,1830,1790,1820,22295
07/10/2009,1810,1810,1760,1790,25835
08/10/2009,1800,1830,1770,1780,35400
09/10/2009,1790,1810,1780,1780,15545
12/10/2009,1780,1780,1760,1770,2590
13/10/2009,1770,1780,1760,1780,21365
14/10/2009,1780,1810,1770,1810,8755
15/10/2009,1810,1880,1790,1850,131500
16/10/2009,1850,1870,1830,1830,22405
19/10/2009,1830,1840,1820,1840,6500
20/10/2009,1850,1850,1820,1840,23390
21/10/2009,1820,1850,1810,1850,29580
22/10/2009,1840,1850,1810,1840,50250
23/10/2009,1840,1900,1840,1900,87255
26/10/2009,1910,1920,1880,1900,85885
27/10/2009,1890,1940,1860,1910,150125
28/10/2009,1900,1900,1820,1840,21085
29/10/2009,1820,1840,1700,1820,33165
30/10/2009,1850,1870,1800,1800,16165
02/11/2009,1750,1780,1730,1750,75775
03/11/2009,1760,1760,1700,1700,42215
04/11/2009,1710,1740,1700,1740,53235
05/11/2009,1730,1730,1700,1700,11240
06/11/2009,1730,1730,1710,1720,10310
09/11/2009,1720,1720,1690,1710,5245
10/11/2009,1710,1720,1660,1670,21060
11/11/2009,1690,1700,1660,1690,22705
12/11/2009,1700,1760,1700,1720,45080
13/11/2009,1720,1720,1700,1700,15115
16/11/2009,1710,1720,1700,1710,20115
17/11/2009,1710,1720,1690,1700,24070
18/11/2009,1690,1710,1680,1690,21160
19/11/2009,1690,1700,1690,1690,14350
20/11/2009,1680,1700,1670,1700,4055
23/11/2009,1710,1710,1660,1690,43840
24/11/2009,1680,1740,1680,1720,119675
25/11/2009,1730,1750,1700,1750,97660
26/11/2009,1750,1780,1720,1750,92245
30/11/2009,1750,1750,1700,1740,20440
01/12/2009,1700,1750,1700,1750,18095
02/12/2009,1750,1750,1720,1740,10600
03/12/2009,1740,1760,1710,1760,13090
04/12/2009,1750,1750,1720,1740,26285
07/12/2009,1740,1740,1720,1740,6410
08/12/2009,1730,1750,1710,1750,20600
09/12/2009,1730,1760,1710,1760,15505
10/12/2009,1760,1760,1740,1750,14125
11/12/2009,1750,1760,1740,1760,21210
14/12/2009,1750,1760,1740,1750,7030
15/12/2009,1740,1770,1720,1770,35365
16/12/2009,1760,1770,1740,1750,7535
17/12/2009,1750,1750,1700,1740,16370
21/12/2009,1720,1740,1700,1700,17855
22/12/2009,1710,1760,1710,1760,10240
23/12/2009,1750,1760,1730,1760,5070
28/12/2009,1760,1760,1730,1750,2655
29/12/2009,1720,1740,1720,1740,2240
30/12/2009,1720,1740,1720,1740,2320
04/01/2010,1650,1800,1650,1800,33025
05/01/2010,1780,1850,1780,1830,62450
06/01/2010,1840,1840,1780,1820,10685
07/01/2010,1810,1860,1810,1840,20920
08/01/2010,1860,1880,1850,1870,47630
11/01/2010,1900,2000,1890,1950,153280
12/01/2010,1960,2125,1940,2125,291740
13/01/2010,2125,2175,2075,2125,317285
14/01/2010,2150,2200,2125,2175,101705
15/01/2010,2150,2150,2075,2150,112390
18/01/2010,2150,2175,2100,2175,56560
19/01/2010,2175,2225,2175,2200,74235
20/01/2010,2200,2200,2075,2125,111180
21/01/2010,2125,2175,2100,2150,45355
22/01/2010,2050,2125,2025,2100,33060
25/01/2010,2075,2125,2050,2125,34530
26/01/2010,2125,2125,2075,2125,64745
27/01/2010,2075,2100,2050,2100,8020
28/01/2010,2125,2150,2075,2150,9245
29/01/2010,2100,2175,2075,2175,53060
01/02/2010,2175,2175,2125,2175,11770
02/02/2010,2175,2175,2100,2150,17540
03/02/2010,2150,2150,2100,2150,4480
04/02/2010,2100,2150,2100,2150,13705
05/02/2010,2100,2125,2075,2125,47340
08/02/2010,2075,2100,2050,2100,61750
09/02/2010,2050,2075,2025,2075,10680
10/02/2010,2050,2050,1980,2025,9210
11/02/2010,2075,2075,2000,2000,8675
12/02/2010,2050,2050,2025,2050,3960
15/02/2010,2050,2050,2000,2050,1085
16/02/2010,2000,2050,2000,2050,2045
17/02/2010,2050,2075,2050,2075,2900
18/02/2010,2075,2075,2025,2075,4790
19/02/2010,2025,2050,2025,2050,5030
22/02/2010,2075,2075,2000,2050,575
23/02/2010,2025,2050,2025,2050,4345
24/02/2010,2025,2050,2000,2050,565
25/02/2010,2025,2050,2000,2050,5195
01/03/2010,2050,2050,2000,2025,4610
02/03/2010,2025,2050,2025,2025,6015
03/03/2010,2025,2050,2025,2050,5410
04/03/2010,2025,2275,2025,2275,128810
05/03/2010,2300,2325,2175,2200,56370
08/03/2010,2200,2225,2125,2175,27425
09/03/2010,2150,2200,2150,2200,6790
10/03/2010,2200,2225,2150,2175,22600
11/03/2010,2175,2175,2125,2175,35015
12/03/2010,2175,2300,2175,2200,97820
15/03/2010,2200,2250,2200,2225,19145
17/03/2010,2250,2350,2250,2300,73160
18/03/2010,2325,2325,2200,2300,32710
19/03/2010,2250,2375,2150,2150,150335
22/03/2010,2150,2200,2100,2150,44020
23/03/2010,2200,2200,2125,2175,23845
24/03/2010,2200,2325,2175,2300,49430
25/03/2010,2300,2325,2225,2275,30300
26/03/2010,2250,2250,2225,2225,22590
29/03/2010,2225,2225,2150,2200,22915
30/03/2010,2175,2200,2150,2200,4145
31/03/2010,2250,2250,2150,2225,31745
01/04/2010,2225,2275,2225,2275,15450
05/04/2010,2275,2275,2250,2275,21495
06/04/2010,2275,2275,2225,2275,21395
07/04/2010,2275,2325,2275,2325,37010
08/04/2010,2375,2375,2250,2300,21420
09/04/2010,2325,2325,2275,2325,15170
12/04/2010,2300,2325,2250,2300,13090
13/04/2010,2300,2300,2250,2300,3375
14/04/2010,2275,2325,2250,2300,22625
15/04/2010,2325,2450,2325,2375,117060
16/04/2010,2375,2400,2350,2400,27195
19/04/2010,2350,2425,2350,2425,43165
20/04/2010,2450,2450,2400,2400,27095
21/04/2010,2400,2425,2350,2400,29860
22/04/2010,2400,2400,2350,2400,7860
23/04/2010,2350,2375,2350,2350,16125
26/04/2010,2375,2425,2350,2375,44145
27/04/2010,2350,2400,2350,2400,21255
28/04/2010,2350,2375,2350,2375,18920
29/04/2010,2375,2425,2375,2400,17250
30/04/2010,2375,2400,2325,2325,52740
03/05/2010,2325,2375,2325,2375,16150
04/05/2010,2375,2375,2325,2375,13890
05/05/2010,2300,2325,2150,2250,34095
06/05/2010,2200,2250,2125,2250,35415
07/05/2010,2000,2200,2000,2175,38810
10/05/2010,2200,2200,2100,2175,24860
11/05/2010,2175,2200,2150,2175,11560
12/05/2010,2175,2175,2100,2125,23910
14/05/2010,2125,2125,2100,2125,6155
17/05/2010,2050,2050,2000,2025,20800
18/05/2010,2025,2025,1990,2025,19320
19/05/2010,2000,2000,1920,1950,9855
20/05/2010,1950,1950,1900,1940,7210
21/05/2010,1870,1870,1800,1830,20585
24/05/2010,1840,1850,1720,1740,18775
25/05/2010,1710,1710,1550,1620,8130
26/05/2010,1640,1720,1610,1720,21375
27/05/2010,1670,1750,1660,1740,21290
31/05/2010,1720,1860,1720,1850,19720
01/06/2010,1820,1820,1760,1800,7945
02/06/2010,1800,1820,1750,1790,2680
03/06/2010,1800,1810,1780,1800,5615
04/06/2010,1780,1800,1750,1790,1205
07/06/2010,1770,1770,1720,1730,6710
08/06/2010,1730,1750,1690,1720,14140
09/06/2010,1730,1730,1700,1730,3765
10/06/2010,1730,1730,1680,1690,2735
11/06/2010,1730,1730,1710,1730,7485
14/06/2010,1730,1730,1710,1720,4560
15/06/2010,1720,1730,1700,1710,18975
16/06/2010,1720,1730,1700,1720,25370
17/06/2010,1720,1860,1720,1860,54450
18/06/2010,1870,1890,1800,1860,30410
21/06/2010,1860,1920,1820,1860,64935
22/06/2010,1850,1880,1820,1840,15360
23/06/2010,1830,1850,1810,1840,8655
24/06/2010,1850,2025,1850,2000,105505
25/06/2010,1980,2025,1980,2025,8250
28/06/2010,2025,2075,1990,2025,36190
29/06/2010,2025,2050,1900,1930,35010
30/06/2010,1910,1920,1830,1850,175280
01/07/2010,1840,1860,1800,1810,38760
02/07/2010,1810,1890,1810,1850,47190
05/07/2010,1830,1850,1820,1820,7225
06/07/2010,1820,1850,1800,1840,7785
07/07/2010,1840,1850,1780,1780,19195
08/07/2010,1800,1820,1780,1790,14550
09/07/2010,1800,1850,1800,1840,15465
12/07/2010,1860,1860,1830,1840,4340
13/07/2010,1840,1840,1820,1840,8590
14/07/2010,1860,1860,1830,1850,9890
15/07/2010,1850,1880,1810,1840,40800
16/07/2010,1830,1830,1790,1820,22360
19/07/2010,1820,1820,1790,1800,4215
20/07/2010,1810,1830,1800,1820,10780
21/07/2010,1820,1820,1800,1820,5265
22/07/2010,1820,1820,1780,1790,21245
23/07/2010,1790,1790,1740,1750,88440
26/07/2010,1750,1750,1650,1690,45140
27/07/2010,1700,1730,1680,1690,55805
28/07/2010,1690,1720,1690,1690,38895
29/07/2010,1690,1810,1680,1780,214095
30/07/2010,1780,1790,1740,1760,24705
02/08/2010,1780,2000,1780,1970,717685
03/08/2010,2000,2000,1860,1910,382500
04/08/2010,1900,1920,1810,1830,70920
05/08/2010,1850,1880,1830,1870,48260
06/08/2010,1870,1870,1830,1850,20050
09/08/2010,1840,1880,1830,1860,24570
10/08/2010,1850,1860,1800,1820,26060
11/08/2010,1820,1860,1780,1790,35500
12/08/2010,1760,1830,1760,1810,34480
13/08/2010,1820,1910,1800,1880,161270
16/08/2010,1880,1990,1870,1960,262545
18/08/2010,1970,2150,1960,2075,663185
19/08/2010,2100,2175,2050,2075,196625
20/08/2010,2075,2125,2050,2075,93585
23/08/2010,2075,2075,2000,2025,63225
24/08/2010,2000,2025,1960,1970,60630
25/08/2010,1960,2050,1960,2050,78355
26/08/2010,2050,2125,2025,2050,232945
27/08/2010,2050,2050,1990,2025,84445
30/08/2010,2050,2075,1990,2025,30920
31/08/2010,1990,2025,1980,2025,21940
01/09/2010,2025,2100,2025,2100,107035
02/09/2010,2125,2175,2075,2100,174160
03/09/2010,2100,2175,2075,2150,103080
06/09/2010,2150,2325,2150,2325,205595
07/09/2010,2350,2425,2325,2325,169000
15/09/2010,2350,2425,2200,2225,166055
16/09/2010,2225,2325,2200,2300,84405
17/09/2010,2300,2325,2250,2300,66090
20/09/2010,2300,2450,2275,2425,158925
21/09/2010,2450,2450,2325,2350,99010
22/09/2010,2350,2375,2250,2300,46890
23/09/2010,2300,2300,2225,2250,44925
24/09/2010,2250,2300,2200,2275,63945
27/09/2010,2275,2350,2250,2275,48160
28/09/2010,2250,2325,2225,2275,42720
29/09/2010,2275,2350,2250,2325,90695
30/09/2010,2325,2350,2250,2325,54465
01/10/2010,2325,2350,2275,2325,41305
04/10/2010,2325,2375,2275,2300,20035
05/10/2010,2300,2300,2250,2275,18560
06/10/2010,2275,2275,2175,2200,55260
07/10/2010,2200,2200,2000,2075,77530
08/10/2010,2050,2125,2050,2100,33690
11/10/2010,2150,2150,2025,2075,24850
12/10/2010,2075,2075,1960,2050,84530
13/10/2010,2050,2125,2025,2100,113550
14/10/2010,2125,2150,2025,2075,63440
15/10/2010,2075,2075,2025,2050,11565
18/10/2010,2075,2075,1990,2025,77340
19/10/2010,2025,2200,2025,2175,230320
20/10/2010,2175,2175,2100,2125,39460
21/10/2010,2150,2150,2100,2125,18600
22/10/2010,2125,2150,2025,2100,49725
25/10/2010,2100,2175,2050,2100,121900
26/10/2010,2100,2125,2075,2125,75645
27/10/2010,2125,2125,2000,2075,115490
28/10/2010,2075,2075,2025,2075,69065
29/10/2010,2050,2075,2025,2075,45895
01/11/2010,2050,2075,2025,2050,24985
02/11/2010,2050,2075,1980,1990,128780
03/11/2010,2000,2000,1920,1930,67515
04/11/2010,1940,1970,1920,1940,36925
05/11/2010,1950,1960,1930,1940,12315
08/11/2010,1940,1950,1920,1940,27855
09/11/2010,1940,2000,1940,1990,87925
10/11/2010,1990,1990,1960,1970,17215
11/11/2010,1970,1970,1920,1950,36680
12/11/2010,1930,1940,1880,1900,54320
15/11/2010,1900,1900,1840,1840,39960
16/11/2010,1830,1870,1830,1840,41650
18/11/2010,1840,1870,1840,1860,16965
19/11/2010,1860,1880,1850,1850,23975
22/11/2010,1860,1880,1860,1870,24075
23/11/2010,1860,1860,1840,1850,21225
24/11/2010,1840,1880,1810,1850,63350
25/11/2010,1870,1920,1840,1850,91850
26/11/2010,1860,1870,1830,1850,17170
29/11/2010,1850,1850,1810,1820,48475
30/11/2010,1820,1830,1760,1800,59190
01/12/2010,1800,1840,1790,1830,45810
02/12/2010,1850,1850,1770,1790,78685
03/12/2010,1790,1790,1750,1760,59205
06/12/2010,1760,1770,1730,1750,59125
08/12/2010,1740,1780,1740,1780,87010
09/12/2010,1780,1840,1760,1790,118410
10/12/2010,1790,1800,1760,1800,37935
13/12/2010,1800,1810,1740,1760,35360
14/12/2010,1780,1780,1730,1750,26745
15/12/2010,1740,1740,1700,1740,71140
16/12/2010,1710,1720,1690,1710,42575
17/12/2010,1710,1720,1650,1660,54660
20/12/2010,1660,1680,1620,1630,38745
21/12/2010,1640,1670,1630,1650,53925
22/12/2010,1660,1700,1650,1660,42830
23/12/2010,1660,1670,1650,1660,26315
27/12/2010,1660,1670,1630,1650,18515
28/12/2010,1650,1660,1630,1630,19020
29/12/2010,1640,1650,1620,1630,44210
30/12/2010,1640,1680,1630,1640,45570
03/01/2011,1650,1660,1640,1650,24325
04/01/2011,1670,1720,1650,1710,50125
05/01/2011,1720,1760,1710,1730,74600
06/01/2011,1750,1750,1700,1710,29715
07/01/2011,1710,1710,1670,1680,15820
10/01/2011,1670,1690,1620,1670,28110
11/01/2011,1660,1680,1640,1670,17540
12/01/2011,1670,1700,1660,1690,9170
13/01/2011,1700,1700,1650,1660,7470
14/01/2011,1650,1670,1640,1660,6885
17/01/2011,1660,1680,1640,1650,7250
18/01/2011,1660,1700,1650,1670,26235
19/01/2011,1680,1690,1660,1670,24730
20/01/2011,1680,1680,1630,1630,41065
21/01/2011,1650,1650,1590,1610,35025
24/01/2011,1620,1630,1590,1600,17160
25/01/2011,1600,1630,1600,1630,10220
26/01/2011,1630,1640,1600,1620,22490
27/01/2011,1630,1640,1610,1620,18580
28/01/2011,1620,1640,1610,1620,16690
31/01/2011,1600,1600,1570,1580,17790
01/02/2011,1590,1600,1580,1600,12725
02/02/2011,1610,1620,1590,1590,6635
04/02/2011,1590,1590,1570,1580,8765
07/02/2011,1580,1580,1560,1560,11250
08/02/2011,1570,1580,1560,1580,16135
09/02/2011,1580,1580,1550,1560,14365
10/02/2011,1560,1570,1520,1540,24380
11/02/2011,1540,1550,1500,1500,56905
14/02/2011,1520,1560,1520,1540,38615
16/02/2011,1540,1540,1510,1510,18260
17/02/2011,1520,1520,1510,1510,3145
18/02/2011,1510,1530,1510,1530,11010
21/02/2011,1530,1530,1510,1510,8030
22/02/2011,1500,1510,1500,1500,4735
23/02/2011,1500,1520,1500,1500,10195
24/02/2011,1500,1520,1470,1490,23990
25/02/2011,1500,1510,1490,1510,8905
28/02/2011,1510,1540,1490,1540,26870
01/03/2011,1540,1540,1510,1530,11775
02/03/2011,1510,1510,1490,1490,11380
03/03/2011,1490,1520,1480,1520,6305
04/03/2011,1530,1530,1500,1520,8790
07/03/2011,1510,1530,1510,1520,7845
08/03/2011,1520,1600,1510,1590,53640
09/03/2011,1590,1660,1570,1630,54270
10/03/2011,1620,1690,1620,1670,66490
11/03/2011,1650,1670,1620,1650,15115
14/03/2011,1630,1680,1630,1660,5555
15/03/2011,1640,1650,1590,1630,14355
16/03/2011,1630,1660,1600,1620,21360
17/03/2011,1600,1610,1560,1580,10835
18/03/2011,1590,1610,1560,1610,19845
21/03/2011,1600,1620,1600,1610,4425
22/03/2011,1600,1630,1590,1630,9785
23/03/2011,1630,1690,1630,1670,50795
24/03/2011,1660,1710,1660,1690,37595
25/03/2011,1690,1710,1670,1690,14090
28/03/2011,1690,1690,1660,1680,5420
29/03/2011,1670,1680,1660,1680,2090
30/03/2011,1680,1700,1660,1670,25970
31/03/2011,1680,1710,1660,1700,34550
01/04/2011,1700,1700,1670,1680,10800
04/04/2011,1640,1690,1640,1670,12900
05/04/2011,1670,1680,1660,1670,3550
06/04/2011,1670,1690,1660,1690,22535
07/04/2011,1680,1680,1660,1680,8815
08/04/2011,1670,1690,1660,1680,9915
11/04/2011,1670,1690,1670,1680,9345
12/04/2011,1670,1730,1670,1710,70370
13/04/2011,1710,1730,1700,1730,21315
14/04/2011,1730,1730,1690,1700,25430
15/04/2011,1700,1710,1690,1710,15525
18/04/2011,1700,1710,1690,1710,10460
19/04/2011,1700,1710,1690,1710,11590
20/04/2011,1710,1710,1690,1710,18940
21/04/2011,1710,1710,1680,1680,37295
25/04/2011,1680,1700,1670,1680,32270
26/04/2011,1680,1680,1630,1650,42570
27/04/2011,1650,1650,1620,1650,18095
28/04/2011,1650,1670,1610,1640,41830
29/04/2011,1630,1630,1600,1610,19430
02/05/2011,1610,1620,1600,1600,26465
03/05/2011,1600,1610,1600,1610,7720
04/05/2011,1610,1640,1590,1620,13585
05/05/2011,1620,1620,1600,1620,15985
06/05/2011,1620,1620,1590,1610,8850
09/05/2011,1610,1610,1590,1600,6805
10/05/2011,1590,1600,1590,1590,17875
11/05/2011,1600,1600,1570,1570,38690
12/05/2011,1570,1620,1570,1580,96455
13/05/2011,1590,1600,1580,1590,44290
16/05/2011,1590,1590,1570,1570,13990
18/05/2011,1570,1600,1570,1600,34620
19/05/2011,1600,1600,1580,1600,15300
20/05/2011,1600,1600,1570,1580,13315
23/05/2011,1580,1580,1510,1530,24550
24/05/2011,1520,1530,1500,1510,30575
25/05/2011,1510,1520,1490,1500,30200
26/05/2011,1500,1540,1490,1540,60750
27/05/2011,1500,1540,1500,1530,41360
30/05/2011,1530,1530,1510,1520,26210
31/05/2011,1520,1520,1490,1500,46560
01/06/2011,1500,1510,1490,1490,13290
03/06/2011,1490,1510,1480,1490,14780
06/06/2011,1490,1500,1480,1490,5990
07/06/2011,1490,1490,1480,1490,8655
08/06/2011,1490,1490,1470,1480,6770
09/06/2011,1490,1490,1460,1470,11450
10/06/2011,1470,1470,1450,1460,5410
13/06/2011,1460,1460,1420,1420,11325
14/06/2011,1410,1420,1400,1410,17575
15/06/2011,1410,1410,1390,1400,10630
16/06/2011,1390,1390,1360,1360,12435
17/06/2011,1360,1360,1320,1330,21175
20/06/2011,1340,1340,1300,1310,15495
21/06/2011,1310,1320,1300,1320,11965
22/06/2011,1320,1360,1310,1310,82040
23/06/2011,1320,1330,1300,1310,57140
24/06/2011,1320,1320,1310,1310,18870
27/06/2011,1310,1310,1290,1300,22625
28/06/2011,1300,1300,1280,1290,43410
30/06/2011,1290,1290,1280,1290,23735
01/07/2011,1290,1330,1280,1280,47540
04/07/2011,1290,1300,1270,1280,35490
05/07/2011,1280,1280,1250,1250,42995
06/07/2011,1250,1280,1240,1250,47420
07/07/2011,1250,1260,1230,1230,29910
08/07/2011,1230,1250,1220,1230,30545
11/07/2011,1250,1250,1210,1220,9420
12/07/2011,1220,1220,1180,1190,43150
13/07/2011,1210,1230,1200,1220,30865
14/07/2011,1230,1320,1230,1290,137130
15/07/2011,1290,1290,1240,1260,30910
18/07/2011,1260,1330,1250,1300,97175
19/07/2011,1300,1350,1280,1330,101895
20/07/2011,1340,1360,1310,1320,37185
21/07/2011,1320,1350,1320,1330,25725
22/07/2011,1330,1340,1320,1340,46415
25/07/2011,1340,1340,1310,1330,11955
26/07/2011,1330,1360,1320,1330,35260
27/07/2011,1330,1330,1310,1310,25120
28/07/2011,1300,1310,1280,1290,39180
29/07/2011,1290,1300,1280,1280,12035
01/08/2011,1280,1300,1280,1290,11965
02/08/2011,1280,1300,1240,1240,30185
03/08/2011,1230,1250,1200,1220,70630
04/08/2011,1220,1250,1210,1210,29205
05/08/2011,1180,1180,1120,1130,26990
08/08/2011,1100,1100,1010,1040,49295
09/08/2011,1000,1070,940,1000,47390
10/08/2011,1050,1090,1030,1040,20740
11/08/2011,1010,1040,990,1040,32455
12/08/2011,1050,1090,1050,1060,21775
15/08/2011,1070,1120,1050,1120,17700
16/08/2011,1120,1160,1100,1160,28630
18/08/2011,1170,1220,1170,1210,24580
19/08/2011,1170,1190,1130,1140,34195
22/08/2011,1150,1170,1120,1120,10595
23/08/2011,1200,1200,1120,1130,4925
24/08/2011,1140,1150,1120,1120,7095
25/08/2011,1120,1130,1110,1120,3780
26/08/2011,1110,1160,1100,1160,5115
05/09/2011,1170,1170,1140,1160,5085
06/09/2011,1150,1160,1130,1130,26140
07/09/2011,1140,1150,1130,1140,5370
08/09/2011,1140,1180,1140,1150,11615
09/09/2011,1150,1150,1130,1130,3225
12/09/2011,1130,1160,1120,1140,14875
13/09/2011,1150,1160,1140,1150,16005
14/09/2011,1150,1160,1120,1120,11710
15/09/2011,1130,1130,1090,1100,37480
16/09/2011,1100,1120,1080,1100,53010
19/09/2011,1090,1090,1080,1090,5965
20/09/2011,1070,1110,1060,1100,28950
21/09/2011,1100,1110,1080,1090,28170
22/09/2011,1080,1080,1020,1020,58180
23/09/2011,1010,1050,970,1010,30355
26/09/2011,1030,1030,870,880,58155
27/09/2011,890,930,880,920,45825
28/09/2011,930,940,910,910,32105
29/09/2011,880,910,880,900,6535
30/09/2011,900,910,890,900,14270
03/10/2011,880,880,820,840,55940
04/10/2011,840,840,780,830,21135
05/10/2011,850,850,800,830,35740
06/10/2011,850,880,840,880,10900
07/10/2011,880,910,870,880,17410
10/10/2011,870,890,850,880,19045
11/10/2011,880,920,880,900,36220
12/10/2011,890,910,890,900,16760
13/10/2011,910,940,880,930,94230
14/10/2011,920,970,920,930,52505
17/10/2011,950,980,940,950,75525
18/10/2011,930,950,880,910,73185
19/10/2011,930,950,930,950,15095
20/10/2011,930,960,920,960,45805
21/10/2011,970,970,950,950,15020
24/10/2011,970,1010,950,990,82195
25/10/2011,990,1010,950,990,46770
26/10/2011,980,1010,980,1000,26275
27/10/2011,960,1020,960,1010,23580
28/10/2011,1030,1100,1020,1030,47390
31/10/2011,1030,1050,1010,1020,49435
01/11/2011,1030,1040,990,1010,52300
02/11/2011,980,1040,970,1030,28830
03/11/2011,1010,1040,1010,1020,16155
04/11/2011,1030,1080,1020,1050,23505
07/11/2011,1050,1170,1050,1140,74270
08/11/2011,1140,1230,1140,1220,45590
09/11/2011,1250,1270,1210,1210,53840
10/11/2011,1190,1220,1170,1210,29565
11/11/2011,1220,1220,1180,1180,8830
14/11/2011,1210,1210,1190,1200,15025
15/11/2011,1190,1210,1190,1200,10360
16/11/2011,1190,1210,1190,1200,40030
17/11/2011,1200,1200,1190,1200,8935
18/11/2011,1200,1350,1200,1320,104240
21/11/2011,1320,1320,1220,1220,43000
22/11/2011,1220,1260,1220,1240,29815
23/11/2011,1230,1240,1220,1230,8110
24/11/2011,1220,1230,1170,1200,19695
25/11/2011,1200,1200,1160,1180,9645
28/11/2011,1190,1190,1170,1170,16045
29/11/2011,1180,1190,1170,1170,9530
30/11/2011,1180,1230,1180,1220,15685
01/12/2011,1240,1250,1200,1200,13480
02/12/2011,1200,1220,1180,1200,1125
05/12/2011,1200,1210,1190,1210,4595
06/12/2011,1220,1230,1200,1210,13555
07/12/2011,1220,1240,1200,1230,12035
08/12/2011,1230,1250,1230,1240,5750
09/12/2011,1220,1230,1200,1230,10485
12/12/2011,1220,1250,1220,1220,11490
13/12/2011,1220,1230,1210,1220,32160
14/12/2011,1210,1220,1210,1220,3585
15/12/2011,1220,1220,1210,1210,7270
16/12/2011,1210,1280,1210,1240,16840
19/12/2011,1230,1240,1220,1220,9920
20/12/2011,1220,1230,1180,1200,43140
21/12/2011,1220,1220,1200,1200,6300
22/12/2011,1200,1240,1200,1220,16705
23/12/2011,1220,1230,1220,1220,8750
27/12/2011,1220,1230,1220,1230,4735
28/12/2011,1230,1240,1230,1230,3310
29/12/2011,1220,1240,1220,1230,7820
30/12/2011,1230,1250,1220,1230,7640
02/01/2012,1230,1240,1210,1220,2660
03/01/2012,1220,1240,1220,1240,4690
04/01/2012,1230,1250,1230,1250,8140
05/01/2012,1250,1250,1220,1220,8045
06/01/2012,1220,1290,1220,1250,29410
09/01/2012,1250,1270,1250,1270,8530
10/01/2012,1270,1300,1240,1250,23030
11/01/2012,1250,1270,1250,1270,11105
12/01/2012,1270,1280,1260,1270,4470
13/01/2012,1260,1280,1260,1280,5225
16/01/2012,1270,1280,1260,1270,5950
17/01/2012,1260,1280,1260,1280,3995
18/01/2012,1270,1280,1260,1280,4950
19/01/2012,1280,1320,1280,1280,43975
20/01/2012,1290,1300,1270,1270,16880
24/01/2012,1270,1290,1270,1270,10115
25/01/2012,1270,1290,1260,1280,28275
26/01/2012,1290,1300,1270,1270,10985
27/01/2012,1270,1290,1270,1280,5005
30/01/2012,1280,1280,1250,1250,10995
31/01/2012,1250,1280,1250,1280,9545
01/02/2012,1270,1290,1270,1290,4270
02/02/2012,1290,1330,1280,1320,46840
03/02/2012,1320,1320,1300,1310,4145
06/02/2012,1320,1320,1300,1310,4440
07/02/2012,1300,1310,1270,1310,9385
08/02/2012,1300,1310,1290,1300,9105
09/02/2012,1300,1310,1290,1300,5660
10/02/2012,1300,1300,1270,1300,19690
13/02/2012,1290,1300,1290,1300,11745
14/02/2012,1290,1300,1270,1280,8650
15/02/2012,1280,1300,1270,1280,9425
16/02/2012,1280,1300,1280,1290,6835
17/02/2012,1300,1310,1290,1290,1305
20/02/2012,1300,1310,1290,1290,8955
21/02/2012,1290,1310,1280,1300,64395
22/02/2012,1300,1310,1300,1310,20305
23/02/2012,1310,1310,1290,1310,41325
24/02/2012,1300,1310,1290,1300,55970
27/02/2012,1280,1280,1270,1280,7360
28/02/2012,1280,1280,1230,1280,47210
29/02/2012,1280,1290,1260,1290,54145
01/03/2012,1270,1280,1260,1270,17895
02/03/2012,1270,1280,1260,1260,13925
05/03/2012,1260,1270,1240,1240,9345
06/03/2012,1250,1250,1230,1240,17470
07/03/2012,1240,1250,1230,1240,48605
08/03/2012,1240,1240,1220,1230,13825
09/03/2012,1210,1240,1210,1240,18305
12/03/2012,1240,1250,1230,1240,38755
13/03/2012,1240,1250,1240,1250,6915
14/03/2012,1260,1270,1250,1250,13390
15/03/2012,1250,1250,1230,1250,16515
16/03/2012,1240,1260,1240,1250,37500
19/03/2012,1240,1250,1230,1250,38975
20/03/2012,1250,1260,1240,1250,57030
21/03/2012,1240,1250,1230,1240,3835
22/03/2012,1250,1250,1220,1220,2460
26/03/2012,1220,1240,1220,1220,8025
27/03/2012,1230,1230,1200,1200,16840
28/03/2012,1200,1200,1170,1180,11475
29/03/2012,1150,1180,1130,1170,22200
30/03/2012,1160,1180,1150,1160,5955
02/04/2012,1180,1210,1170,1190,34830
03/04/2012,1200,1260,1190,1230,79595
04/04/2012,1230,1230,1200,1210,19860
05/04/2012,1200,1210,1190,1190,5865
09/04/2012,1190,1200,1170,1180,14020
10/04/2012,1180,1190,1180,1190,5820
11/04/2012,1190,1200,1180,1190,5010
12/04/2012,1190,1220,1190,1190,50415
13/04/2012,1200,1200,1180,1180,7930
16/04/2012,1180,1190,1170,1170,2230
17/04/2012,1180,1190,1160,1160,18905
18/04/2012,1170,1180,1150,1150,14250
19/04/2012,1160,1170,1140,1160,6250
20/04/2012,1160,1170,1150,1160,19930
23/04/2012,1170,1190,1120,1160,36465
24/04/2012,1150,1150,1100,1120,61280
25/04/2012,1140,1140,1090,1090,20770
26/04/2012,1100,1120,1060,1060,72205
27/04/2012,1060,1090,1050,1050,29990
30/04/2012,1040,1070,1040,1060,6480
01/05/2012,1070,1090,1050,1070,25485
02/05/2012,1070,1110,1070,1070,54380
03/05/2012,1080,1090,1050,1050,81865
04/05/2012,1060,1170,1060,1130,60615
07/05/2012,1140,1140,1090,1110,7745
08/05/2012,1120,1140,1110,1130,10825
09/05/2012,1110,1120,1100,1100,36490
10/05/2012,1100,1100,1090,1090,47730
11/05/2012,1080,1100,1070,1100,15000
14/05/2012,1100,1100,1070,1090,16980
15/05/2012,1080,1100,1050,1100,57580
16/05/2012,1100,1100,1060,1080,52150
21/05/2012,1070,1100,1060,1080,19490
22/05/2012,1100,1100,1070,1100,15655
23/05/2012,1070,1090,1060,1070,44615
24/05/2012,1050,1070,1050,1060,35150
25/05/2012,1060,1060,1040,1060,43235
28/05/2012,1040,1060,1020,1060,6355
29/05/2012,1070,1070,1040,1070,1840
30/05/2012,1050,1070,1050,1070,10125
31/05/2012,1040,1060,1030,1050,26775
01/06/2012,1050,1060,1030,1060,18225
04/06/2012,1020,1040,990,1030,32260
05/06/2012,1020,1030,1010,1030,9445
06/06/2012,1030,1070,1030,1060,30345
07/06/2012,1080,1080,1040,1050,20240
08/06/2012,1040,1050,1030,1050,28305
11/06/2012,1040,1050,1030,1040,30960
12/06/2012,1030,1030,1010,1030,21405
13/06/2012,1030,1030,990,1010,23595
14/06/2012,990,990,940,960,26390
15/06/2012,970,990,910,910,50380
18/06/2012,940,960,940,950,4015
19/06/2012,950,990,950,970,3620
20/06/2012,960,1010,960,1010,8895
21/06/2012,980,1040,980,1020,9630
22/06/2012,1000,1030,1000,1010,1150
25/06/2012,1010,1010,1010,1010,1050
26/06/2012,1010,1030,1010,1020,835
27/06/2012,1000,1070,1000,1070,7440
28/06/2012,1060,1070,1040,1050,6615
29/06/2012,1060,1070,1050,1050,12880
02/07/2012,1050,1080,1050,1060,6220
03/07/2012,1060,1110,1060,1090,7550
04/07/2012,1100,1100,1080,1100,7040
05/07/2012,1090,1120,1090,1100,2215
06/07/2012,1100,1100,1090,1100,2585
09/07/2012,1100,1110,1080,1090,11245
10/07/2012,1080,1100,1080,1090,3030
11/07/2012,1110,1110,1090,1100,1385
12/07/2012,1100,1110,1090,1090,9480
13/07/2012,1070,1130,1070,1110,12795
16/07/2012,1110,1150,1110,1140,10895
17/07/2012,1140,1180,1130,1140,3090
18/07/2012,1140,1160,1140,1160,3915
19/07/2012,1160,1160,1150,1160,5690
20/07/2012,1160,1180,1160,1180,4355
23/07/2012,1160,1180,1150,1170,13300
24/07/2012,1160,1220,1160,1170,11130
25/07/2012,1160,1200,1160,1170,8520
26/07/2012,1170,1180,1170,1170,5515
27/07/2012,1170,1200,1170,1180,6140
30/07/2012,1170,1220,1170,1200,9155
31/07/2012,1200,1260,1200,1230,15070
01/08/2012,1220,1250,1220,1230,4110
02/08/2012,1230,1240,1190,1200,9720
03/08/2012,1200,1210,1200,1200,3630
06/08/2012,1200,1240,1200,1200,1095
07/08/2012,1190,1210,1180,1180,13225
08/08/2012,1180,1220,1180,1200,8745
09/08/2012,1220,1220,1190,1190,5090
10/08/2012,1200,1220,1190,1200,6545
13/08/2012,1200,1210,1180,1180,2910
14/08/2012,1190,1190,1180,1180,680
15/08/2012,1190,1210,1190,1190,300
16/08/2012,1210,1230,1180,1190,1685
23/08/2012,1170,1210,1170,1210,145
24/08/2012,1210,1210,1170,1180,2375
27/08/2012,1180,1180,1180,1180,30
28/08/2012,1180,1180,1160,1180,2255
29/08/2012,1150,1170,1130,1130,7940
30/08/2012,1140,1140,1060,1060,3460
31/08/2012,1070,1090,1020,1050,2540
03/09/2012,1050,1080,1040,1080,1240
04/09/2012,1080,1080,1080,1080,0
05/09/2012,1040,1050,1040,1040,310
06/09/2012,1040,1050,1030,1030,1495
07/09/2012,1030,1070,1010,1030,6455
10/09/2012,1030,1040,1020,1020,605
11/09/2012,1020,1050,1010,1030,3570
12/09/2012,1040,1100,1040,1100,4445
13/09/2012,1090,1100,1070,1090,1740
14/09/2012,1090,1100,1070,1100,5615
17/09/2012,1100,1120,1080,1110,2000
18/09/2012,1100,1120,1060,1060,4340
19/09/2012,1070,1080,1060,1070,5845
20/09/2012,1080,1080,1060,1060,1425
21/09/2012,1060,1070,1030,1050,10935
24/09/2012,1050,1050,1020,1030,7465
25/09/2012,1030,1050,1030,1030,3830
26/09/2012,1030,1030,1000,1030,4645
27/09/2012,1030,1030,1030,1030,225
28/09/2012,1030,1040,1010,1020,1250
01/10/2012,1020,1050,1010,1020,350
02/10/2012,1020,1050,1020,1030,735
03/10/2012,1020,1030,1020,1020,715
04/10/2012,1030,1030,1020,1030,890
05/10/2012,1030,1040,1030,1040,940
08/10/2012,1040,1070,1030,1030,12515
09/10/2012,1040,1050,1020,1030,2345
10/10/2012,1040,1050,1020,1020,3600
11/10/2012,1020,1030,980,980,5920
12/10/2012,980,1000,980,980,4090
15/10/2012,990,1000,980,990,9255
16/10/2012,990,1010,960,970,18790
17/10/2012,970,990,970,990,3655
18/10/2012,990,1000,990,1000,2770
19/10/2012,980,980,970,980,2380
22/10/2012,980,990,970,970,1375
23/10/2012,980,980,970,980,7550
24/10/2012,950,1000,950,990,15175
25/10/2012,990,1020,970,970,10040
29/10/2012,970,980,970,970,1330
30/10/2012,980,980,980,980,620
31/10/2012,980,980,970,980,1105
01/11/2012,980,990,980,990,1710
02/11/2012,990,1000,980,990,11865
05/11/2012,990,990,980,980,5125
06/11/2012,980,980,980,980,1140
07/11/2012,980,980,980,980,1435
08/11/2012,980,990,980,980,2310
09/11/2012,980,980,980,980,470
12/11/2012,970,980,960,970,4680
13/11/2012,970,970,960,960,710
14/11/2012,970,980,960,960,1795
19/11/2012,960,960,940,950,2900
20/11/2012,960,960,930,930,4545
21/11/2012,920,940,910,910,5085
22/11/2012,920,930,920,920,5055
23/11/2012,910,910,870,880,21795
26/11/2012,880,890,870,870,9720
27/11/2012,870,870,760,780,107970
28/11/2012,780,780,750,760,31070
29/11/2012,760,760,690,700,123380
30/11/2012,700,740,670,680,166025
03/12/2012,680,710,680,700,53355
04/12/2012,710,750,700,740,72520
05/12/2012,720,810,720,780,137980
06/12/2012,780,800,770,780,28175
07/12/2012,790,790,760,770,7665
10/12/2012,770,770,700,710,34810
11/12/2012,710,740,710,740,22865
12/12/2012,740,740,730,730,4995
13/12/2012,730,750,720,740,24590
14/12/2012,740,760,730,740,11790
17/12/2012,740,740,730,740,17375
18/12/2012,730,780,700,710,115185
19/12/2012,720,720,700,700,4875
20/12/2012,700,710,690,710,5815
21/12/2012,700,710,690,690,13665
26/12/2012,700,700,700,700,3880
27/12/2012,710,750,710,710,6375
28/12/2012,720,720,680,680,20070
02/01/2013,700,720,690,720,15945
03/01/2013,730,740,720,720,13935
04/01/2013,710,730,710,710,2575
07/01/2013,710,720,710,710,3695
08/01/2013,700,720,700,720,3905
09/01/2013,710,710,710,710,1675
10/01/2013,710,720,700,720,2480
11/01/2013,720,720,700,710,1530
14/01/2013,710,730,710,730,7265
15/01/2013,720,730,720,720,1510
16/01/2013,730,740,720,730,17010
17/01/2013,730,740,710,720,4975
18/01/2013,720,730,720,720,3810
21/01/2013,720,770,720,760,26290
22/01/2013,770,780,760,770,15910
23/01/2013,780,780,750,750,23005
25/01/2013,740,750,720,730,24295
28/01/2013,730,740,720,730,9385
29/01/2013,720,740,720,730,4155
30/01/2013,730,750,720,720,12900
31/01/2013,730,730,720,720,7235
01/02/2013,720,730,720,730,16930
04/02/2013,730,740,730,740,6055
05/02/2013,730,740,720,730,6835
06/02/2013,730,770,730,740,18155
07/02/2013,740,830,740,790,117875
08/02/2013,800,810,790,790,33195
11/02/2013,790,810,790,790,27215
12/02/2013,790,800,770,780,7290
13/02/2013,780,810,780,790,15970
14/02/2013,800,800,790,790,12700
15/02/2013,800,820,790,810,23410
18/02/2013,820,840,810,820,18505
19/02/2013,830,830,810,820,38790
20/02/2013,850,850,820,830,17950
21/02/2013,830,830,820,820,22895
22/02/2013,830,830,820,830,9800
25/02/2013,830,930,820,930,63465
26/02/2013,910,960,900,900,46785
27/02/2013,920,940,900,900,15810
28/02/2013,900,930,900,900,18290
01/03/2013,890,950,890,910,77855
04/03/2013,920,920,910,910,10840
05/03/2013,920,960,920,930,45550
06/03/2013,940,960,930,940,32830
07/03/2013,940,950,890,890,69355
08/03/2013,900,900,890,900,6330
11/03/2013,900,920,900,910,32925
13/03/2013,910,930,900,910,135580
14/03/2013,910,930,910,930,52400
15/03/2013,930,950,900,900,178755
18/03/2013,900,920,890,890,42040
19/03/2013,900,910,890,900,11410
20/03/2013,900,910,890,900,7620
21/03/2013,890,910,890,890,17715
22/03/2013,890,900,860,860,29255
25/03/2013,880,880,870,870,1860
26/03/2013,870,870,860,860,13630
27/03/2013,860,880,860,860,9705
28/03/2013,860,880,850,880,13300
01/04/2013,870,880,870,870,4480
02/04/2013,880,900,880,890,16735
03/04/2013,890,950,900,910,70095
04/04/2013,910,940,910,930,79640
05/04/2013,940,940,920,930,9250
08/04/2013,930,930,900,920,38440
09/04/2013,920,940,920,930,14165
10/04/2013,930,950,920,930,133870
11/04/2013,950,980,930,930,223035
12/04/2013,930,950,920,920,12665
15/04/2013,920,940,920,920,10975
16/04/2013,920,920,900,910,14475
17/04/2013,910,920,900,900,14150
18/04/2013,900,910,890,890,19500
19/04/2013,890,900,870,890,14375
22/04/2013,900,900,880,880,7865
23/04/2013,890,890,870,880,8390
24/04/2013,880,880,870,870,2570
25/04/2013,870,880,860,860,2240
26/04/2013,870,890,870,880,16805
29/04/2013,880,890,870,880,23200
30/04/2013,870,880,860,870,9560
01/05/2013,900,1010,900,940,222030
02/05/2013,960,1000,940,980,155890
03/05/2013,990,1060,990,1020,199590
06/05/2013,1030,1270,1030,1270,254480
07/05/2013,1300,1570,1280,1400,609940
08/05/2013,1410,1450,1270,1280,193425
10/05/2013,1290,1460,1270,1370,436825
13/05/2013,1370,1420,1300,1320,127655
14/05/2013,1340,1410,1320,1380,239765
15/05/2013,1400,1620,1380,1620,943280
16/05/2013,1640,1640,1540,1550,356475
17/05/2013,1550,1670,1550,1580,513770
20/05/2013,1590,1630,1570,1580,138125
21/05/2013,1590,1600,1500,1510,194805
22/05/2013,1520,1630,1480,1600,581245
23/05/2013,1600,1640,1500,1520,453755
24/05/2013,1530,1600,1500,1590,332525
27/05/2013,1580,1740,1570,1720,841710
28/05/2013,1740,1780,1710,1730,388355
29/05/2013,1730,1740,1670,1710,174065
30/05/2013,1690,1770,1690,1710,288125
31/05/2013,1710,1730,1670,1670,90705
03/06/2013,1670,1700,1580,1580,180050
04/06/2013,1610,1630,1500,1530,160495
05/06/2013,1530,1530,1400,1400,263690
07/06/2013,1400,1400,1290,1320,161190
10/06/2013,1350,1370,1270,1350,155980
11/06/2013,1350,1390,1230,1260,201105
12/06/2013,1250,1330,1200,1310,156185
13/06/2013,1260,1290,1200,1200,128740
14/06/2013,1230,1280,1220,1220,215360
17/06/2013,1220,1280,1220,1230,134120
18/06/2013,1240,1340,1240,1320,307185
19/06/2013,1330,1360,1270,1270,222435
20/06/2013,1250,1250,1170,1180,183445
21/06/2013,1150,1180,1100,1160,94180
24/06/2013,1160,1190,1070,1070,52255
25/06/2013,1070,1120,990,1040,139635
26/06/2013,1060,1120,1030,1090,200220
27/06/2013,1120,1140,1080,1090,159160
28/06/2013,1100,1170,1100,1120,221750
01/07/2013,1100,1130,1090,1110,32580
02/07/2013,1120,1120,1060,1080,34240
03/07/2013,1070,1070,1000,1030,58595
04/07/2013,1040,1050,1000,1030,64485
05/07/2013,1040,1040,990,1020,41910
08/07/2013,1000,1010,980,990,24275
09/07/2013,1000,1000,940,950,45210
10/07/2013,960,990,940,990,41640
11/07/2013,990,1090,990,1060,117510
12/07/2013,1070,1190,1060,1110,190910
15/07/2013,1120,1170,1110,1120,82420
16/07/2013,1130,1170,1120,1140,90680
17/07/2013,1140,1230,1140,1200,173675
18/07/2013,1210,1250,1190,1220,110885
19/07/2013,1220,1220,1140,1150,65365
22/07/2013,1160,1170,1110,1150,49410
23/07/2013,1160,1180,1150,1150,39775
24/07/2013,1160,1190,1130,1140,39505
25/07/2013,1140,1150,1120,1120,13695
26/07/2013,1080,1140,1070,1100,25925
29/07/2013,1090,1110,1060,1070,14225
30/07/2013,1070,1110,1060,1080,35515
31/07/2013,1070,1070,1030,1040,23205
01/08/2013,1020,1300,1020,1300,389560
02/08/2013,1310,1330,1230,1250,280205
12/08/2013,1250,1290,1230,1250,48370
13/08/2013,1260,1260,1220,1240,41605
14/08/2013,1250,1270,1210,1230,67775
15/08/2013,1230,1250,1210,1230,24960
16/08/2013,1210,1210,1160,1160,61620
19/08/2013,1160,1160,1040,1050,95685
20/08/2013,1020,1050,960,1010,76600
21/08/2013,1000,1040,990,1010,39010
22/08/2013,990,1070,970,1050,66235
23/08/2013,1070,1090,1030,1050,62410
26/08/2013,1060,1140,1040,1070,122310
27/08/2013,1060,1090,980,990,81005
28/08/2013,960,1020,950,1020,55610
29/08/2013,1030,1050,1020,1030,53750
30/08/2013,1030,1100,1030,1090,94035
02/09/2013,1100,1120,1010,1040,132760
03/09/2013,1040,1090,1040,1060,210640
04/09/2013,1050,1220,1050,1200,526585
05/09/2013,1220,1280,1120,1120,563055
06/09/2013,1130,1160,1110,1160,154230
09/09/2013,1170,1250,1160,1240,219925
10/09/2013,1270,1280,1180,1190,164525
11/09/2013,1190,1230,1160,1170,102080
12/09/2013,1170,1230,1170,1210,95165
13/09/2013,1210,1240,1200,1210,120405
16/09/2013,1220,1270,1210,1230,163460
17/09/2013,1240,1250,1190,1190,81940
18/09/2013,1200,1230,1190,1210,61485
19/09/2013,1230,1360,1220,1320,381335
20/09/2013,1320,1330,1250,1260,118025
23/09/2013,1230,1270,1210,1260,54240
24/09/2013,1260,1270,1210,1210,60705
25/09/2013,1210,1240,1170,1200,100850
26/09/2013,1190,1230,1190,1210,62905
27/09/2013,1230,1260,1220,1230,65050
30/09/2013,1230,1250,1200,1210,72920
01/10/2013,1200,1230,1200,1210,32110
02/10/2013,1230,1250,1210,1220,72940
03/10/2013,1230,1290,1230,1280,178660
04/10/2013,1280,1490,1260,1470,781130
07/10/2013,1480,1480,1360,1360,297010
08/10/2013,1360,1500,1360,1490,392310
09/10/2013,1470,1560,1460,1470,494345
10/10/2013,1480,1510,1460,1490,167545
11/10/2013,1540,1540,1470,1470,75170
16/10/2013,1470,1500,1440,1460,36995
17/10/2013,1480,1510,1460,1470,96095
18/10/2013,1480,1530,1480,1480,142030
21/10/2013,1500,1520,1450,1450,122205
22/10/2013,1460,1470,1380,1390,106080
23/10/2013,1410,1430,1380,1380,89525
24/10/2013,1400,1490,1400,1470,284325
25/10/2013,1470,1500,1440,1440,122795
28/10/2013,1450,1470,1440,1450,41565
29/10/2013,1450,1490,1450,1460,75580
30/10/2013,1480,1550,1470,1540,250515
31/10/2013,1550,1590,1520,1540,401760
01/11/2013,1580,1590,1520,1550,207250
04/11/2013,1550,1560,1490,1490,129820
06/11/2013,1490,1510,1460,1480,49300
07/11/2013,1500,1520,1490,1500,109570
08/11/2013,1490,1510,1480,1480,66310
11/11/2013,1500,1500,1420,1460,95560
12/11/2013,1440,1520,1440,1470,225700
13/11/2013,1470,1480,1410,1430,66095
14/11/2013,1440,1500,1440,1480,83060
15/11/2013,1490,1510,1450,1450,99120
18/11/2013,1460,1480,1450,1450,42160
19/11/2013,1460,1460,1400,1430,62475
20/11/2013,1430,1490,1390,1480,94785
21/11/2013,1470,1500,1470,1500,76030
22/11/2013,1510,1520,1490,1500,121410
25/11/2013,1510,1570,1480,1570,208650
26/11/2013,1570,1590,1530,1530,238095
27/11/2013,1540,1550,1480,1500,81785
28/11/2013,1520,1520,1460,1510,77075
29/11/2013,1540,1550,1500,1530,105005
02/12/2013,1530,1560,1520,1530,95075
03/12/2013,1530,1530,1500,1510,30080
04/12/2013,1500,1520,1490,1500,16555
05/12/2013,1500,1520,1490,1490,22120
06/12/2013,1490,1530,1470,1530,46360
09/12/2013,1540,1540,1500,1500,35245
10/12/2013,1500,1520,1490,1490,79825
11/12/2013,1490,1550,1480,1500,101495
12/12/2013,1490,1500,1480,1480,51785
13/12/2013,1480,1480,1430,1440,87600
16/12/2013,1440,1460,1420,1440,20800
17/12/2013,1440,1470,1440,1460,16865
18/12/2013,1450,1470,1450,1450,9615
19/12/2013,1470,1470,1440,1440,20845
20/12/2013,1440,1460,1420,1450,12575
23/12/2013,1430,1450,1420,1420,6415
24/12/2013,1450,1450,1400,1430,23825
27/12/2013,1420,1430,1410,1410,1245
30/12/2013,1420,1440,1400,1400,5920
02/01/2014,1420,1440,1420,1420,8940
03/01/2014,1410,1420,1400,1410,7210
06/01/2014,1400,1420,1280,1285,40936
07/01/2014,1250,1285,1170,1170,64950
08/01/2014,1190,1275,1125,1265,93842
09/01/2014,1265,1300,1255,1260,34905
10/01/2014,1265,1275,1250,1255,16164
13/01/2014,1260,1300,1260,1290,51728
15/01/2014,1300,1300,1270,1285,19319
16/01/2014,1285,1290,1275,1285,11129
17/01/2014,1280,1285,1255,1265,45983
20/01/2014,1265,1315,1260,1315,63638
21/01/2014,1320,1345,1320,1325,45434
22/01/2014,1325,1340,1310,1320,17489
23/01/2014,1335,1350,1325,1325,19360
24/01/2014,1320,1330,1305,1310,23642
27/01/2014,1280,1280,1260,1260,26750
28/01/2014,1260,1280,1240,1255,8579
29/01/2014,1265,1285,1265,1280,16479
30/01/2014,1250,1290,1250,1285,9968
03/02/2014,1300,1300,1270,1275,7848
04/02/2014,1265,1270,1240,1265,4741
05/02/2014,1280,1285,1260,1285,11203
06/02/2014,1285,1310,1285,1295,9174
07/02/2014,1295,1345,1295,1320,23970
10/02/2014,1330,1355,1315,1315,34318
11/02/2014,1315,1335,1310,1320,16423
12/02/2014,1345,1375,1325,1360,55655
13/02/2014,1360,1395,1360,1360,56918
14/02/2014,1380,1410,1370,1390,47358
17/02/2014,1390,1415,1385,1390,44749
18/02/2014,1410,1410,1375,1380,27248
19/02/2014,1390,1390,1375,1380,22056
20/02/2014,1385,1385,1360,1360,25259
21/02/2014,1365,1375,1365,1365,14422
24/02/2014,1360,1390,1360,1365,18025
25/02/2014,1370,1375,1360,1365,11070
26/02/2014,1360,1360,1340,1350,6304
27/02/2014,1345,1370,1340,1365,5155
28/02/2014,1365,1390,1355,1370,32041
03/03/2014,1370,1390,1360,1360,6636
04/03/2014,1370,1375,1355,1375,21969
05/03/2014,1375,1400,1370,1385,60877
06/03/2014,1385,1445,1390,1425,125247
07/03/2014,1425,1515,1415,1475,256063
10/03/2014,1475,1505,1465,1470,89635
11/03/2014,1470,1490,1465,1475,22331
12/03/2014,1475,1510,1465,1480,86322
13/03/2014,1480,1495,1470,1475,23159
14/03/2014,1475,1475,1430,1470,57447
17/03/2014,1470,1510,1465,1475,73442
18/03/2014,1475,1500,1475,1475,44203
19/03/2014,1475,1495,1475,1475,26358
20/03/2014,1475,1480,1415,1425,37091
21/03/2014,1425,1445,1410,1425,26865
24/03/2014,1425,1435,1425,1425,14917
25/03/2014,1425,1425,1410,1410,15214
26/03/2014,1410,1425,1410,1410,9183
27/03/2014,1410,1475,1410,1475,35401
28/03/2014,1475,1530,1490,1490,150831
01/04/2014,1490,1505,1455,1465,52824
02/04/2014,1465,1485,1450,1455,31411
03/04/2014,1455,1475,1440,1450,31831
04/04/2014,1450,1460,1440,1445,15386
07/04/2014,1440,1455,1440,1440,30021
08/04/2014,1440,1450,1350,1410,29935
10/04/2014,1410,1410,1310,1310,47773
11/04/2014,1310,1340,1290,1335,13756
14/04/2014,1335,1375,1330,1355,15450
15/04/2014,1355,1385,1340,1345,23935
16/04/2014,1345,1365,1265,1365,7851
17/04/2014,1365,1370,1335,1340,6195
21/04/2014,1345,1350,1330,1330,6530
22/04/2014,1345,1345,1320,1330,4842
23/04/2014,1330,1345,1300,1325,26532
24/04/2014,1325,1345,1310,1345,21593
25/04/2014,1345,1340,1325,1330,8311
28/04/2014,1330,1385,1325,1385,47203
29/04/2014,1385,1415,1350,1360,29547
30/04/2014,1360,1370,1345,1350,4099
02/05/2014,1350,1365,1250,1255,72016
05/05/2014,1255,1260,1240,1250,18597
06/05/2014,1250,1265,1240,1240,8469
07/05/2014,1240,1250,1225,1230,9217
08/05/2014,1230,1240,1215,1225,6451
09/05/2014,1225,1275,1225,1260,16402
12/05/2014,1260,1290,1265,1270,7957
13/05/2014,1270,1310,1250,1265,27635
14/05/2014,1265,1280,1260,1265,7043
16/05/2014,1265,1335,1265,1315,39602
19/05/2014,1315,1330,1265,1285,19411
20/05/2014,1285,1295,1240,1250,8908
21/05/2014,1250,1290,1245,1270,8989
22/05/2014,1270,1295,1275,1290,7388
23/05/2014,1290,1295,1280,1285,5414
26/05/2014,1285,1360,1290,1350,48895
28/05/2014,1350,1370,1325,1325,28228
30/05/2014,1325,1395,1330,1395,250111
02/06/2014,1395,1400,1365,1385,15184
03/06/2014,1385,1440,1380,1435,89375
04/06/2014,1435,1480,1430,1435,63871
05/06/2014,1435,1460,1415,1435,9792
06/06/2014,1435,1475,1420,1445,25324
09/06/2014,1445,1460,1365,1395,17213
10/06/2014,1395,1425,1390,1390,11358
11/06/2014,1390,1430,1370,1420,20406
12/06/2014,1420,1440,1405,1430,15174
13/06/2014,1430,1430,1415,1425,6065
16/06/2014,1425,1425,1380,1410,4725
17/06/2014,1410,1405,1385,1390,4738
18/06/2014,1390,1415,1355,1365,11562
19/06/2014,1365,1360,1345,1355,4885
20/06/2014,1355,1375,1345,1375,2307
23/06/2014,1375,1390,1355,1380,3652
24/06/2014,1380,1390,1365,1365,496
25/06/2014,1365,1385,1320,1330,4412
26/06/2014,1330,1360,1320,1350,10613
27/06/2014,1350,1355,1340,1350,1889
30/06/2014,1350,1360,1340,1340,5384
01/07/2014,1340,1375,1335,1375,5065
02/07/2014,1375,1380,1355,1355,8054
03/07/2014,1355,1375,1355,1355,4486
04/07/2014,1355,1370,1360,1360,2943
07/07/2014,1360,1370,1340,1350,7136
08/07/2014,1350,1360,1315,1315,14905
10/07/2014,1315,1360,1320,1350,8838
11/07/2014,1350,1375,1330,1350,12289
14/07/2014,1350,1360,1335,1350,9120
15/07/2014,1350,1375,1345,1360,12973
16/07/2014,1360,1395,1360,1390,16577
17/07/2014,1390,1390,1345,1355,9968
18/07/2014,1355,1370,1340,1355,9331
21/07/2014,1355,1365,1335,1335,4442
22/07/2014,1335,1350,1320,1335,5573
23/07/2014,1335,1365,1335,1340,3840
24/07/2014,1340,1370,1340,1360,5177
25/07/2014,1360,1375,1350,1370,5291
04/08/2014,1370,1365,1325,1365,2927
05/08/2014,1365,1365,1340,1360,1120
06/08/2014,1360,1355,1325,1345,1185
07/08/2014,1345,1355,1330,1350,7821
08/08/2014,1350,1345,1325,1345,2592
11/08/2014,1345,1350,1315,1320,14654
12/08/2014,1320,1340,1330,1340,6861
13/08/2014,1340,1350,1335,1340,4506
14/08/2014,1340,1350,1330,1335,4042
15/08/2014,1335,1345,1330,1345,4497
18/08/2014,1345,1345,1330,1340,15294
19/08/2014,1340,1350,1340,1340,2146
20/08/2014,1340,1350,1340,1345,2522
21/08/2014,1345,1355,1340,1355,7830
22/08/2014,1350,1365,1340,1345,5217
25/08/2014,1345,1365,1335,1345,6586
26/08/2014,1345,1345,1320,1330,4770
27/08/2014,1345,1345,1330,1345,2808
28/08/2014,1350,1350,1340,1340,2187
29/08/2014,1330,1340,1325,1340,1850
01/09/2014,1330,1340,1330,1335,1053
02/09/2014,1330,1340,1325,1330,3011
03/09/2014,1335,1340,1330,1340,2440
04/09/2014,1335,1335,1320,1330,6134
05/09/2014,1320,1335,1315,1320,7249
08/09/2014,1310,1340,1310,1320,9388
09/09/2014,1315,1320,1290,1295,7384
10/09/2014,1290,1295,1270,1275,4152
11/09/2014,1275,1285,1255,1255,6095
12/09/2014,1260,1260,1235,1245,5706
15/09/2014,1245,1245,1220,1230,4846
16/09/2014,1245,1260,1205,1205,16086
17/09/2014,1305,1305,1220,1220,13460
18/09/2014,1250,1255,1215,1215,30360
19/09/2014,1315,1315,1200,1205,13493
22/09/2014,1205,1205,1145,1170,24895
23/09/2014,1165,1205,1150,1180,45010
24/09/2014,1180,1190,1170,1175,8025
25/09/2014,1175,1195,1165,1165,20991
26/09/2014,1165,1185,1125,1145,13443
29/09/2014,1130,1130,1065,1080,6486
30/09/2014,1060,1095,1040,1055,26917
01/10/2014,1055,1100,1050,1095,13609
02/10/2014,1090,1090,1040,1050,17011
03/10/2014,1100,1100,1025,1030,4908
06/10/2014,1060,1060,1025,1045,4463
07/10/2014,1050,1065,1040,1055,6757
08/10/2014,1030,1055,1030,1035,2605
09/10/2014,1050,1065,1050,1060,6379
10/10/2014,1040,1055,1035,1055,4308
13/10/2014,1065,1085,1040,1040,3590
14/10/2014,1090,1090,1045,1045,1279
15/10/2014,1060,1065,1045,1045,3676
16/10/2014,1065,1065,1030,1040,3778
17/10/2014,1055,1065,1050,1055,5062
20/10/2014,1060,1075,1055,1055,5686
21/10/2014,1055,1085,1055,1055,3616
22/10/2014,1065,1090,1060,1085,12267
23/10/2014,1090,1125,1090,1100,10405
24/10/2014,1115,1150,1100,1130,6350
27/10/2014,1140,1150,1125,1140,3103
28/10/2014,1145,1155,1135,1150,5434
29/10/2014,1150,1185,1150,1180,5450
30/10/2014,1165,1180,1155,1160,2800
31/10/2014,1155,1180,1150,1150,1736
03/11/2014,1150,1170,1150,1150,1568
04/11/2014,1140,1160,1140,1150,3626
05/11/2014,1135,1160,1135,1150,8997
06/11/2014,1150,1155,1140,1155,1093
07/11/2014,1155,1160,1145,1155,7244
10/11/2014,1150,1175,1145,1165,1419
11/11/2014,1165,1165,1155,1155,632
12/11/2014,1155,1170,1150,1155,2500
13/11/2014,1160,1175,1155,1155,3994
14/11/2014,1160,1165,1150,1150,4983
17/11/2014,1165,1165,1130,1130,2189
18/11/2014,1130,1185,1130,1160,12460
19/11/2014,1160,1185,1160,1165,8189
20/11/2014,1160,1180,1145,1145,3020
21/11/2014,1140,1145,1100,1120,14255
24/11/2014,1135,1180,1130,1180,13828
25/11/2014,1180,1190,1150,1190,8355
26/11/2014,1190,1190,1150,1175,1265
27/11/2014,1170,1175,1165,1165,1344
28/11/2014,1170,1175,1150,1175,2718
01/12/2014,1175,1175,1165,1165,951
02/12/2014,1160,1180,1160,1175,3936
03/12/2014,1170,1170,1155,1155,3290
04/12/2014,1155,1160,1145,1145,4610
05/12/2014,1155,1155,1125,1150,8695
08/12/2014,1160,1160,1100,1140,4728
09/12/2014,1130,1155,1115,1130,3514
10/12/2014,1125,1145,1125,1130,709
11/12/2014,1125,1130,1095,1115,7353
12/12/2014,1115,1130,1105,1120,3057
15/12/2014,1120,1120,1095,1105,5493
16/12/2014,1100,1110,1080,1080,15304
17/12/2014,1070,1085,1065,1070,13740
18/12/2014,1070,1085,1060,1065,9915
19/12/2014,1070,1070,1030,1045,33528
22/12/2014,1050,1050,1040,1050,10693
23/12/2014,1050,1050,1030,1040,3795
24/12/2014,1030,1035,1020,1030,4675
29/12/2014,1030,1030,1015,1020,11168
30/12/2014,1030,1055,1030,1045,11140
02/01/2015,1030,1105,1030,1100,6190
05/01/2015,1100,1115,1080,1100,1784
06/01/2015,1095,1100,1070,1070,4021
07/01/2015,1070,1090,1040,1050,8528
08/01/2015,1055,1070,1035,1045,13339
09/01/2015,1045,1045,1035,1040,13726
12/01/2015,1040,1050,1040,1040,3113
13/01/2015,1045,1045,1040,1040,1766
14/01/2015,1050,1060,1045,1050,1499
15/01/2015,1055,1055,1045,1045,1030
16/01/2015,1045,1055,1040,1045,2158
19/01/2015,1045,1070,1045,1055,860
20/01/2015,1065,1080,1060,1070,8021
21/01/2015,1075,1080,1065,1070,4283
22/01/2015,1075,1090,1065,1065,12024
23/01/2015,1065,1080,1075,1080,14290
26/01/2015,1075,1090,1065,1075,4892
27/01/2015,1075,1075,1070,1070,2877
28/01/2015,1065,1075,1065,1075,3274
29/01/2015,1065,1090,1065,1090,4974
30/01/2015,1090,1100,1090,1090,2945
02/02/2015,1090,1090,1070,1075,481
03/02/2015,1070,1075,1060,1060,3061
04/02/2015,1060,1095,1050,1065,17930
05/02/2015,1070,1070,1065,1070,805
06/02/2015,1075,1080,1070,1070,4242
09/02/2015,1070,1070,1065,1065,459
10/02/2015,1065,1075,1065,1075,12291
11/02/2015,1055,1075,1030,1070,4667
12/02/2015,1050,1080,1045,1045,5955
13/02/2015,1070,1080,1045,1080,8661
16/02/2015,1085,1085,1050,1050,1404
17/02/2015,1075,1075,1050,1055,2574
18/02/2015,1060,1085,1050,1070,7360
20/02/2015,1070,1080,1060,1075,5838
23/02/2015,1075,1095,1065,1095,6888
24/02/2015,1095,1095,1065,1065,4743
25/02/2015,1065,1080,1050,1070,5891
26/02/2015,1065,1070,1020,1025,60253
27/02/2015,1025,1025,930,930,230138
02/03/2015,930,965,930,950,65796
03/03/2015,955,955,930,930,26571
04/03/2015,940,940,915,920,21151
05/03/2015,955,955,915,935,15785
06/03/2015,945,945,925,930,5048
09/03/2015,945,945,925,930,7349
10/03/2015,940,945,935,940,6068
11/03/2015,930,935,920,925,6548
12/03/2015,930,930,915,920,10454
13/03/2015,945,945,915,920,2164
16/03/2015,940,940,920,920,3077
17/03/2015,935,935,925,925,5445
18/03/2015,920,930,920,930,2878
19/03/2015,930,940,920,925,2396
20/03/2015,930,935,925,930,2480
23/03/2015,925,930,920,920,7188
24/03/2015,925,930,920,925,3261
25/03/2015,920,925,915,920,13753
26/03/2015,920,935,910,920,10257
27/03/2015,915,925,910,925,3768
30/03/2015,930,930,920,920,1500
31/03/2015,930,1000,925,995,25612
01/04/2015,990,990,970,975,9488
02/04/2015,975,975,965,975,4456
06/04/2015,975,975,965,970,2470
07/04/2015,975,990,970,985,9053
08/04/2015,990,990,970,985,11539
09/04/2015,985,985,980,985,1040
10/04/2015,985,990,975,985,2510
13/04/2015,990,1000,990,990,5083
14/04/2015,990,990,975,975,1758
15/04/2015,975,980,970,975,2053
16/04/2015,975,990,975,980,1864
17/04/2015,990,1025,980,1010,6909
20/04/2015,1020,1025,985,990,4243
21/04/2015,995,995,970,980,3368
22/04/2015,975,980,960,975,2334
23/04/2015,975,980,970,980,1619
24/04/2015,985,990,975,975,1080
27/04/2015,970,970,920,930,6625
28/04/2015,925,965,925,965,2139
29/04/2015,940,965,930,930,3496
30/04/2015,925,1150,925,1120,64777
04/05/2015,1125,1200,1120,1130,49044
05/05/2015,1150,1170,1110,1140,18329
06/05/2015,1150,1150,1125,1135,12499
07/05/2015,1135,1150,1095,1095,10606
08/05/2015,1095,1095,1045,1045,15224
11/05/2015,1055,1070,1040,1040,8059
12/05/2015,1055,1080,1045,1065,5002
13/05/2015,1075,1170,1070,1150,21041
15/05/2015,1155,1180,1140,1150,5779
18/05/2015,1135,1165,1090,1090,8482
19/05/2015,1090,1120,1085,1100,3920
20/05/2015,1100,1100,1085,1090,2594
21/05/2015,1085,1090,1075,1080,2654
22/05/2015,1075,1125,1075,1080,10778
25/05/2015,1075,1075,1050,1055,9934
26/05/2015,1055,1055,1035,1040,11606
27/05/2015,1045,1095,1045,1070,9025
28/05/2015,1070,1095,1055,1070,9470
29/05/2015,1080,1080,1000,1000,15932
01/06/2015,1015,1030,1010,1025,5758
03/06/2015,1020,1020,990,1000,6972
04/06/2015,1000,1005,985,990,4255
05/06/2015,1000,1000,980,985,3593
08/06/2015,990,995,965,965,2001
09/06/2015,965,965,885,890,19040
10/06/2015,890,925,890,920,25911
11/06/2015,925,925,895,895,21249
12/06/2015,895,900,880,895,4825
15/06/2015,895,900,875,890,3610
16/06/2015,895,900,890,890,3670
17/06/2015,890,910,890,900,5199
18/06/2015,900,900,885,895,8054
19/06/2015,895,905,890,890,15212
22/06/2015,890,895,865,895,5538
23/06/2015,900,900,895,900,6182
24/06/2015,900,940,895,920,20735
25/06/2015,920,925,895,915,8465
26/06/2015,915,925,895,895,10412
29/06/2015,900,900,875,885,8254
30/06/2015,885,910,875,895,1250
01/07/2015,910,910,895,895,2991
02/07/2015,910,930,900,910,7149
03/07/2015,900,910,885,900,7316
06/07/2015,910,910,885,890,7502
07/07/2015,900,900,885,895,897
08/07/2015,890,890,870,875,9107
09/07/2015,875,880,865,880,2904
10/07/2015,895,900,880,885,3144
13/07/2015,885,890,875,880,5752
14/07/2015,875,895,875,880,1073
15/07/2015,875,890,870,885,1894
22/07/2015,860,895,860,890,498
23/07/2015,875,900,875,890,922
24/07/2015,880,895,880,895,646
27/07/2015,880,895,880,885,1765
28/07/2015,880,885,870,885,4327
29/07/2015,870,920,870,905,7285
30/07/2015,900,980,900,960,29988
31/07/2015,975,990,945,960,8794
03/08/2015,935,1040,935,985,19252
04/08/2015,985,990,940,970,9126
05/08/2015,950,980,950,980,2454
06/08/2015,980,980,925,930,13926
07/08/2015,905,930,905,930,6766
10/08/2015,930,930,900,905,11190
11/08/2015,980,980,875,880,12143
12/08/2015,875,885,840,855,39692
13/08/2015,855,910,855,900,31067
14/08/2015,900,900,870,890,10135
18/08/2015,870,880,860,865,4937
19/08/2015,855,905,850,900,52651
20/08/2015,890,905,870,895,25417
21/08/2015,870,875,860,865,6673
24/08/2015,865,865,800,800,51359
25/08/2015,810,825,755,800,25571
26/08/2015,810,810,770,795,13358
27/08/2015,805,805,790,800,18731
28/08/2015,800,820,785,785,7029
31/08/2015,800,805,770,780,11456
01/09/2015,785,820,780,795,10604
02/09/2015,790,805,780,800,3763
03/09/2015,720,810,720,795,13554
04/09/2015,785,795,780,790,7988
07/09/2015,790,790,775,785,9369
08/09/2015,770,790,770,785,1925
09/09/2015,800,820,790,795,1258
10/09/2015,795,795,780,785,1442
11/09/2015,790,800,780,780,6076
14/09/2015,790,800,780,780,3764
15/09/2015,785,790,775,780,1592
16/09/2015,780,790,775,790,24952
17/09/2015,790,800,780,790,356
18/09/2015,795,800,775,785,6569
21/09/2015,775,790,775,790,3039
22/09/2015,795,845,795,805,43032
23/09/2015,805,805,780,785,5996
25/09/2015,780,815,780,805,4568
28/09/2015,805,805,780,785,3487
29/09/2015,805,805,780,790,1669
30/09/2015,795,800,785,790,314
01/10/2015,800,815,790,815,9288
02/10/2015,815,820,795,795,1374
05/10/2015,805,830,800,820,9811
06/10/2015,820,835,810,820,7498
07/10/2015,810,830,810,825,5117
08/10/2015,830,830,815,820,5355
09/10/2015,830,835,820,830,3528
12/10/2015,830,840,820,835,3346
13/10/2015,835,835,810,815,2295
15/10/2015,810,820,800,815,4955
16/10/2015,830,830,815,820,2400
19/10/2015,825,825,815,825,886
20/10/2015,825,845,815,830,2765
21/10/2015,830,835,815,820,3160
22/10/2015,830,830,815,820,557
23/10/2015,825,840,815,835,4821
26/10/2015,840,850,825,840,4385
27/10/2015,825,845,825,840,1847
28/10/2015,820,845,815,830,1904
29/10/2015,820,840,820,835,8782
30/10/2015,825,830,815,825,57245
02/11/2015,830,1030,830,1000,124002
03/11/2015,1020,1050,950,980,31753
04/11/2015,975,975,955,960,8369
05/11/2015,980,1020,950,980,17169
06/11/2015,1000,1010,960,980,9872
09/11/2015,1000,1000,955,960,7190
10/11/2015,990,990,935,945,14753
11/11/2015,930,965,925,940,15419
12/11/2015,960,960,945,950,3330
13/11/2015,950,960,935,960,6329
16/11/2015,950,970,935,955,5001
17/11/2015,955,970,950,955,10062
18/11/2015,970,1000,950,990,12579
19/11/2015,990,1015,980,990,8308
20/11/2015,1000,1020,985,995,2929
23/11/2015,1010,1015,985,985,2479
24/11/2015,990,995,985,985,5522
25/11/2015,1000,1000,970,985,6051
26/11/2015,995,995,975,985,26362
27/11/2015,995,995,970,975,925
30/11/2015,965,965,950,950,2764
01/12/2015,945,960,940,950,888
02/12/2015,945,945,925,925,3795
03/12/2015,925,925,875,885,5591
04/12/2015,895,900,885,895,178
07/12/2015,900,930,865,895,4625
08/12/2015,875,890,855,890,2696
10/12/2015,875,880,865,880,670
11/12/2015,870,885,860,875,2261
14/12/2015,875,875,865,870,569
15/12/2015,880,880,870,880,1189
16/12/2015,890,950,890,920,3824
17/12/2015,950,965,910,965,16328
18/12/2015,945,955,940,950,3318
21/12/2015,950,955,935,950,10237
22/12/2015,945,985,945,950,52365
23/12/2015,960,960,935,940,706
28/12/2015,965,970,935,945,9046
29/12/2015,960,965,940,960,3032
30/12/2015,950,970,945,955,3278
04/01/2016,950,950,920,930,4929
05/01/2016,925,945,925,940,775
06/01/2016,950,955,940,950,13323
07/01/2016,950,960,925,930,5726
08/01/2016,930,940,930,940,528
11/01/2016,950,950,910,930,4416
12/01/2016,930,940,925,940,1318
13/01/2016,945,945,925,935,3584
14/01/2016,945,945,915,935,918
15/01/2016,935,945,920,940,6221
18/01/2016,940,940,920,940,481
19/01/2016,945,955,935,945,2563
20/01/2016,940,950,935,940,7862
21/01/2016,940,940,925,935,1439
22/01/2016,930,940,930,935,5317
25/01/2016,935,950,935,940,327
26/01/2016,945,950,935,945,17623
27/01/2016,940,940,935,940,37934
28/01/2016,940,940,930,935,1417
29/01/2016,935,940,930,935,2145
01/02/2016,940,940,935,935,879
02/02/2016,940,955,935,935,2479
03/02/2016,945,955,930,935,3773
04/02/2016,935,935,900,905,13470
05/02/2016,905,920,875,880,23285
09/02/2016,870,920,865,920,5026
10/02/2016,915,920,890,895,895
11/02/2016,890,895,875,895,2000
12/02/2016,920,935,880,905,1571
15/02/2016,905,905,890,895,582
16/02/2016,900,900,875,880,8428
17/02/2016,880,895,870,875,16574
18/02/2016,880,890,865,875,24492
19/02/2016,875,880,865,870,3830
22/02/2016,875,875,865,870,5366
23/02/2016,870,870,860,865,14860
24/02/2016,860,865,855,855,3485
25/02/2016,855,855,845,850,5041
26/02/2016,855,860,845,855,8946
29/02/2016,860,905,855,885,18590
01/03/2016,890,900,885,900,3333
02/03/2016,905,980,905,940,26653
03/03/2016,970,975,920,920,9652
04/03/2016,920,945,915,930,6183
07/03/2016,940,950,920,920,2142
08/03/2016,920,955,910,920,10953
10/03/2016,930,960,915,925,9811
11/03/2016,925,925,910,915,4319
14/03/2016,885,920,885,905,13963
15/03/2016,900,915,895,900,4783
16/03/2016,910,910,885,895,15792
17/03/2016,905,980,895,955,82698
18/03/2016,975,1000,940,940,35204
21/03/2016,940,955,920,940,15481
22/03/2016,940,940,920,925,10602
23/03/2016,935,940,920,925,12807
24/03/2016,935,965,925,930,33697
28/03/2016,930,940,920,935,7416
29/03/2016,935,975,935,950,37191
30/03/2016,960,960,935,940,31623
31/03/2016,945,975,935,960,77934
01/04/2016,960,975,930,935,47701
04/04/2016,940,955,930,940,25043
05/04/2016,930,945,930,930,9960
06/04/2016,930,940,925,930,13011
07/04/2016,930,970,925,950,42452
08/04/2016,950,955,935,945,11534
11/04/2016,945,950,925,930,10471
12/04/2016,935,935,920,925,13391
13/04/2016,935,935,920,930,20864
14/04/2016,925,940,920,925,10545
15/04/2016,925,930,920,930,10036
18/04/2016,920,930,915,915,14278
19/04/2016,915,915,900,905,23007
20/04/2016,915,920,900,915,15090
21/04/2016,935,1025,920,1015,167808
22/04/2016,1020,1080,1005,1005,147358
25/04/2016,1005,1030,980,990,55098
26/04/2016,995,1035,990,995,73620
27/04/2016,1010,1010,995,1000,20198
28/04/2016,1000,1005,980,980,31087
29/04/2016,975,1025,960,1000,37419
02/05/2016,990,995,930,940,49310
03/05/2016,950,955,920,930,23042
04/05/2016,940,940,915,930,10098
09/05/2016,900,930,890,910,18895
10/05/2016,910,920,885,895,13668
11/05/2016,900,910,885,895,15337
12/05/2016,895,915,885,910,8311
13/05/2016,915,940,890,920,20451
16/05/2016,920,940,910,920,4997
17/05/2016,925,925,910,910,8599
18/05/2016,900,925,900,910,7409
19/05/2016,910,915,900,900,3042
20/05/2016,905,925,895,915,2994
23/05/2016,910,920,900,900,2588
24/05/2016,900,920,880,885,37479
25/05/2016,895,900,885,890,11351
26/05/2016,895,900,885,900,6178
27/05/2016,900,900,880,895,11701
30/05/2016,900,905,890,890,4710
31/05/2016,895,915,895,900,6380
01/06/2016,900,910,895,895,3930
02/06/2016,890,905,890,905,1590
03/06/2016,910,915,900,900,2860
06/06/2016,895,910,895,895,5611
07/06/2016,910,910,895,900,4612
08/06/2016,905,930,900,915,22222
09/06/2016,920,930,915,915,13124
10/06/2016,915,925,910,910,5155
13/06/2016,915,915,905,910,3019
14/06/2016,910,910,895,895,6857
15/06/2016,900,910,895,900,5823
16/06/2016,910,910,900,905,2793
17/06/2016,910,920,900,905,19145
20/06/2016,905,920,905,910,3024
21/06/2016,920,920,900,915,1648
22/06/2016,920,920,905,910,2888
23/06/2016,905,920,900,905,17984
24/06/2016,905,910,880,880,23373
27/06/2016,880,900,875,890,6592
28/06/2016,900,915,890,895,13765
29/06/2016,910,915,900,910,13034
30/06/2016,910,920,905,920,5275
01/07/2016,915,940,915,920,8732
11/07/2016,925,930,920,925,5226
12/07/2016,930,935,915,920,19273
13/07/2016,900,925,900,920,5557
14/07/2016,920,970,920,955,50620
15/07/2016,980,980,940,945,27201
18/07/2016,940,950,930,945,7331
19/07/2016,945,950,935,940,4376
20/07/2016,935,985,935,960,18254
21/07/2016,980,1100,970,1040,171021
22/07/2016,1060,1060,1010,1015,40892
25/07/2016,1015,1055,985,1000,36099
26/07/2016,1020,1025,995,1000,23339
27/07/2016,1000,1045,1000,1030,34380
28/07/2016,1035,1060,1020,1020,20671
29/07/2016,1040,1100,1025,1050,134057
01/08/2016,1055,1055,980,1000,136405
02/08/2016,1000,1015,980,985,25924
03/08/2016,990,995,980,980,22338
04/08/2016,985,1020,985,1000,31404
05/08/2016,1005,1025,995,995,34588
08/08/2016,1000,1010,995,1005,63367
09/08/2016,1010,1065,1005,1050,73238
10/08/2016,1060,1065,1040,1045,52751
11/08/2016,1050,1205,1000,1135,221084
12/08/2016,1145,1155,1125,1125,42674
15/08/2016,1130,1150,1060,1095,36362
16/08/2016,1100,1135,1075,1115,12276
18/08/2016,1110,1140,1100,1100,34397
19/08/2016,1100,1110,1085,1085,15573
22/08/2016,1090,1100,1075,1085,5854
23/08/2016,1095,1095,1025,1025,43197
24/08/2016,1030,1040,1020,1030,18612
25/08/2016,1040,1055,1030,1050,16719
26/08/2016,1050,1060,1025,1030,14053
29/08/2016,1030,1030,995,1000,68134
30/08/2016,1005,1030,1000,1030,61021
31/08/2016,1005,1075,1005,1040,21357
01/09/2016,1070,1070,1020,1020,4651
02/09/2016,1025,1040,1015,1040,6448
05/09/2016,1045,1045,1020,1025,4320
06/09/2016,1025,1035,980,1020,16303
07/09/2016,1025,1025,1015,1020,55221
08/09/2016,1020,1020,1010,1015,3457
09/09/2016,1015,1025,1005,1020,417
13/09/2016,1000,1005,985,995,15032
14/09/2016,985,990,950,990,44384
15/09/2016,985,990,970,990,1391
16/09/2016,990,1010,980,995,5392
19/09/2016,980,1015,970,990,2918
20/09/2016,990,1005,985,1005,1492
21/09/2016,995,1005,985,995,5748
22/09/2016,995,1005,995,995,2526
23/09/2016,990,1000,990,995,2005
26/09/2016,1000,1015,980,985,3161
27/09/2016,985,1000,985,995,3230
28/09/2016,995,995,995,995,115
29/09/2016,990,995,985,990,18660
30/09/2016,990,990,985,985,15033
03/10/2016,985,995,985,995,13393
04/10/2016,985,990,980,985,8363
05/10/2016,985,985,970,980,10565
06/10/2016,975,985,965,970,29745
07/10/2016,970,985,970,975,8473
10/10/2016,975,985,970,970,3487
11/10/2016,970,980,965,970,10219
12/10/2016,975,985,950,970,55873
13/10/2016,975,985,975,980,7828
14/10/2016,980,990,970,980,8750
17/10/2016,970,1010,970,995,42953
18/10/2016,995,1010,985,985,14251
19/10/2016,985,995,980,990,3462
20/10/2016,990,995,985,990,5254
21/10/2016,1000,1070,1000,1040,70237
24/10/2016,1040,1045,1030,1040,17354
25/10/2016,1050,1085,1035,1050,51626
26/10/2016,1050,1055,1035,1035,14567
27/10/2016,1040,1045,1020,1035,18202
28/10/2016,1045,1050,1030,1045,22377
31/10/2016,1045,1075,1035,1060,46042
01/11/2016,1065,1100,1030,1030,27584
02/11/2016,1030,1030,1010,1020,28203
03/11/2016,1025,1025,1000,1005,11936
04/11/2016,1000,1020,1000,1010,7835
07/11/2016,1000,1020,995,1000,24010
08/11/2016,980,1015,980,1010,5022
09/11/2016,1010,1010,985,1000,9212
10/11/2016,1000,1020,1000,1015,10974
11/11/2016,1015,1015,985,995,8944
14/11/2016,995,995,960,995,5754
15/11/2016,995,995,950,950,9014
16/11/2016,975,975,950,970,1188
17/11/2016,970,995,965,980,16107
18/11/2016,980,1000,970,1000,10625
21/11/2016,990,1005,990,990,482
22/11/2016,990,1000,975,995,8004
23/11/2016,990,1000,985,995,13679
24/11/2016,1000,1005,975,990,24066
25/11/2016,985,990,980,990,10406
28/11/2016,980,995,980,980,2543
29/11/2016,980,985,975,975,1970
30/11/2016,980,995,975,975,7346
01/12/2016,975,990,975,985,158
02/12/2016,985,990,980,980,1521
05/12/2016,980,985,970,970,6036
06/12/2016,975,990,965,970,23422
07/12/2016,975,975,955,960,12773
08/12/2016,965,980,965,965,1474
09/12/2016,970,975,965,965,5218
13/12/2016,965,975,955,955,2534
14/12/2016,960,970,960,970,19619
15/12/2016,960,970,955,960,12364
16/12/2016,955,965,950,965,995
19/12/2016,965,970,960,965,1814
20/12/2016,950,970,950,955,11855
21/12/2016,950,965,950,955,8738
22/12/2016,955,955,945,955,19582
23/12/2016,950,950,940,945,11245
27/12/2016,945,955,935,955,1966
28/12/2016,960,970,950,950,47433
29/12/2016,955,960,950,955,12382
30/12/2016,950,965,950,955,110742
03/01/2017,965,970,965,965,2245
04/01/2017,965,965,955,955,2325
05/01/2017,960,970,955,970,1409
06/01/2017,970,980,965,970,5721
09/01/2017,975,1010,975,1005,28513
10/01/2017,1040,1045,1015,1030,26769
11/01/2017,1030,1040,1015,1025,6386
12/01/2017,1015,1025,995,995,6135
13/01/2017,995,1005,990,1005,2689
16/01/2017,1015,1125,1015,1110,309902
17/01/2017,1160,1185,1090,1090,294948
18/01/2017,1115,1115,1080,1085,17688
19/01/2017,1100,1100,1055,1085,7041
20/01/2017,1085,1090,1025,1045,10478
23/01/2017,1055,1055,1030,1040,7692
24/01/2017,1050,1080,1000,1010,45060
25/01/2017,1040,1040,990,1005,32026
26/01/2017,1010,1030,1010,1030,20544
27/01/2017,1030,1030,1005,1005,9425
30/01/2017,1005,1040,1000,1030,9792
31/01/2017,1030,1045,1025,1045,9481
01/02/2017,1070,1070,1030,1055,8909
02/02/2017,1045,1050,1035,1035,4014
03/02/2017,1050,1055,1040,1055,2478
06/02/2017,1055,1080,1050,1075,5063
07/02/2017,1105,1105,1065,1075,8285
08/02/2017,1085,1095,1045,1060,12669
09/02/2017,1065,1075,1060,1060,6882
10/02/2017,1075,1140,1060,1105,12636
13/02/2017,1110,1140,1100,1115,39934
14/02/2017,1110,1115,1100,1100,24831
16/02/2017,1100,1120,1085,1100,22291
17/02/2017,1100,1110,1095,1105,6579
20/02/2017,1110,1120,1100,1110,8847
21/02/2017,1100,1125,1100,1115,10161
22/02/2017,1120,1155,1110,1155,52427
23/02/2017,1155,1210,1150,1160,61429
24/02/2017,1160,1180,1125,1170,12621
27/02/2017,1170,1210,1160,1190,21528
28/02/2017,1210,1270,1170,1260,95537
01/03/2017,1270,1290,1230,1245,74894
02/03/2017,1245,1275,1220,1275,47074
03/03/2017,1280,1280,1235,1260,42923
06/03/2017,1245,1260,1190,1220,14778
07/03/2017,1255,1255,1225,1230,6328
08/03/2017,1265,1265,1215,1225,3081
09/03/2017,1225,1225,1205,1215,109576
10/03/2017,1220,1260,1050,1205,41597
13/03/2017,1210,1230,1200,1205,2769
14/03/2017,1240,1240,1120,1210,16682
15/03/2017,1205,1205,1180,1195,1507
16/03/2017,1225,1240,1190,1230,14285
17/03/2017,1260,1260,1210,1215,7976
20/03/2017,1220,1240,1200,1220,1778
21/03/2017,1205,1225,1135,1180,27569
22/03/2017,1195,1205,1140,1155,4552
23/03/2017,1200,1215,1160,1210,18996
24/03/2017,1240,1325,1210,1280,50093
27/03/2017,1310,1310,1270,1285,35917
29/03/2017,1305,1360,1290,1320,51447
30/03/2017,1340,1340,1265,1290,13025
31/03/2017,1315,1345,1270,1310,29087
03/04/2017,1310,1350,1310,1330,60292
04/04/2017,1355,1355,1300,1335,45763
05/04/2017,1365,1485,1345,1485,116262
06/04/2017,1500,1830,1485,1645,361819
07/04/2017,1690,1750,1580,1745,92663
10/04/2017,1770,1860,1725,1805,95943
11/04/2017,1820,1840,1700,1725,57814
12/04/2017,1775,1775,1640,1650,55167
13/04/2017,1680,1680,1610,1635,15157
17/04/2017,1635,1760,1630,1720,99965
18/04/2017,1735,1835,1705,1725,135071
20/04/2017,1750,1795,1725,1790,51975
21/04/2017,1795,1825,1760,1790,43038
25/04/2017,1830,1835,1745,1800,32923
26/04/2017,1850,1890,1810,1825,128733
27/04/2017,1840,1880,1825,1840,57015
28/04/2017,1845,2130,1810,2080,240863
02/05/2017,2150,2490,2110,2360,359247
03/05/2017,2390,2430,2270,2280,90467
04/05/2017,2340,2560,2280,2500,188783
05/05/2017,2520,2800,2430,2730,237667
08/05/2017,2750,2850,2650,2720,106790
09/05/2017,2720,2960,2710,2890,219053
10/05/2017,2890,2990,2580,2580,186108
12/05/2017,2650,2720,2530,2600,87333
15/05/2017,2600,2640,2240,2390,229599
16/05/2017,2390,2510,2330,2480,101731
17/05/2017,2550,2550,2360,2370,49971
18/05/2017,2400,2450,2300,2370,45229
19/05/2017,2350,2510,2350,2460,51831
22/05/2017,2510,2650,2420,2640,101434
23/05/2017,2620,2720,2600,2600,52792
24/05/2017,2550,2690,2490,2500,116234
26/05/2017,2500,2600,2500,2550,84512
29/05/2017,2590,2590,2480,2500,22333
30/05/2017,2530,2530,2440,2470,26650
31/05/2017,2480,2550,2460,2530,60789
02/06/2017,2540,2640,2500,2540,88465
05/06/2017,2590,2590,2500,2510,16918
06/06/2017,2510,2600,2480,2540,45907
07/06/2017,2480,2630,2480,2550,87568
08/06/2017,2530,2630,2530,2620,81413
09/06/2017,2620,2690,2500,2520,116304
12/06/2017,2520,2540,2380,2430,107906
13/06/2017,2450,2490,2370,2480,43241
14/06/2017,2480,2530,2430,2520,51626
15/06/2017,2520,2520,2390,2430,74760
16/06/2017,2440,2470,2390,2440,65131
19/06/2017,2440,2440,2350,2360,28972
20/06/2017,2360,2410,2360,2390,8566
21/06/2017,2390,2480,2350,2470,32077
22/06/2017,2450,2550,2400,2550,32614
03/07/2017,2550,2550,2490,2490,8390
04/07/2017,2480,2490,2410,2410,14838
05/07/2017,2450,2450,2410,2410,13056
06/07/2017,2400,2460,2400,2450,18297
07/07/2017,2440,2460,2400,2440,73027
10/07/2017,3050,3050,2460,2490,25328
11/07/2017,2480,2530,2480,2490,10862
12/07/2017,2490,2530,2460,2520,17277
13/07/2017,2520,2660,2470,2660,81776
14/07/2017,2660,2720,2560,2580,98842
17/07/2017,2580,2640,2560,2600,16632
18/07/2017,2600,2760,2560,2720,94253
19/07/2017,2740,2770,2660,2690,73331
20/07/2017,2690,2700,2640,2650,10151
21/07/2017,2640,2690,2570,2620,66112
24/07/2017,2600,2690,2600,2660,28467
25/07/2017,2670,2680,2610,2620,16470
26/07/2017,2620,2660,2610,2620,16154
27/07/2017,2650,2660,2620,2630,11383
28/07/2017,2630,2700,2610,2670,29497
31/07/2017,2710,2770,2580,2770,130564
01/08/2017,2760,2770,2700,2740,98967
02/08/2017,2740,2740,2680,2680,38188
03/08/2017,2690,2690,2610,2660,70460
04/08/2017,2670,2670,2630,2660,13753
07/08/2017,2660,2720,2660,2680,22185
08/08/2017,2680,2700,2640,2680,54581
09/08/2017,2680,2720,2660,2690,21673
10/08/2017,2690,2730,2660,2730,35623
11/08/2017,2730,2750,2630,2720,131242
14/08/2017,2720,2750,2680,2740,39539
15/08/2017,2740,2900,2740,2830,156731
16/08/2017,2830,2860,2770,2830,87655
18/08/2017,2830,2890,2810,2850,17939
21/08/2017,2850,2890,2830,2860,14462
22/08/2017,2880,2970,2810,2900,91536
23/08/2017,2920,2950,2890,2930,29619
24/08/2017,2920,2950,2810,2930,201698
25/08/2017,2940,2950,2900,2930,30045
28/08/2017,2950,2970,2930,2960,19949
29/08/2017,2960,3050,2940,2960,151438
30/08/2017,2960,3010,2920,3010,75234
31/08/2017,3050,3090,3010,3080,60933
04/09/2017,3100,3150,3060,3110,49255
05/09/2017,3140,3150,3070,3120,38533
06/09/2017,3180,3210,3110,3160,72078
07/09/2017,3160,3330,3130,3260,185030
08/09/2017,3240,3330,3160,3200,134055
11/09/2017,3200,3230,3120,3190,84031
12/09/2017,3190,3300,3180,3230,74279
13/09/2017,3230,3300,3190,3230,76426
14/09/2017,3230,3310,3220,3310,138803
15/09/2017,3290,3940,3290,3710,275376
18/09/2017,3750,3940,3720,3890,93541
19/09/2017,3890,3980,3810,3920,39657
20/09/2017,3940,4250,3860,4240,123280
22/09/2017,4240,4390,4230,4300,54631
25/09/2017,4300,4350,3960,3990,114783
26/09/2017,3980,3980,3720,3760,132638
27/09/2017,3830,4030,3640,3960,165054
28/09/2017,3970,4030,3870,3880,31680
29/09/2017,3880,4200,3850,4190,105665
02/10/2017,4210,4480,4210,4390,94408
03/10/2017,4400,4540,4370,4390,62094
04/10/2017,4390,4450,4300,4390,29302
05/10/2017,4390,4440,4300,4300,25840
06/10/2017,4300,4400,4250,4310,45982
09/10/2017,4310,4360,4220,4220,31007
10/10/2017,4230,4250,4110,4130,52426
11/10/2017,4130,4370,4130,4350,73772
12/10/2017,4380,4490,4240,4430,113425
13/10/2017,4440,4540,4410,4440,54936
16/10/2017,4450,4580,4350,4540,59223
17/10/2017,4540,4600,4510,4550,48129
18/10/2017,4530,4740,4510,4710,62698
19/10/2017,4700,4800,4640,4670,60319
20/10/2017,4690,4720,4640,4640,26865
23/10/2017,4640,4700,4580,4650,26573
24/10/2017,4650,4800,4590,4800,50740
25/10/2017,4820,4880,4800,4830,29453
26/10/2017,4820,4870,4760,4820,24702
27/10/2017,4830,5025,4800,4990,84619
30/10/2017,4970,5150,4970,5150,48637
31/10/2017,5175,5275,5050,5275,45519
01/11/2017,5400,5525,5325,5475,52196
02/11/2017,5500,5625,5350,5400,59968
03/11/2017,5450,5500,5200,5425,69614
06/11/2017,5475,5600,5425,5450,44819
07/11/2017,5450,5575,5450,5475,24580
08/11/2017,5475,5900,5375,5800,62501
09/11/2017,5900,6000,5550,5700,136191
10/11/2017,5700,5725,5525,5700,86625
13/11/2017,5750,5825,5625,5725,54327
14/11/2017,5725,5775,5650,5675,24204
15/11/2017,5675,5775,5550,5600,49102
16/11/2017,5600,5700,5550,5625,46410
17/11/2017,5675,5750,5575,5675,27911
20/11/2017,5700,5775,5600,5675,21921
21/11/2017,5700,5700,5625,5675,19506
22/11/2017,5675,5700,5625,5675,30304
23/11/2017,5700,5750,5650,5675,19526
24/11/2017,5700,5700,5650,5675,16504
27/11/2017,5700,5700,4700,4870,141527
28/11/2017,4900,5250,4650,4890,279596
29/11/2017,4940,5225,4850,5175,94304
30/11/2017,5150,5325,5150,5225,73391
01/12/2017,5225,5225,5225,5225,0
04/12/2017,5250,5275,4950,4990,71462
05/12/2017,4990,5000,4550,4850,150742
06/12/2017,4840,4870,4720,4850,92863
07/12/2017,4850,4970,4800,4890,46960
08/12/2017,4890,4950,4850,4930,23164
11/12/2017,4940,4970,4870,4910,21439
12/12/2017,4910,4930,4780,4910,44755
13/12/2017,4920,5100,4910,5025,47738
14/12/2017,5075,5200,5025,5200,41513
15/12/2017,5200,5275,4940,5200,127386
18/12/2017,5200,5400,5075,5400,84891
19/12/2017,5400,5525,5325,5400,108930
20/12/2017,5425,5425,5300,5400,68213
21/12/2017,5400,5425,5325,5375,37267
22/12/2017,5375,5425,5350,5400,21282
27/12/2017,5400,5425,5100,5400,83410
28/12/2017,5400,5400,5250,5400,146978
29/12/2017,5375,5425,5350,5400,69186
02/01/2018,5400,5550,5350,5500,95264
03/01/2018,5500,5525,5425,5525,49136
04/01/2018,5525,5525,5350,5500,95518
05/01/2018,5500,5600,5475,5525,42735
08/01/2018,5575,5625,5500,5550,47355
09/01/2018,5575,5575,5375,5500,107441
10/01/2018,5525,5550,5425,5500,44197
11/01/2018,5500,5650,5450,5650,64467
12/01/2018,5700,5975,5675,5825,117201
15/01/2018,5900,5975,5700,5800,73280
16/01/2018,5800,6350,5750,6325,137221
17/01/2018,6350,6725,6350,6650,163659
18/01/2018,6700,6775,6575,6675,54357
19/01/2018,6675,7150,6675,7125,116473
22/01/2018,7250,7575,7000,7525,124284
23/01/2018,7525,7950,7525,7925,112707
24/01/2018,8000,8000,7725,7975,69940
25/01/2018,7975,8200,7950,8100,83391
26/01/2018,8100,8650,8025,8600,127283
29/01/2018,8600,8775,8125,8525,72469
30/01/2018,8525,8950,8425,8925,121459
31/01/2018,8950,9450,8925,9375,138222
01/02/2018,9425,9525,9150,9225,69876
02/02/2018,9300,9450,8975,9050,65844
05/02/2018,9000,9050,8525,8900,86390
06/02/2018,8700,8700,7775,8450,232950
07/02/2018,8600,8850,8225,8400,84290
08/02/2018,8400,8400,7950,8200,72733
09/02/2018,7900,8100,7600,7950,78131
12/02/2018,7925,8250,7900,8200,42911
13/02/2018,8250,8375,8100,8150,118685
14/02/2018,8175,8475,8150,8450,134837
15/02/2018,8500,8800,8325,8625,144339
19/02/2018,8700,9400,8700,9400,167865
20/02/2018,9425,9800,9400,9500,77619
21/02/2018,9550,9725,9500,9575,58017
22/02/2018,9575,9925,9300,9875,100949
23/02/2018,9900,10225,9900,10000,88097
26/02/2018,10150,10325,10025,10050,80424
27/02/2018,10050,10225,9925,10000,67965
28/02/2018,10000,10975,9825,10750,175900
01/03/2018,10750,11350,10700,11150,166799
02/03/2018,11175,11975,11150,11950,312793
05/03/2018,12075,12250,11525,11750,187742
06/03/2018,11725,11950,11375,11750,123316
07/03/2018,11500,11800,11275,11500,94799
08/03/2018,11500,12050,11375,12050,127577
09/03/2018,12050,12525,11925,12275,174709
12/03/2018,12400,12400,12075,12300,152705
13/03/2018,12300,12300,11775,11850,131912
14/03/2018,11800,12050,11500,11525,93179
15/03/2018,11575,11625,10975,11200,166133
16/03/2018,11100,11525,11050,11225,676202
19/03/2018,11300,11475,10400,10900,134366
20/03/2018,10700,11025,10500,11000,153728
21/03/2018,11050,11550,11050,11425,145602
22/03/2018,11550,11900,11325,11500,112623
23/03/2018,11175,11350,10800,11225,117431
26/03/2018,11225,11475,11025,11475,80507
27/03/2018,11625,11800,11400,11625,116183
28/03/2018,11625,11700,11350,11500,56351
29/03/2018,11700,11750,10900,11000,109307
02/04/2018,11100,11300,11000,11100,47866
03/04/2018,11100,11100,10675,10900,114279
04/04/2018,10900,11175,10700,10750,99566
05/04/2018,10900,11150,10775,11075,95330
06/04/2018,11100,11300,10775,10850,107884
09/04/2018,10725,11150,10700,11150,63925
10/04/2018,11150,11325,11050,11250,35834
11/04/2018,11250,11600,11250,11500,106713
12/04/2018,11500,12200,11500,12200,273715
13/04/2018,12250,12325,12025,12275,88238
16/04/2018,12300,12350,12125,12250,56405
17/04/2018,12075,12300,12075,12250,52042
18/04/2018,12250,12825,12250,12775,207996
19/04/2018,12900,13050,12750,12925,86911
20/04/2018,12775,13425,12675,13125,107203
23/04/2018,13125,13350,13050,13200,64774
24/04/2018,13250,13250,12575,12950,98903
25/04/2018,12950,13200,12625,12725,67298
26/04/2018,12675,12725,11675,12450,188435
27/04/2018,12600,12850,12400,12600,91200
30/04/2018,12700,13200,12575,13200,88204
02/05/2018,13200,13900,13200,13675,168005
03/05/2018,13800,13850,13450,13700,107652
04/05/2018,13725,14000,13650,13775,76548
07/05/2018,13950,13950,13625,13800,48113
08/05/2018,13825,13925,13100,13400,82354
09/05/2018,13400,13600,13225,13500,105564
11/05/2018,13600,13900,13550,13700,123127
14/05/2018,13500,13725,13000,13525,113683
15/05/2018,13750,14300,13750,14200,402815
16/05/2018,14250,14650,14125,14350,253046
17/05/2018,14350,14575,14200,14350,177619
18/05/2018,14350,14500,14350,14450,159984
21/05/2018,14500,14650,14050,14250,105192
22/05/2018,14250,14575,14250,14575,173097
23/05/2018,14675,15000,14600,15000,179044
24/05/2018,15125,15475,15000,15250,191511
25/05/2018,15300,16050,15225,16000,275354
28/05/2018,16100,16750,16100,16550,182653
30/05/2018,16700,17050,16450,16800,300774
31/05/2018,16800,18700,16700,18700,1888370
04/06/2018,18500,19000,18050,18400,320769
05/06/2018,18400,20550,18400,20350,290171
06/06/2018,20500,20500,19600,19625,112799
07/06/2018,19650,20150,19025,20000,109735
08/06/2018,20000,20000,19100,19100,189551
20/06/2018,19325,20000,18775,20000,169838
21/06/2018,20000,20700,19675,20025,136521
22/06/2018,20025,20025,19200,19250,116950
25/06/2018,19300,19650,19000,19225,53510
26/06/2018,19125,19300,18700,18800,66535
27/06/2018,18875,19800,18425,19000,107407
28/06/2018,19275,19275,17475,17575,95465
29/06/2018,17700,18600,16275,18600,146479
02/07/2018,18500,19000,18025,18425,71961
03/07/2018,18500,18700,17100,17500,82510
04/07/2018,17400,17675,14650,16775,190381
05/07/2018,16825,17325,16550,17150,118837
06/07/2018,17150,17350,16800,16800,62361
09/07/2018,16800,17700,16800,17700,97616
10/07/2018,17900,18850,17800,18775,118241
11/07/2018,18875,19600,18375,19600,128875
12/07/2018,19725,19900,19275,19400,96265
13/07/2018,19375,19900,19250,19900,89146
16/07/2018,19900,19975,19025,19525,82021
17/07/2018,19450,19850,19325,19775,83909
18/07/2018,19700,19800,19425,19750,33766
19/07/2018,19750,20375,19575,20000,139492
20/07/2018,20000,20000,19400,19750,67339
23/07/2018,19800,20000,18150,18275,98325
24/07/2018,18475,18975,17675,17900,98943
25/07/2018,17900,18725,17525,18650,93596
26/07/2018,18900,19650,18775,19400,119679
27/07/2018,19500,19750,19400,19750,74165
30/07/2018,19800,19900,19400,19850,79304
31/07/2018,19800,20000,18800,19200,101441
01/08/2018,19475,19700,18700,19700,87366
02/08/2018,19600,19650,18875,19250,114785
03/08/2018,19450,19450,18625,18700,58931
06/08/2018,18725,19100,18725,19100,33110
07/08/2018,19200,19300,18950,19300,56777
08/08/2018,19300,19925,19175,19825,112924
09/08/2018,19825,19900,19025,19350,55390
10/08/2018,19350,19550,18875,19300,45098
13/08/2018,19100,19150,18525,18525,53075
14/08/2018,18525,18800,18025,18100,59888
15/08/2018,18300,18400,16900,17875,77085
16/08/2018,17800,18000,17275,17600,39587
20/08/2018,17700,18600,17675,18200,100340
21/08/2018,18400,19125,18150,19125,73255
23/08/2018,19200,19475,18600,19475,133589
24/08/2018,19450,19450,18775,19000,71483
27/08/2018,19800,19800,18775,19300,128137
28/08/2018,19350,19400,19050,19150,24166
29/08/2018,19200,19200,18825,19150,52790
30/08/2018,19225,19425,18675,18800,80431
31/08/2018,18500,19100,18000,19100,152647
03/09/2018,19000,19050,18125,18525,86723
04/09/2018,18525,18650,18350,18525,26267
05/09/2018,18200,18600,17300,17650,83769
06/09/2018,17500,18150,17500,18150,89114
07/09/2018,17875,18150,17600,17975,45255
10/09/2018,17925,17975,17100,17725,56070
12/09/2018,17775,18000,17125,17400,85517
13/09/2018,17600,17900,17300,17725,65421
14/09/2018,17800,17950,17550,17900,27786
17/09/2018,17600,17800,16950,17100,55792
18/09/2018,17000,17300,16500,17000,46583
19/09/2018,17200,17900,17075,17850,85622
20/09/2018,18000,18300,17500,18300,127132
21/09/2018,18475,18750,18200,18750,301684
24/09/2018,18600,18600,18325,18350,53537
25/09/2018,18400,18400,17400,17575,73478
26/09/2018,17750,17775,17325,17500,21684
27/09/2018,17500,17850,17100,17625,57173
28/09/2018,17600,17725,17350,17350,42879
01/10/2018,17325,17575,17050,17175,40312
02/10/2018,17200,17200,16025,16100,103717
03/10/2018,16300,16650,16000,16000,64595
04/10/2018,16000,16000,14200,14450,143394
05/10/2018,14400,14750,13900,14400,80152
08/10/2018,14525,14650,14325,14425,56326
09/10/2018,14525,15250,14375,15175,73617
10/10/2018,15300,15300,14625,14925,69614
11/10/2018,14300,14500,14000,14025,58124
12/10/2018,14100,14400,13700,14300,70148
15/10/2018,14300,14475,11700,11700,186826
16/10/2018,11700,12350,10750,12250,189235
17/10/2018,12400,13550,12400,13525,104463
18/10/2018,13550,14100,13400,13675,87496
19/10/2018,13500,13550,13025,13475,81420
22/10/2018,13475,13875,13250,13675,54550
23/10/2018,13650,13775,13100,13150,35650
24/10/2018,13050,13375,11400,11400,102286
25/10/2018,10900,12150,10750,11950,83310
26/10/2018,12100,12200,11375,11400,61096
29/10/2018,11400,11750,10925,11750,56949
30/10/2018,11700,12500,11500,12500,73614
31/10/2018,12800,13100,12650,12725,108867
01/11/2018,12900,13000,11250,11700,157570
02/11/2018,11775,12100,11300,11700,94168
05/11/2018,11700,11700,10900,10900,80059
06/11/2018,10900,11275,10675,10975,67036
07/11/2018,11000,11400,11000,11175,64308
08/11/2018,11300,11700,11025,11375,111408
09/11/2018,11375,11450,11050,11275,58716
12/11/2018,11150,11425,10950,11000,63718
13/11/2018,10900,11225,10825,11025,61705
14/11/2018,11175,11825,11150,11700,99564
15/11/2018,11750,11850,11475,11475,57516
16/11/2018,11625,11975,11425,11900,66181
19/11/2018,11900,12175,11250,11250,114342
21/11/2018,11150,11600,11000,11450,60987
22/11/2018,11575,12150,11500,12075,90659
23/11/2018,12125,13350,12125,13300,81172
26/11/2018,13300,13675,13100,13675,97879
27/11/2018,13800,13800,12200,12200,154583
28/11/2018,12150,12350,11475,11700,117505
29/11/2018,12000,12100,11600,11700,91706
30/11/2018,11600,11700,10425,10500,243369
03/12/2018,10800,10900,10475,10500,81850
04/12/2018,10500,11625,10500,11575,104981
05/12/2018,11300,11675,11200,11600,62292
06/12/2018,11500,11550,11100,11550,58361
07/12/2018,11500,11600,11400,11500,38816
10/12/2018,11600,11600,11400,11475,28289
11/12/2018,11475,11550,10900,11000,69326
12/12/2018,11100,11500,11100,11500,35639
13/12/2018,11525,12200,11375,12200,96312
14/12/2018,12050,12175,11750,11875,47572
17/12/2018,11750,11800,11375,11375,41335
18/12/2018,11300,12100,11100,12000,56788
19/12/2018,12050,12200,11575,12000,60990
20/12/2018,11775,11925,11600,11675,35734
21/12/2018,11500,11800,11500,11600,41470
26/12/2018,11500,11700,11250,11650,18744
27/12/2018,11750,11975,11750,11900,21050
28/12/2018,11900,11950,11500,11550,39389
02/01/2019,11650,11650,11275,11500,21026
03/01/2019,11450,11500,11150,11300,39579
04/01/2019,11200,11375,11175,11225,30824
07/01/2019,11400,11500,11150,11150,44738
08/01/2019,11275,11500,11250,11300,43298
09/01/2019,11400,11650,11375,11575,45110
10/01/2019,11700,12575,11675,12575,124163
11/01/2019,12700,12975,12300,12725,86218
14/01/2019,12725,12725,12100,12600,41235
15/01/2019,12600,12875,12350,12875,48895
16/01/2019,12875,12900,12550,12700,44058
17/01/2019,12700,12975,12500,12650,59538
18/01/2019,12650,12650,12200,12300,49992
21/01/2019,12400,12600,11900,11950,59402
22/01/2019,11925,12050,11725,11925,41376
23/01/2019,11925,12450,11925,12450,60959
24/01/2019,12475,12725,12300,12725,55723
25/01/2019,12825,13125,12575,13100,69370
28/01/2019,13100,13550,13100,13525,83210
29/01/2019,13500,13700,13125,13200,46367
30/01/2019,13300,13450,13000,13250,46292
31/01/2019,13250,13375,13000,13000,82486
01/02/2019,13100,13125,12625,12675,40230
04/02/2019,12675,13050,12500,12500,38896
06/02/2019,12525,13175,12525,13100,63535
07/02/2019,13200,13300,12800,12950,29786
08/02/2019,12600,12850,12500,12675,37677
11/02/2019,12600,12750,12350,12500,20383
12/02/2019,12500,12700,12075,12450,29675
13/02/2019,12475,12650,12250,12625,33388
14/02/2019,12525,12600,11975,11975,33175
15/02/2019,11975,12000,11425,11500,45213
18/02/2019,11600,11900,11600,11875,28160
19/02/2019,11875,12100,11675,11925,23769
20/02/2019,11950,12250,11950,12250,50175
21/02/2019,12250,12250,12100,12175,16045
22/02/2019,12000,12200,11750,12175,21512
25/02/2019,12150,12425,11925,12175,29032
26/02/2019,12175,12300,11850,12050,27058
27/02/2019,11850,12000,11600,11775,29328
28/02/2019,11700,11700,11025,11025,77608
01/03/2019,11150,11300,11000,11175,29245
04/03/2019,11275,11275,11100,11250,15843
05/03/2019,11250,11250,11000,11025,24100
06/03/2019,11025,11150,10700,10725,41167
08/03/2019,10700,10900,10625,10650,27144
11/03/2019,10650,10675,10250,10250,49521
12/03/2019,10350,10375,9525,9525,120774
13/03/2019,9525,9550,8775,8950,144702
14/03/2019,8950,9750,8850,9225,135438
15/03/2019,9300,10075,9300,9700,190536
18/03/2019,9800,10150,9775,10100,103271
19/03/2019,10125,10200,9625,10050,114266
20/03/2019,10075,10500,9900,10200,97847
21/03/2019,10200,10400,10075,10200,55190
22/03/2019,10200,10250,9750,9800,79904
25/03/2019,9600,9625,9225,9250,90662
26/03/2019,9350,9475,9125,9250,85131
27/03/2019,9275,9375,9100,9250,58577
28/03/2019,9300,9550,9150,9250,56195
29/03/2019,9300,9350,8600,8600,183004
01/04/2019,8700,8800,8125,8200,70569
02/04/2019,8225,8500,8225,8325,57922
04/04/2019,8325,8400,7700,7725,135895
05/04/2019,7750,8275,7750,8125,104581
08/04/2019,8175,8350,7900,8200,84177
09/04/2019,8300,8625,8150,8575,102161
10/04/2019,8525,8525,8075,8375,215205
11/04/2019,8275,8275,8025,8050,50747
12/04/2019,8000,8075,7775,8025,58764
15/04/2019,8050,8150,7900,7925,31275
16/04/2019,7925,7950,7775,7775,63517
18/04/2019,8000,8000,7500,7500,121508
22/04/2019,7600,7650,7125,7200,79446
23/04/2019,7200,7425,7150,7325,51636
24/04/2019,7325,7400,7175,7225,38851
25/04/2019,7200,7325,7075,7100,36169
26/04/2019,7100,7150,6825,6875,51541
29/04/2019,6875,7450,6775,7400,67917
30/04/2019,7400,7700,7375,7400,111090
02/05/2019,7375,7400,6875,6900,91106
03/05/2019,6900,6925,6550,6675,47448
06/05/2019,6500,6975,6425,6925,40307
07/05/2019,6975,7075,6775,6775,32972
08/05/2019,6700,6800,6575,6750,42736
09/05/2019,6700,6750,6250,6250,93291
10/05/2019,6275,6525,6250,6450,65272
13/05/2019,6350,6500,6175,6175,41730
14/05/2019,6000,6175,5900,6100,80440
15/05/2019,6125,6225,5950,5950,50235
16/05/2019,5900,6050,5725,5725,63041
17/05/2019,5725,5825,5500,5500,59144
20/05/2019,5500,5925,5325,5850,83795
21/05/2019,5875,6450,5875,6300,89848
22/05/2019,6300,6325,5950,6075,84272
23/05/2019,6075,6525,6050,6450,88215
24/05/2019,6450,6525,6125,6175,77683
27/05/2019,6200,6775,6200,6775,75771
28/05/2019,6825,7100,6550,6925,213268
29/05/2019,6925,7375,6750,7150,142696
31/05/2019,7200,7775,7200,7750,213607
10/06/2019,7850,8150,7550,7800,249993
11/06/2019,7825,8025,7550,7600,139156
12/06/2019,7625,7650,7000,7050,119613
13/06/2019,7050,7500,6750,7425,156325
14/06/2019,7500,7700,7275,7300,88146
17/06/2019,7400,7675,7225,7275,92837
18/06/2019,7400,7425,7250,7325,55686
19/06/2019,7500,8200,7475,8175,262522
20/06/2019,8400,10000,8300,9900,636975
21/06/2019,9925,10150,9050,9975,365648
24/06/2019,10100,10125,9325,9450,164250
25/06/2019,9450,9850,9450,9700,121000
26/06/2019,9725,9825,9300,9300,79354
27/06/2019,9325,9950,9050,9475,182478
28/06/2019,9550,9675,9275,9375,88908
01/07/2019,9425,9550,9375,9450,30685
02/07/2019,9475,9500,9275,9275,57297
03/07/2019,9300,9475,9050,9050,94726
04/07/2019,9100,9200,8700,8700,86497
05/07/2019,8700,8775,8275,8400,98753
08/07/2019,8400,8700,8250,8350,90872
09/07/2019,8475,8975,8275,8925,194596
10/07/2019,9000,9250,8625,8750,189417
11/07/2019,8900,8900,8250,8350,161733
12/07/2019,8350,8500,7800,7850,193504
15/07/2019,7900,8200,7900,8125,92030
16/07/2019,8200,8200,7825,8025,76234
17/07/2019,8050,8050,7900,7900,31227
18/07/2019,7900,8475,7825,8475,148525
19/07/2019,8525,8625,8225,8250,98869
22/07/2019,8225,8325,8075,8100,38422
23/07/2019,8200,8325,8025,8100,73740
24/07/2019,8150,8250,7950,8000,45477
25/07/2019,8000,8050,7650,7825,117958
26/07/2019,7825,7975,7500,7550,81327
29/07/2019,7600,7625,7225,7275,73399
30/07/2019,7350,7525,7325,7500,52238
31/07/2019,7600,7600,7325,7475,80224
01/08/2019,7450,7450,7350,7425,47505
02/08/2019,7375,7375,7075,7100,68480
05/08/2019,7050,7075,6650,6850,113187
06/08/2019,6625,6875,6450,6675,97907
07/08/2019,6750,6900,6675,6675,80680
08/08/2019,6675,7200,6675,7200,111807
09/08/2019,7300,7425,7050,7075,92118
12/08/2019,7100,7200,6900,7050,26074
13/08/2019,6950,7000,6725,6725,63886
14/08/2019,7000,7075,6825,6925,80474
15/08/2019,6750,8100,6625,8100,363551
16/08/2019,8300,8450,7500,7525,383675
19/08/2019,7625,7725,7325,7525,106321
20/08/2019,7525,7600,7125,7150,85231
21/08/2019,7150,7350,7025,7075,78658
22/08/2019,7175,7250,6875,6900,81964
23/08/2019,6900,6975,6800,6950,58069
26/08/2019,6750,6800,6625,6700,97271
27/08/2019,6775,6900,6725,6750,100737
28/08/2019,6800,6875,6650,6675,34988
29/08/2019,6725,7275,6675,7075,155333
30/08/2019,7125,7175,6800,6850,84633
02/09/2019,6850,6875,6700,6825,38307
03/09/2019,6850,6850,6650,6675,63291
04/09/2019,6700,6850,6650,6700,50286
05/09/2019,6800,7100,6725,7050,165830
06/09/2019,7150,7300,7050,7200,191885
09/09/2019,7275,7450,7125,7225,137939
10/09/2019,7275,7350,6925,7025,97890
11/09/2019,7125,7250,6925,7225,78130
12/09/2019,7275,7325,7075,7075,50380
13/09/2019,7175,7175,7000,7050,32383
16/09/2019,7050,7075,6750,6925,55205
17/09/2019,6975,7275,6925,7175,105296
18/09/2019,7200,7225,7050,7075,34606
19/09/2019,7075,7100,6875,6925,39801
20/09/2019,6925,7025,6875,6975,79666
23/09/2019,6975,6975,6800,6825,32422
24/09/2019,6825,6875,6650,6675,60400
25/09/2019,6675,6750,6575,6625,39602
26/09/2019,6675,6825,6625,6625,51856
27/09/2019,6625,6700,6625,6625,26030
30/09/2019,6700,6700,6450,6475,64002
01/10/2019,6475,6650,6475,6625,43084
02/10/2019,6625,6675,6250,6275,63311
03/10/2019,6275,6275,6000,6100,62308
04/10/2019,6125,6200,6050,6100,40268
07/10/2019,6150,6200,6000,6050,49138
08/10/2019,6100,6125,5950,6075,62212
09/10/2019,6050,6350,6025,6200,72831
10/10/2019,6200,6250,5975,5975,155635
11/10/2019,6025,6125,6000,6100,45804
14/10/2019,6150,6300,6150,6275,67302
15/10/2019,6300,7100,6200,7000,286351
16/10/2019,7075,7225,6700,6975,210826
17/10/2019,7000,7025,6825,6975,62661
18/10/2019,6925,7200,6875,7100,95017
21/10/2019,7175,7350,7000,7050,129614
22/10/2019,7100,7150,6925,7125,44730
23/10/2019,7150,7325,7000,7225,108529
24/10/2019,7250,7300,7125,7200,68954
25/10/2019,7175,7200,7025,7025,49827
28/10/2019,7025,7300,7025,7225,74470
29/10/2019,7250,7625,7150,7575,214771
30/10/2019,7575,7625,7375,7500,84720
31/10/2019,7575,7650,7200,7275,117942
01/11/2019,7225,7475,7150,7300,67872
04/11/2019,7400,8050,7375,7975,262694
05/11/2019,7975,8050,7800,7900,122420
06/11/2019,8000,8300,7825,8075,178581
07/11/2019,8075,8275,7700,8275,160615
08/11/2019,8275,8400,8125,8200,70556
11/11/2019,8200,8275,7850,8050,87751
12/11/2019,8100,8400,8100,8375,143647
13/11/2019,8375,8575,8200,8300,92096
14/11/2019,8275,8275,7900,7925,72095
15/11/2019,7950,8075,7900,8000,36894
18/11/2019,8000,8050,7775,7975,30039
19/11/2019,7975,8200,7825,7925,55217
20/11/2019,7850,8025,7800,7800,36946
21/11/2019,7800,7800,7400,7425,73669
22/11/2019,7350,7475,7150,7250,72955
25/11/2019,7250,7400,7250,7375,33649
26/11/2019,7400,7475,6950,6950,160765
27/11/2019,6950,7250,6750,7200,72237
28/11/2019,7100,7175,6900,6925,49759
29/11/2019,6900,7000,6800,6800,43799
02/12/2019,6800,7400,6800,7325,65591
03/12/2019,7325,7575,7200,7525,68384
04/12/2019,7500,7550,7325,7425,44504
05/12/2019,7525,7700,7450,7650,55575
06/12/2019,7750,8000,7700,7950,87342
09/12/2019,8000,8075,7650,7750,63847
10/12/2019,7750,7800,7575,7750,36247
11/12/2019,7775,7975,7625,7775,50502
12/12/2019,7725,7875,7525,7525,34413
13/12/2019,7725,8000,7650,7875,51735
16/12/2019,7850,8000,7800,7900,37650
17/12/2019,7850,7900,7675,7775,44181
18/12/2019,7800,8200,7775,8200,119275
19/12/2019,8200,8250,7950,7975,54866
20/12/2019,7975,8050,7750,7825,69089
23/12/2019,7925,8000,7800,7800,31467
26/12/2019,7775,7900,7725,7775,30212
27/12/2019,7775,7900,7725,7775,40654
30/12/2019,7775,7875,7700,7700,53346
02/01/2020,7725,7750,7600,7625,14958
03/01/2020,7600,8125,7600,8100,60377
06/01/2020,8025,8100,7900,8000,47486
07/01/2020,8000,8125,7850,8000,25579
08/01/2020,7900,8075,7825,7975,30974
09/01/2020,8100,8125,7950,8075,48195
10/01/2020,8075,8325,8050,8200,73158
13/01/2020,8325,8325,8000,8150,63964
14/01/2020,8250,8250,8050,8100,26265
15/01/2020,8150,8200,8000,8125,42185
16/01/2020,8125,8350,8050,8300,72381
17/01/2020,8325,8350,8150,8225,38480
20/01/2020,8200,8225,7850,7900,61217
21/01/2020,7900,8150,7900,8075,33048
22/01/2020,8075,8100,7900,7950,26880
23/01/2020,7975,8075,7925,8000,26024
24/01/2020,7925,8000,7925,7975,22395
27/01/2020,7900,7950,7525,7550,46114
28/01/2020,7500,7525,7275,7450,41772
29/01/2020,7525,7550,7325,7325,21402
30/01/2020,7300,7400,6925,7075,48046
31/01/2020,7150,7200,6725,6750,79902
03/02/2020,6725,6775,6525,6525,53985
04/02/2020,6600,6725,6500,6525,51307
05/02/2020,6550,6725,6450,6575,54347
06/02/2020,6650,6850,6625,6775,77219
07/02/2020,6775,6900,6700,6800,33303
10/02/2020,6750,6775,6475,6500,54397
11/02/2020,6575,6675,6475,6525,38133
12/02/2020,6525,6575,6300,6325,40587
13/02/2020,6350,6400,6075,6100,43038
14/02/2020,6050,6275,5975,6200,39238
17/02/2020,6250,6475,6125,6350,34192
18/02/2020,6350,6700,6325,6550,58551
19/02/2020,6550,6750,6550,6700,32226
20/02/2020,6700,6850,6600,6625,32638
21/02/2020,6625,6650,6350,6375,47022
24/02/2020,6250,6250,6050,6100,50197
25/02/2020,6000,6375,5950,6300,71048
26/02/2020,6275,6275,6025,6100,70587
27/02/2020,6100,6250,5950,5975,55653
28/02/2020,5900,5900,5300,5625,103087
02/03/2020,5725,5900,5350,5500,97389
03/03/2020,5600,6100,5600,6075,121102
04/03/2020,6000,6575,5925,6350,110963
05/03/2020,6475,6650,6150,6250,67687
06/03/2020,6100,6125,5975,6000,49270
09/03/2020,5500,5725,5250,5275,87929
10/03/2020,5300,5975,5300,5675,150804
11/03/2020,5700,5825,5250,5350,132801
12/03/2020,5025,5200,4850,4900,78428
13/03/2020,4600,5125,4560,4870,120275
16/03/2020,4850,4850,4530,4530,45946
17/03/2020,4530,4530,4220,4220,85576
18/03/2020,4220,4250,3930,3930,65677
19/03/2020,3850,3850,3660,3660,46426
20/03/2020,3600,3650,3410,3470,129609
23/03/2020,3470,3470,3230,3230,32126
24/03/2020,3230,3590,3020,3100,88341
26/03/2020,3100,3790,3100,3640,123251
27/03/2020,3800,4200,3800,4170,105141
30/03/2020,4100,4150,3880,3880,31476
31/03/2020,3930,4160,3880,4010,66531
01/04/2020,4010,4130,3770,4000,80037
02/04/2020,3840,4210,3750,4210,50555
03/04/2020,4270,4640,4210,4510,107888
06/04/2020,4570,5025,4550,5025,103719
07/04/2020,5175,5475,4900,5250,113873
08/04/2020,5250,5275,4900,5075,54608
09/04/2020,5200,5200,4850,4910,47195
13/04/2020,4910,4990,4690,4860,17826
14/04/2020,4900,5600,4900,5550,98388
15/04/2020,5700,5800,5225,5250,106880
16/04/2020,5100,5250,4980,5075,66266
17/04/2020,5250,5450,5200,5200,87818
20/04/2020,5225,5400,4960,5075,61173
21/04/2020,5050,5075,4940,4990,28144
22/04/2020,4980,5175,4870,5100,50801
23/04/2020,5250,5250,4990,5150,48909
24/04/2020,5150,5275,4950,4950,31038
27/04/2020,5000,5275,4980,5225,43280
28/04/2020,5300,5300,5075,5175,40424
29/04/2020,5200,5475,5175,5475,80445
30/04/2020,5600,5650,5425,5550,69450
04/05/2020,5375,5400,5200,5275,43775
05/05/2020,5325,5425,5100,5225,32969
06/05/2020,5275,5275,5150,5175,28101
08/05/2020,5225,5250,5100,5100,25454
11/05/2020,5200,5250,5150,5150,23031
12/05/2020,5175,5275,5075,5275,38030
13/05/2020,5275,5500,5150,5300,47219
14/05/2020,5300,5350,4990,5025,48677
15/05/2020,5075,5125,5000,5100,14513
18/05/2020,5200,5200,4960,5000,33111
19/05/2020,5050,5225,4970,5050,38591
20/05/2020,5100,5100,4850,4890,47509
26/05/2020,4940,5125,4890,5125,33021
27/05/2020,5150,5200,5025,5050,25269
28/05/2020,5150,5150,5000,5100,33756
29/05/2020,5100,5250,4980,5250,104515
02/06/2020,5250,5900,5200,5750,107763
03/06/2020,5800,6000,5600,6000,109945
04/06/2020,6100,6300,5750,5900,131133
05/06/2020,5900,6075,5650,5925,47518
08/06/2020,6025,6100,5875,5900,71422
09/06/2020,5925,6025,5700,5825,49472
10/06/2020,5825,5875,5425,5450,64867
11/06/2020,5400,5850,5275,5475,81614
12/06/2020,5350,5525,5175,5425,58574
15/06/2020,5650,5650,5200,5200,45917
16/06/2020,5300,5600,5300,5525,48834
17/06/2020,5625,5825,5525,5825,52166
18/06/2020,5775,5850,5600,5600,35110
19/06/2020,5650,5800,5600,5800,46629
22/06/2020,5800,5850,5600,5625,18163
23/06/2020,5625,5650,5500,5500,14274
24/06/2020,5600,5675,5550,5600,11706
25/06/2020,5550,5700,5450,5525,20569
26/06/2020,5600,5650,5475,5500,17304
29/06/2020,5500,5600,5400,5550,15219
30/06/2020,5650,6125,5650,5975,164641
01/07/2020,6075,6400,5850,6300,245124
02/07/2020,6300,7050,6250,6450,465737
03/07/2020,6550,6675,6325,6400,110395
06/07/2020,6450,6525,6300,6300,28915
07/07/2020,6325,6675,6325,6675,99434
08/07/2020,6750,7575,6725,7575,296837
09/07/2020,7625,8075,7575,7825,265649
10/07/2020,7775,7975,7600,7775,90530
13/07/2020,7875,8050,7625,7725,96688
14/07/2020,7725,7775,7250,7300,110874
15/07/2020,7325,7700,7325,7600,99255
16/07/2020,7700,7750,7525,7650,51638
17/07/2020,7650,8175,7550,8175,235135
20/07/2020,8225,8250,7875,7950,133453
21/07/2020,7975,8250,7850,8125,99875
22/07/2020,8150,8250,8000,8025,92324
23/07/2020,8050,8150,7975,8075,54707
24/07/2020,8075,8075,7625,7675,93734
27/07/2020,7675,7775,7500,7650,59485
28/07/2020,7650,7725,7400,7475,70137
29/07/2020,7475,8025,7375,7850,141398
30/07/2020,7950,8000,7725,7800,63447
03/08/2020,7850,8000,7275,7425,129541
04/08/2020,7575,8200,7500,8175,154385
05/08/2020,8200,8450,8050,8325,145461
06/08/2020,8350,8825,8350,8600,158284
07/08/2020,8600,8775,8325,8575,124143
10/08/2020,8575,9775,8550,9675,272573
11/08/2020,9750,9750,9325,9350,106937
12/08/2020,9350,9725,9250,9475,117976
13/08/2020,9600,9975,9275,9875,239653
14/08/2020,9900,9975,9625,9700,115545
18/08/2020,9675,9825,9650,9725,60314
19/08/2020,9725,9825,9475,9500,79622
24/08/2020,9550,9700,9450,9525,52566
25/08/2020,9525,9650,9425,9475,52680
26/08/2020,9475,9575,9300,9425,68667
27/08/2020,9450,9475,9275,9375,40977
28/08/2020,9375,9550,9275,9500,100100
31/08/2020,9550,9625,9050,9300,109263
01/09/2020,9300,9400,9050,9350,48005
02/09/2020,9450,9450,9200,9200,52217
03/09/2020,9200,9300,8875,8900,76531
04/09/2020,8900,8950,8525,8600,120029
07/09/2020,8650,8900,8400,8900,76436
08/09/2020,8975,9425,8950,9375,151864
09/09/2020,9250,9250,8725,8775,167636
10/09/2020,8600,8600,8175,8175,122818
11/09/2020,7800,8650,7650,8475,140401
14/09/2020,8600,8825,8575,8725,62214
15/09/2020,8800,8800,8425,8625,55242
16/09/2020,8650,9425,8625,9400,213349
17/09/2020,9350,9425,8750,8800,151752
18/09/2020,8825,9250,8675,9125,134395
21/09/2020,9175,9225,8975,9050,74879
22/09/2020,8800,9300,8725,9250,136017
23/09/2020,9350,9525,9050,9425,157540
24/09/2020,9350,9375,8875,9075,104358
25/09/2020,9150,9225,9000,9100,49541
28/09/2020,9200,9225,8900,8900,39852
29/09/2020,8950,9050,8525,8675,55125
30/09/2020,8675,9050,8575,8975,73378
01/10/2020,9075,9075,8925,9025,18676
02/10/2020,9025,9025,8800,8875,26025
05/10/2020,8900,8950,8825,8875,32855
06/10/2020,8875,9000,8825,8825,22496
07/10/2020,8825,8875,8700,8800,27183
08/10/2020,8850,8900,8800,8900,18358
09/10/2020,8900,9000,8825,8850,22242
12/10/2020,8875,8925,8775,8775,33618
13/10/2020,8850,8850,8600,8625,81671
14/10/2020,8625,8800,8625,8775,42014
15/10/2020,8800,8825,8600,8600,40533
16/10/2020,8600,8675,8500,8575,34543
19/10/2020,8600,8625,8550,8600,25416
20/10/2020,8600,8700,8550,8650,25935
21/10/2020,8725,9525,8650,9475,278867
22/10/2020,9475,9550,9125,9350,153490
23/10/2020,9350,9375,9075,9125,51263
26/10/2020,9150,9300,9000,9025,41606
27/10/2020,9025,9250,8900,9125,64244
02/11/2020,9025,9175,8950,9100,58009
03/11/2020,9175,9400,9125,9275,58182
04/11/2020,9350,9350,8875,8900,57728
05/11/2020,9050,9200,9025,9200,43398
06/11/2020,9225,9700,9125,9700,140706
09/11/2020,9725,9750,9425,9675,83096
10/11/2020,9700,9775,9575,9575,46495
11/11/2020,9700,9700,9325,9450,68205
12/11/2020,9450,9475,9250,9250,34911
13/11/2020,9250,9550,9150,9400,49189
16/11/2020,9550,9550,9275,9300,42053
17/11/2020,9425,9550,9275,9300,138556
18/11/2020,9300,9325,8950,8975,203008
19/11/2020,9000,9100,8850,8875,164414
20/11/2020,8875,9000,8875,8900,51694
23/11/2020,8900,8975,8850,8900,103521
24/11/2020,9025,9225,9025,9125,183126
25/11/2020,9200,9225,8950,9000,84934
26/11/2020,9000,9350,9000,9300,180493
27/11/2020,9350,9550,9300,9325,226700
30/11/2020,9350,9425,8675,8675,292298
01/12/2020,8800,9425,8775,9325,236329
02/12/2020,9375,9550,9200,9425,208725
03/12/2020,9500,9550,9325,9350,78829
04/12/2020,9325,9675,9200,9525,208153
07/12/2020,9575,11175,9550,10600,474700
08/12/2020,10750,10975,10375,10575,211779
10/12/2020,10600,11275,10550,11075,207616
11/12/2020,11225,11275,10675,10700,86630
14/12/2020,10750,11075,10550,10775,91878
15/12/2020,10775,10900,10525,10800,83130
16/12/2020,10825,11250,10750,10825,117183
17/12/2020,10900,11100,10200,10400,120165
18/12/2020,10450,10700,10400,10400,79965
21/12/2020,10500,10600,10425,10500,58328
22/12/2020,10500,10575,9800,10125,78563
23/12/2020,10200,10700,9750,10600,109082
28/12/2020,10800,11200,10575,11025,186897
29/12/2020,11200,11225,10500,10675,126625
30/12/2020,10700,10750,10150,10425,124045
04/01/2021,10700,10900,10400,10875,113663
05/01/2021,10800,11175,10650,10975,81720
06/01/2021,10975,11100,10450,10800,87684
07/01/2021,11000,11450,10925,11425,182239
08/01/2021,11450,12500,11450,12500,195570
11/01/2021,12550,12975,11825,12250,165857
12/01/2021,12200,12675,11825,12250,116476
13/01/2021,12550,13575,12150,13425,192231
14/01/2021,13500,14075,13075,14025,157768
15/01/2021,14025,14300,13200,13425,104065
18/01/2021,13000,13750,12500,12500,185320
19/01/2021,12500,13475,12300,12775,132561
20/01/2021,12900,13975,12900,13875,125491
21/01/2021,14000,14200,13575,13600,55431
22/01/2021,13500,13625,12925,13000,151383
25/01/2021,13100,13650,12500,13400,181187
26/01/2021,13425,13625,12775,12800,107980
27/01/2021,13050,13200,12500,13150,101735
28/01/2021,12975,13325,12650,12800,77302
29/01/2021,13100,13325,12575,12900,96570
01/02/2021,12900,13900,12500,13800,169447
02/02/2021,14000,14150,13100,13375,146181
03/02/2021,13375,13650,13025,13075,80255
04/02/2021,13200,15550,13200,14675,701738
05/02/2021,14925,14975,13825,13925,183071
08/02/2021,14000,14775,14000,14225,240021
09/02/2021,14225,14450,13825,13975,95981
10/02/2021,14000,14225,13850,14025,48796
11/02/2021,14100,14175,13875,14125,29471
15/02/2021,14300,14925,14225,14800,112455
16/02/2021,14950,14950,14600,14725,51603
17/02/2021,14725,14725,14100,14125,55221
18/02/2021,14150,14375,13900,13925,49444
19/02/2021,13875,14125,13725,13925,38455
22/02/2021,14125,14500,14125,14200,83900
23/02/2021,14300,14400,14000,14225,61224
24/02/2021,14700,14800,13500,13625,121529
25/02/2021,13800,13875,13625,13725,42457
26/02/2021,13400,13650,12950,13175,155663
01/03/2021,13225,13325,12625,12950,110144
02/03/2021,13125,13450,13000,13250,99107
03/03/2021,13300,13400,12800,12975,55487
04/03/2021,12900,12975,12550,12650,78918
05/03/2021,12500,12650,11900,12100,120292
08/03/2021,12250,13025,12150,12375,116519
09/03/2021,12475,12650,12175,12525,54512
10/03/2021,12550,12725,12250,12575,52246
12/03/2021,12800,13400,12625,13325,69835
15/03/2021,13325,13375,12925,13200,42607
16/03/2021,13200,13300,12400,12625,76565
17/03/2021,12625,12800,12425,12425,27103
18/03/2021,12650,13250,12550,13075,69039
19/03/2021,12900,12900,12225,12475,124811
22/03/2021,12425,12625,12225,12475,37247
23/03/2021,12450,12575,11950,12000,92571
24/03/2021,11900,12075,11450,11500,128341
25/03/2021,11550,11925,11200,11675,85856
26/03/2021,11750,11900,11650,11725,49060
29/03/2021,11850,12150,11225,11575,83795
30/03/2021,11825,11825,10775,11000,124493
31/03/2021,11000,11050,10250,10450,182504
01/04/2021,10450,10775,10350,10625,50540
05/04/2021,10650,10775,10425,10475,29363
06/04/2021,10575,10675,10350,10650,51045
07/04/2021,10725,10925,10550,10725,62348
08/04/2021,10850,10850,10550,10700,34242
09/04/2021,10700,10725,10050,10075,96698
12/04/2021,10075,10100,9375,9375,132565
13/04/2021,9350,9800,9100,9675,150306
14/04/2021,9725,10025,9600,9900,98501
15/04/2021,9900,9925,9450,9675,73786
16/04/2021,9750,10050,9575,9925,103281
19/04/2021,10000,10025,9300,9325,137753
20/04/2021,9350,9575,9300,9525,55004
21/04/2021,9375,9625,9350,9450,44803
22/04/2021,9525,9575,9300,9300,35854
23/04/2021,9450,9450,9150,9175,52396
26/04/2021,9275,9375,9100,9200,42204
27/04/2021,9200,9375,9175,9300,62073
28/04/2021,9300,9425,9250,9300,23831
29/04/2021,9325,9425,9275,9325,35704
30/04/2021,9325,9350,9100,9100,77521
03/05/2021,9100,9200,9000,9075,26012
04/05/2021,9125,9175,9075,9100,23085
05/05/2021,9100,9750,9100,9625,119137
06/05/2021,9700,9775,9450,9600,104043
07/05/2021,9700,9700,9250,9250,63107
10/05/2021,9275,10250,9250,10100,190746
11/05/2021,10100,10275,9750,10100,123916
17/05/2021,10125,10150,9500,9500,100818
18/05/2021,9700,9700,9275,9425,53118
19/05/2021,9425,9475,9100,9100,75706
20/05/2021,9100,9300,8775,8875,97587
21/05/2021,9000,9025,8475,8550,144026
24/05/2021,8550,8675,8150,8200,82136
25/05/2021,8275,8475,8050,8175,123568
27/05/2021,8200,8475,8175,8475,139566
28/05/2021,8500,8650,8250,8375,60032
31/05/2021,8425,8700,8300,8500,84734
02/06/2021,8500,8750,8425,8700,57148
03/06/2021,8750,9200,8700,9150,169518
04/06/2021,9150,9175,8825,8900,66291
07/06/2021,8925,9025,8725,8925,54615
08/06/2021,8925,8925,8625,8625,45022
09/06/2021,8625,8700,8450,8525,54976
10/06/2021,8600,8700,8475,8500,42580
11/06/2021,8500,8575,8300,8350,77280
14/06/2021,8425,8450,8150,8175,60294
15/06/2021,8175,8350,8075,8250,70250
16/06/2021,8350,8775,8275,8700,102358
17/06/2021,8700,8700,8200,8225,89029
18/06/2021,8225,8225,7700,7800,153979
21/06/2021,7725,7900,7325,7750,62269
22/06/2021,7800,8175,7775,8025,64899
23/06/2021,8100,8175,7775,7775,45652
24/06/2021,7500,7850,7500,7650,42646
25/06/2021,7700,8075,7675,7725,62525
28/06/2021,7775,7800,7450,7450,45401
29/06/2021,7450,7575,7275,7325,60543
30/06/2021,7325,7825,7325,7450,94375
01/07/2021,7475,7675,7475,7550,38276
02/07/2021,7575,7750,7575,7700,28947
05/07/2021,7750,7875,7500,7500,28633
06/07/2021,7500,7700,7475,7550,32811
07/07/2021,7500,7550,7325,7425,54259
08/07/2021,7425,7500,7275,7275,55299
09/07/2021,7275,7350,7125,7200,57625
12/07/2021,7250,7550,7225,7400,61216
13/07/2021,7450,7525,7150,7200,55113
14/07/2021,7200,7225,7000,7025,65177
15/07/2021,7025,7200,7025,7125,43180
16/07/2021,7175,7475,7125,7375,58335
19/07/2021,7375,7775,7275,7675,92011
21/07/2021,7750,7825,7575,7675,63593
22/07/2021,7675,7950,7675,7900,48501
23/07/2021,7975,8000,7650,7675,39512
26/07/2021,7675,7750,7425,7425,52009
27/07/2021,7475,7625,7400,7525,34996
28/07/2021,7525,7550,7200,7250,55256
29/07/2021,7300,7375,7100,7125,84865
30/07/2021,7150,7200,6725,6800,162631
02/08/2021,6800,6875,6700,6850,52605
03/08/2021,6950,7075,6850,6850,42607
04/08/2021,6875,7100,6850,7000,55602
05/08/2021,7000,7025,6825,6850,48712
06/08/2021,6850,7250,6850,7000,64462
09/08/2021,7050,7075,6700,6725,90535
10/08/2021,6725,6825,6675,6725,55778
12/08/2021,6800,6825,6700,6725,68933
13/08/2021,6775,6925,6675,6700,93214
16/08/2021,6725,6775,6400,6425,124583
18/08/2021,6500,6575,6350,6400,98108
19/08/2021,6375,6425,6200,6250,69396
20/08/2021,6200,6350,6200,6275,60247
23/08/2021,6300,6500,6300,6350,68255
24/08/2021,6500,7175,6500,6875,250780
25/08/2021,6975,7075,6725,6800,105191
26/08/2021,6800,7225,6750,6800,207079
27/08/2021,6800,6950,6700,6800,103138
30/08/2021,6900,7500,6875,7450,232148
31/08/2021,7525,8000,7350,7900,255972
01/09/2021,7900,8175,7700,7775,166024
02/09/2021,7825,8075,7750,8025,144537
03/09/2021,8025,8100,7875,8000,67057
06/09/2021,8000,8000,7800,7825,62608
07/09/2021,7800,7850,7625,7625,91759
08/09/2021,7625,8150,7575,7900,170141
09/09/2021,7875,7950,7600,7900,98738
10/09/2021,7900,7950,7750,7900,41774
13/09/2021,7900,7925,7800,7850,23265
14/09/2021,7900,7950,7800,7875,39738
15/09/2021,7825,7850,7500,7525,139685
16/09/2021,7525,7675,7200,7275,161758
17/09/2021,7275,7375,7200,7225,135169
20/09/2021,7200,7225,7000,7025,85990
21/09/2021,6925,7275,6800,7225,105830
22/09/2021,7250,7325,7150,7175,47802
23/09/2021,7225,7325,7125,7175,45031
24/09/2021,7225,7225,7025,7025,58754
27/09/2021,7100,7150,7050,7100,27977
28/09/2021,7150,7150,7025,7050,37147
29/09/2021,7025,8150,6950,8125,435770
30/09/2021,8175,8725,7875,8575,418744
01/10/2021,8525,8675,8325,8425,166029
04/10/2021,8450,9000,8450,8875,173519
05/10/2021,8875,8975,8400,8600,145635
06/10/2021,8625,8775,8500,8550,94927
07/10/2021,8600,8650,8225,8350,114695
08/10/2021,8350,8950,8325,8600,188602
11/10/2021,8675,8750,8500,8675,59468
12/10/2021,8675,8950,8525,8875,128993
13/10/2021,8950,9250,8800,8875,197304
14/10/2021,8900,9200,8900,9100,160919
15/10/2021,9125,9175,8925,9025,83223
18/10/2021,9025,9275,8925,9175,112408
19/10/2021,9200,9275,9000,9000,61328
21/10/2021,9050,9100,8600,8675,122665
22/10/2021,8600,8775,8450,8575,111402
25/10/2021,8600,8875,8600,8750,62716
26/10/2021,8775,8850,8650,8675,42460
27/10/2021,8700,8750,8525,8600,42430
28/10/2021,8600,8600,8225,8275,103233
29/10/2021,8275,8575,8275,8475,70767
01/11/2021,8500,8600,8300,8325,50213
02/11/2021,8350,8425,8100,8125,75788
03/11/2021,8125,8350,8100,8325,69041
04/11/2021,8350,8475,8300,8325,71617
05/11/2021,8350,8475,8300,8475,42900
08/11/2021,8525,8675,8525,8600,71440
09/11/2021,8625,8800,8625,8650,111767
10/11/2021,8675,8700,8525,8625,27571
11/11/2021,8650,8700,8550,8650,23385
12/11/2021,8650,8725,8475,8525,34651
15/11/2021,8525,8900,8525,8625,121649
16/11/2021,8650,8700,8525,8575,62164
17/11/2021,8575,8750,8550,8700,51741
18/11/2021,8750,8775,8525,8525,59365
19/11/2021,8550,8700,8525,8675,39980
22/11/2021,8675,8750,8575,8600,35655
23/11/2021,8600,8800,8600,8600,61790
24/11/2021,8675,8725,8400,8425,74217
25/11/2021,8475,8525,8300,8300,91717
26/11/2021,8325,8350,7925,7975,165781
29/11/2021,7950,8125,7700,7800,141045
30/11/2021,7800,8000,7550,7550,166795
01/12/2021,7625,7875,7600,7675,86950
02/12/2021,7700,7850,7600,7750,67066
03/12/2021,7800,7950,7725,7775,65061
06/12/2021,7850,7850,7625,7675,64661
07/12/2021,7700,7950,7650,7925,87874
08/12/2021,8000,8075,7800,7800,64963
09/12/2021,7850,7900,7675,7750,64646
10/12/2021,7775,8000,7675,8000,44544
13/12/2021,8000,8025,7825,7900,57387
14/12/2021,7900,7950,7750,7925,39266
15/12/2021,7950,7950,7725,7750,42669
16/12/2021,7800,7825,7575,7650,49727
17/12/2021,7650,7900,7575,7900,65663
20/12/2021,7850,7850,7650,7650,27045
21/12/2021,7675,7750,7600,7650,22934
22/12/2021,7675,7775,7550,7550,28848
23/12/2021,7550,7600,7325,7400,63146
24/12/2021,7400,7600,7400,7575,25373
27/12/2021,7625,8200,7625,8200,165609
28/12/2021,8225,8300,8025,8025,76781
29/12/2021,8100,8200,8025,8075,35765
30/12/2021,8075,8125,7750,7825,76126
03/01/2022,7825,8250,7825,8100,96600
04/01/2022,8125,8250,8050,8075,54262
05/01/2022,8100,8400,8100,8125,96886
06/01/2022,8100,8350,7925,8300,112038
07/01/2022,8350,8550,8200,8500,128178
10/01/2022,8575,8600,8400,8500,102990
11/01/2022,8500,8500,8250,8275,77577
12/01/2022,8375,8475,8275,8425,54580
13/01/2022,8475,8525,8325,8475,50250
14/01/2022,8475,8500,8325,8425,43370
17/01/2022,8450,8475,8250,8325,29826
18/01/2022,8325,8350,7850,7975,121240
19/01/2022,7950,7950,7475,7500,141227
20/01/2022,7550,7650,7500,7575,102201
21/01/2022,7575,7900,7400,7900,104509
24/01/2022,7875,7875,7675,7700,31947
25/01/2022,7650,7725,7500,7650,61310
26/01/2022,7700,7725,7550,7625,31227
27/01/2022,7650,7650,7475,7525,43791
28/01/2022,7575,7600,7500,7500,32390
31/01/2022,7575,7725,7525,7600,35710
02/02/2022,7600,7825,7600,7700,55653
03/02/2022,7700,7725,7525,7525,41631
04/02/2022,7525,7675,7475,7525,58913
07/02/2022,7525,7850,7500,7800,84610
08/02/2022,7800,7875,7600,7600,59073
09/02/2022,7200,7575,7175,7550,77107
10/02/2022,7550,7700,7550,7600,43048
11/02/2022,7600,7700,7500,7700,56399
14/02/2022,7675,7675,7500,7575,45532
15/02/2022,7575,7625,7525,7600,24940
16/02/2022,7650,7800,7625,7750,60889
17/02/2022,7800,7825,7625,7650,28900
18/02/2022,7600,8025,7600,7925,87349
21/02/2022,7925,7975,7725,7875,55206
22/02/2022,7825,7875,7700,7850,45516
23/02/2022,7825,8275,7800,8250,204604
24/02/2022,8200,8425,7800,7975,232435
25/02/2022,7975,8175,7950,8075,114559
01/03/2022,8075,8200,7825,7850,94606
02/03/2022,7875,7975,7675,7750,86467
04/03/2022,7750,7800,7525,7675,131237
07/03/2022,7775,8500,7750,8450,327301
08/03/2022,8550,8750,8025,8025,205503
09/03/2022,8025,8325,8025,8125,99135
10/03/2022,8200,8350,8050,8200,63089
11/03/2022,8250,8300,8100,8225,43946
14/03/2022,8250,8425,8100,8225,88485
15/03/2022,8225,8250,7800,7825,139603
16/03/2022,7825,7950,7750,7800,64224
17/03/2022,7850,7975,7825,7875,39836
18/03/2022,7900,8000,7775,8000,77305
21/03/2022,7975,8000,7800,7925,47721
22/03/2022,7925,8000,7875,8000,31788
23/03/2022,8000,8200,8000,8075,71557
24/03/2022,8075,8200,8000,8075,40324
25/03/2022,8175,8175,7900,7975,57521
28/03/2022,8025,8050,7950,8025,30493
29/03/2022,8050,8075,7925,7925,29788
30/03/2022,7925,8000,7825,7850,42625
31/03/2022,7950,7950,7800,7900,46683
01/04/2022,7900,7975,7825,7975,27299
04/04/2022,7975,7975,7875,7950,31105
05/04/2022,8025,8175,8025,8100,65558
06/04/2022,8150,8250,8000,8000,90330
07/04/2022,8000,8050,7875,7875,54199
08/04/2022,7875,7975,7850,7925,40910
11/04/2022,7925,7975,7750,7775,86921
12/04/2022,7775,7850,7625,7800,112552
13/04/2022,7800,7800,7650,7700,78767
14/04/2022,7700,7725,7600,7625,86273
18/04/2022,7650,7700,7525,7600,83383
19/04/2022,7600,7700,7550,7600,56962
20/04/2022,7625,7675,7550,7600,59830
21/04/2022,7650,7800,7575,7600,65323
22/04/2022,7600,7675,7525,7550,47332
25/04/2022,7525,7575,7450,7500,34998
26/04/2022,7500,7550,7350,7400,76568
27/04/2022,7400,7525,7350,7425,40523
28/04/2022,7425,7625,7425,7575,63126
09/05/2022,7450,7475,7225,7325,114879
10/05/2022,7300,7550,7125,7500,91727
11/05/2022,7500,7650,7425,7600,54454
12/05/2022,7600,7600,7225,7275,71918
13/05/2022,7275,7475,7200,7325,57887
17/05/2022,7400,7725,7350,7675,76131
18/05/2022,7675,7750,7575,7700,46988
19/05/2022,7600,7650,7425,7525,44154
20/05/2022,7550,7850,7550,7625,91015
23/05/2022,7725,7875,7650,7825,86429
24/05/2022,7900,7925,7725,7775,47070
25/05/2022,7825,7825,7575,7675,67418
27/05/2022,7750,7775,7625,7725,39884
30/05/2022,7775,8150,7750,8050,147665
31/05/2022,8125,8300,7950,8250,261408
02/06/2022,8250,8475,8225,8425,184593
03/06/2022,8450,8500,8250,8275,87144
06/06/2022,8275,8425,8100,8175,79472
07/06/2022,8175,8450,8175,8200,82023
08/06/2022,8275,8400,8200,8350,43498
09/06/2022,8350,8450,8250,8275,64014
10/06/2022,8225,8425,8100,8375,105892
13/06/2022,8200,8250,8000,8200,99527
14/06/2022,8125,8250,7950,8000,85503
15/06/2022,8000,8075,7800,7800,70618
16/06/2022,7950,8200,7925,8100,71864
17/06/2022,8000,8050,7875,7925,67248
20/06/2022,7925,7950,7700,7800,45078
21/06/2022,7800,7900,7750,7775,54514
22/06/2022,7800,7950,7625,7775,51050
23/06/2022,7750,7775,7600,7750,49817
24/06/2022,7750,7775,7650,7725,44343
27/06/2022,7750,7900,7725,7900,41232
28/06/2022,7900,7950,7750,7775,27286
29/06/2022,7750,7825,7700,7700,28400
30/06/2022,7700,7800,7600,7600,46772
01/07/2022,7600,7600,7400,7425,47019
04/07/2022,7425,7525,7225,7450,43157
05/07/2022,7475,7600,7400,7400,30894
06/07/2022,7450,7475,7250,7325,39219
07/07/2022,7325,7375,7225,7275,30232
08/07/2022,7325,7350,7250,7275,19452
11/07/2022,7275,7550,7275,7525,36273
12/07/2022,7525,7550,7400,7475,29095
13/07/2022,7500,7500,7400,7500,13883
14/07/2022,7475,7625,7350,7625,31493
15/07/2022,7625,7625,7425,7450,29272
18/07/2022,7475,7650,7375,7650,27699
19/07/2022,7650,7650,7525,7650,22382
20/07/2022,7650,7725,7575,7600,40612
21/07/2022,7600,7800,7575,7800,45581
22/07/2022,7800,7800,7675,7725,21773
25/07/2022,7725,7750,7650,7650,10122
26/07/2022,7650,7725,7600,7650,12968
27/07/2022,7650,7700,7575,7675,26117
28/07/2022,7675,7875,7675,7800,41763
29/07/2022,7850,7875,7600,7600,48093
01/08/2022,7600,7700,7425,7600,70297
02/08/2022,7575,7675,7500,7675,28992
03/08/2022,7600,7700,7575,7675,20019
04/08/2022,7650,7800,7625,7800,27586
05/08/2022,7775,7925,7700,7800,56648
08/08/2022,7800,7800,7675,7800,31826
09/08/2022,7800,7875,7775,7775,29578
10/08/2022,7775,7800,7650,7775,23352
11/08/2022,7800,7825,7675,7725,36180
12/08/2022,7750,7975,7725,7800,51705
15/08/2022,7825,7950,7825,7875,31249
16/08/2022,7950,7950,7850,7900,26862
18/08/2022,7900,7975,7875,7950,30048
19/08/2022,7950,8050,7875,8000,52388
22/08/2022,8000,8000,7800,7925,43249
23/08/2022,7900,8075,7850,8050,50686
24/08/2022,8050,8075,7975,8075,22096
25/08/2022,8075,8100,7925,7950,25309
26/08/2022,7950,8250,7950,8250,80875
29/08/2022,8000,8350,8000,8350,78574
30/08/2022,8375,8425,8300,8375,73985
31/08/2022,8450,8500,8300,8325,107801
01/09/2022,8350,8375,8200,8250,48122
02/09/2022,8300,8925,8275,8850,290704
05/09/2022,8850,8975,8700,8725,75952
06/09/2022,8750,8800,8600,8675,72800
07/09/2022,8700,8950,8550,8900,124887
08/09/2022,8950,9725,8950,9675,358806
09/09/2022,9700,9900,9525,9525,103560
12/09/2022,9525,9750,9425,9650,63760
13/09/2022,9650,9750,9550,9600,67758
14/09/2022,9500,9675,9400,9500,88107
15/09/2022,9575,9675,9500,9500,117246
16/09/2022,9500,9500,9200,9250,188687
19/09/2022,9250,9375,8975,9300,88243
20/09/2022,9300,9475,9075,9075,110762
21/09/2022,9050,9175,8900,8950,100432
22/09/2022,8900,9125,8850,9100,98404
23/09/2022,9100,9275,9075,9275,86322
26/09/2022,9225,9250,8950,9100,103259
27/09/2022,9100,9250,9025,9050,55330
28/09/2022,9050,9100,8900,8900,64086
29/09/2022,9000,9100,8950,9075,71961
30/09/2022,9075,9150,8625,9050,138804
03/10/2022,9050,9400,8850,9250,93528
04/10/2022,9375,9700,9350,9650,160240
05/10/2022,9650,9700,9375,9375,55217
06/10/2022,9375,9525,9300,9525,38460
07/10/2022,9525,9525,9200,9250,55754
10/10/2022,9175,9175,9025,9075,44051
11/10/2022,9075,9075,8800,8875,83400
12/10/2022,8900,9025,8750,8925,94665
13/10/2022,8900,9125,8850,8950,44161
14/10/2022,9075,9100,8725,8825,37271
17/10/2022,8800,8975,8675,8925,48730
18/10/2022,9000,9025,8750,8775,35567
19/10/2022,8775,8825,8700,8775,28862
20/10/2022,8775,9150,8775,9050,65979
21/10/2022,9050,9075,8875,9000,28657
24/10/2022,9050,9275,8950,9125,49295
25/10/2022,9175,9225,8925,9150,63677
26/10/2022,9175,9200,9025,9050,31172
27/10/2022,9050,9400,9050,9225,74103
28/10/2022,9300,9400,9150,9300,54898
31/10/2022,9375,9600,9350,9600,87478
01/11/2022,9600,9650,9425,9600,47744
02/11/2022,9600,9800,9500,9800,99490
03/11/2022,9800,10000,9600,9725,84287
04/11/2022,9725,10350,9725,10300,165090
07/11/2022,10325,10350,10075,10300,57296
08/11/2022,10300,10400,10050,10200,30343
09/11/2022,10225,10275,10025,10150,37691
10/11/2022,10025,10125,9900,10000,43711
11/11/2022,10200,10200,9925,10075,35405
14/11/2022,10150,10175,10025,10050,27795
15/11/2022,10150,10175,10000,10175,19635
16/11/2022,10150,10150,9800,9875,43919
17/11/2022,9825,9850,9650,9775,40022
18/11/2022,10025,10325,9825,9875,131385
21/11/2022,9875,9975,9750,9825,62106
22/11/2022,9825,9925,9700,9700,55088
23/11/2022,9700,9800,9600,9675,48727
24/11/2022,9700,9700,9525,9575,61640
25/11/2022,9575,9625,9500,9525,35731
28/11/2022,9500,9775,9500,9525,67028
29/11/2022,9550,9750,9525,9750,41408
30/11/2022,9775,10000,9725,10000,104391
01/12/2022,10000,10025,9825,9875,43994
02/12/2022,9875,9950,9725,9925,34699
05/12/2022,9950,9975,9825,9925,32087
06/12/2022,9900,9925,9625,9750,46022
07/12/2022,9750,9750,9475,9475,53745
08/12/2022,9475,9475,8975,9250,131966
09/12/2022,9250,9325,9125,9275,43339
12/12/2022,9275,9800,9075,9800,61043
13/12/2022,9800,9875,9575,9575,39549
14/12/2022,9675,9750,9500,9650,48558
15/12/2022,9725,9750,9575,9700,27935
16/12/2022,9625,9800,9400,9800,60336
19/12/2022,9650,9700,9475,9525,36271
20/12/2022,9525,9525,9275,9300,39773
21/12/2022,9300,9450,9300,9375,35035
22/12/2022,9375,9450,9150,9200,37190
23/12/2022,9200,9225,9050,9150,22332
26/12/2022,9150,9200,9025,9075,16047
27/12/2022,9075,9175,8975,9025,32979
28/12/2022,9025,9025,8850,8900,48962
29/12/2022,8900,8925,8775,8800,31437
30/12/2022,8800,8950,8725,8725,48266
02/01/2023,8725,8850,8675,8675,24305
03/01/2023,8675,8850,8675,8750,35041
04/01/2023,8750,8800,8300,8400,88878
05/01/2023,8400,8475,8125,8325,85453
06/01/2023,8300,8625,8250,8625,66580
09/01/2023,8625,8725,8500,8600,46448
10/01/2023,8600,8625,8350,8550,44309
11/01/2023,8550,8575,8400,8550,23072
12/01/2023,8550,8775,8475,8750,49680
13/01/2023,8750,8750,8475,8625,49643
16/01/2023,8650,8650,8500,8625,29081
17/01/2023,8625,8800,8600,8725,53808
18/01/2023,8700,8875,8625,8875,33764
19/01/2023,8800,8875,8725,8750,27444
20/01/2023,8800,8975,8700,8825,85208
24/01/2023,8900,8925,8725,8800,21627
25/01/2023,8800,8825,8700,8775,12980
26/01/2023,8750,8800,8475,8500,70750
27/01/2023,8500,8775,8500,8525,72190
30/01/2023,8600,8625,8400,8500,90385
31/01/2023,8500,8550,8325,8325,136347
01/02/2023,8400,8650,8400,8450,108997
02/02/2023,8550,8700,8525,8525,62268
03/02/2023,8575,8700,8575,8675,31688
06/02/2023,8675,8675,8525,8625,27767
07/02/2023,8625,8650,8500,8525,30322
08/02/2023,8550,8600,8475,8575,21426
09/02/2023,8575,8625,8550,8550,18168
10/02/2023,8550,8600,8400,8600,33522
13/02/2023,8600,8600,8425,8475,33408
14/02/2023,8475,8475,8225,8250,95628
15/02/2023,8275,8300,8075,8175,112010
16/02/2023,8175,8225,8050,8125,40196
17/02/2023,8100,8100,7950,7950,90606
20/02/2023,7900,7975,7850,7925,53211
21/02/2023,7925,8150,7925,8050,30851
22/02/2023,8050,8100,7950,8000,24525
23/02/2023,8000,8050,7875,7950,44496
24/02/2023,7950,8100,7950,8025,20953
27/02/2023,8075,8075,7975,8025,24424
28/02/2023,8000,8000,7900,7925,99091
01/03/2023,7925,8000,7925,8000,18661
02/03/2023,8025,8050,7925,7925,26523
03/03/2023,7950,8000,7850,7850,37894
06/03/2023,7875,7925,7800,7825,29282
07/03/2023,7825,7850,7650,7725,48004
08/03/2023,7700,7700,7550,7600,64062
09/03/2023,7600,7775,7575,7575,49974
10/03/2023,7575,7600,7375,7400,81110
13/03/2023,7450,7775,7400,7425,100558
14/03/2023,7475,7525,7325,7350,61533
15/03/2023,7400,7500,7175,7175,74337
16/03/2023,7150,7150,6775,6825,130340
17/03/2023,6875,7025,6875,6875,102092
20/03/2023,6925,7125,6925,7125,55922
21/03/2023,7150,7400,7150,7400,48347
24/03/2023,7400,7500,7325,7350,44483
27/03/2023,7375,7500,7350,7400,25932
28/03/2023,7400,7625,7400,7600,28647
29/03/2023,7600,7675,7475,7625,42492
30/03/2023,7650,7750,7550,7650,30262
31/03/2023,7650,7675,7500,7500,43241
03/04/2023,7500,7575,7450,7475,23921
04/04/2023,7500,7525,7350,7450,34647
05/04/2023,7425,7425,7225,7275,57010
06/04/2023,7250,7625,7250,7275,81018
10/04/2023,7300,7450,7250,7425,38410
11/04/2023,7425,7500,7400,7475,26473
12/04/2023,7475,7650,7425,7625,54451
13/04/2023,7650,7700,7500,7500,86698
14/04/2023,7525,7575,7450,7475,21032
17/04/2023,7525,7625,7450,7525,28511
18/04/2023,7525,7550,7450,7500,24373
26/04/2023,7600,7925,7525,7925,91918
27/04/2023,7925,7950,7775,7900,68552
28/04/2023,7900,7975,7750,7775,61751
02/05/2023,7775,7800,7550,7650,55919
03/05/2023,7450,7450,7125,7150,152809
04/05/2023,7150,7250,7075,7175,36363
05/05/2023,7175,7250,7075,7100,38353
08/05/2023,7100,7200,7000,7125,33344
09/05/2023,7150,7325,7150,7250,29117
10/05/2023,7300,7375,7275,7375,20361
11/05/2023,7375,7375,7175,7200,27174
12/05/2023,7225,7300,7200,7250,17086
15/05/2023,7250,7325,7175,7250,23213
16/05/2023,7250,7375,7250,7350,31462
17/05/2023,7375,7450,7250,7250,52628
19/05/2023,7250,7325,7175,7225,33334
22/05/2023,7175,7475,7175,7450,45437
23/05/2023,7450,7750,7375,7525,101076
24/05/2023,7550,7600,7425,7425,31195
25/05/2023,7425,7450,7250,7250,53740
26/05/2023,7200,7325,7200,7275,28616
29/05/2023,7300,7400,7250,7325,29274
30/05/2023,7275,7325,7225,7275,37740
31/05/2023,7250,7275,6900,6900,234779
05/06/2023,7000,7125,6950,7025,98806
06/06/2023,7025,7025,6950,7000,63264
07/06/2023,7050,7100,7000,7100,37910
08/06/2023,7125,7350,7050,7325,81146
09/06/2023,7325,7475,7275,7400,48175
12/06/2023,7400,7500,7350,7400,19995
13/06/2023,7375,7425,7275,7325,24335
14/06/2023,7325,7850,7325,7775,185665
15/06/2023,7775,8100,7700,7850,182029
16/06/2023,7900,8100,7775,7950,142403
19/06/2023,8000,8225,8000,8175,106575
20/06/2023,8175,8200,7950,8000,73667
21/06/2023,8050,8150,7950,8000,57803
22/06/2023,8000,8100,7925,7925,49085
23/06/2023,7900,8350,7900,8275,120024
26/06/2023,8350,8625,8225,8500,193455
27/06/2023,8600,8775,8450,8500,122440
03/07/2023,8475,8625,8375,8400,49234
04/07/2023,8400,8550,8375,8475,30596
05/07/2023,8475,8750,8400,8725,85240
06/07/2023,8725,8850,8625,8775,55179
07/07/2023,8700,8950,8650,8850,92132
10/07/2023,8850,9000,8725,8975,51254
11/07/2023,8975,9475,8975,9475,192739
12/07/2023,9475,9650,9250,9400,124915
13/07/2023,9300,9450,9000,9150,102580
14/07/2023,9150,9200,8875,8950,81735
17/07/2023,8975,9100,8700,8800,114042
18/07/2023,8800,8975,8675,8725,76631
20/07/2023,8800,9075,8750,8925,87886
21/07/2023,8925,9000,8725,9000,60921
24/07/2023,9050,9100,8950,8950,25676
25/07/2023,8950,9000,8900,8950,22145
26/07/2023,8950,8950,8800,8850,46833
27/07/2023,8850,9050,8825,8925,35361
28/07/2023,8925,8975,8850,8875,26987
31/07/2023,8900,9250,8825,9150,84723
01/08/2023,9100,9350,9000,9300,175075
02/08/2023,9200,9350,9050,9075,123337
03/08/2023,9075,9400,9075,9400,104544
04/08/2023,9400,9400,9250,9275,58477
07/08/2023,9275,9750,9275,9625,140934
08/08/2023,9625,9725,9550,9550,71820
09/08/2023,9550,9750,9550,9750,84735
10/08/2023,9800,9875,9725,9800,81453
11/08/2023,9825,9825,9600,9700,25102
14/08/2023,9750,10000,9750,9950,181057
15/08/2023,9925,10125,9900,10075,97997
16/08/2023,10025,10025,9625,9750,118112
18/08/2023,9725,9725,9250,9375,156241
21/08/2023,9375,9425,9000,9075,168901
22/08/2023,9125,9500,9125,9450,77290
23/08/2023,9450,9650,9325,9325,69932
24/08/2023,9325,9475,9325,9400,28882
25/08/2023,9400,9475,9250,9300,30871
28/08/2023,9300,9500,9300,9475,22140
29/08/2023,9475,9700,9425,9500,47014
30/08/2023,9525,9675,9350,9350,49908
31/08/2023,9400,9425,9025,9100,92703
01/09/2023,9200,9300,9125,9175,33725
04/09/2023,9200,9300,9075,9250,43262
05/09/2023,9250,9450,9200,9250,74488
06/09/2023,9300,9300,9150,9175,41153
07/09/2023,9175,9600,9075,9475,101039
08/09/2023,9525,9550,9325,9450,53882
11/09/2023,9500,10200,9425,10200,214775
12/09/2023,10225,10850,10025,10200,254319
13/09/2023,10200,10625,10050,10575,98444
14/09/2023,10575,10850,10500,10500,67347
15/09/2023,10500,10625,10400,10575,52411
18/09/2023,10600,10750,10225,10500,50088
19/09/2023,10500,11200,10475,11150,124438
20/09/2023,11175,11375,10850,10925,81950
21/09/2023,10900,11100,10600,10925,84139
22/09/2023,10925,11625,10900,11500,146875
25/09/2023,11500,11725,11375,11550,60208
26/09/2023,11550,11850,11325,11450,111709
27/09/2023,11475,11500,11075,11350,86208
29/09/2023,11375,11450,10800,11100,95332
02/10/2023,11100,11250,10775,10875,51167
03/10/2023,10875,11125,10600,10625,87076
04/10/2023,10600,10600,9900,10100,244260
05/10/2023,10100,10600,10025,10200,112114
06/10/2023,10275,10450,10175,10350,54833
09/10/2023,10250,10575,10150,10250,70882
10/10/2023,10300,10725,10300,10600,91705
11/10/2023,10650,10850,10525,10675,146752
12/10/2023,10725,10925,10425,10725,90742
13/10/2023,10750,10775,10375,10525,66361
16/10/2023,10525,10525,10175,10350,43007
17/10/2023,10375,10675,10275,10325,60450
18/10/2023,10350,10725,10225,10625,75558
19/10/2023,10600,10600,10300,10450,66062
20/10/2023,10425,10450,10100,10275,66586
23/10/2023,10275,10275,9650,9775,130121
24/10/2023,9700,10000,9675,9800,49308
25/10/2023,9875,9875,9300,9400,123369
26/10/2023,9400,9750,9275,9500,133461
27/10/2023,9600,10125,9550,10000,111400
30/10/2023,10000,10100,9100,9300,92171
31/10/2023,9300,9600,9200,9600,106019
01/11/2023,9100,9200,8200,8225,339852
02/11/2023,8400,8700,8300,8575,169074
03/11/2023,8725,8725,8325,8475,87676
06/11/2023,8475,8700,8475,8700,49274
07/11/2023,8700,8700,8350,8500,81875
08/11/2023,8475,8500,8300,8400,32851
09/11/2023,8425,8650,8300,8575,64436
10/11/2023,8600,8650,8350,8475,42771
13/11/2023,8575,8800,8450,8750,69103
14/11/2023,8800,8900,8625,8625,60684
15/11/2023,8575,8625,8450,8475,112875
16/11/2023,8500,8675,8400,8675,74937
17/11/2023,8650,8675,8500,8500,62339
20/11/2023,8475,8600,8475,8500,38322
21/11/2023,8550,8700,8525,8650,54358
22/11/2023,8625,8650,8475,8550,43699
23/11/2023,8550,8550,8300,8450,76743
24/11/2023,8450,8450,8350,8450,24716
27/11/2023,8425,8425,8325,8350,35511
28/11/2023,8350,8525,8350,8450,42147
29/11/2023,8525,8875,8525,8800,96203
30/11/2023,8850,8900,8625,8775,274606
01/12/2023,8575,8750,8450,8475,63709
04/12/2023,8575,8575,8350,8425,84970
05/12/2023,8475,8625,8425,8575,50613
06/12/2023,8575,8650,8400,8400,50596
07/12/2023,8500,8500,8250,8300,60327
08/12/2023,8350,8475,8075,8150,66835
11/12/2023,8200,8200,7800,7800,101509
12/12/2023,7825,8150,7775,8075,85429
13/12/2023,8075,8100,7925,8000,49216
14/12/2023,8025,8050,7850,7850,42267
15/12/2023,7850,8075,7850,7975,57504
18/12/2023,7975,8150,7975,8025,45031
19/12/2023,8100,8100,7900,7925,31850
20/12/2023,7925,8575,7925,8400,167747
21/12/2023,8400,8450,8275,8325,38315
22/12/2023,8325,8475,8300,8350,28882
27/12/2023,8350,8400,8225,8250,35244
28/12/2023,8300,8450,8275,8375,55036
29/12/2023,8375,8425,8300,8325,26348
02/01/2024,8325,8500,8250,8350,31693
03/01/2024,8350,8500,8250,8475,44087
04/01/2024,8525,8525,8350,8425,43418
05/01/2024,8425,8450,8325,8375,38832
08/01/2024,8375,8450,8125,8125,47038
09/01/2024,8150,8225,8000,8000,56047
10/01/2024,7950,8225,7950,8000,94513
11/01/2024,8000,8150,8000,8050,44961
12/01/2024,8075,8150,8050,8100,26842
15/01/2024,8100,8175,8075,8175,40116
16/01/2024,8150,8225,8075,8100,39532
17/01/2024,8100,8125,7925,7975,81794
18/01/2024,7975,8050,7975,7975,37217
19/01/2024,8050,8050,7900,8000,38775
22/01/2024,8050,8050,7800,7925,38772
23/01/2024,7925,7950,7600,7675,74224
24/01/2024,7725,7875,7675,7775,37803
25/01/2024,7775,7775,7600,7600,49658
26/01/2024,7600,7950,7600,7900,69382
29/01/2024,7950,7950,7850,7900,37180
30/01/2024,7900,7900,7675,7700,44385
31/01/2024,7725,7825,7650,7825,92024
01/02/2024,7775,7800,7650,7700,47062
02/02/2024,7700,8200,7650,8125,96239
05/02/2024,8150,8175,7900,7900,46520
06/02/2024,7950,8075,7875,8000,28553
07/02/2024,8000,8150,7950,7950,36729
12/02/2024,7975,8000,7800,7850,38374
13/02/2024,7950,8025,7850,7950,33440
15/02/2024,8050,8150,7825,7875,59172
16/02/2024,7900,8050,7875,7975,36111
19/02/2024,8000,8025,7850,7850,25809
20/02/2024,7900,7925,7700,7725,76121
21/02/2024,7775,7775,7700,7775,35032
22/02/2024,7800,7925,7725,7900,50777
23/02/2024,7975,7975,7825,7925,40864
26/02/2024,7950,7975,7825,7900,26692
27/02/2024,7900,7925,7750,7800,36741
28/02/2024,7825,8125,7750,8125,96260
29/02/2024,8150,8850,8125,8725,232280
01/03/2024,8725,9100,8525,8975,119912
04/03/2024,8950,8950,8625,8725,66855
05/03/2024,8725,8800,8450,8575,58187
06/03/2024,8575,8600,8250,8300,98804
07/03/2024,8300,8500,8250,8375,111685
08/03/2024,8400,8450,8300,8325,56226
13/03/2024,8400,8625,8350,8500,73223
14/03/2024,8550,8600,8325,8600,56247
15/03/2024,8600,8625,8450,8550,89721
18/03/2024,8550,9225,8550,9150,193651
19/03/2024,9150,9400,9050,9150,108756
20/03/2024,9150,9225,8950,9200,73827
21/03/2024,9300,9325,9075,9150,39797
22/03/2024,9150,9475,9150,9350,90984
25/03/2024,9350,9825,9325,9675,111121
26/03/2024,9750,9875,9525,9700,76668
27/03/2024,9800,9875,9575,9775,62321
28/03/2024,9800,9925,9575,9575,110738
01/04/2024,9550,9725,9225,9550,73216
02/04/2024,9500,9725,9250,9650,146570
03/04/2024,9550,9975,9450,9900,88540
04/04/2024,9900,9925,9650,9650,45307
05/04/2024,9650,9800,9525,9575,23799
16/04/2024,9300,9800,9300,9725,141484
17/04/2024,9725,9750,9375,9500,114284
18/04/2024,9525,9850,9500,9650,67367
19/04/2024,9650,9775,9500,9650,62756
22/04/2024,9650,9900,9650,9850,50330
23/04/2024,9900,9950,9675,9725,47433
24/04/2024,9725,10000,9700,9825,91513
25/04/2024,9925,9925,9625,9650,58609
26/04/2024,9650,9725,8800,8975,141943
29/04/2024,9000,9525,8675,9475,84528
30/04/2024,9475,9625,9225,9375,56060
02/05/2024,9375,9525,9175,9225,46513
03/05/2024,9225,9400,9225,9325,20025
06/05/2024,9500,9550,9375,9450,29047
07/05/2024,9450,9750,9350,9425,28156
08/05/2024,9475,9525,9350,9525,40701
13/05/2024,9450,9725,9350,9675,66224
14/05/2024,9675,9725,9475,9475,33906
15/05/2024,9475,9775,9475,9700,44217
16/05/2024,9700,9775,9575,9700,27021
17/05/2024,9700,9900,9700,9800,40188
20/05/2024,9800,9875,9625,9700,30988
21/05/2024,9725,9800,9550,9625,32213
22/05/2024,9725,9725,9575,9625,18061
27/05/2024,9625,9650,9200,9275,44444
28/05/2024,9250,9675,9125,9600,60797
29/05/2024,9550,9650,9400,9550,25352
30/05/2024,9600,9700,9250,9475,62912
31/05/2024,9475,9525,9100,9100,140952
03/06/2024,9100,9400,8900,9325,33825
04/06/2024,9275,9400,9175,9275,37849
05/06/2024,9275,9325,9025,9025,62430
06/06/2024,9200,9450,9075,9300,61125
07/06/2024,9325,9500,9225,9300,29809
10/06/2024,9300,9325,9025,9125,40681
11/06/2024,9075,9300,8975,8975,51425
12/06/2024,8950,8950,8375,8475,78644
13/06/2024,8550,8900,8550,8750,38061
14/06/2024,8750,8850,8500,8675,20512
19/06/2024,8675,8950,8575,8725,45411
20/06/2024,8825,8925,8700,8925,30070
21/06/2024,8900,9075,8800,8800,52929
24/06/2024,8875,8975,8750,8775,28363
25/06/2024,8825,8825,8650,8750,24090
26/06/2024,8800,9150,8800,9100,48527
27/06/2024,9125,9150,8900,8925,25440
28/06/2024,8850,9075,8850,8900,55156
01/07/2024,8950,9075,8900,9050,32025
02/07/2024,9050,9100,8925,9000,32203
03/07/2024,9050,9150,8950,9150,25579
04/07/2024,9150,9200,8950,8975,35563
05/07/2024,9050,9050,8750,8850,57186
08/07/2024,8850,8975,8700,8800,64888
09/07/2024,8800,8950,8750,8875,62969
10/07/2024,8875,8900,8700,8725,30526
11/07/2024,8725,8825,8600,8700,48830
12/07/2024,8700,8725,8350,8450,93414
15/07/2024,8450,8625,8450,8625,26134
16/07/2024,8650,8675,8550,8650,21885
17/07/2024,8675,8675,8450,8525,45158
18/07/2024,8500,8575,8425,8500,44444
19/07/2024,8450,8550,8325,8500,51010
22/07/2024,8550,8575,8375,8450,28919
23/07/2024,8500,8525,8375,8450,28244
24/07/2024,8450,8475,8150,8200,73813
25/07/2024,8175,8200,7975,8050,98621
26/07/2024,8050,8125,8000,8075,39819
29/07/2024,8075,8150,8025,8050,22574
30/07/2024,8125,8250,8000,8225,47381
31/07/2024,8275,8350,8150,8350,41126
01/08/2024,8425,8450,8075,8100,88451
02/08/2024,8100,8250,8025,8250,59668
05/08/2024,8175,8175,7800,7875,80704
06/08/2024,7900,8000,7800,7900,53090
07/08/2024,7875,8250,7875,8200,65485
08/08/2024,8150,8175,7900,7900,66356
09/08/2024,8000,8025,7900,7925,35788
12/08/2024,7925,8100,7925,8075,30973
13/08/2024,8150,8175,8025,8150,32940
14/08/2024,8200,8350,8100,8350,56776
15/08/2024,8350,8350,8250,8275,33071
16/08/2024,8350,8400,8275,8350,38017
19/08/2024,8350,8550,8350,8550,70230
20/08/2024,8575,8625,8450,8475,53230
21/08/2024,8525,8550,8450,8450,24438
22/08/2024,8400,8475,8300,8475,28557
23/08/2024,8500,8700,8475,8675,90981
26/08/2024,8650,8750,8625,8750,41546
27/08/2024,8750,8775,8600,8650,23443
28/08/2024,8700,8700,8375,8600,95112
29/08/2024,8575,8575,8350,8350,62836
30/08/2024,8350,8400,8100,8100,127737
02/09/2024,8125,8250,8100,8100,38407
03/09/2024,8125,8175,8050,8100,31485
04/09/2024,8000,8150,7950,8125,37415
05/09/2024,8125,8375,8075,8300,54035
06/09/2024,8300,8300,8150,8150,31501
09/09/2024,8150,8450,8150,8425,69348
10/09/2024,8500,8750,8450,8550,140248
11/09/2024,8575,8600,8350,8350,53952
12/09/2024,8350,8450,8225,8400,63870
13/09/2024,8425,8425,8300,8375,36966
17/09/2024,8375,8375,8200,8275,59426
18/09/2024,8275,8325,8175,8325,44215
19/09/2024,8275,8400,8275,8325,42511
20/09/2024,8325,8325,8225,8225,59952
23/09/2024,8300,8325,8250,8300,26004
24/09/2024,8350,8400,8250,8400,68003
25/09/2024,8475,8500,8325,8500,51360
26/09/2024,8500,8500,8375,8475,58967
27/09/2024,8500,8575,8375,8525,38374
30/09/2024,8550,8950,8450,8650,254258
01/10/2024,8700,8875,8650,8850,106967
02/10/2024,8850,9000,8675,8825,114042
03/10/2024,8875,8950,8775,8850,48518
04/10/2024,8850,8875,8725,8825,29370
07/10/2024,8775,8900,8750,8775,62562
08/10/2024,8800,8825,8500,8525,104389
09/10/2024,8525,8525,8325,8350,78567
10/10/2024,8350,8425,8250,8250,64393
11/10/2024,8275,8450,8275,8400,39207
14/10/2024,8425,8450,8300,8325,45732
15/10/2024,8350,8400,8275,8275,60126
16/10/2024,8275,8350,8175,8225,81731
17/10/2024,8250,8325,8200,8250,60184
18/10/2024,8350,8350,8225,8225,47224
21/10/2024,8250,8325,8200,8200,35074
22/10/2024,8225,8275,8175,8175,55371
23/10/2024,8200,8200,8075,8100,64069
24/10/2024,8125,8175,8050,8050,45375
25/10/2024,8050,8125,8000,8025,29874
28/10/2024,8050,8175,7950,8175,38662
29/10/2024,8175,8225,8125,8225,25177
30/10/2024,8225,8225,8100,8125,24149
31/10/2024,8125,8125,8050,8075,24052
01/11/2024,7900,7900,7625,7625,154445
04/11/2024,7725,7725,7225,7325,122284
05/11/2024,7325,7400,7225,7275,46172
06/11/2024,7225,7400,7200,7375,46409
07/11/2024,7400,7575,7325,7400,49087
08/11/2024,7400,7525,7275,7300,55277
11/11/2024,7300,7300,7100,7100,47283
12/11/2024,7100,7350,7100,7125,43176
13/11/2024,7125,7225,7125,7200,19229
14/11/2024,7200,7275,7100,7100,24104
15/11/2024,7100,7200,7100,7100,18120
18/11/2024,7100,7225,7100,7200,22975
19/11/2024,7275,7275,7125,7150,22653
20/11/2024,7175,7200,7100,7125,16245
21/11/2024,7125,7225,7100,7100,25495
22/11/2024,7150,7200,7100,7100,33475
25/11/2024,7150,7300,7125,7225,56351
26/11/2024,7300,7325,7175,7175,29486
28/11/2024,7200,7475,7200,7400,46206
29/11/2024,7400,7400,7250,7250,38733
02/12/2024,7375,7375,7200,7225,16669
03/12/2024,7225,7300,7125,7250,45889
04/12/2024,7275,7550,7275,7300,66845
05/12/2024,7350,7450,7300,7300,46326
06/12/2024,7300,7375,7075,7125,65747
09/12/2024,7125,7250,7125,7125,36526
10/12/2024,7175,7275,7150,7250,65625
11/12/2024,7250,7375,7200,7200,32383
12/12/2024,7200,7250,7150,7200,23518
13/12/2024,7200,7200,7125,7150,34051
16/12/2024,7150,7175,7100,7175,23345
17/12/2024,7150,7150,7000,7000,43614
18/12/2024,7000,7050,6825,6825,36465
19/12/2024,6825,6925,6725,6750,28430
20/12/2024,6750,6800,6600,6600,55990
23/12/2024,6600,6825,6600,6800,17531
24/12/2024,6825,6825,6700,6725,19610
27/12/2024,6750,6825,6700,6750,10203
30/12/2024,6800,6900,6700,6800,31211
02/01/2025,6900,6900,6750,6825,23957
03/01/2025,6825,6850,6700,6700,36530
06/01/2025,6700,6900,6650,6650,44727
07/01/2025,6650,6725,6575,6575,32802
08/01/2025,6600,6650,6450,6475,53616
09/01/2025,6475,6525,6375,6375,45534
10/01/2025,6400,6475,6375,6400,35437
13/01/2025,6400,6750,6400,6700,69459
14/01/2025,6700,6750,6425,6425,29710
15/01/2025,6450,6650,6450,6525,38670
16/01/2025,6550,6750,6550,6650,33173
17/01/2025,6650,6725,6550,6550,30610
20/01/2025,6575,6850,6575,6725,48352
21/01/2025,6750,6900,6725,6725,33439
22/01/2025,6725,6825,6675,6775,29424
23/01/2025,6775,6900,6750,6750,30267
24/01/2025,6800,6850,6750,6750,22394
30/01/2025,6750,6750,6600,6600,19225
31/01/2025,6600,6775,6600,6750,20436
03/02/2025,6750,6825,6600,6750,21164
04/02/2025,6750,6750,6575,6575,27120
05/02/2025,6525,6600,6425,6425,28504
06/02/2025,6425,6450,6100,6150,38872
07/02/2025,6175,6200,6050,6050,31836
10/02/2025,6025,6225,5925,6150,24041
11/02/2025,6150,6200,6000,6000,26476
12/02/2025,6000,6075,5825,5850,103351
13/02/2025,5875,6325,5875,6150,50275
14/02/2025,6125,6250,5975,6050,31002
17/02/2025,6075,6450,6050,6350,64193
18/02/2025,6350,6475,6300,6325,21907
19/02/2025,6325,6375,6225,6350,18626
20/02/2025,6350,6350,6200,6325,28767
21/02/2025,6325,6450,6225,6300,27973
24/02/2025,6275,6350,6150,6200,22478
25/02/2025,6200,6200,5800,5800,101022
26/02/2025,5800,5875,5550,5575,64127
27/02/2025,5600,5850,5525,5575,61500
28/02/2025,5550,5550,4700,4700,1836864
03/03/2025,4610,5100,4610,4940,528595
04/03/2025,4850,4880,4600,4670,247284
05/03/2025,4730,5050,4670,4920,225226
06/03/2025,5000,5275,4950,5050,155874
07/03/2025,5100,5550,5100,5400,170724
10/03/2025,5425,5450,5100,5125,76091
11/03/2025,5025,5100,4830,4870,159178
12/03/2025,4870,4910,4790,4810,113781
13/03/2025,4850,4910,4790,4800,70438
14/03/2025,4800,4840,4740,4820,59364
17/03/2025,4850,5000,4850,4900,88548
18/03/2025,4940,4940,4550,4800,108421
19/03/2025,4800,4860,4700,4820,42205
20/03/2025,4840,4980,4800,4880,56132
21/03/2025,4910,4910,4770,4800,135309
24/03/2025,4800,4850,4680,4730,88872
25/03/2025,4780,4910,4720,4820,52376
26/03/2025,4830,4940,4830,4850,119242
27/03/2025,4840,5075,4810,4920,226192
08/04/2025,4450,4550,4220,4460,260753
09/04/2025,4460,4540,4290,4350,116439
10/04/2025,4680,4880,4610,4790,160668
11/04/2025,4770,5100,4670,5000,92781
14/04/2025,5025,5200,5000,5025,64330
15/04/2025,5100,5150,4890,4970,57340
16/04/2025,4990,5025,4810,4820,61241
17/04/2025,4820,4870,4790,4810,40248
21/04/2025,4810,4910,4720,4750,50108
22/04/2025,4750,5025,4750,5025,50195
23/04/2025,5100,5150,4940,5075,49467
24/04/2025,5025,5300,5025,5050,52076
25/04/2025,5075,5300,5075,5275,68206
28/04/2025,5300,5375,5175,5175,53266
29/04/2025,5225,5300,5175,5200,24741
30/04/2025,5200,5425,5150,5150,83733
02/05/2025,5150,5425,5150,5375,74454
05/05/2025,5400,5850,5350,5850,159001
06/05/2025,5900,5975,5750,5825,88875
07/05/2025,5850,5925,5650,5650,114734
08/05/2025,5650,5775,5550,5650,71571
09/05/2025,5700,5950,5700,5775,62657
14/05/2025,5925,5975,5775,5800,111494
15/05/2025,5875,6075,5850,5850,105882
16/05/2025,5875,6050,5825,5975,72042
19/05/2025,6050,6300,5975,6150,141988
20/05/2025,6200,6400,6150,6175,123769
21/05/2025,6175,6300,6150,6175,54236
22/05/2025,6150,6350,6100,6275,51457
23/05/2025,6275,6300,6175,6175,41442
26/05/2025,6200,6250,6100,6250,54339
27/05/2025,6200,6475,6200,6325,87517
28/05/2025,6400,6425,6225,6425,70736
02/06/2025,6425,6425,6200,6250,57924
03/06/2025,6250,6275,6050,6200,52757
04/06/2025,6200,6675,6200,6675,164415
05/06/2025,6700,6700,6400,6425,84866
10/06/2025,6425,6675,6425,6500,86964
11/06/2025,6525,6650,6425,6650,61622
12/06/2025,6650,6650,6400,6500,79664
13/06/2025,6400,6475,6175,6275,148953
16/06/2025,6225,6325,6150,6175,51096
17/06/2025,6225,6300,6150,6225,40662
18/06/2025,6250,6250,5900,6025,143094
19/06/2025,6025,6025,5725,5750,138273
20/06/2025,5700,5925,5675,5800,208353
23/06/2025,5700,5800,5550,5775,103345
24/06/2025,5800,5950,5775,5825,27922
25/06/2025,5825,5875,5650,5650,54271
26/06/2025,5650,5750,5650,5725,20914
30/06/2025,5850,5850,5725,5750,29205
01/07/2025,5850,5850,5500,5525,95500
02/07/2025,5550,5625,5450,5475,63718
03/07/2025,5500,5575,5450,5450,32678
04/07/2025,5475,5525,5350,5375,29205
07/07/2025,5375,5475,5325,5375,28365
08/07/2025,5375,5475,5375,5450,30908
09/07/2025,5500,5575,5425,5500,41603
10/07/2025,5525,5625,5475,5575,52111
11/07/2025,5575,5875,5525,5800,57764
14/07/2025,5850,5875,5600,5725,61308
15/07/2025,5725,5775,5650,5725,34424
16/07/2025,5750,5800,5675,5675,35386
17/07/2025,5700,5775,5700,5725,31632
18/07/2025,5725,5775,5700,5750,30357
21/07/2025,5750,5850,5725,5825,39309
22/07/2025,5825,5875,5750,5750,45239
23/07/2025,5750,6275,5700,6275,178568
24/07/2025,6400,6625,6150,6175,155090
25/07/2025,6175,6175,6050,6100,73571
28/07/2025,6100,6850,6100,6800,240924
29/07/2025,6800,6900,6575,6775,137169
30/07/2025,6775,7250,6750,7125,235142
31/07/2025,7150,7250,6800,6800,133441
01/08/2025,6450,7375,6200,7300,316888
04/08/2025,7275,7850,7050,7700,295706
05/08/2025,7725,7775,7350,7375,109409
06/08/2025,7375,7775,7375,7450,123511
07/08/2025,7500,7650,7350,7400,65719
08/08/2025,7600,8150,7600,8000,295417
11/08/2025,8150,8200,7850,8125,128422
12/08/2025,8150,8400,8050,8375,162193
13/08/2025,8375,8375,8000,8000,162867
14/08/2025,8000,8150,7800,7800,152032
15/08/2025,7825,8100,7825,7975,142144
19/08/2025,8050,8100,7925,8000,65667
20/08/2025,8050,8150,7925,7975,74879
21/08/2025,7950,8000,7625,7700,220427
22/08/2025,7700,7850,7675,7750,52316
25/08/2025,7800,7900,7775,7850,47912
26/08/2025,7850,7850,7650,7650,54591
27/08/2025,7650,8000,7575,7950,94542
28/08/2025,8000,8175,7850,7975,100200
29/08/2025,7800,7925,7600,7650,109292
01/09/2025,7300,7925,7150,7850,115299
02/09/2025,7950,8175,7925,8150,101319
03/09/2025,8175,8250,8000,8000,45139
04/09/2025,8025,8075,7875,7900,29383
08/09/2025,7925,8125,7825,7875,53120
09/09/2025,7675,7875,7500,7600,85794
10/09/2025,7700,7750,7600,7600,24783
11/09/2025,7625,7775,7575,7575,29737
12/09/2025,7625,7875,7625,7775,41789
15/09/2025,7775,7850,7525,7550,75785
16/09/2025,7550,7575,7425,7500,65591
17/09/2025,7550,7625,7475,7600,42232
18/09/2025,7650,7650,7350,7450,51272
19/09/2025,7450,7500,7300,7300,65934
22/09/2025,7300,7475,7250,7375,54608
23/09/2025,7375,7400,7250,7300,49212
24/09/2025,7300,7350,7200,7325,64390
25/09/2025,7350,7850,7300,7775,125223
26/09/2025,7800,7825,7425,7475,68008
29/09/2025,7450,7625,7275,7500,93826
30/09/2025,7500,7500,7300,7350,61263
01/10/2025,7275,7650,7200,7400,115706
02/10/2025,7425,7475,7350,7400,33417
03/10/2025,7425,7600,7300,7500,80217
06/10/2025,7500,7675,7500,7525,65315
07/10/2025,7550,7675,7375,7400,80345
08/10/2025,7400,7600,7225,7400,57059
09/10/2025,7500,7525,7325,7475,65455
10/10/2025,7525,8075,7400,7850,187907
13/10/2025,7600,7775,7525,7550,9270700
14/10/2025,7600,7600,7300,7350,9590900
15/10/2025,7350,7450,7225,7450,7296400
16/10/2025,7450,7475,7325,7400,4309600
17/10/2025,7400,7425,7225,7250,6017600
20/10/2025,7250,7525,7250,7500,6116800
21/10/2025,7500,7550,7425,7450,2887700
22/10/2025,7475,7650,7475,7550,4998100
23/10/2025,7550,7975,7525,7675,12752900
24/10/2025,7700,7750,7450,7500,3903900
27/10/2025,7600,7625,7400,7625,4453400
28/10/2025,7700,7900,7625,7750,7457200
29/10/2025,7825,7875,7750,7775,3614900
30/10/2025,7775,7825,7675,7700,2743500
31/10/2025,7700,7750,7450,7450,5746800
03/11/2025,7500,7650,7425,7475,4087700
04/11/2025,7525,7575,7400,7450,3332800
05/11/2025,7375,7500,7350,7450,5703300
06/11/2025,7450,7550,7375,7475,2418300
07/11/2025,7525,7525,7350,7500,3649900
10/11/2025,7500,7525,7425,7425,2721500
11/11/2025,7475,7550,7450,7525,2969400
12/11/2025,7550,8050,7500,7725,16558900
13/11/2025,7775,7825,7525,7550,6695500
14/11/2025,7525,7650,7500,7575,3896200
17/11/2025,7600,7700,7525,7575,5328400
18/11/2025,7525,7625,7500,7625,4019200
19/11/2025,7625,7625,7500,7500,3895900
20/11/2025,7550,7825,7550,7675,6639500
21/11/2025,7600,7675,7575,7600,2719900
24/11/2025,7650,7650,7500,7625,4192500
25/11/2025,7675,7950,7575,7900,11893800
26/11/2025,8000,8150,7825,7900,13226000
27/11/2025,8000,8100,7925,8025,4825100
28/11/2025,8100,8825,8025,8775,35985700
01/12/2025,8750,8850,8500,8700,10805200
02/12/2025,8700,8900,8575,8650,6940100
03/12/2025,8675,8800,8500,8750,5193300
04/12/2025,8750,8875,8575,8625,4370400
05/12/2025,8625,8625,8375,8525,6169800
08/12/2025,8525,8950,8525,8800,14149100
09/12/2025,8825,8850,8200,8200,19822300
10/12/2025,8300,8300,7800,7900,18754400
11/12/2025,7900,8225,7725,7875,15690600
12/12/2025,7975,8325,7950,8200,12014900
15/12/2025,8250,8250,7950,7950,7010300
16/12/2025,7975,8025,7875,8000,4922900
17/12/2025,8000,8175,7925,8075,7545300
18/12/2025,8075,8100,7950,7950,6485400
19/12/2025,7975,8050,7900,8050,4170500
22/12/2025,8050,8150,7975,8125,3578900
23/12/2025,8125,8175,8000,8100,3662700
24/12/2025,8125,8150,8050,8050,3079600
29/12/2025,8050,8450,8025,8350,80112
30/12/2025,8400,8575,8300,8500,74317
02/01/2026,8500,8800,8450,8775,88346
05/01/2026,8800,8975,8575,8925,134586
06/01/2026,8975,9675,8950,9550,231784
07/01/2026,9600,9950,9600,9825,196560
08/01/2026,9825,9875,9525,9700,91013
09/01/2026,9700,9875,9575,9675,55007
12/01/2026,9850,10150,9300,9900,201478
13/01/2026,9900,10600,9900,10200,125323
14/01/2026,10200,10325,9975,10150,55796
15/01/2026,10200,10375,9900,10000,83882
19/01/2026,10100,10175,9725,10000,124749
20/01/2026,10000,10475,9975,10100,64760
21/01/2026,10125,10125,9875,10075,89119
22/01/2026,10075,10800,10075,10600,128517
23/01/2026,10650,10650,10300,10575,51426
26/01/2026,10600,10725,10300,10500,76288
27/01/2026,10500,10675,10425,10525,38284
28/01/2026,9475,9850,8950,9325,525688
29/01/2026,9250,9375,7950,9100,360066
30/01/2026,9200,9325,8925,9100,81985
02/02/2026,9125,9225,8125,8200,301673
03/02/2026,8500,9025,8325,9025,106496
04/02/2026,9000,9125,8850,8900,54376
05/02/2026,9000,9300,8925,9100,94957
06/02/2026,8700,9075,8600,8850,77493
09/02/2026,9000,9175,8825,9175,49112
10/02/2026,9075,9225,9000,9100,59424
11/02/2026,9175,9475,9125,9375,64090
12/02/2026,9400,9675,9325,9550,50341
13/02/2026,9450,9975,9450,9850,116410
18/02/2026,9850,9900,9750,9875,62400
19/02/2026,9875,10475,9875,10300,308193
20/02/2026,10450,10500,9800,9800,104267
23/02/2026,9850,10575,9850,10250,238103
24/02/2026,10300,10450,10175,10300,130563
25/02/2026,10300,12000,10200,12000,879245
26/02/2026,11900,12750,11625,11825,529110
27/02/2026,11700,11825,11325,11600,164113
02/03/2026,11200,11525,10750,11075,212543
03/03/2026,11100,11350,10750,10825,132377
04/03/2026,10525,10525,9500,9725,218368
05/03/2026,10000,10250,9825,10050,104753
06/03/2026,10000,10025,9200,9200,137934
09/03/2026,8875,9150,8300,8875,90180
10/03/2026,9275,9875,8950,9700,210659
11/03/2026,9675,9700,9225,9225,89918
12/03/2026,9225,9250,8900,9175,66639
13/03/2026,9100,9300,8850,9025,57049
16/03/2026,9025,9075,8525,8975,54461
17/03/2026,9125,9525,9075,9500,84757
25/03/2026,9450,9950,9375,9700,79724
26/03/2026,9875,10100,9825,9950,68958
27/03/2026,9950,10025,9800,9875,25960
30/03/2026,9800,10000,9350,9900,55274
31/03/2026,10025,10250,9950,10150,83393
01/04/2026,10350,10475,9850,9950,45550
02/04/2026,9900,9975,9600,9625,38171
06/04/2026,9550,9975,9400,9675,40876
07/04/2026,9750,9900,9725,9775,17309
08/04/2026,9925,10100,9825,10025,34718
09/04/2026,10000,10000,9750,9800,19538
10/04/2026,9800,9950,9650,9725,32657
13/04/2026,9700,9775,9525,9675,38886
14/04/2026,9725,9950,9650,9725,43232
15/04/2026,9875,10275,9800,10000,89054
16/04/2026,10200,10300,9875,10050,43388
17/04/2026,10050,10125,9900,9925,20307
20/04/2026,9925,10050,9825,10000,38418
21/04/2026,10100,10100,9900,10000,33696
22/04/2026,10000,10025,9750,9825,31452
23/04/2026,9825,10175,9825,9925,48597
24/04/2026,9950,10000,9625,9775,39321
27/04/2026,9800,9925,9750,9900,37163
28/04/2026,9900,9900,9650,9675,50988
29/04/2026,9725,9775,9525,9675,52799
30/04/2026,9675,10000,9575,9750,87785
04/05/2026,9975,10125,9650,9750,77576
05/05/2026,9750,9850,9300,9325,87091
06/05/2026,9325,9575,9150,9500,76398
07/05/2026,9500,9500,9225,9450,124026
08/05/2026,9450,9500,9025,9150,116698
11/05/2026,9150,9250,8775,9000,83637
12/05/2026,9075,9175,8675,8925,133925
13/05/2026,8800,9075,8700,9000,63904
18/05/2026,8775,8800,8200,8575,181877
19/05/2026,8600,8625,8050,8325,162996
20/05/2026,8200,8300,7775,8000,208506
21/05/2026,8150,8225,7900,7925,67140
22/05/2026,7900,8225,7650,8100,74964
25/05/2026,8225,8275,7725,7850,76155
26/05/2026,7850,8000,7725,7775,42473
29/05/2026,7800,7925,7500,7675,284367
02/06/2026,7675,7775,7475,7750,48599
03/06/2026,7850,7875,7075,7150,101510
04/06/2026,7150,7250,6575,7050,102088
05/06/2026,7200,7200,6650,6700,51545
08/06/2026,6700,6750,6250,6500,67292
09/06/2026,6500,7425,6450,7325,77809
10/06/2026,7325,8625,7100,7925,128748
11/06/2026,7950,7975,7425,7550,64536
12/06/2026,7625,7800,7575,7700,53433
15/06/2026,7900,8000,7600,7725,55236
17/06/2026,7725,7900,7575,7650,22461
18/06/2026,7625,7850,7475,7800,25256
19/06/2026,7850,7850,7475,7475,430978
22/06/2026,7350,7600,7350,7400,16298
23/06/2026,7425,7450,7200,7275,32612
24/06/2026,7400,7400,7075,7075,41678
25/06/2026,7075,7600,7075,7200,85834
26/06/2026,7225,7350,7100,7175,30494
29/06/2026,7200,7225,7000,7075,19695
30/06/2026,7075,7200,6875,7075,151895
01/07/2026,7175,7175,6950,7000,24899
02/07/2026,6975,7125,6875,6950,23282
03/07/2026,6950,7125,6925,7075,25040
06/07/2026,7075,7175,7000,7075,18769
07/07/2026,7125,7450,7075,7425,45015
08/07/2026,7400,7400,7050,7075,28449
09/07/2026,7175,7375,7050,7275,24794
10/07/2026,7250,7425,7225,7325,16475
13/07/2026,7325,7375,7275,7375,19670
14/07/2026,7450,7550,7375,7450,20441
15/07/2026,7450,7525,7300,7425,26519
16/07/2026,7425,7900,7375,7800,54800
17/07/2026,7825,7850,7625,7625,39426
20/07/2026,7625,7850,7625,7800,38738
21/07/2026,7825,7925,7700,7875,51695
22/07/2026,7875,7975,7800,7875,39542
23/07/2026,7875,8075,7675,7725,62336
24/07/2026,7700,7750,7550,7675,39263
27/07/2026,7600,8175,7600,7950,62753
28/07/2026,8150,8300,7975,8000,52754
29/07/2026,8000,8100,7800,7925,35697
30/07/2026,7900,8250,7900,8225,35701
31/07/2026,8250,8400,8125,8400,52618
03/08/2026,8700,8825,8400,8475,98115
04/08/2026,8550,8575,8350,8500,47313
05/08/2026,8525,8550,8325,8375,27850
06/08/2026,8400,8475,8250,8300,57602
07/08/2026,8400,8400,8300,8325,25002
10/08/2026,8400,8475,8375,8375,29753
11/08/2026,8375,8575,8150,8300,81414
12/08/2026,8300,8575,8250,8425,55387
13/08/2026,8450,8500,8325,8475,20348
14/08/2026,8475,8575,8400,8500,24910
18/08/2026,8500,8750,8450,8725,64619
19/08/2026,8800,8850,8625,8625,37496
20/08/2026,8675,8750,8600,8650,18601
21/08/2026,8650,8750,8500,8750,39037
24/08/2026,8750,8775,8600,8725,48981
26/08/2026,8725,8850,8600,8725,46277
28/08/2026,8875,8875,8775,8850,22349
