Date,Open,High,Low,Close,Volume
19/08/2010,1162.5,1168.75,1118.75,1162.5,39358000
20/08/2010,1150,1162.5,1143.75,1150,9446000
23/08/2010,1156.25,1156.25,1143.75,1156.25,4846000
24/08/2010,1156.25,1168.75,1150,1156.25,12246000
25/08/2010,1162.5,1162.5,1150,1162.5,7808000
26/08/2010,1150,1162.5,1150,1150,3010000
27/08/2010,1131.25,1156.25,1125,1131.25,15790000
30/08/2010,1100,1143.75,1087.5,1100,20896000
31/08/2010,1100,1125,1081.25,1100,13030000
01/09/2010,1112.5,1118.75,1093.75,1112.5,21164000
02/09/2010,1143.75,1143.75,1118.75,1143.75,15220000
03/09/2010,1225,1231.25,1143.75,1225,77540000
06/09/2010,1287.5,1312.5,1225,1287.5,88734000
07/09/2010,1287.5,1312.5,1275,1287.5,13862000
15/09/2010,1300,1325,1287.5,1325,32232000
16/09/2010,1337.5,1362.5,1300,1337.5,25178000
17/09/2010,1350,1362.5,1325,1350,13258000
20/09/2010,1300,1350,1287.5,1300,18008000
21/09/2010,1312.5,1325,1300,1312.5,14698000
22/09/2010,1300,1312.5,1275,1300,14876000
23/09/2010,1300,1312.5,1275,1300,5750000
24/09/2010,1300,1325,1300,1300,15880000
27/09/2010,1375,1375,1312.5,1375,20058000
28/09/2010,1362.5,1400,1350,1362.5,31004000
29/09/2010,1375,1387.5,1350,1375,16838000
30/09/2010,1375,1400,1350,1375,13738000
01/10/2010,1400,1400,1375,1400,9930000
04/10/2010,1425,1450,1387.5,1425,19898000
05/10/2010,1462.5,1462.5,1437.5,1462.5,10034000
06/10/2010,1500,1500,1462.5,1500,35312000
07/10/2010,1487.5,1500,1437.5,1487.5,9240000
08/10/2010,1450,1500,1450,1450,19270000
11/10/2010,1475,1487.5,1450,1475,8994000
12/10/2010,1487.5,1487.5,1450,1487.5,3498000
13/10/2010,1562.5,1562.5,1500,1562.5,22162000
14/10/2010,1575,1625,1562.5,1575,38682000
15/10/2010,1500,1575,1487.5,1500,25856000
18/10/2010,1500,1512.5,1487.5,1500,14878000
19/10/2010,1512.5,1537.5,1500,1512.5,22388000
20/10/2010,1512.5,1512.5,1487.5,1512.5,15804000
21/10/2010,1500,1512.5,1500,1500,7418000
22/10/2010,1512.5,1512.5,1487.5,1512.5,3476000
25/10/2010,1500,1500,1462.5,1500,1822000
26/10/2010,1487.5,1500,1487.5,1487.5,5558000
27/10/2010,1475,1487.5,1450,1475,4568000
28/10/2010,1475,1487.5,1462.5,1475,3120000
29/10/2010,1500,1500,1462.5,1500,10520000
01/11/2010,1500,1512.5,1487.5,1500,3892000
02/11/2010,1500,1512.5,1475,1500,15374000
03/11/2010,1487.5,1500,1462.5,1487.5,1772000
04/11/2010,1475,1500,1462.5,1475,5400000
05/11/2010,1450,1487.5,1450,1450,7010000
08/11/2010,1425,1450,1350,1425,20246000
09/11/2010,1437.5,1450,1412.5,1437.5,16310000
10/11/2010,1425,1450,1425,1425,4000000
11/11/2010,1412.5,1450,1400,1412.5,7544000
12/11/2010,1437.5,1437.5,1400,1437.5,6008000
15/11/2010,1425,1425,1400,1425,3130000
16/11/2010,1450,1450,1400,1450,9956000
18/11/2010,1437.5,1462.5,1425,1437.5,7956000
19/11/2010,1437.5,1462.5,1437.5,1437.5,17040000
22/11/2010,1525,1525,1450,1525,8474000
23/11/2010,1462.5,1512.5,1450,1462.5,4342000
24/11/2010,1425,1462.5,1400,1425,12450000
25/11/2010,1412.5,1437.5,1400,1412.5,2456000
26/11/2010,1375,1425,1375,1375,4894000
29/11/2010,1400,1425,1337.5,1400,2172000
30/11/2010,1350,1400,1312.5,1350,24670000
01/12/2010,1312.5,1350,1287.5,1312.5,14616000
02/12/2010,1387.5,1437.5,1337.5,1387.5,28566000
03/12/2010,1425,1425,1362.5,1425,3616000
06/12/2010,1437.5,1437.5,1350,1437.5,9722000
08/12/2010,1462.5,1462.5,1425,1462.5,6402000
09/12/2010,1450,1462.5,1437.5,1450,6480000
10/12/2010,1425,1450,1387.5,1425,10358000
13/12/2010,1387.5,1425,1362.5,1387.5,5212000
14/12/2010,1412.5,1412.5,1350,1412.5,12224000
15/12/2010,1362.5,1400,1312.5,1362.5,15080000
16/12/2010,1312.5,1350,1275,1312.5,19360000
17/12/2010,1287.5,1312.5,1250,1287.5,23176000
20/12/2010,1275,1287.5,1262.5,1275,5176000
21/12/2010,1300,1312.5,1275,1300,7120000
22/12/2010,1300,1300,1275,1300,4198000
23/12/2010,1275,1287.5,1262.5,1275,12498000
27/12/2010,1275,1287.5,1262.5,1275,4104000
28/12/2010,1287.5,1287.5,1262.5,1287.5,6980000
29/12/2010,1287.5,1300,1275,1287.5,2822000
30/12/2010,1350,1362.5,1287.5,1350,20318000
03/01/2011,1362.5,1400,1325,1362.5,12152000
04/01/2011,1387.5,1400,1375,1387.5,4410000
05/01/2011,1412.5,1412.5,1362.5,1412.5,14656000
06/01/2011,1400,1412.5,1337.5,1400,6712000
07/01/2011,1337.5,1412.5,1300,1337.5,7298000
10/01/2011,1243.75,1275,1206.25,1243.75,33662000
11/01/2011,1250,1300,1250,1250,9214000
12/01/2011,1325,1325,1275,1325,6504000
13/01/2011,1300,1350,1275,1300,9120000
14/01/2011,1275,1300,1262.5,1275,12248000
17/01/2011,1275,1287.5,1262.5,1275,4270000
18/01/2011,1262.5,1275,1250,1262.5,6502000
19/01/2011,1262.5,1275,1250,1262.5,14766000
20/01/2011,1250,1275,1243.75,1250,19806000
21/01/2011,1250,1275,1212.5,1250,36394000
24/01/2011,1237.5,1262.5,1231.25,1237.5,5570000
25/01/2011,1243.75,1262.5,1237.5,1243.75,8552000
26/01/2011,1243.75,1262.5,1243.75,1243.75,6796000
27/01/2011,1250,1262.5,1237.5,1250,12010000
28/01/2011,1225,1250,1218.75,1225,4778000
31/01/2011,1218.75,1243.75,1212.5,1218.75,4592000
01/02/2011,1231.25,1237.5,1218.75,1231.25,9522000
02/02/2011,1250,1262.5,1237.5,1250,5226000
04/02/2011,1262.5,1275,1250,1262.5,6022000
07/02/2011,1250,1275,1250,1250,5718000
08/02/2011,1262.5,1262.5,1250,1262.5,7004000
09/02/2011,1218.75,1275,1206.25,1218.75,15296000
10/02/2011,1200,1218.75,1193.75,1200,11938000
11/02/2011,1250,1250,1193.75,1250,32436000
14/02/2011,1225,1262.5,1212.5,1225,13654000
16/02/2011,1237.5,1250,1212.5,1237.5,8248000
17/02/2011,1250,1262.5,1237.5,1250,4824000
18/02/2011,1250,1287.5,1250,1250,6536000
21/02/2011,1250,1275,1250,1250,4750000
22/02/2011,1262.5,1262.5,1237.5,1262.5,6280000
23/02/2011,1250,1275,1243.75,1250,6368000
24/02/2011,1262.5,1262.5,1243.75,1262.5,3546000
25/02/2011,1250,1262.5,1250,1250,9196000
28/02/2011,1262.5,1275,1250,1262.5,6786000
01/03/2011,1275,1287.5,1262.5,1275,6040000
02/03/2011,1250,1262.5,1250,1250,6530000
03/03/2011,1243.75,1262.5,1243.75,1243.75,8036000
04/03/2011,1250,1262.5,1231.25,1250,14912000
07/03/2011,1243.75,1262.5,1243.75,1243.75,18870000
08/03/2011,1250,1250,1243.75,1250,3466000
09/03/2011,1312.5,1312.5,1243.75,1312.5,6484000
10/03/2011,1312.5,1312.5,1287.5,1312.5,7298000
11/03/2011,1262.5,1287.5,1262.5,1262.5,8956000
14/03/2011,1275,1287.5,1250,1275,3078000
15/03/2011,1262.5,1275,1250,1262.5,5266000
16/03/2011,1262.5,1312.5,1262.5,1262.5,10564000
17/03/2011,1325,1362.5,1250,1325,21082000
18/03/2011,1287.5,1350,1262.5,1287.5,10798000
21/03/2011,1287.5,1312.5,1275,1287.5,3036000
22/03/2011,1287.5,1300,1275,1287.5,5624000
23/03/2011,1300,1337.5,1287.5,1300,31782000
24/03/2011,1300,1312.5,1262.5,1300,10854000
25/03/2011,1312.5,1325,1287.5,1312.5,5786000
28/03/2011,1287.5,1312.5,1287.5,1287.5,3244000
29/03/2011,1312.5,1325,1287.5,1312.5,13572000
30/03/2011,1312.5,1325,1300,1312.5,8494000
31/03/2011,1325,1350,1325,1325,16242000
01/04/2011,1350,1350,1325,1350,10792000
04/04/2011,1325,1375,1312.5,1325,12896000
05/04/2011,1325,1337.5,1325,1325,18670000
06/04/2011,1325,1325,1287.5,1325,7488000
07/04/2011,1312.5,1337.5,1312.5,1312.5,4468000
08/04/2011,1325,1337.5,1312.5,1325,8020000
11/04/2011,1325,1337.5,1325,1325,2258000
12/04/2011,1312.5,1325,1312.5,1312.5,10538000
13/04/2011,1312.5,1325,1300,1312.5,11520000
14/04/2011,1312.5,1325,1287.5,1312.5,17496000
15/04/2011,1337.5,1337.5,1312.5,1337.5,15140000
18/04/2011,1337.5,1350,1325,1337.5,15114000
19/04/2011,1350,1350,1325,1350,33788000
20/04/2011,1362.5,1362.5,1337.5,1362.5,33766000
21/04/2011,1337.5,1362.5,1325,1337.5,15628000
25/04/2011,1350,1350,1325,1350,5994000
26/04/2011,1312.5,1350,1312.5,1312.5,8564000
27/04/2011,1325,1325,1312.5,1325,5928000
28/04/2011,1300,1325,1287.5,1300,14168000
29/04/2011,1337.5,1337.5,1300,1337.5,4780000
02/05/2011,1337.5,1337.5,1312.5,1337.5,1024000
03/05/2011,1350,1375,1325,1350,23810000
04/05/2011,1350,1362.5,1337.5,1350,4038000
05/05/2011,1350,1350,1337.5,1350,2170000
06/05/2011,1350,1350,1325,1350,1570000
09/05/2011,1337.5,1350,1337.5,1337.5,1462000
10/05/2011,1312.5,1350,1312.5,1312.5,4402000
11/05/2011,1325,1337.5,1300,1325,7734000
12/05/2011,1312.5,1337.5,1300,1312.5,5806000
13/05/2011,1312.5,1325,1312.5,1312.5,3818000
16/05/2011,1300,1312.5,1300,1300,2376000
18/05/2011,1325,1337.5,1300,1325,11348000
19/05/2011,1337.5,1337.5,1312.5,1337.5,3898000
20/05/2011,1337.5,1337.5,1312.5,1337.5,3328000
23/05/2011,1300,1325,1300,1300,4368000
24/05/2011,1325,1337.5,1287.5,1325,9552000
25/05/2011,1312.5,1325,1300,1312.5,3232000
26/05/2011,1300,1325,1300,1300,9220000
27/05/2011,1300,1312.5,1300,1300,1486000
30/05/2011,1312.5,1312.5,1300,1312.5,2160000
31/05/2011,1312.5,1312.5,1300,1312.5,17126000
01/06/2011,1312.5,1312.5,1300,1312.5,4584000
03/06/2011,1312.5,1312.5,1287.5,1312.5,6312000
06/06/2011,1300,1300,1287.5,1300,1878000
07/06/2011,1287.5,1300,1275,1287.5,3396000
08/06/2011,1300,1300,1275,1300,3890000
09/06/2011,1287.5,1300,1275,1287.5,6596000
10/06/2011,1287.5,1287.5,1275,1287.5,1016000
13/06/2011,1275,1287.5,1262.5,1275,2614000
14/06/2011,1275,1287.5,1275,1275,7576000
15/06/2011,1287.5,1300,1275,1287.5,17032000
16/06/2011,1300,1300,1275,1300,12416000
17/06/2011,1300,1300,1275,1300,12356000
20/06/2011,1275,1300,1250,1275,6136000
21/06/2011,1275,1287.5,1262.5,1275,7590000
22/06/2011,1287.5,1287.5,1262.5,1287.5,3426000
23/06/2011,1300,1300,1250,1300,14668000
24/06/2011,1287.5,1300,1262.5,1287.5,27868000
27/06/2011,1275,1287.5,1262.5,1275,28010000
28/06/2011,1262.5,1287.5,1262.5,1262.5,19908000
30/06/2011,1275,1287.5,1262.5,1275,14890000
01/07/2011,1262.5,1287.5,1262.5,1262.5,29782000
04/07/2011,1262.5,1262.5,1262.5,1262.5,0
05/07/2011,1262.5,1275,1250,1262.5,13296000
06/07/2011,1262.5,1287.5,1262.5,1262.5,5204000
07/07/2011,1287.5,1287.5,1275,1287.5,5640000
08/07/2011,1287.5,1300,1275,1287.5,6306000
11/07/2011,1300,1300,1275,1300,2596000
12/07/2011,1275,1287.5,1262.5,1275,2746000
13/07/2011,1312.5,1312.5,1275,1312.5,5910000
14/07/2011,1312.5,1312.5,1300,1312.5,2974000
15/07/2011,1325,1325,1287.5,1325,5364000
18/07/2011,1300,1325,1300,1300,3238000
19/07/2011,1312.5,1312.5,1300,1312.5,2002000
20/07/2011,1300,1325,1287.5,1300,2076000
21/07/2011,1362.5,1362.5,1312.5,1362.5,4794000
22/07/2011,1400,1400,1350,1400,10898000
25/07/2011,1375,1412.5,1362.5,1375,15200000
26/07/2011,1387.5,1387.5,1362.5,1387.5,4262000
27/07/2011,1362.5,1375,1350,1362.5,3368000
28/07/2011,1350,1375,1350,1350,2220000
29/07/2011,1362.5,1375,1350,1362.5,3872000
01/08/2011,1400,1400,1375,1400,8242000
02/08/2011,1450,1450,1400,1450,11900000
03/08/2011,1450,1462.5,1425,1450,10964000
04/08/2011,1450,1475,1437.5,1450,7548000
05/08/2011,1412.5,1437.5,1400,1412.5,17990000
08/08/2011,1350,1400,1325,1350,10236000
09/08/2011,1300,1325,1243.75,1300,10080000
10/08/2011,1325,1350,1300,1325,7878000
11/08/2011,1387.5,1387.5,1312.5,1387.5,5994000
12/08/2011,1362.5,1425,1337.5,1362.5,5064000
15/08/2011,1437.5,1462.5,1375,1437.5,4940000
16/08/2011,1362.5,1475,1350,1362.5,6198000
18/08/2011,1450,1475,1350,1450,8508000
19/08/2011,1387.5,1425,1362.5,1387.5,10174000
22/08/2011,1350,1387.5,1337.5,1350,3946000
23/08/2011,1350,1375,1337.5,1350,5732000
24/08/2011,1350,1375,1350,1350,4808000
25/08/2011,1337.5,1362.5,1337.5,1337.5,2970000
26/08/2011,1312.5,1412.5,1312.5,1312.5,6448000
05/09/2011,1375,1425,1325,1375,6604000
06/09/2011,1450,1487.5,1387.5,1450,8566000
07/09/2011,1500,1500,1462.5,1500,15228000
08/09/2011,1450,1512.5,1425,1450,7008000
09/09/2011,1425,1450,1412.5,1425,5886000
12/09/2011,1375,1400,1362.5,1375,3260000
13/09/2011,1400,1425,1375,1400,606000
14/09/2011,1362.5,1400,1350,1362.5,3900000
15/09/2011,1412.5,1425,1325,1412.5,8440000
16/09/2011,1450,1450,1375,1450,7318000
19/09/2011,1437.5,1437.5,1375,1437.5,1726000
20/09/2011,1412.5,1412.5,1387.5,1412.5,6182000
21/09/2011,1400,1450,1400,1400,5888000
22/09/2011,1350,1412.5,1287.5,1350,9234000
23/09/2011,1387.5,1437.5,1200,1387.5,8846000
26/09/2011,1375,1400,1325,1375,7460000
27/09/2011,1337.5,1437.5,1337.5,1337.5,6568000
28/09/2011,1350,1412.5,1337.5,1350,6190000
29/09/2011,1362.5,1412.5,1337.5,1362.5,6788000
30/09/2011,1312.5,1362.5,1287.5,1312.5,22432000
03/10/2011,1250,1287.5,1231.25,1250,10492000
04/10/2011,1193.75,1250,1175,1193.75,17124000
05/10/2011,1175,1187.5,1156.25,1175,12600000
06/10/2011,1187.5,1193.75,1181.25,1187.5,22474000
07/10/2011,1193.75,1225,1181.25,1193.75,12016000
10/10/2011,1187.5,1206.25,1187.5,1187.5,2924000
11/10/2011,1206.25,1243.75,1206.25,1206.25,13398000
12/10/2011,1231.25,1250,1200,1231.25,7542000
13/10/2011,1250,1250,1231.25,1250,7386000
14/10/2011,1250,1275,1243.75,1250,7342000
17/10/2011,1237.5,1262.5,1225,1237.5,13058000
18/10/2011,1212.5,1218.75,1200,1212.5,6750000
19/10/2011,1218.75,1231.25,1206.25,1218.75,7388000
20/10/2011,1212.5,1218.75,1206.25,1212.5,6730000
21/10/2011,1225,1231.25,1218.75,1225,8200000
24/10/2011,1250,1250,1237.5,1250,9744000
25/10/2011,1262.5,1275,1237.5,1262.5,8362000
26/10/2011,1262.5,1262.5,1237.5,1262.5,2544000
27/10/2011,1300,1300,1275,1300,3524000
28/10/2011,1312.5,1337.5,1300,1312.5,8234000
31/10/2011,1337.5,1337.5,1275,1337.5,4118000
01/11/2011,1287.5,1362.5,1287.5,1287.5,5438000
02/11/2011,1275,1287.5,1262.5,1275,12342000
03/11/2011,1243.75,1275,1237.5,1243.75,7172000
04/11/2011,1312.5,1312.5,1250,1312.5,4776000
07/11/2011,1300,1337.5,1275,1300,4172000
08/11/2011,1287.5,1325,1275,1287.5,1388000
09/11/2011,1287.5,1312.5,1275,1287.5,8396000
10/11/2011,1275,1287.5,1243.75,1275,2670000
11/11/2011,1275,1287.5,1250,1275,216000
14/11/2011,1275,1300,1275,1275,5660000
15/11/2011,1312.5,1325,1250,1312.5,6426000
16/11/2011,1350,1350,1312.5,1350,10086000
17/11/2011,1362.5,1412.5,1325,1362.5,11644000
18/11/2011,1350,1387.5,1350,1350,4578000
21/11/2011,1287.5,1337.5,1275,1287.5,2994000
22/11/2011,1300,1325,1275,1300,5120000
23/11/2011,1262.5,1325,1262.5,1262.5,5252000
24/11/2011,1287.5,1312.5,1275,1287.5,2654000
25/11/2011,1287.5,1300,1275,1287.5,2196000
28/11/2011,1287.5,1300,1287.5,1287.5,712000
29/11/2011,1275,1325,1275,1275,10206000
30/11/2011,1337.5,1387.5,1300,1337.5,12958000
01/12/2011,1337.5,1337.5,1337.5,1337.5,0
02/12/2011,1412.5,1437.5,1400,1412.5,7278000
05/12/2011,1400,1437.5,1400,1400,1294000
06/12/2011,1412.5,1437.5,1375,1412.5,2598000
07/12/2011,1400,1412.5,1362.5,1400,6594000
08/12/2011,1350,1400,1350,1350,4454000
09/12/2011,1312.5,1350,1312.5,1312.5,1822000
12/12/2011,1400,1400,1325,1400,1834000
13/12/2011,1337.5,1387.5,1312.5,1337.5,8816000
14/12/2011,1312.5,1337.5,1300,1312.5,3950000
15/12/2011,1325,1337.5,1300,1325,6702000
16/12/2011,1362.5,1362.5,1337.5,1362.5,2492000
19/12/2011,1337.5,1350,1337.5,1337.5,2394000
20/12/2011,1325,1350,1312.5,1325,1712000
21/12/2011,1350,1387.5,1337.5,1350,5536000
22/12/2011,1350,1375,1337.5,1350,4476000
23/12/2011,1312.5,1362.5,1300,1312.5,7262000
27/12/2011,1337.5,1337.5,1287.5,1337.5,3002000
28/12/2011,1312.5,1337.5,1300,1312.5,2912000
29/12/2011,1375,1375,1300,1375,3306000
30/12/2011,1412.5,1412.5,1362.5,1412.5,9954000
02/01/2012,1400,1425,1375,1400,1772000
03/01/2012,1387.5,1387.5,1350,1387.5,5054000
04/01/2012,1462.5,1487.5,1400,1462.5,11494000
05/01/2012,1412.5,1462.5,1387.5,1412.5,14390000
06/01/2012,1387.5,1412.5,1375,1387.5,10220000
09/01/2012,1387.5,1387.5,1350,1387.5,15732000
10/01/2012,1362.5,1387.5,1362.5,1362.5,7758000
11/01/2012,1350,1387.5,1350,1350,22260000
12/01/2012,1362.5,1375,1337.5,1362.5,12952000
13/01/2012,1375,1400,1362.5,1375,12
16/01/2012,1375,1375,1362.5,1375,1540000
17/01/2012,1350,1375,1350,1350,9546000
18/01/2012,1362.5,1375,1350,1362.5,4426000
19/01/2012,1400,1400,1375,1400,9158000
20/01/2012,1362.5,1400,1362.5,1362.5,6144000
24/01/2012,1375,1400,1362.5,1375,3712000
25/01/2012,1375,1387.5,1362.5,1375,4464000
26/01/2012,1387.5,1387.5,1362.5,1387.5,3802000
27/01/2012,1362.5,1387.5,1362.5,1362.5,2130000
30/01/2012,1337.5,1375,1325,1337.5,10860000
31/01/2012,1362.5,1362.5,1325,1362.5,16708000
01/02/2012,1312.5,1362.5,1312.5,1312.5,7558000
02/02/2012,1350,1362.5,1312.5,1350,15840000
03/02/2012,1350,1350,1325,1350,7800000
06/02/2012,1362.5,1362.5,1337.5,1362.5,7306000
07/02/2012,1350,1362.5,1337.5,1350,5842000
08/02/2012,1337.5,1362.5,1325,1337.5,16668000
09/02/2012,1375,1375,1325,1375,23388000
10/02/2012,1387.5,1387.5,1350,1387.5,3182000
13/02/2012,1412.5,1425,1375,1412.5,7970000
14/02/2012,1362.5,1425,1337.5,1362.5,4200000
15/02/2012,1362.5,1375,1350,1362.5,4982000
16/02/2012,1337.5,1375,1337.5,1337.5,1450000
17/02/2012,1387.5,1387.5,1337.5,1387.5,6196000
20/02/2012,1375,1387.5,1337.5,1375,5800000
21/02/2012,1362.5,1375,1350,1362.5,2444000
22/02/2012,1337.5,1362.5,1337.5,1337.5,9002000
23/02/2012,1325,1350,1325,1325,5958000
24/02/2012,1350,1350,1300,1350,6882000
27/02/2012,1325,1350,1312.5,1325,1552000
28/02/2012,1325,1375,1325,1325,3790000
29/02/2012,1362.5,1375,1325,1362.5,4718000
01/03/2012,1375,1375,1350,1375,3082000
02/03/2012,1400,1400,1350,1400,5616000
05/03/2012,1362.5,1387.5,1350,1362.5,3194000
06/03/2012,1337.5,1362.5,1325,1337.5,3570000
07/03/2012,1325,1350,1312.5,1325,5152000
08/03/2012,1312.5,1337.5,1300,1312.5,3194000
09/03/2012,1325,1350,1312.5,1325,12
12/03/2012,1325,1325,1312.5,1325,1528000
13/03/2012,1312.5,1337.5,1300,1312.5,4972000
14/03/2012,1337.5,1337.5,1300,1337.5,6378000
15/03/2012,1325,1350,1312.5,1325,7270000
16/03/2012,1312.5,1337.5,1312.5,1312.5,4414000
19/03/2012,1312.5,1337.5,1312.5,1312.5,822000
20/03/2012,1275,1337.5,1275,1275,5358000
21/03/2012,1275,1300,1275,1275,5556000
22/03/2012,1287.5,1300,1262.5,1287.5,7536000
26/03/2012,1262.5,1300,1243.75,1262.5,10832000
27/03/2012,1275,1275,1250,1275,3154000
28/03/2012,1275,1287.5,1262.5,1275,4902000
29/03/2012,1275,1287.5,1262.5,1275,6134000
30/03/2012,1262.5,1300,1262.5,1262.5,11468000
02/04/2012,1287.5,1300,1275,1287.5,3790000
03/04/2012,1287.5,1287.5,1287.5,1287.5,0
04/04/2012,1287.5,1300,1262.5,1287.5,6494000
05/04/2012,1262.5,1287.5,1262.5,1262.5,4368000
09/04/2012,1275,1287.5,1262.5,1275,1256000
10/04/2012,1275,1287.5,1275,1275,1722000
11/04/2012,1275,1287.5,1262.5,1275,3036000
12/04/2012,1287.5,1312.5,1275,1287.5,5494000
13/04/2012,1300,1300,1275,1300,3646000
16/04/2012,1287.5,1300,1275,1287.5,704000
17/04/2012,1275,1287.5,1262.5,1275,5018000
18/04/2012,1262.5,1287.5,1250,1262.5,9812000
19/04/2012,1243.75,1262.5,1243.75,1243.75,7528000
20/04/2012,1237.5,1250,1225,1237.5,9588000
23/04/2012,1231.25,1243.75,1225,1231.25,4062000
24/04/2012,1225,1231.25,1206.25,1225,7144000
25/04/2012,1206.25,1225,1206.25,1206.25,5616000
26/04/2012,1212.5,1218.75,1206.25,1212.5,3806000
27/04/2012,1225,1237.5,1206.25,1225,4876000
30/04/2012,1212.5,1231.25,1206.25,1212.5,8912000
01/05/2012,1200,1212.5,1200,1200,4810000
02/05/2012,1200,1212.5,1200,1200,12
03/05/2012,1225,1231.25,1218.75,1225,8410000
04/05/2012,1231.25,1275,1218.75,1231.25,19888000
07/05/2012,1225,1231.25,1212.5,1225,7516000
08/05/2012,1231.25,1231.25,1218.75,1231.25,7304000
09/05/2012,1200,1225,1193.75,1200,16442000
10/05/2012,1187.5,1206.25,1187.5,1187.5,6248000
11/05/2012,1162.5,1187.5,1156.25,1162.5,4930000
14/05/2012,1150,1162.5,1143.75,1150,10224000
15/05/2012,1075,1137.5,1062.5,1075,12282000
16/05/2012,1062.5,1075,1050,1062.5,9184000
21/05/2012,1068.75,1087.5,1037.5,1068.75,14188000
22/05/2012,1112.5,1112.5,1068.75,1112.5,5600000
23/05/2012,1100,1112.5,1075,1100,2848000
24/05/2012,1118.75,1118.75,1087.5,1118.75,5794000
25/05/2012,1062.5,1118.75,1056.25,1062.5,6082000
28/05/2012,1043.75,1050,1012.5,1043.75,6474000
29/05/2012,1037.5,1043.75,1025,1037.5,2330000
30/05/2012,1006.25,1031.25,1006.25,1006.25,6568000
31/05/2012,975,1000,968.75,975,6912000
01/06/2012,962.5,975,950,962.5,5740000
04/06/2012,918.75,937.5,918.75,918.75,4914000
05/06/2012,937.5,950,931.25,937.5,5170000
06/06/2012,962.5,968.75,950,962.5,9378000
07/06/2012,962.5,993.75,956.25,962.5,4880000
08/06/2012,956.25,962.5,943.75,956.25,5030000
11/06/2012,943.75,962.5,937.5,943.75,1124000
12/06/2012,925,937.5,925,925,2284000
13/06/2012,918.75,931.25,918.75,918.75,2586000
14/06/2012,900,925,900,900,2408000
15/06/2012,875,900,856.25,875,14158000
18/06/2012,900,937.5,881.25,900,12448000
19/06/2012,912.5,925,906.25,912.5,2264000
20/06/2012,943.75,950,918.75,943.75,2730000
21/06/2012,937.5,956.25,937.5,937.5,6278000
22/06/2012,943.75,956.25,918.75,943.75,3892000
25/06/2012,943.75,943.75,931.25,931.25,3654000
26/06/2012,931.25,968.75,918.75,962.5,3320000
27/06/2012,962.5,1031.25,950,1025,7208000
28/06/2012,1025,1106.25,1006.25,1075,11288000
29/06/2012,1075,1125,1075,1081.25,13190000
02/07/2012,1062.5,1081.25,1062.5,1062.5,1548000
03/07/2012,1075,1087.5,1056.25,1075,3546000
04/07/2012,1068.75,1100,1062.5,1068.75,19896000
05/07/2012,1081.25,1106.25,1081.25,1081.25,5242000
06/07/2012,1081.25,1087.5,1075,1081.25,4460000
09/07/2012,1056.25,1081.25,1056.25,1056.25,3536000
10/07/2012,1106.25,1106.25,1056.25,1106.25,6776000
11/07/2012,1118.75,1118.75,1093.75,1118.75,7006000
12/07/2012,1106.25,1118.75,1081.25,1106.25,4502000
13/07/2012,1106.25,1125,1106.25,1106.25,5218000
16/07/2012,1100,1137.5,1093.75,1100,8598000
17/07/2012,1112.5,1112.5,1093.75,1112.5,6848000
18/07/2012,1100,1118.75,1100,1100,2076000
19/07/2012,1125,1125,1087.5,1125,7172000
20/07/2012,1137.5,1162.5,1100,1137.5,12024000
23/07/2012,1112.5,1125,1093.75,1112.5,1888000
24/07/2012,1112.5,1118.75,1075,1112.5,7170000
25/07/2012,1106.25,1112.5,1100,1106.25,3398000
26/07/2012,1106.25,1125,1093.75,1106.25,6202000
27/07/2012,1237.5,1237.5,1100,1237.5,66014000
30/07/2012,1237.5,1262.5,1225,1237.5,17332000
31/07/2012,1212.5,1250,1193.75,1212.5,16958000
01/08/2012,1162.5,1200,1150,1162.5,5448000
02/08/2012,1150,1168.75,1112.5,1150,7284000
03/08/2012,1150,1156.25,1125,1150,4916000
06/08/2012,1218.75,1218.75,1156.25,1218.75,5690000
07/08/2012,1187.5,1250,1187.5,1187.5,9060000
08/08/2012,1206.25,1237.5,1187.5,1206.25,4126000
09/08/2012,1231.25,1250,1193.75,1231.25,16882000
10/08/2012,1231.25,1250,1225,1231.25,6522000
13/08/2012,1231.25,1250,1225,1231.25,5118000
14/08/2012,1231.25,1237.5,1218.75,1231.25,1896000
15/08/2012,1243.75,1250,1200,1243.75,5470000
16/08/2012,1337.5,1337.5,1225,1337.5,33470000
23/08/2012,1362.5,1362.5,1275,1362.5,16790000
24/08/2012,1362.5,1400,1337.5,1362.5,5502000
27/08/2012,1325,1375,1312.5,1325,2328000
28/08/2012,1337.5,1362.5,1312.5,1337.5,10386000
29/08/2012,1337.5,1337.5,1300,1337.5,7540000
30/08/2012,1312.5,1312.5,1275,1312.5,6218000
31/08/2012,1275,1337.5,1275,1275,10282000
03/09/2012,1300,1337.5,1275,1300,14778000
04/09/2012,1287.5,1312.5,1275,1287.5,17850000
05/09/2012,1375,1387.5,1250,1375,29648000
06/09/2012,1412.5,1412.5,1350,1412.5,19770000
07/09/2012,1387.5,1425,1375,1387.5,8824000
10/09/2012,1437.5,1437.5,1387.5,1437.5,18002000
11/09/2012,1437.5,1450,1400,1437.5,13408000
12/09/2012,1462.5,1462.5,1437.5,1462.5,5742000
13/09/2012,1425,1450,1425,1425,8964000
14/09/2012,1462.5,1475,1437.5,1462.5,9846000
17/09/2012,1500,1600,1462.5,1500,22104000
18/09/2012,1512.5,1550,1475,1512.5,15238000
19/09/2012,1512.5,1525,1500,1512.5,9992000
20/09/2012,1425,1500,1412.5,1425,24570000
21/09/2012,1337.5,1437.5,1312.5,1337.5,49672000
24/09/2012,1325,1375,1287.5,1325,22838000
25/09/2012,1350,1362.5,1300,1350,23872000
26/09/2012,1337.5,1350,1325,1337.5,6438000
27/09/2012,1350,1362.5,1337.5,1350,9066000
28/09/2012,1350,1400,1337.5,1350,30164000
01/10/2012,1312.5,1350,1300,1312.5,12562000
02/10/2012,1350,1350,1312.5,1350,16478000
03/10/2012,1350,1350,1325,1350,10588000
04/10/2012,1350,1350,1325,1350,6214000
05/10/2012,1400,1400,1350,1400,16916000
08/10/2012,1412.5,1425,1375,1412.5,11452000
09/10/2012,1487.5,1500,1387.5,1487.5,13356000
10/10/2012,1525,1550,1450,1525,17924000
11/10/2012,1500,1537.5,1475,1500,7624000
12/10/2012,1487.5,1500,1475,1487.5,4756000
15/10/2012,1475,1487.5,1387.5,1475,15230000
16/10/2012,1475,1475,1425,1475,3094000
17/10/2012,1525,1525,1475,1525,10974000
18/10/2012,1512.5,1550,1500,1512.5,7200000
19/10/2012,1512.5,1537.5,1500,1512.5,8600000
22/10/2012,1550,1550,1500,1550,9774000
23/10/2012,1537.5,1575,1525,1537.5,7456000
24/10/2012,1525,1537.5,1500,1525,9482000
25/10/2012,1550,1550,1500,1550,3936000
29/10/2012,1650,1675,1512.5,1650,27554000
30/10/2012,1612.5,1650,1587.5,1612.5,17996000
31/10/2012,1625,1637.5,1587.5,1625,5206000
01/11/2012,1750,1750,1525,1750,32896000
02/11/2012,1700,1737.5,1662.5,1700,10408000
05/11/2012,1662.5,1712.5,1637.5,1662.5,5038000
06/11/2012,1650,1662.5,1625,1650,15528000
07/11/2012,1612.5,1662.5,1612.5,1612.5,11892000
08/11/2012,1612.5,1662.5,1600,1612.5,8952000
09/11/2012,1625,1637.5,1550,1625,10990000
12/11/2012,1662.5,1662.5,1587.5,1662.5,3514000
13/11/2012,1650,1675,1637.5,1650,2214000
14/11/2012,1662.5,1662.5,1600,1662.5,6468000
19/11/2012,1562.5,1662.5,1550,1562.5,3684000
20/11/2012,1575,1625,1550,1575,5556000
21/11/2012,1587.5,1625,1562.5,1587.5,5300000
22/11/2012,1612.5,1625,1575,1612.5,5398000
23/11/2012,1612.5,1612.5,1587.5,1612.5,2572000
26/11/2012,1587.5,1625,1575,1587.5,4312000
27/11/2012,1600,1600,1575,1600,3610000
28/11/2012,1550,1600,1537.5,1550,5644000
29/11/2012,1575,1587.5,1512.5,1575,6650000
30/11/2012,1387.5,1612.5,1325,1387.5,15000000
03/12/2012,1537.5,1575,1375,1537.5,30804000
04/12/2012,1525,1537.5,1512.5,1525,5886000
05/12/2012,1550,1550,1500,1550,9466000
06/12/2012,1537.5,1562.5,1537.5,1537.5,4178000
07/12/2012,1562.5,1575,1537.5,1562.5,4288000
10/12/2012,1537.5,1575,1525,1537.5,8994000
11/12/2012,1525,1550,1512.5,1525,6128000
12/12/2012,1550,1550,1500,1550,5578000
13/12/2012,1600,1600,1537.5,1600,6890000
14/12/2012,1575,1600,1562.5,1575,3064000
17/12/2012,1587.5,1625,1575,1587.5,5056000
18/12/2012,1575,1600,1562.5,1575,9374000
19/12/2012,1587.5,1587.5,1562.5,1587.5,9316000
20/12/2012,1600,1600,1537.5,1600,4404000
21/12/2012,1575,1600,1575,1575,2472000
26/12/2012,1612.5,1612.5,1575,1612.5,12
27/12/2012,1612.5,1625,1587.5,1612.5,3098000
28/12/2012,1612.5,1650,1612.5,1612.5,6102000
02/01/2013,1612.5,1650,1612.5,1612.5,6906000
03/01/2013,1637.5,1637.5,1562.5,1637.5,10382000
04/01/2013,1712.5,1712.5,1637.5,1712.5,20568000
07/01/2013,1662.5,1737.5,1662.5,1662.5,5106000
08/01/2013,1750,1750,1662.5,1750,7474000
09/01/2013,1750,1787.5,1725,1750,10716000
10/01/2013,1750,1787.5,1687.5,1750,8394000
11/01/2013,1712.5,1750,1700,1712.5,8328000
14/01/2013,1725,1737.5,1687.5,1725,6802000
15/01/2013,1725,1725,1700,1725,8476000
16/01/2013,1712.5,1725,1700,1712.5,3876000
17/01/2013,1700,1725,1700,1700,10358000
18/01/2013,1712.5,1725,1687.5,1712.5,9964000
21/01/2013,1687.5,1737.5,1675,1687.5,11554000
22/01/2013,1687.5,1687.5,1687.5,1687.5,0
23/01/2013,1675,1700,1662.5,1675,4282000
25/01/2013,1750,1787.5,1675,1750,4494000
28/01/2013,1737.5,1787.5,1700,1737.5,1850000
29/01/2013,1750,1750,1700,1750,2568000
30/01/2013,1700,1750,1687.5,1700,3254000
31/01/2013,1700,1725,1675,1700,4988000
01/02/2013,1800,1800,1700,1800,6040000
04/02/2013,1775,1787.5,1750,1775,10216000
05/02/2013,1762.5,1775,1725,1762.5,5716000
06/02/2013,1750,1775,1712.5,1750,2832000
07/02/2013,1712.5,1750,1712.5,1712.5,2042000
08/02/2013,1725,1775,1712.5,1725,3512000
11/02/2013,1737.5,1775,1725,1737.5,1632000
12/02/2013,1712.5,1750,1700,1712.5,2490000
13/02/2013,1712.5,1750,1712.5,1712.5,2216000
14/02/2013,1750,1750,1712.5,1750,3704000
15/02/2013,1750,1762.5,1712.5,1750,1694000
18/02/2013,1687.5,1737.5,1687.5,1687.5,5440000
19/02/2013,1675,1712.5,1650,1675,6318000
20/02/2013,1700,1712.5,1662.5,1700,4508000
21/02/2013,1675,1712.5,1675,1675,2852000
22/02/2013,1650,1687.5,1650,1650,2978000
25/02/2013,1575,1662.5,1575,1575,11578000
26/02/2013,1537.5,1575,1500,1537.5,11902000
27/02/2013,1587.5,1600,1537.5,1587.5,9924000
28/02/2013,1587.5,1612.5,1587.5,1587.5,5270000
01/03/2013,1650,1650,1587.5,1650,7120000
04/03/2013,1650,1662.5,1612.5,1650,3600000
05/03/2013,1637.5,1650,1612.5,1637.5,4780000
06/03/2013,1612.5,1662.5,1612.5,1612.5,6296000
07/03/2013,1650,1662.5,1612.5,1650,8550000
08/03/2013,1650,1662.5,1637.5,1650,3826000
11/03/2013,1625,1725,1625,1625,5722000
13/03/2013,1575,1675,1575,1575,8926000
14/03/2013,1550,1600,1525,1550,7966000
15/03/2013,1587.5,1612.5,1575,1587.5,13412000
18/03/2013,1550,1612.5,1550,1550,9292000
19/03/2013,1600,1612.5,1575,1600,3852000
20/03/2013,1587.5,1600,1562.5,1587.5,4684000
21/03/2013,1512.5,1575,1512.5,1512.5,9244000
22/03/2013,1462.5,1537.5,1462.5,1462.5,8330000
25/03/2013,1525,1525,1475,1525,4180000
26/03/2013,1550,1550,1500,1550,4074000
27/03/2013,1600,1600,1537.5,1600,2754000
28/03/2013,1625,1625,1550,1625,7362000
01/04/2013,1600,1637.5,1575,1600,1476000
02/04/2013,1625,1625,1600,1625,2888000
03/04/2013,1650,1662.5,1625,1650,12
04/04/2013,1712.5,1712.5,1600,1712.5,7470000
05/04/2013,1662.5,1700,1625,1662.5,3090000
08/04/2013,1587.5,1650,1575,1587.5,12992000
09/04/2013,1600,1612.5,1575,1600,10356000
10/04/2013,1600,1612.5,1575,1600,13572000
11/04/2013,1612.5,1612.5,1587.5,1612.5,3578000
12/04/2013,1625,1650,1612.5,1625,14840000
15/04/2013,1625,1662.5,1612.5,1625,2844000
16/04/2013,1637.5,1650,1612.5,1637.5,7702000
17/04/2013,1662.5,1662.5,1637.5,1662.5,11434000
18/04/2013,1650,1662.5,1625,1650,10374000
19/04/2013,1587.5,1650,1587.5,1587.5,9478000
22/04/2013,1600,1612.5,1550,1562.5,16
23/04/2013,1562.5,1562.5,1562.5,1562.5,0
24/04/2013,1575,1575,1525,1550,16
25/04/2013,1550,1550,1487.5,1500,16
26/04/2013,1500,1512.5,1462.5,1462.5,16
29/04/2013,1475,1500,1462.5,1475,13850000
30/04/2013,1475,1500,1437.5,1500,16
01/05/2013,1475,1500,1475,1487.5,16
02/05/2013,1500,1500,1462.5,1462.5,16
03/05/2013,1462.5,1475,1350,1387.5,12
06/05/2013,1387.5,1400,1375,1387.5,6856000
07/05/2013,1400,1412.5,1387.5,1400,10510000
08/05/2013,1400,1475,1387.5,1450,16
10/05/2013,1462.5,1487.5,1437.5,1475,16
13/05/2013,1462.5,1512.5,1400,1425,16
14/05/2013,1437.5,1450,1425,1450,16
15/05/2013,1462.5,1475,1425,1425,16
16/05/2013,1450,1450,1400,1400,16
17/05/2013,1400,1425,1362.5,1412.5,16
20/05/2013,1400,1437.5,1400,1437.5,16
21/05/2013,1437.5,1437.5,1350,1387.5,16
22/05/2013,1387.5,1387.5,1337.5,1337.5,16
23/05/2013,1350,1387.5,1337.5,1350,15462000
24/05/2013,1362.5,1375,1300,1337.5,16
27/05/2013,1325,1325,1250,1275,16
28/05/2013,1275,1275,1206.25,1218.75,16
29/05/2013,1200,1243.75,1193.75,1193.75,16
30/05/2013,1212.5,1275,1187.5,1262.5,16
31/05/2013,1262.5,1300,1250,1300,16
03/06/2013,1275,1325,1243.75,1275,15592000
04/06/2013,1275,1300,1250,1275,16926000
05/06/2013,1250,1400,1250,1375,12
07/06/2013,1375,1375,1325,1337.5,16
10/06/2013,1337.5,1337.5,1287.5,1325,16
11/06/2013,1325,1325,1218.75,1275,16
12/06/2013,1237.5,1275,1187.5,1237.5,17550000
13/06/2013,1237.5,1262.5,1200,1250,16
14/06/2013,1250,1325,1250,1312.5,16
17/06/2013,1312.5,1337.5,1287.5,1325,16
18/06/2013,1337.5,1387.5,1337.5,1350,16
19/06/2013,1350,1362.5,1312.5,1362.5,16
20/06/2013,1337.5,1337.5,1275,1287.5,16
21/06/2013,1287.5,1287.5,1187.5,1187.5,12
24/06/2013,1200,1212.5,1187.5,1187.5,16
25/06/2013,1200,1206.25,1181.25,1193.75,16
26/06/2013,1200,1250,1200,1218.75,16
27/06/2013,1243.75,1287.5,1225,1275,16
28/06/2013,1275,1325,1275,1312.5,16
01/07/2013,1300,1300,1275,1287.5,16
02/07/2013,1300,1325,1218.75,1218.75,3802000
03/07/2013,1231.25,1250,1193.75,1193.75,4420000
04/07/2013,1200,1218.75,1193.75,1200,1844000
05/07/2013,1212.5,1212.5,1181.25,1181.25,2330000
08/07/2013,1181.25,1181.25,1125,1137.5,7672000
09/07/2013,1156.25,1175,1106.25,1106.25,20752000
10/07/2013,1106.25,1112.5,1100,1106.25,13250000
11/07/2013,1106.25,1143.75,1106.25,1137.5,31068000
12/07/2013,1150,1162.5,1143.75,1150,17150000
15/07/2013,1150,1187.5,1150,1187.5,2764000
16/07/2013,1187.5,1187.5,1150,1175,4330000
17/07/2013,1168.75,1193.75,1156.25,1193.75,5472000
18/07/2013,1181.25,1212.5,1168.75,1206.25,4274000
19/07/2013,1206.25,1225,1206.25,1212.5,3960000
22/07/2013,1212.5,1231.25,1206.25,1225,5726000
23/07/2013,1225,1250,1200,1231.25,9050000
24/07/2013,1225,1250,1212.5,1250,1840000
25/07/2013,1237.5,1243.75,1225,1243.75,616000
26/07/2013,1237.5,1237.5,1225,1231.25,278000
29/07/2013,1225,1237.5,1218.75,1225,1632000
30/07/2013,1225,1243.75,1225,1231.25,10654000
31/07/2013,1243.75,1275,1237.5,1250,11228000
01/08/2013,1250,1275,1237.5,1237.5,1992000
02/08/2013,1250,1250,1212.5,1237.5,3034000
12/08/2013,1250,1262.5,1225,1225,1190000
13/08/2013,1231.25,1250,1225,1237.5,1338000
14/08/2013,1237.5,1275,1237.5,1275,1732000
15/08/2013,1250,1262.5,1225,1237.5,1738000
16/08/2013,1225,1250,1225,1225,7482000
19/08/2013,1225,1225,1200,1206.25,2684000
20/08/2013,1187.5,1187.5,1087.5,1118.75,1884000
21/08/2013,1118.75,1137.5,1056.25,1062.5,8486000
22/08/2013,1062.5,1100,1056.25,1068.75,3056000
23/08/2013,1131.25,1150,1075,1075,1480000
26/08/2013,1075,1081.25,1062.5,1062.5,762000
27/08/2013,1062.5,1062.5,1037.5,1056.25,1470000
28/08/2013,1037.5,1037.5,1025,1025,6380000
29/08/2013,1025,1043.75,1025,1025,2858000
30/08/2013,1037.5,1037.5,1025,1031.25,3776000
02/09/2013,1006.25,1031.25,1006.25,1025,4002000
03/09/2013,1031.25,1031.25,1012.5,1018.75,1174000
04/09/2013,1012.5,1018.75,1000,1000,1310000
05/09/2013,1012.5,1025,1000,1000,2776000
06/09/2013,1000,1006.25,993.75,1000,1666000
09/09/2013,1006.25,1012.5,1000,1006.25,2476000
10/09/2013,1018.75,1031.25,1000,1025,9442000
11/09/2013,1031.25,1031.25,1012.5,1025,4738000
12/09/2013,1025,1050,1018.75,1031.25,1892000
13/09/2013,1031.25,1031.25,1000,1012.5,4172000
16/09/2013,1025,1056.25,1012.5,1050,7178000
17/09/2013,1050,1056.25,1031.25,1056.25,4802000
18/09/2013,1050,1050,1018.75,1025,3844000
19/09/2013,1025,1106.25,1025,1100,27948000
20/09/2013,1112.5,1112.5,1050,1050,12176000
23/09/2013,1062.5,1062.5,1050,1056.25,3576000
24/09/2013,1062.5,1075,1050,1050,9716000
25/09/2013,1050,1068.75,1037.5,1062.5,4204000
26/09/2013,1050,1075,1037.5,1043.75,2468000
27/09/2013,1043.75,1050,1025,1031.25,5062000
30/09/2013,1031.25,1050,1025,1037.5,3878000
01/10/2013,1037.5,1043.75,1025,1037.5,1822000
02/10/2013,1037.5,1056.25,1031.25,1056.25,896000
03/10/2013,1050,1050,1037.5,1050,6818000
04/10/2013,1050,1068.75,1050,1062.5,3782000
07/10/2013,1056.25,1087.5,1050,1087.5,1262000
08/10/2013,1087.5,1087.5,1068.75,1081.25,782000
09/10/2013,1081.25,1081.25,1062.5,1068.75,7634000
10/10/2013,1056.25,1087.5,1050,1068.75,1180000
11/10/2013,1087.5,1087.5,1075,1081.25,3010000
16/10/2013,1081.25,1100,1075,1075,3072000
17/10/2013,1075,1093.75,1062.5,1081.25,11104000
18/10/2013,1093.75,1093.75,1075,1081.25,3602000
21/10/2013,1081.25,1106.25,1081.25,1100,4766000
22/10/2013,1100,1100,1087.5,1093.75,1576000
23/10/2013,1093.75,1106.25,1087.5,1087.5,914000
24/10/2013,1093.75,1112.5,1093.75,1112.5,1310000
25/10/2013,1100,1131.25,1087.5,1087.5,2894000
28/10/2013,1100,1112.5,1100,1106.25,2128000
29/10/2013,1100,1125,1100,1125,4356000
30/10/2013,1125,1156.25,1112.5,1156.25,2558000
31/10/2013,1156.25,1162.5,1093.75,1100,5476000
01/11/2013,1100,1100,1068.75,1068.75,14060000
04/11/2013,1068.75,1068.75,1037.5,1037.5,4460000
06/11/2013,1037.5,1050,981.25,1000,24212000
07/11/2013,1000,1000,981.25,987.5,12944000
08/11/2013,975,975,912.5,937.5,46408000
11/11/2013,937.5,950,881.25,900,39610000
12/11/2013,900,943.75,900,925,52752000
13/11/2013,931.25,937.5,912.5,925,29652000
14/11/2013,925,925,893.75,906.25,57072000
15/11/2013,906.25,906.25,887.5,887.5,31944000
18/11/2013,893.75,900,875,881.25,29136000
19/11/2013,881.25,887.5,875,875,19364000
20/11/2013,875,887.5,868.75,881.25,28950000
21/11/2013,881.25,887.5,868.75,881.25,21894000
22/11/2013,887.5,887.5,881.25,881.25,79262000
25/11/2013,881.25,918.75,875,912.5,77790000
26/11/2013,912.5,962.5,912.5,943.75,504428000
27/11/2013,943.75,962.5,931.25,962.5,75448000
28/11/2013,962.5,968.75,950,962.5,18718000
29/11/2013,962.5,968.75,931.25,962.5,20272000
02/12/2013,968.75,1018.75,962.5,1006.25,27348000
03/12/2013,1006.25,1006.25,956.25,968.75,15346000
04/12/2013,956.25,975,943.75,968.75,14976000
05/12/2013,962.5,1025,962.5,1025,12816000
06/12/2013,1018.75,1031.25,1006.25,1018.75,74960000
09/12/2013,1012.5,1043.75,1000,1025,11292000
10/12/2013,1006.25,1025,1000,1012.5,6442000
11/12/2013,1000,1006.25,981.25,1000,26954000
12/12/2013,1000,1012.5,987.5,1000,7958000
13/12/2013,987.5,1006.25,987.5,993.75,6950000
16/12/2013,993.75,1012.5,993.75,993.75,9010000
17/12/2013,1006.25,1006.25,987.5,987.5,5512000
18/12/2013,987.5,1006.25,981.25,1000,9284000
19/12/2013,987.5,1006.25,987.5,1000,33476000
20/12/2013,1000,1012.5,987.5,1000,11846000
23/12/2013,1000,1006.25,975,975,3200000
24/12/2013,987.5,1012.5,981.25,1000,17216000
27/12/2013,1025,1025,993.75,1012.5,8326000
30/12/2013,1025,1043.75,1012.5,1037.5,8776000
02/01/2014,1025,1056.25,1025,1043.75,5968000
03/01/2014,1037.5,1043.75,1018.75,1031.25,10138000
06/01/2014,1025,1026.25,1012.5,1015,17896800
07/01/2014,1017.5,1017.5,1010,1011.25,8055600
08/01/2014,1011.25,1012.5,982.5,987.5,7068400
09/01/2014,987.5,988.75,981.25,981.25,5215600
10/01/2014,981.25,1005,980,981.25,13521600
13/01/2014,981.25,1002.5,981.25,1000,17093600
15/01/2014,1001.25,1073.75,1000,1073.75,7818000
16/01/2014,1073.75,1075,1023.75,1025,10653600
17/01/2014,1022.5,1036.25,1021.25,1023.75,1615200
20/01/2014,1022.5,1032.5,1022.5,1030,1452400
21/01/2014,1030,1057.5,1023.75,1057.5,21104400
22/01/2014,1057.5,1057.5,1025,1033.75,13766800
23/01/2014,1037.5,1038.75,1030,1030,1769200
24/01/2014,1028.75,1030,1027.5,1028.75,4234000
27/01/2014,1006.25,1006.25,995,1000,8410400
28/01/2014,995,1013.75,995,1013.75,11100400
29/01/2014,1013.75,1037.5,1012.5,1037.5,2406000
30/01/2014,1037.5,1068.75,987.5,1060,6935200
03/02/2014,1055,1055,1018.75,1022.5,5662400
04/02/2014,1025,1025,1002.5,1025,5781200
05/02/2014,1025,1037.5,1010,1020,14597200
06/02/2014,1013.75,1016.25,1010,1010,742400
07/02/2014,1010,1017.5,1007.5,1010,11932800
10/02/2014,1010,1020,1007.5,1007.5,15848000
11/02/2014,1007.5,1018.75,1007.5,1012.5,2349200
12/02/2014,1015,1015,1005,1005,4348000
13/02/2014,1005,1006.25,1002.5,1005,242800
14/02/2014,1002.5,1012.5,1000,1000,2569600
17/02/2014,1000,1010,993.75,993.75,26382000
18/02/2014,993.75,1000,993.75,998.75,1550400
19/02/2014,998.75,1006.25,997.5,1000,1700800
20/02/2014,1000,1001.25,998.75,998.75,8328800
21/02/2014,998.75,1002.5,998.75,998.75,1722000
24/02/2014,998.75,1018.75,998.75,1002.5,9872000
25/02/2014,1001.25,1001.25,997.5,1000,3829600
26/02/2014,1000,1000,997.5,998.75,4177200
27/02/2014,1000,1000,988.75,988.75,2018800
28/02/2014,992.5,1008.75,990,1003.75,1634800
03/03/2014,1003.75,1003.75,997.5,1000,324000
04/03/2014,997.5,1000,996.25,1000,4787200
05/03/2014,1000,1000,996.25,1000,12430400
06/03/2014,1000,1010,1000,1000,11786400
07/03/2014,1002.5,1002.5,993.75,1001.25,2117200
10/03/2014,1001.25,1001.25,998.75,1000,11627200
11/03/2014,1000,1000,997.5,998.75,2441600
12/03/2014,996.25,998.75,988.75,995,2022000
13/03/2014,995,997.5,995,996.25,8366800
14/03/2014,992.5,1000,992.5,1000,2805600
17/03/2014,1000,1011.25,995,1005,4433200
18/03/2014,1007.5,1018.75,1000,1005,6766000
19/03/2014,1007.5,1007.5,1002.5,1002.5,5571600
20/03/2014,1006.25,1006.25,985,995,7810000
21/03/2014,1000,1000,950,975,6664400
24/03/2014,975,975,943.75,973.75,2152800
25/03/2014,972.5,972.5,955,957.5,1592000
26/03/2014,967.5,967.5,950,957.5,1547600
27/03/2014,965,970,957.5,957.5,7974400
28/03/2014,963.75,987.5,957.5,987.5,13010000
01/04/2014,988.75,992.5,981.25,991.25,7779600
02/04/2014,992.5,1006.25,981.25,996.25,7426400
03/04/2014,1003.75,1012.5,995,997.5,4764400
04/04/2014,1001.25,1001.25,996.25,996.25,4575600
07/04/2014,1002.5,1012.5,981.25,990,7374400
08/04/2014,1002.5,1002.5,993.75,993.75,3607200
09/04/2014,993.75,993.75,993.75,993.75,0
10/04/2014,993.75,993.75,962.5,973.75,3622400
11/04/2014,960,973.75,952.5,962.5,8950800
14/04/2014,962.5,962.5,951.25,952.5,8952800
15/04/2014,952.5,962.5,946.25,955,13432800
16/04/2014,957.5,965,955,956.25,375600
17/04/2014,965,965,950,963.75,1396800
21/04/2014,962.5,965,957.5,963.75,713600
22/04/2014,962.5,970,961.25,962.5,672800
23/04/2014,970,970,961.25,968.75,1066400
24/04/2014,968.75,983.75,968.75,978.75,1003600
25/04/2014,975,987.5,975,977.5,204800
28/04/2014,975,983.75,972.5,972.5,2354000
29/04/2014,972.5,981.25,972.5,980,950000
30/04/2014,980,987.5,975,977.5,1291200
02/05/2014,982.5,985,977.5,981.25,549200
05/05/2014,980,1008.75,975,1000,6496400
06/05/2014,1000,1005,998.75,998.75,3538000
07/05/2014,996.25,1000,995,997.5,436400
08/05/2014,997.5,1001.25,997.5,997.5,927600
09/05/2014,997.5,1027.5,997.5,1025,35106800
12/05/2014,1037.5,1037.5,1018.75,1030,3731200
13/05/2014,1025,1030,1017.5,1017.5,392000
14/05/2014,1017.5,1025,988.75,1015,1053200
16/05/2014,1015,1035,1013.75,1032.5,3548800
19/05/2014,1036.25,1038.75,1020,1036.25,5157600
20/05/2014,1015,1037.5,1001.25,1015,5241200
21/05/2014,1010,1023.75,1007.5,1010,360400
22/05/2014,1022.5,1023.75,1007.5,1022.5,1630400
23/05/2014,1011.25,1018.75,1010,1011.25,934400
26/05/2014,1010,1015,1010,1010,1034400
28/05/2014,1008.75,1012.5,1008.75,1008.75,1193600
30/05/2014,987.5,1012.5,987.5,987.5,3396800
02/06/2014,1000,1003.75,987.5,1000,2420000
03/06/2014,1000,1000,993.75,1000,4394000
04/06/2014,1000,1003.75,998.75,1000,2753600
05/06/2014,1002.5,1002.5,987.5,995,884000
06/06/2014,996.25,1011.25,995,996.25,4204800
09/06/2014,980,996.25,963.75,980,4387600
10/06/2014,992.5,1000,980,992.5,614400
11/06/2014,987.5,1000,981.25,987.5,786400
12/06/2014,987.5,993.75,981.25,987.5,1501200
13/06/2014,983.75,985,983.75,983.75,783600
16/06/2014,975,981.25,965,975,1276400
17/06/2014,961.25,972.5,956.25,961.25,4456800
18/06/2014,948.75,968.75,947.5,948.75,11548000
19/06/2014,947.5,948.75,946.25,947.5,3784800
20/06/2014,927.5,950,925,927.5,4032400
23/06/2014,950,967.5,937.5,950,20824400
24/06/2014,970,977.5,955,970,7620800
25/06/2014,970,973.75,957.5,970,2574000
26/06/2014,941.25,972.5,937.5,941.25,4330000
27/06/2014,931.25,942.5,931.25,931.25,3873200
30/06/2014,921.25,931.25,920,921.25,6382400
01/07/2014,922.5,926.25,915,922.5,2776800
02/07/2014,896.25,922.5,895,896.25,6024800
03/07/2014,902.5,906.25,896.25,902.5,1338000
04/07/2014,908.75,910,897.5,908.75,3282800
07/07/2014,913.75,917.5,908.75,913.75,8818800
08/07/2014,933.75,933.75,907.5,933.75,4571600
09/07/2014,933.75,933.75,933.75,933.75,0
10/07/2014,952.5,953.75,936.25,952.5,18415200
11/07/2014,948.75,962.5,937.5,948.75,13414400
14/07/2014,941.25,950,933.75,941.25,3026000
15/07/2014,945,948.75,941.25,945,3520800
16/07/2014,948.75,957.5,935,948.75,3162400
17/07/2014,950,955,942.5,950,1842000
18/07/2014,998.75,1037.5,937.5,998.75,4373200
21/07/2014,1002.5,1018.75,996.25,1002.5,2546800
22/07/2014,990,1002.5,982.5,990,4333600
23/07/2014,1000,1012.5,990,1000,4677600
24/07/2014,1003.75,1012.5,987.5,1003.75,3746000
25/07/2014,1002.5,1011.25,1002.5,1002.5,1123200
04/08/2014,993.75,1002.5,912.5,993.75,8116000
05/08/2014,993.75,1000,971.25,993.75,3358000
06/08/2014,976.25,997.5,971.25,976.25,5345200
07/08/2014,976.25,981.25,972.5,976.25,3051200
08/08/2014,976.25,977.5,962.5,976.25,1417600
11/08/2014,975,987.5,971.25,975,818000
12/08/2014,976.25,981.25,971.25,976.25,1338800
13/08/2014,971.25,982.5,971.25,971.25,359600
14/08/2014,975,981.25,971.25,975,755200
15/08/2014,972.5,981.25,971.25,972.5,7091200
18/08/2014,963.75,965,960,963.75,984400
19/08/2014,960,975,960,960,6577600
20/08/2014,961.25,962.5,960,961.25,3473200
21/08/2014,960,966.25,952.5,960,1864000
22/08/2014,951.25,967.5,950,951.25,3571600
25/08/2014,952.5,957.5,950,952.5,931600
26/08/2014,952.5,958.75,952.5,952.5,286000
27/08/2014,961.25,961.25,951.25,961.25,1014000
28/08/2014,956.25,963.75,956.25,956.25,1749200
29/08/2014,957.5,967.5,953.75,957.5,558000
01/09/2014,965,966.25,957.5,965,605600
02/09/2014,983.75,1000,966.25,983.75,3892000
03/09/2014,1037.5,1037.5,977.5,1037.5,11056000
04/09/2014,1027.5,1037.5,1026.25,1027.5,6445600
05/09/2014,1027.5,1031.25,1015,1027.5,3517200
08/09/2014,1026.25,1028.75,1021.25,1026.25,19877200
09/09/2014,1015,1026.25,1015,1015,691200
10/09/2014,987.5,1015,977.5,987.5,1259200
11/09/2014,975,1008.75,962.5,975,5625600
12/09/2014,956.25,975,945,956.25,12061200
15/09/2014,1000,1025,952.5,1000,5380400
16/09/2014,1003.75,1018.75,997.5,1003.75,263200
17/09/2014,995,1025,990,995,5838400
18/09/2014,987.5,1012.5,987.5,987.5,390400
19/09/2014,983.75,995,975,983.75,3815600
22/09/2014,975,983.75,975,975,280400
23/09/2014,972.5,977.5,970,972.5,1518800
24/09/2014,970,972.5,968.75,970,494800
25/09/2014,970,975,970,970,116000
26/09/2014,962.5,972.5,957.5,962.5,291600
29/09/2014,952.5,962.5,952.5,952.5,1615600
30/09/2014,951.25,961.25,950,951.25,311600
01/10/2014,955,961.25,951.25,955,946800
02/10/2014,958.75,1000,952.5,958.75,2452400
03/10/2014,970,975,956.25,970,596800
06/10/2014,981.25,993.75,968.75,981.25,1423600
07/10/2014,976.25,985,955,976.25,912400
08/10/2014,973.75,975,955,973.75,468400
09/10/2014,962.5,975,956.25,962.5,484800
10/10/2014,975,975,962.5,975,1204400
13/10/2014,955,957.5,953.75,955,163200
14/10/2014,965,968.75,955,965,13200
15/10/2014,956.25,965,955,956.25,80000
16/10/2014,953.75,971.25,951.25,953.75,445600
17/10/2014,947.5,955,940,947.5,463600
20/10/2014,942.5,955,932.5,942.5,2591200
21/10/2014,933.75,946.25,932.5,933.75,4369600
22/10/2014,933.75,938.75,931.25,933.75,1678800
23/10/2014,932.5,937.5,932.5,932.5,306800
24/10/2014,931.25,935,931.25,931.25,1241600
27/10/2014,931.25,933.75,930,931.25,218000
28/10/2014,923.75,945,915,923.75,1879200
29/10/2014,922.5,925,922.5,922.5,4835600
30/10/2014,916.25,925,911.25,916.25,182800
31/10/2014,916.25,925,913.75,916.25,717200
03/11/2014,910,923.75,910,910,1962800
04/11/2014,900,908.75,900,900,825200
05/11/2014,883.75,903.75,877.5,883.75,1172400
06/11/2014,882.5,893.75,881.25,882.5,893200
07/11/2014,881.25,905,880,881.25,681600
10/11/2014,870,875,870,870,3964000
11/11/2014,875,877.5,871.25,875,13954400
12/11/2014,831.25,877.5,821.25,831.25,16033200
13/11/2014,800,837.5,796.25,800,39258000
14/11/2014,802.5,816.25,797.5,802.5,12251200
17/11/2014,802.5,808.75,800,800,6548800
18/11/2014,775,795,762.5,775,11985600
19/11/2014,788.75,791.25,775,788.75,8743600
20/11/2014,788.75,796.25,788.75,788.75,7590800
21/11/2014,805,816.25,788.75,805,9563200
24/11/2014,828.75,843.75,808.75,828.75,22894000
25/11/2014,900,900,830,900,46746000
26/11/2014,865,906.25,851.25,865,47574000
27/11/2014,877.5,892.5,856.25,877.5,24523600
28/11/2014,872.5,887.5,853.75,872.5,18911600
01/12/2014,872.5,1000,866.25,975,51309200
02/12/2014,975,987.5,952.5,976.25,16652000
03/12/2014,975,1000,975,985,10146800
04/12/2014,986.25,1002.5,986.25,1000,10665600
05/12/2014,1000,1013.75,1000,1005,9066000
08/12/2014,1006.25,1038.75,1005,1030,14291200
09/12/2014,1030,1035,998.75,1030,11012400
10/12/2014,1005,1030,998.75,1020,4798400
11/12/2014,1020,1087.5,1020,1046.25,15442000
12/12/2014,1050,1081.25,1046.25,1046.25,1341200
15/12/2014,1046.25,1050,1046.25,1047.5,818000
16/12/2014,1046.25,1047.5,1003.75,1047.5,1362800
17/12/2014,1030,1030,1001.25,1020,3007600
18/12/2014,1022.5,1046.25,1022.5,1041.25,1331200
19/12/2014,1041.25,1042.5,1006.25,1006.25,5104400
22/12/2014,1006.25,1030,1006.25,1025,3804000
23/12/2014,1025,1026.25,1007.5,1007.5,819200
24/12/2014,1006.25,1013.75,1006.25,1007.5,154000
29/12/2014,1007.5,1020,983.75,983.75,286000
30/12/2014,990,1012.5,987.5,1012.5,19517200
02/01/2015,1012.5,1037.5,1012.5,1030,966800
05/01/2015,1030,1062.5,1015,1050,1555200
06/01/2015,1062.5,1062.5,1050,1056.25,772000
07/01/2015,1060,1060,1027.5,1050,3833600
08/01/2015,1051.25,1063.75,1037.5,1062.5,1433200
09/01/2015,1063.75,1075,1050,1075,1079200
12/01/2015,1062.5,1125,1061.25,1121.25,5050800
13/01/2015,1121.25,1125,1112.5,1117.5,2567600
14/01/2015,1100,1105,1076.25,1085,731200
15/01/2015,1087.5,1100,1085,1087.5,1112800
16/01/2015,1082.5,1122.5,1078.75,1100,1158800
19/01/2015,1100,1112.5,1093.75,1100,476800
20/01/2015,1097.5,1097.5,1085,1088.75,337600
21/01/2015,1087.5,1087.5,1050,1066.25,5110400
22/01/2015,1065,1065,1041.25,1065,1343600
23/01/2015,1057.5,1075,1050,1052.5,947600
26/01/2015,1052.5,1087.5,1016.25,1025,922800
27/01/2015,1037.5,1043.75,1010,1018.75,910400
28/01/2015,1018.75,1037.5,1018.75,1025,812400
29/01/2015,1031.25,1043.75,1001.25,1023.75,742000
30/01/2015,1025,1025,980,1023.75,8150400
02/02/2015,1023.75,1023.75,982.5,996.25,643200
03/02/2015,998.75,1002.5,975,975,668400
04/02/2015,975,1003.75,975,1001.25,2573600
05/02/2015,1001.25,1012.5,1000,1006.25,810800
06/02/2015,1008.75,1010,1000,1007.5,1189600
09/02/2015,1007.5,1007.5,1000,1000,553600
10/02/2015,1000,1000,975,980,954800
11/02/2015,980,980,962.5,962.5,2132800
12/02/2015,972.5,993.75,965,971.25,1090000
13/02/2015,975,983.75,971.25,975,295600
16/02/2015,975,983.75,975,976.25,640000
17/02/2015,975,987.5,975,976.25,357600
18/02/2015,981.25,992.5,976.25,980,913200
20/02/2015,975,988.75,973.75,973.75,1647200
23/02/2015,981.25,981.25,975,978.75,5103600
24/02/2015,978.75,1008.75,978.75,1006.25,1432800
25/02/2015,1008.75,1011.25,1008.75,1008.75,2006000
26/02/2015,1010,1038.75,1010,1026.25,1954000
27/02/2015,1026.25,1031.25,1026.25,1031.25,510400
02/03/2015,1031.25,1047.5,1031.25,1038.75,910800
03/03/2015,1040,1041.25,1010,1025,1077600
04/03/2015,1025,1045,1012.5,1037.5,2449200
05/03/2015,1025,1037.5,1025,1025,1804000
06/03/2015,1025,1036.25,1025,1028.75,767200
09/03/2015,1030,1052.5,1025,1028.75,1030400
10/03/2015,1017.5,1037.5,1015,1028.75,789600
11/03/2015,1028.75,1030,1011.25,1012.5,2284000
12/03/2015,1012.5,1012.5,1012.5,1012.5,52000
13/03/2015,1020,1032.5,1020,1032.5,280400
16/03/2015,1025,1026.25,1012.5,1025,1302400
17/03/2015,1025,1056.25,1012.5,1050,7294400
18/03/2015,1056.25,1061.25,1050,1056.25,900000
19/03/2015,1056.25,1073.75,1050,1066.25,769600
20/03/2015,1062.5,1068.75,1031.25,1066.25,3830800
23/03/2015,1062.5,1106.25,1043.75,1066.25,2702000
24/03/2015,1050,1050,1025,1026.25,1038800
25/03/2015,1028.75,1080,1028.75,1055,658400
26/03/2015,1037.5,1072.5,1037.5,1066.25,1860400
27/03/2015,1050,1066.25,1050,1066.25,2780800
30/03/2015,1030,1075,1025,1066.25,587200
31/03/2015,1051.25,1066.25,1051.25,1066.25,747600
01/04/2015,1050,1066.25,1027.5,1046.25,719200
02/04/2015,1046.25,1046.25,1033.75,1040,1200
06/04/2015,1026.25,1028.75,1025,1028.75,1660800
07/04/2015,1028.75,1041.25,1026.25,1037.5,2170000
08/04/2015,1026.25,1030,1026.25,1026.25,789600
09/04/2015,1026.25,1060,1026.25,1026.25,3177600
10/04/2015,1027.5,1036.25,1026.25,1036.25,550800
13/04/2015,1027.5,1030,1027.5,1027.5,118800
14/04/2015,1026.25,1027.5,1012.5,1012.5,4494800
15/04/2015,1012.5,1048.75,1012.5,1025,4479600
16/04/2015,1026.25,1035,1013.75,1015,5007600
17/04/2015,1016.25,1040,1015,1025,7050400
20/04/2015,1018.75,1025,1018.75,1025,61200
21/04/2015,1025,1037.5,1025,1037.5,462800
22/04/2015,1027.5,1027.5,1020,1025,2061600
23/04/2015,1025,1026.25,1020,1021.25,1550800
24/04/2015,1017.5,1017.5,1012.5,1013.75,3624800
27/04/2015,1013.75,1013.75,991.25,1000,2421200
28/04/2015,990,1007.5,972.5,1000,5917600
29/04/2015,1000,1015,993.75,1002.5,2982800
30/04/2015,1002.5,1002.5,992.5,1000,7122000
04/05/2015,1000,1001.25,987.5,1000,3411200
05/05/2015,1000,1000,966.25,973.75,2521600
06/05/2015,973.75,992.5,962.5,981.25,4916800
07/05/2015,975,980,953.75,970,1074400
08/05/2015,975,978.75,955,957.5,976400
11/05/2015,962.5,972.5,955,957.5,268800
12/05/2015,952.5,971.25,952.5,971.25,69200
13/05/2015,960,1010,960,1007.5,651600
15/05/2015,992.5,992.5,975,975,558800
18/05/2015,975,975,937.5,950,724000
19/05/2015,950,962.5,950,957.5,362000
20/05/2015,961.25,962.5,951.25,951.25,104000
21/05/2015,953.75,971.25,948.75,958.75,4724000
22/05/2015,962.5,962.5,950,953.75,108000
25/05/2015,945,950,920,920,974800
26/05/2015,923.75,932.5,913.75,926.25,852400
27/05/2015,935,940,932.5,933.75,448400
28/05/2015,925,931.25,906.25,907.5,849600
29/05/2015,907.5,935,907.5,935,1098800
01/06/2015,935,937.5,931.25,931.25,387200
03/06/2015,931.25,952.5,902.5,902.5,758400
04/06/2015,918.75,918.75,902.5,902.5,601600
05/06/2015,900,900,887.5,888.75,654000
08/06/2015,888.75,890,885,890,2736800
09/06/2015,887.5,910,883.75,907.5,974400
10/06/2015,920,920,907.5,920,522000
11/06/2015,920,962.5,920,950,1922000
12/06/2015,951.25,973.75,951.25,972.5,1947200
15/06/2015,962.5,1002.5,951.25,992.5,5400000
16/06/2015,983.75,991.25,976.25,990,338400
17/06/2015,982.5,996.25,982.5,990,536800
18/06/2015,990,991.25,986.25,990,681600
19/06/2015,990,997.5,990,995,1441600
22/06/2015,996.25,1018.75,992.5,1015,260400
23/06/2015,1000,1012.5,996.25,998.75,109600
24/06/2015,1000,1012.5,998.75,1001.25,915200
25/06/2015,981.25,1006.25,972.5,1006.25,697200
26/06/2015,1006.25,1006.25,998.75,1000,5225200
29/06/2015,1000,1000,1000,1000,1516800
30/06/2015,1000,1000,995,1000,3678800
01/07/2015,1000,1012.5,1000,1012.5,236000
02/07/2015,1012.5,1013.75,1011.25,1012.5,334800
03/07/2015,1000,1000,1000,1000,309600
06/07/2015,1000,1001.25,1000,1000,1266800
07/07/2015,1001.25,1001.25,1000,1000,252400
08/07/2015,1000,1001.25,1000,1000,381200
09/07/2015,1000,1025,993.75,1025,1578400
10/07/2015,1025,1037.5,1025,1037.5,3036400
13/07/2015,1036.25,1075,1036.25,1075,1046400
14/07/2015,1075,1086.25,1073.75,1082.5,616000
15/07/2015,1075,1086.25,1075,1081.25,177200
22/07/2015,1081.25,1105,1081.25,1090,313200
23/07/2015,1082.5,1100,1082.5,1090,436800
24/07/2015,1083.75,1085,1075,1081.25,2170800
27/07/2015,1081.25,1081.25,1050,1070,3266400
28/07/2015,1067.5,1082.5,1067.5,1075,202000
29/07/2015,1071.25,1080,1070,1075,1027200
30/07/2015,1072.5,1075,1072.5,1075,406400
31/07/2015,1075,1075,1075,1075,264800
03/08/2015,1077.5,1080,1075,1075,1574800
04/08/2015,1075,1090,1075,1087.5,1423200
05/08/2015,1076.25,1087.5,1073.75,1075,1121600
06/08/2015,1072.5,1098.75,1062.5,1098.75,239200
07/08/2015,1087.5,1097.5,1072.5,1097.5,2242000
10/08/2015,1075,1100,1062.5,1086.25,497200
11/08/2015,1096.25,1096.25,1062.5,1067.5,5794000
12/08/2015,1068.75,1068.75,1056.25,1065,1226800
13/08/2015,1050,1071.25,1048.75,1063.75,395600
14/08/2015,1062.5,1065,1050,1050,1738000
18/08/2015,1037.5,1048.75,1025,1025,196400
19/08/2015,1012.5,1056.25,1012.5,1026.25,149600
20/08/2015,1025,1028.75,1018.75,1025,540800
21/08/2015,1013.75,1025,997.5,997.5,137200
24/08/2015,975,1025,975,1020,963600
25/08/2015,1000,1001.25,993.75,1000,1832800
26/08/2015,977.5,1000,977.5,977.5,909600
27/08/2015,980,1010,980,980,586800
28/08/2015,985,1045,983.75,1037.5,1227200
31/08/2015,1031.25,1031.25,997.5,1011.25,4625600
01/09/2015,1008.75,1008.75,995,997.5,1456000
02/09/2015,1017.5,1017.5,987.5,996.25,4288400
03/09/2015,996.25,996.25,957.5,957.5,200000
04/09/2015,965,965,957.5,957.5,2698000
07/09/2015,971.25,971.25,957.5,957.5,36400
08/09/2015,950,962.5,925,925,146400
09/09/2015,925,926.25,923.75,925,1458000
10/09/2015,925,950,925,940,186400
11/09/2015,940,960,931.25,931.25,6179200
14/09/2015,925,950,882.5,882.5,3166400
15/09/2015,882.5,900,875,882.5,3774400
16/09/2015,883.75,897.5,875,882.5,991200
17/09/2015,882.5,900,882.5,882.5,1038000
18/09/2015,882.5,882.5,827.5,875,135721200
21/09/2015,875,900,875,896.25,1128800
22/09/2015,896.25,925,896.25,912.5,2561200
23/09/2015,912.5,931.25,896.25,912.5,6781200
25/09/2015,925,930,913.75,920,1247600
28/09/2015,920,936.25,920,925,6326000
29/09/2015,912.5,925,900,912.5,1594400
30/09/2015,912.5,937.5,900,937.5,2382400
01/10/2015,938.75,975,938.75,975,964800
02/10/2015,958.75,987.5,950,975,90800
05/10/2015,975,1022.5,938.75,1000,1554000
06/10/2015,1000,1037.5,1000,1037.5,1053600
07/10/2015,1031.25,1037.5,1007.5,1037.5,692000
08/10/2015,1037.5,1037.5,981.25,981.25,255200
09/10/2015,983.75,1025,971.25,1025,2164800
12/10/2015,1025,1037.5,1025,1035,259600
13/10/2015,1035,1037.5,1012.5,1025,120000
15/10/2015,1000,1022.5,987.5,1001.25,1627200
16/10/2015,1001.25,1001.25,1001.25,1001.25,75200
19/10/2015,1001.25,1025,1000,1025,602800
20/10/2015,1002.5,1022.5,1002.5,1022.5,7600
21/10/2015,1022.5,1022.5,1006.25,1022.5,78400
22/10/2015,1012.5,1025,1012.5,1025,67200
23/10/2015,1012.5,1025,1010,1025,4202000
26/10/2015,1037.5,1040,1025,1037.5,3144800
27/10/2015,1025,1035,1002.5,1020,155600
28/10/2015,1006.25,1007.5,993.75,1000,1345600
29/10/2015,1007.5,1025,988.75,1012.5,68800
30/10/2015,1011.25,1047.5,995,1047.5,74000
02/11/2015,1050,1050,1030,1032.5,686000
03/11/2015,1032.5,1050,1032.5,1037.5,744000
04/11/2015,1037.5,1050,1037.5,1050,1129200
05/11/2015,1040,1068.75,1037.5,1053.75,1152000
06/11/2015,1053.75,1087.5,1053.75,1086.25,609600
09/11/2015,1085,1143.75,1085,1137.5,2968400
10/11/2015,1137.5,1205,1137.5,1198.75,1792400
11/11/2015,1203.75,1213.75,1182.5,1203.75,1016400
12/11/2015,1203.75,1203.75,1173.75,1186.25,2342800
13/11/2015,1198.75,1206.25,1177.5,1206.25,1330800
16/11/2015,1187.5,1192.5,1177.5,1191.25,340800
17/11/2015,1200,1228.75,1200,1226.25,2061200
18/11/2015,1228.75,1236.25,1200,1231.25,3617200
19/11/2015,1233.75,1248.75,1212.5,1231.25,951200
20/11/2015,1243.75,1337.5,1240,1306.25,3208000
23/11/2015,1312.5,1400,1312.5,1375,5526000
24/11/2015,1393.75,1406.25,1350,1350,3505200
25/11/2015,1375,1375,1312.5,1337.5,1328000
26/11/2015,1337.5,1381.25,1325,1375,3230400
27/11/2015,1381.25,1400,1343.75,1362.5,1384000
30/11/2015,1406.25,1425,1381.25,1400,2443200
01/12/2015,1400,1412.5,1387.5,1400,1947600
02/12/2015,1412.5,1412.5,1375,1400,46400
03/12/2015,1375,1400,1350,1350,858000
04/12/2015,1375,1387.5,1325,1350,383200
07/12/2015,1375,1375,1343.75,1375,326000
08/12/2015,1350,1350,1256.25,1300,4362800
09/12/2015,1300,1300,1300,1300,0
10/12/2015,1300,1375,1300,1368.75,718000
11/12/2015,1368.75,1375,1325,1325,128800
14/12/2015,1325,1325,1275,1300,831600
15/12/2015,1300,1300,1250,1262.5,734800
16/12/2015,1262.5,1312.5,1262.5,1300,1527600
17/12/2015,1325,1362.5,1312.5,1356.25,913600
18/12/2015,1337.5,1362.5,1312.5,1343.75,431200
21/12/2015,1368.75,1375,1350,1375,1434800
22/12/2015,1375,1412.5,1368.75,1393.75,1254400
23/12/2015,1375,1418.75,1375,1412.5,4755600
28/12/2015,1412.5,1456.25,1412.5,1450,1120800
29/12/2015,1450,1450,1393.75,1393.75,332800
30/12/2015,1393.75,1450,1375,1375,1189600
04/01/2016,1375,1375,1331.25,1331.25,220400
05/01/2016,1312.5,1406.25,1312.5,1350,314000
06/01/2016,1375,1400,1325,1343.75,2585600
07/01/2016,1325,1368.75,1325,1337.5,196000
08/01/2016,1312.5,1337.5,1262.5,1325,1609200
11/01/2016,1350,1350,1318.75,1331.25,158400
12/01/2016,1325,1356.25,1318.75,1356.25,618000
13/01/2016,1356.25,1375,1337.5,1350,1661200
14/01/2016,1350,1375,1325,1350,322000
15/01/2016,1375,1375,1350,1368.75,77200
18/01/2016,1325,1350,1325,1325,1283200
19/01/2016,1312.5,1331.25,1312.5,1318.75,683600
20/01/2016,1331.25,1362.5,1318.75,1325,1375600
21/01/2016,1325,1362.5,1275,1275,623600
22/01/2016,1300,1325,1287.5,1287.5,674400
25/01/2016,1300,1337.5,1300,1306.25,42000
26/01/2016,1312.5,1325,1312.5,1325,104400
27/01/2016,1337.5,1393.75,1331.25,1368.75,928000
28/01/2016,1375,1393.75,1337.5,1362.5,942400
29/01/2016,1362.5,1381.25,1356.25,1368.75,1507200
01/02/2016,1381.25,1393.75,1375,1387.5,1114400
02/02/2016,1400,1406.25,1362.5,1362.5,2791600
03/02/2016,1368.75,1400,1325,1375,180400
04/02/2016,1381.25,1387.5,1368.75,1387.5,1378000
05/02/2016,1368.75,1375,1343.75,1356.25,3747600
09/02/2016,1362.5,1393.75,1362.5,1393.75,1580000
10/02/2016,1375,1393.75,1337.5,1381.25,386800
11/02/2016,1387.5,1387.5,1362.5,1375,1776800
12/02/2016,1350,1362.5,1343.75,1343.75,1684000
15/02/2016,1350,1350,1337.5,1350,1371600
16/02/2016,1350,1375,1331.25,1350,701200
17/02/2016,1350,1362.5,1350,1350,1288800
18/02/2016,1343.75,1375,1343.75,1350,2062400
19/02/2016,1350,1356.25,1293.75,1293.75,1057200
22/02/2016,1300,1331.25,1275,1312.5,760400
23/02/2016,1312.5,1325,1212.5,1225,2656800
24/02/2016,1225,1256.25,1175,1200,276000
25/02/2016,1225,1256.25,1225,1237.5,280800
26/02/2016,1237.5,1237.5,1225,1228.75,544400
29/02/2016,1232.5,1300,1232.5,1293.75,2306800
01/03/2016,1281.25,1312.5,1275,1312.5,178000
02/03/2016,1312.5,1343.75,1300,1343.75,300800
03/03/2016,1343.75,1356.25,1312.5,1331.25,864800
04/03/2016,1331.25,1418.75,1331.25,1418.75,1256800
07/03/2016,1418.75,1425,1400,1418.75,990000
08/03/2016,1393.75,1425,1387.5,1418.75,858400
10/03/2016,1400,1418.75,1375,1406.25,1946400
11/03/2016,1406.25,1406.25,1406.25,1406.25,0
14/03/2016,1406.25,1406.25,1406.25,1406.25,0
15/03/2016,1500,1525,1481.25,1493.75,1735200
16/03/2016,1493.75,1500,1468.75,1500,485200
17/03/2016,1500,1531.25,1500,1531.25,2352800
18/03/2016,1537.5,1550,1481.25,1493.75,1038800
21/03/2016,1500,1518.75,1462.5,1500,1728800
22/03/2016,1500,1525,1475,1525,3461200
23/03/2016,1525,1537.5,1500,1537.5,4341200
24/03/2016,1537.5,1575,1531.25,1575,8209600
28/03/2016,1568.75,1612.5,1568.75,1600,4364400
29/03/2016,1606.25,1612.5,1500,1568.75,1590800
30/03/2016,1568.75,1600,1562.5,1575,2918000
31/03/2016,1550,1550,1500,1543.75,824400
01/04/2016,1543.75,1556.25,1531.25,1531.25,148000
04/04/2016,1531.25,1531.25,1500,1512.5,127200
05/04/2016,1512.5,1543.75,1506.25,1518.75,64000
06/04/2016,1543.75,1543.75,1518.75,1543.75,148800
07/04/2016,1556.25,1600,1550,1556.25,3696800
08/04/2016,1543.75,1575,1518.75,1556.25,2267600
11/04/2016,1556.25,1556.25,1556.25,1556.25,0
12/04/2016,1556.25,1556.25,1531.25,1550,2426000
13/04/2016,1550,1550,1550,1550,0
14/04/2016,1550,1550,1550,1550,0
15/04/2016,1550,1550,1550,1550,0
18/04/2016,1550,1550,1550,1550,0
19/04/2016,1550,1550,1550,1550,0
20/04/2016,1587.5,1587.5,1562.5,1581.25,16
21/04/2016,1581.25,1606.25,1562.5,1606.25,630400
22/04/2016,1606.25,1625,1581.25,1618.75,1062800
25/04/2016,1675,1675,1625,1637.5,3077600
26/04/2016,1637.5,1637.5,1587.5,1631.25,920000
27/04/2016,1631.25,1706.25,1600,1687.5,13660800
28/04/2016,1687.5,1706.25,1650,1675,2329600
29/04/2016,1675,1675,1593.75,1675,3024800
02/05/2016,1675,1675,1606.25,1631.25,88800
03/05/2016,1631.25,1631.25,1600,1606.25,519200
04/05/2016,1606.25,1618.75,1568.75,1600,1003200
09/05/2016,1600,1668.75,1587.5,1650,774000
10/05/2016,1650,1650,1612.5,1650,492000
11/05/2016,1675,1693.75,1662.5,1675,212800
12/05/2016,1687.5,1687.5,1662.5,1675,342400
13/05/2016,1675,1687.5,1625,1675,241200
16/05/2016,1656.25,1675,1650,1675,315200
17/05/2016,1687.5,1687.5,1662.5,1675,617200
18/05/2016,1668.75,1675,1662.5,1675,791200
19/05/2016,1675,1675,1643.75,1656.25,220000
20/05/2016,1656.25,1656.25,1606.25,1656.25,742800
23/05/2016,1650,1662.5,1650,1662.5,16
24/05/2016,1650,1662.5,1637.5,1643.75,16
25/05/2016,1637.5,1656.25,1637.5,1637.5,40000
26/05/2016,1637.5,1662.5,1600,1650,168800
27/05/2016,1625,1650,1612.5,1650,126800
30/05/2016,1625,1650,1612.5,1650,380000
31/05/2016,1637.5,1643.75,1625,1643.75,567600
01/06/2016,1618.75,1637.5,1600,1631.25,16
02/06/2016,1625,1637.5,1600,1600,4400000
03/06/2016,1600,1606.25,1593.75,1600,1844000
06/06/2016,1606.25,1625,1593.75,1625,1615200
07/06/2016,1625,1637.5,1600,1625,558000
08/06/2016,1625,1643.75,1606.25,1643.75,1265600
09/06/2016,1643.75,1650,1600,1650,550000
10/06/2016,1650,1650,1618.75,1618.75,1020000
13/06/2016,1618.75,1650,1612.5,1625,1460800
14/06/2016,1618.75,1618.75,1612.5,1612.5,476000
15/06/2016,1612.5,1650,1600,1643.75,1583200
16/06/2016,1643.75,1643.75,1637.5,1637.5,867600
17/06/2016,1637.5,1637.5,1612.5,1625,803600
20/06/2016,1618.75,1625,1606.25,1625,102000
21/06/2016,1625,1625,1606.25,1612.5,2250800
22/06/2016,1606.25,1650,1568.75,1625,1566000
23/06/2016,1625,1625,1600,1625,687600
24/06/2016,1600,1606.25,1562.5,1606.25,4375200
27/06/2016,1606.25,1618.75,1581.25,1606.25,706800
28/06/2016,1600,1650,1575,1625,1461200
29/06/2016,1625,1643.75,1600,1606.25,2038000
30/06/2016,1606.25,1606.25,1575,1593.75,2078000
01/07/2016,1593.75,1593.75,1581.25,1593.75,1083200
11/07/2016,1593.75,1656.25,1593.75,1656.25,7386800
12/07/2016,1662.5,1675,1600,1650,4820400
13/07/2016,1625,1650,1600,1625,3133200
14/07/2016,1637.5,1700,1625,1668.75,4984000
15/07/2016,1668.75,1712.5,1668.75,1706.25,7836800
18/07/2016,1712.5,1775,1706.25,1768.75,2502800
19/07/2016,1775,1781.25,1725,1762.5,1906800
20/07/2016,1750,1750,1662.5,1725,4322000
21/07/2016,1725,1737.5,1706.25,1725,3683200
22/07/2016,1725,1725,1712.5,1712.5,120000
25/07/2016,1712.5,1750,1712.5,1750,611200
26/07/2016,1750,1750,1725,1731.25,187600
27/07/2016,1731.25,1762.5,1731.25,1750,3520400
28/07/2016,1750,1775,1700,1750,789200
29/07/2016,1725,1725,1687.5,1712.5,2735200
01/08/2016,1712.5,1712.5,1675,1693.75,1121200
02/08/2016,1712.5,1712.5,1668.75,1675,1322400
03/08/2016,1675,1725,1662.5,1668.75,874000
04/08/2016,1643.75,1662.5,1631.25,1643.75,1040000
05/08/2016,1643.75,1675,1618.75,1625,2524400
08/08/2016,1650,1656.25,1600,1618.75,2773600
09/08/2016,1650,1650,1556.25,1556.25,2634400
10/08/2016,1575,1643.75,1575,1631.25,5415600
11/08/2016,1631.25,1650,1631.25,1643.75,1967200
12/08/2016,1650,1668.75,1637.5,1656.25,12037200
15/08/2016,1656.25,1656.25,1562.5,1650,6850800
16/08/2016,1650,1656.25,1593.75,1650,926400
18/08/2016,1643.75,1643.75,1575,1606.25,4243200
19/08/2016,1606.25,1612.5,1568.75,1575,2120000
22/08/2016,1575,1587.5,1556.25,1562.5,1314000
23/08/2016,1568.75,1587.5,1487.5,1537.5,4357200
24/08/2016,1562.5,1562.5,1500,1506.25,2562400
25/08/2016,1506.25,1562.5,1500,1562.5,2066800
26/08/2016,1562.5,1562.5,1525,1550,847200
29/08/2016,1537.5,1537.5,1500,1500,549200
30/08/2016,1525,1531.25,1487.5,1500,1552000
31/08/2016,1500,1550,1475,1550,1652000
01/09/2016,1550,1550,1506.25,1506.25,120400
02/09/2016,1506.25,1506.25,1443.75,1450,2127200
05/09/2016,1462.5,1475,1356.25,1443.75,9854000
06/09/2016,1406.25,1431.25,1375,1393.75,3922800
07/09/2016,1393.75,1393.75,1362.5,1375,4091600
08/09/2016,1375,1375,1318.75,1325,2433200
09/09/2016,1325,1325,1287.5,1300,2980800
13/09/2016,1300,1350,1287.5,1350,2898800
14/09/2016,1362.5,1418.75,1337.5,1418.75,1743600
15/09/2016,1425,1450,1362.5,1362.5,3207200
16/09/2016,1362.5,1393.75,1293.75,1343.75,2535200
19/09/2016,1343.75,1350,1306.25,1318.75,405600
20/09/2016,1318.75,1331.25,1306.25,1312.5,1464400
21/09/2016,1331.25,1350,1318.75,1331.25,3024400
22/09/2016,1331.25,1362.5,1331.25,1362.5,1285200
23/09/2016,1393.75,1400,1368.75,1393.75,860400
26/09/2016,1412.5,1425,1387.5,1425,2315600
27/09/2016,1425,1425,1393.75,1406.25,1200800
28/09/2016,1400,1468.75,1400,1462.5,1114000
29/09/2016,1468.75,1525,1468.75,1500,1106800
30/09/2016,1500,1525,1475,1506.25,2702000
03/10/2016,1500,1575,1500,1575,6613200
04/10/2016,1575,1600,1568.75,1600,9021600
05/10/2016,1600,1600,1562.5,1587.5,2560800
06/10/2016,1587.5,1600,1575,1587.5,2695200
07/10/2016,1587.5,1593.75,1575,1587.5,15392400
10/10/2016,1587.5,1587.5,1575,1587.5,9772800
11/10/2016,1587.5,1593.75,1581.25,1593.75,2465200
12/10/2016,1600,1600,1587.5,1593.75,110400
13/10/2016,1593.75,1593.75,1587.5,1593.75,3930000
14/10/2016,1593.75,1612.5,1593.75,1606.25,2547600
17/10/2016,1612.5,1612.5,1600,1606.25,2417200
18/10/2016,1600,1612.5,1593.75,1600,2455600
19/10/2016,1600,1606.25,1593.75,1600,4010000
20/10/2016,1600,1606.25,1600,1600,4412800
21/10/2016,1600,1612.5,1600,1600,1322800
24/10/2016,1600,1606.25,1593.75,1600,1054000
25/10/2016,1600,1600,1562.5,1575,2240800
26/10/2016,1568.75,1575,1568.75,1575,56400
27/10/2016,1575,1606.25,1575,1600,4238800
28/10/2016,1600,1625,1600,1612.5,1739200
31/10/2016,1612.5,1650,1612.5,1650,1790000
01/11/2016,1650,1650,1637.5,1650,4172800
02/11/2016,1650,1662.5,1600,1656.25,487200
03/11/2016,1656.25,1656.25,1606.25,1625,185600
04/11/2016,1625,1625,1587.5,1587.5,54000
07/11/2016,1587.5,1600,1587.5,1593.75,85600
08/11/2016,1606.25,1625,1600,1612.5,1782800
09/11/2016,1612.5,1612.5,1562.5,1600,172000
10/11/2016,1600,1625,1600,1612.5,598400
11/11/2016,1587.5,1625,1575,1587.5,679600
14/11/2016,1575,1575,1525,1525,922800
15/11/2016,1525,1606.25,1506.25,1550,1483200
16/11/2016,1550,1612.5,1525,1550,7890800
17/11/2016,1562.5,1575,1562.5,1562.5,2980000
18/11/2016,1562.5,1575,1556.25,1562.5,1990400
21/11/2016,1556.25,1562.5,1537.5,1556.25,16
22/11/2016,1525,1550,1525,1537.5,230800
23/11/2016,1543.75,1575,1543.75,1575,6244000
24/11/2016,1575,1575,1525,1525,82400
25/11/2016,1550,1550,1537.5,1537.5,266800
28/11/2016,1537.5,1550,1537.5,1550,246800
29/11/2016,1550,1550,1550,1550,7600
30/11/2016,1550,1600,1550,1600,81200
01/12/2016,1600,1600,1550,1568.75,599200
02/12/2016,1562.5,1575,1562.5,1575,81600
05/12/2016,1575,1581.25,1562.5,1575,5478000
06/12/2016,1575,1600,1568.75,1575,4418400
07/12/2016,1581.25,1625,1581.25,1587.5,6158000
08/12/2016,1612.5,1612.5,1562.5,1568.75,1092000
09/12/2016,1568.75,1575,1568.75,1568.75,454800
13/12/2016,1568.75,1587.5,1568.75,1568.75,224000
14/12/2016,1587.5,1612.5,1562.5,1568.75,70800
15/12/2016,1600,1600,1537.5,1550,189600
16/12/2016,1550,1550,1512.5,1537.5,1044800
19/12/2016,1525,1525,1500,1512.5,306800
20/12/2016,1512.5,1600,1500,1550,5409600
21/12/2016,1550,1550,1500,1531.25,41600
22/12/2016,1543.75,1543.75,1500,1543.75,73200
23/12/2016,1562.5,1568.75,1543.75,1568.75,121200
27/12/2016,1575,1575,1537.5,1562.5,1111600
28/12/2016,1562.5,1575,1525,1575,5288400
29/12/2016,1575,1618.75,1531.25,1612.5,3112400
30/12/2016,1612.5,1637.5,1612.5,1612.5,2326000
02/01/2017,1612.5,1612.5,1612.5,1612.5,0
03/01/2017,1612.5,1612.5,1550,1575,1910400
04/01/2017,1575,1575,1525,1525,380400
05/01/2017,1550,1550,1500,1500,1244800
06/01/2017,1500,1506.25,1493.75,1506.25,1289600
09/01/2017,1506.25,1525,1506.25,1518.75,1119600
10/01/2017,1518.75,1525,1512.5,1512.5,139200
11/01/2017,1512.5,1556.25,1512.5,1550,759600
12/01/2017,1550,1550,1543.75,1543.75,504000
13/01/2017,1512.5,1550,1512.5,1543.75,3618000
16/01/2017,1543.75,1543.75,1537.5,1543.75,428800
17/01/2017,1543.75,1543.75,1512.5,1512.5,43200
18/01/2017,1512.5,1525,1512.5,1525,188800
19/01/2017,1525,1525,1512.5,1525,319600
20/01/2017,1525,1531.25,1525,1531.25,75200
23/01/2017,1531.25,1537.5,1531.25,1537.5,22000
24/01/2017,1537.5,1575,1537.5,1562.5,237600
25/01/2017,1562.5,1562.5,1550,1550,136800
26/01/2017,1550,1575,1550,1562.5,262400
27/01/2017,1562.5,1562.5,1550,1550,143200
30/01/2017,1550,1575,1550,1575,318800
31/01/2017,1612.5,1612.5,1556.25,1612.5,813200
01/02/2017,1612.5,1612.5,1575,1581.25,57200
02/02/2017,1562.5,1593.75,1550,1593.75,88000
03/02/2017,1593.75,1593.75,1562.5,1593.75,3700400
06/02/2017,1593.75,1600,1587.5,1593.75,914400
07/02/2017,1600,1612.5,1568.75,1606.25,5280800
08/02/2017,1606.25,1637.5,1606.25,1625,752000
09/02/2017,1625,1625,1593.75,1593.75,44800
10/02/2017,1593.75,1606.25,1587.5,1606.25,1386400
13/02/2017,1606.25,1631.25,1587.5,1625,3748000
14/02/2017,1625,1681.25,1612.5,1675,2450000
15/02/2017,1675,1675,1675,1675,0
16/02/2017,1675,1675,1631.25,1650,1243600
17/02/2017,1650,1650,1650,1650,903600
20/02/2017,1656.25,1656.25,1656.25,1656.25,6800
21/02/2017,1656.25,1700,1650,1700,8772400
22/02/2017,1700,1725,1687.5,1718.75,2189600
23/02/2017,1718.75,1775,1718.75,1750,1844400
24/02/2017,1750,1762.5,1750,1750,66400
27/02/2017,1750,1756.25,1750,1750,1098400
28/02/2017,1750,1775,1725,1775,780800
01/03/2017,1787.5,1787.5,1750,1750,989200
02/03/2017,1743.75,1781.25,1743.75,1775,536800
03/03/2017,1775,1775,1756.25,1768.75,104800
06/03/2017,1768.75,1775,1712.5,1756.25,4311200
07/03/2017,1750,1750,1750,1750,242400
08/03/2017,1750,1756.25,1712.5,1750,12400
09/03/2017,1743.75,1750,1725,1743.75,281600
10/03/2017,1731.25,1750,1731.25,1750,203600
13/03/2017,1750,1768.75,1725,1750,48400
14/03/2017,1750,1756.25,1725,1750,241200
15/03/2017,1762.5,1787.5,1700,1750,1000000
16/03/2017,1737.5,1750,1725,1750,5912800
17/03/2017,1750,1750,1737.5,1743.75,3685600
20/03/2017,1725,1725,1718.75,1725,1517600
21/03/2017,1750,1750,1687.5,1750,14543200
22/03/2017,1750,1750,1725,1743.75,33200
23/03/2017,1737.5,1750,1687.5,1743.75,1598800
24/03/2017,1743.75,1750,1737.5,1743.75,272800
27/03/2017,1750,1750,1731.25,1750,954800
29/03/2017,1750,1750,1675,1743.75,21779200
30/03/2017,1743.75,1750,1712.5,1743.75,735200
31/03/2017,1743.75,1800,1737.5,1750,620400
03/04/2017,1750,1775,1743.75,1775,263600
04/04/2017,1775,1775,1743.75,1750,1689200
05/04/2017,1750,1750,1750,1750,0
06/04/2017,1750,1750,1712.5,1743.75,539600
07/04/2017,1743.75,1743.75,1700,1700,55600
10/04/2017,1687.5,1800,1687.5,1787.5,1299200
11/04/2017,1787.5,1806.25,1725,1787.5,1530400
12/04/2017,1775,1787.5,1750,1775,1976800
13/04/2017,1775,1818.75,1750,1787.5,156400
17/04/2017,1787.5,1787.5,1781.25,1781.25,1584000
18/04/2017,1818.75,1818.75,1787.5,1787.5,176400
19/04/2017,1787.5,1787.5,1787.5,1787.5,0
20/04/2017,1787.5,1831.25,1787.5,1793.75,21600
21/04/2017,1793.75,1825,1775,1825,519200
25/04/2017,1825,1837.5,1800,1812.5,437200
26/04/2017,1812.5,1800,1781.25,1781.25,2262400
27/04/2017,1781.25,1793.75,1781.25,1787.5,867200
28/04/2017,1787.5,1825,1787.5,1793.75,7250800
02/05/2017,1787.5,1800,1787.5,1800,45600
03/05/2017,1800,1800,1787.5,1787.5,526400
04/05/2017,1762.5,1793.75,1762.5,1793.75,1550400
05/05/2017,1793.75,1812.5,1793.75,1812.5,136000
08/05/2017,1812.5,1831.25,1712.5,1787.5,4892800
09/05/2017,1787.5,1800,1787.5,1787.5,1016800
10/05/2017,1787.5,1800,1781.25,1793.75,1241600
12/05/2017,1793.75,1793.75,1781.25,1793.75,1638400
15/05/2017,1793.75,1837.5,1793.75,1837.5,226000
16/05/2017,1837.5,1862.5,1831.25,1856.25,379600
17/05/2017,1856.25,1862.5,1837.5,1856.25,224400
18/05/2017,1856.25,1875,1825,1850,1548400
19/05/2017,1850,1875,1825,1875,633600
22/05/2017,1862.5,1862.5,1750,1831.25,672000
23/05/2017,1825,1825,1712.5,1750,3858000
24/05/2017,1743.75,1743.75,1687.5,1687.5,958400
26/05/2017,1687.5,1737.5,1687.5,1700,316800
29/05/2017,1681.25,1700,1662.5,1681.25,360800
30/05/2017,1675,1718.75,1668.75,1681.25,2592000
31/05/2017,1681.25,1712.5,1681.25,1693.75,1062000
01/06/2017,1693.75,1693.75,1693.75,1693.75,0
02/06/2017,1693.75,1693.75,1662.5,1662.5,500400
05/06/2017,1662.5,1675,1662.5,1668.75,421600
06/06/2017,1662.5,1668.75,1612.5,1625,2319200
07/06/2017,1625,1631.25,1525,1525,3270400
08/06/2017,1550,1600,1543.75,1575,1596400
09/06/2017,1581.25,1600,1550,1550,867600
12/06/2017,1568.75,1600,1556.25,1587.5,332400
13/06/2017,1587.5,1600,1562.5,1581.25,1979600
14/06/2017,1568.75,1581.25,1550,1568.75,1803600
15/06/2017,1568.75,1581.25,1556.25,1568.75,364800
16/06/2017,1575,1593.75,1550,1550,3580400
19/06/2017,1550,1575,1550,1562.5,773200
20/06/2017,1562.5,1625,1562.5,1612.5,915600
21/06/2017,1612.5,1625,1587.5,1618.75,500400
22/06/2017,1618.75,1625,1593.75,1625,481600
23/06/2017,1625,1625,1625,1625,0
26/06/2017,1625,1625,1625,1625,0
27/06/2017,1625,1625,1625,1625,0
28/06/2017,1625,1625,1625,1625,0
29/06/2017,1625,1625,1625,1625,0
30/06/2017,1625,1625,1625,1625,0
03/07/2017,1625,1650,1562.5,1618.75,1858800
04/07/2017,1618.75,1618.75,1568.75,1581.25,971600
05/07/2017,1575,1600,1575,1581.25,2372000
06/07/2017,1581.25,1587.5,1575,1581.25,3117600
07/07/2017,1581.25,1581.25,1475,1500,4854000
10/07/2017,1500,1550,1500,1543.75,277600
11/07/2017,1543.75,1550,1525,1525,214000
12/07/2017,1525,1593.75,1525,1581.25,3547600
13/07/2017,1575,1575,1537.5,1550,5068000
14/07/2017,1550,1575,1550,1575,243600
17/07/2017,1575,1587.5,1568.75,1575,941200
18/07/2017,1581.25,1587.5,1575,1575,2368000
19/07/2017,1575,1587.5,1562.5,1568.75,1366400
20/07/2017,1568.75,1575,1556.25,1562.5,811200
21/07/2017,1568.75,1575,1556.25,1568.75,532000
24/07/2017,1556.25,1568.75,1556.25,1562.5,158000
25/07/2017,1575,1581.25,1550,1575,2759600
26/07/2017,1575,1575,1556.25,1568.75,434000
27/07/2017,1562.5,1600,1562.5,1581.25,3148000
28/07/2017,1575,1600,1562.5,1600,3495600
31/07/2017,1600,1650,1581.25,1625,5064000
01/08/2017,1625,1637.5,1587.5,1600,137600
02/08/2017,1631.25,1637.5,1575,1631.25,3476000
03/08/2017,1631.25,1637.5,1581.25,1625,3371200
04/08/2017,1625,1637.5,1625,1631.25,543600
07/08/2017,1631.25,1637.5,1537.5,1550,1243200
08/08/2017,1556.25,1612.5,1556.25,1612.5,841600
09/08/2017,1625,1668.75,1600,1662.5,2403200
10/08/2017,1675,1712.5,1662.5,1687.5,1439600
11/08/2017,1687.5,1693.75,1656.25,1681.25,18249600
14/08/2017,1681.25,1693.75,1662.5,1675,774800
15/08/2017,1675,1700,1650,1656.25,674400
16/08/2017,1656.25,1675,1656.25,1675,539600
17/08/2017,1675,1675,1675,1675,0
18/08/2017,1687.5,1700,1600,1612.5,818000
21/08/2017,1618.75,1625,1600,1612.5,852400
22/08/2017,1612.5,1618.75,1593.75,1606.25,1437600
23/08/2017,1606.25,1650,1606.25,1637.5,1861200
24/08/2017,1637.5,1643.75,1600,1600,221600
25/08/2017,1600,1606.25,1587.5,1593.75,3164000
28/08/2017,1593.75,1631.25,1593.75,1600,8490000
29/08/2017,1600,1625,1600,1612.5,1382400
30/08/2017,1612.5,1625,1593.75,1618.75,698000
31/08/2017,1618.75,1618.75,1600,1612.5,1389600
01/09/2017,1612.5,1612.5,1612.5,1612.5,0
04/09/2017,1618.75,1631.25,1600,1612.5,1469200
05/09/2017,1606.25,1631.25,1600,1618.75,229600
06/09/2017,1618.75,1625,1618.75,1618.75,284400
07/09/2017,1625,1650,1612.5,1625,3036800
08/09/2017,1625,1643.75,1593.75,1593.75,138000
11/09/2017,1593.75,1625,1593.75,1612.5,1056800
12/09/2017,1600,1612.5,1593.75,1593.75,1742800
13/09/2017,1593.75,1600,1575,1575,798000
14/09/2017,1600,1606.25,1575,1587.5,11814000
15/09/2017,1587.5,1593.75,1456.25,1525,6192000
18/09/2017,1550,1587.5,1531.25,1575,2334000
19/09/2017,1587.5,1587.5,1575,1575,47600
20/09/2017,1556.25,1600,1556.25,1600,396800
21/09/2017,1600,1600,1600,1600,0
22/09/2017,1600,1600,1550,1600,2604800
25/09/2017,1593.75,1600,1575,1600,1404000
26/09/2017,1600,1600,1556.25,1600,868800
27/09/2017,1600,1606.25,1550,1600,3269200
28/09/2017,1600,1600,1575,1575,1307600
29/09/2017,1575,1593.75,1562.5,1562.5,1424400
02/10/2017,1593.75,1593.75,1562.5,1562.5,102800
03/10/2017,1562.5,1600,1562.5,1568.75,4896800
04/10/2017,1581.25,1600,1575,1581.25,8101600
05/10/2017,1581.25,1593.75,1562.5,1568.75,252800
06/10/2017,1568.75,1568.75,1525,1543.75,5268400
09/10/2017,1543.75,1543.75,1525,1543.75,3337200
10/10/2017,1543.75,1562.5,1537.5,1556.25,2086400
11/10/2017,1556.25,1600,1543.75,1600,895200
12/10/2017,1600,1600,1525,1575,6076000
13/10/2017,1575,1575,1550,1550,2889200
16/10/2017,1550,1575,1550,1550,1663600
17/10/2017,1556.25,1556.25,1518.75,1550,2108000
18/10/2017,1537.5,1543.75,1518.75,1525,304800
19/10/2017,1525,1537.5,1506.25,1537.5,1411600
20/10/2017,1537.5,1543.75,1512.5,1525,2641200
23/10/2017,1518.75,1550,1506.25,1525,277200
24/10/2017,1525,1550,1512.5,1550,1859600
25/10/2017,1550,1556.25,1475,1493.75,3414000
26/10/2017,1500,1512.5,1487.5,1493.75,5275200
27/10/2017,1543.75,1543.75,1493.75,1500,1053200
30/10/2017,1500,1543.75,1493.75,1500,5252000
31/10/2017,1500,1500,1450,1500,4728400
01/11/2017,1493.75,1500,1468.75,1500,4053600
02/11/2017,1500,1500,1450,1462.5,1560800
03/11/2017,1462.5,1468.75,1450,1456.25,553600
06/11/2017,1456.25,1475,1437.5,1437.5,3723200
07/11/2017,1437.5,1437.5,1412.5,1412.5,1159600
08/11/2017,1425,1425,1418.75,1418.75,2785600
09/11/2017,1425,1437.5,1425,1425,4668400
10/11/2017,1431.25,1431.25,1400,1400,1966800
13/11/2017,1412.5,1450,1412.5,1412.5,676800
14/11/2017,1406.25,1437.5,1406.25,1437.5,3042000
15/11/2017,1450,1456.25,1400,1412.5,952800
16/11/2017,1431.25,1468.75,1400,1400,1590000
17/11/2017,1425,1431.25,1381.25,1381.25,1661200
20/11/2017,1387.5,1400,1375,1375,2860800
21/11/2017,1381.25,1381.25,1350,1350,7162400
22/11/2017,1350,1362.5,1325,1325,8222000
23/11/2017,1337.5,1356.25,1325,1325,1276000
24/11/2017,1337.5,1337.5,1312.5,1318.75,2486400
27/11/2017,1318.75,1325,1312.5,1318.75,1723200
28/11/2017,1318.75,1343.75,1318.75,1337.5,552800
29/11/2017,1350,1362.5,1343.75,1350,716000
30/11/2017,1350,1368.75,1337.5,1337.5,468000
01/12/2017,1337.5,1337.5,1337.5,1337.5,0
04/12/2017,1337.5,1350,1312.5,1337.5,4277600
05/12/2017,1343.75,1343.75,1312.5,1312.5,5435600
06/12/2017,1312.5,1312.5,1250,1250,5154400
07/12/2017,1250,1275,1225,1227.5,646000
08/12/2017,1230,1230,1200,1212.5,1666800
11/12/2017,1210,1230,1200,1217.5,3062400
12/12/2017,1210,1240,1210,1230,2807600
13/12/2017,1242.5,1245,1217.5,1227.5,578800
14/12/2017,1250,1250,1220,1220,703200
15/12/2017,1237.5,1250,1225,1237.5,673600
18/12/2017,1237.5,1250,1237.5,1247.5,221600
19/12/2017,1250,1250,1225,1230,422400
20/12/2017,1225,1227.5,1165,1212.5,15183600
21/12/2017,1200,1200,1187.5,1187.5,750800
22/12/2017,1187.5,1195,1175,1195,601600
25/12/2017,1195,1195,1195,1195,0
26/12/2017,1195,1195,1195,1195,0
27/12/2017,1195,1195,1187.5,1187.5,370400
28/12/2017,1200,1225,1187.5,1190,1163600
29/12/2017,1190,1200,1187.5,1200,404800
01/01/2018,1200,1200,1200,1200,0
02/01/2018,1202.5,1212.5,1187.5,1187.5,612000
03/01/2018,1202.5,1202.5,1185,1187.5,1171200
04/01/2018,1190,1205,1175,1200,3238800
05/01/2018,1200,1220,1192.5,1212.5,1845200
08/01/2018,1212.5,1312.5,1212.5,1293.75,8157600
09/01/2018,1293.75,1368.75,1275,1368.75,6164800
10/01/2018,1387.5,1406.25,1362.5,1368.75,9049200
11/01/2018,1368.75,1525,1362.5,1525,16472800
12/01/2018,1575,1650,1462.5,1500,31036800
15/01/2018,1500,1500,1431.25,1443.75,2664400
16/01/2018,1443.75,1443.75,1362.5,1400,14642800
17/01/2018,1400,1400,1337.5,1350,9882000
18/01/2018,1362.5,1431.25,1362.5,1368.75,12630800
19/01/2018,1387.5,1393.75,1375,1381.25,1928000
22/01/2018,1393.75,1400,1375,1381.25,2053200
23/01/2018,1393.75,1412.5,1356.25,1400,2381200
24/01/2018,1400,1481.25,1381.25,1450,5508800
25/01/2018,1468.75,1487.5,1412.5,1418.75,1917600
26/01/2018,1431.25,1450,1418.75,1437.5,2137200
29/01/2018,1450,1487.5,1425,1443.75,2495200
30/01/2018,1443.75,1450,1381.25,1400,2809600
31/01/2018,1400,1425,1362.5,1381.25,5267200
01/02/2018,1381.25,1412.5,1381.25,1393.75,3395200
02/02/2018,1393.75,1450,1381.25,1412.5,797200
05/02/2018,1412.5,1412.5,1368.75,1368.75,4984000
06/02/2018,1368.75,1368.75,1331.25,1356.25,2318800
07/02/2018,1356.25,1375,1350,1362.5,1327600
08/02/2018,1387.5,1387.5,1350,1350,570400
09/02/2018,1350,1368.75,1343.75,1356.25,568400
12/02/2018,1356.25,1362.5,1343.75,1350,2416800
13/02/2018,1356.25,1362.5,1350,1356.25,414400
14/02/2018,1375,1412.5,1362.5,1406.25,1941200
15/02/2018,1412.5,1437.5,1412.5,1412.5,1930000
16/02/2018,1412.5,1412.5,1412.5,1412.5,0
19/02/2018,1412.5,1418.75,1375,1412.5,523600
20/02/2018,1412.5,1412.5,1375,1381.25,452800
21/02/2018,1381.25,1393.75,1375,1387.5,843200
22/02/2018,1387.5,1400,1375,1387.5,577600
23/02/2018,1387.5,1406.25,1387.5,1406.25,1326000
26/02/2018,1412.5,1418.75,1400,1412.5,967200
27/02/2018,1412.5,1418.75,1387.5,1393.75,662400
28/02/2018,1393.75,1418.75,1387.5,1400,1354000
01/03/2018,1400,1400,1356.25,1362.5,3870000
02/03/2018,1362.5,1362.5,1350,1356.25,324400
05/03/2018,1356.25,1381.25,1356.25,1375,901600
06/03/2018,1381.25,1400,1368.75,1387.5,1371600
07/03/2018,1387.5,1400,1325,1400,849600
08/03/2018,1400,1400,1362.5,1387.5,1560000
09/03/2018,1387.5,1387.5,1350,1362.5,1808800
12/03/2018,1362.5,1418.75,1362.5,1412.5,1326400
13/03/2018,1412.5,1450,1387.5,1400,2922000
14/03/2018,1412.5,1418.75,1381.25,1393.75,123200
15/03/2018,1375,1375,1300,1325,1851200
16/03/2018,1337.5,1337.5,1300,1300,656400
19/03/2018,1306.25,1306.25,1275,1275,79200
20/03/2018,1275,1293.75,1225,1235,826800
21/03/2018,1247.5,1250,1232.5,1237.5,732000
22/03/2018,1247.5,1250,1237.5,1237.5,336800
23/03/2018,1227.5,1247.5,1225,1247.5,211600
26/03/2018,1247.5,1247.5,1220,1237.5,1715600
27/03/2018,1247.5,1250,1227.5,1235,511600
28/03/2018,1230,1230,1202.5,1212.5,744000
29/03/2018,1212.5,1217.5,1185,1187.5,323200
30/03/2018,1187.5,1187.5,1187.5,1187.5,0
02/04/2018,1197.5,1205,1187.5,1190,374800
03/04/2018,1190,1287.5,1190,1220,1145600
04/04/2018,1247.5,1247.5,1210,1217.5,1892400
05/04/2018,1225,1225,1180,1185,694400
06/04/2018,1195,1205,1185,1200,3528000
09/04/2018,1200,1212.5,1200,1205,170000
10/04/2018,1210,1212.5,1192.5,1200,1074000
11/04/2018,1200,1215,1197.5,1197.5,3145600
12/04/2018,1200,1212.5,1192.5,1195,442000
13/04/2018,1205,1205,1185,1185,3848400
16/04/2018,1185,1185,1185,1185,0
17/04/2018,1185,1185,1185,1185,0
18/04/2018,1182.5,1190,1157.5,1160,5427200
19/04/2018,1160,1160,1160,1160,0
20/04/2018,1160,1160,1160,1160,0
23/04/2018,1162.5,1162.5,1150,1155,3200000
24/04/2018,1157.5,1157.5,1145,1150,2600400
25/04/2018,1150,1150,1150,1150,0
26/04/2018,1150,1150,1150,1150,0
27/04/2018,1150,1150,1150,1150,0
30/04/2018,975,980,932.5,945,7633200
01/05/2018,945,945,945,945,0
02/05/2018,945,950,935,947.5,10652800
03/05/2018,947.5,950,927.5,935,4818000
04/05/2018,930,935,925,925,540000
07/05/2018,937.5,937.5,905,905,1177200
08/05/2018,912.5,912.5,847.5,860,1995600
09/05/2018,860,895,852.5,857.5,1738800
10/05/2018,857.5,857.5,857.5,857.5,0
11/05/2018,857.5,887.5,850,865,1222400
14/05/2018,865,865,807.5,832.5,2929200
15/05/2018,812.5,835,812.5,820,5717200
16/05/2018,820,830,817.5,820,5355200
17/05/2018,820,862.5,817.5,820,11794800
18/05/2018,817.5,820,805,805,3278400
21/05/2018,805,815,795,797.5,3850000
22/05/2018,800,810,790,790,1850400
23/05/2018,790,802.5,790,795,1548800
24/05/2018,795,830,780,785,8969600
25/05/2018,787.5,827.5,787.5,810,11434800
28/05/2018,820,865,817.5,827.5,29958000
29/05/2018,827.5,827.5,827.5,827.5,0
30/05/2018,827.5,840,820,835,18213200
31/05/2018,840,855,812.5,825,20588400
01/06/2018,825,825,825,825,0
04/06/2018,825,842.5,820,835,9891600
05/06/2018,835,890,835,860,18685600
06/06/2018,860,870,845,845,9908000
07/06/2018,855,855,827.5,830,7280800
08/06/2018,830,837.5,812.5,820,12712400
11/06/2018,820,820,820,820,0
12/06/2018,820,820,820,820,0
13/06/2018,820,820,820,820,0
14/06/2018,820,820,820,820,0
15/06/2018,820,820,820,820,0
18/06/2018,820,820,820,820,0
19/06/2018,820,820,820,820,0
20/06/2018,822.5,830,790,820,6068000
21/06/2018,822.5,855,820,835,8107200
22/06/2018,837.5,842.5,822.5,825,2351200
25/06/2018,825,825,795,802.5,5712400
26/06/2018,802.5,807.5,785,790,1720000
27/06/2018,790,802.5,790,797.5,2185200
28/06/2018,795,800,782.5,787.5,4053600
29/06/2018,790,805,787.5,795,4242800
02/07/2018,797.5,817.5,785,792.5,1714000
03/07/2018,792.5,797.5,787.5,787.5,1816000
04/07/2018,787.5,802.5,787.5,802.5,1763600
05/07/2018,805,815,795,812.5,1686800
06/07/2018,812.5,825,810,820,2030800
09/07/2018,830,842.5,820,827.5,2320800
10/07/2018,830,840,827.5,837.5,3554800
11/07/2018,837.5,840,810,835,5427600
12/07/2018,835,920,835,900,12158800
13/07/2018,907.5,945,907.5,922.5,11017200
16/07/2018,922.5,925,905,912.5,3816000
17/07/2018,925,970,915,970,8794000
18/07/2018,970,1052.5,965,1045,13331200
19/07/2018,1045,1092.5,1002.5,1027.5,12278400
20/07/2018,1025,1052.5,980,1045,6204000
23/07/2018,1057.5,1075,1032.5,1045,4423600
24/07/2018,1065,1065,1025,1025,5410000
25/07/2018,1027.5,1027.5,987.5,992.5,4011200
26/07/2018,992.5,1007.5,992.5,997.5,1831200
27/07/2018,997.5,1000,982.5,992.5,1920000
30/07/2018,995,995,947.5,947.5,2994000
31/07/2018,947.5,947.5,877.5,877.5,9028800
01/08/2018,877.5,877.5,835,862.5,3042400
02/08/2018,865,872.5,845,845,1983200
03/08/2018,847.5,847.5,835,837.5,1481200
06/08/2018,845,900,837.5,872.5,4935200
07/08/2018,875,890,845,870,2978400
08/08/2018,875,885,870,870,1731600
09/08/2018,875,882.5,860,860,1091200
10/08/2018,867.5,875,862.5,862.5,1406800
13/08/2018,860,862.5,820,820,1465200
14/08/2018,820,857.5,800,835,1084800
15/08/2018,842.5,842.5,815,820,538800
16/08/2018,820,820,805,805,876800
17/08/2018,805,805,805,805,0
20/08/2018,807.5,825,787.5,815,660800
21/08/2018,817.5,825,805,807.5,1172000
22/08/2018,807.5,807.5,807.5,807.5,0
23/08/2018,820,822.5,805,807.5,2113200
24/08/2018,807.5,815,805,805,549600
27/08/2018,805,825,805,815,821600
28/08/2018,817.5,830,815,820,977600
29/08/2018,820,850,820,825,3049200
30/08/2018,825,840,815,817.5,1540400
31/08/2018,812.5,825,807.5,810,1048000
03/09/2018,810,817.5,810,810,217200
04/09/2018,812.5,822.5,800,805,630000
05/09/2018,800,800,757.5,775,3900000
06/09/2018,770,775,755,755,1137600
07/09/2018,757.5,770,742.5,745,2627200
10/09/2018,745,750,737.5,742.5,711200
11/09/2018,742.5,742.5,742.5,742.5,0
12/09/2018,742.5,752.5,735,735,1540400
13/09/2018,735,765,735,757.5,1094000
14/09/2018,757.5,775,750,755,812800
17/09/2018,755,755,740,742.5,574400
18/09/2018,742.5,750,740,740,374400
19/09/2018,740,750,740,742.5,251600
20/09/2018,742.5,750,737.5,745,961200
21/09/2018,747.5,750,747.5,750,476400
24/09/2018,750,750,745,745,330400
25/09/2018,745,747.5,732.5,737.5,3059600
26/09/2018,737.5,752.5,732.5,745,3326400
27/09/2018,745,757.5,742.5,750,1760000
28/09/2018,755,762.5,742.5,762.5,950000
01/10/2018,762.5,762.5,740,742.5,2811200
02/10/2018,742.5,742.5,715,720,5033200
03/10/2018,720,720,697.5,700,4992000
04/10/2018,700,700,682.5,687.5,1174400
05/10/2018,687.5,715,672.5,690,1844800
08/10/2018,690,712.5,682.5,695,600800
09/10/2018,695,700,687.5,687.5,390000
10/10/2018,687.5,692.5,682.5,690,649200
11/10/2018,685,690,675,685,426800
12/10/2018,697.5,700,677.5,687.5,566000
15/10/2018,687.5,697.5,672.5,675,594400
16/10/2018,675,682.5,655,655,2398400
17/10/2018,655,667.5,650,650,1557600
18/10/2018,650,670,650,662.5,1474400
19/10/2018,662.5,680,662.5,670,1039600
22/10/2018,687.5,810,672.5,710,57880000
23/10/2018,700,720,665,665,14744800
24/10/2018,665,670,652.5,655,4242400
25/10/2018,650,650,622.5,627.5,8354400
26/10/2018,642.5,642.5,617.5,617.5,3772000
29/10/2018,617.5,642.5,612.5,612.5,5515200
30/10/2018,612.5,617.5,605,610,4309600
31/10/2018,610,612.5,600,602.5,3087200
01/11/2018,602.5,607.5,600,607.5,2546000
02/11/2018,612.5,612.5,580,587.5,6076400
05/11/2018,587.5,605,587.5,587.5,967200
06/11/2018,592.5,600,587.5,587.5,3019200
07/11/2018,595,595,580,580,2021200
08/11/2018,587.5,590,572.5,572.5,9221600
09/11/2018,572.5,580,557.5,562.5,3816000
12/11/2018,562.5,562.5,537.5,537.5,3245200
13/11/2018,537.5,550,525,540,1104000
14/11/2018,545,545,530,530,726800
15/11/2018,530,535,525,525,4371200
16/11/2018,527.5,572.5,527.5,545,2722400
19/11/2018,545,555,535,540,962000
20/11/2018,540,540,540,540,0
21/11/2018,540,542.5,532.5,532.5,578800
22/11/2018,532.5,540,525,530,3012400
23/11/2018,532.5,537.5,525,527.5,1792800
26/11/2018,527.5,535,502.5,507.5,3065600
27/11/2018,507.5,535,507.5,512.5,3988400
28/11/2018,517.5,527.5,515,520,628400
29/11/2018,520,540,497.5,507.5,3660000
30/11/2018,512.5,515,496.25,496.25,6018000
03/12/2018,500,520,500,520,4068400
04/12/2018,525,530,505,507.5,2892000
05/12/2018,507.5,507.5,496.25,497.5,7120800
06/12/2018,500,505,490,491.25,3499600
07/12/2018,492.5,495,480,486.25,9523600
10/12/2018,487.5,492.5,471.25,471.25,6837600
11/12/2018,473.75,473.75,458.75,462.5,4784400
12/12/2018,462.5,468.75,448.75,452.5,8490400
13/12/2018,455,456.25,443.75,447.5,9596000
14/12/2018,450,463.75,447.5,455,4730800
17/12/2018,457.5,460,443.75,446.25,6462000
18/12/2018,445,458.75,436.25,438.75,4670000
19/12/2018,441.25,442.5,433.75,433.75,6376400
20/12/2018,435,440,433.75,436.25,3788000
21/12/2018,436.25,436.25,428.75,432.5,7772400
24/12/2018,432.5,432.5,432.5,432.5,0
25/12/2018,432.5,432.5,432.5,432.5,0
26/12/2018,431.25,431.25,418.75,425,3847200
27/12/2018,427.5,428.75,421.25,422.5,1653600
28/12/2018,425,425,421.25,421.25,3665600
31/12/2018,421.25,421.25,421.25,421.25,0
01/01/2019,421.25,421.25,421.25,421.25,0
02/01/2019,421.25,422.5,411.25,411.25,3734800
03/01/2019,411.25,420,411.25,412.5,6680800
04/01/2019,413.75,446.25,413.75,431.25,11822400
07/01/2019,436.25,451.25,435,441.25,22875200
08/01/2019,443.75,457.5,443.75,451.25,34400400
09/01/2019,460,562.5,458.75,562.5,315234400
10/01/2019,525,525,472.5,486.25,140989200
11/01/2019,487.5,502.5,486.25,493.75,25240800
14/01/2019,493.75,530,490,525,58466000
15/01/2019,535,540,512.5,532.5,40871600
16/01/2019,532.5,552.5,525,525,48536800
17/01/2019,525,535,502.5,510,11574800
18/01/2019,515,530,512.5,530,13776400
21/01/2019,535,540,517.5,522.5,9586000
22/01/2019,525,647.5,515,595,182573200
23/01/2019,597.5,742.5,587.5,740,237891200
24/01/2019,742.5,797.5,712.5,720,194335600
25/01/2019,725,725,675,675,48158000
28/01/2019,677.5,755,657.5,687.5,121112400
29/01/2019,695,702.5,657.5,672.5,28350800
30/01/2019,675,695,657.5,672.5,62772400
31/01/2019,680,697.5,675,685,51359600
01/02/2019,687.5,735,680,730,192221200
04/02/2019,737.5,790,720,775,243988000
05/02/2019,775,775,775,775,0
06/02/2019,775,837.5,775,825,163435200
07/02/2019,825,897.5,825,872.5,156490800
08/02/2019,882.5,890,847.5,865,59133200
11/02/2019,862.5,920,855,880,97184000
12/02/2019,877.5,892.5,785,815,105966000
13/02/2019,820,850,787.5,800,59488000
14/02/2019,812.5,940,800,937.5,194750400
15/02/2019,937.5,947.5,875,925,101940800
18/02/2019,932.5,947.5,905,925,54735200
19/02/2019,925,925,877.5,900,71608800
20/02/2019,902.5,935,887.5,900,40741600
21/02/2019,905,930,887.5,902.5,30652800
22/02/2019,905,912.5,842.5,857.5,39794000
25/02/2019,862.5,877.5,830,850,39367200
26/02/2019,852.5,862.5,775,787.5,43724400
27/02/2019,792.5,832.5,772.5,812.5,31918400
28/02/2019,817.5,830,777.5,825,23660000
01/03/2019,827.5,855,815,830,33321600
04/03/2019,830,837.5,792.5,795,15694800
05/03/2019,795,812.5,780,795,25877600
06/03/2019,795,795,752.5,762.5,23216000
07/03/2019,762.5,762.5,762.5,762.5,0
08/03/2019,760,767.5,697.5,707.5,30936400
11/03/2019,707.5,710,680,692.5,19652400
12/03/2019,682.5,692.5,662.5,667.5,10856800
13/03/2019,672.5,715,670,697.5,31119600
14/03/2019,705,710,667.5,677.5,16496000
15/03/2019,680,695,677.5,685,9299200
18/03/2019,682.5,730,682.5,727.5,30784800
19/03/2019,760,775,737.5,752.5,35631200
20/03/2019,745,760,722.5,730,11427200
21/03/2019,725,745,717.5,717.5,12929600
22/03/2019,725,727.5,702.5,707.5,6757600
25/03/2019,705,705,655,657.5,14050800
26/03/2019,675,685,637.5,640,17275200
27/03/2019,650,657.5,627.5,637.5,11572000
28/03/2019,645,662.5,637.5,645,4745200
29/03/2019,640,650,625,627.5,3927600
01/04/2019,625,630,592.5,597.5,10434400
02/04/2019,597.5,617.5,575,582.5,13060000
03/04/2019,582.5,582.5,582.5,582.5,0
04/04/2019,582.5,620,582.5,602.5,7402400
05/04/2019,612.5,657.5,612.5,655,21362800
08/04/2019,655,662.5,632.5,637.5,10525600
09/04/2019,652.5,655,632.5,642.5,12154800
10/04/2019,650,650,637.5,645,4402400
11/04/2019,647.5,662.5,637.5,647.5,5756400
12/04/2019,640,692.5,637.5,687.5,38916000
15/04/2019,687.5,697.5,655,677.5,19586800
16/04/2019,677.5,715,675,677.5,34526800
17/04/2019,677.5,677.5,677.5,677.5,0
18/04/2019,677.5,690,662.5,685,14568000
19/04/2019,685,685,685,685,0
22/04/2019,685,695,667.5,675,10287600
23/04/2019,672.5,680,652.5,655,23773200
24/04/2019,655,665,625,630,16420400
25/04/2019,630,637.5,612.5,620,8734800
26/04/2019,620,647.5,615,627.5,17902800
29/04/2019,630,667.5,627.5,655,25136800
30/04/2019,660,665,637.5,652.5,32622400
01/05/2019,652.5,652.5,652.5,652.5,0
02/05/2019,652.5,660,625,627.5,7704000
03/05/2019,627.5,630,600,612.5,10581200
06/05/2019,612.5,612.5,565,567.5,23054400
07/05/2019,570,577.5,550,555,23341200
08/05/2019,555,555,525,537.5,10699600
09/05/2019,540,552.5,496.25,496.25,32837600
10/05/2019,496.25,517.5,477.5,512.5,34046800
13/05/2019,520,522.5,491.25,491.25,13947200
14/05/2019,487.5,491.25,473.75,478.75,23440000
15/05/2019,480,481.25,451.25,452.5,13290800
16/05/2019,452.5,461.25,425,427.5,20711200
17/05/2019,427.5,447.5,425,428.75,14785600
20/05/2019,428.75,447.5,420,441.25,22608800
21/05/2019,441.25,470,441.25,450,13437600
22/05/2019,450,453.75,440,450,6561200
23/05/2019,450,482.5,450,481.25,24756800
24/05/2019,481.25,505,472.5,473.75,20944400
27/05/2019,475,505,473.75,500,44016000
28/05/2019,500,512.5,492.5,493.75,31276800
29/05/2019,493.75,505,493.75,498.75,10963600
30/05/2019,498.75,498.75,498.75,498.75,0
31/05/2019,498.75,525,498.75,512.5,46049200
03/06/2019,512.5,512.5,512.5,512.5,0
04/06/2019,512.5,512.5,512.5,512.5,0
05/06/2019,512.5,512.5,512.5,512.5,0
06/06/2019,512.5,512.5,512.5,512.5,0
07/06/2019,512.5,512.5,512.5,512.5,0
10/06/2019,520,542.5,515,525,26142800
11/06/2019,527.5,535,520,525,16320400
12/06/2019,525,532.5,505,507.5,16981600
13/06/2019,507.5,512.5,486.25,486.25,25853600
14/06/2019,487.5,493.75,485,488.75,8904400
17/06/2019,492.5,505,491.25,497.5,9982800
18/06/2019,498.75,502.5,492.5,493.75,4896800
19/06/2019,495,500,495,500,4829600
20/06/2019,502.5,555,498.75,550,68264800
21/06/2019,562.5,610,557.5,592.5,109275600
24/06/2019,600,605,575,592.5,46860800
25/06/2019,602.5,602.5,585,587.5,18498000
26/06/2019,592.5,680,575,677.5,113773600
27/06/2019,677.5,687.5,645,645,59243200
28/06/2019,645,672.5,632.5,657.5,43306400
01/07/2019,662.5,705,645,702.5,104323600
02/07/2019,707.5,727.5,680,682.5,76166400
03/07/2019,682.5,692.5,637.5,645,42188000
04/07/2019,645,682.5,645,665,48894800
05/07/2019,667.5,685,655,677.5,33281200
08/07/2019,675,680,655,657.5,15833600
09/07/2019,657.5,680,655,657.5,17797200
10/07/2019,660,710,660,707.5,97229200
11/07/2019,710,742.5,682.5,692.5,116217600
12/07/2019,692.5,702.5,670,675,34597200
15/07/2019,675,695,667.5,690,23158800
16/07/2019,690,722.5,690,722.5,78148000
17/07/2019,725,730,702.5,705,39254800
18/07/2019,705,715,687.5,690,21331200
19/07/2019,690,702.5,687.5,690,17502800
22/07/2019,687.5,715,677.5,697.5,27973600
23/07/2019,700,710,680,685,22016800
24/07/2019,692.5,705,682.5,682.5,24016000
25/07/2019,692.5,767.5,692.5,760,217885200
26/07/2019,760,802.5,755,785,157912000
29/07/2019,787.5,847.5,765,840,111305200
30/07/2019,840,862.5,832.5,842.5,70978400
31/07/2019,842.5,862.5,825,852.5,78262800
01/08/2019,852.5,855,840,845,27110400
02/08/2019,845,845,787.5,815,57909200
05/08/2019,807.5,835,795,797.5,30250800
06/08/2019,780,810,755,780,60526000
07/08/2019,785,850,782.5,840,64174000
08/08/2019,837.5,860,832.5,832.5,50382000
09/08/2019,825,847.5,825,837.5,18464800
12/08/2019,840,900,830,900,68309200
13/08/2019,902.5,932.5,887.5,920,86986000
14/08/2019,925,942.5,912.5,935,49245200
15/08/2019,930,932.5,890,907.5,23327200
16/08/2019,907.5,935,907.5,912.5,17124000
19/08/2019,920,987.5,920,957.5,67290800
20/08/2019,962.5,970,900,900,48485600
21/08/2019,900,945,900,915,37602800
22/08/2019,920,932.5,867.5,882.5,31595600
23/08/2019,887.5,895,800,817.5,40334400
26/08/2019,817.5,867.5,765,852.5,43712000
27/08/2019,862.5,890,857.5,872.5,26094800
28/08/2019,872.5,912.5,872.5,910,26582800
29/08/2019,915,945,912.5,922.5,35219200
30/08/2019,922.5,935,912.5,912.5,10092000
02/09/2019,910,935,892.5,930,22344800
03/09/2019,932.5,947.5,857.5,872.5,24970400
04/09/2019,867.5,905,837.5,850,16504400
05/09/2019,855,872.5,847.5,860,21449600
06/09/2019,867.5,910,862.5,885,24133600
09/09/2019,885,902.5,862.5,870,9434000
10/09/2019,875,890,872.5,875,7660800
11/09/2019,875,885,862.5,867.5,6157200
12/09/2019,862.5,875,840,842.5,8504800
13/09/2019,842.5,852.5,827.5,832.5,10513600
16/09/2019,832.5,832.5,787.5,792.5,14265200
17/09/2019,792.5,830,780,820,19041200
18/09/2019,825,842.5,815,815,14787200
19/09/2019,832.5,832.5,800,802.5,10609200
20/09/2019,805,812.5,790,802.5,5644800
23/09/2019,812.5,812.5,762.5,772.5,11672000
24/09/2019,772.5,772.5,742.5,752.5,8208400
25/09/2019,755,755,722.5,722.5,12619200
26/09/2019,730,767.5,722.5,760,32742800
27/09/2019,767.5,767.5,732.5,745,16132000
30/09/2019,745,745,712.5,712.5,13426000
01/10/2019,717.5,730,705,707.5,8286000
02/10/2019,700,712.5,662.5,667.5,14116400
03/10/2019,667.5,687.5,652.5,675,13259600
04/10/2019,680,712.5,672.5,702.5,35746400
07/10/2019,707.5,747.5,680,682.5,46077200
08/10/2019,682.5,702.5,657.5,680,20832000
09/10/2019,675,692.5,672.5,677.5,11556000
10/10/2019,675,690,665,667.5,20026400
11/10/2019,675,680,662.5,670,11784800
14/10/2019,675,760,675,760,89920000
15/10/2019,775,860,762.5,815,170909200
16/10/2019,815,865,815,827.5,56430400
17/10/2019,830,837.5,785,795,26166400
18/10/2019,795,800,762.5,775,29920000
21/10/2019,780,792.5,762.5,772.5,13216800
22/10/2019,775,847.5,775,847.5,110587600
23/10/2019,850,862.5,817.5,825,54144000
24/10/2019,842.5,847.5,820,830,36844800
25/10/2019,832.5,842.5,775,787.5,29075200
28/10/2019,792.5,817.5,787.5,787.5,22424400
29/10/2019,790,797.5,780,785,11772000
30/10/2019,795,832.5,792.5,807.5,46652400
31/10/2019,807.5,832.5,797.5,830,30243600
01/11/2019,830,835,790,800,18086400
04/11/2019,795,815,790,797.5,17471200
05/11/2019,800,820,790,812.5,26343600
06/11/2019,825,852.5,807.5,850,97920000
07/11/2019,852.5,870,825,835,80375200
08/11/2019,855,887.5,840,875,84549200
11/11/2019,875,875,842.5,852.5,41250800
12/11/2019,850,870,850,857.5,19547600
13/11/2019,857.5,865,812.5,827.5,34779600
14/11/2019,827.5,845,812.5,827.5,19210800
15/11/2019,830,842.5,775,780,27984800
18/11/2019,780,802.5,765,785,21834400
19/11/2019,780,807.5,762.5,795,17196400
20/11/2019,800,817.5,787.5,787.5,19009200
21/11/2019,790,795,750,762.5,34081200
22/11/2019,765,775,752.5,762.5,15275200
25/11/2019,765,787.5,762.5,780,20050400
26/11/2019,785,787.5,767.5,775,84138800
27/11/2019,775,775,755,757.5,10262000
28/11/2019,760,765,710,717.5,19926800
29/11/2019,720,732.5,680,715,17566000
02/12/2019,720,757.5,720,752.5,13027600
03/12/2019,755,772.5,740,750,12728000
04/12/2019,747.5,755,730,742.5,4722800
05/12/2019,750,782.5,745,782.5,29622800
06/12/2019,785,792.5,760,772.5,25722400
09/12/2019,775,782.5,765,770,12469200
10/12/2019,777.5,787.5,757.5,760,13208400
11/12/2019,762.5,772.5,752.5,755,10205600
12/12/2019,760,765,755,757.5,9296400
13/12/2019,765,792.5,760,780,30926000
16/12/2019,782.5,800,775,777.5,16456400
17/12/2019,780,785,765,772.5,9735600
18/12/2019,772.5,772.5,745,750,26388000
19/12/2019,752.5,760,730,740,14057600
20/12/2019,740,747.5,720,727.5,18330800
23/12/2019,730,740,727.5,727.5,11449200
26/12/2019,730,737.5,720,735,6582400
27/12/2019,737.5,740,727.5,735,7008000
30/12/2019,740,740,727.5,727.5,5498800
02/01/2020,727.5,732.5,715,717.5,4570800
03/01/2020,717.5,730,717.5,722.5,4690400
06/01/2020,725,727.5,712.5,712.5,11581200
07/01/2020,715,735,715,725,14173200
08/01/2020,707.5,720,707.5,712.5,7294000
09/01/2020,712.5,720,707.5,717.5,5291600
10/01/2020,720,735,720,722.5,13458000
13/01/2020,722.5,735,722.5,732.5,7241600
14/01/2020,735,740,720,720,7123600
15/01/2020,720,727.5,695,697.5,15216800
16/01/2020,697.5,697.5,680,682.5,18617600
17/01/2020,685,697.5,677.5,677.5,12116000
20/01/2020,682.5,682.5,657.5,662.5,11699600
21/01/2020,662.5,667.5,637.5,637.5,19648800
22/01/2020,632.5,647.5,592.5,592.5,30286800
23/01/2020,592.5,610,567.5,597.5,28215600
24/01/2020,602.5,605,582.5,585,10386800
27/01/2020,580,587.5,557.5,557.5,13656400
28/01/2020,555,577.5,537.5,567.5,22393600
29/01/2020,575,595,565,582.5,22836800
30/01/2020,585,590,562.5,572.5,11547200
31/01/2020,575,575,550,572.5,15031600
03/02/2020,570,570,542.5,542.5,9670800
04/02/2020,550,562.5,530,547.5,22465600
05/02/2020,552.5,615,550,600,85776000
06/02/2020,610,612.5,580,592.5,55669200
07/02/2020,592.5,607.5,585,592.5,20790000
10/02/2020,590,597.5,560,565,20669200
11/02/2020,562.5,577.5,545,547.5,32430400
12/02/2020,552.5,562.5,540,542.5,17296000
13/02/2020,542.5,550,488.75,495,65044000
14/02/2020,496.25,532.5,495,525,59152000
17/02/2020,510,520,496.25,512.5,32146400
18/02/2020,512.5,542.5,510,542.5,39390800
19/02/2020,545,580,542.5,575,33931600
20/02/2020,575,587.5,560,575,17170800
21/02/2020,575,575,547.5,550,16048400
24/02/2020,550,570,540,542.5,14017600
25/02/2020,540,560,525,557.5,14132800
26/02/2020,555,555,535,537.5,13998400
27/02/2020,535,545,500,512.5,15008400
28/02/2020,498.75,510,468.75,510,38274400
02/03/2020,510,532.5,502.5,522.5,19183200
03/03/2020,525,545,525,540,14356000
04/03/2020,537.5,570,530,565,22978400
05/03/2020,565,580,552.5,560,12779600
06/03/2020,552.5,557.5,535,540,12107200
09/03/2020,525,535,497.5,500,11371200
10/03/2020,500,525,500,515,12033200
11/03/2020,520,532.5,465,473.75,14200400
12/03/2020,473.75,473.75,427.5,428.75,20356400
13/03/2020,428.75,428.75,428.75,428.75,0
16/03/2020,421.25,421.25,395,395,8732400
17/03/2020,392.5,395,367.5,367.5,4370000
18/03/2020,370,375,342.5,342.5,21485600
19/03/2020,342.5,342.5,318.75,318.75,872800
20/03/2020,315,343.75,297.5,343.75,31629600
23/03/2020,332.5,332.5,320,320,2360400
24/03/2020,317.5,336.25,298.75,300,18300000
26/03/2020,305,362.5,305,335,43712800
27/03/2020,350,392.5,336.25,350,54404000
30/03/2020,342.5,356.25,326.25,356.25,9901200
31/03/2020,362.5,400,362.5,388.75,19920400
01/04/2020,390,410,378.75,387.5,18396400
02/04/2020,386.25,437.5,372.5,433.75,24516400
03/04/2020,442.5,502.5,437.5,486.25,36224800
06/04/2020,496.25,545,496.25,545,25646400
07/04/2020,555,592.5,507.5,515,52398400
08/04/2020,510,515,480,480,27157600
09/04/2020,487.5,507.5,475,488.75,20629200
13/04/2020,498.75,507.5,465,497.5,12854400
14/04/2020,500,520,492.5,517.5,28883200
15/04/2020,522.5,532.5,492.5,496.25,27046800
16/04/2020,496.25,496.25,462.5,470,25143600
17/04/2020,470,512.5,470,510,28916800
20/04/2020,515,520,488.75,491.25,26396000
21/04/2020,491.25,493.75,475,476.25,11201200
22/04/2020,475,545,470,527.5,62980000
23/04/2020,537.5,540,507.5,507.5,40736800
24/04/2020,505,537.5,497.5,500,31034000
27/04/2020,510,525,507.5,517.5,12325600
28/04/2020,520,525,507.5,510,20900800
29/04/2020,512.5,570,512.5,562.5,84678400
30/04/2020,560,580,537.5,537.5,80087200
04/05/2020,537.5,545,522.5,537.5,21281200
05/05/2020,540,552.5,530,537.5,24980000
06/05/2020,542.5,545,522.5,525,15504800
08/05/2020,530,535,510,512.5,31432400
11/05/2020,517.5,537.5,515,527.5,50268000
12/05/2020,527.5,532.5,497.5,500,43333600
13/05/2020,502.5,510,487.5,498.75,22062400
14/05/2020,498.75,507.5,481.25,487.5,16596800
15/05/2020,495,505,486.25,505,21990400
18/05/2020,510,520,502.5,507.5,37329600
19/05/2020,515,522.5,500,500,21291600
20/05/2020,500,507.5,493.75,493.75,8192000
26/05/2020,497.5,530,495,527.5,34869600
27/05/2020,532.5,537.5,525,527.5,24276400
28/05/2020,527.5,532.5,507.5,512.5,26077200
29/05/2020,525,527.5,502.5,505,18682800
02/06/2020,505,522.5,505,517.5,24634000
03/06/2020,525,535,515,515,36480000
04/06/2020,520,530,510,522.5,30851200
05/06/2020,515,565,515,560,86015200
08/06/2020,575,575,552.5,552.5,67458800
09/06/2020,557.5,565,535,535,28308400
10/06/2020,535,572.5,532.5,557.5,94009600
11/06/2020,560,577.5,545,557.5,126876800
12/06/2020,545,565,520,565,54378400
15/06/2020,570,612.5,562.5,562.5,187797600
16/06/2020,587.5,597.5,575,595,93257600
17/06/2020,597.5,605,582.5,587.5,51125200
18/06/2020,575,632.5,572.5,625,95150000
19/06/2020,625,637.5,617.5,632.5,40969600
22/06/2020,632.5,637.5,607.5,625,28054800
23/06/2020,612.5,627.5,597.5,600,23818000
24/06/2020,600,610,585,595,16941600
25/06/2020,595,595,580,580,12524800
26/06/2020,587.5,612.5,580,610,23625600
29/06/2020,607.5,607.5,590,595,13861200
30/06/2020,590,607.5,585,587.5,16698400
01/07/2020,587.5,595,580,580,8444000
02/07/2020,580,595,575,580,11791600
03/07/2020,587.5,620,582.5,600,34390000
06/07/2020,600,635,600,625,49955200
07/07/2020,632.5,657.5,617.5,640,46987600
08/07/2020,642.5,650,635,642.5,25999600
09/07/2020,647.5,660,637.5,642.5,23568800
10/07/2020,637.5,647.5,632.5,640,10520400
13/07/2020,642.5,657.5,640,642.5,13088800
14/07/2020,642.5,660,637.5,637.5,16089200
15/07/2020,645,650,637.5,637.5,8712000
16/07/2020,647.5,647.5,625,630,11328000
17/07/2020,632.5,640,632.5,640,7696000
20/07/2020,642.5,645,620,642.5,21999200
21/07/2020,637.5,650,637.5,640,16051600
22/07/2020,640,645,632.5,637.5,10766000
23/07/2020,642.5,642.5,635,635,5003200
24/07/2020,630,647.5,625,627.5,6541200
27/07/2020,630,647.5,627.5,640,10278400
28/07/2020,635,647.5,625,627.5,10282400
29/07/2020,627.5,635,585,585,59528400
30/07/2020,587.5,605,552.5,575,51673600
03/08/2020,580,582.5,535,542.5,35114800
04/08/2020,542.5,582.5,542.5,580,20395600
05/08/2020,585,592.5,567.5,590,18446800
06/08/2020,587.5,610,587.5,600,24256400
07/08/2020,600,607.5,582.5,597.5,15823200
10/08/2020,607.5,607.5,597.5,597.5,8181200
11/08/2020,600,607.5,595,602.5,10259600
12/08/2020,602.5,610,585,597.5,11905200
13/08/2020,597.5,632.5,597.5,627.5,51628800
14/08/2020,630,642.5,615,635,33627600
18/08/2020,632.5,642.5,622.5,622.5,27106800
19/08/2020,632.5,632.5,615,622.5,16138800
24/08/2020,625,627.5,607.5,615,9511600
25/08/2020,622.5,627.5,615,617.5,12180000
26/08/2020,617.5,635,610,625,34704800
27/08/2020,627.5,635,597.5,607.5,45152800
28/08/2020,607.5,610,590,595,15372800
31/08/2020,600,605,562.5,575,31216800
01/09/2020,575,587.5,572.5,575,10611200
02/09/2020,577.5,585,575,582.5,18062800
03/09/2020,587.5,605,585,590,27886000
04/09/2020,582.5,590,575,577.5,14806000
07/09/2020,580,580,565,572.5,8392800
08/09/2020,575,577.5,562.5,565,10466000
09/09/2020,562.5,572.5,550,555,10894000
10/09/2020,555,555,520,520,23569200
11/09/2020,520,570,487.5,562.5,15310000
14/09/2020,565,587.5,562.5,565,23150800
15/09/2020,565,572.5,540,542.5,11750400
16/09/2020,542.5,555,540,542.5,5376400
17/09/2020,542.5,550,527.5,532.5,6210000
18/09/2020,530,547.5,530,537.5,5842800
21/09/2020,540,542.5,505,507.5,12715200
22/09/2020,507.5,517.5,491.25,500,18439600
23/09/2020,500,512.5,486.25,488.75,19327600
24/09/2020,488.75,488.75,467.5,482.5,20623200
25/09/2020,487.5,495,478.75,486.25,14063600
28/09/2020,491.25,510,487.5,510,19821600
29/09/2020,515,517.5,497.5,505,18367200
30/09/2020,507.5,507.5,488.75,497.5,11054000
01/10/2020,497.5,535,497.5,517.5,27925600
02/10/2020,517.5,517.5,496.25,500,11906400
05/10/2020,507.5,510,500,505,4132000
06/10/2020,525,527.5,510,510,19792000
07/10/2020,510,532.5,505,520,28013600
08/10/2020,520,530,515,517.5,10830800
09/10/2020,517.5,525,515,517.5,5236400
12/10/2020,520,527.5,512.5,515,8632000
13/10/2020,515,525,507.5,515,22551600
14/10/2020,515,530,512.5,522.5,35826400
15/10/2020,517.5,525,507.5,510,16198400
16/10/2020,510,520,507.5,512.5,15550000
19/10/2020,517.5,520,510,517.5,14825600
20/10/2020,517.5,517.5,505,510,7084400
21/10/2020,512.5,520,507.5,512.5,7050000
22/10/2020,512.5,515,505,510,3435600
23/10/2020,510,517.5,507.5,512.5,3884800
26/10/2020,512.5,517.5,500,505,30186800
27/10/2020,505,510,500,502.5,7290400
02/11/2020,505,505,497.5,502.5,8413600
03/11/2020,510,512.5,500,502.5,4133600
04/11/2020,510,512.5,497.5,498.75,17324400
05/11/2020,505,532.5,500,530,56862000
06/11/2020,530,542.5,515,535,35192400
09/11/2020,537.5,537.5,522.5,527.5,21215200
10/11/2020,532.5,535,522.5,522.5,17552400
11/11/2020,532.5,557.5,522.5,545,45127600
12/11/2020,547.5,550,532.5,537.5,16966000
13/11/2020,542.5,555,537.5,550,19145600
16/11/2020,550,562.5,550,555,16994000
17/11/2020,562.5,565,555,557.5,19058000
18/11/2020,560,562.5,545,550,17907200
19/11/2020,550,552.5,545,547.5,17577200
20/11/2020,547.5,555,545,550,33076000
23/11/2020,552.5,572.5,547.5,570,43975600
24/11/2020,577.5,585,570,580,32901600
25/11/2020,582.5,595,570,575,31456400
26/11/2020,575,592.5,572.5,582.5,12985200
27/11/2020,587.5,592.5,582.5,587.5,15472400
30/11/2020,587.5,587.5,550,550,35765600
01/12/2020,550,567.5,542.5,557.5,18036800
02/12/2020,562.5,630,555,627.5,317728000
03/12/2020,632.5,637.5,612.5,620,103166000
04/12/2020,617.5,665,610,645,183299600
07/12/2020,650,682.5,640,665,117324400
08/12/2020,665,677.5,655,660,67664800
10/12/2020,660,670,625,640,73596400
11/12/2020,640,667.5,632.5,667.5,60890800
14/12/2020,672.5,832.5,670,832.5,427096400
15/12/2020,857.5,935,792.5,847.5,270410400
16/12/2020,867.5,1057.5,857.5,1057.5,177081200
17/12/2020,1067.5,1250,985,985,387940000
18/12/2020,982.5,1165,975,1140,280490800
21/12/2020,1155,1425,1147.5,1375,354654000
22/12/2020,1406.25,1500,1281.25,1312.5,221829600
23/12/2020,1312.5,1462.5,1240,1412.5,287237600
28/12/2020,1412.5,1412.5,1412.5,1412.5,0
29/12/2020,1450,1618.75,1318.75,1318.75,336027200
30/12/2020,1312.5,1343.75,1232.5,1262.5,135480800
04/01/2021,1275,1456.25,1268.75,1450,196813200
05/01/2021,1425,1487.5,1375,1393.75,104781200
06/01/2021,1406.25,1425,1318.75,1362.5,71719600
07/01/2021,1381.25,1475,1362.5,1475,147130400
08/01/2021,1475,1475,1475,1475,0
11/01/2021,1475,1475,1475,1475,0
12/01/2021,1475,1475,1475,1475,0
13/01/2021,1487.5,1612.5,1443.75,1593.75,131232000
14/01/2021,1600,1606.25,1512.5,1550,57722800
15/01/2021,1550,1593.75,1500,1537.5,34974800
18/01/2021,1537.5,1568.75,1431.25,1431.25,51951600
19/01/2021,1431.25,1512.5,1331.25,1418.75,62910400
20/01/2021,1387.5,1493.75,1375,1456.25,32068800
21/01/2021,1475,1481.25,1381.25,1406.25,18348800
22/01/2021,1406.25,1431.25,1325,1368.75,20952000
25/01/2021,1337.5,1400,1275,1343.75,23449600
26/01/2021,1343.75,1425,1281.25,1356.25,34523200
27/01/2021,1375,1450,1318.75,1375,57200400
28/01/2021,1375,1387.5,1281.25,1293.75,41552400
29/01/2021,1293.75,1325,1205,1256.25,35741600
01/02/2021,1225,1312.5,1192.5,1275,25277200
02/02/2021,1287.5,1387.5,1250,1343.75,36845600
03/02/2021,1362.5,1362.5,1250,1293.75,30663200
04/02/2021,1300,1475,1300,1393.75,106695200
05/02/2021,1406.25,1412.5,1331.25,1362.5,27010800
08/02/2021,1375,1418.75,1362.5,1375,32089600
09/02/2021,1400,1431.25,1350,1375,26111600
10/02/2021,1393.75,1462.5,1337.5,1450,56426400
11/02/2021,1456.25,1537.5,1450,1487.5,51298400
15/02/2021,1487.5,1525,1475,1512.5,29690400
16/02/2021,1512.5,1525,1468.75,1518.75,29943600
17/02/2021,1506.25,1518.75,1412.5,1443.75,36954800
18/02/2021,1418.75,1450,1387.5,1393.75,26858000
19/02/2021,1393.75,1431.25,1318.75,1425,22048800
22/02/2021,1475,1512.5,1437.5,1500,70416400
23/02/2021,1500,1512.5,1412.5,1450,58343600
24/02/2021,1456.25,1487.5,1406.25,1418.75,28396400
25/02/2021,1425,1443.75,1412.5,1425,17641200
26/02/2021,1400,1450,1387.5,1387.5,39618000
01/03/2021,1387.5,1487.5,1343.75,1443.75,31187200
02/03/2021,1443.75,1456.25,1393.75,1393.75,14035200
03/03/2021,1393.75,1425,1393.75,1412.5,7680000
04/03/2021,1412.5,1512.5,1393.75,1437.5,35656000
05/03/2021,1437.5,1437.5,1393.75,1406.25,16707600
08/03/2021,1425,1431.25,1400,1418.75,12183600
09/03/2021,1418.75,1468.75,1400,1400,31064000
10/03/2021,1393.75,1425,1350,1362.5,13678000
12/03/2021,1362.5,1412.5,1350,1412.5,15274400
15/03/2021,1412.5,1437.5,1406.25,1406.25,13456800
16/03/2021,1406.25,1650,1406.25,1543.75,176234000
17/03/2021,1543.75,1612.5,1487.5,1512.5,57736400
18/03/2021,1525,1756.25,1493.75,1650,120371600
19/03/2021,1656.25,1737.5,1625,1662.5,158148800
22/03/2021,1675,1675,1550,1550,25834000
23/03/2021,1550,1600,1500,1537.5,43484800
24/03/2021,1537.5,1587.5,1512.5,1537.5,14645600
25/03/2021,1550,1700,1531.25,1668.75,62588400
26/03/2021,1675,1687.5,1600,1618.75,26517200
29/03/2021,1625,1668.75,1600,1600,16550400
30/03/2021,1625,1625,1537.5,1562.5,20794400
31/03/2021,1587.5,1668.75,1475,1568.75,48608400
01/04/2021,1562.5,1600,1543.75,1600,13443600
05/04/2021,1600,1618.75,1537.5,1593.75,14403600
06/04/2021,1600,1825,1575,1725,62446400
07/04/2021,1737.5,1775,1681.25,1712.5,25798800
08/04/2021,1712.5,1768.75,1662.5,1675,20737600
09/04/2021,1675,1712.5,1625,1656.25,24490800
12/04/2021,1650,1687.5,1581.25,1587.5,23348000
13/04/2021,1587.5,1693.75,1543.75,1631.25,37120000
14/04/2021,1643.75,1687.5,1612.5,1675,20849200
15/04/2021,1687.5,1687.5,1612.5,1618.75,9366000
16/04/2021,1631.25,1656.25,1618.75,1631.25,6941200
19/04/2021,1637.5,1675,1600,1600,26108400
20/04/2021,1600,1625,1575,1606.25,7346800
21/04/2021,1600,1631.25,1600,1625,8532000
22/04/2021,1600,1643.75,1600,1618.75,7474800
23/04/2021,1618.75,1637.5,1612.5,1618.75,9690000
26/04/2021,1618.75,1662.5,1612.5,1637.5,6223200
27/04/2021,1650,1656.25,1600,1612.5,11352800
28/04/2021,1612.5,1643.75,1612.5,1631.25,5650000
29/04/2021,1625,1637.5,1600,1637.5,9102800
30/04/2021,1637.5,1656.25,1612.5,1643.75,9709600
03/05/2021,1643.75,1643.75,1543.75,1568.75,12170400
04/05/2021,1543.75,1581.25,1518.75,1550,5195200
05/05/2021,1556.25,1600,1550,1575,4840800
06/05/2021,1581.25,1600,1562.5,1568.75,4085200
07/05/2021,1568.75,1612.5,1525,1550,17041600
10/05/2021,1556.25,1556.25,1525,1531.25,6275200
11/05/2021,1531.25,1543.75,1506.25,1518.75,7087600
17/05/2021,1518.75,1525,1456.25,1493.75,8641200
18/05/2021,1493.75,1537.5,1462.5,1525,8746800
19/05/2021,1525,1537.5,1481.25,1487.5,4229600
20/05/2021,1487.5,1625,1475,1593.75,23875600
21/05/2021,1600,1693.75,1600,1650,29816000
24/05/2021,1650,1675,1537.5,1575,20893600
25/05/2021,1606.25,1606.25,1550,1600,4604000
27/05/2021,1600,1625,1550,1550,9895600
28/05/2021,1556.25,1593.75,1550,1562.5,7650800
31/05/2021,1562.5,1618.75,1562.5,1587.5,7358400
02/06/2021,1587.5,1687.5,1587.5,1656.25,13763200
03/06/2021,1662.5,1750,1625,1731.25,13538000
04/06/2021,1731.25,1737.5,1650,1662.5,7517200
07/06/2021,1687.5,1712.5,1662.5,1675,4681200
08/06/2021,1675,1675,1575,1593.75,9756400
09/06/2021,1593.75,1737.5,1587.5,1700,15287600
10/06/2021,1718.75,1800,1700,1725,16437200
11/06/2021,1737.5,1768.75,1662.5,1693.75,9266400
14/06/2021,1693.75,1743.75,1693.75,1725,5943200
15/06/2021,1731.25,1750,1650,1687.5,8250000
16/06/2021,1687.5,1700,1625,1631.25,7951200
17/06/2021,1631.25,1656.25,1612.5,1637.5,5481200
18/06/2021,1650,1712.5,1625,1706.25,17592400
21/06/2021,1706.25,1781.25,1625,1775,17629600
22/06/2021,1775,1856.25,1737.5,1800,17320000
23/06/2021,1800,1843.75,1743.75,1743.75,7479200
24/06/2021,1743.75,1743.75,1700,1718.75,7284400
25/06/2021,1712.5,1737.5,1693.75,1737.5,3216400
28/06/2021,1750,1775,1706.25,1725,3884000
29/06/2021,1731.25,1762.5,1675,1762.5,8829200
30/06/2021,1800,1800,1700,1712.5,10433600
01/07/2021,1706.25,1706.25,1606.25,1606.25,19100400
02/07/2021,1606.25,1650,1593.75,1600,5199200
05/07/2021,1600,1625,1562.5,1568.75,4697600
06/07/2021,1575,1606.25,1575,1587.5,4978000
07/07/2021,1593.75,1593.75,1512.5,1537.5,15820000
08/07/2021,1543.75,1550,1512.5,1518.75,13346800
09/07/2021,1525,1550,1500,1518.75,6143600
12/07/2021,1525,1625,1518.75,1612.5,13610800
13/07/2021,1612.5,1625,1512.5,1518.75,15166800
14/07/2021,1518.75,1531.25,1506.25,1525,4124800
15/07/2021,1525,1550,1525,1531.25,4407200
16/07/2021,1537.5,1537.5,1512.5,1518.75,3352800
19/07/2021,1518.75,1556.25,1506.25,1537.5,7487200
21/07/2021,1543.75,1556.25,1512.5,1512.5,6325200
22/07/2021,1518.75,1543.75,1512.5,1525,7172400
23/07/2021,1525,1531.25,1487.5,1487.5,8689600
26/07/2021,1487.5,1518.75,1487.5,1512.5,7089200
27/07/2021,1525,1537.5,1437.5,1481.25,12612000
28/07/2021,1487.5,1493.75,1418.75,1425,9753200
29/07/2021,1487.5,1531.25,1437.5,1500,28170400
30/07/2021,1525,1568.75,1450,1475,11736800
02/08/2021,1487.5,1518.75,1475,1487.5,5145600
03/08/2021,1487.5,1500,1475,1487.5,9620400
04/08/2021,1500,1518.75,1475,1493.75,5932400
05/08/2021,1506.25,1525,1475,1525,6467200
06/08/2021,1525,1550,1500,1537.5,8492000
09/08/2021,1512.5,1543.75,1487.5,1500,4186400
10/08/2021,1500,1543.75,1450,1543.75,9529600
12/08/2021,1550,1631.25,1525,1581.25,20818800
13/08/2021,1587.5,1675,1581.25,1625,26928400
16/08/2021,1643.75,1643.75,1525,1568.75,22948800
18/08/2021,1525,1525,1468.75,1493.75,19302800
19/08/2021,1493.75,1587.5,1487.5,1525,18796400
20/08/2021,1500,1650,1500,1631.25,13301600
23/08/2021,1625,1650,1606.25,1625,4270800
24/08/2021,1612.5,1631.25,1587.5,1587.5,2185200
25/08/2021,1587.5,1625,1581.25,1606.25,2924000
26/08/2021,1631.25,1637.5,1587.5,1600,3844800
27/08/2021,1600,1600,1587.5,1587.5,1086000
30/08/2021,1625,1631.25,1587.5,1606.25,3065600
31/08/2021,1606.25,1612.5,1581.25,1581.25,3962400
01/09/2021,1581.25,1593.75,1550,1562.5,6128800
02/09/2021,1562.5,1581.25,1550,1575,1158800
03/09/2021,1575,1593.75,1562.5,1575,2272000
06/09/2021,1575,1687.5,1568.75,1650,11583600
07/09/2021,1650,1712.5,1650,1675,13794800
08/09/2021,1675,1700,1618.75,1618.75,7638000
09/09/2021,1618.75,1687.5,1618.75,1668.75,5604000
10/09/2021,1681.25,1700,1662.5,1668.75,11910000
13/09/2021,1668.75,1700,1625,1681.25,4992000
14/09/2021,1693.75,1781.25,1681.25,1743.75,25974400
15/09/2021,1750,1781.25,1725,1750,7867200
16/09/2021,1750,1818.75,1750,1781.25,21141600
17/09/2021,1887.5,1918.75,1693.75,1725,67453600
20/09/2021,1725,1762.5,1693.75,1700,26263200
21/09/2021,1700,1731.25,1687.5,1712.5,8183600
22/09/2021,1737.5,1737.5,1662.5,1681.25,12640800
23/09/2021,1681.25,1700,1637.5,1675,21699600
24/09/2021,1675,1675,1625,1650,15969600
27/09/2021,1675,1675,1587.5,1600,17765200
28/09/2021,1600,1625,1568.75,1568.75,14085600
29/09/2021,1568.75,1612.5,1562.5,1612.5,5431200
30/09/2021,1612.5,1700,1587.5,1662.5,19568000
01/10/2021,1662.5,1662.5,1562.5,1568.75,19072000
04/10/2021,1581.25,1631.25,1568.75,1593.75,10814800
05/10/2021,1593.75,1612.5,1575,1600,8790000
06/10/2021,1600,1612.5,1587.5,1593.75,9146400
07/10/2021,1575,1612.5,1568.75,1600,13496400
08/10/2021,1600,1618.75,1581.25,1587.5,14760800
11/10/2021,1587.5,1612.5,1575,1575,8896400
12/10/2021,1575,1600,1537.5,1537.5,17074800
13/10/2021,1543.75,1568.75,1512.5,1525,18439600
14/10/2021,1525,1568.75,1525,1568.75,16460400
15/10/2021,1581.25,1656.25,1568.75,1625,20678800
18/10/2021,1625,1700,1612.5,1700,18290800
19/10/2021,1700,1743.75,1700,1725,18338400
21/10/2021,1725,1737.5,1668.75,1725,23616400
22/10/2021,1725,1893.75,1712.5,1793.75,40806000
25/10/2021,1800,1843.75,1737.5,1743.75,17377600
26/10/2021,1762.5,1775,1725,1731.25,4941600
27/10/2021,1731.25,1775,1718.75,1737.5,8275200
28/10/2021,1737.5,1818.75,1725,1775,22169600
29/10/2021,1775,1787.5,1725,1731.25,16615600
01/11/2021,1731.25,1850,1731.25,1831.25,30042000
02/11/2021,1831.25,1868.75,1756.25,1762.5,12276800
03/11/2021,1762.5,1768.75,1731.25,1750,14256400
04/11/2021,1762.5,1793.75,1750,1793.75,12424800
05/11/2021,1762.5,1793.75,1737.5,1750,11065200
08/11/2021,1762.5,1812.5,1750,1806.25,6488800
09/11/2021,1825,1825,1756.25,1768.75,14707600
10/11/2021,1775,1787.5,1737.5,1750,10281200
11/11/2021,1756.25,1775,1750,1762.5,5710800
12/11/2021,1768.75,1775,1737.5,1750,4690800
15/11/2021,1750,1750,1712.5,1731.25,6202000
16/11/2021,1731.25,1762.5,1712.5,1750,4026800
17/11/2021,1750,1762.5,1731.25,1750,2434400
18/11/2021,1725,1737.5,1650,1700,24426400
19/11/2021,1675,1731.25,1675,1725,13399200
22/11/2021,1718.75,1743.75,1693.75,1706.25,4226400
23/11/2021,1706.25,1750,1706.25,1737.5,5621200
24/11/2021,1750,1750,1700,1725,7286000
25/11/2021,1725,1793.75,1725,1781.25,12525600
26/11/2021,1850,1925,1800,1850,117840800
29/11/2021,1850,1962.5,1850,1962.5,62006800
30/11/2021,1981.25,2062.5,1975,2037.5,60419600
01/12/2021,2012.5,2075,1962.5,1962.5,53875200
02/12/2021,1962.5,2006.25,1931.25,1943.75,38868400
03/12/2021,1950,1981.25,1925,1950,35639600
06/12/2021,1987.5,2025,1962.5,2025,89504000
07/12/2021,1887.5,1887.5,1887.5,1887.5,3378400
08/12/2021,1756.25,1756.25,1756.25,1756.25,6306400
09/12/2021,1637.5,1637.5,1637.5,1637.5,11226000
10/12/2021,1637.5,1637.5,1537.5,1562.5,82935200
13/12/2021,1562.5,1612.5,1562.5,1587.5,33481600
14/12/2021,1600,1612.5,1556.25,1568.75,15637600
15/12/2021,1568.75,1581.25,1550,1550,10820400
16/12/2021,1550,1568.75,1500,1525,25968800
17/12/2021,1525,1531.25,1500,1512.5,20233200
20/12/2021,1506.25,1518.75,1481.25,1481.25,15157200
21/12/2021,1481.25,1493.75,1437.5,1456.25,22549200
22/12/2021,1456.25,1468.75,1400,1412.5,23737200
23/12/2021,1418.75,1418.75,1375,1400,24882400
24/12/2021,1400,1406.25,1368.75,1381.25,13586800
27/12/2021,1381.25,1493.75,1381.25,1475,34202800
28/12/2021,1487.5,1506.25,1456.25,1462.5,24472000
29/12/2021,1493.75,1550,1456.25,1537.5,29217200
30/12/2021,1562.5,1575,1525,1550,24475200
03/01/2022,1550,1612.5,1543.75,1606.25,32426400
04/01/2022,1606.25,1618.75,1537.5,1562.5,26790800
05/01/2022,1575,1587.5,1512.5,1537.5,23614000
06/01/2022,1537.5,1581.25,1531.25,1575,15633200
07/01/2022,1575,1587.5,1556.25,1575,21846400
10/01/2022,1575,1581.25,1537.5,1550,17668000
11/01/2022,1550,1568.75,1475,1487.5,23289600
12/01/2022,1487.5,1512.5,1462.5,1487.5,21982800
13/01/2022,1487.5,1500,1462.5,1462.5,8711200
14/01/2022,1468.75,1537.5,1468.75,1512.5,16649600
17/01/2022,1518.75,1525,1481.25,1487.5,7635200
18/01/2022,1500,1506.25,1450,1475,9024000
19/01/2022,1468.75,1493.75,1450,1450,12560000
20/01/2022,1450,1500,1450,1493.75,8867600
21/01/2022,1493.75,1512.5,1475,1500,8992800
24/01/2022,1525,1531.25,1487.5,1493.75,13570000
25/01/2022,1493.75,1493.75,1450,1475,12846400
26/01/2022,1475,1500,1462.5,1487.5,6634000
27/01/2022,1487.5,1500,1462.5,1468.75,3808000
28/01/2022,1475,1481.25,1456.25,1462.5,6172400
31/01/2022,1462.5,1468.75,1406.25,1431.25,14095200
02/02/2022,1431.25,1450,1425,1425,11152000
03/02/2022,1431.25,1431.25,1387.5,1425,32097200
04/02/2022,1425,1431.25,1400,1406.25,12641600
07/02/2022,1406.25,1431.25,1393.75,1418.75,12610400
08/02/2022,1431.25,1437.5,1381.25,1393.75,23081200
09/02/2022,1393.75,1406.25,1375,1381.25,19813200
10/02/2022,1381.25,1418.75,1381.25,1412.5,16829200
11/02/2022,1412.5,1412.5,1393.75,1400,12534000
14/02/2022,1400,1418.75,1350,1362.5,15335600
15/02/2022,1362.5,1375,1350,1375,13614400
16/02/2022,1400,1406.25,1368.75,1393.75,15078800
17/02/2022,1393.75,1400,1362.5,1368.75,13136800
18/02/2022,1368.75,1393.75,1362.5,1387.5,12917200
21/02/2022,1387.5,1406.25,1375,1375,7300800
22/02/2022,1381.25,1462.5,1381.25,1456.25,49442400
23/02/2022,1468.75,1475,1387.5,1393.75,41946000
24/02/2022,1400,1431.25,1362.5,1375,32584400
25/02/2022,1387.5,1387.5,1368.75,1368.75,16375200
01/03/2022,1375,1387.5,1368.75,1381.25,11149200
02/03/2022,1381.25,1381.25,1350,1350,22503200
04/03/2022,1356.25,1356.25,1287.5,1350,36898400
07/03/2022,1375,1375,1300,1306.25,9232400
08/03/2022,1312.5,1331.25,1250,1268.75,19355600
09/03/2022,1287.5,1331.25,1262.5,1318.75,11570800
10/03/2022,1337.5,1362.5,1306.25,1337.5,15915200
11/03/2022,1343.75,1343.75,1312.5,1325,10602000
14/03/2022,1325,1337.5,1318.75,1331.25,8192400
15/03/2022,1312.5,1337.5,1287.5,1306.25,5630400
16/03/2022,1306.25,1325,1293.75,1300,9448800
17/03/2022,1300,1312.5,1293.75,1300,7165600
18/03/2022,1306.25,1325,1300,1325,10133200
21/03/2022,1331.25,1343.75,1306.25,1343.75,12659200
22/03/2022,1343.75,1350,1312.5,1312.5,7903600
23/03/2022,1325,1350,1312.5,1325,12028000
24/03/2022,1337.5,1343.75,1318.75,1331.25,16439600
25/03/2022,1331.25,1337.5,1300,1312.5,5284400
28/03/2022,1325,1337.5,1306.25,1306.25,7995600
29/03/2022,1306.25,1325,1300,1318.75,8933600
30/03/2022,1318.75,1318.75,1300,1306.25,3233600
31/03/2022,1306.25,1318.75,1287.5,1293.75,7084800
01/04/2022,1300,1306.25,1287.5,1300,6335600
04/04/2022,1300,1312.5,1287.5,1293.75,4676000
05/04/2022,1293.75,1325,1293.75,1318.75,9716800
06/04/2022,1318.75,1325,1281.25,1287.5,13354800
07/04/2022,1287.5,1300,1281.25,1287.5,5501600
08/04/2022,1287.5,1331.25,1287.5,1331.25,10969200
11/04/2022,1337.5,1350,1300,1306.25,17417600
12/04/2022,1306.25,1312.5,1287.5,1300,4719600
13/04/2022,1306.25,1343.75,1300,1325,20056800
14/04/2022,1337.5,1350,1300,1306.25,17361200
18/04/2022,1318.75,1400,1293.75,1381.25,52020000
19/04/2022,1393.75,1568.75,1387.5,1537.5,142484400
20/04/2022,1562.5,1831.25,1537.5,1781.25,215988400
21/04/2022,1781.25,1793.75,1675,1756.25,88910800
22/04/2022,1756.25,1850,1756.25,1756.25,45463200
25/04/2022,1750,1806.25,1700,1793.75,38749600
26/04/2022,1800,1825,1768.75,1775,17000800
27/04/2022,1768.75,1825,1750,1781.25,21355600
28/04/2022,1781.25,1787.5,1737.5,1750,32607200
09/05/2022,1743.75,1743.75,1631.25,1631.25,23904000
10/05/2022,1600,1612.5,1518.75,1518.75,16520800
11/05/2022,1500,1562.5,1431.25,1500,44423600
12/05/2022,1506.25,1512.5,1431.25,1437.5,19607200
13/05/2022,1443.75,1487.5,1381.25,1475,29394800
17/05/2022,1475,1550,1425,1500,23529200
18/05/2022,1506.25,1506.25,1406.25,1412.5,38898000
19/05/2022,1412.5,1437.5,1387.5,1387.5,18392000
20/05/2022,1387.5,1437.5,1387.5,1412.5,18482400
23/05/2022,1412.5,1425,1318.75,1318.75,38598000
24/05/2022,1318.75,1356.25,1318.75,1318.75,16898000
25/05/2022,1325,1350,1312.5,1312.5,18266800
27/05/2022,1325,1368.75,1300,1356.25,25729600
30/05/2022,1368.75,1387.5,1331.25,1343.75,19662400
31/05/2022,1350,1387.5,1331.25,1331.25,115863600
02/06/2022,1350,1462.5,1337.5,1450,51405200
03/06/2022,1462.5,1525,1431.25,1456.25,51787200
06/06/2022,1450,1468.75,1356.25,1375,52534800
07/06/2022,1381.25,1393.75,1337.5,1368.75,22486800
08/06/2022,1375,1562.5,1375,1550,71982000
09/06/2022,1550,1662.5,1506.25,1606.25,101619600
10/06/2022,1606.25,1656.25,1543.75,1656.25,35648800
13/06/2022,1656.25,1656.25,1556.25,1625,42942800
14/06/2022,1612.5,1750,1593.75,1687.5,82250000
15/06/2022,1693.75,1725,1656.25,1675,28062000
16/06/2022,1700,1756.25,1687.5,1718.75,30336400
17/06/2022,1700,1706.25,1600,1600,65028000
20/06/2022,1587.5,1618.75,1512.5,1562.5,27344800
21/06/2022,1575,1687.5,1575,1662.5,41266000
22/06/2022,1662.5,1687.5,1581.25,1650,22492000
23/06/2022,1650,1662.5,1612.5,1656.25,12931200
24/06/2022,1656.25,1725,1656.25,1656.25,20626400
27/06/2022,1675,1693.75,1618.75,1656.25,10922800
28/06/2022,1656.25,1700,1643.75,1700,12922000
29/06/2022,1700,1712.5,1656.25,1687.5,21687600
30/06/2022,1687.5,1725,1600,1637.5,17275200
01/07/2022,1625,1643.75,1562.5,1581.25,7755600
04/07/2022,1581.25,1593.75,1493.75,1562.5,19492000
05/07/2022,1593.75,1593.75,1550,1568.75,9728400
06/07/2022,1575,1618.75,1537.5,1600,22007600
07/07/2022,1593.75,1631.25,1575,1612.5,14339600
08/07/2022,1618.75,1637.5,1581.25,1581.25,8478800
11/07/2022,1581.25,1612.5,1575,1600,9013200
12/07/2022,1600,1637.5,1581.25,1625,5041600
13/07/2022,1625,1625,1556.25,1587.5,18878400
14/07/2022,1581.25,1593.75,1543.75,1556.25,5210400
15/07/2022,1556.25,1568.75,1512.5,1525,15242800
18/07/2022,1525,1543.75,1487.5,1518.75,11657200
19/07/2022,1518.75,1587.5,1512.5,1556.25,18555600
20/07/2022,1575,1618.75,1562.5,1600,46852800
21/07/2022,1568.75,1662.5,1568.75,1625,24668000
22/07/2022,1625,1643.75,1575,1612.5,13294000
25/07/2022,1606.25,1643.75,1606.25,1637.5,10805600
26/07/2022,1637.5,1656.25,1575,1581.25,37881200
27/07/2022,1575,1631.25,1550,1625,18042800
28/07/2022,1631.25,1650,1593.75,1631.25,25548000
29/07/2022,1631.25,1706.25,1612.5,1668.75,20264400
01/08/2022,1668.75,1743.75,1668.75,1693.75,50600000
02/08/2022,1687.5,1756.25,1681.25,1700,49830400
03/08/2022,1718.75,1818.75,1700,1800,62496800
04/08/2022,1825,1825,1762.5,1787.5,28744800
05/08/2022,1787.5,1812.5,1775,1800,25261600
08/08/2022,1812.5,1856.25,1756.25,1800,26646800
09/08/2022,1806.25,1812.5,1768.75,1775,11034000
10/08/2022,1775,1793.75,1706.25,1781.25,33752000
11/08/2022,1800,1818.75,1781.25,1793.75,57405600
12/08/2022,1793.75,1875,1793.75,1837.5,37504400
15/08/2022,1850,1881.25,1800,1831.25,32845200
16/08/2022,1831.25,1862.5,1812.5,1831.25,19374400
18/08/2022,1831.25,1856.25,1800,1831.25,20613200
19/08/2022,1875,1881.25,1843.75,1881.25,32167600
22/08/2022,1887.5,1906.25,1768.75,1800,32860800
23/08/2022,1800,1831.25,1800,1812.5,29967200
24/08/2022,1825,1825,1787.5,1806.25,14928800
25/08/2022,1812.5,1825,1800,1806.25,20990800
26/08/2022,1806.25,1825,1800,1800,22091200
29/08/2022,1737.5,1800,1700,1750,13038800
30/08/2022,1750,1812.5,1743.75,1806.25,28808000
31/08/2022,1806.25,1825,1750,1793.75,11773600
01/09/2022,1850,1850,1762.5,1781.25,5313600
02/09/2022,1781.25,1781.25,1743.75,1768.75,6884000
05/09/2022,1768.75,1781.25,1725,1775,26187600
06/09/2022,1781.25,1812.5,1768.75,1800,50291600
07/09/2022,1800,1800,1737.5,1737.5,15621200
08/09/2022,1743.75,1818.75,1743.75,1800,32268400
09/09/2022,1800,1812.5,1787.5,1793.75,54000400
12/09/2022,1793.75,1818.75,1775,1800,76224400
13/09/2022,1800,1850,1787.5,1825,26672000
14/09/2022,1800,1818.75,1750,1781.25,13718800
15/09/2022,1781.25,1831.25,1768.75,1793.75,26042400
16/09/2022,1793.75,1800,1743.75,1762.5,60732400
19/09/2022,1762.5,1793.75,1762.5,1793.75,7603600
20/09/2022,1793.75,1793.75,1750,1756.25,9446800
21/09/2022,1762.5,1762.5,1725,1731.25,11417200
22/09/2022,1731.25,1800,1718.75,1800,14568000
23/09/2022,1800,1875,1793.75,1837.5,38695600
26/09/2022,1837.5,1868.75,1800,1868.75,22383200
27/09/2022,1868.75,1918.75,1843.75,1862.5,36380400
28/09/2022,1862.5,1862.5,1806.25,1825,14159200
29/09/2022,1862.5,1862.5,1806.25,1837.5,8981200
30/09/2022,1825,1868.75,1793.75,1812.5,32083200
03/10/2022,1812.5,1862.5,1793.75,1850,16602000
04/10/2022,1850,1856.25,1793.75,1818.75,14382000
05/10/2022,1818.75,1831.25,1775,1775,19274000
06/10/2022,1781.25,1793.75,1750,1768.75,11048800
07/10/2022,1768.75,1768.75,1700,1706.25,20137200
10/10/2022,1706.25,1743.75,1668.75,1712.5,22636000
11/10/2022,1725,1731.25,1693.75,1712.5,10159200
12/10/2022,1718.75,1731.25,1643.75,1718.75,16447200
13/10/2022,1718.75,1725,1650,1650,10910800
14/10/2022,1662.5,1700,1568.75,1568.75,14165600
17/10/2022,1568.75,1593.75,1531.25,1575,14049200
18/10/2022,1581.25,1650,1575,1581.25,18607200
19/10/2022,1581.25,1593.75,1556.25,1581.25,15319600
20/10/2022,1606.25,1681.25,1543.75,1606.25,43288400
21/10/2022,1625,1656.25,1593.75,1625,10596400
24/10/2022,1631.25,1656.25,1618.75,1637.5,14287200
25/10/2022,1637.5,1693.75,1637.5,1662.5,19102000
26/10/2022,1662.5,1687.5,1600,1606.25,10831600
27/10/2022,1600,1637.5,1568.75,1593.75,19238000
28/10/2022,1593.75,1606.25,1568.75,1587.5,20186800
31/10/2022,1600,1718.75,1600,1693.75,35846800
01/11/2022,1700,1731.25,1650,1731.25,14484800
02/11/2022,1725,1743.75,1687.5,1731.25,15824400
03/11/2022,1731.25,1731.25,1681.25,1706.25,4941600
04/11/2022,1706.25,1706.25,1656.25,1675,4835200
07/11/2022,1681.25,1706.25,1675,1700,6332400
08/11/2022,1700,1700,1662.5,1668.75,5410800
09/11/2022,1668.75,1681.25,1625,1637.5,11969600
10/11/2022,1637.5,1662.5,1593.75,1656.25,13388000
11/11/2022,1675,1700,1650,1687.5,14124800
14/11/2022,1687.5,1693.75,1631.25,1643.75,6731600
15/11/2022,1643.75,1650,1606.25,1637.5,9330000
16/11/2022,1637.5,1637.5,1587.5,1600,9441600
17/11/2022,1600,1625,1556.25,1575,16790800
18/11/2022,1581.25,1593.75,1562.5,1575,10774000
21/11/2022,1600,1600,1562.5,1575,5829600
22/11/2022,1575,1587.5,1562.5,1568.75,7138800
23/11/2022,1568.75,1587.5,1556.25,1556.25,13538400
24/11/2022,1562.5,1575,1543.75,1562.5,9945200
25/11/2022,1562.5,1562.5,1512.5,1512.5,17105600
28/11/2022,1512.5,1531.25,1475,1481.25,18655600
29/11/2022,1487.5,1506.25,1475,1481.25,7079600
30/11/2022,1506.25,1506.25,1437.5,1487.5,33595600
01/12/2022,1487.5,1487.5,1437.5,1462.5,18956400
02/12/2022,1468.75,1475,1437.5,1468.75,5348800
05/12/2022,1475,1512.5,1468.75,1500,14794800
06/12/2022,1500,1512.5,1443.75,1456.25,9847200
07/12/2022,1456.25,1475,1387.5,1443.75,21330400
08/12/2022,1437.5,1462.5,1406.25,1450,15736400
09/12/2022,1443.75,1468.75,1425,1437.5,19816400
12/12/2022,1443.75,1443.75,1393.75,1406.25,8952800
13/12/2022,1431.25,1443.75,1356.25,1375,41566000
14/12/2022,1375,1393.75,1343.75,1350,27093600
15/12/2022,1362.5,1362.5,1318.75,1343.75,47465600
16/12/2022,1343.75,1425,1325,1400,23806400
19/12/2022,1400,1437.5,1368.75,1425,10628000
20/12/2022,1418.75,1437.5,1412.5,1431.25,14988400
21/12/2022,1431.25,1437.5,1406.25,1425,3776800
22/12/2022,1431.25,1525,1431.25,1500,36941200
23/12/2022,1525,1531.25,1468.75,1493.75,9982000
26/12/2022,1500,1543.75,1481.25,1531.25,10644000
27/12/2022,1537.5,1543.75,1512.5,1525,9200400
28/12/2022,1525,1537.5,1481.25,1500,5860000
29/12/2022,1500,1506.25,1481.25,1506.25,3172400
30/12/2022,1506.25,1550,1487.5,1543.75,8317600
02/01/2023,1543.75,1550,1500,1506.25,3468000
03/01/2023,1506.25,1606.25,1500,1575,33406800
04/01/2023,1606.25,1606.25,1543.75,1562.5,9226000
05/01/2023,1562.5,1575,1512.5,1525,11361600
06/01/2023,1525,1562.5,1481.25,1531.25,9971200
09/01/2023,1537.5,1537.5,1481.25,1481.25,14083200
10/01/2023,1481.25,1543.75,1481.25,1525,16402000
11/01/2023,1525,1556.25,1506.25,1506.25,7310000
12/01/2023,1512.5,1543.75,1487.5,1500,9521200
13/01/2023,1506.25,1531.25,1493.75,1518.75,9580000
16/01/2023,1518.75,1525,1500,1512.5,4809600
17/01/2023,1525,1531.25,1506.25,1512.5,6718400
18/01/2023,1512.5,1525,1500,1512.5,11921200
19/01/2023,1512.5,1562.5,1512.5,1550,22187600
20/01/2023,1550,1568.75,1525,1531.25,10556800
24/01/2023,1550,1550,1512.5,1512.5,2407200
25/01/2023,1512.5,1525,1456.25,1456.25,23162000
26/01/2023,1456.25,1506.25,1456.25,1493.75,4414000
27/01/2023,1506.25,1518.75,1475,1500,11656000
30/01/2023,1500,1506.25,1481.25,1493.75,9882000
31/01/2023,1500,1537.5,1487.5,1525,11648800
01/02/2023,1537.5,1543.75,1481.25,1500,11159600
02/02/2023,1500,1525,1481.25,1481.25,6880000
03/02/2023,1481.25,1525,1481.25,1512.5,8276800
06/02/2023,1512.5,1525,1487.5,1500,11998800
07/02/2023,1500,1518.75,1462.5,1475,24800400
08/02/2023,1475,1487.5,1456.25,1475,30052800
09/02/2023,1475,1481.25,1462.5,1468.75,11897600
10/02/2023,1468.75,1481.25,1450,1481.25,13046000
13/02/2023,1481.25,1575,1450,1543.75,166155200
14/02/2023,1550,1593.75,1512.5,1575,75351600
15/02/2023,1556.25,1568.75,1531.25,1550,76268000
16/02/2023,1550,1606.25,1550,1600,89320000
17/02/2023,1600,1668.75,1587.5,1625,98945200
20/02/2023,1631.25,1737.5,1625,1706.25,56632800
21/02/2023,1725,1750,1668.75,1700,37992800
22/02/2023,1693.75,1712.5,1625,1650,24774400
23/02/2023,1675,1706.25,1650,1687.5,19010800
24/02/2023,1693.75,1700,1637.5,1650,9075600
27/02/2023,1650,1700,1625,1675,18211600
28/02/2023,1668.75,1706.25,1668.75,1706.25,14090800
01/03/2023,1693.75,1731.25,1687.5,1706.25,10960800
02/03/2023,1706.25,1706.25,1687.5,1693.75,3945600
03/03/2023,1700,1737.5,1693.75,1725,18991200
06/03/2023,1725,1787.5,1725,1781.25,27763200
07/03/2023,1768.75,1787.5,1725,1737.5,18534000
08/03/2023,1737.5,1756.25,1706.25,1750,19433600
09/03/2023,1750,1775,1750,1750,3010800
10/03/2023,1750,1762.5,1725,1750,6586000
13/03/2023,1750,1775,1706.25,1768.75,7266400
14/03/2023,1756.25,1787.5,1725,1725,12758800
15/03/2023,1743.75,1762.5,1731.25,1750,8145600
16/03/2023,1750,1756.25,1737.5,1737.5,18487200
17/03/2023,1737.5,1750,1712.5,1750,18732800
20/03/2023,1750,1750,1681.25,1706.25,8092800
21/03/2023,1706.25,1731.25,1675,1718.75,7049200
24/03/2023,1718.75,1800,1700,1762.5,26251600
27/03/2023,1768.75,1812.5,1725,1750,13320400
28/03/2023,1762.5,1781.25,1737.5,1737.5,7009200
29/03/2023,1743.75,1750,1712.5,1731.25,11578800
30/03/2023,1731.25,1750,1718.75,1743.75,9456800
31/03/2023,1743.75,1750,1700,1737.5,10108800
03/04/2023,1737.5,1737.5,1706.25,1706.25,6346400
04/04/2023,1712.5,1718.75,1693.75,1706.25,10189200
05/04/2023,1712.5,1725,1650,1706.25,27160000
06/04/2023,1706.25,1706.25,1662.5,1687.5,10398800
10/04/2023,1687.5,1687.5,1650,1656.25,11635600
11/04/2023,1662.5,1675,1643.75,1675,9682400
12/04/2023,1662.5,1675,1618.75,1675,28458400
13/04/2023,1668.75,1687.5,1650,1650,7846800
14/04/2023,1656.25,1662.5,1637.5,1650,10776800
17/04/2023,1650,1681.25,1643.75,1662.5,16702800
18/04/2023,1656.25,1675,1656.25,1675,6414800
26/04/2023,1681.25,1693.75,1650,1650,14712400
27/04/2023,1650,1725,1650,1700,15019600
28/04/2023,1700,1781.25,1700,1750,586494400
02/05/2023,1775,1862.5,1762.5,1837.5,70668800
03/05/2023,1837.5,1862.5,1800,1862.5,16257200
04/05/2023,1862.5,1906.25,1831.25,1887.5,28884400
05/05/2023,1900,1906.25,1868.75,1887.5,13990000
08/05/2023,1887.5,1950,1881.25,1937.5,26408000
09/05/2023,1937.5,1950,1900,1931.25,38453200
10/05/2023,1931.25,1993.75,1912.5,1931.25,23577200
11/05/2023,1881.25,1956.25,1881.25,1900,15798400
12/05/2023,1900,1981.25,1893.75,1950,9819600
15/05/2023,1943.75,1975,1900,1918.75,9053200
16/05/2023,1912.5,1912.5,1843.75,1856.25,45058800
17/05/2023,1856.25,1931.25,1831.25,1900,14148000
19/05/2023,1900,1956.25,1900,1950,27738800
22/05/2023,1950,1950,1906.25,1912.5,12486400
23/05/2023,1918.75,1931.25,1887.5,1912.5,12628800
24/05/2023,1925,2037.5,1912.5,1981.25,30994000
25/05/2023,1950,2025,1931.25,1943.75,27302000
26/05/2023,1943.75,1981.25,1900,1962.5,3894800
29/05/2023,1962.5,2037.5,1962.5,2006.25,22658000
30/05/2023,2006.25,2118.75,2006.25,2050,64653600
31/05/2023,2031.25,2112.5,2031.25,2075,43034000
05/06/2023,2075,2168.75,2062.5,2087.5,33222800
06/06/2023,2118.75,2156.25,2081.25,2125,56573600
07/06/2023,2118.75,2193.75,2062.5,2193.75,66869600
08/06/2023,2193.75,2212.5,2162.5,2175,39594800
09/06/2023,2175,2200,2143.75,2175,28679600
12/06/2023,2175,2237.5,2150,2162.5,26414400
13/06/2023,2162.5,2200,2150,2175,23050400
14/06/2023,2175,2262.5,2143.75,2187.5,24470400
15/06/2023,2187.5,2268.75,2156.25,2250,48875600
16/06/2023,2250,2281.25,2243.75,2275,228513200
19/06/2023,2275,2275,2068.75,2093.75,37148000
20/06/2023,2112.5,2168.75,2100,2137.5,14054400
21/06/2023,2137.5,2237.5,2137.5,2212.5,20417600
22/06/2023,2212.5,2237.5,2112.5,2150,26556800
23/06/2023,2156.25,2250,2150,2175,29059600
26/06/2023,2181.25,2225,2143.75,2193.75,10146000
27/06/2023,2193.75,2206.25,2143.75,2156.25,11577600
03/07/2023,2156.25,2243.75,2150,2206.25,26049200
04/07/2023,2206.25,2293.75,2187.5,2243.75,26168400
05/07/2023,2243.75,2250,2193.75,2243.75,19332400
06/07/2023,2243.75,2312.5,2212.5,2262.5,31700400
07/07/2023,2262.5,2306.25,2237.5,2268.75,17188000
10/07/2023,2262.5,2275,2231.25,2243.75,8536800
11/07/2023,2243.75,2262.5,2206.25,2218.75,9107200
12/07/2023,2212.5,2250,2212.5,2250,5188000
13/07/2023,2206.25,2250,2187.5,2225,14603200
14/07/2023,2225,2281.25,2212.5,2268.75,17790800
17/07/2023,2275,2281.25,2231.25,2243.75,12245200
18/07/2023,2250,2262.5,2212.5,2218.75,8393200
20/07/2023,2218.75,2262.5,2218.75,2243.75,14176000
21/07/2023,2237.5,2250,2225,2243.75,5113600
24/07/2023,2243.75,2250,2200,2231.25,7233200
25/07/2023,2231.25,2231.25,2118.75,2137.5,28302400
26/07/2023,2143.75,2181.25,2087.5,2150,30933600
27/07/2023,2150,2225,2143.75,2187.5,19578800
28/07/2023,2193.75,2381.25,2162.5,2237.5,37582400
31/07/2023,2256.25,2412.5,2256.25,2300,31442800
01/08/2023,2300,2306.25,2262.5,2300,18995200
02/08/2023,2300,2343.75,2212.5,2243.75,18904000
03/08/2023,2243.75,2275,2225,2243.75,12621600
04/08/2023,2243.75,2262.5,2181.25,2206.25,13645600
07/08/2023,2206.25,2206.25,2150,2175,11150000
08/08/2023,2175,2275,2168.75,2250,26576400
09/08/2023,2250,2393.75,2250,2337.5,31609600
10/08/2023,2343.75,2368.75,2262.5,2325,20119200
11/08/2023,2325,2331.25,2275,2312.5,7376800
14/08/2023,2312.5,2375,2293.75,2306.25,13043200
15/08/2023,2312.5,2443.75,2293.75,2400,28983600
16/08/2023,2400,2512.5,2393.75,2437.5,30942800
18/08/2023,2437.5,2437.5,2400,2431.25,9731600
21/08/2023,2431.25,2475,2412.5,2412.5,18300000
22/08/2023,2418.75,2487.5,2418.75,2462.5,17794000
23/08/2023,2462.5,2487.5,2437.5,2468.75,6756000
24/08/2023,2456.25,2462.5,2425,2437.5,7200800
25/08/2023,2437.5,2462.5,2412.5,2437.5,6655200
28/08/2023,2437.5,2443.75,2387.5,2412.5,8400000
29/08/2023,2412.5,2431.25,2400,2406.25,8179200
30/08/2023,2406.25,2425,2387.5,2400,7895600
31/08/2023,2425,2425,2350,2400,11527200
01/09/2023,2400,2400,2350,2356.25,13203200
04/09/2023,2375,2375,2306.25,2318.75,15683200
05/09/2023,2331.25,2450,2331.25,2450,14978400
06/09/2023,2450,2450,2418.75,2431.25,12086800
07/09/2023,2431.25,2437.5,2387.5,2437.5,9807600
08/09/2023,2437.5,2475,2406.25,2462.5,16149200
11/09/2023,2481.25,2500,2462.5,2462.5,17666000
12/09/2023,2468.75,2500,2456.25,2456.25,9019200
13/09/2023,2456.25,2487.5,2456.25,2475,7626800
14/09/2023,2475,2481.25,2450,2475,14636800
15/09/2023,2481.25,2525,2462.5,2500,16690800
18/09/2023,2500,2500,2443.75,2462.5,12968800
19/09/2023,2462.5,2487.5,2462.5,2475,7912400
20/09/2023,2462.5,2475,2450,2462.5,5948800
21/09/2023,2468.75,2468.75,2425,2437.5,14191200
22/09/2023,2437.5,2537.5,2437.5,2493.75,8039200
25/09/2023,2556.25,2556.25,2462.5,2475,8128000
26/09/2023,2487.5,2487.5,2412.5,2437.5,19250400
27/09/2023,2437.5,2443.75,2368.75,2418.75,24419200
29/09/2023,2418.75,2531.25,2412.5,2456.25,18451600
02/10/2023,2456.25,2587.5,2456.25,2575,13503600
03/10/2023,2575,2687.5,2550,2600,25022400
04/10/2023,2618.75,2625,2525,2625,16687600
05/10/2023,2625,2656.25,2568.75,2600,21262400
06/10/2023,2618.75,2618.75,2518.75,2550,9975600
09/10/2023,2550,2631.25,2525,2625,16329600
10/10/2023,2625,2643.75,2587.5,2618.75,10980000
11/10/2023,2618.75,2656.25,2581.25,2625,17110400
12/10/2023,2625,2712.5,2625,2675,13092000
13/10/2023,2668.75,2675,2600,2631.25,15772800
16/10/2023,2631.25,2675,2593.75,2625,9659600
17/10/2023,2625,2662.5,2506.25,2537.5,12996800
18/10/2023,2537.5,2543.75,2400,2450,57484800
19/10/2023,2500,2531.25,2437.5,2475,23176400
20/10/2023,2475,2512.5,2443.75,2475,9876000
23/10/2023,2475,2481.25,2312.5,2418.75,19499200
24/10/2023,2418.75,2425,2375,2406.25,4611200
25/10/2023,2425,2431.25,2337.5,2350,19941200
26/10/2023,2350,2412.5,2325,2412.5,15954800
27/10/2023,2412.5,2487.5,2393.75,2462.5,17624000
30/10/2023,2493.75,2525,2343.75,2400,29451600
31/10/2023,2443.75,2443.75,2325,2362.5,23846800
01/11/2023,2362.5,2387.5,2300,2362.5,17095200
02/11/2023,2362.5,2406.25,2281.25,2300,36274400
03/11/2023,2300,2381.25,2281.25,2325,14910400
06/11/2023,2325,2456.25,2318.75,2381.25,18435200
07/11/2023,2337.5,2381.25,2318.75,2350,7526800
08/11/2023,2300,2318.75,2275,2300,7718800
09/11/2023,2300,2387.5,2300,2343.75,11990000
10/11/2023,2343.75,2356.25,2243.75,2293.75,12330800
13/11/2023,2293.75,2381.25,2293.75,2362.5,6155200
14/11/2023,2362.5,2368.75,2262.5,2325,4419200
15/11/2023,2325,2400,2325,2368.75,7030800
16/11/2023,2368.75,2368.75,2300,2325,4192000
17/11/2023,2325,2325,2268.75,2275,9585200
20/11/2023,2287.5,2293.75,2256.25,2275,11031600
21/11/2023,2275,2293.75,2256.25,2287.5,10238800
22/11/2023,2287.5,2293.75,2243.75,2275,8118000
23/11/2023,2287.5,2331.25,2281.25,2318.75,8320400
24/11/2023,2312.5,2312.5,2162.5,2275,10521600
27/11/2023,2231.25,2306.25,2231.25,2300,6149200
28/11/2023,2300,2318.75,2268.75,2287.5,5790800
29/11/2023,2287.5,2400,2287.5,2381.25,13013200
30/11/2023,2381.25,2400,2337.5,2381.25,9193600
01/12/2023,2381.25,2406.25,2350,2393.75,10284400
04/12/2023,2381.25,2400,2312.5,2325,18896800
05/12/2023,2325,2362.5,2312.5,2350,15895600
06/12/2023,2350,2356.25,2318.75,2325,7942400
07/12/2023,2325,2375,2300,2343.75,19514800
08/12/2023,2343.75,2375,2306.25,2356.25,11179200
11/12/2023,2337.5,2356.25,2306.25,2337.5,7612400
12/12/2023,2337.5,2450,2337.5,2418.75,13945600
13/12/2023,2418.75,2443.75,2356.25,2368.75,12392400
14/12/2023,2375,2431.25,2337.5,2387.5,7413600
15/12/2023,2393.75,2418.75,2375,2375,80852000
18/12/2023,2375,2381.25,2300,2337.5,16969600
19/12/2023,2337.5,2362.5,2325,2350,10107200
20/12/2023,2350,2350,2325,2350,6872400
21/12/2023,2350,2362.5,2300,2350,29103200
22/12/2023,2350,2362.5,2312.5,2350,9843200
27/12/2023,2350,2356.25,2318.75,2343.75,15272400
28/12/2023,2343.75,2350,2318.75,2337.5,4076400
29/12/2023,2337.5,2350,2312.5,2343.75,6202000
02/01/2024,2343.75,2356.25,2325,2343.75,4097200
03/01/2024,2337.5,2356.25,2306.25,2350,13056000
04/01/2024,2350,2368.75,2337.5,2356.25,4460400
05/01/2024,2356.25,2356.25,2318.75,2318.75,14703200
08/01/2024,2318.75,2337.5,2312.5,2331.25,10026800
09/01/2024,2325,2356.25,2312.5,2318.75,7074000
10/01/2024,2325,2400,2325,2375,17016400
11/01/2024,2400,2425,2375,2406.25,12761600
12/01/2024,2406.25,2468.75,2381.25,2431.25,10814400
15/01/2024,2431.25,2525,2431.25,2468.75,18307200
16/01/2024,2468.75,2493.75,2450,2475,10647600
17/01/2024,2512.5,2512.5,2393.75,2437.5,12008000
18/01/2024,2431.25,2525,2412.5,2500,21241200
19/01/2024,2500,2525,2450,2493.75,4667600
22/01/2024,2475,2475,2412.5,2425,4924400
23/01/2024,2437.5,2493.75,2425,2462.5,16462000
24/01/2024,2468.75,2500,2468.75,2487.5,7034400
25/01/2024,2487.5,2512.5,2475,2500,4370400
26/01/2024,2500,2500,2450,2487.5,14830800
29/01/2024,2475,2481.25,2406.25,2406.25,12197200
30/01/2024,2406.25,2412.5,2318.75,2362.5,14494000
31/01/2024,2387.5,2425,2356.25,2393.75,10421600
01/02/2024,2337.5,2437.5,2337.5,2393.75,8114400
02/02/2024,2393.75,2425,2368.75,2406.25,4478000
05/02/2024,2412.5,2425,2343.75,2387.5,4580800
06/02/2024,2387.5,2393.75,2356.25,2368.75,8101200
07/02/2024,2368.75,2393.75,2350,2375,13508400
12/02/2024,2375,2493.75,2368.75,2450,22532800
13/02/2024,2456.25,2487.5,2443.75,2450,5864400
15/02/2024,2450,2525,2450,2500,14058400
16/02/2024,2500,2506.25,2437.5,2450,9950800
19/02/2024,2450,2468.75,2375,2393.75,11270800
20/02/2024,2393.75,2431.25,2393.75,2412.5,9032800
21/02/2024,2431.25,2468.75,2418.75,2468.75,7176400
22/02/2024,2468.75,2675,2468.75,2668.75,89994000
23/02/2024,2668.75,2737.5,2662.5,2737.5,16728000
26/02/2024,2743.75,2743.75,2587.5,2662.5,40823200
27/02/2024,2662.5,2706.25,2550,2662.5,49214000
28/02/2024,2675,2843.75,2662.5,2793.75,33844000
29/02/2024,2793.75,3062.5,2793.75,2856.25,70053600
01/03/2024,2856.25,2893.75,2781.25,2875,21182800
04/03/2024,2875,2968.75,2843.75,2900,31699600
05/03/2024,2900,2906.25,2850,2893.75,10336400
06/03/2024,2906.25,2906.25,2818.75,2875,40366400
07/03/2024,2875,2975,2868.75,2912.5,31882800
08/03/2024,2975,2975,2900,2918.75,10281600
13/03/2024,2918.75,3018.75,2837.5,3012.5,37580000
14/03/2024,3012.5,3018.75,2931.25,3000,20459200
15/03/2024,3000,3000,2912.5,2937.5,24336400
18/03/2024,2881.25,3012.5,2881.25,2975,18387200
19/03/2024,2975,3012.5,2943.75,3012.5,17076000
20/03/2024,3000,3006.25,2962.5,2987.5,18123600
21/03/2024,2987.5,2987.5,2868.75,2887.5,24443200
22/03/2024,2887.5,2931.25,2868.75,2900,5858400
25/03/2024,2925,2925,2868.75,2906.25,12998000
26/03/2024,2975,2975,2881.25,2925,17151600
27/03/2024,2925,2931.25,2687.5,2812.5,110243600
28/03/2024,2818.75,2875,2750,2793.75,16480800
01/04/2024,2793.75,2818.75,2718.75,2768.75,16538000
02/04/2024,2768.75,2768.75,2675,2725,31583200
03/04/2024,2725,2750,2700,2725,23298800
04/04/2024,2750,2812.5,2718.75,2768.75,14310800
05/04/2024,2775,2837.5,2737.5,2812.5,13042800
16/04/2024,2775,2825,2581.25,2725,39231200
17/04/2024,2737.5,2737.5,2637.5,2650,21334000
18/04/2024,2650,2712.5,2562.5,2675,26596800
19/04/2024,2675,2700,2587.5,2650,19945200
22/04/2024,2650,2687.5,2575,2575,21095200
23/04/2024,2562.5,2750,2556.25,2725,20426000
24/04/2024,2743.75,2812.5,2681.25,2781.25,18217600
25/04/2024,2781.25,2837.5,2731.25,2800,26966000
26/04/2024,2800,2818.75,2750,2775,10191200
29/04/2024,2781.25,2812.5,2712.5,2800,17820400
30/04/2024,2825,2850,2750,2750,16724000
02/05/2024,2750,2750,2662.5,2725,21053200
03/05/2024,2725,2725,2625,2656.25,15122800
06/05/2024,2631.25,2706.25,2618.75,2681.25,11666400
07/05/2024,2687.5,2700,2612.5,2625,20543600
08/05/2024,2625,2662.5,2600,2625,11873600
13/05/2024,2637.5,2693.75,2625,2656.25,20253600
14/05/2024,2693.75,2781.25,2625,2725,22175200
15/05/2024,2700,2750,2650,2700,15148800
16/05/2024,2700,2750,2681.25,2712.5,10672800
17/05/2024,2675,2725,2656.25,2693.75,10334800
20/05/2024,2712.5,2718.75,2581.25,2600,13949200
21/05/2024,2600,2625,2562.5,2562.5,10119600
22/05/2024,2587.5,2587.5,2518.75,2518.75,6682400
27/05/2024,2518.75,2525,2381.25,2450,25448800
28/05/2024,2425,2700,2425,2625,25319600
29/05/2024,2625,2656.25,2550,2606.25,17724400
30/05/2024,2587.5,2587.5,2518.75,2543.75,22060800
31/05/2024,2568.75,2606.25,2525,2550,17622800
03/06/2024,2518.75,2550,2462.5,2550,5300400
04/06/2024,2562.5,2675,2550,2593.75,15049600
05/06/2024,2575,2581.25,2543.75,2562.5,5964400
06/06/2024,2556.25,2581.25,2531.25,2543.75,9475200
07/06/2024,2543.75,2625,2543.75,2593.75,9521600
10/06/2024,2625,2625,2562.5,2606.25,4930800
11/06/2024,2643.75,2643.75,2587.5,2606.25,11692400
12/06/2024,2625,2625,2475,2506.25,20898800
13/06/2024,2512.5,2575,2500,2543.75,11445600
14/06/2024,2550,2575,2531.25,2543.75,10291200
19/06/2024,2556.25,2556.25,2500,2518.75,7243200
20/06/2024,2531.25,2575,2525,2562.5,7894400
21/06/2024,2562.5,2662.5,2556.25,2606.25,19315200
24/06/2024,2637.5,2675,2606.25,2625,11294400
25/06/2024,2625,2625,2550,2587.5,4408400
26/06/2024,2606.25,2625,2575,2606.25,6098400
27/06/2024,2606.25,2612.5,2575,2587.5,4883200
28/06/2024,2587.5,2675,2587.5,2675,16932400
01/07/2024,2681.25,2681.25,2593.75,2625,9128000
02/07/2024,2625,2631.25,2568.75,2593.75,11434000
03/07/2024,2612.5,2631.25,2593.75,2618.75,4621600
04/07/2024,2618.75,2631.25,2587.5,2612.5,8052000
05/07/2024,2606.25,2625,2562.5,2612.5,7552800
08/07/2024,2606.25,2625,2581.25,2625,6112800
09/07/2024,2625,2662.5,2618.75,2643.75,6667200
10/07/2024,2650,2781.25,2637.5,2750,16261600
11/07/2024,2750,2906.25,2750,2875,28732800
12/07/2024,2893.75,2925,2825,2850,20232800
15/07/2024,2850,2881.25,2806.25,2856.25,12752000
16/07/2024,2862.5,2962.5,2856.25,2912.5,15305600
17/07/2024,2937.5,2937.5,2887.5,2900,9446000
18/07/2024,2900,2993.75,2900,2956.25,14012000
19/07/2024,2943.75,2943.75,2862.5,2875,14097600
22/07/2024,2887.5,2987.5,2881.25,2987.5,10361600
23/07/2024,2987.5,2993.75,2862.5,2912.5,16897600
24/07/2024,2925,2993.75,2825,2850,24523200
25/07/2024,2850,2906.25,2818.75,2875,22548400
26/07/2024,2875,2931.25,2862.5,2925,8280800
29/07/2024,2931.25,2950,2906.25,2925,5310400
30/07/2024,2931.25,2931.25,2825,2850,15703600
31/07/2024,2875,2887.5,2762.5,2775,19299600
01/08/2024,2781.25,2781.25,2675,2675,22703200
02/08/2024,2675,2675,2562.5,2587.5,36084000
05/08/2024,2587.5,2618.75,2493.75,2550,16547600
06/08/2024,2581.25,2650,2537.5,2650,17120000
07/08/2024,2656.25,2693.75,2606.25,2693.75,15997600
08/08/2024,2712.5,2718.75,2581.25,2581.25,9983200
09/08/2024,2581.25,2600,2537.5,2550,11178400
12/08/2024,2600,2787.5,2581.25,2668.75,41574400
13/08/2024,2693.75,2768.75,2693.75,2750,31101600
14/08/2024,2756.25,2887.5,2712.5,2887.5,28512400
15/08/2024,2900,2943.75,2775,2800,29098800
16/08/2024,2812.5,2825,2781.25,2800,11067200
19/08/2024,2800,2806.25,2725,2756.25,10605600
20/08/2024,2762.5,2800,2750,2800,9990400
21/08/2024,2800,2806.25,2737.5,2737.5,11530800
22/08/2024,2737.5,2743.75,2606.25,2650,23975600
23/08/2024,2650,2668.75,2631.25,2650,14663600
26/08/2024,2650,2693.75,2606.25,2687.5,27213200
27/08/2024,2687.5,2687.5,2637.5,2681.25,15106800
28/08/2024,2681.25,2712.5,2643.75,2662.5,11843200
29/08/2024,2656.25,2656.25,2587.5,2587.5,19955600
30/08/2024,2587.5,2625,2531.25,2593.75,28227200
02/09/2024,2625,2662.5,2587.5,2587.5,30141200
03/09/2024,2587.5,2593.75,2537.5,2562.5,23250800
04/09/2024,2562.5,2693.75,2556.25,2693.75,30112800
05/09/2024,2693.75,2750,2650,2737.5,31947200
06/09/2024,2756.25,2800,2700,2725,25890400
09/09/2024,2725,2781.25,2700,2725,17241600
10/09/2024,2725,2787.5,2725,2737.5,17914400
11/09/2024,2737.5,2750,2681.25,2706.25,15225200
12/09/2024,2700,2731.25,2681.25,2718.75,6556000
13/09/2024,2718.75,2718.75,2693.75,2718.75,13735200
17/09/2024,2750,2750,2693.75,2706.25,7035600
18/09/2024,2712.5,2712.5,2650,2668.75,17596800
19/09/2024,2687.5,2687.5,2643.75,2662.5,16500400
20/09/2024,2650,2687.5,2625,2662.5,21991200
23/09/2024,2662.5,2737.5,2637.5,2737.5,17360000
24/09/2024,2737.5,2800,2712.5,2743.75,19935200
25/09/2024,2762.5,2781.25,2712.5,2768.75,9634400
26/09/2024,2781.25,2837.5,2750,2825,21788400
27/09/2024,2825,2837.5,2768.75,2825,12754800
30/09/2024,2825,2831.25,2718.75,2737.5,13456800
01/10/2024,2737.5,2775,2706.25,2725,11129600
02/10/2024,2718.75,2718.75,2593.75,2612.5,19490000
03/10/2024,2637.5,2650,2600,2637.5,10603200
04/10/2024,2637.5,2675,2625,2656.25,10680800
07/10/2024,2656.25,2687.5,2643.75,2675,7492800
08/10/2024,2675,2675,2612.5,2650,24920800
09/10/2024,2650,2656.25,2487.5,2487.5,45706400
10/10/2024,2500,2593.75,2450,2550,69296800
11/10/2024,2625,2656.25,2581.25,2600,21314800
14/10/2024,2650,2650,2510,2540,14415000
15/10/2024,2540,2570,2460,2490,22589900
16/10/2024,2500,2520,2460,2460,18613900
17/10/2024,2460,2490,2410,2410,35999100
18/10/2024,2410,2480,2380,2450,41630800
21/10/2024,2450,2500,2450,2470,14595700
22/10/2024,2480,2480,2400,2420,23850100
23/10/2024,2420,2480,2420,2470,14715200
24/10/2024,2470,2470,2430,2440,4211400
25/10/2024,2440,2440,2270,2300,28961300
28/10/2024,2300,2300,2160,2190,60525400
29/10/2024,2200,2340,2190,2320,54903200
30/10/2024,2340,2430,2310,2320,51051700
31/10/2024,2340,2500,2340,2500,37214200
01/11/2024,2500,2500,2380,2430,14181400
04/11/2024,2430,2430,2340,2410,11715700
05/11/2024,2400,2430,2350,2390,8962300
06/11/2024,2400,2400,2200,2250,29860100
07/11/2024,2260,2320,2210,2290,19950200
08/11/2024,2300,2310,2160,2180,35673900
11/11/2024,2180,2220,2120,2140,29329500
12/11/2024,2150,2210,2130,2200,23806200
13/11/2024,2210,2240,2190,2200,7698700
14/11/2024,2200,2270,2190,2240,11546200
15/11/2024,2260,2270,2180,2260,12441600
18/11/2024,2250,2260,2200,2240,7913200
19/11/2024,2260,2480,2250,2450,50132200
20/11/2024,2450,2450,2340,2380,20783400
21/11/2024,2380,2560,2340,2500,51295800
22/11/2024,2500,2520,2430,2440,13809600
25/11/2024,2460,2530,2460,2500,18996700
26/11/2024,2500,2520,2410,2440,10460800
28/11/2024,2440,2440,2350,2370,16613400
29/11/2024,2370,2440,2370,2400,12729600
02/12/2024,2450,2450,2360,2380,9255100
03/12/2024,2380,2540,2380,2510,22441700
04/12/2024,2520,2560,2490,2560,17621200
05/12/2024,2560,2560,2490,2530,9622300
06/12/2024,2530,2550,2470,2500,12534700
09/12/2024,2500,2520,2440,2480,10478300
10/12/2024,2480,2520,2420,2470,15994900
11/12/2024,2470,2540,2450,2480,14307400
12/12/2024,2480,2550,2450,2520,12749200
13/12/2024,2550,2630,2540,2630,56449100
16/12/2024,2620,2640,2570,2590,11828900
17/12/2024,2590,2590,2510,2550,6741100
18/12/2024,2550,2560,2430,2430,11161900
19/12/2024,2390,2430,2360,2380,15878100
20/12/2024,2380,2410,2290,2370,14369000
23/12/2024,2390,2520,2390,2480,8900200
24/12/2024,2480,2510,2440,2440,8375400
27/12/2024,2450,2510,2440,2460,6822200
30/12/2024,2460,2480,2380,2480,11097300
02/01/2025,2460,2460,2370,2380,14055700
03/01/2025,2400,2420,2380,2390,5456200
06/01/2025,2410,2410,2320,2350,14448700
07/01/2025,2350,2370,2320,2340,5080800
08/01/2025,2340,2370,2310,2340,6845000
09/01/2025,2340,2430,2340,2390,4544400
10/01/2025,2410,2410,2380,2380,2506400
13/01/2025,2380,2390,2340,2390,3847600
14/01/2025,2410,2410,2360,2360,3118000
15/01/2025,2360,2390,2350,2380,5435700
16/01/2025,2380,2380,2340,2350,5786100
17/01/2025,2350,2350,2270,2280,11054100
20/01/2025,2290,2310,2250,2250,5699500
21/01/2025,2260,2310,2260,2290,5291400
22/01/2025,2300,2340,2290,2300,9231700
23/01/2025,2320,2360,2300,2330,13081300
24/01/2025,2330,2370,2310,2330,6047500
30/01/2025,2330,2330,2250,2290,6271400
31/01/2025,2330,2340,2290,2310,14427200
03/02/2025,2310,2310,2210,2240,18361900
04/02/2025,2240,2270,2220,2250,18326000
05/02/2025,2260,2260,2200,2230,9938400
06/02/2025,2250,2250,2150,2190,13348300
07/02/2025,2200,2230,2160,2220,3139100
10/02/2025,2220,2230,1905,1920,32268900
11/02/2025,1920,1920,1580,1625,128399400
12/02/2025,1635,1760,1610,1740,56036000
13/02/2025,1750,1755,1680,1735,27100000
14/02/2025,1745,1750,1700,1705,19760300
17/02/2025,1700,1765,1695,1740,20808800
18/02/2025,1740,1770,1725,1730,21608100
19/02/2025,1730,1730,1675,1700,35882300
20/02/2025,1700,1850,1700,1755,57943700
21/02/2025,1775,1795,1720,1730,15661100
24/02/2025,1730,1735,1665,1675,20609600
25/02/2025,1690,1690,1610,1615,22161900
26/02/2025,1630,1640,1550,1625,22083200
27/02/2025,1640,1645,1570,1585,17873600
28/02/2025,1585,1585,1470,1480,39963500
03/03/2025,1510,1615,1505,1600,26227400
04/03/2025,1600,1610,1545,1570,25027300
05/03/2025,1605,1630,1580,1580,24717800
06/03/2025,1585,1595,1530,1540,43035100
07/03/2025,1540,1555,1535,1540,14592500
10/03/2025,1540,1555,1510,1540,17374200
11/03/2025,1560,1560,1505,1515,24721800
12/03/2025,1515,1545,1505,1530,16425300
13/03/2025,1545,1555,1515,1530,13951300
14/03/2025,1530,1585,1510,1570,19188100
17/03/2025,1575,1605,1565,1595,16203100
18/03/2025,1595,1595,1480,1515,24932700
19/03/2025,1520,1520,1465,1470,33901000
20/03/2025,1480,1490,1400,1410,29414400
21/03/2025,1415,1425,1330,1335,44726500
24/03/2025,1335,1415,1310,1415,40493200
25/03/2025,1415,1465,1390,1460,18255800
26/03/2025,1460,1540,1460,1510,22649100
27/03/2025,1510,1520,1450,1455,18572300
08/04/2025,1350,1350,1240,1255,38192800
09/04/2025,1255,1365,1255,1350,56227700
10/04/2025,1415,1485,1405,1455,53545000
11/04/2025,1455,1460,1410,1435,29860100
14/04/2025,1470,1520,1465,1505,26466000
15/04/2025,1515,1590,1510,1570,26007300
16/04/2025,1570,1630,1570,1595,26783500
17/04/2025,1600,1775,1595,1735,58742600
21/04/2025,1735,1760,1640,1680,42611600
22/04/2025,1690,1735,1680,1725,22362900
23/04/2025,1740,1755,1710,1735,18944500
24/04/2025,1735,1855,1735,1855,42670900
25/04/2025,1870,1885,1830,1845,22223300
28/04/2025,1850,1940,1830,1850,37674400
29/04/2025,1855,2030,1845,1935,92888700
30/04/2025,1950,2040,1700,1750,99538400
02/05/2025,1895,1940,1830,1890,79438300
05/05/2025,1910,1975,1865,1915,25967500
06/05/2025,1925,1965,1910,1950,27720500
07/05/2025,1950,1955,1910,1950,29363700
08/05/2025,1950,1955,1855,1865,22152200
09/05/2025,1865,1900,1790,1820,26088800
14/05/2025,1855,1915,1845,1885,16648000
15/05/2025,1890,1980,1890,1960,28935600
16/05/2025,1970,2020,1920,2020,41016900
19/05/2025,2020,2130,2010,2100,28894000
20/05/2025,2120,2160,2000,2050,26534500
21/05/2025,2060,2140,2040,2100,23125400
22/05/2025,2120,2130,2070,2080,13825200
23/05/2025,2100,2130,2080,2120,7605100
26/05/2025,2120,2130,2090,2090,12912500
27/05/2025,2120,2200,2110,2150,15258300
28/05/2025,2160,2180,2090,2090,20327200
02/06/2025,2090,2110,2010,2070,19769200
03/06/2025,2040,2080,2010,2080,17367600
04/06/2025,2090,2100,2030,2070,15379400
05/06/2025,2070,2090,2030,2080,8142900
10/06/2025,2080,2130,2080,2110,14890500
11/06/2025,2120,2130,2070,2100,9833800
12/06/2025,2030,2120,2010,2060,13853400
13/06/2025,2070,2110,2070,2090,16283400
16/06/2025,2080,2110,2080,2090,9771200
17/06/2025,2100,2110,2080,2090,10767600
18/06/2025,2090,2100,2070,2090,9590800
19/06/2025,2090,2190,2080,2090,16619500
20/06/2025,2090,2120,2080,2100,18810900
23/06/2025,2090,2090,1900,2020,18392000
24/06/2025,2040,2090,2040,2060,8504200
25/06/2025,2060,2070,2050,2050,3032100
26/06/2025,2060,2120,2040,2090,27008900
30/06/2025,2120,2160,2090,2090,23126600
01/07/2025,2130,2150,2100,2100,3308500
02/07/2025,2120,2170,2090,2120,14476600
03/07/2025,2140,2150,2070,2110,9957800
04/07/2025,2110,2120,2080,2090,6765000
07/07/2025,2100,2110,2070,2080,11085600
08/07/2025,2100,2120,2080,2110,7519700
09/07/2025,2110,2120,2070,2090,8809700
10/07/2025,2090,2110,2090,2100,3475500
11/07/2025,2110,2120,2090,2100,9712000
14/07/2025,2110,2120,2030,2050,9066600
15/07/2025,2060,2070,2030,2040,15399800
16/07/2025,2070,2140,2050,2090,14070500
17/07/2025,2100,2290,2100,2260,28948600
18/07/2025,2270,2380,2250,2350,32344500
21/07/2025,2360,2470,2360,2450,21925500
22/07/2025,2460,2520,2430,2460,24710600
23/07/2025,2470,2480,2280,2310,15163600
24/07/2025,2330,2340,2260,2290,12100400
25/07/2025,2280,2280,2240,2270,7120100
28/07/2025,2280,2320,2260,2280,9391400
29/07/2025,2280,2310,2250,2270,11985400
30/07/2025,2270,2270,2140,2160,23752300
31/07/2025,2160,2250,2130,2200,27911200
01/08/2025,2250,2310,2220,2290,9876200
04/08/2025,2290,2290,2220,2220,11405400
05/08/2025,2240,2250,2200,2210,9025700
06/08/2025,2250,2280,2220,2280,5881600
07/08/2025,2290,2300,2250,2290,7181600
08/08/2025,2290,2380,2240,2270,7688300
11/08/2025,2230,2260,2160,2260,5765400
12/08/2025,2260,2330,2240,2310,7796800
13/08/2025,2310,2370,2260,2260,20869800
14/08/2025,2260,2300,2220,2220,15715100
15/08/2025,2200,2250,2160,2180,18176100
19/08/2025,2180,2240,2180,2210,11303300
20/08/2025,2200,2220,2200,2210,7219700
21/08/2025,2170,2190,2150,2170,8840000
22/08/2025,2160,2190,2090,2090,18725800
25/08/2025,2080,2120,2050,2060,14888700
26/08/2025,2060,2100,2060,2080,7845400
27/08/2025,2080,2090,2030,2080,10870100
28/08/2025,2080,2080,2010,2020,14567700
29/08/2025,2020,2060,1985,2020,26918200
01/09/2025,2000,2020,1850,1995,24703800
02/09/2025,1995,2040,1955,1965,21217400
03/09/2025,1980,1995,1935,1950,32751200
04/09/2025,1960,1975,1950,1965,7376500
08/09/2025,1970,1990,1910,1925,14405200
