Date,Open,High,Low,Close,Volume
18/12/2007,16000,19600,16000,19600,454500
19/12/2007,20100,20100,18900,19000,124700
26/12/2007,19350,19350,18450,18550,31495
27/12/2007,18600,19050,18600,19000,48070
28/12/2007,19000,19050,18550,18900,15930
02/01/2008,18900,18900,18100,18150,27680
03/01/2008,18200,18300,18050,18150,21905
04/01/2008,18300,18800,18300,18750,12550
07/01/2008,18650,20850,18650,20800,78135
08/01/2008,21000,21500,20300,20600,43480
09/01/2008,20400,21000,20300,20850,37270
14/01/2008,21000,22850,20900,22000,98960
15/01/2008,22500,23300,21800,22000,81410
16/01/2008,21600,22200,21300,22000,90745
17/01/2008,22100,24300,22100,24250,59525
18/01/2008,23750,25000,23300,24450,61560
21/01/2008,23800,24800,22550,22850,39295
22/01/2008,21500,21850,20800,21850,138680
23/01/2008,23000,24100,22200,23600,42580
24/01/2008,24300,24500,23700,23800,19820
25/01/2008,24000,25450,24000,25250,70855
28/01/2008,25150,28050,24900,27800,63640
29/01/2008,28000,29500,28000,29150,53215
30/01/2008,29250,29500,28050,28800,14415
31/01/2008,29300,29300,28200,28300,29010
01/02/2008,28800,28800,26000,27000,38920
04/02/2008,28000,28900,26950,27000,29995
05/02/2008,27500,29000,27500,28150,91250
06/02/2008,27800,27900,27050,27600,31405
11/02/2008,27600,27600,26200,26250,25640
12/02/2008,27000,27200,24750,25950,32595
13/02/2008,26300,26300,25150,25350,19510
14/02/2008,25700,27000,25700,26800,28130
15/02/2008,26600,28550,26600,28400,53215
18/02/2008,28750,29900,28500,29900,62815
19/02/2008,30000,30850,29700,30500,32725
20/02/2008,31000,31000,28500,29100,19945
21/02/2008,29600,30000,29200,29500,14415
22/02/2008,29100,29700,29000,29450,10280
25/02/2008,29850,30000,29250,29550,8300
26/02/2008,29800,29800,28900,28900,8315
27/02/2008,29000,29200,27600,27800,39730
28/02/2008,27800,28200,27300,27550,21475
29/02/2008,28000,28000,27450,27600,19600
03/03/2008,27000,27500,26500,27200,11350
04/03/2008,27500,28100,26900,27750,27295
05/03/2008,27950,28250,27250,27500,29105
06/03/2008,28000,28000,27300,27400,17275
10/03/2008,27000,27000,25500,25700,31430
11/03/2008,25700,25700,23700,24800,51375
12/03/2008,25700,26400,25100,25100,21690
13/03/2008,24800,24800,22800,22900,37050
14/03/2008,23500,23500,21350,21900,61985
17/03/2008,19500,20700,19300,20550,23700
18/03/2008,21000,21000,19700,20300,56980
19/03/2008,20800,20900,18600,18650,56275
24/03/2008,18750,19500,18400,19200,25515
25/03/2008,19500,20500,19300,20100,31275
26/03/2008,20100,21150,20100,20500,32535
27/03/2008,20100,20850,20000,20650,17885
28/03/2008,20700,21400,20350,20750,17765
31/03/2008,20750,21000,20300,20500,9655
01/04/2008,20600,20950,19500,20100,8065
02/04/2008,20500,20600,18900,18950,11195
03/04/2008,18500,19000,17650,17900,34130
04/04/2008,18200,19600,18200,19000,16320
07/04/2008,19300,22750,19150,22400,39190
08/04/2008,22400,23600,22400,22900,28615
09/04/2008,22900,23750,21800,22900,26730
10/04/2008,23000,23350,22550,22800,15880
11/04/2008,23200,23500,22850,23300,13970
14/04/2008,22600,23000,22200,22300,12080
15/04/2008,22700,24000,22700,23750,39250
16/04/2008,24000,24500,23750,23900,33720
17/04/2008,24300,25100,24200,24200,26195
18/04/2008,24450,24650,23450,23900,5285
21/04/2008,24500,24600,23700,23900,6210
22/04/2008,23900,23900,22950,22950,10530
23/04/2008,22950,24650,22900,24450,20145
24/04/2008,24550,24800,23800,24000,18395
25/04/2008,24000,24000,22800,23500,21130
28/04/2008,23500,23600,22550,22750,19475
29/04/2008,22750,23100,22600,22800,52785
30/04/2008,22700,23200,22350,23200,20800
05/05/2008,22500,22800,22500,22750,4340
06/05/2008,22800,24200,22800,23950,34355
07/05/2008,24100,25550,24000,25400,45615
08/05/2008,25400,25500,24400,25400,20350
09/05/2008,25700,25700,24750,24900,3030
12/05/2008,24900,24950,24600,24750,560
13/05/2008,25100,25200,24750,24800,15365
14/05/2008,25100,25250,24800,24900,12650
15/05/2008,25000,25350,24900,25100,9875
16/05/2008,25200,25950,25200,25950,21540
21/05/2008,27400,30500,27400,30500,82560
22/05/2008,30500,31800,29700,30950,32390
23/05/2008,31000,32200,28800,29500,58885
26/05/2008,29400,30500,29000,29350,13680
27/05/2008,29400,30200,29400,29900,8400
28/05/2008,30100,31900,30000,31700,27200
29/05/2008,32000,34450,32000,34250,44800
30/05/2008,34250,35550,33500,35000,55970
02/06/2008,35000,36500,35000,35700,43745
03/06/2008,35100,35100,33000,33750,34320
04/06/2008,33800,34100,31900,31950,49350
05/06/2008,31800,32800,31400,32800,35625
06/06/2008,33300,33950,33300,33800,29920
09/06/2008,33800,34600,33400,34050,13960
10/06/2008,34050,34400,33100,33300,9950
11/06/2008,33400,33600,32700,33000,3450
12/06/2008,32600,33400,32600,33000,8170
13/06/2008,33500,34250,33500,33800,5285
16/06/2008,33900,34000,32900,32900,3520
17/06/2008,33000,33300,32850,32850,16355
18/06/2008,32700,33300,32700,33050,8440
19/06/2008,33050,34850,33050,34500,19110
20/06/2008,34900,35200,33100,33750,9160
23/06/2008,33750,34500,33750,34300,4395
24/06/2008,34300,35200,34300,35100,13070
25/06/2008,35100,35100,34000,34150,3600
26/06/2008,34200,34600,33600,33750,10660
27/06/2008,33750,34000,33400,33550,8285
30/06/2008,33900,33900,33550,33650,10780
01/07/2008,33950,34750,33950,34550,12495
02/07/2008,34350,34700,34100,34500,12105
03/07/2008,33500,33500,30000,31700,60945
04/07/2008,32500,33050,32000,33000,14045
07/07/2008,33500,33950,32500,32750,6495
08/07/2008,32500,32750,31600,32000,8350
09/07/2008,32000,32500,30350,30500,24795
10/07/2008,30500,31250,28500,30000,17600
11/07/2008,30300,31200,29800,31000,10300
14/07/2008,31500,32600,31300,32500,11805
15/07/2008,32600,33700,32600,33050,10330
16/07/2008,33050,33500,32000,32000,8320
17/07/2008,32200,32450,31250,31650,17240
18/07/2008,31650,31700,28500,29400,23725
21/07/2008,30000,30500,29600,30150,17920
22/07/2008,30150,30400,29700,29950,5985
23/07/2008,29950,29950,28700,28700,14930
24/07/2008,28000,28450,26600,28100,22165
25/07/2008,27900,28100,27550,28100,13800
28/07/2008,28100,28350,27600,27950,7770
29/07/2008,28000,28850,28000,28450,9190
31/07/2008,28700,29350,28700,29300,33695
01/08/2008,29300,29650,29000,29350,17735
04/08/2008,29100,29100,28200,28450,19875
05/08/2008,28400,28400,25400,25850,22065
06/08/2008,26100,26500,25100,25150,11210
07/08/2008,25450,25800,25250,25600,7155
08/08/2008,25600,27300,25600,27200,30590
11/08/2008,27250,27250,26000,26600,14980
12/08/2008,26500,26550,25000,25000,14095
13/08/2008,24700,25000,22700,22750,11470
14/08/2008,23850,24250,23600,24050,20100
15/08/2008,23800,23800,22650,23000,10155
19/08/2008,22800,22800,22100,22300,5715
20/08/2008,22900,23300,22850,23200,10190
21/08/2008,23500,24650,23500,24500,11985
22/08/2008,25100,26200,25100,25750,14975
25/08/2008,25500,25500,25000,25450,10475
26/08/2008,25600,25700,25350,25650,4970
27/08/2008,26150,26500,25800,26300,6605
28/08/2008,27000,27700,26800,27350,14455
29/08/2008,27500,27650,27400,27550,4955
01/09/2008,27550,27700,27400,27600,2965
02/09/2008,27000,27100,26950,27000,14045
03/09/2008,26900,26900,25800,25850,14070
04/09/2008,24700,25000,24450,24650,17735
05/09/2008,24150,24900,23000,24900,14165
08/09/2008,26000,26500,25000,25150,10910
09/09/2008,25100,25100,23500,23800,6060
10/09/2008,23300,23300,19900,20050,19775
11/09/2008,20000,21900,20000,20550,17800
12/09/2008,21500,22000,20200,20750,10805
15/09/2008,20600,20750,19500,19700,2795
16/09/2008,18300,19400,16000,19400,10695
17/09/2008,20000,20600,18100,18350,11840
18/09/2008,17500,19300,17500,18950,7120
19/09/2008,19500,21600,19500,21600,16415
22/09/2008,22300,23100,21800,22050,8335
23/09/2008,21500,23350,21500,22000,12840
24/09/2008,22000,22350,22000,22050,7295
25/09/2008,22000,22050,21800,22000,12405
26/09/2008,22100,22300,22000,22050,3165
06/10/2008,21600,21600,17300,17300,8625
07/10/2008,16000,16550,15600,15800,23925
08/10/2008,14800,14800,12650,12650,1255
13/10/2008,12800,12800,11400,11700,33080
14/10/2008,11700,12850,11400,12850,19355
15/10/2008,12650,12800,11600,11600,13315
16/10/2008,10500,10700,10450,10450,6745
17/10/2008,10500,10500,9450,9450,7740
20/10/2008,9300,10200,9100,10000,3030
21/10/2008,10200,10550,10150,10400,7105
22/10/2008,10100,10200,9850,9950,3075
23/10/2008,9000,9000,9000,9000,6640
24/10/2008,8100,8100,8100,8100,295
27/10/2008,7300,7300,7300,7300,2260
28/10/2008,6600,6600,6600,6600,40200
29/10/2008,6600,6850,5950,5950,44745
30/10/2008,5950,6500,5900,6500,113030
31/10/2008,6500,7750,6200,7700,52095
03/11/2008,9000,9200,9000,9200,5700
04/11/2008,9200,10900,9100,9700,37630
05/11/2008,10200,10900,9000,9450,30495
06/11/2008,8950,8950,8550,8550,11095
07/11/2008,8000,8950,7750,8600,29250
10/11/2008,9100,9300,8550,8700,25805
11/11/2008,8500,9350,8300,9350,17060
12/11/2008,9350,9450,8850,9100,10575
13/11/2008,8600,8850,8200,8350,10190
14/11/2008,8700,9000,8400,8650,10365
17/11/2008,8650,8800,8150,8300,10345
18/11/2008,7800,8350,7650,8100,11700
19/11/2008,8200,8400,7450,7500,14005
20/11/2008,7000,7100,6800,7000,6805
21/11/2008,6750,7400,6450,7150,27425
24/11/2008,7150,7300,6800,7150,8525
25/11/2008,7500,8550,7500,7700,27785
26/11/2008,7900,8350,7800,8200,12390
27/11/2008,8400,8750,8200,8500,13745
28/11/2008,8650,9950,8650,9800,17735
01/12/2008,10000,10200,9150,9200,15310
02/12/2008,8800,9000,8350,8550,21020
03/12/2008,8600,8900,8350,8500,13825
04/12/2008,8600,8700,8350,8600,13250
05/12/2008,8500,8550,8050,8050,9420
09/12/2008,8300,9150,8300,9000,15055
10/12/2008,9000,10100,9000,10000,16125
11/12/2008,10000,11700,10000,11250,31260
12/12/2008,11000,11800,10150,10500,22630
15/12/2008,11000,11600,11000,11150,6180
16/12/2008,11150,11200,10700,10750,10570
17/12/2008,11000,11150,10650,10650,14730
18/12/2008,10650,11000,10300,10900,9720
19/12/2008,10700,11300,10600,11250,26340
22/12/2008,11250,11250,10400,10750,7155
23/12/2008,10750,11050,10600,11000,5430
24/12/2008,10800,11100,10700,10700,3650
30/12/2008,10500,10800,10500,10500,4490
05/01/2009,10700,12600,10700,12550,20410
06/01/2009,12600,12800,12000,12400,14795
07/01/2009,12550,12800,11900,12000,15205
08/01/2009,11500,11800,11400,11800,2300
09/01/2009,11900,12200,11800,12100,5045
12/01/2009,11900,12100,11650,11800,10380
13/01/2009,11800,11800,11500,11600,9945
14/01/2009,11950,11950,11650,11700,2110
15/01/2009,11100,11200,11000,11100,7015
16/01/2009,11100,11250,10700,10800,8765
19/01/2009,10900,11000,9900,9900,30600
20/01/2009,9800,9800,9350,9400,19500
21/01/2009,9250,9350,9100,9150,12710
22/01/2009,9300,9500,9250,9400,5160
23/01/2009,9200,9300,9150,9250,2740
27/01/2009,9500,10050,9400,10000,13895
28/01/2009,10000,10050,9600,9750,3840
29/01/2009,10000,10000,9650,9800,9090
30/01/2009,9600,10000,9600,9900,10245
02/02/2009,9800,9900,9600,9800,5515
03/02/2009,9700,9850,9700,9800,4060
04/02/2009,9850,9850,9700,9750,1810
05/02/2009,9750,9900,9700,9750,3065
06/02/2009,9850,10350,9850,10250,16480
09/02/2009,10400,10400,9900,10050,10210
10/02/2009,10100,10100,9900,9950,4585
11/02/2009,9500,10300,9500,10000,8045
12/02/2009,10050,10200,9800,9900,1590
13/02/2009,10050,10050,9900,10000,970
16/02/2009,10000,10100,9900,9950,1050
17/02/2009,9950,10150,9850,9850,2155
18/02/2009,9800,9950,9750,9850,4030
19/02/2009,9800,9800,9500,9600,13245
20/02/2009,9750,9750,9350,9550,11460
23/02/2009,9550,9600,9400,9600,2020
24/02/2009,9400,9500,9400,9450,3665
25/02/2009,9600,9650,9400,9550,6715
26/02/2009,9550,10050,9450,9600,59165
27/02/2009,9650,9850,9450,9500,44485
02/03/2009,9500,9500,9100,9150,10145
03/03/2009,9100,9350,9050,9150,15945
04/03/2009,9200,9750,9200,9700,25985
05/03/2009,9900,10000,9650,9650,28765
06/03/2009,9650,9750,9600,9750,3975
10/03/2009,9850,9900,9800,9850,11840
11/03/2009,10000,10050,9800,9850,8480
12/03/2009,9900,9950,9800,9900,7760
13/03/2009,10000,10000,9850,9850,2940
16/03/2009,9850,9850,9700,9750,1125
17/03/2009,9850,9850,9650,9750,695
18/03/2009,9850,9950,9750,9800,2710
19/03/2009,9850,9900,9800,9800,1780
20/03/2009,9850,10150,9850,9900,14765
23/03/2009,9900,10200,9900,10100,36430
24/03/2009,10200,10300,10000,10150,26945
25/03/2009,10150,10150,9800,9900,11270
27/03/2009,10000,10300,10000,10100,36405
30/03/2009,10000,10100,9750,9900,17260
31/03/2009,9900,9950,9850,9900,8560
01/04/2009,10000,10050,9900,9950,15955
02/04/2009,10050,10150,9850,9950,55915
03/04/2009,9950,10450,9950,10050,92905
06/04/2009,10100,11950,10100,11850,312020
07/04/2009,11700,12150,11350,11850,168780
08/04/2009,11700,12300,11700,12100,118945
13/04/2009,12300,14500,12300,14500,94770
14/04/2009,14800,14950,13650,13850,65470
15/04/2009,13700,14450,13500,13800,61580
16/04/2009,14100,15150,13900,15050,111695
17/04/2009,15200,15950,14550,14750,81430
20/04/2009,14900,15000,14350,14600,26095
22/04/2009,14400,15300,14150,14250,55255
23/04/2009,14350,14650,14100,14450,13675
24/04/2009,14500,14500,13700,14000,35470
27/04/2009,14000,14200,13600,13700,12170
28/04/2009,13700,14500,13700,14250,39930
29/04/2009,14400,14950,14250,14800,45500
30/04/2009,15100,15300,14850,15100,29200
01/05/2009,15200,15750,14850,15050,26370
04/05/2009,15500,16400,15400,15850,47745
05/05/2009,16000,17950,16000,17600,75770
06/05/2009,17600,18200,17400,17750,31845
07/05/2009,18200,18500,18050,18450,19900
08/05/2009,18750,18800,18450,18650,17255
11/05/2009,18700,19250,18500,18800,24275
12/05/2009,18200,18400,17400,17950,24940
13/05/2009,18300,19000,17950,18650,25505
14/05/2009,18250,18450,17200,17350,29205
15/05/2009,17600,17950,16250,17000,21925
18/05/2009,16250,17350,16000,17050,23415
19/05/2009,17500,18250,17500,18200,17695
20/05/2009,18500,18600,17900,18250,15375
22/05/2009,18250,18350,17900,18100,12895
25/05/2009,18300,18600,18100,18350,6740
26/05/2009,18300,18300,17650,17700,9945
27/05/2009,18000,18250,17650,17750,13235
28/05/2009,17600,18600,17600,18100,17485
29/05/2009,18300,19700,18300,19500,35470
01/06/2009,19850,22200,19850,22000,26700
02/06/2009,22300,23100,21500,21900,26090
03/06/2009,21900,22300,21600,22000,13635
04/06/2009,21800,22150,21600,21650,11850
05/06/2009,22150,22900,22150,22300,14575
08/06/2009,22600,23200,22500,22900,21210
09/06/2009,23000,23150,22800,22850,7775
10/06/2009,23150,23700,23150,23500,10235
11/06/2009,23500,23700,22900,22950,4270
12/06/2009,23200,23550,23100,23200,11760
15/06/2009,23000,23200,21800,22000,21715
16/06/2009,21700,21700,20250,20850,44700
17/06/2009,20950,21050,20500,20550,18205
18/06/2009,20500,20650,19800,20000,15350
19/06/2009,20250,21100,18900,21100,22650
22/06/2009,21000,21300,19950,20000,14905
23/06/2009,18800,18950,18100,18400,29670
24/06/2009,18600,19250,18450,19100,29535
25/06/2009,19200,20350,19150,19950,33100
26/06/2009,20500,20600,19900,19900,10860
29/06/2009,20000,20300,19700,20200,6520
30/06/2009,20500,20850,19700,19950,11195
01/07/2009,20000,20100,19650,19950,7180
02/07/2009,20050,20100,19700,19700,7570
03/07/2009,19200,19600,19100,19550,5775
06/07/2009,19350,19350,18450,18450,16165
07/07/2009,18600,19900,18600,19850,28140
09/07/2009,19850,20100,19350,19450,17985
10/07/2009,19500,19750,18550,18600,33640
13/07/2009,18500,18500,17450,17800,40110
14/07/2009,18100,18350,17750,18250,29390
15/07/2009,18500,19250,18300,19200,34645
16/07/2009,19550,19850,19450,19600,41435
17/07/2009,19400,19650,19000,19500,22340
21/07/2009,19850,21000,19850,20950,47145
22/07/2009,21000,21750,20800,21500,36875
23/07/2009,21600,21850,21600,21750,17400
24/07/2009,22000,22100,21800,21950,15005
27/07/2009,22050,22200,21900,22050,26295
28/07/2009,22000,23950,22000,23700,52170
29/07/2009,23500,24250,23100,24150,27095
30/07/2009,24100,25400,24000,25250,23695
31/07/2009,25400,26950,25400,26500,19035
03/08/2009,26500,26950,25900,26250,13840
04/08/2009,26750,27800,26750,27600,28585
05/08/2009,27600,27800,25500,25850,42320
06/08/2009,26000,26400,25800,25900,35085
07/08/2009,25800,25800,24700,24800,33310
10/08/2009,25100,25500,24100,24400,51465
11/08/2009,24500,24950,24350,24450,31890
12/08/2009,24400,24950,24000,24600,36305
13/08/2009,24950,25250,24750,25050,39105
14/08/2009,25250,25400,24750,24800,14460
18/08/2009,24200,24200,23400,23950,57535
19/08/2009,24050,24450,23150,23300,45745
20/08/2009,23700,24400,23400,24200,32010
21/08/2009,24400,24400,23600,23850,10775
24/08/2009,24400,25300,24400,25200,40515
25/08/2009,25100,25100,24600,25100,18400
26/08/2009,25100,25300,24250,24450,26825
27/08/2009,24100,24300,23850,23950,21775
28/08/2009,24000,24100,23750,24100,14335
31/08/2009,23900,24450,23500,24400,23190
01/09/2009,24700,24700,23600,23700,12250
02/09/2009,23400,23400,22750,23000,24285
03/09/2009,23000,23500,23000,23450,16200
04/09/2009,23600,24100,23600,24000,24140
07/09/2009,24150,24150,23650,24050,3565
08/09/2009,24000,24100,23700,23950,20040
09/09/2009,24200,24200,23700,23700,17910
10/09/2009,23900,24050,23750,23750,12405
11/09/2009,23650,24050,23650,23850,7400
14/09/2009,23700,23850,23500,23550,5590
15/09/2009,23800,24450,23750,24300,19495
16/09/2009,24500,25000,24500,24800,33110
17/09/2009,25000,25300,24500,24600,25070
24/09/2009,24300,24550,24150,24200,10315
25/09/2009,24000,24100,23750,23800,14930
28/09/2009,23500,23700,23500,23500,8055
29/09/2009,24000,24250,23900,24200,14185
30/09/2009,24100,24300,23950,24250,8510
01/10/2009,24250,24250,23800,23800,16150
02/10/2009,23500,24100,23450,24050,16560
05/10/2009,24000,24200,23850,24200,12585
06/10/2009,24250,24300,24000,24050,17735
07/10/2009,24200,24300,23800,24000,17185
08/10/2009,24200,24200,23800,23850,7995
09/10/2009,23900,23950,23100,23250,59545
12/10/2009,23500,23800,23350,23700,30630
13/10/2009,23800,23850,23700,23750,11120
14/10/2009,23850,24400,23800,24400,22900
15/10/2009,24500,24600,24200,24250,34570
16/10/2009,24400,24400,24150,24300,13195
19/10/2009,24350,24450,24150,24300,22005
20/10/2009,24450,24450,24200,24300,32410
21/10/2009,23900,23900,23400,23550,19020
22/10/2009,23600,24100,23550,23600,44420
23/10/2009,23600,23800,23500,23650,12730
26/10/2009,23650,23800,23550,23750,8870
27/10/2009,23700,23700,23100,23100,22655
28/10/2009,23000,23000,21800,21900,41160
29/10/2009,21500,21500,20000,20850,73300
30/10/2009,21300,23050,21300,22750,87205
02/11/2009,22300,22550,21600,22450,29575
03/11/2009,22500,23100,22150,22200,21725
04/11/2009,22300,23650,22300,23600,36400
05/11/2009,23700,23750,23300,23600,21055
06/11/2009,23800,24000,23450,23600,18995
09/11/2009,23350,23600,23100,23300,6595
10/11/2009,23500,23600,23000,23000,16420
11/11/2009,23300,24650,23300,24600,84730
12/11/2009,24800,25300,24700,25100,96880
13/11/2009,25000,25700,24800,25650,42035
16/11/2009,25700,27350,25650,27300,69390
17/11/2009,27250,27650,26600,27050,26155
18/11/2009,27150,27650,26950,27000,19415
19/11/2009,27000,27200,26250,26450,10775
20/11/2009,26400,27000,26200,26750,12810
23/11/2009,26850,27250,26850,27150,17500
24/11/2009,27400,27800,27200,27700,39320
25/11/2009,27600,28150,27550,27600,21550
26/11/2009,27700,27900,27150,27200,21125
30/11/2009,27500,29100,27200,28700,103115
01/12/2009,29000,29500,28700,29500,15455
02/12/2009,29800,30000,29050,29050,7825
03/12/2009,29100,30000,29100,30000,14310
04/12/2009,30000,30300,29950,30250,9375
07/12/2009,30250,30300,29900,30000,6635
08/12/2009,29700,29700,28200,28900,23300
09/12/2009,28700,29100,28250,28550,10990
10/12/2009,28850,28950,28450,28700,6940
11/12/2009,28700,29050,28700,29000,12070
14/12/2009,28900,29600,28700,29500,23810
15/12/2009,29500,30400,29500,30000,18175
16/12/2009,30300,31850,30100,31800,27540
17/12/2009,32100,32100,31350,31400,8175
21/12/2009,31400,32000,30000,30400,12950
22/12/2009,30500,31100,30200,30200,10470
23/12/2009,30450,30650,30300,30600,1120
28/12/2009,30700,32000,30700,32000,4650
29/12/2009,32000,32200,31800,31950,2800
30/12/2009,32200,32300,31300,31800,5140
04/01/2010,32000,32250,31750,32050,12265
05/01/2010,32200,33500,32200,33300,15520
06/01/2010,33300,34300,32950,33000,17455
07/01/2010,33500,33500,32400,32600,9885
08/01/2010,32600,32950,32550,32650,18260
11/01/2010,32850,33650,32550,32950,11465
12/01/2010,32900,33800,32500,33500,13190
13/01/2010,33300,33300,32800,32800,15445
14/01/2010,33000,34000,33000,33800,31340
15/01/2010,33950,34500,33800,34200,20650
18/01/2010,34000,34000,33650,33700,11225
19/01/2010,33700,33700,33400,33550,10725
20/01/2010,33600,34150,33600,34150,11660
21/01/2010,34150,34250,33300,33400,13765
22/01/2010,33000,33000,31600,31700,54510
25/01/2010,31300,31500,30150,30250,45110
26/01/2010,30400,31150,30400,30900,33115
27/01/2010,31100,32200,31100,31950,31415
28/01/2010,32400,33150,31900,32000,37865
29/01/2010,31800,31800,31100,31400,26620
01/02/2010,31600,31850,30950,31100,17355
02/02/2010,31600,31800,31200,31300,10020
03/02/2010,31750,31850,31550,31800,9550
04/02/2010,31900,32300,31900,32050,18160
05/02/2010,31250,31250,30050,30100,71420
08/02/2010,30000,30000,28100,28950,77110
09/02/2010,28900,29800,28550,29650,37950
10/02/2010,30000,30200,28900,29000,23275
11/02/2010,29300,29800,28900,29750,23500
12/02/2010,30000,30950,29850,30850,43260
15/02/2010,31000,31000,30200,30550,8450
16/02/2010,30550,31050,30250,31000,13030
17/02/2010,31500,31650,31100,31450,15545
18/02/2010,31600,31600,30550,30600,21430
19/02/2010,30300,30450,29600,30000,30505
22/02/2010,30800,31400,30650,31150,30445
23/02/2010,31400,31850,31200,31750,26535
24/02/2010,31500,31700,31150,31350,9190
25/02/2010,31700,32000,31350,31600,19775
01/03/2010,32000,32350,31900,32150,31635
02/03/2010,32150,32250,31700,31900,10210
03/03/2010,32200,32200,31500,31600,10300
04/03/2010,32000,32400,31950,32050,15085
05/03/2010,32300,32350,32050,32200,6810
08/03/2010,32400,32450,32250,32350,9870
09/03/2010,32300,32950,32300,32850,14140
10/03/2010,32850,33050,32800,32900,9040
11/03/2010,33000,33050,32550,32800,9610
12/03/2010,32900,33100,32800,33000,14550
15/03/2010,33000,34350,32750,34150,28680
17/03/2010,34500,36300,34500,36150,27330
18/03/2010,36300,37000,36300,36750,18305
19/03/2010,36800,37750,36400,36400,23575
22/03/2010,36000,36200,35700,35800,11860
23/03/2010,36200,36900,35650,36250,17860
24/03/2010,36300,37050,36300,37000,10500
25/03/2010,37000,37250,36500,37250,11175
26/03/2010,37350,38750,37350,38500,22720
29/03/2010,38500,39750,38200,38600,10530
30/03/2010,38800,39600,38800,38950,8480
31/03/2010,38900,39750,37950,38050,16710
01/04/2010,38100,39050,38100,38500,8530
05/04/2010,38700,39000,38100,38750,8675
06/04/2010,38900,39500,38200,38300,12685
07/04/2010,38600,38800,38350,38600,7030
08/04/2010,38600,38600,37750,37900,10575
09/04/2010,38250,38450,37500,37750,11060
12/04/2010,38000,38350,37700,38200,5155
13/04/2010,38300,38300,38000,38200,1430
14/04/2010,38000,38300,38000,38050,5875
15/04/2010,38300,39300,38300,39250,14135
16/04/2010,39250,39750,39250,39450,12195
19/04/2010,38000,38850,37900,38200,18810
20/04/2010,38500,38800,38300,38350,10790
21/04/2010,38500,38650,38250,38300,8330
22/04/2010,38300,38750,38050,38750,7185
23/04/2010,38800,39000,38500,38900,4260
26/04/2010,39250,39400,39200,39250,6145
27/04/2010,39250,40450,39250,40300,19855
28/04/2010,39900,40350,39700,39850,19355
29/04/2010,40000,40600,39800,39900,14235
30/04/2010,39300,39300,38900,39050,14420
03/05/2010,39250,39300,38550,38800,6015
04/05/2010,39100,39100,38600,38650,8430
05/05/2010,38100,38150,36500,36650,20450
06/05/2010,36650,37050,35500,36000,20600
07/05/2010,35000,35200,34000,34300,25955
10/05/2010,35000,36400,35000,36150,24045
11/05/2010,36500,37200,36250,36450,58825
12/05/2010,36500,36950,36450,36800,7235
14/05/2010,36850,38150,36850,37950,22175
17/05/2010,37700,37700,36900,37600,11015
18/05/2010,37500,37800,36850,36900,11705
19/05/2010,36500,36550,34350,34800,21620
20/05/2010,35000,36000,33350,34100,29810
21/05/2010,32400,32600,31500,32150,26880
24/05/2010,32400,32800,30900,30900,24530
25/05/2010,30700,31000,29850,30200,13840
26/05/2010,30500,33250,30500,33250,14145
27/05/2010,32950,35100,31600,34150,24605
31/05/2010,34300,36750,34300,36000,26285
01/06/2010,36000,36000,35350,35550,15595
02/06/2010,35550,36450,34800,35000,12675
03/06/2010,35500,36000,34500,34650,17335
04/06/2010,34650,35200,34350,35150,5065
07/06/2010,33950,34850,33200,34600,11470
08/06/2010,35000,35450,34000,34200,7095
09/06/2010,34500,34900,34300,34900,2150
10/06/2010,35000,35500,34950,35500,7275
11/06/2010,36000,36200,35600,35600,4810
14/06/2010,35700,36100,35500,35700,2765
15/06/2010,35750,36450,35750,36100,7065
16/06/2010,36300,37350,36300,37100,12285
17/06/2010,37250,38450,37250,38350,14565
18/06/2010,38500,39000,38000,38700,8380
21/06/2010,39050,39450,38450,38450,10835
22/06/2010,38700,39000,38500,38500,5970
23/06/2010,38500,38600,37800,38600,3900
24/06/2010,38900,38950,37850,38000,2840
25/06/2010,38000,38250,37550,37800,2075
28/06/2010,37550,38500,37550,38500,3045
29/06/2010,38500,38500,37000,37700,8465
30/06/2010,36500,37900,36500,37150,5315
01/07/2010,37000,37700,36750,37700,4995
02/07/2010,37500,37500,37050,37100,1305
05/07/2010,37200,37350,36900,37000,4220
06/07/2010,37000,37700,37000,37700,4485
07/07/2010,37700,38650,37550,38450,11040
08/07/2010,38800,38900,38150,38150,9400
09/07/2010,38150,38850,38150,38850,8880
12/07/2010,38500,39200,37900,37900,3870
13/07/2010,38100,39000,38000,38050,5555
14/07/2010,38500,38750,38400,38600,2100
15/07/2010,38400,38400,37300,37750,9760
16/07/2010,37750,38400,37750,38200,5310
19/07/2010,38000,38100,37550,37650,2500
20/07/2010,38000,38300,37700,37800,3070
21/07/2010,37700,38350,37700,38350,6925
22/07/2010,38350,38800,38350,38350,8335
23/07/2010,38600,39150,38500,38550,4945
26/07/2010,38800,38900,37850,37850,5455
27/07/2010,38400,38650,38100,38400,8385
28/07/2010,38400,38450,38100,38150,2035
29/07/2010,38200,38200,37700,37800,6575
30/07/2010,37800,38400,37500,37500,7855
02/08/2010,37500,38300,37500,38050,4055
03/08/2010,38300,38600,37600,37700,10965
04/08/2010,37700,38500,37700,38500,4230
05/08/2010,38700,38700,38300,38600,3095
06/08/2010,38700,38700,38100,38700,2595
09/08/2010,38700,39150,38700,39150,11385
10/08/2010,39300,39300,38400,38800,2895
11/08/2010,38800,38900,37700,38100,3555
12/08/2010,37550,38350,37500,38100,7650
13/08/2010,38100,38650,38100,38650,4790
16/08/2010,38850,39050,38600,38650,6505
18/08/2010,38650,39450,38650,39450,8600
19/08/2010,39450,39750,39100,39500,6930
20/08/2010,39500,40250,39400,40100,13135
23/08/2010,40100,40450,40100,40450,4510
24/08/2010,40550,41000,39850,40300,8775
25/08/2010,40000,40400,39700,40000,11130
26/08/2010,40000,40200,39300,40000,5945
27/08/2010,40000,40000,39700,39950,3990
30/08/2010,40000,40250,39950,40250,3840
31/08/2010,40100,40150,39100,39200,11925
01/09/2010,39200,39300,39100,39300,8085
02/09/2010,37800,37800,36550,37100,115960
03/09/2010,37300,38600,37300,38000,62670
06/09/2010,37750,38400,37750,38250,22420
07/09/2010,38300,38400,37850,38200,14015
15/09/2010,38500,39000,38300,38350,41350
16/09/2010,38700,38800,38400,38600,14940
17/09/2010,38600,38900,38400,38650,25975
20/09/2010,38550,38550,37700,38200,15305
21/09/2010,38200,39000,38050,38900,22580
22/09/2010,38950,40100,38950,39300,30085
23/09/2010,39300,39700,38900,39250,11005
24/09/2010,39250,40100,39250,39800,37530
27/09/2010,40200,40700,40200,40350,31210
28/09/2010,40350,41750,40200,41400,48290
29/09/2010,41100,41500,40150,41450,21810
30/09/2010,41450,41650,41000,41600,16350
01/10/2010,41600,42000,40900,41600,7275
04/10/2010,41600,41950,41050,41400,6895
05/10/2010,41700,41800,41350,41800,7740
06/10/2010,42000,43600,42000,43150,25845
07/10/2010,43650,43650,42600,43200,9965
08/10/2010,43000,43600,42800,43250,11480
11/10/2010,43650,44250,42500,42700,8815
12/10/2010,42400,42900,42000,42650,8550
13/10/2010,43000,43650,43000,43650,14365
14/10/2010,43750,45100,43750,45100,11950
15/10/2010,45100,47800,45100,47500,7500
18/10/2010,47650,48000,44850,45550,9080
19/10/2010,45550,46900,45050,45500,4350
20/10/2010,44750,44750,43900,44300,16255
21/10/2010,44700,47200,44700,46500,18060
22/10/2010,46800,50100,46800,49500,23950
25/10/2010,50000,50050,49450,49900,7290
26/10/2010,50000,50000,48300,49000,10450
27/10/2010,49100,49100,46800,47550,8235
28/10/2010,47550,47550,46150,46400,8435
29/10/2010,46400,46400,44850,45200,17025
01/11/2010,45700,46000,45200,45550,10300
02/11/2010,45700,47250,45700,47250,15095
03/11/2010,47350,47950,46500,46500,14405
04/11/2010,46750,47500,46750,47450,10120
05/11/2010,47900,50500,47900,50500,23755
08/11/2010,50200,51000,49500,51000,28285
09/11/2010,51000,55300,51000,55000,16215
10/11/2010,55000,55000,52400,53500,13645
11/11/2010,53500,53950,52100,52200,16300
12/11/2010,51700,51700,49350,49900,26855
15/11/2010,49700,49800,49450,49700,8860
16/11/2010,49700,50000,49100,49550,9595
18/11/2010,49500,51100,49200,51050,10080
19/11/2010,51500,52000,51300,51750,10255
22/11/2010,51500,51500,50250,50800,13680
23/11/2010,50500,50500,49350,49450,12830
24/11/2010,49450,50500,48550,49550,8840
25/11/2010,50000,51600,50000,51250,14660
26/11/2010,51500,51800,50500,50750,8210
29/11/2010,50750,50750,50000,50400,3350
30/11/2010,50150,50150,48600,49050,22070
01/12/2010,49050,49100,46000,46900,42195
02/12/2010,47100,48000,46850,47750,33060
03/12/2010,48600,48700,46600,46800,16415
06/12/2010,47000,48500,47000,48500,20950
08/12/2010,48550,51550,48550,51500,38225
09/12/2010,51550,53000,51250,52750,28365
10/12/2010,53000,53000,52000,52350,11895
13/12/2010,52000,52000,51050,51450,12660
14/12/2010,51450,51600,49900,50700,15860
15/12/2010,50900,51400,50200,51000,14515
16/12/2010,51000,51050,49700,49800,15485
17/12/2010,49900,51000,47000,51000,12080
20/12/2010,50900,51700,50850,51000,4520
21/12/2010,51100,52950,50900,52300,10170
22/12/2010,52500,53000,51600,51600,8690
23/12/2010,51600,51600,50100,50350,9455
27/12/2010,50500,51900,50000,51850,10190
28/12/2010,52000,52000,50900,51100,7050
29/12/2010,51100,51100,50900,50950,7250
30/12/2010,51000,51000,50750,50750,14155
03/01/2011,50750,54400,50700,54300,27135
04/01/2011,54500,57950,54500,56500,26535
05/01/2011,56500,57000,54000,56800,21150
06/01/2011,56900,57000,55300,55500,13565
07/01/2011,55000,55000,52350,53500,16595
10/01/2011,53500,53500,51500,52000,22365
11/01/2011,52500,52900,52000,52200,19750
12/01/2011,52500,55250,52500,54600,17695
13/01/2011,55000,56950,55000,55700,15000
14/01/2011,55700,55700,53200,53350,20120
17/01/2011,53350,53400,50900,51800,34670
18/01/2011,51750,52500,51000,51650,19310
19/01/2011,51500,51750,50500,50950,26410
20/01/2011,50950,50950,48600,48850,21195
21/01/2011,48400,48400,43700,47900,54080
24/01/2011,47900,47900,45300,46050,30700
25/01/2011,46300,49100,46300,47800,36995
26/01/2011,47500,49700,47000,49400,21115
27/01/2011,49200,51600,48650,49400,34310
28/01/2011,48900,49900,47650,48000,15460
31/01/2011,47500,47500,46250,46300,20740
01/02/2011,47000,47900,47000,47200,12670
02/02/2011,48350,48350,46550,47400,7690
04/02/2011,47600,48300,47200,47450,8250
07/02/2011,47750,48000,46550,46650,14075
08/02/2011,46650,47100,46100,46350,15895
09/02/2011,46150,46700,45550,45800,12095
10/02/2011,45800,45800,44600,44650,24255
11/02/2011,44500,44650,43650,44250,31245
14/02/2011,44750,45350,44550,45200,17175
16/02/2011,45200,45400,44600,44900,15690
17/02/2011,45100,46500,44800,46350,20925
18/02/2011,46900,47500,46550,47200,23495
21/02/2011,46500,48650,46500,47950,21175
22/02/2011,47500,47500,46500,46600,13555
23/02/2011,46400,48600,46400,48600,22270
24/02/2011,48200,48200,46000,46100,36285
25/02/2011,46150,46250,44800,45200,27705
28/02/2011,45200,45800,44650,45700,16825
01/03/2011,45700,46400,45700,45850,9675
02/03/2011,45400,45400,44150,44200,38700
03/03/2011,44300,44700,41850,42100,89715
04/03/2011,42550,44250,39900,44250,101215
07/03/2011,44000,44000,42600,43100,23065
08/03/2011,43150,43800,42500,43800,33005
09/03/2011,43800,44400,43500,43850,29605
10/03/2011,43850,44100,43700,43850,17105
11/03/2011,43150,43700,42700,42850,13965
14/03/2011,43000,45650,42750,45500,59700
15/03/2011,45250,47350,44700,47000,72040
16/03/2011,47500,48000,46400,47250,49620
17/03/2011,46800,47200,46150,46400,25220
18/03/2011,46800,48250,46800,48250,34945
21/03/2011,48500,48600,47750,47900,20940
22/03/2011,47700,48600,47300,48400,15865
23/03/2011,48400,49900,48400,49800,26055
24/03/2011,49900,51000,49900,50650,30360
25/03/2011,50800,51400,48350,48400,31855
28/03/2011,48450,48500,46450,46550,39155
29/03/2011,46500,47300,46500,47300,17000
30/03/2011,47500,47900,46750,46900,21200
31/03/2011,47300,47300,46150,46200,25515
01/04/2011,46800,48100,46650,48100,40135
04/04/2011,48500,49600,48500,49500,27640
05/04/2011,49750,49800,48750,48850,8520
06/04/2011,48850,49450,48100,48700,18705
07/04/2011,48700,49100,48300,48700,12950
08/04/2011,48800,50000,48800,49850,25565
11/04/2011,49850,50250,49150,49350,13815
12/04/2011,49000,49100,47900,48100,22770
13/04/2011,48000,48500,47550,48500,21640
14/04/2011,48450,48450,47400,47600,33800
15/04/2011,47900,48750,47900,48750,18500
18/04/2011,48750,48950,47950,48200,14655
19/04/2011,47700,47800,47400,47700,18590
20/04/2011,47600,48200,47500,48000,13255
21/04/2011,48200,48300,47650,47800,12200
25/04/2011,47500,47700,47400,47600,4650
26/04/2011,47500,48000,47000,47100,20415
27/04/2011,47400,47500,47000,47150,15130
28/04/2011,47400,47550,46800,47050,15065
29/04/2011,47050,47350,46700,46800,15080
02/05/2011,46500,47300,46500,47200,9885
03/05/2011,47100,47400,47000,47150,10800
04/05/2011,47000,47300,46900,47050,9325
05/05/2011,46900,47750,46850,47700,17560
06/05/2011,47450,47450,47050,47350,15970
09/05/2011,47350,48000,47100,47600,14250
10/05/2011,47300,47600,47000,47100,13215
11/05/2011,47300,47550,47200,47500,15980
12/05/2011,47000,47300,46600,46600,16525
13/05/2011,46600,46850,45500,45950,44570
16/05/2011,45600,45600,44400,44700,39780
18/05/2011,44700,45950,44700,45450,42790
19/05/2011,46000,47050,46000,46850,38150
20/05/2011,46850,47200,46650,47050,14245
23/05/2011,46750,46900,46150,46250,18870
24/05/2011,46000,47000,46000,46700,14040
25/05/2011,46700,46900,46500,46650,18350
26/05/2011,46900,47200,46900,47100,10625
27/05/2011,46900,47800,46900,47650,24840
30/05/2011,47650,47800,47500,47650,5710
31/05/2011,47500,47650,46500,47000,17695
01/06/2011,47000,47150,46600,46950,9715
03/06/2011,46500,46900,46300,46700,13000
06/06/2011,46700,47200,46600,47100,5810
07/06/2011,47000,47300,46600,47250,9220
08/06/2011,47200,47500,47100,47350,11110
09/06/2011,47250,47350,47050,47200,6595
10/06/2011,47100,47200,46400,46600,4165
13/06/2011,46300,46300,45500,46000,8100
14/06/2011,46000,46300,45750,46250,4085
15/06/2011,46300,46750,46250,46400,4545
16/06/2011,46000,46250,45400,45400,9975
17/06/2011,45400,45400,44000,44450,20345
20/06/2011,44500,45000,44100,44500,5080
21/06/2011,44700,45250,44400,45250,8955
22/06/2011,45700,45750,45000,45350,6300
23/06/2011,45250,45400,44800,45300,2420
24/06/2011,44800,45250,44800,44900,10310
27/06/2011,44900,45800,44550,45800,10265
28/06/2011,45800,46100,44950,45150,5500
30/06/2011,45650,45850,44700,44750,16980
01/07/2011,45000,45250,44800,44850,13300
04/07/2011,45300,45300,44500,44950,14550
05/07/2011,44700,45150,44550,44950,11955
06/07/2011,44750,45200,44550,44600,17195
07/07/2011,44800,44850,44750,44750,7210
08/07/2011,45000,47150,44900,47150,55525
11/07/2011,47000,47900,46900,47750,43715
12/07/2011,47500,48100,47000,47450,39715
13/07/2011,47700,48250,47600,47650,31990
14/07/2011,47900,48100,47650,48000,17410
15/07/2011,48100,48100,47650,47650,5520
18/07/2011,47700,47950,47600,47850,6125
19/07/2011,47850,47850,47550,47850,7605
20/07/2011,48000,49250,48000,49250,48390
21/07/2011,49500,50550,49500,49950,55820
22/07/2011,50500,50850,49950,50250,14640
25/07/2011,50200,50200,49150,49300,22610
26/07/2011,49300,51950,49250,51800,46500
27/07/2011,51200,52000,51200,51650,12290
28/07/2011,51200,51500,51000,51350,10770
29/07/2011,51350,51700,50500,50500,14900
01/08/2011,50850,51350,50600,50750,4725
02/08/2011,50600,50700,49450,50400,13530
03/08/2011,49500,49500,48300,49000,37040
04/08/2011,49600,49600,48300,48300,35445
05/08/2011,45500,46300,44200,44750,42240
08/08/2011,43500,44250,42650,44250,30630
09/08/2011,41000,44800,40000,42800,32460
10/08/2011,44000,45000,44000,44850,22610
11/08/2011,44700,45900,43700,43950,24245
12/08/2011,44700,45450,44100,44500,19830
15/08/2011,45000,46500,45000,46500,22015
16/08/2011,46950,47500,45600,45600,12940
18/08/2011,45500,46200,45250,45650,16360
19/08/2011,45000,45000,42700,43400,36410
22/08/2011,43000,43400,42600,43000,8840
23/08/2011,43000,43750,43000,43300,8430
24/08/2011,43300,43600,43250,43300,6555
25/08/2011,43500,43550,43250,43250,6235
26/08/2011,43250,43350,42950,43150,5750
05/09/2011,43150,44000,42500,42550,18450
06/09/2011,42550,44400,42200,44250,16580
07/09/2011,44500,46650,44500,46650,31710
08/09/2011,46900,47000,45150,46000,17395
09/09/2011,46000,46500,45400,45800,12275
12/09/2011,44500,45000,44250,44400,18660
13/09/2011,45000,45150,44200,44700,5330
14/09/2011,45150,45150,43500,43950,16230
15/09/2011,44000,44050,43000,43650,20960
16/09/2011,43900,44850,43600,44550,26695
19/09/2011,44400,45000,44200,44500,6740
20/09/2011,43600,45000,43500,44800,11335
21/09/2011,45000,45000,43700,44000,10615
22/09/2011,42500,42500,38100,38750,27570
23/09/2011,38000,40950,37500,40650,20190
26/09/2011,40650,40650,38000,38800,15755
27/09/2011,39800,40500,39700,39900,28115
28/09/2011,40000,40900,39850,40500,23550
29/09/2011,39500,40400,39000,40200,11880
30/09/2011,40300,40550,39000,39250,14590
03/10/2011,39000,39000,35550,35800,21090
04/10/2011,35000,36100,34500,34600,15005
05/10/2011,34800,35750,34300,35600,15925
06/10/2011,36300,38550,36300,38300,18150
07/10/2011,38800,39400,37400,37600,12525
10/10/2011,37400,37850,36850,37800,6745
11/10/2011,38800,39700,38800,39600,21320
12/10/2011,38500,42050,38500,42000,20980
13/10/2011,42650,43300,42050,42500,13780
14/10/2011,42500,42500,41150,41550,8425
17/10/2011,42000,43450,42000,43450,14095
18/10/2011,42800,42800,41400,41800,6575
19/10/2011,42500,42900,41800,42250,5750
20/10/2011,42000,42050,40500,40600,11485
21/10/2011,41000,41100,39150,39750,13670
24/10/2011,41000,41500,40650,41250,10970
25/10/2011,41750,41800,41250,41500,15015
26/10/2011,41200,41400,40700,41300,7420
27/10/2011,41700,42950,41700,42750,25060
28/10/2011,43200,44800,42950,44700,23680
31/10/2011,45100,45100,43900,44650,6495
01/11/2011,44500,44850,43250,43550,7950
02/11/2011,42900,44800,42650,44800,13210
03/11/2011,44300,44350,43550,43600,4965
04/11/2011,44500,45000,43750,43950,8805
07/11/2011,43650,44300,43550,43800,3785
08/11/2011,44200,44450,43750,44100,6240
09/11/2011,44900,44900,44400,44550,10475
10/11/2011,42800,43450,42350,43400,7715
11/11/2011,43800,43950,43400,43800,13235
14/11/2011,44600,44750,44350,44750,8865
15/11/2011,44500,44700,43900,44250,5525
16/11/2011,44000,44000,43100,43900,8080
17/11/2011,43800,43800,43350,43600,3815
18/11/2011,42900,43000,42500,42750,7285
21/11/2011,42700,42700,41450,41600,10300
22/11/2011,41700,42150,41400,42150,7325
23/11/2011,41400,41850,41000,41650,3390
24/11/2011,41500,41900,40900,41400,6915
25/11/2011,41100,41100,38700,38700,29970
28/11/2011,39000,39600,36250,37800,51560
29/11/2011,38000,38900,37900,38100,15075
30/11/2011,38050,38500,37800,38150,16945
01/12/2011,39000,40450,39000,40150,35055
02/12/2011,40000,40400,39450,39950,11455
05/12/2011,40200,40350,39400,39650,9660
06/12/2011,39000,39200,38400,38750,11010
07/12/2011,39000,39300,38750,39200,12330
08/12/2011,39100,39100,38050,38350,15240
09/12/2011,38000,38200,37600,38050,17685
12/12/2011,38950,39000,37850,38200,13230
13/12/2011,37500,38250,37500,37750,19080
14/12/2011,37350,37900,36800,36850,20000
15/12/2011,36250,36450,34950,36000,37980
16/12/2011,36500,37450,36100,37450,19310
19/12/2011,37000,37350,36850,37350,8050
20/12/2011,37600,37800,37100,37250,4900
21/12/2011,38000,38250,37800,37900,12010
22/12/2011,38000,38750,37600,38650,11470
23/12/2011,38600,38950,37900,38250,3790
27/12/2011,38250,38250,37600,38000,3460
28/12/2011,37200,37800,37200,37350,3350
29/12/2011,37000,37950,37000,37900,3705
30/12/2011,38100,38650,37950,38650,17845
02/01/2012,38500,38550,38250,38500,775
03/01/2012,38800,39600,38600,39500,15705
04/01/2012,39950,40650,39850,40400,27255
05/01/2012,40950,41000,39750,39850,27015
06/01/2012,39250,39500,38600,39100,16095
09/01/2012,39100,39450,38700,39450,8415
10/01/2012,39500,40150,39200,40000,13375
11/01/2012,40100,40800,39550,39800,39590
12/01/2012,39900,40000,38850,39100,8820
13/01/2012,39500,39700,39200,39700,9215
16/01/2012,39400,39400,38900,39200,4780
17/01/2012,39200,39400,38800,39250,16610
18/01/2012,39400,39400,38850,39100,13910
19/01/2012,39500,39550,38750,38950,19945
20/01/2012,39500,39500,38550,38750,14785
24/01/2012,39000,39100,38800,38950,2660
25/01/2012,39000,39000,37950,38100,19420
26/01/2012,38100,38250,37600,37750,26305
27/01/2012,38000,38350,37450,37750,41105
30/01/2012,37700,37700,36650,36800,28070
31/01/2012,37000,37350,36200,36700,33460
01/02/2012,36700,37000,36650,36900,16435
02/02/2012,37300,38900,37300,38850,59470
03/02/2012,38800,39500,38300,39200,28280
06/02/2012,39600,39750,39000,39350,26440
07/02/2012,39650,39650,38850,39500,18335
08/02/2012,39800,41550,39600,41300,64280
09/02/2012,41000,41200,40350,41100,17405
10/02/2012,41000,41100,39800,40450,10950
13/02/2012,39800,40250,39500,39850,9390
14/02/2012,40000,40800,39500,40550,10000
15/02/2012,40550,41750,40400,41650,19080
16/02/2012,41650,42000,41250,41650,15395
17/02/2012,42200,43150,41800,42400,29140
20/02/2012,43050,43650,42750,43400,14915
21/02/2012,43600,43600,42800,43050,5290
22/02/2012,43400,43650,42550,43500,7875
23/02/2012,43500,44800,43200,43400,37230
24/02/2012,43500,43900,41650,42500,20980
27/02/2012,42700,42700,41550,41900,11005
28/02/2012,42600,44000,42050,43200,24610
29/02/2012,44000,44000,43150,43350,14815
01/03/2012,43200,43400,42800,43200,8030
02/03/2012,43300,44000,43300,43800,14060
05/03/2012,43300,43350,42700,43150,7075
06/03/2012,43000,43000,41550,42150,23740
07/03/2012,41550,42000,41050,41400,20635
08/03/2012,41600,42850,41600,42850,14950
09/03/2012,43000,43100,42750,42800,9180
12/03/2012,42750,43250,42650,42950,10355
13/03/2012,43050,43250,42550,42850,9315
14/03/2012,43300,43700,42350,42750,15470
15/03/2012,42750,42750,41500,41550,26560
16/03/2012,41950,42000,41600,41950,7970
19/03/2012,42200,42300,41900,42150,8235
20/03/2012,42150,42200,41250,41500,18005
21/03/2012,41500,41850,41350,41500,15855
22/03/2012,41850,41850,41350,41500,8480
26/03/2012,41800,42000,41750,41850,13390
27/03/2012,42000,42950,42000,42950,18640
28/03/2012,42850,43050,42650,43050,12540
29/03/2012,43000,43050,42800,43000,13475
30/03/2012,42950,43450,42900,43450,12125
02/04/2012,43500,45100,43500,44900,20590
03/04/2012,45300,45800,44950,45050,25490
04/04/2012,45000,45000,43600,43700,31105
05/04/2012,43500,44400,43450,44250,11170
09/04/2012,44000,44350,43900,44000,5965
10/04/2012,44000,44350,43800,44000,10010
11/04/2012,43800,44250,43100,43250,23645
12/04/2012,43150,43500,42200,42900,25260
13/04/2012,42900,42950,41600,41700,46620
16/04/2012,41500,41800,40900,41200,46605
17/04/2012,41200,41600,40900,41050,43160
18/04/2012,41500,42300,41500,41900,49835
19/04/2012,42000,42050,41650,41800,20510
20/04/2012,42000,42000,41650,41850,9295
23/04/2012,41750,41850,41150,41650,25155
24/04/2012,41800,42950,41800,42900,25135
25/04/2012,43200,43450,42650,42750,31565
26/04/2012,43000,43200,42750,43000,24515
27/04/2012,43050,43450,42150,42300,31745
30/04/2012,41000,41000,39700,39750,31010
01/05/2012,39750,39900,39100,39550,15205
02/05/2012,39550,39850,38950,39050,30430
03/05/2012,39050,39800,39050,39600,13580
04/05/2012,39750,40000,38700,39000,26140
07/05/2012,38100,38300,37800,37850,19255
08/05/2012,38050,38850,38050,38400,15260
09/05/2012,38200,38200,37500,37550,9925
10/05/2012,37650,38100,37450,37650,16780
11/05/2012,37550,37600,36800,36850,27165
14/05/2012,36850,37150,35300,35450,13835
15/05/2012,35000,36850,35000,36000,19190
16/05/2012,35500,35900,34750,35250,30335
21/05/2012,35000,35500,34250,34600,23980
22/05/2012,35000,35300,34750,35000,10630
23/05/2012,34900,35450,34600,35350,18370
24/05/2012,35350,35900,35250,35300,17600
25/05/2012,35300,35600,34500,34550,6235
28/05/2012,34250,34600,33800,34100,16215
29/05/2012,34100,34650,33800,34350,15620
30/05/2012,34250,34600,34100,34400,12105
31/05/2012,34150,34500,33750,33800,39475
01/06/2012,34000,34400,34000,34250,16455
04/06/2012,33150,33700,30500,30500,18245
05/06/2012,31900,31900,30150,30500,27205
06/06/2012,31200,32550,31000,32400,26860
07/06/2012,33350,33900,32850,33450,14585
08/06/2012,33450,33450,33000,33400,7860
11/06/2012,34550,34700,34000,34500,19905
12/06/2012,34200,34500,33600,34500,10860
13/06/2012,34500,34500,33900,34200,13980
14/06/2012,34550,35400,34150,34700,26910
15/06/2012,34800,36300,34800,36000,50485
18/06/2012,36500,37700,36500,36950,17520
19/06/2012,36500,36950,36400,36800,3670
20/06/2012,36800,37450,36550,37450,6835
21/06/2012,37000,37300,36800,37150,12090
22/06/2012,36000,36400,35950,36400,15965
25/06/2012,37100,37200,36100,36200,7230
26/06/2012,36200,37000,36200,36850,4920
27/06/2012,37000,37350,36700,36750,8540
28/06/2012,36800,36900,35050,35050,15025
29/06/2012,36000,36200,35250,35950,9625
02/07/2012,36600,37950,36350,37700,34365
03/07/2012,38000,38400,37800,38000,11180
04/07/2012,38300,38300,37450,37800,12920
05/07/2012,37900,37950,37650,37850,3885
06/07/2012,38300,38300,37550,37850,6310
09/07/2012,37650,38200,37400,37700,5900
10/07/2012,37800,38100,37250,37650,9805
11/07/2012,38050,38200,37850,38000,9870
12/07/2012,37850,37850,37050,37200,6895
13/07/2012,37200,37500,37100,37200,8130
16/07/2012,37200,37800,37100,37250,5740
17/07/2012,37500,38000,37250,37800,11195
18/07/2012,38000,38000,37750,37950,7615
19/07/2012,38200,38300,37750,38100,9445
20/07/2012,38200,38300,37350,37550,15335
23/07/2012,37400,37500,37000,37350,7730
24/07/2012,37200,37450,36450,36450,7795
25/07/2012,36000,36000,34950,35000,16810
26/07/2012,35500,35500,34600,34600,5505
27/07/2012,35500,35500,34900,35150,7205
30/07/2012,35100,35500,35100,35250,8390
31/07/2012,35600,35600,35150,35550,7305
01/08/2012,35900,36800,35600,36700,11680
02/08/2012,36900,36900,35900,36150,3950
03/08/2012,36050,36150,35650,36150,4260
06/08/2012,36700,37200,36650,37100,12720
07/08/2012,37100,37150,36800,37100,9785
08/08/2012,37150,37250,36800,36800,7045
09/08/2012,36750,37250,36750,37250,11145
10/08/2012,37250,38000,36800,38000,10020
13/08/2012,38100,38400,37500,37550,7795
14/08/2012,37750,37900,37500,37850,3325
15/08/2012,37850,38150,37350,38150,7415
16/08/2012,38300,38500,38150,38250,8270
23/08/2012,38350,38450,37250,37800,13645
24/08/2012,37700,37700,36700,36900,10740
27/08/2012,37000,37200,36800,37050,400
28/08/2012,37300,37400,37000,37200,2235
29/08/2012,36800,37900,36800,37550,11385
30/08/2012,37250,37600,37250,37450,2420
31/08/2012,37450,38500,37250,38200,13745
03/09/2012,37800,38800,37800,38400,9920
04/09/2012,38400,38400,37900,37900,3435
05/09/2012,37900,38850,37750,38150,23270
06/09/2012,38150,38800,38150,38500,4640
07/09/2012,39000,39000,38600,38600,4580
10/09/2012,38600,38950,38600,38900,4710
11/09/2012,38900,38950,38500,38600,2625
12/09/2012,38700,39000,38550,39000,6020
13/09/2012,39250,39300,38550,38800,6605
14/09/2012,39000,40000,38950,39900,23510
17/09/2012,39900,40800,39850,40800,19840
18/09/2012,40600,40600,40100,40400,10840
19/09/2012,40550,41500,40500,40950,15515
20/09/2012,40450,40950,40200,40950,7660
21/09/2012,41000,42000,41000,42000,21550
24/09/2012,41500,42400,41300,42200,17940
25/09/2012,42100,42250,41650,42050,7955
26/09/2012,42000,42150,41900,42000,14645
27/09/2012,42000,42200,41700,42000,17645
28/09/2012,42000,42300,41800,42150,7420
01/10/2012,41800,42000,40800,41250,7005
02/10/2012,41000,41900,41000,41850,5760
03/10/2012,41750,41750,41600,41600,4525
04/10/2012,41850,41900,41500,41700,4995
05/10/2012,41500,41950,41500,41900,10715
08/10/2012,41500,41850,41300,41500,7770
09/10/2012,41600,42000,41600,41650,7545
10/10/2012,41800,41900,41000,41350,3650
11/10/2012,41350,41850,41250,41850,5420
12/10/2012,42000,42500,41900,42500,13435
15/10/2012,42300,42300,42100,42250,4960
16/10/2012,42350,42550,42200,42400,3655
17/10/2012,42500,42500,42150,42250,4570
18/10/2012,42250,42400,41500,41900,7760
19/10/2012,42000,42050,41800,41800,4715
22/10/2012,41800,42350,41750,42300,6210
23/10/2012,42450,42850,42450,42700,8055
24/10/2012,42700,42700,42450,42550,8850
25/10/2012,42300,42500,42300,42300,7750
29/10/2012,42700,43350,42300,42300,17485
30/10/2012,41300,41300,40500,40800,6885
31/10/2012,40600,40650,40000,40650,7265
01/11/2012,40650,41450,40650,41450,7675
02/11/2012,41550,41950,41400,41950,6300
05/11/2012,41950,41950,41400,41800,6015
06/11/2012,41850,41950,41850,41950,6930
07/11/2012,41950,41950,41850,41950,4610
08/11/2012,41700,41800,40850,41150,6685
09/11/2012,41000,41600,41000,41600,5660
12/11/2012,41700,41850,40750,40900,4520
13/11/2012,40750,40800,39550,39600,5860
14/11/2012,39600,39600,38350,38950,9100
19/11/2012,39000,41050,39000,40950,13975
20/11/2012,41200,42000,41150,42000,16385
21/11/2012,42100,42450,41950,42300,10645
22/11/2012,40850,42250,40850,41800,1550
23/11/2012,41500,41500,40050,40350,3925
26/11/2012,40500,40500,39600,39750,2715
27/11/2012,40250,40250,39200,39750,3055
28/11/2012,39750,39750,39000,39700,3805
29/11/2012,40300,40300,39900,40000,7770
30/11/2012,40000,40000,38950,39250,11375
03/12/2012,39800,40000,38500,38800,3305
04/12/2012,38400,38800,38300,38550,12150
05/12/2012,38500,38500,38100,38250,5335
06/12/2012,38800,39950,38600,39700,12990
07/12/2012,39850,39850,38400,39250,3935
10/12/2012,39900,40050,39400,39400,8435
11/12/2012,40050,41400,39850,41400,11420
12/12/2012,41800,41950,41550,41900,9260
13/12/2012,42000,42100,41100,41700,5155
14/12/2012,41750,42150,41300,42150,10145
17/12/2012,42200,42350,41700,41700,4650
18/12/2012,41900,42000,40600,41500,8225
19/12/2012,41800,41850,39950,40300,8905
20/12/2012,40300,40300,39400,39500,3845
21/12/2012,40500,42000,40250,42000,11640
26/12/2012,42100,42100,40900,41100,2710
27/12/2012,41300,41500,40900,41350,2135
28/12/2012,41650,41650,41100,41550,3465
02/01/2013,41900,42250,41900,42150,9505
03/01/2013,42250,42700,42250,42650,10230
04/01/2013,42550,42700,42350,42600,11885
07/01/2013,42650,42650,41600,41600,4800
08/01/2013,41600,42450,41600,42450,4765
09/01/2013,42900,42900,41000,41700,6820
10/01/2013,42100,42100,40550,40550,7105
11/01/2013,40550,40950,39800,39850,6890
14/01/2013,40500,40600,39800,40550,5055
15/01/2013,40550,41900,40500,41900,7655
16/01/2013,42000,42200,41850,42200,10365
17/01/2013,42300,42600,41900,42250,4415
18/01/2013,42900,42900,41650,42000,12385
21/01/2013,42000,42000,40300,40600,10215
22/01/2013,40400,40850,40250,40500,7450
23/01/2013,40800,41100,40800,41000,4470
25/01/2013,41000,41750,40350,40400,9685
28/01/2013,41000,41050,40400,41000,4230
29/01/2013,41000,41000,40450,40800,4560
30/01/2013,41000,41750,40850,41150,12410
31/01/2013,41350,41600,41050,41450,8475
01/02/2013,41200,41250,40800,41200,4805
04/02/2013,41200,41350,40450,40450,6100
05/02/2013,40900,40950,40550,40850,9925
06/02/2013,40950,40950,40500,40800,8740
07/02/2013,40550,40550,40400,40400,9140
08/02/2013,40600,40800,40450,40600,4725
11/02/2013,40800,40800,40450,40600,915
12/02/2013,40600,40600,40250,40550,3430
13/02/2013,40550,40800,40550,40700,3215
14/02/2013,40900,40900,40600,40750,4605
15/02/2013,40850,40900,40450,40500,4075
18/02/2013,40300,40650,40200,40200,4350
19/02/2013,40500,40500,39900,40400,5420
20/02/2013,40600,40600,40350,40500,6255
21/02/2013,40450,40700,40150,40600,6825
22/02/2013,40750,40800,39800,40000,14865
25/02/2013,40200,40500,39550,40450,7005
26/02/2013,40450,40450,39850,39900,3820
27/02/2013,39900,40350,39600,40050,6775
28/02/2013,40450,40450,40100,40250,5170
01/03/2013,40000,40450,40000,40250,5725
04/03/2013,40450,40450,40100,40250,5445
05/03/2013,40250,40750,40000,40000,7310
06/03/2013,40300,40750,39600,40000,14235
07/03/2013,39900,40000,39650,39900,4935
08/03/2013,40400,40550,40050,40400,9280
11/03/2013,40300,40300,39700,40100,4935
13/03/2013,40100,40200,39500,39950,9915
14/03/2013,40000,40050,39350,39800,10370
15/03/2013,39800,40350,39550,40350,7050
18/03/2013,40000,40000,38500,39450,15920
19/03/2013,39350,39450,38000,38000,27730
20/03/2013,38200,38400,36600,36700,23590
21/03/2013,36750,37000,34800,35050,35085
22/03/2013,34700,34900,33250,33300,31015
25/03/2013,34350,34500,33700,33800,10015
26/03/2013,33800,34250,33750,33900,10365
27/03/2013,34450,34450,33850,34450,10275
28/03/2013,34200,35600,34200,35500,16480
01/04/2013,35950,36200,35100,35150,11215
02/04/2013,35500,36000,35150,36000,10915
03/04/2013,36500,37800,36200,37700,28585
04/04/2013,37100,38700,37050,38400,18350
05/04/2013,38500,38850,38000,38850,13650
08/04/2013,38950,39500,38950,39250,12295
09/04/2013,39450,39500,38800,39500,9530
10/04/2013,39000,39000,37250,37750,14635
11/04/2013,37400,37500,36400,37100,17745
12/04/2013,37000,37950,36800,37900,7810
15/04/2013,37900,38150,37500,37500,5990
16/04/2013,36800,38450,36750,38450,11120
17/04/2013,38600,39300,38200,38400,14375
18/04/2013,38900,39150,38350,38450,11135
19/04/2013,38700,38900,37150,37350,12150
22/04/2013,37600,38050,37400,38000,7455
23/04/2013,38000,38500,37450,38500,12205
24/04/2013,38500,38850,38300,38600,13005
25/04/2013,38500,38500,37850,38250,6605
26/04/2013,38250,38500,38250,38250,25685
29/04/2013,37250,37250,36400,36600,7605
30/04/2013,36550,36750,36050,36750,5820
01/05/2013,36400,36400,35600,35900,6610
02/05/2013,35900,35900,35050,35500,4905
03/05/2013,35000,35350,34650,35000,4070
06/05/2013,35600,35600,34900,35100,5845
07/05/2013,35400,35500,34900,35250,8320
08/05/2013,35400,35450,35000,35100,11395
10/05/2013,35100,35200,34950,35050,7175
13/05/2013,35200,35200,34300,34300,3345
14/05/2013,34500,34700,32300,32850,18680
15/05/2013,32500,32750,31500,31500,14235
16/05/2013,31300,31500,30300,31350,19775
17/05/2013,31050,33200,31050,33150,19455
20/05/2013,33500,34800,33500,34100,21175
21/05/2013,34150,34300,33200,33600,10605
22/05/2013,33600,33600,32800,32950,9695
23/05/2013,32900,32900,31050,31100,26340
24/05/2013,31300,31700,30400,30450,21485
27/05/2013,30550,30600,29550,29600,19090
28/05/2013,29600,30100,29600,29800,13835
29/05/2013,30000,31150,29900,31000,14395
30/05/2013,31000,31000,29650,29650,19035
31/05/2013,30000,30000,29150,30000,14195
03/06/2013,30000,30100,28600,29050,10870
04/06/2013,28800,29350,28800,29100,6500
05/06/2013,29200,29500,28750,29500,10455
07/06/2013,29400,29400,27900,28050,16090
10/06/2013,28450,28750,27500,27500,9325
11/06/2013,28300,28300,26450,26650,10410
12/06/2013,26500,26500,25150,25700,13285
13/06/2013,25200,25950,25200,25300,26375
14/06/2013,25400,26550,25400,26400,11100
17/06/2013,26400,26500,25950,25950,3470
18/06/2013,26300,26550,25750,25750,12270
19/06/2013,25750,26000,25350,25350,5555
20/06/2013,24850,25550,24600,25150,8605
21/06/2013,25000,25800,24750,25500,22730
24/06/2013,25650,25950,24750,25600,11300
25/06/2013,25800,25850,25050,25050,17350
26/06/2013,25950,26250,25850,26250,19440
27/06/2013,26500,26650,26000,26100,18980
28/06/2013,26450,28150,26450,28150,19455
01/07/2013,28100,28350,27500,28300,3635
02/07/2013,28500,28650,27750,28200,4810
03/07/2013,28100,28200,27350,27700,11025
04/07/2013,27700,28250,27600,27700,4630
05/07/2013,27750,28200,27500,28000,6215
08/07/2013,28100,28200,27000,27000,3445
09/07/2013,26500,27500,26000,26150,4320
10/07/2013,26150,26850,26150,26500,14570
11/07/2013,26600,26750,25650,26200,8265
12/07/2013,26200,26650,26050,26200,12500
15/07/2013,26100,26750,26000,26750,3075
16/07/2013,26650,26700,26400,26700,2290
17/07/2013,26700,26950,26400,26950,5085
18/07/2013,27350,27350,26500,26600,4520
19/07/2013,26300,26900,26200,26200,6785
22/07/2013,26050,26550,25950,26000,2555
23/07/2013,25800,27000,25800,27000,8000
24/07/2013,27350,27350,25700,26200,4980
25/07/2013,26150,26150,25550,25550,3940
26/07/2013,26050,26050,25550,25550,3080
29/07/2013,26050,26050,25000,25000,4035
30/07/2013,25500,25500,24300,24700,4880
31/07/2013,24700,25050,24200,24200,6200
01/08/2013,24300,25150,24300,24750,4450
02/08/2013,24750,25300,24600,25150,6235
12/08/2013,25150,28150,25150,28150,18710
13/08/2013,28250,29000,28000,29000,12885
14/08/2013,29100,29900,28550,29600,8325
15/08/2013,29050,29050,28150,28200,4185
16/08/2013,28000,29700,27350,29300,14865
19/08/2013,29200,29200,27300,27550,5540
20/08/2013,27300,27700,24650,27350,9020
21/08/2013,27350,27950,26550,27350,2035
22/08/2013,26850,30100,26700,29850,17680
23/08/2013,29950,30650,29850,30300,12760
26/08/2013,30300,30300,29250,29250,3730
27/08/2013,29000,30750,29000,30250,9900
28/08/2013,30000,30000,28000,29700,13750
29/08/2013,29900,30500,29400,30500,7810
30/08/2013,30500,32050,29800,32050,10655
02/09/2013,31500,31900,31050,31400,6700
03/09/2013,31750,32300,31500,32050,11370
04/09/2013,32150,32300,31500,31800,4475
05/09/2013,31100,32000,31100,31650,6025
06/09/2013,31800,32000,31400,31950,5000
09/09/2013,31200,31500,30550,31000,13090
10/09/2013,31000,31300,28600,29300,16255
11/09/2013,29500,29900,29300,29900,13195
12/09/2013,29500,31000,29500,31000,10025
13/09/2013,30600,30600,29500,29800,9655
16/09/2013,29800,30400,29800,30400,4815
17/09/2013,30400,31600,29800,31200,11345
18/09/2013,31400,31800,31000,31700,7305
19/09/2013,32000,32950,32000,32500,12660
20/09/2013,32350,32500,32150,32500,5175
23/09/2013,32700,32700,31500,32000,5900
24/09/2013,32450,32450,31250,31800,5430
25/09/2013,30000,30700,29400,29600,7565
26/09/2013,29600,29900,28450,28550,13330
27/09/2013,28600,29050,27400,27500,13380
30/09/2013,27450,27450,25350,26300,21200
01/10/2013,25800,26000,25300,25500,19410
02/10/2013,26000,26700,25900,26150,16460
03/10/2013,26700,28000,26600,27600,21975
04/10/2013,27800,28050,27300,27750,8730
07/10/2013,28000,28450,27400,27400,12705
08/10/2013,27400,27900,27100,27900,5740
09/10/2013,27800,29500,27450,29300,15655
10/10/2013,29400,30000,29250,30000,8380
11/10/2013,30100,32700,30000,32550,25990
16/10/2013,32550,32900,32500,32700,13300
17/10/2013,32950,33850,32850,33800,18265
18/10/2013,33950,33950,33600,33950,3920
21/10/2013,34000,34000,33650,33700,5030
22/10/2013,32800,33050,32000,33000,5970
23/10/2013,33000,33000,32500,32550,3720
24/10/2013,32050,32050,30200,31500,9375
25/10/2013,31600,32050,31500,31500,20630
28/10/2013,32000,32050,31300,31700,6575
29/10/2013,32000,32050,30700,31000,9535
30/10/2013,30200,30600,29900,30600,8790
31/10/2013,30000,30050,29750,29900,3670
01/11/2013,29800,30000,29600,29700,5770
04/11/2013,29500,29750,28900,28950,5515
06/11/2013,28800,29700,28550,29300,9285
07/11/2013,29300,30100,29300,29600,13090
08/11/2013,29550,29950,29400,29700,8275
11/11/2013,30100,31100,29500,30550,19010
12/11/2013,31100,32550,30900,32000,35270
13/11/2013,31550,32150,30900,31500,7870
14/11/2013,31600,32900,31500,32400,17420
15/11/2013,32750,33150,32400,32400,13570
18/11/2013,32300,32600,30650,31200,16470
19/11/2013,31200,31250,30000,30450,10050
20/11/2013,30450,30450,29100,29100,11015
21/11/2013,28950,29350,28800,29100,14050
22/11/2013,29600,29650,29350,29350,9545
25/11/2013,29500,30650,29500,30600,15850
26/11/2013,30650,30850,29100,29100,24710
27/11/2013,28800,29500,28800,29000,7035
28/11/2013,29000,29300,27700,28150,10605
29/11/2013,28300,29300,28150,28700,10510
02/12/2013,29300,29700,28900,29150,5325
03/12/2013,29600,29600,29000,29250,7140
04/12/2013,29250,30600,29150,30150,14335
05/12/2013,30200,30450,29550,29650,4915
06/12/2013,29500,29750,28800,28850,6080
09/12/2013,29200,29200,28550,28600,4015
10/12/2013,28900,29100,28850,28950,9895
11/12/2013,28750,28900,27900,28600,11565
12/12/2013,28100,28150,27700,27800,9275
13/12/2013,27650,28250,27650,27900,8580
16/12/2013,27950,28100,27150,27350,5220
17/12/2013,27800,28400,27500,27900,5230
18/12/2013,28400,29250,27900,29100,10040
19/12/2013,29400,30000,28600,29100,11895
20/12/2013,28000,29800,28000,29800,17635
23/12/2013,29100,29300,28550,28600,5655
24/12/2013,28600,28850,28200,28400,3345
27/12/2013,28200,28300,27700,27700,8420
30/12/2013,27600,28500,27550,28500,3760
02/01/2014,28500,28700,28000,28100,8255
03/01/2014,27850,27850,27150,27150,7860
06/01/2014,27100,27100,26475,26550,8069
07/01/2014,26550,26650,25100,25550,12561
08/01/2014,25550,26375,25550,26200,8517
09/01/2014,26150,26450,25625,25700,11217
10/01/2014,26050,26300,25525,25700,13675
13/01/2014,26250,26250,25550,25650,11525
15/01/2014,25600,25900,25050,25100,25915
16/01/2014,25800,25800,25000,25000,25180
17/01/2014,25000,25400,24850,25125,15116
20/01/2014,25250,25700,25200,25475,15765
21/01/2014,25575,25900,25550,25800,20330
22/01/2014,26000,26900,25725,26850,20257
23/01/2014,26975,27725,26800,27550,23100
24/01/2014,27450,27450,26500,26875,11275
27/01/2014,26000,26200,25250,25650,12402
28/01/2014,25500,25900,25300,25750,10521
29/01/2014,26000,26475,25600,26250,6924
30/01/2014,25700,27000,25550,26800,14383
03/02/2014,27000,27000,26225,26350,4944
04/02/2014,25750,26350,25650,25875,6676
05/02/2014,26250,26800,26100,26775,7963
06/02/2014,26525,27500,26525,27500,12717
07/02/2014,27675,28200,27675,28100,14280
10/02/2014,28400,28550,27375,28000,10930
11/02/2014,27700,27800,27125,27250,11217
12/02/2014,27250,27500,27250,27300,6013
13/02/2014,27400,28000,27350,27500,6918
14/02/2014,27500,27700,27000,27200,7168
17/02/2014,27200,27250,26850,27050,7565
18/02/2014,27100,27250,26800,26900,4952
19/02/2014,26700,26950,26550,26700,9419
20/02/2014,26700,27350,26675,26975,17304
21/02/2014,27000,27275,26650,26650,9593
24/02/2014,26600,26875,25950,25950,14208
25/02/2014,25975,26225,25375,25375,19207
26/02/2014,25400,25575,25100,25125,15391
27/02/2014,25100,25750,25100,25600,10750
28/02/2014,25600,26000,25225,26000,19537
03/03/2014,25500,25500,25250,25400,8876
04/03/2014,25300,26000,25275,25875,27387
05/03/2014,26100,26150,25675,25775,12561
06/03/2014,25600,25900,25350,25475,23598
07/03/2014,25500,25575,25325,25325,10919
10/03/2014,25400,25450,25175,25225,9750
11/03/2014,25200,25375,25025,25300,11744
12/03/2014,25250,25250,24600,24600,21844
13/03/2014,24800,24950,24625,24900,13420
14/03/2014,24700,24700,24300,24300,18014
17/03/2014,24300,24575,24075,24200,23700
18/03/2014,24200,24400,23700,23700,35094
19/03/2014,23750,24125,23575,23625,17684
20/03/2014,23575,23575,22500,22525,29520
21/03/2014,22800,24000,22350,24000,23878
24/03/2014,23800,24000,23300,23900,12886
25/03/2014,23750,23775,23525,23625,8971
26/03/2014,23525,23850,23525,23850,9775
27/03/2014,23775,24400,23775,24200,15756
28/03/2014,24400,24675,24325,24350,15602
01/04/2014,24550,24800,24525,24750,13048
02/04/2014,24750,25100,24425,24850,30652
03/04/2014,24950,24950,24550,24650,12213
04/04/2014,24675,24725,24075,24175,7861
07/04/2014,24000,24375,23950,24300,10265
08/04/2014,24325,24575,24275,24325,17938
10/04/2014,24350,24450,24075,24425,17156
11/04/2014,24200,25400,24175,25400,32771
14/04/2014,25350,25700,25200,25325,13341
15/04/2014,25400,25500,24850,24900,10013
16/04/2014,25100,25500,24925,25300,9410
17/04/2014,25300,25475,25175,25325,9073
21/04/2014,25450,25475,25375,25375,3692
22/04/2014,25450,26000,25275,25975,23835
23/04/2014,25900,26650,25800,26650,29893
24/04/2014,26500,26725,26150,26275,14654
25/04/2014,26075,26500,26025,26225,9060
28/04/2014,26100,26225,25675,25725,12264
29/04/2014,24875,25050,24850,24875,7239
30/04/2014,24800,25475,24800,25475,20529
02/05/2014,25100,25450,24875,25000,6783
05/05/2014,25000,25325,24900,25075,4246
06/05/2014,25000,25350,24900,25175,5670
07/05/2014,25000,25275,24950,25000,6146
08/05/2014,25000,25200,24900,25000,3783
09/05/2014,25000,25000,24925,24925,4336
12/05/2014,25000,26175,25000,26075,22065
13/05/2014,26400,27000,26325,26975,35498
14/05/2014,26950,26950,26450,26700,29887
16/05/2014,26700,26975,26425,26975,19899
19/05/2014,26975,27375,26825,27350,23208
20/05/2014,27300,27450,27000,27125,15393
21/05/2014,27375,28050,27250,28000,13198
22/05/2014,28250,29000,27775,29000,16709
23/05/2014,29000,29950,28625,29675,15725
26/05/2014,29800,29875,29325,29450,3169
28/05/2014,28925,29500,28925,29475,8006
30/05/2014,29500,30250,28650,28650,27802
02/06/2014,29000,29825,28700,29750,13666
03/06/2014,30000,30000,29775,30000,12925
04/06/2014,30000,30100,29175,29600,4490
05/06/2014,29800,29875,29300,29600,4646
06/06/2014,29700,29750,29400,29600,7320
09/06/2014,29650,29650,28200,28500,3578
10/06/2014,28500,28700,28250,28500,7864
11/06/2014,28525,28525,27675,27900,11382
12/06/2014,27850,28100,27550,27800,10376
13/06/2014,27800,28075,27575,27700,6130
16/06/2014,27700,27800,27150,27175,3862
17/06/2014,27175,27650,27175,27525,6637
18/06/2014,27400,28300,27400,28075,10127
19/06/2014,28150,28275,27200,27200,6342
20/06/2014,27450,27450,26800,26975,7427
23/06/2014,27000,27200,26800,26800,2803
24/06/2014,26750,27300,26525,27300,3529
25/06/2014,27300,27500,26950,27300,3175
26/06/2014,26950,27425,26500,27400,4894
27/06/2014,27050,27400,26750,27150,4534
30/06/2014,27100,27150,26825,27000,2826
01/07/2014,26800,27000,26350,26525,7081
02/07/2014,26550,26925,26350,26800,7382
03/07/2014,26800,27000,26600,26950,4715
04/07/2014,26950,27275,26925,27100,3648
07/07/2014,27300,27600,27000,27250,9080
08/07/2014,27150,27300,26750,26750,8243
10/07/2014,27200,27200,26200,26400,13122
11/07/2014,26250,26600,25700,26000,9537
14/07/2014,26000,26075,25125,25250,15950
15/07/2014,25200,25525,24850,25050,22439
16/07/2014,25000,25450,25000,25350,19987
17/07/2014,25475,25575,25100,25100,12870
18/07/2014,25100,25350,25100,25325,6972
21/07/2014,25300,25725,25275,25600,9849
22/07/2014,25750,25800,25000,25025,12280
23/07/2014,25400,25700,25250,25250,7913
24/07/2014,25200,26450,25025,26425,18616
25/07/2014,26450,26500,26025,26150,11743
04/08/2014,26050,28050,25775,28050,30316
05/08/2014,27650,27925,27275,27300,12486
06/08/2014,27550,27900,27000,27900,8966
07/08/2014,27750,28350,27375,28000,15904
08/08/2014,28000,28150,27400,27450,3621
11/08/2014,27500,27700,27025,27400,4954
12/08/2014,27750,27750,27400,27400,3323
13/08/2014,27550,28100,27500,28000,14409
14/08/2014,28100,28800,28100,28750,13540
15/08/2014,28800,29450,28800,29225,9402
18/08/2014,29000,29450,29000,29275,11216
19/08/2014,29200,29375,29150,29175,7177
20/08/2014,29175,29350,29175,29250,10239
21/08/2014,29300,29300,28500,28500,14134
22/08/2014,28525,28600,27750,27750,12336
25/08/2014,27750,28350,27525,28200,4290
26/08/2014,28550,28550,27900,27900,6525
27/08/2014,27900,28800,27900,28500,15960
28/08/2014,28500,28875,28450,28650,9646
29/08/2014,28675,28850,28175,28175,13506
01/09/2014,28600,28800,28475,28775,4655
02/09/2014,28350,29000,28350,28750,6268
03/09/2014,28500,29475,28500,29275,9899
04/09/2014,29300,29500,29125,29200,6075
05/09/2014,28600,29200,28600,28800,3193
08/09/2014,28800,29000,28750,28900,5998
09/09/2014,28900,28900,27575,27650,7214
10/09/2014,27500,27500,26150,26250,12878
11/09/2014,26275,26775,25800,26050,9482
12/09/2014,26200,26700,26025,26700,7382
15/09/2014,26200,26525,26025,26025,3263
16/09/2014,26050,27250,26050,27175,8038
17/09/2014,27425,27500,27100,27325,5254
18/09/2014,27500,27500,26775,26775,4656
19/09/2014,27000,27125,26850,27100,6035
22/09/2014,26900,27500,26900,27500,4287
23/09/2014,27125,27250,26500,26500,6601
24/09/2014,26300,26650,26300,26300,3472
25/09/2014,26775,26775,26300,26650,4335
26/09/2014,26200,26200,25075,25150,16132
29/09/2014,25250,25500,25250,25475,1833
30/09/2014,25800,26000,25400,25975,4213
01/10/2014,25900,26100,25800,26050,2393
02/10/2014,25900,26700,25800,26400,13903
03/10/2014,26650,27050,26150,27050,6746
06/10/2014,26900,27000,26500,26625,4542
07/10/2014,26500,26800,26500,26500,2463
08/10/2014,26200,26700,26025,26350,3654
09/10/2014,26450,26675,25500,25500,6946
10/10/2014,25000,25250,24600,24625,9945
13/10/2014,24450,24450,22950,22950,23721
14/10/2014,22900,23075,22275,22300,27908
15/10/2014,22200,22325,19550,19700,116529
16/10/2014,19500,20500,19350,20125,79093
17/10/2014,20500,20850,19500,19500,110350
20/10/2014,20000,20425,19725,20000,52713
21/10/2014,19800,20150,19800,20075,28178
22/10/2014,20300,21350,20200,21075,62085
23/10/2014,21000,21675,21000,21500,29197
24/10/2014,21700,21700,21275,21650,30512
27/10/2014,21750,21950,21525,21700,17728
28/10/2014,21600,21600,20750,21200,22003
29/10/2014,21400,21900,21350,21850,37866
30/10/2014,21000,21000,20750,20900,26109
31/10/2014,21025,21200,20900,21175,15685
03/11/2014,21300,21300,20150,20150,22957
04/11/2014,20300,20300,19700,19750,21491
05/11/2014,19725,20125,19725,19875,18883
06/11/2014,20000,20200,19700,19725,34961
07/11/2014,19900,19975,19725,19900,13537
10/11/2014,19600,20075,19500,19700,9015
11/11/2014,19800,20150,19800,20075,26744
12/11/2014,20150,20200,19300,19425,33046
13/11/2014,19400,19400,18200,18200,45181
14/11/2014,18000,18125,17350,17650,59224
17/11/2014,17800,18475,17725,18350,38433
18/11/2014,18200,18600,18050,18425,35468
19/11/2014,18425,18700,18325,18350,35378
20/11/2014,18200,18350,18000,18100,23031
21/11/2014,18200,18250,18100,18125,13428
24/11/2014,18175,18650,18175,18475,41433
25/11/2014,18325,18525,18300,18500,26233
26/11/2014,18300,18725,18300,18700,29026
27/11/2014,18700,19225,18700,19000,30126
28/11/2014,18800,19175,18625,19025,41360
01/12/2014,18900,18900,18375,18400,16896
02/12/2014,18500,18650,18050,18125,25116
03/12/2014,18125,18275,17900,17950,22176
04/12/2014,18000,18775,17800,18325,28977
05/12/2014,18500,18500,17950,18000,29410
08/12/2014,18000,18150,17675,17975,18728
09/12/2014,17800,17925,17700,17700,10868
10/12/2014,17600,17750,16550,16700,45082
11/12/2014,16500,16500,15775,16100,70359
12/12/2014,16000,16400,15800,16300,43214
15/12/2014,16200,16200,15875,16000,30046
16/12/2014,15750,15800,15275,15300,43064
17/12/2014,15500,15650,15250,15250,34172
18/12/2014,15500,15550,15050,15300,19777
19/12/2014,15500,15725,15325,15700,42353
22/12/2014,15850,16050,15650,15650,13392
23/12/2014,15400,15825,15400,15575,20802
24/12/2014,15750,15750,15575,15600,6388
29/12/2014,15725,15725,15400,15450,6507
30/12/2014,15450,15500,15325,15375,8653
02/01/2015,15575,15925,15400,15900,8628
05/01/2015,15900,16225,15325,15500,18142
06/01/2015,15200,15250,14500,14575,34321
07/01/2015,14300,14750,14275,14450,15961
08/01/2015,14575,14625,14450,14475,8742
09/01/2015,14550,15350,14550,15350,28142
12/01/2015,15350,15350,14600,14625,18623
13/01/2015,14500,14725,14450,14575,12525
14/01/2015,14850,15675,14775,14975,47376
15/01/2015,15200,15475,15075,15175,16126
16/01/2015,15175,15250,14850,14900,15082
19/01/2015,15200,15200,14900,14900,7183
20/01/2015,15100,15200,14850,15125,9878
21/01/2015,15250,15250,15000,15175,8856
22/01/2015,15225,15375,15100,15325,14585
23/01/2015,15400,15475,15100,15175,21651
26/01/2015,15025,15225,14975,15025,9414
27/01/2015,15150,15325,15025,15325,5057
28/01/2015,15250,15475,15150,15400,7345
29/01/2015,15350,15775,15250,15650,16257
30/01/2015,15700,16750,15700,16750,40865
02/02/2015,16500,16675,16375,16450,8385
03/02/2015,16600,16950,16550,16650,8326
04/02/2015,16850,16900,16375,16650,13807
05/02/2015,16500,16500,16075,16325,9694
06/02/2015,16450,16700,16450,16600,14763
09/02/2015,16700,16700,16400,16450,5291
10/02/2015,16575,16800,16525,16800,13717
11/02/2015,16750,17250,16675,17100,18645
12/02/2015,17075,17500,17000,17400,17010
13/02/2015,17525,17800,17500,17575,26138
16/02/2015,17700,17800,17550,17675,12880
17/02/2015,17675,18450,17600,18425,36371
18/02/2015,18600,18600,18200,18425,25431
20/02/2015,18400,18475,18200,18200,6474
23/02/2015,18175,18175,17725,17750,8956
24/02/2015,17500,17500,16700,16700,26857
25/02/2015,16700,16700,16250,16700,19167
26/02/2015,16700,16975,16475,16625,12452
27/02/2015,16500,17025,16325,16900,21632
02/03/2015,17000,17675,17000,17525,23838
03/03/2015,17550,18000,17375,17500,31963
04/03/2015,17100,17400,16800,17000,9766
05/03/2015,17075,17150,16800,16900,8648
06/03/2015,17150,17275,16925,17100,7587
09/03/2015,17000,17000,16625,16800,7407
10/03/2015,16800,16800,16275,16750,13119
11/03/2015,16500,16500,16325,16375,8242
12/03/2015,16350,17050,16350,16950,16720
13/03/2015,17000,17325,16850,17300,14866
16/03/2015,17175,17500,16800,16800,9250
17/03/2015,16800,17075,16550,16550,10608
18/03/2015,16500,16800,16475,16600,12472
19/03/2015,16800,17200,16800,17025,21752
20/03/2015,17025,17800,16975,17650,69746
23/03/2015,17700,17900,17375,17550,13346
24/03/2015,17550,17750,17425,17675,9524
25/03/2015,17650,17700,17225,17300,7613
26/03/2015,17300,17475,16725,17125,6737
27/03/2015,17000,17300,16800,17150,6623
30/03/2015,17300,17625,17050,17550,11424
31/03/2015,17700,17775,16900,16900,14676
01/04/2015,17200,17300,16500,16650,20463
02/04/2015,16875,16950,16750,16800,12723
06/04/2015,16825,17050,16825,16875,10377
07/04/2015,17025,17125,16775,16950,9574
08/04/2015,17000,17075,16725,16800,15991
09/04/2015,16400,16425,16200,16250,16454
10/04/2015,16250,16350,15750,15825,16530
13/04/2015,15850,16050,15000,15050,18932
14/04/2015,15000,15150,14900,15000,11157
15/04/2015,15000,15450,14750,15450,18398
16/04/2015,15600,15700,15125,15125,16641
17/04/2015,15200,15375,15000,15050,13889
20/04/2015,15150,15150,14850,14975,9929
21/04/2015,15050,15250,14800,15150,11464
22/04/2015,15050,15400,14925,15400,9887
23/04/2015,15400,15400,14575,14575,28109
24/04/2015,14600,14900,14600,14725,8546
27/04/2015,14625,14850,13725,13725,21005
28/04/2015,13750,13900,13150,13775,15208
29/04/2015,13800,13950,13300,13425,13998
30/04/2015,13200,13450,12600,12600,26278
04/05/2015,12800,12975,12525,12900,13692
05/05/2015,13100,13600,13050,13450,15723
06/05/2015,13450,13550,13100,13225,20355
07/05/2015,13125,13550,13125,13325,11555
08/05/2015,13525,14075,13400,14075,20650
11/05/2015,14200,15000,14200,15000,20033
12/05/2015,14925,15475,14725,15350,29226
13/05/2015,15200,15550,15000,15000,24275
15/05/2015,14600,15550,13475,15200,78985
18/05/2015,14950,15325,14900,15000,12076
19/05/2015,15100,15100,14725,14900,16058
20/05/2015,14850,15075,14850,14900,15883
21/05/2015,15000,15000,14750,14800,9664
22/05/2015,14800,14950,14800,14800,3638
25/05/2015,14850,14925,14625,14725,3440
26/05/2015,14725,15050,14600,14650,27002
27/05/2015,14525,14975,14150,14475,31257
28/05/2015,14700,14750,14350,14350,25997
29/05/2015,14300,14400,13475,13500,339551
01/06/2015,13500,13600,13200,13425,18208
03/06/2015,13700,13850,13075,13375,74721
04/06/2015,13250,13425,12825,12825,35232
05/06/2015,12600,13050,12600,12975,17498
08/06/2015,13025,13250,12925,13150,21661
09/06/2015,13100,13125,12750,12900,25770
10/06/2015,12900,13400,12900,13100,15844
11/06/2015,13150,13275,12825,13000,30752
12/06/2015,13000,13175,12950,13100,10368
15/06/2015,13050,13150,13050,13100,12239
16/06/2015,13025,13225,12700,13125,23959
17/06/2015,13125,13450,13125,13275,21156
18/06/2015,13650,13650,13150,13200,7800
19/06/2015,13100,13350,13100,13300,13783
22/06/2015,13200,13300,13175,13200,2701
23/06/2015,13300,13400,13125,13400,10714
24/06/2015,13300,13400,13175,13175,8397
25/06/2015,13300,13300,13075,13250,10738
26/06/2015,13250,13375,13125,13300,6943
29/06/2015,13300,13300,13050,13225,7735
30/06/2015,13100,13275,12850,12850,10704
01/07/2015,12925,13100,12850,12850,2384
02/07/2015,12900,13100,12850,12950,3608
03/07/2015,12825,13175,12825,13150,1556
06/07/2015,12875,13150,12850,12900,2723
07/07/2015,12900,12950,12700,12800,4066
08/07/2015,12600,12650,12200,12200,11626
09/07/2015,12000,12000,11350,11550,14984
10/07/2015,11450,11700,11450,11500,4964
13/07/2015,11550,11675,11250,11400,5803
14/07/2015,11600,11600,11300,11300,5553
15/07/2015,11300,11325,11025,11025,4754
22/07/2015,10900,10900,10100,10150,21549
23/07/2015,10300,10575,10250,10375,14174
24/07/2015,10450,10450,9975,10025,9716
27/07/2015,9900,10175,9900,10000,8149
28/07/2015,9900,10225,9825,10150,12582
29/07/2015,10250,10325,9975,9975,11362
30/07/2015,9975,10150,9825,9975,5335
31/07/2015,10125,10125,9525,9725,16660
03/08/2015,9700,9750,9500,9725,3642
04/08/2015,9575,10200,9525,10100,8128
05/08/2015,10200,10850,10200,10800,22059
06/08/2015,10625,10850,10600,10800,7246
07/08/2015,10625,10650,10250,10300,3432
10/08/2015,10000,10200,9775,9775,3417
11/08/2015,9950,10025,9600,9700,5523
12/08/2015,9600,9650,9400,9500,5779
13/08/2015,9500,9650,9400,9550,9527
14/08/2015,9400,9550,9275,9500,11356
18/08/2015,9400,9550,9275,9350,18004
19/08/2015,9200,9350,9075,9150,15280
20/08/2015,9100,9100,8775,8900,14042
21/08/2015,8800,8925,8575,8750,17040
24/08/2015,8500,8500,7975,8425,9205
25/08/2015,8250,9000,8050,8700,16768
26/08/2015,8700,9225,8625,9000,20677
27/08/2015,9050,9325,9000,9150,11423
28/08/2015,9500,9700,9175,9400,20368
31/08/2015,9600,9700,9350,9350,27792
01/09/2015,9350,9550,9125,9125,18515
02/09/2015,9000,9050,8550,8625,56724
03/09/2015,8700,8775,8675,8750,10279
04/09/2015,8750,8750,8600,8625,8644
07/09/2015,8600,8600,8250,8325,4018
08/09/2015,8300,8325,8100,8225,6694
09/09/2015,8300,9125,8300,8950,20194
10/09/2015,8800,8800,8525,8600,8916
11/09/2015,9025,9225,8700,9175,10819
14/09/2015,9225,9350,9100,9275,4819
15/09/2015,9300,9725,9200,9500,21927
16/09/2015,9550,9650,9200,9200,16121
17/09/2015,9300,9475,9000,9200,16174
18/09/2015,9225,9550,9025,9550,12228
21/09/2015,9500,9825,9250,9600,5803
22/09/2015,9800,9800,9625,9650,3101
23/09/2015,9600,9625,9500,9500,5649
25/09/2015,9650,9725,9150,9150,4260
28/09/2015,9300,9375,9025,9025,2497
29/09/2015,9025,9550,8900,9500,7532
30/09/2015,9475,9900,9300,9875,7061
01/10/2015,9875,10050,9750,9800,8630
02/10/2015,9900,10100,9675,9725,15617
05/10/2015,9750,10175,9750,10000,14936
06/10/2015,10175,10250,10125,10175,17361
07/10/2015,10250,11100,10200,10950,24343
08/10/2015,11050,11400,10600,10750,23562
09/10/2015,10400,10650,10325,10500,36032
12/10/2015,10800,11100,10650,10700,17536
13/10/2015,10950,10950,10625,10700,8962
15/10/2015,10750,10900,10625,10700,13662
16/10/2015,10500,10750,10125,10125,18056
19/10/2015,10125,10150,9750,9850,12302
20/10/2015,9950,10200,9825,9900,34935
21/10/2015,9900,10075,9550,9600,28759
22/10/2015,9700,9700,9450,9450,9108
23/10/2015,9575,9600,9300,9400,11074
26/10/2015,9400,9550,9400,9475,8561
27/10/2015,9550,9625,9375,9375,13445
28/10/2015,9300,9350,8800,8850,25792
29/10/2015,8850,8925,8400,8425,19597
30/10/2015,8425,8725,8425,8475,13128
02/11/2015,8475,8625,8450,8550,11452
03/11/2015,8600,8700,8575,8625,14762
04/11/2015,8650,8925,8650,8800,12096
05/11/2015,8850,8850,8525,8600,7456
06/11/2015,8700,8725,8525,8600,5734
09/11/2015,8550,8575,8100,8125,10701
10/11/2015,8125,8250,7925,8050,12641
11/11/2015,7950,7975,7700,7700,15224
12/11/2015,7625,7775,7625,7625,7856
13/11/2015,7650,7650,7150,7250,11395
16/11/2015,7200,7200,6950,6950,11483
17/11/2015,7100,7200,7025,7200,8285
18/11/2015,7200,7450,7125,7425,9103
19/11/2015,7525,7625,7300,7400,10485
20/11/2015,7600,7600,7250,7425,12164
23/11/2015,7400,7425,7150,7250,2455
24/11/2015,7250,7275,7000,7025,8083
25/11/2015,7075,7175,7025,7025,4534
26/11/2015,7075,7125,7050,7050,5216
27/11/2015,7075,7125,7000,7025,5924
30/11/2015,6950,7025,6750,6750,12270
01/12/2015,6750,6850,6375,6475,30457
02/12/2015,6550,6775,6500,6700,16972
03/12/2015,6650,6700,6525,6600,4336
04/12/2015,6550,6800,6525,6650,5763
07/12/2015,6725,6725,6550,6600,5494
08/12/2015,6600,6600,6225,6375,11485
10/12/2015,6250,6275,5900,5925,18991
11/12/2015,5950,6000,5650,5825,10003
14/12/2015,5650,5825,5600,5700,11329
15/12/2015,5650,5825,5600,5775,15130
16/12/2015,5800,6075,5800,5850,18572
17/12/2015,5875,6125,5825,6000,22125
18/12/2015,6000,6000,5525,5525,16165
21/12/2015,5650,5750,5600,5600,6905
22/12/2015,5650,5800,5600,5650,12600
23/12/2015,5700,5750,5600,5650,12614
28/12/2015,5725,5900,5675,5825,8638
29/12/2015,5825,5850,5675,5750,7999
30/12/2015,5800,5825,5725,5725,6640
04/01/2016,5775,5850,5700,5725,12720
05/01/2016,5800,5950,5725,5775,12862
06/01/2016,5800,5850,5725,5825,4231
07/01/2016,5725,5800,5600,5800,7094
08/01/2016,5625,5775,5625,5750,4252
11/01/2016,5725,5725,5600,5675,2829
12/01/2016,5700,5725,5550,5550,4269
13/01/2016,5550,5700,5550,5650,4515
14/01/2016,5550,5575,5500,5525,7762
15/01/2016,5550,5600,5400,5425,4844
18/01/2016,5350,5350,5200,5275,5343
19/01/2016,5350,5350,5100,5100,5567
20/01/2016,5075,5125,4940,4955,11465
21/01/2016,4955,4970,4720,4750,14003
22/01/2016,4900,5100,4830,5075,17046
25/01/2016,5225,5475,5200,5375,15147
26/01/2016,5225,5225,5025,5050,19735
27/01/2016,5200,5250,4900,4900,19134
28/01/2016,4950,4995,4690,4730,57908
29/01/2016,4780,4865,4735,4810,64983
01/02/2016,4850,4895,4730,4730,8615
02/02/2016,4700,4895,4675,4800,15150
03/02/2016,4740,4820,4730,4760,8902
04/02/2016,4800,4870,4780,4795,13092
05/02/2016,4800,4830,4765,4790,12757
09/02/2016,4780,4815,4740,4785,5636
10/02/2016,4775,4870,4750,4800,8966
11/02/2016,4800,4890,4780,4860,9101
12/02/2016,4850,4875,4805,4810,3117
15/02/2016,4850,4860,4790,4830,7984
16/02/2016,4850,4865,4830,4860,5970
17/02/2016,4860,4890,4845,4860,9829
18/02/2016,4890,5425,4890,5250,36042
19/02/2016,5250,5425,5025,5250,46276
22/02/2016,5300,5650,5275,5600,29273
23/02/2016,5650,5900,5650,5800,52833
24/02/2016,5850,5850,5450,5500,11310
25/02/2016,5500,5575,5375,5400,8682
26/02/2016,5600,6475,5550,6475,47907
29/02/2016,6775,7750,6725,6750,120314
01/03/2016,6750,7100,6700,6950,25633
02/03/2016,7200,7200,6850,7050,28923
03/03/2016,7050,7100,6875,6900,10856
04/03/2016,7000,7050,6650,6650,25518
07/03/2016,6750,7150,6700,7050,48637
08/03/2016,7200,7475,7000,7025,59340
10/03/2016,7200,7200,6650,6650,35034
11/03/2016,6700,7000,6525,6700,42647
14/03/2016,6800,6925,6700,6750,12548
15/03/2016,6700,6750,6500,6500,26912
16/03/2016,6525,6800,6500,6550,47875
17/03/2016,6800,6950,6725,6950,80493
18/03/2016,7150,7200,6700,6700,119635
21/03/2016,6725,6750,6475,6575,44612
22/03/2016,6625,6725,6525,6600,25902
23/03/2016,6600,6625,6525,6575,12961
24/03/2016,6550,6575,6500,6525,28033
28/03/2016,6525,6725,6525,6725,25043
29/03/2016,6725,6750,6550,6575,30208
30/03/2016,6675,6675,6575,6575,16861
31/03/2016,6600,6700,6550,6625,36194
01/04/2016,6625,6725,6625,6675,12366
04/04/2016,6675,6725,6625,6675,15145
05/04/2016,6600,6675,6525,6675,41364
06/04/2016,6675,7175,6675,7100,48178
07/04/2016,7300,7300,6850,6925,41811
08/04/2016,6925,6975,6800,6875,22124
11/04/2016,7000,7050,6800,6875,25957
12/04/2016,6900,7025,6825,6900,15595
13/04/2016,6950,7225,6950,7125,43218
14/04/2016,7200,7350,7025,7125,43902
15/04/2016,7125,7200,7025,7200,23925
18/04/2016,7100,7375,7000,7275,26818
19/04/2016,7350,7425,7300,7375,11904
20/04/2016,7375,7450,7325,7400,10938
21/04/2016,7450,7650,7425,7550,19115
22/04/2016,7450,7550,7425,7500,11350
25/04/2016,7500,7725,7500,7675,18975
26/04/2016,7675,7875,7500,7575,33682
27/04/2016,7675,7800,7600,7800,10468
28/04/2016,7850,8025,7775,7825,10121
29/04/2016,8000,8000,7650,7800,10313
02/05/2016,7800,7875,7650,7775,7353
03/05/2016,7775,7975,7775,7900,11990
04/05/2016,7900,7925,7725,7850,14783
09/05/2016,7875,7900,7675,7825,11819
10/05/2016,7800,7825,7650,7725,19067
11/05/2016,7800,7950,7775,7925,10501
12/05/2016,8000,8425,7900,8300,35180
13/05/2016,8200,8450,8200,8375,10355
16/05/2016,8300,8325,8175,8250,11330
17/05/2016,8300,8350,8175,8250,17432
18/05/2016,8250,8275,8225,8225,16133
19/05/2016,8200,8275,8025,8200,12879
20/05/2016,8200,8300,8025,8075,7395
23/05/2016,8100,8375,8100,8325,5037
24/05/2016,8325,8325,8175,8175,7867
25/05/2016,8275,8350,8175,8225,7208
26/05/2016,8225,8675,8175,8625,14729
27/05/2016,8650,9000,8625,8800,14222
30/05/2016,8800,9000,8800,8825,13693
31/05/2016,8775,8900,8675,8750,14468
01/06/2016,8850,8850,8525,8575,15523
02/06/2016,8650,8750,8500,8600,21311
03/06/2016,8600,8725,8525,8675,11594
06/06/2016,8675,8850,8675,8725,9993
07/06/2016,8800,9100,8750,8850,28582
08/06/2016,8950,9000,8775,8800,17755
09/06/2016,8800,8950,8800,8825,14880
10/06/2016,8825,8900,8800,8800,5910
13/06/2016,8750,8800,8675,8700,2640
14/06/2016,8700,8750,8625,8650,3459
15/06/2016,8650,8825,8625,8700,9776
16/06/2016,8675,8700,8625,8625,4449
17/06/2016,8625,8625,8075,8200,30280
20/06/2016,8400,8750,8225,8600,5995
21/06/2016,8700,8875,8700,8775,7256
22/06/2016,8775,8900,8775,8775,7892
23/06/2016,8775,8850,8725,8800,6488
24/06/2016,8800,8850,8400,8650,13760
27/06/2016,8650,8750,8375,8725,3577
28/06/2016,8725,9225,8700,9100,15110
29/06/2016,9200,9450,9150,9375,9909
30/06/2016,9400,9500,9150,9375,14660
01/07/2016,9200,9400,9175,9375,6717
11/07/2016,9400,9550,9350,9550,11515
12/07/2016,9550,10275,9350,10125,19797
13/07/2016,10175,10700,10125,10650,31809
14/07/2016,10650,10800,10250,10250,7845
15/07/2016,10300,10800,10300,10700,11686
18/07/2016,10700,11750,10700,11650,17382
19/07/2016,11750,12375,11650,12000,15382
20/07/2016,11900,12350,11850,12125,22557
21/07/2016,12300,12350,11775,11775,18636
22/07/2016,11775,12100,11575,11600,3981
25/07/2016,11450,12025,11450,12000,16065
26/07/2016,12000,12100,11800,12100,9632
27/07/2016,12100,12250,12075,12125,8244
28/07/2016,12225,12300,11975,12250,6940
29/07/2016,12275,12575,12250,12575,14507
01/08/2016,12575,12800,12475,12675,11406
02/08/2016,12675,12975,12525,12550,7914
03/08/2016,12550,12875,12550,12700,13010
04/08/2016,12800,13000,12700,12800,9568
05/08/2016,12800,12950,12375,12425,4335
08/08/2016,12425,12425,11800,12050,10731
09/08/2016,12050,12400,12050,12300,11353
10/08/2016,12400,12400,12125,12400,7667
11/08/2016,12200,12375,12000,12300,6799
12/08/2016,12300,12300,11800,11850,3178
15/08/2016,11850,11875,11750,11875,1968
16/08/2016,11875,12175,11875,12175,1428
18/08/2016,12075,12375,11900,12100,6024
19/08/2016,12225,12250,11500,11600,13456
22/08/2016,11600,11650,11375,11450,5682
23/08/2016,11450,11450,11000,11075,9058
24/08/2016,11100,11225,10850,11075,3621
25/08/2016,11050,11100,10850,11000,4381
26/08/2016,10975,11000,10800,10950,2250
29/08/2016,10950,10950,10550,10600,3511
30/08/2016,10600,10900,10400,10600,4833
31/08/2016,10650,11450,10650,11375,16393
01/09/2016,11425,11425,11050,11150,2097
02/09/2016,11125,11225,10950,11225,2248
05/09/2016,11325,11500,11250,11400,3883
06/09/2016,11425,11500,11325,11400,3361
07/09/2016,11500,11650,11400,11425,6091
08/09/2016,11425,11500,11250,11400,8199
09/09/2016,11400,11400,11100,11150,2587
13/09/2016,11200,11200,10500,10500,5077
14/09/2016,10500,10500,9850,10025,19504
15/09/2016,10000,10600,10000,10500,5402
16/09/2016,10800,10850,10525,10600,10231
19/09/2016,10600,10850,10550,10550,1771
20/09/2016,10575,10600,10250,10275,2135
21/09/2016,10400,10500,10275,10500,2381
22/09/2016,10600,10700,10350,10475,5589
23/09/2016,10500,10550,10350,10450,2844
26/09/2016,10400,10700,10350,10475,7937
27/09/2016,10600,10650,10200,10575,26761
28/09/2016,10575,10700,10450,10625,2720
29/09/2016,11000,11275,10800,11250,23210
30/09/2016,11000,11300,10350,10900,10076
03/10/2016,11000,11250,10925,11200,14754
04/10/2016,11350,11450,11175,11400,9907
05/10/2016,11400,11550,11225,11400,4433
06/10/2016,11400,12425,11400,12325,31289
07/10/2016,12350,12950,12200,12875,38631
10/10/2016,12800,13325,12575,13025,21780
11/10/2016,13150,14475,13150,13950,41198
12/10/2016,13800,14275,13750,13900,11291
13/10/2016,13875,14000,13275,13350,20521
14/10/2016,13500,13900,13425,13500,17838
17/10/2016,13600,14275,13600,14000,42417
18/10/2016,14050,14450,13450,13500,39308
19/10/2016,13700,14250,13475,14050,68785
20/10/2016,14000,14100,13400,13575,32340
21/10/2016,13575,13600,12975,13200,43969
24/10/2016,13350,13525,13025,13075,21039
25/10/2016,13325,13950,12950,13725,50678
26/10/2016,13850,14500,13675,14400,38233
27/10/2016,14400,14975,14400,14700,31492
28/10/2016,14700,14750,14425,14500,17093
31/10/2016,14500,14650,14125,14325,11496
01/11/2016,14600,15000,14450,14875,41390
02/11/2016,14875,15500,14850,15250,50763
03/11/2016,15250,15250,14525,14800,24022
04/11/2016,14850,15400,14400,15400,25589
07/11/2016,15500,16625,15400,16600,41604
08/11/2016,16600,17050,15925,16500,29389
09/11/2016,16700,16700,15350,15925,36193
10/11/2016,16050,17200,16050,17000,38646
11/11/2016,16800,18350,16200,18000,61736
14/11/2016,18025,18025,17200,17775,15491
15/11/2016,17700,17800,16000,16000,30470
16/11/2016,16100,16650,15400,16100,82450
17/11/2016,15900,15900,15200,15350,23173
18/11/2016,15400,15700,14650,14725,23847
21/11/2016,14700,15175,14500,14700,26447
22/11/2016,15000,15575,15000,15575,20892
23/11/2016,15600,16350,15600,16200,34139
24/11/2016,16175,16350,15500,16200,25082
25/11/2016,16300,16775,16225,16450,8672
28/11/2016,16500,16500,15500,15800,15726
29/11/2016,15800,15975,15600,15800,9961
30/11/2016,15800,16075,15425,16000,21650
01/12/2016,16125,16400,16050,16275,19215
02/12/2016,16350,17050,16250,16975,27800
05/12/2016,17000,17400,16550,17225,46996
06/12/2016,17225,17225,16750,16750,26202
07/12/2016,16700,16750,16000,16250,29425
08/12/2016,16275,16925,16275,16650,21586
09/12/2016,16700,16900,16400,16550,13020
13/12/2016,16600,17200,16500,17100,33844
14/12/2016,17100,17750,16925,17650,26554
15/12/2016,17500,17900,17100,17500,14006
16/12/2016,17500,17625,17225,17225,12772
19/12/2016,17275,17475,16800,17150,11620
20/12/2016,17125,17125,16575,16575,5376
21/12/2016,16650,16900,16625,16700,8432
22/12/2016,16525,16700,16075,16075,10124
23/12/2016,16075,16600,16075,16100,10041
27/12/2016,16100,16250,15600,16000,11098
28/12/2016,16000,16275,15925,16175,6551
29/12/2016,16200,16700,16200,16500,11768
30/12/2016,16600,17000,16450,16875,10246
03/01/2017,16875,17500,16650,17300,14364
04/01/2017,17200,17200,16800,17000,9566
05/01/2017,16975,17100,16350,16425,11463
06/01/2017,16350,16700,16300,16600,13804
09/01/2017,16600,16625,16100,16225,8328
10/01/2017,15975,16200,15725,15775,19311
11/01/2017,15825,16050,15525,15550,22685
12/01/2017,15600,15850,15525,15850,13735
13/01/2017,15725,16025,15700,15925,6217
16/01/2017,15900,15900,15650,15800,3219
17/01/2017,15750,15950,15600,15700,4362
18/01/2017,15950,15950,15675,15775,4765
19/01/2017,15775,15800,15625,15625,4709
20/01/2017,15650,15650,15000,15100,12315
23/01/2017,15150,15325,15025,15125,3624
24/01/2017,15200,15325,14700,14800,13101
25/01/2017,14775,15000,14400,14525,8485
26/01/2017,14525,14650,14200,14325,13256
27/01/2017,14325,14650,14225,14525,7887
30/01/2017,14625,15000,14625,15000,6287
31/01/2017,15075,15200,14775,15000,17282
01/02/2017,15050,15325,14875,15175,14033
02/02/2017,15175,15475,15175,15450,6141
03/02/2017,15450,15800,15175,15800,13818
06/02/2017,15900,15925,15525,15800,18166
07/02/2017,15775,15775,15600,15600,6006
08/02/2017,15600,15600,15425,15500,2919
09/02/2017,15500,15675,15075,15650,6129
10/02/2017,15750,15750,15200,15400,4530
13/02/2017,15400,15450,15025,15025,7985
14/02/2017,15025,15225,14950,15075,8545
16/02/2017,15075,15400,15000,15300,8738
17/02/2017,15375,15425,14975,15300,8730
20/02/2017,15300,15500,15200,15475,7908
21/02/2017,15500,16950,15500,16525,37907
22/02/2017,16600,16825,15850,16325,20690
23/02/2017,16325,16975,16050,16700,15431
24/02/2017,16525,17300,16525,17225,31779
27/02/2017,17225,17300,16700,16800,8714
28/02/2017,17050,17675,16800,17600,37571
01/03/2017,17600,17875,17300,17500,14008
02/03/2017,17600,18150,17575,17950,29646
03/03/2017,17800,17950,17400,17525,17792
06/03/2017,17525,17600,17050,17075,12619
07/03/2017,17075,17250,17000,17150,11698
08/03/2017,17150,17350,16950,17125,8402
09/03/2017,17100,17400,16950,17375,10851
10/03/2017,17125,17350,16150,16300,16752
13/03/2017,16325,16600,16200,16300,16840
14/03/2017,16525,16975,16525,16800,18962
15/03/2017,16800,17100,16775,17000,8664
16/03/2017,17100,17600,17100,17525,15068
17/03/2017,17525,17975,17275,17750,19306
20/03/2017,17800,18100,17575,18050,16891
21/03/2017,18050,18775,18050,18775,23186
22/03/2017,18775,18975,18400,18650,24790
23/03/2017,18700,19375,18675,19200,23312
24/03/2017,19225,19900,19200,19875,18123
27/03/2017,19975,20150,19575,19725,10225
29/03/2017,19725,20150,19700,20050,31899
30/03/2017,20150,20500,19875,19925,22699
31/03/2017,19925,20225,19875,20200,21048
03/04/2017,20200,20650,20075,20200,16481
04/04/2017,20500,22300,20500,22200,44076
05/04/2017,22200,22250,21400,21550,50035
06/04/2017,20650,20800,20200,20450,45894
07/04/2017,20700,20950,20275,20450,21278
10/04/2017,20500,20650,19925,20100,17425
11/04/2017,20100,20150,19825,19950,14841
12/04/2017,19950,20100,19425,19850,16819
13/04/2017,19875,19875,19700,19800,14522
17/04/2017,19800,19825,19575,19600,7116
18/04/2017,19650,20175,19650,20075,19122
20/04/2017,20050,20350,19575,19700,25728
21/04/2017,19700,19750,18450,18800,16640
25/04/2017,18800,19375,18500,19100,20202
26/04/2017,19300,19850,19250,19500,21213
27/04/2017,19600,19800,19525,19625,7490
28/04/2017,19700,19800,18725,19125,26941
02/05/2017,19300,19450,18375,18625,15165
03/05/2017,18875,19000,18050,18050,19771
04/05/2017,18150,18800,18125,18475,41135
05/05/2017,18450,19100,18275,18400,33264
08/05/2017,18450,18600,18275,18400,14334
09/05/2017,18400,18400,17375,17425,27246
10/05/2017,17425,17525,16225,16275,19996
12/05/2017,16350,16725,15900,15950,20852
15/05/2017,16175,16175,14500,15150,28797
16/05/2017,15150,15500,14950,15000,28485
17/05/2017,15200,15200,14700,14850,26996
18/05/2017,14900,15475,14625,15300,37464
19/05/2017,15350,15800,15125,15750,29653
22/05/2017,15750,16000,15100,15175,35040
23/05/2017,15275,15600,15175,15400,23049
24/05/2017,15450,15525,15250,15350,12683
26/05/2017,15550,16000,15375,16000,38177
29/05/2017,16000,16300,15775,15800,12619
30/05/2017,15800,16075,15625,15875,6082
31/05/2017,15925,16300,15200,15200,21619
02/06/2017,15200,15850,15200,15525,29264
05/06/2017,15900,16000,15600,15750,4451
06/06/2017,15950,16425,15950,16350,19954
07/06/2017,16425,17075,16425,17000,30770
08/06/2017,17000,17650,17000,17450,22837
09/06/2017,17525,17900,17175,17175,20207
12/06/2017,17200,17500,16500,17100,12611
13/06/2017,17100,17300,16500,17200,20487
14/06/2017,17500,18400,17400,18075,41316
15/06/2017,18200,18300,17500,17525,13931
16/06/2017,17700,18025,17000,17000,20432
19/06/2017,17200,17325,17100,17225,13113
20/06/2017,17500,17625,17350,17550,6862
21/06/2017,17550,17950,17450,17850,12095
22/06/2017,17850,17900,16700,17300,19504
03/07/2017,17050,18150,17050,17800,26687
04/07/2017,17925,18200,17525,17650,7722
05/07/2017,17675,18050,17525,17650,19743
06/07/2017,17800,18300,17800,18300,25719
07/07/2017,18350,18350,18175,18250,7839
10/07/2017,18150,18300,18050,18225,2865
11/07/2017,18225,18950,18225,18650,14245
12/07/2017,18700,19425,18700,19325,17356
13/07/2017,19325,19675,19050,19675,16665
14/07/2017,19675,19925,19550,19650,11134
17/07/2017,19650,20000,19650,19950,11718
18/07/2017,19950,19950,19400,19400,6237
19/07/2017,19550,21425,19550,21100,24793
20/07/2017,21125,21900,20850,21600,25309
21/07/2017,21750,21750,20925,21150,16018
24/07/2017,21150,21250,20425,20950,7646
25/07/2017,20850,20850,20050,20500,13384
26/07/2017,20850,21125,20400,20750,8013
27/07/2017,20900,21000,20275,20500,6017
28/07/2017,20400,20650,20275,20525,7283
31/07/2017,20525,20525,19825,20000,17443
01/08/2017,20000,21125,20000,20925,21185
02/08/2017,20925,21100,20600,20800,21854
03/08/2017,20800,20800,20300,20400,5712
04/08/2017,20400,20725,20250,20600,19008
07/08/2017,20700,21125,20350,20600,17207
08/08/2017,20725,20725,19925,20150,9518
09/08/2017,20150,20450,20050,20225,8919
10/08/2017,20250,20250,19950,20150,16547
11/08/2017,20150,20150,19900,19950,5948
14/08/2017,20000,20200,19625,19950,12708
15/08/2017,20000,20475,19975,20425,12058
16/08/2017,20425,20575,20350,20500,10436
18/08/2017,20700,20825,20475,20575,13277
21/08/2017,20575,20650,19900,20025,8268
22/08/2017,20100,20325,19925,20025,16372
23/08/2017,20100,20400,19925,20100,15684
24/08/2017,20100,20250,19975,20225,12756
25/08/2017,20250,20425,20025,20025,13220
28/08/2017,20025,20225,19725,19750,13459
29/08/2017,20000,20450,19000,19200,26032
30/08/2017,19400,19500,18550,18550,28058
31/08/2017,18600,19475,18600,19450,20636
04/09/2017,19550,19625,19000,19000,5835
05/09/2017,19000,19275,18850,19050,7556
06/09/2017,19200,19425,19100,19350,13095
07/09/2017,19325,19525,18975,19150,18418
08/09/2017,19150,19800,19150,19650,6482
11/09/2017,19650,20475,19650,20450,12927
12/09/2017,20500,20975,20175,20175,18337
13/09/2017,20200,20375,18250,19350,35422
14/09/2017,19350,19600,18675,19500,23746
15/09/2017,19500,19750,19300,19700,9274
18/09/2017,19700,20100,19700,20100,6065
19/09/2017,20100,20200,19900,20200,7104
20/09/2017,20300,20300,19675,19725,5668
22/09/2017,19725,20300,19600,19750,8752
25/09/2017,19900,19900,19475,19500,8551
26/09/2017,19500,19575,18700,18750,15232
27/09/2017,18750,19000,18550,18725,14475
28/09/2017,18725,19750,18550,19450,19024
29/09/2017,19700,20250,19450,20250,20824
02/10/2017,20250,20600,19575,19600,13601
03/10/2017,19800,19875,19425,19575,11864
04/10/2017,19750,20350,19650,19875,29551
05/10/2017,20000,20250,19925,20075,6979
06/10/2017,20150,20425,20075,20250,12071
09/10/2017,20300,20475,20200,20350,4490
10/10/2017,20350,20600,20250,20375,7172
11/10/2017,20400,21075,20250,20775,24396
12/10/2017,20950,21450,20750,21150,12172
13/10/2017,21150,21300,20675,20800,7605
16/10/2017,21050,21400,20800,21400,8048
17/10/2017,21500,21875,21300,21700,15565
18/10/2017,21725,21925,21200,21550,6963
19/10/2017,21750,22500,21675,22375,15928
20/10/2017,22375,22375,21650,22350,17604
23/10/2017,22350,22750,21925,22700,9638
24/10/2017,22700,23175,22400,23000,6041
25/10/2017,23000,23000,22350,22700,10870
26/10/2017,22800,22825,21500,21500,12242
27/10/2017,21625,22275,21200,21275,19346
30/10/2017,21600,22600,21600,22175,15396
31/10/2017,22300,22525,21700,22200,16625
01/11/2017,22300,22950,22075,22800,10209
02/11/2017,22850,22950,22500,22500,8478
03/11/2017,22700,22800,22150,22500,11906
06/11/2017,22000,22100,21325,21475,14565
07/11/2017,21475,21750,21450,21525,10361
08/11/2017,21550,21625,20900,21175,15111
09/11/2017,21175,21250,20750,21150,18145
10/11/2017,21375,21650,21100,21500,20884
13/11/2017,21550,21700,20850,20975,9268
14/11/2017,20975,21300,20500,20575,12489
15/11/2017,20500,20500,19925,20000,15405
16/11/2017,19950,20725,19850,20450,13715
17/11/2017,20550,20925,20200,20400,9144
20/11/2017,20400,20700,20225,20225,5582
21/11/2017,20225,20225,19700,19700,13664
22/11/2017,19700,20200,19700,20000,6694
23/11/2017,20050,20200,19825,19825,3553
24/11/2017,19850,20000,19625,19650,4019
27/11/2017,19750,20000,19300,19800,5899
28/11/2017,19550,19950,19425,19800,4909
29/11/2017,20000,20700,20000,20700,14629
30/11/2017,20700,21150,20500,21150,11344
01/12/2017,21150,21150,21150,21150,0
04/12/2017,21000,21275,20550,21125,14931
05/12/2017,21125,21250,20850,21100,8106
06/12/2017,21250,21450,21125,21300,14789
07/12/2017,21300,21600,21150,21200,11808
08/12/2017,21200,21400,21050,21100,3652
11/12/2017,21100,21425,20575,20775,4234
12/12/2017,20750,20975,20550,20775,3366
13/12/2017,21000,21300,20700,20700,3640
14/12/2017,21000,21000,20750,20800,7092
15/12/2017,20700,21075,20450,20450,14880
18/12/2017,20700,20700,20275,20350,5676
19/12/2017,20350,20950,20350,20500,8918
20/12/2017,20550,20825,20000,20000,13217
21/12/2017,20000,20450,20000,20300,10351
22/12/2017,20300,20650,20300,20400,11517
27/12/2017,20425,21000,20425,20775,3718
28/12/2017,21000,21075,20400,20450,5568
29/12/2017,20600,20825,20400,20700,10297
02/01/2018,20800,20825,20450,20475,5774
03/01/2018,20500,20600,19850,19975,11894
04/01/2018,20200,20750,20025,20100,20916
05/01/2018,20275,21100,20000,21075,23107
08/01/2018,21075,23050,21075,22975,38277
09/01/2018,23100,23500,23000,23275,16825
10/01/2018,23275,23925,23275,23850,14907
11/01/2018,23850,23925,23450,23700,4776
12/01/2018,23750,24525,23725,23750,17298
15/01/2018,24000,25000,23900,24850,9790
16/01/2018,24800,25800,24800,25500,20340
17/01/2018,25475,25900,24750,25900,12930
18/01/2018,25800,26025,25475,25825,12127
19/01/2018,25825,26550,25675,26550,16004
22/01/2018,26600,29000,26600,28475,24147
23/01/2018,28475,29500,28475,28500,20519
24/01/2018,28550,29800,28525,29750,22995
25/01/2018,29800,30850,29800,30325,18805
26/01/2018,30500,30850,30000,30050,9860
29/01/2018,29900,31575,29900,31300,18995
30/01/2018,31300,31300,29100,30100,24032
31/01/2018,29900,30800,29300,30300,15720
01/02/2018,30300,30800,29625,30800,16586
02/02/2018,30600,30600,29500,29600,31632
05/02/2018,29325,30200,28750,29600,12506
06/02/2018,29800,29800,28375,29100,20024
07/02/2018,29100,30125,28800,28800,13326
08/02/2018,28800,29225,28350,29000,10358
09/02/2018,28800,29000,28050,28300,6123
12/02/2018,28200,28600,28000,28400,4406
13/02/2018,28600,29900,28600,28900,12298
14/02/2018,28650,29375,28150,29175,5435
15/02/2018,29200,30400,29200,30075,9869
19/02/2018,30075,30375,29775,30000,10761
20/02/2018,29900,30150,29600,29975,9631
21/02/2018,29975,30150,29550,29600,10078
22/02/2018,29700,30600,29350,30525,15282
23/02/2018,30800,31975,30800,31700,26234
26/02/2018,31700,32200,31400,31475,10673
27/02/2018,31475,31500,30400,30600,12888
28/02/2018,30600,31000,30550,30800,14508
01/03/2018,30800,31200,30050,30175,6223
02/03/2018,30175,30175,28575,28675,25354
05/03/2018,28800,29425,27300,27300,17468
06/03/2018,27600,28200,27100,27200,17578
07/03/2018,27200,27975,26400,26550,17668
08/03/2018,26700,27200,25725,26900,43236
09/03/2018,26900,27475,26900,27125,19314
12/03/2018,27225,29500,27225,28900,30607
13/03/2018,28900,29375,27600,28000,21578
14/03/2018,28000,28000,26400,26400,22845
15/03/2018,26375,27000,25775,26000,15730
16/03/2018,26200,27825,25800,27825,62347
19/03/2018,27825,28000,27000,27500,8670
20/03/2018,27300,27475,26850,26850,9543
21/03/2018,26950,27950,26950,27900,14911
22/03/2018,27900,28750,27900,28375,13358
23/03/2018,28000,29550,27375,28900,16525
26/03/2018,29000,29300,28900,29050,9664
27/03/2018,29150,30000,29150,29575,24251
28/03/2018,29400,29650,28050,28125,18176
29/03/2018,28150,28975,28125,28500,17994
02/04/2018,28750,29225,28275,28625,18060
03/04/2018,28300,28300,26400,26975,22065
04/04/2018,27200,27775,26000,26300,16841
05/04/2018,26500,27450,26450,27400,16074
06/04/2018,27425,27700,27000,27400,6461
09/04/2018,27150,27800,27000,27425,6885
10/04/2018,27600,28450,27600,28450,14541
11/04/2018,28450,29000,27400,27400,15297
12/04/2018,27600,27850,27150,27175,7880
13/04/2018,27400,27625,27075,27075,5437
16/04/2018,27075,27375,26900,26900,7585
17/04/2018,26950,27475,26600,26875,11848
18/04/2018,26900,27250,26900,26925,5464
19/04/2018,27000,28000,27000,27875,10823
20/04/2018,27975,28000,27450,27775,5535
23/04/2018,27775,27775,27350,27500,6276
24/04/2018,27575,27600,26600,26650,9049
25/04/2018,26650,26650,25400,25450,13379
26/04/2018,25600,26000,24500,24825,15200
27/04/2018,24825,24875,23250,23600,21867
30/04/2018,23575,24025,23100,23650,22720
02/05/2018,24000,24800,23900,24100,22765
03/05/2018,24200,24400,22275,22350,19794
04/05/2018,22350,22575,21200,22475,19130
07/05/2018,22600,23375,22600,23350,10651
08/05/2018,23350,23500,22200,22400,8708
09/05/2018,22400,23275,22200,23200,14743
11/05/2018,23300,25775,23300,25625,19313
14/05/2018,25625,26125,25150,25900,23078
15/05/2018,26000,26400,26000,26325,11207
16/05/2018,26325,27450,25725,27425,12654
17/05/2018,27500,27725,26300,26375,17924
18/05/2018,26375,26800,25625,26000,10329
21/05/2018,26000,26775,25600,26650,18742
22/05/2018,26650,26975,26150,26200,6868
23/05/2018,26100,26525,24900,25000,23073
24/05/2018,25050,25475,24300,24450,13744
25/05/2018,24550,25550,24550,25150,12802
28/05/2018,25200,25500,25125,25375,4898
30/05/2018,25350,26475,25125,25900,17874
31/05/2018,26000,26350,25650,25825,13289
04/06/2018,26000,26425,25900,26425,13927
05/06/2018,26450,28350,26450,28200,34842
06/06/2018,28350,28500,27375,27650,16634
07/06/2018,27775,28325,26775,26850,14764
08/06/2018,27125,27525,26500,27000,20937
20/06/2018,26750,27000,25150,25700,34352
21/06/2018,25700,25700,24325,24325,38397
22/06/2018,24325,24325,22875,23675,32580
25/06/2018,23850,24000,22600,22875,51330
26/06/2018,22875,23650,22550,22775,25124
27/06/2018,22800,23300,22100,22275,24195
28/06/2018,22400,22800,21850,21925,20992
29/06/2018,21925,22500,21925,22375,23690
02/07/2018,22500,23450,21225,22025,25464
03/07/2018,22200,22350,21250,21300,31584
04/07/2018,21150,22325,21000,22300,21726
05/07/2018,22400,23350,22200,23250,17953
06/07/2018,23300,24800,23275,24575,28470
09/07/2018,24600,25150,24100,24725,19786
10/07/2018,24725,25200,24250,25000,15708
11/07/2018,24875,25300,24400,25300,10756
12/07/2018,25300,25300,24675,24725,10544
13/07/2018,24725,25000,24050,24500,13590
16/07/2018,24500,24550,23225,23700,15550
17/07/2018,23700,24250,23400,24200,9530
18/07/2018,24300,25050,24200,24825,28775
19/07/2018,25050,25650,24700,25300,20465
20/07/2018,25300,25300,24200,24200,16181
23/07/2018,24250,25050,24100,24900,13845
24/07/2018,25000,25450,24550,25300,15758
25/07/2018,25400,26350,25350,26350,18857
26/07/2018,26500,28200,26350,28125,36297
27/07/2018,28125,29000,28000,29000,16853
30/07/2018,29000,30500,29000,30000,39175
31/07/2018,29875,30000,28150,28475,41694
01/08/2018,28850,29225,28750,29225,22124
02/08/2018,29225,29225,28475,28800,10448
03/08/2018,28900,29275,28425,29000,18731
06/08/2018,29000,29000,28525,28700,14736
07/08/2018,28700,29450,28525,28950,18156
08/08/2018,28950,29225,28650,28650,17455
09/08/2018,28650,28675,28125,28125,12491
10/08/2018,28125,28475,27550,27800,11486
13/08/2018,27000,27200,26000,26400,17800
14/08/2018,26100,26875,25825,25900,16067
15/08/2018,26325,26800,25375,26750,14017
16/08/2018,26750,27000,26100,26175,7526
20/08/2018,26325,27975,26325,27625,17567
21/08/2018,27625,27650,26700,26800,19389
23/08/2018,26400,26600,25550,25675,34540
24/08/2018,25675,26175,25400,25900,9287
27/08/2018,26050,26250,25550,25900,11362
28/08/2018,26200,27900,26050,27775,25164
29/08/2018,27775,28500,27000,28300,31690
30/08/2018,28350,29000,28125,29000,26745
31/08/2018,28500,28500,27575,28300,21026
03/09/2018,28300,28300,27550,27550,6077
04/09/2018,27200,27700,26650,27225,11870
05/09/2018,26500,26525,25800,25900,16222
06/09/2018,25800,26500,25125,25425,20840
07/09/2018,25500,25950,25250,25375,16093
10/09/2018,25375,25550,25200,25200,10257
12/09/2018,25300,26375,25275,25775,21516
13/09/2018,26100,26175,25525,25900,6321
14/09/2018,26150,27175,25950,27100,15725
17/09/2018,27200,27350,26150,26275,17404
18/09/2018,26050,26300,25700,26150,13728
19/09/2018,26275,26525,26275,26275,9641
20/09/2018,26275,27050,26000,27000,18888
21/09/2018,27125,27200,26400,26400,19034
24/09/2018,26425,26500,25425,25425,16518
25/09/2018,25425,25800,25425,25600,4736
26/09/2018,25800,25950,25450,25450,6729
27/09/2018,25600,25800,25500,25700,9129
28/09/2018,25800,26150,25475,25850,17149
01/10/2018,26000,26325,25700,26000,10547
02/10/2018,26000,26350,25500,25750,9607
03/10/2018,25900,26175,25800,26000,6215
04/10/2018,25825,25950,25600,25675,7129
05/10/2018,25550,25725,25350,25675,8951
08/10/2018,25675,26300,25675,26250,12716
09/10/2018,26300,26575,25525,25750,11877
10/10/2018,25750,25925,25500,25500,14758
11/10/2018,25100,25100,24650,24975,11329
12/10/2018,24750,25325,24750,24950,9029
15/10/2018,24950,25125,24725,24725,6173
16/10/2018,25000,25400,24650,25225,10662
17/10/2018,25500,26025,25225,26000,13232
18/10/2018,26000,26175,25600,26000,21407
19/10/2018,26000,26100,24950,24950,31951
22/10/2018,25125,25425,25050,25350,11199
23/10/2018,25050,25200,24750,24750,12342
24/10/2018,25350,25975,25350,25775,29258
25/10/2018,25775,26375,25600,26100,22272
26/10/2018,26125,27000,26125,26950,27186
29/10/2018,27000,27100,25800,25950,29064
30/10/2018,26000,26250,25725,25950,24237
31/10/2018,24850,25050,24650,24900,18325
01/11/2018,24950,25175,24800,24800,12593
02/11/2018,24800,25000,24100,24500,16737
05/11/2018,24500,24500,23800,23825,18968
06/11/2018,23825,24350,23825,24275,17345
07/11/2018,24300,24400,23850,24250,13654
08/11/2018,24350,24525,23475,23475,27593
09/11/2018,23500,23700,23000,23075,15519
12/11/2018,23500,23950,23000,23875,16086
13/11/2018,23600,23850,23500,23500,9403
14/11/2018,23350,23350,22550,22575,22654
15/11/2018,22700,23225,22575,23075,26810
16/11/2018,23275,23825,22700,22775,24906
19/11/2018,22550,23000,22000,22025,27067
21/11/2018,21850,21850,19800,20025,70029
22/11/2018,20450,20500,19325,19625,50793
23/11/2018,19900,20375,19900,20025,37233
26/11/2018,20150,20350,19625,20175,18689
27/11/2018,20300,20350,19750,19750,33672
28/11/2018,19775,20800,19775,20525,21039
29/11/2018,21000,21300,20725,21250,23443
30/11/2018,21300,22100,21100,21250,70406
03/12/2018,21800,21900,21000,21000,21525
04/12/2018,21000,21750,20950,21425,31569
05/12/2018,21025,21375,20525,20600,18904
06/12/2018,20325,21150,20300,20800,25066
07/12/2018,21025,21075,20300,20425,11313
10/12/2018,20200,20450,19625,19800,29832
11/12/2018,19900,20325,19850,20100,15304
12/12/2018,20100,21225,20050,21100,17495
13/12/2018,21150,21550,20925,21200,25218
14/12/2018,21200,21225,20625,20625,16251
17/12/2018,20575,20650,20150,20150,9308
18/12/2018,20000,20050,19525,20000,44976
19/12/2018,19950,20200,19900,20025,17156
20/12/2018,20025,20150,19900,20000,8923
21/12/2018,19900,20100,19750,19900,14052
26/12/2018,19800,20050,19675,19900,4112
27/12/2018,20150,20300,19975,20050,8641
28/12/2018,19975,20250,19975,20250,9393
02/01/2019,20125,20150,19950,20075,10951
03/01/2019,20200,20200,19825,19900,22481
04/01/2019,19800,21775,19750,21575,38553
07/01/2019,21825,22125,20825,20850,33836
08/01/2019,20900,22075,20900,22075,29993
09/01/2019,22200,22500,22100,22450,21870
10/01/2019,22450,22450,21750,22000,17120
11/01/2019,22275,22900,21975,22525,18285
14/01/2019,22525,22525,21900,22250,5431
15/01/2019,21975,22200,21700,21850,10980
16/01/2019,22000,22400,21875,21875,13765
17/01/2019,22100,22700,22100,22425,22252
18/01/2019,22550,23200,22550,23100,21945
21/01/2019,23400,23575,22700,23350,14504
22/01/2019,22850,23100,22375,22400,12726
23/01/2019,22300,22550,22150,22250,19326
24/01/2019,22250,22500,22250,22300,13030
25/01/2019,22025,22400,22025,22125,22344
28/01/2019,22325,22675,22075,22125,18092
29/01/2019,22075,22400,21725,21850,12864
30/01/2019,22000,22225,21425,21750,18076
31/01/2019,21900,22800,21900,22800,26367
01/02/2019,22775,22775,21800,22175,16287
04/02/2019,22175,22250,21950,22250,8951
06/02/2019,22275,22325,22125,22325,8854
07/02/2019,22200,22400,22050,22175,11761
08/02/2019,22000,22000,21675,21875,15600
11/02/2019,22000,22000,21000,21275,21914
12/02/2019,21150,21525,21125,21400,11709
13/02/2019,21600,21675,21125,21150,11292
14/02/2019,21400,21475,21050,21100,7013
15/02/2019,21100,21100,20450,20800,23188
18/02/2019,21025,21150,20975,21100,12680
19/02/2019,21300,21975,21300,21400,23641
20/02/2019,21700,22000,21650,21975,13941
21/02/2019,22200,23175,22075,23025,34914
22/02/2019,23100,23650,23100,23650,45066
25/02/2019,23575,23600,22875,22900,15517
26/02/2019,22800,22825,22100,22175,18594
27/02/2019,22200,22450,21625,21675,21820
28/02/2019,21675,21850,21275,21375,14247
01/03/2019,21300,21700,21250,21300,15831
04/03/2019,21600,22725,21500,22700,26535
05/03/2019,22675,22875,22125,22400,14574
06/03/2019,22400,22550,22025,22300,16983
08/03/2019,22400,22600,22125,22275,14718
11/03/2019,22275,23300,22250,23025,28817
12/03/2019,23150,23300,22275,22750,20926
13/03/2019,22800,23300,22800,23300,18667
14/03/2019,23150,23250,22800,22800,13368
15/03/2019,22825,23050,22825,22850,77380
18/03/2019,22900,23350,22900,23025,7592
19/03/2019,23225,23250,22825,22850,9851
20/03/2019,22800,22925,22575,22825,16265
21/03/2019,22925,23400,22925,23375,14970
22/03/2019,23350,23450,23250,23325,14072
25/03/2019,22900,24325,22900,23850,49962
26/03/2019,24450,24475,23800,23975,25786
27/03/2019,24000,24050,23500,23800,22396
28/03/2019,23800,24025,23750,23850,18130
29/03/2019,24000,24025,23675,23925,20433
01/04/2019,23700,23950,23700,23775,20003
02/04/2019,23875,24050,23825,23875,30857
04/04/2019,21800,21875,20425,20900,70591
05/04/2019,21000,21100,20025,20200,24781
08/04/2019,20500,20500,19525,19525,36308
09/04/2019,19900,20050,19650,19750,23833
10/04/2019,19800,20050,19550,19700,27034
11/04/2019,19725,20125,19650,20000,17872
12/04/2019,20200,20575,20100,20425,22645
15/04/2019,20425,20675,20050,20200,15718
16/04/2019,20200,20400,20000,20050,13917
18/04/2019,20100,20300,19700,19725,18893
22/04/2019,19800,19850,19550,19675,6129
23/04/2019,19800,20225,19675,20125,13637
24/04/2019,20400,20400,20075,20200,9153
25/04/2019,20200,20325,20000,20225,9598
26/04/2019,20100,20350,19875,20300,5988
29/04/2019,20275,20275,19925,19975,10878
30/04/2019,19875,20075,19125,19225,17153
02/05/2019,19250,19425,18625,18825,18357
03/05/2019,18825,18875,18200,18225,22019
06/05/2019,18025,18350,17825,18125,7303
07/05/2019,18175,18525,18000,18100,11018
08/05/2019,18000,18000,17500,17925,11052
09/05/2019,17925,17950,16900,16950,17514
10/05/2019,16900,17650,16900,17450,23235
13/05/2019,17400,18625,17100,17775,24798
14/05/2019,17500,17975,17250,17700,12017
15/05/2019,17725,17825,17300,17350,9448
16/05/2019,17200,17350,16750,17000,14954
17/05/2019,17000,17475,16125,16200,10580
20/05/2019,16200,16275,15175,16225,13957
21/05/2019,16225,17300,16225,17025,7631
22/05/2019,16950,17350,16750,17025,4361
23/05/2019,16900,17275,16850,17175,11322
24/05/2019,17175,17300,16900,17100,12455
27/05/2019,17050,17325,17000,17050,3908
28/05/2019,17050,17200,16975,17000,4878
29/05/2019,16925,17300,16925,17250,11636
31/05/2019,17300,17600,16900,17525,12005
10/06/2019,17525,17950,16775,17000,39410
11/06/2019,17000,17050,16725,17000,43522
12/06/2019,17000,17150,16925,17100,11597
13/06/2019,17000,17225,16875,17000,9705
14/06/2019,17000,17125,16650,16800,23946
17/06/2019,16700,16925,16700,16850,14045
18/06/2019,17000,17100,16850,17000,12830
19/06/2019,16925,17075,16925,17025,13619
20/06/2019,17025,17075,16825,17000,11992
21/06/2019,17050,17150,16700,17000,19953
24/06/2019,16850,17050,16800,17025,14431
25/06/2019,17000,18000,16950,18000,24177
26/06/2019,18300,18500,17600,17700,25509
27/06/2019,17800,18000,17575,17775,7886
28/06/2019,17975,17975,17550,17550,7713
01/07/2019,17550,17850,17350,17825,10151
02/07/2019,17825,17925,17175,17250,15347
03/07/2019,17250,17350,17125,17275,14665
04/07/2019,17000,17475,17000,17200,7752
05/07/2019,17600,17900,17600,17800,11246
08/07/2019,17750,17800,17275,17300,5501
09/07/2019,17475,17475,17200,17400,13157
10/07/2019,17400,17550,17400,17500,7926
11/07/2019,17575,17650,17400,17500,14110
12/07/2019,17400,17500,17150,17250,13955
15/07/2019,17300,17425,17150,17425,10019
16/07/2019,17400,17475,17275,17425,12268
17/07/2019,17375,17425,17100,17225,14421
18/07/2019,17250,17275,16900,17225,17875
19/07/2019,17250,17250,17100,17150,7181
22/07/2019,17200,17250,16850,16850,10607
23/07/2019,16850,17000,16850,16950,8235
24/07/2019,17000,17100,17000,17050,6354
25/07/2019,17075,17175,16775,16950,13309
26/07/2019,17025,17025,16800,17000,9860
29/07/2019,17025,17075,16875,17075,8090
30/07/2019,17100,17100,16750,16750,5188
31/07/2019,16800,16850,16775,16825,17699
01/08/2019,16825,16900,16825,16850,8411
02/08/2019,16750,16900,16700,16850,8762
05/08/2019,16850,16850,16625,16850,9138
06/08/2019,16800,16800,16050,16050,11167
07/08/2019,16050,16400,15700,15700,14351
08/08/2019,15600,15825,15300,15325,15354
09/08/2019,15500,15500,15000,15050,16113
12/08/2019,15300,15325,14650,14650,11741
13/08/2019,14575,14575,14000,14000,20499
14/08/2019,14250,14350,13875,13975,14881
15/08/2019,13500,13800,13275,13400,18593
16/08/2019,13500,13975,12625,12900,57229
19/08/2019,13000,13125,12825,12950,8937
20/08/2019,13100,13150,12875,12925,10335
21/08/2019,13000,13000,12325,12400,19177
22/08/2019,12350,12400,11975,12025,21450
23/08/2019,12025,12675,12000,12075,29717
26/08/2019,11950,12000,11700,12000,9504
27/08/2019,12125,12375,12075,12200,10782
28/08/2019,12250,12675,12225,12225,14053
29/08/2019,12325,12750,12275,12650,14844
30/08/2019,12900,13050,12775,13000,17316
02/09/2019,13000,13050,12450,12450,9378
03/09/2019,12675,12750,12500,12575,5170
04/09/2019,12975,13250,12925,13150,12962
05/09/2019,13200,14025,13025,14025,18480
06/09/2019,14150,14525,14150,14425,23572
09/09/2019,14425,15200,14200,14900,21885
10/09/2019,14900,14950,14525,14700,11283
11/09/2019,14750,15000,14575,14625,11182
12/09/2019,14625,14800,14075,14075,13732
13/09/2019,14050,14050,13275,13350,19428
16/09/2019,13525,13675,13200,13300,13814
17/09/2019,13500,13600,13200,13300,8939
18/09/2019,13275,13300,12925,12925,15996
19/09/2019,12925,13000,12700,12750,8090
20/09/2019,12750,12925,12425,12425,15648
23/09/2019,12675,12750,12425,12450,7961
24/09/2019,12500,13050,12100,12900,22490
25/09/2019,13050,13050,12600,12775,11909
26/09/2019,12950,12950,12650,12800,8440
27/09/2019,12850,13025,12675,12675,8427
30/09/2019,12675,12750,12350,12400,7765
01/10/2019,12550,12775,12425,12475,6268
02/10/2019,12350,12450,12150,12150,8295
03/10/2019,12100,12200,11950,12125,8843
04/10/2019,12375,12400,12000,12025,5730
07/10/2019,12150,12250,12025,12100,4856
08/10/2019,12400,12475,12200,12400,5302
09/10/2019,12450,12750,12375,12650,6387
10/10/2019,12650,12875,12500,12875,10073
11/10/2019,12875,12975,12800,12925,5300
14/10/2019,13000,13175,12925,13150,7837
15/10/2019,13075,13225,12950,13000,7251
16/10/2019,13050,13075,12650,12675,14092
17/10/2019,12725,12750,12400,12450,10640
18/10/2019,12350,12525,12250,12250,20652
21/10/2019,12350,12825,12350,12750,12560
22/10/2019,12775,12850,12475,12700,8316
23/10/2019,12700,13475,12575,13450,25744
24/10/2019,13700,13800,13450,13500,32050
25/10/2019,13525,13750,13450,13475,21261
28/10/2019,13550,13675,13450,13475,15118
29/10/2019,13575,13575,13300,13325,13136
30/10/2019,13400,13550,13350,13450,12858
31/10/2019,13550,13575,13075,13300,19749
01/11/2019,12650,12825,12325,12650,14794
04/11/2019,12700,12750,12500,12500,9935
05/11/2019,12500,13000,12475,12750,20103
06/11/2019,13000,13150,12675,12700,14237
07/11/2019,12700,12875,12300,12400,16940
08/11/2019,12750,12950,12525,12900,25782
11/11/2019,12775,13200,12675,13100,16325
12/11/2019,13075,13100,12800,12875,12329
13/11/2019,12850,12925,12450,12500,18611
14/11/2019,12450,12675,12250,12350,16233
15/11/2019,12350,12525,12300,12375,5915
18/11/2019,12450,12500,12175,12200,9327
19/11/2019,12200,12225,12050,12050,12779
20/11/2019,12100,12200,12000,12000,12427
21/11/2019,12025,12025,11825,11850,14433
22/11/2019,11850,12100,11400,11525,23913
25/11/2019,11600,11775,11500,11525,15190
26/11/2019,11575,11650,11300,11300,52715
27/11/2019,11400,11450,10950,10950,21143
28/11/2019,10950,10950,10550,10575,13627
29/11/2019,10550,10575,10225,10225,14262
02/12/2019,10225,10625,10225,10625,12763
03/12/2019,10625,10675,10275,10275,16194
04/12/2019,10325,10425,10125,10200,18032
05/12/2019,10300,10400,10100,10100,24825
06/12/2019,10125,10225,10050,10100,22163
09/12/2019,10150,10300,10150,10200,27846
10/12/2019,10200,10925,10200,10850,53327
11/12/2019,10700,11075,10650,10725,33704
12/12/2019,10725,10900,10650,10750,17578
13/12/2019,10825,11125,10775,11050,23284
16/12/2019,11100,11625,11100,11375,35416
17/12/2019,11600,11600,11000,11275,18708
18/12/2019,11200,11400,11100,11325,14749
19/12/2019,11300,11325,11100,11225,10828
20/12/2019,11325,11350,11150,11350,8649
23/12/2019,11350,11375,11150,11175,8313
26/12/2019,11175,11375,11150,11250,7297
27/12/2019,11200,11325,11150,11225,5324
30/12/2019,11225,11525,11225,11475,13876
02/01/2020,11450,11450,11225,11350,8666
03/01/2020,11550,11775,11400,11725,19028
06/01/2020,11725,12025,11575,11800,13533
07/01/2020,11900,11950,11750,11900,10042
08/01/2020,11875,12050,11725,11725,14204
09/01/2020,11725,11875,11700,11825,14521
10/01/2020,12200,12750,12200,12675,43926
13/01/2020,12975,13400,12975,13350,33028
14/01/2020,13500,13625,13150,13300,26441
15/01/2020,13000,13100,12425,12700,30305
16/01/2020,12650,12850,12625,12700,15969
17/01/2020,12700,12850,12650,12775,7425
20/01/2020,12775,12800,12275,12375,7639
21/01/2020,12400,12425,12150,12150,6044
22/01/2020,12125,12125,11925,12025,9546
23/01/2020,12075,12275,11800,11850,14228
24/01/2020,11875,11975,11700,11700,6931
27/01/2020,11625,11625,11250,11350,9030
28/01/2020,11250,11350,11050,11175,20684
29/01/2020,11200,11350,10900,10900,25176
30/01/2020,10900,10975,10600,10750,14039
31/01/2020,10750,10800,10050,10050,26684
03/02/2020,10050,10400,9800,10050,30454
04/02/2020,10100,10350,10075,10150,13704
05/02/2020,10375,10550,10375,10450,28038
06/02/2020,10750,10775,10475,10525,18589
07/02/2020,10525,10550,10325,10425,11451
10/02/2020,10400,10400,10100,10150,16279
11/02/2020,10125,10250,10025,10150,14308
12/02/2020,10250,10275,10050,10075,14711
13/02/2020,10200,10200,10050,10150,9404
14/02/2020,10100,10175,10025,10050,11564
17/02/2020,10125,10500,10075,10500,18533
18/02/2020,10525,10975,10525,10950,20775
19/02/2020,10925,10925,10675,10800,13133
20/02/2020,10800,11075,10775,10925,19560
21/02/2020,10850,10850,10475,10575,16173
24/02/2020,10400,10675,10300,10650,19275
25/02/2020,10600,11175,10450,11000,34972
26/02/2020,10650,11175,10650,11150,25524
27/02/2020,11175,11350,10525,11025,32200
28/02/2020,10725,11300,10325,11300,38434
02/03/2020,11150,11225,10700,10875,25103
03/03/2020,10875,11200,10875,11050,28956
04/03/2020,10850,11200,10825,10950,29443
05/03/2020,10950,11150,10875,10900,12001
06/03/2020,10700,10800,10400,10425,21543
09/03/2020,10000,10125,9550,9550,26474
10/03/2020,9450,9925,9450,9500,23362
11/03/2020,9500,9650,9025,9025,17149
12/03/2020,8900,8900,8300,8300,16986
13/03/2020,8200,8200,7725,7975,26252
16/03/2020,8000,8000,7425,7450,11952
17/03/2020,7250,7300,6950,6950,34947
18/03/2020,6950,6950,6475,6475,22329
19/03/2020,6350,6350,6025,6025,17692
20/03/2020,6000,6950,5650,6825,34123
23/03/2020,6500,7100,6350,6400,45940
24/03/2020,6400,7000,6400,6650,24797
26/03/2020,6750,7800,6750,7650,37923
27/03/2020,7900,8500,7700,7900,35021
30/03/2020,7700,7750,7350,7350,19661
31/03/2020,7575,8100,7350,8100,39056
01/04/2020,8000,8300,7750,8100,20451
02/04/2020,7900,8200,7800,8150,9045
03/04/2020,8225,8475,8150,8225,10970
06/04/2020,8250,8625,8250,8625,13924
07/04/2020,8650,9000,8250,8250,20412
08/04/2020,8400,8475,7700,8025,23777
09/04/2020,8100,8100,7675,7725,15471
13/04/2020,7800,7825,7700,7750,10804
14/04/2020,7750,8000,7725,7975,15407
15/04/2020,7975,8100,7700,7900,14183
16/04/2020,7900,7900,7525,7550,8734
17/04/2020,7650,7800,7625,7700,11064
20/04/2020,7700,7800,7475,7500,10901
21/04/2020,7450,7450,7025,7150,17316
22/04/2020,7075,7075,6800,6925,18408
23/04/2020,6950,7150,6950,6975,10258
24/04/2020,6975,7225,6825,6900,15689
27/04/2020,7000,7125,6900,7100,8508
28/04/2020,7100,7200,6875,6900,13761
29/04/2020,6925,7025,6875,6925,9416
30/04/2020,6975,7300,6975,7200,23453
04/05/2020,7100,7225,6950,7000,8469
05/05/2020,7200,7675,7100,7650,29888
06/05/2020,7700,7900,7650,7850,32884
08/05/2020,7825,8000,7700,7875,32803
11/05/2020,7950,8050,7750,7800,23674
12/05/2020,7800,8025,7700,7700,14219
13/05/2020,7700,7800,7550,7650,7550
14/05/2020,7525,7750,7500,7525,9307
15/05/2020,7650,7700,7300,7400,8789
18/05/2020,7400,7800,7375,7725,13319
19/05/2020,7775,7950,7775,7825,13687
20/05/2020,7850,7850,7625,7675,9529
26/05/2020,7750,8100,7750,8100,32557
27/05/2020,8150,8300,8000,8200,27208
28/05/2020,8200,8375,8125,8200,30765
29/05/2020,8225,8225,8000,8100,24936
02/06/2020,8250,8500,8200,8475,39818
03/06/2020,8500,8825,8475,8825,42589
04/06/2020,8875,9175,8825,8925,56857
05/06/2020,9000,9050,8725,8925,64925
08/06/2020,8900,8900,8400,8600,92953
09/06/2020,8700,8775,8375,8450,60732
10/06/2020,8450,8500,7900,7925,55960
11/06/2020,7700,8050,7700,7750,27876
12/06/2020,7725,7825,7325,7825,30844
15/06/2020,7900,8025,7550,7575,21735
16/06/2020,7700,7925,7700,7850,21346
17/06/2020,7925,7925,7750,7825,19440
18/06/2020,7825,7900,7750,7750,16615
19/06/2020,7800,7800,7225,7225,188165
22/06/2020,7400,7525,7300,7475,100955
23/06/2020,7500,7575,7400,7400,32831
24/06/2020,7450,7500,7400,7400,32672
25/06/2020,7400,7400,7225,7275,39014
26/06/2020,7400,7400,7200,7250,28786
29/06/2020,7300,7300,7125,7225,23485
30/06/2020,7325,7325,7100,7100,45749
01/07/2020,7150,7300,7050,7250,43877
02/07/2020,7325,7475,7300,7350,55317
03/07/2020,7425,7475,7325,7325,22253
06/07/2020,7400,7450,7325,7425,19596
07/07/2020,7500,7600,7400,7425,25149
08/07/2020,7450,7475,7350,7475,30358
09/07/2020,7525,7875,7475,7700,103938
10/07/2020,7550,7700,7425,7450,40243
13/07/2020,7450,7775,7300,7750,59817
14/07/2020,7800,7800,7625,7625,44010
15/07/2020,7725,7775,7675,7675,22541
16/07/2020,7700,7725,7625,7675,19818
17/07/2020,7750,8100,7650,7850,99013
20/07/2020,8000,8000,7675,7675,30682
21/07/2020,7775,7850,7700,7800,29709
22/07/2020,7900,7925,7725,7750,27903
23/07/2020,7800,8075,7750,7900,55185
24/07/2020,7900,7900,7650,7675,36775
27/07/2020,7700,8000,7675,8000,63735
28/07/2020,8050,8350,8025,8050,60112
29/07/2020,8125,8125,7825,7900,27740
30/07/2020,7900,7950,7800,7900,34532
03/08/2020,7900,7950,7400,7650,46715
04/08/2020,7650,7775,7600,7725,19704
05/08/2020,7675,7800,7475,7725,42593
06/08/2020,7750,8000,7750,7975,31505
07/08/2020,7950,8000,7800,7850,20274
10/08/2020,7925,8600,7875,8575,126943
11/08/2020,8575,8675,8275,8375,74182
12/08/2020,8375,8375,8075,8125,61890
13/08/2020,8125,8325,8075,8175,34250
14/08/2020,8200,8250,8100,8125,28545
18/08/2020,8125,8300,8125,8200,23218
19/08/2020,8200,8300,8100,8200,44690
24/08/2020,8200,8250,8075,8150,26848
25/08/2020,8175,8300,8150,8300,38830
26/08/2020,8350,8600,8300,8400,57737
27/08/2020,8450,8625,8400,8500,43736
28/08/2020,8500,8775,8500,8600,43499
31/08/2020,8700,8750,8250,8275,59230
01/09/2020,8400,8650,8200,8650,47083
02/09/2020,8500,8850,8500,8700,54119
03/09/2020,8700,8750,8525,8650,22971
04/09/2020,8550,8550,8375,8500,17903
07/09/2020,8500,8625,8375,8550,23884
08/09/2020,8550,8675,8525,8550,18610
09/09/2020,8450,8475,8325,8375,29867
10/09/2020,8300,8300,7800,7800,72306
11/09/2020,7575,8325,7500,8250,47211
14/09/2020,8350,8450,8325,8375,15360
15/09/2020,8400,8475,8300,8450,21282
16/09/2020,8450,8500,8300,8400,17071
17/09/2020,8500,8550,8250,8300,12237
18/09/2020,8475,8500,8275,8325,13707
21/09/2020,8350,8450,8275,8275,16307
22/09/2020,8150,8400,8050,8325,27203
23/09/2020,8400,8425,8150,8225,20692
24/09/2020,8150,8225,8025,8050,19964
25/09/2020,8150,8225,8100,8175,10247
28/09/2020,8300,8300,8075,8075,9095
29/09/2020,8150,8375,8100,8175,23469
30/09/2020,8150,8250,8050,8150,8666
01/10/2020,8175,8250,8125,8200,13432
02/10/2020,8250,8275,7975,8125,14579
05/10/2020,8125,8150,8050,8075,8426
06/10/2020,8150,8175,8100,8125,11711
07/10/2020,8125,8225,8075,8100,9127
08/10/2020,8200,8225,8100,8125,10384
09/10/2020,8150,8175,8075,8100,12626
12/10/2020,8100,8200,8100,8200,10422
13/10/2020,8200,8200,8000,8200,43653
14/10/2020,8150,8250,8100,8225,22326
15/10/2020,8225,8325,8100,8100,22118
16/10/2020,8100,8325,8075,8300,30786
19/10/2020,8300,8475,8300,8450,35089
20/10/2020,8450,8475,8300,8350,35271
21/10/2020,8450,8450,8225,8225,15264
22/10/2020,8250,8275,8050,8050,76319
23/10/2020,8100,8150,8075,8075,9449
26/10/2020,8050,8200,8050,8125,27067
27/10/2020,8125,8200,8050,8125,18421
02/11/2020,8200,8400,8200,8250,35322
03/11/2020,8300,8375,8275,8300,16724
04/11/2020,8350,8375,8225,8275,18303
05/11/2020,8350,8375,8275,8350,17021
06/11/2020,8425,8575,8375,8550,43190
09/11/2020,8675,8700,8525,8575,55786
10/11/2020,8425,8450,8300,8450,52879
11/11/2020,8450,8575,8375,8525,51199
12/11/2020,8550,8650,8525,8550,22373
13/11/2020,8500,8500,8425,8475,16473
16/11/2020,8525,9100,8525,9100,85811
17/11/2020,9275,9500,9125,9150,68092
18/11/2020,9150,9350,9150,9200,27707
19/11/2020,9200,10500,9175,10275,121854
20/11/2020,10350,10925,10050,10150,65483
23/11/2020,10300,10600,10225,10500,57588
24/11/2020,10800,11100,10700,10950,80113
25/11/2020,11200,12525,10950,11200,130203
26/11/2020,11600,11925,11350,11500,59038
27/11/2020,11750,11975,11575,11850,54502
30/11/2020,12200,14150,12000,13100,317530
01/12/2020,13600,14075,13150,13800,157245
02/12/2020,14100,14950,13875,14875,136034
03/12/2020,15250,15700,14800,14900,195555
04/12/2020,15400,15450,14900,14950,104248
07/12/2020,15200,15375,14950,14975,86695
08/12/2020,15200,15200,14750,14825,89736
10/12/2020,14800,14825,14100,14250,127252
11/12/2020,14425,14750,14400,14675,75343
14/12/2020,15000,15500,15000,15400,101326
15/12/2020,15500,15600,15075,15225,71601
16/12/2020,15475,15550,15175,15250,55512
17/12/2020,15250,15250,14650,14725,88463
18/12/2020,14775,14975,14725,14875,48112
21/12/2020,14875,15150,14600,15075,57787
22/12/2020,15025,15025,14200,14275,56316
23/12/2020,14300,14675,13300,14250,75545
28/12/2020,14275,14475,14025,14350,28903
29/12/2020,14500,14675,14200,14275,25722
30/12/2020,14250,14250,13600,13850,60340
04/01/2021,13800,13800,12950,13650,87966
05/01/2021,13650,13850,13350,13600,35621
06/01/2021,13400,13400,13000,13125,66432
07/01/2021,13000,13600,12400,13475,118280
08/01/2021,13900,14200,13500,13600,77360
11/01/2021,14000,14175,13775,14075,64809
12/01/2021,14100,14275,13800,14100,37894
13/01/2021,14700,15050,14325,14625,79777
14/01/2021,14800,14850,14300,14700,52144
15/01/2021,14700,14700,14050,14200,35425
18/01/2021,14000,14375,13800,13875,42303
19/01/2021,13800,13875,13350,13475,32737
20/01/2021,13200,13650,13150,13650,25956
21/01/2021,13800,13900,13450,13550,18156
22/01/2021,13550,13550,13000,13050,33217
25/01/2021,13050,13050,12500,12650,36864
26/01/2021,12700,13050,12075,12425,42505
27/01/2021,12475,12675,11725,11900,75458
28/01/2021,11700,12425,11600,11850,74500
29/01/2021,12100,12350,11800,12250,53223
01/02/2021,12100,12475,11850,12475,38313
02/02/2021,12450,12525,11975,12075,44533
03/02/2021,12050,12050,11525,11675,56969
04/02/2021,11650,12200,11600,12125,58016
05/02/2021,12300,12800,12250,12600,47048
08/02/2021,13000,13100,12650,12725,26703
09/02/2021,12850,12950,12300,12575,29712
10/02/2021,12575,12675,12275,12500,16013
11/02/2021,12500,13000,12325,12950,25176
15/02/2021,13000,13250,12750,12750,31912
16/02/2021,12750,12875,12550,12675,16676
17/02/2021,12675,12725,12275,12350,13887
18/02/2021,12550,12550,12100,12150,19909
19/02/2021,12150,12200,11975,12200,14011
22/02/2021,12225,12800,12200,12775,33421
23/02/2021,12775,12800,12225,12275,31692
24/02/2021,12275,12300,12100,12125,19028
25/02/2021,12225,12400,12100,12100,19858
26/02/2021,12000,12250,11850,12200,26930
01/03/2021,12200,12300,12025,12050,17756
02/03/2021,12250,12325,11950,12000,34510
03/03/2021,12175,12175,11925,11925,16397
04/03/2021,11900,12100,11800,11900,31992
05/03/2021,11850,11950,11650,11675,25686
08/03/2021,11825,11875,11600,11650,20897
09/03/2021,11775,11850,11450,11450,31881
10/03/2021,11450,11650,11425,11425,13088
12/03/2021,11475,11825,11450,11550,28657
15/03/2021,11650,11975,11450,11825,32759
16/03/2021,11875,12000,11750,11875,18871
17/03/2021,11900,11925,11675,11725,10478
18/03/2021,11900,12375,11850,12275,47925
19/03/2021,12275,12475,12025,12375,39251
22/03/2021,12625,12825,12400,12450,44287
23/03/2021,12750,13200,12500,12650,53763
24/03/2021,12500,12550,12025,12075,29940
25/03/2021,12025,12175,11825,11950,23110
26/03/2021,12050,12225,11900,12200,16057
29/03/2021,12300,12325,12075,12175,11296
30/03/2021,12150,12150,11825,11850,12339
31/03/2021,11925,11925,11425,11425,28681
01/04/2021,11500,11850,11475,11700,16234
05/04/2021,11800,12700,11775,12700,63889
06/04/2021,12725,12725,12300,12575,31029
07/04/2021,12300,12625,12225,12600,16772
08/04/2021,12600,12675,12400,12575,14093
09/04/2021,12550,12625,12325,12375,14982
12/04/2021,12375,12500,11875,11900,17977
13/04/2021,11875,12075,11700,11700,27552
14/04/2021,11800,12125,11800,12075,11064
15/04/2021,12200,12200,11800,11925,14975
16/04/2021,11950,11975,11700,11925,9043
19/04/2021,11950,12875,11900,12600,50218
20/04/2021,12600,12625,12125,12250,10779
21/04/2021,12075,12200,12050,12150,6967
22/04/2021,12150,12225,11950,12075,7439
23/04/2021,11900,12175,11900,12075,7505
26/04/2021,12075,12075,11800,11850,10501
27/04/2021,11850,11975,11700,11775,7068
28/04/2021,11775,11950,11775,11900,4341
29/04/2021,11950,12175,11925,12000,15845
30/04/2021,12050,12050,11775,11875,19034
03/05/2021,11825,11900,11750,11875,10405
04/05/2021,11950,12175,11850,12100,12285
05/05/2021,12100,12125,11950,12000,5773
06/05/2021,12125,12400,12050,12125,12803
07/05/2021,12275,12400,12100,12175,13378
10/05/2021,12250,12400,12150,12350,16871
11/05/2021,12600,13075,12600,12875,74728
17/05/2021,13000,13475,12800,13000,74227
18/05/2021,13000,13100,12825,13075,22613
19/05/2021,13075,13100,12675,12775,20144
20/05/2021,12775,12975,12525,12700,19549
21/05/2021,12900,13000,12550,12725,15023
24/05/2021,13000,13350,12875,13025,41758
25/05/2021,13200,13300,12875,12975,23401
27/05/2021,13100,13150,12925,12950,17569
28/05/2021,13025,13300,12900,12975,29743
31/05/2021,13200,13250,12800,12925,23889
02/06/2021,13075,14175,13050,14150,148678
03/06/2021,14150,14175,13850,14050,24950
04/06/2021,13975,14125,13875,14100,33157
07/06/2021,14075,14075,13675,13750,23461
08/06/2021,14000,14375,13975,14225,54971
09/06/2021,14300,14400,14125,14175,17536
10/06/2021,14275,14325,14050,14100,17205
11/06/2021,14300,15075,14300,14900,92719
14/06/2021,14950,15050,14700,15025,28031
15/06/2021,14950,15200,14750,15175,43434
16/06/2021,15100,15200,14900,15200,24890
17/06/2021,15200,15200,14875,15050,24335
18/06/2021,15050,15075,14325,14600,37530
21/06/2021,14500,14500,13850,14400,24632
22/06/2021,14400,14700,14350,14675,15611
23/06/2021,14150,14575,14100,14375,33229
24/06/2021,14375,14500,13875,14350,28876
25/06/2021,14325,14825,14300,14600,40488
28/06/2021,14800,14825,14250,14375,22298
29/06/2021,14300,14325,13550,13800,39419
30/06/2021,13775,14250,13525,14200,27361
01/07/2021,14450,14450,13800,13975,19682
02/07/2021,14100,14400,13900,14275,25311
05/07/2021,14300,14350,13950,14000,13748
06/07/2021,14300,15675,14300,15475,90276
07/07/2021,15300,15425,14825,15125,27336
08/07/2021,15000,15200,14625,14750,18799
09/07/2021,14750,14950,14650,14850,17082
12/07/2021,15000,15350,14725,14825,21093
13/07/2021,14850,14975,14200,14350,18303
14/07/2021,14400,15150,14300,14900,35131
15/07/2021,14900,15150,14800,15050,14276
16/07/2021,15100,15550,15075,15250,24353
19/07/2021,15250,15600,15250,15475,24331
21/07/2021,15550,15600,15250,15350,18576
22/07/2021,15400,16475,15375,16450,79821
23/07/2021,16400,16400,15925,16300,28518
26/07/2021,16300,16400,15975,16025,15558
27/07/2021,16050,16375,15825,16000,15839
28/07/2021,16000,16775,16000,16750,30392
29/07/2021,16750,17275,16675,17050,26974
30/07/2021,17100,17225,16550,16950,27581
02/08/2021,17100,17225,16675,16950,11946
03/08/2021,16950,16975,16700,16925,14049
04/08/2021,16900,16975,16600,16750,11911
05/08/2021,16850,17150,15900,16125,42796
06/08/2021,16000,16350,15975,16175,16318
09/08/2021,16825,17175,16275,16550,55490
10/08/2021,16825,17375,16525,17100,73537
12/08/2021,17400,17750,17175,17300,64568
13/08/2021,17450,17475,16950,17100,31368
16/08/2021,17100,17550,16950,17350,40424
18/08/2021,17300,17300,16325,16400,71735
19/08/2021,16400,16550,15550,16000,64426
20/08/2021,16000,16200,15550,15800,37710
23/08/2021,15750,16075,15700,16050,27066
24/08/2021,16100,16200,15075,15300,74839
25/08/2021,15300,15650,15250,15400,19591
26/08/2021,15425,15600,15350,15450,22329
27/08/2021,15450,15500,15100,15250,15961
30/08/2021,15500,15825,15425,15800,29966
31/08/2021,15850,16000,15625,16000,24285
01/09/2021,16000,16325,15900,16250,26472
02/09/2021,16400,16650,16250,16550,28842
03/09/2021,16750,17150,16600,16925,34700
06/09/2021,17025,17450,16800,16875,19943
07/09/2021,16900,17050,16700,16975,10644
08/09/2021,17000,17400,16975,17300,37110
09/09/2021,17300,17300,16925,17300,29288
10/09/2021,17275,17325,17050,17125,13616
13/09/2021,17125,17475,17025,17450,19694
14/09/2021,17575,18100,17550,17775,41110
15/09/2021,17800,18625,17775,18000,70631
16/09/2021,18275,18750,18000,18250,50944
17/09/2021,17950,18050,17625,17825,41780
20/09/2021,18000,18000,17525,17650,16576
21/09/2021,17550,17750,17350,17700,29676
22/09/2021,17700,18375,17700,18150,55252
23/09/2021,18400,18750,18400,18725,53252
24/09/2021,18950,19125,18300,18450,59606
27/09/2021,18550,19000,18325,18525,28153
28/09/2021,18850,19700,18850,19700,81100
29/09/2021,19700,20100,19525,19525,62962
30/09/2021,19725,21300,19725,20800,103778
01/10/2021,20900,21750,20900,21175,81638
04/10/2021,22000,24850,21975,24575,141767
05/10/2021,25925,27000,24600,24825,113924
06/10/2021,26700,26800,25275,25650,79759
07/10/2021,24500,24500,23875,23875,92586
08/10/2021,23200,25500,23000,24850,98783
11/10/2021,25125,26850,24850,26750,75294
12/10/2021,27000,27750,26000,26425,88457
13/10/2021,26400,26800,25875,26250,45087
14/10/2021,26150,26425,25475,25550,50019
15/10/2021,25750,26300,25425,26000,47794
18/10/2021,25800,26200,25525,25675,40651
19/10/2021,25600,25825,25400,25425,29160
21/10/2021,23650,24400,23650,24225,117207
22/10/2021,22700,24475,22575,23800,86291
25/10/2021,24400,25050,24400,24850,40865
26/10/2021,25000,25200,24375,25200,41829
27/10/2021,25200,25200,24100,24150,30194
28/10/2021,23850,23850,22475,22475,88281
29/10/2021,22000,22800,21275,21600,145053
01/11/2021,21050,22375,20600,22250,85658
02/11/2021,21750,22125,21350,21525,48875
03/11/2021,22200,22500,21975,22300,48874
04/11/2021,23000,23100,22175,22400,64596
05/11/2021,22400,22425,21900,22325,32859
08/11/2021,22500,22650,22325,22625,22899
09/11/2021,22950,23100,22525,22675,43139
10/11/2021,22675,22675,22050,22275,55549
11/11/2021,21600,21850,21275,21575,57162
12/11/2021,21600,21700,20675,20775,76002
15/11/2021,20650,20650,19325,19325,132032
16/11/2021,19375,19725,19025,19100,87186
17/11/2021,19375,20125,19350,19950,69708
18/11/2021,19900,19925,19350,19500,30405
19/11/2021,19700,20450,19525,20175,44256
22/11/2021,20175,20225,19725,20000,27675
23/11/2021,20600,21075,20275,21050,67520
24/11/2021,21500,21500,20850,21075,48388
25/11/2021,21300,21675,21025,21550,40589
26/11/2021,21400,21450,20350,20425,44068
29/11/2021,20000,20925,19900,20875,36554
30/11/2021,20500,21550,20400,21550,56516
01/12/2021,21000,21400,20750,20900,33405
02/12/2021,21050,21950,21000,21875,52386
03/12/2021,21875,21950,21425,21550,18621
06/12/2021,21575,21650,21175,21500,15544
07/12/2021,21475,21525,20925,21000,26504
08/12/2021,21250,21250,20800,20825,15674
09/12/2021,21000,21400,20750,20750,20931
10/12/2021,20750,20825,20075,20100,34880
13/12/2021,20250,20550,20200,20225,12058
14/12/2021,20200,20375,19750,20325,22381
15/12/2021,20375,20775,20075,20325,24879
16/12/2021,20425,20575,19950,20000,19765
17/12/2021,20250,20675,20250,20675,29742
20/12/2021,20675,20675,20000,20025,19419
21/12/2021,20075,20500,20075,20400,11926
22/12/2021,20500,20675,20150,20150,14227
23/12/2021,20200,20350,20000,20050,11183
24/12/2021,20025,20250,19875,20100,11088
27/12/2021,20150,20200,20050,20150,5846
28/12/2021,20150,21450,20150,21375,48247
29/12/2021,21350,21400,21025,21125,14747
30/12/2021,21050,21050,20275,20400,28004
03/01/2022,19350,19875,19325,19625,62480
04/01/2022,19650,19975,19625,19925,31481
05/01/2022,20150,20725,20000,20050,35346
06/01/2022,20050,20100,19550,19625,35973
07/01/2022,19900,20375,19700,20025,41421
10/01/2022,20100,20225,19975,20050,9971
11/01/2022,20350,20675,20125,20175,25545
12/01/2022,20275,20450,20100,20175,13869
13/01/2022,20450,20800,20300,20600,21091
14/01/2022,20750,20875,20500,20700,18992
17/01/2022,20950,21150,20850,21125,26031
18/01/2022,21225,21450,20625,20825,31559
19/01/2022,20875,21175,20550,20950,13832
20/01/2022,20950,21100,20750,20825,14653
21/01/2022,20750,20875,20550,20800,11765
24/01/2022,20800,21500,20725,21500,44094
25/01/2022,21575,21775,21050,21225,23983
26/01/2022,21225,21575,21125,21400,23217
27/01/2022,21400,22150,21350,22150,53215
28/01/2022,22175,22700,21875,22550,37321
31/01/2022,22550,22650,21625,21650,36600
02/02/2022,21650,21825,21150,21325,21945
03/02/2022,21350,21425,20375,20925,33945
04/02/2022,20925,21175,20700,20800,12195
07/02/2022,21025,21325,21000,21075,23796
08/02/2022,21300,21350,20800,20825,42453
09/02/2022,21025,21650,20925,21650,31609
10/02/2022,21700,21750,21200,21250,19346
11/02/2022,21250,21875,21150,21875,25958
14/02/2022,21875,22975,21875,22925,59919
15/02/2022,22925,23400,22800,23375,35417
16/02/2022,23450,23725,23200,23475,34125
17/02/2022,23400,23425,22800,22975,29981
18/02/2022,22800,23175,22600,23100,16687
21/02/2022,23125,23450,23075,23150,14985
22/02/2022,23350,23425,22875,23200,21741
23/02/2022,23725,24100,23425,23975,44800
24/02/2022,24500,27350,24275,26975,194528
25/02/2022,27000,27700,26650,26675,83409
01/03/2022,27350,28450,27350,27650,89390
02/03/2022,28525,29225,27925,28125,74774
04/03/2022,29275,29400,28500,29225,123245
07/03/2022,30000,30200,29625,30075,113110
08/03/2022,29800,29800,28025,28300,96651
09/03/2022,28400,29150,27600,27800,70985
10/03/2022,27275,27675,26175,27150,78278
11/03/2022,26350,27975,26275,27050,38160
14/03/2022,27350,27375,25750,26025,57596
15/03/2022,26000,26250,25500,25825,34231
16/03/2022,26025,26975,26000,26975,34476
17/03/2022,27000,27100,26100,26300,41736
18/03/2022,26400,27225,26300,26975,33222
21/03/2022,26975,27000,26500,26650,31845
22/03/2022,26575,27575,26525,27350,52094
23/03/2022,27800,28100,27725,28050,53498
24/03/2022,28500,28725,27500,27800,115165
25/03/2022,28000,28600,28000,28525,91485
28/03/2022,28550,29450,28550,29350,61396
29/03/2022,29400,29650,28600,28975,66028
30/03/2022,29000,29050,28150,28325,88935
31/03/2022,28400,28800,28400,28550,72362
01/04/2022,28600,28825,28425,28825,121546
04/04/2022,26825,26825,26825,26825,20431
05/04/2022,25825,26350,25600,26225,95730
06/04/2022,26500,27750,26500,27625,109952
07/04/2022,27650,27850,26325,27200,85392
08/04/2022,27175,27650,27050,27475,50616
11/04/2022,27650,28350,27225,27475,71910
12/04/2022,27450,27550,26625,26625,46359
13/04/2022,27300,28300,27300,28175,82440
14/04/2022,28200,28450,27825,28300,43329
18/04/2022,28200,28425,27600,27700,55271
19/04/2022,27950,27950,27050,27125,50170
20/04/2022,27475,27600,26700,27150,46447
21/04/2022,27350,27875,27100,27275,49421
22/04/2022,27250,27550,26950,27275,43475
25/04/2022,26900,26975,26600,26800,40549
26/04/2022,26800,26900,26300,26300,39721
27/04/2022,26300,27225,26300,27100,32401
28/04/2022,27625,28400,27425,28400,85824
09/05/2022,28800,29350,28025,28550,95918
10/05/2022,27850,28800,27200,28675,106868
11/05/2022,29900,30750,28900,28900,99935
12/05/2022,28900,30425,28900,29500,94750
13/05/2022,30000,31825,29850,31725,104365
17/05/2022,32000,33575,31850,33300,71423
18/05/2022,33550,33925,32050,32500,77887
19/05/2022,31950,32325,31250,31450,64942
20/05/2022,31675,33075,31675,33050,48296
23/05/2022,33300,33800,32700,32900,40049
24/05/2022,32700,33350,32675,33050,26050
25/05/2022,32725,33600,32600,33200,41435
27/05/2022,33600,33650,32675,32850,28623
30/05/2022,33000,33150,32600,32750,26086
31/05/2022,33125,35000,33050,35000,61440
02/06/2022,34900,35000,34400,34675,31663
03/06/2022,34875,35750,34850,34950,32846
06/06/2022,35100,35525,34850,35150,23174
07/06/2022,35200,37000,35200,36450,42322
08/06/2022,36250,36450,35025,35150,44611
09/06/2022,35150,35325,34800,35000,30107
10/06/2022,34600,34800,33550,33675,51466
13/06/2022,32500,33150,31800,32800,61385
14/06/2022,32000,33400,31975,32875,40355
15/06/2022,32875,32975,31300,31450,55858
16/06/2022,32500,33300,32275,32600,41526
17/06/2022,32450,32450,31400,31800,48705
20/06/2022,31950,31975,30750,31300,50224
21/06/2022,32375,33075,31950,32975,58792
22/06/2022,33075,33500,32225,32950,63843
23/06/2022,32925,32925,31850,32200,35866
24/06/2022,32475,32650,32075,32200,17719
27/06/2022,32200,32350,31500,31725,35798
28/06/2022,31750,32175,31600,31950,17296
29/06/2022,31925,31925,31400,31525,22025
30/06/2022,31025,31325,30500,30675,40948
01/07/2022,30675,31175,29950,30025,42488
04/07/2022,30025,30500,29225,30050,52414
05/07/2022,30525,33000,30525,33000,77521
06/07/2022,32500,32500,31575,32000,39376
07/07/2022,32000,32300,31675,31850,15831
08/07/2022,32525,33000,32300,32300,29944
11/07/2022,32275,32500,31225,31375,52117
12/07/2022,31800,33650,31700,33300,67156
13/07/2022,33700,34125,33000,33800,56764
14/07/2022,33800,34450,32950,34025,42898
15/07/2022,33800,33800,33000,33000,29104
18/07/2022,32325,33350,32200,33025,16132
19/07/2022,32850,33850,32625,33750,26000
20/07/2022,34100,34325,33900,34050,25528
21/07/2022,34100,34375,33875,34150,20861
22/07/2022,34225,35325,33975,35075,29447
25/07/2022,35100,35700,35025,35050,34524
26/07/2022,35325,35600,35225,35600,23513
27/07/2022,36125,39200,36125,38900,84551
28/07/2022,38925,39975,38400,39175,51210
29/07/2022,39325,39850,39175,39600,39150
01/08/2022,39600,40875,39200,40750,47585
02/08/2022,40750,40750,39650,39750,32517
03/08/2022,39750,40600,39750,40250,25994
04/08/2022,40025,40200,39275,39400,39907
05/08/2022,38500,40300,38500,39750,47142
08/08/2022,39200,39650,39000,39600,29764
09/08/2022,39900,40450,39900,40225,30624
10/08/2022,40400,41275,40175,40300,35401
11/08/2022,39900,39900,37500,37600,234642
12/08/2022,37550,38375,37025,37750,60613
15/08/2022,37800,38225,37300,37300,37630
16/08/2022,37300,37600,36500,36700,40117
18/08/2022,37100,37600,36700,36800,44064
19/08/2022,37100,38225,37050,37500,41805
22/08/2022,37775,38050,36500,36950,36408
23/08/2022,36950,38325,36950,38250,44271
24/08/2022,38125,38650,37600,38575,31485
25/08/2022,38625,38800,38250,38500,24959
26/08/2022,38725,38750,38350,38500,14318
29/08/2022,38125,39750,37650,39550,42784
30/08/2022,39800,39975,39300,39425,38049
31/08/2022,39375,39425,38675,39300,21384
01/09/2022,39425,40325,39200,40200,40913
02/09/2022,40400,40750,40350,40475,29552
05/09/2022,40500,43300,40500,42550,66208
06/09/2022,43175,44475,43175,44175,61051
07/09/2022,44000,44600,43225,44025,32730
08/09/2022,43600,43850,42600,42650,34301
09/09/2022,42725,43475,41825,43325,21772
12/09/2022,43475,43950,42950,43850,14101
13/09/2022,44075,44100,43475,43550,13728
14/09/2022,43000,43900,42900,43550,23731
15/09/2022,43850,45250,43850,44000,43805
16/09/2022,44000,44225,43100,43425,32666
19/09/2022,43350,43350,42000,42275,36295
20/09/2022,42400,42950,41675,42100,21985
21/09/2022,41700,42650,41100,42525,25109
22/09/2022,42550,43975,42250,43775,32241
23/09/2022,43425,43425,42725,43250,23860
26/09/2022,42500,42500,41025,41300,74223
27/09/2022,41875,42100,41500,41750,32842
28/09/2022,41600,41925,41250,41250,25492
29/09/2022,41700,41950,41350,41500,27969
30/09/2022,41200,41825,40825,41425,25467
03/10/2022,41500,42150,41475,42150,15318
04/10/2022,42225,44175,42225,44150,53104
05/10/2022,44250,44400,43600,43600,19029
06/10/2022,43600,44250,43300,43300,15226
07/10/2022,43325,44050,43100,43800,18107
10/10/2022,42950,42950,41900,41900,37682
11/10/2022,42200,42500,41600,41700,24277
12/10/2022,42200,42425,41750,42075,23216
13/10/2022,42775,43200,42450,42500,24344
14/10/2022,42750,42875,42125,42125,14866
17/10/2022,42150,42800,42000,42450,17013
18/10/2022,42700,42825,41675,41900,23492
19/10/2022,41900,42200,41600,41900,24396
20/10/2022,41925,43925,41925,43450,80483
21/10/2022,43550,43875,43300,43675,19031
24/10/2022,43800,44325,43600,44150,21894
25/10/2022,44150,44275,43000,43750,25933
26/10/2022,43800,45425,43525,45350,44012
27/10/2022,45350,45650,44775,44800,22426
28/10/2022,44750,44975,44325,44525,15766
31/10/2022,44650,45275,44650,45050,20143
01/11/2022,44375,44375,42100,42300,68127
02/11/2022,42525,43000,41700,41925,35633
03/11/2022,43525,44650,43250,43600,100356
04/11/2022,43575,43975,43400,43600,34272
07/11/2022,43625,44050,43350,43575,35673
08/11/2022,43550,43550,42700,42975,60629
09/11/2022,42450,42575,41875,41925,94132
10/11/2022,40925,41125,39575,40375,137096
11/11/2022,37550,38500,37550,37550,156993
14/11/2022,37525,37850,37000,37100,37523
15/11/2022,37300,37825,37150,37775,43655
16/11/2022,38300,38400,37750,38000,43341
17/11/2022,37975,38050,37550,38025,24240
18/11/2022,38200,38475,37850,38425,31041
21/11/2022,39000,39925,38725,39750,42016
22/11/2022,40000,41600,40000,41475,53718
23/11/2022,41475,42050,41300,41375,40186
24/11/2022,41500,41975,41475,41650,24684
25/11/2022,41700,41800,40700,40925,20516
28/11/2022,40925,41475,40925,41050,16555
29/11/2022,41525,41925,41525,41850,24931
30/11/2022,42000,42350,41650,41750,25428
01/12/2022,42100,42300,41750,42000,18075
02/12/2022,41875,41875,41450,41600,12708
05/12/2022,41925,41925,40700,40800,21425
06/12/2022,40875,41300,40325,41000,18222
07/12/2022,41225,41400,40375,41350,17484
08/12/2022,41325,41325,40125,40650,20880
09/12/2022,40650,40675,39100,39250,28270
12/12/2022,39250,40100,38600,39900,14635
13/12/2022,39600,39675,39250,39350,13025
14/12/2022,39700,40750,39700,40500,19555
15/12/2022,40525,40750,40025,40275,14743
16/12/2022,40000,40600,39800,40600,13586
19/12/2022,40625,40725,40250,40675,7906
20/12/2022,40750,41275,40450,40775,27070
21/12/2022,40900,41150,40625,41000,20024
22/12/2022,41175,41400,40825,41000,15608
23/12/2022,41050,41050,40600,40825,9221
26/12/2022,41000,41150,40250,40400,11436
27/12/2022,40300,40375,40175,40250,7221
28/12/2022,40600,40600,39600,39800,16223
29/12/2022,40000,40000,39300,39300,17062
30/12/2022,39350,39475,38975,39025,20897
02/01/2023,39050,40000,39050,39600,7370
03/01/2023,39600,39650,39025,39050,14573
04/01/2023,39050,39100,37500,37525,35479
05/01/2023,37525,37525,35025,35150,56615
06/01/2023,35100,36125,34500,35400,38382
09/01/2023,35400,35750,34275,34800,25875
10/01/2023,34800,36125,34325,36100,27676
11/01/2023,36100,36600,35300,36075,22098
12/01/2023,35975,35975,34825,34875,29419
13/01/2023,35100,35475,35100,35300,11765
16/01/2023,35300,35300,34650,35075,10412
17/01/2023,34550,35550,34550,35550,16552
18/01/2023,35925,36500,35500,35700,19706
19/01/2023,35050,36975,35050,36850,14613
20/01/2023,37000,38675,36950,38325,28278
24/01/2023,38000,38025,37275,37500,19874
25/01/2023,37500,37500,36525,36525,16871
26/01/2023,35475,35725,34900,35125,42283
27/01/2023,35500,36150,35500,36100,23885
30/01/2023,36100,36525,35550,35650,16797
31/01/2023,35500,36200,35250,36200,21315
01/02/2023,35750,35975,35500,35500,17769
02/02/2023,35225,35725,35100,35100,15489
03/02/2023,35100,35325,34225,34275,26573
06/02/2023,34275,34725,33625,33900,24536
07/02/2023,34975,37025,34800,36500,60814
08/02/2023,36750,36975,35525,36100,19627
09/02/2023,35200,35700,34950,35375,16102
10/02/2023,34400,34600,33925,34150,32861
13/02/2023,34700,35500,34700,35225,23331
14/02/2023,35250,35475,34875,35125,14072
15/02/2023,35325,35950,35325,35425,19596
16/02/2023,35700,35800,35250,35400,7324
17/02/2023,35250,35275,34850,35125,14296
20/02/2023,35100,35525,34875,35500,14107
21/02/2023,35500,35900,35050,35150,12184
22/02/2023,35900,35900,35350,35575,15101
23/02/2023,35800,36325,35725,35900,35228
24/02/2023,36225,36575,35675,36025,33517
27/02/2023,36025,36325,35825,36050,19804
28/02/2023,36075,37725,36050,37200,49232
01/03/2023,37200,37300,36750,36975,24325
02/03/2023,37175,38000,36975,38000,29066
03/03/2023,38075,38500,37650,37950,18692
06/03/2023,37800,37800,37200,37750,14225
07/03/2023,37275,37625,37025,37025,12506
08/03/2023,36925,37900,36550,37900,26050
09/03/2023,38000,38350,37650,38350,25941
10/03/2023,38300,38300,37900,38050,14207
13/03/2023,38050,38900,38025,38750,38224
14/03/2023,38800,38800,37325,37475,32622
15/03/2023,37600,38325,37525,37900,19311
16/03/2023,37700,37700,36150,37200,27628
17/03/2023,37200,39250,37200,39250,76125
20/03/2023,39050,39050,37950,38200,12178
21/03/2023,38400,38600,38025,38350,11252
24/03/2023,38400,38600,38250,38400,15945
27/03/2023,38500,38850,38200,38500,32637
28/03/2023,38700,39750,38600,39725,40374
29/03/2023,39800,41000,39800,40800,51713
30/03/2023,40950,41500,38400,39175,90862
31/03/2023,39425,40250,39350,39400,88950
03/04/2023,39725,40025,39700,39900,56186
04/04/2023,40400,40800,40125,40525,49220
05/04/2023,40525,40950,40200,40900,37446
06/04/2023,41000,41500,40900,41125,58391
10/04/2023,41200,41475,40350,40875,116625
11/04/2023,38025,38025,38025,38025,6350
12/04/2023,35375,35375,35375,35375,17589
13/04/2023,34200,35000,34125,34600,71519
14/04/2023,34575,34575,33725,33725,55986
17/04/2023,33700,33700,32200,32250,63521
18/04/2023,32325,33925,32325,33700,48930
26/04/2023,34000,34275,33725,33875,32511
27/04/2023,33950,33950,33500,33600,19714
28/04/2023,33600,33625,33150,33300,21925
02/05/2023,33300,33350,31675,31675,40613
03/05/2023,31700,32200,30625,31750,27850
04/05/2023,31700,31925,31150,31175,19941
05/05/2023,30600,30675,29575,29650,47170
08/05/2023,29650,30450,29650,30000,25278
09/05/2023,30025,30300,29675,29875,18293
10/05/2023,29900,30650,29900,30200,17094
11/05/2023,29300,29450,28250,28275,58758
12/05/2023,28000,28275,27525,27825,23082
15/05/2023,27825,28350,27700,27750,21040
16/05/2023,27875,28125,27500,27500,16040
17/05/2023,27500,27525,26150,26300,43202
19/05/2023,26200,26200,24700,24700,48884
22/05/2023,25100,25500,24850,25175,29158
23/05/2023,25500,25750,25300,25475,19332
24/05/2023,25300,25400,24775,24950,18156
25/05/2023,24200,24200,23600,23800,31449
26/05/2023,23500,24350,23400,23525,17545
29/05/2023,23525,23625,22675,22975,25680
30/05/2023,23100,23375,22825,23075,23292
31/05/2023,22600,22675,22125,22125,28895
05/06/2023,22500,23075,22325,22750,33627
06/06/2023,23550,23900,23325,23675,37546
07/06/2023,23500,23550,22800,22900,27705
08/06/2023,23350,23800,23150,23525,27068
09/06/2023,23550,23800,23175,23275,15370
12/06/2023,23500,23850,23300,23550,19993
13/06/2023,23550,23550,23200,23500,11782
14/06/2023,23500,23675,23275,23525,15110
15/06/2023,23525,24375,23375,24250,21279
16/06/2023,24575,24775,24025,24225,33989
19/06/2023,24000,24225,23650,24000,11774
20/06/2023,24000,24250,23875,23925,13978
21/06/2023,24075,24375,23900,24000,15918
22/06/2023,24100,24350,24025,24025,11175
23/06/2023,24100,24225,23900,23900,17057
26/06/2023,23950,24075,23900,24000,8413
27/06/2023,24050,24125,24000,24125,9546
03/07/2023,24350,24875,24350,24675,27688
04/07/2023,24700,25050,24700,24825,15873
05/07/2023,24850,25150,24850,24925,21987
06/07/2023,24950,25775,24925,25600,23998
07/07/2023,25400,25450,24775,24850,31849
10/07/2023,24900,25650,24900,25450,17179
11/07/2023,25450,25800,25450,25650,12223
12/07/2023,25600,25600,25225,25250,11135
13/07/2023,25125,25200,24825,24900,16108
14/07/2023,24900,25200,24850,25200,11947
17/07/2023,25300,25600,25250,25425,13705
18/07/2023,25475,25550,25200,25250,9866
20/07/2023,25400,25800,25400,25500,16040
21/07/2023,25600,26850,25575,26775,34123
24/07/2023,27300,28075,27050,28000,42620
25/07/2023,28900,28900,27525,27525,45111
26/07/2023,27700,28250,27700,28125,21149
27/07/2023,28250,28300,27800,28025,15838
28/07/2023,28000,28000,27075,27875,16734
31/07/2023,27875,27950,27200,27200,29687
01/08/2023,27275,27475,26800,27000,17484
02/08/2023,26900,26900,26600,26625,12544
03/08/2023,26575,27275,26500,27175,9982
04/08/2023,27500,27525,27200,27225,11287
07/08/2023,27225,27400,27175,27225,7594
08/08/2023,27425,27500,27225,27475,11039
09/08/2023,27550,27950,27375,27950,14725
10/08/2023,28000,28625,28000,28375,28888
11/08/2023,27900,27900,27250,27600,21568
14/08/2023,27600,28200,27600,28075,19186
15/08/2023,28250,28375,27975,28250,11937
16/08/2023,28250,28300,28000,28200,12773
18/08/2023,28200,28300,28000,28050,12750
21/08/2023,28100,28325,28100,28225,12535
22/08/2023,28250,29650,28250,29400,42858
23/08/2023,29600,29950,29575,29600,24717
24/08/2023,29500,29500,28900,29150,20428
25/08/2023,29000,29000,28600,28700,12211
28/08/2023,28950,29400,28950,29225,12744
29/08/2023,29475,29600,29000,29050,9748
30/08/2023,29050,29350,29050,29175,7899
31/08/2023,29100,29150,28925,28925,9513
01/09/2023,29000,29275,29000,29200,4799
04/09/2023,30125,31350,30125,30975,47501
05/09/2023,31000,31425,30850,30925,27570
06/09/2023,31225,31275,30975,31100,20710
07/09/2023,31050,31050,30700,30750,19543
08/09/2023,30750,31000,30600,30750,21846
11/09/2023,30750,30975,30000,30375,61576
12/09/2023,28100,28450,28000,28100,41737
13/09/2023,28100,28600,28100,28425,22395
14/09/2023,28725,29600,28725,29350,37568
15/09/2023,29400,29500,28700,29000,18821
18/09/2023,29000,29150,28625,28675,11219
19/09/2023,28675,29125,28650,29000,7431
20/09/2023,29350,29350,29000,29000,12588
21/09/2023,29000,29000,28775,28775,9392
22/09/2023,28750,29150,28700,28900,8043
25/09/2023,29350,29350,28950,29075,9972
26/09/2023,29100,29200,28375,28500,15665
27/09/2023,28500,28675,28350,28375,16876
29/09/2023,28425,29100,28425,28975,15847
02/10/2023,28850,29000,28675,28675,9821
03/10/2023,28675,28675,28000,28050,20141
04/10/2023,28000,28000,27175,27200,23434
05/10/2023,27200,27200,26200,26325,28664
06/10/2023,26275,26725,26200,26450,18413
09/10/2023,26850,27325,26825,26975,20866
10/10/2023,27350,27500,27100,27150,16761
11/10/2023,27400,27875,27300,27475,21271
12/10/2023,27475,27650,26725,26850,20273
13/10/2023,27000,27300,26975,27200,12301
16/10/2023,27525,27825,27425,27475,11601
17/10/2023,27600,27600,27425,27575,6305
18/10/2023,27525,27900,27375,27850,19486
19/10/2023,27850,28175,27700,27950,12335
20/10/2023,27900,28175,27450,28150,13276
23/10/2023,28150,28150,27375,27375,11839
24/10/2023,27375,27725,27375,27400,5222
25/10/2023,27375,27625,27250,27250,9965
26/10/2023,27250,27250,26800,26850,9155
27/10/2023,26900,27150,26875,26975,6378
30/10/2023,27000,27100,26250,26250,14469
31/10/2023,26200,26825,26025,26525,17146
01/11/2023,26325,26475,25025,25025,19722
02/11/2023,25100,25550,25075,25225,6392
03/11/2023,25350,25625,25350,25450,8309
06/11/2023,25450,25675,25325,25650,6528
07/11/2023,25550,25575,25350,25350,4240
08/11/2023,25400,25450,24600,24725,8561
09/11/2023,25025,25100,24775,24775,7427
10/11/2023,24825,25050,24775,24850,4334
13/11/2023,24850,24900,24650,24675,10518
14/11/2023,24675,25175,24675,25000,6840
15/11/2023,25225,25800,25225,25400,8548
16/11/2023,25800,25800,25325,25425,7344
17/11/2023,25425,25775,25425,25475,10293
20/11/2023,25525,25675,25500,25600,8982
21/11/2023,25625,25650,25350,25600,7331
22/11/2023,25550,25700,25475,25525,5273
23/11/2023,25600,25600,25425,25475,5549
24/11/2023,25500,25550,25375,25400,3645
27/11/2023,25400,25550,25175,25200,6676
28/11/2023,25200,25300,24975,24975,8834
29/11/2023,25000,25000,24650,24700,10385
30/11/2023,24725,24775,24525,24550,7509
01/12/2023,24875,25050,24550,24550,7606
04/12/2023,24600,24800,24525,24575,10068
05/12/2023,24600,24700,23950,23950,18264
06/12/2023,23975,24100,23850,23850,10898
07/12/2023,23850,24000,23600,23725,11731
08/12/2023,23850,24200,23825,24000,14844
11/12/2023,23800,23950,23750,23800,9416
12/12/2023,23825,24250,23775,24000,7794
13/12/2023,23850,23875,23625,23800,13461
14/12/2023,23800,24100,23700,24075,7559
15/12/2023,24075,24875,24050,24450,16043
18/12/2023,24450,24625,24050,24200,12299
19/12/2023,24200,24575,24025,24525,5318
20/12/2023,24550,25600,24550,24800,16443
21/12/2023,24850,25025,24675,25025,5951
22/12/2023,25100,25400,24900,25350,6168
27/12/2023,25350,25475,24950,25350,11555
28/12/2023,25375,25850,25375,25500,12723
29/12/2023,25550,25825,25275,25650,9198
02/01/2024,25600,26425,25550,26375,16951
03/01/2024,26300,26300,25675,25750,15933
04/01/2024,25875,26800,25875,26600,20770
05/01/2024,26650,26850,26625,26775,11095
08/01/2024,26825,27400,26825,27100,11792
09/01/2024,27100,27275,26650,26975,10403
10/01/2024,27050,27400,26950,26975,9200
11/01/2024,27000,27050,26750,26800,5642
12/01/2024,26800,27150,26800,26950,6805
15/01/2024,27150,27500,27150,27450,20575
16/01/2024,27475,27500,27100,27400,7790
17/01/2024,27450,27825,27400,27400,11503
18/01/2024,27425,27450,27025,27100,9089
19/01/2024,27150,27250,26625,26800,14356
22/01/2024,26800,26900,26075,26250,11277
23/01/2024,26225,26375,25800,25900,12078
24/01/2024,25925,26250,25600,25775,11118
25/01/2024,25775,26700,25775,26525,12479
26/01/2024,26525,26825,26250,26700,8641
29/01/2024,26775,26850,26625,26800,7849
30/01/2024,26725,26850,26375,26550,5692
31/01/2024,26750,27200,26750,27050,8378
01/02/2024,27050,27075,26550,26625,12018
02/02/2024,26625,26775,26200,26225,12712
05/02/2024,26275,26525,26200,26200,7176
06/02/2024,26400,26675,26250,26650,8155
07/02/2024,26700,26875,26650,26700,4260
12/02/2024,26750,27250,26750,27050,9101
13/02/2024,27050,27250,27050,27125,6040
15/02/2024,27250,27375,27000,27075,10522
16/02/2024,27150,27200,27000,27025,5553
19/02/2024,27100,27125,26800,26875,5871
20/02/2024,26925,27000,26525,26575,11787
21/02/2024,26900,26900,26375,26475,9898
22/02/2024,26225,26275,26000,26075,20169
23/02/2024,26075,26250,25750,26200,13403
26/02/2024,26200,26225,25800,25800,13740
27/02/2024,25800,26250,25800,26075,9702
28/02/2024,26475,26525,26275,26375,8528
29/02/2024,26400,26600,26125,26200,12072
01/03/2024,26225,26400,26150,26250,5748
04/03/2024,26275,26650,26250,26375,17952
05/03/2024,26450,27200,26450,27175,28122
06/03/2024,27175,27325,27000,27125,17528
07/03/2024,27100,27825,27000,27700,25615
08/03/2024,27750,27825,27600,27650,10981
13/03/2024,27650,27650,27000,27000,21040
14/03/2024,27050,27575,27025,27400,13449
15/03/2024,27400,27900,27100,27100,34473
18/03/2024,27225,27525,27200,27375,8301
19/03/2024,27375,27425,27200,27225,8002
20/03/2024,27225,27725,27225,27625,16735
21/03/2024,27725,28125,27525,27750,22325
22/03/2024,27750,28100,27750,27800,13044
25/03/2024,28000,28100,27700,27750,16505
26/03/2024,27875,27900,27750,27775,10677
27/03/2024,27800,28425,27800,28425,22853
28/03/2024,28500,28775,26675,26700,78683
01/04/2024,26700,26700,26000,26300,25985
02/04/2024,26300,26675,26225,26675,17489
03/04/2024,26750,27100,26725,26975,24801
04/04/2024,26975,27025,26625,26900,13327
05/04/2024,26975,27000,26750,26850,20611
16/04/2024,27450,27450,27050,27400,58010
17/04/2024,25775,25950,25650,25850,41896
18/04/2024,25950,26275,25850,25925,21777
19/04/2024,26000,26000,25525,25700,15328
22/04/2024,25700,25825,25525,25575,10508
23/04/2024,25575,25575,25225,25525,10187
24/04/2024,25525,25575,25325,25350,9943
25/04/2024,25325,25325,24925,24975,13665
26/04/2024,24975,25200,24500,24500,12838
29/04/2024,24500,24975,24000,24950,11556
30/04/2024,25225,25300,25025,25225,12747
02/05/2024,25250,25500,24850,24900,8147
03/05/2024,25000,25150,24750,24825,6087
06/05/2024,25125,25125,24450,24500,8920
07/05/2024,24500,24875,24500,24800,3904
08/05/2024,24850,25350,24800,25350,10239
13/05/2024,24600,24875,24025,24650,20611
14/05/2024,24600,24800,24500,24500,6217
15/05/2024,24550,24600,24100,24100,12120
16/05/2024,24150,24300,24100,24200,7057
17/05/2024,24200,24250,24050,24075,10818
20/05/2024,24075,24475,24075,24350,7923
21/05/2024,24425,24750,24100,24250,8645
22/05/2024,24500,24500,24200,24325,5599
27/05/2024,24325,24400,24250,24250,6517
28/05/2024,24250,24400,24250,24300,5929
29/05/2024,24325,24500,24300,24375,7458
30/05/2024,24375,25000,24125,24950,10440
31/05/2024,24975,25200,24725,24975,16562
03/06/2024,25000,25225,24800,25225,12085
04/06/2024,25225,25600,25175,25400,11732
05/06/2024,25225,25250,24800,24850,10906
06/06/2024,24850,24850,24575,24600,7203
07/06/2024,24600,24750,24575,24750,4147
10/06/2024,24750,24750,24250,24425,8803
11/06/2024,24475,24475,24100,24100,10901
12/06/2024,24100,24325,24075,24300,8221
13/06/2024,24300,24350,24200,24200,4057
14/06/2024,24250,24275,24000,24050,6934
19/06/2024,24050,24125,23575,23875,8293
20/06/2024,23900,24000,23850,23900,3901
21/06/2024,23900,24400,23900,24250,7545
24/06/2024,24250,24250,23875,23900,9237
25/06/2024,23950,24000,23600,23600,12214
26/06/2024,23650,23850,23600,23800,5951
27/06/2024,23800,23825,23625,23750,3975
28/06/2024,23750,23975,23725,23900,8193
01/07/2024,23975,24400,23975,24275,6033
02/07/2024,24275,25125,24275,25000,17124
03/07/2024,25000,25875,25000,25800,21458
04/07/2024,25800,26275,25800,26150,19740
05/07/2024,26175,26600,25825,26150,14141
08/07/2024,26125,26300,25825,26000,9182
09/07/2024,25975,26100,25525,25525,20578
10/07/2024,25525,25900,25525,25650,5728
11/07/2024,25800,25875,25500,25500,7412
12/07/2024,25550,25750,25325,25550,6840
15/07/2024,25550,25675,25375,25500,5441
16/07/2024,25625,26175,25625,25950,13593
17/07/2024,26000,26075,25750,25800,8224
18/07/2024,25800,26200,25575,26175,16002
19/07/2024,26250,26650,26225,26525,23900
22/07/2024,26600,27350,26550,27350,39031
23/07/2024,27350,27925,26650,26650,31580
24/07/2024,26650,26825,26350,26350,11277
25/07/2024,26350,26725,25850,26050,13743
26/07/2024,26050,26400,26025,26400,4478
29/07/2024,26400,26675,26175,26175,10749
30/07/2024,26200,26625,26200,26350,8438
31/07/2024,26475,26500,26050,26300,12715
01/08/2024,26350,26750,26350,26625,11423
02/08/2024,26500,26975,26400,26975,16149
05/08/2024,26900,26900,25400,25625,27547
06/08/2024,25750,26025,25250,25525,23209
07/08/2024,25600,26050,25600,25800,16242
08/08/2024,25850,26150,25600,25825,8156
09/08/2024,25950,26150,25750,25850,10163
12/08/2024,25925,26600,25925,26475,15600
13/08/2024,26575,26925,26575,26825,12058
14/08/2024,26175,26400,26025,26225,20481
15/08/2024,26225,26300,26075,26200,9165
16/08/2024,26300,26700,26300,26425,11220
19/08/2024,26450,26525,26200,26475,7922
20/08/2024,26475,26550,26375,26400,8000
21/08/2024,26450,26800,26400,26675,8591
22/08/2024,26575,26825,26300,26725,19425
23/08/2024,26725,27075,26625,26675,19795
26/08/2024,26675,27075,26675,27000,19134
27/08/2024,27150,27200,26800,27000,9649
28/08/2024,27000,27225,27000,27225,12368
29/08/2024,27225,27750,27100,27175,25261
30/08/2024,27175,27350,27075,27225,14534
02/09/2024,27600,28125,27575,27675,41465
03/09/2024,27825,28175,27700,27800,28515
04/09/2024,27700,27925,27475,27500,27297
05/09/2024,27500,27650,27125,27275,24449
06/09/2024,27300,27500,27200,27225,17096
09/09/2024,27250,27400,27100,27225,31338
10/09/2024,26100,26225,26000,26100,29186
11/09/2024,26025,26100,25975,26000,15200
12/09/2024,26000,26550,26000,26375,24871
13/09/2024,26375,26375,26125,26200,8506
17/09/2024,26200,26225,25800,25850,23328
18/09/2024,25975,26150,25900,25925,8862
19/09/2024,25925,26125,25900,26000,12467
20/09/2024,26000,26075,25850,25900,17429
23/09/2024,26000,26225,26000,26175,28314
24/09/2024,26250,26925,26250,26900,30485
25/09/2024,26900,27075,26500,26525,28642
26/09/2024,26600,26700,26300,26500,14149
27/09/2024,26500,26550,25850,26500,20474
30/09/2024,26500,26675,26050,26475,16890
01/10/2024,26450,26450,26025,26350,13214
02/10/2024,26350,26350,26000,26025,16254
03/10/2024,26075,26175,25950,26100,8271
04/10/2024,26100,26150,25950,25975,7047
07/10/2024,26400,26650,26150,26325,17905
08/10/2024,26400,26550,26050,26050,14395
09/10/2024,26050,26050,25900,26050,10723
10/10/2024,26050,26125,25850,26025,8574
11/10/2024,26125,26125,25925,25925,6650
14/10/2024,25975,26000,25850,25950,5738
15/10/2024,25950,26300,25875,26150,12483
16/10/2024,26325,26325,25850,25850,23349
17/10/2024,25900,26125,25900,25950,8383
18/10/2024,25950,26050,25925,25925,5086
21/10/2024,26000,26000,25875,25875,6717
22/10/2024,25900,25925,25850,25925,8712
23/10/2024,25925,25925,25650,25675,15361
24/10/2024,25700,25800,25675,25675,5174
25/10/2024,25700,25700,25500,25525,10812
28/10/2024,25500,25550,25200,25525,12170
29/10/2024,25525,25525,25275,25450,5324
30/10/2024,25450,25450,25000,25150,12438
31/10/2024,25150,25475,25075,25075,22202
01/11/2024,25075,25500,25075,25500,12980
04/11/2024,25500,25500,25100,25125,6224
05/11/2024,25150,25425,25150,25375,7705
06/11/2024,25500,25500,25125,25250,11198
07/11/2024,25250,25425,25025,25425,9169
08/11/2024,25425,25475,25225,25250,8305
11/11/2024,25200,25400,25125,25150,7736
12/11/2024,25150,25850,25125,25700,16577
13/11/2024,26500,26575,25975,26200,27269
14/11/2024,26325,26400,26200,26300,21851
15/11/2024,26300,26550,26300,26500,21755
18/11/2024,26500,26975,26500,26850,33805
19/11/2024,26850,26900,26525,26800,18276
20/11/2024,26700,26775,26600,26700,11930
21/11/2024,26700,27900,26700,27375,51545
22/11/2024,27425,28000,27425,27950,48566
25/11/2024,27950,27950,27325,27600,28752
26/11/2024,27625,27850,27400,27425,15076
28/11/2024,27450,27500,27200,27300,9297
29/11/2024,27300,27300,26625,26650,21460
02/12/2024,26650,27350,26650,26900,13150
03/12/2024,26900,27225,26900,27100,16647
04/12/2024,27200,27675,27200,27500,13109
05/12/2024,27500,27600,27125,27450,8826
06/12/2024,27450,27825,27375,27700,18618
09/12/2024,27700,27900,27500,27850,10438
10/12/2024,27850,27900,27700,27875,10452
11/12/2024,27875,28650,27875,28200,40225
12/12/2024,28200,28375,27800,28025,11327
13/12/2024,28025,28200,27725,27850,6877
16/12/2024,27800,27825,27350,27750,9088
17/12/2024,27750,27750,27050,27250,11866
18/12/2024,27250,27475,26900,27150,6672
19/12/2024,27075,27075,26325,26325,13830
20/12/2024,26325,26600,25500,25525,18885
23/12/2024,25625,25775,25300,25650,14560
24/12/2024,25600,25600,25300,25300,9811
27/12/2024,25400,25950,25400,25850,5712
30/12/2024,25850,26700,25600,26700,13176
02/01/2025,26525,26725,26175,26175,8947
03/01/2025,26175,26500,26050,26300,4538
06/01/2025,26300,26350,25800,25800,9814
07/01/2025,25800,25950,25575,25800,5262
08/01/2025,25800,25825,25375,25375,8364
09/01/2025,25425,25500,25275,25300,5947
10/01/2025,25300,25450,25125,25275,7989
13/01/2025,25375,25475,24975,25225,15506
14/01/2025,25700,25825,25300,25400,7350
15/01/2025,25400,25750,25400,25750,5328
16/01/2025,25875,26175,25750,26000,6765
17/01/2025,26000,26150,25925,26100,5389
20/01/2025,26150,26375,25800,25900,6115
21/01/2025,26025,26300,25950,26125,6896
22/01/2025,26150,26575,26125,26425,10680
23/01/2025,26425,26625,26325,26400,8262
24/01/2025,26400,26500,26300,26325,4264
30/01/2025,26300,26300,25800,25900,6833
31/01/2025,25900,25900,25550,25875,6835
03/02/2025,25875,26075,25675,26075,7092
04/02/2025,26075,26150,25825,25875,3768
05/02/2025,26500,26500,25850,26050,5839
06/02/2025,26050,26050,25300,25450,9259
07/02/2025,25475,25975,25075,25675,6918
10/02/2025,25825,25825,25200,25200,4174
11/02/2025,25200,25325,25050,25075,6608
12/02/2025,25700,25700,25025,25350,6193
13/02/2025,25350,25425,25100,25425,3441
14/02/2025,25375,25600,25375,25600,4532
17/02/2025,25600,25725,25375,25725,5331
18/02/2025,25725,25975,25675,25775,3524
19/02/2025,25775,25975,25575,25700,7282
20/02/2025,25700,25725,25200,25225,6449
21/02/2025,25250,25400,25100,25275,4684
24/02/2025,25275,25325,25100,25200,3797
25/02/2025,25175,25250,24700,24825,9900
26/02/2025,24775,25000,24400,24675,6916
27/02/2025,24700,25475,24650,24825,9739
28/02/2025,24825,24825,23600,23700,20661
03/03/2025,23725,24250,23725,24025,7271
04/03/2025,24000,24100,23000,23075,17854
05/03/2025,23125,23425,23075,23225,11867
06/03/2025,23375,23700,23325,23500,10273
07/03/2025,23525,23775,23350,23700,9135
10/03/2025,23800,23850,23275,23850,11782
11/03/2025,23650,23900,23100,23900,11121
12/03/2025,23725,23725,23200,23275,10571
13/03/2025,23300,23400,23025,23400,13426
14/03/2025,23250,23325,23050,23125,4732
17/03/2025,23125,23175,22900,22925,11195
18/03/2025,22925,23100,22350,22500,15160
19/03/2025,22500,22800,22400,22650,8221
20/03/2025,22750,23200,22725,22900,5866
21/03/2025,23000,23100,22475,22475,17402
24/03/2025,22475,22550,21400,21875,15939
25/03/2025,21900,22475,21900,22450,9669
26/03/2025,22500,23050,22450,22950,17434
27/03/2025,22950,23075,22750,22950,11818
08/04/2025,22000,22275,21400,21825,30733
09/04/2025,21900,22850,21850,22775,32906
10/04/2025,23300,23600,23075,23275,33883
11/04/2025,23275,23500,23150,23400,12456
14/04/2025,23700,24850,23675,24800,44739
15/04/2025,24900,25175,24625,24700,42236
16/04/2025,24725,25000,24425,24600,33184
17/04/2025,24650,24800,24500,24800,53254
21/04/2025,22600,22650,22175,22175,67823
22/04/2025,22050,22350,22025,22325,29115
23/04/2025,22450,22600,22275,22300,33293
24/04/2025,22325,22450,22050,22050,29164
25/04/2025,22225,22225,21950,22100,27142
28/04/2025,22175,22300,22000,22075,16440
29/04/2025,22100,22150,22000,22050,16989
30/04/2025,22100,22100,21950,22000,18704
02/05/2025,22000,22000,21875,21950,14238
05/05/2025,21975,22050,21900,22050,12680
06/05/2025,22050,22300,22050,22275,20186
07/05/2025,22325,22450,22300,22350,23750
08/05/2025,22400,22500,22050,22125,15922
09/05/2025,22125,22150,22050,22100,6384
14/05/2025,22250,22500,22250,22475,22695
15/05/2025,22500,22625,22300,22450,17641
16/05/2025,22625,22750,22400,22600,23236
19/05/2025,22600,23000,22600,22800,25275
20/05/2025,22850,22900,22300,22325,27358
21/05/2025,22325,22625,22325,22550,18900
22/05/2025,22550,22650,22425,22650,13694
23/05/2025,22650,22675,22500,22500,8328
26/05/2025,22500,22650,22250,22400,14695
27/05/2025,22400,22550,22400,22525,8769
28/05/2025,22525,22600,22500,22575,20439
02/06/2025,22575,22600,22025,22225,20125
03/06/2025,22350,22375,22100,22200,14452
04/06/2025,22200,22350,22175,22300,9704
05/06/2025,22300,22400,22175,22200,14570
10/06/2025,22200,22450,22150,22450,18080
11/06/2025,22450,22650,22425,22600,10672
12/06/2025,22600,22850,22600,22675,10836
13/06/2025,22700,22950,22675,22950,16634
16/06/2025,22975,24050,22975,23600,47740
17/06/2025,23600,23775,23250,23425,21065
18/06/2025,23425,23725,23425,23575,12330
19/06/2025,23575,23575,22600,22775,32903
20/06/2025,22775,22800,22375,22375,66600
23/06/2025,22375,22600,22125,22325,22402
24/06/2025,22350,22500,22200,22200,26447
25/06/2025,22450,22450,22100,22100,16079
26/06/2025,22100,22125,22000,22025,19492
30/06/2025,22125,22175,22000,22000,19865
01/07/2025,22125,22175,22000,22075,12629
02/07/2025,22075,22350,22075,22275,13757
03/07/2025,22300,22325,22075,22075,14546
04/07/2025,22100,22200,22050,22100,9988
07/07/2025,22100,22125,22025,22100,5432
08/07/2025,22100,22100,22025,22025,11072
09/07/2025,22050,22150,22025,22050,8977
10/07/2025,22100,22325,22100,22275,10249
11/07/2025,22325,22675,22325,22500,11420
14/07/2025,22525,22650,22450,22450,11124
15/07/2025,22450,22525,22350,22400,8461
16/07/2025,22425,22550,22425,22475,6949
17/07/2025,22475,22525,22400,22450,6141
18/07/2025,22450,22550,22400,22525,10689
21/07/2025,22525,22900,22525,22550,13936
22/07/2025,22600,22850,22575,22800,21028
23/07/2025,22975,23075,22725,22925,15863
24/07/2025,22950,23200,22925,23100,16497
25/07/2025,23125,23300,22950,22950,16109
28/07/2025,23000,23300,22975,23250,14552
29/07/2025,23300,23375,23100,23225,11264
30/07/2025,23300,23675,23250,23450,23766
31/07/2025,23450,23475,22700,23000,27015
01/08/2025,22925,23350,22750,22925,16329
04/08/2025,23075,23175,22850,23100,11027
05/08/2025,23100,23125,22950,23025,10641
06/08/2025,23025,23150,22975,23075,11506
07/08/2025,23100,23175,23050,23125,8853
08/08/2025,23200,23425,23125,23350,17864
11/08/2025,23350,23775,23350,23700,27882
12/08/2025,23025,23025,22400,22550,71911
13/08/2025,22550,22600,22400,22475,23672
14/08/2025,22475,22500,22400,22400,16986
15/08/2025,22400,22475,22250,22250,21241
19/08/2025,22275,22275,22050,22050,33853
20/08/2025,22275,22350,22100,22275,18048
21/08/2025,22350,22375,22100,22275,14859
22/08/2025,22350,22350,22225,22300,10675
25/08/2025,22325,22525,22325,22400,18217
26/08/2025,22400,22525,22375,22375,15905
27/08/2025,22400,22500,22325,22400,12183
28/08/2025,22400,22475,22400,22425,6670
29/08/2025,22400,22400,22125,22125,28528
01/09/2025,22000,22275,21900,22200,27157
02/09/2025,22200,22475,22200,22350,9951
03/09/2025,22350,22475,22275,22275,14908
04/09/2025,22275,22375,22275,22350,10168
08/09/2025,22350,22450,22250,22275,16264
09/09/2025,22225,22300,22075,22250,14742
10/09/2025,22325,22375,22175,22200,9477
11/09/2025,22325,22450,22325,22325,11684
12/09/2025,22250,22400,22250,22325,7045
15/09/2025,22325,22475,22325,22450,7469
16/09/2025,22450,22550,22350,22350,7801
17/09/2025,22375,22575,22375,22575,10657
18/09/2025,22575,23050,22425,22675,18296
19/09/2025,22750,23200,22750,23100,27065
22/09/2025,23100,23200,22850,23100,18274
23/09/2025,23100,23100,22700,22975,13474
24/09/2025,22975,23000,22825,22825,11742
25/09/2025,22825,22950,22650,22675,16430
26/09/2025,22675,22800,22675,22750,6599
29/09/2025,22750,22900,22675,22825,10263
30/09/2025,22825,22900,22800,22875,10410
01/10/2025,22900,22900,22500,22525,11510
02/10/2025,22525,22625,22525,22600,7333
03/10/2025,22575,22700,22525,22700,9570
06/10/2025,22700,22700,22475,22500,10538
07/10/2025,22500,22550,22300,22425,14954
08/10/2025,22425,22425,22125,22150,15121
09/10/2025,22350,22575,22325,22450,11771
10/10/2025,22500,22775,22450,22775,9906
13/10/2025,22525,22650,22475,22600,835100
14/10/2025,22625,22625,22175,22300,1398000
15/10/2025,22300,22375,22000,22000,2147300
16/10/2025,22250,22425,22125,22375,950000
17/10/2025,22350,22350,22100,22225,1146100
20/10/2025,22225,22450,22200,22450,525700
21/10/2025,22450,22650,22450,22550,1169100
22/10/2025,22600,22650,22500,22550,485200
23/10/2025,22600,22700,22550,22675,544300
24/10/2025,22700,22900,22700,22700,1350400
27/10/2025,22700,22875,22575,22725,974600
28/10/2025,22800,23000,22775,22800,849900
29/10/2025,22800,22975,22750,22975,749300
30/10/2025,22975,23600,22925,23500,3069600
31/10/2025,23500,23725,23500,23500,1861800
03/11/2025,23400,23400,23000,23025,2336300
04/11/2025,23025,23375,23025,23200,1140500
05/11/2025,23200,23650,23200,23600,2653100
06/11/2025,23600,23675,23350,23400,1837100
07/11/2025,23400,23425,23300,23400,1131000
10/11/2025,23400,23425,23325,23350,1717800
11/11/2025,23350,23350,23025,23200,2277900
12/11/2025,23200,23250,23100,23100,2294900
13/11/2025,22700,22725,22525,22650,1830600
14/11/2025,22600,22600,22425,22425,1536000
17/11/2025,22425,22425,22275,22400,1226000
18/11/2025,22350,22375,22100,22100,1814200
19/11/2025,22250,22250,22125,22150,813500
20/11/2025,22200,22200,22100,22100,1125900
21/11/2025,22100,22175,22050,22125,1232000
24/11/2025,22375,22375,22125,22250,1224000
25/11/2025,22250,22275,22100,22100,788400
26/11/2025,22150,22150,22050,22050,1313400
27/11/2025,22150,22150,22000,22000,1687100
28/11/2025,22000,22050,21900,22050,1670100
01/12/2025,22025,22025,21900,21900,1358600
02/12/2025,21900,22000,21900,22000,946200
03/12/2025,22000,22100,21925,21975,842300
04/12/2025,22025,22025,21925,21950,635100
05/12/2025,21950,22100,21950,22000,777400
08/12/2025,22100,22100,21975,22000,635500
09/12/2025,22000,22000,21900,21925,1115400
10/12/2025,21925,21950,21875,21900,1498600
11/12/2025,21900,21925,21750,21750,1457600
12/12/2025,21750,21850,21675,21725,993400
15/12/2025,21750,21750,21550,21550,1307900
16/12/2025,21550,21575,21150,21150,3723300
17/12/2025,21150,21500,21125,21400,1254600
18/12/2025,21500,21500,21250,21325,1272100
19/12/2025,21325,21575,21250,21575,722000
22/12/2025,21575,21575,21375,21550,877100
23/12/2025,21500,21900,21500,21875,1149700
24/12/2025,21875,22000,21850,22000,826300
29/12/2025,21975,22000,21650,21975,9440
30/12/2025,21975,21975,21800,21875,9437
02/01/2026,21875,22075,21875,22025,7976
05/01/2026,22025,22075,21900,21925,10435
06/01/2026,22000,22025,21825,21975,15719
07/01/2026,21975,22025,21875,22025,16808
