Date,Open,High,Low,Close,Volume
19/08/2010,460,460,445,460,79427500
20/08/2010,475,475,455,475,120410000
23/08/2010,475,480,470,475,28845000
24/08/2010,465,475,465,465,45360000
25/08/2010,470,475,455,470,44192500
26/08/2010,475,480,465,475,58355000
27/08/2010,465,475,460,465,40690000
30/08/2010,470,475,465,470,62965000
31/08/2010,465,470,460,465,61835000
01/09/2010,470,480,465,470,92510000
02/09/2010,470,475,460,470,50362500
03/09/2010,475,475,470,475,53730000
06/09/2010,485,495,480,485,227697500
07/09/2010,485,490,480,485,107902500
15/09/2010,490,500,485,500,152615000
16/09/2010,495,500,485,495,35855000
17/09/2010,505,505,485,505,83422500
20/09/2010,520,525,495,520,189112500
21/09/2010,525,530,515,525,92945000
22/09/2010,545,545,525,545,209585000
23/09/2010,530,545,525,530,60102500
24/09/2010,515,530,510,515,72387500
27/09/2010,525,530,520,525,59190000
28/09/2010,530,540,520,530,80385000
29/09/2010,510,530,500,510,100697500
30/09/2010,510,515,500,510,99222500
01/10/2010,510,515,500,510,78050000
04/10/2010,515,525,510,515,164232500
05/10/2010,520,525,505,520,78820000
06/10/2010,530,545,520,530,175705000
07/10/2010,530,540,515,530,98850000
08/10/2010,515,525,510,515,104787500
11/10/2010,515,520,510,515,66577500
12/10/2010,515,525,510,515,129100000
13/10/2010,525,525,515,525,144545000
14/10/2010,525,530,520,525,107752500
15/10/2010,530,530,520,530,107787500
18/10/2010,525,535,520,525,71685000
19/10/2010,525,535,525,525,90235000
20/10/2010,530,530,515,530,65487500
21/10/2010,530,540,525,530,170732500
22/10/2010,520,530,515,520,57777500
25/10/2010,530,535,520,530,111027500
26/10/2010,530,540,525,530,179630000
27/10/2010,525,535,520,525,127997500
28/10/2010,530,535,525,530,77017500
29/10/2010,535,535,525,535,91487500
01/11/2010,555,560,535,555,211755000
02/11/2010,550,560,540,550,112050000
03/11/2010,550,555,545,550,116080000
04/11/2010,575,575,550,575,231250000
05/11/2010,590,600,575,590,205380000
08/11/2010,620,625,585,620,304410000
09/11/2010,620,630,610,620,160462500
10/11/2010,625,630,615,625,165512500
11/11/2010,625,655,610,625,305697500
12/11/2010,610,620,600,610,165910000
15/11/2010,615,620,605,615,98362500
16/11/2010,620,620,605,620,80837500
18/11/2010,620,630,615,620,129777500
19/11/2010,640,640,620,640,182497500
22/11/2010,640,645,635,640,116527500
23/11/2010,645,655,635,645,165540000
24/11/2010,660,660,640,660,229910000
25/11/2010,690,700,655,690,224075000
26/11/2010,695,705,670,695,188435000
29/11/2010,665,695,665,665,160990000
30/11/2010,700,820,670,700,940932500
01/12/2010,700,720,670,700,189602500
02/12/2010,715,730,695,715,271345000
03/12/2010,735,765,715,735,210527500
06/12/2010,745,755,735,745,102692500
08/12/2010,740,755,730,740,119815000
09/12/2010,755,760,740,755,142935000
10/12/2010,755,760,745,755,59355000
13/12/2010,725,765,720,725,74035000
14/12/2010,705,730,705,705,84510000
15/12/2010,670,705,655,670,150395000
16/12/2010,620,670,610,620,286062500
17/12/2010,605,630,595,605,134967500
20/12/2010,625,630,600,625,147710000
21/12/2010,645,650,630,645,180417500
22/12/2010,640,650,625,640,96295000
23/12/2010,630,640,625,630,85537500
27/12/2010,625,630,610,625,88520000
28/12/2010,625,640,610,625,87585000
29/12/2010,640,645,630,640,103795000
30/12/2010,650,665,640,650,179327500
03/01/2011,665,665,650,665,122370000
04/01/2011,660,675,655,660,130520000
05/01/2011,665,675,655,665,147847500
06/01/2011,650,670,640,650,137595000
07/01/2011,630,650,625,630,83365000
10/01/2011,590,620,580,590,89502500
11/01/2011,555,590,550,555,178835000
12/01/2011,620,620,560,620,263215000
13/01/2011,595,635,585,595,294250000
14/01/2011,610,625,600,610,110132500
17/01/2011,590,600,585,590,48885000
18/01/2011,595,600,585,595,31352500
19/01/2011,585,595,580,585,41762500
20/01/2011,575,585,570,575,40252500
21/01/2011,550,560,490,550,154870000
24/01/2011,530,550,525,530,75320000
25/01/2011,555,560,530,555,139575000
26/01/2011,600,605,550,600,136402500
27/01/2011,580,610,575,580,126182500
28/01/2011,580,590,575,580,38685000
31/01/2011,565,575,560,565,26755000
01/02/2011,575,580,570,575,31627500
02/02/2011,580,590,570,580,25430000
04/02/2011,580,585,575,580,19125000
07/02/2011,580,590,575,580,28197500
08/02/2011,580,585,570,580,36557500
09/02/2011,570,580,560,570,35122500
10/02/2011,545,565,540,545,77062500
11/02/2011,565,565,540,565,57210000
14/02/2011,585,585,565,585,61250000
16/02/2011,570,585,565,570,32200000
17/02/2011,570,580,565,570,26177500
18/02/2011,585,590,575,585,84382500
21/02/2011,590,600,585,590,64545000
22/02/2011,570,585,570,570,45077500
23/02/2011,585,590,570,585,45595000
24/02/2011,580,585,565,580,20752500
25/02/2011,575,580,570,575,16662500
28/02/2011,585,585,575,585,48105000
01/03/2011,585,590,580,585,15840000
02/03/2011,590,590,575,590,67570000
03/03/2011,590,590,580,590,33242500
04/03/2011,585,590,580,585,29367500
07/03/2011,580,585,580,580,17155000
08/03/2011,585,590,575,585,28732500
09/03/2011,600,605,585,600,195835000
10/03/2011,610,615,595,610,190725000
11/03/2011,620,620,600,620,183247500
14/03/2011,625,630,615,625,89577500
15/03/2011,600,620,585,600,104157500
16/03/2011,610,615,595,610,79467500
17/03/2011,595,610,595,595,51815000
18/03/2011,590,610,590,590,128935000
21/03/2011,590,595,585,590,15455000
22/03/2011,600,605,595,600,43362500
23/03/2011,600,600,600,600,0
24/03/2011,620,620,605,620,93990000
25/03/2011,625,630,620,625,71102500
28/03/2011,615,625,610,615,21117500
29/03/2011,635,640,615,635,138292500
30/03/2011,640,640,630,640,41430000
31/03/2011,680,680,635,680,227767500
01/04/2011,695,700,670,695,97365000
04/04/2011,700,700,685,700,49820000
05/04/2011,690,700,690,690,40422500
06/04/2011,695,700,675,695,68680000
07/04/2011,710,710,695,710,48702500
08/04/2011,745,745,705,745,102582500
11/04/2011,735,745,725,735,66535000
12/04/2011,730,735,720,730,35915000
13/04/2011,735,740,725,735,64657500
14/04/2011,725,735,725,725,14737500
15/04/2011,735,735,725,735,83137500
18/04/2011,735,740,730,735,87945000
19/04/2011,735,735,725,735,45117500
20/04/2011,725,740,720,725,54350000
21/04/2011,715,730,705,715,124427500
25/04/2011,735,735,710,735,132220000
26/04/2011,720,735,715,720,155765000
27/04/2011,715,725,710,715,121022500
28/04/2011,715,720,710,715,108907500
29/04/2011,715,715,710,715,33685000
02/05/2011,720,720,710,720,94085000
03/05/2011,720,720,710,720,107352500
04/05/2011,705,720,705,705,72282500
05/05/2011,715,715,705,715,122780000
06/05/2011,695,715,695,695,64050000
09/05/2011,690,695,670,690,70635000
10/05/2011,690,695,680,690,79587500
11/05/2011,695,705,685,695,58665000
12/05/2011,685,690,680,685,36802500
13/05/2011,685,690,675,685,65885000
16/05/2011,700,705,680,700,109492500
18/05/2011,710,720,700,710,119747500
19/05/2011,700,720,700,700,44990000
20/05/2011,700,705,695,700,36825000
23/05/2011,665,700,645,665,58952500
24/05/2011,675,685,660,675,31372500
25/05/2011,675,680,670,675,10147500
26/05/2011,670,685,670,670,56515000
27/05/2011,685,690,670,685,96195000
30/05/2011,675,690,675,675,32227500
31/05/2011,715,715,675,715,134817500
01/06/2011,690,715,685,690,57200000
03/06/2011,690,690,680,690,44340000
06/06/2011,685,690,680,685,17630000
07/06/2011,685,685,675,685,29510000
08/06/2011,675,685,675,675,31285000
09/06/2011,675,685,670,675,28987500
10/06/2011,660,685,660,660,48937500
13/06/2011,650,660,645,650,49577500
14/06/2011,655,655,645,655,63970000
15/06/2011,660,665,655,660,61305000
16/06/2011,665,665,650,665,52385000
17/06/2011,650,665,650,650,42845000
20/06/2011,660,665,645,660,36212500
21/06/2011,685,685,660,685,78180000
22/06/2011,685,695,680,685,50910000
23/06/2011,680,685,675,680,40267500
24/06/2011,690,695,680,690,59172500
27/06/2011,680,695,675,680,32885000
28/06/2011,675,680,670,675,33172500
30/06/2011,675,685,675,675,44807500
01/07/2011,690,700,680,690,114827500
04/07/2011,690,690,690,690,0
05/07/2011,725,740,705,725,364897500
06/07/2011,725,730,720,725,160035000
07/07/2011,725,730,715,725,175812500
08/07/2011,725,735,720,725,97410000
11/07/2011,715,725,715,715,33372500
12/07/2011,705,715,695,705,20237500
13/07/2011,710,720,700,710,45335000
14/07/2011,710,715,705,710,23582500
15/07/2011,710,710,700,710,45052500
18/07/2011,695,710,690,695,26512500
19/07/2011,690,695,680,690,41697500
20/07/2011,690,695,685,690,27817500
21/07/2011,685,695,680,685,36990000
22/07/2011,700,700,685,700,44492500
25/07/2011,700,700,695,700,30337500
26/07/2011,705,705,695,705,58027500
27/07/2011,690,705,690,690,40490000
28/07/2011,690,695,685,690,37110000
29/07/2011,695,710,685,695,52927500
01/08/2011,705,710,695,705,28770000
02/08/2011,695,705,685,695,19415000
03/08/2011,680,690,680,680,19590000
04/08/2011,665,690,665,665,31412500
05/08/2011,640,650,605,640,84565000
08/08/2011,635,650,605,635,104382500
09/08/2011,595,635,580,595,111810000
10/08/2011,665,675,610,665,88812500
11/08/2011,690,690,645,690,55200000
12/08/2011,685,700,670,685,77920000
15/08/2011,685,690,680,685,18340000
16/08/2011,670,695,670,670,25740000
18/08/2011,705,705,680,705,60100000
19/08/2011,685,695,675,685,56077500
22/08/2011,680,685,665,680,26115000
23/08/2011,690,695,680,690,28865000
24/08/2011,680,700,680,680,11727500
25/08/2011,680,690,680,680,17202500
26/08/2011,695,700,675,695,27837500
05/09/2011,690,715,690,690,47795000
06/09/2011,705,705,690,705,28027500
07/09/2011,720,720,700,720,85825000
08/09/2011,720,730,710,720,76932500
09/09/2011,720,725,720,720,17670000
12/09/2011,725,725,690,725,42620000
13/09/2011,725,745,715,725,68380000
14/09/2011,715,730,695,715,89332500
15/09/2011,690,710,690,690,39197500
16/09/2011,710,725,690,710,78792500
19/09/2011,695,720,690,695,20227500
20/09/2011,690,700,680,690,31342500
21/09/2011,680,700,680,680,32657500
22/09/2011,565,675,565,565,166260000
23/09/2011,580,590,530,580,75105000
26/09/2011,590,590,540,590,36340000
27/09/2011,620,625,595,620,118850000
28/09/2011,645,670,615,645,69312500
29/09/2011,655,665,640,655,37342500
30/09/2011,650,665,630,650,24165000
03/10/2011,610,635,605,610,33165000
04/10/2011,620,625,595,620,33710000
05/10/2011,640,640,620,640,18515000
06/10/2011,670,680,645,670,43462500
07/10/2011,665,690,665,665,31192500
10/10/2011,675,680,660,675,18195000
11/10/2011,680,695,680,680,45947500
12/10/2011,695,700,675,695,38985000
13/10/2011,690,710,690,690,51180000
14/10/2011,675,705,670,675,28012500
17/10/2011,680,685,670,680,44445000
18/10/2011,670,670,660,670,22107500
19/10/2011,690,690,670,690,44880000
20/10/2011,680,690,665,680,22842500
21/10/2011,670,680,665,670,19202500
24/10/2011,695,700,680,695,53322500
25/10/2011,690,705,690,690,62210000
26/10/2011,695,695,680,695,45550000
27/10/2011,695,710,695,695,144750000
28/10/2011,705,710,695,705,32242500
31/10/2011,695,705,685,695,23455000
01/11/2011,675,700,675,675,20802500
02/11/2011,685,685,660,685,21122500
03/11/2011,675,685,670,675,22947500
04/11/2011,695,695,680,695,45335000
07/11/2011,695,705,695,695,36577500
08/11/2011,700,705,695,700,25237500
09/11/2011,715,720,700,715,60690000
10/11/2011,700,710,695,700,36047500
11/11/2011,705,705,700,705,22760000
14/11/2011,700,715,700,700,18280000
15/11/2011,700,710,700,700,7877500
16/11/2011,690,710,690,690,25060000
17/11/2011,690,700,690,690,15602500
18/11/2011,690,695,685,690,20185000
21/11/2011,680,690,680,680,21867500
22/11/2011,690,695,680,690,20887500
23/11/2011,675,690,670,675,20840000
24/11/2011,675,685,675,675,15117500
25/11/2011,675,680,670,675,9115000
28/11/2011,700,700,675,700,73567500
29/11/2011,695,715,695,695,41797500
30/11/2011,705,710,690,705,47105000
01/12/2011,705,705,705,705,0
02/12/2011,710,720,705,710,13120000
05/12/2011,710,720,705,710,9875000
06/12/2011,705,710,700,705,20175000
07/12/2011,705,715,700,705,24377500
08/12/2011,685,700,685,685,32320000
09/12/2011,685,695,680,685,20060000
12/12/2011,685,695,680,685,20475000
13/12/2011,685,690,675,685,41465000
14/12/2011,685,685,680,685,11027500
15/12/2011,665,685,660,665,39895000
16/12/2011,680,680,665,680,23137500
19/12/2011,675,680,670,675,45075000
20/12/2011,680,690,675,680,47392500
21/12/2011,675,690,675,675,22050000
22/12/2011,675,685,670,675,20782500
23/12/2011,675,685,670,675,10105000
27/12/2011,680,680,665,680,15625000
28/12/2011,680,680,670,680,30422500
29/12/2011,680,680,670,680,13655000
30/12/2011,680,680,675,680,6635000
02/01/2012,685,685,675,685,18735000
03/01/2012,695,695,680,695,34187500
04/01/2012,690,700,690,690,23417500
05/01/2012,690,700,685,690,15250000
06/01/2012,690,695,685,690,18040000
09/01/2012,700,700,685,700,20852500
10/01/2012,700,705,690,700,12980000
11/01/2012,695,705,680,695,22215000
12/01/2012,695,700,680,695,14732500
13/01/2012,690,700,685,690,15
16/01/2012,685,695,685,685,10952500
17/01/2012,690,695,690,690,16667500
18/01/2012,705,705,690,705,48132500
19/01/2012,705,725,705,705,85820000
20/01/2012,715,715,705,715,24445000
24/01/2012,730,730,720,730,45035000
25/01/2012,715,720,710,715,15745000
26/01/2012,715,720,705,715,14852500
27/01/2012,710,715,705,710,35595000
30/01/2012,710,715,695,710,12545000
31/01/2012,705,710,695,705,54405000
01/02/2012,700,705,690,700,40442500
02/02/2012,695,705,690,695,38015000
03/02/2012,715,715,695,715,47135000
06/02/2012,715,715,705,715,16117500
07/02/2012,700,715,700,700,21175000
08/02/2012,700,705,695,700,53010000
09/02/2012,715,715,700,715,39847500
10/02/2012,715,720,705,715,17552500
13/02/2012,715,720,705,715,28757500
14/02/2012,705,720,700,705,21635000
15/02/2012,695,705,690,695,55167500
16/02/2012,690,695,690,690,59157500
17/02/2012,690,705,690,690,53620000
20/02/2012,700,705,690,700,50985000
21/02/2012,700,705,695,700,51057500
22/02/2012,700,705,690,700,37677500
23/02/2012,690,700,690,690,25387500
24/02/2012,690,695,680,690,39332500
27/02/2012,685,690,685,685,33430000
28/02/2012,685,690,685,685,42332500
29/02/2012,700,700,690,700,61547500
01/03/2012,700,705,695,700,18167500
02/03/2012,705,710,700,705,45467500
05/03/2012,695,700,690,695,27282500
06/03/2012,695,700,685,695,36885000
07/03/2012,685,695,685,685,28622500
08/03/2012,695,695,685,695,32990000
09/03/2012,685,695,685,685,10
12/03/2012,685,695,680,685,40662500
13/03/2012,685,695,680,685,39250000
14/03/2012,695,700,685,695,57095000
15/03/2012,700,705,690,700,88577500
16/03/2012,700,710,700,700,88992500
19/03/2012,685,710,680,685,77642500
20/03/2012,680,690,675,680,92217500
21/03/2012,685,690,675,685,48707500
22/03/2012,685,690,675,685,71592500
26/03/2012,695,695,685,695,57080000
27/03/2012,700,705,695,700,56805000
28/03/2012,700,705,695,700,57940000
29/03/2012,705,705,695,705,44785000
30/03/2012,710,710,700,710,80825000
02/04/2012,720,725,705,720,106847500
03/04/2012,720,720,720,720,0
04/04/2012,725,735,715,725,37665000
05/04/2012,730,735,720,730,94765000
09/04/2012,715,725,715,715,17967500
10/04/2012,710,715,700,710,31350000
11/04/2012,710,715,700,710,55420000
12/04/2012,710,715,705,710,36090000
13/04/2012,710,720,705,710,32657500
16/04/2012,695,710,690,695,57615000
17/04/2012,690,700,685,690,60812500
18/04/2012,690,695,680,690,81027500
19/04/2012,685,690,685,685,84732500
20/04/2012,700,710,685,700,101682500
23/04/2012,695,710,695,695,71455000
24/04/2012,720,725,690,720,119912500
25/04/2012,765,775,730,765,398545000
26/04/2012,790,790,760,790,307915000
27/04/2012,800,805,785,800,174950000
30/04/2012,805,810,790,805,182815000
01/05/2012,805,805,790,805,95220000
02/05/2012,805,805,790,805,15
03/05/2012,795,805,785,795,110775000
04/05/2012,780,800,780,780,77990000
07/05/2012,795,795,775,795,104435000
08/05/2012,800,800,790,800,84907500
09/05/2012,795,805,785,795,75252500
10/05/2012,785,800,785,785,86452500
11/05/2012,785,795,775,785,66252500
14/05/2012,785,790,780,785,69522500
15/05/2012,785,790,780,785,76082500
16/05/2012,775,790,750,775,93515000
21/05/2012,775,780,760,775,79295000
22/05/2012,780,790,770,780,64072500
23/05/2012,780,785,760,780,102135000
24/05/2012,785,795,775,785,106707500
25/05/2012,770,790,760,770,55887500
28/05/2012,770,770,760,770,66375000
29/05/2012,770,775,760,770,80532500
30/05/2012,790,795,765,790,100270000
31/05/2012,775,795,770,775,96120000
01/06/2012,785,790,780,785,55617500
04/06/2012,755,775,755,755,43167500
05/06/2012,770,780,755,770,65732500
06/06/2012,785,785,765,785,56487500
07/06/2012,790,790,780,790,36125000
08/06/2012,790,790,785,790,41497500
11/06/2012,785,800,785,785,91127500
12/06/2012,790,795,775,790,53862500
13/06/2012,795,800,785,795,78242500
14/06/2012,795,795,785,795,55957500
15/06/2012,790,800,775,790,83072500
18/06/2012,775,795,765,775,89857500
19/06/2012,780,780,765,780,103075000
20/06/2012,775,780,770,775,113650000
21/06/2012,760,780,755,760,77352500
22/06/2012,760,765,745,760,50407500
25/06/2012,760,765,745,745,51947500
26/06/2012,745,760,750,760,72932500
27/06/2012,760,770,760,765,68815000
28/06/2012,765,765,745,755,101040000
29/06/2012,755,760,740,755,71650000
02/07/2012,755,765,745,755,53992500
03/07/2012,760,760,750,760,70422500
04/07/2012,760,765,755,760,77237500
05/07/2012,760,765,755,760,42645000
06/07/2012,760,765,755,760,52417500
09/07/2012,750,760,750,750,41695000
10/07/2012,755,760,745,755,73125000
11/07/2012,775,775,750,775,128777500
12/07/2012,770,780,760,770,75247500
13/07/2012,770,780,770,770,54450000
16/07/2012,770,780,765,770,76380000
17/07/2012,775,780,765,775,65040000
18/07/2012,775,775,765,775,53325000
19/07/2012,765,780,765,765,52050000
20/07/2012,765,775,760,765,53687500
23/07/2012,740,755,740,740,56017500
24/07/2012,740,750,735,740,67340000
25/07/2012,735,745,735,735,116770000
26/07/2012,740,750,735,740,175445000
27/07/2012,760,765,745,760,63207500
30/07/2012,765,770,760,765,54762500
31/07/2012,765,775,765,765,84310000
01/08/2012,770,770,755,770,83005000
02/08/2012,770,775,760,770,64057500
03/08/2012,775,780,770,775,43335000
06/08/2012,780,785,775,780,56890000
07/08/2012,790,790,780,790,67280000
08/08/2012,790,790,780,790,19877500
09/08/2012,780,795,775,780,73535000
10/08/2012,780,790,775,780,35510000
13/08/2012,775,795,775,775,51867500
14/08/2012,775,780,765,775,54355000
15/08/2012,795,795,770,795,106497500
16/08/2012,785,795,785,785,77180000
23/08/2012,785,800,785,785,101055000
24/08/2012,785,790,780,785,60440000
27/08/2012,790,790,785,790,19220000
28/08/2012,790,795,785,790,68060000
29/08/2012,770,795,750,770,98360000
30/08/2012,775,780,760,775,67380000
31/08/2012,775,790,765,775,72430000
03/09/2012,800,800,780,800,86807500
04/09/2012,810,810,795,810,74540000
05/09/2012,815,815,795,815,88652500
06/09/2012,840,840,810,840,75067500
07/09/2012,865,870,845,865,48747500
10/09/2012,865,865,830,865,199755000
11/09/2012,870,885,860,870,75735000
12/09/2012,870,885,865,870,58905000
13/09/2012,865,880,865,865,42920000
14/09/2012,875,880,870,875,50230000
17/09/2012,875,885,870,875,55737500
18/09/2012,860,880,855,860,42197500
19/09/2012,880,880,855,880,51927500
20/09/2012,870,900,855,870,50050000
21/09/2012,860,880,845,860,61187500
24/09/2012,850,860,850,850,29165000
25/09/2012,855,860,845,855,38907500
26/09/2012,855,855,840,855,44472500
27/09/2012,860,870,850,860,48342500
28/09/2012,940,940,870,940,75282500
01/10/2012,910,920,875,910,107795000
02/10/2012,915,930,910,915,51995000
03/10/2012,915,920,915,915,30827500
04/10/2012,940,960,915,940,50510000
05/10/2012,960,995,945,960,48042500
08/10/2012,950,980,910,950,37794500
09/10/2012,960,970,950,960,32860000
10/10/2012,980,990,940,980,63946500
11/10/2012,980,980,960,980,28477000
12/10/2012,970,980,960,970,24280000
15/10/2012,980,980,960,980,20082500
16/10/2012,970,980,960,970,16795000
17/10/2012,990,990,970,990,26101500
18/10/2012,980,1000,980,980,24247000
19/10/2012,1000,1000,980,1000,25261500
22/10/2012,1050,1050,980,1050,43289000
23/10/2012,1000,1050,990,1000,58574500
24/10/2012,990,1020,980,990,49537500
25/10/2012,1000,1000,980,1000,57634500
29/10/2012,990,1000,980,990,49095500
30/10/2012,980,1000,970,980,53619000
31/10/2012,970,990,960,970,65751500
01/11/2012,990,990,960,990,101869500
02/11/2012,990,1000,980,990,75780500
05/11/2012,970,990,970,970,29308000
06/11/2012,980,990,970,980,77526500
07/11/2012,980,1000,970,980,65631500
08/11/2012,970,990,970,970,80723500
09/11/2012,980,990,970,980,71856000
12/11/2012,980,1000,970,980,68976500
13/11/2012,980,990,970,980,75696500
14/11/2012,980,990,970,980,59077500
19/11/2012,980,990,970,980,72254500
20/11/2012,980,980,970,980,35979000
21/11/2012,990,990,970,990,69912500
22/11/2012,1020,1020,980,1020,67860000
23/11/2012,1010,1020,1000,1010,28653000
26/11/2012,1020,1030,1000,1020,81936500
27/11/2012,1010,1030,1010,1010,79909000
28/11/2012,1030,1030,1000,1030,66533500
29/11/2012,1020,1040,1010,1020,70016500
30/11/2012,1030,1040,1020,1030,61435000
03/12/2012,1010,1030,1000,1010,91134000
04/12/2012,1040,1040,1000,1040,87262500
05/12/2012,1040,1050,1020,1040,82187500
06/12/2012,1040,1050,1030,1040,43879000
07/12/2012,1040,1050,1030,1040,50499500
10/12/2012,1040,1050,1030,1040,70522500
11/12/2012,1110,1110,1050,1110,80943500
12/12/2012,1110,1130,1100,1110,81950000
13/12/2012,1130,1150,1100,1130,104663000
14/12/2012,1120,1140,1110,1120,57754000
17/12/2012,1070,1120,1050,1070,64478500
18/12/2012,1030,1090,1000,1030,94369500
19/12/2012,1020,1030,980,1020,92719000
20/12/2012,1010,1030,1010,1010,55999500
21/12/2012,1040,1060,1010,1040,107515500
26/12/2012,1030,1040,1010,1030,3
27/12/2012,1030,1040,1010,1030,87564000
28/12/2012,1060,1060,1020,1060,119191000
02/01/2013,1040,1060,1030,1040,34965000
03/01/2013,1070,1080,1030,1070,119066000
04/01/2013,1040,1070,1040,1040,67239000
07/01/2013,1030,1060,1030,1030,79939000
08/01/2013,1020,1040,1020,1020,44024000
09/01/2013,1030,1040,1020,1030,37453000
10/01/2013,1000,1030,1000,1000,86796500
11/01/2013,1000,1020,1000,1000,61096500
14/01/2013,1020,1020,1000,1020,55814000
15/01/2013,1010,1020,1000,1010,73579000
16/01/2013,1010,1020,1000,1010,77456500
17/01/2013,1000,1020,1000,1000,38686000
18/01/2013,1040,1040,1000,1040,151118500
21/01/2013,1040,1070,1030,1040,102864500
22/01/2013,1040,1040,1040,1040,0
23/01/2013,1060,1060,1040,1060,51904000
25/01/2013,1060,1070,1030,1060,123906500
28/01/2013,1060,1070,1050,1060,39939000
29/01/2013,1090,1090,1060,1090,80771500
30/01/2013,1120,1120,1080,1120,93782000
31/01/2013,1090,1130,1070,1090,59608000
01/02/2013,1090,1100,1070,1090,64111500
04/02/2013,1100,1110,1080,1100,49778500
05/02/2013,1130,1130,1090,1130,98621500
06/02/2013,1120,1130,1110,1120,44717000
07/02/2013,1120,1130,1110,1120,43372500
08/02/2013,1090,1130,1090,1090,58810500
11/02/2013,1090,1110,1090,1090,24854500
12/02/2013,1120,1130,1100,1120,69201000
13/02/2013,1140,1140,1120,1140,129471000
14/02/2013,1130,1150,1130,1130,41585000
15/02/2013,1130,1150,1130,1130,51140500
18/02/2013,1120,1140,1110,1120,110955500
19/02/2013,1110,1130,1100,1110,102539000
20/02/2013,1120,1140,1110,1120,139836000
21/02/2013,1150,1150,1120,1150,92754000
22/02/2013,1160,1160,1140,1160,3
25/02/2013,1210,1220,1160,1210,86185000
26/02/2013,1230,1270,1200,1230,101447500
27/02/2013,1270,1280,1240,1270,139029500
28/02/2013,1290,1300,1270,1290,86931500
01/03/2013,1260,1300,1260,1260,88942000
04/03/2013,1300,1320,1270,1300,142378500
05/03/2013,1280,1300,1280,1280,64861500
06/03/2013,1280,1300,1280,1280,66802500
07/03/2013,1320,1320,1290,1320,61315500
08/03/2013,1330,1380,1310,1330,85492500
11/03/2013,1290,1330,1280,1290,69253500
13/03/2013,1270,1280,1240,1270,101079500
14/03/2013,1270,1270,1220,1230,71963500
15/03/2013,1250,1260,1230,1230,147749500
18/03/2013,1240,1270,1230,1270,94037000
19/03/2013,1270,1270,1250,1260,49141000
20/03/2013,1260,1270,1230,1260,83996000
21/03/2013,1270,1270,1230,1240,48607500
22/03/2013,1230,1260,1190,1190,73696000
25/03/2013,1220,1250,1210,1240,101050000
26/03/2013,1230,1270,1220,1260,98748500
27/03/2013,1270,1290,1260,1290,86990000
28/03/2013,1290,1290,1240,1240,85776000
01/04/2013,1250,1280,1250,1250,61476500
02/04/2013,1250,1270,1250,1270,71031500
03/04/2013,1270,1270,1230,1250,3
04/04/2013,1240,1250,1220,1230,72106500
05/04/2013,1230,1240,1200,1230,94882000
08/04/2013,1230,1230,1200,1220,63177500
09/04/2013,1220,1230,1200,1210,42856000
10/04/2013,1230,1230,1210,1230,70721500
11/04/2013,1230,1240,1220,1230,46164000
12/04/2013,1240,1260,1230,1230,91720000
15/04/2013,1240,1260,1230,1260,61549500
16/04/2013,1250,1260,1230,1260,74086500
17/04/2013,1270,1280,1250,1260,73860000
18/04/2013,1250,1270,1250,1270,71392000
19/04/2013,1280,1320,1270,1320,213171500
22/04/2013,1320,1330,1310,1330,81075000
23/04/2013,1330,1330,1330,1330,0
24/04/2013,1330,1370,1320,1370,151914000
25/04/2013,1370,1380,1330,1360,92620500
26/04/2013,1350,1370,1340,1350,69365000
29/04/2013,1370,1380,1360,1380,43715500
30/04/2013,1380,1390,1360,1390,86436000
01/05/2013,1390,1390,1360,1360,23411000
02/05/2013,1360,1390,1340,1350,106697500
03/05/2013,1360,1360,1320,1330,44354000
06/05/2013,1340,1360,1340,1350,51443500
07/05/2013,1360,1420,1360,1400,105063500
08/05/2013,1410,1450,1410,1430,124973500
10/05/2013,1450,1460,1440,1450,52303000
13/05/2013,1460,1480,1450,1470,35031500
14/05/2013,1470,1470,1450,1460,88821000
15/05/2013,1470,1480,1460,1460,64301500
16/05/2013,1450,1490,1450,1470,109339000
17/05/2013,1470,1550,1470,1540,127455000
20/05/2013,1540,1550,1530,1540,109123500
21/05/2013,1530,1560,1480,1500,114019500
22/05/2013,1500,1530,1490,1510,80246000
23/05/2013,1510,1510,1420,1450,88814500
24/05/2013,1470,1490,1470,1480,34565500
27/05/2013,1520,1520,1450,1450,39322000
28/05/2013,1450,1490,1450,1480,31020000
29/05/2013,1490,1540,1490,1530,89951000
30/05/2013,1530,1540,1490,1500,101986500
31/05/2013,1510,1520,1450,1450,96152500
03/06/2013,1430,1450,1410,1430,48072500
04/06/2013,1420,1450,1390,1440,57405500
05/06/2013,1420,1420,1400,1410,41111000
07/06/2013,1410,1420,1360,1370,88667000
10/06/2013,1390,1390,1350,1350,42942500
11/06/2013,1350,1350,1260,1280,3
12/06/2013,1280,1310,1210,1310,65026500
13/06/2013,1280,1300,1230,1290,103225000
14/06/2013,1290,1350,1280,1320,74080500
17/06/2013,1330,1350,1310,1340,80588500
18/06/2013,1340,1360,1300,1300,118316000
19/06/2013,1330,1360,1320,1320,53516500
20/06/2013,1310,1310,1230,1230,3
21/06/2013,1160,1230,1130,1190,94252000
24/06/2013,1200,1220,1180,1200,44957000
25/06/2013,1160,1240,1160,1190,120671500
26/06/2013,1220,1350,1220,1320,3
27/06/2013,1340,1400,1340,1380,151039000
28/06/2013,1400,1440,1390,1440,98637000
01/07/2013,1440,1440,1370,1390,35938500
02/07/2013,1420,1440,1400,1440,55549000
03/07/2013,1430,1430,1370,1390,41287500
04/07/2013,1400,1410,1380,1380,37238500
05/07/2013,1400,1450,1390,1440,39430500
08/07/2013,1430,1440,1330,1330,46595000
09/07/2013,1370,1390,1310,1350,54016000
10/07/2013,1320,1390,1320,1390,64363000
11/07/2013,1390,1440,1380,1430,61199500
12/07/2013,1440,1450,1400,1450,63846000
15/07/2013,1440,1470,1410,1470,36280500
16/07/2013,1470,1480,1440,1450,37525500
17/07/2013,1450,1480,1440,1470,68390000
18/07/2013,1470,1500,1460,1500,78985500
19/07/2013,1500,1500,1470,1480,45130000
22/07/2013,1470,1490,1470,1470,46243000
23/07/2013,1470,1500,1470,1480,50201500
24/07/2013,1480,1490,1400,1420,67359000
25/07/2013,1420,1440,1350,1400,138559500
26/07/2013,1400,1410,1350,1360,65393000
29/07/2013,1380,1380,1300,1330,85499500
30/07/2013,1300,1400,1300,1400,100684500
31/07/2013,1410,1430,1390,1430,60372000
01/08/2013,1440,1460,1420,1450,63938000
02/08/2013,1460,1460,1410,1450,49812000
12/08/2013,1460,1490,1430,1470,117358500
13/08/2013,1460,1470,1450,1460,72865500
14/08/2013,1460,1510,1460,1500,111390500
15/08/2013,1490,1500,1460,1470,43830000
16/08/2013,1470,1470,1440,1440,51252500
19/08/2013,1410,1440,1350,1350,67006000
20/08/2013,1320,1340,1260,1300,111293500
21/08/2013,1330,1360,1320,1340,49993500
22/08/2013,1340,1340,1270,1300,80253500
23/08/2013,1310,1340,1300,1340,57853000
26/08/2013,1340,1340,1300,1300,35837000
27/08/2013,1280,1300,1210,1220,65450000
28/08/2013,1200,1250,1110,1200,129045000
29/08/2013,1220,1310,1220,1310,82811500
30/08/2013,1300,1350,1290,1350,99294500
02/09/2013,1340,1340,1290,1300,52819500
03/09/2013,1320,1370,1310,1320,98576500
04/09/2013,1300,1310,1250,1260,121789000
05/09/2013,1280,1300,1250,1290,109970496
06/09/2013,1260,1280,1250,1250,56574000
09/09/2013,1280,1310,1260,1310,88987500
10/09/2013,1320,1400,1320,1400,125566500
11/09/2013,1410,1420,1330,1350,67859500
12/09/2013,1360,1370,1310,1340,81247000
13/09/2013,1350,1360,1330,1350,53013500
16/09/2013,1350,1380,1350,1370,75521500
17/09/2013,1370,1380,1310,1340,50381000
18/09/2013,1320,1350,1320,1320,56005000
19/09/2013,1370,1440,1350,1350,130807000
20/09/2013,1360,1360,1330,1360,88473500
23/09/2013,1350,1360,1330,1360,66791500
24/09/2013,1360,1360,1310,1320,119238000
25/09/2013,1300,1320,1280,1300,70016000
26/09/2013,1300,1320,1290,1300,98500000
27/09/2013,1330,1330,1290,1300,62046000
30/09/2013,1300,1310,1180,1180,105070500
01/10/2013,1220,1290,1220,1270,79467500
02/10/2013,1300,1320,1290,1310,67757500
03/10/2013,1320,1320,1300,1310,50185500
04/10/2013,1310,1320,1300,1310,40776500
07/10/2013,1320,1350,1310,1340,73820000
08/10/2013,1330,1360,1320,1340,78290000
09/10/2013,1320,1360,1320,1340,89450000
10/10/2013,1360,1360,1320,1330,57151000
11/10/2013,1340,1350,1320,1340,87927000
16/10/2013,1350,1350,1300,1300,85601500
17/10/2013,1320,1340,1310,1320,71657000
18/10/2013,1320,1350,1320,1330,117945000
21/10/2013,1340,1370,1330,1370,66897000
22/10/2013,1360,1360,1330,1340,59533500
23/10/2013,1350,1370,1340,1350,97295000
24/10/2013,1340,1390,1340,1370,100808500
25/10/2013,1370,1380,1350,1360,35874500
28/10/2013,1380,1380,1350,1360,59701500
29/10/2013,1350,1360,1310,1330,96483000
30/10/2013,1330,1340,1320,1330,78415000
31/10/2013,1310,1330,1300,1300,78372000
01/11/2013,1290,1320,1270,1270,70871500
04/11/2013,1290,1310,1280,1300,68555000
06/11/2013,1300,1320,1290,1310,73232500
07/11/2013,1310,1370,1300,1340,119497500
08/11/2013,1320,1350,1310,1330,100502000
11/11/2013,1330,1350,1300,1300,88276000
12/11/2013,1300,1310,1290,1290,52147000
13/11/2013,1300,1300,1270,1280,66078500
14/11/2013,1290,1320,1280,1300,39015500
15/11/2013,1310,1310,1270,1280,69205000
18/11/2013,1300,1310,1280,1300,30625500
19/11/2013,1280,1300,1280,1290,34810000
20/11/2013,1310,1310,1280,1280,31571000
21/11/2013,1290,1290,1240,1260,71881000
22/11/2013,1280,1290,1260,1280,35275500
25/11/2013,1290,1300,1250,1250,27629500
26/11/2013,1260,1270,1240,1260,64063000
27/11/2013,1260,1260,1220,1230,45309500
28/11/2013,1240,1240,1200,1220,40760000
29/11/2013,1220,1230,1200,1220,28985500
02/12/2013,1240,1260,1220,1240,73590500
03/12/2013,1240,1250,1220,1220,28724000
04/12/2013,1220,1250,1220,1220,57758500
05/12/2013,1240,1240,1210,1220,45004000
06/12/2013,1220,1220,1170,1180,102035500
09/12/2013,1200,1200,1160,1180,59422000
10/12/2013,1190,1230,1180,1230,89716000
11/12/2013,1240,1250,1210,1220,72413500
12/12/2013,1220,1220,1200,1200,49538000
13/12/2013,1210,1220,1190,1190,47824500
16/12/2013,1190,1210,1160,1200,55327000
17/12/2013,1210,1240,1200,1200,80432500
18/12/2013,1220,1240,1200,1210,52635000
19/12/2013,1220,1250,1220,1250,68549000
20/12/2013,1250,1250,1200,1200,38789500
23/12/2013,1200,1220,1180,1200,55388000
24/12/2013,1200,1230,1200,1220,19998500
27/12/2013,1230,1250,1220,1240,19654500
30/12/2013,1250,1250,1220,1250,55130000
02/01/2014,1260,1320,1260,1320,60703000
03/01/2014,1320,1330,1290,1320,70481500
06/01/2014,1320,1320,1295,1310,52434900
07/01/2014,1310,1310,1285,1285,90904000
08/01/2014,1295,1320,1295,1300,74119900
09/01/2014,1300,1340,1290,1330,68301200
10/01/2014,1325,1390,1325,1370,77017300
13/01/2014,1390,1440,1390,1430,155335300
15/01/2014,1430,1455,1405,1430,121177700
16/01/2014,1410,1420,1395,1400,55206400
17/01/2014,1400,1405,1390,1390,42055100
20/01/2014,1395,1415,1395,1405,50255000
21/01/2014,1400,1415,1400,1410,74308700
22/01/2014,1405,1415,1405,1415,59501600
23/01/2014,1405,1425,1405,1410,42622900
24/01/2014,1410,1420,1400,1410,44321500
27/01/2014,1390,1395,1310,1355,60582300
28/01/2014,1360,1410,1355,1405,62205900
29/01/2014,1425,1425,1405,1420,85964800
30/01/2014,1395,1410,1395,1405,38329400
03/02/2014,1405,1405,1375,1385,43227900
04/02/2014,1410,1415,1360,1410,65030400
05/02/2014,1420,1425,1405,1410,48172600
06/02/2014,1410,1420,1400,1420,45504500
07/02/2014,1425,1425,1405,1415,42376400
10/02/2014,1425,1430,1395,1400,80097900
11/02/2014,1420,1420,1400,1400,44154200
12/02/2014,1415,1420,1405,1410,52326900
13/02/2014,1410,1420,1390,1390,64907200
14/02/2014,1400,1400,1390,1395,29641200
17/02/2014,1405,1420,1395,1405,92159700
18/02/2014,1420,1420,1390,1395,78507100
19/02/2014,1410,1430,1400,1420,98338000
20/02/2014,1420,1440,1420,1440,64704500
21/02/2014,1445,1470,1445,1470,82336800
24/02/2014,1480,1480,1450,1460,34501000
25/02/2014,1450,1475,1430,1435,23301700
26/02/2014,1430,1440,1395,1400,64955600
27/02/2014,1400,1415,1395,1400,61992300
28/02/2014,1405,1450,1400,1450,55523000
03/03/2014,1430,1430,1410,1430,31636100
04/03/2014,1430,1430,1415,1430,57131000
05/03/2014,1440,1440,1425,1430,29295700
06/03/2014,1430,1430,1405,1420,46832400
07/03/2014,1420,1430,1415,1425,32015500
10/03/2014,1415,1420,1410,1415,23179200
11/03/2014,1410,1420,1400,1420,59095500
12/03/2014,1410,1435,1405,1415,52543200
13/03/2014,1415,1455,1415,1445,106096000
14/03/2014,1435,1475,1415,1475,130751200
17/03/2014,1470,1495,1445,1490,142054096
18/03/2014,1490,1495,1445,1460,56993400
19/03/2014,1470,1475,1420,1420,69405800
20/03/2014,1415,1430,1410,1415,42116200
21/03/2014,1425,1465,1420,1425,104152900
24/03/2014,1440,1465,1440,1450,51927500
25/03/2014,1425,1455,1420,1445,29924300
26/03/2014,1455,1475,1455,1465,50212700
27/03/2014,1455,1480,1455,1475,73103400
28/03/2014,1475,1475,1440,1465,88255400
01/04/2014,1480,1505,1475,1505,107268500
02/04/2014,1505,1505,1490,1495,32012500
03/04/2014,1485,1510,1485,1505,46009300
04/04/2014,1505,1515,1500,1500,54224200
07/04/2014,1495,1530,1490,1525,66793700
08/04/2014,1530,1530,1495,1510,72955700
09/04/2014,1510,1510,1510,1510,0
10/04/2014,1485,1510,1455,1510,104592800
11/04/2014,1500,1510,1475,1510,59774600
14/04/2014,1510,1525,1500,1520,55249700
15/04/2014,1520,1535,1515,1515,89254100
16/04/2014,1525,1540,1520,1535,62584500
17/04/2014,1550,1550,1530,1545,49387800
21/04/2014,1545,1545,1510,1515,25649000
22/04/2014,1525,1545,1520,1540,58260900
23/04/2014,1550,1550,1540,1550,34446100
24/04/2014,1540,1550,1520,1540,33723100
25/04/2014,1545,1550,1535,1545,33733000
28/04/2014,1550,1550,1520,1530,39235700
29/04/2014,1530,1535,1510,1525,37973500
30/04/2014,1530,1545,1510,1545,66244200
02/05/2014,1535,1580,1535,1560,75788700
05/05/2014,1570,1570,1550,1560,13780400
06/05/2014,1565,1565,1550,1555,27166700
07/05/2014,1550,1555,1535,1545,31613900
08/05/2014,1575,1580,1540,1550,27026800
09/05/2014,1565,1570,1550,1560,24944700
12/05/2014,1580,1580,1560,1570,20623000
13/05/2014,1585,1585,1550,1550,17181700
14/05/2014,1575,1605,1565,1605,59456200
16/05/2014,1590,1610,1550,1610,52103800
19/05/2014,1630,1640,1605,1630,63062500
20/05/2014,1650,1660,1615,1650,59755900
21/05/2014,1610,1650,1600,1610,34095300
22/05/2014,1615,1630,1605,1615,35443100
23/05/2014,1630,1630,1615,1630,23009500
26/05/2014,1630,1645,1625,1630,25104300
28/05/2014,1615,1625,1610,1615,25206800
30/05/2014,1540,1625,1540,1540,164575800
02/06/2014,1595,1595,1560,1595,37141700
03/06/2014,1580,1615,1570,1580,61864400
04/06/2014,1585,1605,1580,1585,33327900
05/06/2014,1595,1595,1580,1585,19784900
06/06/2014,1605,1625,1590,1605,31509100
09/06/2014,1605,1625,1585,1605,32878600
10/06/2014,1670,1670,1605,1670,46402500
11/06/2014,1670,1670,1650,1670,48445200
12/06/2014,1630,1660,1620,1630,30222800
13/06/2014,1610,1630,1605,1610,23941700
16/06/2014,1600,1635,1600,1600,23402700
17/06/2014,1645,1645,1600,1645,33498400
18/06/2014,1635,1645,1615,1635,27058300
19/06/2014,1600,1640,1600,1600,32098500
20/06/2014,1620,1635,1600,1620,27618200
23/06/2014,1645,1650,1625,1645,21027900
24/06/2014,1660,1665,1645,1660,43364400
25/06/2014,1660,1660,1630,1660,23771100
26/06/2014,1670,1670,1640,1670,22400900
27/06/2014,1660,1670,1640,1660,22631400
30/06/2014,1660,1665,1645,1660,36964300
01/07/2014,1685,1690,1640,1685,50647900
02/07/2014,1695,1705,1680,1695,69666700
03/07/2014,1695,1700,1685,1695,32628700
04/07/2014,1685,1700,1685,1685,59698600
07/07/2014,1695,1700,1680,1695,54468600
08/07/2014,1715,1715,1700,1715,57462500
09/07/2014,1715,1715,1715,1715,0
10/07/2014,1745,1785,1730,1745,131627000
11/07/2014,1735,1760,1720,1735,54144100
14/07/2014,1700,1755,1680,1700,81621300
15/07/2014,1725,1730,1695,1725,38209600
16/07/2014,1790,1800,1740,1790,100341000
17/07/2014,1735,1800,1725,1735,56172200
18/07/2014,1720,1730,1710,1720,79102500
21/07/2014,1745,1755,1720,1745,54775900
22/07/2014,1740,1760,1710,1740,59843300
23/07/2014,1760,1775,1745,1760,38258900
24/07/2014,1750,1765,1735,1750,36229900
25/07/2014,1730,1750,1710,1730,71385200
04/08/2014,1655,1700,1630,1655,224305100
05/08/2014,1635,1670,1625,1635,158723900
06/08/2014,1595,1625,1590,1595,208256900
07/08/2014,1630,1635,1580,1630,167813200
08/08/2014,1630,1635,1615,1630,105502500
11/08/2014,1640,1650,1635,1640,69999400
12/08/2014,1640,1655,1635,1640,64061100
13/08/2014,1630,1650,1615,1630,74609200
14/08/2014,1630,1640,1620,1630,47963900
15/08/2014,1615,1630,1615,1615,41121300
18/08/2014,1630,1630,1610,1630,39680800
19/08/2014,1640,1650,1630,1640,57586400
20/08/2014,1680,1680,1640,1680,75614500
21/08/2014,1685,1690,1660,1685,59279800
22/08/2014,1690,1700,1675,1690,44281900
25/08/2014,1675,1685,1660,1675,35193600
26/08/2014,1665,1675,1650,1665,47183700
27/08/2014,1665,1675,1650,1665,46944200
28/08/2014,1680,1685,1660,1680,28893900
29/08/2014,1660,1680,1660,1660,39453200
01/09/2014,1680,1680,1660,1680,23572400
02/09/2014,1675,1690,1665,1675,18344500
03/09/2014,1685,1685,1660,1685,34303500
04/09/2014,1680,1685,1670,1680,44548300
05/09/2014,1680,1690,1675,1680,23023400
08/09/2014,1690,1700,1680,1690,56856600
09/09/2014,1675,1710,1670,1675,24165700
10/09/2014,1660,1680,1640,1660,43013200
11/09/2014,1660,1680,1660,1660,30033300
12/09/2014,1665,1690,1660,1665,34886800
15/09/2014,1670,1670,1655,1670,22823300
16/09/2014,1655,1680,1655,1655,33492700
17/09/2014,1670,1680,1660,1670,34367100
18/09/2014,1670,1680,1665,1670,31315600
19/09/2014,1675,1695,1655,1675,79904400
22/09/2014,1690,1690,1670,1690,17147100
23/09/2014,1700,1705,1670,1700,49686100
24/09/2014,1675,1700,1675,1675,21489900
25/09/2014,1700,1700,1685,1700,66413300
26/09/2014,1695,1705,1670,1695,33519400
29/09/2014,1695,1695,1670,1695,41163900
30/09/2014,1700,1700,1660,1700,63967300
01/10/2014,1675,1690,1670,1675,48456600
02/10/2014,1660,1670,1650,1660,68958500
03/10/2014,1670,1675,1660,1670,40007800
06/10/2014,1665,1670,1655,1665,27594100
07/10/2014,1660,1690,1655,1660,28177700
08/10/2014,1655,1670,1650,1655,35870700
09/10/2014,1655,1670,1650,1655,27686200
10/10/2014,1640,1660,1640,1640,33879900
13/10/2014,1615,1630,1615,1615,45016300
14/10/2014,1605,1625,1605,1605,42220000
15/10/2014,1605,1625,1595,1605,42009300
16/10/2014,1670,1675,1600,1670,63875800
17/10/2014,1690,1695,1655,1690,77627800
20/10/2014,1685,1710,1685,1685,70590400
21/10/2014,1700,1710,1675,1700,40997400
22/10/2014,1685,1710,1670,1685,24751900
23/10/2014,1700,1705,1670,1700,35215800
24/10/2014,1700,1700,1685,1700,20135900
27/10/2014,1660,1705,1650,1660,24974600
28/10/2014,1680,1680,1665,1680,23589900
29/10/2014,1705,1705,1675,1705,40069200
30/10/2014,1710,1710,1685,1710,23455300
31/10/2014,1705,1715,1685,1705,43751600
03/11/2014,1685,1705,1680,1685,17504500
04/11/2014,1705,1705,1685,1705,53900500
05/11/2014,1680,1700,1670,1680,32243900
06/11/2014,1685,1700,1675,1685,31111600
07/11/2014,1655,1700,1655,1655,60642700
10/11/2014,1650,1680,1650,1650,34433100
11/11/2014,1690,1700,1655,1690,62050100
12/11/2014,1685,1695,1680,1685,19650300
13/11/2014,1685,1685,1670,1685,28009600
14/11/2014,1695,1695,1675,1695,19632300
17/11/2014,1695,1735,1690,1725,67166200
18/11/2014,1740,1750,1720,1740,41928400
19/11/2014,1780,1780,1750,1780,48908000
20/11/2014,1760,1795,1745,1760,26356600
21/11/2014,1750,1770,1735,1750,18109800
24/11/2014,1780,1780,1760,1780,17019900
25/11/2014,1770,1785,1755,1770,24483800
26/11/2014,1755,1775,1750,1755,21899700
27/11/2014,1740,1765,1740,1740,20327600
28/11/2014,1750,1760,1735,1750,22214700
01/12/2014,1750,1765,1745,1765,25608000
02/12/2014,1770,1800,1765,1795,37208600
03/12/2014,1800,1835,1795,1830,37468400
04/12/2014,1830,1830,1800,1800,31958000
05/12/2014,1800,1810,1775,1780,23026000
08/12/2014,1790,1800,1715,1725,46346300
09/12/2014,1715,1755,1715,1725,37745800
10/12/2014,1740,1770,1735,1770,42088800
11/12/2014,1765,1795,1750,1770,33807100
12/12/2014,1770,1800,1770,1775,35168300
15/12/2014,1765,1800,1760,1800,37954400
16/12/2014,1775,1780,1735,1740,72531300
17/12/2014,1740,1750,1725,1725,60453400
18/12/2014,1740,1775,1735,1775,36499000
19/12/2014,1785,1800,1760,1800,42321500
22/12/2014,1800,1830,1800,1825,32419500
23/12/2014,1825,1830,1805,1820,19436500
24/12/2014,1820,1830,1810,1830,13600700
29/12/2014,1810,1835,1810,1830,28946300
30/12/2014,1830,1835,1805,1830,62379000
02/01/2015,1820,1830,1805,1810,25306500
05/01/2015,1805,1830,1805,1810,45731500
06/01/2015,1810,1820,1800,1810,28367600
07/01/2015,1820,1825,1810,1825,17610500
08/01/2015,1825,1835,1805,1805,21332400
09/01/2015,1830,1830,1790,1790,43357100
12/01/2015,1790,1805,1785,1785,25320500
13/01/2015,1805,1815,1800,1810,39295800
14/01/2015,1810,1810,1785,1785,27592400
15/01/2015,1780,1795,1775,1780,44542400
16/01/2015,1790,1800,1780,1785,14276500
19/01/2015,1785,1820,1785,1790,19000600
20/01/2015,1790,1800,1775,1800,30592200
21/01/2015,1805,1815,1795,1810,44677000
22/01/2015,1815,1850,1815,1840,61652300
23/01/2015,1850,1880,1845,1880,101458800
26/01/2015,1875,1875,1835,1850,37082200
27/01/2015,1805,1855,1805,1855,24563500
28/01/2015,1850,1875,1845,1860,22901500
29/01/2015,1860,1860,1825,1845,26002900
30/01/2015,1870,1870,1855,1865,51461600
02/02/2015,1870,1870,1820,1835,18395400
03/02/2015,1835,1855,1825,1825,31795800
04/02/2015,1835,1845,1825,1835,43307100
05/02/2015,1825,1835,1805,1825,59419000
06/02/2015,1840,1850,1820,1835,29840300
09/02/2015,1840,1850,1835,1835,20085500
10/02/2015,1835,1850,1835,1840,32949400
11/02/2015,1855,1860,1840,1855,31763400
12/02/2015,1860,1860,1840,1850,28352200
13/02/2015,1855,1870,1850,1870,39341100
16/02/2015,1865,1865,1780,1800,109323000
17/02/2015,1800,1820,1800,1810,29457600
18/02/2015,1810,1820,1800,1805,64044200
20/02/2015,1800,1805,1785,1790,41813900
23/02/2015,1790,1825,1790,1795,53832800
24/02/2015,1795,1815,1790,1815,44819100
25/02/2015,1820,1835,1810,1820,32699900
26/02/2015,1805,1825,1805,1815,25323600
27/02/2015,1820,1820,1800,1805,58609500
02/03/2015,1805,1830,1800,1830,44531200
03/03/2015,1830,1835,1820,1825,30603300
04/03/2015,1830,1840,1820,1835,29564300
05/03/2015,1805,1840,1805,1805,27030400
06/03/2015,1820,1845,1810,1845,29685800
09/03/2015,1830,1830,1800,1815,41664000
10/03/2015,1805,1820,1795,1800,47992200
11/03/2015,1795,1805,1785,1785,87221100
12/03/2015,1775,1800,1775,1790,41393900
13/03/2015,1800,1825,1790,1800,45502900
16/03/2015,1795,1805,1790,1790,26961900
17/03/2015,1795,1800,1790,1795,63158800
18/03/2015,1790,1805,1785,1785,46010800
19/03/2015,1790,1825,1790,1825,49222000
20/03/2015,1805,1830,1795,1810,73679800
23/03/2015,1815,1830,1815,1825,37624200
24/03/2015,1825,1840,1810,1840,59901200
25/03/2015,1840,1840,1805,1805,25398600
26/03/2015,1810,1845,1805,1835,59296200
27/03/2015,1810,1840,1810,1840,24441700
30/03/2015,1840,1855,1815,1845,78843800
31/03/2015,1855,1865,1835,1865,89461900
01/04/2015,1865,1865,1850,1865,28883100
02/04/2015,1870,1870,1835,1865,30627700
06/04/2015,1865,1870,1850,1860,18622500
07/04/2015,1870,1870,1855,1860,19979800
08/04/2015,1865,1865,1830,1845,31369500
09/04/2015,1850,1850,1820,1820,42613800
10/04/2015,1840,1850,1825,1850,51658000
13/04/2015,1845,1850,1825,1845,28761700
14/04/2015,1835,1850,1830,1850,26926500
15/04/2015,1845,1850,1825,1850,33995200
16/04/2015,1835,1870,1835,1870,52263000
17/04/2015,1850,1870,1845,1860,27592600
20/04/2015,1855,1875,1840,1875,23709700
21/04/2015,1875,1890,1860,1890,36196300
22/04/2015,1895,1910,1890,1900,36713300
23/04/2015,1900,1915,1890,1890,63413400
24/04/2015,1885,1905,1880,1905,24272600
27/04/2015,1905,1905,1815,1850,40098500
28/04/2015,1830,1875,1815,1875,37776300
29/04/2015,1835,1850,1785,1785,91794600
30/04/2015,1810,1820,1750,1795,59593900
04/05/2015,1820,1835,1785,1825,47013600
05/05/2015,1840,1870,1810,1825,50649800
06/05/2015,1810,1830,1795,1820,29416000
07/05/2015,1820,1850,1810,1820,43656000
08/05/2015,1835,1860,1825,1845,26678400
11/05/2015,1860,1860,1840,1850,18345600
12/05/2015,1830,1845,1795,1795,54468700
13/05/2015,1795,1810,1780,1780,33574400
15/05/2015,1805,1810,1790,1795,35772600
18/05/2015,1800,1810,1790,1805,50539700
19/05/2015,1790,1800,1740,1760,117616600
20/05/2015,1775,1810,1775,1800,81791100
21/05/2015,1815,1830,1810,1830,62265100
22/05/2015,1840,1845,1830,1840,49622700
25/05/2015,1840,1845,1820,1830,11659600
26/05/2015,1815,1835,1815,1830,34391800
27/05/2015,1810,1830,1740,1740,39187100
28/05/2015,1770,1790,1730,1755,93121900
29/05/2015,1760,1840,1740,1840,173924300
01/06/2015,1810,1825,1765,1790,33383300
03/06/2015,1800,1815,1760,1760,31767200
04/06/2015,1785,1785,1765,1765,16269100
05/06/2015,1760,1765,1735,1740,29460100
08/06/2015,1750,1770,1690,1700,28845600
09/06/2015,1680,1680,1590,1645,53959500
10/06/2015,1650,1690,1640,1680,64491800
11/06/2015,1695,1700,1675,1685,21957800
12/06/2015,1690,1690,1660,1690,17369300
15/06/2015,1690,1690,1600,1600,16792900
16/06/2015,1600,1660,1600,1620,22319600
17/06/2015,1650,1680,1640,1670,34708500
18/06/2015,1670,1700,1670,1695,24669700
19/06/2015,1710,1710,1655,1655,31694000
22/06/2015,1675,1675,1645,1645,19062800
23/06/2015,1660,1670,1640,1640,23296700
24/06/2015,1660,1695,1645,1695,24115500
25/06/2015,1685,1690,1650,1650,28288800
26/06/2015,1650,1690,1645,1685,42959000
29/06/2015,1690,1745,1680,1710,40961000
30/06/2015,1700,1725,1675,1675,43921100
01/07/2015,1690,1690,1645,1650,29166600
02/07/2015,1650,1670,1645,1650,22444200
03/07/2015,1665,1690,1650,1685,22167400
06/07/2015,1675,1680,1645,1650,16638800
07/07/2015,1665,1665,1645,1650,17930900
08/07/2015,1640,1660,1640,1655,32909900
09/07/2015,1630,1665,1630,1635,19437700
10/07/2015,1670,1670,1640,1640,28528600
13/07/2015,1650,1670,1630,1665,29767900
14/07/2015,1660,1720,1650,1695,37448000
15/07/2015,1695,1700,1650,1695,24784400
22/07/2015,1695,1700,1655,1700,35457500
23/07/2015,1695,1705,1680,1705,23208000
24/07/2015,1705,1705,1665,1670,22967400
27/07/2015,1670,1685,1650,1660,23159300
28/07/2015,1650,1675,1650,1655,27854700
29/07/2015,1655,1705,1655,1700,42396900
30/07/2015,1690,1715,1690,1715,18652000
31/07/2015,1715,1745,1710,1745,40020600
03/08/2015,1730,1735,1690,1710,34580800
04/08/2015,1680,1680,1660,1680,39682600
05/08/2015,1665,1675,1660,1675,42792800
06/08/2015,1680,1690,1660,1660,41829900
07/08/2015,1660,1670,1660,1660,28850700
10/08/2015,1660,1665,1615,1650,49815100
11/08/2015,1670,1670,1550,1550,59794500
12/08/2015,1500,1500,1405,1455,147060500
13/08/2015,1460,1545,1460,1545,114045800
14/08/2015,1545,1575,1515,1560,23461700
18/08/2015,1560,1615,1560,1610,34660900
19/08/2015,1590,1590,1570,1580,16564100
20/08/2015,1565,1575,1535,1535,20816100
21/08/2015,1525,1550,1510,1510,35947900
24/08/2015,1450,1550,1450,1510,44433200
25/08/2015,1550,1600,1520,1565,45460100
26/08/2015,1540,1570,1520,1540,17943600
27/08/2015,1570,1660,1570,1655,53787300
28/08/2015,1670,1695,1645,1690,42166100
31/08/2015,1690,1700,1645,1675,43679900
01/09/2015,1660,1680,1620,1680,17485900
02/09/2015,1650,1680,1630,1660,16640300
03/09/2015,1660,1685,1660,1680,8463900
04/09/2015,1660,1700,1650,1675,17732800
07/09/2015,1630,1650,1585,1595,31875300
08/09/2015,1550,1560,1510,1540,63013300
09/09/2015,1540,1565,1515,1530,49839000
10/09/2015,1515,1560,1510,1555,44050200
11/09/2015,1550,1570,1530,1550,22674700
14/09/2015,1550,1560,1535,1545,21029800
15/09/2015,1545,1550,1535,1535,19831200
16/09/2015,1540,1550,1510,1510,27442100
17/09/2015,1525,1580,1510,1575,36170100
18/09/2015,1575,1580,1530,1530,51114100
21/09/2015,1510,1540,1510,1530,20433000
22/09/2015,1525,1535,1520,1520,17036500
23/09/2015,1510,1510,1440,1440,43401500
25/09/2015,1460,1465,1365,1370,55481300
28/09/2015,1360,1360,1290,1315,57815600
29/09/2015,1290,1395,1250,1395,52822500
30/09/2015,1405,1410,1355,1375,67389700
01/10/2015,1370,1405,1370,1380,31381400
02/10/2015,1380,1380,1345,1345,39132200
05/10/2015,1360,1450,1360,1440,78702000
06/10/2015,1480,1575,1480,1575,90149700
07/10/2015,1580,1610,1525,1600,80769500
08/10/2015,1590,1590,1500,1500,36085100
09/10/2015,1550,1565,1525,1545,65915400
12/10/2015,1515,1540,1505,1520,32889000
13/10/2015,1510,1515,1450,1460,60700900
15/10/2015,1480,1500,1465,1470,46837100
16/10/2015,1470,1480,1425,1445,62801800
19/10/2015,1435,1460,1430,1450,47558300
20/10/2015,1440,1490,1435,1455,79547000
21/10/2015,1460,1475,1435,1435,65568900
22/10/2015,1430,1430,1400,1415,65397800
23/10/2015,1450,1465,1420,1460,78478100
26/10/2015,1475,1485,1455,1465,42954200
27/10/2015,1460,1465,1440,1455,39325500
28/10/2015,1450,1465,1440,1465,31490300
29/10/2015,1470,1475,1420,1435,53610700
30/10/2015,1430,1465,1425,1430,39931400
02/11/2015,1420,1430,1370,1390,55582900
03/11/2015,1415,1435,1395,1410,53488800
04/11/2015,1430,1455,1420,1450,36311700
05/11/2015,1445,1445,1415,1425,24239300
06/11/2015,1435,1440,1390,1405,28807600
09/11/2015,1405,1440,1380,1440,28569700
10/11/2015,1400,1420,1370,1370,48530500
11/11/2015,1370,1375,1305,1340,50511000
12/11/2015,1350,1375,1350,1350,49878700
13/11/2015,1350,1370,1350,1355,27529500
16/11/2015,1355,1365,1330,1350,37937400
17/11/2015,1365,1375,1350,1350,31757600
18/11/2015,1350,1365,1340,1350,26431600
19/11/2015,1365,1365,1340,1345,37115200
20/11/2015,1355,1370,1350,1360,30697100
23/11/2015,1365,1370,1315,1320,60466600
24/11/2015,1320,1335,1315,1320,33972600
25/11/2015,1325,1370,1320,1350,56076300
26/11/2015,1355,1400,1350,1385,64714600
27/11/2015,1395,1400,1360,1360,37626900
30/11/2015,1360,1395,1335,1335,173952200
01/12/2015,1365,1390,1350,1390,43013000
02/12/2015,1385,1390,1360,1360,34926000
03/12/2015,1355,1360,1345,1350,25835800
04/12/2015,1345,1345,1300,1310,51070700
07/12/2015,1330,1330,1275,1280,46861900
08/12/2015,1265,1320,1235,1245,64547200
09/12/2015,1245,1245,1245,1245,0
10/12/2015,1255,1255,1135,1185,173525500
11/12/2015,1200,1240,1200,1225,107764200
14/12/2015,1215,1250,1210,1245,53604600
15/12/2015,1240,1260,1230,1235,47692600
16/12/2015,1245,1265,1235,1240,30078100
17/12/2015,1270,1300,1250,1300,40772600
18/12/2015,1290,1315,1275,1290,50665700
21/12/2015,1275,1295,1275,1275,28575400
22/12/2015,1275,1280,1255,1275,50771100
23/12/2015,1275,1275,1225,1245,43454100
28/12/2015,1245,1275,1245,1255,45953400
29/12/2015,1245,1295,1240,1295,29713100
30/12/2015,1285,1325,1285,1320,45584500
04/01/2016,1325,1330,1275,1280,35712200
05/01/2016,1280,1320,1275,1275,42205300
06/01/2016,1300,1395,1280,1375,93458000
07/01/2016,1345,1375,1325,1325,41350200
08/01/2016,1350,1415,1325,1410,75157500
11/01/2016,1395,1405,1375,1385,50965300
12/01/2016,1400,1440,1395,1430,49912600
13/01/2016,1450,1500,1450,1480,118775500
14/01/2016,1460,1505,1450,1465,79739600
15/01/2016,1475,1485,1440,1440,23595900
18/01/2016,1415,1435,1355,1360,68180000
19/01/2016,1375,1375,1345,1365,42986900
20/01/2016,1365,1365,1335,1340,45797800
21/01/2016,1350,1355,1310,1330,43323100
22/01/2016,1350,1360,1340,1355,55192200
25/01/2016,1365,1375,1350,1355,40668600
26/01/2016,1355,1370,1340,1370,36409500
27/01/2016,1375,1380,1350,1370,54637800
28/01/2016,1370,1375,1345,1360,43635400
29/01/2016,1370,1370,1320,1335,102751700
01/02/2016,1350,1355,1335,1345,42982500
02/02/2016,1340,1350,1310,1310,67790100
03/02/2016,1300,1310,1290,1290,59691200
04/02/2016,1310,1335,1305,1330,47656800
05/02/2016,1330,1370,1330,1355,80382500
09/02/2016,1345,1350,1320,1330,28774500
10/02/2016,1350,1350,1315,1325,56016200
11/02/2016,1320,1335,1315,1320,83198500
12/02/2016,1330,1350,1310,1310,41673100
15/02/2016,1315,1335,1300,1310,48039500
16/02/2016,1315,1320,1290,1300,47426400
17/02/2016,1300,1305,1275,1275,77345500
18/02/2016,1285,1300,1280,1290,47111200
19/02/2016,1300,1300,1250,1265,59878800
22/02/2016,1270,1280,1260,1270,30257800
23/02/2016,1285,1320,1270,1310,72438500
24/02/2016,1310,1310,1290,1310,19990900
25/02/2016,1305,1305,1270,1270,29461800
26/02/2016,1275,1285,1265,1275,34841400
29/02/2016,1290,1320,1275,1300,100001900
01/03/2016,1305,1325,1300,1305,66784500
02/03/2016,1315,1325,1310,1320,82675100
03/03/2016,1330,1330,1315,1320,58551600
04/03/2016,1320,1325,1305,1320,36351600
07/03/2016,1325,1330,1315,1325,52737800
08/03/2016,1325,1350,1320,1340,96887800
10/03/2016,1345,1355,1300,1315,89987600
11/03/2016,1315,1315,1315,1315,0
14/03/2016,1315,1315,1315,1315,0
15/03/2016,1305,1305,1290,1305,41835300
16/03/2016,1305,1305,1275,1275,77730700
17/03/2016,1280,1310,1275,1310,83047800
18/03/2016,1315,1330,1290,1290,85705600
21/03/2016,1290,1310,1280,1300,42712200
22/03/2016,1305,1310,1290,1300,34733700
23/03/2016,1305,1305,1290,1300,21273400
24/03/2016,1290,1300,1285,1295,38355200
28/03/2016,1285,1295,1270,1280,30713000
29/03/2016,1280,1290,1275,1290,36767500
30/03/2016,1300,1415,1300,1410,364020500
31/03/2016,1425,1465,1425,1445,212191700
01/04/2016,1450,1470,1415,1450,99995000
04/04/2016,1450,1450,1415,1430,41399100
05/04/2016,1425,1435,1405,1405,50047600
06/04/2016,1400,1425,1400,1415,32896500
07/04/2016,1425,1460,1425,1445,117209500
08/04/2016,1440,1440,1415,1440,47090200
11/04/2016,1440,1440,1440,1440,0
12/04/2016,1430,1430,1410,1425,32788800
13/04/2016,1425,1425,1425,1425,0
14/04/2016,1425,1425,1425,1425,0
15/04/2016,1425,1425,1425,1425,0
18/04/2016,1425,1425,1425,1425,0
19/04/2016,1425,1425,1425,1425,0
20/04/2016,1415,1415,1395,1400,37126000
21/04/2016,1400,1410,1390,1410,46886100
22/04/2016,1410,1410,1390,1390,24187600
25/04/2016,1395,1405,1390,1390,41004600
26/04/2016,1380,1385,1320,1340,58890000
27/04/2016,1350,1350,1330,1345,22141400
28/04/2016,1355,1360,1325,1350,23322400
29/04/2016,1340,1375,1325,1375,44375900
02/05/2016,1375,1375,1335,1340,27497600
03/05/2016,1345,1350,1335,1345,43127700
04/05/2016,1335,1345,1330,1340,34228800
09/05/2016,1350,1350,1305,1305,44751700
10/05/2016,1300,1315,1300,1315,51170000
11/05/2016,1310,1335,1305,1310,40503200
12/05/2016,1310,1330,1305,1315,31463200
13/05/2016,1315,1320,1300,1320,34053700
16/05/2016,1310,1315,1300,1300,38571300
17/05/2016,1300,1310,1295,1300,20142300
18/05/2016,1300,1340,1295,1340,66179800
19/05/2016,1350,1415,1340,1400,122483000
20/05/2016,1400,1420,1395,1400,59294200
23/05/2016,1400,1410,1390,1400,40625100
24/05/2016,1390,1420,1380,1405,50705400
25/05/2016,1400,1420,1375,1395,42369000
26/05/2016,1410,1415,1400,1400,47316500
27/05/2016,1410,1410,1385,1400,33188100
30/05/2016,1405,1420,1400,1415,37371300
31/05/2016,1415,1430,1400,1430,90336700
01/06/2016,1430,1470,1425,1455,63394400
02/06/2016,1455,1470,1450,1455,55477800
03/06/2016,1470,1470,1420,1435,39180500
06/06/2016,1455,1460,1425,1460,54287000
07/06/2016,1460,1465,1450,1465,34822500
08/06/2016,1465,1465,1430,1450,20123200
09/06/2016,1425,1465,1425,1430,27133000
10/06/2016,1430,1450,1415,1420,19506500
13/06/2016,1410,1435,1395,1400,24532500
14/06/2016,1400,1410,1390,1400,17508800
15/06/2016,1390,1430,1390,1425,26008500
16/06/2016,1425,1425,1400,1410,31658600
17/06/2016,1415,1425,1400,1425,29512200
20/06/2016,1425,1425,1405,1425,20721300
21/06/2016,1415,1425,1390,1390,35981700
22/06/2016,1405,1420,1395,1405,36804300
23/06/2016,1405,1415,1395,1400,35464300
24/06/2016,1405,1415,1375,1385,43350600
27/06/2016,1380,1390,1370,1385,35539700
28/06/2016,1385,1415,1385,1405,59262100
29/06/2016,1420,1485,1415,1485,100376100
30/06/2016,1500,1545,1495,1530,140313800
01/07/2016,1535,1540,1490,1515,43136100
11/07/2016,1540,1610,1505,1605,118204700
12/07/2016,1615,1625,1545,1585,34464700
13/07/2016,1590,1595,1550,1590,33488200
14/07/2016,1600,1600,1555,1570,23742800
15/07/2016,1570,1580,1560,1570,19053400
18/07/2016,1570,1595,1560,1595,25175100
19/07/2016,1595,1615,1585,1590,16813500
20/07/2016,1610,1610,1590,1610,20122300
21/07/2016,1595,1605,1565,1565,20272000
22/07/2016,1565,1595,1560,1595,17097000
25/07/2016,1605,1670,1595,1665,27140100
26/07/2016,1670,1690,1650,1675,25139300
27/07/2016,1665,1710,1655,1710,38917700
28/07/2016,1710,1715,1680,1710,17621500
29/07/2016,1710,1710,1675,1675,28238900
01/08/2016,1675,1700,1675,1700,29367000
02/08/2016,1700,1730,1665,1685,21473800
03/08/2016,1690,1705,1690,1690,31763400
04/08/2016,1695,1705,1685,1695,21357400
05/08/2016,1700,1720,1695,1715,34390000
08/08/2016,1725,1725,1690,1720,23939000
09/08/2016,1725,1725,1705,1710,61523800
10/08/2016,1715,1720,1675,1690,47281700
11/08/2016,1690,1710,1685,1705,39166800
12/08/2016,1715,1730,1690,1710,51811900
15/08/2016,1710,1715,1685,1685,22143500
16/08/2016,1700,1725,1685,1700,37756400
18/08/2016,1700,1715,1660,1715,77096200
19/08/2016,1705,1710,1680,1700,66074400
22/08/2016,1705,1720,1695,1720,29375000
23/08/2016,1705,1815,1700,1815,47702600
24/08/2016,1800,1800,1740,1755,39689600
25/08/2016,1750,1800,1730,1800,39913900
26/08/2016,1800,1800,1760,1785,15645800
29/08/2016,1760,1780,1730,1780,27898600
30/08/2016,1760,1795,1750,1780,29336300
31/08/2016,1790,1800,1785,1795,70434200
01/09/2016,1790,1800,1765,1795,35399000
02/09/2016,1795,1805,1760,1760,45539500
05/09/2016,1780,1780,1710,1720,19391100
06/09/2016,1720,1780,1720,1780,30736400
07/09/2016,1780,1800,1750,1790,25106900
08/09/2016,1795,1800,1755,1755,14555600
09/09/2016,1750,1750,1700,1710,59781200
13/09/2016,1700,1725,1680,1695,22510400
14/09/2016,1680,1695,1660,1680,21339300
15/09/2016,1655,1735,1650,1715,35975700
16/09/2016,1695,1730,1695,1695,31047700
19/09/2016,1715,1725,1700,1700,34353800
20/09/2016,1705,1725,1675,1725,11484100
21/09/2016,1700,1725,1685,1700,30326900
22/09/2016,1725,1760,1695,1720,44836500
23/09/2016,1740,1740,1700,1740,41593800
26/09/2016,1705,1730,1705,1715,16977500
27/09/2016,1710,1730,1690,1730,34339500
28/09/2016,1730,1800,1725,1795,35526100
29/09/2016,1800,1805,1745,1745,21377800
30/09/2016,1740,1750,1715,1715,43780600
03/10/2016,1750,1750,1715,1725,15978900
04/10/2016,1735,1750,1730,1740,24157800
05/10/2016,1745,1745,1705,1710,29091400
06/10/2016,1720,1725,1700,1710,22640800
07/10/2016,1715,1715,1700,1710,19897800
10/10/2016,1710,1720,1705,1715,7288600
11/10/2016,1730,1730,1710,1720,26310200
12/10/2016,1700,1720,1700,1710,16017800
13/10/2016,1705,1730,1705,1725,17817700
14/10/2016,1725,1730,1710,1725,22844900
17/10/2016,1730,1735,1720,1735,13024700
18/10/2016,1735,1745,1710,1735,20267600
19/10/2016,1720,1735,1710,1730,10282700
20/10/2016,1735,1735,1715,1730,11429100
21/10/2016,1735,1735,1715,1720,6703900
24/10/2016,1715,1730,1700,1730,23277400
25/10/2016,1730,1735,1720,1720,22477200
26/10/2016,1715,1750,1715,1750,20296300
27/10/2016,1750,1750,1715,1745,6134400
28/10/2016,1750,1750,1730,1730,6533300
31/10/2016,1735,1740,1725,1740,15231800
01/11/2016,1750,1755,1735,1735,17325500
02/11/2016,1745,1745,1680,1720,8878600
03/11/2016,1725,1735,1710,1725,22415900
04/11/2016,1735,1735,1705,1725,18581900
07/11/2016,1555,1720,1555,1690,24337000
08/11/2016,1710,1715,1690,1710,9346700
09/11/2016,1715,1715,1620,1710,30408000
10/11/2016,1715,1715,1670,1670,25490300
11/11/2016,1600,1600,1520,1535,90241400
14/11/2016,1510,1530,1470,1495,47588300
15/11/2016,1515,1540,1475,1475,86675500
16/11/2016,1490,1510,1465,1475,103826500
17/11/2016,1485,1490,1455,1480,46774600
18/11/2016,1480,1485,1440,1465,34988300
21/11/2016,1465,1465,1450,1460,35091600
22/11/2016,1460,1465,1445,1460,28896900
23/11/2016,1465,1515,1455,1500,36372200
24/11/2016,1495,1495,1440,1445,23694400
25/11/2016,1450,1450,1400,1410,44719000
28/11/2016,1410,1420,1385,1400,51576000
29/11/2016,1410,1460,1405,1460,28323300
30/11/2016,1470,1520,1460,1500,65393300
01/12/2016,1510,1590,1505,1590,56356900
02/12/2016,1560,1570,1520,1540,60119700
05/12/2016,1560,1560,1525,1525,29726600
06/12/2016,1545,1570,1530,1570,24492700
07/12/2016,1570,1580,1540,1570,18795000
08/12/2016,1570,1585,1545,1585,29400000
09/12/2016,1585,1585,1555,1575,16635300
13/12/2016,1575,1575,1525,1545,31690700
14/12/2016,1555,1555,1525,1535,17074800
15/12/2016,1520,1535,1505,1530,18429600
16/12/2016,1570,1570,1525,1530,40495600
19/12/2016,1530,1535,1460,1460,17045700
20/12/2016,1450,1480,1440,1465,13872900
21/12/2016,1485,1485,1450,1455,25960200
22/12/2016,1430,1440,1410,1430,25115300
23/12/2016,1425,1455,1425,1440,20376500
27/12/2016,1420,1485,1420,1465,16046100
28/12/2016,1485,1540,1485,1535,17917400
29/12/2016,1520,1565,1505,1555,27291400
30/12/2016,1570,1575,1515,1515,48879900
02/01/2017,1515,1515,1515,1515,0
03/01/2017,1515,1525,1505,1510,7276300
04/01/2017,1500,1540,1500,1540,28990300
05/01/2017,1550,1565,1535,1565,32865900
06/01/2017,1565,1570,1540,1565,11745500
09/01/2017,1555,1570,1535,1540,10136800
10/01/2017,1555,1555,1520,1550,8996300
11/01/2017,1560,1560,1540,1545,10149300
12/01/2017,1550,1555,1525,1530,18220600
13/01/2017,1535,1535,1500,1515,20213500
16/01/2017,1545,1545,1500,1505,11086200
17/01/2017,1500,1510,1490,1490,6647400
18/01/2017,1490,1525,1490,1525,6764300
19/01/2017,1525,1535,1500,1500,12109000
20/01/2017,1500,1510,1485,1500,13400100
23/01/2017,1490,1515,1465,1470,13202800
24/01/2017,1475,1495,1450,1495,16856700
25/01/2017,1500,1500,1480,1495,10645600
26/01/2017,1500,1510,1485,1510,9157100
27/01/2017,1505,1505,1475,1480,10166200
30/01/2017,1480,1490,1465,1465,14945100
31/01/2017,1450,1480,1450,1450,13919800
01/02/2017,1470,1495,1455,1485,20529900
02/02/2017,1475,1485,1470,1475,37833900
03/02/2017,1485,1485,1465,1470,26299800
06/02/2017,1480,1480,1465,1480,16975700
07/02/2017,1475,1480,1465,1470,20717200
08/02/2017,1470,1475,1450,1475,30032300
09/02/2017,1480,1485,1455,1480,21645000
10/02/2017,1480,1495,1470,1485,37492400
13/02/2017,1495,1495,1475,1495,21813600
14/02/2017,1490,1495,1465,1475,33296100
15/02/2017,1475,1475,1475,1475,0
16/02/2017,1490,1495,1465,1485,20835300
17/02/2017,1495,1495,1460,1470,25760500
20/02/2017,1470,1470,1455,1460,18937300
21/02/2017,1450,1470,1450,1460,17270900
22/02/2017,1445,1495,1445,1495,18810200
23/02/2017,1455,1495,1455,1495,22689600
24/02/2017,1495,1505,1480,1495,15371100
27/02/2017,1505,1545,1485,1535,19506400
28/02/2017,1540,1550,1520,1530,34382300
01/03/2017,1520,1525,1490,1495,23383700
02/03/2017,1490,1515,1470,1475,20642000
03/03/2017,1485,1485,1460,1485,22286800
06/03/2017,1485,1530,1475,1525,27915100
07/03/2017,1525,1530,1485,1495,15083300
08/03/2017,1485,1500,1485,1500,9049500
09/03/2017,1460,1495,1460,1460,17836500
10/03/2017,1460,1475,1440,1470,28034700
13/03/2017,1450,1485,1450,1485,10805700
14/03/2017,1480,1490,1470,1480,24208100
15/03/2017,1495,1495,1460,1475,17442900
16/03/2017,1480,1510,1475,1495,24426700
17/03/2017,1490,1510,1485,1510,39376400
20/03/2017,1500,1520,1500,1520,22568800
21/03/2017,1520,1525,1505,1520,25030200
22/03/2017,1500,1520,1485,1490,48351100
23/03/2017,1490,1510,1490,1490,11196000
24/03/2017,1490,1515,1485,1505,19722400
27/03/2017,1520,1525,1500,1520,23809200
29/03/2017,1515,1540,1515,1540,18698500
30/03/2017,1550,1550,1530,1550,19133700
31/03/2017,1540,1550,1530,1540,26858300
03/04/2017,1550,1560,1535,1555,19074100
04/04/2017,1540,1600,1535,1600,26946700
05/04/2017,1600,1600,1600,1600,0
06/04/2017,1620,1620,1580,1610,11026300
07/04/2017,1600,1600,1565,1565,16730200
10/04/2017,1565,1570,1545,1550,7872400
11/04/2017,1550,1575,1545,1550,12095600
12/04/2017,1575,1600,1570,1595,12533500
13/04/2017,1600,1600,1570,1580,16394800
17/04/2017,1580,1590,1540,1540,7147400
18/04/2017,1550,1560,1545,1550,9598900
19/04/2017,1550,1550,1550,1550,0
20/04/2017,1550,1605,1540,1570,21104800
21/04/2017,1570,1585,1560,1580,8774300
25/04/2017,1565,1600,1565,1600,18952000
26/04/2017,1600,1610,1585,1605,22280900
27/04/2017,1610,1615,1580,1595,16679300
28/04/2017,1595,1595,1580,1585,16455300
02/05/2017,1585,1585,1515,1515,19271200
03/05/2017,1530,1555,1525,1545,23416600
04/05/2017,1550,1575,1525,1575,18806000
05/05/2017,1590,1595,1550,1550,7789700
08/05/2017,1575,1575,1515,1520,21666200
09/05/2017,1525,1560,1520,1555,36231100
10/05/2017,1570,1575,1520,1575,17496400
12/05/2017,1575,1580,1520,1535,41574500
15/05/2017,1530,1560,1520,1525,13673400
16/05/2017,1525,1535,1510,1510,16010200
17/05/2017,1520,1525,1495,1500,51780900
18/05/2017,1500,1535,1480,1535,24185100
19/05/2017,1535,1590,1525,1580,45626600
22/05/2017,1585,1585,1530,1570,23475300
23/05/2017,1565,1570,1510,1545,26022500
24/05/2017,1515,1530,1500,1515,39995400
26/05/2017,1520,1530,1500,1505,12246200
29/05/2017,1520,1535,1505,1530,12906700
30/05/2017,1520,1540,1520,1525,9837800
31/05/2017,1510,1540,1500,1540,69435500
01/06/2017,1540,1540,1540,1540,0
02/06/2017,1535,1550,1530,1550,14899100
05/06/2017,1550,1560,1535,1555,11013400
06/06/2017,1535,1555,1530,1555,9842200
07/06/2017,1555,1560,1540,1560,16642100
08/06/2017,1560,1570,1550,1570,13804200
09/06/2017,1545,1560,1545,1550,17807800
12/06/2017,1560,1565,1535,1535,11886100
13/06/2017,1520,1555,1520,1550,43961200
14/06/2017,1550,1565,1535,1565,30774600
15/06/2017,1570,1580,1560,1570,21575000
16/06/2017,1540,1580,1540,1575,40355400
19/06/2017,1580,1590,1570,1590,14443800
20/06/2017,1590,1610,1575,1605,52913200
21/06/2017,1605,1625,1600,1625,57797600
22/06/2017,1625,1630,1605,1625,61501600
23/06/2017,1625,1625,1625,1625,0
26/06/2017,1625,1625,1625,1625,0
27/06/2017,1625,1625,1625,1625,0
28/06/2017,1625,1625,1625,1625,0
29/06/2017,1625,1625,1625,1625,0
30/06/2017,1625,1625,1625,1625,0
03/07/2017,1615,1655,1605,1655,47567900
04/07/2017,1660,1660,1645,1655,19652600
05/07/2017,1660,1665,1605,1640,23964300
06/07/2017,1640,1645,1625,1640,14005200
07/07/2017,1630,1640,1610,1625,21707700
10/07/2017,1600,1615,1580,1585,9516100
11/07/2017,1585,1600,1580,1595,23017400
12/07/2017,1600,1625,1585,1600,9973600
13/07/2017,1605,1620,1590,1610,18009600
14/07/2017,1610,1640,1600,1640,12839400
17/07/2017,1640,1645,1625,1645,10308400
18/07/2017,1630,1650,1600,1650,16011200
19/07/2017,1650,1675,1640,1675,19454700
20/07/2017,1675,1680,1650,1675,10537200
21/07/2017,1675,1680,1660,1680,26997000
24/07/2017,1680,1715,1675,1700,54816200
25/07/2017,1710,1710,1690,1710,49399000
26/07/2017,1700,1715,1695,1700,39577700
27/07/2017,1700,1720,1695,1710,29718300
28/07/2017,1710,1725,1695,1720,25039900
31/07/2017,1720,1735,1690,1735,24428400
01/08/2017,1735,1745,1690,1690,29328600
02/08/2017,1730,1745,1705,1730,48417600
03/08/2017,1720,1760,1720,1735,42387400
04/08/2017,1735,1780,1735,1775,54651000
07/08/2017,1780,1780,1695,1695,21880900
08/08/2017,1705,1750,1690,1740,21393500
09/08/2017,1740,1740,1705,1740,46034400
10/08/2017,1735,1740,1705,1740,44617200
11/08/2017,1720,1730,1680,1725,49496400
14/08/2017,1735,1735,1705,1725,55186600
15/08/2017,1710,1730,1710,1720,47549600
16/08/2017,1725,1765,1720,1755,50437400
17/08/2017,1755,1755,1755,1755,0
18/08/2017,1750,1795,1735,1750,25075900
21/08/2017,1765,1770,1740,1760,13944900
22/08/2017,1765,1780,1765,1775,34107000
23/08/2017,1775,1775,1730,1755,15351800
24/08/2017,1755,1755,1725,1725,9145400
25/08/2017,1725,1730,1715,1725,24406700
28/08/2017,1725,1725,1715,1720,13636000
29/08/2017,1715,1745,1710,1745,18314200
30/08/2017,1745,1745,1705,1715,38289500
31/08/2017,1715,1715,1710,1710,18655500
01/09/2017,1710,1710,1710,1710,0
04/09/2017,1710,1715,1680,1695,15050800
05/09/2017,1710,1715,1690,1715,9165500
06/09/2017,1715,1720,1690,1695,11635200
07/09/2017,1695,1740,1690,1700,17204900
08/09/2017,1700,1740,1700,1730,14018000
11/09/2017,1740,1745,1720,1725,16400900
12/09/2017,1740,1740,1710,1725,6447700
13/09/2017,1725,1735,1710,1720,13828100
14/09/2017,1715,1730,1715,1725,29636000
15/09/2017,1725,1740,1720,1725,42037900
18/09/2017,1730,1750,1725,1750,23805600
19/09/2017,1750,1750,1730,1750,15865000
20/09/2017,1750,1750,1725,1735,8508100
21/09/2017,1735,1735,1735,1735,0
22/09/2017,1745,1745,1725,1740,23138900
25/09/2017,1740,1740,1705,1705,7547100
26/09/2017,1710,1710,1670,1680,8905800
27/09/2017,1680,1740,1675,1740,19610300
28/09/2017,1730,1745,1665,1670,23265900
29/09/2017,1675,1685,1660,1665,18233900
02/10/2017,1665,1685,1640,1675,12332500
03/10/2017,1690,1710,1665,1675,15004900
04/10/2017,1675,1730,1675,1725,21567400
05/10/2017,1715,1720,1680,1680,15343000
06/10/2017,1680,1705,1665,1685,12184000
09/10/2017,1695,1725,1680,1710,14725700
10/10/2017,1715,1725,1695,1725,14029400
11/10/2017,1710,1730,1710,1730,11555900
12/10/2017,1730,1730,1685,1700,13915700
13/10/2017,1700,1700,1680,1700,17426800
16/10/2017,1700,1700,1675,1700,11001000
17/10/2017,1700,1700,1675,1700,15980700
18/10/2017,1705,1705,1675,1700,12406100
19/10/2017,1700,1700,1685,1700,18305200
20/10/2017,1705,1705,1685,1700,11115000
23/10/2017,1720,1720,1675,1685,11351500
24/10/2017,1685,1685,1660,1660,23653700
25/10/2017,1665,1670,1645,1660,20719600
26/10/2017,1655,1655,1600,1600,45362000
27/10/2017,1600,1640,1595,1620,29880800
30/10/2017,1625,1640,1610,1620,14216500
31/10/2017,1650,1650,1585,1600,48384000
01/11/2017,1605,1610,1600,1600,38455300
02/11/2017,1605,1605,1590,1590,29003900
03/11/2017,1600,1630,1595,1610,21559800
06/11/2017,1615,1630,1610,1610,21551700
07/11/2017,1610,1630,1610,1620,18518500
08/11/2017,1620,1620,1595,1600,64706400
09/11/2017,1600,1610,1595,1600,71432400
10/11/2017,1600,1610,1600,1600,28895600
13/11/2017,1620,1620,1600,1600,13569500
14/11/2017,1600,1610,1600,1600,11884500
15/11/2017,1605,1610,1595,1595,34420600
16/11/2017,1610,1620,1600,1600,18894900
17/11/2017,1620,1635,1615,1620,13292800
20/11/2017,1630,1635,1615,1630,14297000
21/11/2017,1630,1655,1625,1650,21735900
22/11/2017,1650,1655,1620,1640,18293800
23/11/2017,1640,1640,1620,1635,8072200
24/11/2017,1635,1655,1620,1655,14763300
27/11/2017,1660,1675,1630,1675,19269100
28/11/2017,1675,1675,1630,1640,24099700
29/11/2017,1640,1645,1620,1635,15360200
30/11/2017,1635,1635,1600,1600,66936700
01/12/2017,1600,1600,1600,1600,0
04/12/2017,1605,1630,1600,1610,33136000
05/12/2017,1625,1625,1605,1610,15362400
06/12/2017,1610,1645,1610,1645,10990300
07/12/2017,1640,1660,1635,1655,12607200
08/12/2017,1660,1675,1655,1675,22959800
11/12/2017,1680,1680,1640,1640,19634600
12/12/2017,1650,1655,1650,1655,17726800
13/12/2017,1660,1660,1640,1660,9217600
14/12/2017,1660,1700,1655,1695,26765300
15/12/2017,1690,1690,1660,1665,33744600
18/12/2017,1660,1690,1660,1685,17557500
19/12/2017,1685,1700,1675,1685,30166900
20/12/2017,1685,1690,1640,1675,30894000
21/12/2017,1685,1685,1640,1645,16241700
22/12/2017,1645,1665,1640,1650,15280100
25/12/2017,1650,1650,1650,1650,0
26/12/2017,1650,1650,1650,1650,0
27/12/2017,1650,1685,1645,1685,13398400
28/12/2017,1685,1690,1655,1685,23078400
29/12/2017,1670,1700,1670,1690,40084400
01/01/2018,1690,1690,1690,1690,0
02/01/2018,1690,1730,1675,1730,17137900
03/01/2018,1730,1730,1675,1695,15571500
04/01/2018,1695,1745,1685,1745,17727400
05/01/2018,1730,1760,1730,1760,16178100
08/01/2018,1770,1785,1740,1785,12831400
09/01/2018,1780,1780,1745,1780,22156800
10/01/2018,1780,1785,1725,1740,13610700
11/01/2018,1740,1755,1720,1750,10064200
12/01/2018,1750,1755,1695,1695,21871200
15/01/2018,1695,1705,1670,1680,27815500
16/01/2018,1690,1745,1685,1745,34295700
17/01/2018,1740,1740,1720,1730,20086000
18/01/2018,1735,1750,1720,1735,13805400
19/01/2018,1735,1740,1690,1705,32398700
22/01/2018,1705,1725,1695,1695,16390700
23/01/2018,1715,1735,1700,1735,18200000
24/01/2018,1735,1735,1715,1725,37379200
25/01/2018,1730,1735,1705,1725,59394100
26/01/2018,1730,1730,1690,1695,36420000
29/01/2018,1705,1710,1675,1695,40875600
30/01/2018,1695,1700,1660,1660,27592700
31/01/2018,1660,1685,1650,1665,32040600
01/02/2018,1685,1700,1680,1685,18001500
02/02/2018,1695,1695,1660,1660,18333600
05/02/2018,1655,1670,1640,1655,18596700
06/02/2018,1635,1655,1625,1640,31505700
07/02/2018,1650,1680,1650,1680,16122900
08/02/2018,1680,1690,1660,1670,13779000
09/02/2018,1660,1660,1635,1645,15716200
12/02/2018,1645,1665,1630,1630,13131800
13/02/2018,1635,1650,1620,1620,16865800
14/02/2018,1625,1635,1605,1620,19550000
15/02/2018,1620,1630,1600,1600,65805200
16/02/2018,1600,1600,1600,1600,0
19/02/2018,1605,1635,1605,1635,22731900
20/02/2018,1625,1630,1610,1620,12763400
21/02/2018,1620,1635,1615,1635,29578000
22/02/2018,1635,1640,1615,1615,17002500
23/02/2018,1615,1630,1600,1600,30853900
26/02/2018,1605,1620,1600,1605,15610000
27/02/2018,1610,1625,1600,1610,26920700
28/02/2018,1620,1625,1600,1600,33662700
01/03/2018,1610,1615,1600,1600,14533500
02/03/2018,1600,1620,1595,1620,21414200
05/03/2018,1605,1625,1585,1600,19708500
06/03/2018,1600,1605,1555,1560,28568200
07/03/2018,1560,1570,1510,1510,22095800
08/03/2018,1530,1550,1500,1500,17765600
09/03/2018,1525,1545,1510,1545,11962800
12/03/2018,1560,1585,1545,1575,30800300
13/03/2018,1580,1585,1505,1520,30736700
14/03/2018,1510,1520,1470,1475,39940000
15/03/2018,1480,1495,1470,1485,9077600
16/03/2018,1485,1490,1455,1470,38247700
19/03/2018,1465,1485,1465,1480,12487600
20/03/2018,1460,1460,1415,1435,15890600
21/03/2018,1435,1450,1430,1450,16147200
22/03/2018,1450,1455,1405,1430,15122900
23/03/2018,1400,1430,1390,1430,24948600
26/03/2018,1430,1430,1400,1400,12118700
27/03/2018,1425,1450,1420,1440,25485600
28/03/2018,1440,1440,1410,1440,10787400
29/03/2018,1455,1500,1450,1500,39368400
30/03/2018,1500,1500,1500,1500,0
02/04/2018,1505,1545,1495,1545,30795300
03/04/2018,1535,1550,1520,1550,8138400
04/04/2018,1560,1565,1540,1560,35450900
05/04/2018,1545,1555,1540,1550,9031300
06/04/2018,1550,1555,1545,1545,20930300
09/04/2018,1525,1530,1505,1520,5659600
10/04/2018,1520,1525,1500,1525,16260000
11/04/2018,1525,1550,1515,1545,10460400
12/04/2018,1545,1595,1535,1595,25484900
13/04/2018,1590,1615,1565,1565,25644800
16/04/2018,1565,1565,1565,1565,0
17/04/2018,1565,1565,1565,1565,0
18/04/2018,1595,1600,1540,1555,16835200
19/04/2018,1555,1555,1555,1555,0
20/04/2018,1555,1555,1555,1555,0
23/04/2018,1575,1580,1510,1525,35794000
24/04/2018,1520,1520,1465,1465,21325900
25/04/2018,1465,1465,1465,1465,0
26/04/2018,1465,1465,1465,1465,0
27/04/2018,1465,1465,1465,1465,0
30/04/2018,1495,1510,1475,1505,21877100
01/05/2018,1505,1505,1505,1505,0
02/05/2018,1505,1515,1475,1515,15058000
03/05/2018,1485,1515,1445,1445,16862400
04/05/2018,1445,1445,1390,1390,22540900
07/05/2018,1390,1480,1390,1480,14864400
08/05/2018,1470,1470,1405,1455,17741400
09/05/2018,1415,1460,1390,1435,28060300
10/05/2018,1435,1435,1435,1435,0
11/05/2018,1445,1465,1410,1450,33692100
14/05/2018,1430,1445,1405,1445,11969100
15/05/2018,1420,1435,1380,1385,37772000
16/05/2018,1360,1390,1325,1340,25694000
17/05/2018,1340,1360,1315,1320,27631500
18/05/2018,1325,1330,1270,1270,32053900
21/05/2018,1290,1330,1275,1290,21235400
22/05/2018,1295,1330,1295,1320,20814400
23/05/2018,1315,1345,1285,1285,21342400
24/05/2018,1305,1345,1305,1320,19199800
25/05/2018,1330,1400,1320,1370,40664100
28/05/2018,1390,1415,1390,1405,8392800
29/05/2018,1405,1405,1405,1405,0
30/05/2018,1405,1405,1360,1370,33648200
31/05/2018,1360,1395,1360,1370,93874300
01/06/2018,1370,1370,1370,1370,0
04/06/2018,1370,1390,1360,1365,29865600
05/06/2018,1365,1420,1360,1415,19353200
06/06/2018,1425,1430,1390,1410,19451500
07/06/2018,1410,1470,1410,1465,27487900
08/06/2018,1455,1460,1360,1360,74019200
11/06/2018,1360,1360,1360,1360,0
12/06/2018,1360,1360,1360,1360,0
13/06/2018,1360,1360,1360,1360,0
14/06/2018,1360,1360,1360,1360,0
15/06/2018,1360,1360,1360,1360,0
18/06/2018,1360,1360,1360,1360,0
19/06/2018,1360,1360,1360,1360,0
20/06/2018,1340,1340,1300,1315,73150800
21/06/2018,1315,1330,1250,1250,58045000
22/06/2018,1250,1310,1230,1310,31164600
25/06/2018,1310,1320,1270,1295,17667800
26/06/2018,1290,1305,1265,1265,24416100
27/06/2018,1250,1285,1240,1240,17399400
28/06/2018,1230,1235,1155,1155,46756000
29/06/2018,1165,1225,1165,1220,28005300
02/07/2018,1240,1265,1230,1250,19469500
03/07/2018,1240,1260,1195,1225,14711100
04/07/2018,1220,1250,1200,1250,11257800
05/07/2018,1265,1265,1225,1250,4229700
06/07/2018,1265,1265,1230,1250,11075100
09/07/2018,1230,1295,1230,1270,12007200
10/07/2018,1290,1310,1270,1310,19835600
11/07/2018,1275,1320,1275,1315,12471500
12/07/2018,1290,1315,1290,1305,24287900
13/07/2018,1300,1310,1280,1310,22298500
16/07/2018,1300,1320,1280,1320,15660100
17/07/2018,1290,1295,1275,1275,17524500
18/07/2018,1275,1305,1265,1270,18556500
19/07/2018,1260,1285,1260,1280,16997700
20/07/2018,1270,1290,1265,1290,9397800
23/07/2018,1275,1295,1275,1285,3868600
24/07/2018,1295,1325,1290,1315,13549300
25/07/2018,1320,1320,1300,1305,7467700
26/07/2018,1315,1320,1300,1310,16230400
27/07/2018,1300,1310,1290,1290,6683300
30/07/2018,1305,1320,1300,1320,11466700
31/07/2018,1320,1320,1290,1295,15378000
01/08/2018,1300,1365,1300,1360,29879100
02/08/2018,1350,1350,1315,1315,10538500
03/08/2018,1315,1315,1295,1300,7515900
06/08/2018,1290,1305,1290,1300,12866900
07/08/2018,1305,1310,1295,1300,7125000
08/08/2018,1300,1300,1285,1290,22984200
09/08/2018,1285,1290,1275,1275,10718300
10/08/2018,1270,1290,1265,1290,13451800
13/08/2018,1290,1290,1260,1260,15747000
14/08/2018,1260,1280,1220,1220,27551300
15/08/2018,1225,1250,1215,1215,16318000
16/08/2018,1215,1245,1210,1210,12480000
17/08/2018,1210,1210,1210,1210,0
20/08/2018,1230,1240,1215,1215,12259900
21/08/2018,1230,1320,1225,1320,39738500
22/08/2018,1320,1320,1320,1320,0
23/08/2018,1320,1340,1290,1325,37801200
24/08/2018,1325,1325,1300,1300,21136600
27/08/2018,1300,1310,1270,1300,9622100
28/08/2018,1310,1315,1280,1295,13343200
29/08/2018,1300,1315,1290,1310,17070100
30/08/2018,1320,1345,1310,1345,20210300
31/08/2018,1340,1345,1290,1345,23444900
03/09/2018,1345,1350,1310,1320,9924300
04/09/2018,1315,1325,1260,1270,11245100
05/09/2018,1260,1260,1190,1210,27718200
06/09/2018,1205,1235,1200,1215,18683200
07/09/2018,1240,1240,1215,1235,10317000
10/09/2018,1235,1235,1215,1225,14006900
11/09/2018,1225,1225,1225,1225,0
12/09/2018,1240,1240,1200,1200,21469000
13/09/2018,1210,1215,1190,1190,41734100
14/09/2018,1215,1240,1215,1235,26844600
17/09/2018,1225,1225,1205,1220,3431300
18/09/2018,1230,1230,1200,1210,10940900
19/09/2018,1230,1255,1220,1255,14090700
20/09/2018,1260,1275,1240,1260,12838400
21/09/2018,1260,1290,1255,1290,34421100
24/09/2018,1290,1295,1265,1290,8239800
25/09/2018,1290,1320,1280,1320,9457400
26/09/2018,1320,1330,1300,1320,10416600
27/09/2018,1330,1355,1315,1355,16709300
28/09/2018,1355,1390,1345,1380,26615200
01/10/2018,1350,1395,1350,1385,6806300
02/10/2018,1360,1390,1360,1375,21906000
03/10/2018,1370,1390,1355,1380,17018000
04/10/2018,1355,1360,1295,1300,18932300
05/10/2018,1300,1310,1265,1265,16508100
08/10/2018,1275,1315,1275,1290,15463500
09/10/2018,1290,1310,1250,1250,12386900
10/10/2018,1250,1285,1250,1285,13994100
11/10/2018,1250,1270,1240,1255,19617700
12/10/2018,1280,1285,1255,1270,16827900
15/10/2018,1275,1295,1270,1285,13990300
16/10/2018,1285,1350,1285,1350,14598900
17/10/2018,1390,1390,1320,1360,11494900
18/10/2018,1360,1370,1325,1365,11651300
19/10/2018,1360,1380,1325,1380,19837800
22/10/2018,1370,1370,1340,1340,11131600
23/10/2018,1330,1330,1310,1320,12159800
24/10/2018,1320,1325,1280,1280,12581300
25/10/2018,1260,1315,1260,1315,21732800
26/10/2018,1320,1345,1315,1335,18493200
29/10/2018,1350,1355,1320,1340,11946700
30/10/2018,1320,1350,1310,1350,14696000
31/10/2018,1360,1375,1350,1370,23580400
01/11/2018,1370,1370,1315,1340,10453600
02/11/2018,1360,1375,1330,1360,17361400
05/11/2018,1375,1375,1330,1340,16421700
06/11/2018,1340,1350,1330,1335,15351900
07/11/2018,1345,1390,1335,1390,21511600
08/11/2018,1405,1410,1380,1405,37200400
09/11/2018,1400,1435,1360,1420,33517200
12/11/2018,1420,1430,1335,1335,29250200
13/11/2018,1355,1455,1355,1450,58977200
14/11/2018,1450,1505,1420,1485,39946400
15/11/2018,1485,1550,1485,1515,23952500
16/11/2018,1515,1550,1500,1535,23210900
19/11/2018,1530,1540,1505,1540,27496800
20/11/2018,1540,1540,1540,1540,0
21/11/2018,1540,1580,1525,1560,43711200
22/11/2018,1540,1600,1540,1590,18678400
23/11/2018,1575,1610,1560,1565,10083500
26/11/2018,1550,1625,1530,1610,18257600
27/11/2018,1610,1615,1540,1570,23377500
28/11/2018,1565,1580,1535,1575,18092100
29/11/2018,1540,1580,1535,1535,49954200
30/11/2018,1535,1580,1505,1525,206346800
03/12/2018,1550,1635,1520,1555,43366400
04/12/2018,1570,1600,1550,1600,26653800
05/12/2018,1600,1635,1575,1610,19185500
06/12/2018,1610,1630,1590,1630,25783500
07/12/2018,1635,1645,1600,1635,27817800
10/12/2018,1620,1620,1570,1580,9315800
11/12/2018,1560,1565,1505,1505,27233800
12/12/2018,1510,1515,1460,1475,36646500
13/12/2018,1475,1535,1470,1500,44388700
14/12/2018,1500,1505,1480,1490,29851300
17/12/2018,1520,1520,1455,1475,28800200
18/12/2018,1475,1475,1430,1460,25780200
19/12/2018,1470,1500,1455,1490,45512300
20/12/2018,1490,1530,1460,1530,31011500
21/12/2018,1530,1550,1515,1545,31783000
24/12/2018,1545,1545,1545,1545,0
25/12/2018,1545,1545,1545,1545,0
26/12/2018,1545,1545,1465,1510,26290000
27/12/2018,1525,1545,1490,1525,16261300
28/12/2018,1505,1530,1505,1520,12671900
31/12/2018,1520,1520,1520,1520,0
01/01/2019,1520,1520,1520,1520,0
02/01/2019,1525,1530,1500,1525,5035800
03/01/2019,1535,1545,1505,1540,15603900
04/01/2019,1535,1575,1520,1570,19765600
07/01/2019,1580,1610,1580,1595,28281300
08/01/2019,1595,1595,1540,1565,16847400
09/01/2019,1585,1590,1540,1540,9920400
10/01/2019,1550,1600,1545,1600,32039200
11/01/2019,1610,1630,1560,1620,25318000
14/01/2019,1605,1625,1595,1615,25662800
15/01/2019,1615,1635,1610,1635,14905500
16/01/2019,1625,1630,1600,1625,20240700
17/01/2019,1630,1630,1595,1610,18529300
18/01/2019,1625,1625,1590,1615,18565100
21/01/2019,1620,1620,1605,1605,8777600
22/01/2019,1615,1615,1595,1615,16694600
23/01/2019,1595,1610,1595,1600,13179200
24/01/2019,1615,1615,1600,1600,16844100
25/01/2019,1610,1620,1595,1615,22451600
28/01/2019,1615,1625,1595,1610,34907300
29/01/2019,1610,1610,1595,1610,13322900
30/01/2019,1595,1610,1595,1610,23609500
31/01/2019,1615,1615,1600,1600,36542300
01/02/2019,1600,1615,1595,1615,25854900
04/02/2019,1605,1615,1600,1605,25455800
05/02/2019,1605,1605,1605,1605,0
06/02/2019,1600,1610,1590,1595,33819200
07/02/2019,1600,1610,1600,1610,24717700
08/02/2019,1600,1600,1590,1595,12267000
11/02/2019,1595,1605,1590,1595,9189800
12/02/2019,1590,1600,1570,1570,21731100
13/02/2019,1570,1590,1560,1570,11236800
14/02/2019,1550,1590,1550,1585,19127000
15/02/2019,1560,1590,1550,1575,29752800
18/02/2019,1580,1590,1555,1575,31288900
19/02/2019,1570,1570,1550,1550,17400900
20/02/2019,1560,1570,1530,1545,25303700
21/02/2019,1530,1540,1515,1530,29788200
22/02/2019,1515,1525,1500,1510,34067200
25/02/2019,1510,1515,1500,1505,33020800
26/02/2019,1505,1510,1500,1505,33464200
27/02/2019,1510,1535,1510,1520,13616000
28/02/2019,1525,1535,1480,1495,46482400
01/03/2019,1510,1540,1500,1540,13025800
04/03/2019,1540,1545,1515,1515,17738800
05/03/2019,1525,1525,1495,1505,10501300
06/03/2019,1525,1525,1490,1510,10222000
07/03/2019,1510,1510,1510,1510,0
08/03/2019,1490,1525,1490,1525,13406000
11/03/2019,1520,1530,1515,1520,5657800
12/03/2019,1500,1525,1495,1500,8441800
13/03/2019,1520,1530,1495,1505,3102900
14/03/2019,1500,1510,1495,1500,10924400
15/03/2019,1525,1550,1510,1545,16407600
18/03/2019,1555,1570,1530,1545,4608300
19/03/2019,1560,1560,1540,1555,3338000
20/03/2019,1545,1550,1510,1520,8387600
21/03/2019,1525,1540,1505,1505,8730400
22/03/2019,1505,1520,1505,1510,5230200
25/03/2019,1500,1530,1500,1505,11404500
26/03/2019,1530,1530,1500,1515,6829100
27/03/2019,1520,1520,1510,1515,4645500
28/03/2019,1515,1525,1510,1520,3251300
29/03/2019,1535,1535,1510,1520,7590100
01/04/2019,1520,1530,1485,1490,7441700
02/04/2019,1495,1520,1490,1510,4543700
03/04/2019,1510,1510,1510,1510,0
04/04/2019,1530,1540,1520,1535,6032500
05/04/2019,1540,1540,1505,1510,5363700
08/04/2019,1520,1520,1500,1520,6588200
09/04/2019,1515,1530,1510,1530,6242500
10/04/2019,1540,1540,1515,1525,6300600
11/04/2019,1535,1535,1515,1515,4779500
12/04/2019,1515,1515,1490,1500,26667100
15/04/2019,1495,1505,1490,1495,29657600
16/04/2019,1495,1500,1490,1495,16842400
17/04/2019,1495,1495,1495,1495,0
18/04/2019,1530,1535,1485,1495,38798400
19/04/2019,1495,1495,1495,1495,0
22/04/2019,1495,1500,1480,1480,18126300
23/04/2019,1485,1510,1485,1500,15935500
24/04/2019,1500,1515,1490,1510,9784600
25/04/2019,1510,1515,1470,1470,27010100
26/04/2019,1470,1515,1470,1515,11807000
29/04/2019,1505,1515,1500,1500,8461500
30/04/2019,1500,1545,1500,1545,43375800
01/05/2019,1545,1545,1545,1545,0
02/05/2019,1535,1535,1475,1510,55555500
03/05/2019,1510,1515,1470,1495,27461400
06/05/2019,1470,1485,1460,1475,28357200
07/05/2019,1485,1500,1470,1500,12350500
08/05/2019,1475,1500,1475,1500,17486600
09/05/2019,1470,1485,1460,1460,34466900
10/05/2019,1450,1480,1445,1445,23369200
13/05/2019,1470,1470,1440,1440,25711300
14/05/2019,1430,1435,1390,1390,31724800
15/05/2019,1390,1395,1340,1350,29428800
16/05/2019,1340,1350,1295,1295,26297800
17/05/2019,1290,1310,1260,1260,33258400
20/05/2019,1280,1360,1280,1330,24935600
21/05/2019,1325,1390,1325,1340,12531500
22/05/2019,1335,1340,1320,1325,9887200
23/05/2019,1325,1340,1320,1340,14773900
24/05/2019,1340,1370,1335,1345,10313000
27/05/2019,1370,1395,1345,1345,17398400
28/05/2019,1370,1370,1340,1360,65365400
29/05/2019,1365,1365,1320,1355,29183800
30/05/2019,1355,1355,1355,1355,0
31/05/2019,1360,1410,1360,1405,47925100
03/06/2019,1405,1405,1405,1405,0
04/06/2019,1405,1405,1405,1405,0
05/06/2019,1405,1405,1405,1405,0
06/06/2019,1405,1405,1405,1405,0
07/06/2019,1405,1405,1405,1405,0
10/06/2019,1410,1450,1405,1450,18929100
11/06/2019,1425,1465,1415,1460,15553200
12/06/2019,1430,1460,1430,1450,13802100
13/06/2019,1445,1450,1435,1440,18236400
14/06/2019,1455,1495,1435,1495,13729000
17/06/2019,1490,1495,1400,1400,8921600
18/06/2019,1430,1480,1415,1470,25368700
19/06/2019,1470,1480,1450,1480,30480000
20/06/2019,1475,1475,1455,1470,23322700
21/06/2019,1470,1470,1435,1455,57082300
24/06/2019,1450,1465,1445,1465,5649800
25/06/2019,1470,1480,1460,1480,8008100
26/06/2019,1475,1480,1455,1470,8889400
27/06/2019,1475,1475,1445,1455,13759800
28/06/2019,1455,1475,1440,1460,14398600
01/07/2019,1465,1470,1445,1450,7220600
02/07/2019,1470,1470,1440,1450,17786600
03/07/2019,1460,1470,1435,1445,14890400
04/07/2019,1435,1460,1430,1440,16376300
05/07/2019,1440,1455,1425,1440,14993200
08/07/2019,1440,1440,1425,1435,7463400
09/07/2019,1435,1450,1425,1450,14935100
10/07/2019,1450,1465,1425,1465,16001800
11/07/2019,1470,1470,1430,1440,9454900
12/07/2019,1440,1440,1360,1370,26107600
15/07/2019,1395,1460,1385,1460,23010300
16/07/2019,1460,1460,1425,1435,9421700
17/07/2019,1455,1460,1430,1455,10614000
18/07/2019,1460,1480,1450,1475,21017200
19/07/2019,1480,1495,1475,1490,19603700
22/07/2019,1490,1490,1470,1485,10416800
23/07/2019,1485,1490,1450,1470,8203100
24/07/2019,1440,1480,1440,1440,9584900
25/07/2019,1440,1475,1440,1475,17168100
26/07/2019,1475,1480,1445,1450,21710600
29/07/2019,1450,1465,1430,1460,14182700
30/07/2019,1460,1465,1445,1460,12891400
31/07/2019,1470,1480,1440,1470,49488800
01/08/2019,1470,1485,1455,1485,27669200
02/08/2019,1485,1485,1425,1455,25023300
05/08/2019,1445,1460,1400,1410,37991300
06/08/2019,1400,1405,1360,1385,34883400
07/08/2019,1390,1455,1380,1430,31772500
08/08/2019,1460,1460,1415,1415,34351700
09/08/2019,1430,1450,1420,1440,24758900
12/08/2019,1450,1470,1435,1465,22342100
13/08/2019,1465,1470,1435,1460,25253000
14/08/2019,1470,1480,1455,1480,26353100
15/08/2019,1460,1490,1450,1490,24390000
16/08/2019,1490,1510,1480,1510,37517100
19/08/2019,1515,1585,1515,1565,78866000
20/08/2019,1565,1580,1555,1570,68933500
21/08/2019,1570,1585,1555,1575,44922900
22/08/2019,1575,1645,1575,1625,75268000
23/08/2019,1630,1630,1575,1620,23525700
26/08/2019,1615,1625,1525,1620,26232000
27/08/2019,1620,1625,1610,1625,81110000
28/08/2019,1625,1655,1625,1655,85445900
29/08/2019,1660,1680,1655,1670,46905600
30/08/2019,1680,1690,1670,1690,79928200
02/09/2019,1680,1690,1635,1675,25346000
03/09/2019,1655,1660,1640,1650,23714900
04/09/2019,1655,1660,1650,1660,21149800
05/09/2019,1660,1680,1640,1670,42419800
06/09/2019,1680,1680,1670,1675,15630900
09/09/2019,1680,1685,1665,1675,16638800
10/09/2019,1675,1680,1670,1680,20762000
11/09/2019,1680,1680,1645,1680,32795700
12/09/2019,1680,1690,1640,1690,18908500
13/09/2019,1680,1690,1655,1680,6903700
16/09/2019,1655,1680,1635,1680,26976900
17/09/2019,1675,1680,1665,1680,23823500
18/09/2019,1675,1680,1670,1680,33115300
19/09/2019,1680,1690,1675,1680,57726800
20/09/2019,1670,1675,1640,1665,50429400
23/09/2019,1660,1665,1660,1665,16192600
24/09/2019,1665,1670,1655,1660,30151800
25/09/2019,1660,1675,1650,1670,15618200
26/09/2019,1670,1675,1660,1670,24797500
27/09/2019,1680,1680,1665,1675,19302200
30/09/2019,1665,1680,1665,1675,31366800
01/10/2019,1650,1675,1650,1675,6910000
02/10/2019,1660,1680,1660,1670,9516000
03/10/2019,1640,1660,1630,1650,11511300
04/10/2019,1655,1655,1635,1650,19488200
07/10/2019,1650,1655,1620,1630,19631800
08/10/2019,1640,1660,1635,1660,22399600
09/10/2019,1650,1665,1650,1650,16388100
10/10/2019,1635,1660,1635,1650,7200500
11/10/2019,1655,1660,1650,1660,4397400
14/10/2019,1645,1675,1645,1670,7028700
15/10/2019,1660,1660,1625,1660,20787700
16/10/2019,1660,1670,1645,1655,75947300
17/10/2019,1660,1660,1650,1655,13880800
18/10/2019,1645,1650,1580,1625,14812700
21/10/2019,1645,1645,1605,1635,19021000
22/10/2019,1645,1645,1615,1630,30314200
23/10/2019,1605,1630,1590,1610,27558200
24/10/2019,1610,1615,1595,1615,35382900
25/10/2019,1615,1615,1560,1570,32521500
28/10/2019,1570,1615,1570,1605,31786900
29/10/2019,1600,1640,1600,1635,29620400
30/10/2019,1650,1650,1640,1645,30054100
31/10/2019,1655,1660,1565,1595,32757600
01/11/2019,1595,1640,1595,1625,22218400
04/11/2019,1640,1640,1550,1550,23333900
05/11/2019,1580,1610,1560,1610,30704900
06/11/2019,1550,1600,1550,1600,12598100
07/11/2019,1640,1640,1575,1585,21063300
08/11/2019,1585,1600,1565,1585,20392100
11/11/2019,1555,1610,1505,1555,35561600
12/11/2019,1545,1565,1525,1550,27976700
13/11/2019,1550,1555,1515,1520,28837900
14/11/2019,1510,1530,1505,1510,15455400
15/11/2019,1530,1540,1500,1510,11801400
18/11/2019,1510,1530,1490,1510,16541100
19/11/2019,1505,1520,1500,1520,14736200
20/11/2019,1500,1540,1495,1525,12690800
21/11/2019,1510,1530,1505,1525,13558000
22/11/2019,1530,1530,1510,1515,11006000
25/11/2019,1505,1525,1500,1515,21121300
26/11/2019,1550,1550,1510,1530,73213700
27/11/2019,1525,1530,1510,1515,27995500
28/11/2019,1510,1515,1480,1485,19711500
29/11/2019,1475,1535,1475,1525,16931000
02/12/2019,1535,1570,1525,1570,16641700
03/12/2019,1560,1600,1555,1600,16227300
04/12/2019,1590,1590,1560,1570,16765000
05/12/2019,1555,1565,1550,1565,9809000
06/12/2019,1550,1590,1550,1570,26183300
09/12/2019,1570,1580,1555,1565,11019400
10/12/2019,1555,1590,1555,1570,9935300
11/12/2019,1590,1590,1555,1565,17872900
12/12/2019,1550,1590,1545,1570,26446200
13/12/2019,1600,1600,1575,1600,18588700
16/12/2019,1605,1610,1565,1575,16279800
17/12/2019,1585,1635,1555,1635,46622200
18/12/2019,1635,1635,1610,1635,42302800
19/12/2019,1635,1635,1590,1610,16402600
20/12/2019,1590,1630,1590,1610,40962600
23/12/2019,1625,1640,1600,1625,30143000
26/12/2019,1600,1620,1580,1595,14648500
27/12/2019,1595,1615,1575,1615,8196900
30/12/2019,1600,1620,1590,1620,14635200
02/01/2020,1620,1635,1600,1615,14075700
03/01/2020,1620,1635,1610,1635,20606000
06/01/2020,1630,1640,1615,1640,10231400
07/01/2020,1635,1635,1600,1635,17153100
08/01/2020,1595,1615,1585,1585,11666700
09/01/2020,1585,1600,1570,1600,13555900
10/01/2020,1600,1615,1580,1600,15949700
13/01/2020,1590,1615,1590,1600,12854000
14/01/2020,1610,1610,1565,1585,24032800
15/01/2020,1585,1590,1560,1580,23321300
16/01/2020,1585,1680,1565,1665,29672400
17/01/2020,1665,1665,1600,1615,26629600
20/01/2020,1615,1635,1580,1620,8492800
21/01/2020,1630,1635,1605,1610,4057400
22/01/2020,1610,1620,1570,1590,12417900
23/01/2020,1590,1590,1555,1575,14530800
24/01/2020,1560,1570,1540,1540,13044800
27/01/2020,1540,1560,1510,1520,10525000
28/01/2020,1520,1520,1485,1500,15578300
29/01/2020,1505,1535,1490,1525,12069700
30/01/2020,1525,1545,1510,1515,12903500
31/01/2020,1535,1535,1430,1430,36468300
03/02/2020,1410,1485,1410,1470,15229400
04/02/2020,1480,1490,1470,1480,16757500
05/02/2020,1480,1485,1470,1485,14550100
06/02/2020,1485,1485,1455,1460,16990900
07/02/2020,1460,1485,1460,1470,12388300
10/02/2020,1485,1485,1450,1480,16341600
11/02/2020,1480,1480,1450,1460,6665900
12/02/2020,1450,1450,1405,1410,40079300
13/02/2020,1410,1410,1360,1370,29853100
14/02/2020,1370,1400,1360,1390,10208800
17/02/2020,1390,1405,1375,1390,5852800
18/02/2020,1390,1475,1390,1395,22990100
19/02/2020,1400,1455,1400,1435,13279400
20/02/2020,1450,1465,1400,1420,13565400
21/02/2020,1420,1425,1365,1365,30858700
24/02/2020,1360,1390,1340,1355,21385300
25/02/2020,1340,1400,1295,1295,23418400
26/02/2020,1290,1330,1270,1285,47271500
27/02/2020,1290,1295,1210,1250,39329700
28/02/2020,1215,1225,1175,1220,44307700
02/03/2020,1220,1265,1185,1195,31720700
03/03/2020,1215,1235,1205,1210,34175900
04/03/2020,1210,1290,1210,1275,30659400
05/03/2020,1300,1340,1295,1330,38274500
06/03/2020,1325,1325,1235,1235,25366200
09/03/2020,1220,1220,1140,1140,48812000
10/03/2020,1145,1210,1145,1155,38897600
11/03/2020,1165,1180,1100,1115,35408000
12/03/2020,1080,1085,1040,1045,23037600
13/03/2020,1045,1045,1045,1045,0
16/03/2020,1020,1125,995,1000,59267400
17/03/2020,1015,1045,955,995,72013900
18/03/2020,1005,1080,1000,1045,56301900
19/03/2020,1000,1055,975,975,40775100
20/03/2020,975,990,915,980,83889600
23/03/2020,980,980,915,915,40907000
24/03/2020,925,950,855,865,64666100
26/03/2020,870,1025,830,950,114141000
27/03/2020,960,1160,960,1010,180228800
30/03/2020,1010,1055,940,1045,59372100
31/03/2020,1055,1235,1055,1200,104586800
01/04/2020,1200,1290,1150,1165,111236300
02/04/2020,1200,1285,1110,1285,63583600
03/04/2020,1290,1300,1230,1250,59542900
06/04/2020,1290,1290,1225,1270,35382900
07/04/2020,1275,1310,1190,1230,68562800
08/04/2020,1230,1230,1145,1145,57568300
09/04/2020,1145,1175,1085,1140,58108500
13/04/2020,1140,1165,1100,1100,39794600
14/04/2020,1110,1190,1110,1185,42772000
15/04/2020,1200,1245,1185,1210,50981100
16/04/2020,1190,1210,1135,1145,42548300
17/04/2020,1170,1210,1170,1195,70564600
20/04/2020,1200,1235,1185,1200,44882900
21/04/2020,1195,1225,1155,1210,34694200
22/04/2020,1210,1290,1180,1250,66130900
23/04/2020,1265,1285,1230,1265,51439800
24/04/2020,1250,1265,1245,1255,43175900
27/04/2020,1275,1330,1255,1330,38936000
28/04/2020,1345,1445,1320,1445,61167100
29/04/2020,1450,1480,1445,1470,52010200
30/04/2020,1470,1500,1415,1440,53666000
04/05/2020,1400,1425,1350,1380,46895400
05/05/2020,1405,1420,1355,1360,17606400
06/05/2020,1380,1415,1360,1405,55190700
08/05/2020,1405,1440,1380,1400,37146000
11/05/2020,1410,1415,1385,1385,33331300
12/05/2020,1385,1420,1360,1385,30687000
13/05/2020,1400,1405,1355,1400,20203800
14/05/2020,1400,1400,1370,1400,35697000
15/05/2020,1400,1400,1370,1400,25213800
18/05/2020,1400,1400,1380,1400,17406600
19/05/2020,1400,1405,1380,1390,38331600
20/05/2020,1400,1400,1315,1340,50884000
26/05/2020,1355,1360,1320,1325,35300400
27/05/2020,1330,1340,1310,1320,22108500
28/05/2020,1340,1365,1315,1355,35733300
29/05/2020,1360,1460,1355,1415,206001100
02/06/2020,1365,1425,1320,1385,63506700
03/06/2020,1395,1425,1385,1415,62660000
04/06/2020,1440,1440,1400,1410,34757300
05/06/2020,1410,1430,1385,1410,22870400
08/06/2020,1415,1440,1415,1425,23174600
09/06/2020,1425,1450,1400,1410,28018500
10/06/2020,1410,1520,1400,1470,61440900
11/06/2020,1480,1490,1405,1420,27319800
12/06/2020,1420,1420,1350,1380,41876600
15/06/2020,1390,1420,1360,1405,25094000
16/06/2020,1415,1445,1415,1425,18727900
17/06/2020,1450,1450,1420,1430,32750200
18/06/2020,1400,1440,1400,1410,24563000
19/06/2020,1425,1460,1400,1460,48608900
22/06/2020,1440,1490,1440,1470,20082300
23/06/2020,1460,1470,1430,1435,12054700
24/06/2020,1435,1460,1430,1460,13277500
25/06/2020,1465,1465,1430,1455,8121400
26/06/2020,1460,1460,1430,1445,14323700
29/06/2020,1445,1455,1430,1440,13293100
30/06/2020,1440,1480,1435,1460,39455800
01/07/2020,1470,1480,1455,1465,15494600
02/07/2020,1465,1500,1460,1495,31753200
03/07/2020,1495,1510,1480,1495,9003800
06/07/2020,1495,1530,1490,1530,31247600
07/07/2020,1530,1545,1495,1515,25055700
08/07/2020,1500,1525,1500,1520,18521200
09/07/2020,1525,1540,1510,1530,33397400
10/07/2020,1530,1530,1470,1470,31067400
13/07/2020,1480,1495,1455,1460,18842500
14/07/2020,1460,1510,1460,1505,31936900
15/07/2020,1505,1525,1505,1510,26236800
16/07/2020,1510,1520,1470,1485,24543800
17/07/2020,1485,1500,1450,1465,17736000
20/07/2020,1465,1485,1465,1485,19394400
21/07/2020,1495,1695,1475,1520,420160800
22/07/2020,1535,1640,1520,1575,365930700
23/07/2020,1575,1655,1575,1615,378713700
24/07/2020,1600,1635,1510,1570,210299200
27/07/2020,1540,1610,1530,1550,108755400
28/07/2020,1550,1570,1510,1515,72817700
29/07/2020,1525,1555,1515,1525,87768200
30/07/2020,1530,1575,1530,1565,104773100
03/08/2020,1575,1585,1470,1560,87572700
04/08/2020,1585,1585,1560,1575,37390200
05/08/2020,1560,1640,1560,1615,118886200
06/08/2020,1615,1635,1600,1600,93925600
07/08/2020,1600,1610,1575,1580,32217900
10/08/2020,1600,1615,1585,1610,34923100
11/08/2020,1615,1620,1600,1600,21846900
12/08/2020,1620,1620,1600,1615,46451800
13/08/2020,1620,1625,1610,1625,45146800
14/08/2020,1625,1630,1615,1625,30761900
18/08/2020,1625,1630,1605,1620,35788100
19/08/2020,1630,1630,1605,1605,24769400
24/08/2020,1610,1620,1585,1600,24237900
25/08/2020,1600,1620,1595,1620,40737100
26/08/2020,1620,1625,1590,1590,31078500
27/08/2020,1605,1620,1600,1615,22442600
28/08/2020,1615,1625,1600,1610,16439300
31/08/2020,1605,1615,1580,1580,46202700
01/09/2020,1585,1605,1580,1595,17692900
02/09/2020,1610,1610,1585,1600,22441400
03/09/2020,1610,1610,1585,1595,24605200
04/09/2020,1590,1595,1555,1590,33556900
07/09/2020,1585,1600,1575,1600,17009800
08/09/2020,1600,1600,1580,1580,9604300
09/09/2020,1580,1585,1550,1555,28690100
10/09/2020,1550,1550,1470,1480,82214600
11/09/2020,1420,1580,1410,1575,38160300
14/09/2020,1590,1600,1570,1590,29711700
15/09/2020,1590,1590,1535,1545,26859400
16/09/2020,1545,1565,1525,1540,9081800
17/09/2020,1540,1555,1495,1515,18504500
18/09/2020,1520,1545,1500,1545,27388900
21/09/2020,1545,1545,1485,1500,13841800
22/09/2020,1460,1480,1440,1455,30309700
23/09/2020,1465,1530,1460,1530,26996700
24/09/2020,1500,1520,1475,1515,23564800
25/09/2020,1520,1585,1495,1580,35804500
28/09/2020,1580,1585,1525,1525,17599100
29/09/2020,1530,1560,1510,1510,22775100
30/09/2020,1515,1580,1515,1550,30404800
01/10/2020,1600,1650,1600,1610,84701900
02/10/2020,1620,1625,1545,1570,37452400
05/10/2020,1580,1600,1560,1565,14393000
06/10/2020,1580,1580,1560,1565,14093100
07/10/2020,1565,1590,1560,1590,18601400
08/10/2020,1590,1600,1565,1600,16693400
09/10/2020,1585,1590,1565,1570,14912300
12/10/2020,1585,1595,1565,1580,18457000
13/10/2020,1580,1585,1565,1585,15181500
14/10/2020,1585,1605,1565,1590,38990400
15/10/2020,1590,1595,1560,1560,23355700
16/10/2020,1555,1565,1540,1550,20957300
19/10/2020,1570,1585,1555,1570,27999500
20/10/2020,1580,1595,1560,1565,31977500
21/10/2020,1575,1575,1565,1565,18320700
22/10/2020,1570,1580,1565,1580,22801100
23/10/2020,1590,1590,1570,1585,13897500
26/10/2020,1590,1590,1540,1545,29947600
27/10/2020,1545,1555,1515,1525,35680300
02/11/2020,1530,1535,1475,1495,58395800
03/11/2020,1500,1505,1465,1475,42358100
04/11/2020,1475,1490,1455,1455,38146400
05/11/2020,1490,1510,1475,1500,45161400
06/11/2020,1510,1530,1500,1515,52447500
09/11/2020,1515,1520,1470,1480,68198900
10/11/2020,1530,1545,1490,1495,62694100
11/11/2020,1520,1520,1470,1470,63661600
12/11/2020,1475,1495,1475,1485,38384100
13/11/2020,1490,1495,1485,1495,12767200
16/11/2020,1505,1515,1480,1490,33134800
17/11/2020,1505,1510,1495,1500,33292200
18/11/2020,1505,1515,1495,1505,35735900
19/11/2020,1505,1510,1495,1495,33518700
20/11/2020,1505,1510,1495,1495,18059200
23/11/2020,1495,1505,1490,1495,33386700
24/11/2020,1495,1505,1480,1485,55053900
25/11/2020,1485,1490,1470,1470,32909400
26/11/2020,1475,1490,1470,1490,31101300
27/11/2020,1500,1500,1480,1480,40326700
30/11/2020,1490,1505,1440,1505,146595800
01/12/2020,1505,1510,1465,1485,46698600
02/12/2020,1500,1500,1475,1495,45553200
03/12/2020,1500,1505,1455,1465,71615300
04/12/2020,1465,1490,1455,1475,33404600
07/12/2020,1500,1515,1480,1485,65984300
08/12/2020,1500,1505,1470,1475,61017900
10/12/2020,1490,1500,1475,1480,50894900
11/12/2020,1490,1490,1465,1465,40746500
14/12/2020,1465,1485,1460,1485,25148000
15/12/2020,1485,1490,1470,1485,23441200
16/12/2020,1495,1590,1480,1545,152710000
17/12/2020,1550,1570,1530,1540,99783300
18/12/2020,1540,1550,1520,1540,55796800
21/12/2020,1545,1555,1530,1545,60691700
22/12/2020,1540,1545,1500,1505,46819400
23/12/2020,1520,1525,1455,1465,40311000
28/12/2020,1465,1505,1455,1500,28002400
29/12/2020,1500,1505,1475,1490,26060300
30/12/2020,1490,1500,1475,1480,24632300
04/01/2021,1500,1500,1470,1475,20906300
05/01/2021,1475,1485,1460,1470,34835700
06/01/2021,1470,1510,1455,1500,71557400
07/01/2021,1515,1535,1485,1485,42590000
08/01/2021,1500,1500,1485,1495,26719000
11/01/2021,1495,1835,1495,1760,563868500
12/01/2021,1800,1960,1675,1680,730883800
13/01/2021,1700,1715,1565,1565,318606200
14/01/2021,1565,1640,1500,1595,272061900
15/01/2021,1625,1680,1620,1645,215382800
18/01/2021,1655,1720,1620,1660,215422400
19/01/2021,1670,1680,1585,1585,83675200
20/01/2021,1650,1650,1570,1590,60163400
21/01/2021,1600,1700,1595,1655,161395300
22/01/2021,1665,1680,1595,1615,102447800
25/01/2021,1615,1620,1535,1605,70622700
26/01/2021,1605,1620,1535,1545,79451300
27/01/2021,1545,1560,1480,1510,73126300
28/01/2021,1500,1565,1485,1515,80221200
29/01/2021,1525,1550,1455,1465,79625700
01/02/2021,1450,1515,1420,1490,71988500
02/02/2021,1510,1560,1490,1520,73428200
03/02/2021,1525,1575,1525,1560,58843900
04/02/2021,1580,1590,1530,1545,41055300
05/02/2021,1570,1595,1540,1590,45768600
08/02/2021,1595,1605,1555,1570,30326700
09/02/2021,1590,1590,1500,1520,48636900
10/02/2021,1520,1535,1505,1525,25973600
11/02/2021,1530,1535,1505,1525,27319000
15/02/2021,1535,1545,1520,1525,21673000
16/02/2021,1540,1540,1515,1525,15732600
17/02/2021,1525,1530,1500,1515,32963400
18/02/2021,1525,1525,1490,1490,34834700
19/02/2021,1515,1610,1515,1585,152425200
22/02/2021,1595,1605,1560,1570,66610200
23/02/2021,1565,1570,1535,1540,34042400
24/02/2021,1540,1550,1500,1505,72954800
25/02/2021,1515,1525,1500,1500,52390100
26/02/2021,1490,1515,1470,1470,133986100
01/03/2021,1490,1525,1485,1520,58528000
02/03/2021,1530,1570,1520,1550,58307000
03/03/2021,1560,1565,1530,1550,48819600
04/03/2021,1550,1575,1530,1555,67889800
05/03/2021,1555,1560,1545,1555,35614600
08/03/2021,1555,1570,1550,1555,31401200
09/03/2021,1560,1565,1535,1545,38671000
10/03/2021,1560,1590,1550,1585,40133700
12/03/2021,1590,1615,1585,1595,71273800
15/03/2021,1605,1615,1580,1585,43715300
16/03/2021,1590,1595,1575,1585,22390500
17/03/2021,1595,1610,1590,1590,30764600
18/03/2021,1600,1605,1570,1575,19222800
19/03/2021,1575,1625,1565,1605,99339900
22/03/2021,1625,1635,1590,1600,29442900
23/03/2021,1595,1600,1555,1575,37466600
24/03/2021,1570,1570,1520,1525,34585300
25/03/2021,1525,1595,1520,1590,36607700
26/03/2021,1590,1590,1560,1580,11780400
29/03/2021,1580,1585,1530,1540,30661700
30/03/2021,1550,1570,1530,1540,23063900
31/03/2021,1540,1570,1515,1570,22300400
01/04/2021,1570,1570,1540,1550,17604600
05/04/2021,1565,1580,1550,1550,14155000
06/04/2021,1550,1565,1545,1555,23411100
07/04/2021,1560,1560,1545,1550,15104900
08/04/2021,1550,1570,1550,1565,17501800
09/04/2021,1570,1570,1535,1550,28744400
12/04/2021,1550,1550,1510,1510,14682200
13/04/2021,1510,1510,1485,1490,22230800
14/04/2021,1485,1500,1485,1495,23625400
15/04/2021,1495,1515,1485,1515,15550100
16/04/2021,1505,1510,1485,1495,25365600
19/04/2021,1500,1500,1490,1495,9322500
20/04/2021,1495,1510,1485,1495,14811000
21/04/2021,1495,1505,1495,1495,8530700
22/04/2021,1505,1510,1490,1490,11533000
23/04/2021,1490,1505,1490,1500,15203100
26/04/2021,1490,1500,1485,1485,10788100
27/04/2021,1485,1495,1475,1475,18573600
28/04/2021,1470,1480,1470,1470,19011800
29/04/2021,1470,1480,1465,1470,10495400
30/04/2021,1470,1475,1440,1440,33231500
03/05/2021,1450,1465,1430,1435,15108800
04/05/2021,1445,1475,1440,1470,16904400
05/05/2021,1470,1475,1445,1445,18379900
06/05/2021,1450,1460,1445,1460,26802700
07/05/2021,1450,1465,1445,1460,20893200
10/05/2021,1465,1470,1450,1470,18464900
11/05/2021,1470,1475,1440,1445,23113700
17/05/2021,1455,1465,1440,1460,31595500
18/05/2021,1450,1465,1435,1450,18704800
19/05/2021,1445,1450,1430,1445,22644700
20/05/2021,1440,1480,1440,1460,26107300
21/05/2021,1465,1475,1450,1470,10921100
24/05/2021,1475,1475,1450,1450,9693700
25/05/2021,1450,1465,1440,1460,22179100
27/05/2021,1460,1465,1420,1420,162541000
28/05/2021,1430,1440,1415,1440,24377200
31/05/2021,1445,1450,1420,1450,24095700
02/06/2021,1455,1460,1435,1445,30212300
03/06/2021,1450,1500,1445,1500,44274700
04/06/2021,1500,1500,1455,1485,23701700
07/06/2021,1485,1495,1460,1495,16701100
08/06/2021,1460,1470,1440,1450,17121600
09/06/2021,1450,1460,1435,1440,13979800
10/06/2021,1440,1450,1430,1440,20588200
11/06/2021,1440,1450,1435,1450,14598700
14/06/2021,1440,1455,1430,1435,18638300
15/06/2021,1445,1450,1430,1450,23112800
16/06/2021,1445,1450,1425,1425,12235400
17/06/2021,1425,1435,1405,1405,21227200
18/06/2021,1400,1405,1315,1360,97394900
21/06/2021,1310,1525,1280,1480,220726700
22/06/2021,1480,1515,1420,1420,67090200
23/06/2021,1420,1425,1355,1360,31460400
24/06/2021,1360,1380,1355,1370,28444200
25/06/2021,1380,1420,1345,1355,49431500
28/06/2021,1370,1405,1370,1375,36530100
29/06/2021,1385,1420,1375,1375,34027000
30/06/2021,1390,1415,1380,1400,28588600
01/07/2021,1400,1420,1385,1400,19917700
02/07/2021,1405,1420,1395,1400,12907400
05/07/2021,1400,1420,1370,1390,22506700
06/07/2021,1390,1400,1370,1370,21419400
07/07/2021,1375,1375,1340,1355,26750100
08/07/2021,1355,1355,1320,1325,32821200
09/07/2021,1325,1335,1320,1320,19171100
12/07/2021,1330,1350,1330,1335,34874000
13/07/2021,1340,1350,1325,1330,20606700
14/07/2021,1335,1370,1305,1365,34479500
15/07/2021,1370,1370,1345,1365,21126700
16/07/2021,1365,1390,1355,1390,22813100
19/07/2021,1390,1410,1365,1390,24056800
21/07/2021,1390,1395,1345,1350,31672600
22/07/2021,1350,1360,1350,1355,12050700
23/07/2021,1360,1365,1340,1345,17402300
26/07/2021,1350,1365,1345,1345,27036000
27/07/2021,1365,1365,1330,1340,23973200
28/07/2021,1340,1345,1310,1315,17882100
29/07/2021,1315,1320,1295,1295,39331900
30/07/2021,1305,1315,1260,1260,49489900
02/08/2021,1280,1315,1280,1305,55975500
03/08/2021,1310,1330,1310,1315,32658700
04/08/2021,1315,1325,1300,1305,16906900
05/08/2021,1310,1345,1290,1295,33208700
06/08/2021,1305,1305,1270,1270,38165500
09/08/2021,1300,1300,1240,1240,46508600
10/08/2021,1255,1305,1250,1305,55389800
12/08/2021,1305,1310,1270,1290,40262100
13/08/2021,1295,1305,1290,1300,22061200
16/08/2021,1305,1305,1280,1300,11843300
18/08/2021,1300,1310,1285,1310,25693500
19/08/2021,1300,1300,1240,1250,31387700
20/08/2021,1255,1300,1250,1295,23424000
23/08/2021,1275,1305,1275,1300,22388600
24/08/2021,1300,1305,1280,1295,23528300
25/08/2021,1305,1340,1290,1340,30449300
26/08/2021,1340,1345,1315,1345,23005600
27/08/2021,1345,1365,1330,1365,24342500
30/08/2021,1370,1395,1365,1395,49180500
31/08/2021,1395,1395,1335,1345,93408300
01/09/2021,1345,1375,1345,1365,31866400
02/09/2021,1365,1385,1345,1385,11738400
03/09/2021,1385,1440,1365,1440,49704400
06/09/2021,1440,1495,1415,1480,57271900
07/09/2021,1480,1480,1455,1460,16775400
08/09/2021,1460,1465,1410,1460,41785000
09/09/2021,1460,1490,1440,1490,42971600
10/09/2021,1490,1495,1460,1470,21709100
13/09/2021,1460,1470,1440,1470,8362500
14/09/2021,1445,1480,1445,1480,23492600
15/09/2021,1480,1490,1450,1490,19610700
16/09/2021,1490,1490,1440,1440,24009000
17/09/2021,1440,1460,1435,1450,30924100
20/09/2021,1450,1460,1425,1430,9378600
21/09/2021,1425,1450,1405,1405,14673100
22/09/2021,1420,1435,1410,1420,12157700
23/09/2021,1410,1440,1395,1395,21547200
24/09/2021,1425,1425,1385,1400,19823600
27/09/2021,1410,1410,1390,1400,10494500
28/09/2021,1415,1415,1380,1380,10162000
29/09/2021,1370,1410,1365,1410,24028200
30/09/2021,1410,1430,1400,1430,23730600
01/10/2021,1430,1430,1380,1400,21204400
04/10/2021,1400,1405,1375,1380,24057600
05/10/2021,1380,1390,1370,1370,15698000
06/10/2021,1370,1410,1365,1370,30270100
07/10/2021,1370,1415,1370,1370,37530500
08/10/2021,1375,1405,1370,1380,24962100
11/10/2021,1380,1385,1360,1360,20811400
12/10/2021,1360,1380,1355,1370,26638500
13/10/2021,1375,1385,1360,1385,29785100
14/10/2021,1390,1440,1380,1435,65304500
15/10/2021,1450,1455,1415,1445,45210300
18/10/2021,1450,1455,1425,1440,25759700
19/10/2021,1440,1450,1420,1450,16828400
21/10/2021,1460,1490,1450,1490,52190200
22/10/2021,1490,1490,1435,1455,34304000
25/10/2021,1455,1480,1440,1465,23810800
26/10/2021,1480,1605,1480,1540,166793500
27/10/2021,1540,1605,1510,1600,164887800
28/10/2021,1610,1610,1580,1590,102437000
29/10/2021,1600,1605,1590,1600,155669800
01/11/2021,1600,1605,1590,1590,63028700
02/11/2021,1590,1630,1565,1620,125599400
03/11/2021,1630,1640,1615,1635,139441900
04/11/2021,1640,1640,1610,1630,147923700
05/11/2021,1625,1650,1615,1630,120743600
08/11/2021,1630,1635,1610,1620,140655600
09/11/2021,1635,1635,1590,1620,50026200
10/11/2021,1620,1625,1605,1625,55784500
11/11/2021,1625,1630,1565,1590,52529900
12/11/2021,1590,1615,1590,1610,31257500
15/11/2021,1610,1615,1570,1595,20170900
16/11/2021,1600,1620,1575,1620,56316100
17/11/2021,1625,1625,1600,1615,23329400
18/11/2021,1610,1620,1600,1615,28281300
19/11/2021,1615,1620,1585,1595,22639000
22/11/2021,1595,1620,1590,1600,41133000
23/11/2021,1600,1610,1570,1610,31824100
24/11/2021,1610,1610,1595,1610,36474100
25/11/2021,1610,1620,1600,1620,48835900
26/11/2021,1615,1615,1555,1590,47932800
29/11/2021,1590,1610,1560,1605,66271400
30/11/2021,1605,1610,1590,1600,162594600
01/12/2021,1605,1610,1575,1590,44533500
02/12/2021,1590,1635,1585,1615,56231800
03/12/2021,1615,1625,1605,1610,41788400
06/12/2021,1615,1615,1580,1580,31633400
07/12/2021,1585,1615,1585,1615,24030800
08/12/2021,1605,1605,1595,1595,26973800
09/12/2021,1595,1615,1590,1610,42152900
10/12/2021,1610,1615,1595,1610,21711000
13/12/2021,1615,1615,1585,1605,30298500
14/12/2021,1610,1615,1600,1610,44663200
15/12/2021,1610,1620,1605,1615,32761400
16/12/2021,1620,1630,1610,1625,99342000
17/12/2021,1630,1630,1595,1610,41416100
20/12/2021,1615,1630,1605,1615,33529500
21/12/2021,1615,1620,1605,1605,23899000
22/12/2021,1605,1605,1545,1570,46200100
23/12/2021,1560,1605,1550,1590,29951800
24/12/2021,1590,1605,1570,1575,14266300
27/12/2021,1580,1615,1575,1610,14905100
28/12/2021,1610,1620,1605,1605,20479500
29/12/2021,1615,1620,1605,1615,13887200
30/12/2021,1615,1625,1610,1615,24016700
03/01/2022,1615,1625,1605,1620,25774000
04/01/2022,1620,1625,1610,1620,24471900
05/01/2022,1615,1625,1595,1625,47707800
06/01/2022,1620,1630,1600,1620,27428300
07/01/2022,1620,1685,1615,1655,87215800
10/01/2022,1665,1730,1665,1695,132840300
11/01/2022,1695,1695,1650,1675,44595500
12/01/2022,1675,1700,1660,1700,36149500
13/01/2022,1700,1700,1670,1700,28302700
14/01/2022,1700,1700,1685,1695,21589300
17/01/2022,1705,1710,1695,1705,36515000
18/01/2022,1710,1720,1695,1715,50948500
19/01/2022,1715,1720,1695,1700,71878500
20/01/2022,1715,1720,1695,1700,56582000
21/01/2022,1700,1710,1685,1705,22979900
24/01/2022,1705,1705,1620,1700,37893600
25/01/2022,1695,1700,1655,1700,31244100
26/01/2022,1690,1700,1665,1700,24644500
27/01/2022,1680,1700,1655,1690,22397200
28/01/2022,1670,1695,1660,1670,25104500
31/01/2022,1670,1680,1630,1640,17549900
02/02/2022,1650,1695,1645,1690,17161600
03/02/2022,1690,1690,1655,1660,23942400
04/02/2022,1660,1690,1655,1690,17949800
07/02/2022,1680,1690,1655,1685,15681800
08/02/2022,1660,1685,1640,1640,36457000
09/02/2022,1665,1665,1630,1650,27205100
10/02/2022,1660,1680,1640,1640,23853300
11/02/2022,1640,1655,1615,1635,22112600
14/02/2022,1635,1640,1575,1600,27660100
15/02/2022,1600,1655,1595,1640,31125900
16/02/2022,1640,1640,1615,1620,17463200
17/02/2022,1610,1620,1590,1600,31645800
18/02/2022,1600,1620,1600,1600,26231800
21/02/2022,1600,1625,1585,1590,32018300
22/02/2022,1590,1650,1585,1620,51416700
23/02/2022,1630,1650,1610,1650,44613000
24/02/2022,1645,1650,1595,1630,37300400
25/02/2022,1600,1645,1520,1645,116915300
01/03/2022,1635,1635,1575,1580,73898600
02/03/2022,1590,1630,1575,1600,63136800
04/03/2022,1600,1640,1590,1640,42707800
07/03/2022,1640,1640,1585,1605,40066800
08/03/2022,1605,1610,1575,1590,56565000
09/03/2022,1585,1615,1580,1585,19148100
10/03/2022,1590,1625,1590,1605,32861500
11/03/2022,1605,1630,1595,1615,14480100
14/03/2022,1620,1650,1600,1630,26761400
15/03/2022,1630,1630,1585,1620,35968000
16/03/2022,1615,1620,1580,1620,55709500
17/03/2022,1620,1620,1585,1610,34000900
18/03/2022,1610,1630,1595,1630,55156200
21/03/2022,1630,1650,1605,1650,23066400
22/03/2022,1645,1655,1615,1655,29045900
23/03/2022,1655,1660,1635,1660,37044800
24/03/2022,1640,1690,1640,1690,43946500
25/03/2022,1680,1690,1635,1670,52626100
28/03/2022,1660,1660,1630,1630,31051600
29/03/2022,1625,1660,1625,1630,26030300
30/03/2022,1635,1665,1630,1660,19430300
31/03/2022,1660,1660,1610,1610,45789300
01/04/2022,1610,1620,1595,1615,29819100
04/04/2022,1615,1685,1595,1685,25992600
05/04/2022,1670,1670,1610,1610,34164600
06/04/2022,1605,1615,1575,1595,49125700
07/04/2022,1590,1600,1550,1580,68102400
08/04/2022,1580,1605,1575,1580,36379600
11/04/2022,1580,1590,1550,1585,51859100
12/04/2022,1585,1590,1560,1585,46610200
13/04/2022,1585,1595,1575,1595,34085700
14/04/2022,1595,1600,1580,1585,26345100
18/04/2022,1585,1615,1585,1600,18765800
19/04/2022,1600,1610,1570,1575,42560700
20/04/2022,1590,1600,1560,1560,51769300
21/04/2022,1565,1610,1565,1600,32175900
22/04/2022,1600,1600,1540,1575,57504900
25/04/2022,1570,1620,1565,1605,33865200
26/04/2022,1605,1625,1600,1625,16248100
27/04/2022,1620,1630,1600,1615,30454300
28/04/2022,1615,1665,1615,1640,49356100
09/05/2022,1600,1655,1530,1530,76978200
10/05/2022,1530,1635,1530,1615,52064100
11/05/2022,1615,1635,1605,1635,50650000
12/05/2022,1635,1635,1555,1580,36570400
13/05/2022,1580,1645,1580,1600,49784100
17/05/2022,1625,1645,1615,1625,159495200
18/05/2022,1630,1635,1605,1625,111379300
19/05/2022,1625,1645,1575,1605,61712100
20/05/2022,1605,1660,1600,1625,61642000
23/05/2022,1625,1645,1615,1630,36912700
24/05/2022,1645,1655,1615,1615,49342000
25/05/2022,1620,1635,1600,1630,22287100
27/05/2022,1640,1640,1605,1610,32989700
30/05/2022,1615,1630,1615,1630,23066200
31/05/2022,1625,1675,1610,1675,115863900
02/06/2022,1670,1670,1585,1605,58671200
03/06/2022,1620,1625,1600,1600,27458200
06/06/2022,1600,1640,1595,1640,30976700
07/06/2022,1635,1640,1595,1595,39892100
08/06/2022,1600,1635,1595,1625,44783800
09/06/2022,1625,1655,1620,1635,65482700
10/06/2022,1625,1625,1600,1625,31155500
13/06/2022,1615,1625,1605,1625,38442100
14/06/2022,1610,1625,1605,1625,25687400
15/06/2022,1610,1625,1600,1615,25656400
16/06/2022,1615,1625,1610,1625,47197200
17/06/2022,1620,1630,1615,1625,44887100
20/06/2022,1625,1630,1620,1620,47509600
21/06/2022,1620,1625,1615,1625,34306700
22/06/2022,1625,1635,1620,1625,57150900
23/06/2022,1630,1700,1625,1700,86030200
24/06/2022,1710,1720,1685,1710,30114800
27/06/2022,1710,1710,1685,1695,23443100
28/06/2022,1710,1720,1695,1700,71276400
29/06/2022,1700,1705,1690,1690,48413700
30/06/2022,1690,1715,1660,1660,37727000
01/07/2022,1670,1705,1670,1685,29391000
04/07/2022,1680,1700,1615,1635,51526900
05/07/2022,1640,1695,1630,1690,23903000
06/07/2022,1690,1690,1665,1685,23649900
07/07/2022,1685,1695,1670,1680,16128800
08/07/2022,1675,1685,1650,1670,27956500
11/07/2022,1675,1700,1660,1700,14169600
12/07/2022,1700,1710,1680,1680,25137900
13/07/2022,1700,1700,1680,1690,46771600
14/07/2022,1690,1720,1685,1720,62948300
15/07/2022,1725,1725,1680,1680,21810800
18/07/2022,1675,1690,1650,1655,42585900
19/07/2022,1675,1705,1670,1700,40514700
20/07/2022,1690,1735,1685,1730,55562200
21/07/2022,1730,1730,1670,1680,48156000
22/07/2022,1690,1715,1675,1715,39897000
25/07/2022,1715,1715,1670,1690,29266000
26/07/2022,1710,1710,1680,1695,27325600
27/07/2022,1700,1705,1675,1690,28115000
28/07/2022,1685,1690,1665,1670,32757200
29/07/2022,1670,1680,1585,1620,99313700
01/08/2022,1620,1625,1570,1585,57374200
02/08/2022,1590,1600,1565,1590,54396100
03/08/2022,1590,1600,1575,1590,63652200
04/08/2022,1600,1600,1570,1595,93037900
05/08/2022,1595,1605,1590,1590,48888500
08/08/2022,1615,1615,1585,1615,39012000
09/08/2022,1615,1630,1585,1585,49268200
10/08/2022,1585,1600,1575,1600,26886700
11/08/2022,1610,1610,1585,1585,39752900
12/08/2022,1585,1615,1585,1615,24070900
15/08/2022,1625,1625,1595,1595,26916300
16/08/2022,1610,1635,1595,1635,48444300
18/08/2022,1645,1670,1625,1635,91254000
19/08/2022,1635,1640,1610,1610,25423300
22/08/2022,1610,1620,1590,1610,28461400
23/08/2022,1630,1645,1625,1625,49113600
24/08/2022,1620,1640,1605,1615,17502700
25/08/2022,1615,1640,1610,1610,26101800
26/08/2022,1630,1635,1605,1620,26577900
29/08/2022,1610,1640,1610,1630,17284600
30/08/2022,1660,1660,1620,1630,64797200
31/08/2022,1620,1680,1600,1680,79897200
01/09/2022,1680,1680,1640,1655,13257300
02/09/2022,1665,1685,1655,1675,30355500
05/09/2022,1655,1665,1640,1640,11291400
06/09/2022,1640,1670,1635,1660,26368700
07/09/2022,1650,1670,1650,1665,25598300
08/09/2022,1665,1680,1660,1665,24542300
09/09/2022,1680,1720,1675,1700,40502200
12/09/2022,1725,1750,1710,1750,29347500
13/09/2022,1770,1830,1760,1795,68663000
14/09/2022,1760,1825,1745,1795,33147400
15/09/2022,1825,1865,1810,1835,68525700
16/09/2022,1835,1900,1825,1900,112579900
19/09/2022,1900,1930,1855,1875,86049100
20/09/2022,1870,1875,1840,1850,53757900
21/09/2022,1845,1850,1820,1840,48378000
22/09/2022,1830,1865,1825,1855,62485200
23/09/2022,1850,1850,1835,1845,35652700
26/09/2022,1845,1855,1830,1850,81519600
27/09/2022,1825,1865,1825,1850,79268200
28/09/2022,1855,1855,1795,1820,40202000
29/09/2022,1790,1855,1790,1830,34876300
30/09/2022,1830,1850,1825,1830,50240300
03/10/2022,1830,1840,1800,1810,20938800
04/10/2022,1830,1845,1790,1815,22605800
05/10/2022,1815,1850,1815,1845,16903000
06/10/2022,1850,1865,1835,1850,33851500
07/10/2022,1850,1855,1830,1845,29216100
10/10/2022,1845,1905,1835,1895,24787700
11/10/2022,1895,1900,1835,1835,33465900
12/10/2022,1850,1900,1850,1900,23860300
13/10/2022,1860,1860,1850,1860,67251900
14/10/2022,1855,1860,1845,1845,34128200
17/10/2022,1845,1945,1845,1930,93740100
18/10/2022,1935,1940,1885,1900,107641800
19/10/2022,1900,1980,1875,1980,66266800
20/10/2022,1960,2070,1945,2030,117918400
21/10/2022,2030,2050,1965,1975,65666200
24/10/2022,1975,2050,1955,1995,30724200
25/10/2022,2020,2070,1975,2000,44422400
26/10/2022,2000,2050,2000,2040,22343400
27/10/2022,2030,2040,2010,2010,59875500
28/10/2022,2030,2030,1995,2020,37954400
31/10/2022,2030,2080,2020,2050,98912400
01/11/2022,2050,2050,1975,1985,62496200
02/11/2022,1945,1980,1875,1970,80371900
03/11/2022,1970,1985,1930,1970,36548900
04/11/2022,1970,1970,1910,1965,40378400
07/11/2022,1970,2020,1955,2020,53098200
08/11/2022,2050,2050,1955,1980,28466700
09/11/2022,1970,1990,1930,1960,50696100
10/11/2022,1950,1980,1935,1980,26816600
11/11/2022,1980,2040,1970,2000,67795400
14/11/2022,2060,2060,1980,2010,17679800
15/11/2022,2030,2050,2010,2030,29218700
16/11/2022,2030,2030,2000,2030,17946700
17/11/2022,2030,2050,2010,2030,18995500
18/11/2022,2050,2080,2010,2060,21737700
21/11/2022,2080,2150,2030,2110,36647800
22/11/2022,2150,2150,2020,2020,29365400
23/11/2022,2030,2060,2000,2050,25096500
24/11/2022,2050,2110,2010,2070,28228800
25/11/2022,2050,2100,2020,2100,22959700
28/11/2022,2090,2150,2050,2120,44193200
29/11/2022,2130,2140,2060,2100,34545100
30/11/2022,2100,2140,2070,2070,199167700
01/12/2022,2050,2090,2010,2050,36250600
02/12/2022,2010,2060,2010,2060,20615100
05/12/2022,2030,2090,2010,2060,23264800
06/12/2022,2060,2060,1960,2030,29565600
07/12/2022,2020,2040,1995,2030,39551300
08/12/2022,2020,2140,2000,2140,26193800
09/12/2022,2140,2140,2060,2130,31532700
12/12/2022,2130,2170,2060,2150,35819700
13/12/2022,2160,2170,2090,2110,32483200
14/12/2022,2110,2150,2090,2120,21458700
15/12/2022,2080,2110,2040,2050,42287000
16/12/2022,2030,2120,2020,2120,78765700
19/12/2022,2100,2170,2060,2170,33261000
20/12/2022,2130,2170,2070,2100,20441700
21/12/2022,2090,2100,2050,2100,23249900
22/12/2022,2070,2090,2040,2060,25628500
23/12/2022,2050,2070,2020,2040,21975000
26/12/2022,2040,2080,2020,2070,11136200
27/12/2022,2080,2080,2020,2030,11941300
28/12/2022,2030,2040,2020,2030,17306900
29/12/2022,2020,2090,2020,2090,20241300
30/12/2022,2080,2090,2040,2090,24171100
02/01/2023,2090,2110,2060,2060,2631000
03/01/2023,2050,2140,2050,2120,9282100
04/01/2023,2120,2140,2080,2090,18204200
05/01/2023,2090,2110,2040,2070,24355100
06/01/2023,2050,2070,2020,2050,24694200
09/01/2023,2070,2100,2040,2100,16257600
10/01/2023,2100,2110,2040,2050,22750900
11/01/2023,2050,2070,2020,2040,20078400
12/01/2023,2030,2050,2020,2020,25827400
13/01/2023,2030,2060,2000,2050,27201200
16/01/2023,2050,2060,2020,2060,26503700
17/01/2023,2060,2090,2050,2070,19593900
18/01/2023,2080,2090,2030,2090,25470900
19/01/2023,2070,2100,2050,2100,13570700
20/01/2023,2100,2100,2060,2060,15027500
24/01/2023,2040,2080,2030,2060,12531800
25/01/2023,2060,2080,2030,2050,12840200
26/01/2023,2050,2060,2020,2040,20288500
27/01/2023,2040,2060,2030,2050,23462500
30/01/2023,2050,2150,2020,2150,22700400
31/01/2023,2150,2160,2050,2060,72512700
01/02/2023,2060,2090,2060,2080,23314300
02/02/2023,2100,2200,2080,2200,67982100
03/02/2023,2200,2270,2170,2180,21774000
06/02/2023,2150,2190,2110,2170,23459000
07/02/2023,2170,2250,2140,2210,18130200
08/02/2023,2180,2270,2180,2250,24568500
09/02/2023,2250,2270,2190,2250,21628300
10/02/2023,2250,2360,2210,2360,30431100
13/02/2023,2360,2360,2230,2230,27916400
14/02/2023,2230,2350,2200,2330,33642000
15/02/2023,2300,2320,2270,2310,18109600
16/02/2023,2290,2310,2280,2290,10569500
17/02/2023,2280,2330,2240,2250,22609100
20/02/2023,2260,2300,2250,2300,18255500
21/02/2023,2300,2310,2260,2290,12838200
22/02/2023,2280,2280,2130,2160,56438400
23/02/2023,2150,2180,2030,2180,56207900
24/02/2023,2170,2270,2150,2270,22398100
27/02/2023,2240,2240,2120,2170,39487100
28/02/2023,2170,2180,2110,2110,92212400
01/03/2023,2100,2140,2090,2110,13968900
02/03/2023,2120,2130,2100,2100,15271000
03/03/2023,2100,2120,2040,2060,39606500
06/03/2023,2080,2120,2070,2110,27319100
07/03/2023,2100,2110,2060,2080,24611800
08/03/2023,2080,2120,2050,2100,24318700
09/03/2023,2100,2100,2080,2080,16285200
10/03/2023,2080,2090,2050,2060,21501800
13/03/2023,2050,2110,2050,2110,19186000
14/03/2023,2110,2120,2070,2090,19329800
15/03/2023,2090,2120,2070,2070,25129200
16/03/2023,2080,2150,2080,2130,24002300
17/03/2023,2150,2220,2150,2220,118558700
20/03/2023,2220,2220,2130,2170,14432700
21/03/2023,2160,2210,2130,2210,33220400
24/03/2023,2350,2350,2130,2130,36062700
27/03/2023,2160,2160,2090,2100,18006100
28/03/2023,2130,2190,2120,2150,33190400
29/03/2023,2190,2220,2150,2200,35518000
30/03/2023,2200,2210,2140,2170,21147600
31/03/2023,2160,2170,2090,2100,39487500
03/04/2023,2100,2100,2040,2080,39144600
04/04/2023,2080,2130,2070,2100,39340200
05/04/2023,2110,2150,2090,2090,21920600
06/04/2023,2100,2100,2050,2050,16191700
10/04/2023,2050,2070,2030,2070,14604800
11/04/2023,2070,2080,2050,2070,12614600
12/04/2023,2060,2060,2020,2040,40144000
13/04/2023,2060,2060,2030,2030,21326200
14/04/2023,2040,2080,2040,2060,30646000
17/04/2023,2070,2090,2030,2040,43702800
18/04/2023,2030,2080,2030,2060,25079900
26/04/2023,2040,2090,2020,2080,77840300
27/04/2023,2080,2120,2070,2120,11342900
28/04/2023,2120,2130,2060,2120,26544400
02/05/2023,2120,2120,2030,2070,38222900
03/05/2023,2060,2060,2020,2060,68209600
04/05/2023,2060,2090,2040,2090,31081500
05/05/2023,2090,2150,2070,2150,24418800
08/05/2023,2150,2150,2070,2100,31552100
09/05/2023,2080,2100,2060,2060,14251400
10/05/2023,2060,2110,2060,2060,19898500
11/05/2023,2070,2130,2060,2130,45802400
12/05/2023,2090,2120,2070,2110,20176200
15/05/2023,2110,2140,2100,2140,17513900
16/05/2023,2140,2200,2120,2200,18569300
17/05/2023,2190,2190,2130,2160,17462800
19/05/2023,2160,2170,2070,2170,30346900
22/05/2023,2170,2180,2120,2130,20090900
23/05/2023,2110,2160,2100,2120,42918300
24/05/2023,2090,2120,2040,2040,57639500
25/05/2023,2040,2080,2040,2050,28601500
26/05/2023,2050,2080,2040,2050,23341900
29/05/2023,2050,2110,2050,2110,28726300
30/05/2023,2110,2130,2070,2070,18171400
31/05/2023,2070,2100,2030,2030,270941900
05/06/2023,2070,2090,2030,2050,72504600
06/06/2023,2050,2070,1920,2040,71091800
07/06/2023,2030,2050,2000,2050,65246600
08/06/2023,2050,2070,2030,2040,17271000
09/06/2023,2040,2070,2020,2050,34354400
12/06/2023,2070,2070,2030,2060,22303000
13/06/2023,2060,2080,2030,2080,22482300
14/06/2023,2080,2080,2040,2050,26515000
15/06/2023,2050,2080,2030,2080,22591500
16/06/2023,2070,2100,2040,2100,56618400
19/06/2023,2060,2080,2050,2070,12624000
20/06/2023,2070,2080,2050,2070,18373900
21/06/2023,2080,2080,2050,2050,19151200
22/06/2023,2060,2060,2020,2020,45701700
23/06/2023,2020,2060,2000,2050,29118600
26/06/2023,2060,2070,2040,2070,12739800
27/06/2023,2040,2060,2040,2050,34950500
03/07/2023,2050,2060,2020,2020,63533500
04/07/2023,2020,2030,1965,1985,75416000
05/07/2023,1985,2030,1985,2010,51042500
06/07/2023,2000,2010,1985,1990,39236900
07/07/2023,1990,1995,1975,1990,39362000
10/07/2023,1990,2020,1990,2000,32144400
11/07/2023,2000,2030,1995,2030,28824700
12/07/2023,2020,2030,1995,2000,40082300
13/07/2023,2000,2060,2000,2020,37406000
14/07/2023,2040,2090,2030,2070,29285700
17/07/2023,2070,2090,2020,2020,39937300
18/07/2023,2040,2040,1980,2000,65524300
20/07/2023,1990,2000,1950,1950,79634100
21/07/2023,1950,1970,1925,1970,42962900
24/07/2023,1970,1985,1960,1970,24367300
25/07/2023,1960,1965,1940,1965,40692500
26/07/2023,1970,1970,1925,1935,25482000
27/07/2023,1920,1925,1905,1905,62633600
28/07/2023,1905,1925,1895,1910,44609300
31/07/2023,1915,1935,1885,1915,70534200
01/08/2023,1900,1910,1795,1805,125530500
02/08/2023,1805,1810,1770,1795,91491000
03/08/2023,1820,1895,1810,1885,40142500
04/08/2023,1885,1895,1860,1875,17972100
07/08/2023,1905,1905,1850,1850,38131200
08/08/2023,1845,1875,1845,1855,19920800
09/08/2023,1855,1875,1855,1875,17220000
10/08/2023,1875,1875,1825,1845,31667300
11/08/2023,1840,1855,1830,1850,16674600
14/08/2023,1855,1855,1815,1850,36798900
15/08/2023,1865,1875,1845,1850,23619600
16/08/2023,1850,1870,1835,1870,12646100
18/08/2023,1870,1870,1840,1845,50347600
21/08/2023,1845,1860,1830,1845,12787100
22/08/2023,1830,1855,1825,1855,14606900
23/08/2023,1850,1855,1810,1810,34969400
24/08/2023,1810,1825,1805,1810,28276000
25/08/2023,1820,1820,1800,1810,16350700
28/08/2023,1815,1825,1805,1805,13537400
29/08/2023,1815,1875,1805,1860,29399700
30/08/2023,1860,1870,1830,1845,18648400
31/08/2023,1840,1840,1815,1815,48819500
01/09/2023,1820,1820,1760,1775,25897000
04/09/2023,1775,1820,1740,1785,33778600
05/09/2023,1785,1785,1755,1770,26047300
06/09/2023,1760,1765,1735,1740,29734200
07/09/2023,1735,1740,1670,1705,59123900
08/09/2023,1700,1720,1660,1720,55673400
11/09/2023,1720,1860,1720,1860,58535600
12/09/2023,1855,1865,1805,1820,41058000
13/09/2023,1820,1820,1760,1785,40498300
14/09/2023,1785,1825,1775,1785,35127100
15/09/2023,1765,1800,1755,1765,64227000
18/09/2023,1765,1840,1765,1815,29281000
19/09/2023,1820,1820,1780,1790,26756200
20/09/2023,1790,1795,1750,1750,41154900
21/09/2023,1750,1815,1740,1815,32625300
22/09/2023,1815,1820,1780,1780,23992200
25/09/2023,1785,1810,1775,1775,21196100
26/09/2023,1780,1810,1780,1805,18365400
27/09/2023,1805,1805,1750,1755,18244000
29/09/2023,1755,1775,1745,1755,22639600
02/10/2023,1750,1795,1750,1785,23826000
03/10/2023,1785,1800,1760,1795,17612700
04/10/2023,1770,1785,1740,1765,28841300
05/10/2023,1780,1860,1770,1835,32076300
06/10/2023,1840,1860,1835,1835,23319900
09/10/2023,1825,1830,1780,1780,19018900
10/10/2023,1780,1795,1755,1755,14881700
11/10/2023,1770,1770,1745,1750,21443100
12/10/2023,1750,1760,1740,1740,15541900
13/10/2023,1730,1765,1730,1750,11069700
16/10/2023,1765,1775,1755,1760,6388200
17/10/2023,1770,1870,1770,1825,38125100
18/10/2023,1825,1830,1805,1805,7358800
19/10/2023,1805,1810,1775,1800,30146000
20/10/2023,1800,1830,1760,1770,17027100
23/10/2023,1780,1790,1760,1770,14040000
24/10/2023,1770,1865,1770,1825,32868900
25/10/2023,1830,1830,1760,1760,25913500
26/10/2023,1760,1775,1750,1750,14364300
27/10/2023,1775,1775,1750,1755,16699100
30/10/2023,1750,1760,1690,1705,24521300
31/10/2023,1705,1750,1585,1690,84591000
01/11/2023,1670,1670,1550,1605,90226000
02/11/2023,1605,1690,1580,1595,61585900
03/11/2023,1595,1620,1570,1590,32629000
06/11/2023,1595,1635,1590,1615,22496600
07/11/2023,1610,1625,1595,1605,28239600
08/11/2023,1610,1615,1585,1615,21281000
09/11/2023,1615,1645,1615,1620,14238800
10/11/2023,1620,1625,1585,1590,16704000
13/11/2023,1605,1635,1595,1600,14028100
14/11/2023,1590,1620,1560,1605,24224400
15/11/2023,1615,1625,1590,1610,30926600
16/11/2023,1610,1615,1580,1615,44734100
17/11/2023,1605,1620,1585,1620,43668800
20/11/2023,1615,1630,1600,1625,14474100
21/11/2023,1615,1620,1595,1605,30532300
22/11/2023,1620,1680,1620,1645,28702700
23/11/2023,1645,1675,1635,1640,22415700
24/11/2023,1640,1650,1590,1595,23731900
27/11/2023,1605,1640,1595,1625,25615200
28/11/2023,1625,1640,1600,1605,48173500
29/11/2023,1610,1635,1600,1605,22564800
30/11/2023,1600,1650,1585,1615,138930200
01/12/2023,1610,1695,1605,1665,37087700
04/12/2023,1665,1670,1635,1640,16280100
05/12/2023,1645,1680,1620,1660,21335900
06/12/2023,1680,1735,1675,1700,34553800
07/12/2023,1700,1725,1650,1670,28217700
08/12/2023,1670,1680,1620,1645,21423900
11/12/2023,1645,1645,1605,1630,24836400
12/12/2023,1630,1635,1600,1610,13677300
13/12/2023,1610,1610,1575,1610,58989200
14/12/2023,1615,1620,1595,1600,42641800
15/12/2023,1555,1620,1555,1600,124244000
18/12/2023,1610,1620,1590,1615,33861800
19/12/2023,1620,1665,1600,1660,35486800
20/12/2023,1670,1670,1610,1615,23730800
21/12/2023,1615,1620,1595,1600,15974500
22/12/2023,1605,1620,1585,1585,24334200
27/12/2023,1600,1630,1580,1620,17926300
28/12/2023,1620,1625,1605,1620,12132400
29/12/2023,1625,1630,1600,1610,9755000
02/01/2024,1610,1620,1600,1620,9431600
03/01/2024,1620,1620,1595,1605,11021100
04/01/2024,1605,1620,1590,1590,16377400
05/01/2024,1600,1605,1580,1580,35255400
08/01/2024,1580,1600,1555,1590,132829500
09/01/2024,1590,1595,1560,1590,82106400
10/01/2024,1590,1595,1580,1580,26139600
11/01/2024,1590,1600,1565,1595,30429900
12/01/2024,1585,1600,1565,1595,69328700
15/01/2024,1595,1595,1580,1590,20946300
16/01/2024,1590,1610,1580,1585,29062200
17/01/2024,1585,1600,1555,1580,186920700
18/01/2024,1570,1590,1555,1580,58898900
19/01/2024,1580,1580,1555,1555,21475600
22/01/2024,1555,1565,1530,1555,38130800
23/01/2024,1555,1560,1525,1555,63568200
24/01/2024,1555,1595,1550,1595,19226900
25/01/2024,1600,1600,1575,1575,13335500
26/01/2024,1575,1575,1530,1540,18469700
29/01/2024,1540,1540,1475,1510,65901500
30/01/2024,1495,1515,1475,1510,37016900
31/01/2024,1500,1530,1495,1510,49470200
01/02/2024,1510,1515,1475,1510,93332300
02/02/2024,1510,1540,1495,1540,43348900
05/02/2024,1540,1555,1510,1545,40439700
06/02/2024,1545,1550,1510,1545,46060600
07/02/2024,1545,1555,1500,1500,42017800
12/02/2024,1505,1515,1485,1490,32025600
13/02/2024,1490,1510,1480,1480,44531200
15/02/2024,1500,1510,1455,1455,46620500
16/02/2024,1455,1495,1430,1485,88428200
19/02/2024,1485,1490,1455,1470,48617400
20/02/2024,1470,1515,1470,1500,42400100
21/02/2024,1500,1500,1470,1490,33174100
22/02/2024,1490,1490,1460,1485,26672500
23/02/2024,1485,1485,1455,1475,36344800
26/02/2024,1470,1480,1445,1470,67334500
27/02/2024,1470,1470,1445,1460,23172600
28/02/2024,1460,1465,1450,1455,9295000
29/02/2024,1455,1490,1445,1490,61501900
01/03/2024,1485,1495,1470,1490,31150600
04/03/2024,1490,1505,1470,1500,42941300
05/03/2024,1490,1510,1485,1485,18808600
06/03/2024,1485,1500,1485,1500,11294200
07/03/2024,1490,1500,1465,1465,22144800
08/03/2024,1465,1470,1440,1440,40731700
13/03/2024,1460,1470,1425,1425,35365600
14/03/2024,1430,1445,1420,1435,26353000
15/03/2024,1425,1445,1405,1430,159383200
18/03/2024,1430,1440,1415,1415,32143000
19/03/2024,1420,1440,1415,1415,40795900
20/03/2024,1420,1480,1420,1480,25865500
21/03/2024,1485,1510,1460,1460,42424300
22/03/2024,1485,1515,1475,1485,12094700
25/03/2024,1520,1520,1485,1520,22175400
26/03/2024,1535,1535,1500,1505,32682200
27/03/2024,1515,1515,1460,1460,20490100
28/03/2024,1475,1485,1450,1475,30183200
01/04/2024,1480,1480,1450,1465,30519700
02/04/2024,1475,1475,1435,1475,46015200
03/04/2024,1480,1510,1460,1500,38921200
04/04/2024,1505,1505,1480,1500,12988800
05/04/2024,1500,1500,1480,1480,5654100
16/04/2024,1510,1510,1440,1450,47729000
17/04/2024,1475,1525,1450,1455,24631000
18/04/2024,1465,1465,1410,1415,25353800
19/04/2024,1420,1420,1375,1400,21853800
22/04/2024,1410,1420,1385,1405,19470000
23/04/2024,1420,1440,1400,1425,14086900
24/04/2024,1415,1420,1395,1405,18850300
25/04/2024,1420,1460,1410,1430,20178700
26/04/2024,1450,1450,1405,1405,17000000
29/04/2024,1425,1440,1395,1405,49323400
30/04/2024,1410,1495,1405,1455,51225600
02/05/2024,1490,1510,1455,1490,58959900
03/05/2024,1505,1515,1460,1490,24941100
06/05/2024,1535,1535,1440,1455,29176400
07/05/2024,1450,1465,1440,1445,31043500
08/05/2024,1455,1465,1415,1420,48390500
13/05/2024,1430,1440,1405,1425,37882500
14/05/2024,1430,1445,1405,1410,36320000
15/05/2024,1420,1465,1415,1445,36425200
16/05/2024,1445,1450,1435,1445,36922100
17/05/2024,1450,1530,1450,1500,53345000
20/05/2024,1505,1530,1505,1530,23932100
21/05/2024,1535,1535,1490,1505,46767000
22/05/2024,1530,1575,1510,1560,55916700
27/05/2024,1560,1580,1530,1565,48754200
28/05/2024,1560,1575,1540,1550,27878800
29/05/2024,1530,1535,1480,1515,29138000
30/05/2024,1525,1555,1495,1520,30139500
31/05/2024,1545,1545,1490,1490,117693500
03/06/2024,1475,1540,1475,1520,28092300
04/06/2024,1535,1565,1525,1540,30497600
05/06/2024,1575,1575,1530,1550,73123500
06/06/2024,1570,1595,1550,1575,69323600
07/06/2024,1575,1615,1565,1600,68422100
10/06/2024,1605,1620,1585,1595,36525400
11/06/2024,1590,1605,1555,1555,26347800
12/06/2024,1590,1590,1545,1565,10933200
13/06/2024,1565,1595,1555,1565,24309100
14/06/2024,1565,1600,1560,1565,19618600
19/06/2024,1575,1595,1530,1555,24324500
20/06/2024,1560,1580,1535,1560,16419000
21/06/2024,1560,1595,1560,1570,46830200
24/06/2024,1565,1570,1545,1550,38790000
25/06/2024,1545,1545,1520,1525,18020100
26/06/2024,1525,1540,1520,1535,11745400
27/06/2024,1545,1555,1530,1540,16625500
28/06/2024,1525,1550,1525,1525,25765800
01/07/2024,1540,1545,1505,1505,19433500
02/07/2024,1505,1510,1430,1440,62377100
03/07/2024,1450,1465,1435,1455,29725600
04/07/2024,1455,1485,1445,1470,20834000
05/07/2024,1475,1525,1465,1490,17277000
08/07/2024,1505,1560,1500,1560,47099200
09/07/2024,1560,1570,1550,1550,31780300
10/07/2024,1550,1550,1525,1530,9716000
11/07/2024,1540,1570,1530,1565,21348500
12/07/2024,1580,1590,1555,1560,29000600
15/07/2024,1565,1570,1555,1560,17232700
16/07/2024,1575,1575,1560,1565,47366600
17/07/2024,1585,1590,1550,1570,42543100
18/07/2024,1550,1585,1550,1570,27278200
19/07/2024,1555,1600,1555,1575,49564300
22/07/2024,1600,1600,1565,1575,16838600
23/07/2024,1565,1590,1565,1575,14509200
24/07/2024,1580,1585,1565,1575,15333000
25/07/2024,1580,1595,1555,1590,18442600
26/07/2024,1600,1600,1570,1575,27215900
29/07/2024,1575,1575,1545,1560,34373400
30/07/2024,1570,1570,1540,1565,18284100
31/07/2024,1570,1610,1560,1590,39831000
01/08/2024,1590,1670,1590,1650,68481800
02/08/2024,1650,1650,1615,1640,30857100
05/08/2024,1620,1635,1600,1630,18928900
06/08/2024,1650,1660,1625,1645,34238100
07/08/2024,1635,1660,1635,1650,18663700
08/08/2024,1645,1680,1645,1655,39547500
09/08/2024,1660,1685,1655,1665,28726400
12/08/2024,1670,1680,1650,1670,24929900
13/08/2024,1680,1680,1655,1665,23657700
14/08/2024,1660,1690,1655,1680,85483000
15/08/2024,1670,1680,1645,1670,33440700
16/08/2024,1690,1690,1640,1650,20882800
19/08/2024,1630,1655,1600,1610,36968000
20/08/2024,1625,1720,1620,1700,48149200
21/08/2024,1745,1750,1710,1730,27468300
22/08/2024,1710,1750,1705,1725,39387100
23/08/2024,1750,1750,1705,1720,14712400
26/08/2024,1705,1750,1705,1730,36332700
27/08/2024,1730,1765,1715,1740,41882400
28/08/2024,1770,1795,1725,1725,29151100
29/08/2024,1750,1750,1695,1700,18397600
30/08/2024,1700,1700,1635,1650,76268200
02/09/2024,1650,1695,1650,1680,19751100
03/09/2024,1680,1705,1645,1680,27745900
04/09/2024,1695,1740,1680,1730,18218900
05/09/2024,1730,1760,1690,1690,29701400
06/09/2024,1690,1790,1690,1710,38817500
09/09/2024,1710,1755,1710,1740,32323400
10/09/2024,1775,1785,1730,1740,37848800
11/09/2024,1735,1750,1705,1720,12867500
12/09/2024,1710,1755,1710,1740,22782500
13/09/2024,1735,1735,1700,1705,26363700
17/09/2024,1710,1730,1705,1705,11301100
18/09/2024,1705,1750,1705,1750,17766800
19/09/2024,1765,1765,1725,1730,36027300
20/09/2024,1730,1750,1700,1720,53855900
23/09/2024,1745,1765,1725,1735,26807400
24/09/2024,1730,1755,1705,1745,50069500
25/09/2024,1760,1760,1715,1740,43953100
26/09/2024,1755,1755,1730,1740,43183000
27/09/2024,1750,1750,1720,1735,26166200
30/09/2024,1750,1750,1715,1725,32208200
01/10/2024,1725,1750,1715,1740,17776300
02/10/2024,1720,1730,1710,1725,34292400
03/10/2024,1725,1745,1720,1740,29339700
04/10/2024,1740,1745,1725,1740,23888900
07/10/2024,1730,1745,1720,1730,15628300
08/10/2024,1730,1730,1675,1700,29450900
09/10/2024,1695,1695,1655,1670,22130300
10/10/2024,1665,1675,1620,1650,20146400
11/10/2024,1680,1720,1655,1720,21201000
14/10/2024,1720,1740,1695,1715,14663800
15/10/2024,1715,1755,1715,1750,40200700
16/10/2024,1770,1770,1725,1730,23659600
17/10/2024,1730,1735,1690,1690,30025500
18/10/2024,1700,1715,1680,1715,26148500
21/10/2024,1715,1720,1660,1660,28486500
22/10/2024,1670,1710,1660,1680,39527600
23/10/2024,1680,1690,1660,1675,17965800
24/10/2024,1675,1675,1640,1645,14515800
25/10/2024,1655,1655,1620,1620,24172100
28/10/2024,1625,1640,1610,1630,21951600
29/10/2024,1640,1645,1600,1615,24616400
30/10/2024,1615,1615,1575,1605,35374700
31/10/2024,1605,1630,1590,1615,32896000
01/11/2024,1610,1615,1560,1570,47179900
04/11/2024,1580,1610,1575,1590,30367700
05/11/2024,1605,1620,1590,1600,27950900
06/11/2024,1615,1615,1585,1590,35557100
07/11/2024,1590,1605,1570,1570,31997100
08/11/2024,1570,1575,1530,1540,32730500
11/11/2024,1540,1545,1485,1510,47392200
12/11/2024,1500,1520,1490,1500,34349300
13/11/2024,1500,1515,1480,1500,21328400
14/11/2024,1485,1490,1450,1450,45388000
15/11/2024,1435,1455,1420,1420,42311800
18/11/2024,1415,1435,1415,1435,32904100
19/11/2024,1435,1455,1425,1425,30992400
20/11/2024,1430,1480,1430,1465,29233300
21/11/2024,1475,1530,1445,1450,45074800
22/11/2024,1455,1490,1450,1470,21926100
25/11/2024,1500,1525,1485,1500,260635400
26/11/2024,1520,1540,1480,1480,27441400
28/11/2024,1500,1520,1485,1495,31493700
29/11/2024,1500,1530,1500,1500,26937300
02/12/2024,1495,1505,1475,1475,23689200
03/12/2024,1475,1490,1455,1480,27013500
04/12/2024,1485,1500,1475,1485,39806500
05/12/2024,1485,1505,1475,1505,27924000
06/12/2024,1505,1505,1465,1465,31354700
09/12/2024,1480,1510,1475,1485,36920200
10/12/2024,1490,1505,1470,1505,30932300
11/12/2024,1505,1525,1495,1505,27058500
12/12/2024,1505,1520,1430,1455,47343600
13/12/2024,1460,1465,1430,1445,30597900
16/12/2024,1445,1450,1420,1440,38742700
17/12/2024,1440,1445,1380,1400,20721100
18/12/2024,1420,1430,1355,1380,32062400
19/12/2024,1375,1375,1290,1320,53629000
20/12/2024,1310,1325,1245,1275,116319600
23/12/2024,1280,1330,1265,1330,44241100
24/12/2024,1330,1405,1305,1400,21049300
27/12/2024,1400,1405,1335,1355,38834800
30/12/2024,1360,1390,1340,1360,43195600
02/01/2025,1370,1375,1340,1340,14746400
03/01/2025,1345,1360,1315,1325,25497900
06/01/2025,1330,1340,1280,1280,22169200
07/01/2025,1280,1315,1280,1290,19463100
08/01/2025,1300,1310,1270,1275,32640900
09/01/2025,1275,1285,1255,1270,19039900
10/01/2025,1270,1270,1245,1260,34369300
13/01/2025,1260,1280,1245,1265,28554700
14/01/2025,1265,1270,1225,1225,25570500
15/01/2025,1245,1270,1245,1255,27373400
16/01/2025,1260,1265,1235,1235,26983900
17/01/2025,1240,1240,1210,1225,28924700
20/01/2025,1225,1235,1215,1220,17223300
21/01/2025,1225,1245,1220,1240,39341900
22/01/2025,1240,1260,1235,1260,31461300
23/01/2025,1260,1265,1235,1235,16196600
24/01/2025,1250,1255,1220,1220,21583000
30/01/2025,1220,1240,1195,1235,28410500
31/01/2025,1240,1265,1240,1265,15686200
03/02/2025,1255,1265,1185,1200,27741200
04/02/2025,1230,1265,1225,1250,27751900
05/02/2025,1235,1250,1210,1210,35245500
06/02/2025,1230,1300,1230,1300,50754500
07/02/2025,1310,1325,1245,1265,51937400
10/02/2025,1265,1330,1240,1320,47231200
11/02/2025,1320,1325,1250,1250,34737600
12/02/2025,1255,1290,1255,1285,23966600
13/02/2025,1285,1310,1275,1290,23376500
14/02/2025,1290,1300,1280,1290,30724900
17/02/2025,1290,1295,1275,1285,11683600
18/02/2025,1290,1305,1275,1295,29474700
19/02/2025,1295,1300,1230,1235,43136000
20/02/2025,1245,1250,1200,1210,41528100
21/02/2025,1210,1235,1210,1220,44742900
24/02/2025,1220,1230,1200,1210,29051600
25/02/2025,1205,1210,1155,1160,29002100
26/02/2025,1170,1195,1170,1185,34121600
27/02/2025,1195,1210,1125,1140,45990500
28/02/2025,1150,1155,1065,1080,120318100
03/03/2025,1120,1125,1095,1110,69021200
04/03/2025,1110,1130,1090,1110,61796300
05/03/2025,1110,1115,1070,1090,68134600
06/03/2025,1105,1160,1100,1150,94422400
07/03/2025,1150,1160,1130,1160,70165600
10/03/2025,1150,1150,1080,1080,64822400
11/03/2025,1060,1070,1050,1060,49708100
12/03/2025,1070,1085,1060,1070,61160600
13/03/2025,1070,1085,1055,1085,48437200
14/03/2025,1085,1085,1040,1050,38546500
17/03/2025,1055,1065,1045,1060,36823400
18/03/2025,1065,1065,985,1015,65897200
19/03/2025,1020,1035,1010,1030,77682000
20/03/2025,1030,1090,1030,1090,54985600
21/03/2025,1085,1125,1065,1120,100617100
24/03/2025,1110,1120,1085,1105,37714500
25/03/2025,1115,1145,1105,1135,51446800
26/03/2025,1125,1125,1095,1100,56225800
27/03/2025,1100,1135,1085,1135,49328700
08/04/2025,1025,1055,990,1055,79017500
09/04/2025,1050,1120,1050,1105,57273200
10/04/2025,1125,1150,1110,1145,59919800
11/04/2025,1145,1190,1140,1180,48934700
14/04/2025,1200,1240,1190,1240,62712300
15/04/2025,1240,1245,1165,1195,62264800
16/04/2025,1200,1255,1200,1255,36807400
17/04/2025,1255,1260,1185,1200,43557100
21/04/2025,1200,1225,1180,1225,27306800
22/04/2025,1220,1225,1185,1200,36425000
23/04/2025,1215,1280,1215,1280,57924400
24/04/2025,1295,1300,1230,1265,43000100
25/04/2025,1265,1270,1235,1240,34274700
28/04/2025,1250,1290,1235,1260,35812200
29/04/2025,1270,1280,1260,1260,18816100
30/04/2025,1265,1375,1265,1365,80081900
02/05/2025,1340,1355,1315,1315,28583800
05/05/2025,1320,1420,1320,1390,53736700
06/05/2025,1395,1430,1360,1410,39508900
07/05/2025,1430,1440,1385,1405,40719000
08/05/2025,1430,1440,1360,1440,51958600
09/05/2025,1450,1455,1420,1450,32101300
14/05/2025,1450,1510,1440,1480,50685500
15/05/2025,1480,1525,1465,1525,52005200
16/05/2025,1550,1550,1485,1505,32918800
19/05/2025,1500,1505,1455,1455,34073200
20/05/2025,1485,1540,1480,1500,42540900
21/05/2025,1540,1565,1505,1530,41062800
22/05/2025,1520,1525,1440,1440,72142000
23/05/2025,1450,1475,1420,1460,68323100
26/05/2025,1475,1535,1470,1520,44934900
27/05/2025,1540,1570,1525,1570,46620000
28/05/2025,1570,1570,1495,1515,162559500
02/06/2025,1480,1565,1475,1560,62511300
03/06/2025,1560,1585,1530,1550,41513300
04/06/2025,1550,1600,1525,1600,55364000
05/06/2025,1595,1600,1545,1600,34653900
10/06/2025,1595,1595,1550,1580,40629100
11/06/2025,1580,1580,1525,1540,38326400
12/06/2025,1540,1550,1525,1535,31893000
13/06/2025,1530,1555,1510,1530,78871400
16/06/2025,1525,1545,1510,1530,27361800
17/06/2025,1520,1595,1505,1595,25995500
18/06/2025,1570,1580,1530,1550,29411300
19/06/2025,1550,1555,1510,1515,29501400
20/06/2025,1510,1530,1485,1500,62568700
23/06/2025,1500,1500,1420,1430,44385700
24/06/2025,1450,1510,1450,1495,37331600
25/06/2025,1540,1540,1450,1540,23007500
26/06/2025,1525,1525,1460,1515,30150200
30/06/2025,1570,1570,1500,1525,45070900
01/07/2025,1510,1530,1500,1520,19239700
02/07/2025,1515,1525,1470,1510,32190200
03/07/2025,1515,1560,1510,1560,17692800
04/07/2025,1560,1565,1515,1515,8125900
07/07/2025,1515,1515,1480,1500,18135700
08/07/2025,1490,1500,1470,1500,17530400
09/07/2025,1500,1525,1475,1510,65326300
10/07/2025,1510,1515,1495,1505,17066700
11/07/2025,1505,1595,1490,1595,32423100
14/07/2025,1590,1590,1510,1560,40882700
15/07/2025,1560,1560,1510,1530,16552200
16/07/2025,1540,1540,1510,1510,15518200
17/07/2025,1520,1525,1495,1505,16505200
18/07/2025,1515,1560,1500,1510,26728200
21/07/2025,1520,1520,1475,1505,20593200
22/07/2025,1500,1505,1460,1460,16426800
23/07/2025,1475,1495,1445,1495,12421000
24/07/2025,1495,1510,1475,1510,36113700
25/07/2025,1505,1505,1475,1485,29346100
28/07/2025,1485,1500,1460,1475,16114600
29/07/2025,1480,1505,1465,1490,21654100
30/07/2025,1490,1510,1475,1485,18006500
31/07/2025,1480,1480,1430,1430,36989700
01/08/2025,1430,1435,1405,1430,77411800
04/08/2025,1430,1435,1390,1415,43961200
05/08/2025,1415,1430,1400,1415,15900700
06/08/2025,1420,1435,1395,1395,27885600
07/08/2025,1395,1400,1365,1380,30437600
08/08/2025,1390,1390,1350,1375,31285900
11/08/2025,1375,1385,1350,1370,48976400
12/08/2025,1360,1395,1355,1380,39294900
13/08/2025,1380,1410,1380,1400,58057200
14/08/2025,1400,1450,1385,1435,105068500
15/08/2025,1420,1425,1385,1385,63199000
19/08/2025,1375,1390,1365,1365,47228500
20/08/2025,1365,1405,1350,1400,61840200
21/08/2025,1400,1415,1390,1410,25083300
22/08/2025,1395,1410,1335,1355,84423900
25/08/2025,1360,1365,1300,1300,55259900
26/08/2025,1300,1310,1265,1290,226638000
27/08/2025,1275,1320,1275,1290,91193200
28/08/2025,1305,1315,1270,1270,64079300
29/08/2025,1255,1265,1215,1215,114238800
01/09/2025,1140,1195,1130,1175,163562600
02/09/2025,1175,1190,1155,1160,92292500
03/09/2025,1175,1200,1170,1180,161024600
04/09/2025,1200,1205,1170,1180,93346300
08/09/2025,1185,1195,1150,1150,100014900
09/09/2025,1145,1160,1115,1140,106777100
10/09/2025,1140,1165,1135,1160,63468300
11/09/2025,1175,1215,1170,1200,107859700
12/09/2025,1200,1205,1175,1180,59780200
15/09/2025,1185,1195,1165,1175,47783400
16/09/2025,1180,1185,1170,1185,29540700
17/09/2025,1190,1195,1175,1190,33420100
18/09/2025,1195,1195,1155,1160,42359400
19/09/2025,1160,1180,1155,1180,56164100
22/09/2025,1180,1190,1165,1180,54722600
23/09/2025,1180,1190,1175,1190,45133400
24/09/2025,1190,1190,1165,1165,45664900
25/09/2025,1165,1170,1140,1145,67569400
26/09/2025,1180,1190,1165,1170,29466500
