Date,Open,High,Low,Close,Volume
24/03/2015,1900,2367.5,1900,2120,468098000
25/03/2015,2150,2290,2120,2240,234546000
26/03/2015,2215,2272.5,2195,2217.5,70872000
27/03/2015,2202.5,2220,2130,2180,53616000
30/03/2015,2150,2217.5,2150,2215,85117000
31/03/2015,2250,2250,2210,2225,39298000
01/04/2015,2220,2250,2217.5,2232.5,39232000
02/04/2015,2235,2257.5,2210,2247.5,38835000
06/04/2015,2205,2405,2200,2380,68087000
07/04/2015,2400,2535,2370,2472.5,56266000
08/04/2015,2472.5,2537.5,2472.5,2510,31343000
09/04/2015,2505,2580,2505,2577.5,30820000
10/04/2015,2577.5,2580,2490,2500,32779000
13/04/2015,2420,2505,2400,2420,25733000
14/04/2015,2420,2510,2375,2440,36438000
15/04/2015,2460,2495,2452.5,2457.5,20298000
16/04/2015,2477.5,2525,2450,2450,25352000
17/04/2015,2447.5,2552.5,2447.5,2550,34426000
20/04/2015,2552.5,2595,2520,2560,18075000
21/04/2015,2565,2595,2565,2592.5,36020000
22/04/2015,2592.5,2610,2550,2555,16413000
23/04/2015,2580,2585,2550,2560,18707000
24/04/2015,2577.5,2577.5,2515,2535,30808000
27/04/2015,2520,2522.5,2377.5,2430,38390000
28/04/2015,2400,2472.5,2395,2472.5,23079000
29/04/2015,2450,2472.5,2360,2440,30827000
30/04/2015,2402.5,2440,2390,2440,26287000
04/05/2015,2445,2462.5,2390,2420,41771000
05/05/2015,2420,2437.5,2380,2390,36323000
06/05/2015,2390,2410,2387.5,2400,23566000
07/05/2015,2400,2422.5,2390,2422.5,33235000
08/05/2015,2410,2425,2400,2400,20778000
11/05/2015,2420,2422.5,2400,2400,20864000
12/05/2015,2402.5,2407.5,2397.5,2402.5,20248000
13/05/2015,2405,2405,2362.5,2362.5,23216000
15/05/2015,2360,2390,2360,2375,24059000
18/05/2015,2377.5,2395,2375,2380,22263000
19/05/2015,2390,2462.5,2390,2462.5,42409000
20/05/2015,2470,2470,2402.5,2445,22500000
21/05/2015,2445,2500,2445,2475,21662000
22/05/2015,2477.5,2710,2477.5,2685,34483000
25/05/2015,2700,2702.5,2625,2625,11996000
26/05/2015,2625,2660,2530,2590,21360000
27/05/2015,2590,2630,2435,2435,19506000
28/05/2015,2450,2510,2440,2462.5,14705000
29/05/2015,2462.5,2550,2462.5,2550,17620000
01/06/2015,2550,2560,2502.5,2502.5,15098000
03/06/2015,2520,2525,2405,2450,22732000
04/06/2015,2430,2450,2412.5,2417.5,24959000
05/06/2015,2420,2460,2392.5,2460,17908000
08/06/2015,2460,2465,2422.5,2460,15262000
09/06/2015,2460,2460,2350,2400,27390000
10/06/2015,2402.5,2440,2400,2425,21437000
11/06/2015,2437.5,2447.5,2400,2417.5,15073000
12/06/2015,2417.5,2417.5,2360,2365,15820000
15/06/2015,2360,2387.5,2307.5,2385,19485000
16/06/2015,2390,2400,2352.5,2400,24199000
17/06/2015,2400,2405,2382.5,2382.5,16584000
18/06/2015,2382.5,2400,2382.5,2400,18831000
19/06/2015,2400,2502.5,2400,2460,15878000
22/06/2015,2460,2500,2460,2465,14065000
23/06/2015,2465,2465,2395,2400,16573000
24/06/2015,2402.5,2417.5,2362.5,2380,17995000
25/06/2015,2380,2410,2352.5,2405,16895000
26/06/2015,2405,2450,2377.5,2447.5,18770000
29/06/2015,2435,2442.5,2402.5,2410,18235000
30/06/2015,2400,2452.5,2400,2400,20714000
01/07/2015,2420,2450,2402.5,2440,17659000
02/07/2015,2445,2447.5,2382.5,2400,25751000
03/07/2015,2400,2430,2400,2400,15485000
06/07/2015,2400,2402.5,2360,2370,18470000
07/07/2015,2377.5,2405,2377.5,2400,22574000
08/07/2015,2397.5,2410,2375,2377.5,24302000
09/07/2015,2360,2392.5,2350,2390,24654000
10/07/2015,2395,2402.5,2377.5,2400,19583000
13/07/2015,2397.5,2432.5,2397.5,2417.5,20027000
14/07/2015,2440,2547.5,2410,2430,23843000
15/07/2015,2430,2495,2430,2470,16626000
22/07/2015,2470,2520,2452.5,2460,18579000
23/07/2015,2460,2470,2437.5,2450,21586000
24/07/2015,2450,2450,2420,2422.5,18770000
27/07/2015,2477.5,2477.5,2450,2450,20601000
28/07/2015,2420,2485,2420,2470,21588000
29/07/2015,2485,2630,2482.5,2602.5,26060000
30/07/2015,2600,2705,2600,2665,19234000
31/07/2015,2667.5,2697.5,2537.5,2697.5,20436000
03/08/2015,2697.5,2697.5,2602.5,2607.5,15507000
04/08/2015,2615,2667.5,2595,2600,23293000
05/08/2015,2602.5,2695,2602.5,2650,18716000
06/08/2015,2650,2660,2610,2655,20126000
07/08/2015,2685,2700,2610,2650,16196000
10/08/2015,2600,2800,2600,2785,13303000
11/08/2015,2790,2850,2650,2675,18331000
12/08/2015,2675,2725,2640,2650,17357000
13/08/2015,2650,2780,2645,2650,26144000
14/08/2015,2652.5,2690,2645,2660,13987000
18/08/2015,2660,2695,2650,2650,17945000
19/08/2015,2655,2850,2655,2670,21466000
20/08/2015,2672.5,2677.5,2630,2632.5,16857000
21/08/2015,2600,2617.5,2572.5,2600,23535000
24/08/2015,2570,2617.5,2360,2600,14615000
25/08/2015,2570,2760,2570,2730,22913000
26/08/2015,2690,2730,2620,2690,18597000
27/08/2015,2730,2790,2707.5,2752.5,21379000
28/08/2015,2757.5,2785,2650,2655,19534000
31/08/2015,2660,2795,2655,2700,20601000
01/09/2015,2700,2807.5,2695,2702.5,20459000
02/09/2015,2702.5,2897.5,2702.5,2815,21611000
03/09/2015,2817.5,2857.5,2780,2800,16609000
04/09/2015,2802.5,2802.5,2720,2750,16072000
07/09/2015,2750,2750,2647.5,2647.5,13027000
08/09/2015,2682.5,2707.5,2650,2665,16789000
09/09/2015,2700,2765,2685,2730,17964000
10/09/2015,2730,2757.5,2690,2725,18177000
11/09/2015,2730,2787.5,2730,2752.5,17014000
14/09/2015,2760,2797.5,2702.5,2760,14822000
15/09/2015,2710,2785,2660,2670,16403000
16/09/2015,2675,2710,2650,2695,18906000
17/09/2015,2695,2777.5,2695,2730,18644000
18/09/2015,2750,2937.5,2740,2830,25984000
21/09/2015,2830,2960,2825,2942.5,20946000
22/09/2015,2965,3230,2920,2922.5,23767000
23/09/2015,2940,2975,2825,2922.5,17875000
25/09/2015,2922.5,3000,2922.5,2975,18228000
28/09/2015,2975,3010,2850,2865,19782000
29/09/2015,2800,3000,2800,3000,23290000
30/09/2015,3000,3010,2865,2957.5,25285000
01/10/2015,2972.5,3000,2972.5,3000,21549000
02/10/2015,3000,3000,2965,2990,22175000
05/10/2015,2990,3017.5,2987.5,3000,21976000
06/10/2015,3005,3097.5,2875,2895,28296000
07/10/2015,2927.5,2950,2827.5,2850,27312000
08/10/2015,2860,2860,2765,2820,27043000
09/10/2015,2825,2857.5,2720,2745,26843000
12/10/2015,2755,2870,2700,2820,41498000
13/10/2015,2835,2850,2752.5,2777.5,26437000
15/10/2015,2780,2825,2775,2802.5,29278000
16/10/2015,2880,3020,2810,2940,63884900
19/10/2015,2960,3005,2945,2945,39763000
20/10/2015,2955,2995,2920,2970,46150900
21/10/2015,2975,2995,2905,2910,35346000
22/10/2015,2910,2920,2795,2800,39268400
23/10/2015,2825,2830,2770,2775,51732400
26/10/2015,2785,2860,2745,2800,41373100
27/10/2015,2815,2865,2800,2805,45152000
28/10/2015,2845,2850,2760,2775,39718900
29/10/2015,2805,2805,2705,2750,44577000
30/10/2015,2760,2815,2730,2795,37919300
02/11/2015,2825,2835,2775,2795,38379400
03/11/2015,2825,2830,2725,2760,41369700
04/11/2015,2760,2775,2740,2750,37616800
05/11/2015,2725,2750,2625,2630,35943400
06/11/2015,2615,2650,2570,2600,39122500
09/11/2015,2650,2650,2605,2625,37223900
10/11/2015,2625,2700,2570,2695,42895300
11/11/2015,2720,2720,2630,2635,33426200
12/11/2015,2650,2650,2630,2645,31184200
13/11/2015,2625,2655,2450,2565,20315300
16/11/2015,2500,2535,2475,2500,14871000
17/11/2015,2515,2520,2440,2445,11664900
18/11/2015,2445,2500,2420,2485,12175500
19/11/2015,2495,2525,2445,2510,11965700
20/11/2015,2510,2650,2510,2590,12953200
23/11/2015,2625,2625,2550,2590,15612300
24/11/2015,2580,2595,2470,2500,15721300
25/11/2015,2600,2600,2475,2505,11020500
26/11/2015,2500,2520,2475,2480,9282600
27/11/2015,2505,2505,2455,2460,15033300
30/11/2015,2460,2520,2410,2415,18905900
01/12/2015,2460,2460,2330,2350,21706400
02/12/2015,2390,2395,2210,2270,38268100
03/12/2015,2265,2295,2230,2295,21565200
04/12/2015,2290,2340,2250,2340,16926400
07/12/2015,2340,2380,2260,2275,18661500
08/12/2015,2265,2315,2250,2305,10101200
09/12/2015,2305,2305,2305,2305,0
10/12/2015,2285,2305,2185,2240,10287500
11/12/2015,2240,2260,2110,2135,8581500
14/12/2015,2110,2225,2010,2160,10966200
15/12/2015,2155,2245,2090,2230,17830600
16/12/2015,2235,2420,2235,2395,15692000
17/12/2015,2450,2450,2320,2390,11613500
18/12/2015,2350,2370,2280,2300,11861800
21/12/2015,2280,2350,2280,2305,9313800
22/12/2015,2305,2425,2285,2400,15256600
23/12/2015,2400,2405,2340,2360,8883100
28/12/2015,2360,2370,2310,2350,7354600
29/12/2015,2380,2435,2320,2380,10854600
30/12/2015,2380,2410,2375,2400,12010900
04/01/2016,2385,2390,2235,2255,14437000
05/01/2016,2260,2305,2225,2235,6544300
06/01/2016,2240,2240,2195,2215,11700400
07/01/2016,2210,2230,2180,2185,8823100
08/01/2016,2210,2300,2165,2300,15340400
11/01/2016,2270,2270,2190,2210,13320900
12/01/2016,2270,2270,2140,2140,7344900
13/01/2016,2160,2165,2065,2120,14839500
14/01/2016,2100,2120,2030,2090,10371600
15/01/2016,2090,2115,2080,2085,12408300
18/01/2016,2075,2080,2050,2070,6756500
19/01/2016,2070,2125,2050,2100,15155500
20/01/2016,2175,2230,2085,2200,23097800
21/01/2016,2235,2295,2160,2200,12268200
22/01/2016,2210,2290,2165,2195,11889600
25/01/2016,2210,2225,2155,2195,10428200
26/01/2016,2190,2200,2120,2200,7339300
27/01/2016,2200,2200,2125,2180,14405600
28/01/2016,2155,2250,2130,2130,19781600
29/01/2016,2120,2185,2120,2175,19334500
01/02/2016,2175,2210,2140,2175,13180100
02/02/2016,2175,2215,2155,2180,16559100
03/02/2016,2185,2185,2135,2150,11030000
04/02/2016,2190,2190,2135,2145,9439000
05/02/2016,2145,2260,2135,2190,22432100
09/02/2016,2155,2160,2125,2150,14658700
10/02/2016,2140,2180,2140,2150,8976800
11/02/2016,2150,2165,2110,2110,14723600
12/02/2016,2125,2140,2105,2110,10970100
15/02/2016,2150,2150,2110,2115,10579100
16/02/2016,2115,2145,2115,2125,8040300
17/02/2016,2145,2150,2115,2130,9713100
18/02/2016,2130,2140,2100,2100,9663200
19/02/2016,2100,2120,2040,2055,12444800
22/02/2016,2065,2090,2015,2030,8856300
23/02/2016,2030,2095,2030,2085,15668700
24/02/2016,2090,2150,2085,2150,15188000
25/02/2016,2150,2220,2150,2200,16164700
26/02/2016,2200,2215,2170,2175,9743800
29/02/2016,2175,2210,2105,2150,10301600
01/03/2016,2150,2190,2150,2180,9777400
02/03/2016,2180,2195,2160,2160,8708100
03/03/2016,2160,2185,2145,2175,10826500
04/03/2016,2180,2220,2180,2220,13642900
07/03/2016,2225,2380,2195,2330,25549700
08/03/2016,2340,2340,2295,2320,15367600
10/03/2016,2325,2440,2325,2405,16497900
15/03/2016,2455,2470,2375,2400,11704400
16/03/2016,2410,2440,2380,2430,11834900
17/03/2016,2435,2555,2435,2525,18413700
18/03/2016,2535,2600,2450,2600,17810900
21/03/2016,2595,2600,2495,2500,10641300
22/03/2016,2515,2515,2415,2420,11805200
23/03/2016,2420,2420,2360,2380,8500200
24/03/2016,2380,2485,2320,2400,12002100
28/03/2016,2400,2415,2350,2375,8414200
29/03/2016,2325,2450,2325,2370,7097500
30/03/2016,2390,2460,2370,2400,11373200
31/03/2016,2405,2445,2350,2425,10447300
01/04/2016,2425,2510,2415,2475,19807100
04/04/2016,2500,2500,2445,2485,8171100
05/04/2016,2465,2545,2450,2505,21159800
06/04/2016,2510,2545,2500,2535,8313700
07/04/2016,2540,2540,2450,2450,10995700
08/04/2016,2485,2500,2415,2475,9096000
12/04/2016,2475,2475,2415,2455,10302400
19/04/2016,2455,2455,2455,2455,0
20/04/2016,2525,2525,2470,2510,12491600
21/04/2016,2510,2570,2500,2510,10408800
22/04/2016,2510,2540,2485,2510,7556400
25/04/2016,2510,2530,2470,2515,8111700
26/04/2016,2515,2535,2500,2530,10352900
27/04/2016,2530,2635,2525,2605,16006200
28/04/2016,2610,2700,2580,2655,10546200
29/04/2016,2655,2690,2625,2655,9457800
02/05/2016,2655,2690,2530,2560,8592300
03/05/2016,2560,2600,2530,2600,9056600
04/05/2016,2590,2590,2490,2530,17398400
09/05/2016,2530,2530,2430,2500,17535200
10/05/2016,2500,2500,2460,2480,9832700
11/05/2016,2470,2500,2450,2470,10953500
12/05/2016,2480,2560,2480,2520,8212600
13/05/2016,2520,2610,2520,2600,11417300
16/05/2016,2620,2620,2540,2550,7962100
17/05/2016,2570,2650,2550,2580,7216400
18/05/2016,2570,2600,2490,2550,8462100
19/05/2016,2550,2800,2490,2800,7019900
20/05/2016,2680,2680,2560,2560,6127000
23/05/2016,2560,2600,2550,2600,7454000
24/05/2016,2600,2610,2560,2590,7876800
25/05/2016,2610,2610,2550,2580,7815200
26/05/2016,2580,2610,2570,2590,7407400
27/05/2016,2600,2610,2570,2570,6282200
30/05/2016,2560,2600,2530,2580,8350500
31/05/2016,2590,2630,2350,2350,7627700
01/06/2016,2460,2620,2460,2580,8424600
02/06/2016,2590,2610,2580,2580,6632900
03/06/2016,2610,2680,2580,2630,5558800
06/06/2016,2650,2650,2550,2560,5520900
07/06/2016,2560,2620,2560,2600,6776800
08/06/2016,2620,2620,2580,2600,8935100
09/06/2016,2570,2700,2570,2630,7363900
10/06/2016,2640,2680,2570,2600,5063000
13/06/2016,2600,2620,2500,2590,4356400
14/06/2016,2590,2630,2590,2610,5131800
15/06/2016,2610,2630,2570,2600,4807500
16/06/2016,2600,2620,2550,2580,4294400
17/06/2016,2580,2620,2550,2560,5968900
20/06/2016,2590,2620,2580,2600,5172600
21/06/2016,2610,2640,2570,2570,4577400
22/06/2016,2610,2650,2600,2600,7198100
23/06/2016,2600,2680,2600,2620,8987300
24/06/2016,2600,2640,2500,2610,5863500
27/06/2016,2610,2720,2610,2700,10194100
28/06/2016,2710,2800,2700,2800,7537900
29/06/2016,2800,2800,2720,2760,5685000
30/06/2016,2760,2810,2720,2750,8598200
01/07/2016,2750,2760,2680,2690,9196700
11/07/2016,2700,2810,2680,2760,9950500
12/07/2016,2780,2790,2640,2640,5797700
13/07/2016,2630,2700,2580,2630,7657000
14/07/2016,2630,2650,2540,2540,8830800
15/07/2016,2540,2620,2540,2600,6455900
18/07/2016,2620,2650,2600,2600,3823600
19/07/2016,2600,2620,2540,2540,5697200
20/07/2016,2570,2600,2530,2580,12557500
21/07/2016,2550,2600,2540,2540,3320200
22/07/2016,2550,2590,2520,2540,5543700
25/07/2016,2590,2650,2570,2600,3951500
26/07/2016,2600,2630,2570,2580,2991000
27/07/2016,2580,2610,2560,2600,12411700
28/07/2016,2600,2660,2600,2630,3309500
29/07/2016,2630,2650,2540,2540,4074300
01/08/2016,2540,2690,2520,2680,8928800
02/08/2016,2700,2760,2660,2750,5389000
03/08/2016,2740,2750,2690,2720,2609800
04/08/2016,2680,2710,2660,2680,4124600
05/08/2016,2580,2740,2580,2720,4326200
08/08/2016,2680,2780,2650,2750,6385600
09/08/2016,2740,2740,2680,2700,9170400
10/08/2016,2710,2720,2680,2680,3542400
11/08/2016,2680,2690,2670,2680,7595500
12/08/2016,2690,2690,2650,2670,6221600
15/08/2016,2670,2670,2560,2590,7833300
16/08/2016,2590,2630,2550,2630,7261700
18/08/2016,2610,2630,2570,2580,6215000
19/08/2016,2580,2650,2570,2630,5509100
22/08/2016,2660,2660,2580,2610,9486300
23/08/2016,2620,2730,2550,2730,8750000
24/08/2016,2700,2700,2620,2640,5583400
25/08/2016,2650,2700,2640,2700,6682100
26/08/2016,2690,2720,2650,2690,4983200
29/08/2016,2680,2690,2650,2690,4681200
30/08/2016,2690,2770,2690,2750,8537800
31/08/2016,2750,2850,2670,2800,11890000
01/09/2016,2800,2870,2770,2860,6960400
02/09/2016,2860,2950,2860,2950,6707500
05/09/2016,2950,2980,2820,2820,5281300
06/09/2016,2820,2880,2770,2800,8066300
07/09/2016,2840,2900,2840,2890,6282600
08/09/2016,2900,2900,2840,2870,5667100
09/09/2016,2850,2850,2710,2750,7227000
13/09/2016,2740,2800,2680,2800,4689000
14/09/2016,2800,2800,2690,2700,5665500
15/09/2016,2710,2800,2710,2800,5470200
16/09/2016,2800,2830,2770,2810,4305900
19/09/2016,2810,2850,2810,2840,6772700
20/09/2016,2840,2950,2830,2900,7378100
21/09/2016,2920,2960,2850,2890,3854300
22/09/2016,2890,2960,2820,2820,3650400
23/09/2016,2730,2820,2700,2730,5840800
26/09/2016,2730,2790,2730,2740,4603900
27/09/2016,2740,2760,2710,2760,5867600
28/09/2016,2770,2790,2740,2790,7386800
29/09/2016,2790,2850,2790,2850,3657200
30/09/2016,2850,2860,2730,2790,2788700
03/10/2016,2790,2820,2770,2790,3071900
04/10/2016,2790,2840,2750,2750,2207700
05/10/2016,2770,2800,2740,2750,8134700
06/10/2016,2770,2810,2730,2760,3932000
07/10/2016,2760,2780,2740,2760,3996700
10/10/2016,2760,2830,2740,2830,5129000
11/10/2016,2830,2830,2750,2800,4021500
12/10/2016,2790,2830,2760,2830,3492700
13/10/2016,2830,2830,2740,2750,4798100
14/10/2016,2750,2840,2730,2840,4750500
17/10/2016,2810,2840,2760,2780,2740500
18/10/2016,2800,2950,2770,2900,6813800
19/10/2016,2930,2980,2870,2870,4858200
20/10/2016,2860,2980,2820,2920,4853600
21/10/2016,2950,2960,2850,2850,2751900
24/10/2016,2850,2880,2790,2800,2949800
25/10/2016,2800,2810,2760,2760,4648800
26/10/2016,2760,2820,2740,2750,4600100
27/10/2016,2760,2800,2750,2780,4206600
28/10/2016,2800,2800,2740,2760,6090800
31/10/2016,2770,2800,2750,2780,7182000
01/11/2016,2780,2800,2650,2780,4867800
02/11/2016,2780,2870,2730,2780,7362900
03/11/2016,2740,2850,2730,2750,4982100
04/11/2016,2750,2850,2690,2850,6628900
07/11/2016,2850,2850,2750,2840,4684900
08/11/2016,2760,2810,2760,2780,3813300
09/11/2016,2800,2800,2720,2750,5798100
10/11/2016,2780,2830,2750,2770,4801800
11/11/2016,2770,2770,2700,2730,5297100
14/11/2016,2710,2710,2640,2680,4971100
15/11/2016,2670,2800,2630,2750,5686200
16/11/2016,2750,2900,2670,2850,5732700
17/11/2016,2830,2880,2780,2850,4825200
18/11/2016,2800,2840,2740,2760,6089300
21/11/2016,2760,2760,2710,2720,4580100
22/11/2016,2720,2730,2680,2710,11046100
23/11/2016,2710,2720,2700,2710,4317700
24/11/2016,2710,2720,2640,2670,4760100
25/11/2016,2660,2670,2610,2630,4274600
28/11/2016,2630,2640,2560,2580,4366300
29/11/2016,2560,2560,2480,2520,10957500
30/11/2016,2540,2540,2490,2500,9284500
01/12/2016,2500,2540,2500,2520,5903400
02/12/2016,2530,2580,2510,2550,6678900
05/12/2016,2450,2550,2450,2520,6574600
06/12/2016,2580,2600,2520,2560,8703600
07/12/2016,2560,2590,2520,2540,8230100
08/12/2016,2540,2600,2520,2550,5637400
09/12/2016,2600,2600,2510,2540,3444200
13/12/2016,2540,2540,2510,2520,3377500
14/12/2016,2530,2540,2500,2520,3682000
15/12/2016,2500,2520,2490,2500,3975800
16/12/2016,2500,2560,2470,2510,3891200
19/12/2016,2530,2590,2500,2580,4632400
20/12/2016,2580,2580,2500,2500,4723500
21/12/2016,2500,2540,2500,2500,3948300
22/12/2016,2520,2540,2470,2540,4816000
23/12/2016,2540,2540,2400,2420,5145700
27/12/2016,2420,2540,2420,2500,6747800
28/12/2016,2500,2590,2500,2560,5422400
29/12/2016,2560,2590,2490,2510,4863600
30/12/2016,2510,2580,2500,2570,4511600
02/01/2017,2570,2570,2570,2570,0
03/01/2017,2570,2570,2480,2480,4629400
04/01/2017,2480,2560,2460,2550,5985300
05/01/2017,2550,2570,2510,2510,6902400
06/01/2017,2510,2540,2510,2520,3084000
09/01/2017,2520,2550,2500,2500,2409500
10/01/2017,2500,2530,2480,2500,6853000
11/01/2017,2500,2520,2480,2500,6071200
12/01/2017,2500,2510,2450,2480,4207600
13/01/2017,2480,2500,2470,2470,2907400
16/01/2017,2470,2500,2470,2470,2805500
17/01/2017,2470,2500,2470,2500,3215500
18/01/2017,2500,2500,2450,2460,3053700
19/01/2017,2490,2490,2430,2470,3218800
20/01/2017,2470,2500,2430,2500,3642300
23/01/2017,2500,2500,2410,2440,6709800
24/01/2017,2470,2470,2400,2430,8051500
25/01/2017,2460,2460,2390,2440,5796700
26/01/2017,2440,2470,2430,2470,3748200
27/01/2017,2470,2470,2400,2470,3365600
30/01/2017,2470,2470,2430,2450,3235300
31/01/2017,2500,2520,2450,2500,3830300
01/02/2017,2500,2540,2460,2520,2578900
02/02/2017,2520,2520,2490,2490,5733600
03/02/2017,2490,2500,2460,2460,3522400
06/02/2017,2470,2470,2400,2420,5864000
07/02/2017,2390,2430,2370,2420,9012600
08/02/2017,2480,2510,2420,2490,6549100
09/02/2017,2490,2550,2450,2450,5226300
10/02/2017,2450,2490,2420,2430,6621700
13/02/2017,2430,2450,2380,2390,7910200
14/02/2017,2390,2460,2330,2360,9689800
15/02/2017,2360,2360,2360,2360,0
16/02/2017,2360,2400,2350,2390,3574500
17/02/2017,2390,2420,2370,2410,6808300
20/02/2017,2410,2430,2360,2380,6299100
21/02/2017,2380,2400,2360,2380,5179600
22/02/2017,2390,2420,2370,2410,5889800
23/02/2017,2410,2410,2370,2380,4144700
24/02/2017,2350,2430,2330,2410,11576500
27/02/2017,2410,2520,2410,2500,6806100
28/02/2017,2500,2600,2500,2550,11032300
01/03/2017,2550,2580,2460,2510,3755700
02/03/2017,2490,2560,2490,2490,3826300
03/03/2017,2490,2500,2420,2450,7836100
06/03/2017,2440,2530,2440,2500,12180300
07/03/2017,2500,2540,2470,2530,7157400
08/03/2017,2530,2580,2530,2560,9442200
09/03/2017,2600,2640,2550,2600,8370000
10/03/2017,2610,2630,2600,2630,4711900
13/03/2017,2630,2630,2590,2610,4373000
14/03/2017,2610,2640,2590,2610,8717800
15/03/2017,2620,2630,2530,2600,4499400
16/03/2017,2600,2630,2600,2620,4314900
17/03/2017,2620,2640,2590,2620,4594800
20/03/2017,2620,2660,2580,2650,7311900
21/03/2017,2670,2700,2580,2610,5383900
22/03/2017,2610,2620,2580,2610,9997200
23/03/2017,2610,2610,2580,2580,5322600
24/03/2017,2600,2600,2470,2600,9469100
27/03/2017,2600,2610,2580,2600,6900900
29/03/2017,2600,2620,2590,2600,7231500
30/03/2017,2640,2660,2470,2640,9284500
31/03/2017,2650,2670,2620,2640,4939300
03/04/2017,2640,2660,2560,2580,8823300
04/04/2017,2580,2640,2560,2590,7687700
06/04/2017,2600,2600,2480,2530,6493900
07/04/2017,2530,2590,2530,2550,8455500
10/04/2017,2550,2550,2500,2520,7735300
11/04/2017,2520,2520,2500,2510,3866100
12/04/2017,2510,2570,2500,2510,4279200
13/04/2017,2520,2630,2500,2550,14190600
17/04/2017,2550,2550,2510,2520,5225700
18/04/2017,2520,2520,2490,2510,5782000
19/04/2017,2510,2510,2510,2510,0
20/04/2017,2510,2570,2500,2500,6527300
21/04/2017,2500,2500,2470,2490,6594100
25/04/2017,2490,2490,2450,2480,7180900
26/04/2017,2480,2650,2480,2650,4885900
27/04/2017,2650,2650,2500,2510,6836700
28/04/2017,2510,2550,2480,2540,6680800
02/05/2017,2540,2540,2480,2490,8758100
03/05/2017,2480,2480,2360,2370,33047600
04/05/2017,2370,2420,2330,2330,17250400
05/05/2017,2350,2350,2180,2300,16175700
08/05/2017,2300,2320,2260,2300,9864900
09/05/2017,2310,2310,2270,2290,10241600
10/05/2017,2310,2310,2220,2230,5677200
12/05/2017,2230,2310,2220,2280,11634400
15/05/2017,2280,2300,2250,2260,4307300
16/05/2017,2260,2260,2240,2250,9409400
17/05/2017,2250,2270,2220,2250,8122900
18/05/2017,2250,2300,2220,2230,9248300
19/05/2017,2230,2250,2170,2210,15364900
22/05/2017,2240,2240,2100,2110,18858100
23/05/2017,2110,2140,2020,2050,16219100
24/05/2017,2050,2080,2010,2030,15501600
26/05/2017,2050,2060,2020,2060,16609800
29/05/2017,2090,2110,2040,2040,12450800
30/05/2017,2100,2100,1990,1990,16268400
31/05/2017,1990,2080,1990,2040,15162300
01/06/2017,2040,2040,2040,2040,0
02/06/2017,2050,2080,2000,2010,7387900
05/06/2017,2020,2030,1950,1950,21744500
06/06/2017,1970,1975,1905,1910,12818600
07/06/2017,1925,1960,1860,1895,14016500
08/06/2017,1895,1915,1870,1895,14401400
09/06/2017,1875,1895,1850,1890,9926400
12/06/2017,1890,1985,1890,1975,21115200
13/06/2017,1975,2030,1975,2000,18065000
14/06/2017,2000,2130,2000,2060,18550400
15/06/2017,2060,2180,2040,2110,31819600
16/06/2017,2130,2180,2090,2180,23469200
19/06/2017,2180,2180,2020,2050,19807100
20/06/2017,2050,2070,1995,2010,8087200
21/06/2017,2010,2060,1965,1985,9419700
22/06/2017,1995,2020,1980,2000,10110700
23/06/2017,2000,2000,2000,2000,0
26/06/2017,2000,2000,2000,2000,0
27/06/2017,2000,2000,2000,2000,0
28/06/2017,2000,2000,2000,2000,0
29/06/2017,2000,2000,2000,2000,0
30/06/2017,2000,2000,2000,2000,0
03/07/2017,2000,2000,1915,1930,11334100
04/07/2017,1930,1970,1920,1925,20461100
05/07/2017,1925,1950,1865,1890,16883000
06/07/2017,1890,1925,1880,1920,5166000
07/07/2017,1920,1930,1905,1915,8685100
10/07/2017,1915,1915,1915,1915,0
11/07/2017,1935,1975,1930,1950,10103300
12/07/2017,1955,1970,1910,1935,5806600
13/07/2017,1935,1945,1895,1940,6971200
14/07/2017,1950,1960,1910,1935,6004400
17/07/2017,1885,1935,1885,1910,7690200
18/07/2017,1910,1930,1880,1925,9637100
19/07/2017,1925,1950,1920,1920,7184000
20/07/2017,1920,1950,1920,1930,4066200
21/07/2017,1930,2020,1920,2000,10252200
24/07/2017,2020,2040,2000,2020,5172400
25/07/2017,2040,2040,2000,2000,6504500
26/07/2017,2000,2060,2000,2050,9468600
27/07/2017,2070,2170,2060,2150,13060700
28/07/2017,2140,2180,2100,2160,8294000
31/07/2017,2160,2250,2140,2240,11915200
01/08/2017,2230,2290,2220,2220,9301400
02/08/2017,2240,2270,2200,2240,13742000
03/08/2017,2240,2280,2190,2260,16928200
04/08/2017,2260,2360,2250,2330,12690400
07/08/2017,2330,2350,2250,2260,12414400
08/08/2017,2260,2300,2220,2300,8726000
09/08/2017,2290,2300,2220,2260,9924000
10/08/2017,2260,2310,2250,2250,5134200
11/08/2017,2250,2300,2230,2290,7176200
14/08/2017,2300,2330,2290,2300,7228000
15/08/2017,2310,2390,2310,2380,9005100
16/08/2017,2390,2400,2330,2380,6014400
17/08/2017,2380,2380,2380,2380,0
18/08/2017,2350,2460,2350,2460,7824100
21/08/2017,2470,2480,2390,2430,5242600
22/08/2017,2430,2450,2350,2360,10482300
23/08/2017,2380,2440,2380,2410,7800700
24/08/2017,2410,2430,2400,2410,5969600
25/08/2017,2430,2450,2390,2450,5004200
28/08/2017,2450,2500,2410,2430,9522700
29/08/2017,2420,2450,2420,2440,6534900
30/08/2017,2460,2470,2400,2410,5904500
31/08/2017,2410,2460,2210,2270,9794200
01/09/2017,2270,2270,2270,2270,0
04/09/2017,2270,2320,2260,2300,7534700
05/09/2017,2320,2340,2190,2250,8422400
06/09/2017,2250,2250,2150,2210,5767700
07/09/2017,2210,2210,2130,2170,5725100
08/09/2017,2170,2190,2110,2110,7580600
11/09/2017,2080,2100,1950,2040,12491500
12/09/2017,2080,2080,1970,2000,8809800
13/09/2017,2050,2050,1980,2010,8976500
14/09/2017,2010,2130,2010,2120,6977400
15/09/2017,2050,2200,2050,2160,7282100
18/09/2017,2170,2200,2170,2190,7423400
19/09/2017,2200,2260,2190,2250,6350300
20/09/2017,2270,2300,2210,2230,7515900
21/09/2017,2230,2230,2230,2230,0
22/09/2017,2230,2280,2210,2240,7072000
25/09/2017,2240,2270,2070,2080,8790200
26/09/2017,2080,2110,1995,2010,7618600
27/09/2017,2030,2070,2010,2020,5020200
28/09/2017,2020,2060,2020,2030,5067200
29/09/2017,2100,2100,2020,2030,4521900
02/10/2017,2060,2100,2050,2100,4435700
03/10/2017,2090,2200,2090,2160,6946800
04/10/2017,2100,2200,2100,2130,6687500
05/10/2017,2130,2150,2000,2000,7734300
06/10/2017,2010,2040,1960,1960,9949000
09/10/2017,1970,2000,1965,1990,4781700
10/10/2017,1950,2020,1950,2020,6255300
11/10/2017,2020,2050,1995,2050,9535300
12/10/2017,2050,2050,1990,2000,11435600
13/10/2017,1950,2020,1950,1990,7513800
16/10/2017,1950,2000,1950,1980,5092600
17/10/2017,1985,2000,1970,1970,4827200
18/10/2017,1970,1975,1950,1955,5608400
19/10/2017,1955,1970,1935,1945,5936700
20/10/2017,1950,1950,1860,1865,18799500
23/10/2017,1875,1885,1845,1870,19082300
24/10/2017,1900,1900,1840,1855,34981000
25/10/2017,1900,1900,1845,1860,10807000
26/10/2017,1865,1895,1860,1885,7436300
27/10/2017,1885,1905,1880,1885,4840200
30/10/2017,1885,1900,1855,1860,8299000
31/10/2017,1890,1890,1850,1860,9061000
01/11/2017,1900,1910,1850,1905,7145500
02/11/2017,1905,1965,1895,1950,11218700
03/11/2017,1940,1985,1940,1960,7976900
06/11/2017,1960,1970,1915,1950,7438200
07/11/2017,1960,1960,1895,1905,7149100
08/11/2017,1920,1945,1900,1900,6911600
09/11/2017,1940,1940,1865,1875,10088400
10/11/2017,1880,1900,1855,1870,8348200
13/11/2017,1875,1890,1850,1860,6620500
14/11/2017,1860,1915,1860,1910,8853600
15/11/2017,1910,1925,1865,1870,5482800
16/11/2017,1870,1890,1860,1865,5629800
17/11/2017,1870,1885,1860,1860,4356200
20/11/2017,1870,1875,1850,1850,6837400
21/11/2017,1855,1875,1830,1835,5896800
22/11/2017,1815,1875,1815,1855,5237700
23/11/2017,1870,1870,1840,1840,4825800
24/11/2017,1815,1865,1815,1825,4091300
27/11/2017,1780,1870,1780,1870,5416400
28/11/2017,1860,1865,1830,1860,4146600
29/11/2017,1860,1880,1835,1875,5073500
30/11/2017,1875,1880,1835,1835,5907000
01/12/2017,1835,1835,1835,1835,0
04/12/2017,1835,1850,1805,1810,6071100
05/12/2017,1820,1820,1745,1745,5297800
06/12/2017,1725,1755,1725,1740,9525900
07/12/2017,1700,1750,1700,1740,6097900
08/12/2017,1745,1745,1730,1730,6240200
11/12/2017,1730,1745,1730,1740,2745600
12/12/2017,1740,1755,1735,1755,4834800
13/12/2017,1755,1755,1735,1735,2835700
14/12/2017,1740,1795,1740,1770,3628000
15/12/2017,1785,1850,1785,1825,4420300
18/12/2017,1835,1865,1810,1810,2391200
19/12/2017,1820,1860,1810,1810,2444700
20/12/2017,1810,1845,1760,1820,4681600
21/12/2017,1810,1835,1795,1795,3346300
22/12/2017,1795,1825,1785,1820,1962600
25/12/2017,1820,1820,1820,1820,0
26/12/2017,1820,1820,1820,1820,0
27/12/2017,1820,1845,1815,1840,1666500
28/12/2017,1840,1860,1790,1800,3040100
29/12/2017,1820,1840,1810,1810,3149800
01/01/2018,1810,1810,1810,1810,0
02/01/2018,1810,1825,1760,1780,2564800
03/01/2018,1780,1780,1730,1740,6732400
04/01/2018,1740,1760,1735,1745,4242500
05/01/2018,1745,1750,1730,1745,4175900
08/01/2018,1745,1780,1740,1745,5796200
09/01/2018,1760,1775,1740,1775,6103300
10/01/2018,1780,1835,1775,1830,7973200
11/01/2018,1830,1845,1805,1810,2901900
12/01/2018,1815,1830,1790,1800,4435700
15/01/2018,1800,1815,1795,1800,5256400
16/01/2018,1810,1920,1810,1905,17016000
17/01/2018,1910,1920,1870,1900,8502000
18/01/2018,1900,1910,1880,1905,7215100
19/01/2018,1920,1920,1890,1905,5947400
22/01/2018,1905,1920,1890,1890,6264000
23/01/2018,1900,1945,1895,1900,11745300
24/01/2018,1900,1905,1890,1900,9177600
25/01/2018,1900,1910,1880,1905,7455200
26/01/2018,1905,1920,1900,1900,5153000
29/01/2018,1910,1915,1895,1900,8557400
30/01/2018,1900,1910,1900,1900,7694400
31/01/2018,1900,1945,1900,1905,9462400
01/02/2018,1905,1925,1905,1915,5672100
02/02/2018,1925,1950,1920,1940,10413700
05/02/2018,1940,2000,1900,1940,10005000
06/02/2018,1940,1945,1900,1940,9039200
07/02/2018,1950,1970,1905,1925,3812200
08/02/2018,1930,1930,1905,1910,3153100
09/02/2018,1900,1920,1880,1900,4730600
12/02/2018,1900,1945,1900,1935,4940100
13/02/2018,1935,1970,1910,1950,5802300
14/02/2018,1955,2070,1955,2060,13002900
15/02/2018,2060,2100,2060,2090,5891400
16/02/2018,2090,2090,2090,2090,0
19/02/2018,2090,2140,2070,2090,6885400
20/02/2018,2090,2110,2060,2100,4747000
21/02/2018,2100,2100,2030,2050,5913900
22/02/2018,2050,2050,2010,2030,7634300
23/02/2018,2030,2090,2000,2070,7711200
26/02/2018,2080,2160,2070,2130,8200400
27/02/2018,2130,2190,2130,2160,8911000
28/02/2018,2160,2180,2140,2160,4343900
01/03/2018,2180,2180,2090,2140,9034000
02/03/2018,2120,2130,2040,2110,6223600
05/03/2018,2050,2150,2040,2140,6398400
06/03/2018,2140,2180,2120,2130,4846600
07/03/2018,2130,2160,2090,2140,13078900
08/03/2018,2140,2190,2080,2190,7259700
09/03/2018,2200,2240,2190,2230,6754300
12/03/2018,2230,2300,2210,2250,7398700
13/03/2018,2250,2270,2210,2220,3841100
14/03/2018,2220,2220,2080,2160,3991700
15/03/2018,2160,2160,2070,2110,6650800
16/03/2018,2120,2140,2000,2100,5063300
19/03/2018,2080,2200,2030,2170,5545800
20/03/2018,2160,2170,2060,2090,4809000
21/03/2018,2130,2160,2080,2140,3038800
22/03/2018,2160,2170,2140,2140,4811400
23/03/2018,2140,2230,2100,2230,5363200
26/03/2018,2170,2170,2110,2150,4103800
27/03/2018,2160,2190,2140,2150,3313300
28/03/2018,2140,2150,2070,2120,4346600
29/03/2018,2120,2140,2070,2090,3356300
30/03/2018,2090,2090,2090,2090,0
02/04/2018,2090,2150,2060,2100,4698100
03/04/2018,2100,2120,2070,2070,5422600
04/04/2018,2070,2100,2060,2060,4018900
05/04/2018,2070,2100,2030,2060,3625400
06/04/2018,2050,2080,2010,2060,3527300
09/04/2018,2060,2130,2030,2120,4816700
10/04/2018,2120,2120,2060,2080,5044300
11/04/2018,2080,2120,2070,2090,4431700
12/04/2018,2080,2100,2060,2070,7871900
13/04/2018,2070,2080,2040,2070,3571900
16/04/2018,2070,2070,2070,2070,0
17/04/2018,2070,2070,2070,2070,0
18/04/2018,1965,1965,1905,1910,17934800
19/04/2018,1910,1910,1910,1910,0
20/04/2018,1910,1910,1910,1910,0
23/04/2018,1955,1955,1915,1930,19431700
24/04/2018,1930,1930,1905,1925,8081200
25/04/2018,1925,1925,1925,1925,0
26/04/2018,1925,1925,1925,1925,0
27/04/2018,1925,1925,1925,1925,0
30/04/2018,1945,2050,1910,1925,11585700
01/05/2018,1925,1925,1925,1925,0
02/05/2018,1940,1945,1880,1910,9318400
03/05/2018,1895,1895,1860,1865,28478400
04/05/2018,1870,1890,1765,1780,11071300
07/05/2018,1825,1825,1755,1780,2278500
08/05/2018,1800,1845,1770,1790,2135700
09/05/2018,1800,1830,1720,1800,6210000
10/05/2018,1800,1800,1800,1800,0
11/05/2018,1800,1835,1770,1800,7295500
14/05/2018,1805,1805,1755,1780,5057900
15/05/2018,1780,1800,1760,1780,4845500
16/05/2018,1810,1810,1710,1775,5736600
17/05/2018,1775,1780,1725,1765,5815300
18/05/2018,1775,1775,1730,1755,5115700
21/05/2018,1745,1795,1735,1775,4236200
22/05/2018,1760,1785,1735,1745,7074800
23/05/2018,1760,1760,1725,1750,6303200
24/05/2018,1765,1795,1735,1770,6771000
25/05/2018,1770,1835,1745,1805,8074600
28/05/2018,1830,1915,1830,1900,7181800
29/05/2018,1900,1900,1900,1900,0
30/05/2018,1920,1950,1765,1835,8711600
31/05/2018,1835,1835,1790,1795,4935600
01/06/2018,1795,1795,1795,1795,0
04/06/2018,1795,1850,1765,1825,7253200
05/06/2018,1825,1935,1805,1935,6282400
06/06/2018,1940,1950,1875,1890,7258600
07/06/2018,1895,1905,1885,1895,7864400
08/06/2018,1895,1920,1835,1880,4950600
11/06/2018,1880,1880,1880,1880,0
12/06/2018,1880,1880,1880,1880,0
13/06/2018,1880,1880,1880,1880,0
14/06/2018,1880,1880,1880,1880,0
15/06/2018,1880,1880,1880,1880,0
18/06/2018,1880,1880,1880,1880,0
19/06/2018,1880,1880,1880,1880,0
20/06/2018,1880,1880,1775,1800,5940000
21/06/2018,1820,1970,1800,1970,5773500
22/06/2018,1970,1970,1820,1825,3182900
25/06/2018,1830,1860,1815,1845,4579300
26/06/2018,1880,1940,1810,1905,6129400
27/06/2018,1910,1950,1830,1905,3840200
28/06/2018,1920,1920,1830,1880,8127700
29/06/2018,1885,1925,1835,1880,3405000
02/07/2018,1880,1895,1845,1885,4065400
03/07/2018,1880,1910,1850,1890,2567100
04/07/2018,1860,1950,1855,1905,4317600
05/07/2018,1905,1935,1900,1910,2879300
06/07/2018,1910,1930,1895,1915,3052900
09/07/2018,1915,1930,1900,1930,7522500
10/07/2018,1970,1970,1900,1950,3448300
11/07/2018,1950,1990,1920,1980,3356400
12/07/2018,1975,2030,1955,1980,7789900
13/07/2018,1990,1990,1955,1980,2429400
16/07/2018,1980,2080,1970,1990,2909100
17/07/2018,1990,2050,1970,1995,5091500
18/07/2018,1995,2030,1915,1985,9884700
19/07/2018,1975,1995,1960,1985,2934300
20/07/2018,1985,2050,1975,1990,4213900
23/07/2018,1990,2040,1975,1990,3260700
24/07/2018,2040,2040,1970,2000,3991600
25/07/2018,1990,2030,1945,2000,3695700
26/07/2018,1990,1995,1935,1970,4468700
27/07/2018,1960,2030,1945,2010,3562500
30/07/2018,2010,2040,1970,2010,2689700
31/07/2018,2010,2040,1980,2000,3123700
01/08/2018,2000,2040,1995,2020,3095100
02/08/2018,2020,2040,1990,2000,3141800
03/08/2018,1975,2030,1950,1950,3114600
06/08/2018,1950,1960,1830,1845,5558300
07/08/2018,1860,1965,1840,1900,3993200
08/08/2018,1910,1970,1900,1930,2843300
09/08/2018,1930,1980,1930,1960,2734300
10/08/2018,1965,1995,1965,1980,2874900
13/08/2018,1980,1980,1910,1960,2533400
14/08/2018,1950,1950,1765,1790,4715200
15/08/2018,1825,1925,1800,1925,3549000
16/08/2018,1920,1920,1830,1875,2657000
17/08/2018,1875,1875,1875,1875,0
20/08/2018,1855,1915,1855,1900,2439300
21/08/2018,1900,1905,1860,1900,2296500
22/08/2018,1900,1900,1900,1900,0
23/08/2018,1870,1935,1870,1915,3669600
24/08/2018,1910,2000,1880,1990,4836000
27/08/2018,2000,2000,1860,1870,5066000
28/08/2018,1900,1900,1850,1870,2065700
29/08/2018,1870,1880,1830,1850,2425500
30/08/2018,1870,1870,1815,1825,4610400
31/08/2018,1825,1825,1765,1825,4244400
03/09/2018,1825,1825,1755,1755,3523900
04/09/2018,1745,1750,1725,1735,3415500
05/09/2018,1740,1740,1600,1615,5615600
06/09/2018,1620,1690,1600,1680,6048900
07/09/2018,1690,1700,1650,1690,3024000
10/09/2018,1690,1710,1665,1690,3248500
11/09/2018,1690,1690,1690,1690,0
12/09/2018,1705,1725,1690,1705,4115300
13/09/2018,1710,1730,1685,1730,2457100
14/09/2018,1730,1745,1695,1730,7423300
17/09/2018,1735,1735,1695,1705,2213500
18/09/2018,1705,1710,1680,1705,4683200
19/09/2018,1710,1825,1705,1780,3363400
20/09/2018,1780,1835,1780,1810,2215200
21/09/2018,1820,1850,1810,1810,4161900
24/09/2018,1810,1845,1805,1810,3209300
25/09/2018,1815,1850,1800,1835,1981000
26/09/2018,1830,1830,1780,1800,2304200
27/09/2018,1795,1820,1780,1790,2588500
28/09/2018,1790,1790,1735,1745,4100300
01/10/2018,1750,1760,1720,1725,2086100
02/10/2018,1730,1825,1695,1695,4095900
03/10/2018,1705,1720,1685,1690,2979700
04/10/2018,1690,1690,1650,1660,2748300
05/10/2018,1690,1690,1640,1660,1578000
08/10/2018,1665,1690,1635,1650,1978400
09/10/2018,1645,1660,1530,1555,5294100
10/10/2018,1585,1585,1540,1540,2405800
11/10/2018,1540,1540,1450,1465,4086800
12/10/2018,1500,1500,1460,1470,2490100
15/10/2018,1510,1540,1490,1495,3883400
16/10/2018,1500,1510,1485,1500,6659400
17/10/2018,1505,1520,1495,1500,1201600
18/10/2018,1515,1520,1495,1500,2875300
19/10/2018,1500,1515,1410,1450,3638000
22/10/2018,1460,1475,1390,1390,3747100
23/10/2018,1400,1430,1390,1405,2101700
24/10/2018,1405,1425,1375,1415,2216500
25/10/2018,1415,1415,1380,1405,3237000
26/10/2018,1405,1420,1370,1410,1448400
29/10/2018,1415,1460,1390,1400,1507600
30/10/2018,1400,1420,1390,1415,1913100
31/10/2018,1415,1440,1400,1430,1928200
01/11/2018,1445,1450,1425,1440,2314100
02/11/2018,1440,1460,1420,1425,2298900
05/11/2018,1425,1430,1400,1425,1577600
06/11/2018,1415,1455,1400,1455,2894000
07/11/2018,1460,1460,1410,1425,3338500
08/11/2018,1425,1445,1425,1430,1986900
09/11/2018,1440,1450,1425,1440,13996200
12/11/2018,1450,1480,1420,1440,1857000
13/11/2018,1435,1455,1410,1440,1456400
14/11/2018,1440,1480,1410,1450,1221000
15/11/2018,1460,1465,1445,1450,941500
16/11/2018,1455,1500,1440,1470,1662300
19/11/2018,1465,1495,1430,1455,2016700
20/11/2018,1455,1455,1455,1455,0
21/11/2018,1455,1480,1420,1460,1130200
22/11/2018,1435,1480,1425,1475,983500
23/11/2018,1475,1490,1430,1450,1323600
26/11/2018,1450,1470,1425,1440,1912300
27/11/2018,1435,1435,1425,1430,1493200
28/11/2018,1430,1500,1430,1460,1769000
29/11/2018,1460,1520,1460,1510,1965900
30/11/2018,1520,1620,1500,1590,4357100
03/12/2018,1610,1620,1510,1575,2010700
04/12/2018,1580,1585,1465,1470,2863300
05/12/2018,1460,1515,1445,1500,1404500
06/12/2018,1485,1515,1465,1480,1158800
07/12/2018,1520,1520,1485,1495,2230900
10/12/2018,1525,1525,1485,1485,890600
11/12/2018,1490,1505,1475,1500,1349300
12/12/2018,1500,1510,1475,1500,2490500
13/12/2018,1510,1510,1475,1505,1279300
14/12/2018,1505,1520,1495,1495,959400
17/12/2018,1500,1500,1470,1480,1946200
18/12/2018,1470,1490,1460,1485,1245600
19/12/2018,1485,1510,1460,1500,1315400
20/12/2018,1500,1505,1465,1470,1770400
21/12/2018,1470,1505,1450,1470,2415800
24/12/2018,1470,1470,1470,1470,0
25/12/2018,1470,1470,1470,1470,0
26/12/2018,1470,1530,1460,1495,903900
27/12/2018,1510,1565,1505,1560,1679400
28/12/2018,1560,1575,1500,1575,1762900
31/12/2018,1575,1575,1575,1575,0
01/01/2019,1575,1575,1575,1575,0
02/01/2019,1575,1625,1545,1590,1962900
03/01/2019,1600,1635,1600,1615,2248700
04/01/2019,1610,1635,1600,1600,1463700
07/01/2019,1605,1645,1605,1630,1245000
08/01/2019,1650,1665,1630,1660,3743400
09/01/2019,1660,1705,1660,1675,2529300
10/01/2019,1680,1740,1675,1720,3392100
11/01/2019,1720,1760,1720,1720,1787300
14/01/2019,1720,1750,1630,1710,4285400
15/01/2019,1710,1710,1655,1660,3206400
16/01/2019,1660,1690,1625,1630,1109400
17/01/2019,1635,1635,1580,1580,2240100
18/01/2019,1580,1605,1550,1555,3680900
21/01/2019,1565,1625,1565,1580,3276000
22/01/2019,1615,1615,1570,1590,2070400
23/01/2019,1590,1615,1590,1590,2187600
24/01/2019,1600,1605,1585,1595,6168200
25/01/2019,1600,1625,1600,1615,1765600
28/01/2019,1625,1640,1580,1590,2439500
29/01/2019,1590,1600,1480,1515,8018400
30/01/2019,1550,1550,1505,1515,2235900
31/01/2019,1540,1550,1510,1510,2308100
01/02/2019,1525,1525,1510,1525,1227400
04/02/2019,1535,1575,1530,1530,3042400
05/02/2019,1530,1530,1530,1530,0
06/02/2019,1545,1560,1520,1530,3707700
07/02/2019,1535,1540,1500,1515,7444600
08/02/2019,1500,1535,1500,1535,3471300
11/02/2019,1545,1820,1540,1800,14405100
12/02/2019,1815,1920,1765,1860,12627500
13/02/2019,1860,1880,1800,1810,2079600
14/02/2019,1810,1815,1700,1755,5187700
15/02/2019,1760,1820,1755,1760,2792800
18/02/2019,1760,1895,1760,1870,3589100
19/02/2019,1875,1880,1850,1880,2574500
20/02/2019,1880,1880,1850,1870,1741800
21/02/2019,1880,1915,1830,1900,1903100
22/02/2019,1900,1900,1835,1890,1419700
25/02/2019,1885,1905,1840,1900,920000
26/02/2019,1905,1925,1850,1905,2637100
27/02/2019,1905,1915,1885,1900,1444400
28/02/2019,1900,1980,1895,1940,3333900
01/03/2019,1980,1980,1800,1905,2243400
04/03/2019,1930,1960,1910,1935,1935500
05/03/2019,1950,1950,1835,1910,2971600
06/03/2019,1890,1910,1850,1905,1838600
07/03/2019,1905,1905,1905,1905,0
08/03/2019,1860,1900,1850,1900,983300
11/03/2019,1860,1915,1860,1905,1102900
12/03/2019,1905,1925,1900,1915,2780000
13/03/2019,1925,1940,1910,1925,1092300
14/03/2019,1930,1940,1910,1930,1047200
15/03/2019,1940,1960,1850,1960,896900
18/03/2019,1940,1970,1900,1965,981100
19/03/2019,1975,1975,1910,1960,1088300
20/03/2019,1915,1950,1900,1945,869700
21/03/2019,1970,1970,1945,1965,1183100
22/03/2019,1960,1970,1945,1970,3498500
25/03/2019,1950,1950,1850,1910,1597600
26/03/2019,1910,1955,1910,1945,1454400
27/03/2019,1950,1950,1920,1925,834000
28/03/2019,1935,1940,1905,1930,1884700
29/03/2019,1935,1950,1915,1930,907200
01/04/2019,1950,1985,1950,1970,2084400
02/04/2019,1980,1980,1950,1980,2113400
03/04/2019,1980,1980,1980,1980,0
04/04/2019,1980,2010,1925,1995,2435400
05/04/2019,2010,2010,1935,1975,1504500
08/04/2019,1955,1985,1950,1975,977600
09/04/2019,1985,1990,1955,1960,1522300
10/04/2019,1960,2000,1960,1995,683400
11/04/2019,2030,2100,2030,2030,2016700
12/04/2019,2050,2070,2040,2040,1587700
15/04/2019,2040,2040,1960,2010,871300
16/04/2019,2000,2010,1995,2000,863600
17/04/2019,2000,2000,2000,2000,0
18/04/2019,2010,2010,1980,1995,829000
19/04/2019,1995,1995,1995,1995,0
22/04/2019,1975,2000,1965,2000,1216100
23/04/2019,2000,2000,1940,1995,1693700
24/04/2019,2000,2040,2000,2030,851700
25/04/2019,2040,2070,1995,2010,1849600
26/04/2019,2000,2060,1995,2030,1145400
29/04/2019,2050,2210,2020,2180,5993400
30/04/2019,2190,2190,2110,2160,2244500
01/05/2019,2160,2160,2160,2160,0
02/05/2019,2150,2170,2140,2150,2856900
03/05/2019,2110,2220,2110,2190,3731400
06/05/2019,2200,2200,2150,2150,1298900
07/05/2019,2150,2190,2140,2140,1214500
08/05/2019,2100,2120,2050,2090,1682800
09/05/2019,2100,2200,2020,2080,2304200
10/05/2019,2080,2140,2050,2100,1191900
13/05/2019,2100,2170,2000,2090,1019400
14/05/2019,2090,2140,1995,2080,3476100
15/05/2019,2100,2130,2030,2050,951100
16/05/2019,2070,2110,2030,2100,990800
17/05/2019,2110,2200,2060,2090,2026400
20/05/2019,2090,2100,2000,2030,1175300
21/05/2019,2020,2100,1870,1975,7048200
22/05/2019,1975,2040,1975,2000,651300
23/05/2019,1995,2100,1920,1960,1963100
24/05/2019,1960,1960,1880,1910,1888400
27/05/2019,1920,1920,1850,1900,1328600
28/05/2019,1910,1910,1810,1855,1914100
29/05/2019,1855,1930,1855,1895,1038600
30/05/2019,1895,1895,1895,1895,0
31/05/2019,1895,1900,1810,1840,3377700
03/06/2019,1840,1840,1840,1840,0
04/06/2019,1840,1840,1840,1840,0
05/06/2019,1840,1840,1840,1840,0
06/06/2019,1840,1840,1840,1840,0
07/06/2019,1840,1840,1840,1840,0
10/06/2019,1840,1870,1805,1840,3767300
11/06/2019,1840,1970,1840,1950,2255300
12/06/2019,1950,2000,1940,1955,1357200
13/06/2019,1955,1960,1905,1945,672800
14/06/2019,1945,1950,1900,1950,758100
17/06/2019,1940,2000,1900,1915,993700
18/06/2019,1920,1990,1920,1965,1729800
20/06/2019,1965,1980,1930,1965,917000
21/06/2019,1960,1960,1885,1900,2572400
24/06/2019,1900,1935,1880,1900,904000
25/06/2019,1900,1900,1875,1875,768200
26/06/2019,1900,1900,1850,1895,837200
27/06/2019,1895,1900,1890,1900,1492800
28/06/2019,1905,1905,1895,1895,834200
01/07/2019,1900,1910,1895,1900,862400
02/07/2019,1900,1915,1885,1900,1563100
03/07/2019,1915,1950,1875,1950,687400
04/07/2019,1950,1950,1890,1920,741900
05/07/2019,1925,1950,1855,1950,706600
08/07/2019,1945,1945,1895,1910,589200
09/07/2019,1905,1920,1905,1920,817300
10/07/2019,1945,1955,1925,1955,652100
11/07/2019,1960,1965,1950,1950,847300
12/07/2019,1930,1950,1925,1925,1344900
15/07/2019,1925,1950,1920,1940,1509800
16/07/2019,1955,1995,1930,1945,600500
17/07/2019,1940,1940,1910,1915,579000
18/07/2019,1945,1945,1905,1920,561400
19/07/2019,1935,1940,1900,1940,929300
22/07/2019,1935,1950,1910,1950,712700
23/07/2019,1950,1950,1925,1940,1179200
24/07/2019,1940,1950,1930,1950,830000
25/07/2019,1950,2060,1950,2060,1435900
26/07/2019,2060,2120,2050,2110,3740100
29/07/2019,2110,2130,2010,2040,1178600
30/07/2019,2020,2090,2020,2040,799300
31/07/2019,2010,2080,2000,2030,3068600
01/08/2019,2010,2090,1985,2070,1212300
02/08/2019,2070,2280,2040,2170,2170400
05/08/2019,2170,2190,2010,2080,1144100
06/08/2019,1995,2080,1995,2050,1432200
07/08/2019,2050,2210,2030,2190,1519400
08/08/2019,2200,2240,2120,2200,3213600
09/08/2019,2220,2230,2120,2210,1661300
12/08/2019,2210,2220,2120,2200,1299500
13/08/2019,2150,2240,2150,2200,2097800
14/08/2019,2200,2200,2140,2180,4949000
15/08/2019,2160,2220,2150,2210,2387200
16/08/2019,2180,2240,2180,2230,1943900
19/08/2019,2240,2260,2190,2220,2758700
20/08/2019,2250,2380,2210,2360,6106800
21/08/2019,2360,2650,2360,2480,26746500
22/08/2019,2540,2540,2360,2400,10317700
23/08/2019,2410,2480,2320,2340,11549300
26/08/2019,2330,2430,2330,2370,17025100
27/08/2019,2450,2520,2350,2470,25089500
28/08/2019,2500,2510,2420,2470,21047000
29/08/2019,2500,2600,2450,2500,26397600
30/08/2019,2540,2580,2460,2550,12726900
02/09/2019,2550,2610,2500,2520,11680800
03/09/2019,2520,2540,2450,2450,9520200
04/09/2019,2450,2520,2370,2420,8589600
05/09/2019,2420,2450,2380,2390,8733500
06/09/2019,2390,2430,2390,2420,9470200
09/09/2019,2420,2520,2420,2450,10860000
10/09/2019,2470,2490,2380,2380,13324100
11/09/2019,2380,2500,2250,2370,12467400
12/09/2019,2370,2460,2360,2370,11042400
13/09/2019,2380,2400,2290,2310,9234600
16/09/2019,2320,2440,2320,2370,12024200
17/09/2019,2380,2430,2360,2380,10353000
18/09/2019,2400,2520,2370,2420,17944200
19/09/2019,2430,2530,2430,2500,12484800
20/09/2019,2510,2520,2340,2430,15511200
23/09/2019,2430,2480,2420,2450,14894600
24/09/2019,2470,2500,2390,2430,11433000
25/09/2019,2430,2540,2430,2540,21808500
26/09/2019,2550,2680,2550,2650,19026600
27/09/2019,2650,2670,2590,2640,17153900
30/09/2019,2640,2750,2640,2710,19383600
01/10/2019,2720,2940,2720,2790,49934300
02/10/2019,2790,2820,2610,2790,29600800
03/10/2019,2790,2900,2780,2820,21665700
04/10/2019,2840,3030,2820,2930,31595500
07/10/2019,2930,3000,2870,2900,14127200
08/10/2019,2900,2910,2780,2800,15452600
09/10/2019,2800,2830,2700,2780,14473400
10/10/2019,2780,2800,2690,2730,12327100
11/10/2019,2740,2880,2730,2780,20233800
14/10/2019,2790,2820,2700,2720,14257000
15/10/2019,2720,2760,2630,2670,19026400
16/10/2019,2670,2850,2640,2660,19396100
17/10/2019,2660,2750,2640,2660,11513200
18/10/2019,2660,2850,2660,2850,18938500
21/10/2019,2860,2900,2790,2790,13254500
22/10/2019,2830,2830,2690,2720,14880800
23/10/2019,2720,2740,2680,2690,13354300
24/10/2019,2770,2770,2670,2700,11107100
25/10/2019,2700,2720,2560,2580,12793100
28/10/2019,2580,2680,2570,2680,16021900
29/10/2019,2680,2730,2580,2640,14279400
30/10/2019,2640,2670,2610,2640,17929000
31/10/2019,2660,2660,2600,2600,9829900
01/11/2019,2600,2680,2600,2650,20868200
04/11/2019,2660,2680,2590,2660,16000000
05/11/2019,2660,2710,2650,2660,16493400
06/11/2019,2660,2710,2630,2690,18105900
07/11/2019,2690,2720,2640,2660,16933900
08/11/2019,2670,2770,2640,2710,12712300
11/11/2019,2720,2740,2620,2630,11461100
12/11/2019,2640,2710,2640,2670,10453600
13/11/2019,2670,2700,2660,2670,12168300
14/11/2019,2680,2730,2650,2660,16157000
15/11/2019,2630,2680,2630,2660,17318800
18/11/2019,2670,2760,2660,2690,13341300
19/11/2019,2690,2760,2690,2720,11643100
20/11/2019,2720,2830,2710,2780,13912200
21/11/2019,2790,2830,2700,2750,11493600
22/11/2019,2750,2750,2470,2660,15370000
25/11/2019,2660,2700,2610,2650,11096800
26/11/2019,2670,2710,2650,2710,10540900
27/11/2019,2710,2720,2610,2650,10910900
28/11/2019,2660,2690,2640,2670,10320800
29/11/2019,2720,2720,2590,2670,9802100
02/12/2019,2670,2720,2670,2690,12247000
03/12/2019,2690,2690,2570,2590,10528600
04/12/2019,2590,2590,2490,2500,12673000
05/12/2019,2500,2530,2470,2520,10520900
06/12/2019,2520,2640,2500,2570,12056100
09/12/2019,2570,2650,2570,2640,10695800
10/12/2019,2640,2700,2630,2670,10655200
11/12/2019,2670,2700,2660,2670,9643800
12/12/2019,2670,2680,2650,2670,12053400
13/12/2019,2670,2710,2660,2680,13285700
16/12/2019,2680,2710,2680,2680,9272100
17/12/2019,2690,2750,2660,2660,10473500
18/12/2019,2670,2680,2660,2660,11668900
19/12/2019,2660,2720,2660,2670,9868600
20/12/2019,2670,2690,2650,2690,9046400
23/12/2019,2690,2710,2660,2660,9170900
26/12/2019,2660,2690,2570,2650,9667600
27/12/2019,2650,2670,2650,2660,12967400
30/12/2019,2670,2690,2660,2670,11104800
02/01/2020,2670,2780,2660,2740,11330600
03/01/2020,2800,2810,2660,2670,9738400
06/01/2020,2670,2700,2660,2690,9740700
07/01/2020,2690,2720,2600,2630,10550100
08/01/2020,2630,2630,2510,2530,11327000
09/01/2020,2550,2640,2530,2610,10012800
10/01/2020,2610,2670,2600,2640,15815400
13/01/2020,2650,2650,2500,2500,13431100
14/01/2020,2500,2510,2420,2430,16530400
15/01/2020,2440,2480,2380,2460,25776900
16/01/2020,2500,2560,2420,2470,14964700
17/01/2020,2490,2510,2400,2430,13213600
20/01/2020,2430,2450,2380,2410,13590100
21/01/2020,2410,2520,2410,2500,12799900
22/01/2020,2500,2560,2500,2560,15365100
23/01/2020,2570,2600,2480,2530,14171100
24/01/2020,2550,2580,2500,2520,11812000
27/01/2020,2520,2570,2450,2480,14713000
28/01/2020,2480,2580,2470,2570,14595300
29/01/2020,2590,2650,2590,2610,15216400
30/01/2020,2610,2660,2580,2610,12415800
31/01/2020,2610,2650,2500,2600,13206200
03/02/2020,2690,2690,2500,2550,15036600
04/02/2020,2550,2570,2540,2550,9323000
05/02/2020,2550,2590,2520,2550,3140200
06/02/2020,2550,2670,2550,2620,4278000
07/02/2020,2660,2660,2550,2570,2812800
10/02/2020,2570,2600,2550,2590,11208400
11/02/2020,2600,2690,2600,2650,14073500
12/02/2020,2660,2690,2580,2580,6613900
13/02/2020,2580,2630,2580,2590,6422900
14/02/2020,2590,2610,2550,2590,4868300
17/02/2020,2590,2610,2520,2600,6370500
18/02/2020,2600,2600,2550,2600,5103500
19/02/2020,2600,2600,2570,2590,3424800
20/02/2020,2590,2600,2580,2590,1783300
21/02/2020,2590,2600,2500,2580,2620000
24/02/2020,2580,2580,2520,2520,2526100
25/02/2020,2520,2580,2480,2530,1534100
26/02/2020,2530,2540,2370,2430,5165800
27/02/2020,2450,2500,2430,2500,4849200
28/02/2020,2500,2520,2390,2480,3564500
02/03/2020,2480,2490,2340,2350,2712800
03/03/2020,2350,2430,2350,2400,3515800
04/03/2020,2400,2470,2390,2430,3299900
05/03/2020,2450,2500,2390,2430,2355800
06/03/2020,2430,2450,2410,2420,5447200
09/03/2020,2420,2420,2130,2160,3972300
10/03/2020,2150,2180,2100,2150,3820700
11/03/2020,2160,2230,2110,2140,3853200
12/03/2020,2140,2140,1930,1935,4757300
13/03/2020,1935,1935,1800,1855,997400
16/03/2020,1855,1855,1730,1735,1100600
17/03/2020,1735,1795,1695,1700,7335300
18/03/2020,1735,1850,1715,1810,2219700
19/03/2020,1810,1835,1685,1685,1305600
20/03/2020,1685,2100,1570,2000,7094600
23/03/2020,2020,2020,1860,1860,2643400
24/03/2020,1865,1870,1730,1730,2191100
26/03/2020,1755,1905,1665,1895,7079400
27/03/2020,1895,2000,1810,1835,960000
30/03/2020,1835,1900,1720,1895,717900
31/03/2020,1905,2300,1895,2150,5054700
01/04/2020,2200,2280,2000,2000,2125600
02/04/2020,2000,2090,1945,2000,518300
03/04/2020,2100,2100,2000,2060,1399300
06/04/2020,2060,2230,2030,2100,2757000
07/04/2020,2150,2150,1990,1990,3308500
08/04/2020,1990,2010,1905,1930,450100
09/04/2020,1940,1970,1875,1910,1114900
13/04/2020,1910,1990,1900,1980,348100
14/04/2020,1985,2000,1935,1950,1531300
15/04/2020,1975,1975,1820,1850,3359300
16/04/2020,1850,1885,1745,1885,3793500
17/04/2020,1905,1915,1805,1830,3063300
20/04/2020,1820,1865,1775,1850,3285000
21/04/2020,1850,1870,1810,1870,3195400
22/04/2020,1875,1950,1835,1950,3943000
23/04/2020,1950,1970,1930,1940,1431500
24/04/2020,1970,1975,1920,1940,1885800
27/04/2020,1940,1985,1890,1910,834000
28/04/2020,1920,1960,1875,1940,2977900
29/04/2020,1940,1940,1895,1915,2999500
30/04/2020,1920,1970,1915,1945,2500600
04/05/2020,1945,1955,1830,1830,2103300
05/05/2020,1870,1920,1860,1910,853900
06/05/2020,1920,1940,1890,1920,1819600
08/05/2020,1940,2020,1920,1990,4170900
11/05/2020,2000,2030,1980,2030,6215800
12/05/2020,2030,2500,2030,2200,9494400
13/05/2020,2210,2330,2090,2200,5033600
14/05/2020,2210,2350,2190,2250,4349700
15/05/2020,2270,2450,2270,2390,3848900
18/05/2020,2400,2590,2380,2450,10811900
19/05/2020,2470,2480,2300,2320,2908500
20/05/2020,2360,2360,2200,2320,5949200
26/05/2020,2320,2350,2270,2300,1064900
27/05/2020,2300,2300,2200,2200,1550500
28/05/2020,2220,2350,2150,2350,1276300
29/05/2020,2360,2400,2330,2370,1910100
02/06/2020,2370,2550,2270,2540,2401100
03/06/2020,2540,2580,2370,2380,2705800
04/06/2020,2380,2470,2350,2350,4587100
05/06/2020,2370,2390,2260,2370,4735600
08/06/2020,2380,2470,2350,2430,10705800
09/06/2020,2440,2480,2400,2450,10014400
10/06/2020,2450,2470,2310,2460,8358300
11/06/2020,2470,2470,2370,2450,7872600
12/06/2020,2430,2430,2320,2380,10391900
15/06/2020,2380,2430,2340,2360,6276900
16/06/2020,2380,2400,2360,2380,8339700
17/06/2020,2380,2410,2350,2350,9482900
18/06/2020,2360,2380,2260,2260,4319300
19/06/2020,2290,2330,2240,2280,6301800
22/06/2020,2310,2320,2280,2300,8394000
23/06/2020,2310,2340,2260,2300,3927000
24/06/2020,2320,2370,2280,2300,7505300
25/06/2020,2320,2320,2200,2220,7404700
26/06/2020,2220,2300,2200,2200,3629800
29/06/2020,2250,2290,2220,2290,3926800
30/06/2020,2300,2330,2210,2270,4169900
01/07/2020,2280,2440,2270,2350,14920400
02/07/2020,2360,2430,2350,2380,18144900
03/07/2020,2390,2410,2340,2380,7716400
06/07/2020,2380,2480,2360,2400,20101200
07/07/2020,2400,2460,2350,2380,16828800
08/07/2020,2380,2420,2330,2360,17778100
09/07/2020,2360,2400,2330,2340,19977200
10/07/2020,2340,2370,2290,2370,20007200
13/07/2020,2390,2400,2260,2290,24115300
14/07/2020,2290,2330,2270,2280,19838100
15/07/2020,2320,2340,2280,2320,15624600
16/07/2020,2330,2350,2280,2320,16144700
17/07/2020,2330,2340,2270,2280,16877100
20/07/2020,2300,2350,2290,2320,17260600
21/07/2020,2320,2350,2310,2330,18113300
22/07/2020,2330,2350,2270,2280,17047000
23/07/2020,2280,2330,2280,2320,19184500
24/07/2020,2330,2350,2300,2340,37639900
27/07/2020,2370,2460,2350,2400,36193400
28/07/2020,2420,2460,2370,2400,24695000
29/07/2020,2400,2430,2320,2350,23945900
30/07/2020,2360,2520,2340,2400,29793900
03/08/2020,2450,2500,2250,2400,29827900
04/08/2020,2400,2420,2340,2400,35032900
05/08/2020,2400,2460,2390,2400,30154200
06/08/2020,2420,2510,2400,2450,32592700
07/08/2020,2480,2490,2390,2440,25790200
10/08/2020,2440,2460,2380,2400,22655300
11/08/2020,2400,2410,2300,2320,19415300
12/08/2020,2340,2350,2280,2300,19132900
13/08/2020,2300,2400,2290,2390,25099200
14/08/2020,2400,2410,2300,2300,25853700
18/08/2020,2310,2360,2300,2310,23856000
19/08/2020,2310,2350,2300,2330,20357400
24/08/2020,2350,2380,2310,2370,30657700
25/08/2020,2370,2410,2330,2390,28305000
26/08/2020,2370,2390,2340,2350,25965400
27/08/2020,2350,2400,2340,2380,23818000
28/08/2020,2370,2390,2350,2370,22453700
31/08/2020,2370,2400,2340,2370,26399800
01/09/2020,2370,2380,2330,2370,18866900
02/09/2020,2350,2380,2340,2370,19994700
03/09/2020,2380,2380,2350,2380,21336000
04/09/2020,2350,2390,2350,2390,20740400
07/09/2020,2390,2420,2360,2410,22713200
08/09/2020,2410,2410,2310,2380,22548300
09/09/2020,2380,2380,2320,2340,22116400
10/09/2020,2300,2330,2210,2240,18693400
11/09/2020,2220,2270,2150,2270,18181500
14/09/2020,2270,2290,2240,2270,31433400
15/09/2020,2270,2290,2230,2270,24599000
16/09/2020,2270,2360,2250,2320,23536900
17/09/2020,2360,2360,2300,2350,35929900
18/09/2020,2350,2360,2280,2330,163152800
21/09/2020,2350,2350,2310,2340,19263500
22/09/2020,2340,2370,2300,2370,26260300
23/09/2020,2370,2510,2350,2360,31654000
24/09/2020,2330,2380,2320,2370,21970600
25/09/2020,2370,2440,2360,2410,23857200
28/09/2020,2420,2520,2420,2490,27169000
29/09/2020,2490,2530,2340,2400,25372500
30/09/2020,2420,2560,2370,2450,30029600
01/10/2020,2460,2540,2440,2540,28388200
02/10/2020,2540,2580,2480,2550,28659400
05/10/2020,2580,2660,2550,2590,18493200
06/10/2020,2640,2650,2550,2590,21754700
07/10/2020,2550,2600,2480,2530,24087200
08/10/2020,2570,2590,2500,2520,24203500
09/10/2020,2520,2560,2480,2510,22084300
12/10/2020,2530,2540,2500,2510,21140300
13/10/2020,2510,2540,2490,2510,22783400
14/10/2020,2550,2840,2530,2640,41421700
15/10/2020,2650,2840,2650,2700,35591700
16/10/2020,2730,2770,2640,2660,28655800
19/10/2020,2700,2720,2640,2650,27940900
20/10/2020,2640,2690,2610,2630,28748800
21/10/2020,2630,2710,2620,2670,29239300
22/10/2020,2720,2720,2620,2650,27828500
23/10/2020,2690,2710,2670,2680,29210100
26/10/2020,2650,2710,2650,2690,28372100
27/10/2020,2710,2730,2610,2630,26741300
02/11/2020,2630,2670,2560,2570,22532600
03/11/2020,2600,2600,2470,2500,25765300
04/11/2020,2500,2530,2400,2430,26311000
05/11/2020,2450,2510,2440,2500,23422400
06/11/2020,2510,2540,2470,2500,24109800
09/11/2020,2510,2540,2480,2500,28628100
10/11/2020,2520,2520,2400,2420,30784900
11/11/2020,2420,2420,2270,2300,49486900
12/11/2020,2310,2350,2300,2320,29657700
13/11/2020,2320,2340,2280,2290,20393700
16/11/2020,2300,2410,2300,2370,30691100
17/11/2020,2400,2530,2400,2460,39283300
18/11/2020,2460,2480,2430,2460,26225100
19/11/2020,2470,2500,2440,2490,20983400
20/11/2020,2500,2550,2410,2430,21113200
23/11/2020,2440,2510,2430,2490,19449100
24/11/2020,2510,2540,2490,2500,22730900
25/11/2020,2520,2540,2470,2490,18581700
26/11/2020,2520,2640,2500,2590,30800900
27/11/2020,2600,2790,2600,2680,31527700
30/11/2020,2700,2820,2610,2700,34073000
01/12/2020,2700,2900,2590,2870,28559800
02/12/2020,2870,3080,2820,2900,38383900
03/12/2020,2950,2950,2760,2800,19301100
04/12/2020,2800,2800,2650,2690,23990800
07/12/2020,2770,2900,2720,2820,32418700
08/12/2020,2860,2870,2710,2750,22562600
10/12/2020,2750,2770,2590,2680,31835500
11/12/2020,2680,2750,2610,2730,25669500
14/12/2020,2730,2800,2730,2770,25454600
15/12/2020,2800,2840,2760,2830,20280100
16/12/2020,2840,2850,2800,2830,22678300
17/12/2020,2830,2830,2760,2770,21027000
18/12/2020,2770,2800,2660,2680,25680500
21/12/2020,2700,2710,2630,2650,27671000
22/12/2020,2660,2770,2660,2770,29478300
23/12/2020,2790,2800,2640,2740,23073500
28/12/2020,2800,2880,2710,2800,35446600
29/12/2020,2800,2840,2730,2770,26292900
30/12/2020,2770,2800,2690,2730,22702100
04/01/2021,2770,2830,2640,2810,28109200
05/01/2021,2790,2830,2730,2810,21368500
06/01/2021,2810,2830,2630,2660,30206700
07/01/2021,2680,2690,2650,2660,24210300
08/01/2021,2680,2690,2620,2630,24161100
11/01/2021,2630,2830,2550,2820,81793900
12/01/2021,2880,2940,2700,2720,58327400
13/01/2021,2750,2750,2670,2690,30273900
14/01/2021,2690,2710,2650,2670,24876100
15/01/2021,2670,2680,2600,2620,21017100
18/01/2021,2620,2680,2600,2630,24415400
19/01/2021,2630,2660,2540,2600,28727400
20/01/2021,2600,2680,2580,2620,26847300
21/01/2021,2620,2630,2580,2590,21542600
22/01/2021,2610,2610,2450,2480,25462700
25/01/2021,2480,2660,2440,2650,43527400
26/01/2021,2660,2790,2600,2760,57222300
27/01/2021,2770,2820,2720,2780,46781300
28/01/2021,2760,3030,2660,2860,57907000
29/01/2021,2900,2960,2820,2900,42154000
01/02/2021,2900,3120,2820,2920,41225800
02/02/2021,2980,3210,2930,3200,39814100
03/02/2021,3200,3220,3100,3150,45280600
04/02/2021,3190,3190,3010,3060,33427700
05/02/2021,3060,3190,3060,3130,24759900
08/02/2021,3130,3150,3070,3090,19932100
09/02/2021,3090,3130,2950,2990,24311900
10/02/2021,3000,3150,2930,3070,25778900
11/02/2021,3080,3120,3020,3090,18568900
15/02/2021,3100,3130,3040,3040,21093000
16/02/2021,3060,3080,2960,2990,23943900
17/02/2021,3000,3090,3000,3090,23278800
18/02/2021,3090,3100,2910,2930,26220600
19/02/2021,2930,3020,2880,3000,20414900
22/02/2021,3040,3160,3010,3070,26382000
23/02/2021,3080,3130,2970,2990,22420500
24/02/2021,2990,3050,2900,2940,25278700
25/02/2021,2960,3000,2930,2980,22968300
26/02/2021,2980,2980,2890,2970,19748100
01/03/2021,2990,3000,2930,2950,18690400
02/03/2021,2950,2970,2890,2920,19855100
03/03/2021,2940,2980,2920,2930,17134300
04/03/2021,2930,2930,2750,2790,23047100
05/03/2021,2760,2840,2660,2720,27321400
08/03/2021,2750,2920,2720,2910,28499200
09/03/2021,2910,2930,2710,2720,30817800
10/03/2021,2730,2790,2720,2760,29124100
12/03/2021,2790,2840,2760,2830,24297900
15/03/2021,2830,2890,2820,2850,22461700
16/03/2021,2860,3000,2840,2950,34904400
17/03/2021,2960,2980,2870,2890,23430900
18/03/2021,2900,2980,2900,2950,17275200
19/03/2021,2950,2960,2870,2890,16918700
22/03/2021,2890,3010,2890,2940,26802800
23/03/2021,2940,2970,2780,2830,22416500
24/03/2021,2830,2840,2760,2780,16427800
25/03/2021,2790,2800,2720,2770,16127500
26/03/2021,2780,2810,2700,2750,20998400
29/03/2021,2780,2780,2670,2720,34265900
30/03/2021,2700,2740,2620,2650,32675600
31/03/2021,2660,2680,2570,2630,23104300
01/04/2021,2630,2660,2560,2600,25759300
05/04/2021,2610,2630,2580,2610,19980500
06/04/2021,2580,2640,2510,2550,23647800
07/04/2021,2550,2620,2540,2570,23630500
08/04/2021,2570,2680,2550,2610,25700700
09/04/2021,2660,2660,2560,2590,27100800
12/04/2021,2600,2670,2570,2600,24199100
13/04/2021,2600,2630,2580,2620,22861800
14/04/2021,2630,2680,2600,2670,22803600
15/04/2021,2690,2690,2580,2600,32449400
16/04/2021,2600,2630,2590,2610,24364300
19/04/2021,2620,2660,2590,2590,19387800
20/04/2021,2590,2610,2560,2610,26061400
21/04/2021,2610,2630,2580,2590,19934800
22/04/2021,2610,2630,2550,2620,22435100
23/04/2021,2610,2680,2590,2600,37643300
26/04/2021,2630,2750,2600,2660,44952100
27/04/2021,2670,2720,2630,2690,36025000
28/04/2021,2700,2730,2520,2560,41639300
29/04/2021,2560,2620,2520,2610,29703800
30/04/2021,2620,2660,2590,2620,34858700
03/05/2021,2620,2730,2610,2690,44470400
04/05/2021,2690,2710,2600,2690,33094900
05/05/2021,2660,2680,2590,2600,30496500
06/05/2021,2600,2630,2590,2610,31067800
07/05/2021,2610,2690,2600,2640,38396600
10/05/2021,2660,2710,2640,2700,30921500
11/05/2021,2720,2720,2610,2690,30898200
17/05/2021,2690,2740,2650,2700,36556400
18/05/2021,2700,2700,2570,2620,40119400
19/05/2021,2620,2660,2590,2610,30512500
20/05/2021,2600,2630,2590,2610,34599900
21/05/2021,2610,2640,2580,2600,29036000
24/05/2021,2600,2650,2600,2610,30645300
25/05/2021,2610,2670,2590,2600,28763900
27/05/2021,2600,2660,2590,2620,44900600
28/05/2021,2620,2620,2540,2560,22885600
31/05/2021,2580,2610,2570,2580,26232800
02/06/2021,2600,2610,2550,2580,33121200
03/06/2021,2600,2620,2570,2610,37848800
04/06/2021,2610,2650,2590,2600,32854800
07/06/2021,2620,2730,2590,2720,44451500
08/06/2021,2720,2750,2560,2570,41754800
09/06/2021,2580,2590,2400,2440,69941500
10/06/2021,2450,2480,2420,2440,56424000
11/06/2021,2470,2510,2450,2500,50407800
14/06/2021,2510,2550,2440,2480,44785700
15/06/2021,2490,2530,2480,2510,38119600
16/06/2021,2510,2520,2450,2470,35477600
17/06/2021,2470,2500,2450,2470,28736500
18/06/2021,2460,2540,2410,2540,53740700
21/06/2021,2530,2840,2470,2820,74554100
22/06/2021,2840,2880,2750,2790,33136000
23/06/2021,2800,2890,2760,2780,26058500
24/06/2021,2790,2820,2710,2750,23171200
25/06/2021,2750,2790,2720,2750,18389100
28/06/2021,2750,2840,2740,2770,18180200
29/06/2021,2770,2800,2680,2740,22151900
30/06/2021,2750,2820,2740,2800,25932600
01/07/2021,2820,2850,2680,2730,33942000
02/07/2021,2730,2750,2710,2740,27018900
05/07/2021,2750,2820,2700,2770,27980600
06/07/2021,2790,2810,2730,2750,28773100
07/07/2021,2760,2800,2730,2750,24185200
08/07/2021,2760,2780,2610,2680,36032200
09/07/2021,2680,2770,2660,2700,29701600
12/07/2021,2730,2950,2660,2730,43978000
13/07/2021,2760,2810,2740,2800,28242900
14/07/2021,2810,2840,2680,2740,26387800
15/07/2021,2720,2760,2690,2710,26527500
16/07/2021,2720,2770,2710,2730,24314100
19/07/2021,2740,2780,2700,2710,27179200
21/07/2021,2710,2720,2660,2690,36402200
22/07/2021,2690,2720,2660,2690,29108800
23/07/2021,2700,2710,2650,2660,31555400
26/07/2021,2660,2680,2630,2650,26481600
27/07/2021,2660,2680,2530,2560,27225700
28/07/2021,2560,2630,2540,2560,27513300
29/07/2021,2590,2600,2530,2590,24503200
30/07/2021,2600,2610,2510,2590,40847100
02/08/2021,2580,2610,2520,2550,36158600
03/08/2021,2550,2560,2490,2490,30923700
04/08/2021,2490,2530,2480,2510,23771300
05/08/2021,2520,2520,2460,2460,24769300
06/08/2021,2450,2480,2420,2440,23170600
09/08/2021,2460,2480,2360,2390,33919500
10/08/2021,2430,2430,2260,2290,41322100
12/08/2021,2310,2320,2260,2300,34095700
13/08/2021,2310,2320,2280,2300,25367100
16/08/2021,2290,2300,2200,2230,31824100
18/08/2021,2230,2290,2220,2280,31404600
19/08/2021,2300,2300,2220,2250,27205200
20/08/2021,2260,2280,2200,2230,20197900
23/08/2021,2240,2300,2230,2290,23756200
24/08/2021,2290,2300,2240,2250,21084900
25/08/2021,2260,2360,2260,2330,24504300
26/08/2021,2350,2360,2300,2330,28791900
27/08/2021,2330,2330,2260,2290,22802300
30/08/2021,2300,2350,2280,2350,23097000
31/08/2021,2360,2360,2290,2330,23392900
01/09/2021,2340,2400,2320,2380,29527900
02/09/2021,2390,2390,2330,2350,25276000
03/09/2021,2350,2390,2320,2370,20570100
06/09/2021,2370,2390,2330,2350,22382800
07/09/2021,2350,2390,2340,2360,20709000
08/09/2021,2370,2420,2350,2400,25178800
09/09/2021,2400,2400,2330,2370,25049500
10/09/2021,2370,2410,2350,2400,20173000
13/09/2021,2400,2400,2340,2370,23950600
14/09/2021,2360,2420,2350,2420,22749200
15/09/2021,2420,2450,2380,2430,22151400
16/09/2021,2430,2450,2370,2380,22265500
17/09/2021,2370,2420,2370,2390,22258000
20/09/2021,2390,2410,2360,2370,18541400
21/09/2021,2370,2390,2330,2370,17842600
22/09/2021,2380,2410,2370,2380,17892100
23/09/2021,2380,2400,2380,2380,17680400
24/09/2021,2400,2410,2360,2400,21354800
27/09/2021,2400,2400,2350,2360,21378500
28/09/2021,2360,2360,2280,2290,23503800
29/09/2021,2290,2300,2240,2290,22496100
30/09/2021,2290,2330,2260,2300,21706900
01/10/2021,2300,2330,2260,2270,21649000
04/10/2021,2300,2310,2270,2300,20096300
05/10/2021,2300,2320,2230,2230,27232400
06/10/2021,2230,2290,2230,2240,24656200
07/10/2021,2240,2260,2220,2230,28826100
08/10/2021,2260,2300,2240,2250,29363800
11/10/2021,2280,2280,2230,2240,24997800
12/10/2021,2240,2350,2240,2330,28654300
13/10/2021,2340,2350,2270,2270,21348300
14/10/2021,2270,2310,2270,2300,25620100
15/10/2021,2310,2330,2270,2270,23296400
18/10/2021,2280,2300,2250,2260,26085700
19/10/2021,2270,2280,2240,2250,21413400
21/10/2021,2250,2290,2210,2290,33737800
22/10/2021,2290,2290,2230,2240,24410400
25/10/2021,2240,2260,2210,2210,26388700
26/10/2021,2220,2260,2220,2230,22924600
27/10/2021,2240,2280,2230,2260,20941500
28/10/2021,2260,2270,2200,2210,29515000
29/10/2021,2240,2300,2210,2280,27705700
01/11/2021,2290,2310,2220,2230,27560200
02/11/2021,2230,2250,2200,2210,32908600
03/11/2021,2230,2280,2200,2260,36290600
04/11/2021,2260,2290,2230,2230,20995000
05/11/2021,2230,2280,2230,2260,27097300
08/11/2021,2270,2280,2230,2250,23411700
09/11/2021,2250,2290,2250,2270,27027800
10/11/2021,2280,2290,2200,2210,37576000
11/11/2021,2220,2230,2200,2220,32964600
12/11/2021,2220,2270,2220,2250,25099500
15/11/2021,2250,2290,2250,2280,25194300
16/11/2021,2280,2310,2250,2280,28971400
17/11/2021,2290,2350,2280,2340,29123800
18/11/2021,2350,2430,2320,2340,30184600
19/11/2021,2340,2370,2320,2330,19486100
22/11/2021,2320,2370,2300,2370,19011700
23/11/2021,2370,2370,2310,2350,22661300
24/11/2021,2350,2360,2240,2250,23378900
25/11/2021,2250,2280,2240,2250,17973400
26/11/2021,2240,2350,2230,2330,34330500
29/11/2021,2340,2420,2340,2360,33854700
30/11/2021,2370,2400,2290,2380,27590300
01/12/2021,2380,2400,2340,2350,24445700
02/12/2021,2350,2390,2310,2390,20400800
03/12/2021,2390,2400,2340,2360,19221100
06/12/2021,2360,2380,2320,2370,18314100
07/12/2021,2370,2400,2360,2390,21154600
08/12/2021,2390,2390,2350,2390,16455300
09/12/2021,2400,2430,2370,2420,19128300
10/12/2021,2420,2420,2370,2420,15050300
13/12/2021,2430,2440,2390,2420,15600600
14/12/2021,2440,2440,2370,2400,20314500
15/12/2021,2410,2410,2280,2330,23861700
16/12/2021,2330,2360,2280,2290,26286500
17/12/2021,2290,2320,2240,2240,24616300
20/12/2021,2270,2310,2230,2300,28208600
21/12/2021,2310,2310,2220,2250,25758900
22/12/2021,2250,2280,2240,2260,15494200
23/12/2021,2270,2300,2260,2280,15908000
24/12/2021,2260,2290,2240,2290,14219200
27/12/2021,2290,2290,2210,2210,21320700
28/12/2021,2220,2260,2220,2220,15557400
29/12/2021,2230,2250,2220,2250,17246200
30/12/2021,2250,2270,2230,2260,17591400
03/01/2022,2260,2270,2230,2240,12318100
04/01/2022,2240,2280,2240,2250,12283700
05/01/2022,2250,2270,2220,2220,14831500
06/01/2022,2220,2280,2220,2270,14769900
07/01/2022,2270,2270,2220,2230,18583800
10/01/2022,2240,2240,2200,2210,18585200
11/01/2022,2240,2240,2140,2150,22683100
12/01/2022,2150,2190,2120,2160,15626500
13/01/2022,2180,2220,2160,2220,17899800
14/01/2022,2220,2240,2180,2240,19752600
17/01/2022,2240,2240,2160,2180,13758500
18/01/2022,2170,2190,2080,2110,16930600
19/01/2022,2110,2140,2090,2140,12702800
20/01/2022,2140,2160,2130,2130,11768900
21/01/2022,2140,2230,2120,2220,16606300
24/01/2022,2220,2220,2130,2160,15426200
25/01/2022,2150,2230,2150,2210,15233900
26/01/2022,2220,2400,2220,2370,34926600
27/01/2022,2370,2390,2350,2380,18201500
28/01/2022,2380,2440,2360,2390,20085800
31/01/2022,2410,2530,2410,2520,25064300
02/02/2022,2520,2560,2440,2450,19705100
03/02/2022,2460,2530,2460,2490,20146700
04/02/2022,2500,2580,2500,2510,14729300
07/02/2022,2540,2550,2460,2500,23185000
08/02/2022,2500,2520,2330,2330,21177200
09/02/2022,2240,2370,2240,2320,26498000
10/02/2022,2330,2330,2250,2260,28505100
11/02/2022,2260,2290,2230,2240,18341100
14/02/2022,2240,2280,2210,2250,16086100
15/02/2022,2250,2290,2250,2270,17488300
16/02/2022,2290,2290,2250,2260,14820800
17/02/2022,2270,2280,2230,2250,18101300
18/02/2022,2270,2270,2220,2230,20873000
21/02/2022,2230,2260,2200,2200,27412200
22/02/2022,2200,2210,2160,2190,21898000
23/02/2022,2200,2230,2190,2210,20831600
24/02/2022,2210,2230,2150,2190,23994300
25/02/2022,2190,2220,2170,2220,18595900
01/03/2022,2220,2230,2170,2180,21541300
02/03/2022,2170,2220,2140,2170,15727400
04/03/2022,2170,2190,2150,2170,22053800
07/03/2022,2170,2190,2130,2150,15664900
08/03/2022,2150,2190,2140,2150,18219100
09/03/2022,2160,2160,2110,2130,15962300
10/03/2022,2130,2210,2120,2200,14313700
11/03/2022,2200,2220,2180,2200,14535600
14/03/2022,2200,2210,2170,2200,10745100
15/03/2022,2200,2220,2120,2140,20986600
16/03/2022,2160,2180,2100,2110,19714100
17/03/2022,2120,2140,2080,2100,35249300
18/03/2022,2110,2150,2090,2090,23511700
21/03/2022,2100,2170,2100,2140,20193800
22/03/2022,2160,2160,2100,2160,15889200
23/03/2022,2160,2180,2130,2150,11382700
24/03/2022,2150,2180,2140,2170,13339900
25/03/2022,2180,2180,2120,2140,19587700
28/03/2022,2170,2180,2140,2160,10816600
29/03/2022,2170,2270,2170,2220,23430200
30/03/2022,2250,2260,2170,2170,13907000
31/03/2022,2170,2240,2170,2170,15904300
01/04/2022,2200,2270,2190,2240,13127900
04/04/2022,2270,2280,2250,2270,13866900
05/04/2022,2280,2300,2260,2280,14482300
06/04/2022,2270,2370,2260,2330,19704000
07/04/2022,2330,2360,2310,2350,13123400
08/04/2022,2360,2420,2360,2400,19108500
11/04/2022,2400,2440,2380,2420,17731800
12/04/2022,2430,2490,2410,2470,18815700
13/04/2022,2480,2550,2470,2500,18497500
14/04/2022,2510,2610,2500,2610,20068100
18/04/2022,2610,2730,2610,2700,15506800
19/04/2022,2710,2760,2570,2650,18455700
20/04/2022,2650,2740,2650,2690,21934400
21/04/2022,2670,2710,2660,2700,25498200
22/04/2022,2700,2710,2590,2600,17526800
25/04/2022,2600,2690,2590,2620,13752500
26/04/2022,2620,2690,2550,2580,12781300
27/04/2022,2570,2610,2540,2550,12608900
28/04/2022,2560,2610,2530,2530,12309200
09/05/2022,2520,2530,2420,2450,18733300
10/05/2022,2440,2510,2420,2490,17350100
11/05/2022,2490,2610,2490,2510,18730500
12/05/2022,2510,2740,2470,2690,29875800
13/05/2022,2690,2710,2550,2660,12983400
17/05/2022,2660,2730,2570,2660,10990300
18/05/2022,2660,2760,2620,2720,14402900
19/05/2022,2720,2780,2680,2740,13453400
20/05/2022,2750,2800,2710,2800,14587200
23/05/2022,2810,3130,2810,3010,18875700
24/05/2022,3030,3140,3030,3050,15459400
25/05/2022,3050,3090,3020,3050,19041500
27/05/2022,3050,3050,2840,2840,10250700
30/05/2022,2800,2800,2650,2650,13612000
31/05/2022,2650,2710,2590,2610,13295900
02/06/2022,2650,2710,2630,2690,13167300
03/06/2022,2690,2700,2510,2510,18179800
06/06/2022,2530,2690,2520,2690,13269500
07/06/2022,2690,2700,2580,2580,12971700
08/06/2022,2620,2730,2600,2700,13273800
09/06/2022,2700,2700,2580,2620,11245400
10/06/2022,2620,2660,2580,2620,12994500
13/06/2022,2620,2700,2550,2700,12726100
14/06/2022,2700,2700,2630,2700,15074300
15/06/2022,2700,2700,2600,2680,11095400
16/06/2022,2680,2690,2610,2680,10169100
17/06/2022,2680,2720,2640,2700,19189100
20/06/2022,2750,2880,2730,2880,18700700
21/06/2022,2900,2900,2830,2840,14023300
22/06/2022,2870,2900,2770,2780,8516300
23/06/2022,2750,2810,2720,2750,8866700
24/06/2022,2750,2750,2620,2620,12669300
27/06/2022,2620,2730,2610,2650,15108900
28/06/2022,2660,2700,2600,2650,10454700
29/06/2022,2650,2700,2650,2680,17611200
30/06/2022,2700,2770,2700,2750,21488000
01/07/2022,2790,2800,2670,2700,17097000
04/07/2022,2700,2740,2650,2700,8759100
05/07/2022,2700,2710,2650,2660,11743100
06/07/2022,2700,2720,2660,2700,11064800
07/07/2022,2720,2770,2660,2660,9559900
08/07/2022,2700,2750,2660,2700,10099000
11/07/2022,2700,2830,2700,2800,9093000
12/07/2022,2770,2810,2670,2750,11067500
13/07/2022,2750,2770,2720,2750,8186000
14/07/2022,2750,2900,2730,2790,10624300
15/07/2022,2800,2850,2710,2750,9105100
18/07/2022,2760,2970,2700,2750,18391300
19/07/2022,2780,2830,2730,2750,18697000
20/07/2022,2750,2910,2740,2830,21343000
21/07/2022,2830,2880,2750,2760,11243900
22/07/2022,2760,2850,2700,2700,10803000
25/07/2022,2700,2720,2650,2700,10860000
26/07/2022,2700,2740,2640,2680,13403800
27/07/2022,2680,2700,2650,2700,10807000
28/07/2022,2700,2710,2600,2600,12764600
29/07/2022,2620,2640,2420,2490,30074100
01/08/2022,2490,2530,2480,2500,15233900
02/08/2022,2510,2630,2510,2600,22215100
03/08/2022,2610,2610,2540,2610,15874300
04/08/2022,2630,2650,2570,2610,12283000
05/08/2022,2610,2610,2560,2600,12118200
08/08/2022,2600,2630,2580,2600,10069900
09/08/2022,2600,2620,2510,2620,17774600
10/08/2022,2620,2630,2560,2600,17008100
11/08/2022,2610,2690,2590,2650,18739300
12/08/2022,2660,2660,2580,2610,18479700
15/08/2022,2610,2620,2550,2600,19822300
16/08/2022,2610,2640,2510,2520,16690200
18/08/2022,2530,2570,2500,2500,16023500
19/08/2022,2510,2610,2510,2600,10775200
22/08/2022,2600,2610,2560,2560,8326100
23/08/2022,2560,2630,2560,2600,9904400
24/08/2022,2590,2600,2530,2560,11175200
25/08/2022,2570,2600,2540,2550,8868000
26/08/2022,2540,2570,2510,2520,9733300
29/08/2022,2500,2550,2490,2540,9089100
30/08/2022,2540,2640,2520,2620,14408600
31/08/2022,2620,2670,2560,2660,18359100
01/09/2022,2660,2720,2610,2680,10444600
02/09/2022,2680,2680,2560,2680,11453100
05/09/2022,2660,2660,2540,2550,11581300
06/09/2022,2570,2600,2530,2550,14634200
07/09/2022,2560,2590,2520,2540,15997600
08/09/2022,2560,2600,2560,2600,11756400
09/09/2022,2610,2660,2590,2630,10649000
12/09/2022,2630,2690,2610,2650,9538600
13/09/2022,2650,2710,2650,2700,10638600
14/09/2022,2690,2700,2620,2660,12144000
15/09/2022,2680,2720,2600,2650,12572900
16/09/2022,2640,2660,2580,2660,13537900
19/09/2022,2660,2700,2630,2680,10066800
20/09/2022,2680,2780,2650,2750,13509200
21/09/2022,2750,2770,2700,2720,11992200
22/09/2022,2710,2790,2660,2660,8981000
23/09/2022,2660,2740,2650,2700,7438000
26/09/2022,2700,2720,2660,2720,7052700
27/09/2022,2720,2770,2710,2710,8444700
28/09/2022,2700,2810,2700,2780,10016700
29/09/2022,2780,2920,2730,2800,14613700
30/09/2022,2800,2920,2760,2900,13030700
03/10/2022,2930,3000,2760,2800,15666400
04/10/2022,2820,2840,2720,2760,11865900
05/10/2022,2780,2870,2780,2790,13745800
06/10/2022,2830,2830,2720,2740,5744600
07/10/2022,2740,2820,2720,2720,7285100
10/10/2022,2730,2840,2730,2790,7308500
11/10/2022,2810,2870,2770,2870,8315300
12/10/2022,2870,2890,2790,2830,8783500
13/10/2022,2830,2850,2780,2830,8663300
14/10/2022,2820,2850,2740,2750,12706800
17/10/2022,2750,2850,2720,2850,11752000
18/10/2022,2850,2950,2830,2890,23517300
19/10/2022,2900,2910,2810,2830,12078100
20/10/2022,2840,2850,2750,2780,25753800
21/10/2022,2790,2870,2790,2850,14692100
24/10/2022,2870,2930,2820,2880,8160400
25/10/2022,3100,3190,2910,2920,18218900
26/10/2022,2930,3050,2900,2980,22036700
27/10/2022,2990,3000,2920,2960,13716700
28/10/2022,2960,2960,2890,2930,17726400
31/10/2022,2910,2910,2730,2760,48889000
01/11/2022,2760,2790,2650,2720,29560600
02/11/2022,2720,2760,2630,2650,17914600
03/11/2022,2650,2740,2640,2670,23682200
04/11/2022,2690,2820,2670,2750,22555000
07/11/2022,2780,2780,2720,2750,8858800
08/11/2022,2730,2880,2730,2860,12688000
09/11/2022,2870,2880,2780,2870,10399900
10/11/2022,2810,2900,2760,2850,10878900
11/11/2022,2850,2850,2770,2780,10770900
14/11/2022,2810,2810,2740,2770,14017100
15/11/2022,2800,2800,2720,2760,9576800
16/11/2022,2760,2770,2720,2760,8427100
17/11/2022,2780,2780,2700,2750,8493100
18/11/2022,2740,2770,2690,2720,8599000
21/11/2022,2710,2720,2670,2700,9816300
22/11/2022,2680,2780,2670,2700,13049000
23/11/2022,2700,2720,2620,2640,11189600
24/11/2022,2640,2730,2640,2730,15829700
25/11/2022,2720,2720,2600,2600,16309000
28/11/2022,2610,2730,2610,2700,9904800
29/11/2022,2760,2950,2720,2920,12309800
30/11/2022,2930,2970,2790,2840,16688800
01/12/2022,2860,2940,2790,2810,9812900
02/12/2022,2800,2830,2750,2790,10718700
05/12/2022,2790,2880,2740,2810,9654900
06/12/2022,2850,2860,2740,2760,6572000
07/12/2022,2760,3400,2760,3100,16540700
08/12/2022,3090,3130,2890,3090,10348300
09/12/2022,3080,3080,2920,2950,10683600
12/12/2022,2950,3090,2940,3050,13014000
13/12/2022,3060,3100,3020,3060,11038800
14/12/2022,3070,3140,3050,3100,11368200
15/12/2022,3110,3120,3040,3110,7168600
16/12/2022,3110,3150,3080,3110,10122200
19/12/2022,3110,3110,2980,3050,8367100
20/12/2022,3030,3100,2990,3080,8241500
21/12/2022,3080,3150,3030,3030,9072000
22/12/2022,3080,3130,3060,3100,10680500
23/12/2022,3100,3120,2990,3090,6904500
26/12/2022,3090,3090,2920,3000,7632100
27/12/2022,3000,3100,2950,3090,5392700
28/12/2022,3080,3080,2990,2990,6729600
29/12/2022,3000,3110,2990,3100,11051000
30/12/2022,3100,3200,3070,3190,9933200
02/01/2023,3190,3250,2970,2970,6767900
03/01/2023,2970,3140,2970,3060,12853400
04/01/2023,3060,3100,2850,2850,12111100
05/01/2023,2850,3000,2810,3000,8995200
06/01/2023,2990,2990,2850,2850,9292300
09/01/2023,2870,3000,2860,3000,11401900
10/01/2023,3010,3040,2940,3000,8150300
11/01/2023,3000,3110,2950,3100,10882900
12/01/2023,3100,3130,3010,3080,9848500
13/01/2023,3100,3280,3070,3070,12476300
16/01/2023,3060,3090,2920,2930,8373100
17/01/2023,2950,3070,2950,3010,10154600
18/01/2023,3000,3070,2960,3040,7616300
19/01/2023,3040,3140,3030,3140,9387900
20/01/2023,3140,3190,3120,3130,8253400
24/01/2023,3130,3160,3050,3110,7527500
25/01/2023,3110,3120,3000,3030,8686200
26/01/2023,3030,3040,2840,2850,18073400
27/01/2023,2880,2970,2870,2900,12344900
30/01/2023,2920,2990,2900,2960,13253900
31/01/2023,2950,2990,2900,2990,16700900
01/02/2023,3010,3010,2920,2950,7444200
02/02/2023,2980,2980,2850,2910,11330600
03/02/2023,2920,3050,2900,3050,9638300
06/02/2023,3030,3080,2940,3050,8684900
07/02/2023,3030,3050,2920,2960,10016700
08/02/2023,2950,2990,2920,2950,9318600
09/02/2023,2960,2980,2920,2960,6809000
10/02/2023,2960,3030,2900,2940,9109800
13/02/2023,2940,3030,2940,3010,8428000
14/02/2023,3020,3090,3010,3080,8864500
15/02/2023,3080,3180,3040,3140,8948900
16/02/2023,3140,3140,3000,3000,7198000
17/02/2023,3010,3160,3010,3160,7759900
20/02/2023,3190,3190,3030,3090,9639400
21/02/2023,3110,3110,3050,3100,7800300
22/02/2023,3150,3150,2960,3000,7363900
23/02/2023,3010,3050,2980,3050,5796500
24/02/2023,3050,3120,2980,3050,10243200
27/02/2023,3050,3050,2940,2940,7282000
28/02/2023,2960,2990,2940,2990,7189900
01/03/2023,3040,3040,2890,2900,7971700
02/03/2023,2920,2930,2870,2890,9246200
03/03/2023,2890,2960,2890,2950,8955000
06/03/2023,2950,2990,2800,2870,8682900
07/03/2023,2870,2960,2850,2860,8220900
08/03/2023,2890,2910,2840,2850,8873400
09/03/2023,2850,3030,2830,3020,9447700
10/03/2023,3010,3040,2930,3000,9151000
13/03/2023,3000,3040,2950,2960,7192800
14/03/2023,2920,3030,2920,3020,8862400
15/03/2023,3070,3070,2950,3000,6343000
16/03/2023,3000,3100,2970,3080,10429000
17/03/2023,3080,3130,3080,3120,9772800
20/03/2023,3130,3200,3100,3100,8646700
21/03/2023,3100,3160,2970,3010,9579800
24/03/2023,3060,3140,2930,3040,13723300
27/03/2023,3100,3130,2980,3000,9278300
28/03/2023,3000,3020,2900,2940,15234700
29/03/2023,2980,2980,2910,2910,14242600
30/03/2023,2930,2960,2910,2910,10649700
31/03/2023,2910,2970,2910,2930,7038400
03/04/2023,2950,2960,2890,2930,9102700
04/04/2023,2930,2940,2830,2850,12383500
05/04/2023,2880,2920,2840,2860,10537400
06/04/2023,2860,2900,2790,2790,13891600
10/04/2023,2790,2890,2750,2850,10583700
11/04/2023,2870,2870,2790,2850,8574600
12/04/2023,2900,2900,2720,2760,12538700
13/04/2023,2790,2820,2740,2750,8959700
14/04/2023,2750,2820,2750,2780,7959500
17/04/2023,2780,2840,2760,2800,8913100
18/04/2023,2830,2850,2790,2820,9126200
26/04/2023,2870,2870,2700,2740,13868500
27/04/2023,2740,2750,2660,2680,19713400
28/04/2023,2710,2890,2690,2890,18759200
02/05/2023,2890,2900,2720,2720,10246400
03/05/2023,2720,2740,2680,2680,9880200
04/05/2023,2680,2700,2630,2690,13967700
05/05/2023,2690,2690,2570,2580,16034100
08/05/2023,2600,2630,2530,2600,17247000
09/05/2023,2620,2620,2550,2550,10712600
10/05/2023,2570,2570,2520,2550,11253800
11/05/2023,2570,2570,2480,2480,11728900
12/05/2023,2500,2590,2480,2580,11839200
15/05/2023,2600,2620,2540,2600,14204200
16/05/2023,2620,2620,2570,2610,8397400
17/05/2023,2640,2690,2580,2680,9649000
19/05/2023,2680,2760,2610,2730,12277400
22/05/2023,2730,2830,2680,2770,19589800
23/05/2023,2770,2840,2720,2770,10962400
24/05/2023,2820,2820,2720,2770,13515600
25/05/2023,2750,2770,2650,2650,14216300
26/05/2023,2670,2730,2660,2690,7421800
29/05/2023,2700,2700,2610,2660,7953600
30/05/2023,2660,2730,2650,2700,14804800
31/05/2023,2750,2770,2680,2710,11391400
05/06/2023,2710,2720,2650,2700,9857600
06/06/2023,2710,2780,2660,2760,9991600
07/06/2023,2810,2810,2650,2700,14010400
08/06/2023,2700,2730,2680,2700,7281100
09/06/2023,2710,2780,2700,2730,7971200
12/06/2023,2760,2790,2710,2760,8454400
13/06/2023,2780,2820,2710,2760,8902600
14/06/2023,2710,2780,2710,2760,10647800
15/06/2023,2760,2820,2750,2780,11624600
16/06/2023,2770,2790,2670,2670,15528600
19/06/2023,2680,2700,2640,2650,9033200
20/06/2023,2660,2740,2640,2700,9630000
21/06/2023,2690,2730,2580,2600,11988400
22/06/2023,2610,2700,2610,2680,9765100
23/06/2023,2690,2690,2620,2650,13925400
26/06/2023,2650,2720,2640,2690,7426200
27/06/2023,2690,2700,2640,2690,8433500
03/07/2023,2690,2710,2650,2670,6646100
04/07/2023,2710,2720,2650,2680,6692400
05/07/2023,2670,2700,2630,2650,8407100
06/07/2023,2680,2690,2610,2620,9099500
07/07/2023,2630,2640,2590,2600,8430300
10/07/2023,2610,2680,2580,2600,9480300
11/07/2023,2600,2670,2590,2650,14615000
12/07/2023,2680,2820,2670,2750,13849500
13/07/2023,2760,2900,2750,2840,17255400
14/07/2023,2850,2920,2850,2900,15547400
17/07/2023,2900,2930,2840,2870,15368500
18/07/2023,2870,2900,2820,2830,15389200
20/07/2023,2830,2890,2800,2880,14910100
21/07/2023,2890,3060,2840,3000,14038200
24/07/2023,3000,3100,2950,2990,10513700
25/07/2023,2990,2990,2860,2900,9335600
26/07/2023,2910,2960,2860,2920,10447000
27/07/2023,2910,2960,2870,2890,8839300
28/07/2023,2890,2950,2860,2890,7629200
31/07/2023,2980,2980,2860,2910,7434800
01/08/2023,2900,2900,2760,2850,12461500
02/08/2023,2850,3080,2820,3080,13150500
03/08/2023,3000,3050,2890,3010,15255300
04/08/2023,3020,3020,2900,2920,14116400
07/08/2023,2920,2930,2820,2860,10177200
08/08/2023,2860,2860,2800,2800,8674200
09/08/2023,2850,2850,2770,2770,11160800
10/08/2023,2770,2790,2720,2790,11439000
11/08/2023,2790,2800,2730,2740,8688900
14/08/2023,2750,2770,2670,2710,9786900
15/08/2023,2720,2740,2700,2700,8154800
16/08/2023,2750,2750,2690,2740,9511700
18/08/2023,2740,2760,2710,2740,11769700
21/08/2023,2760,2760,2680,2720,10343700
22/08/2023,2720,2740,2670,2680,11815800
23/08/2023,2730,2780,2670,2770,12902800
24/08/2023,2770,2800,2730,2730,10702200
25/08/2023,2760,2830,2730,2770,7061900
28/08/2023,2780,2840,2740,2820,8154700
29/08/2023,2820,2870,2810,2850,10107400
30/08/2023,2880,2980,2850,2960,13760200
31/08/2023,2960,2970,2820,2830,9351900
01/09/2023,2830,2910,2830,2890,9998900
04/09/2023,2890,2890,2800,2810,9133700
05/09/2023,2830,2880,2810,2850,7331600
06/09/2023,2900,2900,2780,2850,9592200
07/09/2023,2860,2870,2820,2870,7322900
08/09/2023,2880,2920,2840,2900,7472600
11/09/2023,2910,2960,2890,2930,8080200
12/09/2023,2930,3020,2890,2900,9772500
13/09/2023,2920,2970,2890,2950,7121700
14/09/2023,2950,2970,2880,2880,5990800
15/09/2023,2880,2880,2790,2790,11666200
18/09/2023,2790,2820,2730,2740,8321600
19/09/2023,2760,2770,2710,2720,7539100
20/09/2023,2770,2830,2720,2720,8881100
21/09/2023,2740,2780,2710,2740,7349000
22/09/2023,2740,2780,2710,2710,6097400
25/09/2023,2710,2750,2660,2730,8908300
26/09/2023,2730,2750,2680,2730,7387600
27/09/2023,2750,2750,2680,2690,6872500
29/09/2023,2700,2720,2670,2700,6902000
02/10/2023,2700,2760,2680,2710,9544500
03/10/2023,2710,2740,2670,2730,12439200
04/10/2023,2750,2790,2710,2790,10368000
05/10/2023,2790,2870,2750,2790,15424000
06/10/2023,2830,2930,2750,2850,13816500
09/10/2023,2860,2870,2740,2770,11726100
10/10/2023,2760,2790,2710,2740,8330100
11/10/2023,2790,2790,2710,2720,11182500
12/10/2023,2730,2780,2720,2730,11464000
13/10/2023,2770,2790,2710,2720,9635900
16/10/2023,2720,2770,2720,2760,8884000
17/10/2023,2760,2780,2730,2780,7828200
18/10/2023,2830,2830,2730,2800,13098700
19/10/2023,2800,2800,2730,2800,7622000
20/10/2023,2800,2850,2780,2820,9895400
23/10/2023,2830,2840,2760,2820,7641600
24/10/2023,2810,2840,2790,2800,5404700
25/10/2023,2850,2850,2760,2760,7218800
26/10/2023,2760,2840,2750,2800,8357000
27/10/2023,2830,2910,2810,2900,9324900
30/10/2023,2900,2900,2780,2780,7736300
31/10/2023,2830,2830,2730,2740,8415400
01/11/2023,2790,2830,2640,2680,10330000
02/11/2023,2680,2750,2600,2700,14677500
03/11/2023,2700,2740,2650,2660,7828600
06/11/2023,2650,2700,2650,2650,8159000
07/11/2023,2650,2670,2430,2660,12108700
08/11/2023,2710,2740,2640,2740,7357600
09/11/2023,2740,2760,2710,2720,5957900
10/11/2023,2710,2750,2700,2730,6278400
13/11/2023,2720,2740,2650,2690,9519900
14/11/2023,2690,2720,2660,2690,7755200
15/11/2023,2740,2740,2650,2730,18189000
16/11/2023,2730,2750,2680,2730,11932000
17/11/2023,2730,2750,2680,2700,7132800
20/11/2023,2700,2780,2680,2780,12030700
21/11/2023,2780,2780,2690,2720,7711800
22/11/2023,2770,2770,2680,2730,19887500
23/11/2023,2720,2760,2690,2700,7282200
24/11/2023,2700,2730,2640,2650,8445400
27/11/2023,2620,2730,2620,2700,10963000
28/11/2023,2700,2740,2700,2720,6553800
29/11/2023,2770,2790,2700,2790,7279100
30/11/2023,2790,2800,2740,2800,6450700
01/12/2023,2800,2800,2700,2700,7747100
04/12/2023,2700,2750,2670,2740,15328000
05/12/2023,2740,2740,2680,2700,8364100
06/12/2023,2750,2780,2690,2780,10114300
07/12/2023,2750,2780,2710,2720,8298500
08/12/2023,2720,2750,2670,2730,22468600
11/12/2023,2730,2760,2710,2740,8021900
12/12/2023,2750,2750,2670,2680,8366100
13/12/2023,2730,2760,2680,2730,8223000
14/12/2023,2730,2740,2680,2700,8926800
15/12/2023,2720,2770,2700,2760,9704800
18/12/2023,2750,2770,2710,2730,6917900
19/12/2023,2730,2750,2690,2730,7775400
20/12/2023,2780,2800,2720,2740,26368700
21/12/2023,2750,2780,2730,2760,46677800
22/12/2023,2770,2800,2740,2800,47325800
27/12/2023,2830,2850,2720,2780,26656500
28/12/2023,2780,2820,2760,2770,7294800
29/12/2023,2770,2850,2760,2850,8095900
02/01/2024,2850,2860,2700,2710,13306800
03/01/2024,2760,2760,2620,2620,13515300
04/01/2024,2620,2640,2610,2610,9495000
05/01/2024,2610,2630,2560,2590,11629900
08/01/2024,2600,2630,2590,2610,7239400
09/01/2024,2640,2660,2590,2640,15426100
10/01/2024,2670,2800,2640,2750,22575600
11/01/2024,2760,2790,2670,2700,13240000
12/01/2024,2700,2710,2650,2660,9739000
15/01/2024,2670,2670,2600,2620,9915600
16/01/2024,2620,2640,2590,2590,10906400
17/01/2024,2630,2630,2490,2540,14085100
18/01/2024,2530,2590,2530,2570,10209100
19/01/2024,2570,2590,2540,2560,9997400
22/01/2024,2560,2590,2520,2540,10804200
23/01/2024,2540,2570,2510,2530,10922000
24/01/2024,2570,2650,2520,2640,15012600
25/01/2024,2650,2650,2580,2620,10173800
26/01/2024,2620,2640,2560,2590,8667000
29/01/2024,2590,2630,2580,2590,9910400
30/01/2024,2600,2680,2590,2650,15491100
31/01/2024,2700,2710,2660,2690,16584200
01/02/2024,2700,2800,2690,2770,13163000
02/02/2024,2770,2820,2770,2820,10604200
05/02/2024,2810,2830,2740,2750,12543100
06/02/2024,2750,2790,2700,2750,15291000
07/02/2024,2800,2800,2750,2780,8679700
12/02/2024,2780,2800,2740,2760,10878000
13/02/2024,2760,2790,2710,2780,12713100
15/02/2024,2830,2850,2750,2760,13064500
16/02/2024,2770,2810,2690,2690,22750100
19/02/2024,2690,2760,2660,2690,18209500
20/02/2024,2690,2740,2690,2700,10989800
21/02/2024,2740,2790,2710,2780,11656000
22/02/2024,2780,2790,2730,2780,10626300
23/02/2024,2780,2780,2730,2770,6861800
26/02/2024,2760,2770,2640,2640,12858100
27/02/2024,2640,2670,2610,2650,8566600
28/02/2024,2700,2700,2610,2610,10205500
29/02/2024,2620,2650,2580,2580,13165300
01/03/2024,2610,2640,2580,2610,8197100
04/03/2024,2610,2630,2590,2600,7218900
05/03/2024,2600,2610,2570,2580,7710700
06/03/2024,2630,2630,2560,2600,14172200
07/03/2024,2620,2640,2590,2600,11883000
08/03/2024,2600,2620,2570,2570,7529100
13/03/2024,2580,2680,2570,2640,11563700
14/03/2024,2700,2700,2630,2630,8065900
15/03/2024,2630,2670,2580,2580,18978100
18/03/2024,2580,2660,2580,2620,10226900
19/03/2024,2620,2700,2610,2650,9849900
20/03/2024,2700,2750,2640,2750,11230200
21/03/2024,2750,2750,2650,2650,9191700
22/03/2024,2660,2730,2660,2730,9841400
25/03/2024,2740,2740,2640,2680,13335900
26/03/2024,2750,2750,2680,2730,9750500
27/03/2024,2780,2780,2680,2710,10116000
28/03/2024,2740,2800,2720,2740,12587100
01/04/2024,2740,2750,2620,2680,12014300
02/04/2024,2670,2690,2640,2680,8799900
03/04/2024,2730,2760,2680,2700,8920400
04/04/2024,2730,2800,2710,2790,9156300
05/04/2024,2790,2830,2750,2820,8676300
16/04/2024,2820,2820,2670,2700,11505000
17/04/2024,2750,2750,2660,2670,8971800
18/04/2024,2670,2710,2650,2650,7115800
19/04/2024,2670,2690,2600,2680,9199100
22/04/2024,2680,2730,2670,2680,9440400
23/04/2024,2690,2750,2680,2690,5913300
24/04/2024,2740,2800,2700,2740,8772700
25/04/2024,2760,3030,2760,2950,21818100
26/04/2024,2950,2950,2850,2850,11414100
29/04/2024,2850,3000,2850,2900,22614300
30/04/2024,2900,2920,2880,2900,12581500
02/05/2024,2950,2950,2830,2850,13775900
03/05/2024,2850,3110,2840,2990,16761300
06/05/2024,3000,3070,2970,3060,20317400
07/05/2024,3060,3060,3030,3050,10344400
08/05/2024,3100,3100,2990,3050,13744400
13/05/2024,3050,3070,3030,3050,15071200
14/05/2024,3050,3150,2950,3080,13037200
15/05/2024,3080,3180,3050,3050,15432000
16/05/2024,3080,3140,3050,3070,26974900
17/05/2024,3080,3180,3070,3070,26942500
20/05/2024,3070,3150,3040,3120,11939400
21/05/2024,3140,3160,3060,3100,20848800
22/05/2024,3150,3160,2980,3090,14310200
27/05/2024,3090,3150,3080,3100,18631100
28/05/2024,3100,3130,3020,3070,11728800
29/05/2024,3120,3150,3030,3100,14378800
30/05/2024,3100,3200,3070,3100,17197000
31/05/2024,3100,3100,2890,2890,93438700
03/06/2024,2910,2990,2790,2930,14709600
04/06/2024,2920,2950,2840,2850,10280900
05/06/2024,2900,2950,2810,2930,16906300
06/06/2024,2940,3010,2940,2950,8336500
07/06/2024,3000,3090,2970,3040,12132500
10/06/2024,3040,3120,3030,3050,7701200
11/06/2024,3060,3110,2930,3070,8011100
12/06/2024,3120,3120,2940,2990,8787700
13/06/2024,2970,2990,2910,2950,7027900
14/06/2024,2960,3000,2900,3000,7678700
19/06/2024,3050,3050,2870,2930,9877100
20/06/2024,2920,2990,2900,2900,8665500
21/06/2024,2920,3000,2910,2970,8838500
24/06/2024,2980,3020,2930,2950,10614500
25/06/2024,2960,2980,2920,2970,6992800
26/06/2024,3050,3070,2960,3030,7846300
27/06/2024,3030,3060,3010,3030,9817000
28/06/2024,3030,3070,2980,3020,9149900
01/07/2024,3020,3030,2970,2980,6781500
02/07/2024,2980,3010,2920,2940,8403100
03/07/2024,2990,3030,2930,3020,8511500
04/07/2024,3020,3030,2930,2940,14868300
05/07/2024,2950,3030,2910,3030,20377200
08/07/2024,3050,3090,3020,3040,13856200
09/07/2024,3040,3090,2960,2970,12916700
10/07/2024,3010,3010,2950,2990,8769700
11/07/2024,2990,3010,2940,2960,8562000
12/07/2024,2980,3010,2960,3000,8231000
15/07/2024,3000,3000,2910,2940,8758400
16/07/2024,2940,2940,2890,2940,7068700
17/07/2024,2990,2990,2910,2910,9045900
18/07/2024,2930,3000,2920,2960,8226500
19/07/2024,2970,2980,2920,2940,8933500
22/07/2024,2940,2950,2890,2940,13305300
23/07/2024,2940,3050,2940,3010,13504200
24/07/2024,3060,3060,2980,3010,8343300
25/07/2024,3000,3050,2960,3010,12804600
26/07/2024,3010,3080,3000,3010,13878900
29/07/2024,3010,3080,2990,3010,13611700
30/07/2024,3010,3060,2990,3010,9305400
31/07/2024,3060,3060,2990,3020,9080200
01/08/2024,3020,3050,2930,2970,12166400
02/08/2024,2970,3010,2930,2930,13693800
05/08/2024,2930,3020,2930,2970,13350600
06/08/2024,2970,3060,2940,2970,13471000
07/08/2024,2990,3040,2960,2990,9343000
08/08/2024,2990,3070,2980,2990,10247000
09/08/2024,2990,3030,2990,3000,8760600
12/08/2024,3000,3040,2970,2970,9041700
13/08/2024,2990,3030,2980,2990,10873700
14/08/2024,3040,3040,2950,2980,10559900
15/08/2024,2980,3020,2980,2980,8462100
16/08/2024,2990,3020,2970,2970,8906400
19/08/2024,2980,3020,2970,3000,9274700
20/08/2024,2990,3060,2980,3010,11468300
21/08/2024,3020,3080,3000,3030,8607400
22/08/2024,3030,3080,3020,3020,6993500
23/08/2024,3030,3030,2990,3010,7772700
26/08/2024,3030,3040,2970,3020,9309400
27/08/2024,3020,3040,2960,2960,10104600
28/08/2024,3010,3010,2950,2980,8870800
29/08/2024,2980,2990,2920,2920,10002000
30/08/2024,2940,3060,2900,3060,26967700
02/09/2024,3060,3060,2930,2940,9669500
03/09/2024,2940,2970,2930,2950,6630200
04/09/2024,2950,2980,2930,2970,8069400
05/09/2024,2970,3020,2960,3000,8460200
06/09/2024,3010,3010,2950,2960,8206000
09/09/2024,2970,3020,2960,2990,8677700
10/09/2024,2990,3070,2990,3010,11339300
11/09/2024,3050,3050,2980,2980,6504600
12/09/2024,3000,3040,2970,3000,9747200
13/09/2024,3000,3020,2980,3000,8167200
17/09/2024,2990,3130,2990,3090,11748600
18/09/2024,3090,3140,3080,3110,8165900
19/09/2024,3110,3140,3040,3050,12281000
20/09/2024,3080,3120,3020,3100,14045700
23/09/2024,3100,3100,3040,3080,10266400
24/09/2024,3070,3090,3040,3060,23887100
25/09/2024,3060,3130,3050,3100,19341400
26/09/2024,3140,3270,3110,3270,9833900
27/09/2024,3270,3310,3150,3200,21705100
30/09/2024,3210,3260,3160,3170,10635600
01/10/2024,3170,3200,3130,3150,18324300
02/10/2024,3200,3300,3130,3220,14054200
03/10/2024,3250,3250,3130,3170,12082500
04/10/2024,3170,3200,3140,3180,11054600
07/10/2024,3190,3250,3170,3220,11858700
08/10/2024,3220,3220,3100,3150,11326600
09/10/2024,3200,3200,3070,3090,10203500
10/10/2024,3080,3170,3080,3140,8505100
11/10/2024,3140,3160,3080,3130,8779900
14/10/2024,3120,3120,3080,3100,9591400
15/10/2024,3100,3190,3090,3150,13401800
16/10/2024,3200,3200,3090,3120,10885700
17/10/2024,3120,3130,3060,3090,16393000
18/10/2024,3080,3100,2910,2920,22363800
21/10/2024,2930,2950,2900,2900,11045100
22/10/2024,2910,2920,2840,2860,13293800
23/10/2024,2910,2920,2830,2900,11221700
24/10/2024,2910,2930,2850,2850,12674500
25/10/2024,2860,2890,2850,2850,7292700
28/10/2024,2870,2870,2760,2780,15231900
29/10/2024,2770,2840,2770,2800,8542000
30/10/2024,2850,2870,2760,2850,10389300
31/10/2024,2860,2860,2710,2710,14572300
01/11/2024,2760,2840,2710,2800,17762900
04/11/2024,2800,2820,2750,2750,12873800
05/11/2024,2760,2760,2650,2670,16001100
06/11/2024,2720,2780,2690,2730,13078700
07/11/2024,2760,2760,2650,2650,17533200
08/11/2024,2660,2710,2640,2680,14601800
11/11/2024,2690,2720,2640,2700,15400800
12/11/2024,2720,2760,2670,2700,11040000
13/11/2024,2750,2750,2660,2660,10171100
14/11/2024,2660,2710,2640,2660,9000000
15/11/2024,2660,2660,2570,2630,11920800
18/11/2024,2630,2640,2590,2640,8134900
19/11/2024,2630,2650,2590,2610,9159800
20/11/2024,2640,2640,2550,2610,11128000
21/11/2024,2610,2620,2570,2590,7886900
22/11/2024,2590,2660,2590,2620,6911900
25/11/2024,2640,2640,2560,2590,12481700
26/11/2024,2600,2650,2540,2580,12278500
28/11/2024,2580,2670,2570,2670,10879800
29/11/2024,2670,2700,2580,2580,10715200
02/12/2024,2610,2660,2590,2610,8531900
03/12/2024,2610,2650,2580,2630,10380900
04/12/2024,2650,2740,2640,2650,12148700
05/12/2024,2650,2680,2600,2670,10491900
06/12/2024,2680,2730,2650,2680,11456900
09/12/2024,2680,2700,2620,2640,10000000
10/12/2024,2640,2660,2560,2580,11547300
11/12/2024,2590,2600,2550,2570,10423900
12/12/2024,2570,2590,2490,2500,8696800
13/12/2024,2510,2530,2430,2440,14092700
16/12/2024,2450,2460,2360,2380,15003700
17/12/2024,2420,2450,2380,2430,12800100
18/12/2024,2430,2440,2380,2410,13118900
19/12/2024,2390,2390,2310,2330,15562800
20/12/2024,2340,2380,2250,2320,21758400
23/12/2024,2360,2430,2310,2420,13638700
24/12/2024,2430,2580,2380,2530,19202400
27/12/2024,2540,2610,2520,2570,15392200
30/12/2024,2570,2600,2540,2540,15039400
02/01/2025,2550,2620,2550,2560,9689700
03/01/2025,2560,2560,2450,2480,9087600
06/01/2025,2480,2480,2360,2370,15273500
07/01/2025,2400,2450,2390,2450,10980900
08/01/2025,2450,2460,2400,2430,10215300
09/01/2025,2420,2440,2370,2380,13897900
10/01/2025,2400,2420,2380,2390,11107400
13/01/2025,2380,2430,2380,2420,11280300
14/01/2025,2440,2440,2300,2320,14874700
15/01/2025,2340,2360,2290,2360,14568700
16/01/2025,2340,2360,2320,2330,14124300
17/01/2025,2340,2370,2320,2350,11990500
20/01/2025,2350,2420,2350,2390,10811200
21/01/2025,2400,2430,2380,2400,11155900
22/01/2025,2420,2420,2380,2390,10233400
23/01/2025,2390,2410,2360,2390,8975700
24/01/2025,2400,2410,2360,2370,8774300
30/01/2025,2370,2480,2370,2480,15047600
31/01/2025,2500,2510,2420,2420,10810100
03/02/2025,2420,2430,2370,2410,13306100
04/02/2025,2380,2410,2370,2390,12896800
05/02/2025,2430,2430,2370,2370,12336100
06/02/2025,2380,2380,2340,2360,13344300
07/02/2025,2380,2450,2330,2430,15282300
10/02/2025,2430,2440,2390,2420,12567900
11/02/2025,2420,2430,2390,2420,13658600
12/02/2025,2420,2440,2390,2410,12276100
13/02/2025,2410,2510,2400,2510,13860900
14/02/2025,2520,2550,2440,2490,13864900
17/02/2025,2500,2510,2430,2490,12157000
18/02/2025,2500,2590,2470,2500,15639800
19/02/2025,2500,2530,2480,2510,10496200
20/02/2025,2510,2510,2390,2430,16569400
21/02/2025,2430,2470,2410,2430,13585700
24/02/2025,2430,2460,2390,2430,11882900
25/02/2025,2420,2440,2380,2420,10673700
26/02/2025,2420,2470,2410,2430,14243600
27/02/2025,2430,2430,2310,2320,16916900
28/02/2025,2320,2430,2280,2350,20519500
03/03/2025,2350,2430,2330,2400,11879800
04/03/2025,2400,2440,2370,2410,19565700
05/03/2025,2410,2540,2410,2510,15306300
06/03/2025,2510,2610,2510,2570,20922800
07/03/2025,2580,2580,2450,2470,9498300
10/03/2025,2470,2490,2390,2430,9230300
11/03/2025,2430,2430,2360,2370,9801300
12/03/2025,2360,2430,2360,2400,10564800
13/03/2025,2420,2440,2370,2380,10610600
14/03/2025,2370,2420,2340,2390,9496000
17/03/2025,2390,2420,2370,2370,9186200
18/03/2025,2370,2370,2260,2310,15846900
19/03/2025,2320,2330,2220,2300,12997200
20/03/2025,2300,2350,2220,2250,28547500
21/03/2025,2230,2290,2130,2290,30049700
24/03/2025,2250,2250,2130,2140,21317400
25/03/2025,2150,2350,2150,2310,22319700
26/03/2025,2300,2350,2250,2270,12638000
27/03/2025,2290,2290,2210,2240,19514300
08/04/2025,2170,2190,2070,2110,14978900
09/04/2025,2120,2180,2080,2100,15989300
10/04/2025,2200,2290,2160,2260,17251000
11/04/2025,2280,2380,2240,2320,14135700
14/04/2025,2340,2360,2280,2360,10257200
15/04/2025,2390,2410,2340,2370,12628100
16/04/2025,2370,2370,2290,2330,10919200
17/04/2025,2380,2440,2360,2440,11061400
21/04/2025,2440,2440,2290,2310,17280400
22/04/2025,2310,2340,2280,2290,11597200
23/04/2025,2340,2360,2300,2300,10830600
24/04/2025,2320,2420,2320,2400,13747100
25/04/2025,2420,2520,2390,2510,14391900
28/04/2025,2520,2580,2500,2500,15030000
29/04/2025,2510,2620,2510,2570,18263500
30/04/2025,2600,2600,2510,2510,14171200
02/05/2025,2510,2590,2470,2590,9089900
05/05/2025,2550,2560,2500,2500,10389400
06/05/2025,2500,2540,2500,2530,9102000
07/05/2025,2540,2560,2490,2500,9451600
08/05/2025,2520,2550,2500,2550,12294500
09/05/2025,2550,2640,2530,2640,11973500
14/05/2025,2650,2650,2500,2500,15782300
15/05/2025,2510,2550,2470,2480,13179000
16/05/2025,2490,2600,2490,2570,9770100
19/05/2025,2580,2680,2540,2620,10951000
20/05/2025,2620,2640,2540,2560,4323000
21/05/2025,2570,2670,2560,2650,4478500
22/05/2025,2650,2760,2610,2730,11394600
23/05/2025,2810,2820,2700,2700,8385200
26/05/2025,2700,2700,2630,2630,2285300
27/05/2025,2630,2660,2590,2590,3433300
28/05/2025,2590,2720,2580,2720,9034100
02/06/2025,2720,2730,2640,2700,6488000
03/06/2025,2700,2770,2700,2770,16708500
04/06/2025,2810,2820,2700,2740,8864000
05/06/2025,2740,2740,2500,2500,11999100
10/06/2025,2520,2540,2390,2430,20366400
11/06/2025,2440,2510,2440,2490,7331400
12/06/2025,2510,2560,2480,2500,5829600
13/06/2025,2510,2600,2480,2550,5841900
16/06/2025,2550,2630,2550,2600,7691300
17/06/2025,2550,2570,2480,2500,6937300
18/06/2025,2500,2520,2450,2500,5974000
19/06/2025,2500,2510,2430,2470,7572900
20/06/2025,2470,2480,2410,2420,27175200
23/06/2025,2410,2440,2370,2410,4485400
24/06/2025,2430,2480,2410,2420,7382500
25/06/2025,2470,2500,2360,2400,10696300
26/06/2025,2410,2510,2390,2460,8290600
30/06/2025,2500,2600,2500,2540,10139600
01/07/2025,2540,2650,2520,2620,7142900
02/07/2025,2640,2700,2610,2680,7850800
03/07/2025,2700,2770,2540,2670,5677400
04/07/2025,2670,2670,2580,2600,3675300
07/07/2025,2600,2600,2530,2550,2875300
08/07/2025,2550,2550,2460,2500,9675600
09/07/2025,2500,2540,2500,2520,5616000
10/07/2025,2520,2530,2500,2520,4539100
11/07/2025,2520,2530,2490,2510,6764000
14/07/2025,2500,2620,2460,2620,4702300
15/07/2025,2620,2630,2470,2510,4398300
16/07/2025,2510,2520,2460,2490,4027800
17/07/2025,2490,2510,2470,2500,6481200
18/07/2025,2500,2530,2470,2510,7064700
21/07/2025,2520,2550,2470,2500,7560300
22/07/2025,2500,2500,2430,2440,8441200
23/07/2025,2440,2470,2420,2450,3623400
24/07/2025,2440,2490,2430,2470,4487400
25/07/2025,2470,2480,2430,2470,3672600
28/07/2025,2470,2470,2410,2430,7649100
29/07/2025,2440,2500,2420,2470,5882100
30/07/2025,2470,2470,2420,2430,4200400
31/07/2025,2430,2450,2380,2380,9294800
01/08/2025,2370,2480,2370,2430,12505500
04/08/2025,2430,2430,2380,2400,11190800
05/08/2025,2400,2470,2400,2400,5938600
06/08/2025,2400,2430,2400,2410,5039300
07/08/2025,2410,2480,2390,2410,12622500
08/08/2025,2430,2430,2370,2410,5021500
11/08/2025,2420,2440,2390,2410,4668500
12/08/2025,2420,2440,2410,2430,3251900
13/08/2025,2440,2460,2420,2440,3509700
14/08/2025,2440,2470,2410,2410,5266400
15/08/2025,2430,2440,2400,2400,4813500
19/08/2025,2440,2440,2390,2400,9090200
20/08/2025,2420,2430,2400,2420,4730500
21/08/2025,2410,2420,2370,2390,7150600
22/08/2025,2380,2390,2350,2350,7122300
25/08/2025,2350,2370,2310,2330,8027300
26/08/2025,2320,2340,2300,2300,11674900
27/08/2025,2320,2330,2290,2310,5749300
28/08/2025,2320,2340,2250,2280,6617200
29/08/2025,2270,2270,2200,2200,9654200
01/09/2025,2180,2260,2110,2260,8073500
02/09/2025,2280,2310,2250,2260,4349000
03/09/2025,2290,2410,2250,2390,12058300
04/09/2025,2410,2410,2350,2400,8028800
08/09/2025,2400,2410,2360,2370,5215300
09/09/2025,2360,2360,2300,2350,5111100
10/09/2025,2350,2380,2300,2300,7944800
11/09/2025,2340,2340,2290,2300,5151900
12/09/2025,2300,2340,2280,2290,5699700
15/09/2025,2300,2370,2300,2350,4650700
16/09/2025,2360,2360,2350,2360,486100
