Date,Open,High,Low,Close,Volume
19/08/2010,3320,3330,3290,3320,4780000
20/08/2010,3270,3340,3250,3270,9152500
23/08/2010,3310,3320,3260,3310,8100000
24/08/2010,3270,3320,3260,3270,6927500
25/08/2010,3340,3350,3270,3340,19880000
26/08/2010,3590,3610,3360,3590,172517500
27/08/2010,3570,3700,3510,3570,67085000
30/08/2010,3540,3650,3460,3540,23892500
31/08/2010,3500,3520,3450,3500,11327500
01/09/2010,3620,3620,3480,3620,21060000
02/09/2010,3550,3660,3500,3550,14190000
03/09/2010,3630,3630,3560,3630,14470000
06/09/2010,3690,3700,3630,3690,17745000
07/09/2010,3690,3700,3630,3690,10477500
15/09/2010,3710,3870,3710,3850,42140000
16/09/2010,3780,3870,3770,3780,7550000
17/09/2010,3700,3840,3700,3700,10155000
20/09/2010,3630,3740,3600,3630,12377500
21/09/2010,3760,3760,3660,3760,18292500
22/09/2010,3760,3780,3730,3760,9325000
23/09/2010,3880,3940,3770,3880,50552500
24/09/2010,3980,4040,3900,3980,18055000
27/09/2010,4000,4140,3950,4000,15085000
28/09/2010,4050,4090,3980,4050,11495000
29/09/2010,3940,4100,3880,3940,13730000
30/09/2010,3890,3980,3890,3890,9495000
01/10/2010,3950,3960,3860,3950,6630000
04/10/2010,3980,4030,3900,3980,9982500
05/10/2010,3980,4000,3930,3980,11205000
06/10/2010,4030,4060,4000,4030,13190000
07/10/2010,4050,4050,3960,4050,6862500
08/10/2010,4140,4160,4020,4140,23597500
11/10/2010,4170,4200,4120,4170,6985000
12/10/2010,4150,4190,4070,4150,3310000
13/10/2010,4120,4180,4120,4120,7487500
14/10/2010,4040,4180,3980,4040,19240000
15/10/2010,4080,4100,4020,4080,8992500
18/10/2010,4110,4140,4080,4110,5725000
19/10/2010,4060,4120,4020,4060,4637500
20/10/2010,3960,4000,3940,3960,20997500
21/10/2010,4010,4070,3980,4010,12617500
22/10/2010,4020,4030,3950,4020,20207500
25/10/2010,3980,4030,3960,3980,13320000
26/10/2010,4000,4010,3970,4000,2710000
27/10/2010,3920,4010,3870,3920,12902500
28/10/2010,3870,3900,3820,3870,18685000
29/10/2010,3930,3930,3850,3930,6352500
01/11/2010,3910,3930,3840,3910,11667500
02/11/2010,3870,3900,3840,3870,14957500
03/11/2010,3740,3910,3740,3740,18680000
04/11/2010,4020,4030,3750,4020,25795000
05/11/2010,4070,4100,4030,4070,13302500
08/11/2010,4150,4170,4080,4150,11675000
09/11/2010,4290,4300,4090,4290,27817500
10/11/2010,4360,4370,4230,4360,9157500
11/11/2010,4250,4380,4190,4250,14245000
12/11/2010,4080,4210,4000,4080,17597500
15/11/2010,4040,4090,3990,4040,12090000
16/11/2010,4050,4050,4010,4050,9865000
18/11/2010,4150,4180,4000,4150,15560000
19/11/2010,4230,4250,4160,4230,21605000
22/11/2010,4190,4250,4150,4190,4742500
23/11/2010,4080,4180,4030,4080,9435000
24/11/2010,4050,4140,4000,4050,5587500
25/11/2010,4050,4100,4040,4050,11297500
26/11/2010,3990,4090,3960,3990,9282500
29/11/2010,4000,4000,3900,4000,12852500
30/11/2010,3740,4010,3740,3740,21387500
01/12/2010,3970,4020,3740,3970,9357500
02/12/2010,4250,4270,4010,4250,25957500
03/12/2010,4310,4380,4290,4310,22432500
06/12/2010,4480,4500,4360,4480,15620000
08/12/2010,4480,4600,4420,4480,15587500
09/12/2010,4400,4540,4340,4400,14102500
10/12/2010,4400,4470,4370,4400,11647500
13/12/2010,4440,4490,4350,4440,9782500
14/12/2010,4230,4430,4210,4230,17362500
15/12/2010,4140,4280,4060,4140,18772500
16/12/2010,4090,4150,4050,4090,17370000
17/12/2010,4170,4260,4080,4170,20347500
20/12/2010,4260,4260,4170,4260,9165000
21/12/2010,4340,4350,4260,4340,6995000
22/12/2010,4330,4380,4300,4330,12162500
23/12/2010,4240,4320,4220,4240,3977500
27/12/2010,4330,4340,4240,4330,6915000
28/12/2010,4400,4400,4310,4400,3392500
29/12/2010,4530,4560,4420,4530,10197500
30/12/2010,4590,4690,4560,4590,12937500
03/01/2011,4790,4800,4590,4790,13337500
04/01/2011,4980,5200,4800,4980,21020000
05/01/2011,4840,4960,4770,4840,28562500
06/01/2011,4640,4840,4590,4640,27367500
07/01/2011,4560,4620,4530,4560,26647500
10/01/2011,4510,4560,4440,4510,17947500
11/01/2011,4420,4670,4400,4420,22945000
12/01/2011,4620,4680,4450,4620,21880000
13/01/2011,4700,4780,4690,4700,16675000
14/01/2011,4670,4690,4590,4670,6470000
17/01/2011,4580,4680,4520,4580,7105000
18/01/2011,4590,4600,4540,4590,7660000
19/01/2011,4600,4650,4560,4600,8200000
20/01/2011,4390,4580,4360,4390,21865000
21/01/2011,4110,4400,4030,4110,51370000
24/01/2011,3940,4200,3870,3940,33092500
25/01/2011,4020,4070,3900,4020,52292500
26/01/2011,4020,4050,3930,4020,31025000
27/01/2011,4060,4180,4030,4060,36342500
28/01/2011,4030,4080,3980,4030,16900000
31/01/2011,3950,3980,3920,3950,15755000
01/02/2011,4060,4080,3960,4060,21270000
02/02/2011,4060,4140,4040,4060,15102500
04/02/2011,4060,4090,4030,4060,5000000
07/02/2011,4030,4140,4020,4030,16042500
08/02/2011,4050,4080,3980,4050,15735000
09/02/2011,3980,4080,3960,3980,15045000
10/02/2011,3860,3980,3860,3860,30427500
11/02/2011,3880,3910,3750,3880,22417500
14/02/2011,3940,3980,3900,3940,13480000
16/02/2011,3870,3950,3860,3870,23347500
17/02/2011,3870,3910,3850,3870,20525000
18/02/2011,3930,3970,3880,3930,31817500
21/02/2011,3940,3980,3920,3940,15440000
22/02/2011,3920,3930,3830,3920,20767500
23/02/2011,4040,4070,3900,4040,48532500
24/02/2011,4000,4060,3960,4000,21972500
25/02/2011,4000,4040,3970,4000,14040000
28/02/2011,4010,4040,3980,4010,10457500
01/03/2011,4020,4050,4010,4020,9075000
02/03/2011,3990,4010,3970,3990,11525000
03/03/2011,3970,4020,3960,3970,14147500
04/03/2011,3990,4030,3970,3990,10977500
07/03/2011,4000,4000,3960,4000,6837500
08/03/2011,4110,4120,3990,4110,54555000
09/03/2011,4060,4150,4050,4060,25222500
10/03/2011,4110,4130,4000,4110,28662500
11/03/2011,4090,4120,4050,4090,12817500
14/03/2011,4150,4180,4070,4150,31922500
15/03/2011,4130,4170,4080,4130,31222500
16/03/2011,4120,4160,4080,4120,17000000
17/03/2011,4070,4100,4050,4070,17175000
18/03/2011,4080,4100,4060,4080,11050000
21/03/2011,4120,4120,4070,4120,6562500
22/03/2011,4100,4120,4080,4100,3192500
23/03/2011,4100,4100,4100,4100,0
24/03/2011,4220,4240,4130,4220,43907500
25/03/2011,4190,4280,4160,4190,14070000
28/03/2011,4130,4200,4130,4130,4960000
29/03/2011,4220,4230,4100,4220,16387500
30/03/2011,4290,4290,4230,4290,26212500
31/03/2011,4200,4310,4190,4200,28095000
01/04/2011,4390,4390,4200,4390,32407500
04/04/2011,4490,4500,4400,4490,23547500
05/04/2011,4460,4490,4430,4460,8227500
06/04/2011,4500,4500,4440,4500,8117500
07/04/2011,4490,4520,4460,4490,11970000
08/04/2011,4480,4520,4430,4480,11042500
11/04/2011,4480,4560,4450,4480,10920000
12/04/2011,4410,4480,4400,4410,16802500
13/04/2011,4420,4460,4400,4420,11552500
14/04/2011,4460,4460,4410,4460,3900000
15/04/2011,4510,4510,4430,4510,4082500
18/04/2011,4460,4530,4460,4460,4797500
19/04/2011,4420,4460,4410,4420,10335000
20/04/2011,4440,4470,4420,4440,11267500
21/04/2011,4440,4460,4400,4440,14795000
25/04/2011,4430,4460,4420,4430,4532500
26/04/2011,4440,4440,4400,4440,10250000
27/04/2011,4480,4500,4450,4480,10960000
28/04/2011,4480,4500,4450,4480,8190000
29/04/2011,4460,4520,4450,4460,14667500
02/05/2011,4470,4490,4460,4470,3827500
03/05/2011,4440,4490,4440,4440,5055000
04/05/2011,4470,4480,4440,4470,8080000
05/05/2011,4420,4490,4420,4420,12060000
06/05/2011,4350,4420,4340,4350,16132500
09/05/2011,4350,4370,4320,4350,7810000
10/05/2011,4370,4420,4350,4370,5942500
11/05/2011,4360,4410,4350,4360,13055000
12/05/2011,4300,4340,4280,4300,30432500
13/05/2011,4280,4300,4260,4280,19265000
16/05/2011,4160,4240,4120,4160,24765000
18/05/2011,4180,4200,4160,4180,21547500
19/05/2011,4210,4240,4190,4210,8467500
20/05/2011,4210,4210,4160,4210,15255000
23/05/2011,4180,4220,4150,4180,9497500
24/05/2011,4250,4260,4170,4250,5942500
25/05/2011,4240,4260,4210,4240,4030000
26/05/2011,4320,4330,4240,4320,8015000
27/05/2011,4320,4320,4270,4320,7237500
30/05/2011,4290,4320,4260,4290,6627500
31/05/2011,4250,4290,4210,4250,10840000
01/06/2011,4280,4300,4220,4280,9260000
03/06/2011,4250,4280,4200,4250,10927500
06/06/2011,4280,4290,4230,4280,4380000
07/06/2011,4230,4280,4200,4230,16085000
08/06/2011,4200,4250,4170,4200,26340000
09/06/2011,4190,4220,4160,4190,25285000
10/06/2011,4180,4250,4180,4180,10277500
13/06/2011,4190,4190,4150,4190,4785000
14/06/2011,4200,4200,4160,4200,8370000
15/06/2011,4200,4220,4190,4200,5237500
16/06/2011,4170,4180,4100,4170,15080000
17/06/2011,4160,4160,4130,4160,15862500
20/06/2011,4110,4180,4100,4110,8672500
21/06/2011,4180,4180,4120,4180,19007500
22/06/2011,4150,4210,4130,4150,13355000
23/06/2011,4100,4120,4080,4100,24002500
24/06/2011,4130,4130,4070,4130,19567500
27/06/2011,4120,4130,4080,4120,15885000
28/06/2011,4110,4170,4100,4110,14850000
30/06/2011,4160,4180,4120,4160,23382500
01/07/2011,4240,4270,4170,4240,17447500
04/07/2011,4240,4240,4240,4240,0
05/07/2011,4190,4200,4150,4190,10535000
06/07/2011,4200,4220,4160,4200,5982500
07/07/2011,4220,4240,4170,4220,10202500
08/07/2011,4300,4330,4230,4300,25780000
11/07/2011,4280,4310,4210,4280,13570000
12/07/2011,4230,4250,4190,4230,6612500
13/07/2011,4230,4280,4220,4230,11810000
14/07/2011,4230,4270,4220,4230,7535000
15/07/2011,4170,4230,4160,4170,10002500
18/07/2011,4180,4200,4160,4180,5007500
19/07/2011,4180,4180,4110,4180,11232500
20/07/2011,4190,4200,4150,4190,6490000
21/07/2011,4210,4230,4190,4210,9272500
22/07/2011,4240,4280,4210,4240,10440000
25/07/2011,4180,4230,4160,4180,10995000
26/07/2011,4210,4260,4170,4210,21717500
27/07/2011,4300,4310,4210,4300,34452500
28/07/2011,4280,4320,4240,4280,16935000
29/07/2011,4260,4280,4200,4260,8630000
01/08/2011,4280,4300,4240,4280,7497500
02/08/2011,4280,4280,4240,4280,8802500
03/08/2011,4250,4270,4190,4250,11537500
04/08/2011,4170,4270,4140,4170,14095000
05/08/2011,3940,4000,3800,3940,33357500
08/08/2011,3870,3880,3700,3870,34512500
09/08/2011,3570,3900,3490,3570,39767500
10/08/2011,3740,3850,3680,3740,25465000
11/08/2011,3760,3780,3700,3760,22127500
12/08/2011,3770,3830,3740,3770,19000000
15/08/2011,3820,3820,3750,3820,7115000
16/08/2011,3820,3850,3800,3820,9827500
18/08/2011,3940,3940,3800,3940,11177500
19/08/2011,3760,3870,3710,3760,24187500
22/08/2011,3870,3870,3720,3870,8170000
23/08/2011,3920,3930,3800,3920,10432500
24/08/2011,3850,3950,3810,3850,7487500
25/08/2011,3860,3900,3810,3860,4787500
26/08/2011,3810,3820,3700,3810,8037500
05/09/2011,3840,3930,3780,3840,15357500
06/09/2011,3850,3850,3770,3850,5602500
07/09/2011,3930,3930,3860,3930,6775000
08/09/2011,3960,3990,3910,3960,6200000
09/09/2011,3940,3990,3900,3940,2432500
12/09/2011,3850,3900,3810,3850,4162500
13/09/2011,3760,3850,3750,3760,4677500
14/09/2011,3680,3830,3640,3680,11555000
15/09/2011,3560,3700,3510,3560,23035000
16/09/2011,3590,3640,3540,3590,11002500
19/09/2011,3520,3580,3480,3520,5770000
20/09/2011,3460,3490,3400,3460,12327500
21/09/2011,3420,3460,3390,3420,10377500
22/09/2011,3120,3320,3110,3120,14937500
23/09/2011,3150,3160,2900,3150,8567500
26/09/2011,2950,3150,2740,2950,19205000
27/09/2011,3090,3140,3040,3090,11705000
28/09/2011,3220,3240,3040,3220,12510000
29/09/2011,3260,3280,3140,3260,6600000
30/09/2011,3360,3360,3250,3360,13525000
03/10/2011,3140,3360,3110,3140,10682500
04/10/2011,2880,3140,2840,2880,14435000
05/10/2011,2790,2960,2760,2790,10500000
06/10/2011,2880,2920,2860,2880,23517500
07/10/2011,2800,2990,2800,2800,21002500
10/10/2011,2770,2860,2720,2770,18862500
11/10/2011,3020,3040,2860,3020,40300000
12/10/2011,3240,3270,3010,3240,29985000
13/10/2011,3480,3520,3190,3480,40370000
14/10/2011,3420,3450,3350,3420,18135000
17/10/2011,3550,3550,3490,3550,14802500
18/10/2011,3400,3480,3340,3400,12347500
19/10/2011,3480,3500,3440,3480,7210000
20/10/2011,3380,3440,3350,3380,11290000
21/10/2011,3360,3390,3340,3360,6240000
24/10/2011,3460,3510,3420,3460,14662500
25/10/2011,3470,3530,3470,3470,9305000
26/10/2011,3450,3490,3440,3450,8260000
27/10/2011,3640,3660,3500,3640,19945000
28/10/2011,3760,3760,3670,3760,19835000
31/10/2011,3670,3760,3650,3670,4692500
01/11/2011,3550,3700,3500,3550,6850000
02/11/2011,3640,3660,3460,3640,25917500
03/11/2011,3580,3640,3540,3580,7202500
04/11/2011,3630,3680,3580,3630,8865000
07/11/2011,3540,3630,3530,3540,8345000
08/11/2011,3610,3610,3560,3610,6787500
09/11/2011,3680,3690,3640,3680,10432500
10/11/2011,3550,3590,3530,3550,16225000
11/11/2011,3540,3570,3520,3540,10815000
14/11/2011,3590,3590,3570,3590,6525000
15/11/2011,3580,3590,3560,3580,7105000
16/11/2011,3550,3580,3510,3550,9747500
17/11/2011,3560,3560,3520,3560,3817500
18/11/2011,3570,3570,3500,3570,10000000
21/11/2011,3500,3540,3480,3500,8580000
22/11/2011,3520,3540,3480,3520,6455000
23/11/2011,3400,3460,3400,3400,7407500
24/11/2011,3370,3430,3360,3370,9282500
25/11/2011,3330,3360,3320,3330,6945000
28/11/2011,3350,3390,3300,3350,3952500
29/11/2011,3360,3390,3330,3360,5050000
30/11/2011,3400,3400,3340,3400,4835000
01/12/2011,3400,3400,3400,3400,0
02/12/2011,3520,3520,3390,3520,4795000
05/12/2011,3470,3540,3470,3470,2940000
06/12/2011,3440,3490,3400,3440,7477500
07/12/2011,3430,3460,3400,3430,12982500
08/12/2011,3410,3440,3370,3410,5845000
09/12/2011,3380,3380,3320,3380,5742500
12/12/2011,3440,3440,3400,3440,8182500
13/12/2011,3410,3440,3380,3410,6817500
14/12/2011,3380,3410,3360,3380,4035000
15/12/2011,3320,3360,3270,3320,9587500
16/12/2011,3330,3360,3280,3330,9992500
19/12/2011,3300,3340,3300,3300,4510000
20/12/2011,3300,3340,3240,3300,4015000
21/12/2011,3300,3360,3290,3300,5362500
22/12/2011,3400,3400,3290,3400,13352500
23/12/2011,3440,3460,3410,3440,13967500
27/12/2011,3470,3480,3410,3470,17155000
28/12/2011,3430,3480,3420,3430,5625000
29/12/2011,3460,3460,3400,3460,4867500
30/12/2011,3470,3480,3450,3470,7295000
02/01/2012,3470,3480,3460,3470,1365000
03/01/2012,3680,3680,3490,3680,20707500
04/01/2012,3670,3740,3670,3670,12210000
05/01/2012,3690,3720,3640,3690,11660000
06/01/2012,3630,3700,3580,3630,6925000
09/01/2012,3660,3660,3580,3660,3942500
10/01/2012,3810,3820,3660,3810,22605000
11/01/2012,3850,3880,3760,3850,22325000
12/01/2012,3870,3890,3830,3870,8592500
13/01/2012,3850,3910,3850,3850,15
16/01/2012,3880,3940,3840,3880,9560000
17/01/2012,3930,3930,3840,3930,12482500
18/01/2012,3910,3930,3900,3910,10702500
19/01/2012,3950,3960,3910,3950,16807500
20/01/2012,3950,3980,3920,3950,7472500
24/01/2012,3990,4010,3960,3990,16667500
25/01/2012,3940,4010,3940,3940,5650000
26/01/2012,4000,4010,3920,4000,4960000
27/01/2012,4030,4050,4010,4030,10402500
30/01/2012,4000,4050,3990,4000,9035000
31/01/2012,4030,4050,4000,4030,14007500
01/02/2012,4040,4050,4020,4040,5415000
02/02/2012,4050,4070,4030,4050,21612500
03/02/2012,4100,4120,4060,4100,24475000
06/02/2012,4060,4160,3980,4060,8615000
07/02/2012,4040,4070,4000,4040,7615000
08/02/2012,4140,4150,4020,4140,26432500
09/02/2012,4190,4190,4140,4190,34037500
10/02/2012,4190,4230,4170,4190,36977500
13/02/2012,4200,4210,4180,4200,13805000
14/02/2012,4190,4210,4190,4190,7445000
15/02/2012,4200,4210,4190,4200,19160000
16/02/2012,4190,4200,4100,4190,7670000
17/02/2012,4200,4220,4190,4200,9957500
20/02/2012,4150,4210,4130,4150,2902500
21/02/2012,4160,4190,4100,4160,7462500
22/02/2012,4200,4200,4160,4200,15750000
23/02/2012,4160,4210,4160,4160,10285000
24/02/2012,4150,4200,4130,4150,23482500
27/02/2012,4140,4190,4100,4140,18730000
28/02/2012,4110,4180,4110,4110,16252500
29/02/2012,4150,4170,4110,4150,29880000
01/03/2012,4130,4180,4130,4130,7092500
02/03/2012,4170,4190,4140,4170,13140000
05/03/2012,4180,4200,4140,4180,4332500
06/03/2012,4150,4190,4130,4150,11022500
07/03/2012,4140,4180,4100,4140,17670000
08/03/2012,4180,4220,4170,4180,42702500
09/03/2012,4140,4180,4100,4140,10
12/03/2012,4170,4200,4160,4170,8230000
13/03/2012,4160,4190,4130,4160,4285000
14/03/2012,4160,4180,4130,4160,7330000
15/03/2012,4080,4180,4050,4080,14105000
16/03/2012,4020,4080,4010,4020,16220000
19/03/2012,4110,4120,4040,4110,12402500
20/03/2012,4090,4120,4060,4090,8612500
21/03/2012,4050,4080,4020,4050,12342500
22/03/2012,4060,4080,4040,4060,10027500
26/03/2012,4060,4100,4040,4060,4340000
27/03/2012,4110,4110,4070,4110,16305000
28/03/2012,4100,4140,4050,4100,8365000
29/03/2012,4080,4090,4040,4080,8505000
30/03/2012,4100,4100,4060,4100,10082500
02/04/2012,4080,4100,4070,4080,8632500
03/04/2012,4080,4080,4080,4080,0
04/04/2012,4020,4110,4020,4020,18067500
05/04/2012,4070,4080,4020,4070,4570000
09/04/2012,4060,4080,4020,4060,3857500
10/04/2012,4050,4080,4050,4050,12655000
11/04/2012,3840,4050,3800,3840,35932500
12/04/2012,3790,3890,3730,3790,22745000
13/04/2012,3780,3840,3750,3780,13492500
16/04/2012,3800,3820,3770,3800,5540000
17/04/2012,3860,3870,3800,3860,7610000
18/04/2012,3860,3950,3840,3860,16995000
19/04/2012,3820,3850,3810,3820,6025000
20/04/2012,3850,3860,3800,3850,1772500
23/04/2012,3810,3870,3760,3810,10537500
24/04/2012,3740,3850,3690,3740,17435000
25/04/2012,3710,3720,3690,3710,4645000
26/04/2012,3600,3730,3600,3600,19412500
27/04/2012,3630,3670,3610,3630,8870000
30/04/2012,3690,3690,3630,3690,5922500
01/05/2012,3640,3700,3630,3640,5357500
02/05/2012,3640,3700,3630,3640,15
03/05/2012,3660,3680,3630,3660,11155000
04/05/2012,3650,3690,3640,3650,6447500
07/05/2012,3510,3620,3510,3510,14165000
08/05/2012,3570,3610,3540,3570,13010000
09/05/2012,3470,3600,3470,3470,13232500
10/05/2012,3410,3510,3390,3410,13772500
11/05/2012,3250,3410,3230,3250,18987500
14/05/2012,3250,3310,3240,3250,5532500
15/05/2012,3300,3330,3200,3300,11602500
16/05/2012,3290,3290,3220,3290,10510000
21/05/2012,3270,3320,3220,3270,21125000
22/05/2012,3400,3400,3280,3400,9567500
23/05/2012,3300,3400,3280,3300,18855000
24/05/2012,3380,3420,3320,3380,10292500
25/05/2012,3240,3380,3200,3240,20715000
28/05/2012,3260,3270,3200,3260,8115000
29/05/2012,3260,3280,3230,3260,8480000
30/05/2012,3190,3240,3130,3190,19277500
31/05/2012,3000,3120,3000,3000,50312500
01/06/2012,3000,3050,2970,3000,15082500
04/06/2012,2650,2900,2640,2650,47310000
05/06/2012,2630,2740,2590,2630,44642500
06/06/2012,2740,2740,2650,2740,57272500
07/06/2012,2710,2840,2670,2710,37870000
08/06/2012,2740,2750,2670,2740,17797500
11/06/2012,2790,2830,2750,2790,13325000
12/06/2012,2670,2760,2670,2670,11127500
13/06/2012,2650,2700,2650,2650,14722500
14/06/2012,2650,2700,2600,2650,27770000
15/06/2012,2670,2700,2610,2670,24690000
18/06/2012,2780,2840,2720,2780,28230000
19/06/2012,2800,2820,2760,2800,7827500
20/06/2012,2980,2980,2840,2980,24927500
21/06/2012,2950,2980,2900,2950,20342500
22/06/2012,2860,2900,2800,2860,16512500
25/06/2012,2810,2850,2760,2790,9795000
26/06/2012,2790,2920,2800,2910,20
27/06/2012,2910,3000,2950,3000,20
28/06/2012,3000,3040,2860,2900,12617500
29/06/2012,2900,3030,2880,2930,22200000
02/07/2012,3040,3080,2970,3040,18360000
03/07/2012,3080,3090,3050,3080,10360000
04/07/2012,3270,3290,3110,3270,32025000
05/07/2012,3210,3280,3190,3210,7490000
06/07/2012,3210,3230,3170,3210,5132500
09/07/2012,3100,3180,3060,3100,6382500
10/07/2012,3090,3130,3000,3090,9300000
11/07/2012,3090,3090,3030,3090,7332500
12/07/2012,2980,3080,2890,2980,36772500
13/07/2012,2940,3010,2910,2940,8722500
16/07/2012,3000,3040,2960,3000,10705000
17/07/2012,3120,3130,3000,3120,13362500
18/07/2012,3120,3150,3080,3120,6600000
19/07/2012,3170,3180,3110,3170,7512500
20/07/2012,3150,3220,3150,3150,9567500
23/07/2012,3070,3090,3050,3070,4780000
24/07/2012,3080,3120,3030,3080,5812500
25/07/2012,3060,3090,3020,3060,7972500
26/07/2012,3080,3080,3040,3080,2345000
27/07/2012,3100,3120,3070,3100,5630000
30/07/2012,3120,3150,3100,3120,4582500
31/07/2012,3180,3210,3120,3180,7180000
01/08/2012,3170,3200,3150,3170,9855000
02/08/2012,3060,3190,3050,3060,6307500
03/08/2012,3030,3050,2980,3030,16790000
06/08/2012,3050,3090,3030,3050,4757500
07/08/2012,2990,3060,2980,2990,20822500
08/08/2012,3000,3030,2970,3000,4792500
09/08/2012,3000,3010,2980,3000,15322500
10/08/2012,3000,3020,2980,3000,16272500
13/08/2012,2990,3040,2980,2990,8127500
14/08/2012,2980,3000,2970,2980,6637500
15/08/2012,2990,2990,2950,2990,6552500
16/08/2012,3020,3020,2990,3020,9820000
23/08/2012,3030,3060,2990,3030,10787500
24/08/2012,2990,3020,2980,2990,7882500
27/08/2012,3000,3040,2990,3000,2122500
28/08/2012,2980,3010,2960,2980,9355000
29/08/2012,2920,3000,2840,2920,11807500
30/08/2012,2800,2920,2770,2800,16217500
31/08/2012,2920,2950,2700,2920,18810000
03/09/2012,2930,2950,2840,2930,6532500
04/09/2012,2850,2930,2850,2850,3425000
05/09/2012,2770,2830,2770,2770,23172500
06/09/2012,2780,2830,2760,2780,10182500
07/09/2012,2850,2870,2820,2850,8267500
10/09/2012,2850,2900,2820,2850,9940000
11/09/2012,2890,2910,2820,2890,8472500
12/09/2012,2910,2930,2890,2910,9202500
13/09/2012,2930,2950,2900,2930,4485000
14/09/2012,3130,3140,2980,3130,32235000
17/09/2012,3320,3400,3150,3320,66847500
18/09/2012,3240,3330,3220,3240,14632500
19/09/2012,3330,3390,3240,3330,19792500
20/09/2012,3260,3310,3220,3260,8130000
21/09/2012,3250,3270,3200,3250,21165000
24/09/2012,3250,3260,3210,3250,7577500
25/09/2012,3250,3280,3220,3250,5565000
26/09/2012,3230,3240,3200,3230,6865000
27/09/2012,3230,3240,3210,3230,8462500
28/09/2012,3240,3270,3220,3240,6997500
01/10/2012,3340,3360,3200,3340,16480000
02/10/2012,3360,3380,3330,3360,8747500
03/10/2012,3330,3370,3320,3330,4015000
04/10/2012,3320,3350,3320,3320,6695000
05/10/2012,3350,3350,3320,3350,3905000
08/10/2012,3320,3350,3320,3320,10015000
09/10/2012,3330,3350,3260,3330,9460000
10/10/2012,3310,3320,3300,3310,11637500
11/10/2012,3300,3320,3290,3300,8217500
12/10/2012,3270,3330,3270,3270,4912500
15/10/2012,3210,3270,3200,3210,6867500
16/10/2012,3220,3260,3210,3220,2355000
17/10/2012,3240,3240,3190,3240,5712500
18/10/2012,3260,3260,3210,3260,3675000
19/10/2012,3240,3300,3230,3240,1537500
22/10/2012,3280,3280,3210,3280,1665000
23/10/2012,3240,3280,3220,3240,2287500
24/10/2012,3230,3300,3210,3230,8435000
25/10/2012,3220,3250,3200,3220,11877500
29/10/2012,3130,3220,3110,3130,9915000
30/10/2012,3170,3170,3130,3170,8070000
31/10/2012,3200,3200,3160,3200,3897500
01/11/2012,3200,3210,3140,3200,3630000
02/11/2012,3280,3290,3200,3280,7420000
05/11/2012,3240,3300,3220,3240,3330000
06/11/2012,3290,3290,3240,3290,11865000
07/11/2012,3330,3380,3290,3330,13360000
08/11/2012,3300,3300,3260,3300,7165000
09/11/2012,3230,3270,3230,3230,4717500
12/11/2012,3200,3240,3190,3200,3340000
13/11/2012,3190,3220,3160,3190,2997500
14/11/2012,3240,3240,3140,3240,6872500
19/11/2012,3120,3290,3100,3120,10690000
20/11/2012,3130,3180,3130,3130,2602500
21/11/2012,3160,3170,3130,3160,1575000
22/11/2012,3230,3240,3150,3230,4975000
23/11/2012,3230,3260,3200,3230,3545000
26/11/2012,3270,3270,3220,3270,7420000
27/11/2012,3200,3250,3190,3200,2980000
28/11/2012,3010,3200,2970,3010,15430000
29/11/2012,2860,3070,2830,2860,23665000
30/11/2012,2800,2900,2760,2800,20007500
03/12/2012,2780,2850,2760,2780,12790000
04/12/2012,2790,2840,2750,2790,6897500
05/12/2012,2770,2800,2730,2770,10715000
06/12/2012,2810,2850,2780,2810,11640000
07/12/2012,2760,2830,2750,2760,12725000
10/12/2012,2790,2790,2740,2790,14590000
11/12/2012,2990,3000,2780,2990,27462500
12/12/2012,3170,3180,2980,3170,25505000
13/12/2012,3110,3200,3110,3110,17782500
14/12/2012,3040,3140,3010,3040,7720000
17/12/2012,3140,3170,3020,3140,14045000
18/12/2012,3060,3120,3020,3060,9715000
19/12/2012,3050,3070,3020,3050,11100000
20/12/2012,3000,3060,2960,3000,5815000
21/12/2012,2920,3020,2900,2920,8822500
26/12/2012,2970,2980,2920,2970,15
27/12/2012,3000,3040,2970,3000,7702500
28/12/2012,3020,3040,2990,3020,6990000
02/01/2013,3310,3370,3050,3310,39525000
03/01/2013,3380,3400,3310,3380,19755000
04/01/2013,3360,3380,3310,3360,13015000
07/01/2013,3330,3360,3320,3330,8920000
08/01/2013,3310,3340,3270,3310,10842500
09/01/2013,3160,3350,3150,3160,8675000
10/01/2013,3230,3250,3190,3230,6095000
11/01/2013,3140,3240,3140,3140,9472500
14/01/2013,3300,3300,3140,3300,9042500
15/01/2013,3290,3330,3200,3290,8522500
16/01/2013,3280,3280,3210,3280,2502500
17/01/2013,3230,3300,3230,3230,5057500
18/01/2013,3280,3290,3220,3280,6620000
21/01/2013,3200,3300,3200,3200,6927500
22/01/2013,3200,3200,3200,3200,0
23/01/2013,3120,3140,3080,3120,9187500
25/01/2013,3140,3190,3110,3140,7150000
28/01/2013,3120,3190,3100,3120,6327500
29/01/2013,3160,3190,3120,3160,12225000
30/01/2013,3110,3190,3070,3110,15832500
31/01/2013,3100,3110,3070,3100,6272500
01/02/2013,3100,3130,3070,3100,9650000
04/02/2013,3120,3160,3100,3120,10185000
05/02/2013,3120,3130,3060,3120,12057500
06/02/2013,3080,3130,3070,3080,9655000
07/02/2013,3070,3110,3060,3070,13287500
08/02/2013,3060,3120,3060,3060,8547500
11/02/2013,3080,3090,3060,3080,2942500
12/02/2013,3140,3150,3070,3140,8940000
13/02/2013,3120,3150,3100,3120,7075000
14/02/2013,3090,3130,3080,3090,5952500
15/02/2013,3120,3160,3080,3120,11440000
18/02/2013,3080,3140,3080,3080,3257500
19/02/2013,3010,3100,3010,3010,10317500
20/02/2013,3080,3080,3030,3080,5792500
21/02/2013,3030,3080,3020,3030,5045000
22/02/2013,3030,3050,2990,3030,9030000
25/02/2013,3000,3040,2980,3000,15435000
26/02/2013,2960,3000,2940,2960,10662500
27/02/2013,3010,3010,2980,3010,11585000
28/02/2013,3020,3050,3010,3020,7410000
01/03/2013,2980,3030,2980,2980,9770000
04/03/2013,2940,3010,2910,2940,11390000
05/03/2013,2910,2950,2900,2910,7757500
06/03/2013,2980,2980,2910,2980,6245000
07/03/2013,2950,3020,2950,2950,7330000
08/03/2013,3090,3100,2980,3090,25237500
11/03/2013,3070,3090,3050,3070,8460000
13/03/2013,3080,3110,3060,3080,9232500
14/03/2013,3090,3090,3010,3010,20
15/03/2013,3060,3110,3050,3090,20
18/03/2013,3090,3090,3000,3000,20
19/03/2013,3010,3040,2990,2990,20
20/03/2013,2980,3000,2950,2950,20
21/03/2013,2940,2950,2760,2760,15
22/03/2013,2810,2840,2700,2700,20
25/03/2013,2740,2870,2740,2840,20
26/03/2013,2880,2890,2870,2880,13435000
27/03/2013,2910,2970,2890,2930,20
28/03/2013,2960,2960,2880,2880,20
01/04/2013,2930,3040,2910,3040,20
02/04/2013,3040,3040,2990,3030,20
03/04/2013,3070,3070,3040,3060,15
04/04/2013,3050,3080,3020,3070,20
05/04/2013,3070,3080,2990,3010,20
08/04/2013,3010,3050,3010,3050,20
09/04/2013,3060,3090,3050,3060,14992500
10/04/2013,3050,3090,3050,3090,20
11/04/2013,3100,3100,3050,3080,20
12/04/2013,3070,3100,3060,3080,17722500
15/04/2013,3080,3080,3020,3030,20
16/04/2013,3030,3070,3010,3060,20
17/04/2013,3090,3100,3050,3070,20
18/04/2013,3090,3090,3060,3090,5650000
19/04/2013,3080,3090,3050,3050,20
22/04/2013,3090,3090,3050,3060,15
23/04/2013,3050,3050,3050,3050,0
24/04/2013,3040,3060,2970,3010,20
25/04/2013,3000,3010,2980,3000,7912500
26/04/2013,3020,3040,3000,3020,17420000
29/04/2013,3020,3050,3010,3030,20
30/04/2013,3030,3050,2980,3050,20
01/05/2013,3050,3060,3030,3050,6447500
02/05/2013,3020,3020,2960,2960,20
03/05/2013,2960,2970,2900,2900,20
06/05/2013,2900,2990,2900,2990,20
07/05/2013,2970,2980,2940,2970,4300000
08/05/2013,2960,2970,2950,2960,24297500
10/05/2013,2920,2940,2860,2900,20
13/05/2013,2900,2930,2870,2870,20
14/05/2013,2880,2900,2810,2830,20
15/05/2013,2830,2840,2800,2800,20
16/05/2013,2800,2890,2800,2880,20
17/05/2013,2910,3130,2910,3130,15
20/05/2013,3120,3120,3090,3110,20
21/05/2013,3020,3020,2960,3000,20
22/05/2013,3000,3040,2990,2990,20
23/05/2013,2990,2990,2780,2780,15
24/05/2013,2840,2880,2750,2780,20
27/05/2013,2790,2800,2700,2700,20
28/05/2013,2730,2750,2610,2620,20
29/05/2013,2660,2680,2580,2580,20
30/05/2013,2560,2560,2450,2500,20
31/05/2013,2520,2530,2420,2440,20
03/06/2013,2440,2470,2390,2390,20
04/06/2013,2350,2530,2330,2530,15
05/06/2013,2550,2660,2450,2650,20
07/06/2013,2600,2650,2560,2650,20
10/06/2013,2660,2670,2530,2550,20
11/06/2013,2530,2530,2360,2370,15
12/06/2013,2330,2390,2240,2310,20
13/06/2013,2280,2370,2240,2370,20
14/06/2013,2410,2540,2410,2500,20
17/06/2013,2460,2510,2360,2380,20
18/06/2013,2440,2470,2380,2380,20
19/06/2013,2400,2440,2380,2420,20
20/06/2013,2420,2540,2350,2540,20
21/06/2013,2500,2630,2400,2440,20
24/06/2013,2440,2500,2270,2270,15
25/06/2013,2380,2410,2330,2340,20
26/06/2013,2380,2470,2370,2400,20
27/06/2013,2450,2580,2450,2530,20
28/06/2013,2560,2660,2540,2660,20
01/07/2013,2620,2620,2580,2620,3452500
02/07/2013,2620,2680,2620,2640,7437500
03/07/2013,2640,2740,2410,2480,11890000
04/07/2013,2520,2550,2410,2430,4910000
05/07/2013,2530,2540,2430,2510,2960000
08/07/2013,2510,2510,2430,2430,3802500
09/07/2013,2450,2460,2380,2390,8780000
10/07/2013,2390,2450,2390,2430,4280000
11/07/2013,2450,2510,2450,2500,11090000
12/07/2013,2460,2490,2350,2360,8785000
15/07/2013,2390,2470,2390,2450,7527500
16/07/2013,2470,2470,2450,2460,6377500
17/07/2013,2430,2440,2280,2300,29822500
18/07/2013,2300,2340,2290,2300,12482500
19/07/2013,2290,2340,2280,2310,7682500
22/07/2013,2310,2320,2300,2300,1792500
23/07/2013,2200,2380,2200,2380,9577500
24/07/2013,2310,2390,2280,2310,6162500
25/07/2013,2300,2340,2280,2280,8835000
26/07/2013,2280,2290,2170,2170,12722500
29/07/2013,2160,2160,2050,2050,9025000
30/07/2013,2050,2100,2050,2060,2895000
31/07/2013,2100,2100,1940,1990,6225000
01/08/2013,2030,2080,2020,2050,12472500
02/08/2013,2090,2120,1980,2000,11735000
12/08/2013,2040,2200,2020,2190,19522500
13/08/2013,2220,2270,2130,2270,10572500
14/08/2013,2280,2400,2260,2390,13547500
15/08/2013,2340,2370,2300,2330,7512500
16/08/2013,2260,2460,2250,2360,14317500
19/08/2013,2300,2340,2140,2140,5072500
20/08/2013,2070,2180,1990,2010,8587500
21/08/2013,2020,2130,2020,2040,5832500
22/08/2013,2040,2400,2030,2400,16610000
23/08/2013,2420,2470,2390,2450,11505000
26/08/2013,2450,2530,2430,2490,14675000
27/08/2013,2430,2490,2400,2490,10402500
28/08/2013,2380,2520,2380,2480,9270000
29/08/2013,2440,2450,2380,2390,20060000
30/08/2013,2390,2420,2380,2420,12597500
02/09/2013,2420,2570,2400,2550,34795000
03/09/2013,2580,2740,2530,2720,16742500
04/09/2013,2700,2780,2680,2720,14510000
05/09/2013,2740,2800,2710,2760,13440000
06/09/2013,2760,2780,2690,2760,6555000
09/09/2013,2780,2820,2750,2790,6647500
10/09/2013,2800,2830,2480,2520,15245000
11/09/2013,2480,2630,2480,2630,9345000
12/09/2013,2630,2710,2610,2630,5840000
13/09/2013,2650,2650,2560,2580,5200000
16/09/2013,2600,2640,2590,2600,8027500
17/09/2013,2600,2700,2580,2670,9957500
18/09/2013,2650,2670,2600,2620,4137500
19/09/2013,2710,2790,2660,2770,11690000
20/09/2013,2790,2800,2710,2770,6612500
23/09/2013,2760,2810,2720,2800,8317500
24/09/2013,2800,2800,2640,2640,5087500
25/09/2013,2580,2660,2580,2600,3157500
26/09/2013,2620,2650,2560,2560,1712500
27/09/2013,2600,2640,2570,2570,3120000
30/09/2013,2550,2590,2500,2550,4545000
01/10/2013,2550,2570,2480,2480,3017500
02/10/2013,2500,2550,2420,2440,5865000
03/10/2013,2470,2530,2440,2470,8997500
04/10/2013,2470,2500,2420,2470,4887500
07/10/2013,2500,2510,2480,2510,5490000
08/10/2013,2510,2540,2490,2530,2417500
09/10/2013,2500,2670,2500,2620,7462500
10/10/2013,2640,2690,2630,2640,7810000
11/10/2013,2640,2720,2640,2710,11982500
16/10/2013,2710,2750,2680,2680,3235000
17/10/2013,2690,2780,2690,2780,6152500
18/10/2013,2790,2800,2730,2800,5732500
21/10/2013,2810,2820,2660,2740,9642500
22/10/2013,2700,2770,2680,2770,1900000
23/10/2013,2770,2800,2720,2730,2667500
24/10/2013,2700,2740,2670,2700,2072500
25/10/2013,2690,2700,2640,2660,5647500
28/10/2013,2660,2670,2630,2630,1560000
29/10/2013,2600,2630,2580,2590,5420000
30/10/2013,2630,2630,2530,2530,9912500
31/10/2013,2550,2550,2420,2430,10765000
01/11/2013,2430,2430,2300,2320,27190000
04/11/2013,2300,2390,2300,2310,17470000
06/11/2013,2310,2350,2300,2320,27042500
07/11/2013,2350,2430,2340,2420,27475000
08/11/2013,2400,2480,2380,2440,18735000
11/11/2013,2460,2540,2430,2510,16810000
12/11/2013,2500,2550,2450,2450,14802500
13/11/2013,2440,2440,2320,2390,15090000
14/11/2013,2400,2430,2390,2390,20990000
15/11/2013,2390,2440,2320,2340,11137500
18/11/2013,2330,2450,2330,2430,28687500
19/11/2013,2430,2450,2390,2390,11795000
20/11/2013,2360,2390,2300,2360,16550000
21/11/2013,2340,2360,2320,2330,6552500
22/11/2013,2390,2390,2310,2320,15360000
25/11/2013,2340,2420,2300,2420,25365000
26/11/2013,2420,2430,2350,2430,16622500
27/11/2013,2400,2410,2340,2380,7695000
28/11/2013,2390,2400,2320,2360,3407500
29/11/2013,2320,2400,2320,2400,6845000
02/12/2013,2360,2420,2360,2400,3582500
03/12/2013,2400,2400,2330,2340,5660000
04/12/2013,2330,2400,2320,2340,15735000
05/12/2013,2340,2370,2320,2350,15705000
06/12/2013,2330,2330,2300,2330,21807500
09/12/2013,2340,2350,2310,2320,8507500
10/12/2013,2340,2350,2310,2310,42265000
11/12/2013,2310,2360,2310,2350,23395000
12/12/2013,2330,2340,2320,2320,8602500
13/12/2013,2330,2350,2320,2330,8287500
16/12/2013,2300,2320,2220,2250,8430000
17/12/2013,2260,2290,2240,2240,7600000
18/12/2013,2240,2290,2230,2250,7755000
19/12/2013,2260,2290,2170,2220,13650000
20/12/2013,2190,2200,2120,2120,10685000
23/12/2013,2130,2150,2060,2070,10635000
24/12/2013,2080,2100,2040,2060,15220000
27/12/2013,2070,2080,2040,2040,9722500
30/12/2013,2080,2080,2030,2040,5555000
02/01/2014,2060,2120,2050,2080,17777500
03/01/2014,2080,2080,1990,2000,13000000
06/01/2014,2000,2000,1840,1860,17689000
07/01/2014,1870,1905,1810,1825,21311500
08/01/2014,1825,1890,1820,1875,16814000
09/01/2014,1875,1900,1820,1840,28074500
10/01/2014,1840,1875,1820,1835,23956000
13/01/2014,1840,1865,1795,1830,44188500
15/01/2014,1830,1875,1795,1850,46988000
16/01/2014,1855,1910,1830,1830,67171500
17/01/2014,1850,1900,1845,1895,29602000
20/01/2014,1895,1940,1885,1925,36052000
21/01/2014,1940,1955,1920,1940,18171500
22/01/2014,1940,1990,1925,1990,24058500
23/01/2014,1990,2020,1950,1950,27096500
24/01/2014,1920,1945,1905,1920,22552000
27/01/2014,1890,1890,1850,1860,27353000
28/01/2014,1840,1890,1840,1860,8066000
29/01/2014,1880,1910,1870,1890,10258000
30/01/2014,1860,1875,1850,1850,34362000
03/02/2014,1875,1880,1850,1850,5554000
04/02/2014,1825,1855,1820,1825,15966500
05/02/2014,1850,1855,1840,1855,9867000
06/02/2014,1870,1930,1855,1930,18370000
07/02/2014,1935,1950,1920,1925,12100500
10/02/2014,1950,1950,1905,1920,8323500
11/02/2014,1915,1945,1910,1930,10071000
12/02/2014,1935,1945,1915,1920,7873500
13/02/2014,1905,1925,1870,1870,16258000
14/02/2014,1880,1890,1850,1855,17210000
17/02/2014,1860,1870,1840,1850,33923500
18/02/2014,1850,1880,1850,1860,24893500
19/02/2014,1860,1870,1860,1870,10657500
20/02/2014,1870,1870,1850,1860,15776000
21/02/2014,1870,1875,1855,1865,12035000
24/02/2014,1865,1865,1845,1845,13398000
25/02/2014,1855,1855,1830,1830,15619500
26/02/2014,1830,1855,1830,1840,9756500
27/02/2014,1850,1895,1835,1870,33010000
28/02/2014,1880,1915,1870,1915,22113500
03/03/2014,1895,1900,1865,1870,15220000
04/03/2014,1885,1920,1875,1905,29549500
05/03/2014,1925,1930,1900,1905,17274500
06/03/2014,1910,1915,1900,1905,13015000
07/03/2014,1920,1920,1880,1885,12035000
10/03/2014,1885,1915,1875,1905,12240000
11/03/2014,1900,1920,1895,1910,11797500
12/03/2014,1895,1900,1855,1855,16275000
13/03/2014,1850,1885,1850,1875,8323500
14/03/2014,1850,1880,1845,1850,19439000
17/03/2014,1870,1880,1850,1855,19852000
18/03/2014,1865,1875,1850,1855,15735000
19/03/2014,1865,1895,1855,1875,21777500
20/03/2014,1880,1895,1830,1830,38802500
21/03/2014,1840,1870,1825,1870,28584500
24/03/2014,1880,1880,1855,1855,7472500
25/03/2014,1850,1860,1835,1840,5340500
26/03/2014,1850,1855,1830,1840,7702500
27/03/2014,1850,1880,1845,1870,22566000
28/03/2014,1885,1900,1865,1865,22268000
01/04/2014,1880,1895,1875,1890,21964500
02/04/2014,1900,1900,1865,1890,20840000
03/04/2014,1880,1890,1880,1885,4200000
04/04/2014,1885,1890,1865,1865,11180500
07/04/2014,1870,1890,1870,1880,11504500
08/04/2014,1880,1905,1875,1880,26223500
09/04/2014,1880,1880,1880,1880,0
10/04/2014,1895,1895,1855,1865,19971500
11/04/2014,1860,1940,1860,1940,44235500
14/04/2014,1950,1965,1940,1950,23464000
15/04/2014,1960,1960,1910,1915,15539500
16/04/2014,1930,1955,1920,1925,15153000
17/04/2014,1930,1945,1925,1940,9911000
21/04/2014,1940,1955,1940,1945,10308500
22/04/2014,1955,1990,1935,1990,34755000
23/04/2014,1990,2045,1980,2040,54050000
24/04/2014,2040,2075,2010,2015,24861500
25/04/2014,2010,2035,2010,2030,18530500
28/04/2014,2040,2065,2020,2035,42057000
29/04/2014,1970,1975,1950,1960,30859500
30/04/2014,1980,1990,1965,1975,22383000
02/05/2014,1960,1975,1935,1960,12845500
05/05/2014,1940,1950,1930,1935,11918500
06/05/2014,1940,1975,1930,1945,24131000
07/05/2014,1955,1965,1945,1945,15193500
08/05/2014,1945,1960,1940,1950,8456500
09/05/2014,1940,1950,1935,1945,7941500
12/05/2014,1955,2040,1955,2030,34031000
13/05/2014,2050,2110,2040,2075,56788000
14/05/2014,2075,2160,2065,2115,47404000
16/05/2014,2100,2170,2090,2165,56693000
19/05/2014,2185,2215,2160,2185,44722500
20/05/2014,2105,2185,2090,2105,32530500
21/05/2014,2195,2220,2105,2195,26446500
22/05/2014,2280,2290,2170,2280,33301500
23/05/2014,2315,2380,2260,2315,34555000
26/05/2014,2290,2350,2290,2290,8562000
28/05/2014,2230,2295,2200,2230,33058000
30/05/2014,2140,2235,2140,2140,33089500
02/06/2014,2205,2215,2105,2205,21651000
03/06/2014,2255,2260,2210,2255,20254500
04/06/2014,2230,2275,2220,2230,10647500
05/06/2014,2290,2290,2205,2280,22407500
06/06/2014,2280,2310,2240,2280,28391000
09/06/2014,2210,2275,2210,2210,12347000
10/06/2014,2225,2250,2180,2225,10577500
11/06/2014,2250,2275,2195,2250,13606500
12/06/2014,2200,2245,2195,2200,13266500
13/06/2014,2180,2210,2160,2180,7484000
16/06/2014,2095,2195,2090,2095,16272500
17/06/2014,2165,2170,2090,2165,20004500
18/06/2014,2105,2180,2105,2105,20242500
19/06/2014,2160,2185,2085,2160,26637500
20/06/2014,2120,2185,2110,2120,8598000
23/06/2014,2145,2160,2120,2145,8796000
24/06/2014,2085,2180,2085,2085,25801000
25/06/2014,2060,2100,2050,2060,15045500
26/06/2014,2110,2115,2070,2110,9408500
27/06/2014,2125,2145,2070,2125,12634000
30/06/2014,2145,2145,2115,2145,6103000
01/07/2014,2110,2155,2105,2110,7020500
02/07/2014,2150,2150,2110,2150,6480000
03/07/2014,2145,2155,2130,2145,6523000
04/07/2014,2130,2150,2125,2130,6370000
07/07/2014,2240,2240,2140,2240,16850000
08/07/2014,2225,2255,2210,2225,9884500
09/07/2014,2225,2225,2225,2225,0
10/07/2014,2245,2260,2200,2245,17703500
11/07/2014,2150,2225,2145,2150,9440000
14/07/2014,2150,2185,2140,2150,8361500
15/07/2014,2150,2170,2130,2150,13021500
16/07/2014,2160,2190,2150,2160,10149500
17/07/2014,2100,2175,2080,2100,11233500
18/07/2014,2115,2125,2070,2115,11815000
21/07/2014,2190,2195,2145,2190,18532500
22/07/2014,2130,2225,2130,2130,15199500
23/07/2014,2150,2185,2140,2150,5476000
24/07/2014,2225,2230,2145,2225,11916500
25/07/2014,2330,2340,2230,2330,37923000
04/08/2014,2500,2500,2290,2500,46259000
05/08/2014,2540,2550,2445,2540,24487500
06/08/2014,2500,2505,2470,2500,7211000
07/08/2014,2575,2580,2470,2575,20768500
08/08/2014,2590,2595,2555,2590,14202500
11/08/2014,2520,2595,2500,2520,11011500
12/08/2014,2480,2540,2480,2480,10989500
13/08/2014,2540,2540,2490,2540,11337000
14/08/2014,2580,2615,2560,2580,16800000
15/08/2014,2555,2595,2550,2555,4588000
18/08/2014,2755,2780,2520,2755,25838000
19/08/2014,2720,2765,2705,2720,9696500
20/08/2014,2730,2750,2720,2730,8251000
21/08/2014,2680,2740,2650,2680,19569500
22/08/2014,2725,2735,2675,2725,22970500
25/08/2014,2655,2725,2600,2655,16869000
26/08/2014,2655,2730,2605,2655,31419500
27/08/2014,2715,2740,2665,2715,42900000
28/08/2014,2720,2730,2690,2720,33929000
29/08/2014,2670,2725,2655,2670,17692500
01/09/2014,2685,2700,2670,2685,5680000
02/09/2014,2710,2725,2670,2710,5249500
03/09/2014,2780,2820,2700,2780,20278500
04/09/2014,2785,2830,2780,2785,12190500
05/09/2014,2775,2820,2750,2775,5385500
08/09/2014,2795,2800,2770,2795,7258000
09/09/2014,2700,2780,2695,2700,21256000
10/09/2014,2615,2670,2610,2615,20639000
11/09/2014,2580,2650,2575,2580,10914500
12/09/2014,2655,2670,2545,2655,10029500
15/09/2014,2625,2650,2600,2625,4661000
16/09/2014,2560,2640,2560,2560,8430000
17/09/2014,2595,2645,2570,2595,15816000
18/09/2014,2595,2620,2580,2595,6779500
19/09/2014,2580,2625,2580,2580,8225500
22/09/2014,2565,2620,2520,2565,6324500
23/09/2014,2675,2680,2565,2675,12643000
24/09/2014,2630,2700,2620,2630,11701000
25/09/2014,2690,2690,2650,2690,6892000
26/09/2014,2620,2655,2540,2620,23075000
29/09/2014,2665,2670,2600,2665,8049500
30/09/2014,2640,2665,2585,2640,11349000
01/10/2014,2600,2625,2570,2600,12231500
02/10/2014,2575,2600,2540,2575,10497500
03/10/2014,2575,2600,2540,2575,10817000
06/10/2014,2560,2595,2540,2560,2756000
07/10/2014,2660,2670,2560,2660,11323500
08/10/2014,2660,2725,2610,2660,14569500
09/10/2014,2600,2680,2595,2600,9041500
10/10/2014,2560,2580,2545,2560,7301500
13/10/2014,2435,2545,2430,2435,10733500
14/10/2014,2395,2450,2380,2395,13431000
15/10/2014,2275,2425,2240,2275,16017000
16/10/2014,2395,2455,2220,2395,18297500
17/10/2014,2530,2530,2400,2530,7866000
20/10/2014,2460,2580,2450,2460,8185500
21/10/2014,2415,2510,2390,2415,7336500
22/10/2014,2500,2515,2430,2500,8604000
23/10/2014,2490,2535,2485,2490,8965500
24/10/2014,2455,2515,2455,2455,2647000
27/10/2014,2465,2505,2455,2465,8452500
28/10/2014,2375,2495,2360,2375,5602500
29/10/2014,2510,2520,2415,2510,9231000
30/10/2014,2525,2550,2460,2525,7205000
31/10/2014,2590,2590,2520,2590,13868000
03/11/2014,2560,2640,2530,2560,4308000
04/11/2014,2535,2615,2520,2535,8661000
05/11/2014,2535,2560,2510,2535,5240500
06/11/2014,2515,2550,2515,2515,3600000
07/11/2014,2510,2545,2490,2510,2225000
10/11/2014,2530,2550,2520,2530,2226500
11/11/2014,2575,2585,2520,2575,3671000
12/11/2014,2520,2600,2505,2520,4548000
13/11/2014,2470,2550,2465,2470,4922000
14/11/2014,2395,2505,2375,2395,14885000
17/11/2014,2395,2465,2390,2460,6925000
18/11/2014,2470,2490,2450,2470,15226500
19/11/2014,2460,2520,2435,2460,16058500
20/11/2014,2490,2495,2450,2490,10785000
21/11/2014,2560,2560,2495,2560,13280500
24/11/2014,2660,2660,2570,2660,15747500
25/11/2014,2590,2680,2590,2590,14350500
26/11/2014,2640,2715,2615,2640,13746000
27/11/2014,2675,2700,2650,2675,9840500
28/11/2014,2630,2660,2610,2630,15007500
01/12/2014,2620,2655,2615,2620,10464000
02/12/2014,2620,2635,2565,2565,10688000
03/12/2014,2575,2605,2545,2580,10860000
04/12/2014,2580,2705,2570,2700,18163000
05/12/2014,2710,2730,2675,2675,7369500
08/12/2014,2690,2690,2620,2620,5873000
09/12/2014,2615,2690,2605,2650,8138500
10/12/2014,2640,2680,2630,2630,6252500
11/12/2014,2580,2660,2560,2660,9399000
12/12/2014,2595,2635,2580,2590,6736000
15/12/2014,2560,2570,2530,2555,5357500
16/12/2014,2480,2505,2440,2480,12974500
17/12/2014,2490,2605,2470,2590,13726500
18/12/2014,2650,2680,2620,2670,11219000
19/12/2014,2700,2700,2595,2600,10750500
22/12/2014,2605,2640,2550,2550,5150000
23/12/2014,2560,2570,2490,2505,12385500
24/12/2014,2510,2540,2510,2525,4651000
29/12/2014,2535,2550,2500,2505,4605000
30/12/2014,2505,2525,2480,2500,5484000
02/01/2015,2475,2505,2470,2475,6005500
05/01/2015,2465,2475,2440,2470,4914500
06/01/2015,2425,2460,2410,2415,6777500
07/01/2015,2415,2440,2405,2420,8754500
08/01/2015,2420,2445,2350,2360,18408500
09/01/2015,2360,2400,2350,2360,14712500
12/01/2015,2320,2365,2300,2305,10451000
13/01/2015,2305,2305,2230,2240,17833000
14/01/2015,2240,2325,2240,2240,11812500
15/01/2015,2240,2280,2230,2240,9361000
16/01/2015,2250,2250,2145,2145,17915500
19/01/2015,2140,2200,2070,2080,12008000
20/01/2015,2100,2180,2020,2145,19758000
21/01/2015,2150,2245,2140,2230,18367500
22/01/2015,2230,2355,2200,2350,24512500
23/01/2015,2360,2400,2310,2325,12214500
26/01/2015,2345,2345,2210,2245,8194000
27/01/2015,2210,2280,2210,2280,7682500
28/01/2015,2260,2320,2255,2305,7927500
29/01/2015,2260,2285,2250,2265,5828000
30/01/2015,2280,2280,2260,2275,10498500
02/02/2015,2285,2345,2270,2275,10487000
03/02/2015,2310,2325,2280,2285,7354000
04/02/2015,2315,2335,2285,2300,17895000
05/02/2015,2270,2290,2260,2275,5658500
06/02/2015,2285,2320,2285,2320,8683000
09/02/2015,2320,2325,2270,2280,4249000
10/02/2015,2260,2280,2220,2235,11003000
11/02/2015,2220,2265,2200,2205,12297500
12/02/2015,2200,2250,2195,2245,16229000
13/02/2015,2250,2310,2250,2295,20675500
16/02/2015,2310,2320,2225,2230,8467000
17/02/2015,2255,2255,2190,2215,17996500
18/02/2015,2230,2230,2175,2175,11909500
20/02/2015,2185,2210,2120,2120,15046500
23/02/2015,2135,2145,2085,2095,12750500
24/02/2015,2090,2145,2070,2080,21246500
25/02/2015,2100,2110,2070,2085,9601500
26/02/2015,2100,2110,2080,2085,14259500
27/02/2015,2085,2135,2080,2135,15008500
02/03/2015,2150,2210,2150,2200,28619000
03/03/2015,2210,2250,2200,2205,29422000
04/03/2015,2200,2215,2155,2160,8776000
05/03/2015,2165,2220,2145,2165,8100000
06/03/2015,2165,2210,2160,2185,6959500
09/03/2015,2160,2175,2140,2155,6082000
10/03/2015,2140,2155,2110,2120,10067500
11/03/2015,2095,2100,2045,2045,17537000
12/03/2015,2050,2135,2050,2130,11206000
13/03/2015,2140,2150,2085,2085,10051500
16/03/2015,2080,2105,2045,2045,12374000
17/03/2015,2055,2070,2045,2065,5185500
18/03/2015,2050,2075,2050,2070,9517000
19/03/2015,2085,2100,2070,2090,6223000
20/03/2015,2090,2090,2060,2070,10813500
23/03/2015,2090,2115,2080,2095,14666000
24/03/2015,2080,2125,2080,2110,13690500
25/03/2015,2100,2115,2035,2060,9931000
26/03/2015,2030,2100,2030,2050,7321000
27/03/2015,2050,2100,2045,2100,5547000
30/03/2015,2120,2150,2070,2140,13505500
31/03/2015,2160,2170,2140,2150,13410000
01/04/2015,2160,2160,2110,2140,5900000
02/04/2015,2150,2185,2140,2180,11075500
06/04/2015,2195,2230,2180,2220,8934000
07/04/2015,2220,2235,2200,2215,12098000
08/04/2015,2165,2170,2135,2155,9769500
09/04/2015,2155,2165,2125,2150,5426500
10/04/2015,2160,2160,2125,2140,2205000
13/04/2015,2090,2130,2070,2090,5968000
14/04/2015,2080,2100,2065,2080,4172000
15/04/2015,2075,2130,2070,2130,5663000
16/04/2015,2135,2150,2110,2150,7138000
17/04/2015,2150,2155,2135,2150,4748000
20/04/2015,2150,2150,2115,2120,3408000
21/04/2015,2120,2140,2095,2110,6676500
22/04/2015,2090,2135,2080,2125,7437500
23/04/2015,2135,2150,2080,2080,11439500
24/04/2015,2100,2125,2100,2105,2469000
27/04/2015,2100,2115,1995,2000,17077500
28/04/2015,2010,2020,1935,2015,8135500
29/04/2015,1995,2005,1900,1945,14204000
30/04/2015,1900,1955,1870,1870,13038500
04/05/2015,1820,1900,1820,1870,6729000
05/05/2015,1860,1910,1850,1880,6595500
06/05/2015,1880,1900,1855,1870,9444500
07/05/2015,1870,1870,1840,1840,4511500
08/05/2015,1860,1945,1845,1930,11058000
11/05/2015,1980,2005,1935,1990,19629000
12/05/2015,1955,2015,1955,2000,15375000
13/05/2015,2000,2075,1990,2060,12839500
15/05/2015,2095,2130,2055,2110,12118000
18/05/2015,2110,2110,2070,2090,5828000
19/05/2015,2100,2105,2070,2085,3737000
20/05/2015,2110,2165,2105,2160,21697000
21/05/2015,2160,2185,2140,2165,8966000
22/05/2015,2140,2165,2110,2110,6507000
25/05/2015,2110,2120,2060,2075,3982000
26/05/2015,2080,2150,2065,2110,8913500
27/05/2015,2075,2090,2000,2055,12327000
28/05/2015,2040,2080,2020,2025,13179500
29/05/2015,2010,2030,1960,1965,37580000
01/06/2015,1960,1980,1925,1945,6432000
03/06/2015,1945,1990,1920,1935,13222000
04/06/2015,1925,1945,1905,1925,7128000
05/06/2015,1900,1930,1865,1885,6086000
08/06/2015,1880,1910,1875,1885,7388500
09/06/2015,1900,1900,1815,1825,7473500
10/06/2015,1825,1865,1810,1810,13717000
11/06/2015,1840,1860,1805,1820,10380000
12/06/2015,1845,1860,1825,1830,5564500
15/06/2015,1850,1850,1810,1815,3182000
16/06/2015,1825,1890,1810,1850,7132000
17/06/2015,1855,1880,1825,1830,9015500
18/06/2015,1830,1850,1800,1810,9293500
19/06/2015,1825,1835,1800,1805,13009500
22/06/2015,1815,1815,1790,1800,4327000
23/06/2015,1815,1815,1785,1790,4807500
24/06/2015,1810,1810,1785,1805,5787000
25/06/2015,1810,1810,1740,1740,12189500
26/06/2015,1740,1755,1700,1700,13631500
29/06/2015,1700,1700,1660,1675,3207000
30/06/2015,1655,1690,1650,1680,12117500
01/07/2015,1695,1695,1660,1660,5433500
02/07/2015,1665,1675,1645,1650,7966000
03/07/2015,1660,1660,1650,1655,4609000
06/07/2015,1660,1660,1635,1640,4263000
07/07/2015,1625,1640,1585,1595,7815500
08/07/2015,1595,1595,1485,1510,17878500
09/07/2015,1470,1470,1405,1425,33095500
10/07/2015,1440,1475,1420,1450,20061500
13/07/2015,1455,1460,1395,1410,12325500
14/07/2015,1410,1410,1345,1350,17146500
15/07/2015,1350,1350,1295,1295,22599500
22/07/2015,1315,1315,1240,1300,19765000
23/07/2015,1300,1335,1270,1320,12200000
24/07/2015,1320,1320,1255,1265,7935000
27/07/2015,1220,1285,1220,1255,11508500
28/07/2015,1220,1295,1220,1285,10956000
29/07/2015,1315,1315,1250,1250,13230500
30/07/2015,1250,1260,1230,1240,6494500
31/07/2015,1240,1260,1200,1200,19468500
03/08/2015,1200,1220,1180,1190,7600000
04/08/2015,1200,1250,1170,1250,15075500
05/08/2015,1270,1325,1255,1310,26646500
06/08/2015,1320,1320,1240,1250,17057000
07/08/2015,1260,1260,1205,1240,9954500
10/08/2015,1230,1235,1190,1200,9798500
11/08/2015,1220,1225,1120,1125,21208000
12/08/2015,1095,1100,1035,1040,22056500
13/08/2015,1080,1080,1045,1060,18968500
14/08/2015,1060,1060,1030,1035,17076000
18/08/2015,1025,1060,1005,1050,26032500
19/08/2015,1040,1075,1040,1055,8955500
20/08/2015,1055,1080,1040,1060,7975000
21/08/2015,1025,1120,1015,1115,12829000
24/08/2015,1060,1080,1035,1065,12166500
25/08/2015,1070,1155,1060,1095,20095500
26/08/2015,1110,1125,1075,1110,14006500
27/08/2015,1125,1165,1110,1145,19676000
28/08/2015,1200,1215,1175,1190,19276500
31/08/2015,1185,1200,1160,1170,13943000
01/09/2015,1185,1245,1165,1230,22927000
02/09/2015,1215,1255,1200,1200,16740000
03/09/2015,1235,1235,1200,1215,7688000
04/09/2015,1220,1220,1185,1200,6022000
07/09/2015,1200,1200,1165,1170,3590000
08/09/2015,1190,1190,1150,1165,5390500
09/09/2015,1180,1190,1145,1160,17459000
10/09/2015,1135,1150,1110,1115,15390000
11/09/2015,1130,1160,1125,1130,6574500
14/09/2015,1150,1155,1115,1125,5340500
15/09/2015,1130,1140,1120,1125,8234000
16/09/2015,1140,1145,1115,1130,7905000
17/09/2015,1145,1150,1130,1135,11180000
18/09/2015,1150,1150,1120,1150,14810500
21/09/2015,1150,1180,1125,1125,8990500
22/09/2015,1145,1145,1115,1115,3968500
23/09/2015,1110,1120,1080,1115,9963500
25/09/2015,1125,1125,1095,1110,7455500
28/09/2015,1100,1120,1070,1115,12944000
29/09/2015,1095,1120,1080,1120,13402000
30/09/2015,1130,1135,1095,1125,18791000
01/10/2015,1125,1140,1120,1125,5678500
02/10/2015,1125,1130,1115,1115,3596500
05/10/2015,1120,1145,1120,1140,12701000
06/10/2015,1140,1180,1100,1120,25267500
07/10/2015,1140,1230,1140,1195,43568500
08/10/2015,1210,1230,1185,1200,21522500
09/10/2015,1230,1300,1230,1290,36286000
12/10/2015,1310,1385,1290,1325,30825500
13/10/2015,1310,1310,1255,1255,32779000
15/10/2015,1270,1340,1270,1320,30170500
16/10/2015,1330,1340,1265,1290,30118000
19/10/2015,1265,1325,1265,1325,18369500
20/10/2015,1360,1480,1360,1460,69822000
21/10/2015,1470,1510,1445,1445,31541000
22/10/2015,1440,1445,1395,1400,18523500
23/10/2015,1440,1465,1440,1450,16347500
26/10/2015,1460,1470,1450,1465,13909000
27/10/2015,1465,1495,1460,1490,18223500
28/10/2015,1480,1480,1430,1470,18008000
29/10/2015,1470,1470,1430,1455,20651000
30/10/2015,1460,1475,1440,1460,18468000
02/11/2015,1440,1460,1440,1455,6509000
03/11/2015,1460,1505,1455,1490,14874500
04/11/2015,1500,1565,1500,1555,18502000
05/11/2015,1540,1550,1480,1530,15227500
06/11/2015,1520,1520,1490,1495,7950500
09/11/2015,1490,1510,1470,1500,13469500
10/11/2015,1490,1515,1465,1465,9095500
11/11/2015,1465,1465,1355,1385,23935000
12/11/2015,1405,1435,1390,1395,16048500
13/11/2015,1380,1385,1245,1275,89945500
16/11/2015,1270,1280,1175,1205,64116000
17/11/2015,1240,1240,1175,1185,65149000
18/11/2015,1185,1245,1180,1225,52766500
19/11/2015,1245,1265,1210,1220,35164500
20/11/2015,1205,1220,1185,1205,28059500
23/11/2015,1210,1210,1185,1190,33435000
24/11/2015,1175,1180,1140,1155,50937000
25/11/2015,1175,1185,1165,1180,30154500
26/11/2015,1200,1200,1170,1180,12583500
27/11/2015,1185,1195,1165,1175,22788000
30/11/2015,1155,1165,1120,1120,357818500
01/12/2015,1120,1150,1080,1145,73401000
02/12/2015,1155,1160,1105,1110,43369000
03/12/2015,1095,1095,1040,1040,55937000
04/12/2015,1030,1085,1025,1035,59210500
07/12/2015,1035,1055,1020,1025,18278500
08/12/2015,1010,1010,964,966,69141000
09/12/2015,966,966,966,966,0
10/12/2015,956,979,921,928,25657500
11/12/2015,938,942,897,901,38094000
14/12/2015,880,889,861,863,55630000
15/12/2015,870,937,870,926,85021500
16/12/2015,950,968,938,942,44227500
17/12/2015,946,975,929,948,32592500
18/12/2015,938,959,932,956,18703500
21/12/2015,940,952,920,920,12140500
22/12/2015,930,938,926,930,9206000
23/12/2015,935,943,915,915,13159000
28/12/2015,925,925,912,912,13626500
29/12/2015,921,926,914,916,11026500
30/12/2015,922,924,905,905,15477000
04/01/2016,900,902,865,867,13150000
05/01/2016,866,907,866,902,25770500
06/01/2016,902,915,894,902,11862500
07/01/2016,895,895,866,869,14824000
08/01/2016,867,882,861,861,20228500
11/01/2016,860,888,857,881,29020000
12/01/2016,890,890,870,882,10159500
13/01/2016,891,922,885,905,17472500
14/01/2016,890,900,879,899,13157000
15/01/2016,904,910,884,893,5357500
18/01/2016,886,890,874,877,6007500
19/01/2016,870,880,860,860,16396500
20/01/2016,866,866,830,852,8564500
21/01/2016,855,859,832,833,10903500
22/01/2016,846,887,838,887,16867000
25/01/2016,900,909,890,894,18591500
26/01/2016,874,880,855,855,9593000
27/01/2016,870,877,847,847,12312000
28/01/2016,857,876,850,864,10553500
29/01/2016,880,903,872,890,23085500
01/02/2016,900,904,863,874,9448000
02/02/2016,870,897,859,880,10110500
03/02/2016,866,890,860,880,9917500
04/02/2016,900,902,887,894,13675500
05/02/2016,894,903,893,902,9658500
09/02/2016,895,895,883,888,4638000
10/02/2016,880,887,870,877,7303500
11/02/2016,876,898,873,889,13691000
12/02/2016,889,894,875,881,5643500
15/02/2016,892,900,884,894,6120000
16/02/2016,898,900,882,882,11966500
17/02/2016,875,889,871,872,14643000
18/02/2016,882,942,882,917,45164500
19/02/2016,935,957,918,934,34090500
22/02/2016,939,1075,935,1065,70175500
23/02/2016,1070,1095,1005,1040,63168000
24/02/2016,1025,1025,970,983,46172500
25/02/2016,995,1005,953,953,27186500
26/02/2016,960,1040,955,1020,73619000
29/02/2016,1025,1070,1005,1015,62360000
01/03/2016,1030,1055,1015,1045,29248500
02/03/2016,1080,1110,1075,1105,64262500
03/03/2016,1115,1170,1090,1145,77817500
04/03/2016,1160,1185,1150,1160,30029000
07/03/2016,1185,1300,1185,1295,57336500
08/03/2016,1330,1380,1315,1325,78801000
10/03/2016,1380,1380,1245,1255,40783000
11/03/2016,1255,1255,1255,1255,0
14/03/2016,1255,1255,1255,1255,0
15/03/2016,1280,1280,1230,1230,21459000
16/03/2016,1220,1285,1215,1270,30952500
17/03/2016,1315,1405,1315,1400,66188000
18/03/2016,1430,1445,1315,1315,60254000
21/03/2016,1340,1380,1320,1365,33739500
22/03/2016,1375,1395,1345,1360,15159500
23/03/2016,1380,1380,1330,1350,7500500
24/03/2016,1315,1330,1300,1300,11699000
28/03/2016,1290,1325,1280,1310,14356500
29/03/2016,1300,1305,1265,1275,13567000
30/03/2016,1290,1295,1255,1285,18957000
31/03/2016,1285,1285,1245,1255,17719500
01/04/2016,1250,1270,1240,1240,12100500
04/04/2016,1230,1290,1225,1290,17755000
05/04/2016,1275,1285,1245,1245,21271500
06/04/2016,1265,1340,1260,1330,52257000
07/04/2016,1360,1365,1310,1310,54527500
08/04/2016,1290,1330,1285,1310,25800500
11/04/2016,1310,1310,1310,1310,0
12/04/2016,1340,1390,1340,1385,35123000
13/04/2016,1385,1385,1385,1385,0
14/04/2016,1385,1385,1385,1385,0
15/04/2016,1385,1385,1385,1385,0
18/04/2016,1385,1385,1385,1385,0
19/04/2016,1385,1385,1385,1385,0
20/04/2016,1465,1530,1470,1520,33706500
21/04/2016,1560,1560,1535,1540,20
22/04/2016,1540,1510,1485,1500,20
25/04/2016,1510,1515,1480,1500,12802500
26/04/2016,1500,1500,1440,1465,25408000
27/04/2016,1470,1495,1465,1475,20597000
28/04/2016,1490,1500,1410,1430,28532500
29/04/2016,1410,1430,1380,1410,12885000
02/05/2016,1425,1450,1405,1410,13337000
03/05/2016,1420,1430,1360,1375,15038000
04/05/2016,1340,1360,1300,1320,41834500
09/05/2016,1325,1335,1295,1300,19271000
10/05/2016,1275,1300,1245,1260,24861000
11/05/2016,1310,1325,1270,1310,24455500
12/05/2016,1300,1360,1295,1310,27999500
13/05/2016,1310,1325,1255,1265,17524500
16/05/2016,1270,1290,1240,1275,10107500
17/05/2016,1310,1340,1285,1315,20518500
18/05/2016,1320,1335,1295,1300,20959000
19/05/2016,1285,1290,1255,1265,12352000
20/05/2016,1255,1275,1225,1260,13080000
23/05/2016,1250,1300,1250,1285,9963500
24/05/2016,1265,1285,1255,1255,8937500
25/05/2016,1280,1320,1270,1295,21919000
26/05/2016,1320,1345,1300,1330,25160500
27/05/2016,1330,1340,1305,1335,22691500
30/05/2016,1335,1360,1335,1335,11657500
31/05/2016,1335,1350,1275,1275,20439500
01/06/2016,1295,1330,1285,1310,22426000
02/06/2016,1300,1395,1300,1395,41928000
03/06/2016,1400,1435,1375,1425,37864000
06/06/2016,1435,1485,1435,1480,36598000
07/06/2016,1490,1570,1470,1565,85405000
08/06/2016,1565,1610,1515,1530,44200000
09/06/2016,1550,1615,1510,1595,47779500
10/06/2016,1565,1600,1545,1560,11784000
13/06/2016,1530,1540,1515,1525,7523500
14/06/2016,1525,1555,1480,1480,12474500
15/06/2016,1480,1525,1465,1525,12586000
16/06/2016,1520,1525,1485,1485,12887500
17/06/2016,1490,1505,1475,1505,7844000
20/06/2016,1520,1605,1510,1600,24722000
21/06/2016,1615,1655,1610,1640,27310000
22/06/2016,1645,1660,1605,1610,13617500
23/06/2016,1600,1620,1580,1590,9973000
24/06/2016,1615,1635,1490,1565,26844500
27/06/2016,1530,1570,1510,1550,9961000
28/06/2016,1550,1585,1530,1535,18972500
29/06/2016,1555,1585,1540,1555,16699000
30/06/2016,1580,1585,1540,1540,14313500
01/07/2016,1555,1600,1530,1580,24291500
11/07/2016,1590,1660,1590,1655,29111000
12/07/2016,1660,1755,1660,1725,36265000
13/07/2016,1930,1935,1760,1930,62997500
14/07/2016,1935,1955,1865,1865,19495000
15/07/2016,1890,1960,1880,1925,14558500
18/07/2016,1945,2020,1940,2000,19038000
19/07/2016,2005,2055,1955,1960,28397000
20/07/2016,1960,2075,1955,2000,27299000
21/07/2016,2000,2035,1935,1945,13454000
22/07/2016,1940,1970,1910,1935,15406000
25/07/2016,1950,2030,1940,2010,24757000
26/07/2016,2015,2040,1970,1975,13006500
27/07/2016,1995,2015,1975,1980,12436000
28/07/2016,2000,2045,1975,2045,17236500
29/07/2016,2045,2060,1940,1970,30332000
01/08/2016,1975,1990,1960,1965,10134500
02/08/2016,2000,2050,1995,2000,33802500
03/08/2016,2000,2095,1995,2060,28481000
04/08/2016,2135,2180,2080,2135,34230000
05/08/2016,2140,2170,2060,2070,20835500
08/08/2016,2080,2085,2005,2050,19948000
09/08/2016,2060,2115,2035,2075,28726000
10/08/2016,2075,2080,2025,2030,9527500
11/08/2016,2015,2065,1995,2000,13282500
12/08/2016,2010,2050,1980,2000,15031500
15/08/2016,2025,2025,1965,1970,11997500
16/08/2016,1970,2050,1970,2015,15135000
18/08/2016,2025,2090,2015,2075,20674000
19/08/2016,2100,2100,2015,2015,19097000
22/08/2016,2015,2040,1980,1985,12557500
23/08/2016,1985,2015,1970,1980,16389500
24/08/2016,1970,1985,1950,1960,11103000
25/08/2016,1960,1975,1925,1955,16756500
26/08/2016,1955,1955,1920,1935,11335500
29/08/2016,1935,1935,1870,1870,14333500
30/08/2016,1900,1910,1860,1895,18080000
31/08/2016,1910,2000,1910,1985,35336000
01/09/2016,2000,2010,1950,1960,13492500
02/09/2016,1960,1965,1905,1940,6416000
05/09/2016,1950,2005,1950,2000,23707500
06/09/2016,2020,2040,2010,2020,14040500
07/09/2016,2040,2090,2040,2075,29246500
08/09/2016,2060,2060,1990,2020,25733500
09/09/2016,2020,2045,2020,2025,15039500
13/09/2016,2025,2025,1905,1905,28677000
14/09/2016,1870,1875,1815,1850,20347000
15/09/2016,1835,1935,1830,1930,16730000
16/09/2016,1940,1965,1865,1920,16506500
19/09/2016,1920,1950,1905,1935,6709000
20/09/2016,1940,1940,1895,1895,5230000
21/09/2016,1895,1970,1885,1955,11401000
22/09/2016,1970,2020,1970,1970,12905500
23/09/2016,2005,2010,1950,2005,14317500
26/09/2016,2005,2005,1955,1970,4915500
27/09/2016,1985,1985,1940,1960,11915500
28/09/2016,1970,1970,1910,1940,14824000
29/09/2016,1960,2015,1960,2005,28777000
30/09/2016,1980,1995,1925,1925,20652000
03/10/2016,1980,2005,1975,1990,17739500
04/10/2016,2020,2080,2005,2055,41796500
05/10/2016,2060,2075,2030,2050,14746500
06/10/2016,2065,2150,2060,2130,40879000
07/10/2016,2150,2180,2110,2170,29029000
10/10/2016,2150,2285,2140,2240,33658000
11/10/2016,2280,2355,2280,2335,30346500
12/10/2016,2320,2375,2280,2325,10832500
13/10/2016,2325,2350,2315,2320,9409000
14/10/2016,2320,2360,2260,2340,14533500
17/10/2016,2345,2485,2345,2485,23818000
18/10/2016,2500,2620,2400,2440,32602500
19/10/2016,2500,2520,2450,2505,22488500
20/10/2016,2520,2535,2455,2500,12946500
21/10/2016,2480,2495,2400,2400,36381500
24/10/2016,2440,2455,2390,2435,6404500
25/10/2016,2415,2470,2405,2455,12227500
26/10/2016,2455,2560,2440,2535,24348500
27/10/2016,2560,2585,2500,2500,16940000
28/10/2016,2500,2520,2370,2405,20533500
31/10/2016,2405,2405,2350,2380,11545000
01/11/2016,2410,2555,2410,2535,33396500
02/11/2016,2560,2735,2535,2535,52114000
03/11/2016,2535,2540,2340,2360,34033000
04/11/2016,2320,2515,2265,2495,39769000
07/11/2016,2520,2620,2490,2610,30440000
08/11/2016,2640,2675,2555,2575,19320000
09/11/2016,2600,2605,2435,2575,24252000
10/11/2016,2615,2715,2605,2680,29885000
11/11/2016,2650,2755,2540,2720,45006500
14/11/2016,2735,2735,2565,2565,16922000
15/11/2016,2550,2575,2295,2295,27018000
16/11/2016,2295,2520,2280,2505,24797000
17/11/2016,2400,2490,2365,2385,14291000
18/11/2016,2400,2400,2215,2225,25486000
21/11/2016,2225,2275,2200,2225,22813000
22/11/2016,2330,2340,2295,2310,19918000
23/11/2016,2350,2400,2330,2380,22910500
24/11/2016,2380,2385,2280,2285,15815000
25/11/2016,2305,2360,2305,2360,9948000
28/11/2016,2360,2360,2295,2310,8934500
29/11/2016,2295,2335,2280,2310,12585000
30/11/2016,2290,2375,2265,2360,20171000
01/12/2016,2390,2440,2390,2425,15469000
02/12/2016,2435,2515,2410,2460,13454000
05/12/2016,2460,2720,2460,2695,53396500
06/12/2016,2700,2725,2600,2610,18273500
07/12/2016,2540,2575,2505,2555,19772500
08/12/2016,2520,2565,2510,2520,12961000
09/12/2016,2550,2585,2540,2540,11290000
13/12/2016,2590,2605,2520,2525,15019500
14/12/2016,2525,2555,2520,2520,10501000
15/12/2016,2500,2565,2480,2540,8562500
16/12/2016,2540,2590,2500,2500,28235000
19/12/2016,2520,2540,2440,2460,11976500
20/12/2016,2405,2490,2405,2420,6027500
21/12/2016,2445,2485,2420,2435,3631000
22/12/2016,2400,2435,2400,2435,5064000
23/12/2016,2400,2430,2345,2360,9782000
27/12/2016,2410,2420,2370,2420,9846000
28/12/2016,2460,2460,2405,2430,4734000
29/12/2016,2435,2520,2435,2500,16339500
30/12/2016,2525,2535,2500,2500,12049000
02/01/2017,2500,2500,2500,2500,0
03/01/2017,2495,2565,2475,2555,10855500
04/01/2017,2515,2525,2470,2475,14496500
05/01/2017,2460,2500,2400,2410,12154000
06/01/2017,2410,2475,2410,2455,11847000
09/01/2017,2450,2450,2400,2405,14924000
10/01/2017,2405,2425,2400,2410,6921000
11/01/2017,2435,2450,2415,2420,13733000
12/01/2017,2460,2460,2430,2440,8027000
13/01/2017,2465,2465,2420,2455,6504500
16/01/2017,2450,2450,2430,2440,2872500
17/01/2017,2410,2430,2405,2415,4129000
18/01/2017,2420,2435,2405,2410,5147000
19/01/2017,2425,2435,2405,2405,5143500
20/01/2017,2410,2410,2340,2360,6257000
23/01/2017,2360,2370,2305,2340,7199500
24/01/2017,2340,2350,2235,2260,10787000
25/01/2017,2300,2300,2175,2195,19979000
26/01/2017,2195,2210,2135,2160,18508500
27/01/2017,2160,2215,2160,2165,15637500
30/01/2017,2170,2275,2170,2265,15373500
31/01/2017,2320,2320,2265,2320,15804500
01/02/2017,2330,2355,2285,2340,13735000
02/02/2017,2340,2370,2320,2320,9108500
03/02/2017,2320,2350,2285,2350,9036500
06/02/2017,2350,2350,2240,2240,21714000
07/02/2017,2240,2240,2185,2200,16923000
08/02/2017,2230,2290,2190,2280,26388000
09/02/2017,2275,2280,2205,2215,13574500
10/02/2017,2210,2230,2195,2200,11225000
13/02/2017,2220,2230,2200,2215,9305000
14/02/2017,2200,2225,2170,2185,9421500
15/02/2017,2185,2185,2185,2185,0
16/02/2017,2200,2215,2125,2150,20496000
17/02/2017,2150,2160,2130,2135,6765500
20/02/2017,2145,2220,2145,2220,14562000
21/02/2017,2260,2280,2215,2250,30190500
22/02/2017,2230,2265,2205,2240,11109500
23/02/2017,2240,2270,2215,2260,9955000
24/02/2017,2260,2275,2205,2230,13756000
27/02/2017,2210,2260,2205,2205,8415500
28/02/2017,2220,2240,2210,2235,10155500
01/03/2017,2260,2260,2215,2225,5673000
02/03/2017,2220,2255,2220,2240,5842500
03/03/2017,2250,2250,2175,2195,11695000
06/03/2017,2195,2205,2150,2150,9060500
07/03/2017,2160,2220,2160,2190,13180000
08/03/2017,2205,2215,2160,2160,7004500
09/03/2017,2170,2170,2145,2170,4326000
10/03/2017,2155,2155,2065,2075,16143000
13/03/2017,2075,2090,2040,2080,16383500
14/03/2017,2110,2185,2110,2160,24621000
15/03/2017,2160,2190,2140,2190,12552000
16/03/2017,2240,2295,2220,2280,46393000
17/03/2017,2290,2320,2250,2285,23633000
20/03/2017,2290,2315,2250,2265,8506000
21/03/2017,2265,2295,2265,2295,10242500
22/03/2017,2250,2315,2230,2315,17527000
23/03/2017,2330,2370,2315,2325,22271000
24/03/2017,2345,2365,2340,2365,13620500
27/03/2017,2350,2385,2315,2350,13445000
29/03/2017,2360,2470,2355,2450,28844500
30/03/2017,2585,2590,2460,2585,36077000
31/03/2017,2600,2670,2595,2640,41582500
03/04/2017,2660,2695,2615,2640,16592500
04/04/2017,2700,2840,2700,2770,33451500
05/04/2017,2770,2770,2770,2770,0
06/04/2017,2740,2740,2545,2570,57325000
07/04/2017,2570,2645,2570,2620,13751000
10/04/2017,2620,2655,2565,2605,16101500
11/04/2017,2600,2640,2590,2595,9105500
12/04/2017,2600,2600,2395,2395,16578500
13/04/2017,2470,2515,2455,2500,12261500
17/04/2017,2540,2595,2510,2565,7094000
18/04/2017,2595,2595,2485,2520,15032500
19/04/2017,2520,2520,2520,2520,0
20/04/2017,2520,2575,2480,2520,7348000
21/04/2017,2520,2545,2460,2490,12470500
25/04/2017,2490,2545,2465,2535,17722000
26/04/2017,2540,2565,2510,2535,8578500
27/04/2017,2580,2585,2520,2570,29942500
28/04/2017,2600,2615,2535,2535,27436000
02/05/2017,2485,2520,2470,2470,14466500
03/05/2017,2470,2510,2460,2475,7218500
04/05/2017,2500,2500,2375,2375,23483500
05/05/2017,2380,2395,2290,2300,25187500
08/05/2017,2330,2370,2310,2330,17490500
09/05/2017,2320,2340,2215,2275,24410000
10/05/2017,2275,2280,2165,2170,17358000
12/05/2017,2210,2210,2140,2195,19784500
15/05/2017,2205,2230,2115,2175,11926500
16/05/2017,2200,2230,2160,2170,17976000
17/05/2017,2180,2190,2115,2115,15937500
18/05/2017,2115,2200,2105,2120,19956500
19/05/2017,2140,2185,2120,2160,14071000
22/05/2017,2200,2210,2105,2150,35480000
23/05/2017,2180,2195,2150,2155,14630500
24/05/2017,2160,2170,2135,2150,10371000
26/05/2017,2125,2170,2125,2150,12392500
29/05/2017,2170,2170,2140,2145,5313000
30/05/2017,2130,2155,2130,2130,7135500
31/05/2017,2140,2180,2135,2180,16184500
01/06/2017,2180,2180,2180,2180,0
02/06/2017,2185,2235,2145,2160,24168000
05/06/2017,2200,2205,2165,2165,19864000
06/06/2017,2195,2270,2180,2210,52055000
07/06/2017,2235,2280,2235,2275,22255000
08/06/2017,2290,2300,2240,2240,17213000
09/06/2017,2265,2280,2235,2250,11187000
12/06/2017,2250,2260,2205,2210,6182500
13/06/2017,2210,2245,2170,2240,12987500
14/06/2017,2245,2345,2245,2310,31954000
15/06/2017,2300,2310,2265,2280,8396500
16/06/2017,2300,2320,2265,2280,28463000
19/06/2017,2300,2300,2265,2285,5843500
20/06/2017,2310,2375,2300,2370,27016000
21/06/2017,2370,2370,2335,2370,14777000
22/06/2017,2380,2395,2340,2390,30466000
23/06/2017,2390,2390,2390,2390,0
26/06/2017,2390,2390,2390,2390,0
27/06/2017,2390,2390,2390,2390,0
28/06/2017,2390,2390,2390,2390,0
29/06/2017,2390,2390,2390,2390,0
30/06/2017,2390,2390,2390,2390,0
03/07/2017,2360,2420,2350,2410,19096500
04/07/2017,2420,2490,2410,2480,20594000
05/07/2017,2480,2515,2410,2420,22350500
06/07/2017,2460,2475,2425,2450,11993500
07/07/2017,2450,2490,2450,2480,12074000
10/07/2017,2480,2480,2480,2480,0
11/07/2017,2415,2445,2405,2410,7705500
12/07/2017,2425,2500,2425,2500,10080500
13/07/2017,2500,2515,2470,2480,7574500
14/07/2017,2480,2500,2470,2500,3600500
17/07/2017,2530,2600,2515,2590,11377000
18/07/2017,2590,2590,2555,2575,4421500
19/07/2017,2575,2650,2575,2640,17960500
20/07/2017,2640,2675,2625,2660,15483000
21/07/2017,2660,2665,2605,2630,11479500
24/07/2017,2620,2620,2570,2600,13681000
25/07/2017,2600,2620,2545,2620,8530500
26/07/2017,2640,2655,2580,2590,9902000
27/07/2017,2620,2620,2585,2595,5992500
28/07/2017,2620,2640,2605,2635,11724000
31/07/2017,2635,2670,2620,2620,15087500
01/08/2017,2680,2725,2670,2675,21720000
02/08/2017,2690,2710,2660,2690,9006000
03/08/2017,2700,2705,2660,2665,3998000
04/08/2017,2685,2720,2675,2705,8172500
07/08/2017,2705,2775,2705,2750,13476000
08/08/2017,2775,2795,2695,2710,9774000
09/08/2017,2735,2735,2620,2620,10169000
10/08/2017,2640,2700,2640,2695,6608000
11/08/2017,2695,2695,2640,2660,4082500
14/08/2017,2690,2690,2635,2645,8144500
15/08/2017,2660,2670,2625,2630,6951500
16/08/2017,2630,2640,2610,2630,7653000
17/08/2017,2630,2630,2630,2630,0
18/08/2017,2650,2660,2630,2630,6786000
21/08/2017,2635,2640,2575,2580,11180000
22/08/2017,2580,2635,2550,2620,12526500
23/08/2017,2640,2670,2615,2630,6942500
24/08/2017,2630,2660,2620,2640,4306500
25/08/2017,2655,2655,2605,2620,4241000
28/08/2017,2640,2640,2570,2575,6194500
29/08/2017,2580,2610,2580,2595,4295500
30/08/2017,2620,2620,2470,2485,24084500
31/08/2017,2495,2495,2410,2475,23050500
01/09/2017,2475,2475,2475,2475,0
04/09/2017,2470,2475,2340,2340,17044000
05/09/2017,2345,2435,2320,2430,12236500
06/09/2017,2435,2465,2410,2455,6202000
07/09/2017,2460,2475,2420,2420,8758500
08/09/2017,2460,2495,2435,2475,6928500
11/09/2017,2480,2505,2465,2470,6431500
12/09/2017,2500,2515,2435,2435,5538500
13/09/2017,2430,2430,2005,2015,100979500
14/09/2017,2080,2165,1985,1995,89501500
15/09/2017,2020,2030,1860,1925,107659500
18/09/2017,1975,2085,1930,2075,67341000
19/09/2017,2095,2110,2055,2090,20837500
20/09/2017,2090,2105,2070,2085,17656000
21/09/2017,2085,2085,2085,2085,0
22/09/2017,2080,2085,2030,2055,9854000
25/09/2017,2060,2065,1990,1995,15406500
26/09/2017,1995,2020,1980,1980,6123500
27/09/2017,1920,1920,1840,1845,53720500
28/09/2017,1830,2075,1810,2000,109677000
29/09/2017,2000,2100,1980,2090,49633500
02/10/2017,2095,2130,2000,2010,24891500
03/10/2017,2030,2130,2000,2120,42329500
04/10/2017,2120,2155,2115,2130,24009000
05/10/2017,2160,2200,2135,2165,37973500
06/10/2017,2180,2240,2180,2220,34677500
09/10/2017,2220,2235,2170,2200,12753500
10/10/2017,2230,2230,2170,2170,10635000
11/10/2017,2180,2255,2165,2255,27816500
12/10/2017,2250,2275,2230,2240,12056000
13/10/2017,2255,2265,2205,2215,14420500
16/10/2017,2225,2235,2125,2130,21777500
17/10/2017,2140,2165,2125,2150,15796000
18/10/2017,2150,2205,2140,2185,21116500
19/10/2017,2240,2260,2190,2200,18423500
20/10/2017,2230,2235,2120,2120,36807000
23/10/2017,2130,2190,2130,2140,17635500
24/10/2017,2120,2170,2090,2160,23769500
25/10/2017,2170,2170,2135,2145,7113500
26/10/2017,2165,2225,2155,2205,29502000
27/10/2017,2220,2230,2150,2185,15542500
30/10/2017,2210,2285,2190,2285,38236000
31/10/2017,2290,2325,2275,2295,42394000
01/11/2017,2310,2345,2290,2335,15759500
02/11/2017,2350,2350,2285,2315,9622500
03/11/2017,2270,2320,2270,2310,7655000
06/11/2017,2310,2320,2265,2280,14087000
07/11/2017,2310,2415,2295,2410,40732500
08/11/2017,2420,2420,2350,2350,21642500
09/11/2017,2350,2410,2350,2360,14260500
10/11/2017,2360,2395,2360,2375,6614500
13/11/2017,2370,2400,2360,2400,6301500
14/11/2017,2400,2410,2350,2360,13632000
15/11/2017,2350,2350,2160,2245,50945500
16/11/2017,2220,2260,2195,2225,27644000
17/11/2017,2225,2260,2225,2240,15407500
20/11/2017,2240,2265,2230,2235,7342000
21/11/2017,2235,2235,2135,2155,22291500
22/11/2017,2155,2240,2155,2210,14066500
23/11/2017,2200,2230,2175,2180,6401500
24/11/2017,2180,2190,2145,2160,9817500
27/11/2017,2180,2220,2180,2180,11467500
28/11/2017,2210,2210,2160,2170,12267000
29/11/2017,2200,2295,2195,2250,29830500
30/11/2017,2270,2290,2250,2250,20424000
01/12/2017,2250,2250,2250,2250,0
04/12/2017,2260,2315,2250,2295,26462500
05/12/2017,2315,2315,2205,2240,18458000
06/12/2017,2255,2260,2220,2220,6521500
07/12/2017,2220,2250,2185,2190,7092000
08/12/2017,2200,2235,2175,2210,9609000
11/12/2017,2220,2225,2160,2185,10623000
12/12/2017,2185,2210,2185,2200,10400000
13/12/2017,2220,2255,2220,2240,121137500
14/12/2017,2260,2290,2230,2240,17020600
15/12/2017,2250,2290,2240,2280,12516000
18/12/2017,2290,2290,2240,2260,10645100
19/12/2017,2260,2490,2260,2460,79232400
20/12/2017,2460,2490,2410,2460,46183200
21/12/2017,2440,2570,2440,2550,59619100
22/12/2017,2540,2590,2520,2520,25920200
25/12/2017,2520,2520,2520,2520,0
26/12/2017,2520,2520,2520,2520,0
27/12/2017,2520,2580,2500,2510,20194800
28/12/2017,2520,2540,2490,2500,13912700
29/12/2017,2510,2510,2450,2460,16900100
01/01/2018,2460,2460,2460,2460,0
02/01/2018,2470,2530,2460,2500,22905300
03/01/2018,2500,2550,2430,2440,29528800
04/01/2018,2450,2510,2450,2480,31256700
05/01/2018,2500,2620,2500,2610,63472900
08/01/2018,2630,2670,2590,2670,38304300
09/01/2018,2690,2780,2670,2730,50899300
10/01/2018,2730,2750,2700,2720,24974300
11/01/2018,2720,2820,2700,2800,50492000
12/01/2018,2800,2900,2800,2890,31830300
15/01/2018,2910,3050,2900,3030,33808600
16/01/2018,3050,3100,2950,3060,29814600
17/01/2018,3040,3060,3010,3020,20336900
18/01/2018,3030,3060,3020,3040,17858500
19/01/2018,3060,3170,3040,3120,33179700
22/01/2018,3160,3330,3120,3300,45054500
23/01/2018,3310,3390,3310,3320,47668100
24/01/2018,3350,3360,3230,3330,36426500
25/01/2018,3360,3380,3320,3340,40008900
26/01/2018,3340,3370,3290,3330,31706200
29/01/2018,3320,3440,3320,3430,69800200
30/01/2018,3430,3480,3270,3400,65155900
31/01/2018,3370,3430,3320,3400,36172700
01/02/2018,3380,3430,3310,3340,42603600
02/02/2018,3340,3340,3180,3300,63009400
05/02/2018,3250,3330,3220,3300,41271500
06/02/2018,3260,3260,3090,3170,37651800
07/02/2018,3200,3250,3140,3170,16980100
08/02/2018,3170,3220,3110,3130,16982200
09/02/2018,3100,3100,3020,3050,16681000
12/02/2018,3100,3110,3060,3090,14238400
13/02/2018,3150,3320,3120,3270,64682100
14/02/2018,3320,3340,3220,3230,41812300
15/02/2018,3250,3270,3210,3240,20886100
16/02/2018,3240,3240,3240,3240,0
19/02/2018,3250,3340,3240,3320,28026700
20/02/2018,3340,3380,3310,3330,33912200
21/02/2018,3360,3390,3340,3380,24226400
22/02/2018,3370,3400,3340,3360,10688100
23/02/2018,3380,3420,3370,3400,25570600
26/02/2018,3400,3430,3230,3240,22774300
27/02/2018,3240,3260,3100,3110,34596900
28/02/2018,3150,3190,3130,3170,33959800
01/03/2018,3170,3240,3130,3170,22108900
02/03/2018,3150,3150,3060,3070,21078300
05/03/2018,3130,3130,3080,3090,10911900
06/03/2018,3110,3130,3050,3050,13366200
07/03/2018,3100,3100,2910,2930,22734900
08/03/2018,2970,2970,2740,2800,53460300
09/03/2018,2790,2890,2660,2890,85692200
12/03/2018,2950,3060,2940,3000,67077600
13/03/2018,3020,3030,2900,2930,29446200
14/03/2018,2900,2950,2840,2850,28915700
15/03/2018,2830,2920,2750,2790,32357700
16/03/2018,2790,2840,2760,2810,33017500
19/03/2018,2820,2900,2790,2840,15224900
20/03/2018,2840,2890,2760,2870,15885000
21/03/2018,2900,2920,2880,2880,15905800
22/03/2018,2900,2940,2880,2890,13129200
23/03/2018,2790,2890,2760,2890,12339200
26/03/2018,2870,2940,2850,2930,21131500
27/03/2018,2950,2980,2930,2950,16978200
28/03/2018,2900,2980,2890,2910,16657900
29/03/2018,2870,2970,2870,2940,14023000
30/03/2018,2940,2940,2940,2940,0
02/04/2018,2950,3090,2950,3060,26837500
03/04/2018,3000,3120,2990,3090,24676300
04/04/2018,3100,3150,3010,3050,24110000
05/04/2018,3100,3230,3100,3230,34597300
06/04/2018,3240,3270,3170,3180,19702600
09/04/2018,3190,3240,3170,3210,18093900
10/04/2018,3220,3300,3200,3300,26943900
11/04/2018,3320,3570,3300,3420,121675600
12/04/2018,3450,3510,3420,3420,44261100
13/04/2018,3450,3460,3410,3430,25169400
16/04/2018,3430,3430,3430,3430,0
17/04/2018,3430,3430,3430,3430,0
18/04/2018,3500,3530,3460,3480,63977900
19/04/2018,3480,3480,3480,3480,0
20/04/2018,3480,3480,3480,3480,0
23/04/2018,3370,3400,3340,3350,28666700
24/04/2018,3370,3370,3280,3330,19411100
25/04/2018,3330,3330,3330,3330,0
26/04/2018,3330,3330,3330,3330,0
27/04/2018,3330,3330,3330,3330,0
30/04/2018,3180,3250,3160,3240,32573800
01/05/2018,3240,3240,3240,3240,0
02/05/2018,3290,3440,3280,3430,33905400
03/05/2018,3430,3430,3260,3280,28449500
04/05/2018,3350,3390,3230,3350,18293600
07/05/2018,3350,3410,3260,3270,16270400
08/05/2018,3260,3300,3170,3260,12413100
09/05/2018,3260,3450,3220,3430,33053500
10/05/2018,3430,3430,3430,3430,0
11/05/2018,3450,3520,3430,3450,25028400
14/05/2018,3450,3560,3400,3560,33819700
15/05/2018,3580,3590,3460,3530,34699300
16/05/2018,3500,3560,3450,3500,23301800
17/05/2018,3530,3590,3510,3550,30675900
18/05/2018,3560,3740,3530,3690,53990000
21/05/2018,3680,3860,3670,3830,44817000
22/05/2018,3860,3950,3760,3790,43277100
23/05/2018,3790,3870,3720,3770,45281600
24/05/2018,3750,3840,3730,3760,47310400
25/05/2018,3790,3880,3740,3750,51245100
28/05/2018,3750,3780,3640,3660,28734900
29/05/2018,3660,3660,3660,3660,0
30/05/2018,3660,3850,3660,3780,81247500
31/05/2018,3830,3860,3780,3800,40076300
01/06/2018,3800,3800,3800,3800,0
04/06/2018,3830,3970,3830,3960,59256200
05/06/2018,4000,4120,3990,4000,62334700
06/06/2018,4030,4040,3900,3910,27261200
07/06/2018,3950,4000,3910,3940,27420400
08/06/2018,4020,4100,3980,4070,46079200
11/06/2018,4070,4070,4070,4070,0
12/06/2018,4070,4070,4070,4070,0
13/06/2018,4070,4070,4070,4070,0
14/06/2018,4070,4070,4070,4070,0
15/06/2018,4070,4070,4070,4070,0
18/06/2018,4070,4070,4070,4070,0
19/06/2018,4070,4070,4070,4070,0
20/06/2018,4050,4240,4030,4240,58511600
21/06/2018,4270,4280,4070,4100,24215800
22/06/2018,4100,4150,3990,4150,22123000
25/06/2018,4250,4250,4080,4130,23189800
26/06/2018,4130,4190,4080,4100,11509800
27/06/2018,4170,4170,4000,4040,37884900
28/06/2018,4040,4100,3750,3840,35209900
29/06/2018,3880,4000,3840,3970,32722700
02/07/2018,4000,4110,3910,4000,24171200
03/07/2018,4080,4090,3950,4000,23568600
04/07/2018,4040,4050,3940,4000,14089400
05/07/2018,4030,4050,3960,4000,27873000
06/07/2018,4030,4060,3910,3950,25122400
09/07/2018,3990,4040,3960,4000,18080300
10/07/2018,4010,4090,3980,3990,24437600
11/07/2018,4000,4080,3990,4070,29899000
12/07/2018,4080,4260,4070,4230,49301600
13/07/2018,4300,4300,4160,4170,37962000
16/07/2018,4190,4290,4180,4240,34479900
17/07/2018,4250,4410,4250,4380,49660900
18/07/2018,4450,4450,4310,4330,36878200
19/07/2018,4370,4450,4360,4400,31058600
20/07/2018,4430,4440,4230,4260,21604200
23/07/2018,4260,4410,4230,4310,53583800
24/07/2018,4310,4350,4220,4240,18294300
25/07/2018,4240,4330,4240,4320,19731200
26/07/2018,4350,4430,4330,4430,39352200
27/07/2018,4440,4600,4420,4600,48018800
30/07/2018,4600,4630,4270,4360,93903300
31/07/2018,4400,4480,4310,4480,63878500
01/08/2018,4500,4540,4410,4540,37044300
02/08/2018,4540,4540,4460,4490,21721700
03/08/2018,4490,4550,4470,4500,29213500
06/08/2018,4540,4600,4510,4580,22559300
07/08/2018,4610,4840,4580,4780,37076700
08/08/2018,4740,4870,4730,4810,27973700
09/08/2018,4810,4840,4740,4800,17356100
10/08/2018,4850,4940,4830,4890,20050200
13/08/2018,4870,4870,4640,4850,29644100
14/08/2018,4660,4690,4100,4160,160956200
15/08/2018,4160,4240,4000,4030,69077500
16/08/2018,4000,4220,3980,4120,51023400
17/08/2018,4120,4120,4120,4120,0
20/08/2018,4130,4310,4130,4260,44262600
21/08/2018,4280,4300,4110,4120,56123300
22/08/2018,4120,4120,4120,4120,0
23/08/2018,4150,4170,4030,4040,36131300
24/08/2018,4050,4130,4010,4070,24379400
27/08/2018,4130,4170,4060,4060,30642100
28/08/2018,4100,4180,4070,4140,34660900
29/08/2018,4160,4180,4130,4150,24666200
30/08/2018,4200,4260,4150,4160,38205900
31/08/2018,4140,4140,4030,4050,109255600
03/09/2018,4090,4120,4030,4100,28891600
04/09/2018,4100,4130,4000,4000,22298400
05/09/2018,3980,3990,3720,3790,53173400
06/09/2018,3810,3890,3730,3810,57015300
07/09/2018,3810,3820,3760,3770,39546200
10/09/2018,3810,3810,3710,3720,35224600
11/09/2018,3720,3720,3720,3720,0
12/09/2018,3770,3940,3750,3940,81377800
13/09/2018,3960,3990,3900,3970,28861100
14/09/2018,3970,4010,3900,3970,22781000
17/09/2018,3970,3980,3890,3930,13694100
18/09/2018,3960,4130,3930,4130,47601600
19/09/2018,4110,4170,4100,4140,30723200
20/09/2018,4150,4170,4130,4160,25321200
21/09/2018,4180,4200,4140,4170,20881200
24/09/2018,4170,4180,4110,4120,6572000
25/09/2018,4040,4170,4040,4130,13013000
26/09/2018,4150,4170,4100,4110,11987600
27/09/2018,4130,4170,4110,4160,13987600
28/09/2018,4190,4350,4180,4320,63262300
01/10/2018,4330,4450,4330,4400,30505300
02/10/2018,4440,4740,4410,4590,68013600
03/10/2018,4590,4730,4590,4660,31540000
04/10/2018,4650,4740,4600,4710,33505200
05/10/2018,4700,4790,4640,4740,27384900
08/10/2018,4750,4780,4670,4690,14236800
09/10/2018,4670,4680,4500,4500,14837700
10/10/2018,4500,4620,4500,4540,23170800
11/10/2018,4400,4560,4360,4470,23564100
12/10/2018,4500,4600,4500,4560,29412800
15/10/2018,4570,4610,4440,4440,20091100
16/10/2018,4440,4480,4310,4390,23007900
17/10/2018,4450,4600,4430,4500,42250800
18/10/2018,4510,4590,4480,4490,18713200
19/10/2018,4490,4580,4490,4540,20393400
22/10/2018,4570,4660,4560,4610,27245400
23/10/2018,4600,4640,4510,4510,23360300
24/10/2018,4510,4520,4290,4300,27168800
25/10/2018,4190,4490,4160,4490,25579100
26/10/2018,4470,4490,4250,4250,32077600
29/10/2018,4250,4320,4180,4190,27864700
30/10/2018,4190,4250,4140,4190,13300900
31/10/2018,4240,4300,4210,4250,19530400
01/11/2018,4250,4300,4220,4230,11951200
02/11/2018,4220,4250,4180,4200,10915900
05/11/2018,4190,4400,4180,4390,31859800
06/11/2018,4410,4480,4410,4450,30680100
07/11/2018,4470,4480,4410,4470,17824800
08/11/2018,4520,4550,4470,4470,25794600
09/11/2018,4470,4490,4330,4330,15214600
12/11/2018,4370,4530,4360,4420,24190400
13/11/2018,4450,4650,4440,4650,44704500
14/11/2018,4750,4920,4740,4880,96979200
15/11/2018,4950,5025,4700,4700,59573300
16/11/2018,4720,4830,4680,4740,24047500
19/11/2018,4740,4780,4660,4660,23279200
20/11/2018,4660,4660,4660,4660,0
21/11/2018,4610,4720,4240,4350,65978300
22/11/2018,4390,4430,4190,4220,44667700
23/11/2018,4250,4370,4240,4310,37523600
26/11/2018,4320,4330,3930,3940,90097500
27/11/2018,3960,4030,3850,3870,61331700
28/11/2018,3920,4050,3910,3990,63465800
29/11/2018,4060,4140,4060,4140,67164700
30/11/2018,4150,4170,3940,4020,248474300
03/12/2018,4080,4100,3950,3960,51990700
04/12/2018,3990,4050,3920,4000,45990900
05/12/2018,3950,4040,3910,3950,30515400
06/12/2018,3910,4080,3910,4080,47642100
07/12/2018,4090,4090,3960,3990,25615100
10/12/2018,3970,4020,3920,4020,32151600
11/12/2018,4020,4280,3990,4280,66827000
12/12/2018,4300,4330,4190,4310,41563400
13/12/2018,4350,4520,4340,4500,59699500
14/12/2018,4490,4490,4370,4460,21022800
17/12/2018,4480,4490,4330,4390,12981600
18/12/2018,4360,4360,4220,4230,21918600
19/12/2018,4230,4270,4160,4220,23695800
20/12/2018,4220,4290,4220,4270,10561700
21/12/2018,4220,4290,4220,4230,14891400
24/12/2018,4230,4230,4230,4230,0
25/12/2018,4230,4230,4230,4230,0
26/12/2018,4210,4300,4210,4290,9515600
27/12/2018,4350,4370,4280,4290,10801300
28/12/2018,4290,4340,4250,4300,13908200
31/12/2018,4300,4300,4300,4300,0
01/01/2019,4300,4300,4300,4300,0
02/01/2019,4320,4320,4220,4240,5920600
03/01/2019,4180,4240,4150,4160,16436300
04/01/2019,4160,4390,4120,4380,25670400
07/01/2019,4410,4450,4360,4400,18429000
08/01/2019,4420,4420,4310,4370,10791700
09/01/2019,4400,4420,4330,4330,13994100
10/01/2019,4350,4370,4260,4290,17745200
11/01/2019,4290,4340,4280,4330,13298400
14/01/2019,4370,4390,4320,4390,14094100
15/01/2019,4400,4400,4340,4380,16836700
16/01/2019,4400,4420,4370,4380,13923600
17/01/2019,4410,4500,4410,4450,38360000
18/01/2019,4450,4510,4450,4470,22593300
21/01/2019,4500,4510,4460,4470,12099600
22/01/2019,4460,4460,4300,4420,10041300
23/01/2019,4330,4420,4330,4390,10107200
24/01/2019,4390,4420,4350,4390,9429000
25/01/2019,4400,4420,4360,4370,5444000
28/01/2019,4380,4440,4350,4350,14585000
29/01/2019,4360,4470,4360,4380,14647800
30/01/2019,4380,4390,4300,4300,22200200
31/01/2019,4300,4370,4300,4310,21052100
01/02/2019,4310,4360,4310,4320,10496900
04/02/2019,4320,4350,4220,4240,17761000
05/02/2019,4240,4240,4240,4240,0
06/02/2019,4260,4330,4250,4290,10841300
07/02/2019,4340,4340,4290,4310,6551200
08/02/2019,4310,4320,4270,4300,9321800
11/02/2019,4260,4290,4250,4260,5431800
12/02/2019,4300,4310,4110,4190,10790000
13/02/2019,4240,4280,4080,4120,17535900
14/02/2019,4150,4190,4020,4050,11820200
15/02/2019,4050,4080,3930,3980,13945700
18/02/2019,4020,4040,3960,3980,12340700
19/02/2019,4030,4240,4020,4200,25487000
20/02/2019,4210,4240,4110,4160,22225400
21/02/2019,4200,4230,4160,4200,25676300
22/02/2019,4200,4220,4110,4130,13983400
25/02/2019,4170,4180,4130,4130,7772900
26/02/2019,4160,4160,4080,4150,10342700
27/02/2019,4140,4160,4100,4100,12771900
28/02/2019,4100,4130,3970,3980,18995700
01/03/2019,3970,4050,3970,4040,10162500
04/03/2019,4070,4110,4050,4060,12983500
05/03/2019,4050,4070,3970,3970,14203400
06/03/2019,3980,4040,3960,4040,10901200
07/03/2019,4040,4040,4040,4040,0
08/03/2019,4010,4070,3990,4000,11833300
11/03/2019,4030,4050,3970,4020,8611500
12/03/2019,4030,4030,3980,3990,7039600
13/03/2019,4040,4040,4010,4020,6046800
14/03/2019,4020,4040,4000,4020,7374500
15/03/2019,4020,4060,4010,4050,17600200
18/03/2019,4020,4080,4020,4050,8162500
19/03/2019,4040,4060,4020,4020,9037600
20/03/2019,4000,4050,4000,4020,8733800
21/03/2019,4060,4060,4020,4040,7417300
22/03/2019,4020,4090,4020,4080,10320600
25/03/2019,4070,4160,4060,4140,15175700
26/03/2019,4180,4240,4160,4240,19100600
27/03/2019,4250,4260,4090,4120,13590300
28/03/2019,4050,4180,4050,4160,9870100
29/03/2019,4140,4230,4100,4210,12882500
01/04/2019,4240,4250,4190,4200,7709000
02/04/2019,4220,4250,4170,4170,5149200
03/04/2019,4170,4170,4170,4170,0
04/04/2019,4180,4190,4040,4040,21427600
05/04/2019,4100,4110,3980,4020,13730200
08/04/2019,4020,4080,4000,4040,11642600
09/04/2019,4100,4110,4040,4070,6002700
10/04/2019,4010,4070,4010,4010,9264700
11/04/2019,4010,4040,4000,4010,3931800
12/04/2019,4040,4040,4010,4030,4407200
15/04/2019,4030,4030,3970,3970,13128300
16/04/2019,4000,4000,3950,3980,12290400
17/04/2019,3980,3980,3980,3980,0
18/04/2019,4020,4030,3940,3950,13862800
19/04/2019,3950,3950,3950,3950,0
22/04/2019,3980,4050,3970,4050,9967500
23/04/2019,4070,4090,4030,4050,12470500
24/04/2019,4050,4150,4040,4130,24595100
25/04/2019,4140,4150,4010,4030,51970600
26/04/2019,4040,4050,3990,4020,23691500
29/04/2019,4020,4020,3930,3950,22089900
30/04/2019,3950,3990,3940,3960,24542500
01/05/2019,3960,3960,3960,3960,0
02/05/2019,3960,4000,3930,3940,15633000
03/05/2019,3920,3940,3770,3790,43590200
06/05/2019,3710,3830,3700,3790,19066900
07/05/2019,3600,3600,3380,3400,78132400
08/05/2019,3210,3290,3150,3190,124110500
09/05/2019,3210,3260,3110,3110,65673700
10/05/2019,3150,3190,3030,3080,37161200
13/05/2019,3080,3120,2940,2940,46174800
14/05/2019,2900,3050,2870,3050,55003800
15/05/2019,3080,3090,2900,2900,35715000
16/05/2019,2900,2940,2810,2810,30683700
17/05/2019,2810,2840,2750,2750,36491200
20/05/2019,2750,2860,2720,2810,48074300
21/05/2019,2830,2880,2810,2810,35060000
22/05/2019,2810,2870,2800,2850,23406500
23/05/2019,2860,2920,2860,2880,44323400
24/05/2019,2900,2900,2840,2880,31992900
27/05/2019,2890,2920,2870,2880,20297400
28/05/2019,2890,3020,2890,3000,63191500
29/05/2019,3000,3030,2960,3000,27637200
30/05/2019,3000,3000,3000,3000,0
31/05/2019,2990,3080,2980,3060,42958800
03/06/2019,3060,3060,3060,3060,0
04/06/2019,3060,3060,3060,3060,0
05/06/2019,3060,3060,3060,3060,0
06/06/2019,3060,3060,3060,3060,0
07/06/2019,3060,3060,3060,3060,0
10/06/2019,3080,3090,2930,2940,70543500
11/06/2019,2940,2980,2900,2930,30082300
12/06/2019,2930,2940,2870,2880,45497800
13/06/2019,2850,2890,2830,2840,36078500
14/06/2019,2850,2880,2830,2830,29226200
17/06/2019,2840,2860,2820,2820,16575500
18/06/2019,2840,2890,2830,2880,28509100
20/06/2019,2950,2960,2920,2920,17671700
21/06/2019,2940,2970,2880,2900,27930000
24/06/2019,2920,2920,2880,2880,9595800
25/06/2019,2880,3070,2880,3060,70032300
26/06/2019,3080,3150,2980,2990,78050500
27/06/2019,3010,3020,2930,2960,32033900
28/06/2019,2970,2990,2910,2960,26468300
01/07/2019,2980,3070,2960,3060,46328600
02/07/2019,3080,3090,3010,3020,36968600
03/07/2019,3020,3040,3000,3000,25327500
04/07/2019,3040,3060,3030,3050,16206700
05/07/2019,3100,3110,3040,3050,43347900
08/07/2019,3060,3070,2960,2980,44526600
09/07/2019,2980,2990,2920,2930,28031000
10/07/2019,2910,2970,2910,2940,19539400
11/07/2019,2950,2970,2910,2910,21374100
12/07/2019,2910,2930,2830,2840,35322000
15/07/2019,2860,2880,2820,2840,25467400
16/07/2019,2860,2870,2830,2840,30885700
17/07/2019,2820,2840,2810,2820,14372800
18/07/2019,2820,2900,2820,2870,23888200
19/07/2019,2890,2900,2870,2880,12921000
22/07/2019,2880,2890,2840,2840,11271800
23/07/2019,2870,2870,2820,2830,21399400
24/07/2019,2840,2850,2780,2780,26408000
25/07/2019,2780,2810,2760,2790,18414000
26/07/2019,2790,2790,2750,2750,14034400
29/07/2019,2760,2780,2690,2700,16759600
30/07/2019,2700,2760,2700,2730,13025400
31/07/2019,2700,2740,2700,2740,20532800
01/08/2019,2730,2750,2710,2730,10080000
02/08/2019,2680,2730,2660,2690,16007600
05/08/2019,2670,2680,2620,2620,17234300
06/08/2019,2570,2590,2510,2550,23625700
07/08/2019,2570,2630,2540,2560,26664100
08/08/2019,2570,2590,2560,2570,10745500
09/08/2019,2570,2630,2520,2540,23442600
12/08/2019,2550,2580,2470,2480,20580000
13/08/2019,2470,2480,2410,2420,18919100
14/08/2019,2460,2470,2420,2430,16649300
15/08/2019,2400,2410,2350,2380,20207700
16/08/2019,2380,2590,2350,2440,56470000
19/08/2019,2460,2510,2440,2450,12316000
20/08/2019,2450,2490,2410,2460,12784600
21/08/2019,2490,2490,2420,2420,12268000
22/08/2019,2430,2460,2410,2420,10769000
23/08/2019,2430,2530,2430,2490,26484800
26/08/2019,2450,2460,2390,2410,22206000
27/08/2019,2420,2470,2420,2420,21763000
28/08/2019,2420,2450,2410,2410,8920700
29/08/2019,2410,2440,2400,2410,11826900
30/08/2019,2420,2470,2420,2470,19139600
02/09/2019,2470,2480,2420,2420,11107200
03/09/2019,2430,2480,2430,2440,22955600
04/09/2019,2480,2530,2440,2440,35551000
05/09/2019,2460,2490,2430,2470,20546700
06/09/2019,2490,2620,2470,2600,56924300
09/09/2019,2620,2770,2600,2700,81823400
10/09/2019,2700,2710,2610,2650,32325400
11/09/2019,2690,2720,2680,2690,33609700
12/09/2019,2700,2720,2620,2620,26637500
13/09/2019,2630,2660,2560,2560,28450400
16/09/2019,2600,2630,2550,2580,22555400
17/09/2019,2600,2610,2570,2570,16643900
18/09/2019,2570,2590,2540,2550,27744100
19/09/2019,2550,2560,2460,2460,22492800
20/09/2019,2460,2480,2440,2470,20320500
23/09/2019,2470,2490,2400,2400,23032200
24/09/2019,2360,2390,2290,2320,30356200
25/09/2019,2290,2350,2290,2300,27631500
26/09/2019,2330,2330,2290,2300,21164600
27/09/2019,2300,2360,2300,2300,23032200
30/09/2019,2300,2320,2260,2260,13196000
01/10/2019,2290,2310,2270,2280,7765200
02/10/2019,2260,2300,2240,2240,11565700
03/10/2019,2230,2260,2200,2240,6640600
04/10/2019,2200,2250,2200,2200,11964400
07/10/2019,2200,2230,2110,2150,16376500
08/10/2019,2180,2240,2150,2230,16859700
09/10/2019,2230,2260,2200,2240,15658200
10/10/2019,2250,2260,2180,2260,18207800
11/10/2019,2250,2290,2230,2270,15699200
14/10/2019,2300,2310,2230,2250,8465600
15/10/2019,2250,2270,2210,2260,14802000
16/10/2019,2260,2310,2250,2260,13826800
17/10/2019,2250,2270,2200,2220,19263100
18/10/2019,2220,2350,2220,2350,51681800
21/10/2019,2370,2400,2330,2350,17523300
22/10/2019,2370,2380,2290,2360,13939300
23/10/2019,2360,2490,2300,2450,42560400
24/10/2019,2460,2480,2410,2410,18263400
25/10/2019,2420,2420,2350,2350,28610000
28/10/2019,2350,2410,2320,2370,16107300
29/10/2019,2390,2410,2350,2350,16981300
30/10/2019,2360,2380,2340,2340,8763900
31/10/2019,2340,2360,2250,2250,29125000
01/11/2019,2250,2250,2190,2190,17881000
04/11/2019,2230,2310,2220,2300,22374200
05/11/2019,2320,2450,2310,2430,49811800
06/11/2019,2430,2520,2370,2460,71502800
07/11/2019,2460,2460,2290,2390,47709200
08/11/2019,2420,2610,2420,2580,90666400
11/11/2019,2550,2630,2550,2600,36136900
12/11/2019,2600,2670,2550,2620,40791500
13/11/2019,2620,2650,2520,2550,33803400
14/11/2019,2550,2560,2400,2460,49560800
15/11/2019,2470,2520,2430,2510,16303600
18/11/2019,2540,2560,2490,2510,24614400
19/11/2019,2510,2550,2460,2480,21764300
20/11/2019,2500,2510,2420,2450,17586400
21/11/2019,2430,2450,2360,2380,29775300
22/11/2019,2380,2450,2380,2430,21145000
25/11/2019,2460,2510,2440,2500,27497500
26/11/2019,2510,2630,2480,2630,89132700
27/11/2019,2630,2630,2550,2580,34853500
28/11/2019,2580,2620,2470,2470,21173900
29/11/2019,2470,2490,2410,2420,13394500
02/12/2019,2460,2530,2450,2530,15718900
03/12/2019,2500,2560,2480,2500,16071500
04/12/2019,2480,2520,2450,2460,20090900
05/12/2019,2490,2580,2470,2560,28990000
06/12/2019,2590,2590,2510,2550,9373200
09/12/2019,2550,2620,2530,2590,25638800
10/12/2019,2570,2620,2550,2550,20799900
11/12/2019,2570,2580,2520,2520,14370700
12/12/2019,2540,2550,2450,2470,16313400
13/12/2019,2500,2580,2460,2580,28503500
16/12/2019,2590,2720,2590,2690,64818900
17/12/2019,2720,2730,2610,2650,30387500
18/12/2019,2640,2690,2610,2670,28631000
19/12/2019,2660,2690,2630,2650,11609500
20/12/2019,2650,2660,2600,2600,16557600
23/12/2019,2650,2660,2580,2610,11993800
26/12/2019,2620,2670,2620,2640,11773200
27/12/2019,2640,2680,2630,2650,10007300
30/12/2019,2650,2700,2640,2660,14763500
02/01/2020,2640,2680,2600,2630,8093400
03/01/2020,2610,2670,2600,2670,13483900
06/01/2020,2650,2740,2630,2730,26770600
07/01/2020,2730,2740,2640,2710,22952100
08/01/2020,2700,2700,2640,2670,15608000
09/01/2020,2670,2690,2650,2670,10703400
10/01/2020,2690,2800,2690,2780,52606300
13/01/2020,2810,2850,2810,2830,44452800
14/01/2020,2850,2870,2780,2790,28139900
15/01/2020,2780,2790,2690,2690,27000700
16/01/2020,2700,2740,2650,2680,23356800
17/01/2020,2690,2710,2660,2670,9792700
20/01/2020,2660,2680,2580,2590,21197700
21/01/2020,2560,2610,2540,2560,20624800
22/01/2020,2560,2570,2470,2480,27981500
23/01/2020,2460,2470,2390,2410,35676700
24/01/2020,2410,2420,2350,2370,25342900
27/01/2020,2340,2340,2240,2240,39268200
28/01/2020,2230,2340,2200,2330,48613600
29/01/2020,2360,2400,2320,2330,31015700
30/01/2020,2310,2330,2240,2240,30619900
31/01/2020,2260,2270,2200,2210,17939300
03/02/2020,2180,2220,2160,2170,35172600
04/02/2020,2190,2240,2170,2230,21085800
05/02/2020,2280,2340,2280,2320,32483400
06/02/2020,2360,2360,2280,2290,15297600
07/02/2020,2270,2340,2260,2320,11738300
10/02/2020,2300,2310,2250,2250,13933600
11/02/2020,2260,2320,2230,2310,13944500
12/02/2020,2330,2350,2260,2280,16223000
13/02/2020,2300,2300,2250,2280,11677000
14/02/2020,2280,2340,2260,2330,18474200
17/02/2020,2330,2360,2310,2340,13087400
18/02/2020,2350,2380,2340,2380,17424900
19/02/2020,2380,2420,2370,2400,20155700
20/02/2020,2420,2510,2410,2490,32998700
21/02/2020,2450,2470,2380,2410,22774600
24/02/2020,2400,2400,2320,2350,17784200
25/02/2020,2310,2430,2300,2410,23201800
26/02/2020,2410,2450,2360,2360,26455900
27/02/2020,2360,2420,2280,2290,26832100
28/02/2020,2250,2290,2190,2240,42001000
02/03/2020,2290,2290,2170,2200,39002300
03/03/2020,2250,2400,2250,2370,30483600
04/03/2020,2370,2500,2350,2470,33038400
05/03/2020,2530,2540,2460,2460,29850800
06/03/2020,2420,2480,2420,2450,18529800
09/03/2020,2370,2370,2210,2210,38358000
10/03/2020,2220,2320,2220,2310,23587000
11/03/2020,2330,2350,2170,2200,24599500
12/03/2020,2100,2190,2010,2060,23191300
13/03/2020,2060,2060,2060,2060,0
16/03/2020,2060,2060,2060,2060,0
17/03/2020,1835,1850,1710,1710,23282900
18/03/2020,1710,1710,1595,1595,29978700
19/03/2020,1590,1590,1485,1485,2795600
20/03/2020,1485,1855,1385,1800,79840200
23/03/2020,1790,1895,1675,1675,74786200
24/03/2020,1700,1815,1700,1790,48910700
26/03/2020,1850,2120,1830,2020,41809200
27/03/2020,2090,2240,1995,2040,71887800
30/03/2020,2040,2040,1900,1900,16821100
31/03/2020,1930,2180,1900,2180,33618700
01/04/2020,2120,2230,2040,2050,30561000
02/04/2020,2030,2060,1950,2030,23837600
03/04/2020,2020,2130,2020,2110,25841300
06/04/2020,2100,2160,2090,2160,18666000
07/04/2020,2250,2250,2090,2100,21588800
08/04/2020,2100,2150,1955,1995,19039300
09/04/2020,1995,2040,1935,1980,9649000
13/04/2020,1980,2030,1955,2000,5783600
14/04/2020,2020,2100,2010,2080,15932800
15/04/2020,2100,2120,1960,1960,19782000
16/04/2020,1980,1990,1895,1905,15573500
17/04/2020,1920,2000,1920,1980,14020600
20/04/2020,1990,2020,1935,1935,7323100
21/04/2020,1925,1925,1800,1825,26386000
22/04/2020,1800,1880,1775,1855,18720700
23/04/2020,1880,1925,1855,1890,25778600
24/04/2020,1880,1960,1845,1850,28119600
27/04/2020,1875,1890,1815,1825,16358000
28/04/2020,1815,1845,1770,1780,17254900
29/04/2020,1795,1820,1785,1790,9910000
30/04/2020,1815,1890,1815,1875,20464800
04/05/2020,1870,1870,1790,1815,11936000
05/05/2020,1850,1865,1780,1815,35220100
06/05/2020,1825,1910,1820,1895,58599000
08/05/2020,1915,2080,1895,2060,86015500
11/05/2020,2080,2160,2030,2050,38337600
12/05/2020,2100,2100,1980,1990,26412900
13/05/2020,1940,1975,1860,1905,58253000
14/05/2020,1870,1950,1855,1865,37832000
15/05/2020,1880,1940,1800,1815,30769700
18/05/2020,1830,1910,1805,1900,45956600
19/05/2020,1935,1985,1910,1915,45276000
20/05/2020,1920,1935,1890,1920,24247000
26/05/2020,1945,2060,1930,2040,51276500
27/05/2020,2070,2110,2020,2090,41042300
28/05/2020,2120,2140,2070,2090,46169400
29/05/2020,2090,2090,1945,1945,364481600
02/06/2020,1975,2100,1970,2080,125564400
03/06/2020,2100,2140,2050,2110,87870700
04/06/2020,2140,2300,2130,2180,132199300
05/06/2020,2200,2250,2160,2210,66641200
08/06/2020,2250,2320,2250,2300,93899700
09/06/2020,2320,2400,2310,2390,119439500
10/06/2020,2380,2480,2280,2370,269829400
11/06/2020,2350,2380,2250,2280,115570200
12/06/2020,2160,2410,2150,2390,161447100
15/06/2020,2400,2480,2350,2360,132252000
16/06/2020,2420,2480,2420,2440,99983800
17/06/2020,2480,2490,2420,2470,115857300
18/06/2020,2500,2510,2430,2450,216195200
19/06/2020,2280,2280,2280,2280,109431900
22/06/2020,2140,2200,2130,2130,207937000
23/06/2020,2070,2160,2030,2080,156000400
24/06/2020,2100,2160,2090,2120,108004000
25/06/2020,2080,2120,2050,2060,79582000
26/06/2020,2100,2110,2050,2060,48365400
29/06/2020,2050,2080,2010,2030,63577100
30/06/2020,2050,2070,2000,2020,51448600
01/07/2020,2020,2090,1995,2090,82565200
02/07/2020,2110,2120,2060,2070,80132800
03/07/2020,2100,2100,2050,2050,31700400
06/07/2020,2060,2070,2040,2070,33927100
07/07/2020,2080,2090,2050,2050,30740100
08/07/2020,2050,2100,2040,2080,57910300
09/07/2020,2080,2170,2060,2100,129801200
10/07/2020,2100,2130,2060,2070,53632400
13/07/2020,2080,2170,2070,2170,142137400
14/07/2020,2180,2200,2140,2140,111290100
15/07/2020,2190,2190,2130,2150,51534200
16/07/2020,2170,2180,2120,2120,31992300
17/07/2020,2140,2170,2110,2140,59441700
20/07/2020,2160,2160,2080,2080,44068400
21/07/2020,2080,2130,2080,2110,29396200
22/07/2020,2130,2140,2080,2080,31878600
23/07/2020,2110,2140,2090,2110,32352000
24/07/2020,2100,2120,2070,2070,31699900
27/07/2020,2080,2110,2070,2080,23222200
28/07/2020,2090,2110,2050,2080,30856500
29/07/2020,2080,2090,2050,2070,14713800
30/07/2020,2080,2090,2020,2030,46692000
03/08/2020,2030,2040,1895,1975,77529900
04/08/2020,2000,2020,1975,2010,53867700
05/08/2020,2010,2050,1995,2040,30482100
06/08/2020,2060,2080,2040,2080,38585900
07/08/2020,2090,2090,2020,2050,26817300
10/08/2020,2050,2120,2040,2120,69697100
11/08/2020,2130,2140,2080,2100,37992000
12/08/2020,2100,2100,2050,2060,36475500
13/08/2020,2050,2080,2050,2070,12773500
14/08/2020,2080,2080,2050,2060,17210000
18/08/2020,2060,2080,2060,2080,19991700
19/08/2020,2080,2130,2070,2110,55754100
24/08/2020,2090,2120,2070,2100,26481700
25/08/2020,2100,2120,2100,2120,26816900
26/08/2020,2130,2170,2100,2130,45944800
27/08/2020,2140,2160,2110,2130,26375900
28/08/2020,2130,2160,2120,2130,26919000
31/08/2020,2150,2150,2030,2040,63035800
01/09/2020,2050,2110,2020,2100,34663600
02/09/2020,2120,2160,2090,2150,43367500
03/09/2020,2160,2170,2120,2140,25352600
04/09/2020,2130,2130,2070,2100,18682000
07/09/2020,2100,2130,2070,2110,17178600
08/09/2020,2110,2130,2080,2080,19034400
09/09/2020,2060,2080,2020,2040,27289600
10/09/2020,2020,2020,1900,1900,68273200
11/09/2020,1845,1975,1810,1970,46751800
14/09/2020,2000,2050,2000,2050,26702000
15/09/2020,2070,2070,2030,2050,28752300
16/09/2020,2060,2070,2030,2040,13859300
17/09/2020,2060,2070,2000,2010,15857900
18/09/2020,2020,2040,2000,2000,18694700
21/09/2020,2020,2040,2000,2000,15419900
22/09/2020,1990,2010,1975,2000,17243900
23/09/2020,2010,2030,1970,1980,12875500
24/09/2020,1970,1980,1940,1950,11910700
25/09/2020,1970,1995,1945,1990,11710500
28/09/2020,1995,2010,1965,1970,5436200
29/09/2020,1990,2010,1970,1985,17340900
30/09/2020,1985,1990,1940,1970,11323400
01/10/2020,1980,2020,1970,2000,9175800
02/10/2020,2010,2010,1950,1970,9279700
05/10/2020,1970,1990,1950,1950,11708500
06/10/2020,1965,1975,1960,1970,6498000
07/10/2020,1970,1985,1960,1965,18221500
08/10/2020,1975,2040,1965,1990,30616700
09/10/2020,1990,2010,1980,1985,11386800
12/10/2020,1985,2020,1980,2020,15389500
13/10/2020,2020,2030,1985,2030,14388400
14/10/2020,2020,2070,2000,2050,28140300
15/10/2020,2060,2070,2010,2010,19485700
16/10/2020,2010,2060,1995,2050,26072500
19/10/2020,2070,2080,2040,2050,15469800
20/10/2020,2050,2060,2000,2010,18312400
21/10/2020,2010,2040,2000,2000,13260800
22/10/2020,2000,2000,1960,1965,71860900
23/10/2020,1970,1980,1955,1960,22850600
26/10/2020,1965,1990,1965,1970,19051200
27/10/2020,1970,1985,1960,1960,11583500
02/11/2020,1960,1970,1940,1940,18159000
03/11/2020,1950,1965,1950,1950,9393500
04/11/2020,1955,1965,1935,1935,16673900
05/11/2020,1950,1975,1945,1970,14737000
06/11/2020,1985,2010,1985,1990,35428700
09/11/2020,2010,2040,2000,2010,29260700
10/11/2020,2050,2050,2010,2020,20916700
11/11/2020,2040,2100,2020,2070,65778900
12/11/2020,2080,2080,2040,2040,24822800
13/11/2020,2030,2050,2020,2040,17436800
16/11/2020,2060,2150,2050,2130,61569000
17/11/2020,2140,2160,2110,2110,53820400
18/11/2020,2130,2140,2110,2110,27678900
19/11/2020,2110,2240,2100,2230,132673300
20/11/2020,2240,2260,2180,2190,72908500
23/11/2020,2230,2280,2220,2280,77900700
24/11/2020,2310,2340,2280,2280,88378800
25/11/2020,2320,2350,2250,2280,102632700
26/11/2020,2310,2360,2310,2360,99508100
27/11/2020,2380,2420,2360,2410,61249600
30/11/2020,2440,2530,2310,2360,192854700
01/12/2020,2400,2480,2320,2430,91179000
02/12/2020,2450,2470,2420,2450,64008000
03/12/2020,2490,2510,2440,2440,61766600
04/12/2020,2470,2500,2430,2480,64010900
07/12/2020,2530,2700,2530,2680,156851600
08/12/2020,2750,2850,2700,2820,139826000
10/12/2020,2850,2870,2750,2800,107887700
11/12/2020,2820,2850,2780,2810,59382300
14/12/2020,2870,3050,2870,3050,106224600
15/12/2020,3060,3090,2970,3070,92609200
16/12/2020,3100,3180,3100,3170,57825600
17/12/2020,3170,3180,3000,3040,85604700
18/12/2020,3040,3050,2950,2980,72485000
21/12/2020,2980,3080,2920,3040,85692700
22/12/2020,3020,3030,2850,2880,75288800
23/12/2020,2880,2970,2700,2820,81613400
28/12/2020,2900,2900,2830,2850,52184700
29/12/2020,2890,2940,2840,2890,64321200
30/12/2020,2850,2880,2790,2810,47652800
04/01/2021,2810,2830,2640,2790,76884400
05/01/2021,2790,2860,2760,2770,46044200
06/01/2021,2770,2770,2630,2680,64679600
07/01/2021,2670,2840,2620,2820,108301800
08/01/2021,2900,3000,2830,2850,107126400
11/01/2021,2930,2960,2870,2910,86412200
12/01/2021,2910,2930,2840,2860,51911000
13/01/2021,2980,3060,2900,3040,162580800
14/01/2021,3080,3100,3000,3000,97453500
15/01/2021,2980,3010,2920,2940,57645400
18/01/2021,2940,3020,2860,2950,62283700
19/01/2021,2960,2980,2760,2850,66704700
20/01/2021,2840,2900,2800,2880,38652700
21/01/2021,2900,2930,2840,2860,29798700
22/01/2021,2860,2870,2720,2770,39287300
25/01/2021,2770,2770,2620,2700,41122900
26/01/2021,2700,2780,2600,2760,78348700
27/01/2021,2820,2850,2650,2680,138977300
28/01/2021,2670,2760,2560,2590,107796600
29/01/2021,2650,2700,2480,2580,108401800
01/02/2021,2590,2630,2440,2610,70788300
02/02/2021,2620,2650,2450,2490,80881200
03/02/2021,2490,2500,2400,2410,87968000
04/02/2021,2410,2520,2400,2480,79730000
05/02/2021,2520,2590,2490,2560,72468700
08/02/2021,2610,2640,2580,2610,37956000
09/02/2021,2650,2650,2550,2590,38755800
10/02/2021,2610,2610,2530,2550,19875200
11/02/2021,2560,2610,2540,2590,19691700
15/02/2021,2600,2620,2570,2600,18710800
16/02/2021,2600,2630,2570,2600,26515700
17/02/2021,2610,2630,2550,2560,42563500
18/02/2021,2530,2600,2530,2560,22065500
19/02/2021,2560,2570,2530,2550,10726800
22/02/2021,2580,2750,2570,2740,117066900
23/02/2021,2750,2760,2700,2720,48060500
24/02/2021,2720,2730,2620,2630,53690300
25/02/2021,2680,2710,2660,2680,37517300
26/02/2021,2630,2710,2600,2710,36346300
01/03/2021,2740,2750,2690,2720,23529500
02/03/2021,2750,2790,2730,2730,42723000
03/03/2021,2760,2760,2700,2710,22092100
04/03/2021,2710,2750,2660,2710,42974700
05/03/2021,2680,2710,2670,2710,19286700
08/03/2021,2730,2740,2680,2680,18341300
09/03/2021,2680,2700,2580,2610,28531500
10/03/2021,2650,2650,2580,2600,16141100
12/03/2021,2650,2740,2630,2730,45093100
15/03/2021,2750,2780,2720,2740,27693700
16/03/2021,2750,2760,2700,2710,20082000
17/03/2021,2720,2740,2690,2710,17423100
18/03/2021,2740,2770,2730,2750,42697500
19/03/2021,2750,2780,2720,2760,50493100
22/03/2021,2800,2870,2760,2770,63607300
23/03/2021,2830,2840,2770,2800,39694200
24/03/2021,2780,2780,2730,2740,28610400
25/03/2021,2740,2750,2660,2690,32469400
26/03/2021,2700,2720,2660,2700,23697000
29/03/2021,2700,2720,2680,2680,14444900
30/03/2021,2680,2690,2620,2630,29091500
31/03/2021,2620,2650,2590,2620,24382700
01/04/2021,2650,2670,2620,2650,17046300
05/04/2021,2680,2720,2520,2540,72616600
06/04/2021,2530,2540,2440,2520,48211800
07/04/2021,2540,2560,2500,2520,22051100
08/04/2021,2520,2550,2510,2540,18123700
09/04/2021,2540,2560,2530,2540,12621600
12/04/2021,2550,2560,2440,2460,30610800
13/04/2021,2460,2490,2430,2460,27946200
14/04/2021,2400,2430,2390,2420,29522000
15/04/2021,2430,2440,2360,2370,19323000
16/04/2021,2380,2420,2370,2380,20695200
19/04/2021,2390,2450,2380,2420,26395000
20/04/2021,2420,2440,2390,2420,10846000
21/04/2021,2400,2410,2380,2390,10382800
22/04/2021,2390,2410,2340,2360,13289600
23/04/2021,2360,2410,2350,2390,11052800
26/04/2021,2380,2440,2370,2390,12495000
27/04/2021,2420,2420,2370,2390,8821700
28/04/2021,2400,2410,2380,2400,6040200
29/04/2021,2420,2440,2400,2420,10663900
30/04/2021,2420,2430,2360,2370,28344800
03/05/2021,2350,2370,2280,2280,30773300
04/05/2021,2280,2310,2270,2300,19078000
05/05/2021,2300,2300,2270,2290,9690200
06/05/2021,2300,2330,2290,2290,13024900
07/05/2021,2300,2320,2280,2280,11633000
10/05/2021,2290,2300,2250,2280,18400000
11/05/2021,2280,2330,2260,2280,24415700
17/05/2021,2320,2330,2250,2260,20751000
18/05/2021,2270,2280,2230,2260,12949900
19/05/2021,2270,2280,2220,2230,17102600
20/05/2021,2230,2240,2150,2160,28546300
21/05/2021,2190,2210,2140,2150,18400400
24/05/2021,2190,2200,2120,2120,11103400
25/05/2021,2150,2210,2130,2190,16105500
27/05/2021,2190,2220,2180,2180,18092400
28/05/2021,2190,2210,2170,2190,10980900
31/05/2021,2190,2240,2190,2210,11327800
02/06/2021,2240,2370,2230,2350,64936900
03/06/2021,2350,2350,2300,2320,22029200
04/06/2021,2300,2320,2280,2280,12600600
07/06/2021,2280,2280,2220,2220,18213400
08/06/2021,2260,2280,2190,2190,30094000
09/06/2021,2200,2240,2190,2220,21115000
10/06/2021,2240,2250,2200,2200,22824900
11/06/2021,2230,2340,2190,2290,76607700
14/06/2021,2300,2330,2260,2290,21724800
15/06/2021,2290,2290,2220,2240,14850800
16/06/2021,2220,2280,2190,2260,30760900
17/06/2021,2230,2250,2200,2200,21771400
18/06/2021,2180,2210,2110,2120,37712000
21/06/2021,2100,2100,2050,2080,22927200
22/06/2021,2100,2120,2080,2100,13637600
23/06/2021,2110,2120,2050,2050,16552300
24/06/2021,2050,2070,2020,2030,14156800
25/06/2021,2040,2070,2020,2030,18516800
28/06/2021,2050,2070,2010,2010,12391800
29/06/2021,2000,2030,1995,2000,13399800
30/06/2021,2000,2030,1995,2000,18161700
01/07/2021,2030,2050,2000,2010,11926800
02/07/2021,2030,2120,2020,2100,19535700
05/07/2021,2110,2130,2040,2060,16037200
06/07/2021,2110,2170,2090,2150,24718600
07/07/2021,2130,2130,2100,2100,13590700
08/07/2021,2110,2120,2060,2070,11132900
09/07/2021,2090,2150,2060,2130,15219500
12/07/2021,2150,2160,2120,2120,12700100
13/07/2021,2120,2140,2060,2080,12721100
14/07/2021,2080,2120,2060,2070,11271500
15/07/2021,2070,2110,2070,2100,7678900
16/07/2021,2100,2170,2100,2130,27623200
19/07/2021,2140,2160,2120,2140,13533600
21/07/2021,2140,2170,2110,2130,17241000
22/07/2021,2150,2270,2140,2250,44501800
23/07/2021,2300,2310,2220,2220,32513700
26/07/2021,2220,2270,2220,2240,17187000
27/07/2021,2260,2270,2210,2230,11666700
28/07/2021,2230,2240,2180,2210,13950700
29/07/2021,2220,2270,2190,2240,20433300
30/07/2021,2230,2270,2200,2230,19335700
02/08/2021,2250,2270,2210,2240,13784600
03/08/2021,2240,2240,2210,2220,9003000
04/08/2021,2250,2270,2230,2260,15136800
05/08/2021,2270,2290,2190,2190,23635900
06/08/2021,2210,2240,2200,2220,11295600
09/08/2021,2240,2270,2200,2210,16669900
10/08/2021,2240,2260,2210,2250,15439200
12/08/2021,2270,2380,2250,2370,53808100
13/08/2021,2380,2390,2310,2340,29949200
16/08/2021,2350,2370,2320,2330,18091800
18/08/2021,2320,2320,2240,2250,34384400
19/08/2021,2250,2270,2130,2150,43424500
20/08/2021,2150,2170,2100,2110,39361100
23/08/2021,2120,2130,2080,2100,53197900
24/08/2021,2120,2140,2070,2080,35462400
25/08/2021,2090,2110,2090,2090,15412100
26/08/2021,2100,2120,2080,2100,15548200
27/08/2021,2100,2110,2080,2080,11491100
30/08/2021,2100,2120,2090,2110,17414300
31/08/2021,2110,2120,2100,2110,24026300
01/09/2021,2150,2210,2150,2180,72378300
02/09/2021,2200,2220,2170,2190,33632700
03/09/2021,2200,2290,2200,2290,57376600
06/09/2021,2300,2340,2290,2310,34645400
07/09/2021,2320,2330,2270,2280,18759700
08/09/2021,2280,2310,2250,2300,28186200
09/09/2021,2300,2350,2280,2340,41081700
10/09/2021,2340,2360,2310,2350,26774900
13/09/2021,2350,2350,2310,2330,11547300
14/09/2021,2350,2380,2340,2370,31209400
15/09/2021,2360,2430,2350,2410,38499200
16/09/2021,2420,2460,2380,2410,41284500
17/09/2021,2350,2370,2300,2320,51739300
20/09/2021,2320,2340,2270,2290,17119100
21/09/2021,2290,2300,2230,2280,25481900
22/09/2021,2290,2370,2280,2350,26238200
23/09/2021,2390,2430,2360,2420,36159800
24/09/2021,2450,2510,2440,2450,60322600
27/09/2021,2460,2510,2440,2460,28935900
28/09/2021,2500,2640,2500,2630,97944900
29/09/2021,2610,2680,2600,2640,70824000
30/09/2021,2640,2790,2640,2760,81040500
01/10/2021,2760,2810,2700,2720,84607400
04/10/2021,2780,2930,2780,2890,99049500
05/10/2021,2950,3000,2800,2840,121685900
06/10/2021,2920,2960,2810,2840,99269600
07/10/2021,2750,2770,2660,2680,119597200
08/10/2021,2690,2790,2690,2780,62867400
11/10/2021,2810,2880,2780,2840,68436800
12/10/2021,2880,2890,2810,2830,56681900
13/10/2021,2830,2850,2790,2790,29495800
14/10/2021,2800,2850,2790,2820,36796500
15/10/2021,2820,2870,2800,2830,39191200
18/10/2021,2810,2880,2800,2860,53083800
19/10/2021,2860,2860,2810,2820,34372100
21/10/2021,2780,2780,2670,2720,83092500
22/10/2021,2560,2690,2560,2670,46458000
25/10/2021,2830,2850,2720,2740,63608600
26/10/2021,2790,2830,2750,2800,52184000
27/10/2021,2840,2840,2760,2780,37901500
28/10/2021,2730,2730,2610,2640,93386600
29/10/2021,2600,2690,2590,2680,35804400
01/11/2021,2630,2720,2580,2670,51187000
02/11/2021,2650,2670,2580,2600,45731500
03/11/2021,2640,2650,2600,2640,19187100
04/11/2021,2690,2710,2650,2680,27267200
05/11/2021,2680,2680,2630,2650,11416000
08/11/2021,2670,2700,2670,2680,17516800
09/11/2021,2720,2740,2680,2680,21991400
10/11/2021,2690,2690,2650,2680,11782000
11/11/2021,2670,2680,2640,2680,9624900
12/11/2021,2680,2700,2640,2660,13547900
15/11/2021,2660,2660,2500,2510,58991100
16/11/2021,2510,2550,2500,2510,22806700
17/11/2021,2540,2560,2520,2550,24562900
18/11/2021,2550,2550,2510,2540,10476000
19/11/2021,2550,2620,2530,2620,29270100
22/11/2021,2620,2630,2560,2600,17143100
23/11/2021,2670,2690,2620,2640,21397900
24/11/2021,2680,2690,2650,2660,15699500
25/11/2021,2690,2710,2650,2700,21725900
26/11/2021,2690,2690,2580,2600,23076900
29/11/2021,2520,2670,2520,2660,26057700
30/11/2021,2610,2640,2580,2600,29610300
01/12/2021,2580,2650,2580,2600,19843900
02/12/2021,2600,2760,2590,2740,53396300
03/12/2021,2740,2750,2690,2710,15291300
06/12/2021,2710,2750,2690,2750,22381700
07/12/2021,2770,2800,2710,2750,21647800
08/12/2021,2750,2760,2710,2720,15037900
09/12/2021,2740,2750,2710,2720,15640600
10/12/2021,2720,2740,2650,2740,30834000
13/12/2021,2750,2750,2710,2710,19058600
14/12/2021,2710,2730,2670,2730,16520100
15/12/2021,2730,2770,2700,2700,34563600
16/12/2021,2730,2730,2660,2680,23601400
17/12/2021,2700,2730,2660,2730,17001300
20/12/2021,2690,2700,2650,2650,22005300
21/12/2021,2660,2690,2650,2690,12443700
22/12/2021,2700,2720,2690,2700,18016500
23/12/2021,2710,2720,2680,2700,9183800
24/12/2021,2700,2740,2670,2710,15486400
27/12/2021,2730,2730,2690,2700,6821500
28/12/2021,2710,2830,2700,2800,108072700
29/12/2021,2800,2820,2750,2790,28686800
30/12/2021,2750,2760,2700,2710,24442600
03/01/2022,2660,2680,2600,2670,40712700
04/01/2022,2670,2720,2640,2700,27350500
05/01/2022,2740,2770,2710,2730,34201700
06/01/2022,2710,2730,2660,2700,23256700
07/01/2022,2730,2790,2700,2790,69207200
10/01/2022,2790,2790,2740,2780,14976200
11/01/2022,2850,2880,2790,2830,78645300
12/01/2022,2830,2850,2760,2760,19484700
13/01/2022,2770,2830,2770,2810,24127600
14/01/2022,2830,2840,2790,2830,28433000
17/01/2022,2850,2860,2780,2810,17583800
18/01/2022,2830,2830,2730,2820,22623300
19/01/2022,2820,2830,2780,2810,12803500
20/01/2022,2830,2850,2800,2820,18520300
21/01/2022,2800,2830,2790,2830,10488600
24/01/2022,2830,2890,2820,2870,41539700
25/01/2022,2870,2880,2790,2810,22515400
26/01/2022,2810,2870,2810,2870,20867000
27/01/2022,2860,2920,2840,2900,47926500
28/01/2022,2890,2910,2860,2880,22974900
31/01/2022,2890,2890,2830,2850,14587800
02/02/2022,2850,2860,2800,2810,16747000
03/02/2022,2810,2830,2750,2820,17408000
04/02/2022,2820,2820,2790,2790,10788200
07/02/2022,2800,2850,2790,2820,15870300
08/02/2022,2850,2860,2810,2840,12237700
09/02/2022,2840,2900,2820,2870,26572100
10/02/2022,2860,2890,2840,2840,9756900
11/02/2022,2830,2890,2820,2880,22618000
14/02/2022,2860,2950,2850,2910,44303800
15/02/2022,2910,2920,2890,2910,34432700
16/02/2022,2910,2920,2890,2900,18397500
17/02/2022,2900,2920,2880,2900,22027700
18/02/2022,2890,2940,2880,2930,21449300
21/02/2022,2940,2980,2920,2940,39800200
22/02/2022,2940,2970,2910,2940,21463000
23/02/2022,2990,3030,2960,3010,70217300
24/02/2022,3020,3170,2980,3170,131871800
25/02/2022,3200,3240,3130,3140,73101000
01/03/2022,3170,3280,3170,3190,61140500
02/03/2022,3260,3290,3220,3250,48840200
04/03/2022,3300,3550,3300,3540,99834700
07/03/2022,3600,3760,3560,3620,112276900
08/03/2022,3620,3620,3450,3480,74669100
09/03/2022,3480,3580,3450,3540,44823300
10/03/2022,3470,3540,3360,3470,54914800
11/03/2022,3390,3540,3390,3480,30616000
14/03/2022,3480,3520,3260,3310,58766900
15/03/2022,3300,3400,3230,3300,39740800
16/03/2022,3310,3390,3310,3380,19332100
17/03/2022,3380,3380,3310,3320,12122900
18/03/2022,3340,3380,3190,3190,173133100
21/03/2022,3230,3270,3190,3220,55014500
22/03/2022,3220,3320,3220,3300,32211000
23/03/2022,3330,3340,3290,3330,25727600
24/03/2022,3360,3390,3320,3350,26027000
25/03/2022,3360,3370,3310,3320,18989500
28/03/2022,3320,3440,3320,3430,31588100
29/03/2022,3450,3450,3360,3370,33505700
30/03/2022,3370,3380,3260,3280,43628200
31/03/2022,3280,3340,3280,3290,13814700
01/04/2022,3290,3360,3270,3330,20596500
04/04/2022,3350,3370,3330,3360,17373500
05/04/2022,3360,3480,3360,3480,38725700
06/04/2022,3520,3530,3480,3490,60587800
07/04/2022,3510,3510,3440,3500,28540400
08/04/2022,3500,3600,3480,3600,40875900
11/04/2022,3600,3670,3550,3550,44012000
12/04/2022,3550,3570,3490,3510,27267200
13/04/2022,3570,3760,3540,3760,93553600
14/04/2022,3760,3790,3720,3770,40945400
18/04/2022,3740,3820,3720,3760,28935400
19/04/2022,3750,3780,3730,3750,23595300
20/04/2022,3770,3810,3660,3700,43015000
21/04/2022,3710,3830,3710,3720,41534000
22/04/2022,3710,3750,3670,3690,21773500
25/04/2022,3650,3710,3610,3700,24476200
26/04/2022,3700,3720,3610,3640,24081900
27/04/2022,3620,3700,3620,3700,20516600
28/04/2022,3710,3850,3700,3820,47082900
09/05/2022,3850,3860,3690,3770,55066700
10/05/2022,3660,3710,3560,3660,89346300
11/05/2022,3680,3760,3680,3710,41108200
12/05/2022,3720,3770,3630,3650,54157300
13/05/2022,3710,3830,3670,3800,52937900
17/05/2022,3850,4130,3840,4100,108021000
18/05/2022,4100,4130,3920,4000,123533500
19/05/2022,3940,3970,3890,3950,47998400
20/05/2022,3990,4100,3980,4050,58291500
23/05/2022,4100,4160,4070,4100,71425900
24/05/2022,4120,4440,3920,4400,245375200
25/05/2022,4500,4520,4380,4390,142694400
27/05/2022,4420,4440,4390,4420,59131500
30/05/2022,4460,4540,4420,4430,70833100
31/05/2022,4460,4540,4440,4530,99567500
02/06/2022,4550,4630,4530,4550,137664800
03/06/2022,4580,4630,4540,4630,160576400
06/06/2022,4310,4310,4310,4310,5083700
07/06/2022,4010,4100,4010,4070,341714900
08/06/2022,4030,4060,4000,4050,97305700
09/06/2022,4050,4130,4040,4070,69345500
10/06/2022,4050,4070,3900,3920,69686500
13/06/2022,3830,3880,3740,3870,86455600
14/06/2022,3860,3910,3810,3880,43898700
15/06/2022,3880,3880,3680,3680,69214900
16/06/2022,3730,3860,3720,3820,64469500
17/06/2022,3790,3790,3710,3730,43960700
20/06/2022,3740,3770,3680,3730,27244500
21/06/2022,3800,4070,3780,4030,153209600
22/06/2022,4050,4170,4050,4120,127231900
23/06/2022,4150,4160,3990,4090,64292400
24/06/2022,4110,4140,4080,4090,34837300
27/06/2022,4090,4090,3930,3970,40998500
28/06/2022,3990,4040,3960,4030,33674700
29/06/2022,4020,4060,3980,3990,24862800
30/06/2022,3890,3930,3790,3820,60279700
01/07/2022,3820,3880,3700,3720,52894800
04/07/2022,3720,3790,3620,3680,50271500
05/07/2022,3750,3970,3750,3950,60671300
06/07/2022,3900,3920,3780,3860,26374200
07/07/2022,3860,3900,3800,3850,14136700
08/07/2022,3960,4010,3920,3930,37218100
11/07/2022,3940,3970,3850,3870,11693400
12/07/2022,3920,4010,3890,3980,36237800
13/07/2022,4000,4050,3980,4030,43410200
14/07/2022,4020,4080,3980,4060,36588500
15/07/2022,4030,4030,3910,3940,21496700
18/07/2022,3920,3940,3870,3890,15850200
19/07/2022,3880,4020,3870,3980,22969200
20/07/2022,4020,4060,4020,4030,31963000
21/07/2022,4040,4060,4010,4020,8932100
22/07/2022,4030,4090,4000,4050,20685700
25/07/2022,4080,4120,4060,4060,17318700
26/07/2022,4090,4110,4060,4090,19512700
27/07/2022,4110,4300,4110,4270,77959700
28/07/2022,4290,4310,4180,4270,46216600
29/07/2022,4270,4350,4270,4300,42404400
01/08/2022,4300,4340,4250,4280,26438200
02/08/2022,4280,4300,4180,4190,22471500
03/08/2022,4200,4270,4190,4230,18590500
04/08/2022,4230,4230,4100,4110,27594700
05/08/2022,4080,4150,4030,4120,42041100
08/08/2022,4100,4100,4010,4040,44836600
09/08/2022,4070,4140,4050,4070,36672200
10/08/2022,4100,4210,4080,4170,44328300
11/08/2022,4250,4270,4140,4150,44076200
12/08/2022,4150,4180,4110,4150,16067100
15/08/2022,4150,4200,4110,4130,16300500
16/08/2022,4130,4150,4070,4080,19514200
18/08/2022,4130,4180,4100,4130,16799000
19/08/2022,4170,4230,4150,4210,29511500
22/08/2022,4200,4220,4080,4100,26489200
23/08/2022,4100,4280,4090,4250,45538300
24/08/2022,4240,4340,4220,4330,41538600
25/08/2022,4330,4510,4310,4360,126329500
26/08/2022,4400,4420,4360,4360,40084500
29/08/2022,4300,4390,4260,4360,34708100
30/08/2022,4380,4430,4310,4340,34388600
31/08/2022,4320,4330,4170,4250,74260800
01/09/2022,4250,4320,4220,4240,32141600
02/09/2022,4280,4320,4240,4260,27124700
05/09/2022,4270,4470,4270,4450,73175300
06/09/2022,4500,4530,4470,4470,35981300
07/09/2022,4460,4460,4370,4430,21382600
08/09/2022,4400,4400,4310,4330,31126800
09/09/2022,4330,4370,4260,4310,26030100
12/09/2022,4340,4360,4310,4340,12531400
13/09/2022,4360,4390,4330,4370,13358400
14/09/2022,4370,4390,4310,4360,17757300
15/09/2022,4390,4480,4380,4410,28087800
16/09/2022,4410,4420,4300,4320,35922800
19/09/2022,4320,4330,4200,4220,38555600
20/09/2022,4230,4260,4180,4200,25845100
21/09/2022,4200,4210,4160,4210,25503200
22/09/2022,4210,4350,4200,4340,30196900
23/09/2022,4320,4330,4250,4300,13667700
26/09/2022,4210,4240,4090,4150,50781400
27/09/2022,4150,4200,4140,4170,16453700
28/09/2022,4140,4200,4140,4150,14137400
29/09/2022,4160,4190,4130,4140,14467700
30/09/2022,4120,4180,4070,4170,18311600
03/10/2022,4150,4170,4130,4160,10035000
04/10/2022,4230,4240,4200,4240,18377000
05/10/2022,4250,4270,4200,4210,13327400
06/10/2022,4200,4320,4200,4230,29068300
07/10/2022,4230,4290,4230,4290,13954900
10/10/2022,4230,4240,4140,4150,30417100
11/10/2022,4160,4250,4160,4220,13346800
12/10/2022,4230,4300,4210,4260,23061800
13/10/2022,4310,4330,4250,4250,30507400
14/10/2022,4280,4300,4230,4230,14881500
17/10/2022,4230,4270,4180,4250,12921500
18/10/2022,4280,4280,3960,3960,82991500
19/10/2022,3720,3870,3690,3730,181494300
20/10/2022,3750,3890,3750,3830,142412300
21/10/2022,3860,3870,3790,3830,33609400
24/10/2022,3840,3860,3780,3780,32953300
25/10/2022,3780,3780,3730,3750,31677000
26/10/2022,3710,3850,3710,3810,34456500
27/10/2022,3850,3870,3780,3790,52332800
28/10/2022,3810,3830,3780,3790,17110100
31/10/2022,3810,3920,3800,3910,61756700
01/11/2022,3880,3880,3740,3750,53983400
02/11/2022,3750,3800,3710,3740,38596200
03/11/2022,3750,3790,3720,3750,19265200
04/11/2022,3760,3790,3750,3750,23911100
07/11/2022,3760,3840,3760,3830,20922900
08/11/2022,3800,3810,3760,3790,19180800
09/11/2022,3780,3780,3660,3660,58128700
10/11/2022,3550,3580,3430,3470,84559700
11/11/2022,3470,3520,3460,3480,27996300
14/11/2022,3490,3550,3460,3480,27835700
15/11/2022,3510,3530,3470,3500,16334300
16/11/2022,3540,3560,3490,3500,23171500
17/11/2022,3500,3560,3460,3550,13789700
18/11/2022,3550,3570,3520,3550,11151000
21/11/2022,3550,3650,3550,3650,21065200
22/11/2022,3650,3690,3630,3690,15741500
23/11/2022,3690,3740,3680,3700,11413000
24/11/2022,3700,3720,3680,3690,6081200
25/11/2022,3690,3700,3640,3640,6007100
28/11/2022,3640,3710,3640,3680,9513300
29/11/2022,3730,3770,3710,3750,14829100
30/11/2022,3780,3810,3770,3800,26589900
01/12/2022,3820,3850,3800,3810,13035900
02/12/2022,3800,3810,3760,3770,8869700
05/12/2022,3800,3800,3690,3690,10447500
06/12/2022,3720,3730,3650,3660,10636100
07/12/2022,3670,3740,3670,3690,15604000
08/12/2022,3700,3710,3610,3700,12590200
09/12/2022,3680,3680,3610,3620,11010300
12/12/2022,3620,3820,3620,3800,24873400
13/12/2022,3800,3800,3720,3720,13723700
14/12/2022,3760,3840,3750,3790,21040500
15/12/2022,3780,3830,3760,3770,14399200
16/12/2022,3750,3800,3720,3800,15471000
19/12/2022,3800,3820,3780,3820,11047100
20/12/2022,3810,3820,3760,3770,12167500
21/12/2022,3790,3790,3740,3760,6824700
22/12/2022,3760,3800,3740,3760,5661500
23/12/2022,3750,3760,3730,3740,6330000
26/12/2022,3740,3750,3690,3700,9093600
27/12/2022,3690,3710,3670,3690,6339500
28/12/2022,3690,3710,3660,3670,5923500
29/12/2022,3670,3690,3660,3670,5196900
30/12/2022,3670,3700,3650,3690,9279800
02/01/2023,3690,3740,3680,3690,3809800
03/01/2023,3690,3740,3680,3730,8567800
04/01/2023,3730,3730,3620,3620,13984400
05/01/2023,3620,3630,3390,3410,29603400
06/01/2023,3400,3500,3380,3430,17087900
09/01/2023,3430,3450,3260,3280,33010300
10/01/2023,3280,3370,3240,3360,17511900
11/01/2023,3380,3410,3310,3400,11056600
12/01/2023,3360,3380,3330,3330,10809700
13/01/2023,3330,3360,3320,3330,6907600
16/01/2023,3320,3350,3300,3320,6438200
17/01/2023,3310,3390,3300,3350,8112900
18/01/2023,3360,3460,3360,3410,10347000
19/01/2023,3410,3490,3410,3490,9464800
20/01/2023,3500,3570,3480,3570,12454900
24/01/2023,3560,3560,3510,3540,12646500
25/01/2023,3540,3540,3480,3480,9716900
26/01/2023,3440,3440,3360,3390,16932400
27/01/2023,3430,3480,3420,3470,12588300
30/01/2023,3470,3540,3430,3450,8147600
31/01/2023,3420,3480,3400,3400,16209800
01/02/2023,3400,3430,3360,3380,13751700
02/02/2023,3390,3420,3370,3420,12761100
03/02/2023,3390,3400,3320,3330,17534100
06/02/2023,3330,3350,3250,3260,31840600
07/02/2023,3340,3470,3330,3470,34808600
08/02/2023,3500,3530,3420,3490,15272900
09/02/2023,3450,3490,3400,3480,15367900
10/02/2023,3430,3430,3350,3370,20199900
13/02/2023,3400,3440,3360,3370,12384800
14/02/2023,3370,3430,3360,3400,7805600
15/02/2023,3400,3510,3400,3440,18276700
16/02/2023,3450,3520,3430,3510,13802700
17/02/2023,3490,3500,3470,3490,8531200
20/02/2023,3490,3580,3470,3570,11345300
21/02/2023,3580,3580,3520,3520,5918800
22/02/2023,3550,3590,3510,3540,6890700
23/02/2023,3560,3610,3540,3560,8374700
24/02/2023,3600,3680,3570,3660,15629200
27/02/2023,3710,3780,3700,3730,17146400
28/02/2023,3730,3870,3730,3860,36876800
01/03/2023,3860,3900,3860,3880,19526100
02/03/2023,3880,4000,3820,4000,36403900
03/03/2023,4010,4020,3940,4010,24567900
06/03/2023,4000,4000,3900,3990,19550700
07/03/2023,3950,3970,3830,3830,24036800
08/03/2023,3790,3890,3770,3860,22532000
09/03/2023,3860,3940,3860,3940,23742100
10/03/2023,3940,3940,3880,3890,12200200
13/03/2023,3890,3930,3860,3930,16218900
14/03/2023,3920,3920,3830,3830,23028400
15/03/2023,3850,3880,3810,3810,11839300
16/03/2023,3790,3820,3640,3650,28905300
17/03/2023,3660,3880,3660,3880,144938200
20/03/2023,3810,3840,3760,3830,13420800
21/03/2023,3810,3810,3750,3750,9262600
24/03/2023,3770,3800,3710,3710,11071300
27/03/2023,3730,3770,3700,3700,11044100
28/03/2023,3740,3840,3710,3810,20342500
29/03/2023,3860,3960,3830,3910,27957300
30/03/2023,3920,3950,3850,3870,16050300
31/03/2023,3870,3990,3870,3990,22278900
03/04/2023,4000,4060,3990,4040,31523300
04/04/2023,4090,4150,4050,4100,25067200
05/04/2023,4100,4100,4050,4070,12105400
06/04/2023,4060,4090,4030,4030,9000200
10/04/2023,4030,4050,3930,3960,13363600
11/04/2023,3960,4010,3950,3980,12151300
12/04/2023,3990,3990,3920,3920,16002900
13/04/2023,3940,4060,3940,3980,21928200
14/04/2023,3980,4030,3930,3970,18329300
17/04/2023,3970,4000,3940,3950,14543500
18/04/2023,3950,4080,3950,4040,22457900
26/04/2023,4040,4140,4040,4140,35310300
27/04/2023,4140,4140,4110,4130,10775200
28/04/2023,4130,4200,4120,4140,18429100
02/05/2023,3860,3860,3860,3860,14301100
03/05/2023,3590,3590,3590,3590,24435700
04/05/2023,3510,3610,3390,3410,125846600
05/05/2023,3400,3400,3310,3360,53580000
08/05/2023,3380,3520,3380,3490,41505500
09/05/2023,3510,3520,3470,3490,17810800
10/05/2023,3490,3540,3480,3490,13856500
11/05/2023,3500,3510,3420,3440,18151200
12/05/2023,3440,3460,3400,3400,13302600
15/05/2023,3400,3460,3380,3410,12768700
16/05/2023,3430,3450,3340,3370,14421100
17/05/2023,3370,3370,3250,3270,37555700
19/05/2023,3250,3250,3100,3120,43420000
22/05/2023,3140,3220,3140,3160,33256500
23/05/2023,3160,3250,3150,3150,23083500
24/05/2023,3150,3190,3110,3110,16240300
25/05/2023,3050,3090,3010,3010,40149100
26/05/2023,3000,3060,2930,2940,30321200
29/05/2023,2980,2980,2840,2960,36353800
30/05/2023,2960,3120,2930,3090,31065600
31/05/2023,3040,3100,2990,3060,30729400
05/06/2023,3090,3170,3080,3150,22083900
06/06/2023,3240,3300,3200,3280,41069800
07/06/2023,3260,3260,3170,3190,35833900
08/06/2023,3230,3310,3210,3300,26853300
09/06/2023,3320,3390,3270,3380,28242500
12/06/2023,3390,3540,3390,3530,44733700
13/06/2023,3520,3550,3460,3490,51190800
14/06/2023,3510,3530,3440,3480,44344200
15/06/2023,3490,3640,3460,3630,97154700
16/06/2023,4000,4060,3820,3820,284014900
19/06/2023,3820,3870,3770,3790,63449900
20/06/2023,3810,3870,3810,3850,62961300
21/06/2023,3870,3880,3840,3850,61158000
22/06/2023,3850,3870,3750,3780,111652300
23/06/2023,3780,3810,3680,3700,225347500
26/06/2023,3150,3150,3150,3150,4857300
27/06/2023,2680,2680,2680,2680,64168100
03/07/2023,2670,2750,2660,2720,116625000
04/07/2023,2730,2750,2720,2730,33908200
05/07/2023,2740,2810,2740,2780,47096400
06/07/2023,2790,2830,2790,2810,33725200
07/07/2023,2800,2800,2760,2770,26853600
10/07/2023,2770,2800,2770,2780,20234400
11/07/2023,2770,2770,2730,2760,24286200
12/07/2023,2760,2760,2730,2730,26430800
13/07/2023,2720,2740,2710,2740,16924300
14/07/2023,2740,2790,2740,2770,22841800
17/07/2023,2790,2810,2780,2790,20966500
18/07/2023,2790,2800,2750,2750,17228700
20/07/2023,2770,2790,2760,2770,9100600
21/07/2023,2780,2800,2770,2790,16007800
24/07/2023,2820,2880,2800,2880,52006600
25/07/2023,2890,2910,2840,2850,51691700
26/07/2023,2860,2890,2850,2880,25935800
27/07/2023,2880,2880,2830,2830,19828800
28/07/2023,2820,2820,2760,2800,15406900
31/07/2023,2790,2820,2760,2770,25251600
01/08/2023,2770,2790,2730,2730,23270900
02/08/2023,2730,2760,2720,2740,13498100
03/08/2023,2740,2760,2730,2740,8719400
04/08/2023,2760,2810,2760,2780,17940600
07/08/2023,2780,2790,2760,2770,8800700
08/08/2023,2780,2800,2760,2770,12299300
09/08/2023,2770,2800,2760,2780,12224700
10/08/2023,2800,2820,2780,2790,13118900
11/08/2023,2800,2800,2770,2770,9851300
14/08/2023,2770,2790,2750,2780,11758100
15/08/2023,2780,2810,2770,2790,15620300
16/08/2023,2800,2800,2770,2770,8650100
18/08/2023,2780,2820,2770,2790,21852700
21/08/2023,2800,2820,2790,2800,19218000
22/08/2023,2810,2990,2810,2990,116091200
23/08/2023,3010,3070,3010,3020,64887800
24/08/2023,3000,3020,2950,2950,35075400
25/08/2023,2940,2950,2880,2910,19594600
28/08/2023,2930,2980,2930,2970,17600500
29/08/2023,3000,3010,2960,2960,25740000
30/08/2023,2930,2940,2880,2910,26862600
31/08/2023,2900,2900,2850,2860,17422300
01/09/2023,2860,2890,2850,2880,9102500
04/09/2023,2880,2960,2880,2920,24017100
05/09/2023,2920,2960,2900,2930,21273000
06/09/2023,2950,3000,2940,2990,40392900
07/09/2023,2970,2980,2920,2920,23288700
08/09/2023,2910,2960,2910,2930,12325600
11/09/2023,2940,2950,2880,2880,16394900
12/09/2023,2890,2910,2870,2870,10707800
13/09/2023,2890,2900,2830,2830,22179100
14/09/2023,2860,2910,2860,2890,19874100
15/09/2023,2890,2900,2850,2850,15248700
18/09/2023,2850,2880,2830,2840,9005200
19/09/2023,2850,2900,2800,2880,24105700
20/09/2023,2880,2930,2860,2870,22569600
21/09/2023,2870,2870,2810,2820,26347700
22/09/2023,2800,2870,2780,2860,15150600
25/09/2023,2870,2890,2840,2850,11448200
26/09/2023,2870,2870,2800,2810,12175400
27/09/2023,2810,2840,2790,2800,16730500
29/09/2023,2810,2820,2790,2800,13238700
02/10/2023,2810,2830,2790,2800,10995500
03/10/2023,2800,2810,2740,2740,29890100
04/10/2023,2710,2720,2680,2690,27672800
05/10/2023,2680,2710,2650,2660,22059800
06/10/2023,2660,2690,2640,2660,15054100
09/10/2023,2690,2740,2680,2720,17938500
10/10/2023,2750,2780,2740,2750,16467200
11/10/2023,2780,2780,2700,2740,14138600
12/10/2023,2740,2760,2700,2710,6972300
13/10/2023,2740,2740,2690,2690,9031100
16/10/2023,2700,2740,2700,2710,10559400
17/10/2023,2710,2740,2710,2720,4603300
18/10/2023,2720,2750,2700,2720,8393100
19/10/2023,2730,2730,2680,2690,10048500
20/10/2023,2700,2720,2670,2720,8034000
23/10/2023,2720,2720,2650,2660,15562700
24/10/2023,2660,2690,2660,2670,4910200
25/10/2023,2670,2710,2660,2690,7822600
26/10/2023,2690,2700,2640,2660,8877200
27/10/2023,2660,2680,2650,2660,3865600
30/10/2023,2660,2680,2590,2590,13971700
31/10/2023,2510,2540,2450,2480,35009600
01/11/2023,2460,2470,2350,2360,29746200
02/11/2023,2360,2410,2360,2380,14768500
03/11/2023,2390,2420,2380,2390,15475300
06/11/2023,2400,2420,2390,2400,10389400
07/11/2023,2400,2410,2350,2360,11316700
08/11/2023,2360,2370,2310,2330,10537000
09/11/2023,2350,2370,2330,2350,9197100
10/11/2023,2350,2370,2340,2340,5557200
13/11/2023,2340,2370,2340,2360,6214200
14/11/2023,2360,2400,2360,2390,6851600
15/11/2023,2400,2430,2400,2400,7956100
16/11/2023,2400,2410,2370,2380,4847000
17/11/2023,2380,2410,2380,2400,4944200
20/11/2023,2400,2440,2400,2420,5072600
21/11/2023,2420,2440,2410,2430,4335600
22/11/2023,2440,2490,2420,2420,8969300
23/11/2023,2420,2440,2400,2430,3260600
24/11/2023,2440,2480,2440,2460,5179400
27/11/2023,2460,2480,2440,2440,7940300
28/11/2023,2450,2470,2440,2440,4994200
29/11/2023,2450,2460,2420,2420,5818000
30/11/2023,2420,2440,2410,2420,6078200
01/12/2023,2440,2450,2430,2430,6114400
04/12/2023,2450,2470,2440,2460,7547600
05/12/2023,2470,2470,2420,2420,5829600
06/12/2023,2420,2440,2400,2410,7407000
07/12/2023,2410,2440,2400,2420,9757500
08/12/2023,2440,2440,2410,2410,10357500
11/12/2023,2420,2440,2360,2370,11896500
12/12/2023,2380,2400,2340,2350,9805900
13/12/2023,2350,2350,2300,2300,10745300
14/12/2023,2300,2340,2300,2310,6876400
15/12/2023,2320,2410,2310,2310,23165500
18/12/2023,2320,2360,2310,2330,11128000
19/12/2023,2340,2370,2330,2370,7665600
20/12/2023,2370,2410,2350,2360,9858700
21/12/2023,2370,2390,2350,2380,6161100
22/12/2023,2390,2410,2380,2400,7311600
27/12/2023,2400,2450,2400,2440,10653600
28/12/2023,2440,2470,2440,2460,8040000
29/12/2023,2470,2470,2430,2440,8144200
02/01/2024,2440,2550,2440,2530,20588900
03/01/2024,2520,2540,2480,2530,15782700
04/01/2024,2540,2690,2540,2650,36304400
05/01/2024,2650,2700,2650,2660,20780900
08/01/2024,2660,2680,2620,2630,14404100
09/01/2024,2640,2650,2590,2630,12085800
10/01/2024,2640,2660,2620,2650,10351400
11/01/2024,2650,2650,2610,2620,6832800
12/01/2024,2620,2650,2610,2640,7291900
15/01/2024,2650,2720,2650,2710,20575200
16/01/2024,2720,2720,2680,2700,9765000
17/01/2024,2700,2720,2660,2660,12819400
18/01/2024,2660,2660,2620,2640,8669100
19/01/2024,2650,2650,2610,2620,6349700
22/01/2024,2610,2630,2550,2550,15847200
23/01/2024,2550,2590,2520,2540,8693800
24/01/2024,2560,2580,2500,2510,7820000
25/01/2024,2510,2580,2510,2570,9744300
26/01/2024,2600,2600,2540,2570,5259500
29/01/2024,2570,2590,2560,2570,5576600
30/01/2024,2560,2610,2540,2590,8538000
31/01/2024,2610,2660,2600,2610,14814000
01/02/2024,2610,2610,2560,2560,12264200
02/02/2024,2560,2580,2540,2540,6281100
05/02/2024,2550,2590,2540,2540,8566700
06/02/2024,2550,2570,2540,2560,8824400
07/02/2024,2560,2610,2560,2610,6168100
12/02/2024,2610,2660,2610,2650,11854100
13/02/2024,2650,2660,2630,2640,5620100
15/02/2024,2660,2700,2650,2660,10671400
16/02/2024,2680,2690,2650,2680,13090200
19/02/2024,2680,2690,2650,2690,10044100
20/02/2024,2690,2690,2640,2640,9295000
21/02/2024,2640,2640,2600,2610,7854800
22/02/2024,2610,2650,2600,2630,6881000
23/02/2024,2630,2640,2610,2630,3933700
26/02/2024,2640,2640,2580,2580,11071200
27/02/2024,2600,2610,2590,2590,5649800
28/02/2024,2600,2630,2600,2620,4858100
29/02/2024,2620,2630,2560,2560,16546000
01/03/2024,2590,2610,2570,2580,8631800
04/03/2024,2590,2690,2590,2690,27146000
05/03/2024,2740,2800,2740,2740,69921100
06/03/2024,2760,2790,2730,2780,27998700
07/03/2024,2780,2840,2750,2840,30004000
08/03/2024,2840,2900,2810,2900,34845300
13/03/2024,2900,2900,2800,2800,33678100
14/03/2024,2800,2890,2800,2880,31781000
15/03/2024,2890,2940,2840,2840,49866500
18/03/2024,2860,2880,2840,2850,12802300
19/03/2024,2850,2930,2850,2930,21766300
20/03/2024,2920,2930,2890,2890,14828300
21/03/2024,2900,2980,2900,2950,26602900
22/03/2024,2950,2980,2940,2940,15643300
25/03/2024,2950,2950,2900,2930,13402300
26/03/2024,2950,2950,2900,2940,13218400
27/03/2024,2940,2960,2940,2950,12763000
28/03/2024,2970,2990,2950,2970,24637300
01/04/2024,2970,2970,2850,2890,32364300
02/04/2024,2890,2920,2860,2920,16327900
03/04/2024,2920,2950,2900,2920,17802900
04/04/2024,2910,2940,2880,2930,9335400
05/04/2024,2930,2940,2910,2930,9068600
16/04/2024,2940,3130,2930,3100,58080000
17/04/2024,3120,3160,3060,3090,36783600
18/04/2024,3100,3130,3030,3130,26810000
19/04/2024,3130,3150,3090,3140,22919300
22/04/2024,3140,3150,3060,3080,19618600
23/04/2024,3080,3090,3050,3060,8395600
24/04/2024,3080,3100,2870,2960,31018500
25/04/2024,2960,2960,2870,2890,23582700
26/04/2024,2900,2940,2880,2880,11557400
29/04/2024,2900,3000,2860,3000,11267600
30/04/2024,3000,3030,2980,3030,14322600
02/05/2024,2760,2920,2750,2890,45398700
03/05/2024,2910,2950,2890,2930,15044700
06/05/2024,2940,2950,2910,2930,14822200
07/05/2024,2940,2950,2870,2880,19836200
08/05/2024,2900,3020,2790,2930,89508200
13/05/2024,2950,2970,2910,2930,20604500
14/05/2024,2940,2960,2920,2920,22326100
15/05/2024,2940,2950,2900,2910,16338100
16/05/2024,2920,2930,2900,2930,21537000
17/05/2024,2930,2950,2910,2920,30769200
20/05/2024,2930,2960,2910,2930,72080600
21/05/2024,2550,2640,2530,2570,61531400
22/05/2024,2570,2600,2570,2590,18229700
27/05/2024,2600,2600,2520,2520,21414000
28/05/2024,2540,2560,2510,2510,11910700
29/05/2024,2520,2530,2460,2470,14743600
30/05/2024,2470,2500,2420,2490,9640300
31/05/2024,2500,2520,2490,2490,15709000
03/06/2024,2500,2590,2500,2580,16723300
04/06/2024,2590,2590,2560,2570,11333500
05/06/2024,2570,2580,2500,2530,9835700
06/06/2024,2530,2540,2500,2510,4891100
07/06/2024,2520,2550,2510,2530,7711700
10/06/2024,2530,2540,2470,2480,13448200
11/06/2024,2480,2500,2440,2440,12171100
12/06/2024,2440,2460,2420,2430,6485000
13/06/2024,2430,2520,2430,2520,14098000
14/06/2024,2520,2520,2450,2460,5659700
19/06/2024,2460,2470,2420,2430,5276200
20/06/2024,2430,2450,2420,2420,6492600
21/06/2024,2430,2450,2380,2420,18936500
24/06/2024,2430,2440,2420,2430,6459100
25/06/2024,2440,2450,2410,2410,6880400
26/06/2024,2410,2440,2400,2440,6341900
27/06/2024,2440,2440,2420,2430,4573400
28/06/2024,2430,2470,2430,2450,12859800
01/07/2024,2460,2500,2450,2500,9767100
02/07/2024,2500,2520,2490,2490,9422500
03/07/2024,2500,2530,2490,2500,10030300
04/07/2024,2520,2570,2510,2530,18794900
05/07/2024,2540,2570,2520,2540,9942000
08/07/2024,2540,2560,2530,2550,7491700
09/07/2024,2550,2570,2530,2530,10477700
10/07/2024,2530,2560,2530,2540,7337200
11/07/2024,2550,2560,2540,2550,4841300
12/07/2024,2550,2560,2530,2530,7888600
15/07/2024,2560,2560,2500,2520,12266200
16/07/2024,2530,2550,2520,2530,6947800
17/07/2024,2550,2550,2530,2540,7325200
18/07/2024,2540,2630,2520,2620,26806000
19/07/2024,2620,2680,2620,2630,30356300
22/07/2024,2640,2700,2640,2680,18786400
23/07/2024,2690,2720,2650,2650,21142700
24/07/2024,2650,2680,2610,2620,11115400
25/07/2024,2620,2660,2600,2610,10327000
26/07/2024,2620,2670,2620,2660,8478400
29/07/2024,2680,2700,2660,2670,10990800
30/07/2024,2680,2690,2640,2640,7184600
31/07/2024,2640,2680,2640,2680,10266700
01/08/2024,2700,2700,2640,2670,9702200
02/08/2024,2670,2740,2660,2720,22835800
05/08/2024,2710,2710,2510,2560,48501700
06/08/2024,2600,2630,2540,2590,19166600
07/08/2024,2600,2630,2590,2610,10480400
08/08/2024,2610,2620,2580,2590,8760900
09/08/2024,2600,2620,2580,2580,7434400
12/08/2024,2590,2650,2590,2650,13483400
13/08/2024,2670,2680,2650,2660,8739100
14/08/2024,2660,2720,2640,2720,22031400
15/08/2024,2720,2720,2670,2700,19410100
16/08/2024,2720,2750,2700,2730,25829000
19/08/2024,2730,2730,2700,2710,11115900
20/08/2024,2720,2730,2700,2720,9550300
21/08/2024,2720,2740,2710,2710,12353000
22/08/2024,2700,2740,2670,2720,17628700
23/08/2024,2720,2790,2720,2760,22179900
26/08/2024,2770,2790,2760,2770,12227700
27/08/2024,2780,2820,2760,2780,16790600
28/08/2024,2790,2800,2770,2780,10744200
29/08/2024,2780,2810,2760,2780,15032300
30/08/2024,2780,2780,2730,2730,21459200
02/09/2024,2740,2820,2730,2820,30665600
03/09/2024,2820,2850,2790,2800,14953700
04/09/2024,2770,2810,2740,2760,14767300
05/09/2024,2760,2780,2710,2750,14614200
06/09/2024,2750,2750,2710,2710,13816400
09/09/2024,2720,2730,2650,2680,22601600
10/09/2024,2690,2710,2650,2670,17035500
11/09/2024,2650,2690,2650,2660,9549300
12/09/2024,2690,2750,2690,2720,20896600
13/09/2024,2720,2740,2700,2730,10996900
17/09/2024,2730,2820,2710,2800,32828500
18/09/2024,2810,2820,2780,2780,9166700
19/09/2024,2780,2800,2760,2780,10019700
20/09/2024,2790,2950,2760,2950,85703000
23/09/2024,2950,3130,2930,3120,127993400
24/09/2024,3120,3140,3060,3100,42900500
25/09/2024,3120,3160,3040,3080,41602600
26/09/2024,3100,3120,3070,3110,30074500
27/09/2024,3110,3140,3040,3140,43117300
30/09/2024,3150,3180,3070,3080,37413700
01/10/2024,3080,3120,2990,3070,55814500
02/10/2024,3070,3080,3010,3050,23254500
03/10/2024,3050,3080,3030,3060,18192500
04/10/2024,3060,3100,2990,2990,27042800
07/10/2024,3060,3140,3060,3100,31774800
08/10/2024,3110,3120,3060,3080,21266900
09/10/2024,3080,3080,3020,3050,14404900
10/10/2024,3050,3070,3020,3020,15849000
11/10/2024,3050,3060,3020,3030,10016300
14/10/2024,3040,3120,3030,3100,30455100
15/10/2024,3100,3140,3080,3100,24711000
16/10/2024,3120,3120,3050,3080,21907400
17/10/2024,3080,3090,3060,3060,12348900
18/10/2024,3070,3080,3030,3050,12261800
21/10/2024,3050,3050,3010,3020,15196900
22/10/2024,3020,3050,3020,3040,7584100
23/10/2024,3040,3050,2950,2950,29092600
24/10/2024,2950,2970,2920,2920,13921900
25/10/2024,2920,2940,2870,2880,17372800
28/10/2024,2880,2910,2840,2870,16500200
29/10/2024,2850,2870,2830,2850,9846900
30/10/2024,2850,2880,2800,2840,17122400
31/10/2024,2850,2960,2840,2960,22804100
01/11/2024,2950,2950,2880,2920,14265400
04/11/2024,2920,2920,2850,2870,9847800
05/11/2024,2880,2920,2860,2890,13393700
06/11/2024,2900,2900,2840,2860,9440000
07/11/2024,2860,2860,2810,2830,9943500
08/11/2024,2830,2840,2800,2800,9176000
11/11/2024,2800,2800,2750,2770,16646500
12/11/2024,2780,2890,2780,2870,18297100
13/11/2024,2870,2890,2810,2810,11390000
14/11/2024,2810,2810,2770,2770,8777600
15/11/2024,2770,2800,2750,2750,8098700
18/11/2024,2750,2770,2700,2720,11015500
19/11/2024,2720,2790,2720,2770,6834200
20/11/2024,2770,2780,2720,2740,5495500
21/11/2024,2740,2770,2720,2720,4713200
22/11/2024,2750,2780,2740,2770,5347300
25/11/2024,2770,2830,2760,2800,12285400
26/11/2024,2830,2830,2760,2760,6816800
28/11/2024,2760,2790,2740,2790,5875400
29/11/2024,2790,2790,2700,2700,10744500
02/12/2024,2700,2730,2660,2670,12311800
03/12/2024,2670,2710,2670,2700,6349300
04/12/2024,2700,2750,2700,2710,10573800
05/12/2024,2730,2770,2700,2740,8311500
06/12/2024,2730,2730,2700,2730,7213200
09/12/2024,2730,2760,2730,2750,10858500
10/12/2024,2760,2860,2740,2830,28227200
11/12/2024,2830,2860,2790,2800,13120800
12/12/2024,2800,2830,2780,2800,9050900
13/12/2024,2800,2810,2770,2780,4660300
16/12/2024,2780,2790,2720,2740,9329800
17/12/2024,2740,2740,2670,2670,12049200
18/12/2024,2670,2710,2660,2680,5529700
19/12/2024,2680,2680,2570,2580,23987000
20/12/2024,2590,2630,2590,2590,6238800
23/12/2024,2600,2620,2590,2590,7109000
24/12/2024,2600,2620,2590,2590,5148700
27/12/2024,2600,2640,2600,2620,7571900
30/12/2024,2630,2750,2620,2750,16423500
02/01/2025,2750,2760,2670,2680,11358800
03/01/2025,2700,2710,2680,2700,6270800
06/01/2025,2700,2710,2650,2650,8069600
07/01/2025,2650,2670,2610,2640,10403000
08/01/2025,2610,2680,2610,2640,7642200
09/01/2025,2640,2640,2610,2620,7940500
10/01/2025,2610,2720,2610,2690,13279300
13/01/2025,2690,2690,2610,2610,14542900
14/01/2025,2610,2660,2600,2620,10125500
15/01/2025,2620,2670,2620,2670,10005600
16/01/2025,2670,2710,2670,2690,13448300
17/01/2025,2690,2700,2660,2680,8275600
20/01/2025,2670,2700,2660,2660,8433900
21/01/2025,2680,2690,2670,2690,6286700
22/01/2025,2690,2740,2690,2710,10055500
23/01/2025,2710,2710,2680,2700,6637800
24/01/2025,2700,2720,2680,2700,5699600
30/01/2025,2700,2710,2660,2680,7985700
31/01/2025,2660,2700,2630,2690,9102600
03/02/2025,2690,2690,2650,2670,8952800
04/02/2025,2680,2750,2670,2690,8784900
05/02/2025,2680,2740,2680,2720,8030000
06/02/2025,2720,2730,2650,2650,9826200
07/02/2025,2650,2700,2600,2670,6640700
10/02/2025,2670,2670,2620,2620,7866600
11/02/2025,2620,2640,2600,2620,5596900
12/02/2025,2620,2640,2590,2640,4652700
13/02/2025,2640,2730,2610,2690,7256600
14/02/2025,2680,2740,2660,2710,9924200
17/02/2025,2710,2710,2680,2710,5549300
18/02/2025,2710,2720,2680,2690,6466600
19/02/2025,2700,2720,2660,2660,11910500
20/02/2025,2670,2700,2630,2670,8642500
21/02/2025,2660,2690,2640,2660,7654900
24/02/2025,2650,2700,2630,2640,8644300
25/02/2025,2650,2670,2610,2620,10908400
26/02/2025,2620,2640,2600,2610,7508100
27/02/2025,2610,2650,2610,2620,11462100
28/02/2025,2600,2610,2480,2590,21109800
03/03/2025,2590,2610,2530,2580,8847900
04/03/2025,2580,2580,2470,2510,11829000
05/03/2025,2510,2580,2500,2580,13004500
06/03/2025,2580,2600,2560,2580,8411300
07/03/2025,2570,2580,2550,2550,5569000
10/03/2025,2550,2570,2510,2510,11349200
11/03/2025,2500,2520,2480,2490,5507500
12/03/2025,2490,2520,2480,2480,7374600
13/03/2025,2480,2500,2450,2450,9681000
14/03/2025,2460,2480,2450,2450,5732000
17/03/2025,2450,2480,2420,2450,6458800
18/03/2025,2450,2460,2350,2420,13320600
19/03/2025,2400,2450,2380,2430,6280300
20/03/2025,2440,2470,2410,2410,7010200
21/03/2025,2410,2410,2320,2320,13568500
24/03/2025,2320,2350,2250,2300,13409000
25/03/2025,2300,2470,2290,2450,13581800
26/03/2025,2460,2540,2460,2510,13483000
27/03/2025,2510,2570,2510,2520,8070300
08/04/2025,2320,2450,2300,2420,19199300
09/04/2025,2410,2550,2410,2460,12180100
10/04/2025,2550,2680,2530,2680,27346700
11/04/2025,2640,2690,2620,2680,13694600
14/04/2025,2680,2740,2670,2740,13422200
15/04/2025,2750,2770,2710,2760,13376700
16/04/2025,2750,2760,2710,2710,13161700
17/04/2025,2710,2750,2700,2730,7922200
21/04/2025,2730,2740,2700,2730,8532900
22/04/2025,2710,2800,2700,2760,19672500
23/04/2025,2780,2820,2760,2780,18149700
24/04/2025,2780,2810,2770,2780,13587300
25/04/2025,2780,2820,2770,2780,22505600
28/04/2025,2780,2810,2760,2770,26690700
29/04/2025,2770,2840,2770,2790,26130000
30/04/2025,2800,2850,2760,2760,35320900
02/05/2025,2700,2750,2640,2740,21611100
05/05/2025,2720,2730,2680,2720,16635000
06/05/2025,2720,2730,2710,2710,10763800
07/05/2025,2710,2770,2710,2760,14513800
08/05/2025,2770,2780,2710,2720,15449000
09/05/2025,2740,2740,2710,2710,10006700
14/05/2025,2720,2790,2720,2790,19082400
15/05/2025,2800,2810,2770,2770,19167800
16/05/2025,2790,2880,2770,2860,53076400
19/05/2025,2860,2910,2860,2900,34963000
20/05/2025,2920,2930,2800,2820,36974900
21/05/2025,2810,2850,2780,2790,42906300
22/05/2025,2790,2830,2790,2820,19170600
23/05/2025,2840,2850,2820,2840,14930600
26/05/2025,2860,2860,2810,2830,15733300
27/05/2025,2840,2880,2830,2850,22143500
28/05/2025,2870,2900,2860,2890,30732700
02/06/2025,2900,2900,2840,2860,23519300
03/06/2025,2870,2880,2840,2860,13790600
04/06/2025,2860,2870,2840,2850,13894600
05/06/2025,2850,2890,2840,2870,24750100
10/06/2025,2870,2960,2870,2960,52866600
11/06/2025,2960,3030,2960,3010,79019800
12/06/2025,3030,3070,2890,2980,122174600
13/06/2025,2980,2990,2950,2970,48234700
16/06/2025,2980,3030,2980,3010,55322700
17/06/2025,3010,3030,3000,3030,36623700
18/06/2025,3030,3050,3010,3020,42362000
19/06/2025,3020,3030,2960,2990,54886200
20/06/2025,2990,3000,2930,2950,86319100
23/06/2025,2520,2590,2510,2510,89814500
24/06/2025,2530,2550,2420,2440,50087000
25/06/2025,2460,2470,2410,2420,24482300
26/06/2025,2420,2420,2380,2400,17939900
30/06/2025,2420,2470,2410,2460,24171400
01/07/2025,2470,2490,2440,2460,11130800
02/07/2025,2460,2480,2420,2440,10843500
03/07/2025,2440,2460,2410,2420,14752400
04/07/2025,2430,2440,2420,2430,8575200
07/07/2025,2440,2440,2420,2440,5802100
08/07/2025,2440,2440,2400,2400,15150600
09/07/2025,2410,2420,2380,2390,12099400
10/07/2025,2400,2440,2390,2430,9847900
11/07/2025,2450,2490,2440,2480,22480400
14/07/2025,2500,2510,2480,2490,15473600
15/07/2025,2490,2500,2450,2470,8920800
16/07/2025,2470,2490,2460,2460,8773000
17/07/2025,2470,2480,2440,2440,12575300
18/07/2025,2450,2460,2440,2450,9030100
21/07/2025,2460,2460,2410,2420,13727500
22/07/2025,2430,2450,2420,2420,16287900
23/07/2025,2430,2450,2420,2440,8733700
24/07/2025,2440,2490,2440,2470,10467000
25/07/2025,2470,2480,2450,2450,7215000
28/07/2025,2470,2470,2450,2460,5804000
29/07/2025,2460,2470,2450,2460,5767100
30/07/2025,2460,2470,2440,2450,7429700
31/07/2025,2450,2460,2410,2420,13453400
01/08/2025,2420,2430,2400,2420,8947200
04/08/2025,2420,2430,2400,2400,12680300
05/08/2025,2410,2420,2400,2400,10816200
06/08/2025,2410,2420,2400,2420,16496700
07/08/2025,2430,2430,2400,2400,7148800
08/08/2025,2410,2420,2390,2400,14962200
11/08/2025,2400,2420,2400,2410,8915300
12/08/2025,2420,2440,2410,2440,9569000
13/08/2025,2440,2470,2440,2450,11480600
14/08/2025,2450,2460,2420,2420,8775800
15/08/2025,2430,2440,2420,2420,4658600
19/08/2025,2420,2430,2400,2400,9589100
20/08/2025,2420,2430,2400,2430,10212100
21/08/2025,2430,2440,2410,2430,8972300
22/08/2025,2430,2430,2410,2420,4639600
25/08/2025,2420,2430,2410,2420,6953800
26/08/2025,2430,2500,2410,2500,20508700
27/08/2025,2500,2500,2450,2450,10527100
28/08/2025,2460,2460,2420,2430,7643700
29/08/2025,2430,2430,2400,2400,13505600
01/09/2025,2350,2410,2320,2400,20954100
02/09/2025,2400,2430,2400,2420,8182200
03/09/2025,2420,2440,2410,2420,8285200
04/09/2025,2420,2430,2390,2410,12386800
08/09/2025,2410,2420,2400,2410,13472000
09/09/2025,2400,2410,2370,2400,14794500
10/09/2025,2400,2400,2370,2380,8687600
11/09/2025,2380,2410,2370,2370,13348700
12/09/2025,2380,2400,2380,2390,10868900
15/09/2025,2390,2400,2380,2380,10496000
16/09/2025,2380,2400,2380,2390,1851700
