Date,Open,High,Low,Close,Volume
26/06/2013,1100,1100,910,910,15
27/06/2013,900,955,890,930,33145000
28/06/2013,930,940,915,915,8320000
01/07/2013,915,940,910,915,4787500
02/07/2013,925,930,920,920,5312500
03/07/2013,925,925,905,910,5317500
04/07/2013,910,915,910,915,1902500
05/07/2013,920,935,920,930,3272500
08/07/2013,930,930,930,930,4715000
09/07/2013,930,935,930,930,1300000
10/07/2013,930,930,930,930,2742500
11/07/2013,935,935,930,930,512500
12/07/2013,930,955,930,945,975000
15/07/2013,940,945,940,945,1022500
16/07/2013,950,950,935,940,222500
17/07/2013,940,945,940,940,592500
18/07/2013,940,940,940,940,745000
19/07/2013,945,960,945,950,967500
22/07/2013,960,965,955,960,1177500
23/07/2013,965,965,960,960,220000
24/07/2013,955,955,950,950,132500
25/07/2013,955,990,955,980,2097500
26/07/2013,975,975,960,960,717500
29/07/2013,960,960,955,960,367500
30/07/2013,960,960,960,960,482500
31/07/2013,960,960,940,945,285000
01/08/2013,945,945,920,920,60000
02/08/2013,920,920,885,900,600000
12/08/2013,935,935,935,935,2500
13/08/2013,920,920,920,920,25000
14/08/2013,905,910,905,910,87500
15/08/2013,905,930,905,930,432500
16/08/2013,930,930,930,930,432500
19/08/2013,925,925,890,895,175000
20/08/2013,885,885,880,880,495000
21/08/2013,880,880,875,875,20000
22/08/2013,865,920,860,920,5107500
23/08/2013,875,920,870,920,5390000
26/08/2013,915,920,915,920,5080000
27/08/2013,875,920,870,920,7217500
28/08/2013,920,920,920,920,7217500
29/08/2013,920,920,920,920,185000
30/08/2013,920,920,920,920,250000
02/09/2013,930,930,900,900,7500
03/09/2013,900,930,900,930,525000
04/09/2013,930,930,930,930,525000
05/09/2013,930,1000,915,1000,297500
06/09/2013,930,930,930,930,2500
09/09/2013,945,945,935,935,52500
10/09/2013,950,950,905,915,32500
11/09/2013,920,920,880,880,22500
12/09/2013,930,940,930,940,45000
13/09/2013,940,940,940,940,45000
16/09/2013,940,940,940,940,45000
17/09/2013,935,935,920,920,485000
18/09/2013,920,920,920,920,485000
19/09/2013,915,950,915,950,12500
20/09/2013,950,950,950,950,12500
23/09/2013,900,900,900,900,7500
24/09/2013,900,940,900,940,30000
25/09/2013,940,940,940,940,30000
26/09/2013,940,940,920,940,172500
27/09/2013,940,940,940,940,172500
30/09/2013,940,940,940,940,172500
01/10/2013,880,940,880,940,20000
02/10/2013,940,950,940,950,5000
03/10/2013,940,950,940,950,82500
04/10/2013,950,950,950,950,242500
07/10/2013,950,950,940,940,12500
08/10/2013,940,940,940,940,12500
09/10/2013,925,940,925,940,7500
10/10/2013,920,930,895,930,250000
11/10/2013,930,930,930,930,2500
16/10/2013,900,900,880,880,25000
17/10/2013,885,905,875,905,67500
18/10/2013,920,920,920,920,5147500
21/10/2013,920,920,920,920,5147500
22/10/2013,920,920,920,920,5147500
23/10/2013,920,960,920,960,250000
24/10/2013,960,960,920,920,12500
25/10/2013,920,920,920,920,12500
28/10/2013,920,920,905,905,15000
29/10/2013,910,920,910,910,25000
30/10/2013,905,905,905,905,20000
31/10/2013,900,900,900,900,15000
01/11/2013,880,880,880,880,2500
04/11/2013,880,880,880,880,25000
06/11/2013,880,880,880,880,2500
07/11/2013,880,880,880,880,2500
08/11/2013,880,880,880,880,20000
11/11/2013,880,880,880,880,20000
12/11/2013,885,885,880,880,30000
13/11/2013,875,875,840,840,35000
14/11/2013,880,880,880,880,2500
15/11/2013,880,880,880,880,2500
18/11/2013,910,910,910,910,5000
19/11/2013,910,910,910,910,5000
20/11/2013,880,920,880,920,7500
21/11/2013,920,920,920,920,7500
22/11/2013,920,940,920,940,35000
25/11/2013,940,940,940,940,35000
26/11/2013,940,940,940,940,35000
27/11/2013,940,940,940,940,35000
28/11/2013,940,940,940,940,35000
29/11/2013,930,955,930,955,42500
02/12/2013,955,955,955,955,42500
03/12/2013,940,960,940,960,47500
04/12/2013,940,960,940,960,287500
05/12/2013,960,960,960,960,287500
06/12/2013,960,960,960,960,287500
09/12/2013,960,960,960,960,287500
10/12/2013,960,960,960,960,287500
11/12/2013,960,960,960,960,287500
12/12/2013,960,960,960,960,287500
13/12/2013,880,940,875,940,135000
16/12/2013,940,940,940,940,135000
17/12/2013,940,960,940,960,100000
18/12/2013,960,960,960,960,100000
19/12/2013,955,960,955,960,27500
20/12/2013,960,960,960,960,27500
23/12/2013,960,960,960,960,27500
24/12/2013,960,960,960,960,27500
27/12/2013,960,960,960,960,27500
30/12/2013,955,960,955,960,55000
02/01/2014,960,960,960,960,55000
03/01/2014,960,960,960,960,55000
06/01/2014,960,960,960,960,55000
07/01/2014,960,960,960,960,55000
08/01/2014,960,960,960,960,55000
09/01/2014,960,960,960,960,55000
10/01/2014,960,960,960,960,55000
13/01/2014,960,960,960,960,55000
15/01/2014,960,960,960,960,55000
16/01/2014,930,930,900,900,8000
17/01/2014,900,959,900,959,17000
20/01/2014,900,960,900,955,85500
21/01/2014,955,955,955,955,0
22/01/2014,955,955,955,955,0
23/01/2014,955,955,955,955,0
24/01/2014,955,955,955,955,0
27/01/2014,955,955,955,955,0
28/01/2014,955,955,955,955,0
29/01/2014,955,955,955,955,0
30/01/2014,955,955,955,955,5000
03/02/2014,955,955,955,955,0
04/02/2014,955,955,955,955,0
05/02/2014,955,955,955,955,0
06/02/2014,955,955,955,955,0
07/02/2014,955,955,955,955,0
10/02/2014,955,955,955,955,0
11/02/2014,955,955,955,955,0
12/02/2014,955,955,955,955,0
13/02/2014,955,955,955,955,0
14/02/2014,955,955,955,955,0
17/02/2014,955,955,955,955,0
18/02/2014,955,955,955,955,0
19/02/2014,955,955,955,955,0
20/02/2014,950,950,950,950,500
21/02/2014,950,950,950,950,0
24/02/2014,940,940,938,938,1000
25/02/2014,938,938,938,938,0
26/02/2014,900,906,875,875,4500
27/02/2014,875,880,841,850,30000
28/02/2014,850,850,850,850,0
03/03/2014,850,850,850,850,0
04/03/2014,790,880,790,840,98000
05/03/2014,858,940,840,939,151000
06/03/2014,939,939,939,939,0
07/03/2014,939,939,939,939,0
10/03/2014,939,939,939,939,0
11/03/2014,890,890,890,890,500
12/03/2014,845,845,810,810,17500
13/03/2014,811,910,800,899,60500
14/03/2014,850,955,823,955,47500
17/03/2014,955,955,954,954,12000
18/03/2014,955,955,954,954,12000
19/03/2014,880,880,851,857,105500
20/03/2014,857,900,856,900,162000
21/03/2014,900,900,900,900,10000
24/03/2014,900,900,900,900,0
25/03/2014,870,939,870,939,53000
26/03/2014,930,940,930,940,20000
27/03/2014,920,920,880,882,56500
28/03/2014,920,940,895,939,110000
01/04/2014,919,919,919,919,30000
02/04/2014,900,900,900,900,5500
03/04/2014,900,900,891,891,30500
04/04/2014,900,900,900,900,2500
07/04/2014,899,900,899,900,27000
08/04/2014,891,891,891,891,30000
09/04/2014,891,891,891,891,0
10/04/2014,891,891,891,891,35000
11/04/2014,900,900,900,900,1000
14/04/2014,900,900,900,900,51500
15/04/2014,890,900,890,900,55500
16/04/2014,880,880,880,880,500
17/04/2014,880,880,880,880,0
21/04/2014,850,850,850,850,3000
22/04/2014,867,867,850,850,42500
23/04/2014,850,850,850,850,0
24/04/2014,850,850,850,850,49500
25/04/2014,841,850,841,841,22500
28/04/2014,850,850,801,850,241500
29/04/2014,850,850,850,850,500
30/04/2014,830,900,830,900,58000
02/05/2014,899,900,880,885,61000
05/05/2014,872,880,872,872,56000
06/05/2014,872,872,872,872,500
07/05/2014,870,940,870,905,195500
08/05/2014,870,870,870,870,177000
09/05/2014,900,920,900,920,5000
12/05/2014,900,910,900,900,36000
13/05/2014,900,939,900,939,15500
14/05/2014,940,940,920,920,22000
16/05/2014,901,901,901,901,500
19/05/2014,940,940,901,940,29000
20/05/2014,862,880,862,862,10000
21/05/2014,920,939,920,920,12000
22/05/2014,940,940,919,940,28000
23/05/2014,940,940,940,940,500
26/05/2014,940,940,940,940,0
28/05/2014,940,940,940,940,0
30/05/2014,960,960,863,960,251000
02/06/2014,960,960,960,960,0
03/06/2014,960,960,960,960,0
04/06/2014,990,990,900,990,85000
05/06/2014,990,990,990,990,0
06/06/2014,960,970,960,960,25500
09/06/2014,920,930,920,920,3000
10/06/2014,896,900,894,896,46000
11/06/2014,920,920,900,920,211000
12/06/2014,882,920,882,882,123000
13/06/2014,910,910,882,910,29500
16/06/2014,915,915,910,915,105000
17/06/2014,915,915,915,915,0
18/06/2014,895,895,895,895,5000
19/06/2014,915,915,895,915,55000
20/06/2014,915,915,915,915,0
23/06/2014,960,960,960,960,54000
24/06/2014,1000,1000,940,1000,47000
25/06/2014,1000,1000,1000,1000,0
26/06/2014,1000,1000,1000,1000,0
27/06/2014,998,998,970,998,352500
30/06/2014,1000,1060,980,1000,477000
01/07/2014,1020,1020,998,1020,493000
02/07/2014,1020,1020,1000,1020,438000
03/07/2014,1010,1010,940,1010,436000
04/07/2014,1040,1040,1010,1040,340500
07/07/2014,1040,1040,1030,1040,280000
08/07/2014,1060,1060,1035,1060,308000
09/07/2014,1060,1060,1060,1060,0
10/07/2014,1060,1060,902,1060,219000
11/07/2014,1015,1055,1015,1015,255500
14/07/2014,1025,1025,1015,1025,150000
15/07/2014,1045,1045,1000,1045,566500
16/07/2014,1060,1060,1005,1060,657500
17/07/2014,1010,1010,1010,1010,10000
18/07/2014,980,1030,980,980,10000
21/07/2014,982,1000,980,982,2500
22/07/2014,982,982,982,982,0
23/07/2014,999,1035,982,999,81000
24/07/2014,999,999,999,999,0
25/07/2014,980,980,980,980,50000
04/08/2014,1000,1000,980,1000,13000
05/08/2014,970,1000,960,970,143000
06/08/2014,960,960,960,960,14500
07/08/2014,961,961,960,961,35500
08/08/2014,960,960,960,960,7500
11/08/2014,960,960,960,960,0
12/08/2014,960,960,960,960,6500
13/08/2014,960,960,960,960,0
14/08/2014,1000,1005,960,1000,265000
15/08/2014,1005,1005,1005,1005,1000
18/08/2014,1000,1000,980,1000,8000
19/08/2014,941,942,940,941,3000
20/08/2014,1000,1000,990,1000,3500
21/08/2014,1000,1000,960,1000,123500
22/08/2014,1000,1000,1000,1000,0
25/08/2014,1000,1000,995,1000,65000
26/08/2014,1005,1005,995,1005,215500
27/08/2014,1000,1000,958,1000,76500
28/08/2014,1000,1000,1000,1000,35000
29/08/2014,1005,1005,1000,1005,287500
01/09/2014,1020,1020,1010,1020,115000
02/09/2014,1035,1040,1020,1035,120000
03/09/2014,1050,1050,1035,1050,256000
04/09/2014,1080,1080,1050,1080,353500
05/09/2014,1105,1105,1075,1105,217000
08/09/2014,1120,1125,1100,1120,248500
09/09/2014,1105,1105,1100,1105,35000
10/09/2014,1005,1015,1005,1005,100500
11/09/2014,1030,1030,1000,1030,39000
12/09/2014,1040,1040,1035,1040,9000
15/09/2014,1040,1040,1010,1040,26500
16/09/2014,1090,1090,1075,1090,1000
17/09/2014,1095,1095,1050,1095,30000
18/09/2014,1090,1095,1090,1090,140000
19/09/2014,1100,1100,1090,1100,50000
22/09/2014,1100,1100,1100,1100,0
23/09/2014,1070,1070,1060,1070,82500
24/09/2014,1070,1070,1070,1070,0
25/09/2014,1070,1075,1070,1070,45000
26/09/2014,1070,1070,1070,1070,0
29/09/2014,1070,1070,1070,1070,0
30/09/2014,1070,1070,1070,1070,0
01/10/2014,1070,1070,1070,1070,0
02/10/2014,1000,1000,1000,1000,500
03/10/2014,960,1000,960,960,16000
06/10/2014,960,960,960,960,0
07/10/2014,960,960,960,960,0
08/10/2014,960,960,960,960,125000
09/10/2014,1010,1010,1000,1010,25500
10/10/2014,1010,1010,1000,1010,12500
13/10/2014,1010,1010,1010,1010,0
14/10/2014,1010,1010,1010,1010,0
15/10/2014,1010,1010,1010,1010,25000
16/10/2014,1010,1010,1010,1010,0
17/10/2014,1010,1010,1010,1010,0
20/10/2014,1040,1040,1020,1040,80000
21/10/2014,1040,1040,1000,1040,25000
22/10/2014,1040,1040,1030,1040,78500
23/10/2014,1050,1050,1000,1050,87000
24/10/2014,1050,1050,1050,1050,0
27/10/2014,1050,1050,1050,1050,0
28/10/2014,985,1000,985,985,6000
29/10/2014,1050,1050,1050,1050,10000
30/10/2014,1050,1060,1045,1050,110500
31/10/2014,1070,1070,1050,1070,150500
03/11/2014,1070,1070,1060,1070,25000
04/11/2014,1070,1070,1070,1070,0
05/11/2014,1070,1070,1070,1070,0
06/11/2014,1070,1070,1070,1070,0
07/11/2014,1100,1100,1040,1100,178000
10/11/2014,1080,1080,1080,1080,500
11/11/2014,1080,1080,1080,1080,0
12/11/2014,1080,1080,1080,1080,0
13/11/2014,1000,1020,1000,1000,64000
14/11/2014,996,1055,996,996,9000
17/11/2014,996,1000,1000,1000,19000
18/11/2014,965,965,965,965,1000
19/11/2014,965,965,965,965,0
20/11/2014,971,971,971,971,500
21/11/2014,1020,1040,970,1020,61500
24/11/2014,980,1040,980,980,187000
25/11/2014,1080,1100,985,1080,249000
26/11/2014,1040,1040,1040,1040,11500
27/11/2014,1040,1040,1040,1040,12500
28/11/2014,999,1000,982,999,93500
01/12/2014,1010,1015,1000,1000,15000
02/12/2014,1000,1000,982,983,6500
03/12/2014,1000,1005,1000,1005,16000
04/12/2014,1000,1000,1000,1000,25000
05/12/2014,1020,1020,1000,1000,11500
08/12/2014,1020,1020,1020,1020,1000
09/12/2014,1040,1040,1030,1040,35500
10/12/2014,1000,1000,980,980,18500
11/12/2014,983,1045,982,1045,18500
12/12/2014,1000,1000,987,987,43500
15/12/2014,987,987,987,987,0
16/12/2014,987,987,987,987,2500
17/12/2014,990,990,987,987,8000
18/12/2014,983,990,980,990,22500
19/12/2014,980,980,980,980,20000
22/12/2014,980,980,980,980,1000
23/12/2014,980,980,980,980,500
24/12/2014,980,980,980,980,500
29/12/2014,980,980,980,980,0
30/12/2014,982,1030,980,1030,41000
02/01/2015,1030,1030,1030,1030,0
05/01/2015,1000,1000,1000,1000,50000
06/01/2015,1000,1000,1000,1000,0
07/01/2015,990,995,990,995,50000
08/01/2015,995,995,995,995,0
09/01/2015,990,1000,990,1000,25000
12/01/2015,1000,1000,960,960,51000
13/01/2015,970,970,960,960,72000
14/01/2015,961,961,960,960,2500
15/01/2015,970,1020,970,970,71000
16/01/2015,970,970,970,970,0
19/01/2015,970,970,970,970,0
20/01/2015,970,970,970,970,500
21/01/2015,960,960,960,960,25000
22/01/2015,980,1000,980,990,112500
23/01/2015,990,990,990,990,0
26/01/2015,990,990,990,990,0
27/01/2015,990,990,990,990,0
28/01/2015,990,990,990,990,0
29/01/2015,1000,1010,1000,1000,55500
30/01/2015,970,970,970,970,500
02/02/2015,970,970,970,970,0
03/02/2015,960,960,960,960,7500
04/02/2015,960,980,950,980,59000
05/02/2015,980,980,980,980,0
06/02/2015,980,980,980,980,0
09/02/2015,980,980,980,980,0
10/02/2015,980,980,980,980,0
11/02/2015,980,980,980,980,0
12/02/2015,960,1000,900,1000,323000
13/02/2015,990,990,990,990,1000
16/02/2015,960,960,960,960,1000
17/02/2015,960,960,960,960,2000
18/02/2015,960,960,960,960,0
20/02/2015,960,960,960,960,0
23/02/2015,960,960,960,960,0
24/02/2015,927,943,927,943,16000
25/02/2015,970,972,970,972,3000
26/02/2015,974,980,974,979,21000
27/02/2015,979,979,979,979,0
02/03/2015,979,979,979,979,0
03/03/2015,979,979,979,979,0
04/03/2015,965,965,950,950,2500
05/03/2015,953,953,952,953,12500
06/03/2015,953,953,953,953,0
09/03/2015,950,950,950,950,2000
10/03/2015,950,950,950,950,0
11/03/2015,950,950,950,950,0
12/03/2015,970,1000,960,980,45500
13/03/2015,980,984,970,970,60500
16/03/2015,980,1000,962,980,80000
17/03/2015,980,980,980,980,10000
18/03/2015,970,970,970,970,1000
19/03/2015,950,950,950,950,4000
20/03/2015,940,940,900,940,125500
23/03/2015,920,980,914,980,34500
24/03/2015,970,970,970,970,500
25/03/2015,940,940,930,930,5500
26/03/2015,950,980,950,980,4000
27/03/2015,980,980,980,980,0
30/03/2015,980,980,980,980,0
31/03/2015,981,981,961,961,16000
01/04/2015,961,961,961,961,0
02/04/2015,980,980,980,980,2500
06/04/2015,940,960,940,960,3500
07/04/2015,960,960,960,960,0
08/04/2015,960,960,960,960,0
09/04/2015,960,960,960,960,7500
10/04/2015,960,960,960,960,0
13/04/2015,960,960,960,960,0
14/04/2015,960,960,960,960,0
15/04/2015,960,960,960,960,0
16/04/2015,960,960,960,960,0
17/04/2015,960,960,960,960,0
20/04/2015,960,960,960,960,0
21/04/2015,960,960,960,960,1500
22/04/2015,960,960,940,960,4000
23/04/2015,960,983,960,962,53500
24/04/2015,982,982,960,960,159500
27/04/2015,979,979,940,960,21500
28/04/2015,960,960,960,960,0
29/04/2015,960,960,960,960,0
30/04/2015,900,1000,900,1000,88000
04/05/2015,1000,1000,1000,1000,0
05/05/2015,975,975,975,975,100000
06/05/2015,980,980,980,980,10000
07/05/2015,980,980,980,980,0
08/05/2015,980,980,980,980,0
11/05/2015,980,980,980,980,10500
12/05/2015,979,979,970,970,1500
13/05/2015,964,964,964,964,500
15/05/2015,970,998,940,984,119500
18/05/2015,980,980,965,965,15000
19/05/2015,980,1000,980,1000,41500
20/05/2015,944,950,911,920,861000
21/05/2015,930,930,852,852,119500
22/05/2015,900,900,899,899,44500
25/05/2015,940,940,940,940,30000
26/05/2015,940,980,940,980,46500
27/05/2015,980,980,980,980,0
28/05/2015,960,980,960,980,7500
29/05/2015,980,980,980,980,0
01/06/2015,980,980,980,980,0
03/06/2015,980,980,980,980,0
04/06/2015,940,960,940,940,3500
05/06/2015,940,976,940,976,8500
08/06/2015,976,976,976,976,0
09/06/2015,976,976,976,976,0
10/06/2015,976,976,976,976,0
11/06/2015,982,1000,861,861,94500
12/06/2015,960,960,920,960,34500
15/06/2015,960,960,960,960,0
16/06/2015,960,960,960,960,0
17/06/2015,960,960,960,960,0
18/06/2015,960,960,960,960,0
19/06/2015,984,1000,960,980,446000
22/06/2015,960,980,960,980,14000
23/06/2015,980,990,980,988,82500
24/06/2015,988,988,988,988,500
25/06/2015,990,995,990,995,53000
26/06/2015,997,997,997,997,100000
29/06/2015,997,997,997,997,100000
30/06/2015,997,997,997,997,0
01/07/2015,997,997,997,997,75000
02/07/2015,997,997,997,997,0
03/07/2015,998,998,998,998,2000
06/07/2015,990,1020,990,1020,262500
07/07/2015,990,990,990,990,500
08/07/2015,978,978,978,978,500
09/07/2015,978,978,978,978,150000
10/07/2015,950,950,938,940,5000
13/07/2015,940,940,940,940,0
14/07/2015,980,994,900,994,114500
15/07/2015,994,994,994,994,0
22/07/2015,994,994,994,994,0
23/07/2015,994,994,994,994,0
24/07/2015,994,994,994,994,0
27/07/2015,994,994,994,994,0
28/07/2015,994,994,994,994,0
29/07/2015,994,994,994,994,0
30/07/2015,994,994,994,994,0
31/07/2015,994,994,994,994,0
03/08/2015,980,982,980,980,27000
04/08/2015,980,980,980,980,1000
05/08/2015,980,980,980,980,0
06/08/2015,981,989,981,989,377000
07/08/2015,989,989,989,989,0
10/08/2015,989,989,989,989,0
11/08/2015,950,989,950,989,3500
12/08/2015,900,900,900,900,2000
13/08/2015,980,982,980,982,167500
14/08/2015,989,989,980,980,3500
18/08/2015,980,980,980,980,0
19/08/2015,980,980,980,980,0
20/08/2015,980,980,980,980,0
21/08/2015,980,980,980,980,0
24/08/2015,980,980,980,980,0
25/08/2015,980,980,980,980,0
26/08/2015,980,980,980,980,0
27/08/2015,980,980,980,980,0
28/08/2015,986,988,900,900,127500
31/08/2015,910,984,900,984,161000
01/09/2015,975,984,944,944,12500
02/09/2015,924,980,905,980,242500
03/09/2015,980,980,980,980,500
04/09/2015,921,980,903,980,261500
07/09/2015,980,980,980,980,0
08/09/2015,980,980,980,980,0
09/09/2015,977,977,977,977,500
10/09/2015,977,977,977,977,0
11/09/2015,905,960,880,960,96000
14/09/2015,959,960,959,960,1445500
15/09/2015,960,960,960,960,0
16/09/2015,940,940,880,880,11500
17/09/2015,910,940,910,940,829000
18/09/2015,940,940,940,940,0
21/09/2015,940,940,940,940,0
22/09/2015,938,939,938,939,50500
23/09/2015,939,939,939,939,0
25/09/2015,939,939,939,939,0
28/09/2015,939,939,939,939,0
29/09/2015,860,900,846,846,725000
30/09/2015,842,900,762,900,487500
01/10/2015,860,860,817,820,563500
02/10/2015,780,819,780,819,64500
05/10/2015,800,800,800,800,2000
06/10/2015,820,820,820,820,6000
07/10/2015,820,820,820,820,2500
08/10/2015,800,820,780,820,66000
09/10/2015,820,820,820,820,0
12/10/2015,800,820,800,820,63500
13/10/2015,820,820,800,820,31500
15/10/2015,820,820,820,820,5500
16/10/2015,820,820,820,820,5500
19/10/2015,820,820,820,820,0
20/10/2015,820,820,820,820,0
21/10/2015,810,820,738,820,734500
22/10/2015,800,800,800,800,500
23/10/2015,800,800,800,800,50000
26/10/2015,799,799,799,799,500
27/10/2015,799,799,799,799,0
28/10/2015,750,800,730,800,24500
29/10/2015,800,800,800,800,0
30/10/2015,800,800,800,800,0
02/11/2015,800,800,800,800,0
03/11/2015,795,795,795,795,1000
04/11/2015,795,795,795,795,0
05/11/2015,795,795,795,795,0
06/11/2015,795,795,795,795,0
09/11/2015,795,795,795,795,0
10/11/2015,795,795,795,795,0
11/11/2015,795,795,795,795,0
12/11/2015,795,795,795,795,0
13/11/2015,795,795,795,795,1000
16/11/2015,795,795,795,795,500
17/11/2015,795,795,795,795,0
18/11/2015,795,795,795,795,0
19/11/2015,795,795,795,795,0
20/11/2015,795,795,795,795,0
23/11/2015,780,795,780,795,9500
24/11/2015,795,795,795,795,0
25/11/2015,795,795,795,795,0
26/11/2015,795,795,795,795,0
27/11/2015,795,795,795,795,0
30/11/2015,716,759,716,755,3907000
01/12/2015,700,752,700,752,2500
02/12/2015,750,758,750,758,6000
03/12/2015,760,760,700,760,26000
04/12/2015,700,760,700,760,3500
07/12/2015,700,750,700,750,5500
08/12/2015,756,780,756,780,1286500
09/12/2015,780,780,780,780,0
10/12/2015,750,940,750,940,50500
11/12/2015,848,852,846,846,28500
14/12/2015,800,800,762,762,4000
15/12/2015,762,762,761,761,10000
16/12/2015,761,761,761,761,0
17/12/2015,761,761,761,761,0
18/12/2015,899,899,899,899,105000
21/12/2015,880,880,880,880,1500
22/12/2015,880,880,880,880,0
23/12/2015,880,880,880,880,0
28/12/2015,880,880,880,880,0
29/12/2015,820,820,802,802,16500
30/12/2015,802,802,802,802,163000
04/01/2016,730,730,722,722,147000
05/01/2016,720,780,715,780,126000
06/01/2016,720,725,716,716,209500
07/01/2016,720,720,720,720,127500
08/01/2016,720,720,715,715,2000
11/01/2016,715,715,715,715,0
12/01/2016,715,715,715,715,0
13/01/2016,700,700,655,655,8500
14/01/2016,655,717,655,655,72500
15/01/2016,720,720,720,720,100000
18/01/2016,716,716,700,700,15000
19/01/2016,700,700,700,700,0
20/01/2016,700,700,700,700,0
21/01/2016,640,668,640,668,79000
22/01/2016,668,668,668,668,0
25/01/2016,640,667,602,602,476500
26/01/2016,622,680,622,680,714500
27/01/2016,679,680,679,680,38500
28/01/2016,680,680,680,680,0
29/01/2016,680,680,680,680,0
01/02/2016,630,680,630,680,67500
02/02/2016,680,680,680,680,0
03/02/2016,680,680,680,680,0
04/02/2016,700,700,700,700,300000
05/02/2016,700,700,700,700,0
09/02/2016,720,720,720,720,25000
10/02/2016,720,720,720,720,0
11/02/2016,720,720,720,720,0
12/02/2016,720,720,720,720,0
15/02/2016,720,720,720,720,0
16/02/2016,720,720,720,720,0
17/02/2016,720,720,720,720,0
18/02/2016,720,720,720,720,0
19/02/2016,720,720,720,720,0
22/02/2016,720,720,720,720,0
23/02/2016,720,720,720,720,0
24/02/2016,719,719,719,719,500
25/02/2016,719,719,719,719,0
26/02/2016,719,719,719,719,0
29/02/2016,719,719,719,719,0
01/03/2016,719,719,719,719,0
02/03/2016,719,719,719,719,0
03/03/2016,719,719,719,719,0
04/03/2016,719,719,719,719,0
07/03/2016,719,719,719,719,1000
08/03/2016,716,720,716,720,200500
10/03/2016,720,720,720,720,0
11/03/2016,720,720,720,720,0
14/03/2016,720,720,720,720,0
15/03/2016,720,720,720,720,0
16/03/2016,720,720,720,720,0
17/03/2016,715,715,715,715,1000
18/03/2016,720,720,720,720,0
21/03/2016,696,696,696,696,5500
22/03/2016,676,700,676,700,163500
23/03/2016,700,700,700,700,0
24/03/2016,700,700,700,700,0
28/03/2016,700,700,700,700,0
29/03/2016,700,700,700,700,0
30/03/2016,700,700,700,700,0
31/03/2016,700,700,700,700,0
01/04/2016,719,719,719,719,1000
04/04/2016,718,718,718,718,1000
05/04/2016,718,718,718,718,500
06/04/2016,718,718,718,718,3000
07/04/2016,712,712,712,712,500
08/04/2016,718,718,718,718,500
11/04/2016,718,718,718,718,0
12/04/2016,718,718,718,718,0
13/04/2016,718,718,718,718,0
14/04/2016,718,718,718,718,0
15/04/2016,718,718,718,718,0
18/04/2016,718,718,718,718,0
19/04/2016,718,718,718,718,0
20/04/2016,718,718,718,718,0
21/04/2016,680,680,680,680,500
22/04/2016,680,680,680,680,0
25/04/2016,680,680,680,680,0
26/04/2016,680,680,660,680,27500
27/04/2016,680,680,680,680,500
28/04/2016,680,680,680,680,0
29/04/2016,674,674,674,674,500
02/05/2016,674,674,674,674,0
03/05/2016,780,780,780,780,20000
04/05/2016,780,780,780,780,20000
09/05/2016,780,780,780,780,0
10/05/2016,780,780,780,780,0
11/05/2016,780,780,780,780,0
12/05/2016,780,780,780,780,0
13/05/2016,780,780,720,720,5000
16/05/2016,720,720,720,720,0
17/05/2016,738,738,738,738,500
18/05/2016,738,738,738,738,1000
19/05/2016,738,738,738,738,0
20/05/2016,680,680,680,680,10
23/05/2016,680,680,612,678,189500
24/05/2016,660,698,660,698,10500
25/05/2016,680,680,660,660,1000
26/05/2016,660,660,660,660,0
27/05/2016,660,660,660,660,1500
30/05/2016,660,660,660,660,105000
31/05/2016,660,660,660,660,2500
01/06/2016,660,660,660,660,0
02/06/2016,660,660,660,660,0
03/06/2016,640,640,640,640,2000
06/06/2016,640,640,640,640,26500
07/06/2016,640,640,620,640,2000
08/06/2016,640,640,640,640,0
09/06/2016,640,640,640,640,53000
10/06/2016,630,640,630,640,3000
13/06/2016,640,640,640,640,0
14/06/2016,630,630,630,630,3000
15/06/2016,630,630,630,630,500
16/06/2016,630,660,630,630,40000
17/06/2016,630,630,630,630,0
20/06/2016,630,700,630,700,316000
21/06/2016,684,684,664,664,154500
22/06/2016,678,678,678,678,1000
23/06/2016,678,678,664,664,1000
24/06/2016,600,640,600,600,798000
27/06/2016,600,620,598,616,1127500
28/06/2016,616,616,616,616,0
29/06/2016,616,616,616,616,1500
30/06/2016,616,680,600,680,506000
01/07/2016,670,670,670,670,2000
11/07/2016,670,670,670,670,0
12/07/2016,670,670,670,670,0
13/07/2016,670,670,670,670,0
14/07/2016,640,640,622,622,5500
15/07/2016,622,682,622,682,404500
18/07/2016,682,682,682,682,0
19/07/2016,682,682,682,682,0
20/07/2016,670,680,670,680,51000
21/07/2016,680,680,680,680,0
22/07/2016,680,680,680,680,0
25/07/2016,680,680,680,680,0
26/07/2016,680,680,680,680,0
27/07/2016,680,680,680,680,0
28/07/2016,680,680,680,680,0
29/07/2016,680,680,680,680,0
01/08/2016,680,680,680,680,0
02/08/2016,680,680,680,680,57500
03/08/2016,680,680,680,680,0
04/08/2016,778,778,680,778,885000
05/08/2016,760,800,760,780,3236000
08/08/2016,780,780,758,758,1142000
09/08/2016,778,778,772,776,779500
10/08/2016,778,778,770,776,1008500
11/08/2016,778,778,748,778,463500
12/08/2016,778,778,740,760,239000
15/08/2016,760,778,758,760,54500
16/08/2016,740,740,740,740,1000000
18/08/2016,740,740,738,738,525500
19/08/2016,738,738,734,738,14500
22/08/2016,738,738,728,738,115500
23/08/2016,728,738,728,738,42500
24/08/2016,740,740,732,740,85000
25/08/2016,738,744,738,738,2013500
26/08/2016,740,740,738,740,134000
29/08/2016,740,740,694,710,183500
30/08/2016,728,728,726,726,9000
31/08/2016,726,726,720,720,32000
01/09/2016,720,720,720,720,0
02/09/2016,720,720,702,720,67000
05/09/2016,720,720,712,720,13000
06/09/2016,720,720,720,720,75500
07/09/2016,718,718,718,718,6500
08/09/2016,718,720,718,718,6000
09/09/2016,718,720,716,720,18000
13/09/2016,720,720,720,720,0
14/09/2016,714,714,714,714,1000
15/09/2016,714,718,714,718,57000
16/09/2016,718,718,700,718,10500
19/09/2016,716,718,716,718,21000
20/09/2016,716,718,716,716,7500
21/09/2016,716,716,716,716,3500
22/09/2016,716,716,716,716,0
23/09/2016,716,716,716,716,2500
26/09/2016,716,716,716,716,0
27/09/2016,716,716,706,712,19000
28/09/2016,712,712,712,712,5000
29/09/2016,710,712,700,712,23000
30/09/2016,712,712,712,712,0
03/10/2016,704,704,704,704,271000
04/10/2016,704,704,678,684,1384000
05/10/2016,684,684,684,684,0
06/10/2016,680,684,680,682,208500
07/10/2016,680,720,672,720,638000
10/10/2016,720,720,700,718,13000
11/10/2016,718,718,718,718,0
12/10/2016,716,716,704,706,51000
13/10/2016,706,706,706,706,0
14/10/2016,706,706,706,706,10000
17/10/2016,700,710,700,710,726000
18/10/2016,720,720,706,706,438500
19/10/2016,704,704,700,704,32500
20/10/2016,700,704,700,704,136500
21/10/2016,702,702,702,702,202000
24/10/2016,702,702,700,700,326500
25/10/2016,700,700,698,698,160500
26/10/2016,698,700,680,696,7500
27/10/2016,680,690,680,684,34000
28/10/2016,684,684,682,682,39000
31/10/2016,680,700,680,688,539000
01/11/2016,688,688,684,684,15500
02/11/2016,684,684,680,684,50000
03/11/2016,684,684,684,684,14000
04/11/2016,684,690,660,690,10500
07/11/2016,690,690,680,690,129000
08/11/2016,684,690,672,690,508000
09/11/2016,674,690,670,690,28500
10/11/2016,684,692,684,692,841500
11/11/2016,692,700,686,700,453000
14/11/2016,696,720,694,710,131500
15/11/2016,710,710,694,694,4500
16/11/2016,694,698,680,694,183000
17/11/2016,694,694,694,694,1000
18/11/2016,694,694,670,690,19500
21/11/2016,690,690,642,642,21500
22/11/2016,642,690,638,680,687500
23/11/2016,680,690,680,690,74000
24/11/2016,690,690,654,654,6000
25/11/2016,680,684,664,680,126000
28/11/2016,680,680,672,680,39500
29/11/2016,682,688,682,686,124500
30/11/2016,670,680,670,674,153000
01/12/2016,674,676,672,674,215000
02/12/2016,688,692,678,690,193000
05/12/2016,700,700,690,700,26500
06/12/2016,700,700,700,700,0
07/12/2016,698,698,698,698,5500
08/12/2016,696,696,696,696,1000
09/12/2016,694,694,694,694,500
13/12/2016,694,694,694,694,1000
14/12/2016,692,692,692,692,1000
15/12/2016,690,700,680,692,158500
16/12/2016,692,692,692,692,0
19/12/2016,680,680,680,680,1000
20/12/2016,680,680,680,680,500
21/12/2016,680,680,680,680,0
22/12/2016,674,674,672,672,5000
23/12/2016,672,672,672,672,61000
27/12/2016,676,680,670,680,158500
28/12/2016,680,680,660,660,10500
29/12/2016,662,680,656,662,405500
30/12/2016,662,700,662,700,107500
02/01/2017,700,700,700,700,0
03/01/2017,664,700,664,700,59500
04/01/2017,700,700,698,698,2500
05/01/2017,698,698,690,690,4500
06/01/2017,690,690,690,690,9500
09/01/2017,690,690,672,688,2500
10/01/2017,688,688,688,688,3000
11/01/2017,688,688,688,688,0
12/01/2017,688,688,688,688,500
13/01/2017,688,688,688,688,10000
16/01/2017,688,688,680,688,28000
17/01/2017,688,690,688,690,66000
18/01/2017,690,700,682,682,24500
19/01/2017,684,686,682,686,83500
20/01/2017,686,688,686,688,37500
23/01/2017,688,690,688,690,220000
24/01/2017,690,690,690,690,22500
25/01/2017,690,690,690,690,55000
26/01/2017,690,690,650,690,586500
27/01/2017,690,690,690,690,80000
30/01/2017,690,690,690,690,0
31/01/2017,700,700,688,700,562500
01/02/2017,700,700,700,700,0
02/02/2017,698,698,698,698,1000
03/02/2017,698,698,680,698,8000
06/02/2017,698,698,686,686,17000
07/02/2017,686,700,686,686,179500
08/02/2017,686,690,686,686,175000
09/02/2017,686,692,686,686,755000
10/02/2017,686,688,686,688,109500
13/02/2017,688,690,688,688,91500
14/02/2017,688,690,686,688,467500
15/02/2017,688,688,688,688,0
16/02/2017,688,690,686,686,151000
17/02/2017,686,686,686,686,54500
20/02/2017,686,686,676,686,59500
21/02/2017,686,686,676,686,20000
22/02/2017,676,686,670,686,62500
23/02/2017,684,686,684,686,22500
24/02/2017,666,686,666,686,20000
27/02/2017,686,686,684,686,31000
28/02/2017,684,684,684,684,31500
01/03/2017,684,684,666,676,277500
02/03/2017,680,680,676,676,335000
03/03/2017,680,680,676,676,108000
06/03/2017,676,676,676,676,30000
07/03/2017,676,676,676,676,2500
08/03/2017,676,678,676,676,247500
09/03/2017,674,676,672,674,101500
10/03/2017,676,676,672,674,67500
13/03/2017,674,680,670,674,888500
14/03/2017,674,674,660,660,328000
15/03/2017,660,664,656,656,171500
16/03/2017,658,660,654,660,586500
17/03/2017,660,660,660,660,374500
20/03/2017,660,664,656,658,457000
21/03/2017,658,658,656,658,294000
22/03/2017,658,658,656,658,41000
23/03/2017,660,660,656,658,62000
24/03/2017,658,658,656,658,128500
27/03/2017,656,658,656,656,147000
29/03/2017,658,660,656,658,2908500
30/03/2017,656,660,656,656,1546000
31/03/2017,658,660,650,658,5048000
03/04/2017,660,740,658,676,7841000
04/04/2017,676,740,676,720,7010500
06/04/2017,728,732,712,720,8067500
07/04/2017,720,720,700,706,1417000
10/04/2017,708,710,694,700,890500
11/04/2017,700,702,694,700,586000
12/04/2017,700,710,694,700,4706000
13/04/2017,702,740,698,704,22415500
17/04/2017,704,716,704,712,6924500
18/04/2017,716,724,712,720,6210000
19/04/2017,720,720,720,720,0
20/04/2017,720,890,720,720,39204000
21/04/2017,730,744,714,720,7159000
25/04/2017,720,740,718,730,7471000
26/04/2017,730,730,716,720,5461500
27/04/2017,730,730,714,718,2081000
28/04/2017,718,720,702,704,3300500
02/05/2017,706,712,680,706,2570000
03/05/2017,700,706,694,706,10482500
04/05/2017,704,716,704,710,1623500
05/05/2017,700,708,690,698,2471500
08/05/2017,698,704,694,698,4258000
09/05/2017,698,700,690,698,434000
10/05/2017,690,696,650,680,582500
12/05/2017,680,684,670,684,1281000
15/05/2017,682,682,658,674,456000
16/05/2017,674,674,664,674,1437000
17/05/2017,674,682,666,676,1002500
18/05/2017,676,680,668,672,201500
19/05/2017,672,780,666,694,4344000
22/05/2017,694,700,672,690,1149000
23/05/2017,690,702,690,690,750000
24/05/2017,690,696,680,696,15500
26/05/2017,680,688,678,688,12500
29/05/2017,692,694,682,688,171000
30/05/2017,686,688,680,688,37500
31/05/2017,688,708,686,700,3416000
01/06/2017,700,700,700,700,0
02/06/2017,700,700,686,696,18000
05/06/2017,692,692,690,690,32500
06/06/2017,684,690,680,688,75000
07/06/2017,688,688,676,686,177000
08/06/2017,682,686,670,680,114500
09/06/2017,678,678,670,670,108500
12/06/2017,670,674,660,672,214000
13/06/2017,674,674,672,672,84500
14/06/2017,670,680,670,676,168000
15/06/2017,676,676,670,670,564000
16/06/2017,670,676,670,672,108500
19/06/2017,672,676,672,672,209500
20/06/2017,676,676,672,672,58500
21/06/2017,674,674,670,670,7500
22/06/2017,676,676,656,660,331000
23/06/2017,660,660,660,660,0
26/06/2017,660,660,660,660,0
27/06/2017,660,660,660,660,0
28/06/2017,660,660,660,660,0
29/06/2017,660,660,660,660,0
30/06/2017,660,660,660,660,0
03/07/2017,660,668,656,656,898500
04/07/2017,664,674,652,670,105000
05/07/2017,660,670,650,654,278500
06/07/2017,654,662,648,660,285000
07/07/2017,656,658,648,658,118500
10/07/2017,658,658,658,658,0
11/07/2017,646,650,640,650,402500
12/07/2017,650,654,650,650,418000
13/07/2017,644,680,642,680,108000
14/07/2017,676,676,650,660,125000
17/07/2017,670,670,650,650,41000
18/07/2017,658,658,656,656,328500
19/07/2017,658,660,650,650,249000
20/07/2017,650,660,640,658,1801500
21/07/2017,656,660,656,660,2014000
24/07/2017,648,670,648,650,237000
25/07/2017,650,650,638,640,1539000
26/07/2017,638,640,636,636,908500
27/07/2017,636,640,636,640,406500
28/07/2017,638,640,636,640,77000
31/07/2017,640,640,636,636,1337500
01/08/2017,640,640,634,634,387000
02/08/2017,632,634,630,632,90500
03/08/2017,632,640,630,630,80000
04/08/2017,632,632,624,632,263500
07/08/2017,630,636,628,628,554000
08/08/2017,632,640,632,640,1616500
09/08/2017,638,638,638,638,31000
10/08/2017,638,638,634,634,5000
11/08/2017,626,640,620,638,26500
14/08/2017,638,638,622,622,792000
15/08/2017,620,630,620,628,1024500
16/08/2017,628,628,626,626,131000
17/08/2017,626,626,626,626,0
18/08/2017,634,634,622,624,239500
21/08/2017,624,630,618,618,649000
22/08/2017,620,634,618,624,605500
23/08/2017,620,624,612,624,885500
24/08/2017,620,620,616,618,157500
25/08/2017,618,618,616,618,463000
28/08/2017,620,620,614,614,526000
29/08/2017,618,620,614,614,672000
30/08/2017,616,620,614,614,863500
31/08/2017,614,620,614,614,198500
01/09/2017,614,614,614,614,0
04/09/2017,614,618,612,618,576000
05/09/2017,614,618,612,618,144000
06/09/2017,618,618,612,616,490500
07/09/2017,620,620,614,618,341500
08/09/2017,618,618,612,612,627500
11/09/2017,614,618,612,618,190000
12/09/2017,616,618,614,618,973000
13/09/2017,618,620,614,616,539500
14/09/2017,614,620,614,620,874000
15/09/2017,614,620,614,618,908500
18/09/2017,616,618,616,618,556000
19/09/2017,618,620,616,616,758500
20/09/2017,616,620,600,608,2288000
21/09/2017,608,608,608,608,0
22/09/2017,620,650,614,634,8838500
25/09/2017,640,710,640,650,4908000
26/09/2017,650,670,650,652,1918000
27/09/2017,654,660,650,660,218000
28/09/2017,662,680,652,652,1202500
29/09/2017,652,670,652,658,1275500
02/10/2017,658,672,658,660,386000
03/10/2017,670,670,656,660,507500
04/10/2017,660,670,650,650,1000500
05/10/2017,652,668,642,648,934500
06/10/2017,648,660,646,650,600000
09/10/2017,650,668,642,658,411000
10/10/2017,660,688,660,660,2012500
11/10/2017,660,668,654,658,1369500
12/10/2017,660,682,660,672,2878500
13/10/2017,678,684,660,660,1518000
16/10/2017,660,686,660,668,1773500
17/10/2017,670,682,666,668,2066000
18/10/2017,670,690,668,668,6237500
19/10/2017,668,680,666,670,1761000
20/10/2017,680,690,670,680,1150500
23/10/2017,676,696,676,690,606500
24/10/2017,692,700,688,690,765500
25/10/2017,696,728,694,714,499000
26/10/2017,694,730,694,730,1345500
27/10/2017,730,732,716,716,1808500
30/10/2017,716,724,702,710,2307000
31/10/2017,720,720,704,708,660500
01/11/2017,704,704,696,696,1395000
02/11/2017,692,704,692,700,572000
03/11/2017,694,716,694,710,375000
06/11/2017,714,714,702,702,62500
07/11/2017,700,706,694,696,46500
08/11/2017,696,696,694,696,29500
09/11/2017,700,710,694,700,115500
10/11/2017,700,704,700,702,63000
13/11/2017,702,708,702,706,586000
14/11/2017,704,714,702,712,127000
15/11/2017,712,712,710,712,306500
16/11/2017,712,720,710,712,52500
17/11/2017,712,714,712,714,30000
20/11/2017,714,730,714,720,323000
21/11/2017,724,724,702,718,450500
22/11/2017,720,724,720,722,1577500
23/11/2017,722,722,716,720,1661500
24/11/2017,720,720,718,720,1266000
27/11/2017,720,726,720,722,658000
28/11/2017,722,734,718,720,1134500
29/11/2017,720,722,716,720,1759000
30/11/2017,720,726,710,720,510500
01/12/2017,720,720,720,720,0
04/12/2017,724,738,720,720,1882000
05/12/2017,720,722,718,720,1103500
06/12/2017,720,724,720,720,596000
07/12/2017,720,720,716,716,562000
08/12/2017,716,722,716,720,1854500
11/12/2017,720,722,720,722,565500
12/12/2017,720,720,716,716,77000
13/12/2017,716,722,716,718,77000
14/12/2017,718,720,718,718,1841500
15/12/2017,718,720,718,718,132000
18/12/2017,718,720,718,718,972000
19/12/2017,718,718,716,718,1051500
20/12/2017,718,730,714,714,25000
21/12/2017,718,724,714,722,1582500
22/12/2017,714,720,714,720,347500
25/12/2017,720,720,720,720,0
26/12/2017,720,720,720,720,0
27/12/2017,720,720,714,718,880500
28/12/2017,718,718,716,718,534000
29/12/2017,716,722,714,716,316500
01/01/2018,716,716,716,716,0
02/01/2018,714,720,714,720,247500
03/01/2018,714,720,714,720,493500
04/01/2018,718,720,714,720,230000
05/01/2018,720,724,718,722,128000
08/01/2018,726,726,720,724,429500
09/01/2018,730,730,720,722,1541000
10/01/2018,720,722,720,720,612000
11/01/2018,720,722,716,720,293500
12/01/2018,720,722,720,722,46500
15/01/2018,724,724,720,720,15000
16/01/2018,728,728,716,722,78000
17/01/2018,722,724,720,720,79500
18/01/2018,720,724,718,724,294000
19/01/2018,724,724,720,722,89500
22/01/2018,722,728,722,726,84500
23/01/2018,728,736,726,730,397000
24/01/2018,738,738,726,726,31500
25/01/2018,734,738,732,732,104500
26/01/2018,732,736,732,732,806000
29/01/2018,738,756,738,748,391500
30/01/2018,748,756,740,750,172000
31/01/2018,742,776,742,762,340500
01/02/2018,762,764,754,764,214500
02/02/2018,762,778,760,770,250500
05/02/2018,760,786,760,780,718000
06/02/2018,780,780,730,768,1105000
07/02/2018,770,770,756,760,4961500
08/02/2018,760,774,754,770,31500
09/02/2018,760,770,754,770,1133500
12/02/2018,770,772,760,760,217500
13/02/2018,760,770,760,760,6565000
14/02/2018,760,760,742,756,8000
15/02/2018,750,780,750,766,25500
16/02/2018,766,766,766,766,0
19/02/2018,770,774,770,770,79500
20/02/2018,762,770,762,762,115000
21/02/2018,762,770,760,762,746500
22/02/2018,762,766,760,760,1988000
23/02/2018,760,768,760,760,15500
26/02/2018,760,780,756,776,348500
27/02/2018,776,776,760,770,144000
28/02/2018,766,780,766,780,58000
01/03/2018,780,796,762,786,219000
02/03/2018,796,796,794,796,85500
05/03/2018,796,820,796,806,259000
06/03/2018,806,820,806,814,134500
07/03/2018,818,820,800,814,205000
08/03/2018,814,814,790,800,135500
09/03/2018,790,826,780,822,720500
12/03/2018,822,824,820,820,409000
13/03/2018,792,830,792,830,342000
14/03/2018,830,830,820,830,93500
15/03/2018,828,828,820,826,108500
16/03/2018,826,826,826,826,85000
19/03/2018,826,826,786,786,384500
20/03/2018,800,800,764,770,4623500
21/03/2018,786,786,772,772,2070000
22/03/2018,774,774,772,772,1229000
23/03/2018,768,830,768,830,269000
26/03/2018,820,820,800,818,59500
27/03/2018,818,820,800,800,82000
28/03/2018,798,798,794,794,102500
29/03/2018,794,796,794,794,110000
30/03/2018,794,794,794,794,0
02/04/2018,794,814,794,812,200000
03/04/2018,812,812,802,802,37000
04/04/2018,802,830,780,830,836000
05/04/2018,840,840,824,828,56500
06/04/2018,826,826,826,826,87500
09/04/2018,820,840,820,840,178500
10/04/2018,840,840,834,834,41000
11/04/2018,832,836,832,834,215500
12/04/2018,834,850,834,836,144000
13/04/2018,832,836,832,832,35500
16/04/2018,832,832,832,832,0
17/04/2018,832,832,832,832,0
18/04/2018,832,848,832,832,479000
19/04/2018,832,832,832,832,0
20/04/2018,832,832,832,832,0
23/04/2018,848,848,832,836,34000
24/04/2018,832,832,832,832,25000
25/04/2018,832,832,832,832,0
26/04/2018,832,832,832,832,0
27/04/2018,832,832,832,832,0
30/04/2018,840,842,800,800,161000
01/05/2018,800,800,800,800,0
02/05/2018,784,784,720,752,835500
03/05/2018,758,758,740,740,2785000
04/05/2018,740,740,732,738,3525000
07/05/2018,738,738,732,734,41000
08/05/2018,738,738,734,734,218000
09/05/2018,720,798,720,730,91500
10/05/2018,730,730,730,730,0
11/05/2018,736,736,736,736,5500
14/05/2018,736,736,736,736,0
15/05/2018,740,740,720,720,53500
16/05/2018,768,768,756,764,528500
17/05/2018,764,764,750,750,654000
18/05/2018,750,780,748,780,1175000
21/05/2018,760,780,760,780,5500
22/05/2018,760,760,754,758,10000
23/05/2018,732,774,722,774,31000
24/05/2018,774,774,774,774,0
25/05/2018,770,772,760,760,338000
28/05/2018,760,760,760,760,6500
29/05/2018,760,760,760,760,0
30/05/2018,760,778,736,778,20500
31/05/2018,776,830,776,830,407500
01/06/2018,830,830,830,830,0
04/06/2018,828,828,828,828,5000
05/06/2018,822,822,822,822,25000
06/06/2018,822,822,822,822,0
07/06/2018,820,820,820,820,500
08/06/2018,820,820,820,820,0
11/06/2018,820,820,820,820,0
12/06/2018,820,820,820,820,0
13/06/2018,820,820,820,820,0
14/06/2018,820,820,820,820,0
15/06/2018,820,820,820,820,0
18/06/2018,820,820,820,820,0
19/06/2018,820,820,820,820,0
20/06/2018,820,820,820,820,0
21/06/2018,820,820,820,820,0
22/06/2018,820,820,820,820,0
25/06/2018,820,820,820,820,0
26/06/2018,790,790,770,770,3000
27/06/2018,760,820,742,820,114500
28/06/2018,800,800,784,784,13000
29/06/2018,782,900,770,900,1464000
02/07/2018,860,900,760,800,29500
03/07/2018,790,790,760,760,38000
04/07/2018,760,760,760,760,0
05/07/2018,760,760,750,754,22500
06/07/2018,754,766,736,766,52500
09/07/2018,768,770,766,770,8000
10/07/2018,770,770,750,752,37000
11/07/2018,752,754,752,754,2000
12/07/2018,754,754,732,742,236500
13/07/2018,736,736,736,736,6500
16/07/2018,734,736,734,736,25500
17/07/2018,742,742,740,740,1500
18/07/2018,740,740,740,740,5000
19/07/2018,790,790,790,790,5000
20/07/2018,788,788,758,758,635500
23/07/2018,760,760,746,746,1500
24/07/2018,746,746,746,746,0
25/07/2018,746,900,742,900,313000
26/07/2018,900,900,780,784,55000
27/07/2018,782,782,782,782,2500
30/07/2018,782,782,760,764,5500
31/07/2018,764,784,762,762,67500
01/08/2018,762,780,730,754,62500
02/08/2018,760,790,740,780,13500
03/08/2018,780,780,780,780,0
06/08/2018,780,780,780,780,0
07/08/2018,780,780,750,750,4000
08/08/2018,750,750,730,736,40500
09/08/2018,736,778,730,742,2297500
10/08/2018,760,778,756,758,3176000
13/08/2018,758,780,752,766,1158500
14/08/2018,760,774,752,762,67000
15/08/2018,762,764,722,724,357500
16/08/2018,724,730,724,724,70000
17/08/2018,724,724,724,724,0
20/08/2018,724,726,724,726,20000
21/08/2018,720,724,720,724,43500
22/08/2018,724,724,724,724,0
23/08/2018,740,740,726,726,27500
24/08/2018,726,726,720,720,19000
27/08/2018,730,730,730,730,34500
28/08/2018,730,760,720,760,173500
29/08/2018,724,784,724,784,63500
30/08/2018,784,784,760,760,6000
31/08/2018,760,838,760,838,225000
03/09/2018,800,800,780,782,64000
04/09/2018,778,778,760,760,4500
05/09/2018,740,740,702,702,104000
06/09/2018,740,760,706,760,843000
07/09/2018,760,774,722,774,61500
10/09/2018,774,830,752,828,374000
11/09/2018,828,828,828,828,0
12/09/2018,818,822,780,822,313500
13/09/2018,790,820,780,820,135000
14/09/2018,800,802,780,790,54500
17/09/2018,790,792,760,760,9962000
18/09/2018,790,790,790,790,37000
19/09/2018,790,790,766,780,38500
20/09/2018,760,760,760,760,2000
21/09/2018,792,792,792,792,62500
24/09/2018,786,786,786,786,150000
25/09/2018,762,840,758,840,208000
26/09/2018,830,830,814,820,4000
27/09/2018,810,810,780,780,31500
28/09/2018,780,820,772,820,183000
01/10/2018,820,820,782,782,16500
02/10/2018,782,838,770,838,104000
03/10/2018,836,850,820,850,144500
04/10/2018,848,848,758,760,11538500
05/10/2018,740,758,716,736,428000
08/10/2018,756,766,736,738,41500
09/10/2018,760,798,738,798,700500
10/10/2018,798,820,776,820,448500
11/10/2018,780,782,780,780,35000
12/10/2018,782,800,776,800,20000
15/10/2018,802,802,778,802,215000
16/10/2018,782,782,782,782,500
17/10/2018,780,782,774,782,3000
18/10/2018,760,764,756,764,7500
19/10/2018,764,772,762,772,8000
22/10/2018,772,772,772,772,1000
23/10/2018,756,762,756,760,15500
24/10/2018,760,760,728,740,339500
25/10/2018,740,740,728,728,3000
26/10/2018,728,764,728,764,25000
29/10/2018,764,764,764,764,0
30/10/2018,764,796,764,796,410000
31/10/2018,796,796,796,796,2000
01/11/2018,792,792,792,792,17500
02/11/2018,792,792,792,792,0
05/11/2018,792,792,792,792,0
06/11/2018,792,792,792,792,0
07/11/2018,732,744,732,744,12000
08/11/2018,750,800,748,800,73000
09/11/2018,800,800,800,800,0
12/11/2018,796,796,782,782,1500
13/11/2018,782,782,782,782,0
14/11/2018,774,774,740,740,1500
15/11/2018,740,770,740,750,4000
16/11/2018,752,754,746,746,1500
19/11/2018,748,748,746,746,8500
20/11/2018,746,746,746,746,0
21/11/2018,746,746,746,746,0
22/11/2018,750,750,742,742,3000
23/11/2018,742,750,726,726,43000
26/11/2018,728,786,728,786,73000
27/11/2018,786,786,786,786,0
28/11/2018,786,786,742,744,24500
29/11/2018,746,754,742,742,15000
30/11/2018,742,800,728,800,221000
03/12/2018,800,800,800,800,0
04/12/2018,800,800,800,800,0
05/12/2018,780,780,760,760,1000
06/12/2018,760,760,742,744,50500
07/12/2018,760,760,742,742,3500
10/12/2018,742,744,742,742,130000
11/12/2018,742,742,726,726,27500
12/12/2018,736,736,736,736,28000
13/12/2018,736,736,730,736,545500
14/12/2018,736,736,720,726,159500
17/12/2018,746,760,720,726,32000
18/12/2018,712,726,712,724,15500
19/12/2018,730,730,722,724,21500
20/12/2018,720,720,720,720,2500
21/12/2018,720,720,720,720,0
24/12/2018,720,720,720,720,0
25/12/2018,720,720,720,720,0
26/12/2018,720,730,700,730,2251500
27/12/2018,750,750,720,720,413500
28/12/2018,720,760,720,760,766000
31/12/2018,760,760,760,760,0
01/01/2019,760,760,760,760,0
02/01/2019,760,760,760,760,0
03/01/2019,756,756,740,740,2000
04/01/2019,740,750,708,750,469000
07/01/2019,748,780,740,780,187000
08/01/2019,780,780,780,780,0
09/01/2019,728,728,728,728,18000
10/01/2019,730,732,730,732,12000
11/01/2019,730,734,728,734,1500
14/01/2019,734,734,734,734,0
15/01/2019,734,780,726,780,234500
16/01/2019,760,760,752,752,6500
17/01/2019,740,740,732,736,2000
18/01/2019,740,780,740,780,156500
21/01/2019,780,780,780,780,0
22/01/2019,740,790,740,790,142500
23/01/2019,790,790,790,790,0
24/01/2019,790,790,772,772,2000
25/01/2019,772,772,760,772,3000
28/01/2019,760,760,760,760,3500
29/01/2019,780,780,780,780,4500
30/01/2019,760,760,760,760,7500
31/01/2019,740,758,740,750,200500
01/02/2019,732,776,732,776,33500
04/02/2019,776,776,776,776,0
05/02/2019,776,776,776,776,0
06/02/2019,740,780,736,780,211500
07/02/2019,778,780,744,778,30500
08/02/2019,744,746,744,746,7000
11/02/2019,746,774,740,774,27000
12/02/2019,744,744,740,740,1500
13/02/2019,740,740,740,740,2000
14/02/2019,740,740,740,740,9000
15/02/2019,740,740,740,740,54500
18/02/2019,740,772,740,772,39000
19/02/2019,772,772,772,772,0
20/02/2019,742,744,740,742,15000
21/02/2019,742,744,742,744,11000
22/02/2019,742,780,734,780,421000
25/02/2019,758,760,744,760,5000
26/02/2019,744,746,744,746,3000
27/02/2019,748,748,748,748,14000
28/02/2019,744,760,742,760,168500
01/03/2019,740,780,736,780,505500
04/03/2019,778,780,750,780,55500
05/03/2019,780,780,780,780,0
06/03/2019,760,760,744,746,193500
07/03/2019,746,746,746,746,0
08/03/2019,750,750,748,748,7500
11/03/2019,748,748,748,748,1000
12/03/2019,748,748,748,748,0
13/03/2019,774,774,764,764,2500
14/03/2019,760,760,756,756,1500
15/03/2019,756,756,756,756,0
18/03/2019,758,782,746,782,19000
19/03/2019,782,782,782,782,0
20/03/2019,782,782,782,782,0
21/03/2019,782,782,782,782,0
22/03/2019,750,760,746,760,6000
25/03/2019,760,760,760,760,0
26/03/2019,796,798,782,782,53000
27/03/2019,782,782,750,760,94000
28/03/2019,760,760,760,760,0
29/03/2019,760,760,760,760,0
01/04/2019,764,764,746,764,26500
02/04/2019,764,770,750,764,5500
03/04/2019,764,764,764,764,0
04/04/2019,744,744,740,740,162000
05/04/2019,742,760,742,760,20500
08/04/2019,746,758,740,744,26500
09/04/2019,744,744,744,744,0
10/04/2019,750,750,714,750,95000
11/04/2019,770,770,748,764,14500
12/04/2019,772,772,752,754,46000
15/04/2019,770,770,760,760,147500
16/04/2019,768,772,760,768,1032000
17/04/2019,768,768,768,768,0
18/04/2019,766,768,680,756,559000
19/04/2019,756,756,756,756,0
22/04/2019,756,756,734,754,183000
23/04/2019,754,754,732,740,182500
24/04/2019,740,760,740,742,72000
25/04/2019,758,760,726,736,142500
26/04/2019,740,760,740,760,128000
29/04/2019,760,760,742,742,28500
30/04/2019,742,746,740,740,157500
01/05/2019,740,740,740,740,0
02/05/2019,740,760,736,760,135000
03/05/2019,756,756,738,738,127500
06/05/2019,736,740,734,740,58000
07/05/2019,740,758,736,758,111000
08/05/2019,750,756,740,756,26000
09/05/2019,740,760,740,760,188000
10/05/2019,760,760,744,760,11500
13/05/2019,760,764,740,764,279500
14/05/2019,760,760,746,758,122000
15/05/2019,758,758,746,750,223000
16/05/2019,758,758,746,752,578000
17/05/2019,750,750,748,748,240500
20/05/2019,748,780,748,780,1205000
21/05/2019,770,770,754,756,426000
22/05/2019,756,760,752,756,568500
23/05/2019,778,778,756,756,742000
24/05/2019,770,770,756,756,380000
27/05/2019,770,770,754,754,714000
28/05/2019,770,770,754,754,396000
29/05/2019,754,758,754,754,508500
30/05/2019,754,754,754,754,0
31/05/2019,770,770,734,742,4608500
03/06/2019,742,742,742,742,0
04/06/2019,742,742,742,742,0
05/06/2019,742,742,742,742,0
06/06/2019,742,742,742,742,0
07/06/2019,742,742,742,742,0
10/06/2019,740,744,730,738,3019000
11/06/2019,738,738,728,738,308500
12/06/2019,732,738,730,738,120000
13/06/2019,736,738,730,730,50000
14/06/2019,720,726,716,720,485500
17/06/2019,718,718,690,692,794500
18/06/2019,690,718,680,718,112500
19/06/2019,718,718,702,708,1042000
20/06/2019,708,716,704,706,133500
21/06/2019,704,716,702,704,186500
24/06/2019,704,724,704,722,137000
25/06/2019,722,726,714,726,56000
26/06/2019,716,728,716,726,73500
27/06/2019,726,726,702,702,658500
28/06/2019,712,720,702,702,775000
01/07/2019,714,758,704,714,516500
02/07/2019,714,726,714,716,22000
03/07/2019,726,726,716,716,14000
04/07/2019,716,716,702,714,23000
05/07/2019,720,720,710,710,53500
08/07/2019,724,736,706,706,182500
09/07/2019,706,718,702,702,102000
10/07/2019,702,714,702,706,4500
11/07/2019,706,714,704,706,62500
12/07/2019,710,710,706,708,97500
15/07/2019,718,720,704,710,157000
16/07/2019,710,710,704,704,33500
17/07/2019,704,710,702,704,45000
18/07/2019,704,706,702,702,42000
19/07/2019,710,726,702,720,264000
22/07/2019,720,728,706,708,240500
23/07/2019,720,720,710,710,5500
24/07/2019,710,710,708,710,9000
25/07/2019,710,718,708,708,15000
26/07/2019,720,720,706,706,4500
29/07/2019,706,706,704,704,85500
30/07/2019,720,720,702,714,1492500
31/07/2019,716,748,716,726,1421500
01/08/2019,730,750,730,746,216000
02/08/2019,746,750,730,742,751500
05/08/2019,740,740,722,738,258000
06/08/2019,706,730,706,728,157000
07/08/2019,736,768,736,752,773000
08/08/2019,752,754,744,744,161000
09/08/2019,744,744,724,730,42500
12/08/2019,732,744,732,742,50000
13/08/2019,738,740,722,726,27500
14/08/2019,726,744,726,730,62000
15/08/2019,730,730,726,728,368500
16/08/2019,728,728,724,724,55000
19/08/2019,724,726,722,724,74000
20/08/2019,720,726,710,724,190000
21/08/2019,718,728,716,718,157000
22/08/2019,716,724,716,720,84500
23/08/2019,720,722,720,722,37500
26/08/2019,740,740,718,720,124000
27/08/2019,718,720,704,720,186500
28/08/2019,722,726,720,722,43000
29/08/2019,722,722,722,722,87500
30/08/2019,722,722,718,722,165500
02/09/2019,724,736,724,724,71000
03/09/2019,722,728,722,728,20000
04/09/2019,728,730,722,724,415000
05/09/2019,728,732,728,732,286500
06/09/2019,740,754,736,736,106500
09/09/2019,736,738,732,736,226500
10/09/2019,732,734,726,734,84000
11/09/2019,734,734,732,734,34000
12/09/2019,736,744,736,740,99500
13/09/2019,740,740,736,738,85500
16/09/2019,740,740,720,720,32500
17/09/2019,724,760,722,742,416500
18/09/2019,740,750,740,750,201500
19/09/2019,750,750,738,738,34500
20/09/2019,738,756,736,736,46500
23/09/2019,722,740,722,736,40000
24/09/2019,736,736,716,720,97500
25/09/2019,720,722,720,722,52500
26/09/2019,724,746,724,746,101500
27/09/2019,724,730,720,728,174000
30/09/2019,728,740,722,722,164000
01/10/2019,736,736,720,732,166500
02/10/2019,732,734,732,732,162000
03/10/2019,730,730,720,724,209000
04/10/2019,722,722,720,720,191500
07/10/2019,720,736,720,724,222500
08/10/2019,736,736,726,730,113500
09/10/2019,734,736,728,736,566000
10/10/2019,734,734,734,734,63000
11/10/2019,734,738,724,734,25500
14/10/2019,736,736,726,730,22500
15/10/2019,730,732,726,728,423000
16/10/2019,728,786,718,730,1393000
17/10/2019,738,738,726,726,256000
18/10/2019,746,746,720,720,756000
21/10/2019,724,744,704,708,1983000
22/10/2019,722,726,710,714,784500
23/10/2019,712,716,710,712,194500
24/10/2019,712,716,710,710,778500
25/10/2019,710,716,708,710,528000
28/10/2019,710,716,710,712,112000
29/10/2019,710,710,706,710,503500
30/10/2019,710,714,710,712,451000
31/10/2019,720,790,718,740,11540000
01/11/2019,750,760,738,740,914000
04/11/2019,744,744,738,740,235000
05/11/2019,758,758,736,740,890500
06/11/2019,750,750,736,740,386000
07/11/2019,730,748,730,736,699000
08/11/2019,734,740,732,734,149000
11/11/2019,734,742,734,736,393000
12/11/2019,740,740,732,732,1006000
13/11/2019,732,760,732,756,314000
14/11/2019,756,756,742,754,47000
15/11/2019,754,756,746,752,49000
18/11/2019,752,798,740,798,771000
19/11/2019,798,798,764,764,88500
20/11/2019,764,764,746,746,18500
21/11/2019,746,766,740,754,113500
22/11/2019,754,764,754,760,4000
25/11/2019,760,766,752,754,56000
26/11/2019,754,764,748,748,259000
27/11/2019,750,750,742,742,271000
28/11/2019,742,742,714,714,468000
29/11/2019,714,750,714,722,322500
02/12/2019,724,736,720,722,562000
03/12/2019,722,722,720,722,81500
04/12/2019,722,736,720,734,583500
05/12/2019,734,740,734,734,436500
06/12/2019,734,740,734,736,31500
09/12/2019,736,736,730,730,341500
10/12/2019,734,768,732,734,387000
11/12/2019,734,734,730,730,216500
12/12/2019,730,732,728,728,216500
13/12/2019,728,728,722,722,197000
16/12/2019,722,734,722,728,551500
17/12/2019,728,728,724,724,117000
18/12/2019,726,730,726,730,7000
19/12/2019,746,746,738,740,285500
20/12/2019,740,740,738,738,16500
23/12/2019,738,738,732,738,49000
26/12/2019,746,746,734,740,170000
27/12/2019,740,740,736,736,224500
30/12/2019,730,738,724,724,164500
02/01/2020,724,740,724,738,20500
03/01/2020,738,738,738,738,12500
06/01/2020,738,748,734,746,15500
07/01/2020,732,732,724,730,53500
08/01/2020,730,730,726,728,17500
09/01/2020,728,734,728,734,82500
10/01/2020,744,744,740,740,49500
13/01/2020,740,740,730,732,37000
14/01/2020,740,740,734,734,7500
15/01/2020,740,760,740,744,396500
16/01/2020,742,748,742,748,75500
17/01/2020,746,754,744,748,15000
20/01/2020,746,750,746,746,132000
21/01/2020,752,752,746,746,75500
22/01/2020,746,746,742,742,460000
23/01/2020,742,742,742,742,59000
24/01/2020,742,746,742,744,129000
27/01/2020,744,744,736,736,329500
28/01/2020,720,742,720,738,32500
29/01/2020,734,734,734,734,1500
30/01/2020,734,734,730,730,78000
31/01/2020,730,730,718,720,131500
03/02/2020,700,720,696,714,285000
04/02/2020,714,716,714,716,87500
05/02/2020,740,740,720,720,150500
06/02/2020,720,722,712,712,325000
07/02/2020,716,720,716,716,145500
10/02/2020,722,722,716,716,169000
11/02/2020,716,720,716,720,71500
12/02/2020,720,722,708,708,310500
13/02/2020,712,730,712,714,4500
14/02/2020,720,720,718,718,1000
17/02/2020,716,720,712,718,33500
18/02/2020,718,718,718,718,4000
19/02/2020,718,734,718,720,2500
20/02/2020,720,720,716,716,220500
21/02/2020,716,716,716,716,0
24/02/2020,716,722,716,716,89000
25/02/2020,718,718,706,708,225000
26/02/2020,708,710,700,700,154000
27/02/2020,700,700,690,692,226500
28/02/2020,690,690,660,660,60500
02/03/2020,660,680,658,680,70500
03/03/2020,680,682,680,680,54500
04/03/2020,680,680,660,676,270000
05/03/2020,676,676,674,674,189500
06/03/2020,674,676,674,676,4000
09/03/2020,690,690,660,672,259000
10/03/2020,662,666,640,652,239000
11/03/2020,652,652,644,644,9500
12/03/2020,640,640,600,600,114500
13/03/2020,598,630,558,604,108000
16/03/2020,600,618,564,566,351000
17/03/2020,562,600,528,566,659000
18/03/2020,566,578,540,572,812000
19/03/2020,572,572,536,560,592500
20/03/2020,540,600,524,600,1069000
23/03/2020,602,602,558,568,1058000
24/03/2020,568,576,568,576,224500
26/03/2020,576,582,576,578,564500
27/03/2020,590,590,578,578,153000
30/03/2020,578,602,546,600,254000
31/03/2020,600,700,580,700,350500
01/04/2020,680,680,652,660,622500
02/04/2020,640,640,614,616,285000
03/04/2020,614,630,574,574,644500
06/04/2020,594,594,578,580,1041000
07/04/2020,600,600,576,580,511500
08/04/2020,600,600,576,596,295000
09/04/2020,580,588,570,580,123500
13/04/2020,580,582,580,580,81500
14/04/2020,578,700,578,700,1182000
15/04/2020,698,700,652,652,437500
16/04/2020,610,620,608,608,258000
17/04/2020,608,608,594,600,208500
20/04/2020,604,620,584,620,196500
21/04/2020,598,610,580,580,1099000
22/04/2020,580,598,576,598,344000
23/04/2020,600,600,578,580,697500
24/04/2020,580,590,578,580,1691000
27/04/2020,590,596,580,580,100000
28/04/2020,580,600,578,600,651500
29/04/2020,580,584,578,580,775000
30/04/2020,580,582,572,578,401500
04/05/2020,578,584,544,580,417000
05/05/2020,580,580,574,580,65500
06/05/2020,580,594,576,594,329000
08/05/2020,594,600,580,580,372500
11/05/2020,582,584,576,576,366000
12/05/2020,580,582,574,574,420000
13/05/2020,560,594,560,594,408000
14/05/2020,576,590,560,590,266500
15/05/2020,574,590,562,590,358000
18/05/2020,576,580,572,574,59000
19/05/2020,576,580,534,572,2849500
20/05/2020,560,568,552,562,1306500
26/05/2020,562,576,554,574,3013500
27/05/2020,574,574,562,574,274500
28/05/2020,572,572,558,566,745500
29/05/2020,560,564,550,564,735000
02/06/2020,564,570,554,570,651500
03/06/2020,570,570,560,560,770000
04/06/2020,562,562,558,558,599000
05/06/2020,558,570,556,570,903000
08/06/2020,570,570,558,564,2074000
09/06/2020,564,570,558,570,964000
10/06/2020,566,570,554,570,813000
11/06/2020,568,568,556,566,4051500
12/06/2020,556,566,556,566,721500
15/06/2020,562,564,558,560,389000
16/06/2020,562,566,558,560,1239000
17/06/2020,560,564,558,564,1531000
18/06/2020,564,568,556,560,1162500
19/06/2020,560,562,556,562,700500
22/06/2020,562,562,554,558,1109000
23/06/2020,558,558,554,554,869500
24/06/2020,556,558,554,556,1481000
25/06/2020,556,558,552,554,3107500
26/06/2020,554,554,546,548,4428000
29/06/2020,550,550,542,550,1868000
30/06/2020,550,550,544,550,3172500
01/07/2020,550,550,540,546,498500
02/07/2020,546,548,542,546,152000
03/07/2020,548,548,540,542,151000
06/07/2020,542,544,542,542,366000
07/07/2020,542,542,540,542,784500
08/07/2020,540,542,540,540,230000
09/07/2020,540,546,540,540,522000
10/07/2020,540,546,540,542,286500
13/07/2020,546,550,542,544,6220500
14/07/2020,548,548,546,546,266000
15/07/2020,548,548,546,546,85500
16/07/2020,548,548,544,544,326500
17/07/2020,544,548,542,544,681500
20/07/2020,544,548,542,544,77000
21/07/2020,544,548,542,544,220500
22/07/2020,546,554,546,546,160000
23/07/2020,546,554,546,552,352000
24/07/2020,552,552,544,548,127500
27/07/2020,546,556,546,552,208500
28/07/2020,552,556,552,552,181000
29/07/2020,552,554,552,552,239500
30/07/2020,552,552,548,552,169500
03/08/2020,552,556,542,544,453500
04/08/2020,556,556,546,552,20000
05/08/2020,550,554,544,548,59500
06/08/2020,554,556,546,556,532500
07/08/2020,558,558,552,554,175000
10/08/2020,554,566,548,564,436500
11/08/2020,564,584,554,578,781000
12/08/2020,580,580,568,568,457000
13/08/2020,570,570,556,570,53000
14/08/2020,568,570,568,568,381500
18/08/2020,568,580,568,580,485500
19/08/2020,580,580,576,578,628500
24/08/2020,578,578,574,574,140500
25/08/2020,572,576,562,572,106000
26/08/2020,572,580,564,568,150000
27/08/2020,570,570,564,570,179000
28/08/2020,570,574,570,572,128000
31/08/2020,576,584,564,564,190000
01/09/2020,570,576,564,566,363000
02/09/2020,566,570,566,570,148000
03/09/2020,570,572,570,572,157500
04/09/2020,570,574,564,564,221000
07/09/2020,566,572,564,572,85000
08/09/2020,572,576,568,568,51500
09/09/2020,570,578,570,570,212000
10/09/2020,558,558,540,548,318500
11/09/2020,542,560,542,552,112500
14/09/2020,556,568,556,566,91500
15/09/2020,570,570,560,560,59500
16/09/2020,570,570,564,570,215500
17/09/2020,572,572,568,568,118500
18/09/2020,572,578,572,574,768500
21/09/2020,576,618,576,604,1621500
22/09/2020,600,666,600,648,5208000
23/09/2020,648,660,640,642,1481500
24/09/2020,636,638,604,610,702000
25/09/2020,600,620,586,620,343000
28/09/2020,620,620,620,620,94500
29/09/2020,626,660,626,640,292500
30/09/2020,624,630,624,630,15500
01/10/2020,630,640,600,640,117500
02/10/2020,620,620,620,620,7000
05/10/2020,630,648,622,622,9000
06/10/2020,636,646,620,622,855500
07/10/2020,626,650,624,650,561500
08/10/2020,650,654,640,654,525500
09/10/2020,650,670,650,662,735500
12/10/2020,662,668,658,660,400000
13/10/2020,658,666,658,662,5991000
14/10/2020,668,670,656,660,2759500
15/10/2020,660,660,654,656,2016500
16/10/2020,656,660,652,660,2296500
19/10/2020,658,662,658,660,4307500
20/10/2020,658,662,656,658,3123500
21/10/2020,658,660,656,656,3220000
22/10/2020,658,660,654,654,3592500
23/10/2020,654,658,654,656,2454500
26/10/2020,656,658,652,656,3213000
27/10/2020,656,658,654,656,2985000
02/11/2020,654,660,654,656,2752500
03/11/2020,658,668,658,668,3550500
04/11/2020,670,670,664,668,2133000
05/11/2020,668,674,666,674,3619500
06/11/2020,676,676,672,674,2289500
09/11/2020,674,680,670,680,4400000
10/11/2020,682,684,668,668,6708500
11/11/2020,668,672,666,670,4505500
12/11/2020,670,690,670,690,9750500
13/11/2020,696,696,680,680,2927000
16/11/2020,680,680,674,676,4857500
17/11/2020,678,684,676,684,5735500
18/11/2020,684,698,680,698,5330500
19/11/2020,698,698,684,688,7736500
20/11/2020,688,688,678,686,10045500
23/11/2020,686,690,684,686,6082000
24/11/2020,684,690,684,690,6767000
25/11/2020,690,692,688,688,5269000
26/11/2020,688,692,672,672,10814000
27/11/2020,674,680,672,680,6344000
30/11/2020,680,680,674,676,4275000
01/12/2020,676,678,672,676,5495500
02/12/2020,676,676,670,672,6881500
03/12/2020,672,674,668,670,4639500
04/12/2020,672,672,664,668,8567500
07/12/2020,670,670,664,666,17791000
08/12/2020,666,668,664,666,10545000
10/12/2020,664,676,664,670,10135000
11/12/2020,670,672,666,670,8600000
14/12/2020,670,684,666,684,7539000
15/12/2020,686,692,684,690,12835000
16/12/2020,692,698,688,690,25769000
17/12/2020,690,696,686,686,22083500
18/12/2020,684,690,682,684,18613000
21/12/2020,682,692,680,690,19153000
22/12/2020,692,720,692,712,38797500
23/12/2020,754,880,714,790,94970500
28/12/2020,792,796,736,736,23585500
29/12/2020,736,738,696,704,15814000
30/12/2020,704,706,682,686,5269000
04/01/2021,684,704,678,702,8403000
05/01/2021,700,702,688,692,6054000
06/01/2021,692,702,684,686,7386500
07/01/2021,686,696,684,690,18753000
08/01/2021,690,702,688,698,14652500
11/01/2021,698,710,698,708,11267000
12/01/2021,710,714,708,708,11663500
13/01/2021,708,716,708,714,9924500
14/01/2021,714,726,712,718,14729500
15/01/2021,718,734,716,730,13303000
18/01/2021,732,798,730,784,16070000
19/01/2021,790,876,734,794,36651000
20/01/2021,794,860,794,854,13969000
21/01/2021,854,1020,854,960,42555000
22/01/2021,968,1200,960,1200,62014500
25/01/2021,1200,1345,1120,1180,52421500
26/01/2021,1180,1190,1100,1120,19342000
27/01/2021,1110,1120,1045,1080,12291500
28/01/2021,1080,1080,1005,1020,17433500
29/01/2021,1015,1060,960,1000,9880000
01/02/2021,1000,1010,942,998,7896500
02/02/2021,1000,1120,1000,1035,17926000
03/02/2021,1040,1090,1035,1060,13407000
04/02/2021,1060,1085,1035,1055,16455000
05/02/2021,1055,1065,1040,1050,4617000
08/02/2021,1050,1075,1045,1070,7550000
09/02/2021,1070,1110,1055,1055,19179500
10/02/2021,1060,1060,1020,1035,8512000
11/02/2021,1035,1100,1020,1100,7016000
15/02/2021,1085,1110,1070,1095,13416000
16/02/2021,1095,1180,1095,1120,18347500
17/02/2021,1125,1220,1120,1190,15384500
18/02/2021,1200,1220,1165,1175,21397000
19/02/2021,1180,1200,1170,1175,12314000
22/02/2021,1175,1320,1175,1260,33359500
23/02/2021,1265,1270,1200,1210,17566500
24/02/2021,1210,1215,1155,1160,10808500
25/02/2021,1165,1240,1155,1160,19459000
26/02/2021,1160,1160,1085,1125,11783000
01/03/2021,1130,1130,1105,1115,8724000
02/03/2021,1120,1140,1115,1130,5631000
03/03/2021,1130,1180,1100,1125,16834000
04/03/2021,1130,1130,1050,1090,14259000
05/03/2021,1080,1080,1050,1055,3361000
08/03/2021,1065,1065,998,1015,6427000
09/03/2021,1025,1080,1025,1070,13904000
10/03/2021,1080,1135,1060,1075,16317000
12/03/2021,1080,1095,1065,1090,6084500
15/03/2021,1090,1100,1070,1080,5900000
16/03/2021,1080,1080,1040,1075,15564000
17/03/2021,1075,1080,1050,1065,6185000
18/03/2021,1065,1080,1060,1065,2004000
19/03/2021,1075,1080,1055,1070,12345000
22/03/2021,1075,1130,1075,1110,19198500
23/03/2021,1120,1155,1085,1085,14214000
24/03/2021,1090,1090,1055,1060,8131500
25/03/2021,1070,1075,1055,1070,4130000
26/03/2021,1070,1075,1060,1075,4391500
29/03/2021,1075,1085,1055,1075,13670000
30/03/2021,1075,1075,1050,1055,5909500
31/03/2021,1055,1055,1025,1030,5543500
01/04/2021,1030,1055,1030,1055,10678500
05/04/2021,1055,1060,1040,1050,4319500
06/04/2021,1060,1125,1045,1090,25988000
07/04/2021,1100,1125,1090,1115,21214000
08/04/2021,1120,1130,1090,1105,13559000
09/04/2021,1110,1130,1105,1125,12277500
12/04/2021,1125,1170,1120,1160,27203500
13/04/2021,1170,1175,1140,1170,13272500
14/04/2021,1170,1185,1165,1180,15116500
15/04/2021,1185,1185,1150,1160,10765000
16/04/2021,1170,1225,1160,1225,23926000
19/04/2021,1225,1260,1210,1210,14017500
20/04/2021,1200,1225,1195,1215,9030500
21/04/2021,1205,1220,1195,1215,5660500
22/04/2021,1215,1240,1210,1225,17981500
23/04/2021,1230,1230,1215,1225,6386000
26/04/2021,1225,1230,1215,1225,5477500
27/04/2021,1230,1245,1205,1210,9876500
28/04/2021,1215,1235,1205,1230,9312000
29/04/2021,1240,1240,1205,1205,12684000
30/04/2021,1205,1220,1185,1185,7033000
03/05/2021,1180,1185,1155,1160,8511500
04/05/2021,1165,1165,1125,1130,11163500
05/05/2021,1130,1150,1130,1135,4255000
06/05/2021,1140,1150,1120,1125,6299500
07/05/2021,1110,1120,1100,1120,7625500
10/05/2021,1135,1160,1130,1145,9571500
11/05/2021,1150,1150,1120,1140,6548500
17/05/2021,1140,1150,1120,1120,33360000
18/05/2021,1130,1135,1065,1100,8802300
19/05/2021,1100,1135,1090,1115,4406800
20/05/2021,1120,1155,1100,1155,10284900
21/05/2021,1155,1185,1140,1160,19599600
24/05/2021,1170,1170,1110,1115,8542500
25/05/2021,1120,1125,1100,1115,3857100
27/05/2021,1115,1130,1105,1110,4424200
28/05/2021,1110,1120,1075,1090,12691900
31/05/2021,1105,1110,1075,1090,3776100
02/06/2021,1095,1160,1090,1145,18147100
03/06/2021,1145,1170,1135,1145,13357600
04/06/2021,1150,1295,1145,1250,63312800
07/06/2021,1270,1365,1255,1365,78422400
08/06/2021,1380,1620,1370,1560,109239100
09/06/2021,1575,1665,1570,1640,38350400
10/06/2021,1650,1690,1605,1665,27443200
11/06/2021,1660,1695,1595,1665,25034000
14/06/2021,1665,1735,1645,1665,20876600
15/06/2021,1670,1715,1640,1690,21843600
16/06/2021,1690,1715,1640,1640,19073400
17/06/2021,1640,1690,1605,1650,20225600
18/06/2021,1650,1705,1600,1650,19265500
21/06/2021,1645,1655,1590,1635,12272900
22/06/2021,1635,1835,1630,1775,39602700
23/06/2021,1790,1910,1755,1880,54129700
24/06/2021,1890,1905,1775,1790,35524700
25/06/2021,1790,1800,1715,1730,17405400
28/06/2021,1730,1790,1660,1680,21123800
29/06/2021,1675,1740,1650,1670,17921200
30/06/2021,1670,1825,1640,1765,40353600
01/07/2021,1765,1780,1680,1705,16028600
02/07/2021,1715,1790,1710,1715,16424900
05/07/2021,1715,1725,1670,1705,14232600
06/07/2021,1705,1895,1700,1885,53141300
07/07/2021,1890,2060,1835,1920,75265600
08/07/2021,1930,1960,1865,1875,17110900
09/07/2021,1875,1965,1850,1905,28281300
12/07/2021,1920,2020,1920,1945,29766700
13/07/2021,1965,1970,1810,1815,24006200
14/07/2021,1815,1840,1740,1815,17697800
15/07/2021,1815,1840,1780,1835,7780000
16/07/2021,1835,1890,1835,1850,13420100
19/07/2021,1850,1865,1800,1810,8051900
21/07/2021,1810,1825,1755,1765,9848000
22/07/2021,1780,1790,1700,1730,23292600
23/07/2021,1730,1750,1700,1720,12039300
26/07/2021,1720,1865,1720,1850,31423100
27/07/2021,1865,1875,1815,1815,14489100
28/07/2021,1820,1860,1790,1820,10242900
29/07/2021,1880,1995,1850,1855,50926900
30/07/2021,1855,1885,1820,1845,15791200
02/08/2021,1860,1915,1820,1850,13570100
03/08/2021,1860,1880,1835,1840,14879400
04/08/2021,1840,1855,1820,1840,18095800
05/08/2021,1840,1855,1825,1850,8812700
06/08/2021,1860,1870,1795,1800,23679800
09/08/2021,1800,1810,1750,1775,14489500
10/08/2021,1775,1820,1725,1810,10510700
12/08/2021,1810,1830,1780,1780,6077100
13/08/2021,1785,1790,1750,1760,4238200
16/08/2021,1760,1770,1725,1745,7727900
18/08/2021,1745,1755,1645,1680,23085600
19/08/2021,1675,1680,1565,1565,24283200
20/08/2021,1585,1630,1475,1585,11810500
23/08/2021,1600,1685,1600,1685,13136500
24/08/2021,1685,1710,1635,1635,7302100
25/08/2021,1635,1680,1635,1660,4591400
26/08/2021,1670,1670,1625,1625,4564800
27/08/2021,1625,1635,1590,1600,4448600
30/08/2021,1610,1630,1605,1610,3370300
31/08/2021,1620,1620,1590,1605,3643200
01/09/2021,1605,1620,1590,1590,3565200
02/09/2021,1595,1630,1575,1615,4512700
03/09/2021,1620,1660,1620,1640,10486800
06/09/2021,1640,1725,1640,1715,16469200
07/09/2021,1725,1725,1680,1700,5750300
08/09/2021,1700,1700,1650,1665,4894900
09/09/2021,1670,1690,1630,1665,8463700
10/09/2021,1665,1680,1650,1680,2261100
13/09/2021,1695,1705,1645,1645,3858300
14/09/2021,1645,1675,1640,1665,4928200
15/09/2021,1665,1675,1645,1650,2427500
16/09/2021,1650,1800,1650,1800,25247600
17/09/2021,1800,1830,1765,1795,16309500
20/09/2021,1795,1870,1745,1850,28174100
21/09/2021,1850,1850,1780,1795,17200100
22/09/2021,1780,1870,1780,1840,14981900
23/09/2021,1850,1870,1800,1825,9926400
24/09/2021,1825,1845,1810,1820,9065400
27/09/2021,1825,1865,1820,1840,11094900
28/09/2021,1840,1925,1840,1890,27463400
29/09/2021,1890,1895,1835,1855,16211800
30/09/2021,1855,1940,1840,1895,23518200
01/10/2021,1900,1915,1865,1865,11830200
04/10/2021,1865,1910,1850,1910,13065000
05/10/2021,1910,1915,1790,1855,19357300
06/10/2021,1860,1870,1820,1835,10605700
07/10/2021,1830,1895,1805,1850,14192700
08/10/2021,1860,2030,1845,2000,43904700
11/10/2021,2000,2110,2000,2060,35806000
12/10/2021,2060,2080,2020,2070,8044000
13/10/2021,2070,2090,2000,2060,8081900
14/10/2021,2060,2080,2000,2060,8174600
15/10/2021,2060,2310,2050,2270,39148500
18/10/2021,2280,2340,2230,2280,20613700
19/10/2021,2290,2390,2250,2380,13540500
21/10/2021,2390,2480,2350,2390,20569100
22/10/2021,2390,2460,2380,2410,15357800
25/10/2021,2410,2490,2350,2360,19010700
26/10/2021,2360,2430,2350,2360,11075000
27/10/2021,2380,2380,2280,2280,8902200
28/10/2021,2280,2280,2130,2130,21186300
29/10/2021,2140,2230,2080,2090,17429100
01/11/2021,2100,2220,2020,2020,24456200
02/11/2021,2020,2120,2000,2020,25212200
03/11/2021,2050,2100,2010,2080,17696900
04/11/2021,2110,2150,2080,2120,14488500
05/11/2021,2120,2130,2010,2060,14875600
08/11/2021,2070,2170,2050,2130,15407900
09/11/2021,2140,2220,2120,2160,19804700
10/11/2021,2160,2190,2120,2170,13833700
11/11/2021,2170,2190,2140,2140,7315800
12/11/2021,2140,2220,2130,2150,21337900
15/11/2021,2150,2220,2150,2190,16873300
16/11/2021,2200,2280,2190,2250,23684300
17/11/2021,2250,2320,2250,2290,21398900
18/11/2021,2290,2300,2230,2240,8698600
19/11/2021,2250,2270,2180,2230,10674600
22/11/2021,2250,2250,2170,2180,9373000
23/11/2021,2190,2270,2180,2240,10240800
24/11/2021,2240,2260,2200,2210,6149700
25/11/2021,2230,2270,2220,2240,7039000
26/11/2021,2240,2240,2090,2100,19300000
29/11/2021,2100,2170,2030,2160,11098400
30/11/2021,2160,2200,2130,2140,8146600
01/12/2021,2130,2170,2100,2130,4661500
02/12/2021,2130,2200,2110,2180,6515000
03/12/2021,2180,2180,2140,2150,16362000
06/12/2021,2170,2180,2130,2160,2595200
07/12/2021,2160,2290,2150,2280,14438700
08/12/2021,2300,2470,2260,2450,30069500
09/12/2021,2500,2620,2450,2600,32472400
10/12/2021,2610,2770,2570,2720,25551500
13/12/2021,2720,2960,2720,2850,31066800
14/12/2021,2850,2930,2820,2890,15551100
15/12/2021,2880,2990,2820,2870,22679700
16/12/2021,2860,2890,2760,2760,11305300
17/12/2021,2760,2900,2750,2800,15887300
20/12/2021,2810,2880,2760,2820,8350600
21/12/2021,2820,2920,2780,2790,16180600
22/12/2021,2830,2890,2610,2670,24433400
23/12/2021,2680,2720,2640,2700,5952500
24/12/2021,2680,2760,2680,2720,6733500
27/12/2021,2730,2920,2710,2870,18982500
28/12/2021,2880,2930,2810,2830,11881200
29/12/2021,2830,2870,2770,2810,7537600
30/12/2021,2810,2850,2780,2800,2650100
03/01/2022,2790,3120,2780,3050,30446100
04/01/2022,3050,3110,2970,2970,17434500
05/01/2022,2980,3000,2830,2850,17763100
06/01/2022,2850,2850,2700,2800,22579000
07/01/2022,2810,2930,2800,2900,14782400
10/01/2022,2930,2950,2850,2930,15424200
11/01/2022,2930,3020,2860,2860,32715200
12/01/2022,2890,2920,2850,2860,6208200
13/01/2022,2860,2890,2850,2860,4342000
14/01/2022,2890,2890,2810,2820,6879200
17/01/2022,2840,2840,2750,2760,6354500
18/01/2022,2750,2810,2680,2690,11516000
19/01/2022,2690,2770,2650,2740,10238900
20/01/2022,2740,2840,2730,2800,14886300
21/01/2022,2800,2930,2780,2880,12546600
24/01/2022,2880,2900,2800,2840,6104600
25/01/2022,2830,2840,2760,2770,8584200
26/01/2022,2770,2810,2740,2780,3426600
27/01/2022,2780,2800,2730,2760,3704700
28/01/2022,2760,2770,2690,2760,6327200
31/01/2022,2760,2800,2740,2750,2660100
02/02/2022,2750,2860,2750,2830,6316600
03/02/2022,2830,2850,2760,2830,5098200
04/02/2022,2830,2830,2750,2770,6589400
07/02/2022,2770,2800,2740,2770,7110300
08/02/2022,2770,2790,2730,2760,4451900
09/02/2022,2760,2780,2700,2730,8462400
10/02/2022,2730,2740,2700,2720,5072200
11/02/2022,2700,2730,2650,2660,8856500
14/02/2022,2670,2690,2580,2600,13468500
15/02/2022,2600,2650,2590,2630,3845100
16/02/2022,2630,2760,2630,2740,10706300
17/02/2022,2750,2750,2660,2690,6251100
18/02/2022,2690,2750,2660,2730,6078600
21/02/2022,2730,2860,2720,2810,17433300
22/02/2022,2810,2810,2750,2760,8009500
23/02/2022,2760,2800,2750,2770,6489200
24/02/2022,2770,2810,2650,2650,23308900
25/02/2022,2650,2710,2620,2630,9656600
01/03/2022,2630,2750,2630,2740,10426900
02/03/2022,2740,2910,2720,2880,28912100
04/03/2022,2910,3080,2840,3060,39831500
07/03/2022,3060,3120,2910,2950,24878900
08/03/2022,2980,3080,2910,2980,25953800
09/03/2022,3000,3000,2820,2890,21064600
10/03/2022,2900,2920,2730,2780,18380500
11/03/2022,2780,2830,2710,2710,13987800
14/03/2022,2730,2820,2720,2780,15598700
15/03/2022,2800,2850,2760,2760,20515300
16/03/2022,2770,2840,2760,2810,10158300
17/03/2022,2820,2830,2770,2770,5347700
18/03/2022,2780,2790,2740,2760,6664900
21/03/2022,2760,2780,2720,2730,6214300
22/03/2022,2740,2830,2730,2820,12308600
23/03/2022,2830,2890,2800,2880,14052100
24/03/2022,2900,2930,2830,2850,13826600
25/03/2022,2850,2900,2830,2860,8010800
28/03/2022,2870,2890,2840,2880,6376400
29/03/2022,2890,2900,2780,2790,12404400
30/03/2022,2790,2800,2650,2680,22895500
31/03/2022,2680,2730,2660,2730,7857900
01/04/2022,2730,2830,2710,2800,17302300
04/04/2022,2810,2830,2780,2800,6348500
05/04/2022,2810,2920,2810,2900,24660100
06/04/2022,2910,3060,2900,3050,42413500
07/04/2022,3060,3100,2970,3060,18833100
08/04/2022,3060,3770,3060,3510,67848300
11/04/2022,3520,3970,3500,3800,60359100
12/04/2022,3800,3870,3560,3590,23600400
13/04/2022,3610,3860,3600,3810,16102900
14/04/2022,3820,3880,3800,3820,15108500
18/04/2022,3820,3920,3800,3850,19311600
19/04/2022,3850,3890,3780,3840,9301400
20/04/2022,3840,3860,3580,3690,25532300
21/04/2022,3690,3760,3650,3690,8232000
22/04/2022,3700,3720,3510,3600,18417600
25/04/2022,3600,3630,3510,3550,13074900
26/04/2022,3550,3720,3550,3600,17350300
27/04/2022,3630,3710,3580,3670,19355300
28/04/2022,3680,3710,3620,3640,11676000
09/05/2022,3660,3670,3390,3450,20152500
10/05/2022,3480,3550,3210,3250,21367400
11/05/2022,3250,3450,3250,3310,14295000
12/05/2022,3310,3330,3080,3200,20071900
13/05/2022,3200,3220,3090,3140,19743200
17/05/2022,3150,3190,3130,3140,11504800
18/05/2022,3170,3220,3110,3170,17294800
19/05/2022,3170,3170,2990,3120,27635200
20/05/2022,3130,3270,3110,3260,25216600
23/05/2022,3300,3300,3130,3140,17096100
24/05/2022,3170,3170,3070,3110,17682700
25/05/2022,3100,3140,3060,3060,12595900
27/05/2022,3060,3130,3040,3120,8238500
30/05/2022,3130,3230,3120,3200,15860100
31/05/2022,3220,3220,3120,3190,14545900
02/06/2022,3190,3220,3090,3140,20101500
03/06/2022,3150,3190,3120,3180,9251400
06/06/2022,3190,3210,3050,3070,25422600
07/06/2022,3070,3480,3070,3450,51934100
08/06/2022,3460,3470,3310,3400,20675200
09/06/2022,3400,3420,3310,3310,9881000
10/06/2022,3300,3320,3130,3150,19737000
13/06/2022,3110,3140,2930,2930,25628500
14/06/2022,2970,2970,2800,2830,22226800
15/06/2022,2830,2890,2730,2770,17565800
16/06/2022,2770,2890,2760,2870,15316200
17/06/2022,2870,2870,2700,2740,21353200
20/06/2022,2740,2830,2650,2800,16777900
21/06/2022,2800,2870,2790,2790,10470000
22/06/2022,2800,2830,2730,2770,8346900
23/06/2022,2770,2790,2660,2670,13164800
24/06/2022,2670,2720,2670,2700,5407500
27/06/2022,2720,2760,2680,2690,9359500
28/06/2022,2710,2730,2690,2700,4535400
29/06/2022,2700,2720,2650,2660,6828800
30/06/2022,2660,2700,2610,2610,8791700
01/07/2022,2610,2610,2430,2430,23286800
04/07/2022,2430,2440,2260,2290,30055600
05/07/2022,2300,2380,2300,2340,19100500
06/07/2022,2340,2360,2270,2330,22627600
07/07/2022,2340,2370,2290,2330,9177900
08/07/2022,2360,2400,2330,2360,9598500
11/07/2022,2360,2410,2330,2350,10603800
12/07/2022,2350,2390,2340,2360,5664500
13/07/2022,2360,2400,2230,2250,15966600
14/07/2022,2240,2300,2230,2260,12836400
15/07/2022,2270,2280,2140,2140,14922200
18/07/2022,2160,2220,2150,2180,14510900
19/07/2022,2180,2320,2180,2320,14484000
20/07/2022,2340,2490,2330,2420,27340200
21/07/2022,2450,2450,2390,2420,7558700
22/07/2022,2420,2480,2410,2450,15620800
25/07/2022,2460,2470,2370,2400,10447600
26/07/2022,2400,2560,2390,2550,24705400
27/07/2022,2550,2570,2470,2530,16995300
28/07/2022,2530,2620,2530,2570,21130800
29/07/2022,2570,2600,2530,2550,14219000
01/08/2022,2500,2570,2450,2530,18491800
02/08/2022,2530,2550,2450,2450,13999100
03/08/2022,2450,2480,2400,2430,14334500
04/08/2022,2450,2500,2430,2460,11123200
05/08/2022,2470,2500,2440,2480,9388600
08/08/2022,2500,2500,2410,2430,10031400
09/08/2022,2430,2470,2430,2430,8139800
10/08/2022,2430,2460,2420,2440,6182900
11/08/2022,2470,2600,2450,2600,28215100
12/08/2022,2620,2770,2570,2720,39832400
15/08/2022,2730,2830,2710,2780,36512300
16/08/2022,2780,2800,2630,2660,28861400
18/08/2022,2660,2730,2630,2690,15866800
19/08/2022,2700,2740,2660,2670,10299100
22/08/2022,2690,2690,2510,2510,19193900
23/08/2022,2510,2560,2500,2530,9920900
24/08/2022,2530,2560,2510,2510,7414100
25/08/2022,2520,2660,2520,2630,18429500
26/08/2022,2650,2680,2610,2630,10408200
29/08/2022,2600,2610,2540,2560,7099200
30/08/2022,2580,2660,2570,2660,15529900
31/08/2022,2670,2680,2600,2640,9194600
01/09/2022,2630,2690,2610,2660,12837000
02/09/2022,2670,2680,2610,2610,13737500
05/09/2022,2600,2720,2560,2710,27087000
06/09/2022,2720,2870,2710,2840,49053800
07/09/2022,2850,2910,2790,2840,35022400
08/09/2022,2880,2880,2820,2820,23595200
09/09/2022,2820,2850,2730,2790,20938300
12/09/2022,2800,2860,2800,2850,24559600
13/09/2022,2850,3030,2850,2980,42772800
14/09/2022,2940,2980,2870,2940,27889100
15/09/2022,2940,3030,2900,2900,19921400
16/09/2022,2900,2900,2770,2820,25710500
19/09/2022,2840,2880,2810,2840,11220700
20/09/2022,2860,2880,2800,2810,18218400
21/09/2022,2800,2830,2770,2800,16171000
22/09/2022,2790,2980,2790,2980,25273500
23/09/2022,2980,3020,2940,2940,18474500
26/09/2022,2940,2940,2790,2820,21154200
27/09/2022,2830,2860,2810,2830,13381100
28/09/2022,2800,2840,2770,2770,20620400
29/09/2022,2770,2810,2580,2590,36664400
30/09/2022,2560,2700,2510,2650,16556300
03/10/2022,2660,2690,2620,2640,9461000
04/10/2022,2650,2750,2650,2730,14120200
05/10/2022,2750,2830,2750,2760,19581500
06/10/2022,2770,2830,2760,2800,10596300
07/10/2022,2810,2840,2780,2820,16867000
10/10/2022,2820,2820,2720,2720,8727900
11/10/2022,2720,2760,2610,2630,17464800
12/10/2022,2630,2670,2530,2540,24214800
13/10/2022,2540,2620,2530,2620,14311300
14/10/2022,2620,2660,2440,2440,29640600
17/10/2022,2440,2470,2310,2360,23559100
18/10/2022,2360,2430,2350,2350,19163400
19/10/2022,2360,2420,2350,2370,15741700
20/10/2022,2380,2420,2370,2400,19367500
21/10/2022,2410,2470,2390,2420,18535600
24/10/2022,2430,2460,2410,2410,16238700
25/10/2022,2430,2470,2400,2410,17069400
26/10/2022,2420,2550,2420,2520,24376700
27/10/2022,2540,2540,2480,2520,16290900
28/10/2022,2530,2530,2440,2450,14318000
31/10/2022,2450,2520,2450,2460,13636500
01/11/2022,2470,2500,2410,2420,16940000
02/11/2022,2450,2470,2410,2410,18758500
03/11/2022,2410,2510,2410,2510,19002600
04/11/2022,2520,2540,2470,2510,16110700
07/11/2022,2510,2610,2480,2590,22796200
08/11/2022,2600,2610,2540,2570,13944600
09/11/2022,2570,2620,2540,2570,15245500
10/11/2022,2570,2570,2510,2510,10023300
11/11/2022,2560,2600,2530,2590,20206400
14/11/2022,2620,2650,2590,2630,16537600
15/11/2022,2630,2660,2600,2640,11669900
16/11/2022,2640,2650,2540,2560,18026500
17/11/2022,2480,2600,2480,2600,11427200
18/11/2022,2600,2630,2570,2580,11700300
21/11/2022,2580,2670,2580,2640,11718800
22/11/2022,2650,2650,2620,2620,13820300
23/11/2022,2630,2710,2620,2690,14929700
24/11/2022,2700,2710,2650,2650,12101100
25/11/2022,2640,2650,2560,2580,9846300
28/11/2022,2580,2610,2530,2530,12054000
29/11/2022,2530,2630,2530,2620,16173800
30/11/2022,2630,2660,2610,2650,11977800
01/12/2022,2670,2760,2660,2750,25162000
02/12/2022,2750,2770,2700,2750,16311500
05/12/2022,2770,2800,2720,2730,14177500
06/12/2022,2740,2740,2570,2610,19011000
07/12/2022,2640,2670,2580,2650,10619100
08/12/2022,2650,2680,2590,2670,14215800
09/12/2022,2680,2690,2600,2610,9473500
12/12/2022,2610,2640,2570,2640,12380600
13/12/2022,2660,2660,2610,2640,11509600
14/12/2022,2660,2760,2630,2760,15082800
15/12/2022,2750,2790,2720,2740,12892700
16/12/2022,2720,2730,2680,2690,12034800
19/12/2022,2690,2740,2680,2740,10620600
20/12/2022,2740,2770,2710,2730,11279300
21/12/2022,2730,2730,2680,2690,10263900
22/12/2022,2690,2730,2650,2660,9366800
23/12/2022,2670,2680,2600,2600,13566400
26/12/2022,2600,2640,2550,2560,13126600
27/12/2022,2530,2590,2530,2570,10248800
28/12/2022,2580,2600,2520,2530,8673300
29/12/2022,2530,2550,2490,2500,8281600
30/12/2022,2510,2550,2500,2530,4060700
02/01/2023,2530,2550,2460,2470,11878100
03/01/2023,2470,2530,2450,2520,12129300
04/01/2023,2520,2580,2520,2550,12645700
05/01/2023,2550,2570,2410,2410,14476100
06/01/2023,2410,2420,2320,2360,15078400
09/01/2023,2360,2400,2300,2310,15622200
10/01/2023,2320,2390,2320,2340,10483400
11/01/2023,2360,2370,2320,2340,11287400
12/01/2023,2340,2380,2320,2340,16721800
13/01/2023,2340,2370,2320,2340,13653700
16/01/2023,2350,2380,2340,2350,12269400
17/01/2023,2360,2460,2350,2430,21499400
18/01/2023,2440,2450,2380,2380,12210200
19/01/2023,2390,2440,2380,2420,9019700
20/01/2023,2420,2460,2410,2420,11378600
24/01/2023,2420,2450,2380,2400,11163500
25/01/2023,2400,2430,2380,2390,11664100
26/01/2023,2400,2510,2370,2470,24890900
27/01/2023,2490,2510,2440,2460,16929600
30/01/2023,2460,2500,2420,2450,13695600
31/01/2023,2450,2480,2430,2430,15855600
01/02/2023,2430,2460,2400,2430,17131800
02/02/2023,2420,2430,2390,2390,13753400
03/02/2023,2400,2430,2330,2340,20418100
06/02/2023,2340,2360,2240,2260,29150300
07/02/2023,2280,2330,2240,2320,18783600
08/02/2023,2320,2330,2290,2290,15775300
09/02/2023,2290,2310,2260,2270,16733700
10/02/2023,2270,2290,2240,2260,15291900
13/02/2023,2260,2330,2260,2310,18459800
14/02/2023,2330,2330,2310,2310,10709400
15/02/2023,2310,2360,2300,2320,12150400
16/02/2023,2330,2350,2310,2310,9849000
17/02/2023,2310,2340,2290,2290,12205400
20/02/2023,2290,2290,2260,2270,12331500
21/02/2023,2270,2310,2270,2300,9915100
22/02/2023,2300,2300,2250,2260,12083200
23/02/2023,2260,2270,2230,2230,14048100
24/02/2023,2240,2260,2230,2240,7966600
27/02/2023,2250,2310,2250,2290,14274000
28/02/2023,2300,2360,2280,2360,16260100
01/03/2023,2360,2380,2320,2340,13986300
02/03/2023,2340,2360,2280,2290,11851300
03/03/2023,2300,2340,2280,2280,13548500
06/03/2023,2280,2300,2230,2230,12295400
07/03/2023,2230,2250,2230,2230,13628700
08/03/2023,2230,2230,2200,2200,11782000
09/03/2023,2230,2250,2220,2250,12943400
10/03/2023,2240,2240,2170,2190,14617100
13/03/2023,2190,2190,2150,2150,9689900
14/03/2023,2140,2160,2000,2000,18711000
15/03/2023,2000,2040,1860,1900,28358900
16/03/2023,1900,1925,1860,1905,18144500
17/03/2023,1910,2040,1910,2040,23481800
20/03/2023,2040,2040,1955,1960,17862200
21/03/2023,1960,2010,1950,1960,18482800
24/03/2023,1950,1990,1905,1905,20101200
27/03/2023,1910,1985,1910,1970,15928400
28/03/2023,1970,2020,1965,1985,15198100
29/03/2023,1990,2060,1980,2060,19838500
30/03/2023,2070,2090,1975,1980,14622900
31/03/2023,1985,1995,1955,1985,11716700
03/04/2023,2000,2020,1995,2010,7783800
04/04/2023,2030,2040,1990,2010,15900300
05/04/2023,2010,2030,2000,2010,15731800
06/04/2023,2010,2030,1995,1995,11245600
10/04/2023,1995,2010,1905,1920,13805000
11/04/2023,1920,1940,1905,1910,13859500
12/04/2023,1920,1930,1900,1900,10249600
13/04/2023,1900,1905,1870,1870,15192600
14/04/2023,1875,1910,1870,1875,19915200
17/04/2023,1880,1905,1835,1835,19903300
18/04/2023,1835,1860,1805,1840,20742800
26/04/2023,1840,1915,1830,1885,23451500
27/04/2023,1895,1915,1835,1835,27286200
28/04/2023,1840,1900,1840,1895,22357800
02/05/2023,1870,1870,1785,1785,20438600
03/05/2023,1785,1785,1705,1730,26717200
04/05/2023,1730,1785,1725,1750,12667700
05/05/2023,1750,1770,1680,1685,16294300
08/05/2023,1700,1825,1695,1785,25401800
09/05/2023,1785,1790,1725,1760,17613900
10/05/2023,1760,1830,1760,1780,18975000
11/05/2023,1785,1800,1730,1755,15516100
12/05/2023,1755,1780,1740,1740,11663300
15/05/2023,1740,1785,1705,1765,15892100
16/05/2023,1775,1810,1740,1745,19738700
17/05/2023,1745,1750,1685,1710,20425100
19/05/2023,1710,1770,1700,1700,19218800
22/05/2023,1710,1740,1690,1700,18609600
23/05/2023,1710,1720,1695,1705,21216700
24/05/2023,1710,1735,1690,1700,22761400
25/05/2023,1675,1680,1590,1600,19493800
26/05/2023,1600,1610,1530,1535,25012800
29/05/2023,1535,1590,1535,1550,20030700
30/05/2023,1550,1585,1550,1570,15605500
31/05/2023,1575,1580,1515,1550,21337700
05/06/2023,1555,1585,1550,1550,18431700
06/06/2023,1560,1595,1560,1580,21340200
07/06/2023,1585,1605,1570,1570,11668400
08/06/2023,1570,1590,1560,1570,17331100
09/06/2023,1575,1595,1560,1565,20766600
12/06/2023,1575,1590,1565,1585,11969900
13/06/2023,1585,1675,1585,1670,23699300
14/06/2023,1685,1725,1675,1720,26457100
15/06/2023,1730,1730,1660,1685,24876000
16/06/2023,1685,1740,1680,1715,26157800
19/06/2023,1725,1725,1685,1685,14224300
20/06/2023,1695,1725,1685,1705,21353900
21/06/2023,1710,1720,1680,1705,18987500
22/06/2023,1705,1805,1690,1780,43449300
23/06/2023,1780,1780,1725,1735,26829500
26/06/2023,1735,1750,1645,1655,32553800
27/06/2023,1655,1690,1640,1670,24165700
03/07/2023,1670,1710,1670,1695,21175900
04/07/2023,1700,1730,1690,1720,20121200
05/07/2023,1720,1760,1705,1750,26627300
06/07/2023,1755,1770,1740,1760,19593100
07/07/2023,1760,1770,1730,1755,22760200
10/07/2023,1755,1785,1735,1760,20023200
11/07/2023,1760,1775,1740,1740,15872300
12/07/2023,1745,1750,1710,1715,12742300
13/07/2023,1720,1720,1665,1675,24479800
14/07/2023,1675,1700,1675,1690,21962400
17/07/2023,1695,1720,1690,1705,21422900
18/07/2023,1715,1725,1640,1650,26236600
20/07/2023,1650,1720,1650,1705,22640900
21/07/2023,1710,1720,1680,1685,18402100
24/07/2023,1685,1700,1680,1690,8744700
25/07/2023,1700,1705,1675,1675,9989300
26/07/2023,1680,1720,1680,1720,8492000
27/07/2023,1720,1745,1695,1695,11481200
28/07/2023,1695,1700,1660,1670,10256600
31/07/2023,1650,1655,1555,1610,28270000
01/08/2023,1610,1610,1555,1565,12334000
02/08/2023,1565,1575,1550,1555,10160000
03/08/2023,1555,1590,1555,1575,6868900
04/08/2023,1575,1585,1560,1560,7394500
07/08/2023,1565,1580,1560,1565,5767000
08/08/2023,1575,1605,1575,1580,7786300
09/08/2023,1590,1595,1565,1570,6634100
10/08/2023,1585,1595,1570,1595,8518300
11/08/2023,1600,1620,1580,1580,8030300
14/08/2023,1585,1585,1565,1575,7093900
15/08/2023,1575,1650,1575,1635,15261700
16/08/2023,1645,1675,1630,1630,13105500
18/08/2023,1630,1655,1625,1625,6381800
21/08/2023,1625,1660,1625,1640,7395400
22/08/2023,1645,1735,1645,1725,22049100
23/08/2023,1730,1730,1680,1690,12701300
24/08/2023,1690,1690,1660,1670,7326800
25/08/2023,1670,1670,1615,1630,14185600
28/08/2023,1635,1700,1635,1695,8862600
29/08/2023,1710,1715,1675,1680,7463300
30/08/2023,1690,1715,1685,1700,8971300
31/08/2023,1700,1705,1660,1665,9606800
01/09/2023,1660,1670,1630,1650,10336000
04/09/2023,1650,1735,1650,1735,18273900
05/09/2023,1735,1740,1690,1695,14470600
06/09/2023,1705,1740,1695,1715,12857100
07/09/2023,1720,1720,1660,1665,11470900
08/09/2023,1675,1680,1670,1675,5888400
11/09/2023,1675,1675,1625,1635,15318800
12/09/2023,1640,1655,1635,1635,6642500
13/09/2023,1640,1745,1630,1745,9593400
14/09/2023,1715,1715,1670,1690,12903300
15/09/2023,1690,1735,1680,1695,17703400
18/09/2023,1705,1710,1675,1680,7127300
19/09/2023,1685,1750,1680,1745,22710900
20/09/2023,1755,1960,1755,1910,89392400
21/09/2023,1920,1990,1885,1905,61068100
22/09/2023,1900,1920,1840,1915,26568400
25/09/2023,1920,1950,1880,1890,18129700
26/09/2023,1895,1960,1830,1865,37020400
27/09/2023,1865,1865,1805,1815,25541700
29/09/2023,1820,1890,1755,1760,38082300
02/10/2023,1765,1830,1760,1785,21175600
03/10/2023,1800,1810,1690,1690,27173700
04/10/2023,1690,1695,1605,1610,28592000
05/10/2023,1630,1630,1605,1620,12658100
06/10/2023,1625,1645,1615,1630,9150600
09/10/2023,1630,1680,1625,1675,10857300
10/10/2023,1685,1685,1650,1655,11602000
11/10/2023,1670,1685,1655,1660,9846500
12/10/2023,1655,1655,1630,1630,7711200
13/10/2023,1630,1635,1605,1615,6807600
16/10/2023,1615,1635,1575,1580,11410500
17/10/2023,1580,1600,1540,1560,17495300
18/10/2023,1560,1690,1550,1640,23632700
19/10/2023,1640,1655,1580,1600,12800300
20/10/2023,1600,1610,1575,1590,5728300
23/10/2023,1590,1595,1515,1515,19434000
24/10/2023,1515,1545,1505,1515,13561000
25/10/2023,1515,1530,1510,1515,11502500
26/10/2023,1515,1525,1475,1480,15868800
27/10/2023,1480,1485,1405,1430,18545200
30/10/2023,1430,1480,1430,1455,13430700
31/10/2023,1455,1455,1425,1430,13034500
01/11/2023,1425,1440,1410,1420,17300500
02/11/2023,1420,1465,1420,1425,14896200
03/11/2023,1425,1475,1425,1455,14130400
06/11/2023,1455,1500,1455,1495,16383500
07/11/2023,1500,1510,1455,1460,8751800
08/11/2023,1455,1465,1425,1435,14845100
09/11/2023,1440,1525,1440,1500,17573600
10/11/2023,1490,1515,1475,1475,14511500
13/11/2023,1460,1505,1460,1480,16296100
14/11/2023,1490,1495,1465,1485,13912100
15/11/2023,1490,1535,1490,1525,13287400
16/11/2023,1530,1530,1475,1490,18714900
17/11/2023,1495,1515,1490,1495,12680600
20/11/2023,1490,1540,1485,1530,14643900
21/11/2023,1530,1550,1510,1545,13099900
22/11/2023,1545,1545,1505,1505,16264500
23/11/2023,1505,1575,1505,1560,20224000
24/11/2023,1560,1595,1560,1585,15314500
27/11/2023,1595,1640,1595,1635,23428300
28/11/2023,1635,1645,1605,1630,16619900
29/11/2023,1630,1645,1600,1600,14814900
30/11/2023,1605,1635,1605,1635,16284900
01/12/2023,1640,1665,1610,1610,16594600
04/12/2023,1610,1655,1600,1645,14311300
05/12/2023,1645,1650,1600,1605,15430400
06/12/2023,1610,1635,1610,1625,14970000
07/12/2023,1625,1645,1510,1525,18001300
08/12/2023,1530,1625,1525,1580,19312100
11/12/2023,1585,1615,1525,1540,13922400
12/12/2023,1540,1545,1515,1515,14202300
13/12/2023,1520,1585,1500,1510,16165600
14/12/2023,1520,1570,1515,1570,16862900
15/12/2023,1575,1600,1565,1570,13351900
18/12/2023,1570,1585,1530,1540,16900500
19/12/2023,1545,1630,1545,1600,17832200
20/12/2023,1605,1670,1605,1665,22154400
21/12/2023,1665,1675,1625,1625,14648800
22/12/2023,1625,1660,1610,1620,15353100
27/12/2023,1620,1640,1605,1615,15754900
28/12/2023,1620,1675,1620,1655,19478500
29/12/2023,1655,1675,1635,1640,12820000
02/01/2024,1630,1645,1620,1640,14932900
03/01/2024,1640,1700,1640,1700,23284400
04/01/2024,1710,1710,1665,1675,13384300
05/01/2024,1675,1715,1660,1665,17514500
08/01/2024,1665,1695,1650,1655,14087400
09/01/2024,1655,1690,1650,1650,14157700
10/01/2024,1655,1690,1655,1660,12726400
11/01/2024,1665,1680,1650,1655,12718200
12/01/2024,1660,1665,1635,1645,12446100
15/01/2024,1645,1660,1630,1640,12517000
16/01/2024,1640,1665,1635,1645,12792200
17/01/2024,1645,1650,1600,1600,15706500
18/01/2024,1600,1645,1600,1625,14767600
19/01/2024,1625,1635,1600,1610,9525800
22/01/2024,1615,1635,1605,1605,12579900
23/01/2024,1610,1625,1580,1590,12302800
24/01/2024,1585,1605,1560,1565,11532400
25/01/2024,1565,1585,1565,1575,12928200
26/01/2024,1580,1590,1525,1530,11365100
29/01/2024,1540,1555,1515,1540,13151200
30/01/2024,1540,1545,1515,1525,13615000
31/01/2024,1525,1530,1500,1510,15435300
01/02/2024,1510,1530,1485,1525,14335100
02/02/2024,1525,1540,1505,1525,13528100
05/02/2024,1530,1575,1515,1525,20931500
06/02/2024,1535,1560,1530,1550,14668000
07/02/2024,1560,1575,1540,1555,15112200
12/02/2024,1555,1610,1530,1580,12013400
13/02/2024,1580,1610,1565,1590,15587500
15/02/2024,1605,1630,1575,1575,14224000
16/02/2024,1580,1630,1580,1600,17208000
19/02/2024,1605,1620,1585,1590,11962300
20/02/2024,1600,1615,1585,1585,14128300
21/02/2024,1590,1600,1545,1555,16953600
22/02/2024,1555,1650,1555,1645,20361400
23/02/2024,1645,1645,1585,1600,13917900
26/02/2024,1600,1625,1595,1605,7284600
27/02/2024,1605,1605,1575,1585,5608600
28/02/2024,1585,1595,1575,1590,5113600
29/02/2024,1590,1600,1575,1575,5724600
01/03/2024,1585,1585,1555,1565,6345400
04/03/2024,1565,1580,1555,1560,4919600
05/03/2024,1560,1590,1560,1575,8256500
06/03/2024,1575,1595,1570,1580,6594600
07/03/2024,1580,1595,1560,1560,8602100
08/03/2024,1565,1575,1520,1525,11558300
13/03/2024,1525,1555,1525,1550,13734800
14/03/2024,1550,1555,1530,1540,10401000
15/03/2024,1550,1590,1545,1550,14261700
18/03/2024,1555,1560,1525,1530,11450400
19/03/2024,1535,1535,1440,1450,31443200
20/03/2024,1450,1465,1445,1450,15720900
21/03/2024,1450,1465,1430,1460,12851900
22/03/2024,1460,1470,1435,1440,14265200
25/03/2024,1475,1475,1450,1470,9144000
26/03/2024,1475,1475,1455,1460,10585700
27/03/2024,1465,1475,1450,1450,8935500
28/03/2024,1450,1460,1435,1445,9635900
01/04/2024,1445,1465,1430,1430,9792100
02/04/2024,1440,1440,1425,1435,9613900
03/04/2024,1435,1450,1425,1445,12283400
04/04/2024,1450,1520,1430,1495,17946400
05/04/2024,1500,1525,1490,1490,8756800
16/04/2024,1490,1565,1475,1565,17567900
17/04/2024,1570,1575,1535,1555,14071000
18/04/2024,1555,1555,1500,1505,10793700
19/04/2024,1515,1560,1490,1530,12189100
22/04/2024,1540,1550,1505,1510,9658000
23/04/2024,1515,1540,1500,1510,11684300
24/04/2024,1510,1525,1485,1485,9706500
25/04/2024,1485,1495,1435,1435,12977300
26/04/2024,1440,1445,1410,1410,10336600
29/04/2024,1420,1420,1350,1360,19188600
30/04/2024,1360,1445,1360,1410,11221400
02/05/2024,1410,1435,1405,1410,9350400
03/05/2024,1410,1460,1400,1445,11769400
06/05/2024,1445,1460,1410,1435,12108600
07/05/2024,1435,1465,1435,1455,9735700
08/05/2024,1460,1480,1450,1460,9138700
13/05/2024,1460,1530,1450,1525,14281400
14/05/2024,1530,1575,1520,1570,17365600
15/05/2024,1565,1595,1550,1585,14330300
16/05/2024,1595,1610,1510,1515,16487300
17/05/2024,1520,1570,1520,1545,11042800
20/05/2024,1545,1565,1525,1525,9134800
21/05/2024,1535,1560,1525,1555,14149000
22/05/2024,1560,1570,1540,1545,9324100
27/05/2024,1545,1545,1475,1475,16936500
28/05/2024,1475,1540,1475,1505,18973000
29/05/2024,1505,1530,1475,1495,14123100
30/05/2024,1495,1530,1470,1485,13606900
31/05/2024,1485,1525,1485,1490,12706400
03/06/2024,1495,1535,1490,1530,15032900
04/06/2024,1530,1570,1530,1560,24604700
05/06/2024,1560,1565,1445,1460,19315100
06/06/2024,1460,1510,1460,1480,13702000
07/06/2024,1485,1510,1470,1495,13853700
10/06/2024,1490,1500,1460,1475,14102100
11/06/2024,1475,1495,1455,1455,14610400
12/06/2024,1455,1465,1410,1415,17396200
13/06/2024,1415,1460,1415,1430,15114100
14/06/2024,1430,1440,1350,1350,20816100
19/06/2024,1350,1365,1225,1235,20378800
20/06/2024,1240,1270,1225,1250,18096100
21/06/2024,1255,1325,1250,1320,17621500
24/06/2024,1315,1320,1280,1295,17460800
25/06/2024,1300,1300,1270,1290,15126600
26/06/2024,1290,1310,1280,1280,15913800
27/06/2024,1280,1365,1280,1360,18094600
28/06/2024,1370,1460,1365,1435,23835000
01/07/2024,1445,1495,1445,1480,19881100
02/07/2024,1485,1500,1445,1445,23760700
03/07/2024,1455,1465,1405,1415,22740400
04/07/2024,1415,1475,1415,1465,18476200
05/07/2024,1465,1480,1440,1450,19392600
08/07/2024,1450,1495,1445,1460,18618500
09/07/2024,1465,1490,1455,1470,17556200
10/07/2024,1475,1490,1455,1460,18755800
11/07/2024,1460,1475,1425,1425,22090800
12/07/2024,1430,1465,1430,1430,18210200
15/07/2024,1440,1505,1435,1495,24460700
16/07/2024,1500,1520,1480,1480,23601500
17/07/2024,1485,1515,1485,1490,19061100
18/07/2024,1495,1515,1485,1495,20096500
19/07/2024,1500,1530,1490,1495,20880800
22/07/2024,1495,1510,1470,1480,25566800
23/07/2024,1490,1510,1475,1480,19548300
24/07/2024,1485,1510,1475,1490,19016300
25/07/2024,1490,1490,1370,1440,37012900
26/07/2024,1425,1445,1405,1435,21649300
29/07/2024,1445,1510,1445,1505,27527300
30/07/2024,1505,1605,1505,1600,39868900
31/07/2024,1605,1685,1585,1675,58497300
01/08/2024,1675,1785,1655,1770,45082200
02/08/2024,1780,1795,1740,1770,31207500
05/08/2024,1770,1770,1625,1630,54843500
06/08/2024,1630,1710,1630,1695,27464000
07/08/2024,1690,1755,1675,1715,31037800
08/08/2024,1715,1770,1705,1760,14791300
09/08/2024,1760,1780,1740,1740,15035300
12/08/2024,1750,1790,1745,1760,10993000
13/08/2024,1760,1780,1730,1760,15218800
14/08/2024,1760,1790,1740,1745,12925800
15/08/2024,1755,1785,1745,1750,13322300
16/08/2024,1750,1865,1750,1865,30517000
19/08/2024,1880,1880,1805,1805,22111800
20/08/2024,1810,1825,1750,1755,21498700
21/08/2024,1760,1825,1755,1820,20236100
22/08/2024,1820,1830,1785,1785,17882200
23/08/2024,1785,1825,1775,1825,16686900
26/08/2024,1810,1880,1810,1880,21767200
27/08/2024,1880,2060,1880,1935,47526000
28/08/2024,1940,2030,1935,2010,37133800
29/08/2024,2010,2150,2010,2120,37400400
30/08/2024,2130,2230,2080,2170,35860700
02/09/2024,2170,2440,2170,2400,48105000
03/09/2024,2400,2400,2210,2320,48515600
04/09/2024,2300,2350,2210,2340,34918800
05/09/2024,2340,2360,2260,2350,32586600
06/09/2024,2350,2410,2290,2310,27660100
09/09/2024,2310,2310,2240,2300,29591700
10/09/2024,2300,2330,2260,2280,21041600
11/09/2024,2280,2330,2260,2300,17850300
12/09/2024,2440,2800,2440,2760,148078700
13/09/2024,2760,2800,2470,2470,103738700
17/09/2024,2500,2550,2460,2510,41565000
18/09/2024,2550,2550,2380,2380,44026400
19/09/2024,2380,2500,2350,2460,50107000
20/09/2024,2460,2490,2360,2440,44001800
23/09/2024,2420,2440,2360,2360,28818000
24/09/2024,2370,2420,2330,2350,30775300
25/09/2024,2350,2390,2330,2340,28709700
26/09/2024,2340,2470,2310,2460,65417500
27/09/2024,2460,2580,2450,2550,50611600
30/09/2024,2560,2640,2520,2560,32477200
01/10/2024,2560,2720,2440,2680,52121500
02/10/2024,2670,2700,2520,2550,43017900
03/10/2024,2550,2630,2520,2590,19875700
04/10/2024,2590,2630,2530,2530,14353300
07/10/2024,2600,2600,2480,2480,16556200
08/10/2024,2480,2500,2310,2350,56845000
09/10/2024,2350,2370,2250,2290,34578900
10/10/2024,2290,2340,2280,2320,19694500
11/10/2024,2320,2370,2310,2320,16015300
14/10/2024,2320,2370,2300,2300,14033300
15/10/2024,2300,2360,2280,2330,16714000
16/10/2024,2330,2390,2310,2380,17913400
17/10/2024,2390,2400,2350,2360,15011300
18/10/2024,2380,2400,2320,2340,23931700
21/10/2024,2340,2470,2340,2460,29829000
22/10/2024,2460,2480,2410,2420,13441500
23/10/2024,2450,2490,2380,2380,18721300
24/10/2024,2370,2420,2330,2340,15897600
25/10/2024,2350,2380,2280,2280,14799000
28/10/2024,2280,2320,2240,2240,14985700
29/10/2024,2270,2280,2210,2240,11102500
30/10/2024,2240,2370,2200,2360,20507700
31/10/2024,2360,2420,2310,2310,14713700
01/11/2024,2300,2440,2300,2400,31504000
04/11/2024,2400,2470,2380,2450,25010700
05/11/2024,2500,2630,2470,2500,64036100
06/11/2024,2500,2530,2400,2400,23367800
07/11/2024,2420,2420,2280,2350,23582200
08/11/2024,2360,2380,2300,2300,12528600
11/11/2024,2300,2350,2270,2300,15185400
12/11/2024,2300,2420,2300,2360,23498400
13/11/2024,2370,2440,2330,2340,20876300
14/11/2024,2350,2360,2290,2300,17875100
15/11/2024,2310,2340,2260,2290,14180200
18/11/2024,2290,2330,1995,2000,43736500
19/11/2024,2000,2160,1995,2130,31822200
20/11/2024,2130,2280,2130,2260,28356700
21/11/2024,2270,2300,2200,2230,13623000
22/11/2024,2230,2250,2150,2190,11611200
25/11/2024,2200,2270,2180,2230,12656500
26/11/2024,2260,2290,2200,2220,14099900
28/11/2024,2220,2230,2090,2100,14608800
29/11/2024,2100,2160,2100,2120,6447800
02/12/2024,2120,2440,2100,2390,34394400
03/12/2024,2390,2580,2390,2570,43386400
04/12/2024,2610,2770,2560,2760,67294000
05/12/2024,2830,2830,2610,2670,46636800
06/12/2024,2670,2670,2560,2590,30954800
09/12/2024,2590,2880,2580,2780,80985100
10/12/2024,2800,2810,2630,2650,61758500
11/12/2024,2660,2670,2490,2510,38877900
12/12/2024,2510,2580,2350,2370,50291300
13/12/2024,2380,2420,2310,2350,25421500
16/12/2024,2370,2400,2300,2310,20298700
17/12/2024,2330,2360,2250,2250,15991700
18/12/2024,2270,2320,2220,2240,19952200
19/12/2024,2210,2230,2130,2160,21517500
20/12/2024,2160,2190,2050,2050,23025100
23/12/2024,2080,2130,2030,2080,20515000
24/12/2024,2080,2130,2050,2080,13835900
27/12/2024,2100,2110,2050,2060,8416500
30/12/2024,2080,2130,2000,2090,14788900
02/01/2025,2090,2110,2040,2070,8491600
03/01/2025,2090,2100,2030,2030,9964400
06/01/2025,2040,2060,1835,1840,48955400
07/01/2025,1850,1925,1850,1905,19745800
08/01/2025,1900,1930,1845,1845,17760300
09/01/2025,1855,1885,1790,1790,17295200
10/01/2025,1795,1855,1780,1815,9146900
13/01/2025,1815,1870,1815,1825,10705100
14/01/2025,1840,1920,1825,1905,21683200
15/01/2025,1920,1940,1890,1930,10190700
16/01/2025,1930,1955,1905,1925,7147500
17/01/2025,1930,1935,1905,1920,5960100
20/01/2025,1920,1945,1910,1925,4184100
21/01/2025,1945,1980,1915,1925,9899600
22/01/2025,1960,1965,1880,1885,9698000
23/01/2025,1900,1940,1885,1900,7060300
24/01/2025,1905,1910,1835,1845,8864900
30/01/2025,1845,1870,1825,1835,5370800
31/01/2025,1845,1925,1840,1915,10098800
03/02/2025,1910,1915,1850,1850,8515500
04/02/2025,1855,1880,1835,1840,6432300
05/02/2025,1840,1855,1820,1820,8090900
06/02/2025,1820,1840,1770,1800,10778800
07/02/2025,1800,1820,1775,1775,5887500
10/02/2025,1780,1810,1700,1750,9300900
11/02/2025,1755,1825,1755,1760,6719300
12/02/2025,1760,1780,1735,1750,5031300
13/02/2025,1760,1765,1690,1705,13566200
14/02/2025,1705,1760,1705,1760,4942700
17/02/2025,1765,1890,1765,1885,9731600
18/02/2025,1890,1905,1865,1885,5509800
19/02/2025,1885,1890,1845,1850,6161000
20/02/2025,1850,1900,1845,1890,4113000
21/02/2025,1905,1930,1880,1890,3646900
24/02/2025,1890,1905,1860,1865,2105500
25/02/2025,1865,1905,1800,1800,4610600
26/02/2025,1790,1825,1760,1760,3665900
27/02/2025,1760,1790,1700,1760,6239200
28/02/2025,1755,1755,1625,1625,7246700
03/03/2025,1640,1890,1640,1865,11045800
04/03/2025,1875,1875,1660,1690,10822100
05/03/2025,1690,1765,1690,1750,3049400
06/03/2025,1765,1870,1765,1850,8884800
07/03/2025,1855,1900,1835,1850,4861200
10/03/2025,1880,1890,1835,1845,7271100
11/03/2025,1825,1825,1750,1775,4635400
12/03/2025,1775,1840,1750,1840,4181800
13/03/2025,1820,1835,1750,1750,5460800
14/03/2025,1750,1750,1680,1690,2852200
17/03/2025,1690,1705,1650,1670,3560300
18/03/2025,1670,1670,1600,1635,4239500
19/03/2025,1635,1655,1620,1630,862100
20/03/2025,1630,1675,1590,1595,3907500
21/03/2025,1595,1605,1525,1530,7619300
24/03/2025,1530,1530,1470,1470,6063900
25/03/2025,1470,1540,1465,1535,4577700
26/03/2025,1540,1620,1540,1590,5184700
27/03/2025,1580,1660,1575,1605,5750500
08/04/2025,1445,1445,1385,1405,5647300
09/04/2025,1405,1435,1200,1225,14570800
10/04/2025,1355,1430,1350,1390,10421200
11/04/2025,1390,1520,1385,1475,9082200
14/04/2025,1480,1545,1480,1490,4871000
15/04/2025,1510,1510,1455,1485,4392000
16/04/2025,1490,1530,1470,1480,4295000
17/04/2025,1480,1580,1470,1540,18561100
21/04/2025,1555,1575,1525,1535,7090100
22/04/2025,1535,1620,1525,1570,10188700
23/04/2025,1590,1600,1510,1515,8970700
24/04/2025,1515,1570,1515,1525,5339500
25/04/2025,1535,1570,1535,1560,3450000
28/04/2025,1575,1585,1545,1545,3758200
29/04/2025,1555,1570,1540,1540,2909400
30/04/2025,1550,1555,1530,1530,2178000
02/05/2025,1525,1545,1500,1500,4325700
05/05/2025,1500,1535,1500,1520,2566500
06/05/2025,1525,1545,1525,1540,3207800
07/05/2025,1540,1720,1520,1690,28786600
08/05/2025,1710,1760,1625,1625,28693000
09/05/2025,1640,1665,1575,1575,8408300
14/05/2025,1615,1640,1565,1570,7501500
15/05/2025,1570,1655,1565,1620,15280300
16/05/2025,1640,1710,1640,1665,15387100
19/05/2025,1685,1880,1670,1810,38835500
20/05/2025,1825,1875,1710,1720,30899600
21/05/2025,1750,1755,1680,1685,15426800
22/05/2025,1695,1740,1695,1730,8343000
23/05/2025,1715,1740,1705,1715,3743200
26/05/2025,1725,1740,1680,1680,7046200
27/05/2025,1695,1795,1680,1780,21708800
28/05/2025,1805,1805,1745,1750,11071700
02/06/2025,1750,1750,1685,1715,12610900
03/06/2025,1715,1725,1680,1685,8294700
04/06/2025,1690,1735,1685,1715,14218800
05/06/2025,1735,1740,1610,1640,10997900
10/06/2025,1640,1655,1610,1610,8225200
11/06/2025,1620,1650,1610,1635,6205200
12/06/2025,1640,1655,1610,1615,3351000
13/06/2025,1630,1640,1605,1615,4341400
16/06/2025,1625,1725,1625,1700,19198700
17/06/2025,1700,1710,1670,1670,4434400
18/06/2025,1680,1685,1650,1655,3838600
19/06/2025,1660,1680,1550,1590,10861500
20/06/2025,1585,1620,1550,1605,6548100
23/06/2025,1595,1595,1550,1565,3525100
24/06/2025,1580,1635,1580,1625,3551600
25/06/2025,1640,1650,1600,1600,3025100
26/06/2025,1605,1620,1595,1600,1970300
30/06/2025,1625,1635,1605,1610,4308300
01/07/2025,1620,1625,1575,1575,3339200
02/07/2025,1585,1585,1550,1555,3942600
03/07/2025,1570,1610,1570,1600,2210900
04/07/2025,1605,1625,1580,1600,1962500
07/07/2025,1600,1630,1600,1625,1542900
08/07/2025,1650,1650,1600,1620,2743500
09/07/2025,1620,1630,1605,1605,1605100
10/07/2025,1605,1635,1600,1625,3826100
11/07/2025,1625,1670,1625,1625,6288600
14/07/2025,1625,1625,1590,1600,7643100
15/07/2025,1605,1715,1595,1690,8274600
16/07/2025,1710,1740,1680,1685,8883700
17/07/2025,1690,1770,1680,1765,13504100
18/07/2025,1770,1860,1765,1840,27701000
21/07/2025,1870,1970,1870,1960,55743100
22/07/2025,1970,2020,1945,1975,43243400
23/07/2025,1985,2080,1985,2020,18056900
24/07/2025,2030,2040,1980,1990,8299800
25/07/2025,2000,2000,1950,1950,6435300
28/07/2025,1955,2000,1955,1965,5463500
29/07/2025,1970,2010,1950,1950,8104000
30/07/2025,1935,1960,1910,1920,11661400
31/07/2025,1990,2000,1900,1900,10230000
01/08/2025,1910,1925,1900,1915,3811300
04/08/2025,1915,1965,1875,1875,9854100
05/08/2025,1885,1905,1875,1875,5962700
06/08/2025,1880,1920,1875,1895,5588300
07/08/2025,1895,1910,1825,1825,12307300
08/08/2025,1830,1840,1740,1745,22073000
11/08/2025,1765,1825,1765,1780,10865900
12/08/2025,1790,1855,1775,1795,13339600
13/08/2025,1795,1820,1765,1780,10740900
14/08/2025,1805,1865,1800,1865,9660700
15/08/2025,1865,1875,1825,1825,7850500
19/08/2025,1830,1865,1825,1845,5445500
20/08/2025,1850,1860,1830,1855,6342800
21/08/2025,1855,1855,1805,1805,7621000
22/08/2025,1815,1835,1800,1805,3381600
25/08/2025,1815,1835,1810,1815,3552900
26/08/2025,1815,1845,1800,1820,3402100
27/08/2025,1830,1980,1830,1975,22006600
28/08/2025,2000,2030,1890,1900,23477600
29/08/2025,1890,1890,1805,1855,14632900
01/09/2025,1810,1860,1780,1815,8946000
02/09/2025,1820,1895,1820,1880,6398400
03/09/2025,1900,1915,1865,1895,10294900
04/09/2025,1905,2200,1905,2030,70362000
08/09/2025,2090,2150,1995,2000,32535400
09/09/2025,2020,2100,1915,2000,29748800
10/09/2025,2020,2030,1950,1950,7738500
11/09/2025,1965,1985,1910,1920,9947900
12/09/2025,1930,1990,1920,1925,6899100
15/09/2025,1930,1960,1895,1910,7493400
16/09/2025,1925,1935,1910,1915,1841700
17/09/2025,1950,1950,1870,1880,13565600
18/09/2025,1890,1975,1875,1940,23838700
19/09/2025,1950,2020,1910,1945,17734800
