Date,Open,High,Low,Close,Volume
19/08/2010,1800,1800,1730,1800,296430000
20/08/2010,1760,1790,1740,1760,64770000
23/08/2010,1740,1760,1730,1740,41192500
24/08/2010,1740,1760,1730,1740,68545000
25/08/2010,1780,1790,1740,1780,79782500
26/08/2010,1800,1800,1770,1800,56525000
27/08/2010,1750,1800,1720,1750,82460000
30/08/2010,1740,1770,1740,1740,51980000
31/08/2010,1730,1740,1700,1730,67170000
01/09/2010,1800,1800,1750,1800,124780000
02/09/2010,1790,1820,1770,1790,73915000
03/09/2010,1810,1810,1790,1810,67727500
06/09/2010,1800,1820,1800,1800,75725000
07/09/2010,1800,1830,1790,1800,148842500
15/09/2010,1840,1890,1830,1860,211322500
16/09/2010,1840,1870,1830,1840,135592500
17/09/2010,1850,1860,1820,1850,105375000
20/09/2010,1850,1860,1820,1850,21440000
21/09/2010,1800,1870,1780,1800,73087500
22/09/2010,1790,1840,1780,1790,88235000
23/09/2010,1760,1790,1720,1760,119935000
24/09/2010,1780,1800,1760,1780,68325000
27/09/2010,1800,1830,1800,1800,64050000
28/09/2010,1810,1840,1800,1810,120967500
29/09/2010,1860,1860,1830,1860,157927500
30/09/2010,1840,1870,1840,1840,86947500
01/10/2010,1880,1890,1860,1880,56667500
04/10/2010,1910,1920,1890,1910,82442500
05/10/2010,1960,1960,1880,1960,122117500
06/10/2010,1900,1960,1880,1900,132577500
07/10/2010,1840,1880,1820,1840,145185000
08/10/2010,1820,1840,1810,1820,119357500
11/10/2010,1830,1850,1820,1830,71230000
12/10/2010,1830,1840,1810,1830,43775000
13/10/2010,1810,1830,1800,1810,145587500
14/10/2010,1810,1840,1780,1810,193185000
15/10/2010,1810,1820,1790,1810,81187500
18/10/2010,1810,1830,1800,1810,39442500
19/10/2010,1840,1840,1810,1840,56730000
20/10/2010,1830,1830,1810,1830,47835000
21/10/2010,1800,1850,1800,1800,50257500
22/10/2010,1800,1820,1780,1800,111915000
25/10/2010,1780,1810,1770,1780,90910000
26/10/2010,1810,1820,1790,1810,72735000
27/10/2010,1820,1840,1810,1820,108617500
28/10/2010,1850,1850,1810,1850,107455000
29/10/2010,1820,1850,1810,1820,74590000
01/11/2010,1730,1830,1690,1730,593432500
02/11/2010,1660,1720,1650,1660,441262500
03/11/2010,1610,1660,1600,1610,433372500
04/11/2010,1620,1640,1580,1620,403395000
05/11/2010,1570,1640,1550,1570,463475000
08/11/2010,1630,1630,1570,1630,368107500
09/11/2010,1630,1640,1620,1630,255045000
10/11/2010,1690,1700,1620,1690,456532500
11/11/2010,1700,1730,1680,1700,248085000
12/11/2010,1650,1700,1640,1650,204247500
15/11/2010,1640,1660,1610,1640,129820000
16/11/2010,1630,1670,1620,1630,135845000
18/11/2010,1680,1680,1640,1680,228335000
19/11/2010,1660,1690,1660,1660,154247500
22/11/2010,1680,1700,1670,1680,121612500
23/11/2010,1660,1690,1640,1660,87492500
24/11/2010,1630,1670,1630,1630,141680000
25/11/2010,1630,1650,1620,1630,104947500
26/11/2010,1600,1640,1590,1600,130367500
29/11/2010,1610,1630,1600,1610,93222500
30/11/2010,1590,1640,1590,1590,189900000
01/12/2010,1630,1630,1590,1630,92272500
02/12/2010,1650,1660,1640,1650,114770000
03/12/2010,1620,1650,1620,1620,57412500
06/12/2010,1610,1630,1610,1610,70200000
08/12/2010,1600,1640,1590,1600,239792500
09/12/2010,1600,1600,1580,1600,63427500
10/12/2010,1570,1600,1560,1570,179310000
13/12/2010,1560,1580,1550,1560,192145000
14/12/2010,1560,1570,1550,1560,108977500
15/12/2010,1560,1560,1530,1560,136837500
16/12/2010,1550,1570,1530,1550,105917500
17/12/2010,1570,1580,1540,1570,54750000
20/12/2010,1570,1600,1560,1570,87912500
21/12/2010,1600,1610,1570,1600,61752500
22/12/2010,1580,1600,1570,1580,55150000
23/12/2010,1580,1600,1570,1580,34067500
27/12/2010,1600,1600,1570,1600,25307500
28/12/2010,1600,1600,1580,1600,16062500
29/12/2010,1600,1600,1570,1600,47305000
30/12/2010,1590,1600,1580,1590,53695000
03/01/2011,1600,1610,1580,1600,34922500
04/01/2011,1580,1600,1580,1580,50385000
05/01/2011,1600,1600,1580,1600,84900000
06/01/2011,1540,1590,1530,1540,198480000
07/01/2011,1470,1520,1450,1470,284375000
10/01/2011,1440,1460,1430,1440,147192500
11/01/2011,1440,1490,1420,1440,307800000
12/01/2011,1500,1510,1450,1500,197247500
13/01/2011,1470,1540,1470,1470,175577500
14/01/2011,1500,1510,1480,1500,126762500
17/01/2011,1520,1530,1500,1520,72877500
18/01/2011,1560,1560,1510,1560,123230000
19/01/2011,1560,1570,1530,1560,93122500
20/01/2011,1510,1540,1510,1510,54402500
21/01/2011,1510,1510,1460,1510,189377500
24/01/2011,1540,1540,1510,1540,79722500
25/01/2011,1530,1560,1520,1530,77597500
26/01/2011,1550,1560,1530,1550,97275000
27/01/2011,1530,1560,1520,1530,102720000
28/01/2011,1550,1550,1510,1550,66007500
31/01/2011,1510,1530,1500,1510,131725000
01/02/2011,1510,1520,1490,1510,71630000
02/02/2011,1530,1550,1520,1530,60857500
04/02/2011,1550,1560,1530,1550,40702500
07/02/2011,1540,1570,1530,1540,65187500
08/02/2011,1540,1560,1530,1540,57955000
09/02/2011,1560,1570,1530,1560,97870000
10/02/2011,1530,1550,1510,1530,84107500
11/02/2011,1520,1520,1490,1520,62812500
14/02/2011,1490,1520,1490,1490,54655000
16/02/2011,1490,1500,1470,1490,119327500
17/02/2011,1490,1490,1470,1490,58967500
18/02/2011,1490,1500,1480,1490,58102500
21/02/2011,1520,1520,1490,1520,60460000
22/02/2011,1490,1510,1490,1490,37900000
23/02/2011,1490,1510,1490,1490,80302500
24/02/2011,1470,1500,1470,1470,77310000
25/02/2011,1490,1520,1480,1490,52902500
28/02/2011,1490,1510,1490,1490,49137500
01/03/2011,1500,1510,1490,1500,35747500
02/03/2011,1470,1500,1470,1470,46565000
03/03/2011,1470,1490,1470,1470,56752500
04/03/2011,1460,1490,1450,1460,103097500
07/03/2011,1470,1480,1460,1470,77145000
08/03/2011,1460,1480,1460,1460,29065000
09/03/2011,1490,1500,1470,1490,101040000
10/03/2011,1480,1480,1470,1480,57452500
11/03/2011,1460,1470,1450,1460,95785000
14/03/2011,1470,1470,1450,1470,82050000
15/03/2011,1430,1460,1430,1430,85177500
16/03/2011,1410,1450,1400,1410,122272500
17/03/2011,1360,1400,1350,1360,218442500
18/03/2011,1340,1390,1330,1340,250607500
21/03/2011,1350,1360,1330,1350,117315000
22/03/2011,1320,1360,1320,1320,124460000
23/03/2011,1550,1600,1530,1550,110445000
24/03/2011,1430,1430,1360,1430,257115000
25/03/2011,1430,1460,1420,1430,163332500
28/03/2011,1420,1430,1410,1420,33502500
29/03/2011,1400,1410,1400,1400,72307500
30/03/2011,1440,1450,1400,1440,171987500
31/03/2011,1470,1470,1430,1470,166390000
01/04/2011,1460,1460,1440,1460,72657500
04/04/2011,1460,1470,1450,1460,42830000
05/04/2011,1450,1450,1440,1450,47285000
06/04/2011,1450,1450,1420,1450,82392500
07/04/2011,1420,1450,1420,1420,85887500
08/04/2011,1400,1430,1390,1400,136977500
11/04/2011,1420,1420,1400,1420,77822500
12/04/2011,1420,1430,1410,1420,39932500
13/04/2011,1400,1420,1400,1400,54695000
14/04/2011,1440,1450,1410,1440,148222500
15/04/2011,1450,1470,1440,1450,151732500
18/04/2011,1470,1470,1450,1470,82662500
19/04/2011,1530,1530,1470,1530,231732500
20/04/2011,1560,1570,1530,1560,261367500
21/04/2011,1550,1570,1530,1550,67332500
25/04/2011,1510,1550,1500,1510,37020000
26/04/2011,1490,1510,1480,1490,45570000
27/04/2011,1540,1540,1500,1540,59295000
28/04/2011,1530,1550,1510,1530,31717500
29/04/2011,1540,1540,1510,1540,67155000
02/05/2011,1550,1550,1530,1550,40600000
03/05/2011,1540,1550,1520,1540,43042500
04/05/2011,1530,1540,1510,1530,66977500
05/05/2011,1500,1530,1490,1500,143775000
06/05/2011,1510,1520,1480,1510,88710000
09/05/2011,1510,1530,1500,1510,41785000
10/05/2011,1510,1520,1500,1510,32100000
11/05/2011,1520,1520,1500,1520,46222500
12/05/2011,1540,1540,1510,1540,75617500
13/05/2011,1540,1540,1520,1540,36745000
16/05/2011,1540,1540,1520,1540,32897500
18/05/2011,1550,1560,1530,1550,75915000
19/05/2011,1520,1550,1510,1520,79327500
20/05/2011,1530,1540,1520,1530,68770000
23/05/2011,1510,1520,1500,1510,47165000
24/05/2011,1530,1530,1510,1530,76772500
25/05/2011,1540,1540,1520,1540,28617500
26/05/2011,1540,1540,1520,1540,68022500
27/05/2011,1540,1540,1520,1540,68710000
30/05/2011,1520,1540,1510,1520,49680000
31/05/2011,1540,1540,1520,1540,60117500
01/06/2011,1550,1550,1530,1550,42402500
03/06/2011,1530,1540,1520,1530,78920000
06/06/2011,1520,1530,1510,1520,91342500
07/06/2011,1500,1510,1490,1500,148577500
08/06/2011,1500,1510,1490,1500,98942500
09/06/2011,1490,1500,1480,1490,107070000
10/06/2011,1490,1500,1480,1490,99352500
13/06/2011,1490,1500,1480,1490,100185000
14/06/2011,1460,1460,1430,1460,134890000
15/06/2011,1450,1460,1440,1450,70747500
16/06/2011,1420,1450,1410,1420,89272500
17/06/2011,1370,1430,1360,1370,120882500
20/06/2011,1390,1400,1370,1390,61725000
21/06/2011,1420,1430,1390,1420,62607500
22/06/2011,1430,1440,1420,1430,47617500
23/06/2011,1430,1440,1420,1430,29465000
24/06/2011,1450,1460,1430,1450,75432500
27/06/2011,1420,1440,1420,1420,43732500
28/06/2011,1450,1460,1430,1450,60070000
30/06/2011,1470,1470,1440,1470,129097500
01/07/2011,1440,1480,1440,1440,75635000
04/07/2011,1440,1440,1440,1440,0
05/07/2011,1440,1460,1430,1440,72345000
06/07/2011,1430,1450,1420,1430,38207500
07/07/2011,1430,1440,1420,1430,43170000
08/07/2011,1440,1440,1420,1440,44697500
11/07/2011,1410,1430,1400,1410,55782500
12/07/2011,1400,1400,1380,1400,91820000
13/07/2011,1410,1420,1390,1410,82730000
14/07/2011,1410,1420,1400,1410,74537500
15/07/2011,1430,1430,1400,1430,62892500
18/07/2011,1420,1440,1410,1420,51292500
19/07/2011,1410,1420,1400,1410,36195000
20/07/2011,1420,1420,1400,1420,31760000
21/07/2011,1460,1460,1410,1460,117302500
22/07/2011,1480,1480,1450,1480,68407500
25/07/2011,1460,1480,1450,1460,70447500
26/07/2011,1460,1460,1450,1460,57402500
27/07/2011,1470,1470,1460,1470,34665000
28/07/2011,1460,1480,1450,1460,98107500
29/07/2011,1470,1480,1450,1470,98597500
01/08/2011,1500,1500,1470,1500,86795000
02/08/2011,1520,1520,1490,1520,214512500
03/08/2011,1510,1520,1490,1510,140755000
04/08/2011,1560,1580,1520,1560,367465000
05/08/2011,1510,1530,1490,1510,178427500
08/08/2011,1500,1540,1490,1500,161515000
09/08/2011,1440,1490,1420,1440,254767500
10/08/2011,1420,1480,1420,1420,185112500
11/08/2011,1470,1490,1400,1470,207872500
12/08/2011,1460,1490,1450,1460,107122500
15/08/2011,1450,1470,1450,1450,87812500
16/08/2011,1440,1470,1440,1440,58585000
18/08/2011,1490,1500,1460,1490,144920000
19/08/2011,1480,1500,1460,1480,189235000
22/08/2011,1460,1480,1440,1460,43952500
23/08/2011,1460,1480,1450,1460,35397500
24/08/2011,1450,1480,1440,1450,77350000
25/08/2011,1440,1470,1420,1440,78785000
26/08/2011,1450,1460,1400,1450,61390000
05/09/2011,1510,1530,1460,1510,326287500
06/09/2011,1530,1540,1500,1530,144587500
07/09/2011,1580,1580,1530,1580,145980000
08/09/2011,1530,1580,1530,1530,89195000
09/09/2011,1520,1560,1520,1520,95535000
12/09/2011,1480,1520,1480,1480,68055000
13/09/2011,1470,1500,1460,1470,37370000
14/09/2011,1470,1500,1460,1470,81275000
15/09/2011,1500,1520,1460,1500,84030000
16/09/2011,1470,1530,1470,1470,44705000
19/09/2011,1490,1490,1460,1490,43740000
20/09/2011,1490,1490,1470,1490,53552500
21/09/2011,1510,1530,1490,1510,70102500
22/09/2011,1380,1500,1380,1380,192072500
23/09/2011,1440,1460,1400,1440,124692500
26/09/2011,1440,1490,1420,1440,266987500
27/09/2011,1450,1500,1450,1450,104615000
28/09/2011,1470,1480,1450,1470,81737500
29/09/2011,1490,1500,1470,1490,66902500
30/09/2011,1520,1540,1490,1520,115465000
03/10/2011,1480,1500,1470,1480,92305000
04/10/2011,1490,1530,1480,1490,189500000
05/10/2011,1540,1540,1510,1540,150012500
06/10/2011,1520,1550,1490,1520,82517500
07/10/2011,1450,1520,1440,1450,142665000
10/10/2011,1440,1460,1420,1440,83495000
11/10/2011,1460,1470,1450,1460,83342500
12/10/2011,1470,1480,1440,1470,119385000
13/10/2011,1450,1470,1440,1450,128810000
14/10/2011,1420,1460,1410,1420,172262500
17/10/2011,1420,1440,1410,1420,124752500
18/10/2011,1430,1430,1400,1430,87912500
19/10/2011,1440,1450,1430,1440,56372500
20/10/2011,1450,1450,1430,1450,72300000
21/10/2011,1450,1470,1450,1450,56487500
24/10/2011,1450,1470,1420,1450,126362500
25/10/2011,1470,1470,1450,1470,94677500
26/10/2011,1480,1480,1460,1480,73162500
27/10/2011,1500,1500,1480,1500,115000000
28/10/2011,1490,1510,1470,1490,105927500
31/10/2011,1480,1500,1460,1480,55060000
01/11/2011,1480,1500,1480,1480,45562500
02/11/2011,1510,1530,1470,1510,85812500
03/11/2011,1500,1520,1500,1500,41752500
04/11/2011,1520,1530,1500,1520,37442500
07/11/2011,1500,1510,1480,1500,39105000
08/11/2011,1500,1500,1480,1500,27047500
09/11/2011,1500,1510,1490,1500,76982500
10/11/2011,1480,1490,1470,1480,45880000
11/11/2011,1480,1500,1480,1480,49905000
14/11/2011,1500,1500,1480,1500,30280000
15/11/2011,1490,1500,1480,1490,54720000
16/11/2011,1510,1510,1490,1510,43035000
17/11/2011,1510,1520,1500,1510,32660000
18/11/2011,1500,1520,1490,1500,46627500
21/11/2011,1490,1500,1470,1490,69502500
22/11/2011,1490,1490,1470,1490,43945000
23/11/2011,1510,1510,1480,1510,50435000
24/11/2011,1500,1510,1490,1500,21920000
25/11/2011,1460,1500,1460,1460,46137500
28/11/2011,1460,1480,1440,1460,50772500
29/11/2011,1430,1470,1430,1430,77692500
30/11/2011,1470,1480,1440,1470,95785000
01/12/2011,1470,1470,1470,1470,0
02/12/2011,1470,1480,1460,1470,38050000
05/12/2011,1450,1480,1450,1450,49020000
06/12/2011,1470,1470,1450,1470,49255000
07/12/2011,1460,1480,1450,1460,70710000
08/12/2011,1450,1470,1450,1450,51580000
09/12/2011,1440,1460,1420,1440,142575000
12/12/2011,1450,1460,1440,1450,27750000
13/12/2011,1430,1450,1420,1430,78060000
14/12/2011,1420,1430,1410,1420,36120000
15/12/2011,1430,1430,1400,1430,106532500
16/12/2011,1430,1440,1430,1430,32912500
19/12/2011,1410,1440,1410,1410,60082500
20/12/2011,1400,1430,1380,1400,126252500
21/12/2011,1420,1430,1400,1420,121340000
22/12/2011,1430,1430,1410,1430,24495000
23/12/2011,1430,1440,1420,1430,17587500
27/12/2011,1440,1440,1420,1440,18727500
28/12/2011,1410,1440,1390,1410,67402500
29/12/2011,1430,1440,1390,1430,46610000
30/12/2011,1410,1430,1400,1410,54420000
02/01/2012,1410,1420,1400,1410,15267500
03/01/2012,1410,1420,1400,1410,64482500
04/01/2012,1420,1430,1400,1420,73910000
05/01/2012,1410,1430,1400,1410,65095000
06/01/2012,1390,1400,1370,1390,136315000
09/01/2012,1410,1410,1380,1410,82305000
10/01/2012,1420,1420,1400,1420,100222500
11/01/2012,1400,1420,1390,1400,82470000
12/01/2012,1400,1400,1380,1400,43985000
13/01/2012,1390,1400,1380,1390,15
16/01/2012,1400,1400,1380,1400,56037500
17/01/2012,1400,1400,1390,1400,74382500
18/01/2012,1400,1400,1380,1400,71217500
19/01/2012,1380,1400,1370,1380,220512500
20/01/2012,1380,1390,1370,1380,109682500
24/01/2012,1390,1390,1380,1390,42942500
25/01/2012,1380,1390,1370,1380,57047500
26/01/2012,1400,1400,1380,1400,63132500
27/01/2012,1400,1400,1380,1400,28427500
30/01/2012,1380,1410,1370,1380,132527500
31/01/2012,1370,1390,1360,1370,94415000
01/02/2012,1350,1370,1340,1350,145167500
02/02/2012,1380,1380,1350,1380,122345000
03/02/2012,1380,1390,1360,1380,77127500
06/02/2012,1360,1390,1360,1360,90827500
07/02/2012,1370,1380,1350,1370,129415000
08/02/2012,1380,1390,1360,1380,85507500
09/02/2012,1360,1380,1350,1360,150692500
10/02/2012,1350,1370,1330,1350,118210000
13/02/2012,1370,1370,1340,1370,68445000
14/02/2012,1380,1380,1350,1380,104205000
15/02/2012,1360,1390,1350,1360,103975000
16/02/2012,1370,1370,1350,1370,40842500
17/02/2012,1390,1400,1370,1390,97060000
20/02/2012,1400,1410,1390,1400,59212500
21/02/2012,1410,1420,1390,1410,74907500
22/02/2012,1410,1410,1400,1410,45770000
23/02/2012,1400,1410,1400,1400,49932500
24/02/2012,1380,1410,1370,1380,101375000
27/02/2012,1370,1390,1370,1370,38507500
28/02/2012,1390,1400,1380,1390,32827500
29/02/2012,1410,1410,1400,1410,109472500
01/03/2012,1400,1410,1380,1400,56207500
02/03/2012,1430,1430,1390,1430,107120000
05/03/2012,1430,1430,1410,1430,43917500
06/03/2012,1420,1420,1400,1420,68977500
07/03/2012,1400,1410,1380,1400,84565000
08/03/2012,1390,1410,1380,1390,62115000
09/03/2012,1400,1410,1380,1400,10
12/03/2012,1360,1390,1350,1360,105605000
13/03/2012,1370,1380,1340,1370,143502500
14/03/2012,1380,1390,1360,1380,128567500
15/03/2012,1360,1380,1350,1360,82217500
16/03/2012,1350,1370,1350,1350,54997500
19/03/2012,1360,1370,1350,1360,72287500
20/03/2012,1390,1390,1360,1390,78645000
21/03/2012,1400,1400,1380,1400,87135000
22/03/2012,1390,1400,1380,1390,51082500
26/03/2012,1410,1410,1400,1410,107672500
27/03/2012,1410,1420,1410,1410,46832500
28/03/2012,1400,1410,1390,1400,61962500
29/03/2012,1410,1420,1390,1410,80780000
30/03/2012,1400,1430,1390,1400,91352500
02/04/2012,1410,1420,1410,1410,108317500
03/04/2012,1410,1410,1410,1410,0
04/04/2012,1460,1480,1430,1460,143855000
05/04/2012,1510,1520,1460,1510,172987500
09/04/2012,1510,1530,1500,1510,59612500
10/04/2012,1520,1540,1520,1520,86227500
11/04/2012,1500,1520,1490,1500,77632500
12/04/2012,1520,1520,1500,1520,40885000
13/04/2012,1520,1530,1510,1520,60145000
16/04/2012,1520,1520,1510,1520,76235000
17/04/2012,1510,1550,1510,1510,132980000
18/04/2012,1530,1550,1520,1530,83562500
19/04/2012,1550,1570,1530,1550,134335000
20/04/2012,1560,1570,1550,1560,92950000
23/04/2012,1560,1580,1550,1560,67147500
24/04/2012,1590,1600,1570,1590,135052500
25/04/2012,1580,1590,1570,1580,185182500
26/04/2012,1600,1600,1570,1600,132945000
27/04/2012,1700,1740,1600,1700,386080000
30/04/2012,1700,1700,1630,1700,171157500
01/05/2012,1650,1700,1640,1650,58107500
02/05/2012,1650,1700,1640,1650,15
03/05/2012,1670,1680,1600,1670,181720000
04/05/2012,1670,1680,1630,1670,206402500
07/05/2012,1660,1660,1610,1660,165125000
08/05/2012,1660,1680,1640,1660,165465000
09/05/2012,1580,1660,1580,1580,139045000
10/05/2012,1640,1640,1540,1640,132372500
11/05/2012,1640,1650,1600,1640,80067500
14/05/2012,1600,1650,1600,1600,61930000
15/05/2012,1630,1640,1570,1630,89595000
16/05/2012,1580,1600,1550,1580,155052500
21/05/2012,1570,1600,1540,1570,170145000
22/05/2012,1570,1590,1550,1570,70700000
23/05/2012,1550,1560,1530,1550,76872500
24/05/2012,1500,1540,1470,1500,175320000
25/05/2012,1450,1480,1440,1450,125352500
28/05/2012,1480,1500,1400,1480,113907500
29/05/2012,1520,1540,1480,1520,61792500
30/05/2012,1580,1600,1530,1580,162582500
31/05/2012,1560,1600,1540,1560,200920000
01/06/2012,1520,1590,1520,1520,69610000
04/06/2012,1520,1540,1490,1520,68332500
05/06/2012,1540,1560,1530,1540,26472500
06/06/2012,1510,1510,1480,1510,53875000
07/06/2012,1500,1530,1500,1500,116607500
08/06/2012,1470,1500,1460,1470,44205000
11/06/2012,1480,1490,1460,1480,67165000
12/06/2012,1520,1520,1450,1520,41552500
13/06/2012,1570,1590,1530,1570,109347500
14/06/2012,1540,1570,1540,1540,78670000
15/06/2012,1580,1580,1480,1580,173430000
18/06/2012,1500,1580,1500,1500,96255000
19/06/2012,1520,1540,1510,1520,58010000
20/06/2012,1600,1620,1540,1600,117700000
21/06/2012,1570,1610,1570,1570,72670000
22/06/2012,1550,1580,1550,1550,58017500
25/06/2012,1561,1580,1560,1560,39497500
26/06/2012,1560,1590,1560,1560,54175000
27/06/2012,1560,1620,1580,1600,120740000
28/06/2012,1600,1630,1580,1580,85480000
29/06/2012,1580,1650,1590,1630,139292500
02/07/2012,1620,1650,1620,1620,39347500
03/07/2012,1670,1670,1620,1670,90200000
04/07/2012,1680,1700,1670,1680,84615000
05/07/2012,1680,1700,1680,1680,41415000
06/07/2012,1640,1680,1620,1640,84372500
09/07/2012,1600,1640,1590,1600,69512500
10/07/2012,1650,1650,1610,1650,52312500
11/07/2012,1690,1710,1660,1690,99737500
12/07/2012,1690,1710,1680,1690,113602500
13/07/2012,1730,1760,1690,1730,133937500
16/07/2012,1770,1780,1740,1770,103310000
17/07/2012,1790,1830,1770,1790,160252500
18/07/2012,1790,1830,1790,1790,55447500
19/07/2012,1760,1810,1750,1760,75285000
20/07/2012,1800,1800,1770,1800,70005000
23/07/2012,1790,1810,1760,1790,54100000
24/07/2012,1750,1800,1740,1750,78095000
25/07/2012,1770,1810,1740,1770,85185000
26/07/2012,1780,1810,1760,1780,62037500
27/07/2012,1860,1860,1800,1860,122620000
30/07/2012,1810,1850,1810,1810,68580000
31/07/2012,1820,1850,1780,1820,164680000
01/08/2012,1850,1850,1820,1850,98672500
02/08/2012,1780,1860,1780,1780,81985000
03/08/2012,1790,1810,1770,1790,52335000
06/08/2012,1770,1830,1770,1770,67300000
07/08/2012,1790,1810,1770,1790,86267500
08/08/2012,1800,1800,1760,1800,119872500
09/08/2012,1830,1850,1820,1830,124382500
10/08/2012,1840,1860,1820,1840,81207500
13/08/2012,1790,1860,1770,1790,78530000
14/08/2012,1770,1810,1750,1770,87465000
15/08/2012,1850,1860,1780,1850,107300000
16/08/2012,1960,1970,1860,1960,213665000
23/08/2012,1920,1930,1870,1920,166172500
24/08/2012,1900,1900,1880,1900,75392500
27/08/2012,1890,1900,1870,1890,8240000
28/08/2012,1860,1890,1860,1860,61510000
29/08/2012,1860,1890,1840,1860,103322500
30/08/2012,1860,1880,1840,1860,59417500
31/08/2012,1860,1900,1850,1860,78742500
03/09/2012,1910,1930,1860,1910,80640000
04/09/2012,1930,1940,1910,1930,78130000
05/09/2012,1920,1940,1890,1920,88485000
06/09/2012,1910,1930,1910,1910,36550000
07/09/2012,1930,1940,1900,1930,101200000
10/09/2012,1880,1950,1870,1880,93445000
11/09/2012,1890,1900,1850,1890,40230000
12/09/2012,1890,1900,1880,1890,31547500
13/09/2012,1890,1910,1890,1890,34427500
14/09/2012,1930,1940,1890,1930,143777500
17/09/2012,1850,1910,1850,1850,93355000
18/09/2012,1880,1880,1850,1880,72222500
19/09/2012,1880,1910,1870,1880,117850000
20/09/2012,1880,1880,1850,1880,56595000
21/09/2012,1880,1890,1860,1880,56237500
24/09/2012,1850,1880,1840,1850,54650000
25/09/2012,1870,1870,1850,1870,27470000
26/09/2012,1840,1880,1830,1840,61522500
27/09/2012,1870,1890,1830,1870,81632500
28/09/2012,1890,1900,1870,1890,89755000
01/10/2012,1880,1890,1860,1880,52527500
02/10/2012,1900,1910,1880,1900,70050000
03/10/2012,1900,1910,1890,1900,72790000
04/10/2012,1900,1910,1880,1900,77155000
05/10/2012,1900,1920,1890,1900,63187500
08/10/2012,1920,1930,1910,1920,85082500
09/10/2012,1930,1950,1910,1930,66767500
10/10/2012,1930,1940,1920,1930,63307500
11/10/2012,1950,1950,1930,1950,91525000
12/10/2012,1930,1970,1930,1930,110005000
15/10/2012,1920,1950,1890,1920,94040000
16/10/2012,1970,1970,1920,1970,95815000
17/10/2012,1950,1970,1940,1950,133372500
18/10/2012,1930,1960,1920,1930,64702500
19/10/2012,1930,1960,1930,1930,71067500
22/10/2012,1910,1940,1910,1910,62315000
23/10/2012,1930,1940,1890,1930,88507500
24/10/2012,1960,1990,1920,1960,309980000
25/10/2012,1930,1980,1910,1930,105362500
29/10/2012,1930,1950,1910,1930,98112500
30/10/2012,1920,1940,1920,1920,61515000
31/10/2012,1950,1950,1910,1950,104925000
01/11/2012,1950,1980,1940,1950,124140000
02/11/2012,1910,1930,1880,1910,135580000
05/11/2012,1880,1910,1870,1880,82187500
06/11/2012,1880,1910,1870,1880,82652500
07/11/2012,1880,1890,1870,1880,44255000
08/11/2012,1870,1880,1860,1870,83842500
09/11/2012,1880,1880,1860,1880,67277500
12/11/2012,1870,1890,1870,1870,28595000
13/11/2012,1880,1890,1860,1880,54072500
14/11/2012,1890,1890,1870,1890,70562500
19/11/2012,1850,1890,1840,1850,89660000
20/11/2012,1870,1870,1850,1870,82222500
21/11/2012,1840,1880,1840,1840,92085000
22/11/2012,1850,1860,1840,1850,151695000
23/11/2012,1840,1860,1830,1840,44250000
26/11/2012,1880,1880,1840,1880,91917500
27/11/2012,1880,1890,1870,1880,54600000
28/11/2012,1860,1870,1840,1860,55567500
29/11/2012,1850,1870,1830,1850,62972500
30/11/2012,1800,1870,1790,1800,162595000
03/12/2012,1770,1820,1730,1770,192670000
04/12/2012,1770,1780,1740,1770,70100000
05/12/2012,1760,1780,1730,1760,118277500
06/12/2012,1780,1800,1760,1780,82115000
07/12/2012,1840,1840,1780,1840,179717500
10/12/2012,1860,1860,1830,1860,87720000
11/12/2012,1830,1860,1820,1830,91575000
12/12/2012,1850,1870,1820,1850,173002500
13/12/2012,1830,1840,1810,1830,99052500
14/12/2012,1770,1830,1750,1770,185680000
17/12/2012,1810,1810,1780,1810,159475000
18/12/2012,1800,1820,1770,1800,97192500
19/12/2012,1780,1810,1750,1780,118705000
20/12/2012,1800,1800,1750,1800,114527500
21/12/2012,1830,1830,1780,1830,91677500
26/12/2012,1820,1820,1810,1820,15
27/12/2012,1790,1810,1770,1790,67850000
28/12/2012,1810,1820,1780,1810,109440000
02/01/2013,1790,1830,1770,1790,60222500
03/01/2013,1800,1810,1790,1800,121480000
04/01/2013,1820,1820,1800,1820,101207500
07/01/2013,1840,1860,1820,1840,110077500
08/01/2013,1830,1850,1830,1830,77142500
09/01/2013,1790,1840,1780,1790,150775000
10/01/2013,1790,1800,1760,1790,165842500
11/01/2013,1810,1810,1780,1810,93272500
14/01/2013,1830,1830,1810,1830,93792500
15/01/2013,1890,1890,1830,1890,139172500
16/01/2013,1900,1900,1880,1900,80340000
17/01/2013,1910,1920,1890,1910,108880000
18/01/2013,1960,1960,1910,1960,106495000
21/01/2013,1920,1950,1900,1920,92392500
22/01/2013,1920,1920,1920,1920,0
23/01/2013,1920,1940,1880,1920,54337500
25/01/2013,1960,1960,1900,1960,121637500
28/01/2013,1910,1950,1900,1910,111172500
29/01/2013,1930,1960,1910,1930,149150000
30/01/2013,1940,1950,1920,1940,83140000
31/01/2013,1940,1940,1910,1940,155020000
01/02/2013,1930,1960,1930,1930,92477500
04/02/2013,1940,1960,1920,1940,63735000
05/02/2013,1940,1950,1920,1940,73387500
06/02/2013,1960,1960,1940,1960,72077500
07/02/2013,1930,1960,1920,1930,55877500
08/02/2013,1930,1950,1920,1930,82810000
11/02/2013,1930,1940,1920,1930,55935000
12/02/2013,1930,1930,1910,1930,37485000
13/02/2013,1920,1940,1910,1920,63552500
14/02/2013,1950,1960,1910,1950,282730000
15/02/2013,1990,2000,1950,1990,243532500
18/02/2013,1990,2010,1970,1990,96120000
19/02/2013,1980,2010,1970,1980,56707500
20/02/2013,1970,2000,1950,1970,90922500
21/02/2013,1980,1980,1960,1980,91987500
22/02/2013,1970,1980,1950,1970,77210000
25/02/2013,1980,1980,1950,1980,85690000
26/02/2013,1970,1980,1950,1970,54930000
27/02/2013,2030,2070,1980,2030,243452500
28/02/2013,2150,2190,2060,2150,191622500
01/03/2013,2170,2190,2100,2170,96047500
04/03/2013,2100,2180,2090,2100,93580000
05/03/2013,2100,2120,2070,2100,43375000
06/03/2013,2220,2230,2130,2220,132065000
07/03/2013,2120,2170,2100,2120,126125000
08/03/2013,2150,2190,2140,2150,71627500
11/03/2013,2170,2190,2150,2170,37515000
13/03/2013,2170,2230,2150,2170,122720000
14/03/2013,2160,2180,2120,2120,89810000
15/03/2013,2130,2200,2060,2060,100502500
18/03/2013,2060,2110,2050,2100,100685000
19/03/2013,2120,2140,2110,2110,61297500
20/03/2013,2140,2190,2120,2140,114347500
21/03/2013,2180,2220,2120,2150,85155000
22/03/2013,2150,2160,2090,2110,97967500
25/03/2013,2150,2170,2120,2140,49620000
26/03/2013,2150,2190,2130,2170,86355000
27/03/2013,2170,2180,2140,2170,59400000
28/03/2013,2150,2200,2140,2200,79535000
01/04/2013,2200,2220,2140,2150,30487500
02/04/2013,2130,2180,2130,2180,37737500
03/04/2013,2180,2230,2160,2220,15
04/04/2013,2210,2220,2170,2170,70767500
05/04/2013,2190,2210,2140,2140,53055000
08/04/2013,2140,2160,2080,2100,105777500
09/04/2013,2130,2170,2120,2160,101205000
10/04/2013,2180,2180,2110,2150,119377500
11/04/2013,2170,2210,2140,2200,126935000
12/04/2013,2220,2250,2210,2230,93410000
15/04/2013,2220,2250,2190,2230,61885000
16/04/2013,2230,2360,2200,2350,15
17/04/2013,2360,2500,2350,2400,160735000
18/04/2013,2360,2360,2300,2310,160360000
19/04/2013,2290,2380,2280,2340,109192500
22/04/2013,2380,2460,2380,2400,10
23/04/2013,2340,2340,2340,2340,0
24/04/2013,2400,2420,2370,2390,93440000
25/04/2013,2400,2400,2300,2360,110875000
26/04/2013,2340,2340,2240,2250,141757500
29/04/2013,2270,2290,2250,2280,62045000
30/04/2013,2290,2350,2290,2340,187220000
01/05/2013,2340,2360,2340,2360,20460000
02/05/2013,2330,2360,2310,2360,68327500
03/05/2013,2340,2360,2260,2260,87995000
06/05/2013,2280,2350,2280,2320,81867500
07/05/2013,2330,2350,2300,2340,79560000
08/05/2013,2320,2360,2320,2360,63865000
10/05/2013,2340,2380,2340,2370,90800000
13/05/2013,2380,2380,2320,2370,86107500
14/05/2013,2360,2380,2340,2370,72282500
15/05/2013,2380,2420,2360,2380,162527500
16/05/2013,2410,2420,2370,2380,100317500
17/05/2013,2380,2410,2380,2390,78335000
20/05/2013,2430,2580,2430,2460,142417500
21/05/2013,2480,2520,2440,2450,129855000
22/05/2013,2430,2490,2430,2470,87825000
23/05/2013,2450,2480,2410,2440,153887500
24/05/2013,2460,2480,2450,2460,69085000
27/05/2013,2460,2460,2410,2440,86650000
28/05/2013,2400,2480,2400,2460,97247500
29/05/2013,2460,2500,2460,2480,111012500
30/05/2013,2400,2430,2370,2370,141920000
31/05/2013,2360,2380,2210,2210,15
03/06/2013,2220,2340,2210,2280,206020000
04/06/2013,2280,2330,2230,2270,117660000
05/06/2013,2260,2280,2240,2240,118007500
07/06/2013,2240,2250,2160,2200,231427500
10/06/2013,2200,2230,2070,2100,177525000
11/06/2013,2100,2110,1970,2000,248872500
12/06/2013,2010,2100,1940,2060,208075000
13/06/2013,2050,2130,2010,2040,212940000
14/06/2013,2060,2170,2060,2110,147550000
17/06/2013,2110,2150,2070,2080,109685000
18/06/2013,2090,2220,2090,2170,169845000
19/06/2013,2170,2280,2160,2200,107137500
20/06/2013,2100,2140,2030,2100,157067500
21/06/2013,2000,2070,1970,1990,237425000
24/06/2013,2000,2050,1980,2000,147670000
25/06/2013,2020,2020,1930,1950,184105000
26/06/2013,1980,2080,1900,2050,245915000
27/06/2013,2100,2260,2100,2160,208745000
28/06/2013,2180,2250,2180,2250,182437500
01/07/2013,2200,2250,2170,2180,86265000
02/07/2013,2190,2200,2150,2150,92212500
03/07/2013,2100,2150,2100,2110,178655000
04/07/2013,2160,2240,2150,2180,76065000
05/07/2013,2200,2240,2200,2200,60670000
08/07/2013,2160,2240,2160,2180,105267500
09/07/2013,2220,2270,2200,2200,131332500
10/07/2013,2200,2280,2200,2260,190850000
11/07/2013,2270,2360,2260,2330,175910000
12/07/2013,2340,2440,2340,2370,205670000
15/07/2013,2370,2380,2330,2370,99732500
16/07/2013,2350,2370,2300,2300,79697500
17/07/2013,2300,2310,2240,2260,122885000
18/07/2013,2260,2310,2250,2280,196995000
19/07/2013,2300,2350,2280,2330,90492500
22/07/2013,2400,2400,2330,2350,99952500
23/07/2013,2380,2400,2360,2400,105552500
24/07/2013,2300,2400,2300,2360,81982500
25/07/2013,2360,2370,2320,2340,92747500
26/07/2013,2360,2380,2330,2330,71982500
29/07/2013,2320,2340,2260,2280,55790000
30/07/2013,2280,2370,2270,2350,79955000
31/07/2013,2360,2380,2330,2380,86822500
01/08/2013,2390,2410,2380,2400,79205000
02/08/2013,2440,2440,2400,2400,54575000
12/08/2013,2380,2420,2370,2370,108935000
13/08/2013,2380,2390,2340,2340,97225000
14/08/2013,2350,2380,2340,2380,59555000
15/08/2013,2360,2420,2350,2390,99700000
16/08/2013,2380,2380,2270,2270,138227500
19/08/2013,2170,2200,2100,2120,130175000
20/08/2013,2040,2140,1980,2080,229065000
21/08/2013,2120,2250,2100,2190,202245000
22/08/2013,2120,2180,2120,2130,145652500
23/08/2013,2160,2200,2120,2150,84685000
26/08/2013,2160,2170,2120,2130,81722500
27/08/2013,2120,2130,2000,2020,128692500
28/08/2013,2025,2375,1980,2150,140114000
29/08/2013,2150,2250,2100,2225,105664500
30/08/2013,2200,2250,2150,2200,109446500
02/09/2013,2200,2225,2100,2150,63655500
03/09/2013,2175,2225,2175,2200,50207000
04/09/2013,2150,2200,2075,2100,106755500
05/09/2013,2100,2150,1990,2000,147371008
06/09/2013,2025,2050,1950,1990,198064000
09/09/2013,2025,2100,2025,2075,131547000
10/09/2013,2125,2200,2075,2200,218278500
11/09/2013,2225,2275,2100,2175,215712000
12/09/2013,2150,2250,2150,2225,99842000
13/09/2013,2200,2225,2150,2200,113031500
16/09/2013,2200,2250,2200,2225,120217000
17/09/2013,2225,2275,2200,2250,124701500
18/09/2013,2275,2275,2175,2225,65105000
19/09/2013,2300,2450,2300,2375,171275500
20/09/2013,2300,2375,2300,2325,76113000
23/09/2013,2250,2275,2200,2275,85687000
24/09/2013,2225,2250,2175,2200,102855000
25/09/2013,2150,2175,2050,2150,190404500
26/09/2013,2150,2250,2125,2150,124709000
27/09/2013,2200,2200,2150,2175,100720500
30/09/2013,2125,2150,2075,2100,137816500
01/10/2013,2100,2175,2100,2150,69872500
02/10/2013,2175,2225,2175,2200,84952000
03/10/2013,2225,2225,2200,2225,51035500
04/10/2013,2225,2250,2175,2250,67581500
07/10/2013,2250,2275,2200,2250,54716000
08/10/2013,2200,2250,2200,2225,78668000
09/10/2013,2250,2300,2225,2275,134366500
10/10/2013,2300,2325,2250,2325,81710500
11/10/2013,2350,2350,2300,2325,108595000
16/10/2013,2275,2300,2200,2275,105367000
17/10/2013,2300,2350,2275,2325,65266000
18/10/2013,2300,2350,2275,2350,63748500
21/10/2013,2350,2375,2275,2325,84729500
22/10/2013,2275,2300,2225,2250,146869500
23/10/2013,2275,2300,2225,2250,113433500
24/10/2013,2225,2300,2200,2225,123026500
25/10/2013,2225,2250,2150,2175,122372000
28/10/2013,2225,2275,2200,2275,103357500
29/10/2013,2250,2300,2225,2300,81925000
30/10/2013,2300,2325,2275,2300,102476000
31/10/2013,2275,2350,2225,2350,175641000
01/11/2013,2300,2350,2300,2300,93561000
04/11/2013,2275,2325,2250,2325,63125500
06/11/2013,2300,2300,2250,2275,130402000
07/11/2013,2300,2300,2250,2275,109366500
08/11/2013,2250,2300,2250,2275,119428500
11/11/2013,2250,2275,2225,2225,100433000
12/11/2013,2250,2250,2200,2225,65346000
13/11/2013,2200,2200,2100,2125,166392500
14/11/2013,2150,2200,2150,2175,91585000
15/11/2013,2200,2225,2125,2175,91929500
18/11/2013,2175,2225,2175,2225,87649500
19/11/2013,2225,2275,2200,2275,52449500
20/11/2013,2250,2250,2175,2225,136813000
21/11/2013,2225,2225,2175,2225,97510500
22/11/2013,2200,2225,2150,2150,108121500
25/11/2013,2150,2175,2125,2150,70234000
26/11/2013,2150,2150,2025,2025,230524000
27/11/2013,2075,2125,2075,2125,128729000
28/11/2013,2150,2150,2100,2150,60913000
29/11/2013,2125,2175,2125,2175,50601000
02/12/2013,2200,2200,2150,2200,22662500
03/12/2013,2175,2200,2100,2150,82436500
04/12/2013,2125,2150,2100,2100,83152500
05/12/2013,2100,2125,2000,2050,179661000
06/12/2013,2050,2050,1990,2000,207724000
09/12/2013,2025,2050,1980,2025,217082500
10/12/2013,2050,2075,2025,2025,224616500
11/12/2013,2025,2100,2025,2100,182320000
12/12/2013,2050,2125,2050,2075,122269500
13/12/2013,2100,2125,2050,2075,127414500
16/12/2013,2075,2100,2050,2075,83270500
17/12/2013,2100,2100,2025,2050,166180500
18/12/2013,2075,2100,2050,2075,110170000
19/12/2013,2100,2150,2100,2125,115378000
20/12/2013,2125,2150,2075,2100,108210500
23/12/2013,2125,2125,2025,2075,106619000
24/12/2013,2100,2150,2075,2125,55390500
27/12/2013,2125,2150,2075,2125,51949500
30/12/2013,2150,2150,2125,2150,52862000
02/01/2014,2175,2200,2150,2175,44446000
03/01/2014,2125,2175,2100,2125,60001000
06/01/2014,2175,2175,2065,2085,81736300
07/01/2014,2085,2085,2060,2070,73637100
08/01/2014,2085,2100,2065,2100,84514500
09/01/2014,2100,2115,2085,2085,71932000
10/01/2014,2085,2155,2075,2145,95283500
13/01/2014,2180,2240,2175,2220,159876500
15/01/2014,2200,2240,2175,2205,178597800
16/01/2014,2235,2265,2210,2230,93772300
17/01/2014,2215,2250,2215,2225,57115800
20/01/2014,2205,2250,2205,2250,55963300
21/01/2014,2240,2255,2225,2255,53197000
22/01/2014,2225,2245,2180,2230,100488800
23/01/2014,2230,2240,2205,2225,83549700
24/01/2014,2210,2235,2190,2210,85992300
27/01/2014,2150,2175,2100,2150,79202500
28/01/2014,2150,2165,2115,2150,63022000
29/01/2014,2165,2255,2165,2230,98500700
30/01/2014,2195,2275,2185,2275,137604700
03/02/2014,2250,2265,2220,2220,59464200
04/02/2014,2195,2230,2170,2195,84787100
05/02/2014,2245,2245,2225,2235,51822100
06/02/2014,2250,2310,2235,2305,156438800
07/02/2014,2300,2310,2285,2295,89293100
10/02/2014,2310,2320,2295,2295,81759000
11/02/2014,2275,2290,2260,2275,103091300
12/02/2014,2280,2295,2260,2290,132252200
13/02/2014,2290,2290,2265,2265,97344200
14/02/2014,2265,2275,2250,2250,56708400
17/02/2014,2255,2280,2250,2275,119235400
18/02/2014,2285,2315,2275,2305,90236800
19/02/2014,2315,2340,2310,2330,120156400
20/02/2014,2325,2375,2320,2360,160660300
21/02/2014,2380,2420,2375,2400,122935900
24/02/2014,2400,2420,2365,2375,116059400
25/02/2014,2380,2380,2285,2290,109895400
26/02/2014,2275,2310,2270,2285,133970000
27/02/2014,2285,2290,2275,2285,51654100
28/02/2014,2285,2325,2285,2325,77853600
03/03/2014,2310,2310,2285,2300,55706500
04/03/2014,2295,2310,2275,2300,67568600
05/03/2014,2325,2340,2315,2320,81012700
06/03/2014,2320,2340,2300,2310,67358000
07/03/2014,2325,2325,2275,2295,179233400
10/03/2014,2260,2260,2175,2185,302480800
11/03/2014,2185,2210,2165,2180,181133900
12/03/2014,2160,2175,2130,2165,142736000
13/03/2014,2170,2210,2170,2190,174546300
14/03/2014,2170,2280,2160,2280,243934500
17/03/2014,2285,2290,2230,2250,211329792
18/03/2014,2250,2260,2210,2210,184497300
19/03/2014,2210,2290,2210,2260,184618800
20/03/2014,2260,2270,2190,2190,139017100
21/03/2014,2205,2220,2160,2160,204697900
24/03/2014,2175,2240,2175,2230,96374000
25/03/2014,2200,2220,2190,2190,64711900
26/03/2014,2205,2215,2170,2210,108826700
27/03/2014,2205,2230,2175,2175,117110500
28/03/2014,2190,2225,2190,2215,66329600
01/04/2014,2230,2255,2230,2255,155473900
02/04/2014,2255,2265,2245,2250,71968500
03/04/2014,2250,2260,2235,2260,96763700
04/04/2014,2260,2285,2240,2275,129922300
07/04/2014,2290,2325,2290,2320,213134600
08/04/2014,2325,2330,2300,2330,152506400
09/04/2014,2330,2330,2330,2330,0
10/04/2014,2300,2300,2150,2260,324276200
11/04/2014,2245,2315,2240,2315,140791700
14/04/2014,2320,2345,2315,2340,139482300
15/04/2014,2310,2335,2300,2300,144011700
16/04/2014,2325,2325,2315,2320,56176400
17/04/2014,2325,2330,2315,2325,63686500
21/04/2014,2330,2335,2315,2315,44750400
22/04/2014,2320,2340,2305,2335,76257900
23/04/2014,2335,2345,2330,2340,90240700
24/04/2014,2330,2365,2330,2355,75315300
25/04/2014,2355,2380,2355,2365,86101600
28/04/2014,2350,2370,2330,2330,94229600
29/04/2014,2280,2280,2240,2270,71114000
30/04/2014,2270,2305,2265,2265,127117400
02/05/2014,2285,2310,2275,2300,110285500
05/05/2014,2305,2325,2300,2325,52538000
06/05/2014,2330,2335,2320,2330,27881900
07/05/2014,2315,2355,2315,2350,88877700
08/05/2014,2350,2355,2325,2345,61622200
09/05/2014,2345,2355,2340,2350,66925900
12/05/2014,2350,2350,2340,2350,56050200
13/05/2014,2365,2370,2340,2360,80149200
14/05/2014,2370,2405,2360,2400,96626000
16/05/2014,2415,2545,2410,2535,252322400
19/05/2014,2580,2700,2490,2580,244436100
20/05/2014,2430,2520,2410,2430,262961500
21/05/2014,2480,2490,2400,2480,101823600
22/05/2014,2535,2535,2500,2535,124011800
23/05/2014,2535,2550,2520,2535,59352700
26/05/2014,2565,2575,2550,2565,91079700
28/05/2014,2550,2580,2545,2550,90559600
30/05/2014,2575,2575,2420,2575,373786200
02/06/2014,2520,2540,2470,2520,111564400
03/06/2014,2550,2550,2485,2550,97705600
04/06/2014,2520,2530,2490,2520,80454500
05/06/2014,2540,2540,2505,2520,64882300
06/06/2014,2530,2535,2500,2530,36933600
09/06/2014,2470,2525,2470,2470,59547400
10/06/2014,2525,2540,2470,2525,101770500
11/06/2014,2480,2545,2480,2480,110613700
12/06/2014,2405,2495,2405,2405,328669200
13/06/2014,2440,2455,2415,2440,159444900
16/06/2014,2410,2445,2410,2410,95196000
17/06/2014,2420,2420,2405,2420,68543600
18/06/2014,2420,2425,2410,2420,60813100
19/06/2014,2410,2440,2410,2410,77751600
20/06/2014,2410,2445,2410,2410,71742300
23/06/2014,2455,2480,2430,2455,193417000
24/06/2014,2465,2465,2445,2465,75033300
25/06/2014,2450,2485,2445,2450,98327500
26/06/2014,2465,2475,2450,2465,81592000
27/06/2014,2425,2475,2415,2425,77788000
30/06/2014,2465,2465,2430,2465,90405800
01/07/2014,2480,2480,2465,2480,46366400
02/07/2014,2500,2500,2475,2500,44555300
03/07/2014,2475,2515,2465,2475,72541800
04/07/2014,2525,2540,2475,2525,96433200
07/07/2014,2600,2600,2530,2600,225720400
08/07/2014,2615,2710,2615,2615,151662700
09/07/2014,2615,2615,2615,2615,0
10/07/2014,2590,2710,2545,2590,203913800
11/07/2014,2575,2595,2530,2575,95574900
14/07/2014,2610,2645,2585,2610,92353400
15/07/2014,2655,2655,2625,2655,57478500
16/07/2014,2650,2685,2620,2650,63715000
17/07/2014,2645,2680,2580,2645,38558900
18/07/2014,2680,2695,2600,2680,54707100
21/07/2014,2695,2710,2645,2695,57838800
22/07/2014,2650,2710,2545,2650,139581700
23/07/2014,2610,2675,2605,2610,93196200
24/07/2014,2640,2685,2605,2640,74463900
25/07/2014,2650,2680,2630,2650,79928300
04/08/2014,2690,2700,2590,2690,212200700
05/08/2014,2710,2725,2685,2710,97982300
06/08/2014,2655,2710,2650,2655,83111900
07/08/2014,2690,2695,2655,2690,80249800
08/08/2014,2700,2710,2685,2700,57236300
11/08/2014,2750,2750,2710,2750,90542400
12/08/2014,2780,2795,2760,2780,60480700
13/08/2014,2785,2800,2760,2785,65911700
14/08/2014,2755,2795,2725,2755,72099000
15/08/2014,2710,2755,2710,2710,84090700
18/08/2014,2725,2750,2710,2725,64649900
19/08/2014,2700,2760,2690,2700,110696600
20/08/2014,2725,2730,2690,2725,105459700
21/08/2014,2715,2725,2700,2715,60147200
22/08/2014,2685,2730,2670,2685,159319500
25/08/2014,2685,2695,2660,2685,54567200
26/08/2014,2705,2725,2690,2705,90485600
27/08/2014,2735,2745,2725,2735,103161100
28/08/2014,2720,2760,2715,2720,82771400
29/08/2014,2665,2715,2665,2665,120072300
01/09/2014,2710,2710,2675,2710,76898600
02/09/2014,2700,2710,2680,2700,63801700
03/09/2014,2725,2730,2710,2725,88023500
04/09/2014,2730,2740,2715,2730,86470200
05/09/2014,2730,2730,2710,2730,74071500
08/09/2014,2835,2855,2750,2835,145103200
09/09/2014,2820,2835,2805,2820,87934500
10/09/2014,2810,2820,2775,2810,57826600
11/09/2014,2795,2830,2795,2795,60489000
12/09/2014,2790,2815,2790,2790,69321000
15/09/2014,2775,2785,2730,2775,69546200
16/09/2014,2795,2800,2770,2795,62553100
17/09/2014,2850,2855,2800,2850,95342800
18/09/2014,2875,2890,2835,2875,75960400
19/09/2014,2945,3010,2870,2945,115537500
22/09/2014,2870,2935,2860,2870,103910900
23/09/2014,2890,2910,2865,2890,94035800
24/09/2014,2870,2895,2870,2870,55014300
25/09/2014,2885,2895,2840,2885,69377000
26/09/2014,2880,2890,2825,2880,71164500
29/09/2014,2910,2910,2850,2910,52134000
30/09/2014,2915,2960,2900,2915,94734300
01/10/2014,2865,2930,2865,2865,94794900
02/10/2014,2760,2850,2740,2760,153859200
03/10/2014,2790,2810,2765,2790,88591000
06/10/2014,2845,2850,2805,2845,50846100
07/10/2014,2860,2900,2835,2860,83200800
08/10/2014,2800,2860,2800,2800,78467600
09/10/2014,2800,2825,2790,2800,60567100
10/10/2014,2775,2795,2750,2775,91031000
13/10/2014,2775,2825,2755,2775,85519000
14/10/2014,2775,2800,2755,2775,65617400
15/10/2014,2855,2860,2795,2855,181364400
16/10/2014,2805,2850,2805,2805,124799700
17/10/2014,2805,2830,2800,2805,156781200
20/10/2014,2845,2900,2820,2845,168034000
21/10/2014,2850,2890,2820,2850,97679500
22/10/2014,2860,2900,2860,2860,91730800
23/10/2014,2880,2890,2850,2880,47414900
24/10/2014,2870,2880,2860,2870,59625800
27/10/2014,2805,2880,2805,2805,74077900
28/10/2014,2685,2765,2680,2685,254463000
29/10/2014,2720,2730,2690,2720,158998500
30/10/2014,2760,2765,2730,2760,111621300
31/10/2014,2750,2790,2735,2750,103439800
03/11/2014,2760,2775,2720,2760,84382000
04/11/2014,2740,2760,2735,2740,68740200
05/11/2014,2740,2770,2735,2740,66505800
06/11/2014,2710,2750,2710,2710,83250500
07/11/2014,2615,2705,2590,2615,178677800
10/11/2014,2630,2660,2620,2630,54606100
11/11/2014,2715,2730,2630,2715,102320000
12/11/2014,2730,2760,2730,2730,70895600
13/11/2014,2735,2740,2710,2735,54327800
14/11/2014,2740,2760,2725,2740,53677200
17/11/2014,2740,2760,2700,2750,85231600
18/11/2014,2755,2760,2745,2755,49793900
19/11/2014,2775,2780,2755,2775,99747600
20/11/2014,2720,2780,2720,2720,136427900
21/11/2014,2765,2770,2715,2765,44937600
24/11/2014,2815,2815,2775,2815,94476900
25/11/2014,2785,2805,2775,2785,86579400
26/11/2014,2815,2825,2785,2815,67759400
27/11/2014,2810,2825,2790,2810,33290800
28/11/2014,2825,2830,2800,2825,43622400
01/12/2014,2835,2885,2825,2880,101929900
02/12/2014,2885,2890,2850,2875,52989900
03/12/2014,2890,2890,2850,2850,41398100
04/12/2014,2875,2875,2830,2845,43817900
05/12/2014,2865,2865,2840,2840,19174900
08/12/2014,2875,2875,2795,2805,48968000
09/12/2014,2790,2815,2780,2795,66592500
10/12/2014,2785,2840,2785,2835,46563600
11/12/2014,2805,2850,2805,2835,95382900
12/12/2014,2835,2840,2815,2825,83571700
15/12/2014,2790,2815,2765,2785,87239500
16/12/2014,2750,2765,2730,2745,98264700
17/12/2014,2775,2775,2725,2725,83776100
18/12/2014,2775,2805,2765,2800,59245400
19/12/2014,2840,2855,2815,2815,83810000
22/12/2014,2845,2850,2815,2825,80557400
23/12/2014,2805,2835,2805,2825,74379400
24/12/2014,2820,2850,2820,2845,37565300
29/12/2014,2840,2860,2840,2850,26201100
30/12/2014,2830,2870,2830,2865,65397600
02/01/2015,2885,2885,2850,2860,18992100
05/01/2015,2850,2850,2820,2835,49940700
06/01/2015,2810,2835,2800,2815,47892100
07/01/2015,2865,2870,2795,2810,70076600
08/01/2015,2840,2845,2825,2835,56582500
09/01/2015,2840,2865,2840,2860,71331300
12/01/2015,2840,2855,2835,2835,62085500
13/01/2015,2830,2845,2825,2840,64069900
14/01/2015,2845,2845,2825,2825,39651700
15/01/2015,2830,2840,2810,2830,42518800
16/01/2015,2845,2845,2825,2845,24697100
19/01/2015,2850,2855,2845,2855,25072900
20/01/2015,2860,2900,2845,2900,64564800
21/01/2015,2900,2920,2890,2915,71615600
22/01/2015,2925,2930,2870,2880,59087800
23/01/2015,2900,2905,2870,2890,86233100
26/01/2015,2895,2895,2795,2820,199320200
27/01/2015,2820,2835,2780,2830,118430700
28/01/2015,2840,2855,2825,2845,104502400
29/01/2015,2855,2865,2845,2860,47048700
30/01/2015,2875,2875,2830,2830,80087700
02/02/2015,2830,2830,2800,2805,125835700
03/02/2015,2825,2825,2805,2825,73596500
04/02/2015,2850,2850,2830,2845,110119200
05/02/2015,2840,2845,2800,2815,127917300
06/02/2015,2820,2845,2805,2830,89312200
09/02/2015,2830,2875,2820,2860,99107100
10/02/2015,2875,2875,2835,2845,70239800
11/02/2015,2860,2870,2850,2860,94908700
12/02/2015,2865,2905,2860,2895,132387000
13/02/2015,2915,3020,2915,2980,183459600
16/02/2015,2970,2995,2880,2890,100706300
17/02/2015,2870,2905,2870,2895,42045700
18/02/2015,2915,2925,2890,2895,57476200
20/02/2015,2920,2940,2890,2890,68329800
23/02/2015,2920,2925,2900,2910,67998800
24/02/2015,2900,2935,2890,2905,65077400
25/02/2015,2920,2970,2910,2970,102010900
26/02/2015,2955,2990,2945,2975,86738700
27/02/2015,2985,2990,2935,2935,88614600
02/03/2015,2945,2960,2935,2950,114431500
03/03/2015,2960,2965,2930,2945,78333100
04/03/2015,2945,2945,2900,2910,58543500
05/03/2015,2910,2945,2900,2910,73255400
06/03/2015,2945,2985,2935,2985,129544600
09/03/2015,2975,2975,2915,2945,85028700
10/03/2015,2925,2970,2915,2945,85398800
11/03/2015,2940,2975,2930,2940,89149900
12/03/2015,2925,2945,2920,2925,54873400
13/03/2015,2960,2980,2935,2955,80727100
16/03/2015,2945,2995,2945,2975,66012100
17/03/2015,2980,2995,2950,2955,98966500
18/03/2015,2940,2965,2935,2950,61172400
19/03/2015,2965,2970,2940,2950,120859000
20/03/2015,2930,2945,2915,2920,122734000
23/03/2015,2940,2940,2920,2920,46260000
24/03/2015,2920,2940,2915,2920,84436600
25/03/2015,2920,2920,2870,2880,90305000
26/03/2015,2850,2860,2805,2810,143902100
27/03/2015,2785,2855,2770,2810,89433400
30/03/2015,2840,2895,2835,2865,94090000
31/03/2015,2895,2920,2850,2890,152587300
01/04/2015,2885,2890,2810,2835,121823100
02/04/2015,2815,2850,2815,2825,58307700
06/04/2015,2845,2850,2825,2835,37566400
07/04/2015,2845,2870,2825,2855,42248600
08/04/2015,2855,2870,2850,2860,75592900
09/04/2015,2860,2860,2825,2840,54399400
10/04/2015,2840,2840,2815,2825,96568900
13/04/2015,2795,2825,2795,2795,100020600
14/04/2015,2805,2815,2785,2795,95556600
15/04/2015,2795,2810,2785,2805,71986200
16/04/2015,2820,2820,2800,2810,68907100
17/04/2015,2805,2815,2800,2805,92635400
20/04/2015,2815,2835,2795,2835,99750500
21/04/2015,2825,2835,2805,2835,64048600
22/04/2015,2820,2840,2815,2830,71023000
23/04/2015,2835,2870,2830,2855,132575300
24/04/2015,2855,2910,2855,2905,139047700
27/04/2015,2860,2860,2805,2810,104273400
28/04/2015,2790,2795,2750,2790,87476800
29/04/2015,2780,2790,2595,2700,162306400
30/04/2015,2715,2730,2615,2615,219284700
04/05/2015,2620,2775,2620,2765,108362400
05/05/2015,2760,2785,2725,2750,111364100
06/05/2015,2735,2770,2695,2770,96327600
07/05/2015,2745,2850,2745,2830,90057500
08/05/2015,2840,2885,2830,2860,85973400
11/05/2015,2880,2895,2845,2845,71652100
12/05/2015,2840,2865,2795,2800,78810300
13/05/2015,2800,2850,2785,2835,55295400
15/05/2015,2810,2840,2785,2840,104423300
18/05/2015,2800,2830,2795,2830,81337900
19/05/2015,2825,2835,2800,2830,85492700
20/05/2015,2835,2850,2830,2835,71445300
21/05/2015,2850,2880,2835,2850,85759800
22/05/2015,2860,2880,2840,2870,44371000
25/05/2015,2840,2865,2830,2830,13907600
26/05/2015,2830,2880,2830,2870,47703000
27/05/2015,2845,2865,2830,2830,46538800
28/05/2015,2835,2870,2835,2855,59956100
29/05/2015,2840,2870,2835,2845,96994900
01/06/2015,2870,2870,2845,2845,27010300
03/06/2015,2880,2890,2830,2875,81717400
04/06/2015,2830,2865,2825,2825,61656400
05/06/2015,2810,2870,2810,2855,50196500
08/06/2015,2840,2855,2825,2855,43379600
09/06/2015,2850,2850,2815,2830,75284400
10/06/2015,2870,2880,2855,2860,100286700
11/06/2015,2870,2880,2865,2870,41701100
12/06/2015,2870,2875,2840,2850,26165000
15/06/2015,2855,2855,2810,2810,29292300
16/06/2015,2805,2885,2800,2870,81858300
17/06/2015,2870,2890,2865,2875,74970300
18/06/2015,2865,2885,2865,2880,44777300
19/06/2015,2870,2890,2870,2890,54274000
22/06/2015,2875,2885,2830,2835,51148100
23/06/2015,2850,2885,2845,2850,61388100
24/06/2015,2875,2880,2860,2880,62913100
25/06/2015,2895,2950,2875,2905,168574700
26/06/2015,2940,2945,2920,2935,77630800
29/06/2015,2925,2925,2865,2905,38632500
30/06/2015,2900,2955,2895,2930,132127400
01/07/2015,2935,2950,2920,2920,53547000
02/07/2015,2930,2945,2925,2930,74803300
03/07/2015,2910,2935,2910,2930,24948900
06/07/2015,2925,2940,2895,2930,32652400
07/07/2015,2930,2930,2870,2870,44500500
08/07/2015,2950,2950,2890,2900,100674400
09/07/2015,2925,2925,2845,2875,45051300
10/07/2015,2900,2900,2865,2875,56693900
13/07/2015,2895,2895,2875,2890,43617400
14/07/2015,2900,2900,2880,2880,35288900
15/07/2015,2870,2890,2800,2825,84776900
22/07/2015,2880,2920,2835,2865,161757100
23/07/2015,2855,2855,2830,2845,43284000
24/07/2015,2835,2865,2830,2855,50080200
27/07/2015,2855,2855,2820,2825,67065700
28/07/2015,2840,2865,2825,2845,56580900
29/07/2015,2865,2870,2845,2855,43291300
30/07/2015,2875,2895,2865,2870,63805300
31/07/2015,2880,2950,2870,2940,87348300
03/08/2015,2940,2940,2880,2920,86428100
04/08/2015,2880,2925,2875,2875,53123700
05/08/2015,2920,2940,2895,2940,75991400
06/08/2015,2950,2960,2930,2930,69266700
07/08/2015,2945,2965,2935,2955,67858700
10/08/2015,2970,2970,2935,2965,53349200
11/08/2015,2950,2965,2905,2940,61717200
12/08/2015,2900,2900,2785,2800,89375300
13/08/2015,2810,2860,2805,2825,77677400
14/08/2015,2825,2900,2825,2875,56381100
18/08/2015,2870,2890,2850,2875,93592100
19/08/2015,2860,2900,2860,2880,62106400
20/08/2015,2875,2880,2835,2870,57510300
21/08/2015,2850,2850,2730,2730,98927300
24/08/2015,2625,2750,2600,2660,92467600
25/08/2015,2650,2770,2650,2705,98001800
26/08/2015,2690,2695,2590,2690,174946300
27/08/2015,2700,2840,2700,2830,116570700
28/08/2015,2835,2870,2820,2865,121094900
31/08/2015,2855,2885,2840,2870,128880800
01/09/2015,2865,2875,2830,2830,47176700
02/09/2015,2790,2810,2765,2775,84858200
03/09/2015,2805,2820,2785,2800,29988900
04/09/2015,2800,2820,2800,2810,38478400
07/09/2015,2760,2765,2695,2700,53535900
08/09/2015,2680,2740,2680,2730,35420600
09/09/2015,2750,2755,2730,2730,77359400
10/09/2015,2720,2785,2705,2765,64256500
11/09/2015,2800,2800,2760,2760,28864200
14/09/2015,2800,2800,2765,2785,34577600
15/09/2015,2755,2770,2710,2710,28528700
16/09/2015,2720,2745,2700,2720,32023700
17/09/2015,2700,2710,2655,2680,110693400
18/09/2015,2690,2720,2675,2690,119461900
21/09/2015,2690,2735,2680,2730,39502900
22/09/2015,2735,2745,2695,2700,52305600
23/09/2015,2665,2700,2655,2655,36091900
25/09/2015,2720,2775,2640,2655,63639600
28/09/2015,2620,2645,2600,2600,20695500
29/09/2015,2550,2605,2485,2605,69456600
30/09/2015,2580,2645,2565,2645,89608600
01/10/2015,2640,2665,2610,2630,53417800
02/10/2015,2605,2635,2600,2620,41421500
05/10/2015,2620,2755,2615,2720,71562100
06/10/2015,2770,2830,2735,2790,119008800
07/10/2015,2775,2790,2700,2740,129685800
08/10/2015,2735,2745,2710,2710,55225400
09/10/2015,2730,2750,2695,2700,75397000
12/10/2015,2695,2720,2680,2695,79379100
13/10/2015,2695,2700,2635,2640,93278200
15/10/2015,2660,2730,2660,2685,87325900
16/10/2015,2725,2725,2675,2680,73264100
19/10/2015,2700,2730,2685,2720,54806100
20/10/2015,2680,2760,2680,2710,68821200
21/10/2015,2745,2765,2715,2730,44455600
22/10/2015,2720,2755,2710,2740,37608800
23/10/2015,2780,2785,2730,2760,84717200
26/10/2015,2790,2825,2770,2805,74714100
27/10/2015,2800,2800,2755,2795,36482200
28/10/2015,2765,2805,2765,2795,46129600
29/10/2015,2795,2795,2720,2730,100875400
30/10/2015,2750,2760,2680,2680,97802800
02/11/2015,2700,2765,2700,2740,47693000
03/11/2015,2720,2750,2715,2740,52631300
04/11/2015,2740,2755,2725,2730,62262700
05/11/2015,2740,2750,2705,2705,40649100
06/11/2015,2735,2765,2730,2735,42300300
09/11/2015,2740,2740,2700,2730,28610100
10/11/2015,2700,2725,2695,2695,71540600
11/11/2015,2680,2700,2660,2665,45329300
12/11/2015,2700,2740,2675,2715,67582900
13/11/2015,2705,2780,2700,2755,85542600
16/11/2015,2730,2740,2720,2720,39014100
17/11/2015,2750,2850,2740,2815,107165000
18/11/2015,2840,2865,2825,2850,83841800
19/11/2015,2865,2880,2805,2815,74695200
20/11/2015,2805,2920,2805,2915,80693900
23/11/2015,2935,2950,2800,2800,58469900
24/11/2015,2880,2890,2850,2870,52299500
25/11/2015,2890,2925,2860,2900,72999200
26/11/2015,2895,2955,2890,2950,79959900
27/11/2015,2960,2970,2945,2960,64313600
30/11/2015,2900,2980,2900,2930,248674100
01/12/2015,2955,2990,2925,2940,114946900
02/12/2015,2935,2980,2935,2970,79848900
03/12/2015,2955,3095,2955,3035,126393400
04/12/2015,3005,3020,2990,3000,94131500
07/12/2015,3000,3060,3000,3030,78108300
08/12/2015,3015,3070,3000,3015,129096000
09/12/2015,3015,3015,3015,3015,0
10/12/2015,2950,3020,2950,3010,144523200
11/12/2015,3020,3025,2950,2950,77701000
14/12/2015,2900,2955,2900,2930,83862900
15/12/2015,2930,2955,2910,2940,54346400
16/12/2015,3085,3085,2960,3040,96852000
17/12/2015,3100,3125,3040,3125,85716700
18/12/2015,3080,3090,3050,3060,89447600
21/12/2015,3060,3115,3040,3110,80764000
22/12/2015,3100,3135,3100,3135,68929200
23/12/2015,3075,3145,3020,3110,92014400
28/12/2015,3090,3170,3090,3120,47634200
29/12/2015,3100,3120,3075,3095,38486500
30/12/2015,3100,3135,3100,3105,40956100
04/01/2016,3080,3175,3080,3140,53937600
05/01/2016,3125,3225,3125,3195,111298000
06/01/2016,3250,3385,3220,3250,126669200
07/01/2016,3200,3250,3155,3210,106056300
08/01/2016,3170,3190,3130,3145,121217800
11/01/2016,3090,3125,3060,3060,89758100
12/01/2016,3085,3205,3080,3145,116904200
13/01/2016,3195,3250,3170,3190,74269100
14/01/2016,3100,3215,3100,3135,106684400
15/01/2016,3135,3155,3085,3085,88290900
18/01/2016,3060,3130,3045,3085,37695300
19/01/2016,3075,3135,3075,3110,57336800
20/01/2016,3095,3130,3090,3090,65971300
21/01/2016,3110,3155,3090,3095,75613700
22/01/2016,3155,3185,3115,3185,83961900
25/01/2016,3230,3250,3185,3205,85792900
26/01/2016,3205,3230,3190,3225,88825300
27/01/2016,3235,3270,3215,3270,58542700
28/01/2016,3270,3280,3210,3260,76642400
29/01/2016,3290,3340,3230,3340,123511400
01/02/2016,3290,3375,3290,3330,132389600
02/02/2016,3280,3320,3235,3235,85894700
03/02/2016,3200,3275,3180,3275,65149900
04/02/2016,3310,3455,3305,3350,121904700
05/02/2016,3370,3510,3370,3500,110951000
09/02/2016,3430,3430,3360,3375,71371200
10/02/2016,3320,3390,3320,3385,83792500
11/02/2016,3385,3450,3365,3430,109097100
12/02/2016,3405,3410,3260,3285,153723600
15/02/2016,3310,3340,3280,3325,104800500
16/02/2016,3310,3340,3305,3335,43892400
17/02/2016,3320,3355,3310,3335,81659100
18/02/2016,3335,3355,3295,3315,94576000
19/02/2016,3315,3315,3160,3195,179256500
22/02/2016,3185,3210,3140,3180,105477300
23/02/2016,3190,3250,3170,3220,67743800
24/02/2016,3195,3240,3175,3230,69789500
25/02/2016,3245,3310,3210,3300,95590800
26/02/2016,3340,3340,3290,3310,53507400
29/02/2016,3340,3340,3245,3250,102104500
01/03/2016,3250,3295,3250,3295,63318600
02/03/2016,3340,3370,3325,3340,110289200
03/03/2016,3375,3430,3355,3430,107648600
04/03/2016,3435,3435,3330,3415,87747700
07/03/2016,3400,3420,3360,3395,63623500
08/03/2016,3380,3415,3330,3390,109167700
10/03/2016,3345,3350,3265,3315,163244500
11/03/2016,3315,3315,3315,3315,0
14/03/2016,3315,3315,3315,3315,0
15/03/2016,3440,3450,3350,3380,95058500
16/03/2016,3390,3440,3370,3440,45874600
17/03/2016,3460,3470,3440,3455,81984200
18/03/2016,3455,3500,3430,3460,141609900
21/03/2016,3460,3485,3450,3470,55410700
22/03/2016,3440,3460,3385,3420,123088800
23/03/2016,3380,3380,3300,3305,201671300
24/03/2016,3300,3360,3295,3325,106657100
28/03/2016,3325,3340,3280,3305,60692300
29/03/2016,3310,3335,3280,3300,117103200
30/03/2016,3330,3380,3330,3345,140480200
31/03/2016,3345,3355,3300,3325,120747500
01/04/2016,3330,3350,3305,3350,79809200
04/04/2016,3350,3380,3345,3380,69422300
05/04/2016,3365,3400,3360,3375,69798700
06/04/2016,3385,3410,3370,3405,63554500
07/04/2016,3420,3430,3400,3400,77205400
08/04/2016,3350,3445,3350,3445,54809700
11/04/2016,3445,3445,3445,3445,0
12/04/2016,3375,3400,3350,3400,52196200
13/04/2016,3400,3400,3400,3400,0
14/04/2016,3400,3400,3400,3400,0
15/04/2016,3400,3400,3400,3400,0
18/04/2016,3400,3400,3400,3400,0
19/04/2016,3400,3400,3400,3400,0
20/04/2016,3650,3635,3555,3585,94939200
21/04/2016,3675,3675,3595,3630,94208900
22/04/2016,3630,3745,3610,3685,145345500
25/04/2016,3750,3810,3720,3780,114861000
26/04/2016,3755,3755,3635,3645,122013000
27/04/2016,3650,3705,3635,3700,74476000
28/04/2016,3685,3720,3575,3595,160377500
29/04/2016,3585,3595,3530,3550,225310200
02/05/2016,3410,3500,3410,3450,175519300
03/05/2016,3460,3520,3440,3440,156357700
04/05/2016,3460,3500,3420,3490,153451200
09/05/2016,3550,3690,3540,3610,157422300
10/05/2016,3690,3720,3660,3700,101558100
11/05/2016,3720,3750,3690,3720,84834700
12/05/2016,3710,3780,3700,3760,142320700
13/05/2016,3790,3790,3690,3690,85983800
16/05/2016,3720,3800,3690,3720,122085600
17/05/2016,3750,3770,3710,3720,64899500
18/05/2016,3740,3750,3720,3740,83954800
19/05/2016,3720,3730,3580,3630,116976600
20/05/2016,3650,3700,3620,3640,90193000
23/05/2016,3680,3730,3660,3710,50914600
24/05/2016,3690,3760,3690,3730,57819500
25/05/2016,3750,3780,3730,3780,58455600
26/05/2016,3800,3800,3720,3770,37338500
27/05/2016,3750,3760,3720,3760,31023300
30/05/2016,3760,3790,3700,3700,23090100
31/05/2016,3700,3750,3670,3700,182229000
01/06/2016,3730,3770,3710,3720,67998100
02/06/2016,3730,3820,3720,3770,87912100
03/06/2016,3820,3840,3750,3800,62133700
06/06/2016,3820,3880,3810,3880,72380600
07/06/2016,3880,3930,3850,3910,86501400
08/06/2016,3890,3910,3710,3790,193251000
09/06/2016,3810,3820,3760,3770,113035900
10/06/2016,3790,3800,3750,3750,53233600
13/06/2016,3720,3770,3720,3760,51886300
14/06/2016,3750,3780,3720,3770,43865800
15/06/2016,3790,3810,3750,3810,59658600
16/06/2016,3840,3880,3830,3880,90883500
17/06/2016,3890,3920,3860,3890,80835200
20/06/2016,3870,3890,3830,3850,54544000
21/06/2016,3880,3880,3840,3870,53484100
22/06/2016,3880,3890,3850,3870,62121300
23/06/2016,3860,3870,3830,3860,37990600
24/06/2016,3880,3890,3740,3820,87594500
27/06/2016,3790,3870,3780,3840,61613600
28/06/2016,3860,3900,3780,3820,169594500
29/06/2016,3860,3970,3850,3970,121327700
30/06/2016,3950,4010,3950,3980,96453900
01/07/2016,4010,4050,3950,3970,98381900
11/07/2016,4080,4250,4030,4070,270804800
12/07/2016,4120,4180,4020,4100,143787700
13/07/2016,4260,4260,4110,4260,95845300
14/07/2016,4150,4170,4080,4110,131505700
15/07/2016,4090,4200,4090,4200,109258400
18/07/2016,4180,4190,4110,4140,53918600
19/07/2016,4170,4170,4130,4160,73777600
20/07/2016,4180,4190,4140,4190,47233600
21/07/2016,4200,4200,4120,4120,69990500
22/07/2016,4150,4150,4090,4110,49795000
25/07/2016,4130,4180,4120,4180,53817300
26/07/2016,4200,4280,4170,4250,85360000
27/07/2016,4300,4350,4260,4340,108887200
28/07/2016,4340,4380,4320,4340,90945600
29/07/2016,4340,4500,4230,4230,123234300
01/08/2016,4350,4570,4350,4550,138151900
02/08/2016,4450,4480,4370,4370,97621900
03/08/2016,4350,4380,4270,4270,108295900
04/08/2016,4320,4350,4280,4320,77484900
05/08/2016,4340,4360,4300,4350,58295600
08/08/2016,4360,4400,4340,4400,64572500
09/08/2016,4410,4430,4330,4370,65888400
10/08/2016,4330,4370,4270,4320,71874800
11/08/2016,4350,4350,4260,4280,91165100
12/08/2016,4280,4310,4170,4230,123190100
15/08/2016,4210,4230,4060,4090,126444800
16/08/2016,4140,4190,4090,4140,125421200
18/08/2016,4190,4260,4160,4250,199163900
19/08/2016,4250,4270,4120,4140,117134200
22/08/2016,4160,4170,4110,4160,90760300
23/08/2016,4190,4220,4080,4220,135968200
24/08/2016,4180,4250,4160,4220,77672300
25/08/2016,4220,4240,4200,4220,85476500
26/08/2016,4200,4230,4170,4210,55203100
29/08/2016,4200,4200,4120,4140,86940700
30/08/2016,4140,4190,4120,4170,89405700
31/08/2016,4160,4240,4150,4210,119001300
01/09/2016,4150,4210,4130,4160,73019400
02/09/2016,4120,4210,4120,4200,67797200
05/09/2016,4200,4240,4180,4200,49860400
06/09/2016,4210,4240,4190,4240,48004000
07/09/2016,4240,4240,4140,4210,80888800
08/09/2016,4200,4210,4160,4160,64125200
09/09/2016,4150,4160,4030,4050,120404300
13/09/2016,4050,4090,3980,4050,123714900
14/09/2016,4050,4050,3950,3970,107944800
15/09/2016,4000,4160,4000,4140,113131600
16/09/2016,4140,4220,4080,4090,138669100
19/09/2016,4130,4240,4130,4200,74240200
20/09/2016,4150,4220,4150,4160,88244400
21/09/2016,4160,4220,4100,4200,97627500
22/09/2016,4250,4270,4200,4230,159174700
23/09/2016,4230,4250,4170,4230,84251000
26/09/2016,4200,4250,4190,4240,78037000
27/09/2016,4190,4280,4170,4280,106582800
28/09/2016,4220,4270,4220,4250,66963300
29/09/2016,4230,4340,4230,4290,130275100
30/09/2016,4290,4400,4270,4310,137113000
03/10/2016,4360,4390,4310,4380,58639700
04/10/2016,4380,4400,4360,4360,69761200
05/10/2016,4330,4350,4280,4300,64563500
06/10/2016,4280,4300,4200,4210,83690900
07/10/2016,4220,4240,4170,4200,50796000
10/10/2016,4180,4230,4150,4160,33361000
11/10/2016,4170,4180,4120,4160,95073200
12/10/2016,4130,4160,4120,4140,77235200
13/10/2016,4150,4190,4140,4180,95797800
14/10/2016,4200,4250,4180,4210,127750100
17/10/2016,4200,4250,4200,4240,62848500
18/10/2016,4250,4260,4220,4230,47811100
19/10/2016,4230,4250,4200,4200,39787500
20/10/2016,4210,4240,4180,4200,49146300
21/10/2016,4200,4240,4190,4210,32147200
24/10/2016,4200,4240,4190,4220,44928300
25/10/2016,4200,4220,4190,4200,70646400
26/10/2016,4180,4220,4180,4190,51043000
27/10/2016,4220,4260,4210,4240,59171100
28/10/2016,4220,4250,4220,4230,63978700
31/10/2016,4230,4250,4210,4220,87255800
01/11/2016,4230,4240,4200,4200,40526400
02/11/2016,4200,4240,4190,4200,65592600
03/11/2016,4200,4210,4120,4150,142513800
04/11/2016,4120,4160,4100,4150,94570400
07/11/2016,4150,4200,4130,4150,56762000
08/11/2016,4170,4300,4170,4280,73529000
09/11/2016,4250,4290,4110,4120,142550300
10/11/2016,4180,4220,4130,4190,197201200
11/11/2016,4050,4050,3910,3960,244873100
14/11/2016,3850,3880,3640,3790,331538800
15/11/2016,3830,3950,3760,3840,214754300
16/11/2016,3900,4030,3900,4000,195298100
17/11/2016,3950,4040,3950,4000,84236700
18/11/2016,4020,4030,3960,3970,98115300
21/11/2016,3950,3970,3920,3930,82463000
22/11/2016,3920,3970,3910,3950,69602800
23/11/2016,3930,3970,3920,3940,108352600
24/11/2016,3900,3930,3760,3810,91265600
25/11/2016,3770,3830,3770,3830,65999500
28/11/2016,3850,3860,3820,3840,61860400
29/11/2016,3830,3880,3830,3840,73215900
30/11/2016,3820,3900,3770,3780,145322000
01/12/2016,3820,3900,3810,3860,96825100
02/12/2016,3820,3960,3810,3910,68873200
05/12/2016,3900,4000,3890,3960,56831800
06/12/2016,3930,3960,3900,3910,67135100
07/12/2016,3890,3890,3820,3850,74498300
08/12/2016,3880,3940,3860,3940,80253900
09/12/2016,3930,3980,3910,3960,73229000
13/12/2016,3920,3970,3900,3970,85397800
14/12/2016,3910,3970,3910,3920,53216800
15/12/2016,3840,3940,3830,3910,58982800
16/12/2016,3910,3910,3820,3820,111038700
19/12/2016,3850,3890,3800,3800,64957800
20/12/2016,3750,3800,3710,3730,88601300
21/12/2016,3800,3850,3760,3780,65390700
22/12/2016,3720,3780,3720,3750,53482700
23/12/2016,3790,3790,3670,3690,46232300
27/12/2016,3690,3760,3670,3730,48998200
28/12/2016,3770,3840,3770,3830,39654200
29/12/2016,3830,3960,3810,3940,126802300
30/12/2016,3940,4020,3940,3980,128649100
02/01/2017,3980,3980,3980,3980,0
03/01/2017,3950,3990,3920,3950,71660600
04/01/2017,3880,3980,3880,3950,68494500
05/01/2017,3960,4030,3940,3950,74018400
06/01/2017,3970,4010,3960,4000,44136900
09/01/2017,4000,4030,3990,4020,85713200
10/01/2017,4030,4030,3960,4000,44608000
11/01/2017,3960,4000,3950,3960,47226300
12/01/2017,3920,3970,3920,3960,45738500
13/01/2017,3930,3970,3930,3950,64704600
16/01/2017,3970,4000,3950,3950,42188800
17/01/2017,3980,4000,3960,3970,45793400
18/01/2017,3960,4010,3950,3960,56558200
19/01/2017,3940,3980,3920,3970,53435400
20/01/2017,3920,3940,3820,3830,101523500
23/01/2017,3800,3880,3780,3840,77653500
24/01/2017,3850,3950,3850,3910,113430200
25/01/2017,3940,3940,3890,3900,47799100
26/01/2017,3900,3960,3860,3940,60944600
27/01/2017,3900,3920,3880,3890,47240400
30/01/2017,3860,3910,3860,3860,30060700
31/01/2017,3870,3920,3860,3870,57849200
01/02/2017,3910,3980,3900,3940,77648400
02/02/2017,3940,3980,3900,3950,73895600
03/02/2017,3900,3970,3900,3950,59225000
06/02/2017,3940,3960,3910,3960,52999700
07/02/2017,3930,3960,3920,3920,66017500
08/02/2017,3900,3920,3860,3870,115706000
09/02/2017,3870,3910,3860,3870,78090700
10/02/2017,3870,3910,3860,3890,91636700
13/02/2017,3920,3920,3900,3920,54547600
14/02/2017,3900,3900,3840,3860,146309400
15/02/2017,3860,3860,3860,3860,0
16/02/2017,3880,3890,3840,3870,127779400
17/02/2017,3890,3890,3850,3870,80814700
20/02/2017,3860,3880,3850,3870,26820400
21/02/2017,3880,3890,3860,3880,49368500
22/02/2017,3880,3890,3850,3880,74260200
23/02/2017,3860,3870,3830,3840,122760100
24/02/2017,3830,3870,3830,3840,71119600
27/02/2017,3850,3890,3850,3870,54712100
28/02/2017,3860,3900,3850,3850,65928100
01/03/2017,3870,3890,3840,3850,79662500
02/03/2017,3870,3870,3830,3830,59748700
03/03/2017,3820,3870,3810,3850,92350100
06/03/2017,3860,3920,3850,3920,99064100
07/03/2017,3920,3950,3890,3950,61945400
08/03/2017,3920,3930,3880,3880,31336300
09/03/2017,3960,3960,3880,3960,83224900
10/03/2017,3970,3990,3910,3950,70318300
13/03/2017,3940,3970,3920,3950,54433000
14/03/2017,3950,4070,3950,4050,122779100
15/03/2017,4030,4080,4010,4040,80434200
16/03/2017,4060,4150,4060,4140,123306900
17/03/2017,4140,4140,4030,4110,123085600
20/03/2017,4100,4110,4050,4100,87628300
21/03/2017,4060,4120,4060,4090,75349600
22/03/2017,4060,4080,4010,4070,110927600
23/03/2017,4070,4100,4050,4090,72319900
24/03/2017,4080,4110,4050,4080,71877500
27/03/2017,4080,4090,4070,4080,56070700
29/03/2017,4080,4150,4080,4150,84076600
30/03/2017,4140,4170,4110,4140,61410200
31/03/2017,4180,4190,4130,4130,88859000
03/04/2017,4130,4200,4130,4170,66564400
04/04/2017,4170,4290,4170,4250,108165500
05/04/2017,4250,4250,4250,4250,0
06/04/2017,4180,4200,4130,4170,79905800
07/04/2017,4130,4140,4110,4130,72954300
10/04/2017,4110,4140,4090,4100,53211800
11/04/2017,4110,4180,4110,4150,54580200
12/04/2017,4170,4170,4110,4150,33441400
13/04/2017,4150,4170,4090,4090,47225000
17/04/2017,4090,4090,4010,4010,51373500
18/04/2017,4060,4120,4050,4070,68193500
19/04/2017,4070,4070,4070,4070,0
20/04/2017,4030,4150,4030,4110,110208600
21/04/2017,4180,4420,4170,4420,237062100
25/04/2017,4500,4520,4330,4420,213322700
26/04/2017,4380,4410,4360,4400,103930700
27/04/2017,4380,4400,4360,4370,78695300
28/04/2017,4400,4410,4370,4370,124845700
02/05/2017,4410,4450,4380,4410,140198900
03/05/2017,4400,4400,4330,4340,92896600
04/05/2017,4360,4390,4340,4370,100510700
05/05/2017,4350,4360,4330,4340,43566800
08/05/2017,4370,4380,4310,4340,85508700
09/05/2017,4390,4450,4330,4340,90061700
10/05/2017,4340,4410,4330,4370,85484500
12/05/2017,4410,4440,4380,4400,84813500
15/05/2017,4420,4420,4320,4360,88965200
16/05/2017,4390,4390,4340,4340,79436500
17/05/2017,4380,4380,4300,4340,65470700
18/05/2017,4300,4340,4270,4310,78913600
19/05/2017,4300,4650,4300,4530,140860000
22/05/2017,4590,4670,4440,4470,92800400
23/05/2017,4500,4520,4370,4400,70551200
24/05/2017,4360,4410,4330,4360,76441800
26/05/2017,4430,4490,4430,4470,123903300
29/05/2017,4470,4470,4360,4390,69694400
30/05/2017,4350,4380,4330,4330,57720500
31/05/2017,4350,4370,4300,4350,184808900
01/06/2017,4350,4350,4350,4350,0
02/06/2017,4400,4450,4340,4380,168414800
05/06/2017,4340,4380,4300,4340,88200300
06/06/2017,4350,4350,4300,4310,99538800
07/06/2017,4350,4350,4290,4320,99176400
08/06/2017,4320,4320,4300,4300,88979800
09/06/2017,4370,4380,4320,4330,137960200
12/06/2017,4320,4340,4310,4330,52481100
13/06/2017,4340,4360,4330,4360,61967400
14/06/2017,4380,4380,4330,4360,72198600
15/06/2017,4350,4370,4330,4360,50887900
16/06/2017,4330,4440,4330,4370,267351200
19/06/2017,4400,4420,4390,4400,48458800
20/06/2017,4420,4510,4400,4490,93396600
21/06/2017,4480,4530,4460,4520,116596300
22/06/2017,4540,4540,4500,4520,76420700
23/06/2017,4520,4520,4520,4520,0
26/06/2017,4520,4520,4520,4520,0
27/06/2017,4520,4520,4520,4520,0
28/06/2017,4520,4520,4520,4520,0
29/06/2017,4520,4520,4520,4520,0
30/06/2017,4520,4520,4520,4520,0
03/07/2017,4530,4790,4520,4790,213322100
04/07/2017,4710,4730,4590,4590,126977200
05/07/2017,4550,4590,4530,4580,76950600
06/07/2017,4570,4680,4570,4650,74712800
07/07/2017,4640,4690,4630,4630,74859600
10/07/2017,4670,4670,4560,4570,40905200
11/07/2017,4590,4640,4560,4600,59015400
12/07/2017,4580,4640,4580,4620,42386500
13/07/2017,4660,4680,4580,4600,83010800
14/07/2017,4580,4620,4570,4600,61198800
17/07/2017,4570,4650,4570,4650,53983200
18/07/2017,4660,4660,4590,4630,63087200
19/07/2017,4630,4630,4570,4600,31882000
20/07/2017,4620,4650,4600,4630,65946300
21/07/2017,4600,4620,4530,4560,61852600
24/07/2017,4500,4650,4500,4650,139361700
25/07/2017,4680,4740,4640,4720,82776400
26/07/2017,4700,4740,4650,4700,65286900
27/07/2017,4700,4720,4650,4650,79556300
28/07/2017,4670,4720,4660,4700,77012600
31/07/2017,4680,4750,4670,4690,105620500
01/08/2017,4700,4820,4690,4770,98006400
02/08/2017,4800,4840,4780,4800,76646000
03/08/2017,4760,4790,4670,4700,57453500
04/08/2017,4700,4710,4660,4670,53596700
07/08/2017,4670,4730,4660,4670,50259300
08/08/2017,4650,4690,4650,4690,55006100
09/08/2017,4670,4720,4670,4710,67040700
10/08/2017,4720,4730,4700,4710,36139000
11/08/2017,4690,4700,4660,4680,61681900
14/08/2017,4720,4730,4700,4710,45942500
15/08/2017,4750,4750,4710,4730,62541500
16/08/2017,4750,4780,4730,4770,72564900
17/08/2017,4770,4770,4770,4770,0
18/08/2017,4770,4820,4770,4780,72171800
21/08/2017,4800,4800,4730,4770,36963300
22/08/2017,4800,4810,4770,4790,45279100
23/08/2017,4800,4810,4750,4800,55475800
24/08/2017,4800,4800,4760,4780,59747100
25/08/2017,4800,4810,4770,4770,34666200
28/08/2017,4740,4770,4720,4750,42681600
29/08/2017,4740,4760,4710,4730,66770700
30/08/2017,4720,4760,4720,4740,41010800
31/08/2017,4740,4750,4690,4690,60803000
01/09/2017,4690,4690,4690,4690,0
04/09/2017,4710,4710,4660,4680,74663400
05/09/2017,4670,4680,4620,4650,71280300
06/09/2017,4650,4730,4650,4710,60257800
07/09/2017,4700,4730,4690,4700,47238900
08/09/2017,4670,4720,4670,4720,40939600
11/09/2017,4710,4720,4700,4710,45419200
12/09/2017,4720,4730,4700,4720,68810000
13/09/2017,4650,4730,4650,4690,55115400
14/09/2017,4690,4700,4660,4670,53421400
15/09/2017,4650,4700,4650,4690,112759200
18/09/2017,4680,4720,4660,4710,61345400
19/09/2017,4690,4720,4680,4710,54676900
20/09/2017,4690,4710,4680,4690,58141200
21/09/2017,4690,4690,4690,4690,0
22/09/2017,4690,4690,4610,4640,100046700
25/09/2017,4620,4670,4610,4650,33070000
26/09/2017,4640,4710,4640,4690,83557100
27/09/2017,4690,4710,4680,4700,60995800
28/09/2017,4720,4740,4710,4710,105241200
29/09/2017,4700,4750,4670,4680,202031900
02/10/2017,4690,4690,4660,4680,79696400
03/10/2017,4650,4700,4640,4690,113933700
04/10/2017,4660,4710,4660,4690,101963100
05/10/2017,4680,4690,4640,4660,164687600
06/10/2017,4680,4680,4630,4660,83595800
09/10/2017,4640,4660,4610,4620,73027700
10/10/2017,4650,4650,4510,4530,95524700
11/10/2017,4540,4550,4310,4400,365951800
12/10/2017,4380,4490,4370,4440,163091000
13/10/2017,4440,4450,4400,4430,122491000
16/10/2017,4380,4480,4380,4450,167517000
17/10/2017,4400,4410,4320,4400,286827400
18/10/2017,4400,4400,4190,4300,379725700
19/10/2017,4230,4250,4180,4210,231274800
20/10/2017,4250,4290,4200,4270,107642900
23/10/2017,4270,4320,4240,4250,118213500
24/10/2017,4270,4270,4230,4230,69942200
25/10/2017,4210,4230,4060,4090,308355300
26/10/2017,4010,4260,4010,4160,348271000
27/10/2017,4190,4200,4080,4150,122923500
30/10/2017,4150,4180,4080,4080,140445100
31/10/2017,4150,4150,4030,4030,111757900
01/11/2017,4070,4080,3910,3950,267366500
02/11/2017,3980,4110,3970,4030,154764900
03/11/2017,4050,4100,4010,4090,80926400
06/11/2017,4100,4210,4070,4190,177511800
07/11/2017,4180,4210,4160,4190,84694700
08/11/2017,4160,4160,4100,4100,145225500
09/11/2017,4100,4180,4100,4160,91933800
10/11/2017,4130,4160,4120,4120,56993800
13/11/2017,4130,4160,4100,4100,92109100
14/11/2017,4100,4110,4070,4080,64809800
15/11/2017,4090,4180,4080,4130,96128400
16/11/2017,4150,4230,4150,4200,134137000
17/11/2017,4200,4230,4200,4200,80261800
20/11/2017,4220,4220,4150,4150,48453900
21/11/2017,4170,4200,4150,4200,96842900
22/11/2017,4220,4220,4190,4200,69602300
23/11/2017,4200,4270,4200,4250,62887900
24/11/2017,4220,4320,4220,4320,87879900
27/11/2017,4320,4350,4280,4300,82769500
28/11/2017,4270,4290,4230,4240,99928100
29/11/2017,4220,4240,4180,4200,79872900
30/11/2017,4200,4220,4150,4150,185905200
01/12/2017,4150,4150,4150,4150,0
04/12/2017,4180,4230,4160,4200,78040500
05/12/2017,4210,4220,4180,4200,96504800
06/12/2017,4160,4210,4160,4200,92126500
07/12/2017,4200,4210,4160,4200,52703100
08/12/2017,4150,4200,4120,4140,88536500
11/12/2017,4110,4150,4110,4140,47625800
12/12/2017,4150,4190,4150,4170,63036000
13/12/2017,4150,4200,4150,4200,49020200
14/12/2017,4220,4250,4200,4250,61517800
15/12/2017,4200,4240,4180,4230,77110600
18/12/2017,4250,4250,4170,4240,47756500
19/12/2017,4200,4200,4170,4190,85383600
20/12/2017,4190,4200,4160,4160,87778400
21/12/2017,4190,4250,4170,4250,83893400
22/12/2017,4250,4300,4210,4300,50330400
25/12/2017,4300,4300,4300,4300,0
26/12/2017,4300,4300,4300,4300,0
27/12/2017,4270,4310,4270,4300,32211800
28/12/2017,4300,4390,4270,4390,88576700
29/12/2017,4390,4460,4390,4440,110053200
01/01/2018,4440,4440,4440,4440,0
02/01/2018,4430,4460,4380,4410,66075600
03/01/2018,4380,4380,4200,4230,129205000
04/01/2018,4230,4250,4190,4220,77953300
05/01/2018,4220,4280,4200,4280,55863000
08/01/2018,4250,4290,4250,4260,42916700
09/01/2018,4240,4240,4180,4200,100497400
10/01/2018,4200,4250,4180,4190,95004000
11/01/2018,4200,4200,4150,4170,80524900
12/01/2018,4160,4190,4130,4130,70976800
15/01/2018,4160,4170,4100,4120,71388000
16/01/2018,4150,4220,4120,4210,84393300
17/01/2018,4210,4220,4180,4200,77197700
18/01/2018,4210,4240,4160,4170,100089500
19/01/2018,4190,4190,4120,4160,70890100
22/01/2018,4120,4160,4120,4130,83090400
23/01/2018,4160,4160,4030,4090,184176500
24/01/2018,4090,4090,3970,3980,241779600
25/01/2018,3980,4020,3920,3970,232552500
26/01/2018,3990,4160,3990,4150,246067800
29/01/2018,4170,4180,4030,4070,156356300
30/01/2018,4020,4040,3960,3970,140694300
31/01/2018,3960,4060,3950,3990,112276200
01/02/2018,4030,4070,3980,3980,102291000
02/02/2018,4030,4030,4000,4000,71707200
05/02/2018,3950,4030,3920,4010,70792500
06/02/2018,3950,3990,3930,3940,146207400
07/02/2018,3990,4020,3950,3980,120081100
08/02/2018,3980,4040,3940,4020,101865000
09/02/2018,3970,4000,3940,3950,78255000
12/02/2018,3950,3990,3950,3960,58535200
13/02/2018,3990,4060,3980,4040,79288000
14/02/2018,4050,4080,3990,4040,63313200
15/02/2018,4050,4060,4000,4010,32896000
16/02/2018,4010,4010,4010,4010,0
19/02/2018,4050,4080,4040,4050,89429500
20/02/2018,4080,4080,4040,4070,53466600
21/02/2018,4040,4080,4020,4070,74130200
22/02/2018,4070,4070,4010,4010,91272600
23/02/2018,4030,4040,4010,4030,59706400
26/02/2018,4050,4050,4010,4030,56293900
27/02/2018,4030,4030,3960,4020,81554100
28/02/2018,3970,4050,3970,4000,94528200
01/03/2018,4050,4090,4020,4060,84215600
02/03/2018,4060,4070,4030,4070,61410200
05/03/2018,4050,4060,4000,4020,56394900
06/03/2018,4050,4060,4020,4020,59010500
07/03/2018,4000,4040,3980,4000,100646000
08/03/2018,4050,4140,4020,4140,152547000
09/03/2018,4150,4160,4090,4150,97354700
12/03/2018,4170,4200,4130,4200,87344000
13/03/2018,4160,4180,4080,4090,96605900
14/03/2018,4070,4090,4040,4060,74296000
15/03/2018,4030,4040,3930,3930,133775500
16/03/2018,3930,3950,3820,3820,208216200
19/03/2018,3860,3900,3810,3820,111808000
20/03/2018,3800,3810,3640,3660,254154700
21/03/2018,3660,3720,3630,3710,152085900
22/03/2018,3720,3810,3690,3700,132850400
23/03/2018,3520,3690,3520,3660,104485500
26/03/2018,3600,3650,3580,3590,104993600
27/03/2018,3630,3650,3540,3560,106157400
28/03/2018,3570,3620,3540,3570,83907700
29/03/2018,3580,3600,3530,3600,106930200
30/03/2018,3600,3600,3600,3600,0
02/04/2018,3640,3680,3600,3670,63944000
03/04/2018,3640,3670,3620,3630,57234700
04/04/2018,3630,3660,3570,3600,80976000
05/04/2018,3650,3690,3650,3680,102973700
06/04/2018,3680,3690,3650,3650,62905500
09/04/2018,3630,3780,3630,3770,114947800
10/04/2018,3740,3880,3730,3860,138847700
11/04/2018,3850,3890,3850,3870,58454500
12/04/2018,3830,3860,3740,3750,76340800
13/04/2018,3760,3780,3630,3660,88313600
16/04/2018,3660,3660,3660,3660,0
17/04/2018,3660,3660,3660,3660,0
18/04/2018,3720,3770,3710,3770,65927000
19/04/2018,3770,3770,3770,3770,0
20/04/2018,3770,3770,3770,3770,0
23/04/2018,3720,3780,3720,3750,72362700
24/04/2018,3810,3830,3770,3830,81396500
25/04/2018,3830,3830,3830,3830,0
26/04/2018,3830,3830,3830,3830,0
27/04/2018,3830,3830,3830,3830,0
30/04/2018,3750,3870,3750,3830,95418200
01/05/2018,3830,3830,3830,3830,0
02/05/2018,3810,3880,3780,3870,118872100
03/05/2018,3850,3860,3740,3740,91601300
04/05/2018,3700,3750,3650,3730,80894300
07/05/2018,3750,3820,3730,3800,97351600
08/05/2018,3650,3670,3570,3620,107379900
09/05/2018,3600,3780,3530,3700,149687500
10/05/2018,3700,3700,3700,3700,0
11/05/2018,3700,3750,3620,3630,120995700
14/05/2018,3560,3610,3500,3540,161018200
15/05/2018,3520,3530,3350,3370,230994800
16/05/2018,3280,3530,3250,3480,205406800
17/05/2018,3510,3610,3490,3490,179026500
18/05/2018,3520,3530,3400,3490,75748600
21/05/2018,3490,3490,3410,3420,57210900
22/05/2018,3420,3500,3420,3470,78667200
23/05/2018,3460,3530,3450,3470,110630200
24/05/2018,3480,3590,3480,3560,84178300
25/05/2018,3540,3590,3530,3560,66374400
28/05/2018,3580,3700,3560,3690,90299200
29/05/2018,3690,3690,3690,3690,0
30/05/2018,3600,3730,3590,3600,148933500
31/05/2018,3600,3610,3500,3520,255204300
01/06/2018,3520,3520,3520,3520,0
04/06/2018,3540,3660,3530,3640,141754800
05/06/2018,3680,3860,3660,3830,181376800
06/06/2018,3790,3830,3760,3790,143554900
07/06/2018,3800,3830,3770,3770,122724300
08/06/2018,3710,3730,3600,3610,260396300
11/06/2018,3610,3610,3610,3610,0
12/06/2018,3610,3610,3610,3610,0
13/06/2018,3610,3610,3610,3610,0
14/06/2018,3610,3610,3610,3610,0
15/06/2018,3610,3610,3610,3610,0
18/06/2018,3610,3610,3610,3610,0
19/06/2018,3610,3610,3610,3610,0
20/06/2018,3540,3710,3510,3710,295386100
21/06/2018,3650,3700,3610,3610,123848500
22/06/2018,3610,3630,3540,3580,121490900
25/06/2018,3630,3690,3600,3660,97826600
26/06/2018,3600,3700,3600,3690,91252300
27/06/2018,3690,3780,3690,3710,106616500
28/06/2018,3700,3720,3660,3660,133779300
29/06/2018,3650,3750,3640,3750,79116600
02/07/2018,3800,3800,3710,3750,55810800
03/07/2018,3740,3740,3670,3700,79439500
04/07/2018,3700,3810,3630,3760,54884500
05/07/2018,3800,3830,3760,3830,59717900
06/07/2018,3850,3890,3830,3860,67655200
09/07/2018,3900,4000,3880,3980,68798500
10/07/2018,3990,4050,3960,4030,118127300
11/07/2018,4000,4080,3960,4060,144055300
12/07/2018,4050,4110,4040,4100,114531700
13/07/2018,4080,4100,3970,4020,120852800
16/07/2018,3970,4030,3860,3940,66229700
17/07/2018,3970,3970,3890,3940,53740400
18/07/2018,3910,4030,3890,4010,75157800
19/07/2018,4000,4000,3910,3910,65340900
20/07/2018,3900,3990,3890,3990,66456000
23/07/2018,4030,4090,4010,4060,74605900
24/07/2018,4090,4090,4030,4030,64353800
25/07/2018,4060,4060,3900,3900,55617500
26/07/2018,3920,3940,3890,3930,55761900
27/07/2018,3910,3950,3890,3940,52506800
30/07/2018,3890,3950,3890,3910,49045100
31/07/2018,3830,3830,3550,3570,339081700
01/08/2018,3570,3600,3500,3550,190720900
02/08/2018,3550,3590,3450,3500,171276100
03/08/2018,3480,3490,3430,3460,224005400
06/08/2018,3480,3670,3480,3650,231846400
07/08/2018,3650,3670,3570,3580,111024900
08/08/2018,3600,3600,3520,3550,109077400
09/08/2018,3520,3550,3490,3490,110452900
10/08/2018,3510,3540,3480,3500,79851700
13/08/2018,3440,3450,3360,3370,106124800
14/08/2018,3360,3440,3330,3350,108189200
15/08/2018,3350,3450,3310,3430,95526000
16/08/2018,3390,3430,3350,3350,112653900
17/08/2018,3350,3350,3350,3350,0
20/08/2018,3420,3450,3370,3390,163133800
21/08/2018,3400,3440,3350,3350,126746000
22/08/2018,3350,3350,3350,3350,0
23/08/2018,3390,3390,3290,3300,209401300
24/08/2018,3290,3340,3270,3290,103476200
27/08/2018,3330,3480,3310,3460,142917000
28/08/2018,3480,3600,3480,3580,224122500
29/08/2018,3560,3610,3520,3580,126710100
30/08/2018,3580,3590,3510,3510,80352300
31/08/2018,3500,3520,3460,3490,109920300
03/09/2018,3520,3550,3480,3490,46014400
04/09/2018,3500,3510,3410,3420,77620800
05/09/2018,3400,3400,3250,3270,183864900
06/09/2018,3250,3380,3250,3360,172294300
07/09/2018,3360,3390,3320,3390,99447200
10/09/2018,3380,3400,3350,3380,48741600
11/09/2018,3380,3380,3380,3380,0
12/09/2018,3380,3390,3310,3320,81217700
13/09/2018,3370,3470,3370,3450,115198100
14/09/2018,3470,3600,3470,3590,156541000
17/09/2018,3550,3570,3430,3470,95431800
18/09/2018,3470,3590,3440,3570,132571400
19/09/2018,3580,3610,3540,3550,88139600
20/09/2018,3590,3640,3570,3600,80194400
21/09/2018,3630,3630,3550,3600,98577800
24/09/2018,3590,3600,3510,3540,48101000
25/09/2018,3540,3560,3520,3560,25350200
26/09/2018,3550,3590,3540,3540,51055900
27/09/2018,3580,3590,3550,3580,49549400
28/09/2018,3600,3670,3600,3640,116695900
01/10/2018,3610,3690,3610,3670,45504900
02/10/2018,3640,3670,3580,3620,61393800
03/10/2018,3570,3640,3570,3600,46611900
04/10/2018,3570,3600,3510,3600,82550500
05/10/2018,3540,3600,3530,3530,59270300
08/10/2018,3500,3530,3470,3520,71886100
09/10/2018,3530,3620,3520,3590,58708100
10/10/2018,3640,3640,3560,3600,31937500
11/10/2018,3500,3640,3480,3570,114418300
12/10/2018,3630,3700,3620,3680,87991200
15/10/2018,3700,3750,3650,3660,68466400
16/10/2018,3680,3780,3680,3780,98103600
17/10/2018,3800,3910,3800,3900,122953700
18/10/2018,3840,3880,3720,3760,102322600
19/10/2018,3700,3770,3690,3730,140162100
22/10/2018,3730,3830,3730,3800,57680500
23/10/2018,3800,3800,3670,3700,53266800
24/10/2018,3700,3710,3520,3520,117672200
25/10/2018,3490,3580,3460,3550,120108900
26/10/2018,3580,3660,3580,3630,100554100
29/10/2018,3630,3660,3580,3660,54304000
30/10/2018,3640,3850,3630,3800,158933000
31/10/2018,3850,3870,3730,3850,140351400
01/11/2018,3850,3880,3810,3880,69586900
02/11/2018,3900,3940,3880,3940,98072700
05/11/2018,3850,3910,3850,3890,60121700
06/11/2018,3930,3930,3820,3890,58088000
07/11/2018,3900,3950,3870,3950,98350100
08/11/2018,3970,4000,3920,4000,74004300
09/11/2018,3960,3960,3920,3920,45243300
12/11/2018,3890,3950,3860,3860,57256000
13/11/2018,3810,3850,3750,3830,89819400
14/11/2018,3860,3880,3750,3750,72968500
15/11/2018,3800,3940,3790,3910,71440400
16/11/2018,3930,4110,3920,4050,128595600
19/11/2018,4050,4050,3930,3950,72785900
20/11/2018,3950,3950,3950,3950,0
21/11/2018,3860,3960,3850,3960,97525800
22/11/2018,3910,3990,3910,3980,52279900
23/11/2018,3980,4000,3950,3990,35499400
26/11/2018,3980,4000,3950,3990,43879100
27/11/2018,3940,3950,3850,3880,116422400
28/11/2018,3890,3900,3710,3720,195860500
29/11/2018,3770,3810,3710,3740,120921500
30/11/2018,3760,3780,3680,3680,151545800
03/12/2018,3740,3770,3700,3700,106891000
04/12/2018,3720,3780,3720,3780,121586400
05/12/2018,3740,3800,3730,3770,58424400
06/12/2018,3740,3770,3700,3710,62164100
07/12/2018,3700,3710,3660,3670,92902000
10/12/2018,3650,3720,3610,3680,70093700
11/12/2018,3640,3670,3610,3620,88050700
12/12/2018,3660,3670,3620,3650,87333000
13/12/2018,3680,3780,3660,3750,118965900
14/12/2018,3800,3840,3730,3730,139547100
17/12/2018,3740,3770,3710,3710,86251600
18/12/2018,3700,3740,3680,3740,79833100
19/12/2018,3740,3810,3740,3810,81542500
20/12/2018,3810,3810,3720,3740,100129200
21/12/2018,3700,3770,3700,3760,114752300
24/12/2018,3760,3760,3760,3760,0
25/12/2018,3760,3760,3760,3760,0
26/12/2018,3730,3750,3700,3730,50416400
27/12/2018,3780,3790,3730,3750,49980900
28/12/2018,3770,3780,3750,3750,48224400
31/12/2018,3750,3750,3750,3750,0
01/01/2019,3750,3750,3750,3750,0
02/01/2019,3750,3760,3700,3730,31355300
03/01/2019,3710,3770,3690,3740,83842400
04/01/2019,3690,3740,3690,3710,73936900
07/01/2019,3760,3790,3750,3770,83678100
08/01/2019,3770,3800,3750,3800,67963700
09/01/2019,3820,3830,3730,3730,98529400
10/01/2019,3760,3800,3740,3800,126396700
11/01/2019,3820,3860,3800,3860,116753700
14/01/2019,3810,3850,3790,3850,68487000
15/01/2019,3860,3930,3850,3930,83464900
16/01/2019,3940,4000,3920,3990,139056700
17/01/2019,3970,3990,3960,3990,78766100
18/01/2019,4010,4020,3970,4020,76350400
21/01/2019,4040,4050,4020,4030,83317600
22/01/2019,4000,4010,3930,4000,95420500
23/01/2019,3950,3980,3920,3920,72518500
24/01/2019,3900,3910,3830,3860,118836500
25/01/2019,3880,3930,3840,3880,75844000
28/01/2019,3880,3890,3730,3780,168983100
29/01/2019,3780,3850,3780,3840,118131200
30/01/2019,3850,3890,3830,3860,85903100
31/01/2019,3900,3920,3870,3900,110953700
01/02/2019,3910,3930,3830,3870,79588900
04/02/2019,3890,3890,3780,3780,70070500
05/02/2019,3780,3780,3780,3780,0
06/02/2019,3820,3870,3820,3860,72180200
07/02/2019,3890,3890,3830,3860,39141500
08/02/2019,3810,3850,3810,3850,32131700
11/02/2019,3870,3940,3860,3930,88628900
12/02/2019,3900,3910,3800,3820,92427800
13/02/2019,3840,3850,3780,3790,113161100
14/02/2019,3790,3810,3740,3740,76939400
15/02/2019,3770,3800,3730,3790,67812600
18/02/2019,3830,3920,3830,3900,80275800
19/02/2019,3930,3940,3900,3920,82962700
20/02/2019,3940,3940,3830,3870,87933000
21/02/2019,3870,3890,3860,3870,48031100
22/02/2019,3870,3870,3820,3840,61392700
25/02/2019,3900,3920,3850,3910,53792400
26/02/2019,3920,3930,3880,3930,49657300
27/02/2019,3900,3940,3890,3910,48788200
28/02/2019,3880,3900,3840,3860,161156000
01/03/2019,3890,3920,3880,3910,49810100
04/03/2019,3910,3910,3850,3850,32250500
05/03/2019,3890,3890,3820,3870,41171000
06/03/2019,3860,3880,3820,3820,69927600
07/03/2019,3820,3820,3820,3820,0
08/03/2019,3810,3820,3740,3740,105963500
11/03/2019,3780,3820,3760,3800,43971600
12/03/2019,3800,3820,3730,3760,43343700
13/03/2019,3730,3770,3710,3720,45607600
14/03/2019,3720,3760,3710,3740,62094100
15/03/2019,3720,3760,3710,3750,68778100
18/03/2019,3770,3820,3760,3820,44322600
19/03/2019,3800,3820,3770,3780,33156500
20/03/2019,3810,3820,3750,3760,42784600
21/03/2019,3800,3810,3780,3790,36527500
22/03/2019,3800,3820,3790,3800,26772900
25/03/2019,3730,3790,3720,3790,49162900
26/03/2019,3780,3820,3780,3820,23049100
27/03/2019,3840,3840,3810,3820,35521900
28/03/2019,3820,3890,3810,3880,55847200
29/03/2019,3880,3970,3880,3960,82231400
01/04/2019,3950,3960,3900,3930,28246400
02/04/2019,3910,3950,3910,3930,35443400
03/04/2019,3930,3930,3930,3930,0
04/04/2019,3980,4040,3950,4030,96122100
05/04/2019,4020,4090,4000,4060,66832600
08/04/2019,4020,4030,3940,3950,73208300
09/04/2019,3980,4000,3910,3950,88580200
10/04/2019,3920,3950,3890,3930,52555500
11/04/2019,3900,3930,3880,3890,51480700
12/04/2019,3820,3870,3810,3830,45324300
15/04/2019,3860,3860,3810,3830,44510600
16/04/2019,3830,3880,3830,3870,62572100
17/04/2019,3870,3870,3870,3870,0
18/04/2019,3920,3950,3840,3860,119263400
19/04/2019,3860,3860,3860,3860,0
22/04/2019,3860,3860,3780,3780,48671200
23/04/2019,3780,3870,3730,3850,86443700
24/04/2019,3850,3860,3780,3840,76660900
25/04/2019,3800,3840,3790,3830,52775100
26/04/2019,3800,3910,3800,3910,66452700
29/04/2019,3850,3900,3850,3860,50143700
30/04/2019,3890,3890,3750,3790,132318200
01/05/2019,3790,3790,3790,3790,0
02/05/2019,3760,3880,3760,3830,136768800
03/05/2019,3800,3830,3760,3820,101522800
06/05/2019,3760,3840,3720,3840,107167400
07/05/2019,3870,3910,3840,3900,74814500
08/05/2019,3890,3920,3870,3900,77743400
09/05/2019,3860,3900,3800,3800,74716500
10/05/2019,3800,3840,3790,3790,66672500
13/05/2019,3820,3840,3760,3770,47605100
14/05/2019,3730,3800,3720,3760,77483200
15/05/2019,3770,3790,3660,3660,57596600
16/05/2019,3660,3720,3530,3600,107366200
17/05/2019,3610,3620,3500,3510,94437400
20/05/2019,3520,3620,3480,3600,82354400
21/05/2019,3600,3630,3550,3600,106104000
22/05/2019,3590,3600,3540,3540,63687000
23/05/2019,3540,3690,3540,3660,113281100
24/05/2019,3700,3780,3690,3750,87594500
27/05/2019,3760,3830,3750,3820,87146600
28/05/2019,3800,3820,3690,3690,322246900
29/05/2019,3750,3830,3730,3780,122534500
30/05/2019,3780,3780,3780,3780,0
31/05/2019,3780,3930,3780,3900,194331700
03/06/2019,3900,3900,3900,3900,0
04/06/2019,3900,3900,3900,3900,0
05/06/2019,3900,3900,3900,3900,0
06/06/2019,3900,3900,3900,3900,0
07/06/2019,3900,3900,3900,3900,0
10/06/2019,4000,4060,3970,4040,222522800
11/06/2019,4010,4060,4000,4020,88861700
12/06/2019,3880,3950,3840,3940,134724400
13/06/2019,3940,3990,3900,3990,115734700
14/06/2019,4020,4050,3970,3990,92466800
17/06/2019,3950,3970,3900,3900,60851700
18/06/2019,3890,3990,3890,3980,66112800
20/06/2019,4110,4110,4020,4040,57673700
21/06/2019,4010,4040,3950,4040,154049700
24/06/2019,4050,4050,3970,3980,50525100
25/06/2019,4040,4040,4000,4010,42601100
26/06/2019,4020,4050,3980,3980,56092200
27/06/2019,4010,4120,4000,4090,94221200
28/06/2019,4100,4200,4090,4140,130153100
01/07/2019,4200,4240,4170,4220,79382300
02/07/2019,4240,4250,4180,4250,87999800
03/07/2019,4160,4240,4160,4240,63296200
04/07/2019,4190,4260,4190,4250,38459300
05/07/2019,4260,4280,4240,4280,50332800
08/07/2019,4230,4290,4210,4270,57903400
09/07/2019,4300,4370,4270,4350,124822400
10/07/2019,4310,4320,4260,4290,62529900
11/07/2019,4250,4280,4240,4270,25645900
12/07/2019,4240,4250,4170,4180,57088600
15/07/2019,4250,4290,4230,4280,66960500
16/07/2019,4240,4280,4210,4240,45461500
17/07/2019,4250,4260,4220,4230,32069800
18/07/2019,4220,4250,4210,4240,45408100
19/07/2019,4260,4280,4250,4270,60692800
22/07/2019,4250,4270,4230,4260,37513700
23/07/2019,4260,4270,4200,4250,62628100
24/07/2019,4230,4240,4160,4190,73904300
25/07/2019,4160,4240,4160,4210,49276300
26/07/2019,4160,4210,4110,4160,70952400
29/07/2019,4150,4240,4140,4200,54336900
30/07/2019,4280,4300,4260,4270,88417200
31/07/2019,4240,4300,4210,4300,175741000
01/08/2019,4300,4300,4260,4280,94856600
02/08/2019,4280,4300,4250,4280,82253800
05/08/2019,4200,4220,4060,4080,112253200
06/08/2019,4060,4190,4050,4130,108890100
07/08/2019,4230,4270,4170,4210,104785500
08/08/2019,4270,4290,4240,4260,95204000
09/08/2019,4300,4300,4240,4260,89600500
12/08/2019,4300,4320,4230,4260,41817800
13/08/2019,4290,4290,4230,4250,98757900
14/08/2019,4300,4300,4270,4290,84928200
15/08/2019,4200,4290,4200,4290,97255500
16/08/2019,4300,4310,4220,4280,51853900
19/08/2019,4340,4340,4290,4340,86011300
20/08/2019,4350,4470,4340,4470,143171600
21/08/2019,4460,4500,4390,4410,99649300
22/08/2019,4380,4450,4320,4450,110968600
23/08/2019,4390,4450,4340,4380,83823900
26/08/2019,4280,4360,4280,4330,77603200
27/08/2019,4390,4410,4320,4380,168209400
28/08/2019,4430,4430,4350,4370,68091100
29/08/2019,4370,4440,4370,4380,65718900
30/08/2019,4430,4450,4420,4450,95138200
02/09/2019,4440,4450,4400,4410,27531000
03/09/2019,4440,4440,4330,4350,66884700
04/09/2019,4310,4350,4280,4290,78905600
05/09/2019,4290,4360,4290,4320,97098300
06/09/2019,4360,4360,4210,4210,117223300
09/09/2019,4280,4300,4240,4270,47057300
10/09/2019,4300,4300,4250,4270,80403000
11/09/2019,4300,4300,4210,4250,90211600
12/09/2019,4220,4230,4160,4170,70382200
13/09/2019,4230,4230,4160,4160,64074800
16/09/2019,4160,4260,4160,4220,85284700
17/09/2019,4240,4280,4220,4270,86432000
18/09/2019,4250,4280,4230,4250,72359600
19/09/2019,4260,4260,4190,4210,58720600
20/09/2019,4250,4300,4230,4290,132359100
23/09/2019,4290,4300,4230,4250,70483600
24/09/2019,4210,4240,4150,4210,88979100
25/09/2019,4220,4250,4180,4220,84582300
26/09/2019,4220,4370,4200,4360,79324000
27/09/2019,4310,4350,4300,4310,52305800
30/09/2019,4270,4330,4270,4310,111879100
01/10/2019,4400,4400,4220,4250,60332400
02/10/2019,4260,4300,4190,4200,51606300
03/10/2019,4190,4250,4160,4200,56433000
04/10/2019,4250,4250,4180,4190,34082000
07/10/2019,4240,4240,4090,4110,42996900
08/10/2019,4170,4170,4060,4090,74448900
09/10/2019,4090,4170,4080,4120,59314500
10/10/2019,4060,4120,4060,4110,34345600
11/10/2019,4100,4170,4100,4170,42198800
14/10/2019,4200,4210,4150,4190,52681800
15/10/2019,4190,4190,4150,4170,64670200
16/10/2019,4170,4190,4140,4170,70555700
17/10/2019,4160,4180,4140,4170,50695300
18/10/2019,4170,4190,4160,4190,169540200
21/10/2019,4200,4250,4190,4200,63797000
22/10/2019,4200,4250,4200,4230,56711100
23/10/2019,4210,4270,4210,4260,97971900
24/10/2019,4300,4350,4250,4350,99213400
25/10/2019,4320,4360,4270,4280,67661500
28/10/2019,4280,4280,4220,4260,30710600
29/10/2019,4230,4330,4220,4330,68715000
30/10/2019,4290,4350,4210,4270,89575600
31/10/2019,4220,4240,4080,4110,185713300
01/11/2019,4090,4150,4060,4080,107208500
04/11/2019,4080,4160,4080,4150,65897700
05/11/2019,4170,4200,4130,4200,109276000
06/11/2019,4180,4190,4110,4120,134618700
07/11/2019,4150,4150,3990,4070,125291200
08/11/2019,4010,4120,3990,4110,70404800
11/11/2019,4040,4120,4040,4100,57079800
12/11/2019,4050,4190,4050,4180,88251100
13/11/2019,4130,4170,4100,4150,91925700
14/11/2019,4110,4130,4010,4050,123468500
15/11/2019,4080,4090,4030,4080,50780500
18/11/2019,4040,4060,3990,4000,104978700
19/11/2019,4000,4020,3970,4020,113996600
20/11/2019,4000,4090,4000,4090,149185500
21/11/2019,4050,4090,4020,4020,64005900
22/11/2019,4030,4050,4000,4050,76569400
25/11/2019,4070,4070,3940,3950,107581200
26/11/2019,3950,3960,3860,3860,281002600
27/11/2019,3870,3930,3800,3880,97511300
28/11/2019,3830,3900,3800,3820,70635000
29/11/2019,3860,3950,3840,3930,72146900
02/12/2019,3960,3960,3930,3950,74263500
03/12/2019,3920,3940,3910,3920,74494000
04/12/2019,3920,3990,3900,3990,64948300
05/12/2019,3990,4080,3990,4060,118494800
06/12/2019,4040,4100,4020,4100,50682100
09/12/2019,4080,4110,4050,4070,80864200
10/12/2019,4050,4070,4010,4040,54824900
11/12/2019,4010,4050,4000,4050,79749500
12/12/2019,4040,4050,3950,3950,147627000
13/12/2019,4000,4020,3960,3990,81937300
16/12/2019,3970,4020,3960,3970,86479200
17/12/2019,3970,3990,3950,3980,91747200
18/12/2019,3960,4000,3950,3990,101569300
19/12/2019,3970,3980,3900,3900,127316000
20/12/2019,3900,4020,3900,4020,152132200
23/12/2019,4020,4030,3980,4020,58715700
26/12/2019,4020,4020,3980,4000,36935300
27/12/2019,3990,4010,3980,3990,52812000
30/12/2019,3980,4030,3970,3970,67738300
02/01/2020,3970,4000,3900,3910,52094000
03/01/2020,3960,3980,3930,3980,70032900
06/01/2020,3930,3970,3930,3960,42908900
07/01/2020,3930,3970,3920,3940,51837600
08/01/2020,3920,3950,3900,3900,52402600
09/01/2020,3920,3970,3920,3960,37580300
10/01/2020,3980,3990,3950,3980,48099000
13/01/2020,4000,4030,3990,4030,61913800
14/01/2020,3980,4000,3940,3950,95058600
15/01/2020,3960,3960,3870,3880,147583300
16/01/2020,3890,3890,3830,3850,118903100
17/01/2020,3860,3870,3800,3810,119904100
20/01/2020,3820,3840,3800,3810,73599200
21/01/2020,3810,3900,3810,3890,78014400
22/01/2020,3890,3890,3850,3860,45839800
23/01/2020,3860,3880,3830,3880,41077400
24/01/2020,3880,3930,3860,3920,58524000
27/01/2020,3920,3920,3830,3840,33081800
28/01/2020,3810,3840,3800,3830,56210000
29/01/2020,3840,3900,3840,3900,51929800
30/01/2020,3910,3910,3850,3860,60391600
31/01/2020,3890,3890,3780,3800,120447900
03/02/2020,3800,3820,3730,3740,68360600
04/02/2020,3810,3810,3730,3760,77259600
05/02/2020,3760,3780,3720,3770,68150800
06/02/2020,3800,3800,3750,3760,56261500
07/02/2020,3780,3820,3760,3790,53578900
10/02/2020,3800,3850,3780,3810,86588500
11/02/2020,3810,3830,3780,3790,50248200
12/02/2020,3800,3850,3780,3820,73840300
13/02/2020,3820,3830,3710,3730,66699800
14/02/2020,3680,3730,3640,3640,108793300
17/02/2020,3630,3660,3590,3610,94887800
18/02/2020,3590,3660,3590,3620,94382900
19/02/2020,3620,3640,3590,3620,63717800
20/02/2020,3620,3650,3600,3630,53035400
21/02/2020,3650,3710,3640,3690,86862600
24/02/2020,3670,3720,3630,3640,72610600
25/02/2020,3600,3670,3590,3590,73990700
26/02/2020,3530,3550,3450,3510,133449900
27/02/2020,3510,3550,3420,3470,88389400
28/02/2020,3390,3490,3340,3490,151751800
02/03/2020,3470,3550,3440,3440,96802900
03/03/2020,3510,3660,3470,3620,114698200
04/03/2020,3640,3840,3630,3830,136081000
05/03/2020,3820,3880,3760,3830,101235000
06/03/2020,3730,3790,3710,3750,86476000
09/03/2020,3560,3620,3500,3500,109347300
10/03/2020,3480,3620,3480,3490,119718000
11/03/2020,3470,3480,3370,3400,115486900
12/03/2020,3300,3440,3270,3310,84363800
13/03/2020,3310,3310,3310,3310,0
16/03/2020,3300,3300,3160,3160,115972300
17/03/2020,3160,3160,2940,2940,150122700
18/03/2020,3010,3080,2740,2810,150147300
19/03/2020,2810,2810,2620,2620,138987300
20/03/2020,2660,2990,2450,2880,267694700
23/03/2020,2880,2880,2680,2680,86157200
24/03/2020,2700,2880,2570,2620,243778900
26/03/2020,2550,3080,2550,2980,267369500
27/03/2020,3050,3270,3050,3090,200952500
30/03/2020,3060,3180,2880,3140,134474300
31/03/2020,3180,3300,3120,3160,151302900
01/04/2020,3180,3200,3040,3100,104550600
02/04/2020,3100,3130,3020,3130,92893600
03/04/2020,3150,3220,3120,3200,83469200
06/04/2020,3280,3330,3180,3330,115495000
07/04/2020,3390,3500,3200,3220,166425600
08/04/2020,3220,3220,3050,3110,124553900
09/04/2020,3110,3180,3030,3120,122622400
13/04/2020,3140,3230,3130,3180,45469500
14/04/2020,3200,3250,3160,3240,79114600
15/04/2020,3250,3300,3090,3110,69832000
16/04/2020,3110,3110,3000,3000,109582500
17/04/2020,3050,3250,3050,3230,127860400
20/04/2020,3270,3270,3120,3120,77306900
21/04/2020,3120,3130,3050,3070,43239400
22/04/2020,3050,3270,3030,3160,126278300
23/04/2020,3200,3240,3070,3070,117391500
24/04/2020,3100,3160,3080,3090,84061400
27/04/2020,3120,3200,3100,3150,85475400
28/04/2020,3170,3200,3140,3160,80212700
29/04/2020,3200,3390,3100,3350,154902100
30/04/2020,3400,3540,3350,3500,163170100
04/05/2020,3400,3400,3260,3320,108988600
05/05/2020,3320,3390,3320,3320,74036700
06/05/2020,3300,3340,3220,3240,86395000
08/05/2020,3270,3290,3150,3190,143584400
11/05/2020,3220,3250,3210,3220,58473100
12/05/2020,3270,3270,3100,3150,138978700
13/05/2020,3150,3170,3080,3160,73238700
14/05/2020,3110,3140,3060,3070,101581300
15/05/2020,3100,3130,3020,3100,114753900
18/05/2020,3100,3220,3100,3220,108828800
19/05/2020,3250,3330,3250,3270,97387100
20/05/2020,3200,3260,3180,3180,76086600
26/05/2020,3150,3280,3130,3250,105792900
27/05/2020,3250,3270,3150,3170,128693900
28/05/2020,3180,3210,3130,3130,177385100
29/05/2020,3100,3150,3080,3150,276092100
02/06/2020,3160,3270,3120,3250,174790600
03/06/2020,3280,3320,3230,3290,216200900
04/06/2020,3320,3390,3250,3300,167708600
05/06/2020,3360,3360,3200,3230,188420700
08/06/2020,3250,3290,3220,3230,221641600
09/06/2020,3250,3270,3140,3140,171214500
10/06/2020,3150,3190,3100,3110,263483700
11/06/2020,3120,3150,3060,3080,175767800
12/06/2020,3080,3080,2970,3030,260087300
15/06/2020,3060,3150,3030,3090,241625700
16/06/2020,3150,3220,3130,3200,194424800
17/06/2020,3210,3230,3140,3210,177784900
18/06/2020,3210,3350,3180,3280,235586600
19/06/2020,3300,3340,3250,3280,227358800
22/06/2020,3290,3300,3180,3200,159776500
23/06/2020,3200,3200,3120,3130,167271000
24/06/2020,3150,3230,3140,3180,170895600
25/06/2020,3160,3220,3140,3160,100882600
26/06/2020,3190,3220,3180,3190,100784500
29/06/2020,3200,3250,3160,3180,156613200
30/06/2020,3090,3100,3050,3050,258068400
01/07/2020,3070,3100,3010,3040,148037400
02/07/2020,3040,3140,3040,3140,178357900
03/07/2020,3150,3180,3110,3120,102033100
06/07/2020,3130,3150,3040,3050,248572600
07/07/2020,3060,3120,3050,3120,169104200
08/07/2020,3130,3160,3110,3150,158166300
09/07/2020,3170,3190,3110,3110,125940800
10/07/2020,3110,3130,3100,3110,95422400
13/07/2020,3120,3130,3080,3090,77733900
14/07/2020,3100,3110,3070,3080,111442600
15/07/2020,3120,3130,3080,3090,102304100
16/07/2020,3090,3110,3080,3100,91951000
17/07/2020,3100,3110,3060,3060,112416300
20/07/2020,3080,3080,3040,3060,64735500
21/07/2020,3050,3110,3050,3060,101283800
22/07/2020,3070,3090,3060,3070,69462100
23/07/2020,3070,3090,3060,3070,70482100
24/07/2020,3080,3080,3020,3020,137265100
27/07/2020,3020,3050,3020,3040,58708800
28/07/2020,3050,3050,3010,3020,102705300
29/07/2020,3030,3050,3000,3000,114352000
30/07/2020,3040,3050,3000,3050,95785000
03/08/2020,3060,3060,2850,2920,255659800
04/08/2020,2970,2970,2920,2950,96018000
05/08/2020,2960,3040,2920,3020,120719100
06/08/2020,3050,3050,3000,3020,71699000
07/08/2020,3020,3030,2970,2980,78347200
10/08/2020,3000,3020,2970,2970,65485400
11/08/2020,2980,3000,2930,2930,175693000
12/08/2020,2930,2960,2920,2950,110934800
13/08/2020,2950,3020,2950,3010,160906600
14/08/2020,3020,3040,3000,3030,93007500
18/08/2020,3030,3060,3000,3050,139358500
19/08/2020,3050,3050,3000,3000,103980600
24/08/2020,3010,3020,2990,3000,76713900
25/08/2020,3010,3010,2980,2980,100013600
26/08/2020,2980,3050,2980,3020,122465300
27/08/2020,3020,3040,2970,2990,102787800
28/08/2020,2990,2990,2940,2960,160569500
31/08/2020,2960,2980,2860,2860,204261100
01/09/2020,2900,2910,2860,2900,90565400
02/09/2020,2900,2970,2900,2950,107589800
03/09/2020,2950,2960,2880,2900,123106100
04/09/2020,2850,2890,2840,2860,143569100
07/09/2020,2870,2910,2870,2900,62206600
08/09/2020,2890,2900,2860,2860,80068200
09/09/2020,2850,2860,2800,2800,108397400
10/09/2020,2800,2800,2620,2700,287496300
11/09/2020,2670,2840,2650,2810,197756800
14/09/2020,2830,2890,2820,2890,127562700
15/09/2020,2890,2900,2810,2830,106215900
16/09/2020,2810,2830,2770,2790,68113400
17/09/2020,2810,2850,2780,2820,97257400
18/09/2020,2850,2890,2840,2890,162116700
21/09/2020,2890,2910,2800,2810,100305100
22/09/2020,2790,2810,2750,2780,75891600
23/09/2020,2770,2810,2740,2800,85953300
24/09/2020,2750,2760,2710,2730,74516800
25/09/2020,2720,2740,2670,2690,180968900
28/09/2020,2710,2730,2660,2660,89256700
29/09/2020,2690,2690,2630,2630,155853900
30/09/2020,2630,2650,2540,2560,235611600
01/10/2020,2600,2760,2600,2750,225006000
02/10/2020,2750,2750,2650,2680,140161900
05/10/2020,2690,2710,2640,2650,124720200
06/10/2020,2680,2700,2620,2650,148977400
07/10/2020,2650,2670,2620,2660,110186000
08/10/2020,2670,2720,2650,2700,154587800
09/10/2020,2710,2750,2700,2730,109122300
12/10/2020,2750,2760,2710,2730,77479100
13/10/2020,2730,2740,2680,2730,97205500
14/10/2020,2730,2830,2710,2810,183236500
15/10/2020,2800,2850,2760,2780,138462900
16/10/2020,2780,2780,2720,2750,135175000
19/10/2020,2800,2810,2710,2710,187840500
20/10/2020,2710,2740,2670,2670,168211100
21/10/2020,2680,2710,2670,2680,142146300
22/10/2020,2670,2720,2650,2700,257179400
23/10/2020,2710,2720,2630,2630,166356000
26/10/2020,2630,2680,2630,2650,97523200
27/10/2020,2640,2690,2620,2620,146366600
02/11/2020,2590,2620,2550,2560,391510600
03/11/2020,2570,2590,2540,2580,188874000
04/11/2020,2600,2640,2580,2580,150678200
05/11/2020,2630,2810,2620,2770,369260400
06/11/2020,2800,2840,2750,2830,243865800
09/11/2020,2860,2900,2840,2880,208192700
10/11/2020,2950,2950,2860,2860,195337300
11/11/2020,2900,3100,2880,3080,480530200
12/11/2020,3080,3080,3010,3040,169609900
13/11/2020,3010,3010,2950,2990,186708800
16/11/2020,3040,3100,3020,3070,206145500
17/11/2020,3100,3270,3100,3220,527501800
18/11/2020,3200,3250,3160,3180,239122600
19/11/2020,3150,3220,3140,3170,185558800
20/11/2020,3190,3270,3180,3220,211892500
23/11/2020,3230,3340,3220,3320,260752200
24/11/2020,3350,3380,3330,3350,207503900
25/11/2020,3370,3390,3280,3280,253156200
26/11/2020,3280,3480,3280,3470,374185400
27/11/2020,3480,3500,3420,3460,163651600
30/11/2020,3460,3470,3220,3230,624142600
01/12/2020,3230,3320,3160,3240,277929200
02/12/2020,3270,3330,3240,3330,187276600
03/12/2020,3330,3360,3280,3300,121434200
04/12/2020,3270,3280,3210,3250,170418900
07/12/2020,3280,3330,3260,3330,175436900
08/12/2020,3350,3350,3290,3300,113775100
10/12/2020,3270,3290,3250,3260,229380200
11/12/2020,3270,3330,3250,3280,154365400
14/12/2020,3300,3340,3250,3320,281474900
15/12/2020,3320,3490,3290,3450,410175700
16/12/2020,3500,3640,3500,3610,455088400
17/12/2020,3610,3620,3520,3540,249797800
18/12/2020,3500,3540,3500,3510,187856600
21/12/2020,3530,3610,3510,3520,267970200
22/12/2020,3500,3540,3340,3360,311860000
23/12/2020,3350,3420,3240,3320,240067600
28/12/2020,3370,3460,3280,3430,178138100
29/12/2020,3500,3530,3400,3420,184525500
30/12/2020,3420,3420,3310,3310,150844500
04/01/2021,3320,3500,3310,3490,165339800
05/01/2021,3480,3480,3420,3470,157800700
06/01/2021,3470,3490,3330,3370,177877900
07/01/2021,3390,3450,3380,3390,140221900
08/01/2021,3450,3620,3440,3570,492643700
11/01/2021,3590,3640,3570,3600,271231200
12/01/2021,3600,3620,3500,3510,189779500
13/01/2021,3550,3550,3460,3480,162329300
14/01/2021,3480,3590,3470,3500,187448400
15/01/2021,3510,3540,3450,3480,133304300
18/01/2021,3480,3520,3430,3450,138913100
19/01/2021,3470,3490,3370,3410,144100700
20/01/2021,3420,3480,3380,3470,116098100
21/01/2021,3500,3520,3460,3480,81801900
22/01/2021,3420,3440,3360,3390,165024200
25/01/2021,3370,3410,3310,3370,118131800
26/01/2021,3360,3390,3260,3260,111414500
27/01/2021,3340,3380,3260,3380,159144700
28/01/2021,3280,3330,3230,3240,142648800
29/01/2021,3290,3290,3110,3110,191915100
01/02/2021,3130,3250,3040,3230,133929600
02/02/2021,3300,3330,3250,3270,114734600
03/02/2021,3250,3330,3220,3240,86433900
04/02/2021,3270,3330,3260,3290,80319500
05/02/2021,3320,3320,3270,3290,52630500
08/02/2021,3300,3370,3270,3280,96635600
09/02/2021,3250,3300,3180,3200,157479200
10/02/2021,3180,3220,3160,3190,125221400
11/02/2021,3220,3230,3170,3190,79940700
15/02/2021,3200,3260,3200,3220,88883300
16/02/2021,3200,3250,3190,3210,82026300
17/02/2021,3220,3250,3140,3150,121105300
18/02/2021,3190,3270,3180,3180,151200300
19/02/2021,3180,3220,3170,3210,63214600
22/02/2021,3210,3240,3170,3170,100425500
23/02/2021,3200,3480,3200,3470,354966200
24/02/2021,3490,3550,3460,3480,303017100
25/02/2021,3510,3570,3450,3490,226833000
26/02/2021,3450,3510,3410,3490,230007700
01/03/2021,3490,3510,3470,3490,91513500
02/03/2021,3490,3500,3440,3460,169061400
03/03/2021,3480,3480,3420,3440,82610700
04/03/2021,3420,3430,3350,3360,142322100
05/03/2021,3340,3370,3320,3320,128546000
08/03/2021,3360,3400,3330,3340,80094900
09/03/2021,3370,3390,3280,3290,110090800
10/03/2021,3340,3420,3310,3400,91631900
12/03/2021,3440,3480,3430,3450,100195200
15/03/2021,3440,3450,3380,3380,50077300
16/03/2021,3400,3410,3360,3360,60111200
17/03/2021,3410,3430,3370,3390,61701400
18/03/2021,3450,3480,3430,3450,101896400
19/03/2021,3410,3440,3380,3440,140000000
22/03/2021,3440,3440,3380,3380,53870300
23/03/2021,3390,3420,3350,3360,55323200
24/03/2021,3320,3390,3320,3370,67173200
25/03/2021,3400,3430,3380,3410,107607200
26/03/2021,3410,3500,3390,3490,106810400
29/03/2021,3470,3490,3400,3410,72214100
30/03/2021,3420,3430,3360,3380,66491800
31/03/2021,3380,3420,3330,3420,134671900
01/04/2021,3390,3440,3380,3390,73332000
05/04/2021,3430,3430,3370,3380,36029200
06/04/2021,3400,3410,3370,3370,40566400
07/04/2021,3410,3430,3380,3400,84754300
08/04/2021,3380,3400,3380,3390,59079700
09/04/2021,3390,3390,3360,3360,56861400
12/04/2021,3340,3390,3300,3310,79003200
13/04/2021,3340,3340,3300,3330,51300200
14/04/2021,3360,3360,3320,3340,52587500
15/04/2021,3340,3360,3320,3360,65669100
16/04/2021,3370,3370,3320,3360,52517800
19/04/2021,3330,3360,3330,3340,44899700
20/04/2021,3330,3350,3300,3320,55700100
21/04/2021,3290,3330,3280,3280,47167800
22/04/2021,3290,3340,3290,3330,54970000
23/04/2021,3330,3330,3290,3310,39798400
26/04/2021,3280,3300,3250,3250,55076200
27/04/2021,3240,3250,3140,3160,166985400
28/04/2021,3160,3170,3130,3140,91596300
29/04/2021,3150,3210,3140,3200,111785100
30/04/2021,3220,3260,3200,3200,143840800
03/05/2021,3200,3210,3130,3170,124724400
04/05/2021,3180,3210,3170,3210,60180600
05/05/2021,3210,3210,3180,3200,76480300
06/05/2021,3200,3200,3150,3190,91955600
07/05/2021,3200,3220,3180,3190,98099900
10/05/2021,3190,3200,3160,3170,104121900
11/05/2021,3170,3200,3150,3180,94281900
17/05/2021,3190,3190,3150,3190,114071400
18/05/2021,3190,3190,3150,3180,77310400
19/05/2021,3150,3220,3150,3160,48958100
20/05/2021,3190,3320,3180,3310,197430900
21/05/2021,3340,3350,3270,3270,104101400
24/05/2021,3290,3330,3220,3260,64347100
25/05/2021,3290,3320,3270,3300,62218300
27/05/2021,3350,3400,3330,3380,233551300
28/05/2021,3380,3400,3260,3270,87439800
31/05/2021,3300,3460,3300,3440,155768200
02/06/2021,3490,3500,3420,3450,108933400
03/06/2021,3420,3490,3420,3490,77627900
04/06/2021,3490,3510,3450,3500,70624200
07/06/2021,3540,3570,3500,3550,124440300
08/06/2021,3550,3550,3470,3500,132409400
09/06/2021,3340,3400,3310,3390,112204200
10/06/2021,3350,3500,3340,3480,137713700
11/06/2021,3490,3500,3420,3470,82336600
14/06/2021,3460,3470,3400,3410,46016500
15/06/2021,3410,3440,3380,3440,60528600
16/06/2021,3380,3430,3380,3410,39149800
17/06/2021,3370,3420,3350,3350,50286100
18/06/2021,3350,3400,3290,3350,168414300
21/06/2021,3280,3340,3260,3300,74248200
22/06/2021,3300,3370,3290,3300,89349200
23/06/2021,3310,3420,3310,3370,81901000
24/06/2021,3330,3360,3240,3250,101334200
25/06/2021,3250,3300,3240,3250,58330700
28/06/2021,3250,3260,3170,3170,66338900
29/06/2021,3190,3260,3150,3160,123411200
30/06/2021,3150,3180,3130,3150,142204500
01/07/2021,3160,3170,3090,3110,143665900
02/07/2021,3110,3130,3060,3070,161855700
05/07/2021,3070,3090,3010,3040,133815000
06/07/2021,3050,3070,3000,3010,151573500
07/07/2021,3030,3070,3010,3030,110215500
08/07/2021,3060,3060,3000,3010,132576600
09/07/2021,3040,3170,3030,3160,222916400
12/07/2021,3190,3190,3110,3130,86268000
13/07/2021,3160,3160,3050,3070,82856600
14/07/2021,3050,3070,3020,3060,84993400
15/07/2021,3110,3140,3080,3130,88092800
16/07/2021,3140,3170,3110,3170,63626300
19/07/2021,3160,3230,3150,3220,116219500
21/07/2021,3190,3240,3180,3210,115099400
22/07/2021,3210,3260,3210,3260,48865700
23/07/2021,3250,3250,3150,3170,67128400
26/07/2021,3140,3200,3140,3190,55525800
27/07/2021,3210,3270,3160,3270,62673400
28/07/2021,3250,3250,3150,3190,103282300
29/07/2021,3210,3290,3200,3230,126542400
30/07/2021,3200,3290,3200,3240,95143100
02/08/2021,3240,3310,3210,3310,60368200
03/08/2021,3310,3360,3290,3330,89712500
04/08/2021,3330,3370,3310,3370,63108600
05/08/2021,3360,3400,3320,3340,89742800
06/08/2021,3360,3380,3310,3320,31664200
09/08/2021,3260,3300,3220,3250,70299500
10/08/2021,3240,3270,3190,3230,57658000
12/08/2021,3260,3350,3240,3350,93133400
13/08/2021,3370,3380,3260,3300,59903600
16/08/2021,3300,3340,3290,3340,38661800
18/08/2021,3360,3440,3350,3420,162921300
19/08/2021,3410,3430,3360,3390,100851800
20/08/2021,3390,3430,3370,3400,113411000
23/08/2021,3420,3440,3400,3440,64122400
24/08/2021,3410,3420,3310,3400,69338100
25/08/2021,3390,3390,3330,3370,66618200
26/08/2021,3330,3360,3320,3360,55756100
27/08/2021,3370,3370,3310,3320,62419000
30/08/2021,3330,3400,3330,3400,64177700
31/08/2021,3400,3420,3360,3400,130019000
01/09/2021,3420,3420,3330,3340,85135200
02/09/2021,3350,3390,3350,3370,51633800
03/09/2021,3400,3420,3370,3390,65479800
06/09/2021,3410,3410,3380,3390,52640400
07/09/2021,3410,3410,3360,3380,42617400
08/09/2021,3400,3400,3310,3330,80636800
09/09/2021,3360,3390,3330,3390,82214400
10/09/2021,3380,3390,3320,3330,52115300
13/09/2021,3310,3350,3300,3350,45547200
14/09/2021,3380,3450,3350,3440,166002100
15/09/2021,3430,3450,3410,3450,73158300
16/09/2021,3470,3470,3400,3440,58318700
17/09/2021,3400,3530,3390,3530,117573100
20/09/2021,3500,3520,3460,3520,83985100
21/09/2021,3500,3560,3480,3530,95848100
22/09/2021,3530,3590,3520,3590,66835200
23/09/2021,3600,3610,3550,3560,104737500
24/09/2021,3560,3580,3540,3560,72224500
27/09/2021,3530,3560,3480,3520,87303000
28/09/2021,3510,3540,3490,3530,54671700
29/09/2021,3490,3540,3490,3530,53170100
30/09/2021,3550,3690,3540,3690,153853900
01/10/2021,3680,3690,3610,3660,109898400
04/10/2021,3620,3670,3600,3670,82205100
05/10/2021,3670,3680,3620,3670,140488300
06/10/2021,3690,3770,3650,3760,153535700
07/10/2021,3720,3740,3690,3720,56837600
08/10/2021,3730,3800,3720,3800,91361800
11/10/2021,3800,3850,3770,3810,78865000
12/10/2021,3780,3840,3770,3780,69866300
13/10/2021,3750,3820,3750,3770,87143900
14/10/2021,3770,3830,3770,3830,95817900
15/10/2021,3840,3840,3750,3810,69707700
18/10/2021,3840,3840,3790,3790,78580700
19/10/2021,3750,3800,3720,3740,61095700
21/10/2021,3780,3880,3760,3850,169659500
22/10/2021,3860,3880,3820,3870,59640700
25/10/2021,3800,3840,3780,3780,58246300
26/10/2021,3800,3830,3780,3800,58615100
27/10/2021,3820,3830,3770,3790,52210100
28/10/2021,3820,3820,3710,3750,61151100
29/10/2021,3750,3810,3730,3800,70430900
01/11/2021,3810,3820,3700,3700,65447100
02/11/2021,3700,3710,3640,3660,170260000
03/11/2021,3620,3740,3620,3720,48810500
04/11/2021,3750,3780,3720,3770,53494200
05/11/2021,3760,3770,3710,3770,43133000
08/11/2021,3780,3780,3710,3750,58758600
09/11/2021,3730,3740,3680,3710,92427800
10/11/2021,3670,3720,3670,3700,53511200
11/11/2021,3700,3730,3640,3650,95789600
12/11/2021,3660,3660,3600,3600,115142400
15/11/2021,3600,3650,3600,3600,91001800
16/11/2021,3590,3680,3590,3670,99590700
17/11/2021,3690,3690,3600,3630,82023300
18/11/2021,3630,3640,3600,3630,53290400
19/11/2021,3660,3920,3660,3900,310615000
22/11/2021,3920,3930,3780,3800,206683100
23/11/2021,3800,3850,3780,3800,67778800
24/11/2021,3840,3840,3790,3800,67303800
25/11/2021,3880,4090,3850,4000,264897100
26/11/2021,4040,4050,3970,4010,231870300
29/11/2021,4010,4170,3980,4140,228774600
30/11/2021,4150,4170,3990,3990,435800600
01/12/2021,4040,4150,4020,4080,200699200
02/12/2021,4140,4190,4100,4160,116093100
03/12/2021,4130,4180,4050,4070,96760700
06/12/2021,4060,4250,4050,4170,106756900
07/12/2021,4180,4200,4120,4150,121543400
08/12/2021,4100,4120,4010,4090,113845600
09/12/2021,4090,4150,4080,4150,86985800
10/12/2021,4070,4150,4070,4150,90725000
13/12/2021,4150,4150,4080,4080,65533000
14/12/2021,4120,4120,4070,4100,75736900
15/12/2021,4060,4140,4060,4080,84424500
16/12/2021,4110,4150,4060,4100,98164300
17/12/2021,4010,4100,4010,4100,149615800
20/12/2021,4070,4110,4040,4080,72794200
21/12/2021,4110,4190,4100,4160,98039300
22/12/2021,4160,4170,4110,4110,50574500
23/12/2021,4110,4160,4100,4160,54508200
24/12/2021,4160,4170,4100,4110,29075600
27/12/2021,4150,4150,4070,4080,30748000
28/12/2021,4080,4130,4050,4090,39443300
29/12/2021,4100,4130,4080,4080,25596100
30/12/2021,4130,4130,4040,4040,50575100
03/01/2022,4060,4180,4050,4180,65937900
04/01/2022,4180,4200,4150,4170,42984700
05/01/2022,4150,4190,4030,4050,119584700
06/01/2022,4090,4120,4030,4120,89197500
07/01/2022,4120,4190,4090,4170,68415100
10/01/2022,4180,4190,4100,4100,44921200
11/01/2022,4120,4160,4090,4090,61890200
12/01/2022,4110,4140,4070,4110,45132700
13/01/2022,4170,4180,4110,4180,84148400
14/01/2022,4140,4190,4130,4190,28193100
17/01/2022,4200,4200,4140,4180,39816300
18/01/2022,4200,4250,4160,4250,112212200
19/01/2022,4260,4260,4230,4250,88713900
20/01/2022,4300,4300,4190,4220,100014500
21/01/2022,4240,4330,4190,4330,75534800
24/01/2022,4260,4310,4250,4300,70404500
25/01/2022,4310,4320,4250,4290,116353600
26/01/2022,4380,4390,4290,4390,127641400
27/01/2022,4400,4400,4260,4270,98613900
28/01/2022,4260,4300,4230,4260,61686700
31/01/2022,4210,4250,4190,4190,88735900
02/02/2022,4170,4200,4150,4170,144006000
03/02/2022,4200,4210,4160,4200,58212400
04/02/2022,4260,4260,4180,4230,98728700
07/02/2022,4230,4290,4210,4290,90285800
08/02/2022,4280,4280,4230,4230,71210400
09/02/2022,4280,4280,4210,4280,95375000
10/02/2022,4400,4470,4340,4460,233984700
11/02/2022,4500,4550,4410,4450,130081900
14/02/2022,4380,4400,4310,4400,104903700
15/02/2022,4400,4440,4360,4410,75305900
16/02/2022,4420,4460,4380,4400,90121200
17/02/2022,4400,4440,4360,4410,72970200
18/02/2022,4420,4440,4370,4400,71111300
21/02/2022,4370,4420,4340,4370,58883000
22/02/2022,4320,4360,4250,4300,106985800
23/02/2022,4280,4370,4270,4350,110562400
24/02/2022,4280,4320,4200,4240,126158600
25/02/2022,4240,4350,4240,4340,208757000
01/03/2022,4640,4650,4350,4350,206416900
02/03/2022,4400,4400,4270,4290,152165300
04/03/2022,4440,4440,4300,4400,155369100
07/03/2022,4400,4530,4370,4510,177360400
08/03/2022,4600,4700,4540,4620,234086000
09/03/2022,4550,4620,4420,4440,145145900
10/03/2022,4500,4500,4380,4410,130830800
11/03/2022,4410,4590,4400,4590,143446200
14/03/2022,4650,4670,4540,4580,166572700
15/03/2022,4630,4630,4570,4620,231077800
16/03/2022,4660,4660,4550,4630,109961900
17/03/2022,4550,4580,4450,4480,246300800
18/03/2022,4490,4540,4470,4540,210266100
21/03/2022,4550,4570,4520,4550,79691600
22/03/2022,4550,4580,4540,4550,98699900
23/03/2022,4550,4570,4500,4550,78299500
24/03/2022,4500,4570,4500,4560,89578400
25/03/2022,4510,4540,4480,4520,90053700
28/03/2022,4510,4600,4500,4600,184131000
29/03/2022,4600,4620,4560,4560,77920800
30/03/2022,4620,4620,4560,4580,118749100
31/03/2022,4620,4640,4560,4580,108109700
01/04/2022,4550,4580,4530,4580,86590300
04/04/2022,4560,4570,4490,4540,103480300
05/04/2022,4550,4550,4500,4520,52172300
06/04/2022,4490,4500,4420,4430,108368800
07/04/2022,4450,4540,4440,4540,143921800
08/04/2022,4580,4610,4560,4580,161974500
11/04/2022,4610,4610,4550,4590,90521500
12/04/2022,4620,4630,4580,4630,187948000
13/04/2022,4700,4720,4650,4690,196864200
14/04/2022,4700,4730,4660,4680,112735200
18/04/2022,4720,4730,4690,4710,120778200
19/04/2022,4740,4750,4680,4680,92268300
20/04/2022,4680,4690,4620,4630,88360900
21/04/2022,4620,4670,4600,4620,97575800
22/04/2022,4620,4680,4580,4620,101299100
25/04/2022,4610,4720,4580,4710,92045500
26/04/2022,4680,4760,4670,4760,85945800
27/04/2022,4720,4790,4720,4770,136485600
28/04/2022,4850,4850,4620,4620,198484800
09/05/2022,4560,4560,4300,4310,343682000
10/05/2022,4120,4380,4120,4340,281386300
11/05/2022,4400,4480,4330,4330,154455400
12/05/2022,4340,4390,4250,4300,233518500
13/05/2022,4250,4350,4230,4260,190889200
17/05/2022,4250,4290,4180,4180,170880700
18/05/2022,4230,4290,4190,4250,185359500
19/05/2022,4180,4230,4150,4210,112679300
20/05/2022,4220,4230,4170,4170,141701800
23/05/2022,4160,4180,4070,4110,196569900
24/05/2022,4120,4200,4120,4150,151693700
25/05/2022,4200,4210,4150,4200,166595400
27/05/2022,4260,4300,4210,4300,186513500
30/05/2022,4340,4340,4200,4250,107614100
31/05/2022,4270,4330,4230,4310,469620300
02/06/2022,4390,4390,4270,4290,164481100
03/06/2022,4310,4390,4300,4310,108852800
06/06/2022,4310,4340,4270,4340,79319400
07/06/2022,4340,4340,4250,4250,142504000
08/06/2022,4150,4170,4080,4100,202555900
09/06/2022,4080,4130,4050,4050,148580200
10/06/2022,4040,4080,4000,4020,189186700
13/06/2022,3950,4100,3930,4080,156054900
14/06/2022,4050,4120,4020,4110,117325600
15/06/2022,4060,4080,4030,4060,94848800
16/06/2022,4120,4120,4030,4040,96042200
17/06/2022,4010,4120,3980,4120,169375800
20/06/2022,4050,4060,4000,4040,82101200
21/06/2022,4060,4120,4030,4110,77489000
22/06/2022,4090,4090,4040,4050,60907800
23/06/2022,4030,4160,4030,4160,101065400
24/06/2022,4230,4230,4100,4150,81050700
27/06/2022,4110,4120,4040,4070,71574300
28/06/2022,4010,4050,4000,4030,128618800
29/06/2022,4000,4080,4000,4040,72888100
30/06/2022,4110,4110,4000,4000,116718900
01/07/2022,4010,4040,4000,4020,39572500
04/07/2022,4020,4040,3840,3990,115885200
05/07/2022,4010,4070,3950,3990,72329600
06/07/2022,4050,4050,3970,4020,62679000
07/07/2022,4040,4050,4010,4040,42393800
08/07/2022,4050,4060,4000,4010,64049000
11/07/2022,4100,4100,4000,4040,42258000
12/07/2022,4060,4060,4010,4010,43399800
13/07/2022,4010,4030,3930,3940,96218200
14/07/2022,3940,4020,3900,4020,68708500
15/07/2022,4040,4210,4010,4150,146093800
18/07/2022,4110,4190,4070,4190,84009400
19/07/2022,4190,4190,4130,4160,91367900
20/07/2022,4140,4220,4140,4210,82344000
21/07/2022,4210,4260,4180,4260,107234600
22/07/2022,4240,4240,4190,4230,59792300
25/07/2022,4240,4260,4220,4240,37218000
26/07/2022,4240,4250,4190,4250,49786900
27/07/2022,4230,4300,4210,4300,60672300
28/07/2022,4310,4320,4190,4240,110767300
29/07/2022,4280,4300,4210,4230,108823600
01/08/2022,4230,4300,4230,4300,104724300
02/08/2022,4350,4450,4250,4450,112228800
03/08/2022,4450,4590,4410,4500,251825000
04/08/2022,4450,4550,4450,4550,186881500
05/08/2022,4590,4650,4530,4650,268967200
08/08/2022,4700,4700,4650,4700,191023500
09/08/2022,4700,4700,4630,4640,164453900
10/08/2022,4530,4590,4490,4560,162061400
11/08/2022,4550,4610,4520,4570,123629000
12/08/2022,4570,4600,4530,4550,124552500
15/08/2022,4540,4570,4440,4450,136882800
16/08/2022,4530,4580,4410,4410,127710800
18/08/2022,4360,4550,4350,4550,182044300
19/08/2022,4560,4610,4460,4600,177623900
22/08/2022,4550,4660,4530,4650,202320400
23/08/2022,4680,4710,4610,4660,229431400
24/08/2022,4660,4770,4600,4750,189007900
25/08/2022,4680,4700,4560,4570,179495700
26/08/2022,4510,4540,4480,4490,184317100
29/08/2022,4370,4550,4360,4520,101529800
30/08/2022,4580,4620,4480,4480,118884300
31/08/2022,4420,4600,4420,4560,175300400
01/09/2022,4560,4650,4530,4580,120871700
02/09/2022,4540,4620,4540,4600,106985000
05/09/2022,4560,4630,4550,4620,77323800
06/09/2022,4610,4620,4510,4510,61970100
07/09/2022,4500,4560,4480,4490,106145700
08/09/2022,4500,4640,4500,4560,123389200
09/09/2022,4550,4600,4530,4600,50307800
12/09/2022,4600,4600,4530,4540,74820600
13/09/2022,4540,4560,4520,4520,91510200
14/09/2022,4490,4530,4460,4480,97919200
15/09/2022,4540,4600,4500,4500,125599900
16/09/2022,4500,4500,4410,4410,210277300
19/09/2022,4460,4560,4440,4500,116164500
20/09/2022,4530,4540,4480,4480,100743700
21/09/2022,4450,4470,4410,4430,91363200
22/09/2022,4400,4450,4380,4430,89922900
23/09/2022,4400,4430,4380,4380,95911400
26/09/2022,4390,4510,4300,4460,132185400
27/09/2022,4450,4470,4380,4440,123113800
28/09/2022,4430,4530,4400,4470,104385500
29/09/2022,4460,4500,4420,4440,90290400
30/09/2022,4400,4500,4390,4460,111482000
03/10/2022,4460,4470,4380,4460,77569100
04/10/2022,4460,4510,4430,4440,87832800
05/10/2022,4490,4540,4460,4460,61888400
06/10/2022,4460,4480,4420,4430,60464300
07/10/2022,4400,4430,4350,4350,102570000
10/10/2022,4340,4420,4330,4420,72389100
11/10/2022,4360,4380,4310,4310,108794500
12/10/2022,4300,4350,4280,4340,107938600
13/10/2022,4330,4350,4290,4300,70034500
14/10/2022,4360,4360,4290,4290,68096300
17/10/2022,4200,4330,4200,4330,90321700
18/10/2022,4310,4340,4250,4250,72516000
19/10/2022,4220,4300,4200,4200,65848300
20/10/2022,4200,4350,4200,4350,165391500
21/10/2022,4300,4390,4300,4360,79825700
24/10/2022,4380,4450,4380,4410,76777200
25/10/2022,4430,4470,4390,4390,109154300
26/10/2022,4420,4430,4330,4370,97320500
27/10/2022,4390,4410,4340,4370,80270300
28/10/2022,4420,4450,4380,4450,91101500
31/10/2022,4460,4460,4360,4390,162753500
01/11/2022,4420,4420,4360,4420,108592900
02/11/2022,4400,4420,4220,4220,217855200
03/11/2022,4140,4170,4050,4130,231475000
04/11/2022,4070,4210,4070,4210,201183100
07/11/2022,4250,4280,4160,4280,129868800
08/11/2022,4270,4280,4200,4220,110546800
09/11/2022,4200,4230,4180,4190,145833200
10/11/2022,4110,4210,4110,4170,81249200
11/11/2022,4160,4180,4140,4150,227799300
14/11/2022,4090,4120,4030,4050,188771200
15/11/2022,4050,4080,4030,4050,88570400
16/11/2022,4000,4070,3960,4050,149512300
17/11/2022,4020,4070,4020,4040,68616700
18/11/2022,4070,4080,4010,4010,115907900
21/11/2022,4020,4060,4010,4030,45277400
22/11/2022,4020,4040,4000,4000,83888300
23/11/2022,3990,4030,3970,3970,95750400
24/11/2022,3980,4040,3980,4030,50741600
25/11/2022,4010,4040,3980,4030,73305800
28/11/2022,4030,4040,3980,3980,94063100
29/11/2022,3980,4020,3980,3980,94389800
30/11/2022,3970,4050,3970,4040,585687400
01/12/2022,4020,4040,3960,3960,230066600
02/12/2022,3950,4020,3930,4000,113336600
05/12/2022,3980,3990,3820,3840,148751200
06/12/2022,3640,3720,3580,3600,416468700
07/12/2022,3600,3700,3570,3680,278572200
08/12/2022,3700,3780,3620,3740,245646400
09/12/2022,3680,3720,3630,3650,164606100
12/12/2022,3670,3710,3640,3700,170545000
13/12/2022,3690,3790,3680,3750,231127000
14/12/2022,3820,3820,3740,3750,107175700
15/12/2022,3680,3720,3670,3670,143233600
16/12/2022,3610,3740,3610,3680,310944500
19/12/2022,3740,3790,3680,3720,119137700
20/12/2022,3730,3750,3700,3720,55351300
21/12/2022,3690,3790,3670,3790,98741000
22/12/2022,3800,3810,3740,3750,68702100
23/12/2022,3710,3780,3700,3780,45179400
26/12/2022,3780,3800,3730,3750,19216700
27/12/2022,3770,3840,3750,3810,49816500
28/12/2022,3800,3810,3710,3730,65006300
29/12/2022,3720,3790,3710,3780,51703500
30/12/2022,3760,3800,3750,3750,79677300
02/01/2023,3750,3800,3750,3800,7959900
03/01/2023,3790,3890,3770,3860,64235000
04/01/2023,3840,3860,3810,3820,56785600
05/01/2023,3800,3820,3720,3770,135167000
06/01/2023,3750,3770,3710,3710,65207400
09/01/2023,3730,3790,3730,3790,46616400
10/01/2023,3810,3850,3750,3830,80009900
11/01/2023,3820,3900,3790,3870,75139300
12/01/2023,3790,3900,3780,3860,105775500
13/01/2023,3820,3860,3770,3780,85780600
16/01/2023,3780,3850,3780,3850,58918700
17/01/2023,3870,3990,3860,3950,132256600
18/01/2023,4010,4010,3900,3930,94772000
19/01/2023,3900,3980,3880,3890,109555200
20/01/2023,3910,3920,3850,3870,88457800
24/01/2023,3890,3910,3850,3850,45504900
25/01/2023,3850,3880,3810,3840,80575100
26/01/2023,3850,4000,3850,3970,117238000
27/01/2023,3970,3990,3950,3960,100769500
30/01/2023,3960,3970,3910,3960,59425300
31/01/2023,3940,3950,3850,3850,179726700
01/02/2023,3850,3900,3840,3870,70997300
02/02/2023,3850,3900,3840,3890,78852300
03/02/2023,3910,3920,3870,3880,55154800
06/02/2023,3860,3910,3850,3880,58861300
07/02/2023,3880,3880,3800,3800,76254900
08/02/2023,3800,3850,3790,3840,65856500
09/02/2023,3840,3840,3760,3770,91337300
10/02/2023,3750,3800,3690,3800,88759600
13/02/2023,3800,3810,3750,3790,69004400
14/02/2023,3830,3830,3760,3800,80331100
15/02/2023,3810,3820,3730,3790,59028200
16/02/2023,3800,3800,3750,3770,49869900
17/02/2023,3770,3770,3720,3760,50369000
20/02/2023,3760,3820,3760,3820,57438900
21/02/2023,3850,3870,3830,3840,63880300
22/02/2023,3850,3870,3800,3860,48505600
23/02/2023,3950,3970,3890,3970,109147100
24/02/2023,4000,4040,3950,4040,142165700
27/02/2023,3990,4000,3920,3960,66461600
28/02/2023,3930,3970,3880,3880,115766900
01/03/2023,3930,3990,3910,3930,47395200
02/03/2023,3900,3930,3880,3880,43208800
03/03/2023,3880,3920,3870,3900,49796000
06/03/2023,3940,3950,3870,3880,50103800
07/03/2023,3890,3910,3850,3880,59086800
08/03/2023,3850,3940,3850,3940,78551000
09/03/2023,3970,4000,3960,3970,68725500
10/03/2023,3960,4020,3930,4010,76136200
13/03/2023,4020,4090,3980,4070,104663300
14/03/2023,4030,4090,4000,4020,111430100
15/03/2023,4050,4050,3990,4010,65025400
16/03/2023,4040,4060,3980,4050,96707900
17/03/2023,4090,4100,4030,4050,232270900
20/03/2023,4050,4050,3940,3990,105982700
21/03/2023,4000,4120,4000,4120,88808200
24/03/2023,4100,4120,4060,4070,96214700
27/03/2023,4100,4120,4030,4050,71556400
28/03/2023,4100,4100,4030,4050,87955300
29/03/2023,4090,4120,4070,4100,113504700
30/03/2023,4050,4130,4040,4090,87690800
31/03/2023,4110,4120,4040,4060,93699000
03/04/2023,4100,4100,4070,4080,56896200
04/04/2023,4080,4100,4040,4060,82969200
05/04/2023,4100,4170,4080,4150,70419100
06/04/2023,4200,4270,4170,4250,125329700
10/04/2023,4250,4300,4190,4300,85757900
11/04/2023,4290,4300,4250,4300,84322900
12/04/2023,4320,4350,4260,4310,178923700
13/04/2023,4340,4350,4290,4340,119431600
14/04/2023,4340,4360,4320,4340,117305500
17/04/2023,4340,4340,4250,4270,59688000
18/04/2023,4240,4280,4230,4270,65644600
26/04/2023,4480,4500,4330,4400,198984100
27/04/2023,4450,4450,4300,4320,58407000
28/04/2023,4270,4320,4220,4250,112116900
02/05/2023,4210,4220,4130,4190,117097400
03/05/2023,4200,4200,4080,4150,158597800
04/05/2023,4170,4190,4140,4150,98421300
05/05/2023,4160,4170,4080,4170,113408100
08/05/2023,4170,4180,4040,4060,121002600
09/05/2023,4050,4090,4030,4070,105907900
10/05/2023,4050,4130,4040,4130,84306600
11/05/2023,4100,4120,4060,4090,74171300
12/05/2023,4050,4050,3950,3980,236777600
15/05/2023,3990,3990,3930,3980,113329300
16/05/2023,4020,4020,3940,3980,68777200
17/05/2023,3980,4020,3960,3990,83183300
19/05/2023,3990,4060,3970,4020,95986000
22/05/2023,4000,4080,3980,4040,115578100
23/05/2023,4030,4080,4030,4040,132751000
24/05/2023,4020,4200,4020,4160,194127500
25/05/2023,4190,4220,4120,4120,122121000
26/05/2023,4140,4160,4110,4130,62211800
29/05/2023,4120,4200,4090,4200,77540300
30/05/2023,4140,4190,4120,4120,78924700
31/05/2023,4120,4160,4040,4040,1155861400
05/06/2023,4060,4130,4020,4080,189129300
06/06/2023,4090,4130,4050,4090,95792700
07/06/2023,4100,4150,4080,4150,127707400
08/06/2023,4160,4180,4120,4170,78989700
09/06/2023,4170,4170,4140,4150,83014700
12/06/2023,4040,4050,4010,4050,94687300
13/06/2023,4040,4060,4030,4030,69609000
14/06/2023,4020,4040,3990,4000,110730800
15/06/2023,3990,4040,3980,4020,85391800
16/06/2023,4020,4030,3960,3970,160978900
19/06/2023,3960,3990,3950,3960,54934100
20/06/2023,3980,3990,3950,3990,55155600
21/06/2023,3970,3980,3950,3980,60191300
22/06/2023,3980,3990,3940,3940,56150900
23/06/2023,3940,3960,3940,3950,41812400
26/06/2023,3940,3990,3940,3990,36011500
27/06/2023,4030,4030,3990,4000,64879900
03/07/2023,4030,4030,3970,4000,75193200
04/07/2023,4000,4010,3970,3970,33974300
05/07/2023,3970,3980,3950,3980,43303000
06/07/2023,3970,3990,3960,3960,68088900
07/07/2023,3960,3980,3950,3960,50474800
10/07/2023,3960,3980,3940,3950,65643300
11/07/2023,3950,3990,3950,3980,89768500
12/07/2023,3980,4010,3970,3980,73770400
13/07/2023,3960,3970,3910,3920,83009900
14/07/2023,3960,3960,3920,3930,64886900
17/07/2023,3950,3970,3910,3910,81399700
18/07/2023,3930,3930,3820,3850,135860500
20/07/2023,3820,3860,3810,3850,88907600
21/07/2023,3840,3870,3840,3860,53955100
24/07/2023,3880,3930,3870,3900,80710100
25/07/2023,3920,3920,3880,3880,66434400
26/07/2023,3890,3900,3830,3880,86732900
27/07/2023,3840,3860,3720,3720,235026400
28/07/2023,3710,3750,3690,3720,181626700
31/07/2023,3700,3750,3670,3720,153583300
01/08/2023,3700,3780,3700,3750,97680500
02/08/2023,3740,3740,3680,3690,121333500
03/08/2023,3670,3760,3670,3720,82013300
04/08/2023,3720,3730,3690,3690,67746800
07/08/2023,3700,3720,3680,3680,94909700
08/08/2023,3680,3760,3680,3730,116329400
09/08/2023,3750,3800,3740,3770,129416100
10/08/2023,3800,3830,3800,3800,140158900
11/08/2023,3830,3840,3790,3810,109714400
14/08/2023,3810,3830,3760,3830,86871800
15/08/2023,3800,3830,3800,3820,80015200
16/08/2023,3790,3830,3750,3830,81507800
18/08/2023,3790,3800,3760,3760,108780100
21/08/2023,3760,3780,3720,3740,64449000
22/08/2023,3740,3780,3730,3750,98059600
23/08/2023,3750,3770,3730,3740,84842500
24/08/2023,3730,3770,3720,3720,82789700
25/08/2023,3700,3730,3700,3720,42049200
28/08/2023,3730,3740,3700,3700,37727500
29/08/2023,3700,3720,3700,3720,53453600
30/08/2023,3730,3850,3720,3810,130027200
31/08/2023,3810,3820,3700,3730,227635800
01/09/2023,3710,3740,3710,3720,82253200
04/09/2023,3720,3750,3710,3730,55881900
05/09/2023,3730,3750,3710,3740,62933300
06/09/2023,3750,3810,3740,3790,98673400
07/09/2023,3780,3790,3730,3760,63054500
08/09/2023,3770,3770,3670,3690,143090100
11/09/2023,3710,3710,3680,3700,76577500
12/09/2023,3700,3740,3700,3710,72170600
13/09/2023,3720,3720,3670,3710,82635900
14/09/2023,3710,3720,3680,3680,55532900
15/09/2023,3680,3780,3670,3720,147757300
18/09/2023,3700,3720,3680,3680,40645900
19/09/2023,3690,3740,3690,3730,38375000
20/09/2023,3740,3850,3740,3810,171751900
21/09/2023,3810,3840,3790,3810,94880700
22/09/2023,3830,3880,3810,3860,101185700
25/09/2023,3810,3830,3770,3770,125817700
26/09/2023,3770,3800,3750,3760,74734500
27/09/2023,3750,3780,3720,3720,83337700
29/09/2023,3730,3800,3730,3750,66219300
02/10/2023,3750,3780,3730,3750,71945000
03/10/2023,3750,3800,3740,3770,61155100
04/10/2023,3800,3800,3740,3780,77527700
05/10/2023,3790,3800,3720,3720,81258900
06/10/2023,3780,3800,3770,3780,60156100
09/10/2023,3770,3780,3750,3760,37711400
10/10/2023,3780,3820,3770,3810,51167900
11/10/2023,3780,3810,3780,3780,83154300
12/10/2023,3820,3870,3800,3830,101645100
13/10/2023,3820,3850,3810,3850,48856500
16/10/2023,3850,3850,3740,3760,117472800
17/10/2023,3780,3810,3770,3790,57046900
18/10/2023,3770,3780,3730,3750,64910600
19/10/2023,3730,3760,3720,3730,62296900
20/10/2023,3720,3730,3690,3700,38978200
23/10/2023,3710,3720,3610,3610,69428400
24/10/2023,3640,3670,3600,3650,67041700
25/10/2023,3650,3680,3580,3600,89567900
26/10/2023,3600,3610,3460,3480,141139700
27/10/2023,3480,3530,3440,3500,99607000
30/10/2023,3500,3500,3390,3420,82945500
31/10/2023,3400,3510,3400,3490,66801600
01/11/2023,3600,3700,3600,3620,154441100
02/11/2023,3690,3690,3620,3620,69582500
03/11/2023,3590,3630,3540,3570,85146800
06/11/2023,3610,3650,3600,3650,66902400
07/11/2023,3600,3610,3550,3570,103642200
08/11/2023,3520,3540,3500,3520,103415400
09/11/2023,3500,3570,3500,3530,96594900
10/11/2023,3520,3550,3490,3550,48619500
13/11/2023,3570,3570,3510,3520,37975400
14/11/2023,3500,3540,3500,3500,45987000
15/11/2023,3520,3570,3520,3550,114104500
16/11/2023,3550,3550,3510,3540,41789400
17/11/2023,3530,3550,3480,3550,55585600
20/11/2023,3560,3600,3540,3590,39932700
21/11/2023,3590,3620,3580,3620,68255800
22/11/2023,3610,3630,3590,3610,34555300
23/11/2023,3610,3630,3590,3600,57385100
24/11/2023,3600,3620,3570,3620,34583700
27/11/2023,3640,3730,3640,3680,73888700
28/11/2023,3680,3800,3680,3770,106829100
29/11/2023,3750,3770,3700,3720,56467400
30/11/2023,3750,3820,3740,3760,258522400
01/12/2023,3790,3840,3790,3830,81037200
04/12/2023,3840,3860,3780,3810,118483900
05/12/2023,3830,3850,3800,3850,74608900
06/12/2023,3900,3950,3870,3920,149345100
07/12/2023,3950,3950,3880,3910,91076200
08/12/2023,3940,3940,3900,3940,61476300
11/12/2023,3870,3980,3850,3980,99365500
12/12/2023,3940,3950,3890,3910,58707700
13/12/2023,3870,3920,3870,3920,54386800
14/12/2023,3880,3960,3880,3940,70705300
15/12/2023,3940,3980,3900,3980,109064200
18/12/2023,3940,3970,3930,3970,60940400
19/12/2023,3950,3970,3940,3970,32984500
20/12/2023,3960,3990,3960,3960,59574800
21/12/2023,3960,3970,3930,3950,48242100
22/12/2023,3980,3980,3950,3960,28222700
27/12/2023,3990,4000,3920,3940,73157200
28/12/2023,3960,3970,3940,3960,34024400
29/12/2023,3960,3980,3940,3950,27497600
02/01/2024,3950,3990,3940,3990,23774100
03/01/2024,3990,3990,3950,3960,22018500
04/01/2024,3980,3990,3960,3970,33922400
05/01/2024,3950,3970,3880,3890,69268000
08/01/2024,3890,3920,3860,3890,61064100
09/01/2024,3930,3980,3920,3960,64015400
10/01/2024,4000,4030,3980,4000,99083600
11/01/2024,4040,4040,3990,3990,36333300
12/01/2024,3970,4010,3970,4010,53685600
15/01/2024,4040,4040,3980,4000,38339500
16/01/2024,4020,4030,3980,4010,44782300
17/01/2024,4000,4010,3970,3990,62728400
18/01/2024,3990,4010,3930,3950,73029300
19/01/2024,3950,3960,3890,3940,67016100
22/01/2024,3980,4010,3960,3980,50643700
23/01/2024,4000,4010,3910,3950,72595400
24/01/2024,3950,3980,3930,3970,38732000
25/01/2024,3980,4000,3960,3980,58541300
26/01/2024,3940,3990,3930,3980,65272600
29/01/2024,4000,4010,3970,4010,59150000
30/01/2024,4000,4020,3980,4000,66906900
31/01/2024,4000,4020,3960,3960,100403700
01/02/2024,3970,4050,3970,4040,105414400
02/02/2024,4030,4030,3930,3990,96180000
05/02/2024,4010,4010,3970,3980,57789500
06/02/2024,3970,4000,3970,3980,65167500
07/02/2024,4010,4020,3980,3980,53084600
12/02/2024,4000,4020,3970,4000,85763200
13/02/2024,4010,4010,3980,3980,52020300
15/02/2024,4040,4080,3980,4030,129347900
16/02/2024,4050,4160,4050,4160,244064200
19/02/2024,4130,4170,4130,4160,82867500
20/02/2024,4200,4210,4160,4210,267636700
21/02/2024,4190,4240,4070,4180,152787100
22/02/2024,4130,4150,4070,4090,93555100
23/02/2024,4070,4100,4040,4100,87665800
26/02/2024,4060,4100,4050,4090,55761700
27/02/2024,4050,4060,3990,3990,119637000
28/02/2024,3980,4020,3950,3990,77255300
29/02/2024,4020,4040,3950,4000,157431900
01/03/2024,3950,3990,3860,3920,139582000
04/03/2024,3960,3960,3900,3940,81580800
05/03/2024,3880,3900,3860,3870,100671500
06/03/2024,3870,3920,3860,3900,83251500
07/03/2024,3900,3930,3900,3900,86888100
08/03/2024,3900,3910,3840,3860,101556500
13/03/2024,3910,3910,3890,3900,106191400
14/03/2024,3930,3980,3920,3960,122570700
15/03/2024,4000,4000,3900,3970,184885900
18/03/2024,3960,3970,3920,3920,57508300
19/03/2024,3980,3980,3940,3940,51629700
20/03/2024,3910,3940,3910,3930,84777400
21/03/2024,3930,3960,3890,3890,81520900
22/03/2024,3900,3920,3890,3900,44501700
25/03/2024,3890,3890,3700,3730,313394400
26/03/2024,3680,3680,3610,3620,354086400
27/03/2024,3610,3630,3490,3490,496202800
28/03/2024,3470,3520,3430,3470,258985200
01/04/2024,3480,3520,3420,3510,248116300
02/04/2024,3460,3500,3410,3490,233017700
03/04/2024,3450,3490,3420,3420,150265700
04/04/2024,3410,3460,3410,3450,205184000
05/04/2024,3440,3450,3420,3430,116051700
16/04/2024,3260,3280,3150,3220,490658200
17/04/2024,3220,3240,3200,3200,187876400
18/04/2024,3190,3310,3110,3250,337490100
19/04/2024,3230,3230,3130,3150,149997000
22/04/2024,3150,3200,3130,3170,140971800
23/04/2024,3180,3190,3080,3100,312052300
24/04/2024,3100,3110,3040,3040,327330800
25/04/2024,3010,3060,2990,3040,369525200
26/04/2024,2980,3060,2960,3030,442527900
29/04/2024,3030,3090,3010,3080,172773600
30/04/2024,3120,3200,3110,3170,273121800
02/05/2024,3170,3200,3120,3120,157637100
03/05/2024,3180,3180,3120,3160,127945300
06/05/2024,3180,3200,3040,3050,221330900
07/05/2024,3070,3110,3060,3090,124914600
08/05/2024,3130,3150,3050,3080,120622600
13/05/2024,3070,3100,3040,3090,133048300
14/05/2024,3100,3120,3080,3120,104126800
15/05/2024,3120,3130,3070,3100,149143600
16/05/2024,2960,3050,2960,3010,196239200
17/05/2024,3050,3050,2980,2990,120345300
20/05/2024,2950,3000,2950,2990,215877500
21/05/2024,2990,2990,2920,2950,138864400
22/05/2024,2980,2980,2910,2940,145109200
27/05/2024,2900,2920,2780,2810,246979600
28/05/2024,2810,2880,2810,2860,113093300
29/05/2024,2850,2860,2810,2810,148952900
30/05/2024,2810,2870,2720,2810,253471800
31/05/2024,2840,2920,2810,2900,411324600
03/06/2024,2930,2970,2900,2930,124570400
04/06/2024,2980,3060,2940,3000,130203100
05/06/2024,3000,3080,3000,3060,141157300
06/06/2024,3100,3100,3030,3050,107996900
07/06/2024,3050,3090,3050,3050,67191100
10/06/2024,3050,3050,2980,3010,66983900
11/06/2024,2960,2980,2880,2880,172688100
12/06/2024,2890,2970,2890,2920,91584500
13/06/2024,2940,2940,2830,2840,95740000
14/06/2024,2820,2830,2700,2720,202750500
19/06/2024,2780,2850,2760,2830,128843500
20/06/2024,2850,2850,2800,2840,55434800
21/06/2024,2850,2960,2840,2950,184918000
24/06/2024,2930,2980,2910,2950,111618800
25/06/2024,2950,2990,2930,2990,89913400
26/06/2024,2990,3020,2980,3000,73994000
27/06/2024,3030,3030,2990,3030,70154600
28/06/2024,3030,3140,3030,3130,213539300
01/07/2024,3130,3130,3080,3090,134082800
02/07/2024,3070,3090,3030,3040,79024200
03/07/2024,3040,3050,3020,3030,51977100
04/07/2024,3000,3050,2960,2960,93100500
05/07/2024,2970,3020,2960,3020,69339200
08/07/2024,3040,3090,3000,3080,125004600
09/07/2024,3050,3120,3040,3080,118245600
10/07/2024,3090,3180,3090,3160,120007400
11/07/2024,3200,3200,3160,3180,126490000
12/07/2024,3230,3270,3210,3220,135830300
15/07/2024,3220,3220,3130,3160,100918500
16/07/2024,3180,3180,3090,3100,78769700
17/07/2024,3190,3270,3160,3250,167149300
18/07/2024,3260,3280,3190,3210,98903500
19/07/2024,3200,3210,3120,3140,138117200
22/07/2024,3180,3210,3090,3100,139383000
23/07/2024,3140,3160,3100,3160,74338000
24/07/2024,3140,3150,3040,3060,98752100
25/07/2024,3080,3090,3030,3090,67060000
26/07/2024,3110,3110,3060,3100,94900300
29/07/2024,3090,3120,3040,3050,90885600
30/07/2024,3000,3000,2880,2880,321472800
31/07/2024,2880,2920,2840,2880,207440800
01/08/2024,2890,2930,2880,2880,121021800
02/08/2024,2880,2880,2820,2850,105816800
05/08/2024,2820,2830,2760,2790,105246400
06/08/2024,2800,2840,2790,2790,98524200
07/08/2024,2800,2840,2790,2820,77263000
08/08/2024,2800,2880,2800,2850,99533000
09/08/2024,2860,2880,2830,2830,80800300
12/08/2024,2850,2910,2840,2870,62746600
13/08/2024,2900,2900,2840,2850,82063600
14/08/2024,2850,2890,2850,2860,70188800
15/08/2024,2870,2880,2820,2870,79724100
16/08/2024,2910,2990,2900,2960,207060000
19/08/2024,2960,2970,2910,2930,68692700
20/08/2024,2990,3000,2960,2980,100434600
21/08/2024,2980,3010,2960,2970,111842200
22/08/2024,2940,2970,2920,2920,90336300
23/08/2024,2970,3010,2950,2950,86092500
26/08/2024,2940,2990,2930,2980,88941900
27/08/2024,2990,3000,2950,2990,71223800
28/08/2024,3000,3000,2960,2980,68736300
29/08/2024,2980,3080,2980,3030,160714800
30/08/2024,3030,3070,3010,3060,195809000
02/09/2024,3090,3150,3080,3140,118928500
03/09/2024,3140,3150,3080,3080,82172000
04/09/2024,3060,3100,3040,3080,81041700
05/09/2024,3080,3090,3020,3020,78989400
06/09/2024,3010,3050,3010,3040,82391200
09/09/2024,3050,3080,3000,3030,69264400
10/09/2024,3060,3060,3020,3030,46436100
11/09/2024,3030,3050,3020,3040,62899600
12/09/2024,3060,3070,3050,3050,85785000
13/09/2024,3080,3120,3070,3110,125032200
17/09/2024,3120,3130,3080,3090,56181000
18/09/2024,3120,3130,3100,3120,87120700
19/09/2024,3140,3150,3120,3140,130418300
20/09/2024,3150,3170,3120,3150,152477400
23/09/2024,3150,3180,3130,3170,82274400
24/09/2024,3180,3180,3150,3160,92256900
25/09/2024,3100,3190,3060,3190,215241700
26/09/2024,3170,3180,3120,3170,120042500
27/09/2024,3130,3140,3010,3050,291217300
30/09/2024,3030,3030,2990,2990,150844800
01/10/2024,2990,3040,2990,3020,77208500
02/10/2024,2950,2980,2920,2920,124629400
03/10/2024,2950,2950,2890,2890,92510900
04/10/2024,2900,2930,2860,2880,76757200
07/10/2024,2910,2910,2870,2900,84507100
08/10/2024,2890,2990,2870,2990,135357200
09/10/2024,2980,3010,2960,2960,69435900
10/10/2024,2960,2980,2940,2950,57867000
11/10/2024,3000,3000,2920,2940,40454300
14/10/2024,2930,2970,2900,2900,66631500
15/10/2024,2920,2970,2910,2940,74529600
16/10/2024,2970,3000,2930,3000,163988000
17/10/2024,3000,3060,2980,3040,107040100
18/10/2024,3050,3130,3040,3100,138783600
21/10/2024,3100,3130,3060,3100,92240300
22/10/2024,3060,3070,3010,3010,93662500
23/10/2024,2940,2980,2930,2940,99423700
24/10/2024,2940,2960,2900,2900,72559000
25/10/2024,2900,2950,2900,2910,50694200
28/10/2024,2920,2940,2900,2920,38720700
29/10/2024,2910,2930,2880,2900,67727500
30/10/2024,2880,2900,2850,2900,123573100
31/10/2024,2860,2870,2820,2820,139590300
01/11/2024,2820,2840,2760,2780,99364500
04/11/2024,2780,2810,2750,2800,63112300
05/11/2024,2800,2810,2730,2770,96721100
06/11/2024,2780,2800,2740,2740,66808900
07/11/2024,2760,2790,2740,2760,79485800
08/11/2024,2760,2780,2750,2750,66113200
11/11/2024,2720,2730,2650,2690,108153500
12/11/2024,2660,2670,2600,2600,215910600
13/11/2024,2610,2630,2570,2580,142812600
14/11/2024,2550,2590,2530,2530,185269500
15/11/2024,2500,2580,2500,2540,103680400
18/11/2024,2540,2610,2520,2590,119481300
19/11/2024,2610,2850,2590,2780,275670300
20/11/2024,2740,2750,2640,2680,150242900
21/11/2024,2680,2810,2680,2770,128294600
22/11/2024,2750,2790,2720,2750,135265300
25/11/2024,2740,2780,2720,2740,358617100
26/11/2024,2770,2800,2680,2710,106721000
28/11/2024,2680,2750,2680,2720,102808400
29/11/2024,2700,2760,2700,2710,103162000
02/12/2024,2720,2730,2680,2680,66025900
03/12/2024,2760,2830,2710,2820,167603900
04/12/2024,2820,2850,2800,2840,83412800
05/12/2024,2840,2840,2730,2770,96025400
06/12/2024,2740,2780,2740,2760,48179800
09/12/2024,2760,2770,2730,2740,63671900
10/12/2024,2770,2830,2750,2770,124138200
11/12/2024,2770,2880,2770,2860,140611400
12/12/2024,2830,2850,2780,2820,66977700
13/12/2024,2770,2790,2750,2790,77540100
16/12/2024,2760,2760,2650,2660,147655600
17/12/2024,2630,2650,2600,2620,113785500
18/12/2024,2620,2660,2570,2570,79565300
19/12/2024,2510,2560,2500,2530,123504200
20/12/2024,2530,2570,2520,2550,110308800
23/12/2024,2580,2670,2580,2650,72113700
24/12/2024,2680,2750,2620,2740,117582400
27/12/2024,2770,2800,2710,2750,92727600
30/12/2024,2720,2760,2700,2710,74279200
02/01/2025,2710,2740,2680,2700,38776700
03/01/2025,2740,2770,2730,2750,49907500
06/01/2025,2760,2770,2660,2690,54087800
07/01/2025,2670,2680,2570,2570,109758000
08/01/2025,2590,2700,2590,2650,100688500
09/01/2025,2690,2700,2620,2620,55206700
10/01/2025,2640,2690,2630,2680,54496800
13/01/2025,2670,2740,2650,2670,90816500
14/01/2025,2670,2690,2610,2620,53116800
15/01/2025,2640,2670,2620,2630,52867900
16/01/2025,2660,2660,2590,2590,118890200
17/01/2025,2630,2680,2610,2660,107245400
20/01/2025,2670,2690,2610,2610,49752300
21/01/2025,2630,2660,2600,2630,86549000
22/01/2025,2680,2750,2650,2730,128617700
23/01/2025,2730,2750,2710,2710,63216100
24/01/2025,2740,2750,2690,2690,49844700
30/01/2025,2690,2710,2610,2640,89736900
31/01/2025,2660,2710,2660,2660,83736900
03/02/2025,2620,2630,2560,2630,91801900
04/02/2025,2640,2660,2590,2640,95311100
05/02/2025,2600,2640,2590,2620,110400300
06/02/2025,2630,2630,2520,2560,90471900
07/02/2025,2550,2590,2510,2590,105020200
10/02/2025,2520,2550,2440,2440,153328500
11/02/2025,2430,2450,2300,2320,254907800
12/02/2025,2360,2480,2350,2480,173407600
13/02/2025,2370,2420,2310,2420,219425500
14/02/2025,2460,2530,2440,2530,156474300
17/02/2025,2570,2650,2530,2650,113998200
18/02/2025,2660,2710,2630,2680,115881200
19/02/2025,2680,2690,2600,2670,119388200
20/02/2025,2650,2680,2620,2670,90411700
21/02/2025,2670,2680,2630,2650,75110600
24/02/2025,2630,2640,2570,2600,42327600
25/02/2025,2560,2580,2460,2460,111687700
26/02/2025,2500,2520,2460,2520,65752000
27/02/2025,2520,2560,2430,2490,88741400
28/02/2025,2470,2470,2350,2350,249795300
03/03/2025,2400,2420,2370,2400,178833400
04/03/2025,2400,2440,2350,2380,131347800
05/03/2025,2420,2470,2410,2450,167407400
06/03/2025,2490,2510,2400,2400,131136100
07/03/2025,2430,2470,2350,2410,182407000
10/03/2025,2430,2430,2370,2390,88949400
11/03/2025,2380,2390,2350,2370,102235600
12/03/2025,2410,2490,2400,2450,98938700
13/03/2025,2470,2490,2420,2430,66706500
14/03/2025,2450,2480,2410,2420,107627100
17/03/2025,2420,2450,2410,2420,58129400
18/03/2025,2450,2470,2300,2420,139758600
19/03/2025,2420,2440,2380,2430,96825800
20/03/2025,2440,2440,2350,2390,94823100
21/03/2025,2370,2380,2300,2310,204534000
24/03/2025,2320,2360,2240,2330,105865000
25/03/2025,2340,2360,2300,2340,107964200
26/03/2025,2360,2460,2350,2440,215856700
27/03/2025,2430,2430,2390,2410,120411200
08/04/2025,2050,2300,2050,2290,409973200
09/04/2025,2440,2440,2300,2320,120363300
10/04/2025,2450,2470,2320,2350,139327100
11/04/2025,2320,2350,2300,2330,60214100
14/04/2025,2320,2430,2310,2430,116968600
15/04/2025,2460,2470,2420,2450,99064500
16/04/2025,2490,2510,2450,2480,121853000
17/04/2025,2500,2660,2490,2550,195577900
21/04/2025,2600,2610,2510,2570,84209300
22/04/2025,2570,2570,2520,2550,44958000
23/04/2025,2580,2640,2570,2630,128704200
24/04/2025,2630,2650,2600,2630,75733400
25/04/2025,2630,2650,2570,2600,93439600
28/04/2025,2600,2610,2560,2560,51086400
29/04/2025,2570,2600,2560,2590,56546100
30/04/2025,2600,2640,2600,2640,96333300
02/05/2025,2640,2720,2620,2680,132357600
05/05/2025,2710,2710,2670,2700,85592500
06/05/2025,2720,2730,2680,2680,76948300
07/05/2025,2680,2690,2620,2620,100293700
08/05/2025,2630,2640,2570,2570,122965300
09/05/2025,2570,2630,2570,2600,59433500
14/05/2025,2530,2620,2530,2590,132760900
15/05/2025,2580,2690,2580,2660,120039700
16/05/2025,2710,2750,2680,2740,101569600
19/05/2025,2760,2860,2740,2820,164194700
20/05/2025,2830,2840,2740,2740,129805200
21/05/2025,2710,2780,2690,2750,120242100
22/05/2025,2750,2850,2750,2800,131277300
23/05/2025,2740,2760,2690,2690,241752700
26/05/2025,2720,2820,2700,2800,186806300
27/05/2025,2840,2880,2790,2830,279180500
28/05/2025,2860,2870,2800,2820,531309500
02/06/2025,2780,2820,2750,2780,211393400
03/06/2025,2780,2830,2730,2800,142896600
04/06/2025,2810,2860,2810,2820,125006700
05/06/2025,2850,2850,2820,2840,95008500
10/06/2025,2920,2920,2880,2910,213564000
11/06/2025,2750,2800,2730,2800,200609800
12/06/2025,2830,2830,2750,2780,97099100
13/06/2025,2770,2770,2720,2740,81111300
16/06/2025,2740,2770,2730,2740,46641000
17/06/2025,2800,2800,2760,2760,59643500
18/06/2025,2770,2790,2760,2770,70757600
19/06/2025,2740,2780,2630,2690,98911200
20/06/2025,2700,2710,2640,2640,243027500
23/06/2025,2610,2610,2560,2580,73554200
24/06/2025,2600,2670,2580,2590,107300200
25/06/2025,2650,2650,2560,2620,79958900
26/06/2025,2620,2710,2590,2710,132868200
30/06/2025,2780,2790,2730,2780,124299500
01/07/2025,2800,2810,2760,2810,73029400
02/07/2025,2820,2820,2730,2780,92321600
03/07/2025,2780,2810,2690,2710,69094400
04/07/2025,2710,2720,2620,2630,53587300
07/07/2025,2630,2700,2610,2700,33446600
08/07/2025,2680,2700,2640,2650,45926000
09/07/2025,2650,2680,2640,2670,44897100
10/07/2025,2690,2710,2650,2690,41108700
11/07/2025,2710,2730,2690,2730,47851300
14/07/2025,2700,2710,2640,2690,60458400
15/07/2025,2690,2690,2640,2640,35309100
16/07/2025,2660,2680,2650,2650,43385900
17/07/2025,2700,2770,2660,2770,102642100
18/07/2025,2800,2800,2750,2770,83762800
21/07/2025,2800,2800,2750,2800,52553200
22/07/2025,2800,2850,2800,2850,108243300
23/07/2025,2870,2870,2840,2850,86077600
24/07/2025,2860,2870,2800,2840,74224200
25/07/2025,2810,2830,2780,2820,41296200
28/07/2025,2870,2870,2830,2860,40193800
29/07/2025,2870,2880,2840,2880,46357400
30/07/2025,2890,2890,2850,2880,99062400
31/07/2025,2890,2930,2860,2880,201065700
01/08/2025,2960,2990,2910,2980,130977000
04/08/2025,3000,3030,2990,3030,96385300
05/08/2025,3050,3050,2990,3030,99396900
06/08/2025,3000,3010,2960,2990,86215200
07/08/2025,2990,2990,2930,2950,46506200
08/08/2025,2950,2960,2930,2940,46945800
11/08/2025,2990,3010,2970,2990,74978300
12/08/2025,3050,3200,3010,3180,217607800
13/08/2025,3220,3420,3210,3360,465722400
14/08/2025,3370,3490,3370,3420,232557200
15/08/2025,3360,3410,3310,3310,182893900
19/08/2025,3260,3330,3240,3250,164828400
20/08/2025,3220,3290,3220,3220,80084600
21/08/2025,3210,3270,3210,3250,63861900
22/08/2025,3270,3290,3220,3240,61351700
25/08/2025,3280,3350,3250,3310,93221500
26/08/2025,3310,3320,3230,3260,227364800
27/08/2025,3200,3250,3100,3170,118158900
28/08/2025,3160,3220,3150,3180,55940600
29/08/2025,3180,3210,3100,3130,72585500
01/09/2025,3080,3110,2960,3110,130027900
02/09/2025,3120,3140,3050,3070,64402900
03/09/2025,3080,3170,3070,3110,113875700
04/09/2025,3090,3170,3090,3150,37223800
08/09/2025,3300,3300,3090,3090,93725000
09/09/2025,3100,3130,3000,3050,104463400
10/09/2025,3070,3180,3050,3150,49867700
11/09/2025,3180,3190,3070,3080,71919900
12/09/2025,3090,3110,3050,3100,61521400
15/09/2025,3150,3260,3130,3260,115361300
16/09/2025,3300,3300,3270,3280,53763700
17/09/2025,3300,3340,3210,3340,73539700
18/09/2025,3400,3400,3230,3250,99501600
