Date,Open,High,Low,Close,Volume
19/08/2010,98.16432953,100.6184387,96.20104218,98.16432953,1059448
20/08/2010,98.16432953,98.16432953,98.16432953,98.16432953,10187
23/08/2010,105.5266495,105.5266495,98.16432953,105.5266495,2607872
24/08/2010,125.1595154,131.2947845,106.7537079,125.1595154,22085416
25/08/2010,136.2030029,144.7923889,127.6136246,136.2030029,33403173
26/08/2010,133.7489014,139.8841705,128.840683,133.7489014,9168300
27/08/2010,123.9324646,130.0677338,123.9324646,123.9324646,2984791
30/08/2010,121.4783554,123.9324646,120.251297,121.4783554,1385432
31/08/2010,116.570137,120.251297,110.4348679,116.570137,5521354
01/09/2010,106.7537079,119.0242462,106.7537079,106.7537079,9249796
02/09/2010,122.7054062,128.840683,109.2078094,122.7054062,15932468
03/09/2010,130.0677338,137.4300537,122.7054062,130.0677338,28849584
06/09/2010,126.3865738,132.5218353,126.3865738,126.3865738,4349849
07/09/2010,130.0677338,138.6571045,126.3865738,130.0677338,10003634
15/09/2010,130.0677338,130.0677338,123.9324646,125.1595154,2730116
16/09/2010,128.840683,133.7489014,127.6136246,128.840683,3473767
17/09/2010,128.840683,133.7489014,127.6136246,128.840683,2842173
20/09/2010,125.1595154,131.2947845,122.7054062,125.1595154,5368549
21/09/2010,125.1595154,130.0677338,122.7054062,125.1595154,5348175
22/09/2010,127.6136246,130.0677338,125.1595154,127.6136246,5144435
23/09/2010,149.700592,155.8358765,127.6136246,149.700592,56160931
24/09/2010,159.5170288,164.4252472,146.0194397,159.5170288,37386290
27/09/2010,180.3769531,191.4204407,165.652298,180.3769531,88698209
28/09/2010,165.652298,181.6040039,164.4252472,165.652298,32669709
29/09/2010,170.5605164,179.1499023,165.652298,170.5605164,31467643
30/09/2010,160.7440796,171.7875671,157.0629272,160.7440796,24815532
01/10/2010,168.1064148,170.5605164,157.0629272,168.1064148,14231239
04/10/2010,166.8793488,168.1064148,161.9711456,166.8793488,5256492
05/10/2010,168.1064148,170.5605164,163.1981964,168.1064148,7171648
06/10/2010,166.8793488,166.8793488,163.1981964,166.8793488,9759146
07/10/2010,164.4252472,168.1064148,163.1981964,164.4252472,5164809
08/10/2010,165.652298,170.5605164,164.4252472,165.652298,1650294
11/10/2010,168.1064148,176.6957855,164.4252472,168.1064148,10838968
12/10/2010,168.1064148,168.1064148,165.652298,168.1064148,2322636
13/10/2010,174.241684,177.9228363,165.652298,174.241684,19935959
14/10/2010,169.3334656,175.4687347,168.1064148,169.3334656,8720072
15/10/2010,168.1064148,174.241684,166.8793488,168.1064148,5500980
18/10/2010,163.1981964,168.1064148,163.1981964,163.1981964,3331149
19/10/2010,165.652298,170.5605164,165.652298,165.652298,5796403
20/10/2010,169.3334656,169.3334656,160.7440796,169.3334656,4573963
21/10/2010,174.241684,174.241684,166.8793488,174.241684,5236118
22/10/2010,171.7875671,176.6957855,168.1064148,171.7875671,8332966
25/10/2010,171.7875671,176.6957855,166.8793488,171.7875671,29542300
26/10/2010,170.5605164,173.0146332,168.1064148,170.5605164,2475441
27/10/2010,174.241684,174.241684,169.3334656,174.241684,9178487
28/10/2010,170.5605164,175.4687347,170.5605164,170.5605164,5215744
29/10/2010,166.8793488,170.5605164,165.652298,166.8793488,6275192
01/11/2010,163.1981964,168.1064148,163.1981964,163.1981964,4298914
02/11/2010,163.1981964,168.1064148,161.9711456,163.1981964,3341336
03/11/2010,164.4252472,171.7875671,161.9711456,164.4252472,9861016
04/11/2010,164.4252472,166.8793488,164.4252472,164.4252472,1222440
05/11/2010,160.7440796,164.4252472,160.7440796,160.7440796,2393945
08/11/2010,166.8793488,166.8793488,160.7440796,166.8793488,427854
09/11/2010,164.4252472,166.8793488,164.4252472,164.4252472,723277
10/11/2010,164.4252472,164.4252472,161.9711456,164.4252472,1823473
11/11/2010,164.4252472,169.3334656,160.7440796,164.4252472,7385575
12/11/2010,148.4735413,159.5170288,148.4735413,148.4735413,1660481
15/11/2010,148.4735413,148.4735413,144.7923889,148.4735413,2658807
16/11/2010,147.2464905,149.700592,147.2464905,147.2464905,112057
18/11/2010,142.3382721,143.5653229,142.3382721,142.3382721,825147
19/11/2010,142.3382721,147.2464905,139.8841705,142.3382721,499163
22/11/2010,143.5653229,147.2464905,142.3382721,143.5653229,1110383
23/11/2010,144.7923889,147.2464905,139.8841705,144.7923889,560285
24/11/2010,143.5653229,143.5653229,137.4300537,143.5653229,356545
25/11/2010,144.7923889,148.4735413,141.1112213,144.7923889,794586
26/11/2010,139.8841705,144.7923889,134.9759521,139.8841705,927017
29/11/2010,142.3382721,142.3382721,125.1595154,142.3382721,784399
30/11/2010,134.9759521,154.6088104,127.6136246,134.9759521,26088907
01/12/2010,142.3382721,144.7923889,139.8841705,142.3382721,1212253
02/12/2010,142.3382721,143.5653229,141.1112213,142.3382721,1324310
03/12/2010,141.1112213,143.5653229,141.1112213,141.1112213,1059448
06/12/2010,143.5653229,143.5653229,141.1112213,143.5653229,2750490
08/12/2010,142.3382721,144.7923889,141.1112213,142.3382721,1365058
09/12/2010,142.3382721,142.3382721,142.3382721,142.3382721,193553
10/12/2010,143.5653229,143.5653229,138.6571045,143.5653229,2821799
13/12/2010,143.5653229,147.2464905,133.7489014,143.5653229,3208905
14/12/2010,143.5653229,146.0194397,143.5653229,143.5653229,3759003
15/12/2010,148.4735413,153.3817596,143.5653229,148.4735413,8231096
16/12/2010,150.9276581,152.1547089,147.2464905,150.9276581,3290401
17/12/2010,148.4735413,152.1547089,148.4735413,148.4735413,1731790
20/12/2010,150.9276581,153.3817596,149.700592,150.9276581,6417810
21/12/2010,153.3817596,154.6088104,150.9276581,153.3817596,5694533
22/12/2010,153.3817596,155.8358765,148.4735413,153.3817596,11287196
23/12/2010,157.0629272,164.4252472,152.1547089,157.0629272,34289442
27/12/2010,164.4252472,166.8793488,159.5170288,164.4252472,17185469
28/12/2010,164.4252472,164.4252472,157.0629272,164.4252472,17817063
29/12/2010,169.3334656,169.3334656,163.1981964,169.3334656,22717010
30/12/2010,168.1064148,169.3334656,165.652298,168.1064148,9616528
03/01/2011,185.2851715,186.5122223,168.1064148,185.2851715,33403173
04/01/2011,190.1933899,197.5557098,184.0581055,190.1933899,25528622
05/01/2011,196.3286591,203.690979,188.9663239,196.3286591,27036298
06/01/2011,196.3286591,200.0098114,188.9663239,196.3286591,17735567
07/01/2011,188.9663239,192.6474915,186.5122223,188.9663239,9015495
10/01/2011,190.1933899,190.1933899,181.6040039,190.1933899,8791381
11/01/2011,190.1933899,193.8745422,188.9663239,190.1933899,7324453
12/01/2011,193.8745422,193.8745422,191.4204407,193.8745422,3504328
13/01/2011,196.3286591,196.3286591,193.8745422,196.3286591,3320962
14/01/2011,191.4204407,196.3286591,190.1933899,191.4204407,5480606
17/01/2011,190.1933899,190.1933899,186.5122223,190.1933899,1528050
18/01/2011,188.9663239,191.4204407,188.9663239,188.9663239,4686020
19/01/2011,193.8745422,193.8745422,188.9663239,193.8745422,3840499
20/01/2011,187.7392731,188.9663239,186.5122223,187.7392731,651968
21/01/2011,187.7392731,187.7392731,180.3769531,187.7392731,509350
24/01/2011,184.0581055,186.5122223,169.3334656,184.0581055,11134391
25/01/2011,188.9663239,190.1933899,185.2851715,188.9663239,9331292
26/01/2011,186.5122223,187.7392731,182.8310547,186.5122223,8006982
27/01/2011,197.5557098,197.5557098,185.2851715,197.5557098,43722604
28/01/2011,191.4204407,197.5557098,188.9663239,191.4204407,7110526
31/01/2011,186.5122223,188.9663239,186.5122223,186.5122223,1375245
01/02/2011,186.5122223,188.9663239,186.5122223,186.5122223,1018700
02/02/2011,186.5122223,187.7392731,185.2851715,186.5122223,1283562
04/02/2011,186.5122223,186.5122223,184.0581055,186.5122223,305610
07/02/2011,186.5122223,186.5122223,185.2851715,186.5122223,224114
08/02/2011,182.8310547,187.7392731,182.8310547,182.8310547,1803099
09/02/2011,186.5122223,186.5122223,181.6040039,186.5122223,916830
10/02/2011,181.6040039,186.5122223,177.9228363,181.6040039,1782725
11/02/2011,186.5122223,186.5122223,181.6040039,186.5122223,112057
14/02/2011,186.5122223,186.5122223,181.6040039,186.5122223,927017
16/02/2011,187.7392731,187.7392731,186.5122223,187.7392731,3066287
17/02/2011,187.7392731,187.7392731,182.8310547,187.7392731,5001817
18/02/2011,184.0581055,187.7392731,184.0581055,184.0581055,1314123
21/02/2011,187.7392731,187.7392731,185.2851715,187.7392731,2251327
22/02/2011,187.7392731,187.7392731,186.5122223,187.7392731,20374
23/02/2011,187.7392731,187.7392731,180.3769531,187.7392731,1202066
24/02/2011,186.5122223,188.9663239,186.5122223,186.5122223,7691185
25/02/2011,180.3769531,181.6040039,176.6957855,180.3769531,1752164
28/02/2011,181.6040039,181.6040039,180.3769531,181.6040039,285236
01/03/2011,181.6040039,181.6040039,179.1499023,181.6040039,336171
02/03/2011,181.6040039,181.6040039,176.6957855,181.6040039,61122
03/03/2011,182.8310547,184.0581055,181.6040039,182.8310547,71309
04/03/2011,184.0581055,184.0581055,184.0581055,184.0581055,10187
07/03/2011,182.8310547,185.2851715,182.8310547,182.8310547,387106
08/03/2011,181.6040039,184.0581055,171.7875671,181.6040039,2872734
09/03/2011,181.6040039,181.6040039,181.6040039,181.6040039,1028887
10/03/2011,181.6040039,181.6040039,181.6040039,181.6040039,10187
11/03/2011,180.3769531,181.6040039,174.241684,180.3769531,743651
14/03/2011,179.1499023,179.1499023,176.6957855,179.1499023,285236
15/03/2011,170.5605164,177.9228363,170.5605164,170.5605164,2363384
16/03/2011,174.241684,175.4687347,171.7875671,174.241684,937204
17/03/2011,171.7875671,171.7875671,169.3334656,171.7875671,112057
18/03/2011,160.7440796,165.652298,159.5170288,160.7440796,468602
21/03/2011,158.289978,161.9711456,158.289978,158.289978,601033
22/03/2011,163.1981964,164.4252472,159.5170288,163.1981964,3198718
23/03/2011,163.1981964,163.1981964,163.1981964,163.1981964,0
24/03/2011,173.0146332,173.0146332,165.652298,173.0146332,8658950
25/03/2011,181.6040039,181.6040039,171.7875671,181.6040039,10594480
28/03/2011,188.9663239,188.9663239,181.6040039,188.9663239,12764311
29/03/2011,193.8745422,193.8745422,186.5122223,193.8745422,20598114
30/03/2011,198.7827606,198.7827606,192.6474915,198.7827606,15168443
31/03/2011,193.8745422,197.5557098,191.4204407,193.8745422,8944186
01/04/2011,202.4639282,202.4639282,188.9663239,202.4639282,26078720
04/04/2011,204.9180298,206.1450806,201.2368774,204.9180298,7395762
05/04/2011,202.4639282,208.5991974,197.5557098,202.4639282,3005165
06/04/2011,196.3286591,198.7827606,192.6474915,196.3286591,4553589
07/04/2011,196.3286591,200.0098114,193.8745422,196.3286591,570472
08/04/2011,196.3286591,202.4639282,192.6474915,196.3286591,1456741
11/04/2011,200.0098114,203.690979,195.101593,200.0098114,6020517
12/04/2011,198.7827606,201.2368774,193.8745422,198.7827606,6662298
13/04/2011,200.0098114,202.4639282,196.3286591,200.0098114,1833660
14/04/2011,196.3286591,200.0098114,192.6474915,196.3286591,3646946
15/04/2011,196.3286591,200.0098114,193.8745422,196.3286591,3921995
18/04/2011,197.5557098,197.5557098,196.3286591,197.5557098,427854
19/04/2011,196.3286591,200.0098114,196.3286591,196.3286591,1691042
20/04/2011,200.0098114,200.0098114,196.3286591,200.0098114,9759146
21/04/2011,200.0098114,202.4639282,196.3286591,200.0098114,4523028
25/04/2011,203.690979,203.690979,197.5557098,203.690979,3300588
26/04/2011,207.3721466,207.3721466,202.4639282,207.3721466,10523171
27/04/2011,211.053299,211.053299,204.9180298,211.053299,13008799
28/04/2011,214.7344666,217.1885681,211.053299,214.7344666,5735281
29/04/2011,214.7344666,215.9615173,211.053299,214.7344666,4309101
02/05/2011,212.2803497,212.2803497,208.5991974,212.2803497,1140944
03/05/2011,215.9615173,215.9615173,206.1450806,215.9615173,12580945
04/05/2011,219.6426849,220.8697357,217.1885681,219.6426849,5327801
05/05/2011,222.0967865,222.0967865,211.053299,222.0967865,9494284
06/05/2011,224.5509033,224.5509033,220.8697357,224.5509033,6081639
09/05/2011,228.2320557,228.2320557,224.5509033,228.2320557,7324453
10/05/2011,230.6861725,230.6861725,223.3238373,230.6861725,10319431
11/05/2011,228.2320557,231.9132233,228.2320557,228.2320557,6285379
12/05/2011,223.3238373,224.5509033,220.8697357,223.3238373,2383758
13/05/2011,227.0050049,227.0050049,218.4156342,227.0050049,4135922
16/05/2011,223.3238373,233.140274,206.1450806,223.3238373,7864364
18/05/2011,230.6861725,233.140274,225.7779541,230.6861725,3830312
19/05/2011,231.9132233,233.140274,227.0050049,231.9132233,6326127
20/05/2011,228.2320557,230.6861725,228.2320557,228.2320557,4197044
23/05/2011,219.6426849,228.2320557,219.6426849,219.6426849,1680855
24/05/2011,219.6426849,222.0967865,218.4156342,219.6426849,998326
25/05/2011,213.5074158,219.6426849,213.5074158,213.5074158,40748
26/05/2011,208.5991974,217.1885681,208.5991974,208.5991974,2220766
27/05/2011,202.4639282,209.8262482,201.2368774,202.4639282,1854034
30/05/2011,208.5991974,209.8262482,206.1450806,208.5991974,1446554
31/05/2011,213.5074158,213.5074158,208.5991974,213.5074158,835334
01/06/2011,213.5074158,214.7344666,208.5991974,213.5074158,1670668
03/06/2011,208.5991974,209.8262482,201.2368774,208.5991974,2149457
06/06/2011,203.690979,203.690979,198.7827606,203.690979,1110383
07/06/2011,202.4639282,202.4639282,200.0098114,202.4639282,682529
08/06/2011,201.2368774,201.2368774,197.5557098,201.2368774,122244
09/06/2011,200.0098114,201.2368774,200.0098114,200.0098114,539911
10/06/2011,198.7827606,201.2368774,195.101593,198.7827606,977952
13/06/2011,196.3286591,196.3286591,191.4204407,196.3286591,193553
14/06/2011,192.6474915,195.101593,192.6474915,192.6474915,61122
15/06/2011,186.5122223,191.4204407,185.2851715,186.5122223,1599359
16/06/2011,191.4204407,192.6474915,184.0581055,191.4204407,1568798
17/06/2011,201.2368774,201.2368774,182.8310547,201.2368774,12234587
20/06/2011,196.3286591,200.0098114,191.4204407,196.3286591,2251327
21/06/2011,197.5557098,197.5557098,188.9663239,197.5557098,5307427
22/06/2011,197.5557098,198.7827606,192.6474915,197.5557098,8648763
23/06/2011,192.6474915,196.3286591,192.6474915,192.6474915,1018700
24/06/2011,196.3286591,196.3286591,191.4204407,196.3286591,733464
27/06/2011,196.3286591,196.3286591,193.8745422,196.3286591,468602
28/06/2011,196.3286591,196.3286591,196.3286591,196.3286591,10187
30/06/2011,192.6474915,196.3286591,192.6474915,192.6474915,1996652
01/07/2011,190.1933899,192.6474915,190.1933899,190.1933899,651968
04/07/2011,190.1933899,190.1933899,190.1933899,190.1933899,0
05/07/2011,187.7392731,188.9663239,184.0581055,187.7392731,590846
06/07/2011,185.2851715,187.7392731,184.0581055,185.2851715,682529
07/07/2011,186.5122223,187.7392731,186.5122223,186.5122223,560285
08/07/2011,184.0581055,186.5122223,184.0581055,184.0581055,254675
11/07/2011,184.0581055,185.2851715,184.0581055,184.0581055,193553
12/07/2011,181.6040039,182.8310547,181.6040039,181.6040039,285236
13/07/2011,184.0581055,184.0581055,176.6957855,184.0581055,50935
14/07/2011,182.8310547,185.2851715,182.8310547,182.8310547,132431
15/07/2011,187.7392731,187.7392731,185.2851715,187.7392731,662155
18/07/2011,186.5122223,186.5122223,186.5122223,186.5122223,61122
19/07/2011,181.6040039,184.0581055,176.6957855,181.6040039,417667
20/07/2011,191.4204407,191.4204407,182.8310547,191.4204407,2577311
21/07/2011,190.1933899,191.4204407,190.1933899,190.1933899,876082
22/07/2011,187.7392731,190.1933899,187.7392731,187.7392731,1069635
25/07/2011,185.2851715,188.9663239,185.2851715,185.2851715,387106
26/07/2011,185.2851715,187.7392731,184.0581055,185.2851715,336171
27/07/2011,184.0581055,185.2851715,182.8310547,184.0581055,1609546
28/07/2011,170.5605164,184.0581055,166.8793488,170.5605164,1609546
29/07/2011,176.6957855,176.6957855,170.5605164,176.6957855,1945717
01/08/2011,182.8310547,182.8310547,179.1499023,182.8310547,2485628
02/08/2011,180.3769531,180.3769531,180.3769531,180.3769531,30561
03/08/2011,174.241684,176.6957855,166.8793488,174.241684,601033
04/08/2011,174.241684,174.241684,174.241684,174.241684,50935
05/08/2011,170.5605164,170.5605164,170.5605164,170.5605164,10187
08/08/2011,159.5170288,166.8793488,149.700592,159.5170288,387106
09/08/2011,141.1112213,150.9276581,133.7489014,141.1112213,1986465
10/08/2011,150.9276581,150.9276581,147.2464905,150.9276581,580659
11/08/2011,150.9276581,150.9276581,150.9276581,150.9276581,580659
12/08/2011,150.9276581,157.0629272,150.9276581,150.9276581,5185183
15/08/2011,153.3817596,153.3817596,153.3817596,153.3817596,10187
16/08/2011,150.9276581,150.9276581,150.9276581,150.9276581,20374
18/08/2011,154.6088104,154.6088104,154.6088104,154.6088104,50935
19/08/2011,148.4735413,149.700592,148.4735413,148.4735413,1629920
22/08/2011,144.7923889,144.7923889,144.7923889,144.7923889,30561
23/08/2011,154.6088104,154.6088104,147.2464905,154.6088104,1334497
24/08/2011,161.9711456,161.9711456,152.1547089,161.9711456,224114
25/08/2011,176.6957855,176.6957855,164.4252472,176.6957855,12458701
26/08/2011,188.9663239,193.8745422,174.241684,188.9663239,9820268
05/09/2011,181.6040039,184.0581055,177.9228363,181.6040039,2047587
06/09/2011,184.0581055,184.0581055,174.241684,184.0581055,1548424
07/09/2011,181.6040039,182.8310547,181.6040039,181.6040039,213927
08/09/2011,184.0581055,188.9663239,175.4687347,184.0581055,916830
09/09/2011,186.5122223,186.5122223,176.6957855,186.5122223,2292075
12/09/2011,186.5122223,186.5122223,186.5122223,186.5122223,2292075
13/09/2011,177.9228363,177.9228363,177.9228363,177.9228363,224114
14/09/2011,181.6040039,181.6040039,171.7875671,181.6040039,3555263
15/09/2011,181.6040039,184.0581055,181.6040039,181.6040039,7355014
16/09/2011,181.6040039,186.5122223,174.241684,181.6040039,621407
19/09/2011,197.5557098,198.7827606,181.6040039,197.5557098,4624898
20/09/2011,184.0581055,197.5557098,181.6040039,184.0581055,2984791
21/09/2011,184.0581055,192.6474915,184.0581055,184.0581055,1894782
22/09/2011,179.1499023,181.6040039,158.289978,179.1499023,397293
23/09/2011,171.7875671,176.6957855,171.7875671,171.7875671,427854
26/09/2011,157.0629272,171.7875671,152.1547089,157.0629272,519537
27/09/2011,169.3334656,170.5605164,165.652298,169.3334656,6000143
28/09/2011,180.3769531,180.3769531,171.7875671,180.3769531,81496
29/09/2011,177.9228363,177.9228363,176.6957855,177.9228363,203740
30/09/2011,179.1499023,180.3769531,179.1499023,179.1499023,81496
03/10/2011,159.5170288,166.8793488,159.5170288,159.5170288,81496
04/10/2011,171.7875671,171.7875671,166.8793488,171.7875671,50935
05/10/2011,171.7875671,171.7875671,161.9711456,171.7875671,152805
06/10/2011,173.0146332,173.0146332,171.7875671,173.0146332,30561
07/10/2011,171.7875671,176.6957855,166.8793488,171.7875671,366732
10/10/2011,165.652298,171.7875671,164.4252472,165.652298,183366
11/10/2011,170.5605164,171.7875671,169.3334656,170.5605164,1558611
12/10/2011,171.7875671,171.7875671,166.8793488,171.7875671,346358
13/10/2011,164.4252472,169.3334656,164.4252472,164.4252472,275049
14/10/2011,170.5605164,171.7875671,166.8793488,170.5605164,81496
17/10/2011,158.289978,170.5605164,157.0629272,158.289978,682529
18/10/2011,150.9276581,159.5170288,147.2464905,150.9276581,2404132
19/10/2011,150.9276581,164.4252472,148.4735413,150.9276581,1884595
20/10/2011,144.7923889,149.700592,142.3382721,144.7923889,2200392
21/10/2011,143.5653229,144.7923889,143.5653229,143.5653229,509350
24/10/2011,154.6088104,154.6088104,154.6088104,154.6088104,10187
25/10/2011,149.700592,149.700592,146.0194397,149.700592,203740
26/10/2011,152.1547089,152.1547089,144.7923889,152.1547089,876082
27/10/2011,149.700592,149.700592,149.700592,149.700592,10187
28/10/2011,146.0194397,152.1547089,144.7923889,146.0194397,855708
31/10/2011,143.5653229,143.5653229,143.5653229,143.5653229,20374
01/11/2011,139.8841705,144.7923889,139.8841705,139.8841705,397293
02/11/2011,142.3382721,142.3382721,142.3382721,142.3382721,132431
03/11/2011,142.3382721,142.3382721,142.3382721,142.3382721,132431
04/11/2011,138.6571045,142.3382721,137.4300537,138.6571045,336171
07/11/2011,137.4300537,138.6571045,137.4300537,137.4300537,2312449
08/11/2011,134.9759521,137.4300537,134.9759521,134.9759521,346358
09/11/2011,132.5218353,134.9759521,132.5218353,132.5218353,285236
10/11/2011,115.3430862,127.6136246,115.3430862,115.3430862,376919
11/11/2011,116.570137,116.570137,115.3430862,116.570137,244488
14/11/2011,122.7054062,127.6136246,117.7971954,122.7054062,183366
15/11/2011,117.7971954,117.7971954,117.7971954,117.7971954,71309
16/11/2011,127.6136246,127.6136246,117.7971954,127.6136246,295423
17/11/2011,127.6136246,127.6136246,122.7054062,127.6136246,407480
18/11/2011,127.6136246,127.6136246,127.6136246,127.6136246,407480
21/11/2011,127.6136246,127.6136246,127.6136246,127.6136246,407480
22/11/2011,127.6136246,127.6136246,127.6136246,127.6136246,407480
23/11/2011,122.7054062,122.7054062,115.3430862,122.7054062,122244
24/11/2011,122.7054062,122.7054062,122.7054062,122.7054062,122244
25/11/2011,116.570137,117.7971954,115.3430862,116.570137,1090009
28/11/2011,114.1160278,116.570137,114.1160278,114.1160278,101870
29/11/2011,112.8889771,114.1160278,112.8889771,112.8889771,30561
30/11/2011,112.8889771,112.8889771,112.8889771,112.8889771,71309
01/12/2011,112.8889771,112.8889771,112.8889771,112.8889771,0
02/12/2011,114.1160278,114.1160278,114.1160278,114.1160278,71309
05/12/2011,115.3430862,115.3430862,114.1160278,115.3430862,40748
06/12/2011,112.8889771,112.8889771,112.8889771,112.8889771,50935
07/12/2011,112.8889771,112.8889771,110.4348679,112.8889771,2556937
08/12/2011,112.8889771,112.8889771,112.8889771,112.8889771,2556937
09/12/2011,112.8889771,112.8889771,112.8889771,112.8889771,2067961
12/12/2011,106.7537079,112.8889771,106.7537079,106.7537079,356545
13/12/2011,107.9807587,107.9807587,107.9807587,107.9807587,743651
14/12/2011,107.9807587,107.9807587,107.9807587,107.9807587,50935
15/12/2011,110.4348679,110.4348679,103.0725403,110.4348679,3575637
16/12/2011,112.8889771,112.8889771,110.4348679,112.8889771,662155
19/12/2011,110.4348679,112.8889771,110.4348679,110.4348679,30561
20/12/2011,109.2078094,110.4348679,109.2078094,109.2078094,275049
21/12/2011,107.9807587,110.4348679,107.9807587,107.9807587,3494141
22/12/2011,109.2078094,110.4348679,107.9807587,109.2078094,1314123
23/12/2011,107.9807587,107.9807587,107.9807587,107.9807587,91683
27/12/2011,107.9807587,107.9807587,107.9807587,107.9807587,91683
28/12/2011,107.9807587,107.9807587,107.9807587,107.9807587,20374
29/12/2011,107.9807587,107.9807587,107.9807587,107.9807587,1548424
30/12/2011,127.6136246,127.6136246,112.8889771,127.6136246,2353197
02/01/2012,139.8841705,139.8841705,127.6136246,139.8841705,254675
03/01/2012,139.8841705,139.8841705,138.6571045,139.8841705,50935
04/01/2012,139.8841705,139.8841705,139.8841705,139.8841705,50935
05/01/2012,138.6571045,138.6571045,127.6136246,138.6571045,285236
06/01/2012,137.4300537,138.6571045,137.4300537,137.4300537,305610
09/01/2012,137.4300537,137.4300537,137.4300537,137.4300537,71309
10/01/2012,147.2464905,147.2464905,137.4300537,147.2464905,112057
11/01/2012,147.2464905,147.2464905,147.2464905,147.2464905,112057
12/01/2012,132.5218353,132.5218353,117.7971954,132.5218353,1008513
13/01/2012,132.5218353,132.5218353,132.5218353,132.5218353,0
16/01/2012,127.6136246,127.6136246,125.1595154,127.6136246,81496
17/01/2012,127.6136246,127.6136246,122.7054062,127.6136246,550098
18/01/2012,130.0677338,130.0677338,123.9324646,130.0677338,376919
19/01/2012,134.9759521,134.9759521,130.0677338,134.9759521,427854
20/01/2012,133.7489014,133.7489014,133.7489014,133.7489014,20374
24/01/2012,121.4783554,122.7054062,121.4783554,121.4783554,2618059
25/01/2012,119.0242462,127.6136246,110.4348679,119.0242462,5154622
26/01/2012,117.7971954,117.7971954,112.8889771,117.7971954,1293749
27/01/2012,117.7971954,117.7971954,115.3430862,117.7971954,2057774
30/01/2012,117.7971954,117.7971954,111.6619186,117.7971954,1426180
31/01/2012,112.8889771,112.8889771,111.6619186,112.8889771,794586
01/02/2012,117.7971954,117.7971954,111.6619186,117.7971954,1466928
02/02/2012,117.7971954,117.7971954,112.8889771,117.7971954,1497489
03/02/2012,115.3430862,115.3430862,112.8889771,115.3430862,112057
06/02/2012,115.3430862,115.3430862,111.6619186,115.3430862,682529
07/02/2012,115.3430862,115.3430862,112.8889771,115.3430862,40748
08/02/2012,111.6619186,111.6619186,111.6619186,111.6619186,101870
09/02/2012,112.8889771,112.8889771,110.4348679,112.8889771,488976
10/02/2012,110.4348679,110.4348679,110.4348679,110.4348679,20374
13/02/2012,115.3430862,115.3430862,112.8889771,115.3430862,417667
14/02/2012,115.3430862,115.3430862,112.8889771,115.3430862,203740
15/02/2012,112.8889771,112.8889771,111.6619186,112.8889771,264862
16/02/2012,112.8889771,112.8889771,112.8889771,112.8889771,264862
17/02/2012,112.8889771,112.8889771,110.4348679,112.8889771,305610
20/02/2012,112.8889771,112.8889771,110.4348679,112.8889771,71309
21/02/2012,117.7971954,117.7971954,111.6619186,117.7971954,499163
22/02/2012,117.7971954,117.7971954,112.8889771,117.7971954,4624898
23/02/2012,115.3430862,115.3430862,111.6619186,115.3430862,1283562
24/02/2012,112.8889771,112.8889771,112.8889771,112.8889771,927017
27/02/2012,111.6619186,112.8889771,110.4348679,111.6619186,112057
28/02/2012,112.8889771,112.8889771,107.9807587,112.8889771,244488
29/02/2012,110.4348679,111.6619186,110.4348679,110.4348679,336171
01/03/2012,109.2078094,109.2078094,109.2078094,109.2078094,1538237
02/03/2012,109.2078094,109.2078094,109.2078094,109.2078094,142618
05/03/2012,107.9807587,109.2078094,107.9807587,107.9807587,122244
06/03/2012,107.9807587,107.9807587,107.9807587,107.9807587,20374
07/03/2012,109.2078094,109.2078094,107.9807587,109.2078094,621407
08/03/2012,109.2078094,109.2078094,109.2078094,109.2078094,122244
09/03/2012,109.2078094,109.2078094,107.9807587,109.2078094,40
12/03/2012,106.7537079,106.7537079,105.5266495,106.7537079,1090009
13/03/2012,106.7537079,106.7537079,106.7537079,106.7537079,458415
14/03/2012,107.9807587,107.9807587,106.7537079,107.9807587,91683
15/03/2012,105.5266495,106.7537079,105.5266495,105.5266495,1222440
16/03/2012,105.5266495,105.5266495,105.5266495,105.5266495,50935
19/03/2012,103.0725403,103.0725403,103.0725403,103.0725403,1018700
20/03/2012,101.8454895,103.0725403,99.39138031,101.8454895,3616385
21/03/2012,100.6184387,101.8454895,99.39138031,100.6184387,509350
22/03/2012,99.39138031,100.6184387,99.39138031,99.39138031,560285
26/03/2012,120.251297,121.4783554,100.6184387,120.251297,31325025
27/03/2012,107.9807587,112.8889771,107.9807587,107.9807587,15402744
28/03/2012,112.8889771,117.7971954,106.7537079,112.8889771,13925629
29/03/2012,110.4348679,111.6619186,109.2078094,110.4348679,4146109
30/03/2012,107.9807587,111.6619186,107.9807587,107.9807587,723277
02/04/2012,109.2078094,114.1160278,107.9807587,109.2078094,3382084
03/04/2012,109.2078094,109.2078094,109.2078094,109.2078094,0
04/04/2012,106.7537079,107.9807587,105.5266495,106.7537079,193553
05/04/2012,107.9807587,107.9807587,106.7537079,107.9807587,81496
09/04/2012,107.9807587,107.9807587,103.0725403,107.9807587,1517863
10/04/2012,103.0725403,103.0725403,101.8454895,103.0725403,916830
11/04/2012,100.6184387,101.8454895,99.39138031,100.6184387,417667
12/04/2012,111.6619186,112.8889771,100.6184387,111.6619186,3168157
13/04/2012,110.4348679,112.8889771,107.9807587,110.4348679,2689368
16/04/2012,110.4348679,110.4348679,107.9807587,110.4348679,3769190
17/04/2012,110.4348679,114.1160278,107.9807587,110.4348679,529724
18/04/2012,110.4348679,110.4348679,110.4348679,110.4348679,631594
19/04/2012,105.5266495,107.9807587,105.5266495,105.5266495,50935
20/04/2012,107.9807587,109.2078094,104.2995987,107.9807587,1090009
23/04/2012,105.5266495,107.9807587,105.5266495,105.5266495,397293
24/04/2012,104.2995987,105.5266495,104.2995987,104.2995987,30561
25/04/2012,107.9807587,112.8889771,104.2995987,107.9807587,2954230
26/04/2012,106.7537079,110.4348679,106.7537079,106.7537079,631594
27/04/2012,106.7537079,109.2078094,106.7537079,106.7537079,91683
30/04/2012,106.7537079,106.7537079,106.7537079,106.7537079,10187
01/05/2012,106.7537079,106.7537079,105.5266495,106.7537079,183366
02/05/2012,106.7537079,106.7537079,105.5266495,106.7537079,183366
03/05/2012,106.7537079,106.7537079,106.7537079,106.7537079,10187
04/05/2012,106.7537079,106.7537079,106.7537079,106.7537079,10187
07/05/2012,103.0725403,103.0725403,103.0725403,103.0725403,30561
08/05/2012,106.7537079,106.7537079,103.0725403,106.7537079,162992
09/05/2012,104.2995987,104.2995987,104.2995987,104.2995987,50935
10/05/2012,105.5266495,105.5266495,105.5266495,105.5266495,20374
11/05/2012,106.7537079,106.7537079,104.2995987,106.7537079,285236
14/05/2012,105.5266495,106.7537079,100.6184387,105.5266495,702903
15/05/2012,100.6184387,103.0725403,100.6184387,100.6184387,264862
16/05/2012,100.6184387,100.6184387,100.6184387,100.6184387,264862
21/05/2012,99.39138031,99.39138031,99.39138031,99.39138031,152805
22/05/2012,99.39138031,100.6184387,99.39138031,99.39138031,295423
23/05/2012,99.39138031,101.8454895,99.39138031,99.39138031,1314123
24/05/2012,99.39138031,99.39138031,99.39138031,99.39138031,264862
25/05/2012,97.67350769,103.0725403,97.18268585,97.67350769,2679181
28/05/2012,93.74693298,97.18268585,93.25611115,93.74693298,3157970
29/05/2012,96.20104218,96.69186401,95.71022034,96.20104218,50935
30/05/2012,93.25611115,93.25611115,93.25611115,93.25611115,10187
31/05/2012,93.25611115,93.25611115,88.34789276,93.25611115,234301
01/06/2012,93.25611115,93.25611115,93.25611115,93.25611115,234301
04/06/2012,88.34789276,88.34789276,88.34789276,88.34789276,20374
05/06/2012,92.76528931,100.6184387,92.76528931,92.76528931,3596011
06/06/2012,95.71022034,98.16432953,95.71022034,95.71022034,142618
07/06/2012,95.71022034,95.71022034,95.71022034,95.71022034,142618
08/06/2012,93.25611115,93.25611115,90.80200195,93.25611115,631594
11/06/2012,93.25611115,100.6184387,93.25611115,93.25611115,254675
12/06/2012,93.25611115,93.25611115,93.25611115,93.25611115,91683
13/06/2012,91.78364563,91.78364563,91.78364563,91.78364563,10187
14/06/2012,93.25611115,93.25611115,93.25611115,93.25611115,152805
15/06/2012,93.25611115,93.25611115,93.25611115,93.25611115,152805
18/06/2012,92.76528931,93.25611115,92.76528931,92.76528931,1079822
19/06/2012,92.76528931,92.76528931,89.82035828,92.76528931,1028887
20/06/2012,93.25611115,93.25611115,93.25611115,93.25611115,101870
21/06/2012,93.25611115,93.25611115,93.25611115,93.25611115,30561
22/06/2012,91.78364563,91.78364563,91.78364563,91.78364563,10187
25/06/2012,91.78364563,91.78364563,91.78364563,91.78364563,10187
26/06/2012,91.78364563,91.78364563,91.78364563,91.78364563,10187
27/06/2012,91.78364563,93.25611115,91.29282379,91.29282379,366732
28/06/2012,91.29282379,93.25611115,93.25611115,93.25611115,50935
29/06/2012,93.25611115,91.78364563,91.78364563,91.78364563,10187
02/07/2012,91.78364563,91.78364563,91.78364563,91.78364563,10187
03/07/2012,91.78364563,91.78364563,91.78364563,91.78364563,10187
04/07/2012,91.78364563,91.78364563,91.78364563,91.78364563,10187
05/07/2012,91.78364563,91.78364563,91.78364563,91.78364563,10187
06/07/2012,91.78364563,91.78364563,91.78364563,91.78364563,10187
09/07/2012,91.78364563,91.78364563,91.78364563,91.78364563,10187
10/07/2012,91.78364563,91.78364563,91.78364563,91.78364563,10187
11/07/2012,91.78364563,91.78364563,91.78364563,91.78364563,10187
12/07/2012,91.29282379,91.29282379,91.29282379,91.29282379,305610
13/07/2012,91.78364563,91.78364563,91.78364563,91.78364563,40748
16/07/2012,84.91213989,90.31118011,84.42131805,84.91213989,3371897
17/07/2012,83.93049622,86.38460541,83.93049622,83.93049622,2210579
18/07/2012,83.43967438,83.43967438,82.94885254,83.43967438,570472
19/07/2012,84.42131805,85.89378357,82.94885254,84.42131805,1314123
20/07/2012,84.42131805,84.42131805,84.42131805,84.42131805,1314123
23/07/2012,84.42131805,84.42131805,81.96721649,84.42131805,142618
24/07/2012,82.4580307,82.94885254,82.4580307,82.4580307,1772538
25/07/2012,82.4580307,82.4580307,82.4580307,82.4580307,71309
26/07/2012,83.93049622,86.38460541,82.94885254,83.93049622,173179
27/07/2012,83.93049622,86.87542725,83.43967438,83.93049622,275049
30/07/2012,86.87542725,86.87542725,86.38460541,86.87542725,173179
31/07/2012,85.89378357,85.89378357,83.43967438,85.89378357,173179
01/08/2012,85.89378357,85.89378357,85.89378357,85.89378357,173179
02/08/2012,83.93049622,85.89378357,83.93049622,83.93049622,30561
03/08/2012,82.94885254,83.93049622,82.4580307,82.94885254,193553
06/08/2012,82.94885254,82.94885254,82.94885254,82.94885254,20374
07/08/2012,82.94885254,83.43967438,82.4580307,82.94885254,183366
08/08/2012,82.4580307,82.4580307,82.4580307,82.4580307,10187
09/08/2012,82.4580307,82.4580307,82.4580307,82.4580307,10187
10/08/2012,82.94885254,83.43967438,82.94885254,82.94885254,112057
13/08/2012,87.85707092,88.34789276,82.4580307,87.85707092,937204
14/08/2012,93.25611115,93.25611115,88.8387146,93.25611115,967765
15/08/2012,98.16432953,99.39138031,95.71022034,98.16432953,1782725
16/08/2012,107.9807587,112.8889771,98.16432953,107.9807587,2434693
23/08/2012,110.4348679,110.4348679,98.16432953,110.4348679,733464
24/08/2012,117.7971954,123.9324646,103.0725403,117.7971954,4604524
27/08/2012,122.7054062,122.7054062,107.9807587,122.7054062,1904969
28/08/2012,109.2078094,122.7054062,109.2078094,109.2078094,2465254
29/08/2012,120.251297,126.3865738,110.4348679,120.251297,6152948
30/08/2012,120.251297,126.3865738,115.3430862,120.251297,1049261
31/08/2012,119.0242462,120.251297,114.1160278,119.0242462,1629920
03/09/2012,123.9324646,125.1595154,111.6619186,123.9324646,2852360
04/09/2012,120.251297,125.1595154,120.251297,120.251297,20374
05/09/2012,125.1595154,127.6136246,125.1595154,125.1595154,1741977
06/09/2012,122.7054062,127.6136246,122.7054062,122.7054062,774212
07/09/2012,122.7054062,126.3865738,116.570137,122.7054062,61122
10/09/2012,122.7054062,126.3865738,117.7971954,122.7054062,407480
11/09/2012,121.4783554,122.7054062,120.251297,121.4783554,224114
12/09/2012,121.4783554,126.3865738,121.4783554,121.4783554,264862
13/09/2012,121.4783554,121.4783554,117.7971954,121.4783554,61122
14/09/2012,121.4783554,121.4783554,116.570137,121.4783554,132431
17/09/2012,121.4783554,121.4783554,117.7971954,121.4783554,417667
18/09/2012,121.4783554,121.4783554,121.4783554,121.4783554,509350
19/09/2012,122.7054062,122.7054062,121.4783554,122.7054062,1405806
20/09/2012,119.0242462,119.0242462,119.0242462,119.0242462,10187
21/09/2012,114.1160278,114.1160278,114.1160278,114.1160278,10187
24/09/2012,114.1160278,114.1160278,114.1160278,114.1160278,10187
25/09/2012,103.0725403,114.1160278,103.0725403,103.0725403,213927
26/09/2012,115.3430862,120.251297,111.6619186,115.3430862,30561
27/09/2012,115.3430862,115.3430862,115.3430862,115.3430862,30561
28/09/2012,117.7971954,117.7971954,115.3430862,117.7971954,264862
01/10/2012,117.7971954,117.7971954,117.7971954,117.7971954,264862
02/10/2012,117.7971954,117.7971954,117.7971954,117.7971954,50935
03/10/2012,117.7971954,117.7971954,117.7971954,117.7971954,40748
04/10/2012,117.7971954,117.7971954,117.7971954,117.7971954,50935
05/10/2012,117.7971954,117.7971954,117.7971954,117.7971954,50935
08/10/2012,120.251297,125.1595154,117.7971954,120.251297,814960
09/10/2012,120.251297,120.251297,120.251297,120.251297,20374
10/10/2012,120.251297,120.251297,120.251297,120.251297,20374
11/10/2012,119.0242462,119.0242462,119.0242462,119.0242462,30561
12/10/2012,119.0242462,119.0242462,119.0242462,119.0242462,30561
15/10/2012,122.7054062,122.7054062,122.7054062,122.7054062,61122
16/10/2012,122.7054062,123.9324646,117.7971954,122.7054062,152805
17/10/2012,122.7054062,122.7054062,116.570137,122.7054062,692716
18/10/2012,125.1595154,127.6136246,125.1595154,125.1595154,213927
19/10/2012,125.1595154,125.1595154,125.1595154,125.1595154,213927
22/10/2012,123.9324646,123.9324646,123.9324646,123.9324646,10187
23/10/2012,122.7054062,122.7054062,119.0242462,122.7054062,101870
24/10/2012,119.0242462,122.7054062,119.0242462,119.0242462,91683
25/10/2012,122.7054062,122.7054062,116.570137,122.7054062,2546750
29/10/2012,120.251297,125.1595154,120.251297,120.251297,81496
30/10/2012,127.6136246,127.6136246,126.3865738,127.6136246,662155
31/10/2012,126.3865738,126.3865738,125.1595154,126.3865738,590846
01/11/2012,122.7054062,122.7054062,107.9807587,122.7054062,662155
02/11/2012,122.7054062,122.7054062,122.7054062,122.7054062,621407
05/11/2012,125.1595154,125.1595154,125.1595154,125.1595154,1059448
06/11/2012,125.1595154,125.1595154,125.1595154,125.1595154,1059448
07/11/2012,125.1595154,125.1595154,125.1595154,125.1595154,1039074
08/11/2012,125.1595154,125.1595154,125.1595154,125.1595154,1039074
09/11/2012,127.6136246,127.6136246,125.1595154,127.6136246,458415
12/11/2012,127.6136246,127.6136246,127.6136246,127.6136246,458415
13/11/2012,122.7054062,125.1595154,119.0242462,122.7054062,1273375
14/11/2012,122.7054062,122.7054062,122.7054062,122.7054062,183366
19/11/2012,120.251297,120.251297,120.251297,120.251297,529724
20/11/2012,127.6136246,127.6136246,125.1595154,127.6136246,1619733
21/11/2012,127.6136246,127.6136246,127.6136246,127.6136246,1619733
22/11/2012,127.6136246,127.6136246,121.4783554,127.6136246,162992
23/11/2012,132.5218353,132.5218353,122.7054062,132.5218353,1925343
26/11/2012,132.5218353,132.5218353,132.5218353,132.5218353,152805
27/11/2012,137.4300537,137.4300537,132.5218353,137.4300537,1609546
28/11/2012,146.0194397,146.0194397,141.1112213,146.0194397,2383758
29/11/2012,148.4735413,148.4735413,146.0194397,148.4735413,2750490
30/11/2012,148.4735413,148.4735413,148.4735413,148.4735413,2750490
03/12/2012,148.4735413,148.4735413,148.4735413,148.4735413,2750490
04/12/2012,148.4735413,148.4735413,148.4735413,148.4735413,2750490
05/12/2012,148.4735413,148.4735413,148.4735413,148.4735413,2750490
06/12/2012,148.4735413,148.4735413,148.4735413,148.4735413,2750490
07/12/2012,148.4735413,148.4735413,148.4735413,148.4735413,2750490
10/12/2012,148.4735413,148.4735413,148.4735413,148.4735413,0
11/12/2012,148.4735413,148.4735413,148.4735413,148.4735413,0
12/12/2012,137.4300537,137.4300537,117.7971954,137.4300537,5562102
13/12/2012,137.4300537,137.4300537,134.9759521,137.4300537,5093500
14/12/2012,134.9759521,137.4300537,134.9759521,134.9759521,112057
17/12/2012,134.9759521,134.9759521,134.9759521,134.9759521,5093500
18/12/2012,134.9759521,134.9759521,134.9759521,134.9759521,0
19/12/2012,134.9759521,137.4300537,126.3865738,134.9759521,601033
20/12/2012,147.2464905,164.4252472,134.9759521,147.2464905,1925343
21/12/2012,137.4300537,137.4300537,137.4300537,137.4300537,30561
26/12/2012,147.2464905,147.2464905,144.7923889,147.2464905,61
27/12/2012,171.7875671,176.6957855,144.7923889,171.7875671,32985506
28/12/2012,214.7344666,214.7344666,171.7875671,214.7344666,75577353
02/01/2013,174.241684,208.5991974,163.1981964,174.241684,1191879
03/01/2013,152.1547089,174.241684,142.3382721,152.1547089,2190205
04/01/2013,147.2464905,154.6088104,147.2464905,147.2464905,560285
07/01/2013,149.700592,149.700592,148.4735413,149.700592,295423
08/01/2013,149.700592,149.700592,149.700592,149.700592,81496
09/01/2013,148.4735413,148.4735413,142.3382721,148.4735413,601033
10/01/2013,148.4735413,149.700592,148.4735413,148.4735413,407480
11/01/2013,148.4735413,150.9276581,142.3382721,148.4735413,325984
14/01/2013,148.4735413,148.4735413,142.3382721,148.4735413,40748
15/01/2013,149.700592,157.0629272,148.4735413,149.700592,81496
16/01/2013,149.700592,150.9276581,149.700592,149.700592,458415
17/01/2013,147.2464905,149.700592,147.2464905,147.2464905,71309
18/01/2013,147.2464905,147.2464905,147.2464905,147.2464905,61122
21/01/2013,149.700592,152.1547089,149.700592,149.700592,132431
22/01/2013,149.700592,149.700592,149.700592,149.700592,0
23/01/2013,159.5170288,159.5170288,153.3817596,159.5170288,213927
25/01/2013,159.5170288,159.5170288,159.5170288,159.5170288,325984
28/01/2013,150.9276581,159.5170288,147.2464905,150.9276581,1028887
29/01/2013,150.9276581,150.9276581,150.9276581,150.9276581,81496
30/01/2013,152.1547089,154.6088104,152.1547089,152.1547089,458415
31/01/2013,152.1547089,152.1547089,152.1547089,152.1547089,458415
01/02/2013,150.9276581,150.9276581,150.9276581,150.9276581,152805
04/02/2013,150.9276581,150.9276581,150.9276581,150.9276581,152805
05/02/2013,150.9276581,150.9276581,150.9276581,150.9276581,0
06/02/2013,150.9276581,150.9276581,150.9276581,150.9276581,30561
07/02/2013,150.9276581,150.9276581,150.9276581,150.9276581,20374
08/02/2013,150.9276581,150.9276581,150.9276581,150.9276581,20374
11/02/2013,147.2464905,147.2464905,147.2464905,147.2464905,203740
12/02/2013,147.2464905,147.2464905,147.2464905,147.2464905,61122
13/02/2013,147.2464905,149.700592,147.2464905,147.2464905,315797
14/02/2013,147.2464905,147.2464905,147.2464905,147.2464905,315797
15/02/2013,147.2464905,147.2464905,147.2464905,147.2464905,315797
18/02/2013,147.2464905,147.2464905,146.0194397,147.2464905,244488
19/02/2013,144.7923889,144.7923889,144.7923889,144.7923889,407480
20/02/2013,152.1547089,152.1547089,152.1547089,152.1547089,20374
21/02/2013,152.1547089,152.1547089,152.1547089,152.1547089,20374
22/02/2013,147.2464905,147.2464905,147.2464905,147.2464905,407480
25/02/2013,147.2464905,147.2464905,147.2464905,147.2464905,10187
26/02/2013,125.1595154,146.0194397,112.8889771,125.1595154,1446554
27/02/2013,132.5218353,132.5218353,132.5218353,132.5218353,50935
28/02/2013,132.5218353,132.5218353,132.5218353,132.5218353,71309
01/03/2013,132.5218353,132.5218353,132.5218353,132.5218353,71309
04/03/2013,132.5218353,132.5218353,132.5218353,132.5218353,71309
05/03/2013,132.5218353,132.5218353,132.5218353,132.5218353,71309
06/03/2013,132.5218353,132.5218353,132.5218353,132.5218353,71309
07/03/2013,132.5218353,132.5218353,132.5218353,132.5218353,71309
08/03/2013,132.5218353,132.5218353,132.5218353,132.5218353,71309
11/03/2013,132.5218353,132.5218353,132.5218353,132.5218353,71309
13/03/2013,132.5218353,132.5218353,132.5218353,132.5218353,30561
14/03/2013,132.5218353,132.5218353,132.5218353,132.5218353,30561
15/03/2013,132.5218353,132.5218353,132.5218353,132.5218353,30561
18/03/2013,132.5218353,132.5218353,132.5218353,132.5218353,40748
19/03/2013,132.5218353,132.5218353,132.5218353,132.5218353,20374
20/03/2013,128.840683,137.4300537,127.6136246,128.840683,264862
21/03/2013,134.9759521,134.9759521,134.9759521,134.9759521,101870
22/03/2013,134.9759521,134.9759521,134.9759521,134.9759521,101870
25/03/2013,134.9759521,134.9759521,134.9759521,134.9759521,101870
26/03/2013,134.9759521,134.9759521,134.9759521,134.9759521,101870
27/03/2013,134.9759521,134.9759521,134.9759521,134.9759521,101870
28/03/2013,134.9759521,134.9759521,134.9759521,134.9759521,101870
01/04/2013,134.9759521,134.9759521,134.9759521,134.9759521,30561
02/04/2013,134.9759521,134.9759521,134.9759521,134.9759521,101870
03/04/2013,134.9759521,134.9759521,134.9759521,134.9759521,101870
04/04/2013,134.9759521,134.9759521,134.9759521,134.9759521,101870
05/04/2013,147.2464905,147.2464905,130.0677338,147.2464905,1864221
08/04/2013,147.2464905,147.2464905,137.4300537,147.2464905,2577311
09/04/2013,147.2464905,147.2464905,143.5653229,147.2464905,774212
10/04/2013,147.2464905,147.2464905,146.0194397,147.2464905,631594
11/04/2013,147.2464905,147.2464905,147.2464905,147.2464905,142618
12/04/2013,147.2464905,147.2464905,147.2464905,147.2464905,1059448
15/04/2013,147.2464905,147.2464905,147.2464905,147.2464905,1059448
16/04/2013,147.2464905,147.2464905,147.2464905,147.2464905,101870
17/04/2013,147.2464905,147.2464905,147.2464905,147.2464905,101870
18/04/2013,147.2464905,147.2464905,137.4300537,147.2464905,1609546
19/04/2013,147.2464905,147.2464905,147.2464905,147.2464905,10187
22/04/2013,147.2464905,147.2464905,147.2464905,147.2464905,0
23/04/2013,147.2464905,147.2464905,147.2464905,147.2464905,0
24/04/2013,147.2464905,147.2464905,142.3382721,147.2464905,3789564
25/04/2013,146.0194397,147.2464905,143.5653229,147.2464905,27127981
26/04/2013,147.2464905,147.2464905,147.2464905,147.2464905,27127981
29/04/2013,147.2464905,147.2464905,147.2464905,147.2464905,61122
30/04/2013,147.2464905,147.2464905,147.2464905,147.2464905,61122
01/05/2013,147.2464905,147.2464905,147.2464905,147.2464905,61122
02/05/2013,157.0629272,164.4252472,157.0629272,164.4252472,20374
03/05/2013,166.8793488,171.7875671,142.3382721,142.3382721,61
06/05/2013,142.3382721,142.3382721,142.3382721,142.3382721,50935
07/05/2013,142.3382721,142.3382721,142.3382721,142.3382721,50935
08/05/2013,142.3382721,142.3382721,142.3382721,142.3382721,50935
10/05/2013,142.3382721,142.3382721,142.3382721,142.3382721,50935
13/05/2013,152.1547089,152.1547089,142.3382721,142.3382721,61
14/05/2013,137.4300537,137.4300537,137.4300537,137.4300537,20374
15/05/2013,130.0677338,147.2464905,130.0677338,147.2464905,61
16/05/2013,147.2464905,147.2464905,147.2464905,147.2464905,132431
17/05/2013,147.2464905,147.2464905,147.2464905,147.2464905,132431
20/05/2013,147.2464905,147.2464905,147.2464905,147.2464905,132431
21/05/2013,147.2464905,147.2464905,147.2464905,147.2464905,132431
22/05/2013,147.2464905,147.2464905,147.2464905,147.2464905,132431
23/05/2013,147.2464905,147.2464905,147.2464905,147.2464905,132431
24/05/2013,147.2464905,147.2464905,147.2464905,147.2464905,132431
27/05/2013,147.2464905,147.2464905,147.2464905,147.2464905,132431
28/05/2013,147.2464905,147.2464905,147.2464905,147.2464905,376919
29/05/2013,147.2464905,147.2464905,147.2464905,147.2464905,427854
30/05/2013,136.2030029,137.4300537,123.9324646,137.4300537,3361710
31/05/2013,142.3382721,142.3382721,126.3865738,126.3865738,61
03/06/2013,121.4783554,121.4783554,120.251297,121.4783554,692716
04/06/2013,132.5218353,132.5218353,132.5218353,132.5218353,81496
05/06/2013,132.5218353,132.5218353,132.5218353,132.5218353,81496
07/06/2013,132.5218353,132.5218353,132.5218353,132.5218353,40748
10/06/2013,130.0677338,134.9759521,109.2078094,134.9759521,468602
11/06/2013,134.9759521,134.9759521,122.7054062,127.6136246,61
12/06/2013,122.7054062,142.3382721,122.7054062,141.1112213,61
13/06/2013,134.9759521,141.1112213,134.9759521,141.1112213,142618
14/06/2013,132.5218353,136.2030029,126.3865738,136.2030029,977952
17/06/2013,136.2030029,136.2030029,136.2030029,136.2030029,977952
18/06/2013,134.9759521,142.3382721,134.9759521,142.3382721,61
19/06/2013,142.3382721,147.2464905,142.3382721,142.3382721,275049
20/06/2013,142.3382721,142.3382721,142.3382721,142.3382721,275049
21/06/2013,142.3382721,142.3382721,142.3382721,142.3382721,275049
24/06/2013,142.3382721,142.3382721,142.3382721,142.3382721,275049
25/06/2013,142.3382721,142.3382721,142.3382721,142.3382721,275049
26/06/2013,142.3382721,142.3382721,142.3382721,142.3382721,275049
27/06/2013,132.5218353,142.3382721,120.251297,134.9759521,478789
28/06/2013,134.9759521,134.9759521,134.9759521,134.9759521,478789
01/07/2013,134.9759521,134.9759521,134.9759521,134.9759521,478789
02/07/2013,134.9759521,134.9759521,134.9759521,134.9759521,478789
03/07/2013,134.9759521,134.9759521,134.9759521,134.9759521,478789
04/07/2013,134.9759521,134.9759521,134.9759521,134.9759521,30561
05/07/2013,134.9759521,134.9759521,134.9759521,134.9759521,509350
08/07/2013,134.9759521,134.9759521,134.9759521,134.9759521,509350
09/07/2013,132.5218353,132.5218353,132.5218353,132.5218353,407480
10/07/2013,132.5218353,132.5218353,132.5218353,132.5218353,509350
11/07/2013,132.5218353,132.5218353,132.5218353,132.5218353,509350
12/07/2013,132.5218353,132.5218353,132.5218353,132.5218353,509350
15/07/2013,132.5218353,132.5218353,132.5218353,132.5218353,509350
16/07/2013,132.5218353,132.5218353,132.5218353,132.5218353,509350
17/07/2013,132.5218353,132.5218353,132.5218353,132.5218353,509350
18/07/2013,132.5218353,132.5218353,132.5218353,132.5218353,509350
19/07/2013,132.5218353,132.5218353,132.5218353,132.5218353,509350
22/07/2013,132.5218353,132.5218353,132.5218353,132.5218353,509350
23/07/2013,147.2464905,147.2464905,147.2464905,147.2464905,50935
24/07/2013,157.0629272,157.0629272,138.6571045,139.8841705,387106
25/07/2013,139.8841705,139.8841705,139.8841705,139.8841705,387106
26/07/2013,132.5218353,132.5218353,127.6136246,131.2947845,305610
29/07/2013,131.2947845,131.2947845,131.2947845,131.2947845,305610
30/07/2013,131.2947845,131.2947845,131.2947845,131.2947845,305610
31/07/2013,130.0677338,130.0677338,130.0677338,130.0677338,142618
01/08/2013,130.0677338,130.0677338,130.0677338,130.0677338,101870
02/08/2013,130.0677338,130.0677338,130.0677338,130.0677338,101870
12/08/2013,130.0677338,130.0677338,130.0677338,130.0677338,101870
13/08/2013,139.8841705,144.7923889,137.4300537,144.7923889,804773
14/08/2013,144.7923889,147.2464905,144.7923889,147.2464905,835334
15/08/2013,147.2464905,152.1547089,147.2464905,152.1547089,1833660
16/08/2013,152.1547089,152.1547089,152.1547089,152.1547089,1833660
19/08/2013,152.1547089,152.1547089,152.1547089,152.1547089,1833660
20/08/2013,152.1547089,152.1547089,152.1547089,152.1547089,1833660
21/08/2013,120.251297,149.700592,114.1160278,149.700592,2618059
22/08/2013,157.0629272,157.0629272,147.2464905,149.700592,285236
23/08/2013,142.3382721,144.7923889,127.6136246,139.8841705,6967908
26/08/2013,137.4300537,137.4300537,122.7054062,122.7054062,1314123
27/08/2013,117.7971954,117.7971954,117.7971954,117.7971954,122244
28/08/2013,127.6136246,127.6136246,127.6136246,127.6136246,203740
29/08/2013,127.6136246,127.6136246,127.6136246,127.6136246,203740
30/08/2013,127.6136246,127.6136246,127.6136246,127.6136246,203740
02/09/2013,127.6136246,127.6136246,127.6136246,127.6136246,203740
03/09/2013,127.6136246,127.6136246,127.6136246,127.6136246,203740
04/09/2013,127.6136246,127.6136246,127.6136246,127.6136246,203740
05/09/2013,127.6136246,127.6136246,127.6136246,127.6136246,0
06/09/2013,142.3382721,142.3382721,137.4300537,137.4300537,590846
09/09/2013,154.6088104,157.0629272,147.2464905,147.2464905,427854
10/09/2013,154.6088104,171.7875671,154.6088104,171.7875671,438041
11/09/2013,171.7875671,174.241684,159.5170288,174.241684,6937347
12/09/2013,171.7875671,196.3286591,171.7875671,176.6957855,2699555
13/09/2013,181.6040039,206.1450806,181.6040039,206.1450806,1202066
16/09/2013,206.1450806,220.8697357,206.1450806,220.8697357,6061265
17/09/2013,215.9615173,240.502594,215.9615173,240.502594,2444880
18/09/2013,240.502594,240.502594,201.2368774,206.1450806,224114
19/09/2013,206.1450806,206.1450806,193.8745422,193.8745422,988139
20/09/2013,186.5122223,186.5122223,186.5122223,186.5122223,10187
23/09/2013,181.6040039,181.6040039,181.6040039,181.6040039,10187
24/09/2013,184.0581055,196.3286591,184.0581055,196.3286591,2241140
25/09/2013,195.101593,196.3286591,195.101593,196.3286591,2118896
26/09/2013,195.101593,195.101593,176.6957855,176.6957855,325984
27/09/2013,188.9663239,188.9663239,171.7875671,171.7875671,40748
30/09/2013,191.4204407,196.3286591,186.5122223,191.4204407,3188531
01/10/2013,191.4204407,191.4204407,181.6040039,188.9663239,1904969
02/10/2013,180.3769531,180.3769531,180.3769531,180.3769531,40748
03/10/2013,176.6957855,176.6957855,161.9711456,170.5605164,1110383
04/10/2013,169.3334656,170.5605164,169.3334656,169.3334656,641781
07/10/2013,170.5605164,170.5605164,163.1981964,163.1981964,101870
08/10/2013,164.4252472,164.4252472,164.4252472,164.4252472,20374
09/10/2013,163.1981964,165.652298,163.1981964,163.1981964,275049
10/10/2013,159.5170288,159.5170288,159.5170288,159.5170288,10187
11/10/2013,159.5170288,159.5170288,147.2464905,147.2464905,1874408
16/10/2013,157.0629272,180.3769531,148.4735413,176.6957855,4940695
17/10/2013,176.6957855,176.6957855,154.6088104,160.7440796,2607872
18/10/2013,160.7440796,161.9711456,147.2464905,159.5170288,6784542
21/10/2013,161.9711456,164.4252472,155.8358765,161.9711456,1976278
22/10/2013,174.241684,174.241684,153.3817596,153.3817596,122244
23/10/2013,165.652298,165.652298,155.8358765,155.8358765,40748
24/10/2013,161.9711456,168.1064148,152.1547089,159.5170288,1782725
25/10/2013,158.289978,158.289978,155.8358765,155.8358765,101870
28/10/2013,157.0629272,161.9711456,157.0629272,157.0629272,254675
29/10/2013,157.0629272,168.1064148,157.0629272,166.8793488,1629920
30/10/2013,166.8793488,174.241684,166.8793488,169.3334656,692716
31/10/2013,166.8793488,166.8793488,161.9711456,161.9711456,325984
01/11/2013,163.1981964,179.1499023,163.1981964,168.1064148,3871060
04/11/2013,174.241684,176.6957855,153.3817596,154.6088104,3565450
06/11/2013,155.8358765,155.8358765,150.9276581,152.1547089,967765
07/11/2013,150.9276581,153.3817596,150.9276581,152.1547089,2465254
08/11/2013,152.1547089,155.8358765,150.9276581,153.3817596,4064613
11/11/2013,152.1547089,152.1547089,141.1112213,142.3382721,967765
12/11/2013,142.3382721,144.7923889,139.8841705,139.8841705,692716
13/11/2013,139.8841705,146.0194397,139.8841705,146.0194397,264862
14/11/2013,147.2464905,149.700592,144.7923889,148.4735413,1731790
15/11/2013,149.700592,149.700592,139.8841705,148.4735413,2393945
18/11/2013,148.4735413,148.4735413,146.0194397,148.4735413,1253001
19/11/2013,147.2464905,157.0629272,146.0194397,157.0629272,2027213
20/11/2013,157.0629272,157.0629272,150.9276581,154.6088104,2781051
21/11/2013,155.8358765,157.0629272,152.1547089,157.0629272,315797
22/11/2013,155.8358765,159.5170288,152.1547089,159.5170288,305610
25/11/2013,159.5170288,159.5170288,155.8358765,157.0629272,112057
26/11/2013,154.6088104,158.289978,152.1547089,158.289978,203740
27/11/2013,147.2464905,155.8358765,147.2464905,147.2464905,988139
28/11/2013,147.2464905,147.2464905,142.3382721,146.0194397,499163
29/11/2013,146.0194397,147.2464905,142.3382721,147.2464905,183366
02/12/2013,146.0194397,147.2464905,146.0194397,146.0194397,112057
03/12/2013,143.5653229,146.0194397,142.3382721,146.0194397,315797
04/12/2013,142.3382721,146.0194397,142.3382721,146.0194397,580659
05/12/2013,144.7923889,144.7923889,142.3382721,142.3382721,305610
06/12/2013,144.7923889,144.7923889,143.5653229,143.5653229,71309
09/12/2013,143.5653229,143.5653229,141.1112213,142.3382721,1018700
10/12/2013,142.3382721,142.3382721,141.1112213,142.3382721,3504328
11/12/2013,142.3382721,142.3382721,142.3382721,142.3382721,183366
12/12/2013,142.3382721,142.3382721,142.3382721,142.3382721,448228
13/12/2013,142.3382721,142.3382721,137.4300537,142.3382721,4930508
16/12/2013,141.1112213,142.3382721,141.1112213,142.3382721,876082
17/12/2013,142.3382721,142.3382721,141.1112213,141.1112213,122244
18/12/2013,142.3382721,142.3382721,139.8841705,142.3382721,916830
19/12/2013,141.1112213,144.7923889,141.1112213,142.3382721,162992
20/12/2013,142.3382721,142.3382721,138.6571045,138.6571045,61122
23/12/2013,138.6571045,139.8841705,137.4300537,137.4300537,611220
24/12/2013,138.6571045,143.5653229,136.2030029,142.3382721,6224257
27/12/2013,144.7923889,146.0194397,144.7923889,146.0194397,91683
30/12/2013,146.0194397,146.0194397,142.3382721,146.0194397,1039074
02/01/2014,142.3382721,142.3382721,141.1112213,141.1112213,244488
03/01/2014,142.3382721,142.3382721,139.8841705,142.3382721,1354871
06/01/2014,143.5653229,143.5653229,138.6571045,138.6571045,91683
07/01/2014,138.6571045,138.6571045,138.6571045,138.6571045,197627
08/01/2014,137.4300537,137.4300537,137.4300537,137.4300537,71309
09/01/2014,137.4300537,137.6754608,137.4300537,137.6754608,399330
10/01/2014,137.4300537,137.4300537,136.44841,136.44841,122244
13/01/2014,137.4300537,137.4300537,137.4300537,137.4300537,144655
15/01/2014,137.4300537,147.2464905,132.5218353,132.5218353,317834
16/01/2014,134.4851227,134.4851227,134.4851227,134.4851227,85570
17/01/2014,134.9759521,137.4300537,134.9759521,137.4300537,262824
20/01/2014,139.8841705,139.8841705,139.8841705,139.8841705,61122
21/01/2014,142.3382721,142.3382721,139.8841705,139.8841705,409517
22/01/2014,139.8841705,139.8841705,139.8841705,139.8841705,57047
23/01/2014,142.3382721,142.3382721,142.3382721,142.3382721,1275412
24/01/2014,137.4300537,147.2464905,137.4300537,137.4300537,65196
27/01/2014,137.4300537,137.4300537,136.9392395,137.4300537,140580
28/01/2014,137.4300537,142.3382721,136.44841,142.3382721,2666956
29/01/2014,142.3382721,142.3382721,141.8474579,141.8474579,590846
30/01/2014,141.8474579,142.3382721,139.8841705,142.3382721,603070
03/02/2014,142.3382721,142.3382721,136.2030029,140.6203918,250600
04/02/2014,134.9759521,141.6020355,134.9759521,134.9759521,46860
05/02/2014,137.4300537,137.4300537,128.840683,128.840683,59084
06/02/2014,132.5218353,132.5218353,123.9324646,123.9324646,660117
07/02/2014,125.1595154,125.1595154,125.1595154,125.1595154,30561
10/02/2014,125.1595154,128.840683,123.9324646,128.840683,97795
11/02/2014,122.7054062,122.7054062,122.7054062,122.7054062,24448
12/02/2014,122.9508209,125.1595154,122.9508209,122.9508209,411554
13/02/2014,122.9508209,125.1595154,122.9508209,125.1595154,617332
14/02/2014,122.9508209,124.9141083,120.251297,120.251297,205777
17/02/2014,120.251297,124.9141083,120.251297,120.251297,576584
18/02/2014,120.4967117,127.3682175,120.251297,120.251297,1037036
19/02/2014,122.7054062,126.6319809,120.4967117,125.1595154,2607872
20/02/2014,125.1595154,125.1595154,120.9875336,120.9875336,116131
21/02/2014,123.4416428,126.8773956,120.9875336,120.9875336,55009
24/02/2014,120.9875336,125.4049301,120.7421188,120.7421188,122244
25/02/2014,120.7421188,123.196228,120.4967117,123.196228,348395
26/02/2014,120.7421188,124.4232864,120.4967117,122.7054062,957578
27/02/2014,122.7054062,124.9141083,122.7054062,124.9141083,112057
28/02/2014,120.4967117,124.4232864,120.4967117,124.4232864,134468
03/03/2014,120.251297,120.251297,118.5334244,118.5334244,146692
04/03/2014,122.7054062,123.9324646,122.4599991,122.4599991,116131
05/03/2014,122.7054062,127.6136246,119.2696533,119.5150681,884231
06/03/2014,119.5150681,122.4599991,119.0242462,119.2696533,332096
07/03/2014,119.5150681,119.5150681,118.0426025,118.0426025,220039
10/03/2014,118.0426025,118.7788315,116.0793152,118.2880173,1536199
11/03/2014,117.7971954,117.7971954,115.3430862,115.3430862,252637
12/03/2014,117.7971954,117.7971954,115.0976715,116.8155518,806810
13/03/2014,113.625206,116.3247299,113.625206,116.3247299,22411
14/03/2014,116.3247299,117.5517807,113.3797989,115.5884933,1422105
17/03/2014,116.570137,116.570137,113.625206,115.8339081,2976641
18/03/2014,115.3430862,115.3430862,112.8889771,112.8889771,1784762
19/03/2014,112.8889771,116.8155518,112.8889771,116.8155518,148730
20/03/2014,112.8889771,117.7971954,109.944046,116.3247299,1275412
21/03/2014,113.3797989,116.3247299,113.3797989,116.3247299,46860
24/03/2014,116.3247299,116.3247299,116.3247299,116.3247299,20374
25/03/2014,113.8706207,115.8339081,113.3797989,115.3430862,495088
26/03/2014,113.625206,115.3430862,113.3797989,115.3430862,195590
27/03/2014,113.625206,115.3430862,113.625206,115.3430862,205777
28/03/2014,114.8522644,114.8522644,114.8522644,114.8522644,20374
01/04/2014,113.1343842,113.1343842,113.1343842,113.1343842,6112
02/04/2014,112.8889771,115.3430862,112.8889771,115.3430862,118169
03/04/2014,116.8155518,119.7604828,115.3430862,115.3430862,5531541
04/04/2014,112.8889771,115.0976715,112.8889771,114.8522644,152805
07/04/2014,112.8889771,114.8522644,112.8889771,114.8522644,503237
08/04/2014,112.8889771,114.8522644,112.8889771,114.8522644,40748
09/04/2014,114.8522644,114.8522644,114.8522644,114.8522644,0
10/04/2014,110.680275,110.680275,110.680275,110.680275,14261
11/04/2014,116.8155518,116.8155518,111.4165115,111.4165115,55009
14/04/2014,111.4165115,111.4165115,111.4165115,111.4165115,8149
15/04/2014,110.9256897,110.9256897,110.9256897,110.9256897,91683
16/04/2014,110.4348679,110.4348679,110.4348679,110.4348679,20374
17/04/2014,110.4348679,110.4348679,110.4348679,110.4348679,16299
21/04/2014,110.4348679,110.4348679,110.4348679,110.4348679,14261
22/04/2014,114.8522644,114.8522644,114.8522644,114.8522644,20374
23/04/2014,117.0609589,117.7971954,114.8522644,117.7971954,40748
24/04/2014,110.9256897,110.9256897,110.9256897,110.9256897,4074
25/04/2014,116.3247299,116.3247299,116.3247299,116.3247299,20374
28/04/2014,115.8339081,122.7054062,115.8339081,122.7054062,9437236
29/04/2014,122.7054062,122.7054062,118.0426025,122.7054062,14838384
30/04/2014,123.196228,123.196228,120.251297,122.7054062,13876731
02/05/2014,120.251297,122.7054062,120.251297,122.7054062,19155634
05/05/2014,122.7054062,122.7054062,122.7054062,122.7054062,6550241
06/05/2014,122.7054062,122.9508209,122.7054062,122.7054062,232263
07/05/2014,122.7054062,122.7054062,122.7054062,122.7054062,436003
08/05/2014,122.7054062,122.7054062,122.7054062,122.7054062,36673
09/05/2014,124.9141083,127.8590393,124.6686935,124.6686935,6275192
12/05/2014,127.6136246,130.0677338,127.6136246,130.0677338,2687330
13/05/2014,131.0493774,131.0493774,129.8223267,130.0677338,1446554
14/05/2014,130.0677338,130.0677338,127.6136246,130.0677338,4651384
16/05/2014,127.8590393,130.0677338,127.6136246,130.0677338,7344827
19/05/2014,130.0677338,130.0677338,127.8590393,130.0677338,709015
20/05/2014,127.8590393,130.0677338,127.8590393,127.8590393,1951829
21/05/2014,130.0677338,130.0677338,129.8223267,130.0677338,165029
22/05/2014,130.0677338,132.5218353,127.8590393,130.0677338,1365058
23/05/2014,128.840683,129.0860901,128.840683,128.840683,493050
26/05/2014,128.1044464,128.840683,128.1044464,128.1044464,541948
28/05/2014,128.5952606,130.0677338,128.5952606,128.5952606,772174
30/05/2014,129.5769043,130.0677338,129.5769043,129.5769043,629556
02/06/2014,128.840683,130.0677338,128.840683,128.840683,256712
03/06/2014,128.5952606,130.0677338,128.3498535,128.5952606,4500616
04/06/2014,128.5952606,130.0677338,128.5952606,128.5952606,753838
05/06/2014,130.0677338,130.0677338,128.5952606,128.5952606,299497
06/06/2014,130.0677338,130.0677338,123.6870499,130.0677338,996288
09/06/2014,128.840683,130.0677338,128.840683,128.840683,3037763
10/06/2014,129.8223267,130.0677338,128.840683,129.8223267,9457610
11/06/2014,129.0860901,129.0860901,129.0860901,129.0860901,61122
12/06/2014,129.0860901,130.0677338,129.0860901,129.0860901,73346
13/06/2014,130.0677338,130.0677338,128.5952606,130.0677338,1061485
16/06/2014,130.0677338,130.0677338,130.0677338,130.0677338,295423
17/06/2014,129.0860901,129.0860901,129.0860901,129.0860901,839408
18/06/2014,128.840683,128.840683,128.840683,128.840683,101870
19/06/2014,128.840683,130.0677338,128.5952606,128.840683,23371015
20/06/2014,128.840683,128.840683,128.840683,128.840683,89645
23/06/2014,127.8590393,128.3498535,127.8590393,127.8590393,142618
24/06/2014,130.0677338,130.0677338,127.6136246,130.0677338,4893834
25/06/2014,127.8590393,130.0677338,127.8590393,127.8590393,709015
26/06/2014,127.8590393,130.0677338,127.8590393,127.8590393,36673
27/06/2014,130.0677338,130.0677338,127.6136246,130.0677338,34366863
30/06/2014,128.1044464,130.0677338,128.1044464,128.1044464,191515
01/07/2014,130.0677338,130.0677338,129.8223267,130.0677338,3031651
02/07/2014,130.0677338,130.8039703,128.3498535,130.0677338,851633
03/07/2014,130.0677338,132.5218353,130.0677338,130.0677338,8157749
04/07/2014,130.0677338,130.0677338,128.3498535,130.0677338,702903
07/07/2014,128.840683,128.840683,128.840683,128.840683,160954
08/07/2014,128.3498535,130.0677338,128.3498535,128.3498535,23715336
09/07/2014,128.3498535,128.3498535,128.3498535,128.3498535,0
10/07/2014,128.1044464,130.0677338,128.1044464,128.1044464,82048135
11/07/2014,128.840683,130.0677338,128.5952606,128.840683,32176658
14/07/2014,130.0677338,130.0677338,128.840683,130.0677338,40210126
15/07/2014,130.0677338,130.0677338,130.0677338,130.0677338,85570
16/07/2014,130.0677338,130.0677338,130.0677338,130.0677338,0
17/07/2014,134.4851227,134.730545,130.0677338,134.4851227,460452
18/07/2014,132.5218353,134.9759521,132.5218353,132.5218353,34635
21/07/2014,132.5218353,132.5218353,132.5218353,132.5218353,57047
22/07/2014,132.5218353,132.5218353,132.5218353,132.5218353,81496
23/07/2014,132.5218353,132.5218353,132.5218353,132.5218353,61122
24/07/2014,132.5218353,132.5218353,132.5218353,132.5218353,0
25/07/2014,132.5218353,132.5218353,132.5218353,132.5218353,0
04/08/2014,130.0677338,130.0677338,130.0677338,130.0677338,20374
05/08/2014,130.0677338,130.0677338,130.0677338,130.0677338,20374
06/08/2014,130.0677338,130.0677338,130.0677338,130.0677338,0
07/08/2014,130.0677338,130.0677338,130.0677338,130.0677338,0
08/08/2014,130.0677338,130.0677338,130.0677338,130.0677338,0
11/08/2014,130.0677338,130.0677338,130.0677338,130.0677338,0
12/08/2014,130.0677338,130.0677338,130.0677338,130.0677338,0
13/08/2014,132.5218353,132.5218353,130.0677338,132.5218353,18336
14/08/2014,132.5218353,132.5218353,132.5218353,132.5218353,0
15/08/2014,133.7489014,133.7489014,133.2580719,133.7489014,32598
18/08/2014,133.7489014,133.7489014,133.7489014,133.7489014,0
19/08/2014,133.7489014,133.7489014,133.7489014,133.7489014,101870
20/08/2014,133.7489014,133.7489014,133.7489014,133.7489014,116131
21/08/2014,133.7489014,133.7489014,133.7489014,133.7489014,0
22/08/2014,133.7489014,133.7489014,133.7489014,133.7489014,0
25/08/2014,146.5102539,146.755661,130.0677338,146.5102539,30561
26/08/2014,147.2464905,147.2464905,146.5102539,147.2464905,2561011
27/08/2014,147.2464905,159.5170288,147.2464905,147.2464905,2057774
28/08/2014,146.2648468,147.2464905,144.7923889,146.2648468,2999052
29/08/2014,159.2716217,159.2716217,157.0629272,159.2716217,50935
01/09/2014,151.1730652,151.6638794,148.4735413,151.1730652,389143
02/09/2014,151.1730652,151.1730652,151.1730652,151.1730652,0
03/09/2014,152.1547089,152.1547089,152.1547089,152.1547089,8149
04/09/2014,159.2716217,159.2716217,147.4918976,159.2716217,126318
05/09/2014,159.2716217,159.2716217,159.2716217,159.2716217,0
08/09/2014,159.2716217,159.2716217,159.2716217,159.2716217,0
09/09/2014,159.2716217,159.2716217,159.2716217,159.2716217,0
10/09/2014,159.2716217,159.2716217,159.2716217,159.2716217,0
11/09/2014,159.2716217,159.5170288,159.2716217,159.2716217,1222440
12/09/2014,157.0629272,157.3083344,157.0629272,157.0629272,85570
15/09/2014,159.0262146,159.0262146,159.0262146,159.0262146,20374
16/09/2014,158.7807922,159.5170288,158.7807922,158.7807922,374881
17/09/2014,159.5170288,159.5170288,159.5170288,159.5170288,101870
18/09/2014,159.5170288,159.5170288,159.5170288,159.5170288,2037
19/09/2014,159.5170288,159.5170288,159.5170288,159.5170288,0
22/09/2014,159.5170288,159.5170288,159.5170288,159.5170288,0
23/09/2014,159.5170288,159.5170288,159.5170288,159.5170288,0
24/09/2014,159.5170288,159.5170288,159.5170288,159.5170288,40748
25/09/2014,159.5170288,159.5170288,159.5170288,159.5170288,0
26/09/2014,159.5170288,159.5170288,159.5170288,159.5170288,0
29/09/2014,147.2464905,147.2464905,147.2464905,147.2464905,30561
30/09/2014,157.0629272,159.5170288,152.1547089,157.0629272,75383
01/10/2014,157.0629272,159.5170288,157.0629272,157.0629272,63159
02/10/2014,157.0629272,157.0629272,157.0629272,157.0629272,0
03/10/2014,157.0629272,157.0629272,157.0629272,157.0629272,0
06/10/2014,157.0629272,157.0629272,157.0629272,157.0629272,0
07/10/2014,159.5170288,159.5170288,157.0629272,159.5170288,244488
08/10/2014,159.5170288,159.5170288,159.5170288,159.5170288,0
09/10/2014,159.5170288,159.5170288,159.5170288,159.5170288,0
10/10/2014,159.5170288,159.5170288,159.5170288,159.5170288,0
13/10/2014,159.5170288,159.5170288,159.5170288,159.5170288,0
14/10/2014,159.5170288,159.5170288,159.5170288,159.5170288,0
15/10/2014,159.5170288,159.5170288,159.5170288,159.5170288,0
16/10/2014,159.5170288,159.5170288,159.5170288,159.5170288,0
17/10/2014,159.5170288,159.5170288,159.5170288,159.5170288,0
20/10/2014,159.5170288,159.5170288,159.5170288,159.5170288,0
21/10/2014,157.0629272,157.0629272,157.0629272,157.0629272,2037
22/10/2014,157.0629272,157.0629272,157.0629272,157.0629272,0
23/10/2014,157.0629272,157.0629272,157.0629272,157.0629272,0
24/10/2014,157.0629272,157.0629272,157.0629272,157.0629272,0
27/10/2014,157.0629272,157.0629272,157.0629272,157.0629272,0
28/10/2014,157.0629272,157.0629272,157.0629272,157.0629272,0
29/10/2014,157.0629272,157.0629272,157.0629272,157.0629272,0
30/10/2014,157.0629272,157.0629272,157.0629272,157.0629272,0
31/10/2014,157.0629272,157.0629272,157.0629272,157.0629272,0
03/11/2014,157.0629272,157.0629272,157.0629272,157.0629272,0
04/11/2014,157.0629272,157.0629272,157.0629272,157.0629272,0
05/11/2014,157.0629272,157.0629272,157.0629272,157.0629272,0
06/11/2014,157.0629272,157.0629272,157.0629272,157.0629272,0
07/11/2014,157.0629272,157.0629272,157.0629272,157.0629272,0
10/11/2014,157.0629272,157.0629272,157.0629272,157.0629272,0
11/11/2014,157.0629272,157.0629272,157.0629272,157.0629272,0
12/11/2014,157.0629272,157.0629272,157.0629272,157.0629272,0
13/11/2014,147.2464905,147.2464905,147.2464905,147.2464905,203740
14/11/2014,147.2464905,147.2464905,147.2464905,147.2464905,0
17/11/2014,147.2464905,147.2464905,147.0010834,147.2464905,5399110
18/11/2014,145.2832031,147.2464905,145.2832031,145.2832031,110019
19/11/2014,147.2464905,152.1547089,147.2464905,147.2464905,580659
20/11/2014,147.2464905,147.2464905,145.037796,147.2464905,478789
21/11/2014,147.2464905,147.2464905,147.2464905,147.2464905,0
24/11/2014,147.2464905,147.2464905,145.2832031,147.2464905,114094
25/11/2014,147.2464905,147.2464905,147.2464905,147.2464905,448228
26/11/2014,147.2464905,147.2464905,147.2464905,147.2464905,101870
27/11/2014,147.2464905,147.2464905,147.2464905,147.2464905,203740
28/11/2014,147.2464905,147.2464905,147.2464905,147.2464905,203740
01/12/2014,147.2464905,147.2464905,147.2464905,147.2464905,203740
02/12/2014,147.2464905,147.2464905,147.2464905,147.2464905,448228
03/12/2014,145.2832031,147.2464905,145.2832031,147.2464905,220039
04/12/2014,151.6638794,151.6638794,147.2464905,147.2464905,244488
05/12/2014,147.2464905,147.2464905,147.2464905,147.2464905,448228
08/12/2014,147.2464905,147.2464905,147.2464905,147.2464905,203740
09/12/2014,149.700592,149.700592,147.2464905,147.2464905,226151
10/12/2014,142.3382721,151.6638794,142.3382721,147.2464905,442115
11/12/2014,147.2464905,147.2464905,147.2464905,147.2464905,203740
12/12/2014,147.2464905,147.2464905,147.2464905,147.2464905,1059448
15/12/2014,147.2464905,147.2464905,147.2464905,147.2464905,448228
16/12/2014,142.3382721,147.2464905,142.3382721,147.2464905,3871060
17/12/2014,147.2464905,147.2464905,147.2464905,147.2464905,203740
18/12/2014,147.2464905,147.2464905,142.3382721,147.2464905,533798
19/12/2014,147.2464905,147.2464905,147.2464905,147.2464905,2994978
22/12/2014,147.2464905,147.2464905,147.2464905,147.2464905,203740
23/12/2014,147.2464905,147.2464905,147.2464905,147.2464905,448228
24/12/2014,147.2464905,147.2464905,147.2464905,147.2464905,1018700
29/12/2014,147.2464905,147.2464905,147.2464905,147.2464905,2037400
30/12/2014,147.2464905,147.2464905,147.2464905,147.2464905,244488
02/01/2015,147.2464905,147.2464905,147.2464905,147.2464905,203740
05/01/2015,147.2464905,147.2464905,147.2464905,147.2464905,264862
06/01/2015,147.2464905,147.2464905,147.2464905,147.2464905,0
07/01/2015,147.2464905,147.2464905,147.2464905,147.2464905,2037
08/01/2015,147.2464905,147.2464905,147.2464905,147.2464905,1629920
09/01/2015,147.2464905,147.2464905,147.2464905,147.2464905,2442842
12/01/2015,147.2464905,147.2464905,147.2464905,147.2464905,0
13/01/2015,147.2464905,147.2464905,147.2464905,147.2464905,0
14/01/2015,147.2464905,152.1547089,147.2464905,147.2464905,4463943
15/01/2015,147.2464905,149.700592,147.2464905,147.2464905,2241140
16/01/2015,147.2464905,147.2464905,147.2464905,147.2464905,0
19/01/2015,147.2464905,147.2464905,147.2464905,147.2464905,203740
20/01/2015,147.2464905,147.2464905,147.2464905,147.2464905,448228
21/01/2015,147.2464905,147.2464905,147.2464905,147.2464905,448228
22/01/2015,147.2464905,147.2464905,147.2464905,147.2464905,114094
23/01/2015,147.2464905,147.2464905,147.2464905,147.2464905,203740
26/01/2015,147.2464905,147.2464905,147.2464905,147.2464905,448228
27/01/2015,147.2464905,147.2464905,147.2464905,147.2464905,0
28/01/2015,147.2464905,147.2464905,147.2464905,147.2464905,488976
29/01/2015,147.2464905,147.2464905,147.2464905,147.2464905,0
30/01/2015,147.2464905,147.2464905,147.2464905,147.2464905,0
02/02/2015,147.2464905,147.2464905,147.2464905,147.2464905,0
03/02/2015,147.2464905,147.2464905,147.2464905,147.2464905,488976
04/02/2015,147.2464905,147.2464905,147.2464905,147.2464905,488976
05/02/2015,147.2464905,147.2464905,147.2464905,147.2464905,488976
06/02/2015,147.2464905,147.2464905,147.2464905,147.2464905,488976
09/02/2015,147.2464905,147.2464905,147.2464905,147.2464905,203740
10/02/2015,144.7923889,147.2464905,143.5653229,147.2464905,1100196
11/02/2015,147.2464905,147.2464905,147.2464905,147.2464905,0
12/02/2015,147.2464905,147.2464905,147.2464905,147.2464905,0
13/02/2015,147.2464905,147.2464905,147.2464905,147.2464905,203740
16/02/2015,147.2464905,147.2464905,147.2464905,147.2464905,417667
17/02/2015,147.2464905,147.2464905,147.2464905,147.2464905,0
18/02/2015,147.2464905,147.2464905,147.2464905,147.2464905,0
20/02/2015,147.2464905,147.2464905,147.2464905,147.2464905,409517
23/02/2015,147.2464905,147.2464905,147.2464905,147.2464905,0
24/02/2015,147.2464905,147.2464905,147.2464905,147.2464905,0
25/02/2015,147.2464905,147.2464905,147.2464905,147.2464905,0
26/02/2015,148.9643707,148.9643707,148.7189484,148.7189484,6112
27/02/2015,148.7189484,148.7189484,148.7189484,148.7189484,0
02/03/2015,148.7189484,148.7189484,148.7189484,148.7189484,0
03/03/2015,148.7189484,148.7189484,148.7189484,148.7189484,0
04/03/2015,148.7189484,148.7189484,148.7189484,148.7189484,0
05/03/2015,148.7189484,148.7189484,148.7189484,148.7189484,0
06/03/2015,148.7189484,148.7189484,148.7189484,148.7189484,0
09/03/2015,148.7189484,148.7189484,148.7189484,148.7189484,0
10/03/2015,148.7189484,148.7189484,148.7189484,148.7189484,0
11/03/2015,147.2464905,147.2464905,147.2464905,147.2464905,20374
12/03/2015,147.2464905,147.2464905,147.2464905,147.2464905,203740
13/03/2015,147.2464905,147.2464905,147.2464905,147.2464905,203740
16/03/2015,147.2464905,147.2464905,147.2464905,147.2464905,0
17/03/2015,147.2464905,147.2464905,147.2464905,147.2464905,0
18/03/2015,147.2464905,147.2464905,147.2464905,147.2464905,488976
19/03/2015,147.2464905,147.2464905,147.2464905,147.2464905,0
20/03/2015,147.2464905,147.2464905,147.2464905,147.2464905,488976
23/03/2015,147.2464905,147.2464905,147.2464905,147.2464905,411554
24/03/2015,147.2464905,147.2464905,147.2464905,147.2464905,0
25/03/2015,147.2464905,147.2464905,147.2464905,147.2464905,0
26/03/2015,147.2464905,147.2464905,147.2464905,147.2464905,0
27/03/2015,147.2464905,147.2464905,147.2464905,147.2464905,0
30/03/2015,142.3382721,147.2464905,142.3382721,147.2464905,4453756
31/03/2015,143.0745087,147.2464905,142.8291016,147.2464905,12224
01/04/2015,147.2464905,147.2464905,147.2464905,147.2464905,203740
02/04/2015,147.2464905,147.2464905,147.2464905,147.2464905,0
06/04/2015,147.2464905,147.2464905,147.2464905,147.2464905,0
07/04/2015,147.2464905,147.2464905,147.2464905,147.2464905,5073126
08/04/2015,147.2464905,147.2464905,147.2464905,147.2464905,0
09/04/2015,147.2464905,147.2464905,147.2464905,147.2464905,0
10/04/2015,144.7923889,147.2464905,144.7923889,147.2464905,1305973
13/04/2015,147.2464905,147.2464905,147.2464905,147.2464905,0
14/04/2015,147.2464905,147.2464905,147.2464905,147.2464905,0
15/04/2015,147.2464905,147.2464905,147.2464905,147.2464905,0
16/04/2015,147.2464905,147.2464905,147.2464905,147.2464905,0
17/04/2015,147.2464905,147.2464905,147.2464905,147.2464905,20374
20/04/2015,147.2464905,147.2464905,147.2464905,147.2464905,0
21/04/2015,147.2464905,147.2464905,147.2464905,147.2464905,0
22/04/2015,147.2464905,147.2464905,147.2464905,147.2464905,0
23/04/2015,152.1547089,152.1547089,147.2464905,147.2464905,499163
24/04/2015,148.4735413,148.4735413,147.2464905,147.2464905,977952
27/04/2015,147.2464905,152.1547089,147.2464905,147.2464905,1662518
28/04/2015,149.700592,149.700592,149.700592,149.700592,977952
29/04/2015,152.1547089,152.1547089,152.1547089,152.1547089,937204
30/04/2015,154.6088104,154.6088104,154.6088104,154.6088104,503237
04/05/2015,154.6088104,154.6088104,154.6088104,154.6088104,1996652
05/05/2015,157.0629272,157.0629272,157.0629272,157.0629272,3076474
06/05/2015,157.0629272,157.0629272,157.0629272,157.0629272,709015
07/05/2015,147.2464905,147.2464905,147.2464905,147.2464905,488976
08/05/2015,149.700592,157.0629272,149.700592,157.0629272,511387
11/05/2015,159.0262146,159.5170288,157.0629272,157.0629272,167066
12/05/2015,159.5170288,166.8793488,159.5170288,166.8793488,1018700
13/05/2015,166.8793488,166.8793488,166.8793488,166.8793488,0
15/05/2015,171.54216,171.54216,169.3334656,169.3334656,124281
18/05/2015,169.3334656,169.3334656,169.3334656,169.3334656,0
19/05/2015,164.4252472,169.3334656,159.5170288,169.3334656,1746051
20/05/2015,171.2967529,171.7875671,171.2967529,171.7875671,2039437
21/05/2015,171.7875671,171.7875671,171.54216,171.7875671,3074436
22/05/2015,171.7875671,171.7875671,171.7875671,171.7875671,185403
25/05/2015,171.54216,174.241684,171.54216,174.241684,827184
26/05/2015,176.6957855,179.1499023,176.6957855,179.1499023,790511
27/05/2015,183.8126984,184.0581055,183.8126984,184.0581055,387106
28/05/2015,188.9663239,198.7827606,172.2783966,172.2783966,16299
29/05/2015,172.2783966,172.2783966,172.2783966,172.2783966,0
01/06/2015,172.2783966,172.2783966,172.2783966,172.2783966,0
03/06/2015,171.7875671,171.7875671,171.54216,171.7875671,3921995
04/06/2015,170.5605164,170.5605164,170.5605164,170.5605164,24448
05/06/2015,170.5605164,170.5605164,170.5605164,170.5605164,162992
08/06/2015,169.3334656,169.3334656,166.8793488,166.8793488,554172
09/06/2015,166.8793488,166.8793488,166.8793488,166.8793488,311722
10/06/2015,166.8793488,166.8793488,166.8793488,166.8793488,0
11/06/2015,166.8793488,166.8793488,166.8793488,166.8793488,50935
12/06/2015,166.8793488,166.8793488,164.4252472,164.4252472,162992
15/06/2015,164.4252472,164.4252472,164.4252472,164.4252472,0
16/06/2015,164.4252472,164.4252472,164.4252472,164.4252472,59084
17/06/2015,164.4252472,164.4252472,164.4252472,164.4252472,0
18/06/2015,164.4252472,164.4252472,164.4252472,164.4252472,0
19/06/2015,164.4252472,164.4252472,164.4252472,164.4252472,0
22/06/2015,164.4252472,164.4252472,164.4252472,164.4252472,0
23/06/2015,164.4252472,164.4252472,164.4252472,164.4252472,0
24/06/2015,164.4252472,164.4252472,164.4252472,164.4252472,0
25/06/2015,164.4252472,164.4252472,164.4252472,164.4252472,0
26/06/2015,164.4252472,164.4252472,164.4252472,164.4252472,0
29/06/2015,164.4252472,164.4252472,164.4252472,164.4252472,0
30/06/2015,164.4252472,164.4252472,164.4252472,164.4252472,0
01/07/2015,164.4252472,164.4252472,164.4252472,164.4252472,0
02/07/2015,159.5170288,159.5170288,159.5170288,159.5170288,50935
03/07/2015,159.5170288,159.5170288,159.5170288,159.5170288,0
06/07/2015,159.5170288,159.5170288,159.5170288,159.5170288,0
07/07/2015,161.9711456,161.9711456,161.9711456,161.9711456,30561
08/07/2015,161.9711456,161.9711456,161.9711456,161.9711456,0
09/07/2015,161.9711456,161.9711456,161.9711456,161.9711456,0
10/07/2015,161.9711456,161.9711456,161.9711456,161.9711456,71309
13/07/2015,161.9711456,161.9711456,161.9711456,161.9711456,0
14/07/2015,161.9711456,161.9711456,161.9711456,161.9711456,0
15/07/2015,161.9711456,161.9711456,161.9711456,161.9711456,0
22/07/2015,161.9711456,161.9711456,161.9711456,161.9711456,0
23/07/2015,161.9711456,161.9711456,161.9711456,161.9711456,0
24/07/2015,161.9711456,161.9711456,161.9711456,161.9711456,0
27/07/2015,161.9711456,161.9711456,161.9711456,161.9711456,0
28/07/2015,161.9711456,161.9711456,161.9711456,161.9711456,0
29/07/2015,171.7875671,171.7875671,171.7875671,171.7875671,8149
30/07/2015,171.7875671,171.7875671,171.7875671,171.7875671,4074
31/07/2015,171.7875671,171.7875671,171.7875671,171.7875671,0
03/08/2015,171.7875671,171.7875671,171.7875671,171.7875671,10187
04/08/2015,171.7875671,171.7875671,171.7875671,171.7875671,0
05/08/2015,171.7875671,171.7875671,171.7875671,171.7875671,0
06/08/2015,166.8793488,166.8793488,166.8793488,166.8793488,20374
07/08/2015,166.8793488,166.8793488,166.8793488,166.8793488,0
10/08/2015,166.8793488,166.8793488,166.8793488,166.8793488,0
11/08/2015,166.8793488,166.8793488,166.8793488,166.8793488,0
12/08/2015,166.8793488,166.8793488,166.8793488,166.8793488,0
13/08/2015,166.8793488,166.8793488,166.8793488,166.8793488,0
14/08/2015,166.8793488,166.8793488,166.8793488,166.8793488,0
18/08/2015,166.8793488,166.8793488,166.8793488,166.8793488,0
19/08/2015,164.4252472,164.4252472,163.1981964,163.1981964,203740
20/08/2015,164.6706543,164.6706543,164.4252472,164.4252472,110019
21/08/2015,164.4252472,164.4252472,164.4252472,164.4252472,203740
24/08/2015,161.9711456,165.652298,161.9711456,164.4252472,1927380
25/08/2015,164.4252472,166.8793488,164.4252472,166.8793488,260787
26/08/2015,161.9711456,161.9711456,161.9711456,161.9711456,417667
27/08/2015,157.0629272,157.0629272,147.2464905,157.0629272,2285962
28/08/2015,171.2967529,171.2967529,171.2967529,171.2967529,2037
31/08/2015,171.2967529,171.2967529,171.2967529,171.2967529,0
01/09/2015,171.2967529,171.2967529,171.2967529,171.2967529,0
02/09/2015,171.2967529,171.2967529,171.2967529,171.2967529,0
03/09/2015,166.3885345,171.7875671,156.5720978,171.7875671,134468
04/09/2015,171.7875671,171.7875671,171.7875671,171.7875671,0
07/09/2015,166.8793488,171.7875671,155.345047,171.7875671,165029
08/09/2015,171.7875671,181.6040039,171.7875671,181.6040039,32598
09/09/2015,176.6957855,176.6957855,176.6957855,176.6957855,28523
10/09/2015,177.9228363,177.9228363,177.9228363,177.9228363,2037
11/09/2015,177.9228363,177.9228363,177.9228363,177.9228363,0
14/09/2015,177.9228363,177.9228363,177.9228363,177.9228363,0
15/09/2015,177.9228363,177.9228363,177.9228363,177.9228363,0
16/09/2015,177.9228363,177.9228363,177.9228363,177.9228363,0
17/09/2015,177.9228363,177.9228363,177.9228363,177.9228363,0
18/09/2015,177.9228363,177.9228363,177.9228363,177.9228363,28523
21/09/2015,177.9228363,177.9228363,177.9228363,177.9228363,0
22/09/2015,177.9228363,177.9228363,177.9228363,177.9228363,0
23/09/2015,177.9228363,177.9228363,177.9228363,177.9228363,42785
25/09/2015,177.9228363,177.9228363,177.9228363,177.9228363,0
28/09/2015,177.9228363,177.9228363,177.9228363,177.9228363,0
29/09/2015,177.9228363,177.9228363,177.9228363,177.9228363,0
30/09/2015,173.0146332,178.1682587,173.0146332,177.9228363,14261
01/10/2015,181.6040039,181.6040039,181.6040039,181.6040039,75383
02/10/2015,181.6040039,181.6040039,181.6040039,181.6040039,0
05/10/2015,181.6040039,181.6040039,179.1499023,179.1499023,81496
06/10/2015,179.1499023,179.1499023,179.1499023,179.1499023,0
07/10/2015,179.1499023,179.1499023,179.1499023,179.1499023,0
08/10/2015,176.6957855,176.6957855,176.6957855,176.6957855,224114
09/10/2015,176.6957855,176.6957855,176.6957855,176.6957855,0
12/10/2015,174.241684,174.241684,174.241684,174.241684,61122
13/10/2015,174.7324982,174.7324982,174.7324982,174.7324982,10187
15/10/2015,173.0146332,173.0146332,173.0146332,173.0146332,4074
16/10/2015,172.5238037,172.5238037,172.5238037,172.5238037,6112
19/10/2015,172.5238037,172.7692108,172.5238037,172.7692108,71309
20/10/2015,176.2049713,176.2049713,176.2049713,176.2049713,61122
21/10/2015,176.6957855,176.6957855,176.6957855,176.6957855,20374
22/10/2015,177.6774292,177.6774292,177.6774292,177.6774292,2343010
23/10/2015,180.131546,180.131546,180.131546,180.131546,40748
26/10/2015,180.131546,180.131546,180.131546,180.131546,0
27/10/2015,180.131546,180.131546,180.131546,180.131546,0
28/10/2015,173.0146332,173.0146332,173.0146332,173.0146332,20374
29/10/2015,173.0146332,173.0146332,173.0146332,173.0146332,0
30/10/2015,168.1064148,168.1064148,168.1064148,168.1064148,6112
02/11/2015,166.8793488,166.8793488,166.8793488,166.8793488,26486
03/11/2015,166.8793488,166.8793488,166.8793488,166.8793488,20374
04/11/2015,166.8793488,166.8793488,166.8793488,166.8793488,14261
05/11/2015,166.8793488,166.8793488,166.8793488,166.8793488,0
06/11/2015,166.8793488,166.8793488,166.8793488,166.8793488,0
09/11/2015,166.8793488,166.8793488,166.8793488,166.8793488,0
10/11/2015,166.8793488,166.8793488,166.8793488,166.8793488,0
11/11/2015,166.8793488,166.8793488,166.8793488,166.8793488,0
12/11/2015,166.8793488,166.8793488,166.8793488,166.8793488,0
13/11/2015,166.8793488,166.8793488,166.8793488,166.8793488,0
16/11/2015,166.8793488,166.8793488,166.8793488,166.8793488,0
17/11/2015,166.8793488,166.8793488,166.8793488,166.8793488,0
18/11/2015,166.8793488,166.8793488,166.8793488,166.8793488,0
19/11/2015,166.8793488,166.8793488,166.8793488,166.8793488,0
20/11/2015,165.652298,165.652298,165.652298,165.652298,24448
23/11/2015,165.652298,165.652298,165.652298,165.652298,0
24/11/2015,165.652298,165.652298,165.652298,165.652298,0
25/11/2015,165.652298,165.652298,165.652298,165.652298,0
26/11/2015,164.4252472,164.4252472,164.4252472,164.4252472,28523
27/11/2015,165.652298,166.8793488,165.652298,166.8793488,40748
30/11/2015,166.8793488,166.8793488,166.8793488,166.8793488,0
01/12/2015,166.8793488,166.8793488,166.8793488,166.8793488,0
02/12/2015,166.8793488,166.8793488,166.8793488,166.8793488,0
03/12/2015,166.8793488,166.8793488,166.8793488,166.8793488,0
04/12/2015,166.8793488,166.8793488,166.8793488,166.8793488,0
07/12/2015,166.8793488,166.8793488,166.8793488,166.8793488,0
08/12/2015,166.8793488,166.8793488,166.8793488,166.8793488,0
09/12/2015,166.8793488,166.8793488,166.8793488,166.8793488,0
10/12/2015,169.0880585,169.0880585,169.0880585,169.0880585,4074
11/12/2015,169.0880585,169.0880585,169.0880585,169.0880585,0
14/12/2015,169.0880585,169.0880585,169.0880585,169.0880585,0
15/12/2015,169.0880585,169.0880585,169.0880585,169.0880585,0
16/12/2015,169.0880585,169.0880585,169.0880585,169.0880585,0
17/12/2015,169.0880585,169.0880585,169.0880585,169.0880585,0
18/12/2015,169.0880585,169.0880585,169.0880585,169.0880585,0
21/12/2015,169.0880585,169.0880585,169.0880585,169.0880585,0
22/12/2015,169.0880585,169.0880585,169.0880585,169.0880585,0
23/12/2015,169.0880585,169.0880585,169.0880585,169.0880585,0
28/12/2015,169.0880585,169.0880585,169.0880585,169.0880585,0
29/12/2015,169.0880585,169.0880585,169.0880585,169.0880585,0
30/12/2015,169.0880585,169.0880585,169.0880585,169.0880585,0
04/01/2016,169.0880585,169.0880585,169.0880585,169.0880585,0
05/01/2016,169.0880585,169.0880585,169.0880585,169.0880585,0
06/01/2016,166.8793488,166.8793488,166.8793488,166.8793488,20374
07/01/2016,166.8793488,166.8793488,166.8793488,166.8793488,0
08/01/2016,166.8793488,166.8793488,166.8793488,166.8793488,0
11/01/2016,166.8793488,166.8793488,166.8793488,166.8793488,0
12/01/2016,166.8793488,166.8793488,166.8793488,166.8793488,6112
13/01/2016,166.8793488,166.8793488,166.8793488,166.8793488,0
14/01/2016,166.8793488,166.8793488,166.8793488,166.8793488,0
15/01/2016,166.8793488,166.8793488,166.8793488,166.8793488,0
18/01/2016,166.8793488,166.8793488,166.8793488,166.8793488,0
19/01/2016,166.8793488,166.8793488,166.8793488,166.8793488,0
20/01/2016,166.8793488,166.8793488,166.8793488,166.8793488,0
21/01/2016,166.8793488,166.8793488,166.8793488,166.8793488,0
22/01/2016,166.8793488,166.8793488,166.8793488,166.8793488,2037
25/01/2016,166.8793488,166.8793488,166.8793488,166.8793488,0
26/01/2016,166.8793488,166.8793488,166.8793488,166.8793488,57047
27/01/2016,166.8793488,171.7875671,166.8793488,171.7875671,144655
28/01/2016,171.7875671,171.7875671,171.7875671,171.7875671,0
29/01/2016,171.7875671,171.7875671,171.7875671,171.7875671,0
01/02/2016,171.7875671,171.7875671,171.7875671,171.7875671,0
02/02/2016,171.7875671,171.7875671,171.7875671,171.7875671,0
03/02/2016,171.7875671,171.7875671,171.7875671,171.7875671,0
04/02/2016,176.6957855,176.6957855,176.6957855,176.6957855,10187
05/02/2016,176.6957855,176.6957855,174.241684,174.241684,91683
09/02/2016,174.241684,174.241684,174.241684,174.241684,0
10/02/2016,174.241684,174.241684,174.241684,174.241684,0
11/02/2016,174.241684,174.241684,174.241684,174.241684,0
12/02/2016,174.241684,174.241684,174.241684,174.241684,0
15/02/2016,174.241684,174.241684,174.241684,174.241684,0
16/02/2016,174.241684,174.241684,174.241684,174.241684,0
17/02/2016,174.241684,174.241684,174.241684,174.241684,0
18/02/2016,179.1499023,179.1499023,179.1499023,179.1499023,2037
19/02/2016,179.1499023,179.1499023,179.1499023,179.1499023,0
22/02/2016,179.1499023,179.1499023,179.1499023,179.1499023,0
23/02/2016,179.1499023,179.1499023,179.1499023,179.1499023,0
24/02/2016,178.90448,178.90448,169.3334656,169.3334656,34635
25/02/2016,169.3334656,169.3334656,169.3334656,169.3334656,71309
26/02/2016,174.241684,176.6957855,174.241684,176.6957855,6112
29/02/2016,171.7875671,171.7875671,171.7875671,171.7875671,71309
01/03/2016,171.7875671,171.7875671,171.7875671,171.7875671,0
02/03/2016,171.7875671,171.7875671,171.7875671,171.7875671,0
03/03/2016,166.8793488,166.8793488,166.8793488,166.8793488,71309
04/03/2016,166.8793488,166.8793488,166.8793488,166.8793488,4135922
07/03/2016,166.8793488,166.8793488,166.8793488,166.8793488,0
08/03/2016,166.8793488,166.8793488,166.8793488,166.8793488,0
10/03/2016,174.7324982,176.6957855,173.0146332,176.6957855,2061848
11/03/2016,176.6957855,176.6957855,176.6957855,176.6957855,0
14/03/2016,176.6957855,176.6957855,176.6957855,176.6957855,0
15/03/2016,176.6957855,176.6957855,176.6957855,176.6957855,0
16/03/2016,175.4687347,175.4687347,175.4687347,175.4687347,101870
17/03/2016,173.7508545,173.7508545,173.7508545,173.7508545,356545
18/03/2016,172.7692108,172.7692108,172.7692108,172.7692108,285236
21/03/2016,172.7692108,172.7692108,172.7692108,172.7692108,0
22/03/2016,175.4687347,175.4687347,174.241684,174.241684,1660481
23/03/2016,174.241684,174.241684,174.241684,174.241684,0
24/03/2016,174.241684,174.241684,174.241684,174.241684,1823473
28/03/2016,174.241684,174.241684,174.241684,174.241684,0
29/03/2016,174.241684,174.241684,174.241684,174.241684,0
30/03/2016,174.241684,174.241684,174.241684,174.241684,0
31/03/2016,174.241684,174.241684,174.241684,174.241684,0
01/04/2016,174.241684,174.241684,174.241684,174.241684,0
04/04/2016,174.241684,174.241684,174.241684,174.241684,0
05/04/2016,174.241684,174.241684,174.241684,174.241684,0
06/04/2016,174.241684,174.241684,171.7875671,174.241684,203740
07/04/2016,174.241684,174.241684,174.241684,174.241684,0
08/04/2016,174.241684,174.241684,174.241684,174.241684,0
11/04/2016,174.241684,174.241684,174.241684,174.241684,0
12/04/2016,174.241684,174.241684,174.241684,174.241684,0
13/04/2016,174.241684,174.241684,174.241684,174.241684,0
14/04/2016,174.241684,174.241684,174.241684,174.241684,0
15/04/2016,174.241684,174.241684,174.241684,174.241684,0
18/04/2016,174.241684,174.241684,174.241684,174.241684,0
19/04/2016,174.241684,174.241684,174.241684,174.241684,0
20/04/2016,174.241684,174.241684,174.241684,174.241684,0
21/04/2016,206.1450806,206.1450806,206.1450806,206.1450806,2037
22/04/2016,206.1450806,206.1450806,206.1450806,206.1450806,0
25/04/2016,206.1450806,206.1450806,206.1450806,206.1450806,0
26/04/2016,211.053299,211.053299,211.053299,211.053299,4074
27/04/2016,211.053299,211.053299,211.053299,211.053299,101870
28/04/2016,215.9615173,220.8697357,215.9615173,220.8697357,122244
29/04/2016,220.8697357,230.6861725,220.8697357,230.6861725,238375
02/05/2016,245.4108124,245.4108124,235.5943909,244.9199982,63159
03/05/2016,244.9199982,245.4108124,244.9199982,244.9199982,10187
04/05/2016,244.4291687,244.4291687,244.4291687,244.4291687,4074
09/05/2016,244.4291687,245.4108124,244.4291687,244.4291687,24448
10/05/2016,244.9199982,245.4108124,244.9199982,244.9199982,8149
11/05/2016,244.4291687,244.4291687,244.4291687,244.4291687,2037
12/05/2016,244.4291687,244.4291687,244.4291687,244.4291687,0
13/05/2016,244.4291687,244.4291687,240.502594,243.9383545,55009
16/05/2016,238.0484924,238.0484924,238.0484924,238.0484924,101870
17/05/2016,238.0484924,238.0484924,238.0484924,238.0484924,0
18/05/2016,233.140274,233.140274,233.140274,233.140274,107982
19/05/2016,233.140274,233.140274,233.140274,233.140274,0
20/05/2016,233.140274,233.140274,233.140274,233.140274,0
23/05/2016,233.140274,233.140274,233.140274,233.140274,0
24/05/2016,220.8697357,220.8697357,220.8697357,220.8697357,101870
25/05/2016,220.8697357,220.8697357,220.8697357,220.8697357,0
26/05/2016,220.8697357,220.8697357,220.8697357,220.8697357,0
27/05/2016,220.8697357,220.8697357,220.8697357,220.8697357,8149
30/05/2016,220.8697357,220.8697357,220.8697357,220.8697357,0
31/05/2016,220.8697357,220.8697357,220.8697357,220.8697357,0
01/06/2016,220.8697357,220.8697357,220.8697357,220.8697357,0
02/06/2016,220.8697357,220.8697357,220.8697357,220.8697357,0
03/06/2016,220.8697357,220.8697357,220.8697357,220.8697357,0
06/06/2016,220.8697357,220.8697357,220.8697357,220.8697357,0
07/06/2016,220.8697357,220.8697357,220.8697357,220.8697357,0
08/06/2016,223.3238373,223.3238373,223.3238373,223.3238373,22411
09/06/2016,223.3238373,223.3238373,223.3238373,223.3238373,0
10/06/2016,223.3238373,223.3238373,223.3238373,223.3238373,0
13/06/2016,223.3238373,223.3238373,223.3238373,223.3238373,30561
14/06/2016,223.3238373,223.3238373,223.3238373,223.3238373,0
15/06/2016,223.3238373,223.3238373,223.3238373,223.3238373,0
16/06/2016,223.3238373,223.3238373,223.3238373,223.3238373,0
17/06/2016,223.3238373,223.3238373,223.3238373,223.3238373,0
20/06/2016,223.3238373,223.3238373,223.3238373,223.3238373,0
21/06/2016,216.943161,216.943161,216.943161,216.943161,28523
22/06/2016,216.943161,216.943161,216.943161,216.943161,0
23/06/2016,216.943161,216.943161,216.943161,216.943161,0
24/06/2016,216.943161,216.943161,216.943161,216.943161,2037
27/06/2016,216.943161,216.943161,216.943161,216.943161,0
28/06/2016,265.0436707,265.0436707,225.2871246,225.2871246,468602
29/06/2016,225.2871246,225.2871246,225.2871246,225.2871246,0
30/06/2016,225.7779541,225.7779541,225.7779541,225.7779541,57047
01/07/2016,225.7779541,230.6861725,225.7779541,229.7045288,36673
11/07/2016,229.7045288,229.7045288,229.7045288,229.7045288,0
12/07/2016,229.7045288,229.7045288,229.7045288,229.7045288,0
13/07/2016,245.4108124,245.4108124,233.140274,245.4108124,38710
14/07/2016,225.7779541,245.4108124,225.7779541,245.4108124,114094
15/07/2016,245.4108124,245.4108124,245.4108124,245.4108124,0
18/07/2016,255.2272491,255.2272491,245.4108124,255.2272491,105944
19/07/2016,255.2272491,260.1354675,255.2272491,258.9084167,79458
20/07/2016,260.1354675,263.8166199,260.1354675,263.8166199,99832
21/07/2016,272.4060059,272.4060059,265.0436707,265.0436707,4074
22/07/2016,263.8166199,263.8166199,260.1354675,260.1354675,81496
25/07/2016,260.1354675,260.1354675,255.2272491,255.2272491,103907
26/07/2016,255.2272491,255.2272491,255.2272491,255.2272491,0
27/07/2016,257.681366,265.0436707,257.681366,265.0436707,52972
28/07/2016,265.0436707,294.492981,265.0436707,294.492981,1884595
29/07/2016,299.4011841,304.3094177,284.6765442,299.4011841,664192
01/08/2016,299.4011841,306.7635193,290.8118286,299.4011841,955540
02/08/2016,301.8553162,333.7586975,301.8553162,333.7586975,3414682
03/08/2016,338.6669312,338.6669312,319.0340576,319.0340576,5794365
04/08/2016,338.6669312,338.6669312,328.8504944,338.6669312,99832
05/08/2016,346.0292664,368.1162109,346.0292664,368.1162109,2275775
08/08/2016,368.1162109,390.203186,363.2080078,373.0244446,5572289
09/08/2016,373.0244446,377.9326477,368.1162109,377.9326477,195590
10/08/2016,377.9326477,404.9278564,376.7055969,392.6573181,4971256
11/08/2016,392.6573181,402.4737549,392.6573181,397.5655212,2626208
12/08/2016,397.5655212,414.7442932,397.5655212,411.0631104,3948481
15/08/2016,415.971344,423.3336487,407.381958,417.1983948,6971982
16/08/2016,418.4254456,441.7394714,418.4254456,441.7394714,25064094
18/08/2016,441.7394714,451.5559082,439.2853699,446.6476746,11166989
19/08/2016,446.6476746,456.4641113,446.6476746,451.5559082,9846754
22/08/2016,451.5559082,460.1452942,451.5559082,460.1452942,14636681
23/08/2016,460.1452942,461.372345,455.2370605,458.9182434,8646725
24/08/2016,458.9182434,463.8264465,457.6911621,462.5993958,9759146
25/08/2016,462.5993958,471.1887817,458.9182434,468.7346497,19491805
26/08/2016,468.7346497,493.2757568,468.7346497,490.8216248,24654577
29/08/2016,490.8216248,490.8216248,490.8216248,490.8216248,0
30/08/2016,490.8216248,537.449707,489.594574,516.5897827,16718904
31/08/2016,517.8168335,537.449707,512.9086304,534.9956055,21494570
01/09/2016,534.9956055,536.2226563,523.9520874,530.0873413,20096913
02/09/2016,530.0873413,544.8120117,530.0873413,543.5849609,17269002
05/09/2016,544.8120117,565.671936,543.5849609,559.5366821,31940319
06/09/2016,561.9907837,579.1695557,560.7637329,577.9425049,28444141
07/09/2016,579.1695557,597.5753174,577.9425049,593.894165,40036947
08/09/2016,593.894165,611.072937,593.894165,609.8458862,32867336
09/09/2016,609.8458862,628.251709,606.1647339,623.3435059,36090503
13/09/2016,623.3435059,629.4787598,611.072937,625.7976074,29615646
14/09/2016,625.7976074,627.0246582,618.4352417,625.7976074,26317095
15/09/2016,625.7976074,638.0681152,625.7976074,638.0681152,30265577
16/09/2016,638.0681152,672.4256592,638.0681152,667.517395,34077552
19/09/2016,667.517395,673.65271,662.6091919,669.9715576,25404340
20/09/2016,669.9715576,671.1986084,651.5657349,652.7927856,25805708
21/09/2016,652.7927856,656.473938,633.1599121,652.7927856,32600437
22/09/2016,652.7927856,671.1986084,652.7927856,663.8362427,35951960
23/09/2016,663.8362427,667.517395,660.1550903,663.8362427,26325245
26/09/2016,663.8362427,673.65271,662.6091919,668.7445068,31455418
27/09/2016,668.7445068,673.65271,663.8362427,671.1986084,25206712
28/09/2016,671.1986084,672.4256592,665.0632935,672.4256592,30666944
29/09/2016,672.4256592,682.2420654,668.7445068,679.7879639,41603708
30/09/2016,679.7879639,683.4691162,676.1068115,677.3338623,38561869
03/10/2016,677.3338623,692.0585327,677.3338623,692.0585327,38058632
04/10/2016,692.0585327,695.7396851,692.0585327,694.5126343,26734762
05/10/2016,694.5126343,696.9667358,688.3773193,695.7396851,31530802
06/10/2016,695.7396851,703.1019897,694.5126343,701.874939,33847326
07/10/2016,701.874939,711.6913452,701.874939,709.2372437,39975825
10/10/2016,709.2372437,736.2324829,709.2372437,736.2324829,43995615
11/10/2016,736.2324829,750.9570923,735.0053711,749.7300415,33081263
12/10/2016,749.7300415,757.0923462,747.2759399,755.8652954,25764960
13/10/2016,757.0923462,771.8170166,753.4111938,771.8170166,34639874
14/10/2016,771.8170166,785.3146362,771.8170166,785.3146362,23073555
17/10/2016,785.3146362,807.4016113,785.3146362,804.9475098,35742108
18/10/2016,809.8557129,839.3049927,809.8557129,839.3049927,28662143
19/10/2016,841.7590942,872.4354858,834.3967896,863.8460693,33388911
20/10/2016,863.8460693,879.7977905,777.9522705,834.3967896,35383525
21/10/2016,834.3967896,834.3967896,755.8652954,809.8557129,28778275
24/10/2016,809.8557129,820.8991699,785.3146362,809.8557129,30137220
25/10/2016,817.2180176,819.6721191,808.6286621,817.2180176,30662870
26/10/2016,819.6721191,904.3388672,819.6721191,904.3388672,97255289
27/10/2016,908.0200195,909.2470703,873.6625366,904.3388672,45401421
28/10/2016,904.3388672,908.0200195,883.4789429,888.387146,30791226
31/10/2016,888.387146,890.8412476,876.1166382,876.1166382,27093345
01/11/2016,876.1166382,883.4789429,871.208374,871.208374,29020725
02/11/2016,868.7542725,877.343689,867.5272217,876.1166382,29299849
03/11/2016,874.8895874,895.7495117,873.6625366,879.7977905,38804320
04/11/2016,879.7977905,903.1118164,878.5707397,901.8847656,42983027
07/11/2016,901.8847656,919.0635376,900.6577148,914.1552734,39348306
08/11/2016,912.9282227,947.2857666,912.9282227,942.3775635,47838152
09/11/2016,942.3775635,949.7398682,895.7495117,921.5176392,29081847
10/11/2016,921.5176392,948.5128174,921.5176392,947.2857666,35491508
11/11/2016,947.2857666,952.1939697,932.5610962,941.1505127,36457235
14/11/2016,937.4692993,944.831665,920.2905884,931.3340454,28711040
15/11/2016,930.1069946,947.2857666,930.1069946,939.9234009,48398437
16/11/2016,939.9234009,948.5128174,939.9234009,943.6046143,36000858
17/11/2016,943.6046143,954.6480713,942.3775635,953.4210205,44704630
18/11/2016,953.4210205,957.1021729,952.1939697,955.8751221,33093488
21/11/2016,955.8751221,957.1021729,950.9669189,954.6480713,23646064
22/11/2016,954.6480713,969.3727417,953.4210205,968.1456909,35334628
23/11/2016,968.1456909,985.3244629,968.1456909,981.6432495,35448722
24/11/2016,981.6432495,984.0973511,975.5079956,977.9620972,22900376
25/11/2016,977.9620972,981.6432495,976.7350464,976.7350464,24346930
28/11/2016,976.7350464,981.6432495,974.2809448,976.7350464,27007774
29/11/2016,975.5079956,982.8703003,975.5079956,979.1891479,52786996
30/11/2016,979.1891479,981.6432495,976.7350464,980.4161987,37121428
01/12/2016,980.4161987,982.8703003,976.7350464,979.1891479,31011265
02/12/2016,979.1891479,985.3244629,977.9620972,980.4161987,29754189
05/12/2016,980.4161987,985.3244629,977.9620972,979.1891479,32272416
06/12/2016,979.1891479,985.3244629,977.9620972,980.4161987,26608444
07/12/2016,980.4161987,984.0973511,977.9620972,979.1891479,27274673
08/12/2016,979.1891479,1006.184326,979.1891479,986.5515137,35903062
09/12/2016,986.5515137,990.232666,986.5515137,990.232666,34399461
13/12/2016,990.232666,996.3679199,984.0973511,984.0973511,32307051
14/12/2016,985.3244629,992.6867676,985.3244629,992.6867676,33696558
15/12/2016,992.6867676,996.3679199,991.4597168,995.1408691,38327568
16/12/2016,995.1408691,1003.730225,995.1408691,998.8220215,37422963
19/12/2016,998.8220215,1004.957275,998.8220215,1002.503174,35813417
20/12/2016,1002.503174,1009.86554,1000.049072,1004.957275,42838372
21/12/2016,1004.957275,1009.86554,1001.276123,1001.276123,30477466
22/12/2016,1001.276123,1004.957275,995.1408691,995.1408691,25436939
23/12/2016,995.1408691,1002.503174,993.9138184,995.1408691,31414670
27/12/2016,995.1408691,1006.184326,993.9138184,1006.184326,33223881
28/12/2016,1007.411377,1011.09259,1007.411377,1009.86554,20738694
29/12/2016,1011.09259,1014.773743,1008.638489,1011.09259,33989944
30/12/2016,1011.09259,1014.773743,1011.09259,1013.546692,38612804
02/01/2017,1013.546692,1013.546692,1013.546692,1013.546692,0
03/01/2017,1013.546692,1016.000793,1011.09259,1013.546692,42691679
04/01/2017,1013.546692,1018.454895,1012.319641,1018.454895,47654786
05/01/2017,1018.454895,1023.363098,1018.454895,1023.363098,33653773
06/01/2017,1023.363098,1030.725464,1022.136047,1028.271362,27484526
09/01/2017,1028.271362,1034.406616,1028.271362,1031.952515,35481321
10/01/2017,1031.952515,1038.087769,1031.952515,1035.633667,42551099
11/01/2017,1035.633667,1046.677124,1035.633667,1040.54187,49946861
12/01/2017,1040.54187,1049.131226,1040.54187,1041.768921,53255598
13/01/2017,1041.768921,1047.904175,1039.314819,1041.768921,41397930
16/01/2017,1041.768921,1046.677124,1041.768921,1042.995972,45839462
17/01/2017,1042.995972,1046.677124,1039.314819,1044.223022,38688188
18/01/2017,1044.223022,1055.266479,1044.223022,1052.812378,52218562
19/01/2017,1052.812378,1057.720581,1051.585327,1054.039429,36663013
20/01/2017,1052.812378,1058.947632,1052.812378,1052.812378,57629896
23/01/2017,1052.812378,1056.49353,1051.585327,1052.812378,28810873
24/01/2017,1054.039429,1060.174683,1054.039429,1055.266479,39338119
25/01/2017,1069.991211,1069.991211,1054.039429,1068.76416,37653189
26/01/2017,1068.76416,1073.672363,1067.537109,1073.672363,39297371
27/01/2017,1073.672363,1079.807617,1072.445313,1077.353516,28024437
30/01/2017,1077.353516,1085.942871,1074.899414,1084.71582,26217263
31/01/2017,1088.396973,1088.396973,1084.71582,1088.396973,33610987
01/02/2017,1088.396973,1092.078125,1088.396973,1089.624023,45228242
02/02/2017,1089.624023,1098.213379,1089.624023,1096.986328,36907501
03/02/2017,1096.986328,1108.029785,1095.759277,1105.575684,35862314
06/02/2017,1105.575684,1112.93811,1105.575684,1108.029785,38504822
07/02/2017,1108.029785,1123.981567,1108.029785,1119.073364,34733595
08/02/2017,1119.073364,1130.116821,1119.073364,1130.116821,30361334
09/02/2017,1130.116821,1137.479126,1130.116821,1133.797974,36512245
10/02/2017,1133.797974,1144.841431,1133.797974,1143.61438,41359220
13/02/2017,1143.61438,1148.522583,1143.61438,1146.068481,32867336
14/02/2017,1146.068481,1158.339111,1144.841431,1157.112061,40743925
15/02/2017,1157.112061,1157.112061,1157.112061,1157.112061,0
16/02/2017,1157.112061,1162.020264,1153.430786,1158.339111,45925033
17/02/2017,1158.339111,1164.474365,1157.112061,1159.566162,40587045
20/02/2017,1158.339111,1168.155518,1158.339111,1162.020264,55425429
21/02/2017,1162.020264,1166.928467,1160.793213,1163.247314,52469162
22/02/2017,1163.247314,1165.701416,1157.112061,1158.339111,46890761
23/02/2017,1158.339111,1164.474365,1152.203735,1154.657837,61998082
24/02/2017,1154.657837,1159.566162,1152.203735,1154.657837,52110579
27/02/2017,1155.88501,1159.566162,1153.430786,1153.430786,51566594
28/02/2017,1153.430786,1158.339111,1153.430786,1157.112061,50922775
01/03/2017,1157.112061,1160.793213,1153.430786,1157.112061,82107220
02/03/2017,1157.112061,1163.247314,1154.657837,1155.88501,66567970
03/03/2017,1155.88501,1160.793213,1154.657837,1155.88501,73694795
06/03/2017,1155.88501,1159.566162,1154.657837,1157.112061,57348735
07/03/2017,1157.112061,1159.566162,1149.749634,1150.976685,67653904
08/03/2017,1150.976685,1155.88501,1149.749634,1152.203735,59858812
09/03/2017,1155.88501,1157.112061,1152.203735,1155.88501,100346024
10/03/2017,1155.88501,1164.474365,1155.88501,1162.020264,73360661
13/03/2017,1162.020264,1169.382568,1162.020264,1166.928467,72219717
14/03/2017,1166.928467,1174.290771,1166.928467,1170.609619,82188716
15/03/2017,1171.83667,1174.290771,1166.928467,1169.382568,66180864
16/03/2017,1169.382568,1173.063721,1168.155518,1170.609619,72932807
17/03/2017,1170.609619,1173.063721,1166.928467,1168.155518,54494337
20/03/2017,1168.155518,1173.063721,1164.474365,1166.928467,61301291
21/03/2017,1166.928467,1170.609619,1165.701416,1165.701416,63793031
22/03/2017,1165.701416,1168.155518,1160.793213,1163.247314,65213099
23/03/2017,1164.474365,1164.474365,1155.88501,1164.474365,47783142
24/03/2017,1164.474365,1173.063721,1164.474365,1170.609619,68000262
27/03/2017,1173.063721,1175.517822,1171.83667,1173.063721,62511506
29/03/2017,1174.290771,1175.517822,1169.382568,1174.290771,61678210
30/03/2017,1175.517822,1179.198975,1173.063721,1175.517822,69045448
31/03/2017,1175.517822,1177.971924,1173.063721,1176.744873,44488666
03/04/2017,1176.744873,1180.426025,1175.517822,1179.198975,57183705
04/04/2017,1179.198975,1186.561279,1177.971924,1185.334229,38292933
05/04/2017,1185.334229,1185.334229,1185.334229,1185.334229,0
06/04/2017,1300.677368,1308.039673,1287.179688,1305.585571,50262658
07/04/2017,1305.585571,1305.585571,1287.179688,1293.315063,76355639
10/04/2017,1290.860962,1299.450317,1290.860962,1295.769165,64438887
11/04/2017,1295.769165,1325.218384,1293.315063,1325.218384,56545999
12/04/2017,1325.218384,1325.218384,1290.860962,1290.860962,83663793
13/04/2017,1295.769165,1295.769165,1289.633789,1292.088013,74821477
17/04/2017,1292.088013,1296.996216,1288.406738,1296.996216,55368382
18/04/2017,1296.996216,1304.358521,1296.996216,1303.13147,49201172
19/04/2017,1303.13147,1303.13147,1303.13147,1303.13147,0
20/04/2017,1303.13147,1309.266724,1299.450317,1305.585571,68831521
21/04/2017,1305.585571,1317.856079,1305.585571,1317.856079,97998940
25/04/2017,1317.856079,1319.08313,1308.039673,1308.039673,59555239
26/04/2017,1308.039673,1315.401978,1308.039673,1310.493774,54429141
27/04/2017,1310.493774,1310.493774,1304.358521,1305.585571,62615414
28/04/2017,1305.585571,1308.039673,1301.904419,1301.904419,59494117
02/05/2017,1300.677368,1309.266724,1300.677368,1308.039673,68389405
03/05/2017,1309.266724,1317.856079,1309.266724,1315.401978,69426442
04/05/2017,1315.401978,1323.991333,1315.401978,1322.764282,77873502
05/05/2017,1322.764282,1331.353638,1322.764282,1325.218384,85674707
08/05/2017,1325.218384,1395.160522,1323.991333,1395.160522,109929954
09/05/2017,1395.160522,1422.15564,1344.851318,1349.759521,152880383
10/05/2017,1349.759521,1359.575928,1348.532471,1353.440674,118297556
12/05/2017,1353.440674,1355.894775,1346.078369,1346.078369,85144983
15/05/2017,1346.078369,1349.759521,1342.397217,1344.851318,75921673
16/05/2017,1344.851318,1349.759521,1344.851318,1347.30542,81811797
17/05/2017,1355.894775,1366.938232,1355.894775,1364.484131,88708396
18/05/2017,1364.484131,1371.846436,1364.484131,1368.165283,85666557
19/05/2017,1368.165283,1377.981689,1366.938232,1376.754639,70369758
22/05/2017,1379.20874,1390.252319,1374.300537,1374.300537,78588630
23/05/2017,1374.300537,1380.435791,1254.049316,1295.769165,80837919
24/05/2017,1295.769165,1323.991333,1290.860962,1319.08313,60606537
26/05/2017,1320.310181,1328.899536,1319.08313,1327.672485,67988038
29/05/2017,1326.445435,1338.716064,1325.218384,1332.580688,45372898
30/05/2017,1332.580688,1336.261963,1331.353638,1332.580688,46705357
31/05/2017,1332.580688,1332.580688,1289.633789,1295.769165,61977708
01/06/2017,1295.769165,1295.769165,1295.769165,1295.769165,0
02/06/2017,1295.769165,1296.996216,1216.01062,1225.827026,71844836
05/06/2017,1225.827026,1235.643433,1219.691772,1235.643433,51917026
06/06/2017,1235.643433,1240.551636,1234.416382,1238.097534,60897886
07/06/2017,1238.097534,1245.459839,1235.643433,1244.232788,64732272
08/06/2017,1244.232788,1249.141113,1241.778687,1244.232788,47455120
09/06/2017,1244.232788,1247.914063,1241.778687,1245.459839,43392545
12/06/2017,1245.459839,1251.595215,1243.005737,1249.141113,60696183
13/06/2017,1249.141113,1254.049316,1247.914063,1251.595215,63047343
14/06/2017,1251.595215,1256.503418,1250.368164,1252.822266,57888646
15/06/2017,1252.822266,1255.276367,1244.232788,1251.595215,58546726
16/06/2017,1250.368164,1255.276367,1227.054077,1227.054077,52554733
19/06/2017,1224.599976,1224.599976,1177.971924,1177.971924,59265928
20/06/2017,1180.426025,1186.561279,1166.928467,1185.334229,56690655
21/06/2017,1186.561279,1229.508179,1186.561279,1229.508179,69929680
22/06/2017,1230.735229,1281.044434,1230.735229,1279.817383,72674058
23/06/2017,1279.817383,1279.817383,1279.817383,1279.817383,0
26/06/2017,1279.817383,1279.817383,1279.817383,1279.817383,0
27/06/2017,1279.817383,1279.817383,1279.817383,1279.817383,0
28/06/2017,1279.817383,1279.817383,1279.817383,1279.817383,0
29/06/2017,1279.817383,1279.817383,1279.817383,1279.817383,0
30/06/2017,1279.817383,1279.817383,1279.817383,1279.817383,0
03/07/2017,1279.817383,1296.996216,1277.363281,1296.996216,79988324
04/07/2017,1296.996216,1303.13147,1296.996216,1303.13147,57982366
05/07/2017,1303.13147,1309.266724,1298.223267,1300.677368,56156856
06/07/2017,1300.677368,1308.039673,1300.677368,1306.812622,60844913
07/07/2017,1305.585571,1311.720825,1303.13147,1303.13147,53245411
10/07/2017,1303.13147,1303.13147,1303.13147,1303.13147,0
11/07/2017,1301.904419,1311.720825,1301.904419,1304.358521,61959371
12/07/2017,1305.585571,1309.266724,1304.358521,1306.812622,59318901
13/07/2017,1306.812622,1309.266724,1303.13147,1306.812622,42100833
14/07/2017,1306.812622,1306.812622,1301.904419,1304.358521,33939009
17/07/2017,1304.358521,1311.720825,1303.13147,1310.493774,54967014
18/07/2017,1310.493774,1316.629028,1310.493774,1314.174927,77865353
19/07/2017,1314.174927,1316.629028,1311.720825,1315.401978,51855904
20/07/2017,1315.401978,1320.310181,1315.401978,1317.856079,48035779
21/07/2017,1317.856079,1320.310181,1316.629028,1317.856079,42186404
24/07/2017,1317.856079,1321.537231,1316.629028,1320.310181,41984701
25/07/2017,1320.310181,1325.218384,1312.947876,1325.218384,46915209
26/07/2017,1325.218384,1331.353638,1323.991333,1326.445435,42628520
27/07/2017,1326.445435,1332.580688,1325.218384,1332.580688,41656680
28/07/2017,1332.580688,1335.03479,1326.445435,1335.03479,44741304
31/07/2017,1335.03479,1336.261963,1328.899536,1330.126587,52501760
01/08/2017,1330.126587,1336.261963,1315.401978,1320.310181,38535383
02/08/2017,1311.720825,1321.537231,1308.039673,1311.720825,50158750
03/08/2017,1311.720825,1312.947876,1300.677368,1303.13147,31492091
04/08/2017,1301.904419,1303.13147,1251.595215,1263.865723,42043786
07/08/2017,1266.319824,1287.179688,1266.319824,1284.725586,80607693
08/08/2017,1284.725586,1293.315063,1283.498535,1293.315063,38908227
09/08/2017,1293.315063,1303.13147,1293.315063,1298.223267,57094060
10/08/2017,1298.223267,1298.223267,1290.860962,1294.542114,29699179
11/08/2017,1293.315063,1293.315063,1278.590332,1279.817383,25373779
14/08/2017,1281.044434,1284.725586,1278.590332,1282.271484,31361698
15/08/2017,1282.271484,1287.179688,1273.682129,1273.682129,52114654
16/08/2017,1273.682129,1273.682129,1206.194214,1206.194214,40055284
17/08/2017,1206.194214,1206.194214,1206.194214,1206.194214,0
18/08/2017,1206.194214,1207.421265,1130.116821,1143.61438,35634126
21/08/2017,1143.61438,1148.522583,1114.165161,1143.61438,68106207
22/08/2017,1143.61438,1155.88501,1139.933228,1153.430786,77062617
23/08/2017,1152.5,1157.5,1143.75,1146.25,26934000
24/08/2017,1145,1151.25,1140,1143.75,59690000
25/08/2017,1143.75,1143.75,1136.25,1140,36308000
28/08/2017,1140,1145,1137.5,1140,38306000
29/08/2017,1140,1140,1062.5,1062.5,114320000
30/08/2017,1063.75,1070,1051.25,1070,117114000
31/08/2017,1072.5,1072.5,1048.75,1057.5,100380000
01/09/2017,1057.5,1057.5,1057.5,1057.5,0
04/09/2017,1057.5,1057.5,1048.75,1050,43994000
05/09/2017,1050,1058.75,1050,1057.5,59502000
06/09/2017,1057.5,1063.75,1055,1060,54800000
07/09/2017,1061.25,1068.75,1058.75,1065,59048000
08/09/2017,1063.75,1063.75,1035,1058.75,121108000
11/09/2017,1060,1073.75,1058.75,1073.75,67384000
12/09/2017,1073.75,1081.25,1072.5,1078.75,52864000
13/09/2017,1076.25,1087.5,1076.25,1081.25,78426000
14/09/2017,1080,1125,1056.25,1120,68854000
15/09/2017,1120,1203.75,1120,1203.75,56824000
18/09/2017,1203.75,1203.75,1150,1167.5,34660000
19/09/2017,1170,1170,1150,1150,39312000
20/09/2017,1150,1163.75,1150,1163.75,43878000
21/09/2017,1163.75,1163.75,1163.75,1163.75,0
22/09/2017,1163.75,1176.25,1157.5,1175,41276000
25/09/2017,1175,1193.75,1170,1193.75,24802000
26/09/2017,1195,1198.75,1187.5,1192.5,41544000
27/09/2017,1192.5,1205,1192.5,1198.75,43420000
28/09/2017,1196.25,1200,1180,1187.5,40230000
29/09/2017,1188.75,1193.75,1187.5,1191.25,27552000
02/10/2017,1191.25,1198.75,1191.25,1192.5,33416000
03/10/2017,1192.5,1201.25,1190,1200,44752000
04/10/2017,1200,1200,1185,1190,29646000
05/10/2017,1190,1190,1171.25,1177.5,36916000
06/10/2017,1177.5,1181.25,1175,1177.5,30008000
09/10/2017,1180,1185,1172.5,1185,32644000
10/10/2017,1185,1185,1172.5,1175,29488000
11/10/2017,1173.75,1173.75,1162.5,1166.25,44722000
12/10/2017,1166.25,1172.5,1160,1166.25,39534000
13/10/2017,1166.25,1180,1165,1178.75,53278000
16/10/2017,1178.75,1200,1177.5,1198.75,51224000
17/10/2017,1198.75,1215,1198.75,1212.5,41312000
18/10/2017,1211.25,1220,1211.25,1217.5,29674000
19/10/2017,1217.5,1278.75,1217.5,1278.75,57048000
20/10/2017,1278.75,1295,1278.75,1295,29040000
23/10/2017,1295,1315,1293.75,1315,34074000
24/10/2017,1317.5,1330,1315,1323.75,34512000
25/10/2017,1326.25,1333.75,1323.75,1331.25,37124000
26/10/2017,1331.25,1331.25,1322.5,1328.75,38798000
27/10/2017,1328.75,1350,1327.5,1336.25,35948000
30/10/2017,1336.25,1336.25,1323.75,1327.5,32246000
31/10/2017,1328.75,1420,1328.75,1420,45720000
01/11/2017,1420,1420,1352.5,1365,30004000
02/11/2017,1365,1377.5,1363.75,1375,52026000
03/11/2017,1375,1387.5,1375,1381.25,30760000
06/11/2017,1382.5,1392.5,1382.5,1391.25,29142000
07/11/2017,1395,1397.5,1390,1395,48988000
08/11/2017,1395,1415,1392.5,1415,48396000
09/11/2017,1406.25,1430,1406.25,1422.5,42736000
10/11/2017,1425,1445,1420,1440,37352000
13/11/2017,1440,1462.5,1438.75,1442.5,41942000
14/11/2017,1442.5,1450,1422.5,1422.5,35970000
15/11/2017,1425,1437.5,1422.5,1425,43036000
16/11/2017,1425,1426.25,1410,1412.5,39710000
17/11/2017,1413.75,1425,1413.75,1415,37212000
20/11/2017,1415,1448.75,1415,1448.75,46896000
21/11/2017,1450,1468.75,1412.5,1412.5,34124000
22/11/2017,1412.5,1450,1412.5,1437.5,33944400
23/11/2017,1443.75,1456.25,1393.75,1425,29829600
24/11/2017,1431.25,1431.25,1400,1425,30657200
27/11/2017,1425,1425,1387.5,1400,32834800
28/11/2017,1400,1406.25,1362.5,1375,32954400
29/11/2017,1375,1437.5,1368.75,1425,41766800
30/11/2017,1425,1431.25,1362.5,1368.75,26680800
01/12/2017,1368.75,1368.75,1368.75,1368.75,0
04/12/2017,1381.25,1400,1331.25,1375,33712000
05/12/2017,1375,1393.75,1331.25,1362.5,25935200
06/12/2017,1362.5,1375,1337.5,1362.5,20882400
07/12/2017,1375,1400,1350,1387.5,27194000
08/12/2017,1400,1425,1393.75,1418.75,19503600
11/12/2017,1425,1437.5,1406.25,1418.75,16801600
12/12/2017,1425,1450,1425,1437.5,19058800
13/12/2017,1443.75,1450,1418.75,1425,15431600
14/12/2017,1425,1456.25,1425,1437.5,34045200
15/12/2017,1443.75,1493.75,1443.75,1456.25,41589200
18/12/2017,1462.5,1462.5,1443.75,1462.5,34026800
19/12/2017,1468.75,1468.75,1406.25,1406.25,23870800
20/12/2017,1406.25,1425,1362.5,1406.25,27618800
21/12/2017,1406.25,1418.75,1387.5,1400,38168400
22/12/2017,1393.75,1412.5,1375,1387.5,27608800
25/12/2017,1387.5,1387.5,1387.5,1387.5,0
26/12/2017,1387.5,1387.5,1387.5,1387.5,0
27/12/2017,1387.5,1406.25,1381.25,1406.25,19011200
28/12/2017,1406.25,1431.25,1406.25,1425,21868000
29/12/2017,1431.25,1500,1418.75,1500,24246800
01/01/2018,1500,1500,1500,1500,0
02/01/2018,1506.25,1506.25,1437.5,1481.25,22387200
03/01/2018,1481.25,1487.5,1425,1443.75,16574000
04/01/2018,1443.75,1443.75,1375,1387.5,21859600
05/01/2018,1387.5,1443.75,1375,1425,27563200
08/01/2018,1431.25,1443.75,1406.25,1437.5,25656000
09/01/2018,1443.75,1456.25,1400,1437.5,22062000
10/01/2018,1437.5,1456.25,1393.75,1400,20134400
11/01/2018,1400,1412.5,1375,1381.25,15678800
12/01/2018,1381.25,1412.5,1368.75,1381.25,20482800
15/01/2018,1381.25,1406.25,1368.75,1375,18245600
16/01/2018,1375,1387.5,1362.5,1375,13328000
17/01/2018,1381.25,1393.75,1368.75,1375,21938000
18/01/2018,1381.25,1381.25,1350,1350,25263600
19/01/2018,1350,1406.25,1350,1393.75,31598800
22/01/2018,1393.75,1418.75,1393.75,1393.75,25415200
23/01/2018,1393.75,1412.5,1381.25,1400,22819200
24/01/2018,1400,1412.5,1375,1375,21722400
25/01/2018,1381.25,1625,1331.25,1618.75,73666000
26/01/2018,1612.5,1625,1537.5,1581.25,34118800
29/01/2018,1581.25,1637.5,1556.25,1618.75,47918000
30/01/2018,1631.25,1637.5,1593.75,1631.25,31592400
31/01/2018,1631.25,1643.75,1606.25,1631.25,49433600
01/02/2018,1631.25,1637.5,1587.5,1618.75,35049200
02/02/2018,1618.75,1631.25,1587.5,1625,32009200
05/02/2018,1612.5,1618.75,1537.5,1587.5,19441200
06/02/2018,1537.5,1537.5,1475,1525,13504000
07/02/2018,1537.5,1537.5,1468.75,1481.25,15230000
08/02/2018,1487.5,1518.75,1462.5,1481.25,26002000
09/02/2018,1462.5,1668.75,1418.75,1668.75,28490800
12/02/2018,1575,1575,1475,1512.5,21380800
13/02/2018,1518.75,1525,1500,1512.5,15983200
14/02/2018,1525,1537.5,1500,1525,19606800
15/02/2018,1525,1587.5,1525,1587.5,32055200
16/02/2018,1587.5,1587.5,1587.5,1587.5,0
19/02/2018,1581.25,1612.5,1575,1600,29454400
20/02/2018,1600,1600,1531.25,1550,14419600
21/02/2018,1550,1550,1512.5,1537.5,14541200
22/02/2018,1537.5,1556.25,1525,1550,14432800
23/02/2018,1550,1568.75,1537.5,1562.5,14160800
26/02/2018,1562.5,1562.5,1525,1550,12683600
27/02/2018,1543.75,1556.25,1531.25,1550,11096800
28/02/2018,1550,1550,1512.5,1537.5,9701600
01/03/2018,1525,1537.5,1475,1475,14825200
02/03/2018,1475,1493.75,1462.5,1487.5,20566400
05/03/2018,1487.5,1493.75,1450,1450,18632000
06/03/2018,1468.75,1481.25,1450,1450,27742400
07/03/2018,1450,1468.75,1375,1425,22020400
08/03/2018,1418.75,1425,1381.25,1406.25,22310800
09/03/2018,1418.75,1487.5,1412.5,1487.5,28508000
12/03/2018,1493.75,1500,1462.5,1500,24420400
13/03/2018,1500,1500,1437.5,1437.5,23686800
14/03/2018,1443.75,1462.5,1431.25,1431.25,24233600
15/03/2018,1431.25,1468.75,1425,1468.75,21711200
16/03/2018,1468.75,1487.5,1462.5,1475,21021200
19/03/2018,1468.75,1500,1462.5,1487.5,16906400
20/03/2018,1468.75,1475,1437.5,1456.25,13678800
21/03/2018,1462.5,1512.5,1462.5,1512.5,27926400
22/03/2018,1512.5,1525,1468.75,1475,12012400
23/03/2018,1462.5,1493.75,1400,1493.75,12257200
26/03/2018,1493.75,1543.75,1475,1537.5,19199200
27/03/2018,1550,1568.75,1537.5,1556.25,21083600
28/03/2018,1550,1562.5,1525,1543.75,12914400
29/03/2018,1550,1556.25,1512.5,1556.25,15599600
30/03/2018,1556.25,1556.25,1556.25,1556.25,0
02/04/2018,1556.25,1562.5,1512.5,1512.5,15730400
03/04/2018,1512.5,1531.25,1506.25,1512.5,12603200
04/04/2018,1512.5,1525,1493.75,1525,13743600
05/04/2018,1525,1556.25,1512.5,1512.5,15486400
06/04/2018,1518.75,1537.5,1512.5,1525,10461600
09/04/2018,1531.25,1543.75,1525,1537.5,9940800
10/04/2018,1543.75,1550,1537.5,1550,11789600
11/04/2018,1556.25,1556.25,1537.5,1556.25,13460000
12/04/2018,1556.25,1562.5,1537.5,1543.75,12649600
13/04/2018,1543.75,1562.5,1525,1525,17608400
16/04/2018,1525,1525,1525,1525,0
17/04/2018,1525,1525,1525,1525,0
18/04/2018,1562.5,1593.75,1562.5,1593.75,20244800
19/04/2018,1593.75,1593.75,1593.75,1593.75,0
20/04/2018,1593.75,1593.75,1593.75,1593.75,0
23/04/2018,1556.25,1575,1550,1562.5,19031600
24/04/2018,1575,1575,1556.25,1562.5,13615600
25/04/2018,1562.5,1562.5,1562.5,1562.5,0
26/04/2018,1562.5,1562.5,1562.5,1562.5,0
27/04/2018,1562.5,1562.5,1562.5,1562.5,0
30/04/2018,1518.75,1525,1500,1512.5,20742400
01/05/2018,1512.5,1512.5,1512.5,1512.5,0
02/05/2018,1512.5,1587.5,1500,1587.5,40729200
03/05/2018,1587.5,1587.5,1543.75,1562.5,15441600
04/05/2018,1562.5,1562.5,1531.25,1543.75,19900400
07/05/2018,1556.25,1606.25,1543.75,1600,35554800
08/05/2018,1600,1606.25,1500,1537.5,22887600
09/05/2018,1531.25,1543.75,1487.5,1525,22385600
10/05/2018,1525,1525,1525,1525,0
11/05/2018,1531.25,1550,1531.25,1550,28945200
14/05/2018,1543.75,1543.75,1525,1537.5,13293600
15/05/2018,1531.25,1537.5,1500,1512.5,16446800
16/05/2018,1506.25,1512.5,1462.5,1468.75,11502800
17/05/2018,1475,1512.5,1462.5,1468.75,15129600
18/05/2018,1462.5,1481.25,1443.75,1456.25,11087600
21/05/2018,1456.25,1462.5,1425,1456.25,14906400
22/05/2018,1462.5,1506.25,1462.5,1500,19728800
23/05/2018,1500,1525,1481.25,1487.5,13851200
24/05/2018,1487.5,1506.25,1462.5,1487.5,24030000
25/05/2018,1493.75,1493.75,1443.75,1450,11137600
28/05/2018,1456.25,1456.25,1443.75,1450,17846800
29/05/2018,1450,1450,1450,1450,0
30/05/2018,1450,1450,1425,1437.5,10994800
31/05/2018,1431.25,1462.5,1387.5,1462.5,35885600
01/06/2018,1462.5,1462.5,1462.5,1462.5,0
04/06/2018,1462.5,1468.75,1381.25,1393.75,27014000
05/06/2018,1400,1418.75,1362.5,1387.5,15816400
06/06/2018,1393.75,1406.25,1343.75,1362.5,13886000
07/06/2018,1362.5,1393.75,1356.25,1375,15232800
08/06/2018,1375,1450,1368.75,1450,20111600
11/06/2018,1450,1450,1450,1450,0
12/06/2018,1450,1450,1450,1450,0
13/06/2018,1450,1450,1450,1450,0
14/06/2018,1450,1450,1450,1450,0
15/06/2018,1450,1450,1450,1450,0
18/06/2018,1450,1450,1450,1450,0
19/06/2018,1450,1450,1450,1450,0
20/06/2018,1450,1450,1343.75,1368.75,14925200
21/06/2018,1375,1381.25,1300,1300,15519200
22/06/2018,1300,1325,1268.75,1318.75,20394800
25/06/2018,1325,1350,1325,1350,7311200
26/06/2018,1356.25,1400,1325,1400,10950800
27/06/2018,1400,1400,1325,1331.25,6249600
28/06/2018,1331.25,1343.75,1281.25,1325,6140800
29/06/2018,1325,1400,1325,1400,4905600
02/07/2018,1400,1400,1325,1337.5,9660400
03/07/2018,1343.75,1350,1275,1318.75,7025600
04/07/2018,1312.5,1368.75,1300,1368.75,8040000
05/07/2018,1368.75,1381.25,1281.25,1312.5,9187200
06/07/2018,1343.75,1343.75,1287.5,1312.5,5720800
09/07/2018,1325,1350,1306.25,1325,7480000
10/07/2018,1325,1362.5,1325,1331.25,4914000
11/07/2018,1331.25,1331.25,1250,1318.75,7063600
12/07/2018,1300,1318.75,1287.5,1300,5636400
13/07/2018,1300,1325,1287.5,1293.75,10090400
16/07/2018,1300,1312.5,1275,1312.5,5200400
17/07/2018,1350,1350,1262.5,1268.75,5470400
18/07/2018,1306.25,1306.25,1247.5,1262.5,7149600
19/07/2018,1262.5,1262.5,1222.5,1235,6900800
20/07/2018,1237.5,1237.5,1205,1222.5,14300800
23/07/2018,1225,1256.25,1225,1240,9094400
24/07/2018,1242.5,1281.25,1240,1262.5,10706800
25/07/2018,1281.25,1287.5,1256.25,1275,5790400
26/07/2018,1275,1281.25,1247.5,1262.5,5531600
27/07/2018,1268.75,1268.75,1240,1245,4024400
30/07/2018,1245,1250,1212.5,1250,13083600
31/07/2018,1247.5,1250,1237.5,1250,4133600
01/08/2018,1250,1275,1245,1275,12515200
02/08/2018,1281.25,1293.75,1256.25,1287.5,8371600
03/08/2018,1287.5,1293.75,1275,1293.75,7694000
06/08/2018,1293.75,1325,1250,1256.25,22098800
07/08/2018,1262.5,1281.25,1262.5,1275,8340000
08/08/2018,1281.25,1343.75,1281.25,1331.25,19872800
09/08/2018,1337.5,1343.75,1300,1300,9096000
10/08/2018,1300,1325,1293.75,1300,8882400
13/08/2018,1300,1300,1256.25,1287.5,4603200
14/08/2018,1293.75,1306.25,1242.5,1242.5,12611200
15/08/2018,1240,1247.5,1222.5,1240,6396400
16/08/2018,1240,1287.5,1220,1287.5,4907600
17/08/2018,1287.5,1287.5,1287.5,1287.5,0
20/08/2018,1293.75,1300,1256.25,1256.25,3461600
21/08/2018,1262.5,1287.5,1256.25,1281.25,5754000
22/08/2018,1281.25,1281.25,1281.25,1281.25,0
23/08/2018,1287.5,1300,1268.75,1268.75,5447200
24/08/2018,1268.75,1287.5,1262.5,1262.5,5892400
27/08/2018,1275,1287.5,1247.5,1250,13112800
28/08/2018,1268.75,1318.75,1268.75,1318.75,15567200
29/08/2018,1318.75,1318.75,1275,1312.5,8885600
30/08/2018,1312.5,1325,1293.75,1312.5,4912400
31/08/2018,1281.25,1375,1281.25,1375,5682800
03/09/2018,1337.5,1343.75,1300,1337.5,3928000
04/09/2018,1337.5,1337.5,1256.25,1262.5,5894400
05/09/2018,1250,1287.5,1225,1237.5,11674800
06/09/2018,1275,1275,1222.5,1275,6365600
07/09/2018,1232.5,1256.25,1227.5,1242.5,11714400
10/09/2018,1237.5,1275,1225,1275,4833600
11/09/2018,1275,1275,1275,1275,0
12/09/2018,1250,1275,1192.5,1210,15306400
13/09/2018,1197.5,1205,1172.5,1205,26396400
14/09/2018,1192.5,1237.5,1190,1225,20327200
17/09/2018,1225,1225,1200,1210,13773200
18/09/2018,1207.5,1215,1187.5,1212.5,13893200
19/09/2018,1210,1232.5,1210,1212.5,11906000
20/09/2018,1220,1235,1210,1230,49512000
21/09/2018,1230,1256.25,1227.5,1256.25,15076000
24/09/2018,1256.25,1268.75,1237.5,1262.5,6870400
25/09/2018,1262.5,1262.5,1225,1250,7831200
26/09/2018,1262.5,1262.5,1220,1220,6479200
27/09/2018,1217.5,1230,1212.5,1220,19461200
28/09/2018,1230,1235,1207.5,1230,11453200
01/10/2018,1230,1230,1190,1190,14488800
02/10/2018,1197.5,1202.5,1162.5,1167.5,4130000
03/10/2018,1167.5,1180,1145,1157.5,4508000
04/10/2018,1157.5,1157.5,1105,1132.5,9630000
05/10/2018,1120,1137.5,1107.5,1132.5,11998400
08/10/2018,1132.5,1147.5,1130,1140,27081200
09/10/2018,1145,1155,1142.5,1142.5,15736000
10/10/2018,1150,1150,1140,1140,7585200
11/10/2018,1100,1142.5,1075,1142.5,6740800
12/10/2018,1142.5,1142.5,1132.5,1135,8284400
15/10/2018,1132.5,1157.5,1132.5,1137.5,7786000
16/10/2018,1147.5,1155,1127.5,1132.5,10249200
17/10/2018,1137.5,1137.5,1125,1130,8931200
18/10/2018,1130,1135,1115,1127.5,7789200
19/10/2018,1140,1140,1117.5,1117.5,2576800
22/10/2018,1120,1125,1112.5,1112.5,4024000
23/10/2018,1115,1120,1107.5,1117.5,4146800
24/10/2018,1120,1170,1117.5,1152.5,8297600
25/10/2018,1092.5,1177.5,1087.5,1177.5,7970800
26/10/2018,1177.5,1197.5,1162.5,1197.5,4407200
29/10/2018,1210,1210,1187.5,1200,8433200
30/10/2018,1197.5,1207.5,1187.5,1207.5,8390000
31/10/2018,1207.5,1225,1200,1202.5,5063600
01/11/2018,1202.5,1205,1187.5,1205,3990000
02/11/2018,1205,1205,1190,1192.5,5029200
05/11/2018,1192.5,1205,1182.5,1205,6481200
06/11/2018,1192.5,1212.5,1192.5,1192.5,7348800
07/11/2018,1192.5,1210,1192.5,1205,8877200
08/11/2018,1202.5,1215,1197.5,1200,19811200
09/11/2018,1197.5,1212.5,1135,1212.5,33446400
12/11/2018,1202.5,1235,1197.5,1230,16233200
13/11/2018,1230,1247.5,1187.5,1187.5,10980400
14/11/2018,1202.5,1215,1190,1212.5,11003200
15/11/2018,1215,1230,1210,1212.5,5287200
16/11/2018,1225,1227.5,1210,1220,6868400
19/11/2018,1225,1240,1212.5,1237.5,11959600
20/11/2018,1237.5,1237.5,1237.5,1237.5,0
21/11/2018,1240,1343.75,1235,1293.75,15506000
22/11/2018,1312.5,1312.5,1268.75,1293.75,4417600
23/11/2018,1275,1312.5,1275,1300,3964000
26/11/2018,1325,1343.75,1293.75,1312.5,6975600
27/11/2018,1337.5,1337.5,1293.75,1300,4031600
28/11/2018,1306.25,1325,1262.5,1275,6266800
29/11/2018,1287.5,1337.5,1268.75,1306.25,6685600
30/11/2018,1312.5,1331.25,1281.25,1331.25,3992400
03/12/2018,1343.75,1343.75,1293.75,1325,3216000
04/12/2018,1300,1312.5,1281.25,1312.5,7948800
05/12/2018,1312.5,1343.75,1300,1300,4212000
06/12/2018,1312.5,1343.75,1293.75,1325,3102800
07/12/2018,1325,1337.5,1318.75,1337.5,3936400
10/12/2018,1337.5,1337.5,1325,1337.5,3332800
11/12/2018,1337.5,1375,1331.25,1350,7343600
12/12/2018,1368.75,1387.5,1350,1375,11580800
13/12/2018,1375,1381.25,1337.5,1362.5,4452800
14/12/2018,1362.5,1375,1325,1375,4938000
17/12/2018,1375,1393.75,1343.75,1343.75,5573600
18/12/2018,1343.75,1362.5,1343.75,1362.5,6060000
19/12/2018,1362.5,1456.25,1362.5,1425,27438800
20/12/2018,1425,1425,1375,1387.5,6706400
21/12/2018,1381.25,1425,1381.25,1425,5531600
24/12/2018,1425,1425,1425,1425,0
25/12/2018,1425,1425,1425,1425,0
26/12/2018,1425,1450,1406.25,1443.75,6044400
27/12/2018,1456.25,1456.25,1400,1400,5343600
28/12/2018,1412.5,1481.25,1406.25,1481.25,11543600
31/12/2018,1481.25,1481.25,1481.25,1481.25,0
01/01/2019,1481.25,1481.25,1481.25,1481.25,0
02/01/2019,1481.25,1500,1456.25,1500,3467600
03/01/2019,1512.5,1512.5,1475,1500,2579200
04/01/2019,1475,1487.5,1475,1481.25,3981200
07/01/2019,1481.25,1506.25,1468.75,1475,9725200
08/01/2019,1475,1493.75,1437.5,1443.75,4102800
09/01/2019,1443.75,1462.5,1431.25,1431.25,4136000
10/01/2019,1431.25,1450,1412.5,1425,6770400
11/01/2019,1425,1450,1425,1450,1335200
14/01/2019,1481.25,1481.25,1418.75,1425,12181600
15/01/2019,1437.5,1462.5,1368.75,1412.5,15356400
16/01/2019,1412.5,1437.5,1400,1400,17649600
17/01/2019,1400,1425,1375,1387.5,14776800
18/01/2019,1387.5,1406.25,1343.75,1362.5,13134000
21/01/2019,1368.75,1375,1343.75,1350,7333200
22/01/2019,1362.5,1412.5,1350,1412.5,9838400
23/01/2019,1425,1443.75,1375,1400,10560800
24/01/2019,1400,1400,1350,1375,7255200
25/01/2019,1375,1406.25,1343.75,1343.75,18946800
28/01/2019,1343.75,1412.5,1343.75,1375,9158800
29/01/2019,1400,1431.25,1375,1425,8977200
30/01/2019,1425,1462.5,1425,1425,10585600
31/01/2019,1425,1475,1412.5,1468.75,8555600
01/02/2019,1475,1481.25,1437.5,1437.5,6795200
04/02/2019,1437.5,1468.75,1418.75,1437.5,4427600
05/02/2019,1437.5,1437.5,1437.5,1437.5,0
06/02/2019,1450,1462.5,1412.5,1431.25,8363600
07/02/2019,1431.25,1431.25,1412.5,1425,6226800
08/02/2019,1431.25,1431.25,1393.75,1412.5,5721200
11/02/2019,1412.5,1412.5,1381.25,1387.5,6428000
12/02/2019,1387.5,1387.5,1350,1350,5156400
13/02/2019,1356.25,1425,1350,1393.75,15322000
14/02/2019,1393.75,1406.25,1393.75,1406.25,8735200
15/02/2019,1412.5,1418.75,1375,1387.5,6808400
18/02/2019,1381.25,1393.75,1343.75,1368.75,8638000
19/02/2019,1362.5,1375,1337.5,1337.5,6499200
20/02/2019,1337.5,1356.25,1337.5,1337.5,7375600
21/02/2019,1350,1400,1343.75,1393.75,8310800
22/02/2019,1393.75,1393.75,1362.5,1387.5,1978000
25/02/2019,1387.5,1443.75,1387.5,1418.75,8060000
26/02/2019,1431.25,1450,1431.25,1443.75,4628400
27/02/2019,1443.75,1443.75,1425,1443.75,5045200
28/02/2019,1425,1437.5,1400,1425,3297600
01/03/2019,1425,1431.25,1412.5,1431.25,3578800
04/03/2019,1443.75,1443.75,1418.75,1431.25,2534000
05/03/2019,1425,1437.5,1375,1437.5,5031200
06/03/2019,1437.5,1443.75,1425,1425,2231200
07/03/2019,1425,1425,1425,1425,0
08/03/2019,1425,1431.25,1393.75,1412.5,1844400
11/03/2019,1393.75,1393.75,1375,1375,3087600
12/03/2019,1387.5,1387.5,1368.75,1375,2507600
13/03/2019,1393.75,1400,1375,1393.75,5168000
14/03/2019,1381.25,1425,1381.25,1412.5,6882000
15/03/2019,1425,1425,1406.25,1418.75,4691600
18/03/2019,1412.5,1425,1400,1406.25,6040400
19/03/2019,1450,1450,1400,1400,7603200
20/03/2019,1400,1418.75,1393.75,1406.25,7440000
21/03/2019,1400,1418.75,1400,1406.25,6885200
22/03/2019,1406.25,1418.75,1400,1406.25,7484400
25/03/2019,1393.75,1400,1375,1381.25,9826000
26/03/2019,1425,1462.5,1418.75,1456.25,15327200
27/03/2019,1462.5,1506.25,1462.5,1462.5,17658800
28/03/2019,1456.25,1468.75,1387.5,1393.75,13297600
29/03/2019,1418.75,1418.75,1387.5,1387.5,5073200
01/04/2019,1400,1431.25,1393.75,1418.75,6580800
02/04/2019,1400,1431.25,1387.5,1393.75,7032000
03/04/2019,1393.75,1393.75,1393.75,1393.75,0
04/04/2019,1400,1437.5,1400,1406.25,6725600
05/04/2019,1431.25,1437.5,1381.25,1393.75,16406000
08/04/2019,1381.25,1387.5,1306.25,1312.5,19738400
09/04/2019,1312.5,1325,1287.5,1318.75,17438000
10/04/2019,1312.5,1331.25,1300,1300,10602000
11/04/2019,1306.25,1318.75,1293.75,1300,7916800
12/04/2019,1293.75,1331.25,1293.75,1312.5,11036000
15/04/2019,1306.25,1318.75,1293.75,1306.25,13103600
16/04/2019,1306.25,1331.25,1300,1312.5,18756400
17/04/2019,1312.5,1312.5,1312.5,1312.5,0
18/04/2019,1312.5,1325,1300,1312.5,17044800
19/04/2019,1312.5,1312.5,1312.5,1312.5,0
22/04/2019,1312.5,1325,1250,1275,17065200
23/04/2019,1275,1293.75,1225,1256.25,16840400
24/04/2019,1268.75,1275,1245,1256.25,9733200
25/04/2019,1256.25,1275,1245,1275,16187600
26/04/2019,1275,1287.5,1256.25,1268.75,16800800
29/04/2019,1262.5,1275,1247.5,1256.25,10962400
30/04/2019,1256.25,1281.25,1250,1275,35095200
01/05/2019,1275,1275,1275,1275,0
02/05/2019,1275,1306.25,1250,1275,15689200
03/05/2019,1268.75,1281.25,1256.25,1281.25,6878800
06/05/2019,1275,1287.5,1250,1268.75,8955200
07/05/2019,1275,1306.25,1268.75,1306.25,14685600
08/05/2019,1306.25,1331.25,1281.25,1331.25,10935200
09/05/2019,1337.5,1362.5,1325,1350,15180000
10/05/2019,1362.5,1381.25,1350,1381.25,11870000
13/05/2019,1387.5,1400,1343.75,1343.75,18038000
14/05/2019,1318.75,1362.5,1237.5,1287.5,19237600
15/05/2019,1281.25,1318.75,1247.5,1250,13352400
16/05/2019,1256.25,1287.5,1245,1245,9062000
17/05/2019,1250,1250,1237.5,1245,8782000
20/05/2019,1245,1256.25,1240,1247.5,7270800
21/05/2019,1242.5,1275,1242.5,1256.25,7436400
22/05/2019,1262.5,1262.5,1225,1232.5,4707600
23/05/2019,1232.5,1256.25,1232.5,1250,9141600
24/05/2019,1247.5,1287.5,1247.5,1275,10167600
27/05/2019,1275,1287.5,1250,1268.75,7468400
28/05/2019,1268.75,1293.75,1262.5,1281.25,11591200
29/05/2019,1281.25,1337.5,1247.5,1275,22354800
30/05/2019,1275,1275,1275,1275,0
31/05/2019,1250,1275,1180,1275,63387200
03/06/2019,1275,1275,1275,1275,0
04/06/2019,1275,1275,1275,1275,0
05/06/2019,1275,1275,1275,1275,0
06/06/2019,1275,1275,1275,1275,0
07/06/2019,1275,1275,1275,1275,0
10/06/2019,1256.25,1262.5,1182.5,1182.5,27530400
11/06/2019,1180,1250,1180,1250,35956800
12/06/2019,1250,1256.25,1212.5,1256.25,25838400
13/06/2019,1256.25,1256.25,1220,1220,16640400
14/06/2019,1222.5,1237.5,1177.5,1200,23174800
17/06/2019,1200,1227.5,1200,1217.5,12750400
18/06/2019,1225,1227.5,1170,1217.5,25226400
19/06/2019,1217.5,1230,1192.5,1225,26617200
20/06/2019,1225,1230,1212.5,1225,12096800
21/06/2019,1225,1242.5,1222.5,1242.5,15723600
24/06/2019,1242.5,1247.5,1230,1237.5,10140800
25/06/2019,1237.5,1245,1225,1237.5,18326000
26/06/2019,1235,1242.5,1225,1230,28591200
27/06/2019,1230,1245,1230,1235,22221600
28/06/2019,1237.5,1250,1215,1242.5,27020800
01/07/2019,1237.5,1247.5,1220,1230,28162400
02/07/2019,1232.5,1245,1230,1235,23200400
03/07/2019,1237.5,1240,1210,1225,30766400
04/07/2019,1227.5,1240,1215,1240,23703600
05/07/2019,1240,1245,1180,1200,29765200
08/07/2019,1200,1205,1175,1200,39732400
09/07/2019,1200,1205,1172.5,1175,35674000
10/07/2019,1182.5,1187.5,1177.5,1182.5,18659200
11/07/2019,1187.5,1190,1175,1187.5,16094000
12/07/2019,1187.5,1200,1187.5,1200,16361200
15/07/2019,1200,1212.5,1200,1207.5,21799600
16/07/2019,1207.5,1212.5,1195,1212.5,22298000
17/07/2019,1212.5,1256.25,1212.5,1250,59464400
18/07/2019,1250,1318.75,1250,1318.75,43518000
19/07/2019,1318.75,1412.5,1312.5,1412.5,33438000
22/07/2019,1412.5,1550,1412.5,1500,61964400
23/07/2019,1506.25,1506.25,1462.5,1487.5,27941600
24/07/2019,1493.75,1525,1475,1512.5,34630000
25/07/2019,1518.75,1537.5,1493.75,1506.25,45597600
26/07/2019,1493.75,1525,1481.25,1525,42129200
29/07/2019,1506.25,1531.25,1493.75,1518.75,20831200
30/07/2019,1518.75,1550,1518.75,1550,31976800
31/07/2019,1550,1575,1543.75,1568.75,45361200
01/08/2019,1568.75,1637.5,1562.5,1637.5,50481600
02/08/2019,1637.5,1662.5,1612.5,1656.25,51216800
05/08/2019,1637.5,1675,1637.5,1656.25,37598000
06/08/2019,1631.25,1675,1618.75,1675,18219200
07/08/2019,1681.25,1731.25,1675,1725,39840000
08/08/2019,1725,1781.25,1725,1781.25,60848000
09/08/2019,1781.25,1831.25,1781.25,1825,36729600
12/08/2019,1825,1850,1818.75,1850,37634000
13/08/2019,1837.5,1881.25,1837.5,1862.5,44740000
14/08/2019,1862.5,1875,1856.25,1868.75,32716000
15/08/2019,1856.25,1900,1837.5,1900,37096000
16/08/2019,1900,1937.5,1900,1937.5,35089600
19/08/2019,1937.5,1981.25,1937.5,1981.25,28241200
20/08/2019,1987.5,2075,1987.5,2068.75,58396800
21/08/2019,2075,2087.5,2050,2056.25,49958400
22/08/2019,2056.25,2081.25,2037.5,2062.5,53300400
23/08/2019,2068.75,2100,2062.5,2100,42178000
26/08/2019,2093.75,2118.75,2081.25,2106.25,35330800
27/08/2019,2100,2137.5,2100,2137.5,31129600
28/08/2019,2137.5,2181.25,2137.5,2168.75,43804400
29/08/2019,2175,2193.75,2150,2187.5,55371600
30/08/2019,2193.75,2212.5,2187.5,2206.25,30544400
02/09/2019,2206.25,2237.5,2200,2225,34106000
03/09/2019,2225,2237.5,2187.5,2218.75,58192800
04/09/2019,2218.75,2250,2206.25,2243.75,51216400
05/09/2019,2243.75,2256.25,2231.25,2231.25,49281200
06/09/2019,2231.25,2256.25,2225,2256.25,30045200
09/09/2019,2250,2281.25,2243.75,2275,27933600
10/09/2019,2281.25,2318.75,2275,2312.5,45761200
11/09/2019,2318.75,2337.5,2312.5,2325,33169200
12/09/2019,2325,2337.5,2287.5,2325,56693600
13/09/2019,2325,2331.25,2000,2225,56770400
16/09/2019,2181.25,2181.25,2025,2075,30902000
17/09/2019,2087.5,2162.5,2068.75,2081.25,21844800
18/09/2019,2106.25,2137.5,2100,2118.75,19412400
19/09/2019,2125,2137.5,2093.75,2106.25,13655200
20/09/2019,2093.75,2118.75,2062.5,2087.5,21463600
23/09/2019,2100,2100,2006.25,2062.5,20359200
24/09/2019,2043.75,2068.75,1956.25,2050,34408800
25/09/2019,2050,2075,2037.5,2075,9904000
26/09/2019,2081.25,2087.5,1925,2087.5,18435200
27/09/2019,2075,2100,2050,2056.25,20343600
30/09/2019,2043.75,2050,2018.75,2050,6680800
01/10/2019,2043.75,2125,2037.5,2075,13361600
02/10/2019,2062.5,2100,2062.5,2075,12031600
03/10/2019,2062.5,2112.5,2056.25,2106.25,10833600
04/10/2019,2112.5,2118.75,2062.5,2075,18513600
07/10/2019,2075,2100,1881.25,2000,34628000
08/10/2019,2006.25,2037.5,2000,2037.5,13084400
09/10/2019,2037.5,2087.5,1987.5,2087.5,34850400
10/10/2019,2100,2131.25,2093.75,2125,20506400
11/10/2019,2125,2212.5,2125,2206.25,30755200
14/10/2019,2212.5,2268.75,2212.5,2250,67182800
15/10/2019,2250,2293.75,2250,2281.25,24544800
16/10/2019,2287.5,2325,2287.5,2300,20968400
17/10/2019,2293.75,2337.5,2293.75,2331.25,24156000
18/10/2019,2325,2368.75,2325,2362.5,38318400
21/10/2019,2362.5,2381.25,2356.25,2362.5,24567200
22/10/2019,2362.5,2381.25,2168.75,2368.75,44574000
23/10/2019,2368.75,2387.5,2356.25,2387.5,21584800
24/10/2019,2387.5,2412.5,2368.75,2387.5,17822800
25/10/2019,2381.25,2393.75,2293.75,2325,20242000
28/10/2019,2325,2325,2300,2318.75,19157600
29/10/2019,2325,2331.25,2293.75,2318.75,23963200
30/10/2019,2318.75,2337.5,2300,2325,16204400
31/10/2019,2325,2481.25,2325,2375,16509600
01/11/2019,2381.25,2381.25,2337.5,2337.5,11393600
04/11/2019,2337.5,2350,2318.75,2350,15414400
05/11/2019,2343.75,2375,2343.75,2375,15487600
06/11/2019,2375,2375,2331.25,2331.25,12962000
07/11/2019,2343.75,2350,2312.5,2337.5,12838400
08/11/2019,2337.5,2350,2262.5,2275,19161600
11/11/2019,2268.75,2325,2262.5,2325,17726800
12/11/2019,2325,2362.5,2325,2362.5,18214000
13/11/2019,2362.5,2412.5,2356.25,2412.5,27508800
14/11/2019,2418.75,2462.5,2400,2412.5,48943200
15/11/2019,2406.25,2443.75,2393.75,2431.25,25798800
18/11/2019,2437.5,2456.25,2425,2437.5,15570400
19/11/2019,2443.75,2456.25,2181.25,2362.5,35412400
20/11/2019,2362.5,2375,2350,2356.25,13843200
21/11/2019,2356.25,2362.5,2250,2262.5,34401600
22/11/2019,2256.25,2256.25,2231.25,2243.75,16538400
25/11/2019,2231.25,2262.5,2225,2256.25,36011200
26/11/2019,2256.25,2275,2256.25,2275,13738400
27/11/2019,2281.25,2312.5,2275,2293.75,18640800
28/11/2019,2300,2356.25,2293.75,2312.5,52186400
29/11/2019,2306.25,2337.5,2306.25,2337.5,30654800
02/12/2019,2325,2356.25,2325,2350,21659200
03/12/2019,2350,2375,2343.75,2375,22660000
04/12/2019,2368.75,2387.5,2368.75,2387.5,27435600
05/12/2019,2393.75,2431.25,2393.75,2425,29188000
06/12/2019,2431.25,2456.25,2418.75,2450,25178000
09/12/2019,2456.25,2481.25,2437.5,2437.5,25876000
10/12/2019,2443.75,2462.5,2425,2437.5,24494000
11/12/2019,2443.75,2468.75,2437.5,2456.25,21573200
12/12/2019,2462.5,2487.5,2450,2462.5,32832800
13/12/2019,2468.75,2487.5,2462.5,2475,25854400
16/12/2019,2475,2493.75,2462.5,2481.25,20370000
17/12/2019,2481.25,2506.25,2475,2487.5,20856400
18/12/2019,2487.5,2500,2481.25,2493.75,22134800
19/12/2019,2493.75,2518.75,2487.5,2500,20148000
20/12/2019,2500,2631.25,2487.5,2631.25,28363600
23/12/2019,2600,2618.75,2568.75,2618.75,21164800
26/12/2019,2625,2650,2612.5,2631.25,20380800
27/12/2019,2631.25,2643.75,2600,2606.25,25223600
30/12/2019,2612.5,2618.75,2500,2593.75,11353600
02/01/2020,2612.5,2618.75,2543.75,2568.75,18964400
03/01/2020,2568.75,2568.75,2418.75,2568.75,18256800
06/01/2020,2550,2550,2431.25,2437.5,40981200
07/01/2020,2462.5,2487.5,2375,2406.25,19280400
08/01/2020,2393.75,2400,2318.75,2325,24982800
09/01/2020,2325,2381.25,2325,2368.75,20129200
10/01/2020,2368.75,2381.25,2343.75,2356.25,23289600
13/01/2020,2356.25,2375,2337.5,2356.25,22290000
14/01/2020,2356.25,2375,2356.25,2362.5,15753600
15/01/2020,2350,2375,2350,2362.5,16118800
16/01/2020,2350,2387.5,2350,2375,21340000
17/01/2020,2362.5,2387.5,2362.5,2387.5,12260400
20/01/2020,2375,2425,2375,2406.25,16701200
21/01/2020,2393.75,2425,2393.75,2400,16304400
22/01/2020,2350,2431.25,2350,2418.75,25490800
23/01/2020,2425,2450,2418.75,2450,10596800
24/01/2020,2450,2493.75,2443.75,2493.75,23955600
27/01/2020,2493.75,2500,2212.5,2250,63316000
28/01/2020,2237.5,2268.75,2193.75,2243.75,25570000
29/01/2020,2237.5,2293.75,2237.5,2268.75,24407200
30/01/2020,2268.75,2281.25,2225,2231.25,33215600
31/01/2020,2231.25,2237.5,2193.75,2193.75,38482800
03/02/2020,2193.75,2193.75,2137.5,2187.5,22184400
04/02/2020,2193.75,2206.25,2150,2187.5,21417200
05/02/2020,2187.5,2206.25,2156.25,2181.25,15434800
06/02/2020,2181.25,2187.5,2156.25,2181.25,9678000
07/02/2020,2181.25,2200,2175,2200,11037600
10/02/2020,2200,2212.5,2187.5,2206.25,10477200
11/02/2020,2212.5,2243.75,2206.25,2231.25,13306800
12/02/2020,2231.25,2256.25,2231.25,2256.25,12583600
13/02/2020,2250,2287.5,2250,2256.25,18496800
14/02/2020,2262.5,2262.5,2237.5,2243.75,10326000
17/02/2020,2243.75,2250,2206.25,2212.5,11376000
18/02/2020,2206.25,2250,2200,2243.75,10035600
19/02/2020,2243.75,2275,2243.75,2268.75,11260000
20/02/2020,2268.75,2293.75,2256.25,2262.5,21974400
21/02/2020,2262.5,2268.75,2225,2262.5,21156800
24/02/2020,2256.25,2375,2100,2375,20294800
25/02/2020,2325,2325,2150,2150,8188400
26/02/2020,2125,2137.5,1956.25,2025,14421200
27/02/2020,2037.5,2037.5,1887.5,1956.25,18297200
28/02/2020,1875,2031.25,1762.5,2000,20392800
02/03/2020,2000,2006.25,1943.75,1975,7598000
03/03/2020,1968.75,2000,1875,1943.75,14485600
04/03/2020,1943.75,1962.5,1918.75,1950,9140000
05/03/2020,1956.25,1975,1925,1925,11168400
06/03/2020,1918.75,1937.5,1875,1925,6480000
09/03/2020,1918.75,1918.75,1706.25,1875,11297200
10/03/2020,1856.25,1925,1818.75,1925,6715200
11/03/2020,1925,1931.25,1800,1918.75,8310000
12/03/2020,1850,1850,1731.25,1743.75,7983600
13/03/2020,1743.75,1743.75,1743.75,1743.75,0
16/03/2020,1743.75,1743.75,1743.75,1743.75,0
17/03/2020,1625,1625,1512.5,1512.5,2698400
18/03/2020,1450,1562.5,1412.5,1562.5,7765600
19/03/2020,1550,1550,1456.25,1456.25,1633600
20/03/2020,1393.75,1587.5,1356.25,1587.5,2752400
23/03/2020,1562.5,1562.5,1481.25,1481.25,86400
24/03/2020,1450,1487.5,1381.25,1487.5,17561600
26/03/2020,1487.5,1518.75,1406.25,1500,22976400
27/03/2020,1500,1600,1400,1400,12224000
30/03/2020,1375,1387.5,1306.25,1350,20425600
31/03/2020,1375,1406.25,1312.5,1312.5,20545200
01/04/2020,1325,1475,1300,1312.5,11393200
02/04/2020,1312.5,1431.25,1256.25,1431.25,19027600
03/04/2020,1437.5,1712.5,1437.5,1712.5,34435200
06/04/2020,1762.5,1850,1687.5,1825,37632800
07/04/2020,1850,1856.25,1793.75,1806.25,25326800
08/04/2020,1812.5,1831.25,1781.25,1818.75,12520400
09/04/2020,1806.25,1850,1781.25,1843.75,6935200
13/04/2020,1843.75,1862.5,1831.25,1862.5,6231200
14/04/2020,1912.5,1912.5,1856.25,1887.5,8420400
15/04/2020,1887.5,1900,1868.75,1900,9282800
16/04/2020,1887.5,1925,1875,1925,6963200
17/04/2020,1937.5,1975,1931.25,1975,8622400
20/04/2020,1962.5,1981.25,1943.75,1956.25,8060800
21/04/2020,1950,1968.75,1925,1968.75,8547200
22/04/2020,1968.75,2168.75,1950,2125,46433600
23/04/2020,2131.25,2168.75,2118.75,2150,20350400
24/04/2020,2150,2175,2137.5,2162.5,20702000
27/04/2020,2175,2187.5,2156.25,2156.25,13593600
28/04/2020,2162.5,2206.25,2150,2206.25,20796400
29/04/2020,2212.5,2225,2206.25,2218.75,19311200
30/04/2020,2231.25,2262.5,2218.75,2243.75,18457600
04/05/2020,2231.25,2231.25,2137.5,2156.25,6111200
05/05/2020,2150,2181.25,2125,2125,12531200
06/05/2020,2100,2137.5,1987.5,2037.5,18654000
08/05/2020,2037.5,2062.5,1987.5,2000,18993200
11/05/2020,2000,2031.25,1862.5,1862.5,17306800
12/05/2020,1862.5,1862.5,1762.5,1818.75,16828000
13/05/2020,1793.75,1843.75,1725,1750,7502400
14/05/2020,1737.5,1737.5,1643.75,1675,11613200
15/05/2020,1675,1675,1618.75,1637.5,8288000
18/05/2020,1637.5,1637.5,1568.75,1587.5,8988800
19/05/2020,1587.5,1668.75,1581.25,1637.5,9970000
20/05/2020,1637.5,1762.5,1637.5,1731.25,32961600
26/05/2020,1750,1793.75,1737.5,1787.5,16692000
27/05/2020,1793.75,1806.25,1775,1781.25,12479600
28/05/2020,1800,1831.25,1781.25,1825,22868800
29/05/2020,1812.5,1850,1812.5,1831.25,13933200
02/06/2020,1837.5,1862.5,1825,1850,14702000
03/06/2020,1837.5,1868.75,1825,1825,21662800
04/06/2020,1825,1850,1818.75,1831.25,9520000
05/06/2020,1818.75,1837.5,1793.75,1793.75,9368400
08/06/2020,1793.75,1793.75,1737.5,1737.5,11568000
09/06/2020,1750,1775,1712.5,1768.75,16614800
10/06/2020,1775,1775,1737.5,1737.5,9065200
11/06/2020,1737.5,1750,1693.75,1750,5910000
12/06/2020,1750,1750,1656.25,1681.25,7449600
15/06/2020,1681.25,1681.25,1612.5,1650,11428800
16/06/2020,1675,1725,1662.5,1725,12318000
17/06/2020,1731.25,1750,1712.5,1712.5,9923200
18/06/2020,1693.75,1718.75,1681.25,1693.75,7101600
19/06/2020,1693.75,1712.5,1675,1700,9272000
22/06/2020,1700,1731.25,1700,1712.5,11205600
23/06/2020,1737.5,1737.5,1675,1687.5,9688000
24/06/2020,1693.75,1706.25,1643.75,1662.5,17858000
25/06/2020,1662.5,1675,1625,1637.5,6998000
26/06/2020,1656.25,1656.25,1593.75,1618.75,15331200
29/06/2020,1618.75,1631.25,1575,1612.5,11194800
30/06/2020,1631.25,1650,1625,1643.75,15675200
01/07/2020,1650,1656.25,1612.5,1643.75,12836400
02/07/2020,1650,1712.5,1643.75,1706.25,35700000
03/07/2020,1718.75,1737.5,1700,1718.75,22697200
06/07/2020,1718.75,1737.5,1675,1681.25,19423600
07/07/2020,1681.25,1700,1668.75,1693.75,10573600
08/07/2020,1693.75,1712.5,1668.75,1687.5,15466800
09/07/2020,1687.5,1687.5,1631.25,1656.25,16385600
10/07/2020,1656.25,1668.75,1643.75,1662.5,8600000
13/07/2020,1662.5,1681.25,1650,1681.25,5384800
14/07/2020,1693.75,1731.25,1681.25,1718.75,15738800
15/07/2020,1725,1775,1725,1756.25,20200000
16/07/2020,1762.5,1775,1750,1762.5,12428000
17/07/2020,1775,1775,1750,1775,10511600
20/07/2020,1781.25,1812.5,1762.5,1775,18804400
21/07/2020,1781.25,1793.75,1762.5,1793.75,11773600
22/07/2020,1793.75,1812.5,1787.5,1800,11116000
23/07/2020,1806.25,1818.75,1793.75,1812.5,13669200
24/07/2020,1825,1875,1825,1862.5,29277200
27/07/2020,1850,1862.5,1737.5,1737.5,25679600
28/07/2020,1718.75,1737.5,1618.75,1700,23226800
29/07/2020,1700,1775,1668.75,1775,16968400
30/07/2020,1775,1831.25,1775,1831.25,19698800
03/08/2020,1831.25,1850,1750,1843.75,11458000
04/08/2020,1843.75,1906.25,1831.25,1843.75,17962000
05/08/2020,1837.5,1837.5,1800,1831.25,13126400
06/08/2020,1843.75,1856.25,1825,1843.75,14823600
07/08/2020,1850,1850,1812.5,1837.5,10456800
10/08/2020,1837.5,1850,1831.25,1850,14350400
11/08/2020,1850,1875,1837.5,1837.5,13404800
12/08/2020,1843.75,1850,1831.25,1850,9112000
13/08/2020,1850,1856.25,1837.5,1843.75,8756800
14/08/2020,1843.75,1862.5,1831.25,1856.25,10808000
18/08/2020,1856.25,1875,1850,1850,15189200
19/08/2020,1850,1868.75,1831.25,1837.5,12630800
24/08/2020,1837.5,1837.5,1800,1812.5,14054800
25/08/2020,1818.75,1831.25,1750,1781.25,18307200
26/08/2020,1800,1825,1762.5,1762.5,19566400
27/08/2020,1762.5,1781.25,1756.25,1768.75,12447600
28/08/2020,1775,1787.5,1756.25,1775,9541200
31/08/2020,1781.25,1800,1768.75,1781.25,13930400
01/09/2020,1781.25,1800,1768.75,1793.75,10382000
02/09/2020,1800,1800,1737.5,1743.75,12910400
03/09/2020,1743.75,1756.25,1725,1737.5,11138800
04/09/2020,1737.5,1737.5,1706.25,1706.25,9573600
07/09/2020,1706.25,1743.75,1700,1725,10412400
08/09/2020,1743.75,1743.75,1718.75,1731.25,7798400
09/09/2020,1731.25,1737.5,1681.25,1706.25,10486400
10/09/2020,1700,1700,1587.5,1643.75,10700400
11/09/2020,1600,1700,1587.5,1700,14099600
14/09/2020,1700,1731.25,1693.75,1718.75,13551600
15/09/2020,1718.75,1775,1712.5,1731.25,11403200
16/09/2020,1731.25,1750,1700,1750,12242400
17/09/2020,1750,1762.5,1731.25,1750,6188800
18/09/2020,1750,1762.5,1737.5,1750,8240000
21/09/2020,1750,1762.5,1737.5,1737.5,6288800
22/09/2020,1725,1743.75,1700,1731.25,6131600
23/09/2020,1737.5,1750,1718.75,1750,8450000
24/09/2020,1731.25,1781.25,1706.25,1781.25,4222400
25/09/2020,1787.5,1800,1768.75,1800,6356400
28/09/2020,1800,1818.75,1787.5,1800,34918800
29/09/2020,1800,1818.75,1787.5,1800,17348400
30/09/2020,1806.25,1825,1787.5,1800,27346400
01/10/2020,1812.5,1831.25,1800,1818.75,24472800
02/10/2020,1825,1893.75,1818.75,1887.5,21906800
05/10/2020,1893.75,1937.5,1887.5,1931.25,17889200
06/10/2020,1950,1975,1937.5,1950,16204000
07/10/2020,1950,1975,1931.25,1950,11721600
08/10/2020,1956.25,1968.75,1950,1962.5,15332800
09/10/2020,1950,1962.5,1937.5,1943.75,9754800
12/10/2020,1943.75,1968.75,1937.5,1962.5,13153200
13/10/2020,1950,1968.75,1931.25,1962.5,9274800
14/10/2020,1956.25,1968.75,1950,1956.25,9054800
15/10/2020,2012.5,2012.5,1950,1950,10904400
16/10/2020,1943.75,1950,1906.25,1925,8418400
19/10/2020,1925,1950,1925,1925,9390800
20/10/2020,1925,1943.75,1918.75,1931.25,8510400
21/10/2020,1931.25,1950,1900,1925,13124800
22/10/2020,1925,1950,1887.5,1950,12287600
23/10/2020,1956.25,1975,1956.25,1975,13802400
26/10/2020,1981.25,2000,1975,2000,13516400
27/10/2020,1993.75,2000,1981.25,2000,8530000
02/11/2020,2000,2000,1981.25,1987.5,5942400
03/11/2020,1987.5,1993.75,1962.5,1987.5,14004800
04/11/2020,1987.5,1993.75,1975,1987.5,9776800
05/11/2020,1987.5,2012.5,1981.25,2012.5,12563200
06/11/2020,2018.75,2050,2012.5,2037.5,11754800
09/11/2020,2037.5,2087.5,2037.5,2075,15296800
10/11/2020,2075,2118.75,2075,2081.25,10653200
11/11/2020,2081.25,2100,2068.75,2081.25,8184800
12/11/2020,2081.25,2106.25,2068.75,2106.25,10594400
13/11/2020,2112.5,2112.5,2087.5,2100,10296400
16/11/2020,2100,2118.75,2093.75,2112.5,10279600
17/11/2020,2112.5,2143.75,2112.5,2143.75,11096400
18/11/2020,2150,2175,2150,2175,10371600
19/11/2020,2168.75,2175,2156.25,2168.75,11296800
20/11/2020,2162.5,2187.5,2162.5,2187.5,12392800
23/11/2020,2193.75,2212.5,2175,2193.75,8847200
24/11/2020,2200,2225,2200,2218.75,10369200
25/11/2020,2218.75,2250,2218.75,2243.75,13491200
26/11/2020,2231.25,2318.75,2231.25,2318.75,30337200
27/11/2020,2343.75,2343.75,2275,2312.5,16763200
30/11/2020,2312.5,2331.25,2300,2325,15794000
01/12/2020,2312.5,2375,2312.5,2375,19463200
02/12/2020,2381.25,2431.25,2381.25,2418.75,21298000
03/12/2020,2418.75,2468.75,2418.75,2437.5,11916400
04/12/2020,2437.5,2443.75,2418.75,2437.5,15372000
07/12/2020,2437.5,2481.25,2437.5,2443.75,19522800
08/12/2020,2468.75,2475,2443.75,2462.5,15159600
10/12/2020,2468.75,2487.5,2456.25,2487.5,11578400
11/12/2020,2500,2525,2475,2493.75,14031200
14/12/2020,2512.5,2512.5,2350,2437.5,13727600
15/12/2020,2443.75,2443.75,2356.25,2375,11514400
16/12/2020,2375,2400,2356.25,2362.5,12758400
17/12/2020,2356.25,2381.25,2262.5,2275,8051200
18/12/2020,2287.5,2325,2268.75,2268.75,4111200
21/12/2020,2262.5,2293.75,2256.25,2268.75,8345200
22/12/2020,2262.5,2306.25,2237.5,2293.75,7197200
23/12/2020,2300,2306.25,2225,2287.5,4238800
28/12/2020,2287.5,2343.75,2262.5,2343.75,13780400
29/12/2020,2362.5,2375,2325,2337.5,10224000
30/12/2020,2337.5,2356.25,2225,2268.75,17093600
04/01/2021,2262.5,2331.25,2243.75,2331.25,9650000
05/01/2021,2331.25,2356.25,2312.5,2350,7940400
06/01/2021,2350,2393.75,2350,2393.75,11542800
07/01/2021,2400,2475,2393.75,2475,17624400
08/01/2021,2481.25,2518.75,2475,2512.5,11584400
11/01/2021,2500,2525,2475,2518.75,18771200
12/01/2021,2518.75,2525,2450,2487.5,12528800
13/01/2021,2475,2525,2443.75,2525,12343200
14/01/2021,2525,2568.75,2518.75,2537.5,12150800
15/01/2021,2537.5,2556.25,2518.75,2531.25,7070800
18/01/2021,2531.25,2575,2518.75,2575,6972400
19/01/2021,2575,2593.75,2550,2575,6975600
20/01/2021,2562.5,2606.25,2562.5,2587.5,8923200
21/01/2021,2587.5,2612.5,2581.25,2606.25,10183200
22/01/2021,2606.25,2618.75,2587.5,2593.75,5672400
25/01/2021,2587.5,2593.75,2412.5,2550,4236800
26/01/2021,2562.5,2612.5,2550,2587.5,34152400
27/01/2021,2587.5,2606.25,2568.75,2587.5,13820800
28/01/2021,2575,2606.25,2537.5,2587.5,24586800
29/01/2021,2587.5,2606.25,2543.75,2543.75,30147200
01/02/2021,2550,2656.25,2531.25,2656.25,34962800
02/02/2021,2662.5,2681.25,2631.25,2643.75,18347600
03/02/2021,2650,2687.5,2650,2675,22130400
04/02/2021,2675,2712.5,2675,2687.5,18700000
05/02/2021,2687.5,2737.5,2687.5,2731.25,33711200
08/02/2021,2731.25,2781.25,2731.25,2768.75,20474000
09/02/2021,2768.75,2818.75,2768.75,2818.75,22388800
10/02/2021,2818.75,2825,2631.25,2687.5,16208400
11/02/2021,2668.75,2706.25,2662.5,2706.25,8899600
15/02/2021,2712.5,2806.25,2693.75,2800,13804000
16/02/2021,2806.25,2837.5,2800,2806.25,12479600
17/02/2021,2806.25,2806.25,2731.25,2743.75,8124800
18/02/2021,2743.75,2750,2556.25,2606.25,8580000
19/02/2021,2600,2600,2500,2568.75,9937200
22/02/2021,2581.25,2612.5,2562.5,2562.5,10198800
23/02/2021,2568.75,2575,2543.75,2556.25,9168400
24/02/2021,2556.25,2568.75,2412.5,2462.5,19922800
25/02/2021,2468.75,2493.75,2425,2481.25,13834800
26/02/2021,2481.25,2487.5,2425,2437.5,10925600
01/03/2021,2431.25,2437.5,2325,2400,17332000
02/03/2021,2431.25,2443.75,2375,2443.75,10979200
03/03/2021,2462.5,2462.5,2431.25,2443.75,4456000
04/03/2021,2468.75,2475,2406.25,2431.25,7682800
05/03/2021,2431.25,2450,2337.5,2356.25,13829600
08/03/2021,2368.75,2406.25,2368.75,2387.5,3749600
09/03/2021,2381.25,2406.25,2356.25,2381.25,10674400
10/03/2021,2387.5,2475,2381.25,2468.75,11665600
12/03/2021,2481.25,2656.25,2481.25,2643.75,15988400
15/03/2021,2650,2668.75,2593.75,2631.25,13195200
16/03/2021,2637.5,2668.75,2606.25,2662.5,12375600
17/03/2021,2662.5,2731.25,2656.25,2706.25,10472800
18/03/2021,2706.25,2737.5,2681.25,2731.25,9994400
19/03/2021,2731.25,2750,2706.25,2750,6748000
22/03/2021,2743.75,2756.25,2725,2750,7288800
23/03/2021,2750,2768.75,2700,2725,13718000
24/03/2021,2706.25,2706.25,2625,2631.25,14278000
25/03/2021,2625,2681.25,2612.5,2681.25,5095200
26/03/2021,2681.25,2731.25,2681.25,2725,6144800
29/03/2021,2725,2756.25,2725,2743.75,10105600
30/03/2021,2750,2825,2750,2818.75,15110400
31/03/2021,2818.75,2831.25,2743.75,2781.25,12966000
01/04/2021,2793.75,2806.25,2750,2781.25,7962800
05/04/2021,2781.25,2793.75,2743.75,2750,5463200
06/04/2021,2756.25,2775,2743.75,2762.5,4631600
07/04/2021,2756.25,2775,2737.5,2737.5,3892400
08/04/2021,2737.5,2775,2731.25,2775,6392000
09/04/2021,2781.25,2812.5,2737.5,2762.5,5860800
12/04/2021,2762.5,2768.75,2718.75,2737.5,6779200
13/04/2021,2731.25,2731.25,2681.25,2706.25,4687600
14/04/2021,2706.25,2731.25,2693.75,2731.25,3378800
15/04/2021,2725,2731.25,2687.5,2693.75,3372000
16/04/2021,2687.5,2693.75,2650,2668.75,2769200
19/04/2021,2656.25,2668.75,2581.25,2606.25,6948800
20/04/2021,2606.25,2606.25,2562.5,2587.5,4457200
21/04/2021,2581.25,2581.25,2537.5,2562.5,3835600
22/04/2021,2562.5,2581.25,2543.75,2568.75,3966000
23/04/2021,2568.75,2575,2562.5,2568.75,1697200
26/04/2021,2568.75,2568.75,2512.5,2525,8712400
27/04/2021,2525,2543.75,2462.5,2493.75,12050000
28/04/2021,2512.5,2525,2456.25,2525,4916000
29/04/2021,2531.25,2543.75,2487.5,2487.5,2463200
30/04/2021,2512.5,2525,2506.25,2518.75,2696800
03/05/2021,2518.75,2537.5,2418.75,2475,6674400
04/05/2021,2475,2487.5,2412.5,2425,4654800
05/05/2021,2425,2431.25,2393.75,2412.5,3379600
06/05/2021,2412.5,2431.25,2350,2368.75,6420800
07/05/2021,2381.25,2381.25,2318.75,2337.5,4694000
10/05/2021,2350,2350,2268.75,2275,7508000
11/05/2021,2275,2275,2143.75,2181.25,15555200
17/05/2021,2181.25,2193.75,2043.75,2056.25,13254800
18/05/2021,2056.25,2075,1993.75,1993.75,12224400
19/05/2021,1993.75,1993.75,1856.25,1862.5,42268400
20/05/2021,1875,1937.5,1862.5,1906.25,58226000
21/05/2021,1937.5,2137.5,1937.5,1993.75,28420800
24/05/2021,2012.5,2025,1906.25,1918.75,11820800
25/05/2021,1918.75,1962.5,1868.75,1881.25,13943200
27/05/2021,1887.5,1943.75,1881.25,1912.5,11062000
28/05/2021,1918.75,1925,1875,1893.75,6596400
31/05/2021,1906.25,1987.5,1881.25,1981.25,17133600
02/06/2021,1987.5,2025,1968.75,1981.25,10933600
03/06/2021,1987.5,2000,1937.5,1943.75,7819200
04/06/2021,1950,1993.75,1943.75,1956.25,8883200
07/06/2021,1956.25,1968.75,1937.5,1937.5,7546400
08/06/2021,1937.5,1943.75,1900,1925,12468800
09/06/2021,1937.5,2025,1925,2018.75,11298400
10/06/2021,2037.5,2043.75,1975,2018.75,15785600
11/06/2021,2018.75,2025,1987.5,2000,12992800
14/06/2021,2000,2075,1987.5,2075,15697600
15/06/2021,2075,2368.75,2075,2331.25,39643200
16/06/2021,2331.25,2375,2293.75,2356.25,16482800
17/06/2021,2343.75,2400,2343.75,2393.75,11811600
18/06/2021,2400,2425,2362.5,2362.5,15512400
21/06/2021,2350,2406.25,2312.5,2356.25,11525600
22/06/2021,2356.25,2462.5,2337.5,2443.75,16139200
23/06/2021,2437.5,2487.5,2425,2487.5,15384400
24/06/2021,2493.75,2525,2487.5,2487.5,13800800
25/06/2021,2487.5,2525,2487.5,2512.5,11068800
28/06/2021,2512.5,2525,2437.5,2437.5,11189200
29/06/2021,2437.5,2462.5,2412.5,2431.25,7294000
30/06/2021,2431.25,2456.25,2418.75,2456.25,15600800
01/07/2021,2462.5,2500,2456.25,2462.5,7533200
02/07/2021,2462.5,2487.5,2437.5,2437.5,5415200
05/07/2021,2443.75,2443.75,2387.5,2387.5,7912800
06/07/2021,2381.25,2418.75,2356.25,2387.5,11779600
07/07/2021,2406.25,2475,2406.25,2456.25,9444400
08/07/2021,2468.75,2468.75,2431.25,2450,10503600
09/07/2021,2450,2493.75,2418.75,2481.25,13680000
12/07/2021,2487.5,2506.25,2481.25,2500,12820000
13/07/2021,2512.5,2525,2468.75,2468.75,14122000
14/07/2021,2468.75,2475,2437.5,2462.5,9944000
15/07/2021,2462.5,2475,2425,2437.5,8359200
16/07/2021,2437.5,2462.5,2393.75,2393.75,10726400
19/07/2021,2387.5,2387.5,2250,2275,22218000
21/07/2021,2281.25,2300,2200,2225,15366400
22/07/2021,2237.5,2256.25,2187.5,2218.75,13138800
23/07/2021,2212.5,2218.75,2125,2187.5,22783600
26/07/2021,2206.25,2212.5,2168.75,2187.5,10696800
27/07/2021,2193.75,2212.5,2187.5,2200,10029600
28/07/2021,2212.5,2256.25,2200,2212.5,11838400
29/07/2021,2237.5,2268.75,2218.75,2268.75,22830800
30/07/2021,2300,2356.25,2300,2350,26442400
02/08/2021,2362.5,2375,2293.75,2325,18339200
03/08/2021,2325,2356.25,2312.5,2337.5,11742400
04/08/2021,2350,2356.25,2325,2356.25,7098000
05/08/2021,2343.75,2356.25,2325,2337.5,11964800
06/08/2021,2337.5,2362.5,2337.5,2343.75,10884800
09/08/2021,2343.75,2356.25,2293.75,2300,11037600
10/08/2021,2300,2325,2275,2300,5817200
12/08/2021,2312.5,2325,2287.5,2287.5,10080000
13/08/2021,2281.25,2312.5,2275,2312.5,4539200
16/08/2021,2312.5,2312.5,2250,2256.25,8266800
18/08/2021,2256.25,2281.25,2243.75,2275,10082400
19/08/2021,2275,2275,2200,2237.5,8985600
20/08/2021,2237.5,2262.5,2218.75,2243.75,5315200
23/08/2021,2243.75,2250,2181.25,2212.5,8951600
24/08/2021,2218.75,2218.75,2112.5,2150,11956400
25/08/2021,2143.75,2168.75,2137.5,2150,7545200
26/08/2021,2162.5,2168.75,2125,2143.75,5302000
27/08/2021,2156.25,2162.5,2087.5,2093.75,10173200
30/08/2021,2093.75,2162.5,2093.75,2162.5,22377600
31/08/2021,2025,2050,1937.5,1962.5,18706800
01/09/2021,1968.75,1968.75,1918.75,1918.75,8830800
02/09/2021,1925,1931.25,1900,1900,5665200
03/09/2021,1887.5,1893.75,1837.5,1887.5,12355600
06/09/2021,1875,1875,1831.25,1850,10222800
07/09/2021,1850,1850,1768.75,1781.25,16426000
08/09/2021,1775,1775,1718.75,1743.75,16322800
09/09/2021,1737.5,1743.75,1700,1712.5,30091600
10/09/2021,1718.75,1800,1712.5,1800,24020000
13/09/2021,1800,1806.25,1725,1762.5,34058800
14/09/2021,1762.5,1775,1700,1768.75,33736400
15/09/2021,1762.5,1762.5,1731.25,1750,10240400
16/09/2021,1756.25,1875,1750,1868.75,38469600
17/09/2021,1887.5,1893.75,1825,1862.5,16834000
20/09/2021,1862.5,1862.5,1787.5,1812.5,37395200
21/09/2021,1800,1843.75,1775,1843.75,6458400
22/09/2021,1850,1850,1806.25,1812.5,8556400
23/09/2021,1825,1825,1787.5,1800,9421200
24/09/2021,1812.5,1825,1793.75,1800,7275600
27/09/2021,1812.5,1812.5,1768.75,1787.5,8764000
28/09/2021,1793.75,1793.75,1750,1781.25,10688000
29/09/2021,1768.75,1775,1750,1762.5,6736800
30/09/2021,1762.5,1806.25,1762.5,1800,9369600
01/10/2021,1793.75,1793.75,1756.25,1762.5,11572800
04/10/2021,1762.5,1793.75,1725,1781.25,16793600
05/10/2021,1781.25,1781.25,1731.25,1750,16642000
06/10/2021,1750,1837.5,1737.5,1818.75,28365600
07/10/2021,1818.75,1825,1781.25,1812.5,18287200
08/10/2021,1800,1843.75,1793.75,1831.25,16227200
11/10/2021,1831.25,1837.5,1762.5,1768.75,22375200
12/10/2021,1768.75,1787.5,1743.75,1762.5,17754400
13/10/2021,1762.5,1787.5,1737.5,1737.5,33755600
14/10/2021,1750,1818.75,1743.75,1806.25,34040800
15/10/2021,1818.75,1831.25,1781.25,1787.5,16519600
18/10/2021,1793.75,1806.25,1787.5,1800,11383200
19/10/2021,1800,1837.5,1800,1812.5,28433600
21/10/2021,1818.75,1825,1787.5,1793.75,10762400
22/10/2021,1793.75,1893.75,1787.5,1881.25,38532000
25/10/2021,1893.75,1931.25,1887.5,1931.25,32062400
26/10/2021,1931.25,1956.25,1906.25,1906.25,19306400
27/10/2021,1912.5,1918.75,1881.25,1912.5,12768800
28/10/2021,1912.5,1943.75,1831.25,1856.25,27614400
29/10/2021,1875,1900,1843.75,1900,12633200
01/11/2021,1912.5,1931.25,1887.5,1900,18881600
02/11/2021,1912.5,1918.75,1850,1875,14028000
03/11/2021,1875,1881.25,1831.25,1856.25,12112800
04/11/2021,1856.25,1856.25,1831.25,1831.25,14962400
05/11/2021,1831.25,1843.75,1787.5,1793.75,17726800
08/11/2021,1793.75,1812.5,1787.5,1800,8925600
09/11/2021,1800,1837.5,1800,1837.5,11138400
10/11/2021,1837.5,1837.5,1812.5,1818.75,12116400
11/11/2021,1831.25,1850,1825,1843.75,11582800
12/11/2021,1843.75,1850,1818.75,1818.75,7067200
15/11/2021,1818.75,1818.75,1781.25,1781.25,14031600
16/11/2021,1781.25,1787.5,1756.25,1768.75,20542400
17/11/2021,1768.75,1787.5,1762.5,1762.5,9514800
18/11/2021,1781.25,1781.25,1756.25,1768.75,7742000
19/11/2021,1775,1793.75,1768.75,1793.75,7773600
22/11/2021,1793.75,1800,1781.25,1793.75,6336800
23/11/2021,1800,1812.5,1793.75,1793.75,8594400
24/11/2021,1800,1806.25,1781.25,1793.75,6971200
25/11/2021,1793.75,1806.25,1781.25,1787.5,9106400
26/11/2021,1781.25,1793.75,1750,1750,15212800
29/11/2021,1750,1775,1737.5,1775,6866800
30/11/2021,1775,1775,1756.25,1768.75,5808400
01/12/2021,1762.5,1775,1725,1731.25,10774000
02/12/2021,1737.5,1737.5,1700,1712.5,13928400
03/12/2021,1712.5,1750,1706.25,1743.75,27309600
06/12/2021,1743.75,1750,1712.5,1712.5,12366000
07/12/2021,1718.75,1737.5,1712.5,1725,30394800
08/12/2021,1737.5,1743.75,1718.75,1743.75,7519600
09/12/2021,1743.75,1762.5,1731.25,1750,8578800
10/12/2021,1750,1775,1750,1768.75,4678000
13/12/2021,1781.25,1843.75,1775,1837.5,19222000
14/12/2021,1837.5,1850,1812.5,1850,11892800
15/12/2021,1850,1850,1825,1831.25,9758400
16/12/2021,1837.5,1837.5,1800,1800,7682000
17/12/2021,1806.25,1850,1787.5,1850,9758800
20/12/2021,1825,1825,1787.5,1787.5,6718400
21/12/2021,1787.5,1806.25,1775,1787.5,5270000
22/12/2021,1800,1800,1762.5,1775,6861600
23/12/2021,1775,1800,1775,1793.75,6208800
24/12/2021,1793.75,1812.5,1793.75,1800,4243600
27/12/2021,1812.5,1825,1800,1812.5,3547600
28/12/2021,1812.5,1825,1812.5,1812.5,3924800
29/12/2021,1812.5,1818.75,1800,1806.25,8451200
30/12/2021,1812.5,1831.25,1800,1831.25,8152800
03/01/2022,1831.25,1831.25,1812.5,1812.5,4238800
04/01/2022,1818.75,1825,1800,1806.25,6724000
05/01/2022,1831.25,1843.75,1806.25,1818.75,7358400
06/01/2022,1818.75,1818.75,1793.75,1800,4046800
07/01/2022,1800,1825,1800,1812.5,6351600
10/01/2022,1812.5,1837.5,1800,1837.5,8279200
11/01/2022,1837.5,1837.5,1806.25,1818.75,4724400
12/01/2022,1818.75,1887.5,1818.75,1881.25,27152000
13/01/2022,1887.5,1900,1868.75,1887.5,13837200
14/01/2022,1887.5,1887.5,1868.75,1875,6580400
17/01/2022,1881.25,1887.5,1862.5,1875,14558800
18/01/2022,1881.25,1931.25,1881.25,1918.75,26757600
19/01/2022,1912.5,1937.5,1906.25,1925,8826800
20/01/2022,1925,1975,1918.75,1968.75,17994000
21/01/2022,1975,2018.75,1968.75,2012.5,16632400
24/01/2022,2012.5,2043.75,2006.25,2025,13969600
25/01/2022,2025,2037.5,2000,2037.5,14675600
26/01/2022,2037.5,2075,2037.5,2075,13244000
27/01/2022,2075,2106.25,2075,2100,11104800
28/01/2022,2100,2143.75,2100,2143.75,10751200
31/01/2022,2156.25,2206.25,2156.25,2206.25,18057600
02/02/2022,2206.25,2275,2200,2275,30869200
03/02/2022,2275,2325,2250,2325,22569200
04/02/2022,2325,2406.25,2325,2406.25,25556400
07/02/2022,2412.5,2500,2412.5,2493.75,45010000
08/02/2022,2500,2556.25,2500,2550,25408400
09/02/2022,2562.5,2650,2556.25,2637.5,40539600
10/02/2022,2650,2693.75,2643.75,2693.75,30656000
11/02/2022,2700,2700,2506.25,2506.25,71722000
14/02/2022,2437.5,2443.75,2331.25,2350,46788400
15/02/2022,2325,2450,2325,2431.25,23063200
16/02/2022,2456.25,2500,2437.5,2450,14404000
17/02/2022,2450,2462.5,2362.5,2362.5,13937200
18/02/2022,2356.25,2375,2325,2375,11495200
21/02/2022,2362.5,2375,2337.5,2350,12885200
22/02/2022,2350,2350,2281.25,2318.75,17116400
23/02/2022,2318.75,2350,2312.5,2325,13319200
24/02/2022,2325,2325,2218.75,2231.25,20768000
25/02/2022,2243.75,2306.25,2243.75,2256.25,16769200
01/03/2022,2262.5,2337.5,2262.5,2325,17273200
02/03/2022,2312.5,2331.25,2268.75,2268.75,12085600
04/03/2022,2268.75,2287.5,2237.5,2237.5,13588000
07/03/2022,2231.25,2237.5,2125,2137.5,20294400
08/03/2022,2137.5,2150,2062.5,2075,16268800
09/03/2022,2075,2137.5,2056.25,2131.25,18871200
10/03/2022,2156.25,2200,2137.5,2200,14968000
11/03/2022,2200,2218.75,2181.25,2206.25,12362400
14/03/2022,2206.25,2243.75,2200,2237.5,14855200
15/03/2022,2250,2268.75,2243.75,2262.5,16360800
16/03/2022,2281.25,2387.5,2275,2387.5,34512400
17/03/2022,2400,2412.5,2343.75,2343.75,23387200
18/03/2022,2350,2368.75,2343.75,2368.75,7731600
21/03/2022,2381.25,2400,2375,2393.75,7938400
22/03/2022,2406.25,2412.5,2381.25,2381.25,6474800
23/03/2022,2387.5,2406.25,2381.25,2393.75,10799600
24/03/2022,2393.75,2406.25,2381.25,2387.5,11683200
25/03/2022,2393.75,2393.75,2375,2375,10634800
28/03/2022,2381.25,2431.25,2381.25,2425,10883600
29/03/2022,2437.5,2481.25,2437.5,2481.25,23825200
30/03/2022,2487.5,2500,2481.25,2500,19318800
31/03/2022,2500,2525,2487.5,2525,30100000
01/04/2022,2525,2537.5,2518.75,2537.5,35153200
04/04/2022,2550,2575,2543.75,2568.75,17955600
05/04/2022,2568.75,2618.75,2568.75,2618.75,16175200
06/04/2022,2618.75,2637.5,2581.25,2637.5,26863600
07/04/2022,2637.5,2662.5,2625,2650,18432000
08/04/2022,2650,2687.5,2637.5,2687.5,13141200
11/04/2022,2693.75,2768.75,2687.5,2762.5,26592800
12/04/2022,2762.5,2781.25,2693.75,2693.75,27720000
13/04/2022,2718.75,2725,2650,2650,14610400
14/04/2022,2650,2656.25,2562.5,2562.5,16821600
18/04/2022,2550,2562.5,2500,2500,17455200
19/04/2022,2500,2606.25,2500,2606.25,11733200
20/04/2022,2612.5,2618.75,2581.25,2600,6933200
21/04/2022,2600,2612.5,2562.5,2562.5,6928800
22/04/2022,2568.75,2575,2537.5,2562.5,6880400
25/04/2022,2562.5,2575,2550,2550,4458400
26/04/2022,2550,2575,2537.5,2556.25,7784800
27/04/2022,2556.25,2568.75,2537.5,2550,6693200
28/04/2022,2568.75,2568.75,2512.5,2512.5,11441200
09/05/2022,2518.75,2525,2506.25,2506.25,7242800
10/05/2022,2506.25,2518.75,2487.5,2493.75,8700800
11/05/2022,2493.75,2512.5,2481.25,2481.25,14069600
12/05/2022,2481.25,2500,2462.5,2468.75,12628400
13/05/2022,2481.25,2481.25,2437.5,2475,12838400
17/05/2022,2475,2506.25,2468.75,2468.75,9953200
18/05/2022,2481.25,2493.75,2475,2487.5,6260800
19/05/2022,2487.5,2487.5,2450,2475,9352800
20/05/2022,2475,2481.25,2462.5,2475,7748400
23/05/2022,2481.25,2493.75,2468.75,2468.75,5904000
24/05/2022,2475,2487.5,2450,2475,11133200
25/05/2022,2475,2487.5,2468.75,2487.5,6011200
27/05/2022,2500,2543.75,2493.75,2543.75,8337200
30/05/2022,2550,2568.75,2543.75,2568.75,9116800
31/05/2022,2575,2606.25,2556.25,2556.25,19047600
02/06/2022,2556.25,2575,2525,2575,9374800
03/06/2022,2575,2581.25,2537.5,2537.5,8840000
06/06/2022,2537.5,2550,2506.25,2518.75,9938000
07/06/2022,2518.75,2531.25,2500,2500,7470400
08/06/2022,2506.25,2525,2500,2500,10956800
09/06/2022,2506.25,2525,2500,2500,9070800
10/06/2022,2506.25,2518.75,2487.5,2487.5,8241600
13/06/2022,2487.5,2487.5,2431.25,2437.5,15491600
14/06/2022,2437.5,2437.5,2375,2387.5,8185200
15/06/2022,2387.5,2456.25,2387.5,2450,7182400
16/06/2022,2456.25,2468.75,2406.25,2406.25,9912000
17/06/2022,2406.25,2431.25,2337.5,2381.25,14527200
20/06/2022,2368.75,2387.5,2343.75,2343.75,14084800
21/06/2022,2356.25,2387.5,2350,2381.25,12112400
22/06/2022,2393.75,2406.25,2375,2375,9410800
23/06/2022,2381.25,2381.25,2350,2362.5,11554400
24/06/2022,2356.25,2368.75,2325,2362.5,12532800
27/06/2022,2368.75,2387.5,2350,2362.5,10533200
28/06/2022,2362.5,2375,2337.5,2362.5,11695200
29/06/2022,2350,2375,2287.5,2293.75,13359200
30/06/2022,2293.75,2318.75,2206.25,2250,24991600
01/07/2022,2250,2256.25,2187.5,2187.5,14590000
04/07/2022,2187.5,2200,2168.75,2187.5,9056400
05/07/2022,2187.5,2200,2118.75,2162.5,17270400
06/07/2022,2162.5,2168.75,2143.75,2143.75,10851200
07/07/2022,2143.75,2200,2143.75,2175,16788400
08/07/2022,2175,2181.25,2143.75,2181.25,12467200
11/07/2022,2181.25,2193.75,2156.25,2181.25,12661600
12/07/2022,2187.5,2262.5,2181.25,2262.5,13494000
13/07/2022,2268.75,2312.5,2243.75,2300,14851600
14/07/2022,2300,2368.75,2287.5,2368.75,17774000
15/07/2022,2362.5,2393.75,2350,2387.5,13221600
18/07/2022,2400,2431.25,2375,2400,17705200
19/07/2022,2400,2412.5,2375,2375,14328000
20/07/2022,2387.5,2418.75,2375,2400,24458400
21/07/2022,2400,2425,2387.5,2425,16153600
22/07/2022,2425,2443.75,2400,2412.5,14140000
25/07/2022,2412.5,2425,2387.5,2387.5,10490400
26/07/2022,2387.5,2400,2331.25,2337.5,17272000
27/07/2022,2331.25,2356.25,2331.25,2337.5,12115200
28/07/2022,2350,2362.5,2337.5,2337.5,12012400
29/07/2022,2350,2375,2337.5,2375,12916800
01/08/2022,2362.5,2362.5,2337.5,2337.5,11176400
02/08/2022,2337.5,2343.75,2287.5,2312.5,13231200
03/08/2022,2300,2325,2275,2318.75,13434400
04/08/2022,2325,2337.5,2306.25,2337.5,14311200
05/08/2022,2331.25,2331.25,2306.25,2312.5,9872400
08/08/2022,2312.5,2331.25,2300,2306.25,11835600
09/08/2022,2306.25,2312.5,2293.75,2300,12962000
10/08/2022,2293.75,2325,2281.25,2325,13615600
11/08/2022,2325,2325,2300,2312.5,13946000
12/08/2022,2312.5,2325,2281.25,2287.5,11475200
15/08/2022,2293.75,2306.25,2275,2300,11569200
16/08/2022,2300,2312.5,2275,2275,11137600
18/08/2022,2275,2287.5,2275,2275,8052000
19/08/2022,2275,2293.75,2256.25,2256.25,9470000
22/08/2022,2262.5,2268.75,2243.75,2256.25,13235200
23/08/2022,2260,2410,2260,2410,13266200
24/08/2022,2420,2420,2360,2380,11287200
25/08/2022,2380,2400,2330,2330,11812700
26/08/2022,2340,2350,2310,2350,9886400
29/08/2022,2340,2350,2280,2350,10125200
30/08/2022,2350,2370,2310,2340,11861000
31/08/2022,2350,2440,2180,2440,18540600
01/09/2022,2370,2380,2330,2330,10229600
02/09/2022,2330,2410,2320,2380,12853800
05/09/2022,2380,2400,2350,2370,10724600
06/09/2022,2370,2380,2340,2340,17473900
07/09/2022,2330,2350,2290,2330,14533000
08/09/2022,2350,2490,2330,2450,23957500
09/09/2022,2470,2620,2450,2620,23208400
12/09/2022,2630,2650,2510,2650,18057900
13/09/2022,2640,2650,2510,2530,16658600
14/09/2022,2500,2500,2440,2480,13023000
15/09/2022,2490,2500,2410,2440,12971200
16/09/2022,2440,2540,2410,2470,27714200
19/09/2022,2470,2520,2440,2480,17743000
20/09/2022,2500,2510,2450,2510,17064600
21/09/2022,2510,2640,2480,2630,22611700
22/09/2022,2630,2640,2550,2550,18430400
23/09/2022,2550,2580,2520,2570,16198800
26/09/2022,2570,2570,2450,2480,17398900
27/09/2022,2480,2490,2370,2370,14744800
28/09/2022,2370,2410,2370,2390,11188800
29/09/2022,2400,2430,2390,2410,17193900
30/09/2022,2400,2420,2300,2400,23318500
03/10/2022,2400,2410,2360,2380,16822700
04/10/2022,2420,2440,2390,2440,14426900
05/10/2022,2460,2480,2440,2460,15617400
06/10/2022,2460,2470,2430,2450,18779000
07/10/2022,2450,2480,2420,2480,17079100
10/10/2022,2450,2460,2420,2460,17597700
11/10/2022,2460,2470,2420,2460,18271200
12/10/2022,2460,2480,2430,2450,18093600
13/10/2022,2450,2470,2430,2450,23038200
14/10/2022,2470,2500,2430,2430,21812700
17/10/2022,2420,2460,2400,2460,16259100
18/10/2022,2480,2500,2430,2440,16601500
19/10/2022,2450,2470,2430,2460,17957800
20/10/2022,2460,2470,2420,2420,21544600
21/10/2022,2440,2470,2400,2470,16402200
24/10/2022,2470,2490,2460,2460,17517700
25/10/2022,2470,2500,2400,2400,23259100
26/10/2022,2420,2440,2380,2390,20448600
27/10/2022,2410,2430,2400,2420,9272500
28/10/2022,2420,2440,2400,2410,9308000
31/10/2022,2420,2440,2400,2440,12422100
01/11/2022,2430,2440,2360,2410,13588700
02/11/2022,2420,2420,2310,2310,15605500
03/11/2022,2310,2340,2300,2300,15297700
04/11/2022,2310,2360,2270,2360,14561200
07/11/2022,2330,2330,2290,2330,10156000
08/11/2022,2330,2330,2280,2320,8680700
09/11/2022,2330,2330,2300,2300,11352500
10/11/2022,2300,2340,2290,2310,11146900
11/11/2022,2330,2360,2330,2360,13046700
14/11/2022,2360,2370,2340,2370,9575400
15/11/2022,2370,2380,2340,2380,11232900
16/11/2022,2370,2380,2350,2370,8864800
17/11/2022,2370,2370,2330,2340,10080600
18/11/2022,2350,2380,2320,2380,11542200
21/11/2022,2380,2390,2340,2350,10005900
22/11/2022,2360,2360,2330,2340,8911900
23/11/2022,2350,2350,2300,2320,9488900
24/11/2022,2320,2340,2300,2340,6668400
25/11/2022,2340,2350,2310,2350,11164300
28/11/2022,2340,2350,2330,2350,7476400
29/11/2022,2350,2350,2320,2350,9392300
30/11/2022,2340,2390,2330,2390,11758600
01/12/2022,2380,2400,2360,2380,9099100
02/12/2022,2380,2380,2340,2380,10171200
05/12/2022,2380,2380,2320,2330,11305100
06/12/2022,2320,2370,2310,2340,10470400
07/12/2022,2340,2360,2300,2360,12807700
08/12/2022,2360,2360,2310,2340,10479000
09/12/2022,2360,2380,2310,2350,12102100
12/12/2022,2330,2420,2320,2420,11057000
13/12/2022,2420,2460,2380,2460,13587300
14/12/2022,2460,2470,2420,2470,10312400
15/12/2022,2480,2480,2430,2450,8496700
16/12/2022,2450,2500,2420,2500,12722500
19/12/2022,2480,2480,2430,2430,9503200
20/12/2022,2420,2450,2390,2430,9638400
21/12/2022,2430,2480,2400,2460,11403700
22/12/2022,2460,2470,2420,2470,9396900
23/12/2022,2460,2490,2420,2490,9652900
26/12/2022,2480,2490,2450,2490,9469900
27/12/2022,2480,2490,2460,2490,10613600
28/12/2022,2490,2490,2470,2490,11260600
29/12/2022,2490,2580,2490,2580,9150500
30/12/2022,2600,2610,2540,2570,10979600
02/01/2023,2550,2560,2500,2510,10137300
03/01/2023,2500,2510,2420,2470,8799500
04/01/2023,2470,2490,2400,2400,9371500
05/01/2023,2380,2390,2300,2350,9539500
06/01/2023,2320,2360,2320,2340,9911900
09/01/2023,2340,2350,2320,2350,10161900
10/01/2023,2340,2350,2320,2320,7164400
11/01/2023,2340,2360,2310,2360,9771000
12/01/2023,2360,2380,2340,2360,9577300
13/01/2023,2360,2360,2330,2350,9410600
16/01/2023,2360,2360,2330,2340,9168700
17/01/2023,2350,2380,2320,2380,10237400
18/01/2023,2370,2380,2340,2340,9251500
19/01/2023,2350,2360,2330,2360,10120000
20/01/2023,2360,2380,2320,2350,11965400
24/01/2023,2350,2370,2330,2350,9529000
25/01/2023,2350,2370,2340,2360,8752000
26/01/2023,2350,2350,2330,2330,10025400
27/01/2023,2350,2360,2330,2350,9119000
30/01/2023,2350,2350,2330,2340,8867400
31/01/2023,2340,2340,2310,2310,9134300
01/02/2023,2310,2340,2280,2280,10663700
02/02/2023,2280,2330,2280,2330,10582200
03/02/2023,2330,2330,2310,2320,10021800
06/02/2023,2320,2350,2310,2340,10004500
07/02/2023,2330,2340,2310,2340,9602900
08/02/2023,2340,2340,2310,2340,8730700
09/02/2023,2330,2340,2310,2330,9621600
10/02/2023,2340,2350,2300,2350,9360600
13/02/2023,2350,2350,2320,2320,10333200
14/02/2023,2320,2340,2320,2330,9131800
15/02/2023,2340,2340,2310,2310,8982700
16/02/2023,2320,2340,2300,2310,10594800
17/02/2023,2310,2340,2300,2310,9827100
20/02/2023,2310,2330,2290,2300,10031200
21/02/2023,2310,2330,2290,2330,9541400
22/02/2023,2330,2330,2290,2310,8462500
23/02/2023,2310,2320,2290,2320,9485200
24/02/2023,2320,2340,2300,2310,6252100
27/02/2023,2320,2330,2280,2310,7232100
28/02/2023,2320,2320,2290,2310,10287900
01/03/2023,2320,2330,2280,2290,9969000
02/03/2023,2300,2310,2250,2250,10364500
03/03/2023,2280,2290,2200,2240,12645700
06/03/2023,2270,2280,2210,2240,11206200
07/03/2023,2260,2270,2220,2220,9840900
08/03/2023,2220,2230,2130,2170,16209600
09/03/2023,2180,2240,2180,2200,10899700
10/03/2023,2200,2360,2180,2360,9444900
13/03/2023,2300,2300,2220,2240,8504200
14/03/2023,2230,2240,2170,2230,7028800
15/03/2023,2240,2250,2220,2220,8071100
16/03/2023,2220,2260,2190,2220,6400200
17/03/2023,2230,2270,2210,2270,11414700
20/03/2023,2270,2270,2170,2230,8183200
21/03/2023,2240,2280,2230,2250,8068700
24/03/2023,2250,2290,2250,2270,7665200
27/03/2023,2270,2280,2230,2260,7153900
28/03/2023,2260,2300,2250,2300,7909800
29/03/2023,2300,2320,2280,2320,7812700
30/03/2023,2320,2320,2280,2280,7509700
31/03/2023,2290,2340,2280,2340,7840300
03/04/2023,2330,2330,2290,2320,7128700
04/04/2023,2320,2320,2280,2280,7127600
05/04/2023,2280,2290,2250,2290,7988600
06/04/2023,2270,2290,2250,2290,9220200
10/04/2023,2260,2290,2250,2250,7738800
11/04/2023,2260,2260,2220,2230,7739300
12/04/2023,2230,2250,2220,2230,7747700
13/04/2023,2230,2250,2200,2230,7346300
14/04/2023,2260,2260,2230,2230,8276700
17/04/2023,2230,2290,2210,2290,8529300
18/04/2023,2280,2290,2250,2280,7467800
26/04/2023,2260,2330,2260,2330,9448700
27/04/2023,2330,2330,2280,2300,7632600
28/04/2023,2310,2360,2310,2360,7078600
02/05/2023,2360,2360,2310,2320,7571500
03/05/2023,2350,2350,2290,2310,8517400
04/05/2023,2300,2310,2250,2310,10215200
05/05/2023,2290,2300,2250,2270,7607700
08/05/2023,2250,2290,2250,2270,7660800
09/05/2023,2270,2290,2250,2250,7503800
10/05/2023,2260,2280,2240,2280,8614000
11/05/2023,2280,2280,2240,2240,7042700
12/05/2023,2240,2260,2220,2220,7447200
15/05/2023,2230,2280,2220,2270,7154000
16/05/2023,2270,2270,2200,2220,8650300
17/05/2023,2230,2260,2210,2260,7622100
19/05/2023,2260,2260,2190,2190,6020200
22/05/2023,2190,2200,2130,2140,9215500
23/05/2023,2150,2150,2070,2100,6406700
24/05/2023,2100,2160,2060,2130,11264200
25/05/2023,2150,2150,2090,2110,8853000
26/05/2023,2120,2140,2100,2100,9566400
29/05/2023,2120,2160,2120,2160,8671700
30/05/2023,2160,2170,2120,2150,7653900
31/05/2023,2150,2160,2110,2140,8461700
05/06/2023,2140,2140,2040,2040,13248700
06/06/2023,2070,2080,2010,2050,10453200
07/06/2023,2070,2070,2020,2070,12985000
08/06/2023,2080,2080,2010,2030,20585100
09/06/2023,2060,2090,2040,2050,10263800
12/06/2023,2060,2070,2040,2060,13095600
13/06/2023,2080,2090,2050,2070,13791000
14/06/2023,2080,2080,2050,2080,10864400
15/06/2023,2080,2080,2040,2070,16248600
16/06/2023,2090,2110,2070,2070,16722100
19/06/2023,2080,2110,2070,2070,9686100
20/06/2023,2110,2110,2080,2080,8925300
21/06/2023,2080,2100,2060,2100,10103800
22/06/2023,2100,2110,2060,2080,10702900
23/06/2023,2080,2080,2040,2080,8365900
26/06/2023,2080,2090,2060,2070,7468000
27/06/2023,2080,2120,2070,2100,3564600
03/07/2023,2100,2150,2070,2150,5837800
04/07/2023,2120,2120,2080,2080,6489600
05/07/2023,2080,2100,2050,2100,9919600
06/07/2023,2100,2100,2050,2070,9041500
07/07/2023,2070,2090,2060,2090,6582000
10/07/2023,2090,2090,2050,2070,7015300
11/07/2023,2070,2080,2050,2070,5184800
12/07/2023,2070,2080,2040,2050,5590400
13/07/2023,2050,2080,2030,2080,6997000
14/07/2023,2080,2080,2040,2040,8630900
17/07/2023,2060,2090,2030,2090,8179900
18/07/2023,2090,2090,2040,2050,7219800
20/07/2023,2060,2070,2040,2040,6277100
21/07/2023,2050,2050,2030,2040,7029600
24/07/2023,2050,2070,2050,2060,2312100
25/07/2023,2060,2080,2040,2040,3784900
26/07/2023,2060,2080,2060,2060,3726800
27/07/2023,2070,2080,2050,2070,4300800
28/07/2023,2080,2090,2050,2090,5539400
31/07/2023,2090,2120,2050,2120,5775200
01/08/2023,2100,2100,2070,2090,5141900
02/08/2023,2080,2090,2060,2060,5950700
03/08/2023,2060,2080,2050,2070,4340900
04/08/2023,2070,2080,2050,2080,5197700
07/08/2023,2080,2080,2050,2060,4129600
08/08/2023,2060,2090,2050,2070,4973200
09/08/2023,2080,2080,2050,2070,5569100
10/08/2023,2070,2100,2060,2090,5881100
11/08/2023,2090,2160,2080,2150,8382400
14/08/2023,2150,2180,2120,2170,7288900
15/08/2023,2180,2180,2130,2140,3955200
16/08/2023,2140,2170,2110,2170,4455100
18/08/2023,2160,2160,2120,2150,6394600
21/08/2023,2150,2160,2130,2160,5321300
22/08/2023,2160,2160,2110,2120,5331300
23/08/2023,2130,2170,2120,2150,5567400
24/08/2023,2150,2250,2140,2200,31902300
25/08/2023,2200,2210,2160,2160,9019100
28/08/2023,2160,2170,2150,2160,25425700
29/08/2023,2170,2200,2150,2180,19402300
30/08/2023,2180,2190,2170,2170,21487700
31/08/2023,2180,2190,2120,2180,14872200
01/09/2023,2180,2190,2150,2150,7344800
04/09/2023,2160,2180,2110,2110,11833800
05/09/2023,2130,2130,2010,2050,17319000
06/09/2023,2050,2060,1995,2010,10857800
07/09/2023,2010,2040,2000,2030,7165000
08/09/2023,2030,2040,1995,2000,6249300
11/09/2023,2020,2060,2010,2060,5731200
12/09/2023,2060,2070,2040,2070,7198000
13/09/2023,2070,2130,2050,2130,10428300
14/09/2023,2130,2290,2110,2260,25931300
15/09/2023,2280,2650,2280,2570,65042200
18/09/2023,2590,2710,2580,2650,45331200
19/09/2023,2670,2740,2580,2690,24463300
20/09/2023,2700,2730,2660,2730,12738600
21/09/2023,2720,2760,2690,2750,26563200
22/09/2023,2750,2750,2600,2620,17668400
25/09/2023,2630,2660,2580,2620,14174000
26/09/2023,2630,2660,2580,2580,16493400
27/09/2023,2590,2630,2550,2560,14045000
29/09/2023,2560,2590,2510,2530,21789200
02/10/2023,2530,2620,2520,2570,19095500
03/10/2023,2570,2600,2550,2600,14538600
04/10/2023,2600,2620,2570,2620,13750200
05/10/2023,2610,2730,2600,2730,25136500
06/10/2023,2730,2740,2690,2740,15463800
09/10/2023,2740,2740,2690,2690,21132100
10/10/2023,2700,2730,2530,2690,20548100
11/10/2023,2690,2730,2680,2690,14979700
12/10/2023,2700,2710,2670,2690,9494800
13/10/2023,2690,2710,2660,2700,15033200
16/10/2023,2690,2700,2560,2580,21445100
17/10/2023,2600,2660,2590,2660,12968000
18/10/2023,2670,2690,2640,2670,11858000
19/10/2023,2670,2690,2620,2630,13002400
20/10/2023,2630,2640,2600,2600,12053900
23/10/2023,2600,2630,2580,2630,12977400
24/10/2023,2630,2630,2580,2610,13408500
25/10/2023,2630,2670,2620,2670,12765700
26/10/2023,2670,2750,2650,2730,23353800
27/10/2023,2720,2820,2700,2820,21752300
30/10/2023,2830,2860,2780,2820,17086300
31/10/2023,2820,2980,2810,2980,25746500
01/11/2023,3000,3040,2920,2950,28335400
02/11/2023,2960,2990,2940,2960,15388700
03/11/2023,2980,3070,2950,3000,21603600
06/11/2023,3010,3020,2940,2950,18753700
07/11/2023,2960,2990,2880,2940,19593700
08/11/2023,2940,3030,2930,2950,23396400
09/11/2023,2950,2990,2900,2960,20524500
10/11/2023,2970,3210,2970,3000,80446400
13/11/2023,3020,3030,2910,2910,25503300
14/11/2023,2920,3000,2920,2990,20126100
15/11/2023,3000,3020,2920,2920,24992600
16/11/2023,2930,2960,2900,2920,16756700
17/11/2023,2950,2960,2900,2950,15896300
20/11/2023,2960,2970,2890,2890,16077200
21/11/2023,2900,2910,2850,2890,18138400
22/11/2023,2890,2910,2850,2890,18326700
23/11/2023,2890,2940,2880,2900,12834000
24/11/2023,2910,2920,2860,2870,14267500
27/11/2023,2870,2900,2840,2840,15448400
28/11/2023,2840,2930,2840,2890,15134900
29/11/2023,2890,2920,2840,2920,17186800
30/11/2023,2920,2970,2900,2950,18147700
01/12/2023,2950,2960,2910,2910,15600000
04/12/2023,2910,2940,2860,2910,18549700
05/12/2023,2920,3210,2910,3170,33275700
06/12/2023,3180,3740,3180,3480,106334800
07/12/2023,3510,4350,3450,4350,98902900
08/12/2023,4470,5100,4330,4700,171631200
11/12/2023,4700,4990,4620,4700,75232600
12/12/2023,4720,4780,4600,4760,38332500
13/12/2023,4780,4900,4670,4780,47063000
14/12/2023,4810,4890,4650,4650,29261500
15/12/2023,4690,5075,4670,4930,60843300
18/12/2023,4950,5450,4880,5075,76617100
19/12/2023,5125,5350,5025,5350,38941400
20/12/2023,5375,5700,5325,5675,36715800
21/12/2023,5675,5925,5675,5875,48525300
22/12/2023,5875,5875,5875,5875,0
27/12/2023,5900,6075,5800,6000,28277200
28/12/2023,6000,6125,5975,6000,31689500
29/12/2023,6000,6025,5250,5250,73114900
02/01/2024,5400,5875,5275,5700,54572600
03/01/2024,5850,5875,5600,5850,34827300
04/01/2024,5850,5975,5775,5900,31244500
05/01/2024,5975,5975,5700,5725,24859200
08/01/2024,5725,5800,5225,5275,40768500
09/01/2024,5325,5350,4220,4220,75180700
10/01/2024,3960,4270,3560,4000,119275800
11/01/2024,4030,4100,3520,3710,80951800
12/01/2024,3720,3780,3520,3560,37549500
15/01/2024,3570,3650,3210,3230,72396800
16/01/2024,3300,3590,3250,3560,51596800
17/01/2024,3580,3610,3400,3410,50420900
18/01/2024,3430,4260,3430,4260,96405400
19/01/2024,4400,4670,4320,4350,107111500
22/01/2024,4370,4950,4360,4790,57458800
23/01/2024,4830,5650,4830,5500,73732800
24/01/2024,5575,5975,5425,5475,94037300
25/01/2024,5550,5725,5500,5525,39401800
26/01/2024,5350,5425,4420,5400,106848200
29/01/2024,5400,5700,5350,5500,42145400
30/01/2024,5600,5725,5450,5450,37688200
31/01/2024,5450,5550,5225,5400,51088900
01/02/2024,5325,5600,5175,5450,18654000
02/02/2024,5475,5575,5400,5475,16673800
05/02/2024,5475,5625,5200,5400,32043500
06/02/2024,5450,5500,5300,5425,16323600
07/02/2024,5475,5475,5200,5200,26591900
12/02/2024,5250,5325,5000,5100,22539200
13/02/2024,5025,5050,4080,4100,68895400
15/02/2024,4160,4350,4000,4050,40335300
16/02/2024,4080,4760,4070,4620,90173200
19/02/2024,4650,4840,4580,4640,51026400
20/02/2024,4650,4770,4600,4620,22915500
21/02/2024,4630,4700,4620,4670,15879000
22/02/2024,4670,4730,4630,4630,14608600
23/02/2024,4650,4660,4260,4490,27688700
26/02/2024,4490,4630,4450,4520,9744900
27/02/2024,4530,4590,4350,4450,15116000
28/02/2024,4470,4570,4400,4510,20613100
29/02/2024,4510,4720,4490,4580,22641400
01/03/2024,4580,4710,4560,4670,17594300
04/03/2024,4690,4810,4680,4790,12009100
05/03/2024,4800,4850,4710,4740,11404500
06/03/2024,4760,5225,4740,5225,28271300
07/03/2024,5225,5750,5175,5625,60464400
08/03/2024,5625,5775,5500,5575,27082800
13/03/2024,5600,6275,5600,6225,56432100
14/03/2024,6250,6500,5225,5550,62435700
15/03/2024,5550,5700,5025,5150,50497000
18/03/2024,5200,5400,5025,5275,25345100
19/03/2024,5275,5425,5225,5350,14221900
20/03/2024,5400,5775,5350,5700,25446600
21/03/2024,5800,5950,5625,5625,23100200
22/03/2024,5650,5775,5650,5675,11679800
25/03/2024,5950,5950,5625,5950,19410600
26/03/2024,6100,6100,5950,6100,20318200
27/03/2024,6150,6350,5700,5725,31073600
28/03/2024,5750,5925,5525,5825,26248200
01/04/2024,5800,6125,5750,6100,24009700
02/04/2024,6125,6475,6125,6475,33468000
03/04/2024,6575,6800,6450,6775,43420100
04/04/2024,6775,7000,6700,6975,38112000
05/04/2024,7025,7100,6875,7100,32934800
16/04/2024,7300,7300,7025,7225,45186200
17/04/2024,7275,7350,6775,6850,35050800
18/04/2024,6875,7025,6850,6925,22368400
19/04/2024,6925,7025,6850,6850,19957100
22/04/2024,6900,7000,6875,7000,17838500
23/04/2024,7000,7425,6975,7300,32812400
24/04/2024,7300,7450,7250,7450,21245600
25/04/2024,7425,7500,7350,7400,15160300
26/04/2024,7400,7550,7325,7325,21787000
29/04/2024,7350,7500,7350,7500,15752300
30/04/2024,7525,7600,7475,7575,18314000
02/05/2024,7600,8375,7575,7825,44305400
03/05/2024,7850,7950,7750,7750,19659100
06/05/2024,7750,7900,7675,7675,17939000
07/05/2024,7700,7800,7675,7700,15746100
08/05/2024,7750,7975,7675,7975,23320600
13/05/2024,8000,8100,7950,8050,25681600
14/05/2024,8100,8700,8050,8425,51139000
15/05/2024,8550,9300,8550,9125,113309800
16/05/2024,9150,9275,9100,9150,50947300
17/05/2024,9225,9350,9100,9100,50324000
20/05/2024,9150,9250,8850,9075,43794800
21/05/2024,9100,9250,9075,9075,39333200
22/05/2024,9075,9200,9000,9075,36812000
27/05/2024,9100,9475,8850,8850,92835400
28/05/2024,8925,9100,8875,9075,45271500
29/05/2024,9000,9375,9000,9150,68406300
30/05/2024,9200,9450,9125,9150,76411600
31/05/2024,9200,9250,8650,9175,698686200
03/06/2024,9150,9350,9100,9200,43725600
04/06/2024,9225,9875,9200,9600,72413500
05/06/2024,9600,9600,8000,8650,69039100
06/06/2024,8700,8800,8625,8700,27229500
07/06/2024,8700,8750,8325,8500,22905300
10/06/2024,8500,8675,8450,8675,15452600
11/06/2024,8675,8825,8550,8550,17778000
12/06/2024,8600,8775,8400,8775,16363400
13/06/2024,8750,8800,8650,8650,13953900
14/06/2024,8700,8700,8500,8575,17308700
19/06/2024,8625,8700,8575,8675,14666300
20/06/2024,8675,8725,8575,8600,15602600
21/06/2024,8600,9025,8600,8625,27241200
24/06/2024,8650,8825,8575,8825,16677300
25/06/2024,8825,9000,8800,8925,22455500
26/06/2024,8975,9100,8950,9075,16513700
27/06/2024,9075,9100,9025,9050,14615200
28/06/2024,9050,9225,9050,9225,23619300
01/07/2024,9225,9350,9100,9100,18966700
02/07/2024,9150,9150,8900,9000,20567500
03/07/2024,9050,9200,9000,9200,17699200
04/07/2024,9225,9275,9150,9200,17359500
05/07/2024,9200,9275,9150,9200,14240300
08/07/2024,9200,9325,9175,9325,16504400
09/07/2024,9325,9425,9100,9200,20623500
10/07/2024,9200,9700,9175,9500,31467900
11/07/2024,9575,9600,9400,9600,14617700
12/07/2024,9600,9600,9150,9500,23010900
15/07/2024,9500,9825,9475,9700,27904000
16/07/2024,9725,9825,9600,9825,17925800
17/07/2024,9825,9975,9550,9725,23124000
18/07/2024,9650,9875,9650,9675,16153300
19/07/2024,9675,9750,9350,9475,19706200
22/07/2024,9475,9550,9300,9350,17198800
23/07/2024,9350,9450,9300,9450,14982700
24/07/2024,9500,9500,9400,9425,13558400
25/07/2024,9475,9500,9375,9450,13808500
26/07/2024,9475,9550,9400,9550,16491500
29/07/2024,9550,9625,9400,9525,15148600
30/07/2024,9550,9775,9525,9600,17935900
31/07/2024,9725,9725,9250,9650,21892700
01/08/2024,9650,9850,9500,9825,19812200
02/08/2024,9825,10150,9775,10100,20741200
05/08/2024,10100,10125,9400,9400,19360800
06/08/2024,9450,9850,9450,9675,21959700
07/08/2024,9725,11225,9700,10300,40097000
08/08/2024,10350,10425,10250,10325,13671400
09/08/2024,10325,10475,10325,10475,11934500
12/08/2024,10475,10525,10225,10475,16311300
13/08/2024,10475,10600,10425,10500,15532500
14/08/2024,10550,10625,10475,10625,13673100
15/08/2024,10600,10625,10475,10475,10942600
16/08/2024,10475,10500,10025,10100,14572100
19/08/2024,10100,10150,9700,9850,16323800
20/08/2024,9850,9850,9600,9600,14606900
21/08/2024,9600,9700,9450,9450,13864000
22/08/2024,9450,9600,9425,9475,15084500
23/08/2024,9500,9525,9300,9325,12232800
26/08/2024,9350,9375,9250,9300,13028100
27/08/2024,9325,9350,9150,9350,13508600
28/08/2024,9375,9575,9300,9450,26198800
29/08/2024,9500,9600,9375,9400,23200900
30/08/2024,9425,9975,9425,9975,30884100
02/09/2024,9975,9975,9550,9600,17045600
03/09/2024,9650,9675,9450,9450,17070200
04/09/2024,9450,9525,9400,9525,14311100
05/09/2024,9550,9600,9425,9450,13413800
06/09/2024,9450,9525,9425,9425,11343300
09/09/2024,9450,9525,9400,9400,13242100
10/09/2024,9475,9475,9275,9275,15100200
11/09/2024,9275,9325,8950,8950,18846200
12/09/2024,9000,9050,8950,9025,12445300
13/09/2024,9025,9250,9000,9000,15203300
17/09/2024,9000,9075,8925,8925,15809000
18/09/2024,8925,8975,8850,8850,13715200
19/09/2024,8875,9000,8850,9000,15059500
20/09/2024,8975,9000,8050,8050,28791500
23/09/2024,8050,8725,7800,8725,31630000
24/09/2024,8725,8850,8525,8600,26423800
25/09/2024,8650,8950,8600,8950,17842000
26/09/2024,8925,9150,8825,9150,23405800
27/09/2024,9125,9175,8875,8875,7615000
30/09/2024,8875,8925,8475,8475,10090400
01/10/2024,8475,8875,8475,8875,7791600
02/10/2024,9000,9125,8825,8925,10133000
03/10/2024,8950,9000,8800,8825,4545100
04/10/2024,8875,8875,8650,8650,4493300
07/10/2024,8650,8975,8600,8950,10288200
08/10/2024,8950,9225,8900,8950,13838300
09/10/2024,8975,8975,8850,8875,3696600
10/10/2024,8925,8925,8575,8575,6806200
11/10/2024,8600,8650,8550,8550,3377700
14/10/2024,8550,8650,8500,8600,4098900
15/10/2024,8650,8750,8600,8750,16959000
16/10/2024,8775,8950,8750,8825,7977600
17/10/2024,8825,8950,8800,8850,6081600
18/10/2024,8850,8900,8750,8900,4828300
21/10/2024,8900,8925,8850,8875,3365200
22/10/2024,8875,9075,8750,9075,11653700
23/10/2024,9200,9200,9075,9150,7697400
24/10/2024,9150,9150,9000,9000,5336400
25/10/2024,9000,9300,9000,9100,10234700
28/10/2024,9100,9125,8850,9000,6301200
29/10/2024,9000,9125,8850,8925,14571200
30/10/2024,9000,9000,8750,8825,5316900
31/10/2024,8825,8875,8725,8750,8376900
01/11/2024,8750,8800,8550,8550,7221200
04/11/2024,8600,8600,8175,8275,9798600
05/11/2024,8275,8450,7700,7700,15184100
06/11/2024,7800,7850,7550,7575,8134900
07/11/2024,7625,7625,6700,6700,20491100
08/11/2024,6775,7475,6700,7275,14507200
11/11/2024,7275,7325,6975,7050,10371600
12/11/2024,7050,7225,7050,7050,9542100
13/11/2024,7175,7175,6850,6850,7581400
14/11/2024,6900,7000,6825,6825,6892200
15/11/2024,6875,6900,6625,6625,6395000
18/11/2024,6725,6800,6650,6725,5152600
19/11/2024,6700,6825,6575,6575,11641900
20/11/2024,6625,6650,6475,6475,5537600
21/11/2024,6475,6650,6450,6450,7403900
22/11/2024,6500,6550,6325,6350,10901200
25/11/2024,6425,7250,6425,7250,27383200
26/11/2024,7250,7450,7175,7175,18255000
28/11/2024,7225,7375,7000,7000,11271800
29/11/2024,7050,7125,6775,6950,11684700
02/12/2024,7050,7100,6800,7050,8820600
03/12/2024,7050,7200,6775,6975,12306000
04/12/2024,6975,7950,6875,7575,20146500
05/12/2024,7600,8450,7525,8375,25022600
06/12/2024,8375,8900,8300,8675,17197300
09/12/2024,8700,8750,8250,8250,10346300
10/12/2024,8350,8350,7775,7975,18846300
11/12/2024,8075,8150,7850,7950,12475400
12/12/2024,7950,8050,7900,8000,5831100
13/12/2024,8000,8050,7775,7775,7944500
16/12/2024,7800,7825,7600,7750,7334400
17/12/2024,7725,7900,7525,7675,10244000
18/12/2024,7675,7975,7600,7600,11824800
19/12/2024,7675,7675,7300,7325,10269100
20/12/2024,7325,7400,7200,7300,10756400
23/12/2024,7325,7525,7325,7400,7254600
24/12/2024,7425,7500,7300,7300,3686400
27/12/2024,7375,7500,7300,7300,3367400
30/12/2024,7350,7675,7200,7500,13093900
02/01/2025,7475,7600,7375,7500,6072100
03/01/2025,7525,7675,7175,7175,9967800
06/01/2025,7200,7250,6800,6850,8556300
07/01/2025,6850,6975,6700,6850,8068900
08/01/2025,6825,6850,6600,6675,8476800
09/01/2025,6700,7300,6650,6875,16272200
10/01/2025,6925,7100,6800,6800,10917800
13/01/2025,6875,7175,6825,6975,12948600
14/01/2025,7025,7050,6750,6750,7715400
15/01/2025,6800,6900,6675,6675,7408100
16/01/2025,6750,6875,6650,6750,7582600
17/01/2025,6800,6850,6675,6750,4811800
20/01/2025,6775,6900,6750,6875,6077500
21/01/2025,6875,7025,6750,6750,8268200
22/01/2025,6825,7000,6825,6975,7295800
23/01/2025,7025,7375,6975,7050,21158700
24/01/2025,7125,7450,7025,7025,16984400
30/01/2025,7025,7175,6700,7000,14097000
31/01/2025,7025,7650,6950,7100,41565100
03/02/2025,7175,7500,6875,7500,33855000
04/02/2025,7475,8650,7425,8550,46858100
05/02/2025,8550,9000,8450,8625,37173700
06/02/2025,8675,8675,8100,8100,31484400
07/02/2025,7650,7650,6500,6525,63322200
10/02/2025,6500,7000,6350,7000,32587200
11/02/2025,7075,7225,6650,6650,18741000
12/02/2025,6750,7400,6725,7400,20437500
13/02/2025,7500,7500,7050,7075,18619100
14/02/2025,7100,7200,6950,6975,13145800
17/02/2025,7025,7525,7000,7525,22785600
18/02/2025,7650,7675,7300,7325,16960100
19/02/2025,7350,8000,7325,8000,24179800
20/02/2025,8000,8100,7775,7800,16601200
21/02/2025,7800,8050,7700,8025,14175800
24/02/2025,8025,8175,7500,8050,15731800
25/02/2025,8100,8125,7525,7975,15727500
26/02/2025,8000,8125,7750,7800,13003500
27/02/2025,7775,7850,7500,7550,9511400
28/02/2025,7475,7600,6550,6700,29776800
03/03/2025,6850,7600,6825,7450,25827400
04/03/2025,7450,7450,6750,6850,29557200
05/03/2025,6950,7150,6875,7075,21079000
06/03/2025,7050,7325,7050,7100,19093700
07/03/2025,7150,7400,7000,7300,18259500
10/03/2025,7300,7350,7100,7175,7847300
11/03/2025,7000,7125,6875,6875,14448500
12/03/2025,6900,7000,6850,6950,5251800
13/03/2025,6950,7000,6850,7000,3403600
14/03/2025,6950,6975,6750,6750,4270000
17/03/2025,6825,6900,6600,6650,5110800
18/03/2025,6650,6700,5325,5425,58255100
19/03/2025,5600,6375,5275,6125,33802300
20/03/2025,6300,7175,6250,7050,39252800
21/03/2025,7200,7750,7050,7250,67471400
24/03/2025,7400,7475,6500,7075,42559100
25/03/2025,7125,7150,6750,6775,11689300
26/03/2025,6825,7250,6800,7125,14465300
27/03/2025,7100,7200,6975,7200,10278700
08/04/2025,6750,7200,6275,7200,23952700
09/04/2025,7250,7375,6600,6725,18102100
10/04/2025,7125,7350,6800,6800,27840100
11/04/2025,6750,7125,6625,6975,14884500
14/04/2025,6950,7125,6875,7000,12653300
15/04/2025,7000,7350,6925,7350,26280800
16/04/2025,7500,7950,7325,7500,42115700
17/04/2025,7475,7575,7325,7550,13292200
21/04/2025,7550,7750,7475,7650,12260800
22/04/2025,7575,7850,7525,7750,13274200
23/04/2025,7825,7975,7775,7975,12951100
24/04/2025,8050,8050,7625,7700,12111800
25/04/2025,7750,7800,7625,7800,4797400
28/04/2025,7800,8000,7725,7800,11453200
29/04/2025,7875,7900,7675,7675,8151600
30/04/2025,7725,7925,7725,7875,11141800
02/05/2025,8000,8675,7925,8650,34799100
05/05/2025,8750,8900,8625,8650,17479500
06/05/2025,8675,8775,8525,8700,10144800
07/05/2025,8725,9350,8675,9025,30909800
08/05/2025,9050,9175,8775,8875,25820100
09/05/2025,8875,9000,8400,8525,20626700
14/05/2025,8675,9225,8675,9050,28523700
15/05/2025,9125,9300,9025,9025,17699400
16/05/2025,9125,9275,9100,9225,17403600
19/05/2025,9300,9475,9100,9150,16400900
20/05/2025,9250,9825,9200,9575,30405400
21/05/2025,9675,9725,9500,9500,11217900
22/05/2025,9575,9700,9525,9525,7528600
23/05/2025,9600,10600,9575,10550,34998500
26/05/2025,10600,10675,9700,9750,35058700
27/05/2025,9850,9925,9700,9800,19272200
28/05/2025,9875,9900,9325,9325,76677600
02/06/2025,9500,9650,9100,9300,27252900
03/06/2025,9350,9450,9125,9125,13054800
04/06/2025,9200,9325,9125,9225,12062700
05/06/2025,9300,9675,9300,9575,21034600
10/06/2025,9675,10600,9650,10525,43086000
11/06/2025,10600,10625,9900,10250,33874100
12/06/2025,10100,10425,9850,9900,19498200
13/06/2025,9750,10050,9650,10000,13772700
16/06/2025,10000,10050,9675,9900,13182600
17/06/2025,10200,10650,10050,10225,32878700
18/06/2025,10250,10350,10225,10325,9162200
19/06/2025,10475,10600,9700,9775,25943400
20/06/2025,9800,9900,9600,9650,17282300
23/06/2025,9525,9650,9125,9375,18990900
24/06/2025,9600,9900,9525,9750,14177300
25/06/2025,9800,9850,9275,9500,13719200
26/06/2025,9525,9675,9400,9675,8360500
30/06/2025,9675,10000,9625,9875,12720800
01/07/2025,9925,10025,9850,10000,9057400
02/07/2025,10025,10200,9900,10100,11842100
03/07/2025,10150,10150,9950,9975,5693900
04/07/2025,10025,10025,9800,9800,4563200
07/07/2025,9850,9875,9575,9775,10632000
08/07/2025,9800,10275,9800,10175,20166100
09/07/2025,10250,10275,9900,10050,16828000
10/07/2025,10050,10050,9900,9900,11841300
11/07/2025,9950,10000,9800,9800,10047200
14/07/2025,9975,10500,9825,10025,56376000
15/07/2025,10025,10050,9750,9750,19978500
16/07/2025,9800,9850,9550,9575,11730000
17/07/2025,9600,9750,9550,9675,12986600
18/07/2025,9700,9775,9400,9400,14513400
21/07/2025,9500,9525,9300,9325,9437700
22/07/2025,9350,9425,8750,8825,19920700
23/07/2025,8825,9050,8750,9050,16296700
24/07/2025,9050,9100,8950,9100,5661800
25/07/2025,9075,9225,8975,9225,5980100
28/07/2025,9225,9425,9225,9425,9868300
29/07/2025,9475,9475,9275,9400,6497200
30/07/2025,9400,9400,9275,9275,4234600
31/07/2025,9300,9350,9225,9275,6161700
01/08/2025,9400,10000,9400,9600,23611000
04/08/2025,9600,9625,9175,9200,10002400
05/08/2025,9275,9300,9025,9050,5006100
06/08/2025,9075,9175,9000,9000,4460900
07/08/2025,9075,9150,8950,9025,6023600
08/08/2025,9200,9250,8825,8825,8951700
11/08/2025,8900,8925,8775,8800,5058100
12/08/2025,8850,8975,8800,8950,3597900
13/08/2025,8975,9125,8975,9125,5838500
14/08/2025,9125,9200,9075,9200,6203400
15/08/2025,9475,9475,9125,9200,5990900
19/08/2025,9400,9400,8950,8950,7782900
20/08/2025,9175,9175,8825,8900,7552100
21/08/2025,9075,9075,8775,8850,8649600
22/08/2025,8825,8875,8750,8775,3876700
25/08/2025,8800,8825,8700,8750,4378000
26/08/2025,8750,8775,8500,8750,19478700
27/08/2025,8750,8800,8625,8625,6205800
28/08/2025,8700,8700,8450,8450,5579200
29/08/2025,8450,8450,8250,8250,8033400
01/09/2025,8075,8225,8000,8200,5859600
02/09/2025,8200,8275,8050,8075,6674600
03/09/2025,8075,8175,8000,8175,6490300
04/09/2025,8150,8175,8075,8125,3507500
08/09/2025,8175,8325,8000,8000,6462700
09/09/2025,7900,7950,7575,7575,8313100
10/09/2025,7650,7650,7500,7575,7256100
11/09/2025,7625,7875,7600,7800,8323100
12/09/2025,7850,8050,7800,7900,7539100
15/09/2025,7900,8050,7900,7950,8005600
16/09/2025,7975,8000,7950,7975,961800
17/09/2025,8000,8200,7950,8125,8053700
18/09/2025,8175,8300,8000,8000,11263200
19/09/2025,8025,8300,7800,8000,18100400
22/09/2025,8050,8075,7800,7875,7119400
23/09/2025,7925,7950,7800,7900,7707300
24/09/2025,7900,7975,7775,7875,8569200
25/09/2025,7875,7900,7725,7725,4998500
26/09/2025,8050,8075,7800,7650,3985200
29/09/2025,8050,8075,7800,7825,10101800
03/10/2025,7625,7650,7500,7575,713750000
