Date,Open,High,Low,Close,Volume
19/08/2010,3380,3420,3350,3380,8602500
20/08/2010,3400,3420,3360,3400,19237500
23/08/2010,3390,3430,3380,3390,4820000
24/08/2010,3300,3390,3300,3300,5957500
25/08/2010,3380,3390,3300,3380,6957500
26/08/2010,3300,3390,3300,3300,7927500
27/08/2010,3310,3330,3280,3310,6627500
30/08/2010,3280,3360,3240,3280,8707500
31/08/2010,3220,3270,3190,3220,16107500
01/09/2010,3250,3260,3230,3250,13740000
02/09/2010,3200,3270,3190,3200,9020000
03/09/2010,3250,3250,3220,3250,4960000
06/09/2010,3290,3290,3240,3290,13062500
07/09/2010,3280,3290,3250,3280,4900000
15/09/2010,3300,3390,3290,3360,37992500
16/09/2010,3310,3390,3300,3310,14275000
17/09/2010,3300,3360,3200,3300,9900000
20/09/2010,3360,3360,3260,3360,5440000
21/09/2010,3350,3380,3320,3350,7522500
22/09/2010,3340,3370,3320,3340,8300000
23/09/2010,3360,3370,3320,3360,3720000
24/09/2010,3400,3420,3360,3400,15915000
27/09/2010,3420,3450,3400,3420,16857500
28/09/2010,3370,3420,3360,3370,17200000
29/09/2010,3410,3430,3400,3410,16727500
30/09/2010,3370,3410,3370,3370,10992500
01/10/2010,3420,3420,3370,3420,13592500
04/10/2010,3490,3510,3430,3490,22357500
05/10/2010,3470,3500,3460,3470,9077500
06/10/2010,3480,3500,3470,3480,6987500
07/10/2010,3480,3500,3450,3480,6537500
08/10/2010,3410,3460,3380,3410,5595000
11/10/2010,3470,3470,3400,3470,6010000
12/10/2010,3480,3480,3460,3480,2957500
13/10/2010,3740,3740,3480,3740,11845000
14/10/2010,3740,3840,3680,3740,11935000
15/10/2010,3610,3680,3600,3610,3602500
18/10/2010,3450,3570,3440,3450,9720000
19/10/2010,3500,3510,3450,3500,6340000
20/10/2010,3500,3530,3450,3500,6390000
21/10/2010,3490,3510,3490,3490,3105000
22/10/2010,3470,3500,3460,3470,4920000
25/10/2010,3480,3500,3470,3480,6835000
26/10/2010,3520,3550,3470,3520,7065000
27/10/2010,3530,3570,3500,3530,9432500
28/10/2010,3540,3550,3530,3540,10720000
29/10/2010,3490,3560,3450,3490,6492500
01/11/2010,3380,3480,3360,3380,13472500
02/11/2010,3270,3420,3250,3270,16595000
03/11/2010,3270,3330,3260,3270,8185000
04/11/2010,3300,3320,3270,3300,12615000
05/11/2010,3250,3300,3240,3250,9532500
08/11/2010,3280,3290,3250,3280,14192500
09/11/2010,3260,3280,3240,3260,16975000
10/11/2010,3270,3270,3240,3270,13780000
11/11/2010,3230,3290,3220,3230,15585000
12/11/2010,3260,3290,3230,3260,6322500
15/11/2010,3300,3340,3270,3300,14572500
16/11/2010,3340,3340,3270,3340,11055000
18/11/2010,3400,3400,3320,3400,19595000
19/11/2010,3490,3500,3370,3490,39960000
22/11/2010,3460,3490,3420,3460,4625000
23/11/2010,3400,3460,3380,3400,10015000
24/11/2010,3400,3400,3320,3400,9445000
25/11/2010,3430,3460,3410,3430,4530000
26/11/2010,3310,3430,3310,3310,8607500
29/11/2010,3220,3290,3180,3220,12960000
30/11/2010,3000,3210,3000,3000,43535000
01/12/2010,3140,3140,3050,3140,12860000
02/12/2010,3340,3400,3190,3340,21647500
03/12/2010,3240,3400,3200,3240,15710000
06/12/2010,3290,3300,3230,3290,7375000
08/12/2010,3310,3340,3220,3310,11917500
09/12/2010,3320,3320,3270,3320,6405000
10/12/2010,3290,3320,3220,3290,5130000
13/12/2010,3230,3250,3230,3230,4912500
14/12/2010,3160,3250,3160,3160,12135000
15/12/2010,3160,3180,3070,3160,16987500
16/12/2010,3030,3160,3000,3030,16645000
17/12/2010,3040,3090,3010,3040,17187500
20/12/2010,3130,3130,3030,3130,9205000
21/12/2010,3180,3220,3110,3180,9927500
22/12/2010,3180,3210,3150,3180,6762500
23/12/2010,3200,3220,3140,3200,3712500
27/12/2010,3150,3180,3110,3150,3340000
28/12/2010,3180,3200,3120,3180,2470000
29/12/2010,3240,3280,3230,3240,8657500
30/12/2010,3300,3300,3240,3300,6460000
03/01/2011,3210,3330,3190,3210,8712500
04/01/2011,3210,3260,3200,3210,5727500
05/01/2011,3270,3270,3180,3270,3192500
06/01/2011,3220,3280,3200,3220,5577500
07/01/2011,3190,3220,3100,3190,11157500
10/01/2011,3130,3200,3100,3130,6700000
11/01/2011,3100,3170,3100,3100,10557500
12/01/2011,3130,3140,3020,3130,8927500
13/01/2011,3180,3270,3150,3180,11872500
14/01/2011,3210,3210,3110,3210,4770000
17/01/2011,3290,3290,3140,3290,4897500
18/01/2011,3220,3270,3170,3220,4742500
19/01/2011,3140,3220,3110,3140,5475000
20/01/2011,3050,3140,3040,3050,5395000
21/01/2011,2850,3000,2760,2850,37570000
24/01/2011,2800,2870,2780,2800,8765000
25/01/2011,2830,2860,2790,2830,13795000
26/01/2011,2850,2920,2800,2850,16747500
27/01/2011,2960,3020,2850,2960,21815000
28/01/2011,2980,2990,2930,2980,6440000
31/01/2011,3010,3140,2850,3010,17027500
01/02/2011,3020,3070,2960,3020,7280000
02/02/2011,3050,3100,3020,3050,3477500
04/02/2011,3150,3150,3030,3150,2617500
07/02/2011,3110,3150,3060,3110,3135000
08/02/2011,2990,3150,2970,2990,6320000
09/02/2011,3000,3000,2920,3000,7660000
10/02/2011,2930,2960,2820,2930,17262500
11/02/2011,2920,3050,2860,2920,8530000
14/02/2011,2900,3010,2870,2900,4432500
16/02/2011,3030,3050,2850,3030,15590000
17/02/2011,2990,3060,2990,2990,4345000
18/02/2011,3100,3120,3020,3100,5640000
21/02/2011,3090,3110,3070,3090,2467500
22/02/2011,3050,3080,2990,3050,4650000
23/02/2011,3140,3190,2980,3140,9062500
24/02/2011,3120,3170,3100,3120,3422500
25/02/2011,3100,3220,3080,3100,5842500
28/02/2011,3240,3240,3130,3240,7975000
01/03/2011,3250,3280,3210,3250,6422500
02/03/2011,3240,3240,3180,3240,7507500
03/03/2011,3300,3330,3230,3300,15400000
04/03/2011,3340,3350,3320,3340,11680000
07/03/2011,3380,3380,3330,3380,6367500
08/03/2011,3360,3380,3330,3360,9540000
09/03/2011,3350,3390,3350,3350,5397500
10/03/2011,3340,3370,3310,3340,3167500
11/03/2011,3360,3360,3230,3360,3832500
14/03/2011,3300,3370,3300,3300,2280000
15/03/2011,3290,3340,3210,3290,5577500
16/03/2011,3310,3320,3270,3310,36705000
17/03/2011,3220,3290,3210,3220,13965000
18/03/2011,3120,3250,3110,3120,8767500
21/03/2011,3210,3220,3110,3210,4070000
22/03/2011,3190,3240,3160,3190,3200000
23/03/2011,3190,3190,3190,3190,0
24/03/2011,3260,3270,3220,3260,7437500
25/03/2011,3200,3270,3200,3200,7227500
28/03/2011,3150,3190,3140,3150,8777500
29/03/2011,3060,3140,3050,3060,21702500
30/03/2011,3060,3100,3050,3060,20132500
31/03/2011,3060,3100,3050,3060,21272500
01/04/2011,3090,3130,3070,3090,26315000
04/04/2011,3040,3110,3020,3040,26140000
05/04/2011,3060,3080,3040,3060,14940000
06/04/2011,3060,3070,3050,3060,13275000
07/04/2011,3060,3080,3040,3060,13290000
08/04/2011,3020,3060,3020,3020,22462500
11/04/2011,3030,3050,3020,3030,15782500
12/04/2011,3030,3030,3020,3030,6435000
13/04/2011,3020,3060,3000,3020,19782500
14/04/2011,2990,3010,2990,2990,12932500
15/04/2011,2990,3010,2980,2990,10670000
18/04/2011,3000,3010,2990,3000,13465000
19/04/2011,3030,3060,2980,3030,15047500
20/04/2011,3060,3070,3010,3060,14122500
21/04/2011,3070,3080,3050,3070,13627500
25/04/2011,3040,3080,3030,3040,6927500
26/04/2011,3050,3050,3020,3050,5845000
27/04/2011,3050,3080,3040,3050,6182500
28/04/2011,3060,3060,3030,3060,3680000
29/04/2011,3060,3070,3050,3060,7817500
02/05/2011,3060,3060,3030,3060,5797500
03/05/2011,3040,3060,3030,3040,5130000
04/05/2011,3000,3040,2990,3000,33652500
05/05/2011,3000,3000,2970,3000,18722500
06/05/2011,2990,3020,2980,2990,14227500
09/05/2011,2990,3010,2980,2990,5592500
10/05/2011,2980,3030,2980,2980,3567500
11/05/2011,3000,3020,2990,3000,5002500
12/05/2011,2980,3020,2970,2980,19155000
13/05/2011,2980,3010,2970,2980,5202500
16/05/2011,2960,2980,2930,2960,10730000
18/05/2011,2980,3000,2950,2980,6982500
19/05/2011,2990,3020,2990,2990,7665000
20/05/2011,3000,3030,2990,3000,8395000
23/05/2011,2970,2990,2960,2970,6205000
24/05/2011,2960,3010,2950,2960,8212500
25/05/2011,2960,2990,2950,2960,7547500
26/05/2011,2970,2990,2960,2970,7125000
27/05/2011,2970,2990,2950,2970,4360000
30/05/2011,2970,2990,2970,2970,3785000
31/05/2011,2940,2980,2940,2940,13682500
01/06/2011,2960,2990,2950,2960,9707500
03/06/2011,2990,2990,2950,2990,3515000
06/06/2011,2980,2990,2960,2980,3177500
07/06/2011,2990,2990,2960,2990,8565000
08/06/2011,2960,2990,2960,2960,4490000
09/06/2011,2940,2980,2940,2940,11125000
10/06/2011,2940,2960,2940,2940,2442500
13/06/2011,2920,2950,2920,2920,6177500
14/06/2011,2960,2970,2920,2960,2697500
15/06/2011,2970,2990,2960,2970,6567500
16/06/2011,2960,2980,2940,2960,6620000
17/06/2011,2960,2970,2920,2960,8457500
20/06/2011,2950,2990,2950,2950,3292500
21/06/2011,2970,2990,2970,2970,3910000
22/06/2011,3000,3000,2970,3000,3787500
23/06/2011,3000,3010,2990,3000,3222500
24/06/2011,3040,3070,2990,3040,12995000
27/06/2011,3030,3060,3020,3030,10710000
28/06/2011,2980,2990,2950,2980,5327500
30/06/2011,2980,3020,2980,2980,12717500
01/07/2011,2990,3020,2990,2990,12805000
04/07/2011,2990,2990,2990,2990,0
05/07/2011,2960,3010,2940,2960,7485000
06/07/2011,2970,2990,2940,2970,4162500
07/07/2011,2950,2990,2950,2950,3420000
08/07/2011,3000,3020,2980,3000,7907500
11/07/2011,3020,3020,2990,3020,4315000
12/07/2011,2960,3000,2950,2960,10425000
13/07/2011,2950,2990,2940,2950,5582500
14/07/2011,2970,2980,2950,2970,6710000
15/07/2011,3000,3000,2970,3000,5992500
18/07/2011,2990,3000,2980,2990,3980000
19/07/2011,2980,2990,2970,2980,4497500
20/07/2011,2990,2990,2960,2990,3670000
21/07/2011,3000,3000,2970,3000,4517500
22/07/2011,3010,3020,2980,3010,4447500
25/07/2011,2990,3010,2980,2990,3357500
26/07/2011,3000,3010,2980,3000,4857500
27/07/2011,3050,3060,2970,3050,22415000
28/07/2011,3150,3180,3020,3150,49575000
29/07/2011,3120,3160,3080,3120,11025000
01/08/2011,3180,3200,3140,3180,16635000
02/08/2011,3200,3230,3160,3200,27560000
03/08/2011,3220,3230,3130,3220,18022500
04/08/2011,3400,3400,3240,3400,43370000
05/08/2011,3250,3310,3200,3250,20422500
08/08/2011,3200,3290,3120,3200,21885000
09/08/2011,3000,3190,3000,3000,16080000
10/08/2011,3160,3160,3060,3160,11582500
11/08/2011,3280,3280,3060,3280,14875000
12/08/2011,3280,3320,3240,3280,14695000
15/08/2011,3350,3360,3290,3350,5605000
16/08/2011,3360,3370,3280,3360,9237500
18/08/2011,3470,3480,3360,3470,21660000
19/08/2011,3310,3450,3290,3310,18865000
22/08/2011,3330,3370,3220,3330,7150000
23/08/2011,3360,3410,3310,3360,6225000
24/08/2011,3290,3400,3290,3290,4590000
25/08/2011,3230,3310,3230,3230,3802500
26/08/2011,3380,3400,3190,3380,14017500
05/09/2011,3350,3490,3330,3350,13897500
06/09/2011,3400,3430,3280,3400,7370000
07/09/2011,3480,3480,3430,3480,5612500
08/09/2011,3510,3540,3480,3510,9342500
09/09/2011,3510,3550,3510,3510,7105000
12/09/2011,3400,3450,3350,3400,3240000
13/09/2011,3410,3470,3390,3410,3657500
14/09/2011,3420,3470,3300,3420,9955000
15/09/2011,3340,3440,3230,3340,16040000
16/09/2011,3370,3440,3340,3370,8502500
19/09/2011,3210,3320,2800,3210,15585000
20/09/2011,3210,3210,3090,3210,13830000
21/09/2011,3160,3240,3150,3160,12802500
22/09/2011,3000,3060,2950,3000,11260000
23/09/2011,3070,3070,2930,3070,6037500
26/09/2011,3040,3120,2930,3040,12770000
27/09/2011,3120,3190,3080,3120,6597500
28/09/2011,3120,3170,3090,3120,9672500
29/09/2011,3140,3300,3060,3140,11047500
30/09/2011,3300,3300,3140,3300,17112500
03/10/2011,3220,3300,3070,3220,12115000
04/10/2011,3150,3160,3100,3150,10007500
05/10/2011,3170,3200,3120,3170,9737500
06/10/2011,3210,3260,3200,3210,10105000
07/10/2011,3180,3300,3180,3180,9347500
10/10/2011,3120,3180,3120,3120,3970000
11/10/2011,3110,3170,3110,3110,11752500
12/10/2011,3200,3200,3100,3200,6612500
13/10/2011,3170,3250,3170,3170,10875000
14/10/2011,3140,3200,3140,3140,4620000
17/10/2011,3090,3210,3080,3090,12185000
18/10/2011,3140,3150,3050,3140,8205000
19/10/2011,3140,3180,3120,3140,3600000
20/10/2011,3130,3160,3100,3130,5512500
21/10/2011,3190,3240,3140,3190,18202500
24/10/2011,3230,3260,3180,3230,16032500
25/10/2011,3240,3240,3210,3240,6237500
26/10/2011,3220,3240,3210,3220,9517500
27/10/2011,3210,3240,3200,3210,7145000
28/10/2011,3140,3280,3100,3140,18870000
31/10/2011,3130,3200,3120,3130,11592500
01/11/2011,3130,3170,3090,3130,6690000
02/11/2011,3160,3160,3090,3160,4695000
03/11/2011,3140,3160,3130,3140,6032500
04/11/2011,3170,3200,3150,3170,9982500
07/11/2011,3150,3190,3140,3150,14972500
08/11/2011,3160,3170,3140,3160,15135000
09/11/2011,3240,3240,3170,3240,9545000
10/11/2011,3210,3220,3140,3210,3802500
11/11/2011,3190,3230,3190,3190,1602500
14/11/2011,3200,3240,3190,3200,1842500
15/11/2011,3180,3220,3170,3180,3502500
16/11/2011,3170,3210,3160,3170,6160000
17/11/2011,3230,3250,3180,3230,8927500
18/11/2011,3230,3240,3210,3230,5932500
21/11/2011,3240,3240,3200,3240,3465000
22/11/2011,3360,3360,3230,3360,14980000
23/11/2011,3500,3510,3320,3500,18185000
24/11/2011,3480,3490,3450,3480,10500000
25/11/2011,3570,3570,3420,3570,8887500
28/11/2011,3510,3570,3360,3510,9995000
29/11/2011,3620,3680,3510,3620,11775000
30/11/2011,3640,3660,3400,3640,12780000
01/12/2011,3640,3640,3640,3640,0
02/12/2011,3520,3560,3520,3520,3420000
05/12/2011,3580,3640,3500,3580,11082500
06/12/2011,3600,3610,3560,3600,8970000
07/12/2011,3580,3610,3540,3580,9672500
08/12/2011,3560,3600,3530,3560,9005000
09/12/2011,3510,3550,3500,3510,3875000
12/12/2011,3520,3590,3520,3520,7020000
13/12/2011,3460,3500,3440,3460,9000000
14/12/2011,3520,3540,3460,3520,5560000
15/12/2011,3500,3500,3420,3500,8457500
16/12/2011,3460,3540,3460,3460,5590000
19/12/2011,3660,3700,3550,3660,15690000
20/12/2011,3590,3750,3590,3590,6837500
21/12/2011,3640,3750,3600,3640,7230000
22/12/2011,3720,3790,3660,3720,7635000
23/12/2011,3750,3800,3720,3750,2475000
27/12/2011,3660,3780,3610,3660,4630000
28/12/2011,3660,3700,3590,3660,4785000
29/12/2011,3700,3700,3590,3700,6785000
30/12/2011,3760,3790,3700,3760,14007500
02/01/2012,3710,3770,3700,3710,1415000
03/01/2012,3700,3740,3640,3700,3997500
04/01/2012,3860,3880,3710,3860,13172500
05/01/2012,4010,4020,3840,4010,12265000
06/01/2012,3840,3960,3840,3840,7035000
09/01/2012,3920,3940,3860,3920,8315000
10/01/2012,3960,3990,3930,3960,9477500
11/01/2012,3860,4000,3860,3860,7850000
12/01/2012,3940,3950,3910,3940,5007500
13/01/2012,3990,4000,3920,3990,15
16/01/2012,3950,3980,3930,3950,1085000
17/01/2012,3960,3980,3900,3960,4365000
18/01/2012,4000,4000,3940,4000,5782500
19/01/2012,4050,4060,3970,4050,10332500
20/01/2012,4090,4110,4050,4090,13650000
24/01/2012,4260,4260,4080,4260,15
25/01/2012,4120,4200,4080,4120,7280000
26/01/2012,4150,4220,4090,4150,6242500
27/01/2012,4100,4140,4090,4100,5855000
30/01/2012,3920,4100,3880,3920,13555000
31/01/2012,3920,3940,3730,3920,24012500
01/02/2012,3960,3960,3880,3960,8282500
02/02/2012,4000,4010,3940,4000,13792500
03/02/2012,3980,4000,3950,3980,4297500
06/02/2012,3920,4000,3840,3920,6975000
07/02/2012,3990,3990,3850,3990,7007500
08/02/2012,3960,4000,3880,3960,8245000
09/02/2012,3990,3990,3940,3990,5052500
10/02/2012,3860,3990,3850,3860,5637500
13/02/2012,3970,3970,3820,3970,3667500
14/02/2012,3980,3990,3950,3980,3042500
15/02/2012,3990,3990,3900,3990,3747500
16/02/2012,3900,3980,3860,3900,3595000
17/02/2012,3930,3950,3890,3930,3385000
20/02/2012,3940,3950,3880,3940,3877500
21/02/2012,3880,3940,3880,3880,3995000
22/02/2012,3830,3880,3810,3830,4055000
23/02/2012,3710,3810,3710,3710,9302500
24/02/2012,3640,3710,3500,3640,15432500
27/02/2012,3720,3760,3550,3720,8680000
28/02/2012,3710,3790,3710,3710,6122500
29/02/2012,3850,3860,3720,3850,7725000
01/03/2012,3730,3840,3730,3730,5185000
02/03/2012,3850,3870,3750,3850,7255000
05/03/2012,3800,3870,3790,3800,2270000
06/03/2012,3730,3800,3720,3730,9067500
07/03/2012,3760,3780,3730,3760,2760000
08/03/2012,3840,3850,3760,3840,5412500
09/03/2012,3760,3780,3730,3760,10
12/03/2012,3960,3980,3920,3960,5202500
13/03/2012,3940,3990,3940,3940,5465000
14/03/2012,3960,4040,3950,3960,14000000
15/03/2012,3830,4000,3820,3830,4445000
16/03/2012,3930,3950,3820,3930,7595000
19/03/2012,3850,3940,3840,3850,5040000
20/03/2012,3860,3920,3850,3860,2765000
21/03/2012,3890,3920,3870,3890,3412500
22/03/2012,3880,3910,3870,3880,2165000
26/03/2012,3900,3920,3840,3900,4852500
27/03/2012,3860,3890,3850,3860,4425000
28/03/2012,3900,3900,3850,3900,5507500
29/03/2012,3910,3910,3840,3910,3830000
30/03/2012,4000,4040,3880,4000,12947500
02/04/2012,4030,4030,3950,4030,5362500
03/04/2012,4030,4030,4030,4030,0
04/04/2012,3890,4060,3890,3890,6737500
05/04/2012,3900,3910,3840,3900,7475000
09/04/2012,3890,3920,3890,3890,3972500
10/04/2012,3870,3900,3870,3870,6690000
11/04/2012,3900,3900,3870,3900,7380000
12/04/2012,3790,3900,3760,3790,9487500
13/04/2012,3800,3830,3780,3800,6172500
16/04/2012,3770,3780,3760,3770,9087500
17/04/2012,3780,3820,3770,3780,4560000
18/04/2012,3810,3840,3800,3810,10575000
19/04/2012,3770,3810,3770,3770,3187500
20/04/2012,3820,3830,3750,3820,6645000
23/04/2012,3860,3900,3820,3860,12007500
24/04/2012,3900,3920,3870,3900,8785000
25/04/2012,3850,3890,3810,3850,7092500
26/04/2012,3890,3910,3860,3890,3807500
27/04/2012,3860,3890,3820,3860,5515000
30/04/2012,3970,4050,3880,3970,13625000
01/05/2012,4030,4030,3940,4030,4260000
02/05/2012,4030,4030,3940,4030,15
03/05/2012,4140,4180,4130,4140,7455000
04/05/2012,4250,4400,4200,4250,12702500
07/05/2012,4230,4290,4150,4230,8365000
08/05/2012,4480,4490,4250,4480,15135000
09/05/2012,4370,4480,4360,4370,9600000
10/05/2012,4380,4440,4350,4380,6387500
11/05/2012,4320,4400,4300,4320,5252500
14/05/2012,4360,4400,4280,4360,6107500
15/05/2012,4250,4370,4220,4250,6675000
16/05/2012,4250,4250,4080,4250,11795000
21/05/2012,4150,4320,4150,4150,12720000
22/05/2012,4220,4220,4110,4220,7645000
23/05/2012,4240,4260,4180,4240,9545000
24/05/2012,4220,4240,4180,4220,5465000
25/05/2012,4210,4250,4180,4210,10380000
28/05/2012,4200,4240,4200,4200,6970000
29/05/2012,4220,4240,4200,4220,7277500
30/05/2012,4220,4240,4190,4220,8827500
31/05/2012,4110,4220,4010,4110,30057500
01/06/2012,4110,4250,4080,4110,7107500
04/06/2012,4060,4100,4000,4060,6502500
05/06/2012,4050,4100,4000,4050,10537500
06/06/2012,4130,4150,4090,4130,6917500
07/06/2012,4380,4380,4210,4380,23022500
08/06/2012,4580,4580,4400,4580,7410000
11/06/2012,4560,4660,4510,4560,9147500
12/06/2012,4750,4780,4580,4750,7992500
13/06/2012,4590,4790,4590,4590,5897500
14/06/2012,4540,4700,4530,4540,8877500
15/06/2012,4490,5100,4490,4490,6517500
18/06/2012,4760,4820,4580,4760,6452500
19/06/2012,4770,4800,4720,4770,6247500
20/06/2012,4800,4800,4740,4800,6995000
21/06/2012,4740,4800,4600,4740,6430000
22/06/2012,4610,4670,4600,4610,7240000
25/06/2012,4610,4700,4550,4550,3480000
26/06/2012,4550,4660,4470,4530,4365000
27/06/2012,4530,4660,4530,4640,8117500
28/06/2012,4640,4700,4600,4630,5467500
29/06/2012,4630,4690,4580,4580,12527500
02/07/2012,4720,4770,4580,4720,5297500
03/07/2012,4950,4970,4790,4950,8490000
04/07/2012,4810,5050,4810,4810,9957500
05/07/2012,4820,4940,4810,4820,3157500
06/07/2012,4840,4890,4700,4840,11852500
09/07/2012,4730,4840,4730,4730,4015000
10/07/2012,4670,4800,4630,4670,10585000
11/07/2012,4690,4720,4640,4690,9192500
12/07/2012,4600,4700,4560,4600,8342500
13/07/2012,4780,4780,4580,4780,5982500
16/07/2012,4760,4820,4760,4760,1730000
17/07/2012,4820,4820,4770,4820,3152500
18/07/2012,4720,4890,4720,4720,4685000
19/07/2012,4750,4820,4740,4750,4642500
20/07/2012,4600,4770,4600,4600,7720000
23/07/2012,4540,4630,4540,4540,8032500
24/07/2012,4480,4600,4470,4480,8490000
25/07/2012,4510,4560,4470,4510,5310000
26/07/2012,4660,4670,4520,4660,10670000
27/07/2012,4820,4890,4700,4820,14332500
30/07/2012,4820,4880,4780,4820,3880000
31/07/2012,4850,4850,4760,4850,8987500
01/08/2012,4820,4820,4760,4820,4827500
02/08/2012,4920,4990,4850,4920,7850000
03/08/2012,4890,4990,4890,4890,4362500
06/08/2012,4920,5000,4920,4920,2080000
07/08/2012,4800,4940,4800,4800,2095000
08/08/2012,4920,4960,4870,4920,5945000
09/08/2012,4960,5000,4920,4960,10207500
10/08/2012,4960,5000,4950,4960,6267500
13/08/2012,4990,5110,4860,4990,6775000
14/08/2012,5100,5100,4980,5100,3062500
15/08/2012,5090,5100,5010,5090,4472500
16/08/2012,5110,5190,5020,5110,4932500
23/08/2012,5100,5420,5020,5100,16362500
24/08/2012,5110,5300,5030,5110,6112500
27/08/2012,5140,5190,5100,5140,447500
28/08/2012,5160,5260,5140,5160,4605000
29/08/2012,5390,5400,5110,5390,10707500
30/08/2012,5370,5370,5240,5370,5695000
31/08/2012,5420,5470,5250,5420,9325000
03/09/2012,5620,5660,5320,5620,6205000
04/09/2012,5600,5650,5540,5600,6680000
05/09/2012,5300,5560,5300,5300,8987500
06/09/2012,5420,5450,5320,5420,7845000
07/09/2012,5600,5630,5460,5600,10432500
10/09/2012,5670,5670,5570,5670,4825000
11/09/2012,5600,5650,5600,5600,735000
12/09/2012,5590,5650,5580,5590,6155000
13/09/2012,5590,5660,5560,5590,4582500
14/09/2012,5560,5700,5560,5560,12760000
17/09/2012,5600,5660,5580,5600,12632500
18/09/2012,5540,5600,5390,5540,6782500
19/09/2012,5540,5540,5440,5540,6237500
20/09/2012,5330,5470,5320,5330,8740000
21/09/2012,5330,5400,5300,5330,9975000
24/09/2012,5150,5300,5140,5150,17455000
25/09/2012,5150,5240,5100,5150,12000000
26/09/2012,5020,5210,5020,5020,16255000
27/09/2012,5150,5220,5080,5150,20515000
28/09/2012,5210,5220,5160,5210,11850000
01/10/2012,5150,5200,5070,5150,16775000
02/10/2012,5210,5240,5160,5210,28142500
03/10/2012,5220,5260,5210,5220,8995000
04/10/2012,5220,5260,5200,5220,9465000
05/10/2012,5210,5250,5200,5210,9547500
08/10/2012,5180,5220,5110,5180,7987500
09/10/2012,5200,5210,5140,5200,4070000
10/10/2012,5180,5200,5160,5180,4155000
11/10/2012,5190,5200,5170,5190,6212500
12/10/2012,5220,5220,5180,5220,6387500
15/10/2012,5200,5220,5180,5200,2240000
16/10/2012,5180,5210,5160,5180,3980000
17/10/2012,5170,5190,5130,5170,11427500
18/10/2012,5190,5190,5140,5190,5142500
19/10/2012,5200,5210,5170,5200,4782500
22/10/2012,5190,5190,5120,5190,5087500
23/10/2012,5100,5200,5090,5100,7582500
24/10/2012,5100,5170,5090,5100,5507500
25/10/2012,5090,5140,5090,5090,5062500
29/10/2012,5110,5120,5050,5110,5327500
30/10/2012,5230,5230,5110,5230,15440000
31/10/2012,5210,5230,5200,5210,13867500
01/11/2012,5260,5260,5190,5260,13745000
02/11/2012,5270,5280,5240,5270,12955000
05/11/2012,5220,5280,5190,5220,9577500
06/11/2012,5200,5230,5150,5200,6115000
07/11/2012,5260,5270,5180,5260,11157500
08/11/2012,5250,5250,5170,5250,6022500
09/11/2012,5200,5250,5170,5200,4832500
12/11/2012,5170,5230,5170,5170,4902500
13/11/2012,5170,5200,5170,5170,4342500
14/11/2012,5230,5240,5150,5230,5917500
19/11/2012,5130,5230,5120,5130,6010000
20/11/2012,5200,5230,5130,5200,7220000
21/11/2012,5240,5240,5170,5240,8500000
22/11/2012,5260,5300,5200,5260,6200000
23/11/2012,5290,5290,5260,5290,5195000
26/11/2012,5380,5380,5280,5380,8855000
27/11/2012,5160,5340,5160,5160,11932500
28/11/2012,5260,5310,5180,5260,9442500
29/11/2012,5360,5360,5280,5360,13045000
30/11/2012,5270,5390,5200,5270,12010000
03/12/2012,5240,5280,5200,5240,5147500
04/12/2012,5250,5250,5170,5250,8657500
05/12/2012,5200,5240,5180,5200,7552500
06/12/2012,5200,5220,5180,5200,10037500
07/12/2012,5250,5250,5170,5250,12022500
10/12/2012,5190,5240,5170,5190,8487500
11/12/2012,5190,5220,5170,5190,9990000
12/12/2012,4630,5160,4550,4630,85745000
13/12/2012,4070,4500,4040,4070,193932500
14/12/2012,4440,4470,4020,4440,156602500
17/12/2012,4360,4480,4320,4360,26892500
18/12/2012,4320,4400,4230,4320,23585000
19/12/2012,4310,4330,4240,4310,18907500
20/12/2012,4110,4280,4080,4110,41280000
21/12/2012,4160,4220,4100,4160,18910000
26/12/2012,4260,4270,4220,4260,15
27/12/2012,4240,4300,4210,4240,7927500
28/12/2012,4170,4280,4160,4170,13657500
02/01/2013,4370,4380,4180,4370,17217500
03/01/2013,4420,4460,4380,4420,20890000
04/01/2013,4350,4460,4350,4350,11515000
07/01/2013,4340,4400,4340,4340,9135000
08/01/2013,4330,4370,4320,4330,10050000
09/01/2013,4290,4350,4240,4290,21482500
10/01/2013,4250,4310,4250,4250,7550000
11/01/2013,4260,4330,4250,4260,9067500
14/01/2013,4230,4280,4230,4230,12665000
15/01/2013,4250,4310,4250,4250,6240000
16/01/2013,4320,4330,4250,4320,6730000
17/01/2013,4300,4370,4300,4300,10322500
18/01/2013,4490,4490,4340,4490,26510000
21/01/2013,4600,4600,4480,4600,20117500
22/01/2013,4600,4600,4600,4600,0
23/01/2013,4490,4590,4460,4490,12255000
25/01/2013,4450,4570,4380,4450,10480000
28/01/2013,4410,4450,4340,4410,8835000
29/01/2013,4330,4430,4320,4330,13482500
30/01/2013,4320,4360,4270,4320,14590000
31/01/2013,4410,4410,4280,4410,18150000
01/02/2013,4390,4430,4360,4390,7710000
04/02/2013,4390,4440,4370,4390,7980000
05/02/2013,4440,4450,4330,4440,16827500
06/02/2013,4440,4480,4430,4440,10417500
07/02/2013,4460,4460,4420,4460,9100000
08/02/2013,4400,4490,4400,4400,10567500
11/02/2013,4390,4450,4390,4390,6195000
12/02/2013,4460,4470,4390,4460,7735000
13/02/2013,4560,4580,4440,4560,17212500
14/02/2013,4550,4550,4500,4550,6122500
15/02/2013,4600,4630,4520,4600,23680000
18/02/2013,4580,4620,4570,4580,3087500
19/02/2013,4550,4580,4520,4550,3617500
20/02/2013,4640,4660,4590,4640,19652500
21/02/2013,4630,4640,4560,4630,8787500
22/02/2013,4590,4630,4540,4590,12655000
25/02/2013,4570,4590,4500,4570,11132500
26/02/2013,4460,4590,4420,4460,11620000
27/02/2013,4530,4540,4460,4530,10732500
28/02/2013,4570,4580,4520,4570,9617500
01/03/2013,4550,4600,4520,4550,4677500
04/03/2013,4600,4600,4560,4600,11455000
05/03/2013,4560,4600,4530,4560,7692500
06/03/2013,4590,4610,4560,4590,6985000
07/03/2013,4570,4620,4550,4570,7752500
08/03/2013,4600,4620,4570,4600,7782500
11/03/2013,4580,4600,4500,4580,11700000
13/03/2013,4560,4580,4500,4560,10497500
14/03/2013,4500,4530,4340,4400,20
15/03/2013,4480,4560,4430,4460,20
18/03/2013,4460,4520,4460,4500,20
19/03/2013,4510,4570,4510,4550,20
20/03/2013,4550,4550,4480,4510,20
21/03/2013,4460,4560,4450,4560,20
22/03/2013,4560,4560,4410,4420,20
25/03/2013,4460,4550,4460,4550,20
26/03/2013,4490,4500,4420,4490,12927500
27/03/2013,4460,4550,4450,4550,20
28/03/2013,4530,4560,4470,4560,20
01/04/2013,4480,4560,4430,4430,20
02/04/2013,4430,4530,4430,4530,20
03/04/2013,4540,4580,4500,4540,15
04/04/2013,4540,4550,4500,4550,20
05/04/2013,4550,4620,4550,4590,20
08/04/2013,4590,4590,4550,4580,20
09/04/2013,4580,4590,4540,4540,20
10/04/2013,4540,4570,4530,4550,20
11/04/2013,4510,4580,4510,4580,20
12/04/2013,4600,4600,4530,4560,20
15/04/2013,4540,4540,4490,4500,20
16/04/2013,4490,4570,4480,4570,20
17/04/2013,4520,4550,4510,4540,20
18/04/2013,4550,4550,4490,4530,20
19/04/2013,4540,4540,4480,4530,20
22/04/2013,4530,4570,4490,4500,15
23/04/2013,4530,4530,4530,4530,0
24/04/2013,4530,4600,4520,4600,20
25/04/2013,4600,4600,4570,4600,6950000
26/04/2013,4600,4600,4550,4550,20
29/04/2013,4590,4600,4530,4600,20
30/04/2013,4600,5250,4580,5250,15
01/05/2013,5000,5170,4960,5140,20
02/05/2013,5100,5100,5040,5050,20
03/05/2013,5070,5250,5070,5180,20
06/05/2013,5220,5400,5220,5400,20
07/05/2013,5200,5420,5180,5410,20
08/05/2013,5400,5600,5340,5540,20
10/05/2013,5440,5500,5410,5500,20
13/05/2013,5400,5530,5380,5530,20
14/05/2013,5530,5640,5480,5640,20
15/05/2013,5640,5680,5600,5620,20
16/05/2013,5500,5700,5500,5630,20
17/05/2013,5630,6500,5630,6250,15
20/05/2013,6250,6370,6250,6310,20
21/05/2013,6340,6360,6000,6190,20
22/05/2013,6190,6300,6170,6170,20
23/05/2013,6090,6390,6090,6320,20
24/05/2013,6210,6480,6210,6460,20
27/05/2013,6340,6430,6220,6300,20
28/05/2013,6300,6890,6200,6610,20
29/05/2013,6690,6900,6420,6690,10682500
30/05/2013,6650,6650,6460,6470,20
31/05/2013,6430,6500,6010,6100,15
03/06/2013,6000,6000,5780,5810,20
04/06/2013,5860,6310,5780,6260,15
05/06/2013,6130,6200,5910,6200,20
07/06/2013,6160,6160,5730,5780,15
10/06/2013,5780,5850,5480,5540,20
11/06/2013,5620,5620,5380,5380,20
12/06/2013,5350,5980,5190,5890,15
13/06/2013,5700,5890,5560,5560,20
14/06/2013,5660,5800,5620,5770,20
17/06/2013,5720,5900,5700,5780,20
18/06/2013,5880,6090,5880,5900,20
19/06/2013,5860,6060,5800,5800,20
20/06/2013,5780,5800,5500,5510,20
21/06/2013,5300,5530,5240,5450,20
24/06/2013,5450,5640,5280,5280,20
25/06/2013,5240,5500,5110,5200,20
26/06/2013,5340,5920,5310,5600,20
27/06/2013,5700,6040,5700,5880,20
28/06/2013,5960,6150,5960,6150,20
01/07/2013,5200,6060,5200,5910,15
02/07/2013,6010,6060,5950,5990,6345000
03/07/2013,6010,6020,5660,5660,13212500
04/07/2013,5720,5860,5640,5640,3887500
05/07/2013,5740,5900,5740,5860,6052500
08/07/2013,5820,5850,5600,5600,6212500
09/07/2013,5500,5670,5500,5570,5472500
10/07/2013,5720,5900,5670,5880,8500000
11/07/2013,5910,6380,5910,6330,18317500
12/07/2013,6300,6330,6160,6200,13290000
15/07/2013,6200,6350,6050,6350,8742500
16/07/2013,6250,6490,6200,6350,9512500
17/07/2013,6350,6580,6300,6580,6437500
18/07/2013,6400,6870,6400,6780,13510000
19/07/2013,6760,6920,6740,6920,13185000
22/07/2013,6780,6920,6600,6600,4757500
23/07/2013,6600,6800,6600,6800,8500000
24/07/2013,6840,6880,6460,6800,12517500
25/07/2013,6820,6860,6560,6570,8907500
26/07/2013,6570,6700,6490,6590,3090000
29/07/2013,6580,6590,6320,6360,8100000
30/07/2013,6400,6640,6400,6440,7285000
31/07/2013,6340,6530,6330,6360,8927500
01/08/2013,6400,6470,6330,6390,9180000
02/08/2013,6400,6400,6190,6290,9560000
12/08/2013,6310,6310,5700,6000,14772500
13/08/2013,6080,6310,6010,6270,13412500
14/08/2013,6270,6320,6180,6250,5000000
15/08/2013,6150,6190,6030,6140,6560000
16/08/2013,6120,6270,6060,6140,5005000
19/08/2013,6040,6150,5840,5840,5957500
20/08/2013,5740,5850,5460,5780,18070000
21/08/2013,5790,5990,5720,5900,8762500
22/08/2013,5800,5950,5700,5950,8307500
23/08/2013,5860,6080,5800,5800,7820000
26/08/2013,5720,5910,5660,5660,4957500
27/08/2013,5600,5650,5460,5570,7205000
28/08/2013,5480,5760,5320,5600,9737500
29/08/2013,5600,5770,5510,5670,14780000
30/08/2013,5700,6440,5680,6240,22267500
02/09/2013,6240,6240,6020,6120,7760000
03/09/2013,6130,6300,6050,6300,14750000
04/09/2013,6300,6300,6080,6110,5340000
05/09/2013,6210,6290,6130,6200,6492500
06/09/2013,6300,6400,6200,6380,10782500
09/09/2013,6390,6440,6360,6400,9215000
10/09/2013,6450,6600,6400,6600,14255000
11/09/2013,6620,6660,6480,6600,12180000
12/09/2013,6500,6540,6170,6170,13935000
13/09/2013,6160,6250,6120,6140,6357500
16/09/2013,6180,6430,6170,6430,11050000
17/09/2013,6400,6400,6180,6300,11710000
18/09/2013,6370,6370,6150,6150,9120000
19/09/2013,6300,6600,6300,6320,18805000
20/09/2013,6320,6400,6250,6400,6737500
23/09/2013,6300,6400,6160,6390,7792500
24/09/2013,6280,6410,6280,6300,7710000
25/09/2013,6150,6360,6150,6300,10180000
26/09/2013,6380,6390,6160,6160,10302500
27/09/2013,6260,6350,6190,6190,5222500
30/09/2013,6190,6230,6030,6030,9847500
01/10/2013,6030,6140,6010,6060,6635000
02/10/2013,6060,6200,6060,6200,4752500
03/10/2013,6160,6290,6160,6180,5140000
04/10/2013,6180,6180,6100,6140,9937500
07/10/2013,6140,6140,6060,6060,6097500
08/10/2013,6060,6120,6030,6090,10715000
09/10/2013,6100,6140,6050,6050,13657500
10/10/2013,6120,6150,6060,6060,9402500
11/10/2013,6100,6150,6070,6150,9085000
16/10/2013,6150,6180,5920,6020,14975000
17/10/2013,6120,6140,6030,6120,7282500
18/10/2013,6140,6160,6100,6160,4637500
21/10/2013,6200,6330,6160,6300,6540000
22/10/2013,6320,6320,6100,6160,13150000
23/10/2013,6230,7470,6210,6340,66040000
24/10/2013,6300,6470,6300,6430,8405000
25/10/2013,6390,6430,6390,6410,4125000
28/10/2013,6430,6450,6390,6400,3592500
29/10/2013,6400,6420,6320,6360,5992500
30/10/2013,6420,6420,6130,6250,12940000
31/10/2013,6100,6160,6000,6000,17272500
01/11/2013,5960,6120,5960,5960,12017500
04/11/2013,6000,6020,5900,5970,5377500
06/11/2013,6010,6160,5970,6160,8972500
07/11/2013,6030,6140,6030,6040,3630000
08/11/2013,6040,6040,6000,6030,4975000
11/11/2013,6030,6050,5940,5960,7005000
12/11/2013,6000,6020,5850,5960,6640000
13/11/2013,5940,5980,5850,5920,6265000
14/11/2013,5950,6000,5950,5980,4425000
15/11/2013,5980,5980,5800,5800,7872500
18/11/2013,5820,5900,5820,5900,4767500
19/11/2013,5900,5910,5820,5840,5840000
20/11/2013,5940,5940,5700,5740,10302500
21/11/2013,5700,5710,5440,5510,24497500
22/11/2013,5610,5620,5480,5490,9992500
25/11/2013,5520,5570,5500,5560,3520000
26/11/2013,5520,5530,5140,5200,67450000
27/11/2013,5270,5380,5140,5340,20720000
28/11/2013,5380,5400,5250,5330,7535000
29/11/2013,5340,5370,5270,5320,7147500
02/12/2013,5320,5460,5320,5410,11442500
03/12/2013,5390,5390,5220,5250,13085000
04/12/2013,5200,5230,5160,5160,10717500
05/12/2013,5160,5160,5060,5100,11035000
06/12/2013,5090,5160,5020,5100,7560000
09/12/2013,5140,5350,5120,5250,14305000
10/12/2013,5320,5390,5260,5360,9160000
11/12/2013,5360,5370,5270,5320,7847500
12/12/2013,5260,5320,5260,5300,9040000
13/12/2013,5280,5310,5140,5190,6890000
16/12/2013,5150,5220,5100,5150,4360000
17/12/2013,5200,5240,5170,5200,11707500
18/12/2013,5280,5280,5070,5180,10855000
19/12/2013,5240,5270,5160,5180,6597500
20/12/2013,5200,5280,5100,5200,8767500
23/12/2013,5260,5270,5110,5110,6597500
24/12/2013,5130,5230,5120,5220,5030000
27/12/2013,5200,5380,5200,5320,7810000
30/12/2013,5370,5400,5200,5200,10530000
02/01/2014,5280,5360,5280,5360,6175000
03/01/2014,5290,5360,5240,5300,8817500
06/01/2014,5360,5360,5280,5350,6357500
07/01/2014,5350,5360,5240,5240,7055500
08/01/2014,5280,5315,5185,5240,10381500
09/01/2014,5210,5285,5185,5215,9274500
10/01/2014,5185,5300,5160,5180,11790500
13/01/2014,5300,5435,5260,5405,17524000
15/01/2014,5420,5690,5415,5605,27483000
16/01/2014,5615,5640,5490,5560,11031000
17/01/2014,5570,5570,5500,5530,5573000
20/01/2014,5545,5615,5520,5610,4428000
21/01/2014,5640,5640,5540,5630,3699000
22/01/2014,5580,5715,5580,5700,13677500
23/01/2014,5730,5755,5645,5715,11185000
24/01/2014,5615,5670,5565,5615,9590500
27/01/2014,5490,5490,5300,5425,12475000
28/01/2014,5425,5610,5400,5540,11326000
29/01/2014,5580,5725,5580,5700,14106000
30/01/2014,5600,5730,5580,5710,17600000
03/02/2014,5680,5705,5610,5680,10174500
04/02/2014,5570,5615,5550,5570,8808500
05/02/2014,5600,5680,5595,5625,7780000
06/02/2014,5600,5700,5590,5640,14201500
07/02/2014,5695,5730,5630,5645,8042500
10/02/2014,5660,5700,5620,5620,5104000
11/02/2014,5620,5660,5505,5520,15378500
12/02/2014,5550,5605,5550,5600,3756000
13/02/2014,5620,5640,5610,5625,4622000
14/02/2014,5660,5680,5615,5675,9046000
17/02/2014,5695,5715,5665,5675,8066500
18/02/2014,5675,5700,5605,5615,3825500
19/02/2014,5650,5680,5615,5680,6207500
20/02/2014,5680,5680,5610,5660,6617000
21/02/2014,5670,5705,5660,5680,9464000
24/02/2014,5680,5700,5645,5675,3862000
25/02/2014,5680,5690,5625,5680,6097500
26/02/2014,5675,5680,5605,5605,9038000
27/02/2014,5605,5680,5600,5605,7583500
28/02/2014,5605,5715,5595,5715,13213000
03/03/2014,5620,5670,5620,5655,3901000
04/03/2014,5635,5640,5600,5605,7879000
05/03/2014,5640,5650,5620,5625,7794000
06/03/2014,5630,5660,5625,5660,5919000
07/03/2014,5670,5680,5625,5625,6462500
10/03/2014,5620,5660,5620,5650,4240000
11/03/2014,5640,5700,5615,5695,9185000
12/03/2014,5660,5855,5640,5800,21607500
13/03/2014,5855,6115,5840,6060,24143500
14/03/2014,6000,6270,5925,6175,15479500
17/03/2014,6200,6200,5875,5945,13847500
18/03/2014,5990,6000,5700,5795,16249000
19/03/2014,5795,5895,5715,5780,10772500
20/03/2014,5760,5775,5600,5625,10849000
21/03/2014,5635,5695,5505,5625,13837000
24/03/2014,5640,5680,5630,5660,7412000
25/03/2014,5625,5680,5620,5650,5253500
26/03/2014,5660,5800,5660,5745,8464500
27/03/2014,5740,5800,5710,5740,11503500
28/03/2014,5740,5900,5740,5850,15810000
01/04/2014,5900,6040,5900,6000,18885500
02/04/2014,6000,6010,5925,5985,9913000
03/04/2014,5990,6020,5980,6000,11419500
04/04/2014,6000,6015,5820,5880,4159000
07/04/2014,5890,6000,5880,5990,10629500
08/04/2014,5920,5970,5910,5935,8002000
09/04/2014,5935,5935,5935,5935,0
10/04/2014,5940,5960,5840,5910,10012000
11/04/2014,5800,6105,5780,6105,11759500
14/04/2014,5965,6160,5965,6150,6889000
15/04/2014,6170,6195,6035,6135,5066500
16/04/2014,6180,6180,6020,6020,5473500
17/04/2014,6080,6160,6060,6160,6067500
21/04/2014,6160,6185,6140,6140,2746000
22/04/2014,6140,6165,6090,6165,4972000
23/04/2014,6150,6170,5995,5995,4316000
24/04/2014,6000,6095,5810,5860,12060500
25/04/2014,5910,5910,5805,5805,9538500
28/04/2014,5800,5805,5700,5715,15163000
29/04/2014,5715,5850,5715,5800,7823000
30/04/2014,5890,5890,5835,5850,6525000
02/05/2014,5760,5870,5760,5840,3765000
05/05/2014,5840,6000,5840,5945,6503000
06/05/2014,5950,5950,5870,5875,2002000
07/05/2014,5950,6080,5900,6045,9430500
08/05/2014,6080,6095,6005,6080,6035000
09/05/2014,6080,6150,6030,6150,8003500
12/05/2014,6100,6150,6095,6115,8618000
13/05/2014,6115,6160,5950,6040,6557000
14/05/2014,6040,6160,6040,6160,9854500
16/05/2014,6120,6160,6050,6160,9577500
19/05/2014,6100,6170,6000,6100,10479000
20/05/2014,5920,6100,5845,5920,18308500
21/05/2014,6000,6010,5880,6000,9348500
22/05/2014,6005,6040,6000,6005,6945500
23/05/2014,6005,6095,5980,6005,5145500
26/05/2014,6025,6080,5985,6025,2632000
28/05/2014,6040,6070,6020,6040,4376000
30/05/2014,5825,6090,5825,5825,16546000
02/06/2014,5950,5950,5840,5950,5471500
03/06/2014,6010,6030,5925,6010,7553500
04/06/2014,6055,6055,5905,6055,5828500
05/06/2014,6095,6095,6055,6090,5789000
06/06/2014,6095,6100,6045,6095,2907500
09/06/2014,5995,6110,5980,5995,4678000
10/06/2014,6040,6040,6000,6040,4052500
11/06/2014,6095,6095,6005,6095,5481000
12/06/2014,6000,6090,5990,6000,10054500
13/06/2014,5960,5990,5940,5960,8032000
16/06/2014,5930,5980,5920,5930,11989000
17/06/2014,5900,5925,5860,5900,6562000
18/06/2014,5880,6000,5865,5880,8015000
19/06/2014,5910,5920,5855,5910,14407000
20/06/2014,5975,5990,5885,5975,13152000
23/06/2014,5960,5975,5945,5960,9629500
24/06/2014,5940,6000,5940,5940,5167500
25/06/2014,5940,5955,5905,5940,2921500
26/06/2014,5960,5990,5865,5960,16508000
27/06/2014,5895,5920,5885,5895,6208000
30/06/2014,5855,5910,5855,5855,10203000
01/07/2014,5950,5950,5850,5950,3644000
02/07/2014,6065,6065,5900,6065,3357500
03/07/2014,6040,6100,5990,6040,7896000
04/07/2014,6060,6065,6000,6060,5251000
07/07/2014,6180,6185,6060,6180,11751000
08/07/2014,6245,6270,6160,6245,15979000
09/07/2014,6245,6245,6245,6245,0
10/07/2014,6280,6600,6165,6280,35262500
11/07/2014,6080,6240,6020,6080,14766000
14/07/2014,6080,6110,6000,6080,5364500
15/07/2014,6275,6280,6110,6275,10220000
16/07/2014,6250,6320,6185,6250,11136500
17/07/2014,6180,6275,6040,6180,14736000
18/07/2014,6185,6235,6080,6185,6690500
21/07/2014,6220,6265,6195,6220,10001500
22/07/2014,6240,6275,6145,6240,10057000
23/07/2014,6245,6295,6240,6245,6232000
24/07/2014,6230,6285,6220,6230,4589500
25/07/2014,6150,6260,6125,6150,11312500
04/08/2014,6295,6295,5900,6295,10228500
05/08/2014,6180,6290,6155,6180,6839000
06/08/2014,6150,6190,6105,6150,5213500
07/08/2014,6155,6200,6100,6155,6530500
08/08/2014,6100,6200,6100,6100,2459500
11/08/2014,6250,6250,6175,6250,3602000
12/08/2014,6270,6280,6225,6270,4177000
13/08/2014,6400,6400,6250,6400,8259000
14/08/2014,6395,6400,6260,6395,7801500
15/08/2014,6380,6400,6355,6380,1131000
18/08/2014,6300,6400,6295,6300,2859500
19/08/2014,6290,6355,6270,6290,5968500
20/08/2014,6380,6390,6295,6380,2394000
21/08/2014,6380,6380,6300,6380,2590500
22/08/2014,6320,6400,6300,6320,7270000
25/08/2014,6300,6370,6300,6300,2970500
26/08/2014,6335,6365,6280,6335,8420500
27/08/2014,6390,6390,6265,6390,5323500
28/08/2014,6420,6420,6340,6420,6384500
29/08/2014,6205,6415,6205,6205,8903500
01/09/2014,6400,6400,6290,6400,4193500
02/09/2014,6400,6420,6395,6400,2877000
03/09/2014,6400,6410,6320,6400,2102000
04/09/2014,6335,6410,6290,6335,5726500
05/09/2014,6365,6385,6295,6365,5397000
08/09/2014,6370,6395,6345,6370,4074500
09/09/2014,6260,6390,6235,6260,5552500
10/09/2014,6230,6260,6220,6230,3408500
11/09/2014,6235,6360,6220,6235,5412000
12/09/2014,6260,6320,6225,6260,5078000
15/09/2014,6265,6300,6230,6265,2954000
16/09/2014,6320,6340,6220,6320,7236500
17/09/2014,6380,6380,6350,6380,4624000
18/09/2014,6395,6395,6340,6395,2805000
19/09/2014,6350,6395,6305,6350,9786500
22/09/2014,6395,6395,6320,6395,3984500
23/09/2014,6300,6350,6300,6300,5419500
24/09/2014,6265,6380,6265,6265,2992500
25/09/2014,6260,6370,6260,6260,3275500
26/09/2014,6360,6360,6205,6360,4100500
29/09/2014,6400,6400,6260,6400,5803500
30/09/2014,6360,6400,6300,6360,7498000
01/10/2014,6360,6390,6315,6360,4520000
02/10/2014,6330,6380,6285,6330,5440000
03/10/2014,6155,6360,6155,6155,5775500
06/10/2014,6150,6255,6140,6150,4035000
07/10/2014,6130,6200,6100,6130,8584500
08/10/2014,6115,6195,6100,6115,8111500
09/10/2014,6140,6240,6140,6140,2538000
10/10/2014,6160,6205,6100,6160,2720000
13/10/2014,6100,6155,6100,6100,3573000
14/10/2014,6185,6230,6100,6185,6995000
15/10/2014,6220,6265,6185,6220,5868500
16/10/2014,6185,6290,6145,6185,4644000
17/10/2014,6390,6400,6160,6390,12403000
20/10/2014,6235,6440,6235,6235,10222500
21/10/2014,6325,6400,6285,6325,6021000
22/10/2014,6405,6410,6360,6405,7192000
23/10/2014,6240,6440,6235,6240,21049000
24/10/2014,6120,6205,6050,6120,18269500
27/10/2014,6010,6135,6010,6010,11940500
28/10/2014,5975,6055,5925,5975,11860500
29/10/2014,6220,6220,5990,6220,10107000
30/10/2014,6090,6170,6050,6090,10366500
31/10/2014,6080,6120,5995,6080,13573500
03/11/2014,6090,6120,6030,6090,10195000
04/11/2014,6075,6090,6055,6075,4815000
05/11/2014,6065,6080,6050,6065,6259000
06/11/2014,6020,6085,6020,6020,6373000
07/11/2014,5960,6040,5960,5960,8196000
10/11/2014,5985,6055,5940,5985,5850500
11/11/2014,6105,6120,5995,6105,6663500
12/11/2014,6110,6130,6060,6110,3480000
13/11/2014,6130,6130,6060,6130,3355500
14/11/2014,6090,6165,6060,6090,5726500
17/11/2014,6090,6275,6080,6210,8667000
18/11/2014,6320,6325,6210,6320,6681000
19/11/2014,6220,6355,6205,6220,5876500
20/11/2014,6280,6280,6160,6280,6944000
21/11/2014,6290,6290,6205,6290,4220500
24/11/2014,6300,6300,6220,6300,5295500
25/11/2014,6340,6340,6225,6340,11673500
26/11/2014,6320,6340,6225,6320,5185500
27/11/2014,6400,6400,6260,6400,7736500
28/11/2014,6360,6400,6330,6360,3067500
01/12/2014,6360,6360,6260,6275,9168500
02/12/2014,6260,6360,6240,6255,24952500
03/12/2014,6240,6280,6205,6255,5042000
04/12/2014,6260,6420,6255,6315,11227500
05/12/2014,6280,6380,6280,6335,2669500
08/12/2014,6340,6340,6210,6230,6200500
09/12/2014,6200,6235,6195,6205,8040000
10/12/2014,6205,6225,6200,6220,4364000
11/12/2014,6215,6215,6180,6180,12949000
12/12/2014,6180,6210,6180,6195,5052000
15/12/2014,6110,6250,6105,6245,5897500
16/12/2014,6205,6255,6120,6240,9154000
17/12/2014,6255,6300,6140,6140,7635500
18/12/2014,6220,6340,6185,6340,6115000
19/12/2014,6350,6400,6305,6400,9887500
22/12/2014,6400,6400,6300,6300,3543500
23/12/2014,6345,6360,6300,6300,3349500
24/12/2014,6310,6385,6300,6305,1758000
29/12/2014,6380,6390,6330,6390,2968000
30/12/2014,6345,6460,6340,6460,9054500
02/01/2015,6460,6525,6455,6505,3834500
05/01/2015,6495,6505,6455,6495,8807000
06/01/2015,6460,6500,6430,6495,7003500
07/01/2015,6500,6740,6500,6625,14507000
08/01/2015,6620,6690,6620,6675,13274500
09/01/2015,6620,6690,6595,6645,10390000
12/01/2015,6575,6580,6420,6420,6130500
13/01/2015,6520,6620,6495,6600,5970500
14/01/2015,6645,6650,6530,6530,4891000
15/01/2015,6545,6600,6530,6545,1630000
16/01/2015,6595,6800,6530,6700,4857000
19/01/2015,6700,6800,6680,6800,5275500
20/01/2015,6735,6840,6735,6840,12651500
21/01/2015,6840,7190,6840,7190,14445000
22/01/2015,7000,7200,7000,7160,6515500
23/01/2015,7210,7255,7160,7240,11648500
26/01/2015,7220,7220,6825,7100,17868500
27/01/2015,7100,7125,6965,7105,5894500
28/01/2015,7100,7140,7045,7100,5197500
29/01/2015,7120,7130,7025,7075,5218500
30/01/2015,7120,7180,7100,7165,9832000
02/02/2015,7200,7335,7150,7235,7491500
03/02/2015,7220,7300,7220,7275,2952500
04/02/2015,7270,7300,7265,7280,8229500
05/02/2015,7200,7200,6970,7050,14658000
06/02/2015,7000,7400,7000,7330,11806000
09/02/2015,7380,7380,7200,7225,3611500
10/02/2015,7225,7335,7100,7100,8954500
11/02/2015,7200,7200,7115,7135,6351500
12/02/2015,7135,7135,7040,7135,4965500
13/02/2015,7160,7280,7080,7265,5548000
16/02/2015,7285,7285,7020,7020,5764000
17/02/2015,7120,7180,7070,7180,4037500
18/02/2015,7180,7200,7100,7100,5194500
20/02/2015,7100,7160,7060,7065,6567500
23/02/2015,7080,7220,7080,7210,6402000
24/02/2015,7200,7210,7140,7205,5669000
25/02/2015,7220,7270,7205,7270,6600000
26/02/2015,7230,7330,7145,7300,8736500
27/02/2015,7225,7285,7200,7200,9971000
02/03/2015,7200,7300,7150,7280,6018500
03/03/2015,7250,7330,7215,7215,9230000
04/03/2015,7240,7270,7210,7220,3130000
05/03/2015,7250,7345,7220,7250,5711000
06/03/2015,7300,7560,7270,7560,12435000
09/03/2015,7500,7500,7410,7500,10916500
10/03/2015,7460,7560,7305,7560,11208000
11/03/2015,7500,7750,7420,7750,17267000
12/03/2015,7750,7965,7700,7965,11804000
13/03/2015,7960,8025,7900,7975,7656500
16/03/2015,7975,7975,7900,7915,7660000
17/03/2015,7915,7970,7775,7800,6808500
18/03/2015,7790,7790,7500,7500,10806000
19/03/2015,7600,7700,7600,7660,7586000
20/03/2015,7660,7695,7615,7660,10655500
23/03/2015,7665,7760,7665,7725,4662500
24/03/2015,7730,7800,7725,7780,10474000
25/03/2015,7750,7780,7740,7765,10222500
26/03/2015,7750,7815,7700,7700,7382500
27/03/2015,7740,7880,7740,7820,8610000
30/03/2015,7880,7980,7880,7930,7540000
31/03/2015,8100,8100,7930,7930,18220500
01/04/2015,7840,7920,7795,7805,8069500
02/04/2015,7910,7910,7795,7810,7393000
06/04/2015,7815,7915,7815,7860,1876000
07/04/2015,7860,7980,7860,7960,7161000
08/04/2015,7965,7975,7735,7740,14001500
09/04/2015,7750,7870,7750,7870,7920000
10/04/2015,7900,7900,7860,7880,5671000
13/04/2015,7955,7955,7800,7955,6549500
14/04/2015,7955,7955,7700,7750,11763500
15/04/2015,7840,7840,7660,7725,8007500
16/04/2015,7725,7785,7535,7620,15871000
17/04/2015,7650,7730,7625,7625,5969000
20/04/2015,7680,7725,7655,7680,6129500
21/04/2015,7740,8000,7735,8000,12077000
22/04/2015,8000,8215,7840,8070,17378000
23/04/2015,8105,8500,8090,8350,14634000
24/04/2015,8600,8685,8500,8600,10015000
27/04/2015,8060,8600,8060,8415,10850000
28/04/2015,8415,8900,8245,8900,10102000
29/04/2015,8900,8900,7920,8450,24537000
30/04/2015,8300,8820,8100,8520,21140500
04/05/2015,8520,8820,8520,8600,6918500
05/05/2015,8620,8860,8620,8835,10615000
06/05/2015,8660,9200,8660,9035,13108000
07/05/2015,9035,9100,8680,8680,8848000
08/05/2015,8900,8960,8800,8800,8868500
11/05/2015,8820,8890,8715,8730,2693000
12/05/2015,8780,8780,8500,8500,8701000
13/05/2015,8700,8700,8460,8460,7739000
15/05/2015,8430,8750,8430,8700,7701500
18/05/2015,8710,8775,8630,8770,3913000
19/05/2015,8760,8790,8630,8770,8995000
20/05/2015,8770,8770,8670,8670,5985500
21/05/2015,8685,8755,8545,8570,6452500
22/05/2015,8700,8780,8600,8755,9487500
25/05/2015,8755,8910,8755,8880,6949000
26/05/2015,8850,9200,8825,9145,14613500
27/05/2015,9145,9155,8870,8900,7873500
28/05/2015,8990,9025,8915,8990,20237000
29/05/2015,8950,9080,8660,8660,20783000
01/06/2015,8700,8740,8600,8640,5113500
03/06/2015,8660,8735,8500,8720,9397500
04/06/2015,8630,8715,8530,8530,12987500
05/06/2015,8500,8520,8400,8430,8897000
08/06/2015,8420,8430,8180,8310,12999000
09/06/2015,8310,8310,7900,7940,16853500
10/06/2015,7940,8315,7940,8270,10440000
11/06/2015,8300,8390,8080,8130,11600000
12/06/2015,8160,8340,8160,8245,3736000
15/06/2015,8180,8230,8060,8060,6086500
16/06/2015,8000,8145,8000,8000,5281000
17/06/2015,8080,8235,8080,8185,6588500
18/06/2015,8185,8315,8185,8300,7345000
19/06/2015,8300,8400,8290,8290,8467500
22/06/2015,8340,8340,8205,8310,4279000
23/06/2015,8310,8425,8100,8100,6304000
24/06/2015,8255,8280,8240,8280,7533000
25/06/2015,8280,8295,8155,8155,7230000
26/06/2015,8160,8220,7860,8000,15006500
29/06/2015,8000,8000,7860,7925,9733000
30/06/2015,7925,8195,7900,7900,13723000
01/07/2015,7980,8090,7960,8000,5175500
02/07/2015,8010,8195,8010,8065,7185000
03/07/2015,8065,8275,8060,8275,4066500
06/07/2015,8170,8260,8100,8100,3331500
07/07/2015,8120,8155,7970,8050,8578000
08/07/2015,8240,8240,8020,8140,8112500
09/07/2015,8065,8085,7975,8020,9827000
10/07/2015,8100,8100,8025,8040,6129000
13/07/2015,8000,8200,8000,8070,5020000
14/07/2015,8090,8130,7985,8000,6465500
15/07/2015,8020,8075,8000,8045,7394500
22/07/2015,8060,8075,7980,8005,10700500
23/07/2015,8020,8030,7995,8030,13404500
24/07/2015,8030,8075,7975,7995,7339000
27/07/2015,7970,8000,7930,7950,8667500
28/07/2015,7960,8020,7900,8000,6133000
29/07/2015,8000,8005,7910,7940,6511500
30/07/2015,7940,7940,7620,7700,12821000
31/07/2015,7740,8010,7710,8000,10417000
03/08/2015,7850,7850,7745,7775,11023500
04/08/2015,7750,7770,7700,7720,7661500
05/08/2015,7720,7840,7710,7840,7130500
06/08/2015,7840,7865,7690,7690,8788000
07/08/2015,7745,7785,7650,7740,4310000
10/08/2015,7740,7740,7555,7690,4051000
11/08/2015,7700,7720,7405,7450,8320000
12/08/2015,7400,7400,7105,7150,10857000
13/08/2015,7230,7740,7200,7420,8958000
14/08/2015,7430,7485,7340,7360,5536500
18/08/2015,7340,7360,7160,7325,9731000
19/08/2015,7240,7320,7165,7185,5452000
20/08/2015,7190,7200,7120,7155,10842500
21/08/2015,7130,7385,7060,7120,8404000
24/08/2015,7000,7000,6600,6800,18657500
25/08/2015,6800,7480,6725,7420,11792500
26/08/2015,7250,7400,7150,7250,12651500
27/08/2015,7320,7860,7320,7750,13218000
28/08/2015,7800,7940,7600,7600,7212500
31/08/2015,7800,8080,7750,7945,14733000
01/09/2015,7895,7895,7675,7785,6230500
02/09/2015,7550,7775,7550,7700,9391500
03/09/2015,7750,7800,7635,7695,4799000
04/09/2015,7695,7795,7695,7790,6038500
07/09/2015,7760,7820,7500,7630,4905000
08/09/2015,7675,7680,7480,7550,7093000
09/09/2015,7600,7665,7530,7600,5184000
10/09/2015,7590,7660,7500,7550,4136500
11/09/2015,7660,7790,7600,7750,6708000
14/09/2015,7780,8050,7780,8050,6971500
15/09/2015,8050,8050,7685,7800,13742000
16/09/2015,7815,7835,7685,7685,7471000
17/09/2015,7795,7885,7790,7820,6924000
18/09/2015,7830,7910,7660,7820,10875500
21/09/2015,7740,7800,7710,7800,2567000
22/09/2015,7750,7800,7595,7610,7980000
23/09/2015,7560,7560,7390,7390,6243000
25/09/2015,7370,7390,7145,7250,8173500
28/09/2015,7250,7300,7105,7220,4024500
29/09/2015,7150,7630,7070,7600,10462500
30/09/2015,7600,7690,7500,7600,12639000
01/10/2015,7600,7840,7600,7760,6747000
02/10/2015,7760,7780,7560,7560,6116500
05/10/2015,7660,7875,7660,7800,7939500
06/10/2015,7900,7910,7695,7890,6803500
07/10/2015,7890,7930,7705,7800,11967000
08/10/2015,7800,7925,7800,7900,4815000
09/10/2015,7990,8000,7720,7810,7929000
12/10/2015,7810,7900,7810,7880,7971000
13/10/2015,7810,7845,7700,7720,8966500
15/10/2015,7705,7865,7600,7600,6535000
16/10/2015,7660,7700,7425,7515,12202000
19/10/2015,7540,7700,7540,7665,6589000
20/10/2015,7670,7780,7665,7745,9242500
21/10/2015,7740,7785,7670,7740,3650500
22/10/2015,7720,7740,7600,7650,4874000
23/10/2015,7840,7840,7680,7685,7230500
26/10/2015,7685,7785,7685,7730,6848000
27/10/2015,7730,7760,7655,7730,8163500
28/10/2015,7700,7720,7640,7640,6147000
29/10/2015,7670,7670,7430,7440,11532000
30/10/2015,7450,7500,7400,7400,12279500
02/11/2015,7400,7430,7300,7380,6002000
03/11/2015,7440,7460,7360,7360,5842500
04/11/2015,7420,7440,7365,7405,6703500
05/11/2015,7405,7420,7335,7355,5327000
06/11/2015,7340,7430,7340,7400,3842000
09/11/2015,7390,7390,7310,7340,4399000
10/11/2015,7305,7340,7080,7080,9504000
11/11/2015,7100,7210,7020,7035,12040000
12/11/2015,7040,7140,6920,6920,4788500
13/11/2015,6920,7340,6900,7260,9846500
16/11/2015,7200,7360,7090,7260,6182500
17/11/2015,7320,7370,7275,7275,3366000
18/11/2015,7255,7320,7220,7305,2994000
19/11/2015,7320,7405,7320,7340,6372500
20/11/2015,7340,7450,7330,7450,4765000
23/11/2015,7450,7540,7430,7510,4032000
24/11/2015,7510,7520,7330,7385,4385500
25/11/2015,7385,7565,7385,7560,8940500
26/11/2015,7560,7640,7405,7410,6354500
27/11/2015,7410,7700,7330,7700,4503500
30/11/2015,7570,7600,7350,7350,25712500
01/12/2015,7530,7565,7360,7480,9417000
02/12/2015,7400,7515,7325,7355,7531000
03/12/2015,7300,7380,7300,7350,4392500
04/12/2015,7310,7375,7205,7235,8980500
07/12/2015,7210,7335,7120,7150,9785500
08/12/2015,7070,7085,7005,7020,13682500
09/12/2015,7020,7020,7020,7020,0
10/12/2015,7020,7090,7020,7075,8466000
11/12/2015,7075,7080,6900,6935,9778500
14/12/2015,7160,7160,6830,7030,7169000
15/12/2015,7000,7030,6905,7025,9393000
16/12/2015,7125,7135,7025,7070,7130000
17/12/2015,7200,7400,7100,7400,16469500
18/12/2015,7220,7300,7160,7175,10336000
21/12/2015,7175,7180,7070,7120,5917000
22/12/2015,7100,7395,7100,7395,7872000
23/12/2015,7395,7395,7250,7330,6015500
28/12/2015,7330,7415,7275,7405,8880500
29/12/2015,7440,7450,7400,7450,5423000
30/12/2015,7460,7525,7400,7400,12158500
04/01/2016,7400,7410,7200,7200,5584000
05/01/2016,7200,7395,7090,7135,18582000
06/01/2016,7160,7500,7160,7485,13093500
07/01/2016,7385,7385,7200,7200,11182000
08/01/2016,7200,7270,7150,7235,16303000
11/01/2016,7180,7185,7060,7065,9703000
12/01/2016,7080,7250,7080,7220,5958000
13/01/2016,7230,7295,7190,7220,8608000
14/01/2016,7175,7250,7115,7145,11370000
15/01/2016,7155,7240,7155,7200,5875000
18/01/2016,7100,7220,7100,7130,4783000
19/01/2016,7195,7240,7120,7180,3414000
20/01/2016,7140,7250,7120,7120,12589000
21/01/2016,7175,7240,7120,7160,7793500
22/01/2016,7240,7240,7075,7120,17357000
25/01/2016,7190,7240,7125,7125,8456500
26/01/2016,7160,7230,7120,7195,8518500
27/01/2016,7200,7460,7165,7460,13098500
28/01/2016,7460,7465,7305,7450,7067000
29/01/2016,7430,7430,7220,7340,24627500
01/02/2016,7340,7360,7210,7360,10094000
02/02/2016,7340,7540,7305,7495,15946000
03/02/2016,7460,7800,7400,7725,26512500
04/02/2016,7725,7990,7725,7990,18968000
05/02/2016,7990,8320,7980,8120,20326000
09/02/2016,8120,8200,7925,8170,4271000
10/02/2016,8200,8215,8095,8170,6548500
11/02/2016,8180,8310,8100,8310,11071500
12/02/2016,8100,8320,8100,8220,7966000
15/02/2016,8335,8335,8295,8315,5221500
16/02/2016,8300,8305,8110,8200,6639000
17/02/2016,8200,8315,8200,8270,8272500
18/02/2016,8320,8375,8150,8335,12224000
19/02/2016,8335,8555,8305,8550,20412500
22/02/2016,8550,8760,8450,8675,8467500
23/02/2016,8750,8820,8170,8490,15180000
24/02/2016,8480,8480,8240,8400,7837000
25/02/2016,8490,8640,8450,8545,6880500
26/02/2016,8780,8780,8540,8780,6003000
29/02/2016,8790,9235,8700,8905,21370000
01/03/2016,8905,9160,8905,9080,6339000
02/03/2016,9000,9560,9000,9560,16081000
03/03/2016,9560,9560,9200,9285,14162000
04/03/2016,9380,9500,8805,9040,15890500
07/03/2016,9150,9170,8820,8830,8694500
08/03/2016,8830,8890,8500,8700,19578000
10/03/2016,8675,8700,8395,8550,21720500
11/03/2016,8550,8550,8550,8550,0
14/03/2016,8550,8550,8550,8550,0
15/03/2016,8850,8890,8765,8810,12480500
16/03/2016,8700,8820,8700,8810,6764000
17/03/2016,8830,8850,8650,8775,10055000
18/03/2016,8700,8890,8700,8890,18301500
21/03/2016,8800,8950,8735,8800,10286000
22/03/2016,8720,8795,8615,8705,9172500
23/03/2016,8660,8665,8500,8600,15348500
24/03/2016,8500,8565,8480,8505,7908000
28/03/2016,8505,8505,8400,8400,7204500
29/03/2016,8405,8595,8405,8595,15946000
30/03/2016,8590,8645,8500,8595,15615000
31/03/2016,8670,8670,8515,8585,16015500
01/04/2016,8600,8640,8545,8635,6199000
04/04/2016,8670,8760,8640,8700,7673000
05/04/2016,8705,8745,8665,8665,4183000
06/04/2016,8605,8700,8600,8700,4960000
07/04/2016,8760,8760,8610,8630,9657500
08/04/2016,8540,8675,8510,8600,7306000
11/04/2016,8600,8600,8600,8600,0
12/04/2016,8495,8800,8440,8790,7529500
13/04/2016,8790,8790,8790,8790,0
14/04/2016,8790,8790,8790,8790,0
15/04/2016,8790,8790,8790,8790,0
18/04/2016,8790,8790,8790,8790,0
19/04/2016,8790,8790,8790,8790,0
20/04/2016,9095,9200,8950,9060,17595000
21/04/2016,9060,9425,9025,9300,18637500
22/04/2016,9300,9460,9105,9400,12065000
25/04/2016,9290,9290,8860,8955,16051000
26/04/2016,8955,8955,8730,8780,9673000
27/04/2016,8760,8830,8660,8830,8742500
28/04/2016,8830,8835,8565,8695,10670000
29/04/2016,8695,8695,8515,8515,8288000
02/05/2016,8520,8650,8470,8650,2878000
03/05/2016,8695,8755,8680,8755,6400000
04/05/2016,8760,9030,8670,9030,11939500
09/05/2016,8850,8995,8715,8900,7842500
10/05/2016,8890,8900,8665,8785,6520000
11/05/2016,8860,8995,8715,8860,2578000
12/05/2016,8860,8960,8820,8860,2241500
13/05/2016,8860,8910,8730,8880,5961500
16/05/2016,8840,8840,8600,8610,7075000
17/05/2016,8610,8695,8600,8615,5828500
18/05/2016,8615,8720,8540,8590,9183000
19/05/2016,8680,8680,8560,8560,6048000
20/05/2016,8560,8560,8505,8510,5186000
23/05/2016,8540,8615,8540,8595,4199500
24/05/2016,8600,8610,8500,8500,3680000
25/05/2016,8540,8800,8540,8740,6828000
26/05/2016,8700,8735,8605,8735,4131000
27/05/2016,8730,8800,8620,8800,5067000
30/05/2016,8720,8780,8720,8745,2926000
31/05/2016,8620,8650,8600,8620,19073500
01/06/2016,8620,8710,8620,8710,6947000
02/06/2016,8625,8715,8620,8650,4712000
03/06/2016,8650,8690,8610,8630,6151500
06/06/2016,8660,8705,8610,8640,8626000
07/06/2016,8635,8730,8630,8730,7981500
08/06/2016,8680,8760,8650,8760,8040000
09/06/2016,8705,8720,8635,8650,7892500
10/06/2016,8640,8650,8595,8600,5936000
13/06/2016,8560,8650,8560,8600,2644000
14/06/2016,8565,8700,8565,8700,4891000
15/06/2016,8675,8760,8635,8760,2966000
16/06/2016,8700,8760,8685,8715,5564500
17/06/2016,8705,8720,8635,8715,7614000
20/06/2016,8760,8760,8630,8720,4639000
21/06/2016,8720,8790,8700,8760,10688500
22/06/2016,8640,8715,8640,8680,6144000
23/06/2016,8680,8690,8585,8680,7215000
24/06/2016,8625,8700,8590,8700,7408000
27/06/2016,8700,8700,8585,8615,8444500
28/06/2016,8605,8735,8600,8720,11255000
29/06/2016,8710,9000,8700,9000,13183000
30/06/2016,9000,9120,8900,9015,15220500
01/07/2016,9020,9050,8760,8760,12282000
11/07/2016,8760,9000,8760,9000,16141000
12/07/2016,9080,9100,8775,8865,13055000
13/07/2016,8990,8990,8805,8990,8250000
14/07/2016,8980,8980,8835,8860,10689500
15/07/2016,8860,8995,8750,8900,11836500
18/07/2016,8895,8895,8740,8780,13814000
19/07/2016,8760,8860,8760,8830,10299500
20/07/2016,8830,8895,8780,8895,7664500
21/07/2016,8860,8930,8800,8880,13941500
22/07/2016,8840,8855,8725,8805,7795500
25/07/2016,8815,8940,8815,8940,7774500
26/07/2016,8930,9015,8900,8990,5872500
27/07/2016,9075,9400,9060,9320,17834000
28/07/2016,9320,9560,9205,9560,9102000
29/07/2016,9405,9550,9010,9010,13583500
01/08/2016,9190,9240,8960,9020,17706500
02/08/2016,9040,9195,9040,9080,8308500
03/08/2016,9170,9185,9050,9090,11236000
04/08/2016,9170,9190,9060,9170,7722500
05/08/2016,9170,9185,9065,9120,6957500
08/08/2016,9080,9170,8920,9000,13454500
09/08/2016,9045,9160,9030,9120,11927000
10/08/2016,9155,9155,9000,9115,9266000
11/08/2016,9110,9390,9035,9190,12626000
12/08/2016,9180,9250,9075,9075,8981000
15/08/2016,9080,9120,8930,8950,7805500
16/08/2016,9000,9075,8970,9070,6973000
18/08/2016,9065,9140,9015,9115,10972500
19/08/2016,9060,9135,9025,9055,7005000
22/08/2016,9020,9115,9005,9065,6477000
23/08/2016,9105,9105,9010,9100,9370500
24/08/2016,9100,9100,8995,9020,8098500
25/08/2016,9010,9180,9010,9180,14963500
26/08/2016,9180,9280,9165,9280,8949000
29/08/2016,9200,9215,9045,9090,9842000
30/08/2016,9090,9105,8990,9020,9209000
31/08/2016,9080,9130,9020,9130,14049500
01/09/2016,9020,9070,9020,9050,6490000
02/09/2016,9065,9130,9050,9130,5070000
05/09/2016,9130,9140,8965,9015,4300500
06/09/2016,9040,9095,8985,9060,6816500
07/09/2016,9080,9200,9025,9170,9569500
08/09/2016,9180,9200,9090,9150,7475500
09/09/2016,9080,9080,8920,8945,7666500
13/09/2016,9000,9005,8900,8950,6112500
14/09/2016,8900,8900,8800,8830,9137000
15/09/2016,8840,8980,8805,8885,12923500
16/09/2016,8990,8995,8820,8860,17367000
19/09/2016,8860,8950,8855,8870,5261000
20/09/2016,8900,8935,8875,8900,10874000
21/09/2016,8870,8995,8870,8995,7158000
22/09/2016,9060,9060,8860,8960,8543500
23/09/2016,9110,9110,8805,9110,13743000
26/09/2016,9020,9025,8900,8970,8890000
27/09/2016,8985,9085,8820,9085,9685500
28/09/2016,9085,9170,9025,9090,8513500
29/09/2016,9200,9200,9030,9140,6547500
30/09/2016,9000,9090,8880,8910,16182000
03/10/2016,8910,9040,8910,9040,7613500
04/10/2016,9040,9065,8940,9010,8721500
05/10/2016,9000,9000,8905,8965,6811500
06/10/2016,8995,9040,8910,9035,4423000
07/10/2016,8905,9015,8890,8900,7042500
10/10/2016,8890,8950,8840,8920,3833500
11/10/2016,8865,9050,8860,9050,9922000
12/10/2016,9050,9050,8905,9000,8362000
13/10/2016,8905,8960,8875,8900,11205000
14/10/2016,8900,9010,8875,9000,8837500
17/10/2016,8900,8945,8870,8945,8730500
18/10/2016,8920,8950,8880,8895,5930500
19/10/2016,8880,8890,8840,8865,9793500
20/10/2016,8840,8885,8820,8860,7724000
21/10/2016,8840,8885,8825,8830,9579500
24/10/2016,8855,8920,8845,8880,6481500
25/10/2016,8880,8920,8880,8885,3372000
26/10/2016,8830,8905,8830,8900,29380500
27/10/2016,8890,8890,8850,8885,9740500
28/10/2016,8870,8935,8870,8905,3799500
31/10/2016,8920,8920,8845,8895,16500000
01/11/2016,8910,8910,8870,8890,7860500
02/11/2016,8885,8895,8850,8885,4580000
03/11/2016,8860,8900,8835,8835,10304500
04/11/2016,8820,8830,8770,8795,8900500
07/11/2016,8855,8855,8760,8800,7680000
08/11/2016,8820,8900,8805,8875,4887500
09/11/2016,8900,8900,8815,8875,4272500
10/11/2016,8895,8900,8740,8740,6658000
11/11/2016,8740,8740,8200,8200,25943500
14/11/2016,8220,8260,7955,8200,20385000
15/11/2016,8200,8220,8140,8195,24557000
16/11/2016,8300,8370,8220,8220,10789000
17/11/2016,8270,8280,8000,8100,12753500
18/11/2016,8040,8050,7920,8050,9546500
21/11/2016,8005,8030,7960,8000,8153000
22/11/2016,8020,8050,7960,7960,8661500
23/11/2016,7960,8120,7955,8090,13188500
24/11/2016,8090,8090,8000,8020,5289500
25/11/2016,8020,8045,7995,8040,3128000
28/11/2016,8000,8030,7960,8020,6196000
29/11/2016,7990,8190,7985,8125,5960500
30/11/2016,8125,8200,8105,8105,16699000
01/12/2016,8180,8420,8125,8385,8930500
02/12/2016,8400,8480,8270,8480,6132500
05/12/2016,8480,8485,8365,8445,10806000
06/12/2016,8400,8430,8310,8360,10034000
07/12/2016,8390,8395,8250,8265,11687000
08/12/2016,8250,8330,8250,8290,9661500
09/12/2016,8250,8290,8215,8290,7430000
13/12/2016,8290,8290,8100,8145,12197500
14/12/2016,8200,8200,8000,8010,12759000
15/12/2016,8010,8090,7990,8030,11335000
16/12/2016,8140,8140,7995,7995,19354500
19/12/2016,7995,8000,7950,7970,15589000
20/12/2016,7965,7985,7925,7930,15179000
21/12/2016,7920,8015,7700,7700,12917500
22/12/2016,7700,7700,7590,7595,11090500
23/12/2016,7570,7610,7565,7575,11779000
27/12/2016,7575,7725,7575,7640,8392000
28/12/2016,7740,7955,7740,7860,9242500
29/12/2016,7880,8040,7880,8000,19092500
30/12/2016,8000,8080,7740,7760,11107000
02/01/2017,7760,7760,7760,7760,0
03/01/2017,7800,7840,7760,7765,5014500
04/01/2017,7770,8070,7770,8040,10642000
05/01/2017,8100,8110,8005,8110,10493500
06/01/2017,8060,8190,7965,8120,5400500
09/01/2017,8120,8150,8010,8030,14270500
10/01/2017,8130,8130,7940,8020,9536000
11/01/2017,8100,8100,7945,7995,10807500
12/01/2017,7995,8010,7970,7990,18933500
13/01/2017,8030,8040,7920,7920,16274500
16/01/2017,7920,7970,7900,7925,14102500
17/01/2017,7900,7970,7880,7925,5194000
18/01/2017,7970,8180,7890,8180,8547000
19/01/2017,8180,8180,8060,8080,11411000
20/01/2017,8040,8100,7960,8100,4806500
23/01/2017,8010,8240,7915,8240,4978500
24/01/2017,8235,8400,8090,8400,7744000
25/01/2017,8400,8400,8320,8380,4441000
26/01/2017,8380,8400,8205,8360,4564500
27/01/2017,8300,8375,8200,8340,6680500
30/01/2017,8260,8350,8210,8265,3937500
31/01/2017,8240,8320,8220,8240,5297500
01/02/2017,8345,8345,8220,8255,5480000
02/02/2017,8255,8310,8225,8310,8396000
03/02/2017,8250,8400,8250,8400,7854500
06/02/2017,8270,8370,8255,8340,10406000
07/02/2017,8280,8345,8280,8345,7658500
08/02/2017,8340,8355,8295,8345,13802000
09/02/2017,8340,8420,8310,8365,10496000
10/02/2017,8385,8580,8375,8520,11434500
13/02/2017,8535,8575,8470,8485,7033000
14/02/2017,8480,8550,8440,8485,6386500
15/02/2017,8485,8485,8485,8485,0
16/02/2017,8560,8560,8500,8520,5261500
17/02/2017,8545,8550,8500,8520,5510000
20/02/2017,8570,8580,8410,8420,2679000
21/02/2017,8470,8555,8455,8550,3526500
22/02/2017,8580,8580,8450,8575,3714000
23/02/2017,8540,8540,8435,8450,3569000
24/02/2017,8420,8510,8415,8450,3763500
27/02/2017,8460,8565,8425,8450,4240500
28/02/2017,8520,8520,8425,8435,8622500
01/03/2017,8420,8470,8380,8435,7570000
02/03/2017,8495,8505,8420,8420,5019500
03/03/2017,8420,8430,8365,8395,6217500
06/03/2017,8395,8480,8395,8475,4533500
07/03/2017,8475,8500,8425,8495,3158000
08/03/2017,8470,8495,8460,8485,5689000
09/03/2017,8485,8485,8400,8485,3264000
10/03/2017,8500,8500,8370,8460,4783500
13/03/2017,8410,8480,8410,8480,2544000
14/03/2017,8480,8510,8440,8440,2946000
15/03/2017,8445,8480,8375,8435,4130000
16/03/2017,8445,8720,8435,8720,7009000
17/03/2017,8720,8840,8600,8800,25389000
20/03/2017,8780,8800,8680,8785,7018000
21/03/2017,8785,8795,8695,8785,11059000
22/03/2017,8685,8685,8505,8570,17937000
23/03/2017,8570,8640,8500,8500,6258500
24/03/2017,8440,8630,8440,8630,5829000
27/03/2017,8670,8700,8620,8670,4163500
29/03/2017,8670,8800,8670,8730,10144500
30/03/2017,8740,8760,8550,8740,5878000
31/03/2017,8680,8700,8595,8665,11354500
03/04/2017,8680,8795,8680,8775,14857500
04/04/2017,8775,8855,8685,8855,8027000
05/04/2017,8855,8855,8855,8855,0
06/04/2017,9000,9000,8915,9000,6647500
07/04/2017,9000,9080,8980,9020,10242500
10/04/2017,9040,9065,8980,9060,3269000
11/04/2017,9080,9100,8980,8980,5696000
12/04/2017,9000,9095,9000,9095,3203000
13/04/2017,9100,9100,9005,9065,3820000
17/04/2017,9065,9100,9035,9060,5929500
18/04/2017,9060,9070,9030,9060,8118000
19/04/2017,9060,9060,9060,9060,0
20/04/2017,9085,9085,9030,9060,4249000
21/04/2017,9060,9120,8900,9105,6051000
25/04/2017,9090,9090,9020,9060,6080000
26/04/2017,8960,9160,8935,9160,10011500
27/04/2017,9155,9160,9045,9150,9834000
28/04/2017,9080,9080,8865,8900,9480500
02/05/2017,8970,9080,8960,9060,11603500
03/05/2017,9060,9085,9020,9020,3844500
04/05/2017,9035,9100,9000,9085,12887500
05/05/2017,9110,9170,9075,9095,18200500
08/05/2017,9150,9260,9105,9200,14577000
09/05/2017,9200,9285,9200,9240,13155000
10/05/2017,9240,9290,9220,9270,14584000
12/05/2017,9295,9405,9270,9360,16485000
15/05/2017,9370,9600,9370,9600,15043000
16/05/2017,9600,9715,9475,9560,7529000
17/05/2017,9600,9620,9525,9550,12379000
18/05/2017,9550,9550,9360,9515,11714000
19/05/2017,9465,10005,9370,9750,11993000
22/05/2017,9900,9900,9455,9490,16544000
23/05/2017,9540,9730,9430,9730,11528500
24/05/2017,9510,9585,9450,9545,11251500
26/05/2017,9500,9605,9440,9540,8029000
29/05/2017,9560,9580,9445,9465,4053500
30/05/2017,9440,9490,9200,9200,10209000
31/05/2017,9280,9405,9215,9235,24250000
01/06/2017,9235,9235,9235,9235,0
02/06/2017,9250,9405,9250,9380,6941000
05/06/2017,9350,9440,9315,9435,3277000
06/06/2017,9430,9450,9360,9365,3346000
07/06/2017,9380,9470,9380,9440,4699500
08/06/2017,9440,9550,9435,9510,4918500
09/06/2017,9460,9620,9420,9510,5631000
12/06/2017,9540,9620,9440,9440,5031000
13/06/2017,9540,9595,9460,9580,3052000
14/06/2017,9580,9700,9570,9700,9012500
15/06/2017,9700,9795,9670,9770,4430000
16/06/2017,9720,9770,9465,9560,17764500
19/06/2017,9530,9580,9440,9520,5516000
20/06/2017,9555,9685,9500,9650,5140500
21/06/2017,9650,9800,9605,9800,8036500
22/06/2017,9840,9900,9760,9760,8018000
23/06/2017,9760,9760,9760,9760,0
26/06/2017,9760,9760,9760,9760,0
27/06/2017,9760,9760,9760,9760,0
28/06/2017,9760,9760,9760,9760,0
29/06/2017,9760,9760,9760,9760,0
30/06/2017,9760,9760,9760,9760,0
03/07/2017,9900,9905,9730,9890,14225000
04/07/2017,9770,9820,9745,9750,5706500
05/07/2017,9805,9860,9620,9700,9309500
06/07/2017,9625,9790,9610,9780,4656500
07/07/2017,9700,9755,9560,9620,4487500
10/07/2017,9620,9630,9305,9345,8638500
11/07/2017,9455,9500,9325,9500,5419500
12/07/2017,9500,9700,9450,9660,6120500
13/07/2017,9700,9720,9630,9700,10013000
14/07/2017,9630,9720,9535,9720,3841000
17/07/2017,9715,9715,9585,9665,5036500
18/07/2017,9600,9600,9485,9530,7084500
19/07/2017,9530,9530,9435,9500,9267000
20/07/2017,9490,9660,9460,9655,6951500
21/07/2017,9655,9655,9525,9545,3462500
24/07/2017,9580,9720,9560,9670,10861500
25/07/2017,9670,9680,9600,9610,9731500
26/07/2017,9660,9680,9550,9550,8408500
27/07/2017,9600,9600,9465,9560,10461000
28/07/2017,9560,9720,9475,9675,7681500
31/07/2017,9620,9910,9540,9790,17823000
01/08/2017,9820,9820,9680,9695,6125000
02/08/2017,9695,9705,9650,9695,6305500
03/08/2017,9650,9660,9535,9540,13967500
04/08/2017,9525,9550,9505,9515,10639000
07/08/2017,9500,9530,9385,9415,11487500
08/08/2017,9445,9505,9440,9485,7408000
09/08/2017,9505,9620,9505,9620,10842000
10/08/2017,9560,9605,9475,9605,4518000
11/08/2017,9580,9580,9460,9500,7609000
14/08/2017,9550,9700,9535,9650,4960500
15/08/2017,9645,9800,9580,9660,6857500
16/08/2017,9760,9880,9640,9870,10184500
17/08/2017,9870,9870,9870,9870,0
18/08/2017,9840,9900,9830,9895,7911000
21/08/2017,9895,9900,9615,9665,4622500
22/08/2017,9680,9860,9680,9855,8817500
23/08/2017,9870,10000,9825,9985,6244000
24/08/2017,9970,9985,9690,9900,8362000
25/08/2017,9940,10095,9810,9990,11047500
28/08/2017,9985,9985,9950,9960,3337500
29/08/2017,9985,10110,9955,10100,15226000
30/08/2017,10150,10200,10100,10100,12592500
31/08/2017,10200,10200,10045,10110,8868000
01/09/2017,10110,10110,10110,10110,0
04/09/2017,10110,10240,10110,10195,7962000
05/09/2017,10170,10205,10080,10200,4802000
06/09/2017,10100,10145,10080,10120,7837000
07/09/2017,10120,10160,10090,10120,5440500
08/09/2017,10120,10180,10100,10160,5309000
11/09/2017,10120,10200,10105,10105,4821000
12/09/2017,10120,10215,10115,10120,6335500
13/09/2017,10120,10280,10120,10240,5244500
14/09/2017,10200,10350,10175,10220,7497000
15/09/2017,10270,10300,10080,10185,13225500
18/09/2017,10185,10235,10015,10200,5104500
19/09/2017,10285,10285,10120,10200,9661000
20/09/2017,10200,10230,10105,10200,8159000
21/09/2017,10200,10200,10200,10200,0
22/09/2017,10200,10205,9975,10000,13066500
25/09/2017,10000,10005,9795,9940,9983000
26/09/2017,9940,9955,9830,9870,8519000
27/09/2017,9965,10030,9910,10000,10578500
28/09/2017,10025,10090,9815,9840,12687500
29/09/2017,9920,10070,9795,9795,9658000
02/10/2017,9840,10030,9840,10030,6749500
03/10/2017,10035,10235,10005,10165,11272000
04/10/2017,10200,10230,10165,10180,10373000
05/10/2017,10180,10180,10005,10020,8606000
06/10/2017,10100,10100,9980,9995,6094000
09/10/2017,10000,10055,9900,9960,5257500
10/10/2017,10000,10020,9840,9865,8980500
11/10/2017,9860,9860,9725,9775,13506000
12/10/2017,9775,9900,9775,9800,11075500
13/10/2017,9805,9890,9720,9850,7564000
16/10/2017,9840,9840,9710,9840,14947500
17/10/2017,9840,10000,9840,10000,9172000
18/10/2017,10010,10040,9920,9995,8779500
19/10/2017,10000,10000,9935,9935,8349000
20/10/2017,9935,10000,9880,9910,5250500
23/10/2017,9910,9950,9820,9830,5488000
24/10/2017,9900,9960,9810,9830,6441000
25/10/2017,9840,9900,9815,9900,11117500
26/10/2017,9905,9905,9815,9905,13064000
27/10/2017,9820,9905,9810,9830,9376500
30/10/2017,9830,9920,9780,9830,6617500
31/10/2017,9990,9990,9850,9920,11025500
01/11/2017,9850,9955,9850,9920,4798500
02/11/2017,9955,9955,9810,9815,15044500
03/11/2017,9830,9980,9815,9975,5694000
06/11/2017,9840,9960,9810,9835,11908000
07/11/2017,9900,9900,9840,9870,6445500
08/11/2017,9860,9900,9860,9890,3795500
09/11/2017,9900,9900,9860,9860,6427500
10/11/2017,9850,9930,9830,9835,7882000
13/11/2017,9830,9945,9830,9845,7800000
14/11/2017,9830,9850,9795,9795,10573000
15/11/2017,9795,9845,9790,9795,11142000
16/11/2017,9785,9960,9785,9850,8375500
17/11/2017,9830,10000,9830,9930,11551500
20/11/2017,9895,9980,9885,9885,9124500
21/11/2017,9885,9965,9800,9880,10193000
22/11/2017,9880,9940,9840,9890,9824500
23/11/2017,9920,9940,9845,9870,4044500
24/11/2017,9935,9960,9830,9960,9735500
27/11/2017,9960,10080,9860,10080,9359500
28/11/2017,10050,10200,9985,10200,12345500
29/11/2017,10100,10200,10015,10045,15500500
30/11/2017,10000,10000,9860,9860,34073000
01/12/2017,9860,9860,9860,9860,0
04/12/2017,9860,9980,9815,9860,12580000
05/12/2017,9900,10120,9900,9930,9735500
06/12/2017,9895,10010,9895,9930,9752000
07/12/2017,9900,10065,9900,10060,5973500
08/12/2017,10060,10180,10045,10180,4845000
11/12/2017,10190,10500,10140,10200,8978500
12/12/2017,10200,10300,10190,10220,4723500
13/12/2017,10220,10245,10100,10200,4754000
14/12/2017,10200,10280,10125,10200,12766500
15/12/2017,10140,10425,10135,10425,21064000
18/12/2017,10430,10595,10265,10595,7777500
19/12/2017,10420,10820,10410,10820,14134000
20/12/2017,10820,10820,10580,10600,24206500
21/12/2017,10600,10795,10540,10710,14735000
22/12/2017,10700,10835,10660,10825,9648500
25/12/2017,10825,10825,10825,10825,0
26/12/2017,10825,10825,10825,10825,0
27/12/2017,10760,10840,10760,10825,15840500
28/12/2017,10830,10880,10610,10880,14564500
29/12/2017,10880,11195,10875,11180,12763000
01/01/2018,11180,11180,11180,11180,0
02/01/2018,11235,11620,11000,11175,12108500
03/01/2018,11175,11180,10640,10800,13805500
04/01/2018,10680,10800,10655,10680,9651500
05/01/2018,10680,10800,10635,10800,8882500
08/01/2018,10800,10940,10800,10880,6800000
09/01/2018,10885,10905,10700,10700,15647500
10/01/2018,10700,10885,10700,10840,7498000
11/01/2018,10840,10875,10765,10875,7824500
12/01/2018,10875,10915,10740,10850,5859500
15/01/2018,10850,10920,10850,10920,5317000
16/01/2018,10920,11000,10920,11000,6961500
17/01/2018,10960,10960,10860,10870,23525500
18/01/2018,10870,10970,10865,10870,9439000
19/01/2018,10870,11000,10860,10890,14025000
22/01/2018,10890,10900,10875,10880,11736000
23/01/2018,10900,11100,10860,11100,9284000
24/01/2018,11100,11135,10980,11120,8882500
25/01/2018,11140,11155,11005,11005,6900000
26/01/2018,11025,11110,10900,10910,7240500
29/01/2018,11000,11080,10920,11080,9640000
30/01/2018,11080,11090,10950,10975,13392000
31/01/2018,10975,11140,10500,10880,14159000
01/02/2018,10900,11070,10880,10880,8391500
02/02/2018,11070,11075,10900,11005,14217000
05/02/2018,10790,11000,10790,10825,10111500
06/02/2018,10700,10955,10700,10780,30560000
07/02/2018,10900,10980,10900,10935,12607500
08/02/2018,10990,10990,10800,10875,10242000
09/02/2018,10900,11080,10865,11080,12072000
12/02/2018,11040,11110,10920,11000,9905500
13/02/2018,11000,11040,10930,10985,7792500
14/02/2018,10920,10980,10855,10900,7630000
15/02/2018,10860,11000,10860,10910,10587500
16/02/2018,10910,10910,10910,10910,0
19/02/2018,10900,10990,10860,10960,6783500
20/02/2018,11000,11000,10820,10890,10324500
21/02/2018,10865,10900,10840,10900,8576000
22/02/2018,10900,10930,10800,10800,10958000
23/02/2018,10890,10935,10790,10890,13641000
26/02/2018,10890,10890,10780,10795,7089500
27/02/2018,10760,10795,10750,10795,13849000
28/02/2018,10900,10920,10745,10780,20500000
01/03/2018,10780,10840,10775,10795,8966000
02/03/2018,10850,10870,10755,10780,6073000
05/03/2018,10900,10900,10795,10795,16006500
06/03/2018,10760,10795,10505,10505,9490000
07/03/2018,10540,10560,10200,10230,20482500
08/03/2018,10260,10400,10235,10240,12961500
09/03/2018,10240,10265,10040,10110,12133500
12/03/2018,10165,10205,10055,10090,16465500
13/03/2018,10090,10100,10035,10090,11372500
14/03/2018,10150,10180,10010,10025,4367500
15/03/2018,10010,10100,9890,10025,7245500
16/03/2018,10020,10030,9830,9940,22295000
19/03/2018,9940,10000,9940,9980,3898000
20/03/2018,9900,10000,9900,10000,6551000
21/03/2018,10050,10255,10050,10255,7897000
22/03/2018,10360,10360,10055,10150,9370500
23/03/2018,9880,10195,9870,10195,12332500
26/03/2018,10200,10210,10060,10070,11523500
27/03/2018,10100,10245,9945,10000,6272000
28/03/2018,10000,10000,9875,9880,4383500
29/03/2018,9880,9925,9795,9905,11235500
30/03/2018,9905,9905,9905,9905,0
02/04/2018,10030,10070,9910,10040,6970500
03/04/2018,10030,10080,9980,10020,5223500
04/04/2018,10020,10070,9810,9910,5087000
05/04/2018,9980,10045,9980,10005,3107000
06/04/2018,10005,10160,9915,10155,3063500
09/04/2018,10155,10380,10090,10380,5733500
10/04/2018,10380,10400,10095,10400,8846500
11/04/2018,10420,10500,10350,10380,6913000
12/04/2018,10340,10350,10190,10340,5920000
13/04/2018,10230,10330,10040,10040,4735500
16/04/2018,10040,10040,10040,10040,0
17/04/2018,10040,10040,10040,10040,0
18/04/2018,10220,10380,10220,10315,7122000
19/04/2018,10315,10315,10315,10315,0
20/04/2018,10315,10315,10315,10315,0
23/04/2018,10220,10220,10145,10160,18258500
24/04/2018,10060,10060,9600,9600,29048500
25/04/2018,9600,9600,9600,9600,0
26/04/2018,9600,9600,9600,9600,0
27/04/2018,9600,9600,9600,9600,0
30/04/2018,9230,9470,9230,9270,6115500
01/05/2018,9270,9270,9270,9270,0
02/05/2018,9320,9350,9080,9190,12729500
03/05/2018,9160,9180,9040,9040,7128500
04/05/2018,9000,9135,8980,9070,6355500
07/05/2018,9160,9595,9160,9580,9679500
08/05/2018,9580,9585,9380,9410,9377000
09/05/2018,9225,9905,9225,9890,19843000
10/05/2018,9890,9890,9890,9890,0
11/05/2018,9700,9925,9680,9800,21548500
14/05/2018,9800,9800,9800,9800,0
15/05/2018,9800,9805,9400,9490,10121500
16/05/2018,9300,9420,9060,9150,17244000
17/05/2018,9160,9270,9100,9100,23338500
18/05/2018,9120,9270,9120,9235,11921500
21/05/2018,9255,9335,9160,9240,5784000
22/05/2018,9395,9410,9235,9240,9639000
23/05/2018,9290,9420,9260,9280,7356000
24/05/2018,9370,9645,9355,9620,8080000
25/05/2018,9600,9600,9355,9360,10020000
28/05/2018,9360,9465,9300,9420,8938500
29/05/2018,9420,9420,9420,9420,0
30/05/2018,9420,9590,9300,9310,12386500
31/05/2018,9330,9470,9080,9120,38013500
01/06/2018,9120,9120,9120,9120,0
04/06/2018,9120,9240,9080,9080,13623000
05/06/2018,9120,9360,9090,9360,10943000
06/06/2018,9360,9380,9215,9240,10571000
07/06/2018,9270,9325,9240,9240,6000500
08/06/2018,9180,9245,9080,9080,25477000
11/06/2018,9080,9080,9080,9080,0
12/06/2018,9080,9080,9080,9080,0
13/06/2018,9080,9080,9080,9080,0
14/06/2018,9080,9080,9080,9080,0
15/06/2018,9080,9080,9080,9080,0
18/06/2018,9080,9080,9080,9080,0
19/06/2018,9080,9080,9080,9080,0
20/06/2018,9220,9220,8855,8855,29721000
21/06/2018,8940,9010,8775,8840,14450000
22/06/2018,8840,8960,8780,8840,15193500
25/06/2018,8860,9100,8780,9000,8633000
26/06/2018,9000,9005,8900,8910,9360000
27/06/2018,8910,9190,8880,8885,10589000
28/06/2018,8900,9100,8805,8910,13394500
29/06/2018,8920,9220,8920,9220,10911500
02/07/2018,9180,9190,9040,9070,5207500
03/07/2018,9000,9040,8810,8935,6845500
04/07/2018,8965,9300,8825,9295,5389500
05/07/2018,9240,9340,9090,9250,4884000
06/07/2018,9230,9280,9080,9150,6534500
09/07/2018,9240,9280,9115,9280,3660500
10/07/2018,9360,9430,9310,9425,7011000
11/07/2018,9400,9525,9320,9505,7940000
12/07/2018,9510,9510,9300,9380,4884500
13/07/2018,9340,9465,9330,9380,6592500
16/07/2018,9460,9470,9040,9150,7972500
17/07/2018,9080,9115,9005,9080,3969000
18/07/2018,9010,9155,9010,9155,4346500
19/07/2018,9150,9160,8950,8950,7982500
20/07/2018,8970,8985,8840,8840,6970000
23/07/2018,8840,8960,8830,8900,5777500
24/07/2018,8950,8975,8885,8900,5636500
25/07/2018,8900,8900,8795,8810,5838000
26/07/2018,8815,8880,8765,8785,10636000
27/07/2018,8785,8865,8715,8865,7331500
30/07/2018,8880,8880,8770,8820,9204500
31/07/2018,8760,8760,8530,8650,19481500
01/08/2018,8740,8945,8675,8945,14157500
02/08/2018,8945,9045,8900,8990,7817500
03/08/2018,8990,9035,8890,8990,5851500
06/08/2018,8990,9035,8915,8945,13798000
07/08/2018,8920,8945,8670,8710,18736500
08/08/2018,8760,8795,8595,8600,15150000
09/08/2018,8600,8680,8580,8600,7640000
10/08/2018,8680,8720,8635,8710,6211000
13/08/2018,8710,8710,8515,8520,7364500
14/08/2018,8520,8520,8080,8200,26017500
15/08/2018,8220,8295,8095,8160,8085000
16/08/2018,8160,8510,8120,8505,12282000
17/08/2018,8505,8505,8505,8505,0
20/08/2018,8520,8640,8470,8470,10759000
21/08/2018,8475,8690,8475,8520,5905500
22/08/2018,8520,8520,8520,8520,0
23/08/2018,8540,8680,8400,8670,14146500
24/08/2018,8700,8700,8555,8600,5122500
27/08/2018,8600,8740,8560,8740,7378500
28/08/2018,8740,8835,8720,8835,8690000
29/08/2018,8835,8905,8640,8890,11313500
30/08/2018,8890,8920,8755,8860,7008000
31/08/2018,8700,8795,8635,8770,11247000
03/09/2018,8790,8790,8695,8735,5491000
04/09/2018,8745,8800,8630,8795,5183000
05/09/2018,8790,8790,8200,8320,13913500
06/09/2018,8320,8600,8320,8415,15019500
07/09/2018,8430,8910,8430,8895,18795500
10/09/2018,8895,9105,8750,9105,24314000
11/09/2018,9105,9105,9105,9105,0
12/09/2018,9110,9320,9105,9225,20178000
13/09/2018,9225,9315,9210,9310,9448500
14/09/2018,9300,9445,9250,9420,13296500
17/09/2018,9420,9425,9130,9210,8578000
18/09/2018,9190,9210,9000,9105,12961500
19/09/2018,9110,9360,9110,9240,7205000
20/09/2018,9295,9430,9295,9325,12398500
21/09/2018,9420,9420,9360,9415,12007500
24/09/2018,9420,9430,9395,9415,10079000
25/09/2018,9415,9420,9200,9200,7353000
26/09/2018,9200,9420,9195,9215,9266500
27/09/2018,9220,9440,9215,9430,9335500
28/09/2018,9430,9440,9380,9405,8419000
01/10/2018,9305,9440,9255,9260,6590000
02/10/2018,9260,9300,9155,9155,7686500
03/10/2018,9155,9210,8920,8970,5431000
04/10/2018,8970,8970,8570,8605,16013000
05/10/2018,8605,8630,8460,8535,11899500
08/10/2018,8560,9000,8560,8840,11964000
09/10/2018,8840,8970,8645,8880,5861000
10/10/2018,8960,9000,8840,8980,5666500
11/10/2018,8800,8930,8600,8820,11703500
12/10/2018,8820,9040,8800,8860,7792500
15/10/2018,8935,8980,8720,8720,5271500
16/10/2018,8735,9120,8735,9120,7668000
17/10/2018,9125,9145,8910,9000,6646000
18/10/2018,9000,9000,8840,8920,9406500
19/10/2018,8840,8995,8770,8970,9321000
22/10/2018,8970,9030,8885,8895,7491000
23/10/2018,8960,9030,8850,8900,8347500
24/10/2018,8850,8895,8600,8600,12487500
25/10/2018,8440,8900,8440,8860,13398000
26/10/2018,8800,8880,8800,8835,4003500
29/10/2018,8880,8900,8740,8790,3624000
30/10/2018,8790,8900,8760,8900,9480000
31/10/2018,8950,8960,8550,8645,24829500
01/11/2018,8700,8715,8405,8440,23544000
02/11/2018,8560,8580,8455,8545,18657000
05/11/2018,8545,8660,8545,8615,10290500
06/11/2018,8655,8680,8530,8600,10743000
07/11/2018,8600,8600,8405,8440,28285500
08/11/2018,8495,8540,8445,8460,16435500
09/11/2018,8210,8360,8025,8065,62636500
12/11/2018,8100,8155,7780,7875,26985500
13/11/2018,7875,8060,7800,7990,20431500
14/11/2018,8005,8180,8000,8000,14030000
15/11/2018,8050,8245,8050,8220,13245500
16/11/2018,8260,8370,8130,8295,18344000
19/11/2018,8360,8360,8205,8260,9715500
20/11/2018,8260,8260,8260,8260,0
21/11/2018,8120,8185,8000,8180,15001500
22/11/2018,8200,8260,8120,8225,9237000
23/11/2018,8220,8450,8185,8430,11279000
26/11/2018,8430,8500,8320,8425,12876500
27/11/2018,8400,8450,8350,8450,8156500
28/11/2018,8450,8450,8100,8100,9570000
29/11/2018,8260,8440,8260,8420,13306000
30/11/2018,8420,8500,8410,8450,18001000
03/12/2018,8550,8800,8550,8760,22435500
04/12/2018,8760,8810,8635,8800,19312000
05/12/2018,8600,8750,8580,8750,8043000
06/12/2018,8600,8840,8600,8840,9609500
07/12/2018,8700,8835,8700,8800,8952500
10/12/2018,8800,8820,8740,8790,6368000
11/12/2018,8800,8800,8730,8735,5037000
12/12/2018,8735,8810,8735,8800,9384500
13/12/2018,8800,8920,8760,8885,17429500
14/12/2018,8885,8930,8865,8900,7705500
17/12/2018,8900,8900,8680,8700,7403000
18/12/2018,8700,8800,8535,8790,7689000
19/12/2018,8780,9000,8780,9000,14906000
20/12/2018,8900,9050,8785,9050,8704500
21/12/2018,9000,9320,8960,9320,17106000
24/12/2018,9320,9320,9320,9320,0
25/12/2018,9320,9320,9320,9320,0
26/12/2018,9200,9320,9005,9105,7617000
27/12/2018,9220,9320,9155,9320,10728500
28/12/2018,9300,9360,9080,9080,9755500
31/12/2018,9080,9080,9080,9080,0
01/01/2019,9080,9080,9080,9080,0
02/01/2019,9085,9350,9085,9280,9111000
03/01/2019,9280,9500,9275,9500,11008000
04/01/2019,9490,9560,9400,9560,4863500
07/01/2019,9600,9840,9600,9720,10195500
08/01/2019,9720,9720,9305,9470,16261000
09/01/2019,9475,9600,9200,9200,10060500
10/01/2019,9280,9665,9255,9665,12351000
11/01/2019,9660,9690,9440,9690,10777000
14/01/2019,9660,9710,9540,9710,8833500
15/01/2019,9765,9960,9760,9960,11469500
16/01/2019,9960,9970,9565,9585,17816500
17/01/2019,9660,9800,9660,9775,8912500
18/01/2019,9730,9785,9605,9785,10810000
21/01/2019,9795,9820,9725,9750,6446500
22/01/2019,9750,9830,9750,9810,8455500
23/01/2019,9820,9820,9700,9790,7077500
24/01/2019,9790,9815,9765,9815,8645500
25/01/2019,9815,9820,9700,9810,7809500
28/01/2019,9800,9800,9500,9555,13522500
29/01/2019,9555,9725,9520,9520,10453000
30/01/2019,9640,9830,9640,9815,16914000
31/01/2019,9970,10000,9860,10000,29132500
01/02/2019,10000,10000,9965,10000,9109000
04/02/2019,10000,10010,9700,9780,8699000
05/02/2019,9780,9780,9780,9780,0
06/02/2019,9800,9980,9800,9975,8369000
07/02/2019,9975,9975,9880,9945,4857500
08/02/2019,9925,9965,9800,9965,5335000
11/02/2019,9960,9960,9775,9775,5718000
12/02/2019,9780,9940,9780,9820,6486000
13/02/2019,9820,9865,9780,9850,8230000
14/02/2019,9840,9840,9775,9775,5928500
15/02/2019,9700,9720,9600,9600,8939000
18/02/2019,9600,9940,9585,9885,8248000
19/02/2019,9860,9945,9740,9860,8475500
20/02/2019,10000,10025,9980,10005,18266500
21/02/2019,9990,9990,9790,9905,7230500
22/02/2019,9910,9920,9810,9900,6609000
25/02/2019,9970,9970,9765,9765,6915000
26/02/2019,9800,9995,9760,9995,7338500
27/02/2019,9900,9955,9760,9800,8259500
28/02/2019,9880,9890,9735,9735,13420000
01/03/2019,9815,9920,9775,9810,10601500
04/03/2019,9810,9815,9760,9800,5538000
05/03/2019,9800,9800,9680,9730,4664500
06/03/2019,9800,9820,9780,9780,4931500
07/03/2019,9780,9780,9780,9780,0
08/03/2019,9780,9780,9600,9620,6789000
11/03/2019,9750,9750,9610,9610,3792500
12/03/2019,9685,9800,9670,9800,5973000
13/03/2019,9800,9900,9760,9890,6034000
14/03/2019,9990,9990,9845,9930,2794000
15/03/2019,9840,9990,9820,9960,6909500
18/03/2019,9980,9980,9830,9900,2775000
19/03/2019,9970,9970,9835,9845,2173500
20/03/2019,9855,9920,9810,9900,3830000
21/03/2019,9940,9940,9770,9815,4658500
22/03/2019,9885,9900,9815,9830,2706000
25/03/2019,9845,9855,9700,9700,5126000
26/03/2019,9700,9840,9650,9650,2225500
27/03/2019,9660,9765,9655,9760,2002000
28/03/2019,9800,9840,9670,9840,2972500
29/03/2019,9900,9900,9765,9840,5046000
01/04/2019,9845,9855,9785,9850,3215000
02/04/2019,9890,9890,9835,9875,3642000
03/04/2019,9875,9875,9875,9875,0
04/04/2019,9860,9860,9770,9795,2120000
05/04/2019,9770,9800,9715,9755,2670500
08/04/2019,9805,9850,9615,9650,4217500
09/04/2019,9720,9800,9690,9795,3271500
10/04/2019,9800,9830,9740,9820,3713000
11/04/2019,9780,9785,9725,9730,3010000
12/04/2019,9700,9820,9690,9820,3001500
15/04/2019,9890,9890,9755,9760,8603000
16/04/2019,9825,9890,9720,9880,9376000
17/04/2019,9880,9880,9880,9880,0
18/04/2019,10100,10105,9800,9880,11425000
19/04/2019,9880,9880,9880,9880,0
22/04/2019,9880,9880,9625,9655,11023500
23/04/2019,9700,9870,9700,9850,7307000
24/04/2019,9730,9890,9670,9730,14873000
25/04/2019,9665,9680,9220,9280,27116500
26/04/2019,9280,9300,9050,9100,25324000
29/04/2019,9100,9120,8755,9000,24365000
30/04/2019,9000,9110,8990,9100,19369500
01/05/2019,9100,9100,9100,9100,0
02/05/2019,9100,9185,8990,9045,12988500
03/05/2019,9045,9045,8800,8930,14367500
06/05/2019,8860,9100,8780,9065,7044500
07/05/2019,9070,9105,8900,8900,12761500
08/05/2019,8840,8960,8785,8960,14426500
09/05/2019,8825,8880,8600,8610,15345500
10/05/2019,8620,8900,8620,8840,16378000
13/05/2019,8840,8860,8720,8720,6865500
14/05/2019,8640,8695,8450,8570,12198500
15/05/2019,8590,8680,8400,8400,15858000
16/05/2019,8400,8550,8360,8360,18517500
17/05/2019,8500,8500,8305,8320,13720500
20/05/2019,8400,8525,8355,8460,12193000
21/05/2019,8455,8570,8455,8475,12633500
22/05/2019,8480,8505,8400,8415,5336000
23/05/2019,8400,8640,8400,8620,10304500
24/05/2019,8750,8750,8675,8705,6671000
27/05/2019,8705,8780,8640,8640,8987000
28/05/2019,8640,8725,8500,8500,67192000
29/05/2019,8550,8750,8550,8700,14890000
30/05/2019,8700,8700,8700,8700,0
31/05/2019,8540,8900,8540,8900,16063500
03/06/2019,8900,8900,8900,8900,0
04/06/2019,8900,8900,8900,8900,0
05/06/2019,8900,8900,8900,8900,0
06/06/2019,8900,8900,8900,8900,0
07/06/2019,8900,8900,8900,8900,0
10/06/2019,8880,9000,8790,8930,20845500
11/06/2019,8930,8930,8810,8860,8295500
12/06/2019,8860,9000,8820,9000,6516500
13/06/2019,8985,8995,8830,8980,8692000
14/06/2019,8940,8980,8865,8960,8558000
17/06/2019,8960,9000,8900,8960,8016500
18/06/2019,8955,9120,8950,9120,13299500
19/06/2019,9200,9205,9100,9180,11532500
20/06/2019,9165,9225,9085,9220,12524500
21/06/2019,9220,9220,8980,9060,28048000
24/06/2019,9060,9090,8930,8935,10221500
25/06/2019,9100,9100,9000,9045,7883500
26/06/2019,9000,9030,8915,8965,8068000
27/06/2019,9000,9000,8950,8970,12202500
28/06/2019,9000,9015,8990,9000,13158000
01/07/2019,9010,9040,8905,9000,10045000
02/07/2019,9000,9020,8970,9015,6470000
03/07/2019,9000,9015,8935,8980,8537500
04/07/2019,8980,9000,8980,8995,8033000
05/07/2019,8960,9010,8960,8990,7784500
08/07/2019,9020,9020,8960,9000,5654500
09/07/2019,9000,9030,8990,9005,8196000
10/07/2019,9025,9025,8985,9000,7777500
11/07/2019,9000,9000,8860,8960,11532000
12/07/2019,9000,9000,8905,8955,6548500
15/07/2019,8980,8990,8890,8890,8622000
16/07/2019,8935,8935,8850,8880,7330000
17/07/2019,8880,8980,8880,8980,7233000
18/07/2019,8980,9150,8955,9150,10264000
19/07/2019,9160,9160,9100,9160,6700500
22/07/2019,9160,9160,9010,9055,4966500
23/07/2019,9140,9160,9100,9110,8086000
24/07/2019,9115,9130,9085,9085,7682000
25/07/2019,9085,9105,8990,8990,12683000
26/07/2019,9000,9000,8520,8960,20596500
29/07/2019,8960,8965,8620,8640,30262500
30/07/2019,8780,8780,8525,8610,25277500
31/07/2019,8600,8735,8535,8720,25767500
01/08/2019,8720,9170,8700,9110,42201500
02/08/2019,8950,9105,8825,9000,17366500
05/08/2019,8805,8950,8755,8765,11157500
06/08/2019,8760,8950,8640,8865,16009500
07/08/2019,8865,9010,8865,8965,11356000
08/08/2019,8995,9010,8895,8930,13177000
09/08/2019,8995,9010,8965,8965,8400000
12/08/2019,9000,9000,8880,8995,4298500
13/08/2019,8995,8995,8820,8855,11396000
14/08/2019,8940,8995,8795,8980,7387500
15/08/2019,8820,8940,8800,8940,10298000
16/08/2019,8990,9000,8880,8995,6083000
19/08/2019,9020,9020,8885,8900,6630500
20/08/2019,9000,9050,8995,9035,11163000
21/08/2019,9040,9045,8960,8975,9075500
22/08/2019,9000,9060,8995,9060,7765500
23/08/2019,9060,9200,9030,9165,9615000
26/08/2019,9000,9180,8930,9175,7562500
27/08/2019,9200,9510,9190,9455,30809500
28/08/2019,9455,9615,9450,9575,17452000
29/08/2019,9600,9615,9510,9570,11929000
30/08/2019,9595,9795,9465,9770,18651000
02/09/2019,9745,9745,9580,9590,7859000
03/09/2019,9590,9695,9470,9495,8994500
04/09/2019,9465,9600,9405,9515,6995500
05/09/2019,9515,9615,9445,9605,10878500
06/09/2019,9555,9555,9410,9410,6405500
09/09/2019,9505,9565,9425,9540,5419000
10/09/2019,9525,9530,9440,9530,7449000
11/09/2019,9480,9480,9270,9325,15294000
12/09/2019,9370,9380,9180,9215,7347000
13/09/2019,9215,9320,9215,9320,4853500
16/09/2019,9325,9390,9260,9390,9070000
17/09/2019,9420,9420,9350,9390,13025000
18/09/2019,9345,9390,9310,9335,8172500
19/09/2019,9385,9385,9310,9315,5096000
20/09/2019,9315,9340,9230,9230,17498000
23/09/2019,9390,9460,9320,9460,7890500
24/09/2019,9460,9460,9280,9455,7827500
25/09/2019,9450,9450,9300,9400,7335500
26/09/2019,9400,9400,9335,9350,8141500
27/09/2019,9350,9440,9345,9400,4740000
30/09/2019,9350,9350,9240,9300,16251500
01/10/2019,9325,9330,9225,9240,4559000
02/10/2019,9240,9330,9090,9090,11275500
03/10/2019,9080,9100,8955,9015,4972500
04/10/2019,9100,9190,9015,9085,3978500
07/10/2019,9085,9090,8800,8800,9297000
08/10/2019,8820,9000,8820,8945,7417000
09/10/2019,8840,8905,8840,8840,3110000
10/10/2019,8870,8895,8775,8775,4056500
11/10/2019,8780,8835,8780,8835,3231000
14/10/2019,8840,8945,8820,8900,5184000
15/10/2019,8900,8995,8880,8950,7670000
16/10/2019,8970,9120,8970,9120,9784500
17/10/2019,9120,9200,8950,8950,13035500
18/10/2019,8950,8950,8540,8625,21716000
21/10/2019,8625,8700,8625,8685,6865500
22/10/2019,8685,8795,8680,8790,12824000
23/10/2019,8790,8865,8705,8855,7454000
24/10/2019,8860,8865,8800,8855,12462500
25/10/2019,8855,8855,8605,8630,16448000
28/10/2019,8640,8750,8640,8700,7270000
29/10/2019,8700,8720,8660,8715,10711000
30/10/2019,8850,8850,8620,8720,10075500
31/10/2019,8780,8810,8700,8745,10841500
01/11/2019,8650,8740,8650,8740,5072500
04/11/2019,8745,8765,8605,8605,6687500
05/11/2019,8680,8770,8620,8770,8690500
06/11/2019,8770,8770,8655,8690,6230500
07/11/2019,8760,8760,8620,8670,8469000
08/11/2019,8660,8665,8615,8630,5199500
11/11/2019,8640,8655,8595,8655,5530500
12/11/2019,8655,8655,8560,8640,7759000
13/11/2019,8630,8630,8460,8465,9261000
14/11/2019,8470,8560,8470,8560,5768500
15/11/2019,8515,8515,8440,8445,9221000
18/11/2019,8445,8455,8400,8430,7779500
19/11/2019,8430,8560,8420,8560,6868000
20/11/2019,8530,8540,8425,8510,7245000
21/11/2019,8500,8500,8400,8405,11587500
22/11/2019,8405,8475,8400,8430,6406500
25/11/2019,8420,8445,8355,8415,8773500
26/11/2019,8460,8460,8300,8300,34735000
27/11/2019,8300,8400,8200,8200,8223000
28/11/2019,8200,8430,8200,8360,9734000
29/11/2019,8330,8470,8325,8360,10553000
02/12/2019,8360,8570,8360,8570,9898000
03/12/2019,8530,8560,8420,8535,6575000
04/12/2019,8520,8520,8390,8400,8455000
05/12/2019,8400,8500,8400,8430,5020000
06/12/2019,8420,8460,8400,8450,6634500
09/12/2019,8450,8470,8420,8455,6782000
10/12/2019,8455,8465,8415,8435,10179000
11/12/2019,8500,8500,8365,8420,8613500
12/12/2019,8350,8420,8200,8200,13365500
13/12/2019,8280,8300,8200,8245,12891500
16/12/2019,8250,8275,8180,8180,12503000
17/12/2019,8180,8225,8180,8195,10837000
18/12/2019,8195,8205,8120,8185,15872500
19/12/2019,8185,8210,8110,8140,14785500
20/12/2019,8140,8325,8070,8325,19230000
23/12/2019,8325,8335,8180,8330,11073000
26/12/2019,8330,8500,8330,8490,9169000
27/12/2019,8500,8580,8500,8560,7352500
30/12/2019,8560,8595,8400,8400,13919000
02/01/2020,8500,8700,8500,8550,11059800
03/01/2020,8675,8675,8550,8575,8071700
06/01/2020,8575,8600,8350,8475,7913300
07/01/2020,8475,8500,8400,8450,5793000
08/01/2020,8450,8450,8275,8325,8261400
09/01/2020,8350,8425,8250,8350,9224300
10/01/2020,8400,8400,8250,8250,14849800
13/01/2020,8275,8400,8275,8400,8904800
14/01/2020,8400,8500,8300,8475,11761100
15/01/2020,8475,8525,8350,8475,14965200
16/01/2020,8475,8475,8350,8425,9151100
17/01/2020,8425,8425,8350,8400,5501800
20/01/2020,8400,8425,8325,8325,5343800
21/01/2020,8325,8375,8300,8325,5211000
22/01/2020,8375,8375,8225,8300,4975800
23/01/2020,8300,8375,8275,8325,3400500
24/01/2020,8325,8325,8150,8175,7927900
27/01/2020,8175,8300,8075,8275,7078300
28/01/2020,8275,8300,8100,8250,8825000
29/01/2020,8250,8300,8225,8250,4723100
30/01/2020,8250,8250,8150,8225,4297800
31/01/2020,8225,8225,7950,7950,17743300
03/02/2020,7950,8075,7800,7850,8731500
04/02/2020,7850,7950,7850,7875,8182500
05/02/2020,7900,8100,7850,8100,7284300
06/02/2020,8100,8100,7950,7950,10884300
07/02/2020,7950,7975,7900,7900,11461800
10/02/2020,7900,7925,7800,7875,6277000
11/02/2020,7850,7875,7825,7850,5773900
12/02/2020,7825,7850,7575,7600,17269400
13/02/2020,7575,7600,7350,7400,13678700
14/02/2020,7400,7625,7300,7475,8792800
17/02/2020,7475,7500,7325,7400,8267100
18/02/2020,7350,7475,7325,7400,11377400
19/02/2020,7400,7500,7375,7475,7178400
20/02/2020,7500,7700,7475,7650,11991000
21/02/2020,7650,7650,7475,7500,9864100
24/02/2020,7400,7425,7225,7225,11614600
25/02/2020,7150,7350,7075,7300,14739700
26/02/2020,7250,7375,7200,7300,10567900
27/02/2020,7300,7300,7025,7150,13251400
28/02/2020,7075,7075,6725,6825,34476300
02/03/2020,6825,7200,6800,6900,20747600
03/03/2020,7100,7200,6950,7125,27945100
04/03/2020,7125,7450,7100,7425,16142200
05/03/2020,7475,7600,7375,7400,12512400
06/03/2020,7375,7475,7225,7450,10982200
09/03/2020,7000,7200,6900,7025,21278700
10/03/2020,7025,7375,7025,7100,14816900
11/03/2020,7100,7450,7075,7300,19638900
12/03/2020,7225,7450,7000,7225,20637800
13/03/2020,7225,7225,7225,7225,0
16/03/2020,7475,7500,6975,6975,18254300
17/03/2020,6975,7175,6500,6500,29370900
18/03/2020,6650,6650,6050,6050,34350500
19/03/2020,6050,6150,5650,5650,13743300
20/03/2020,5475,6475,5275,6225,45224600
23/03/2020,6125,6225,5800,5800,16961000
24/03/2020,5900,6100,5575,5675,19279500
26/03/2020,5825,6800,5825,6775,29296900
27/03/2020,7000,7725,6500,6800,30521200
30/03/2020,6775,6800,6325,6425,18135300
31/03/2020,6600,7250,6600,7250,27011000
01/04/2020,7250,7475,7000,7150,13801800
02/04/2020,7150,7225,6925,7225,11148700
03/04/2020,7225,7250,6925,7100,18556300
06/04/2020,7125,7300,7100,7300,8882300
07/04/2020,7350,7600,7050,7275,11884600
08/04/2020,7250,7250,6800,7125,14428900
09/04/2020,7000,7250,6900,7250,8617000
13/04/2020,7250,7250,7050,7100,4282500
14/04/2020,7100,7150,7025,7150,6534300
15/04/2020,7150,7200,6925,6975,11877300
16/04/2020,6975,6975,6600,6650,17260700
17/04/2020,6800,6950,6800,6875,11696600
20/04/2020,6900,7075,6875,7000,13853300
21/04/2020,7000,7075,6850,6925,10394700
22/04/2020,7000,7150,6800,7100,10220900
23/04/2020,7100,7700,7050,7500,26530100
24/04/2020,7400,7700,7350,7500,28075100
27/04/2020,7500,7725,7425,7500,9643200
28/04/2020,7525,7925,7525,7850,21296700
29/04/2020,7900,8025,7650,8000,16761500
30/04/2020,8000,8450,8000,8275,28226900
04/05/2020,8250,8250,7850,7925,17119000
05/05/2020,8000,8300,7975,8300,18737600
06/05/2020,8300,8325,8050,8100,11498100
08/05/2020,8125,8200,7925,8050,11108900
11/05/2020,8050,8250,8050,8075,8239200
12/05/2020,8100,8225,8025,8175,11132700
13/05/2020,8175,8250,8050,8250,9910100
14/05/2020,8225,8300,8125,8300,11861700
15/05/2020,8300,8600,8275,8575,23052700
18/05/2020,8800,8800,8325,8475,13193900
19/05/2020,8425,8575,8250,8250,12088400
20/05/2020,8250,8350,8000,8050,16948600
26/05/2020,8050,8275,8050,8150,27690800
27/05/2020,8000,8250,8000,8200,15919300
28/05/2020,8200,8300,8000,8025,27680500
29/05/2020,8050,8125,7750,7750,90601000
02/06/2020,7850,8200,7800,8100,27780700
03/06/2020,8200,8450,8125,8225,23576100
04/06/2020,8250,8325,8100,8175,16634700
05/06/2020,8175,8200,7975,8050,18066100
08/06/2020,8100,8225,8025,8200,12675400
09/06/2020,8250,8475,8200,8300,26608700
10/06/2020,8475,8475,8150,8200,15919600
11/06/2020,8200,8300,8100,8200,19429200
12/06/2020,8200,8200,8000,8200,10835600
15/06/2020,8200,8300,8175,8275,14159100
16/06/2020,8325,8400,8250,8275,12197800
17/06/2020,8275,8325,8150,8275,10800100
18/06/2020,8225,8225,8050,8050,15200400
19/06/2020,8100,8150,8050,8050,12756000
22/06/2020,8150,8150,8025,8050,11487400
23/06/2020,8050,8100,8000,8000,5947400
24/06/2020,8050,8125,8000,8075,10739900
25/06/2020,8050,8100,7900,7900,13066500
26/06/2020,8025,8025,7825,7900,15566700
29/06/2020,7925,7950,7800,7925,11377500
30/06/2020,7925,8000,7850,7900,10394200
01/07/2020,7925,7950,7750,7800,10729600
02/07/2020,7800,8050,7800,8050,15082500
03/07/2020,8000,8075,7900,7900,8394200
06/07/2020,7950,8000,7875,7900,17782600
07/07/2020,7925,8000,7850,7925,14181500
08/07/2020,7925,8150,7900,8100,19068800
09/07/2020,8100,8175,7975,7975,12857400
10/07/2020,7950,8000,7925,7925,9371900
13/07/2020,7950,8050,7925,8025,7824700
14/07/2020,8025,8100,8000,8075,6440700
15/07/2020,8100,8125,8050,8050,10766900
16/07/2020,8050,8150,8050,8100,10655000
17/07/2020,8100,8125,7900,8125,5335500
20/07/2020,8125,8150,8025,8125,9056400
21/07/2020,8125,8125,8000,8000,12476400
22/07/2020,8100,8200,8000,8000,10728700
23/07/2020,8025,8075,7975,8050,18413300
24/07/2020,8075,8100,8000,8050,12211100
27/07/2020,8100,8100,8000,8075,6391600
28/07/2020,8075,8150,8075,8150,16665100
29/07/2020,8150,8300,8125,8250,18793500
30/07/2020,8250,8400,8200,8400,19708600
03/08/2020,8400,8450,8100,8250,19125400
04/08/2020,8350,8350,8150,8225,13251900
05/08/2020,8225,8250,8100,8250,10465900
06/08/2020,8275,8300,8150,8175,12406300
07/08/2020,8175,8225,8075,8125,8987900
10/08/2020,8125,8200,8100,8100,7982000
11/08/2020,8125,8150,8050,8050,16657800
12/08/2020,8075,8125,8025,8050,11451200
13/08/2020,8075,8175,8050,8175,11271500
14/08/2020,8175,8250,8150,8200,13065900
18/08/2020,8225,8250,8175,8225,12267900
19/08/2020,8225,8275,8200,8200,9945900
24/08/2020,8225,8275,8175,8175,8029000
25/08/2020,8175,8250,8175,8200,11597200
26/08/2020,8200,8250,8200,8200,14121900
27/08/2020,8200,8250,8175,8250,11343100
28/08/2020,8250,8275,8200,8250,13210800
31/08/2020,8275,8275,8150,8225,17339800
01/09/2020,8350,8350,8150,8225,15367200
02/09/2020,8300,8300,8125,8150,17081900
03/09/2020,8150,8225,8150,8175,9683100
04/09/2020,8200,8400,8125,8400,14782100
07/09/2020,8400,8400,8250,8375,14396400
08/09/2020,8375,8375,8325,8375,5156800
09/09/2020,8225,8325,8225,8250,11364100
10/09/2020,8200,8200,7900,7975,25116900
11/09/2020,7850,8300,7800,8300,8948800
14/09/2020,8325,8325,8125,8200,17218200
15/09/2020,8200,8225,8050,8100,11223900
16/09/2020,8100,8150,8000,8000,3827300
17/09/2020,8025,8100,8000,8075,2734700
18/09/2020,8100,8125,8025,8025,8783200
21/09/2020,8025,8075,7950,8000,3295800
22/09/2020,7900,8000,7900,7950,7428400
23/09/2020,7950,8000,7900,7925,9067300
24/09/2020,7850,7900,7775,7800,7510400
25/09/2020,7850,7975,7775,7925,8029400
28/09/2020,7875,7950,7875,7900,5378100
29/09/2020,7900,8200,7900,7975,7464700
30/09/2020,8050,8100,7950,8100,5521300
01/10/2020,8075,8100,7975,8025,4384800
02/10/2020,7950,8000,7950,8000,3689800
05/10/2020,8100,8100,8000,8075,7906400
06/10/2020,8100,8125,7950,7975,6818900
07/10/2020,7975,8025,7925,8000,7614400
08/10/2020,8000,8050,7950,8025,5225600
09/10/2020,8025,8050,7975,8050,4652000
12/10/2020,8100,8100,7950,7950,6704300
13/10/2020,7950,7975,7900,7975,5744000
14/10/2020,7975,7975,7900,7925,9576500
15/10/2020,7925,7975,7900,7925,6237200
16/10/2020,7925,8000,7900,8000,4947200
19/10/2020,8000,8025,7900,7900,6586600
20/10/2020,7950,8000,7900,8000,4784600
21/10/2020,8000,8025,7950,7950,8550600
22/10/2020,7950,8000,7850,7850,9883400
23/10/2020,7825,7950,7800,7925,7956200
26/10/2020,7950,7950,7875,7875,5298300
27/10/2020,7875,7900,7750,7825,13298500
02/11/2020,7825,7825,7600,7625,17741500
03/11/2020,7725,7850,7650,7825,8572700
04/11/2020,7850,7950,7800,7800,6185300
05/11/2020,7950,7975,7775,7900,9875000
06/11/2020,7900,8100,7825,8075,18386900
09/11/2020,8075,8100,7850,7950,15537900
10/11/2020,8050,8050,7800,7800,25530300
11/11/2020,7850,7875,7750,7750,22515700
12/11/2020,7750,7825,7750,7800,11094800
13/11/2020,7825,7875,7750,7750,6119200
16/11/2020,7800,7850,7700,7725,14162300
17/11/2020,7725,7800,7725,7775,16284000
18/11/2020,7800,7900,7800,7800,20505800
19/11/2020,7800,7850,7750,7775,12509800
20/11/2020,7775,7825,7725,7725,11720600
23/11/2020,7800,7875,7750,7825,13048300
24/11/2020,7850,7900,7850,7850,13733400
25/11/2020,7850,7900,7725,7725,20714100
26/11/2020,7750,7800,7750,7750,9155400
27/11/2020,7750,7800,7725,7750,17354300
30/11/2020,7750,7800,7675,7725,43997600
01/12/2020,7650,7750,7650,7700,15747200
02/12/2020,7725,7725,7625,7650,23596500
03/12/2020,7650,7675,7525,7550,30312300
04/12/2020,7575,7650,7575,7600,10334600
07/12/2020,7625,7750,7625,7675,18574500
08/12/2020,7700,7800,7600,7625,21827800
10/12/2020,7675,7725,7550,7550,19499000
11/12/2020,7575,7600,7450,7475,18572300
14/12/2020,7500,7550,7475,7500,14561300
15/12/2020,7500,7550,7450,7475,11350700
16/12/2020,7500,7575,7475,7500,14947200
17/12/2020,7500,7550,7425,7425,19682500
18/12/2020,7425,7675,7425,7600,35360700
21/12/2020,7600,7700,7600,7625,20648100
22/12/2020,7625,7650,7450,7475,13101600
23/12/2020,7550,7550,7300,7425,13560700
28/12/2020,7500,7500,7375,7450,8543700
29/12/2020,7450,7475,7350,7350,8044100
30/12/2020,7450,7550,7350,7350,11852400
04/01/2021,7450,7500,7350,7475,8203000
05/01/2021,7475,7500,7375,7375,11869900
06/01/2021,7375,7400,7175,7200,24431200
07/01/2021,7200,7250,7125,7200,14692600
08/01/2021,7250,7275,7125,7175,24667000
11/01/2021,7175,7350,7100,7200,25591700
12/01/2021,7250,7275,7100,7100,20896700
13/01/2021,7200,7200,7000,7025,28188400
14/01/2021,7025,7075,7000,7000,27720000
15/01/2021,7000,7050,6925,6950,18780400
18/01/2021,6950,7525,6900,7500,44943900
19/01/2021,7800,8000,7525,7575,108575300
20/01/2021,7600,7675,7325,7400,34817000
21/01/2021,7400,7500,7325,7325,16702700
22/01/2021,7375,7400,7225,7275,14718800
25/01/2021,7275,7325,7025,7250,17025000
26/01/2021,7275,7475,7175,7250,17948000
27/01/2021,7325,7350,7050,7125,14628000
28/01/2021,7100,7175,6925,7075,20723700
29/01/2021,7075,7225,6900,6925,36432100
01/02/2021,6900,7100,6800,7025,15324400
02/02/2021,7100,7125,6950,7000,11678200
03/02/2021,7100,7325,7000,7175,16730800
04/02/2021,7250,7325,7175,7300,17606900
05/02/2021,7325,7350,7200,7225,11295000
08/02/2021,7225,7250,7100,7100,14010900
09/02/2021,7150,7175,7025,7100,10394200
10/02/2021,7150,7150,7025,7150,6019200
11/02/2021,7175,7175,7100,7175,3700200
15/02/2021,7175,7175,7025,7050,8252200
16/02/2021,7100,7100,7000,7025,11529000
17/02/2021,7000,7100,6975,7100,6980200
18/02/2021,7075,7100,6975,6975,11085900
19/02/2021,6975,6975,6900,6950,8791400
22/02/2021,6975,7000,6875,6875,14949100
23/02/2021,6900,6925,6800,6850,12860600
24/02/2021,6850,6950,6850,6850,10340700
25/02/2021,6850,6900,6750,6775,14021800
26/02/2021,6750,7000,6675,7000,26873400
01/03/2021,7000,7000,6800,6825,13054100
02/03/2021,6825,6850,6725,6825,17348900
03/03/2021,6825,6900,6775,6875,8276700
04/03/2021,6875,6875,6725,6725,10778200
05/03/2021,6700,6750,6675,6725,6029300
08/03/2021,6800,6800,6625,6650,10141900
09/03/2021,6700,6700,6475,6550,18687300
10/03/2021,6575,6625,6525,6575,6458000
12/03/2021,6575,6700,6575,6700,6978300
15/03/2021,6700,6725,6575,6575,12546500
16/03/2021,6575,6650,6525,6550,12107300
17/03/2021,6550,6600,6475,6475,10231700
18/03/2021,6500,6600,6500,6600,12740200
19/03/2021,6600,6750,6525,6750,24004400
22/03/2021,6750,6775,6675,6700,6044900
23/03/2021,6675,6800,6675,6750,8836500
24/03/2021,6725,6750,6550,6575,11037200
25/03/2021,6600,6650,6500,6650,10704500
26/03/2021,6650,6700,6600,6600,5548000
29/03/2021,6600,6775,6575,6725,11959200
30/03/2021,6700,6725,6525,6550,14708700
31/03/2021,6600,6600,6450,6575,14361800
01/04/2021,6575,6700,6525,6625,9105000
05/04/2021,6625,6625,6475,6475,5799200
06/04/2021,6500,6525,6450,6475,5009900
07/04/2021,6475,6550,6450,6525,5096500
08/04/2021,6525,6800,6525,6600,10879400
09/04/2021,6600,6625,6475,6475,9479200
12/04/2021,6500,6550,6300,6325,15823700
13/04/2021,6350,6350,6150,6225,12975200
14/04/2021,6250,6325,6225,6300,5450700
15/04/2021,6300,6400,6225,6400,8910100
16/04/2021,6400,6450,6250,6325,7481000
19/04/2021,6350,6375,6225,6300,7032700
20/04/2021,6300,6300,6150,6225,13695800
21/04/2021,6150,6200,6100,6100,14082200
22/04/2021,6100,6150,6075,6125,12095300
23/04/2021,6150,6150,6025,6075,11471100
26/04/2021,6075,6200,6075,6125,8628200
27/04/2021,6200,6200,6025,6025,10560300
28/04/2021,6025,6075,6000,6075,9453200
29/04/2021,6100,6125,6000,6050,21365800
30/04/2021,6050,6100,5925,6000,22253900
03/05/2021,6000,6000,5900,5900,11454300
04/05/2021,5900,5950,5700,5750,27736500
05/05/2021,5750,5900,5725,5775,23481700
06/05/2021,5750,5775,5550,5550,41445900
07/05/2021,5550,5625,5500,5525,32723800
10/05/2021,5550,5875,5550,5700,42701900
11/05/2021,5650,5825,5600,5625,28767800
17/05/2021,5650,5725,5500,5600,20202700
18/05/2021,5650,5650,5525,5575,12773900
19/05/2021,5550,5550,5425,5450,16176000
20/05/2021,5450,5625,5450,5625,20439300
21/05/2021,5650,5675,5550,5575,12760600
24/05/2021,5650,5750,5575,5725,19589000
25/05/2021,5750,5750,5575,5675,23086400
27/05/2021,5725,5850,5675,5825,53308600
28/05/2021,5850,5850,5625,5775,26276900
31/05/2021,5775,5850,5700,5850,17773400
02/06/2021,6000,6000,5725,5850,31109000
03/06/2021,5800,5800,5675,5775,21195800
04/06/2021,5775,5775,5650,5650,15902700
07/06/2021,5650,5700,5625,5625,18097900
08/06/2021,5575,5575,5450,5475,18894700
09/06/2021,5475,5500,5250,5300,41615400
10/06/2021,5375,5425,5275,5300,22243100
11/06/2021,5300,5350,5225,5350,23436200
14/06/2021,5350,5375,5250,5250,11521500
15/06/2021,5225,5250,5125,5175,26706500
16/06/2021,5150,5275,5100,5200,23034600
17/06/2021,5175,5175,5075,5075,19772100
18/06/2021,5075,5075,4900,4900,57214300
21/06/2021,4800,5150,4710,5100,34387400
22/06/2021,5100,5125,5000,5050,17867700
23/06/2021,5050,5100,4990,4990,9268200
24/06/2021,4990,5050,4960,4960,5114800
25/06/2021,5025,5025,4950,5000,13206100
28/06/2021,5025,5100,4900,5025,15756100
29/06/2021,5100,5150,4960,5000,17471600
30/06/2021,5000,5000,4950,4950,13308000
01/07/2021,4950,5250,4950,5225,24688000
02/07/2021,5200,5200,5075,5150,22708800
05/07/2021,5150,5150,4940,4950,20589900
06/07/2021,4960,5025,4930,5000,11307700
07/07/2021,4960,4980,4900,4930,19448300
08/07/2021,4950,4960,4860,4860,14979500
09/07/2021,4850,4890,4810,4890,13202300
12/07/2021,4900,5075,4900,5025,27418800
13/07/2021,5100,5200,5025,5100,29032400
14/07/2021,5100,5125,4910,5100,23386200
15/07/2021,5025,5175,5025,5150,14978400
16/07/2021,5150,5200,5050,5150,9184800
19/07/2021,5100,5125,5025,5075,7018000
21/07/2021,5075,5150,5050,5125,11283600
22/07/2021,5125,5150,5000,5025,20499500
23/07/2021,4960,4960,4800,4800,74486500
26/07/2021,4800,4820,4700,4700,33290700
27/07/2021,4700,4700,4460,4500,55131100
28/07/2021,4500,4540,4420,4450,17865300
29/07/2021,4450,4460,4330,4330,35079600
30/07/2021,4390,4410,4220,4220,59329000
02/08/2021,4220,4400,4210,4400,47024900
03/08/2021,4400,4470,4370,4380,25149400
04/08/2021,4400,4420,4300,4330,25519900
05/08/2021,4330,4450,4260,4440,47119200
06/08/2021,4440,4480,4400,4420,23050300
09/08/2021,4410,4420,4300,4310,17401800
10/08/2021,4300,4320,4220,4250,20393900
12/08/2021,4290,4330,4170,4210,28977900
13/08/2021,4230,4260,4210,4250,10076000
16/08/2021,4240,4250,4130,4150,17673100
18/08/2021,4170,4280,4150,4230,32100800
19/08/2021,4250,4260,4100,4110,18192800
20/08/2021,4090,4120,4050,4070,12646500
23/08/2021,4080,4140,4030,4060,22533200
24/08/2021,4060,4100,4040,4080,18406800
25/08/2021,4110,4180,4100,4170,22682800
26/08/2021,4170,4170,4050,4090,19988900
27/08/2021,4060,4070,4010,4030,21212400
30/08/2021,4040,4130,4030,4130,21892200
31/08/2021,4110,4150,4050,4050,38977800
01/09/2021,4070,4110,4060,4100,23793400
02/09/2021,4110,4150,4100,4150,12173000
03/09/2021,4170,4250,4150,4240,22908300
06/09/2021,4240,4300,4210,4250,18434200
07/09/2021,4250,4290,4250,4250,16097400
08/09/2021,4250,4270,4070,4100,27585800
09/09/2021,4100,4150,4070,4100,22145100
10/09/2021,4130,4150,4080,4080,14311100
13/09/2021,4080,4100,4030,4040,16431100
14/09/2021,4050,4090,4030,4050,15456600
15/09/2021,4050,4080,4030,4040,16681800
16/09/2021,4050,4070,4000,4010,20730600
17/09/2021,4010,4020,3950,3950,42311400
20/09/2021,3950,3960,3860,3880,25006900
21/09/2021,3860,3870,3800,3840,27510700
22/09/2021,3840,4060,3840,4040,53992900
23/09/2021,4050,4080,4010,4050,30884400
24/09/2021,4040,4060,3950,3970,28440200
27/09/2021,3970,3970,3850,3860,26324200
28/09/2021,3860,3870,3810,3820,14852900
29/09/2021,3800,3920,3800,3920,21762400
30/09/2021,3930,4010,3930,3950,35514100
01/10/2021,3930,3990,3830,3860,32614400
04/10/2021,3880,4020,3870,3980,42279800
05/10/2021,3980,4190,3980,4150,50537400
06/10/2021,4200,4300,4160,4270,53674800
07/10/2021,4300,5050,4300,4830,250903800
08/10/2021,4880,4930,4720,4760,68396500
11/10/2021,4760,4850,4730,4830,39246200
12/10/2021,4830,4930,4750,4930,49064900
13/10/2021,4950,5275,4880,5250,101550600
14/10/2021,5250,5400,5150,5325,86890500
15/10/2021,5325,5400,5125,5225,76894800
18/10/2021,5225,5275,5100,5100,46484400
19/10/2021,5100,5150,5050,5125,26024500
21/10/2021,5150,5150,4940,5000,49450100
22/10/2021,4950,4950,4810,4850,49601400
25/10/2021,4850,4850,4580,4580,76202500
26/10/2021,4580,4740,4570,4640,40624300
27/10/2021,4650,4690,4520,4540,39664600
28/10/2021,4530,4610,4410,4440,48607600
29/10/2021,4460,4550,4400,4420,43142600
01/11/2021,4500,4550,4410,4420,37917000
02/11/2021,4450,4470,4360,4470,23580400
03/11/2021,4490,4510,4440,4450,20173500
04/11/2021,4460,4530,4450,4450,19606500
05/11/2021,4460,4480,4400,4430,15950300
08/11/2021,4450,4470,4430,4460,12599400
09/11/2021,4460,4470,4380,4430,23025100
10/11/2021,4420,4430,4360,4370,15585200
11/11/2021,4410,4690,4390,4660,63047300
12/11/2021,4690,4740,4580,4600,30654100
15/11/2021,4630,4630,4510,4510,14544700
16/11/2021,4510,4570,4460,4570,12701100
17/11/2021,4570,4580,4500,4500,15347100
18/11/2021,4480,4540,4460,4480,15522000
19/11/2021,4500,4670,4500,4660,39746800
22/11/2021,4660,4840,4620,4840,38502000
23/11/2021,4840,4890,4760,4880,33067100
24/11/2021,4870,4870,4810,4840,18237600
25/11/2021,4840,4860,4800,4820,13327300
26/11/2021,4810,4830,4670,4710,22837400
29/11/2021,4700,4700,4570,4630,24000400
30/11/2021,4600,4650,4460,4480,66592500
01/12/2021,4480,4550,4300,4310,40625400
02/12/2021,4310,4340,4220,4290,34857400
03/12/2021,4300,4340,4200,4220,31096900
06/12/2021,4230,4250,4160,4200,16426600
07/12/2021,4240,4300,4230,4270,16917800
08/12/2021,4300,4350,4270,4270,10992800
09/12/2021,4300,4370,4270,4370,10364600
10/12/2021,4370,4430,4310,4430,14291300
13/12/2021,4400,4430,4380,4380,13018900
14/12/2021,4350,4360,4280,4290,13487200
15/12/2021,4290,4370,4260,4270,11306700
16/12/2021,4290,4320,4200,4210,13521600
17/12/2021,4180,4240,4150,4150,18949400
20/12/2021,4150,4160,4120,4140,12059600
21/12/2021,4150,4180,4080,4080,15689800
22/12/2021,4100,4130,4050,4060,10188400
23/12/2021,4060,4120,4060,4080,7863700
24/12/2021,4090,4210,4080,4200,11979500
27/12/2021,4200,4230,4170,4210,7238100
28/12/2021,4210,4230,4180,4180,7006900
29/12/2021,4180,4190,4120,4120,9030700
30/12/2021,4130,4170,4110,4110,7633100
03/01/2022,4120,4340,4120,4230,24420300
04/01/2022,4250,4310,4230,4250,13276500
05/01/2022,4260,4270,4180,4210,9697800
06/01/2022,4210,4240,4180,4230,7594500
07/01/2022,4230,4240,4200,4220,7219700
10/01/2022,4220,4290,4200,4250,12806600
11/01/2022,4260,4270,4150,4180,17846600
12/01/2022,4200,4340,4180,4330,29769500
13/01/2022,4330,4340,4240,4270,13806300
14/01/2022,4280,4280,4210,4220,11920000
17/01/2022,4240,4240,4140,4150,20035500
18/01/2022,4160,4230,4070,4110,27044300
19/01/2022,4110,4110,4080,4100,7662700
20/01/2022,4100,4120,4070,4100,9264200
21/01/2022,4090,4150,4080,4150,15210700
24/01/2022,4130,4140,4080,4080,9762900
25/01/2022,4100,4110,4010,4060,17157500
26/01/2022,4060,4130,4050,4130,11479200
27/01/2022,4120,4120,4050,4060,6277700
28/01/2022,4060,4090,4030,4050,10458800
31/01/2022,4060,4080,4000,4030,19204300
02/02/2022,4030,4060,4010,4050,8369600
03/02/2022,4050,4050,4000,4010,8460100
04/02/2022,4020,4040,3990,4020,14487100
07/02/2022,4020,4050,4000,4000,14546900
08/02/2022,4000,4080,4000,4000,19022800
09/02/2022,4000,4020,3960,3960,20209400
10/02/2022,3960,4040,3960,3980,21580200
11/02/2022,3950,3960,3880,3900,38093800
14/02/2022,3900,3910,3850,3850,27720300
15/02/2022,3860,3880,3850,3870,16340600
16/02/2022,3880,3920,3870,3870,22715500
17/02/2022,3880,3910,3820,3830,28291200
18/02/2022,3840,3900,3840,3850,27431100
21/02/2022,3850,3900,3850,3850,12790900
22/02/2022,3850,3870,3800,3810,28240100
23/02/2022,3810,3860,3800,3820,21559300
24/02/2022,3810,3840,3670,3690,51511000
25/02/2022,3700,3750,3680,3680,39737700
01/03/2022,3690,3730,3670,3680,21312400
02/03/2022,3680,3810,3650,3660,37310800
04/03/2022,3660,3670,3520,3520,42359200
07/03/2022,3500,3510,3400,3430,41980800
08/03/2022,3420,3520,3360,3360,35450900
09/03/2022,3370,3450,3370,3400,24068100
10/03/2022,3450,3460,3370,3430,19292400
11/03/2022,3420,3420,3370,3370,19258300
14/03/2022,3380,3410,3370,3380,20868200
15/03/2022,3400,3440,3280,3280,35618500
16/03/2022,3290,3540,3280,3450,66871800
17/03/2022,3490,3520,3380,3420,33986000
18/03/2022,3430,3440,3340,3360,23334800
21/03/2022,3360,3470,3330,3460,29782900
22/03/2022,3460,3500,3440,3490,24196400
23/03/2022,3500,3510,3410,3410,16459800
24/03/2022,3400,3420,3360,3380,24615200
25/03/2022,3390,3420,3380,3400,14146900
28/03/2022,3400,3490,3370,3460,23752600
29/03/2022,3480,3560,3480,3480,41388600
30/03/2022,3500,3740,3500,3720,91287100
31/03/2022,3730,3760,3650,3660,47424200
01/04/2022,3660,3690,3600,3620,26735700
04/04/2022,3630,3660,3540,3570,36823300
05/04/2022,3570,3690,3570,3680,30816700
06/04/2022,3680,3680,3560,3600,25193400
07/04/2022,3600,3640,3550,3570,18081300
08/04/2022,3590,3600,3520,3540,14057400
11/04/2022,3570,3570,3450,3460,27777500
12/04/2022,3460,3520,3410,3520,17817400
13/04/2022,3520,3520,3410,3440,20850000
14/04/2022,3430,3460,3400,3400,9591300
18/04/2022,3400,3440,3370,3390,10009100
19/04/2022,3390,3410,3350,3350,13023000
20/04/2022,3390,3510,3370,3470,29867500
21/04/2022,3470,3500,3400,3400,19189900
22/04/2022,3400,3440,3370,3430,16244400
25/04/2022,3420,3720,3400,3690,53256900
26/04/2022,3720,3930,3690,3890,96737500
27/04/2022,3890,3900,3770,3810,36437100
28/04/2022,3830,3920,3770,3890,33886500
09/05/2022,4000,4140,3890,4010,103950200
10/05/2022,4010,4400,3990,4380,172562700
11/05/2022,4400,4940,4380,4880,197748700
12/05/2022,4920,4940,4580,4690,118621900
13/05/2022,4690,4900,4660,4800,79196200
17/05/2022,4810,4900,4660,4800,43843800
18/05/2022,4820,5075,4810,5025,88532400
19/05/2022,4960,5000,4850,4880,56274400
20/05/2022,4870,5125,4860,5050,58516300
23/05/2022,5050,5075,4850,4880,37184300
24/05/2022,4920,4950,4700,4810,39458200
25/05/2022,4860,4900,4730,4770,38989700
27/05/2022,4800,4840,4710,4760,31887700
30/05/2022,4760,4760,4620,4650,49609700
31/05/2022,4680,4820,4630,4730,93943100
02/06/2022,4760,4890,4710,4790,56089200
03/06/2022,4810,4810,4720,4720,25523600
06/06/2022,4720,4780,4700,4770,16170500
07/06/2022,4770,4780,4720,4730,19562800
08/06/2022,4740,4970,4730,4890,56202700
09/06/2022,4900,4930,4760,4820,32236200
10/06/2022,4780,4790,4720,4750,20081200
13/06/2022,4690,4700,4600,4690,28947200
14/06/2022,4640,4740,4610,4740,22498700
15/06/2022,4750,4810,4690,4800,24158700
16/06/2022,4850,4850,4730,4800,19890100
17/06/2022,4760,4800,4650,4650,35637800
20/06/2022,4680,5025,4660,5025,64615100
21/06/2022,5050,5100,4950,5050,38363600
22/06/2022,5050,5050,4860,4890,25752200
23/06/2022,4900,5000,4860,4960,33615200
24/06/2022,4930,4990,4870,4990,22538000
27/06/2022,4990,5000,4900,4980,19512800
28/06/2022,4980,5075,4960,5050,25740300
29/06/2022,5000,5050,4910,4940,19482000
30/06/2022,4950,4980,4750,4770,32840700
01/07/2022,4750,4860,4690,4830,19350200
04/07/2022,4800,4820,4550,4700,22093000
05/07/2022,4700,4780,4680,4760,14993200
06/07/2022,4740,4830,4710,4780,12189400
07/07/2022,4820,5025,4800,5000,37537700
08/07/2022,5025,5025,4810,4890,26420400
11/07/2022,4900,4910,4750,4800,20528000
12/07/2022,4800,4880,4770,4880,15676300
13/07/2022,4900,4920,4820,4900,13093300
14/07/2022,4900,4900,4800,4900,17033300
15/07/2022,4900,4930,4820,4830,13119700
18/07/2022,4870,4980,4830,4980,10748900
19/07/2022,4970,4990,4890,4970,16537800
20/07/2022,4990,5100,4950,4970,37835400
21/07/2022,4970,5000,4890,5000,13828900
22/07/2022,5000,5000,4940,5000,14582600
25/07/2022,4980,4980,4920,4930,9190300
26/07/2022,4930,4950,4900,4930,8239100
27/07/2022,4950,5025,4710,4720,49444700
28/07/2022,4720,4770,4500,4510,82746200
29/07/2022,4520,4560,4480,4510,55532300
01/08/2022,4530,4650,4510,4550,28250300
02/08/2022,4550,4610,4530,4600,22763900
03/08/2022,4600,4600,4550,4590,14248900
04/08/2022,4590,4610,4530,4600,21726600
05/08/2022,4650,4740,4620,4720,32171000
08/08/2022,4740,4800,4730,4790,20764800
09/08/2022,4800,4800,4720,4720,14898200
10/08/2022,4720,4780,4660,4780,21241700
11/08/2022,4790,4800,4740,4750,17603200
12/08/2022,4750,4850,4750,4770,20011800
15/08/2022,4770,4780,4710,4760,14082800
16/08/2022,4780,4810,4710,4770,11493000
18/08/2022,4800,4810,4730,4790,14617400
19/08/2022,4810,4830,4730,4730,13156500
22/08/2022,4750,4800,4730,4750,14214600
23/08/2022,4800,4830,4760,4810,18458700
24/08/2022,4820,4880,4800,4850,14304200
25/08/2022,4850,4870,4800,4840,10177700
26/08/2022,4850,4850,4610,4610,44804400
29/08/2022,4560,4600,4510,4580,20184000
30/08/2022,4590,4630,4580,4580,23733200
31/08/2022,4580,4620,4530,4590,38272000
01/09/2022,4590,4610,4540,4540,13106400
02/09/2022,4540,4600,4540,4550,11307400
05/09/2022,4550,4570,4510,4530,13208600
06/09/2022,4530,4540,4450,4510,23742100
07/09/2022,4510,4590,4490,4590,26881000
08/09/2022,4590,4610,4520,4520,13657900
09/09/2022,4520,4570,4500,4500,10000000
12/09/2022,4510,4560,4510,4550,7679800
13/09/2022,4570,4670,4560,4670,22934000
14/09/2022,4640,4640,4600,4630,10053400
15/09/2022,4640,4660,4580,4600,16878200
16/09/2022,4640,4640,4610,4630,21233900
19/09/2022,4630,4630,4510,4600,9791100
20/09/2022,4630,4730,4620,4730,25974800
21/09/2022,4730,4840,4730,4810,33960700
22/09/2022,4810,4810,4740,4810,14406800
23/09/2022,4810,4820,4770,4810,11888400
26/09/2022,4810,4830,4750,4790,17728200
27/09/2022,4800,4810,4770,4800,10292300
28/09/2022,4800,4840,4780,4810,16851700
29/09/2022,4800,4870,4790,4850,18109500
30/09/2022,4840,4850,4710,4830,23108800
03/10/2022,4830,4870,4820,4850,14748400
04/10/2022,4880,4900,4850,4870,12967400
05/10/2022,4900,4900,4830,4830,13566800
06/10/2022,4860,4900,4840,4900,17339500
07/10/2022,4900,4910,4760,4840,14439400
10/10/2022,4840,4840,4700,4800,8699400
11/10/2022,4780,4780,4730,4730,10775800
12/10/2022,4730,4790,4660,4790,11194200
13/10/2022,4790,4840,4770,4840,12495000
14/10/2022,4840,4860,4770,4810,9611600
17/10/2022,4850,4850,4800,4830,11650600
18/10/2022,4850,4900,4810,4900,18797200
19/10/2022,4930,5375,4930,5350,82474800
20/10/2022,5350,5450,5225,5400,51712800
21/10/2022,5400,5400,5250,5300,18231200
24/10/2022,5275,5475,5250,5325,27349200
25/10/2022,5325,5375,5200,5275,16874900
26/10/2022,5250,5400,5175,5400,28826300
27/10/2022,5400,5450,5275,5350,22168700
28/10/2022,5050,5075,4980,4980,33806300
31/10/2022,4650,4740,4640,4640,83268400
01/11/2022,4590,4690,4500,4530,88422300
02/11/2022,4530,4590,4460,4500,37943000
03/11/2022,4510,4560,4500,4510,15402200
04/11/2022,4530,4550,4470,4540,20812100
07/11/2022,4540,4620,4500,4620,20715100
08/11/2022,4640,4650,4600,4630,15497800
09/11/2022,4630,4630,4520,4540,24941900
10/11/2022,4530,4580,4500,4560,10140300
11/11/2022,4610,4610,4520,4540,16741500
14/11/2022,4540,4600,4530,4590,10527700
15/11/2022,4590,4610,4540,4610,11794000
16/11/2022,4610,4610,4550,4610,8942300
17/11/2022,4600,4610,4560,4590,12105800
18/11/2022,4590,4660,4560,4640,16515900
21/11/2022,4630,4630,4550,4550,13807100
22/11/2022,4570,4620,4560,4560,18963600
23/11/2022,4580,4590,4550,4550,8656200
24/11/2022,4550,4600,4550,4560,5155100
25/11/2022,4570,4600,4530,4600,11209600
28/11/2022,4600,4730,4560,4710,35089100
29/11/2022,4710,4710,4660,4700,21257100
30/11/2022,4660,4800,4620,4800,83228400
01/12/2022,4800,4800,4670,4710,16755100
02/12/2022,4710,4710,4660,4710,6918500
05/12/2022,4710,4800,4700,4740,9788500
06/12/2022,4740,4750,4670,4740,12811800
07/12/2022,4740,4740,4670,4700,19509900
08/12/2022,4670,4690,4560,4660,21123600
09/12/2022,4660,4660,4600,4620,13482300
12/12/2022,4620,4690,4580,4690,12297700
13/12/2022,4700,4720,4630,4720,13797700
14/12/2022,4720,4720,4670,4720,7415600
15/12/2022,4720,4720,4640,4700,11297400
16/12/2022,4690,4870,4660,4870,25213200
19/12/2022,4830,4830,4730,4730,16789200
20/12/2022,4730,4770,4700,4770,5433100
21/12/2022,4770,4790,4740,4780,5871100
22/12/2022,4780,4840,4770,4840,10005000
23/12/2022,4830,4830,4760,4820,5698800
26/12/2022,4820,4820,4740,4750,4053500
27/12/2022,4760,4810,4740,4810,6738300
28/12/2022,4810,4820,4710,4770,7938100
29/12/2022,4740,4760,4700,4760,6825900
30/12/2022,4780,4780,4700,4700,13027100
02/01/2023,4700,4700,4610,4620,4266600
03/01/2023,4600,4650,4570,4600,10663500
04/01/2023,4610,4690,4610,4640,6705200
05/01/2023,4650,4730,4600,4730,12524500
06/01/2023,4720,4760,4670,4760,8390300
09/01/2023,4760,4770,4690,4760,7932200
10/01/2023,4760,4770,4660,4690,13402300
11/01/2023,4680,4700,4640,4700,5806200
12/01/2023,4700,4760,4660,4760,11533000
13/01/2023,4750,4790,4720,4790,7554200
16/01/2023,4790,4800,4750,4770,6778300
17/01/2023,4770,4800,4720,4760,12333700
18/01/2023,4760,4800,4720,4800,5977900
19/01/2023,4800,4830,4770,4800,7752900
20/01/2023,4800,4830,4760,4810,6893400
24/01/2023,4810,4850,4790,4830,9638600
25/01/2023,4830,4860,4810,4850,6010000
26/01/2023,4850,4870,4760,4800,10397400
27/01/2023,4800,4820,4750,4750,12410500
30/01/2023,4750,4780,4710,4760,8435700
31/01/2023,4760,4760,4660,4660,26752500
01/02/2023,4630,4680,4620,4630,14128700
02/02/2023,4630,4740,4630,4730,23504300
03/02/2023,4740,4740,4680,4690,8988300
06/02/2023,4690,4730,4660,4730,5956100
07/02/2023,4730,4890,4720,4860,19128400
08/02/2023,4860,5025,4810,5025,28304900
09/02/2023,5025,5050,4920,4920,25346700
10/02/2023,4770,4770,4580,4580,80984400
13/02/2023,4580,4580,4490,4520,29413500
14/02/2023,4520,4570,4520,4560,15661400
15/02/2023,4560,4560,4500,4550,12590200
16/02/2023,4550,4560,4510,4520,7598500
17/02/2023,4520,4530,4480,4510,13591200
20/02/2023,4520,4560,4500,4540,6671700
21/02/2023,4540,4540,4500,4500,9337400
22/02/2023,4490,4490,4380,4480,17514500
23/02/2023,4490,4490,4400,4400,12166800
24/02/2023,4400,4440,4350,4350,13276600
27/02/2023,4350,4350,4210,4300,25283100
28/02/2023,4300,4320,4180,4180,56167600
01/03/2023,4170,4200,4110,4150,20343000
02/03/2023,4160,4220,4150,4150,18391700
03/03/2023,4150,4170,4050,4060,25480200
06/03/2023,4080,4190,4070,4170,18877200
07/03/2023,4160,4160,4080,4080,20025900
08/03/2023,4080,4120,4060,4100,9159100
09/03/2023,4100,4140,4080,4100,12777500
10/03/2023,4100,4140,4080,4110,6405200
13/03/2023,4090,4180,4080,4160,10109400
14/03/2023,4140,4240,4130,4210,20377200
15/03/2023,4210,4230,4100,4100,11897200
16/03/2023,4100,4120,4040,4070,9016800
17/03/2023,4070,4170,4070,4160,25725700
20/03/2023,4160,4170,4100,4160,3705900
21/03/2023,4160,4200,4150,4200,7708900
24/03/2023,4370,4370,4240,4270,16680100
27/03/2023,4270,4290,4230,4290,6187200
28/03/2023,4290,4320,4280,4300,5785600
29/03/2023,4300,4370,4300,4360,12264000
30/03/2023,4360,4370,4260,4260,5407700
31/03/2023,4270,4360,4260,4350,10607100
03/04/2023,4350,4350,4250,4290,8983700
04/04/2023,4280,4290,4220,4290,14526800
05/04/2023,4290,4320,4250,4250,7687900
06/04/2023,4250,4290,4230,4250,5191100
10/04/2023,4250,4290,4230,4290,5001000
11/04/2023,4290,4290,4200,4200,8782600
12/04/2023,4210,4220,4180,4190,12391300
13/04/2023,4160,4180,4100,4100,15132500
14/04/2023,4120,4220,4120,4150,20757900
17/04/2023,4160,4180,4090,4130,11180200
18/04/2023,4130,4150,4090,4090,8436800
26/04/2023,4090,4100,3960,4100,32563400
27/04/2023,4150,4470,4150,4400,65436100
28/04/2023,4400,4440,4360,4400,14421200
02/05/2023,4400,4410,4280,4400,11600900
03/05/2023,4400,4420,4350,4400,18996600
04/05/2023,4400,4480,4400,4450,15745000
05/05/2023,4450,4490,4390,4490,19170300
08/05/2023,4480,4490,4430,4470,8305100
09/05/2023,4470,4470,4360,4390,13264100
10/05/2023,4420,4500,4400,4500,12468600
11/05/2023,4500,4500,4370,4430,10646000
12/05/2023,4430,4430,4370,4400,7003400
15/05/2023,4450,4530,4400,4500,17448600
16/05/2023,4500,4510,4460,4510,6163000
17/05/2023,4500,4510,4420,4460,8527400
19/05/2023,4460,4500,4430,4430,10102700
22/05/2023,4430,4480,4390,4420,10990800
23/05/2023,4420,4480,4420,4450,15329600
24/05/2023,4450,4450,4390,4410,0
25/05/2023,4410,4450,4370,4410,16244400
26/05/2023,4410,4430,4380,4380,8749200
29/05/2023,4400,4550,4380,4550,26644200
30/05/2023,4550,4600,4510,4540,14103700
31/05/2023,4540,4580,4500,4530,221662700
05/06/2023,4530,4550,4460,4500,14140400
06/06/2023,4500,4510,4440,4460,6400200
07/06/2023,4470,4570,4460,4570,30637600
08/06/2023,4570,4630,4540,4600,15742600
09/06/2023,4580,4600,4540,4550,11332500
12/06/2023,4590,4610,4560,4610,8165300
13/06/2023,4610,4630,4480,4510,19167100
14/06/2023,4500,4510,4410,4440,13107000
15/06/2023,4440,4520,4410,4520,10369100
16/06/2023,4500,4500,4390,4390,17780000
19/06/2023,4390,4420,4320,4380,10327500
20/06/2023,4380,4390,4300,4300,14414700
21/06/2023,4300,4370,4300,4360,11124900
22/06/2023,4370,4370,4250,4250,15969700
23/06/2023,4250,4290,4210,4270,7696300
26/06/2023,4270,4270,4230,4230,6553900
27/06/2023,4230,4280,4230,4260,10533700
03/07/2023,4250,4310,4210,4310,11030200
04/07/2023,4320,4340,4300,4330,3652500
05/07/2023,4330,4330,4280,4310,6305600
06/07/2023,4260,4290,4220,4250,12604100
07/07/2023,4230,4240,4210,4240,6160700
10/07/2023,4240,4320,4240,4250,7747800
11/07/2023,4260,4280,4240,4250,4794700
12/07/2023,4250,4260,4200,4210,16641400
13/07/2023,4220,4250,4210,4250,6041000
14/07/2023,4250,4290,4230,4250,10570200
17/07/2023,4260,4290,4250,4270,9589000
18/07/2023,4270,4300,4230,4270,4258600
20/07/2023,4260,4270,4210,4220,8607100
21/07/2023,4220,4290,4220,4290,6015200
24/07/2023,4290,4340,4270,4290,8770000
25/07/2023,4190,4190,4020,4050,49204900
26/07/2023,4050,4070,3950,3970,37401200
27/07/2023,3970,4000,3840,3840,40562400
28/07/2023,3850,3900,3810,3870,20221700
31/07/2023,3870,3890,3830,3850,19175000
01/08/2023,3830,3850,3770,3770,20623500
02/08/2023,3770,3800,3680,3690,28813900
03/08/2023,3690,3830,3670,3770,26351700
04/08/2023,3780,3810,3730,3740,18183400
07/08/2023,3740,3770,3720,3720,7680200
08/08/2023,3730,3790,3730,3750,10061700
09/08/2023,3750,3770,3720,3720,13411000
10/08/2023,3720,3730,3680,3680,13438900
11/08/2023,3680,3720,3680,3700,7702800
14/08/2023,3700,3730,3630,3730,13589300
15/08/2023,3750,3750,3690,3730,9907900
16/08/2023,3730,3730,3680,3730,5265200
18/08/2023,3680,3720,3680,3690,10416200
21/08/2023,3700,3730,3690,3710,6141700
22/08/2023,3710,3720,3700,3710,5435600
23/08/2023,3710,3780,3700,3750,9837500
24/08/2023,3750,3760,3720,3720,6318100
25/08/2023,3720,3760,3700,3760,5639900
28/08/2023,3790,3800,3760,3780,4538300
29/08/2023,3780,3800,3760,3760,4023200
30/08/2023,3790,3790,3740,3740,6862300
31/08/2023,3740,3760,3670,3670,17604900
01/09/2023,3670,3720,3630,3660,14230900
04/09/2023,3670,3690,3660,3660,4215000
05/09/2023,3660,3670,3600,3620,13723200
06/09/2023,3620,3680,3600,3650,9878900
07/09/2023,3660,3670,3600,3630,13672200
08/09/2023,3630,3630,3570,3610,13784500
11/09/2023,3610,3650,3580,3650,7703500
12/09/2023,3650,3660,3610,3620,6763100
13/09/2023,3630,3630,3570,3590,7890700
14/09/2023,3580,3610,3560,3560,7980500
15/09/2023,3550,3570,3500,3500,19503200
18/09/2023,3500,3520,3460,3470,11035100
19/09/2023,3490,3630,3480,3580,10301100
20/09/2023,3580,3670,3570,3630,12091400
21/09/2023,3630,3780,3580,3770,24626400
22/09/2023,3770,3890,3750,3850,24114800
25/09/2023,3860,3890,3790,3820,10923700
26/09/2023,3800,3820,3770,3820,11435500
27/09/2023,3820,3820,3720,3770,9958600
29/09/2023,3770,3780,3690,3740,10670700
02/10/2023,3740,3780,3700,3700,7916700
03/10/2023,3700,3700,3590,3590,19196000
04/10/2023,3590,3610,3540,3580,9896800
05/10/2023,3610,3680,3580,3660,12777300
06/10/2023,3680,3840,3670,3800,23551700
09/10/2023,3800,3800,3700,3720,8305700
10/10/2023,3720,3750,3670,3670,3722500
11/10/2023,3670,3710,3610,3610,12320900
12/10/2023,3620,3670,3610,3630,10447600
13/10/2023,3610,3660,3610,3650,5584300
16/10/2023,3660,3670,3620,3650,4544700
17/10/2023,3650,3840,3630,3830,21600800
18/10/2023,3830,3840,3760,3820,8686200
19/10/2023,3800,3850,3770,3810,8884300
20/10/2023,3810,3880,3730,3860,13601000
23/10/2023,3860,3860,3760,3840,7703300
24/10/2023,3830,4000,3790,3990,29824500
25/10/2023,4000,4100,4000,4080,27547000
26/10/2023,4050,4050,3960,3980,19249700
27/10/2023,3980,4070,3950,3980,19668800
30/10/2023,3970,3970,3720,3790,26309000
31/10/2023,3790,3820,3620,3620,26496500
01/11/2023,3600,3650,3550,3580,22592200
02/11/2023,3600,3670,3570,3590,20934700
03/11/2023,3590,3610,3520,3550,17879200
06/11/2023,3550,3630,3550,3620,11111200
07/11/2023,3620,3620,3550,3570,10356800
08/11/2023,3560,3600,3560,3600,6267300
09/11/2023,3600,3600,3580,3600,4264700
10/11/2023,3600,3600,3550,3590,4501100
13/11/2023,3590,3590,3510,3530,9074200
14/11/2023,3510,3520,3470,3480,13579700
15/11/2023,3500,3530,3410,3430,30575200
16/11/2023,3440,3460,3420,3460,7704400
17/11/2023,3470,3470,3420,3470,13562900
20/11/2023,3470,3470,3420,3460,4352900
21/11/2023,3460,3490,3430,3480,11470300
22/11/2023,3480,3520,3450,3500,16968700
23/11/2023,3510,3580,3500,3540,16669800
24/11/2023,3550,3580,3520,3530,4341700
27/11/2023,3530,3550,3500,3520,11935500
28/11/2023,3520,3640,3520,3600,13638400
29/11/2023,3600,3640,3560,3630,9785100
30/11/2023,3630,3650,3570,3650,40876300
01/12/2023,3600,3700,3590,3630,11652900
04/12/2023,3640,3670,3550,3630,17107000
05/12/2023,3590,3620,3570,3620,14546100
06/12/2023,3620,3630,3500,3510,16666500
07/12/2023,3510,3570,3500,3570,7254400
08/12/2023,3570,3570,3490,3510,10274300
11/12/2023,3500,3510,3470,3500,7700700
12/12/2023,3500,3510,3420,3430,11409300
13/12/2023,3430,3460,3400,3450,5871300
14/12/2023,3450,3450,3400,3400,6953500
15/12/2023,3400,3500,3330,3500,24909000
18/12/2023,3480,3480,3380,3410,10582500
19/12/2023,3410,3440,3380,3430,4909700
20/12/2023,3430,3520,3420,3460,15667400
21/12/2023,3470,3480,3440,3470,4497500
22/12/2023,3470,3490,3440,3470,6665700
27/12/2023,3470,3520,3450,3470,7000200
28/12/2023,3500,3570,3500,3540,12314500
29/12/2023,3540,3550,3500,3530,6004400
02/01/2024,3530,3550,3500,3550,5999200
03/01/2024,3550,3560,3520,3530,3253600
04/01/2024,3530,3560,3520,3520,4485500
05/01/2024,3540,3580,3520,3520,7584800
08/01/2024,3530,3560,3470,3480,7215700
09/01/2024,3480,3490,3420,3430,6680700
10/01/2024,3430,3480,3410,3410,12276500
11/01/2024,3450,3450,3410,3410,1810300
12/01/2024,3430,3480,3410,3470,8747800
15/01/2024,3470,3480,3430,3430,7943000
16/01/2024,3430,3470,3410,3410,5862800
17/01/2024,3440,3440,3310,3320,30689000
18/01/2024,3330,3340,3290,3300,14864200
19/01/2024,3300,3300,3210,3240,15821600
22/01/2024,3220,3240,3120,3120,22069700
23/01/2024,3140,3200,3130,3180,17207800
24/01/2024,3180,3220,3150,3200,8517800
25/01/2024,3190,3200,3150,3160,11169800
26/01/2024,3160,3170,3130,3160,5350200
29/01/2024,3160,3160,3070,3080,13848500
30/01/2024,3080,3130,3010,3130,26092800
31/01/2024,3130,3150,3100,3100,18463900
01/02/2024,3100,3130,3090,3100,12723500
02/02/2024,3100,3200,3100,3170,18042600
05/02/2024,3190,3240,3180,3200,16177900
06/02/2024,3220,3270,3170,3250,14521500
07/02/2024,3250,3280,3240,3270,12311500
12/02/2024,3170,3170,2920,2920,82247100
13/02/2024,2920,2930,2800,2800,56546400
15/02/2024,2860,2940,2830,2930,37986300
16/02/2024,2930,2940,2830,2830,22773700
19/02/2024,2830,2870,2800,2800,19247100
20/02/2024,2800,2820,2760,2760,25789800
21/02/2024,2760,2760,2650,2690,42514700
22/02/2024,2690,2740,2690,2720,14447400
23/02/2024,2730,2740,2660,2690,14969800
26/02/2024,2690,2690,2590,2590,30113500
27/02/2024,2590,2640,2570,2620,23069800
28/02/2024,2620,2720,2610,2700,23977800
29/02/2024,2710,2730,2640,2730,33006500
01/03/2024,2710,2730,2660,2730,13019300
04/03/2024,2730,2740,2660,2670,9755100
05/03/2024,2670,2690,2640,2670,9041900
06/03/2024,2680,2720,2670,2690,8404900
07/03/2024,2700,2730,2680,2730,18964900
08/03/2024,2730,2740,2660,2660,9291000
13/03/2024,2720,2720,2660,2720,18542100
14/03/2024,2720,2720,2660,2690,23624800
15/03/2024,2660,2690,2620,2640,31980100
18/03/2024,2640,2800,2640,2770,31870900
19/03/2024,2780,2790,2740,2740,7212400
20/03/2024,2760,2820,2740,2760,20534200
21/03/2024,2760,2780,2720,2720,10191700
22/03/2024,2720,2750,2670,2720,12568600
25/03/2024,2760,2760,2690,2760,9638300
26/03/2024,2770,2770,2730,2770,12137600
27/03/2024,2730,2770,2720,2730,8171400
28/03/2024,2730,2740,2650,2700,22405000
01/04/2024,2700,2730,2630,2730,10886900
02/04/2024,2720,2740,2700,2740,7454900
03/04/2024,2740,2740,2670,2690,10531600
04/04/2024,2690,2790,2690,2710,15061600
05/04/2024,2710,2730,2680,2680,4694500
16/04/2024,2600,2630,2540,2540,20692600
17/04/2024,2540,2550,2370,2370,35911000
18/04/2024,2370,2430,2370,2390,13303400
19/04/2024,2380,2440,2330,2380,13199200
22/04/2024,2400,2430,2370,2410,6973300
23/04/2024,2420,2430,2330,2330,13225400
24/04/2024,2350,2420,2350,2390,14639700
25/04/2024,2500,2690,2500,2640,49635500
26/04/2024,2650,2750,2590,2590,31837700
29/04/2024,2600,2610,2480,2590,20630300
30/04/2024,2590,2670,2560,2620,21069900
02/05/2024,2620,2640,2570,2640,12789700
03/05/2024,2640,2650,2570,2600,12159100
06/05/2024,2650,2650,2570,2600,4220900
07/05/2024,2600,2600,2530,2540,8625300
08/05/2024,2540,2580,2530,2560,11512500
13/05/2024,2560,2690,2560,2650,23948700
14/05/2024,2670,2710,2640,2700,10089800
15/05/2024,2700,2710,2650,2680,7512400
16/05/2024,2680,2700,2660,2700,8083900
17/05/2024,2700,2750,2700,2710,9948800
20/05/2024,2710,2750,2680,2700,6973900
21/05/2024,2710,2910,2700,2910,44624100
22/05/2024,2910,3090,2870,3060,50452500
27/05/2024,3090,3270,3090,3260,54566200
28/05/2024,3290,3390,3160,3280,29382200
29/05/2024,3280,3280,2970,3010,28321900
30/05/2024,3000,3190,2970,3110,32045000
31/05/2024,3160,3230,3120,3120,93435800
03/06/2024,3150,3190,3070,3080,16632800
04/06/2024,3080,3200,3070,3130,20118800
05/06/2024,3140,3160,3060,3070,15373900
06/06/2024,3080,3170,3070,3080,9097200
07/06/2024,3080,3100,3010,3010,18546500
10/06/2024,3010,3160,3010,3070,16337700
11/06/2024,3090,3120,3050,3060,9309500
12/06/2024,3060,3120,3020,3060,9454500
13/06/2024,3060,3120,3060,3060,11469600
14/06/2024,3090,3210,3070,3200,31693600
19/06/2024,3200,3200,3060,3070,26712400
20/06/2024,3090,3100,2950,3040,15901600
21/06/2024,3040,3100,2990,2990,31954300
24/06/2024,3010,3060,3010,3010,11463100
25/06/2024,3010,3030,3000,3010,6407300
26/06/2024,3010,3050,2990,3010,10002000
27/06/2024,3030,3100,3010,3080,11445600
28/06/2024,3070,3100,3020,3020,22976500
01/07/2024,2990,3000,2950,2960,19111600
02/07/2024,2960,2980,2940,2970,18080200
03/07/2024,2970,2970,2920,2940,13475700
04/07/2024,2930,2950,2900,2920,9162800
05/07/2024,2920,2940,2910,2910,3813800
08/07/2024,2920,3050,2920,3050,13331300
09/07/2024,3070,3080,2970,3000,9920600
10/07/2024,3000,3010,2950,2960,7287100
11/07/2024,2970,2990,2900,2900,15616700
12/07/2024,2910,2950,2900,2920,8178100
15/07/2024,2940,2950,2890,2930,11015000
16/07/2024,2930,2930,2810,2810,16544200
17/07/2024,2830,2880,2820,2860,6442600
18/07/2024,2860,2880,2800,2800,15388600
19/07/2024,2800,2830,2770,2800,13042200
22/07/2024,2800,2830,2730,2740,11835200
23/07/2024,2740,2770,2710,2730,9975200
24/07/2024,2730,2740,2700,2720,8819600
25/07/2024,2600,2630,2460,2490,49706400
26/07/2024,2500,2520,2480,2490,10432400
29/07/2024,2490,2520,2450,2460,15273200
30/07/2024,2480,2480,2410,2430,13418000
31/07/2024,2440,2450,2410,2440,12819500
01/08/2024,2440,2510,2440,2500,12299900
02/08/2024,2500,2540,2430,2430,12724200
05/08/2024,2430,2450,2370,2410,12797900
06/08/2024,2430,2490,2410,2460,13817000
07/08/2024,2460,2480,2440,2480,7543700
08/08/2024,2470,2500,2460,2460,6237100
09/08/2024,2470,2490,2440,2460,4069500
12/08/2024,2460,2480,2440,2460,6165000
13/08/2024,2470,2470,2430,2450,9960500
14/08/2024,2450,2460,2410,2430,19701700
15/08/2024,2410,2430,2380,2380,14678100
16/08/2024,2390,2410,2380,2390,15338700
19/08/2024,2390,2410,2340,2360,27231100
20/08/2024,2360,2410,2340,2370,47604400
21/08/2024,2380,2430,2360,2360,58997300
22/08/2024,2360,2390,2330,2350,23164600
23/08/2024,2350,2380,2350,2350,17697600
26/08/2024,2350,2380,2330,2350,20397600
27/08/2024,2350,2360,2250,2290,53066300
28/08/2024,2290,2290,2240,2250,33915800
29/08/2024,2250,2280,2240,2240,16896700
30/08/2024,2240,2280,2240,2270,35048000
02/09/2024,2280,2330,2260,2290,33193700
03/09/2024,2290,2300,2250,2250,20121900
04/09/2024,2250,2260,2230,2240,17653400
05/09/2024,2240,2250,2220,2220,19923600
06/09/2024,2220,2250,2200,2220,22143400
09/09/2024,2220,2230,2170,2190,28639100
10/09/2024,2190,2240,2190,2210,15566300
11/09/2024,2210,2270,2190,2190,19451900
12/09/2024,2200,2240,2190,2220,19386200
13/09/2024,2220,2230,2180,2200,22249000
17/09/2024,2200,2210,2170,2180,16822800
18/09/2024,2190,2210,2180,2210,14504400
19/09/2024,2210,2300,2200,2200,71191900
20/09/2024,2200,2210,2170,2170,41017800
23/09/2024,2190,2210,2170,2210,17520500
24/09/2024,2220,2270,2210,2260,25946800
25/09/2024,2260,2300,2240,2300,36252700
26/09/2024,2300,2310,2260,2300,24682000
27/09/2024,2310,2340,2270,2270,38117300
30/09/2024,2270,2290,2210,2210,29424700
01/10/2024,2230,2240,2190,2210,19633500
02/10/2024,2200,2210,2160,2170,28428400
03/10/2024,2170,2200,2140,2190,17310900
04/10/2024,2190,2200,2170,2170,8635300
07/10/2024,2180,2270,2180,2270,27472500
08/10/2024,2270,2330,2240,2310,31078200
09/10/2024,2310,2350,2280,2280,24865600
10/10/2024,2310,2320,2260,2280,11655300
11/10/2024,2280,2300,2240,2270,11215100
14/10/2024,2270,2320,2250,2320,15728600
15/10/2024,2320,2380,2310,2350,40827200
16/10/2024,2370,2440,2320,2440,43977800
17/10/2024,2400,2410,2370,2370,21524500
18/10/2024,2370,2370,2330,2330,12024900
21/10/2024,2340,2370,2300,2330,20893700
22/10/2024,2330,2360,2310,2320,21455700
23/10/2024,2320,2340,2290,2330,12440600
24/10/2024,2170,2200,2100,2130,81409800
25/10/2024,2130,2160,2100,2100,30244700
28/10/2024,2100,2110,2020,2020,23210300
29/10/2024,2020,2060,1990,2020,31036200
30/10/2024,2020,2020,1960,1960,29695000
31/10/2024,1960,1985,1960,1965,12410700
01/11/2024,1965,1970,1950,1955,9685800
04/11/2024,1955,1960,1870,1870,22080600
05/11/2024,1870,1895,1780,1780,44741100
06/11/2024,1775,1790,1745,1755,35209700
07/11/2024,1755,1785,1735,1735,19840000
08/11/2024,1745,1775,1740,1760,19093300
11/11/2024,1765,1770,1735,1740,22473500
12/11/2024,1745,1825,1740,1825,24318400
13/11/2024,1895,1895,1800,1800,22535900
14/11/2024,1800,1815,1770,1770,12795300
15/11/2024,1770,1850,1770,1845,25035400
18/11/2024,1850,1850,1805,1820,9937400
19/11/2024,1820,1835,1805,1805,7647900
20/11/2024,1805,1830,1800,1805,8032900
21/11/2024,1800,1820,1740,1740,21864200
22/11/2024,1755,1810,1750,1795,11683400
25/11/2024,1810,1915,1810,1915,51638500
26/11/2024,1920,1935,1870,1870,25359300
28/11/2024,1900,1940,1885,1885,18645200
29/11/2024,1885,1905,1855,1865,15027900
02/12/2024,1850,1900,1850,1875,8835100
03/12/2024,1880,1900,1860,1875,8008800
04/12/2024,1865,1920,1860,1910,11996400
05/12/2024,1890,1890,1850,1875,6319800
06/12/2024,1875,1885,1860,1870,3507600
09/12/2024,1870,1915,1865,1895,7794200
10/12/2024,1910,2040,1900,2000,39307500
11/12/2024,2000,2020,1945,1945,19931300
12/12/2024,1950,1955,1905,1905,7574000
13/12/2024,1905,1905,1855,1870,8899500
16/12/2024,1870,1870,1820,1825,7627000
17/12/2024,1810,1830,1760,1760,17086100
18/12/2024,1785,1820,1750,1805,10167000
19/12/2024,1795,1795,1760,1770,6313900
20/12/2024,1770,1785,1750,1750,16051300
23/12/2024,1765,1795,1755,1785,5679500
24/12/2024,1785,1820,1780,1780,3695800
27/12/2024,1785,1860,1780,1840,9226300
30/12/2024,1840,1890,1820,1885,9186900
02/01/2025,1900,1900,1820,1835,6628000
03/01/2025,1835,1840,1775,1775,22048300
06/01/2025,1775,1805,1745,1745,8325600
07/01/2025,1750,1780,1750,1780,6024700
08/01/2025,1780,1780,1725,1725,10493000
09/01/2025,1725,1745,1690,1690,6587100
10/01/2025,1695,1715,1685,1705,6937800
13/01/2025,1710,1745,1705,1720,6631600
14/01/2025,1720,1790,1720,1745,13966800
15/01/2025,1745,1765,1735,1735,7251900
16/01/2025,1750,1790,1745,1785,12071200
17/01/2025,1785,1790,1765,1790,3435700
20/01/2025,1790,1790,1750,1750,5138200
21/01/2025,1760,1770,1730,1730,6381600
22/01/2025,1730,1750,1695,1695,11612400
23/01/2025,1700,1740,1700,1740,12035700
24/01/2025,1745,1745,1690,1690,7185100
30/01/2025,1690,1690,1645,1650,8535800
31/01/2025,1650,1660,1630,1630,12703300
03/02/2025,1635,1640,1580,1580,12109000
04/02/2025,1580,1620,1560,1565,9816400
05/02/2025,1565,1575,1550,1565,7078900
06/02/2025,1565,1565,1500,1510,11260100
07/02/2025,1510,1510,1425,1425,23092400
10/02/2025,1425,1545,1425,1505,22972400
11/02/2025,1525,1530,1425,1425,12501100
12/02/2025,1425,1445,1370,1375,47552000
13/02/2025,1370,1420,1290,1415,74244500
14/02/2025,1420,1500,1420,1465,30530500
17/02/2025,1475,1500,1425,1440,30852000
18/02/2025,1440,1460,1420,1450,24087300
19/02/2025,1450,1450,1375,1375,36371600
20/02/2025,1380,1405,1330,1350,29020400
21/02/2025,1345,1355,1290,1290,37424600
24/02/2025,1295,1305,1255,1265,33750800
25/02/2025,1240,1255,1150,1150,116532600
26/02/2025,1160,1225,1155,1200,123211400
27/02/2025,1215,1265,1185,1200,64065200
28/02/2025,1200,1210,1015,1015,785826000
03/03/2025,985,1215,985,1125,505933700
04/03/2025,1125,1160,1075,1090,169188900
05/03/2025,1095,1185,1095,1120,152284100
06/03/2025,1130,1165,1110,1140,75420000
07/03/2025,1150,1240,1150,1200,116830700
10/03/2025,1205,1230,1175,1180,73948200
11/03/2025,1170,1200,1145,1190,35888100
12/03/2025,1200,1210,1150,1150,59364000
13/03/2025,1160,1280,1155,1260,123437300
14/03/2025,1270,1335,1260,1300,148060700
17/03/2025,1310,1375,1305,1365,98617100
18/03/2025,1365,1380,1300,1360,112819800
19/03/2025,1360,1420,1335,1360,84280900
20/03/2025,1365,1370,1295,1305,72533700
21/03/2025,1305,1330,1255,1295,76199400
24/03/2025,1275,1290,1225,1250,34134300
25/03/2025,1255,1275,1220,1245,26275100
26/03/2025,1240,1275,1235,1240,24278400
27/03/2025,1240,1285,1225,1265,24029300
08/04/2025,1150,1180,1125,1180,43015400
09/04/2025,1165,1220,1135,1155,37069200
10/04/2025,1210,1285,1195,1285,43797500
11/04/2025,1275,1340,1255,1310,27972400
14/04/2025,1310,1420,1310,1360,49982800
15/04/2025,1375,1380,1325,1330,30552000
16/04/2025,1335,1355,1300,1320,21173800
17/04/2025,1335,1345,1305,1320,18038000
21/04/2025,1320,1415,1310,1345,43443800
22/04/2025,1350,1400,1335,1385,31082500
23/04/2025,1410,1450,1390,1425,57026800
24/04/2025,1450,1500,1435,1495,77362800
25/04/2025,1530,1865,1530,1750,238892100
28/04/2025,1760,1795,1650,1665,80356100
29/04/2025,1665,1700,1645,1680,31457700
30/04/2025,1680,1750,1665,1715,50952000
02/05/2025,1720,1775,1700,1755,44238500
05/05/2025,1755,1850,1750,1775,47018900
06/05/2025,1790,1830,1780,1830,26653000
07/05/2025,1850,1860,1810,1810,22389700
08/05/2025,1810,1810,1750,1780,36530300
09/05/2025,1760,1815,1755,1780,14223700
14/05/2025,1780,1820,1765,1785,24584500
15/05/2025,1785,1825,1785,1790,18453900
16/05/2025,1820,1820,1755,1765,21422400
19/05/2025,1770,1785,1715,1765,32689200
20/05/2025,1770,1780,1705,1710,31119800
21/05/2025,1705,1760,1670,1760,27634600
22/05/2025,1760,1855,1735,1815,86079500
23/05/2025,1820,1825,1775,1785,22559300
26/05/2025,1785,1805,1760,1765,18393000
27/05/2025,1765,1790,1740,1740,14533400
28/05/2025,1745,1750,1710,1730,25197600
02/06/2025,1730,1765,1710,1730,26515500
03/06/2025,1720,1765,1685,1690,31456000
04/06/2025,1720,1735,1640,1645,31712900
05/06/2025,1655,1655,1605,1625,17144300
10/06/2025,1625,1665,1610,1620,16264300
11/06/2025,1630,1635,1595,1615,23130800
12/06/2025,1610,1650,1600,1625,23384800
13/06/2025,1625,1625,1545,1560,34564600
16/06/2025,1515,1535,1480,1500,32740100
17/06/2025,1500,1500,1465,1480,21223700
18/06/2025,1475,1475,1425,1470,27062700
19/06/2025,1460,1470,1420,1450,27276600
20/06/2025,1440,1455,1380,1380,31257500
23/06/2025,1340,1390,1305,1365,48228000
24/06/2025,1400,1465,1400,1445,47068000
25/06/2025,1470,1470,1430,1455,24246700
26/06/2025,1450,1460,1425,1460,9127100
30/06/2025,1475,1475,1450,1450,17199800
01/07/2025,1445,1485,1430,1470,22384600
02/07/2025,1480,1530,1450,1470,37642300
03/07/2025,1470,1625,1455,1595,55965500
04/07/2025,1600,1605,1515,1545,38933100
07/07/2025,1565,1570,1525,1560,16928200
08/07/2025,1560,1560,1515,1520,18964100
09/07/2025,1520,1520,1485,1515,8633400
10/07/2025,1515,1600,1485,1580,38371900
11/07/2025,1585,1620,1570,1575,30404800
14/07/2025,1575,1600,1550,1575,12776800
15/07/2025,1575,1580,1545,1570,9128300
16/07/2025,1565,1575,1540,1560,14183800
17/07/2025,1560,1610,1550,1575,24874600
18/07/2025,1580,1595,1510,1510,23315100
21/07/2025,1515,1590,1515,1550,25039900
22/07/2025,1550,1585,1550,1570,15936600
23/07/2025,1580,1590,1535,1570,15743800
24/07/2025,1570,1625,1570,1585,24659800
25/07/2025,1595,1610,1540,1545,14119700
28/07/2025,1545,1580,1545,1555,26625700
29/07/2025,1560,1575,1540,1555,29894600
30/07/2025,1555,1560,1525,1530,16040100
31/07/2025,1570,1740,1525,1710,213621800
01/08/2025,1705,1780,1690,1770,99467400
04/08/2025,1775,1785,1735,1760,37102700
05/08/2025,1760,1835,1750,1800,85662300
06/08/2025,1800,1800,1735,1735,33639400
07/08/2025,1735,1770,1735,1765,15105200
08/08/2025,1765,1795,1735,1750,12034100
11/08/2025,1755,1780,1750,1760,18272400
12/08/2025,1760,1820,1760,1790,38523100
13/08/2025,1800,1825,1775,1785,26026700
14/08/2025,1795,1915,1790,1830,85270700
15/08/2025,1830,1840,1750,1750,36984000
19/08/2025,1755,1845,1755,1830,40549300
20/08/2025,1830,1840,1785,1805,21223900
21/08/2025,1800,1830,1800,1815,10486800
22/08/2025,1830,1830,1770,1770,14344500
25/08/2025,1775,1810,1770,1775,10311100
26/08/2025,1775,1800,1750,1790,14548700
27/08/2025,1790,1795,1735,1755,15955700
28/08/2025,1755,1760,1745,1750,13246200
29/08/2025,1730,1730,1690,1700,24836500
01/09/2025,1650,1710,1645,1700,15262900
02/09/2025,1700,1745,1700,1700,15840700
03/09/2025,1700,1730,1700,1710,11426700
04/09/2025,1705,1735,1700,1705,27702300
08/09/2025,1705,1715,1685,1695,38625200
