Date,Adj Close_INDY.JK,Close_INDY.JK,High_INDY.JK,Low_INDY.JK,Open_INDY.JK,Volume_INDY.JK
2010-09-06,2128.332763671875,3275.0,3300.0,3225.0,3275.0,23653000
2010-09-07,2112.086181640625,3250.0,3300.0,3225.0,3250.0,7149000
2010-09-15,2112.086181640625,3250.0,3275.0,3225.0,3250.0,12209000
2010-09-16,2112.086181640625,3250.0,3275.0,3225.0,3250.0,16348000
2010-09-17,2144.579833984375,3300.0,3350.0,3250.0,3300.0,50257500
2010-09-20,2112.086181640625,3250.0,3325.0,3225.0,3250.0,15496000
2010-09-21,2095.839111328125,3225.0,3300.0,3150.0,3225.0,13108500
2010-09-22,2079.59228515625,3200.0,3250.0,3150.0,3200.0,24264000
2010-09-23,2014.6053466796875,3100.0,3200.0,3075.0,3100.0,9967000
2010-09-24,2095.839111328125,3225.0,3225.0,3075.0,3225.0,12982500
2010-09-27,2079.59228515625,3200.0,3275.0,3175.0,3200.0,19373000
2010-09-28,2079.59228515625,3200.0,3200.0,3150.0,3200.0,12446000
2010-09-29,2079.59228515625,3200.0,3250.0,3150.0,3200.0,34756000
2010-09-30,2160.826416015625,3325.0,3350.0,3200.0,3325.0,42435500
2010-10-01,2209.566650390625,3400.0,3425.0,3325.0,3400.0,43626000
2010-10-04,2193.320068359375,3375.0,3425.0,3350.0,3375.0,18578500
2010-10-05,2177.0732421875,3350.0,3375.0,3325.0,3350.0,21673000
2010-10-06,2209.566650390625,3400.0,3400.0,3350.0,3400.0,43458000
2010-10-07,2160.826416015625,3325.0,3400.0,3300.0,3325.0,15992500
2010-10-08,2160.826416015625,3325.0,3325.0,3275.0,3325.0,19703500
2010-10-11,2160.826416015625,3325.0,3375.0,3300.0,3325.0,17542000
2010-10-12,2144.579833984375,3300.0,3350.0,3275.0,3300.0,21577000
2010-10-13,2177.0732421875,3350.0,3375.0,3300.0,3350.0,32689500
2010-10-14,2209.566650390625,3400.0,3450.0,3350.0,3400.0,29588000
2010-10-15,2193.320068359375,3375.0,3400.0,3350.0,3375.0,12505000
2010-10-18,2177.0732421875,3350.0,3400.0,3325.0,3350.0,15942500
2010-10-19,2177.0732421875,3350.0,3375.0,3325.0,3350.0,13999000
2010-10-20,2160.826416015625,3325.0,3325.0,3275.0,3325.0,13373500
2010-10-21,2177.0732421875,3350.0,3375.0,3300.0,3350.0,19281500
2010-10-22,2225.813720703125,3425.0,3425.0,3300.0,3425.0,26534000
2010-10-25,2355.788330078125,3625.0,3650.0,3400.0,3625.0,61277000
2010-10-26,2355.788330078125,3625.0,3700.0,3575.0,3625.0,22940000
2010-10-27,2323.29443359375,3575.0,3625.0,3550.0,3575.0,13681000
2010-10-28,2339.541259765625,3600.0,3625.0,3550.0,3600.0,11362000
2010-10-29,2372.034912109375,3650.0,3675.0,3575.0,3650.0,14012500
2010-11-01,2372.034912109375,3650.0,3675.0,3600.0,3650.0,14007500
2010-11-02,2437.0224609375,3750.0,3800.0,3625.0,3750.0,25974500
2010-11-03,2388.28173828125,3675.0,3775.0,3625.0,3675.0,10235500
2010-11-04,2404.5283203125,3700.0,3750.0,3675.0,3700.0,15054000
2010-11-05,2485.7626953125,3825.0,3850.0,3725.0,3825.0,18565000
2010-11-08,2502.009521484375,3850.0,3925.0,3825.0,3850.0,16087000
2010-11-09,2518.256103515625,3875.0,3925.0,3825.0,3875.0,23383000
2010-11-10,2534.502685546875,3900.0,3925.0,3850.0,3900.0,11234500
2010-11-11,2516.73779296875,3825.0,3825.0,3700.0,3825.0,60053000
2010-11-12,2434.491455078125,3700.0,3825.0,3650.0,3700.0,23868000
2010-11-15,2385.144287109375,3625.0,3725.0,3575.0,3625.0,21560000
2010-11-16,2401.59326171875,3650.0,3750.0,3575.0,3650.0,28774000
2010-11-18,2483.83935546875,3775.0,3775.0,3625.0,3775.0,22874500
2010-11-19,2566.08544921875,3900.0,3925.0,3750.0,3900.0,27640500
2010-11-22,2598.984375,3950.0,3950.0,3900.0,3950.0,11871500
2010-11-23,2516.73779296875,3825.0,3950.0,3800.0,3825.0,15245000
2010-11-24,2500.288818359375,3800.0,3875.0,3725.0,3800.0,8916000
2010-11-25,2516.73779296875,3825.0,3875.0,3800.0,3825.0,6621000
2010-11-26,2533.187255859375,3850.0,3900.0,3825.0,3850.0,12541500
2010-11-29,2631.8828125,4000.0,4025.0,3825.0,4000.0,24251500
2010-11-30,2566.08544921875,3900.0,4050.0,3875.0,3900.0,19717500
2010-12-01,2697.68017578125,4100.0,4100.0,3900.0,4100.0,27905500
2010-12-02,2895.071044921875,4400.0,4425.0,4150.0,4400.0,37223000
2010-12-03,2944.4189453125,4475.0,4475.0,4350.0,4475.0,20031500
2010-12-06,3043.114501953125,4625.0,4775.0,4500.0,4625.0,11919000
2010-12-08,3026.664794921875,4600.0,4600.0,4475.0,4600.0,17326500
2010-12-09,3026.664794921875,4600.0,4650.0,4550.0,4600.0,13913000
2010-12-10,2977.3173828125,4525.0,4625.0,4500.0,4525.0,9588000
2010-12-13,2960.8681640625,4500.0,4575.0,4425.0,4500.0,10302000
2010-12-14,2862.17236328125,4350.0,4525.0,4350.0,4350.0,6445500
2010-12-15,2812.824462890625,4275.0,4425.0,4200.0,4275.0,8008500
2010-12-16,2730.578369140625,4150.0,4275.0,4075.0,4150.0,9702000
2010-12-17,2812.824462890625,4275.0,4275.0,4075.0,4275.0,12218000
2010-12-20,2747.02734375,4175.0,4300.0,4150.0,4175.0,4386000
2010-12-21,2829.273681640625,4300.0,4325.0,4175.0,4300.0,13466000
2010-12-22,2895.071044921875,4400.0,4450.0,4300.0,4400.0,9690000
2010-12-23,2895.071044921875,4400.0,4425.0,4375.0,4400.0,6846000
2010-12-27,2960.8681640625,4500.0,4550.0,4400.0,4500.0,8896000
2010-12-28,2993.7666015625,4550.0,4575.0,4500.0,4550.0,4655000
2010-12-29,3076.01318359375,4675.0,4700.0,4525.0,4675.0,9953500
2010-12-30,3108.91162109375,4725.0,4875.0,4600.0,4725.0,17883000
2011-01-03,3355.65087890625,5100.0,5250.0,4725.0,5100.0,13216000
2011-01-04,3487.24462890625,5300.0,5550.0,5200.0,5300.0,11061500
2011-01-05,3454.34619140625,5250.0,5300.0,5000.0,5250.0,9279500
2011-01-06,3421.447998046875,5200.0,5350.0,5050.0,5200.0,16307500
2011-01-07,3256.954833984375,4950.0,5100.0,4900.0,4950.0,13868000
2011-01-10,3092.46240234375,4700.0,4925.0,4600.0,4700.0,17883500
2011-01-11,3026.664794921875,4600.0,4825.0,4550.0,4600.0,13169500
2011-01-12,3273.404052734375,4975.0,4975.0,4625.0,4975.0,13230500
2011-01-13,3240.505126953125,4925.0,5100.0,4900.0,4925.0,10938500
2011-01-14,3256.954833984375,4950.0,4950.0,4800.0,4950.0,6010500
2011-01-17,3174.708984375,4825.0,4975.0,4800.0,4825.0,6733500
2011-01-18,3207.607177734375,4875.0,4875.0,4750.0,4875.0,6082500
2011-01-19,3191.157958984375,4850.0,4900.0,4800.0,4850.0,3355000
2011-01-20,2993.7666015625,4550.0,4800.0,4525.0,4550.0,12951500
2011-01-21,2960.8681640625,4500.0,4525.0,4225.0,4500.0,21722500
2011-01-24,2812.824462890625,4275.0,4450.0,4125.0,4275.0,19847500
2011-01-25,2862.17236328125,4350.0,4400.0,4275.0,4350.0,20976500
2011-01-26,2796.375732421875,4250.0,4325.0,4150.0,4250.0,27852500
2011-01-27,2862.17236328125,4350.0,4450.0,4200.0,4350.0,31546500
2011-01-28,2779.92578125,4225.0,4325.0,4200.0,4225.0,10180000
2011-01-31,2681.23046875,4075.0,4175.0,4025.0,4075.0,9668000
2011-02-01,2812.824462890625,4275.0,4275.0,4075.0,4275.0,21032500
2011-02-02,2763.476806640625,4200.0,4325.0,4150.0,4200.0,18507500
2011-02-04,2779.92578125,4225.0,4250.0,4175.0,4225.0,4355500
2011-02-07,2730.578369140625,4150.0,4250.0,4100.0,4150.0,9560500
2011-02-08,2697.68017578125,4100.0,4175.0,4050.0,4100.0,16839500
2011-02-09,2615.43310546875,3975.0,4150.0,3925.0,3975.0,13262000
2011-02-10,2533.187255859375,3850.0,3925.0,3825.0,3850.0,26033500
2011-02-11,2582.53515625,3925.0,3925.0,3750.0,3925.0,20082500
2011-02-14,2500.288818359375,3800.0,3950.0,3800.0,3800.0,11515500
2011-02-16,2500.288818359375,3800.0,3850.0,3750.0,3800.0,11334000
2011-02-17,2450.94091796875,3725.0,3825.0,3700.0,3725.0,12747000
2011-02-18,2516.73779296875,3825.0,3850.0,3725.0,3825.0,23210000
2011-02-21,2483.83935546875,3775.0,3825.0,3775.0,3775.0,13969500
2011-02-22,2450.94091796875,3725.0,3750.0,3650.0,3725.0,12807000
2011-02-23,2500.288818359375,3800.0,3850.0,3725.0,3800.0,27448500
2011-02-24,2450.94091796875,3725.0,3800.0,3675.0,3725.0,6140500
2011-02-25,2450.94091796875,3725.0,3750.0,3700.0,3725.0,3897000
2011-02-28,2500.288818359375,3800.0,3800.0,3725.0,3800.0,7712500
2011-03-01,2533.187255859375,3850.0,3925.0,3800.0,3850.0,18542000
2011-03-02,2533.187255859375,3850.0,3875.0,3825.0,3850.0,10436500
2011-03-03,2566.08544921875,3900.0,3925.0,3850.0,3900.0,21845500
2011-03-04,2566.08544921875,3900.0,3950.0,3875.0,3900.0,19766000
2011-03-07,2582.53515625,3925.0,3925.0,3850.0,3925.0,2895000
2011-03-08,2549.63671875,3875.0,3925.0,3850.0,3875.0,16021000
2011-03-09,2533.187255859375,3850.0,3900.0,3800.0,3850.0,10486500
2011-03-10,2500.288818359375,3800.0,3850.0,3750.0,3800.0,6588500
2011-03-11,2467.390380859375,3750.0,3800.0,3725.0,3750.0,5864000
2011-03-14,2549.63671875,3875.0,3975.0,3725.0,3875.0,48931000
2011-03-15,2533.187255859375,3850.0,3900.0,3750.0,3850.0,35605500
2011-03-16,2533.187255859375,3850.0,3875.0,3825.0,3850.0,8181500
2011-03-17,2533.187255859375,3850.0,3875.0,3775.0,3850.0,11476000
2011-03-18,2566.08544921875,3900.0,3900.0,3850.0,3900.0,10089500
2011-03-21,2664.78076171875,4050.0,4050.0,3900.0,4050.0,24275000
2011-03-22,2631.8828125,4000.0,4075.0,3975.0,4000.0,10299000
2011-03-23,2631.8828125,4000.0,4000.0,4000.0,4000.0,0
2011-03-24,2730.578369140625,4150.0,4175.0,4025.0,4150.0,20872500
2011-03-25,2714.12939453125,4125.0,4200.0,4125.0,4125.0,7212000
2011-03-28,2697.68017578125,4100.0,4175.0,4075.0,4100.0,12175000
2011-03-29,2664.78076171875,4050.0,4100.0,4025.0,4050.0,6394500
2011-03-30,2714.12939453125,4125.0,4125.0,4025.0,4125.0,10633000
2011-03-31,2598.984375,3950.0,4125.0,3850.0,3950.0,36348500
2011-04-01,2615.43310546875,3975.0,4050.0,3900.0,3975.0,20886500
2011-04-04,2681.23046875,4075.0,4100.0,3975.0,4075.0,15238000
2011-04-05,2730.578369140625,4150.0,4150.0,4025.0,4150.0,12799000
2011-04-06,2697.68017578125,4100.0,4175.0,4075.0,4100.0,12859000
2011-04-07,2730.578369140625,4150.0,4200.0,4100.0,4150.0,18517500
2011-04-08,2730.578369140625,4150.0,4150.0,4100.0,4150.0,6207500
2011-04-11,2664.78076171875,4050.0,4150.0,4050.0,4050.0,5677000
2011-04-12,2615.43310546875,3975.0,4050.0,3925.0,3975.0,20944000
2011-04-13,2631.8828125,4000.0,4025.0,3925.0,4000.0,11309500
2011-04-14,2631.8828125,4000.0,4025.0,3950.0,4000.0,5035500
2011-04-15,2615.43310546875,3975.0,4025.0,3975.0,3975.0,4470000
2011-04-18,2615.43310546875,3975.0,4000.0,3950.0,3975.0,6344500
2011-04-19,2582.53515625,3925.0,3950.0,3875.0,3925.0,8981500
2011-04-20,2598.984375,3950.0,3975.0,3925.0,3950.0,3471000
2011-04-21,2615.43310546875,3975.0,4025.0,3950.0,3975.0,7257500
2011-04-25,2598.984375,3950.0,4025.0,3950.0,3950.0,5056500
2011-04-26,2648.331787109375,4025.0,4025.0,3925.0,4025.0,13802500
2011-04-27,2681.23046875,4075.0,4100.0,4000.0,4075.0,13706500
2011-04-28,2648.331787109375,4025.0,4100.0,4000.0,4025.0,5229500
2011-04-29,2664.78076171875,4050.0,4050.0,4000.0,4050.0,5061500
2011-05-02,2681.23046875,4075.0,4100.0,4025.0,4075.0,5973000
2011-05-03,2681.23046875,4075.0,4075.0,4025.0,4075.0,3995500
2011-05-04,2648.331787109375,4025.0,4050.0,4000.0,4025.0,5247500
2011-05-05,2747.02734375,4175.0,4200.0,4000.0,4175.0,78362000
2011-05-06,2730.578369140625,4150.0,4225.0,4125.0,4150.0,37165000
2011-05-09,2730.578369140625,4150.0,4200.0,4125.0,4150.0,12103000
2011-05-10,2697.68017578125,4100.0,4150.0,4100.0,4100.0,5288500
2011-05-11,2714.12939453125,4125.0,4125.0,4100.0,4125.0,5591500
2011-05-12,2681.23046875,4075.0,4100.0,4050.0,4075.0,9523000
2011-05-13,2730.578369140625,4150.0,4150.0,4050.0,4150.0,9232500
2011-05-16,2747.02734375,4175.0,4275.0,4150.0,4175.0,25407500
2011-05-18,2747.02734375,4175.0,4200.0,4100.0,4175.0,15063000
2011-05-19,2747.02734375,4175.0,4200.0,4150.0,4175.0,4806500
2011-05-20,2730.578369140625,4150.0,4175.0,4100.0,4150.0,3407500
2011-05-23,2615.43310546875,3975.0,4125.0,3950.0,3975.0,12604500
2011-05-24,2648.331787109375,4025.0,4025.0,3975.0,4025.0,4870000
2011-05-25,2697.68017578125,4100.0,4125.0,3975.0,4100.0,15093500
2011-05-26,2812.824462890625,4275.0,4300.0,4125.0,4275.0,28465500
2011-05-27,2829.273681640625,4300.0,4325.0,4250.0,4300.0,14652000
2011-05-30,2862.17236328125,4350.0,4375.0,4275.0,4350.0,10509500
2011-05-31,2829.273681640625,4300.0,4375.0,4275.0,4300.0,12126000
2011-06-01,2779.92578125,4225.0,4300.0,4175.0,4225.0,10758500
2011-06-03,2730.578369140625,4150.0,4175.0,4125.0,4150.0,7370500
2011-06-06,2747.02734375,4175.0,4175.0,4100.0,4175.0,3006000
2011-06-07,2714.12939453125,4125.0,4175.0,4075.0,4125.0,6710000
2011-06-08,2697.68017578125,4100.0,4150.0,4050.0,4100.0,4576000
2011-06-09,2664.78076171875,4050.0,4100.0,4025.0,4050.0,4841000
2011-06-10,2664.78076171875,4050.0,4075.0,4000.0,4050.0,4947500
2011-06-13,2598.984375,3950.0,4000.0,3900.0,3950.0,9169000
2011-06-14,2615.43310546875,3975.0,3975.0,3925.0,3975.0,4556500
2011-06-15,2598.984375,3950.0,4000.0,3925.0,3950.0,4296500
2011-06-16,2549.63671875,3875.0,3900.0,3800.0,3875.0,8466500
2011-06-17,2516.73779296875,3825.0,3900.0,3750.0,3825.0,13725500
2011-06-20,2418.0419921875,3675.0,3825.0,3650.0,3675.0,13979000
2011-06-21,2516.73779296875,3825.0,3825.0,3725.0,3825.0,11121500
2011-06-22,2516.73779296875,3825.0,3900.0,3800.0,3825.0,12732000
2011-06-23,2516.73779296875,3825.0,3825.0,3775.0,3825.0,7204500
2011-06-24,2516.73779296875,3825.0,3825.0,3750.0,3825.0,5140000
2011-06-27,2500.288818359375,3800.0,3800.0,3725.0,3800.0,2152000
2011-06-28,2500.288818359375,3800.0,3800.0,3750.0,3800.0,1896500
2011-06-30,2533.187255859375,3850.0,3850.0,3750.0,3850.0,8191500
2011-07-01,2516.73779296875,3825.0,3875.0,3800.0,3825.0,6254000
2011-07-04,2516.73779296875,3825.0,3825.0,3825.0,3825.0,0
2011-07-05,2450.94091796875,3725.0,3825.0,3700.0,3725.0,8450500
2011-07-06,2434.491455078125,3700.0,3750.0,3675.0,3700.0,10007500
2011-07-07,2434.491455078125,3700.0,3725.0,3675.0,3700.0,6134500
2011-07-08,2467.390380859375,3750.0,3775.0,3675.0,3750.0,14554500
2011-07-11,2467.390380859375,3750.0,3775.0,3700.0,3750.0,4688000
2011-07-12,2418.0419921875,3675.0,3725.0,3650.0,3675.0,6552000
2011-07-13,2451.837890625,3700.0,3700.0,3650.0,3700.0,3532000
2011-07-14,2468.404541015625,3725.0,3725.0,3650.0,3725.0,4750500
2011-07-15,2451.837890625,3700.0,3750.0,3650.0,3700.0,6385500
2011-07-18,2468.404541015625,3725.0,3725.0,3675.0,3725.0,6648000
2011-07-19,2484.970947265625,3750.0,3775.0,3700.0,3750.0,10261500
2011-07-20,2501.537353515625,3775.0,3825.0,3725.0,3775.0,10296000
2011-07-21,2551.236572265625,3850.0,3875.0,3775.0,3850.0,12067500
2011-07-22,2567.803466796875,3875.0,3900.0,3850.0,3875.0,7483000
2011-07-25,2551.236572265625,3850.0,3850.0,3800.0,3850.0,5952500
2011-07-26,2567.803466796875,3875.0,3875.0,3800.0,3875.0,2606500
2011-07-27,2518.103759765625,3800.0,3850.0,3750.0,3800.0,16756500
2011-07-28,2501.537353515625,3775.0,3800.0,3725.0,3775.0,6601000
2011-07-29,2468.404541015625,3725.0,3800.0,3675.0,3725.0,11896500
2011-08-01,2418.705078125,3650.0,3750.0,3625.0,3650.0,21694500
2011-08-02,2435.271484375,3675.0,3700.0,3625.0,3675.0,18554000
2011-08-03,2402.138427734375,3625.0,3650.0,3575.0,3625.0,9754000
2011-08-04,2369.005615234375,3575.0,3650.0,3550.0,3575.0,6901500
2011-08-05,2203.3408203125,3325.0,3375.0,3250.0,3325.0,9463000
2011-08-08,2120.50830078125,3200.0,3275.0,2975.0,3200.0,11263500
2011-08-09,2070.80908203125,3125.0,3250.0,2850.0,3125.0,12712500
2011-08-10,2153.6416015625,3250.0,3300.0,3200.0,3250.0,13534000
2011-08-11,2103.94189453125,3175.0,3250.0,3150.0,3175.0,14177500
2011-08-12,2137.07470703125,3225.0,3250.0,3125.0,3225.0,11700500
2011-08-15,2137.07470703125,3225.0,3275.0,3200.0,3225.0,7438500
2011-08-16,2137.07470703125,3225.0,3275.0,3200.0,3225.0,9255000
2011-08-18,2153.6416015625,3250.0,3275.0,3225.0,3250.0,4764000
2011-08-19,2037.6759033203125,3075.0,3200.0,3025.0,3075.0,6217000
2011-08-22,2054.24267578125,3100.0,3100.0,3000.0,3100.0,2940500
2011-08-23,2120.50830078125,3200.0,3225.0,3050.0,3200.0,5977500
2011-08-24,2087.375244140625,3150.0,3250.0,3100.0,3150.0,4230500
2011-08-25,2103.94189453125,3175.0,3200.0,3125.0,3175.0,3090500
2011-08-26,2103.94189453125,3175.0,3175.0,3075.0,3175.0,3491000
2011-09-05,2103.94189453125,3175.0,3275.0,3125.0,3175.0,3505000
2011-09-06,2103.94189453125,3175.0,3200.0,3125.0,3175.0,2950000
2011-09-07,2253.04052734375,3400.0,3400.0,3175.0,3400.0,7200500
2011-09-08,2219.90771484375,3350.0,3425.0,3300.0,3350.0,2446000
2011-09-09,2219.90771484375,3350.0,3350.0,3300.0,3350.0,1048000
2011-09-12,2137.07470703125,3225.0,3275.0,3150.0,3225.0,2746500
2011-09-13,2021.109619140625,3050.0,3200.0,3025.0,3050.0,8228000
2011-09-14,1954.843505859375,2950.0,3075.0,2900.0,2950.0,7293000
2011-09-15,1905.144287109375,2875.0,3000.0,2850.0,2875.0,3840000
2011-09-16,1987.9765625,3000.0,3000.0,2875.0,3000.0,7025000
2011-09-19,1921.7108154296875,2900.0,2950.0,2825.0,2900.0,2975000
2011-09-20,1921.7108154296875,2900.0,2900.0,2775.0,2900.0,2525500
2011-09-21,1888.5777587890625,2850.0,2900.0,2800.0,2850.0,3497500
2011-09-22,1706.3466796875,2575.0,2800.0,2500.0,2575.0,9313500
2011-09-23,1640.0806884765625,2475.0,2550.0,2325.0,2475.0,5391000
2011-09-26,1524.11572265625,2300.0,2450.0,2075.0,2300.0,8006500
2011-09-27,1590.3814697265625,2400.0,2450.0,2325.0,2400.0,10708000
2011-09-28,1573.8148193359375,2375.0,2450.0,2350.0,2375.0,12043000
2011-09-29,1524.11572265625,2300.0,2350.0,2250.0,2300.0,12234500
2011-09-30,1490.982666015625,2250.0,2325.0,2150.0,2250.0,11348500
2011-10-03,1457.8497314453125,2200.0,2200.0,2150.0,2200.0,7524000
2011-10-04,1457.8497314453125,2200.0,2250.0,2175.0,2200.0,5401500
2011-10-05,1557.2484130859375,2350.0,2400.0,2200.0,2350.0,6966500
2011-10-06,1606.9476318359375,2425.0,2425.0,2375.0,2425.0,5597500
2011-10-07,1540.6820068359375,2325.0,2475.0,2300.0,2325.0,5498000
2011-10-10,1540.6820068359375,2325.0,2325.0,2225.0,2325.0,2084500
2011-10-11,1573.8148193359375,2375.0,2425.0,2350.0,2375.0,6406000
2011-10-12,1656.647216796875,2500.0,2550.0,2375.0,2500.0,16624000
2011-10-13,1722.9132080078125,2600.0,2625.0,2500.0,2600.0,15763000
2011-10-14,1722.9132080078125,2600.0,2600.0,2525.0,2600.0,2244000
2011-10-17,1888.5777587890625,2850.0,2850.0,2625.0,2850.0,10000500
2011-10-18,1739.4794921875,2625.0,2750.0,2600.0,2625.0,7025500
2011-10-19,1772.612548828125,2675.0,2725.0,2650.0,2675.0,2953000
2011-10-20,1656.647216796875,2500.0,2650.0,2475.0,2500.0,10395000
2011-10-21,1640.0806884765625,2475.0,2550.0,2400.0,2475.0,3793500
2011-10-24,1722.9132080078125,2600.0,2650.0,2525.0,2600.0,7321000
2011-10-25,1739.4794921875,2625.0,2675.0,2575.0,2625.0,5263500
2011-10-26,1722.9132080078125,2600.0,2625.0,2575.0,2600.0,4315500
2011-10-27,1805.74560546875,2725.0,2750.0,2625.0,2725.0,9332000
2011-10-28,1954.843505859375,2950.0,3050.0,2750.0,2950.0,35943500
2011-10-31,1888.5777587890625,2850.0,2975.0,2800.0,2850.0,10924000
2011-11-01,1706.3466796875,2575.0,2800.0,2550.0,2575.0,27283500
2011-11-02,1756.046142578125,2650.0,2700.0,2525.0,2650.0,27575500
2011-11-03,1722.9132080078125,2600.0,2625.0,2525.0,2600.0,8138500
2011-11-04,1739.4794921875,2625.0,2700.0,2575.0,2625.0,12990500
2011-11-07,1673.213623046875,2525.0,2600.0,2500.0,2525.0,7768000
2011-11-08,1689.7801513671875,2550.0,2600.0,2500.0,2550.0,11597000
2011-11-09,1689.7801513671875,2550.0,2575.0,2500.0,2550.0,10255000
2011-11-10,1606.9476318359375,2425.0,2475.0,2400.0,2425.0,13004500
2011-11-11,1590.3814697265625,2400.0,2450.0,2325.0,2400.0,8762000
2011-11-14,1557.2484130859375,2350.0,2450.0,2300.0,2350.0,24043000
2011-11-15,1524.11572265625,2300.0,2350.0,2275.0,2300.0,11270500
2011-11-16,1540.6820068359375,2325.0,2325.0,2200.0,2325.0,21555500
2011-11-17,1524.11572265625,2300.0,2325.0,2275.0,2300.0,16193500
2011-11-18,1507.549072265625,2275.0,2275.0,2225.0,2275.0,6561000
2011-11-21,1457.8497314453125,2200.0,2250.0,2150.0,2200.0,16211500
2011-11-22,1457.8497314453125,2200.0,2225.0,2125.0,2200.0,19562500
2011-11-23,1408.150146484375,2125.0,2175.0,2100.0,2125.0,10980000
2011-11-24,1424.716552734375,2150.0,2150.0,2100.0,2150.0,4821500
2011-11-25,1358.4505615234375,2050.0,2125.0,2000.0,2050.0,13383000
2011-11-28,1391.583740234375,2100.0,2100.0,2000.0,2100.0,12148500
2011-11-29,1408.150146484375,2125.0,2150.0,2075.0,2125.0,13133000
2011-11-30,1441.2830810546875,2175.0,2225.0,2125.0,2175.0,38275500
2011-12-01,1441.2830810546875,2175.0,2175.0,2175.0,2175.0,0
2011-12-02,1490.982666015625,2250.0,2250.0,2200.0,2250.0,7880000
2011-12-05,1507.549072265625,2275.0,2275.0,2200.0,2275.0,15420500
2011-12-06,1457.8497314453125,2200.0,2250.0,2150.0,2200.0,11486000
2011-12-07,1474.4161376953125,2225.0,2250.0,2175.0,2225.0,10045000
2011-12-08,1457.8497314453125,2200.0,2200.0,2150.0,2200.0,6787500
2011-12-09,1441.2830810546875,2175.0,2175.0,2100.0,2175.0,5661500
2011-12-12,1441.2830810546875,2175.0,2225.0,2150.0,2175.0,7835500
2011-12-13,1408.150146484375,2125.0,2150.0,2100.0,2125.0,7159000
2011-12-14,1408.150146484375,2125.0,2150.0,2100.0,2125.0,1731000
2011-12-15,1391.583740234375,2100.0,2100.0,2050.0,2100.0,4515000
2011-12-16,1408.150146484375,2125.0,2150.0,2100.0,2125.0,5782000
2011-12-19,1391.583740234375,2100.0,2125.0,2075.0,2100.0,2578000
2011-12-20,1358.4505615234375,2050.0,2125.0,2050.0,2050.0,5534000
2011-12-21,1391.583740234375,2100.0,2100.0,2050.0,2100.0,5603000
2011-12-22,1408.150146484375,2125.0,2150.0,2050.0,2125.0,15266500
2011-12-23,1457.8497314453125,2200.0,2200.0,2125.0,2200.0,12644000
2011-12-27,1441.2830810546875,2175.0,2200.0,2125.0,2175.0,4222500
2011-12-28,1424.716552734375,2150.0,2150.0,2125.0,2150.0,2586500
2011-12-29,1441.2830810546875,2175.0,2175.0,2075.0,2175.0,3762000
2011-12-30,1441.2830810546875,2175.0,2175.0,2125.0,2175.0,5742500
2012-01-02,1408.150146484375,2125.0,2175.0,2125.0,2125.0,3167500
2012-01-03,1457.8497314453125,2200.0,2225.0,2150.0,2200.0,8377000
2012-01-04,1507.549072265625,2275.0,2300.0,2200.0,2275.0,20245500
2012-01-05,1490.982666015625,2250.0,2300.0,2225.0,2250.0,5713500
2012-01-06,1457.8497314453125,2200.0,2250.0,2175.0,2200.0,3960500
2012-01-09,1490.982666015625,2250.0,2250.0,2175.0,2250.0,5065500
2012-01-10,1623.5142822265625,2450.0,2475.0,2250.0,2450.0,34898500
2012-01-11,1656.647216796875,2500.0,2525.0,2425.0,2500.0,18766500
2012-01-12,1656.647216796875,2500.0,2525.0,2475.0,2500.0,10172000
2012-01-13,1772.612548828125,2675.0,2675.0,2500.0,2675.0,1
2012-01-16,1756.046142578125,2650.0,2650.0,2575.0,2650.0,14162500
2012-01-17,1805.74560546875,2725.0,2725.0,2650.0,2725.0,14444000
2012-01-18,1756.046142578125,2650.0,2750.0,2600.0,2650.0,11692000
2012-01-19,1722.9132080078125,2600.0,2675.0,2550.0,2600.0,7229500
2012-01-20,1689.7801513671875,2550.0,2675.0,2500.0,2550.0,11857500
2012-01-24,1673.213623046875,2525.0,2550.0,2500.0,2525.0,5527000
2012-01-25,1640.0806884765625,2475.0,2550.0,2450.0,2475.0,9740500
2012-01-26,1656.647216796875,2500.0,2525.0,2450.0,2500.0,13393500
2012-01-27,1689.7801513671875,2550.0,2575.0,2500.0,2550.0,15099500
2012-01-30,1623.5142822265625,2450.0,2525.0,2425.0,2450.0,11639000
2012-01-31,1623.5142822265625,2450.0,2500.0,2425.0,2450.0,15825000
2012-02-01,1706.3466796875,2575.0,2600.0,2425.0,2575.0,29987000
2012-02-02,1706.3466796875,2575.0,2625.0,2500.0,2575.0,33079000
2012-02-03,1623.5142822265625,2450.0,2600.0,2400.0,2450.0,36557500
2012-02-06,1557.2484130859375,2350.0,2500.0,2300.0,2350.0,40048000
2012-02-07,1540.6820068359375,2325.0,2350.0,2250.0,2325.0,33006000
2012-02-08,1590.3814697265625,2400.0,2400.0,2325.0,2400.0,27056500
2012-02-09,1557.2484130859375,2350.0,2375.0,2325.0,2350.0,16191500
2012-02-10,1524.11572265625,2300.0,2350.0,2250.0,2300.0,12264500
2012-02-13,1573.8148193359375,2375.0,2400.0,2275.0,2375.0,18944000
2012-02-14,1573.8148193359375,2375.0,2425.0,2350.0,2375.0,18700000
2012-02-15,1623.5142822265625,2450.0,2450.0,2375.0,2450.0,20503000
2012-02-16,1606.9476318359375,2425.0,2450.0,2375.0,2425.0,11795500
2012-02-17,1623.5142822265625,2450.0,2450.0,2400.0,2450.0,9043500
2012-02-20,1689.7801513671875,2550.0,2575.0,2475.0,2550.0,42310000
2012-02-21,1789.17919921875,2700.0,2750.0,2550.0,2700.0,71047500
2012-02-22,1756.046142578125,2650.0,2725.0,2625.0,2650.0,20958500
2012-02-23,1756.046142578125,2650.0,2650.0,2575.0,2650.0,20277000
2012-02-24,1689.7801513671875,2550.0,2650.0,2500.0,2550.0,34503500
2012-02-27,1706.3466796875,2575.0,2600.0,2500.0,2575.0,12713000
2012-02-28,1756.046142578125,2650.0,2650.0,2525.0,2650.0,14090500
2012-02-29,1756.046142578125,2650.0,2675.0,2575.0,2650.0,20412500
2012-03-01,1722.9132080078125,2600.0,2650.0,2575.0,2600.0,13658000
2012-03-02,1789.17919921875,2700.0,2700.0,2600.0,2700.0,19944500
2012-03-05,1756.046142578125,2650.0,2700.0,2625.0,2650.0,6319500
2012-03-06,1722.9132080078125,2600.0,2625.0,2550.0,2600.0,13672500
2012-03-07,1706.3466796875,2575.0,2575.0,2525.0,2575.0,5922000
2012-03-08,1739.4794921875,2625.0,2625.0,2550.0,2625.0,6761000
2012-03-09,1706.3466796875,2575.0,2575.0,2525.0,2575.0,2
2012-03-12,1706.3466796875,2575.0,2600.0,2550.0,2575.0,4396500
2012-03-13,1706.3466796875,2575.0,2600.0,2525.0,2575.0,12247500
2012-03-14,1722.9132080078125,2600.0,2625.0,2550.0,2600.0,17278000
2012-03-15,1689.7801513671875,2550.0,2575.0,2500.0,2550.0,15262000
2012-03-16,1673.213623046875,2525.0,2550.0,2500.0,2525.0,8099500
2012-03-19,1656.647216796875,2500.0,2550.0,2475.0,2500.0,6627500
2012-03-20,1656.647216796875,2500.0,2525.0,2475.0,2500.0,10768500
2012-03-21,1722.9132080078125,2600.0,2625.0,2500.0,2600.0,24223500
2012-03-22,1722.9132080078125,2600.0,2625.0,2575.0,2600.0,10673500
2012-03-26,1689.7801513671875,2550.0,2600.0,2525.0,2550.0,9448000
2012-03-27,1706.3466796875,2575.0,2600.0,2525.0,2575.0,5966500
2012-03-28,1722.9132080078125,2600.0,2600.0,2550.0,2600.0,2887500
2012-03-29,1706.3466796875,2575.0,2575.0,2550.0,2575.0,6328500
2012-03-30,1673.213623046875,2525.0,2575.0,2525.0,2525.0,6586000
2012-04-02,1706.3466796875,2575.0,2600.0,2550.0,2575.0,12901500
2012-04-03,1706.3466796875,2575.0,2575.0,2575.0,2575.0,0
2012-04-04,1640.0806884765625,2475.0,2550.0,2450.0,2475.0,13986000
2012-04-05,1640.0806884765625,2475.0,2500.0,2450.0,2475.0,12888000
2012-04-09,1623.5142822265625,2450.0,2450.0,2425.0,2450.0,4474500
2012-04-10,1606.9476318359375,2425.0,2450.0,2400.0,2425.0,7189000
2012-04-11,1606.9476318359375,2425.0,2450.0,2375.0,2425.0,12407000
2012-04-12,1590.3814697265625,2400.0,2425.0,2350.0,2400.0,10550500
2012-04-13,1590.3814697265625,2400.0,2425.0,2350.0,2400.0,4825500
2012-04-16,1590.3814697265625,2400.0,2450.0,2350.0,2400.0,9202000
2012-04-17,1590.3814697265625,2400.0,2425.0,2375.0,2400.0,3717500
2012-04-18,1623.5142822265625,2450.0,2475.0,2400.0,2450.0,13628000
2012-04-19,1606.9476318359375,2425.0,2450.0,2400.0,2425.0,3651500
2012-04-20,1606.9476318359375,2425.0,2425.0,2375.0,2425.0,4335000
2012-04-23,1573.8148193359375,2375.0,2400.0,2350.0,2375.0,9980500
2012-04-24,1557.2484130859375,2350.0,2375.0,2300.0,2350.0,7784000
2012-04-25,1524.11572265625,2300.0,2350.0,2275.0,2300.0,8821000
2012-04-26,1524.11572265625,2300.0,2300.0,2275.0,2300.0,9587000
2012-04-27,1507.549072265625,2275.0,2300.0,2250.0,2275.0,6262000
2012-04-30,1457.8497314453125,2200.0,2250.0,2175.0,2200.0,16019500
2012-05-01,1540.6820068359375,2325.0,2325.0,2175.0,2325.0,14769500
2012-05-02,1540.6820068359375,2325.0,2325.0,2175.0,2325.0,3
2012-05-03,1490.982666015625,2250.0,2275.0,2225.0,2250.0,5809500
2012-05-04,1424.716552734375,2150.0,2250.0,2150.0,2150.0,11532000
2012-05-07,1358.4505615234375,2050.0,2100.0,2000.0,2050.0,26257500
2012-05-08,1391.583740234375,2100.0,2125.0,2050.0,2100.0,13774500
2012-05-09,1358.4505615234375,2050.0,2100.0,2025.0,2050.0,7597500
2012-05-10,1391.583740234375,2100.0,2100.0,2050.0,2100.0,11021500
2012-05-11,1375.0172119140625,2075.0,2100.0,2050.0,2075.0,6576000
2012-05-14,1341.88427734375,2025.0,2100.0,2000.0,2025.0,14130000
2012-05-15,1341.88427734375,2025.0,2050.0,1980.0,2025.0,10892000
2012-05-16,1285.5582275390625,1940.0,2000.0,1930.0,1940.0,9789500
2012-05-21,1278.9317626953125,1930.0,1940.0,1870.0,1930.0,12634000
2012-05-22,1305.4378662109375,1970.0,2000.0,1930.0,1970.0,10436500
2012-05-23,1278.9317626953125,1930.0,1950.0,1920.0,1930.0,4364000
2012-05-24,1278.9317626953125,1930.0,1970.0,1930.0,1930.0,6653500
2012-05-25,1285.5582275390625,1940.0,1970.0,1930.0,1940.0,11312000
2012-05-28,1278.9317626953125,1930.0,1950.0,1920.0,1930.0,3276000
2012-05-29,1265.678466796875,1910.0,1930.0,1900.0,1910.0,2386500
2012-05-30,1239.1722412109375,1870.0,1900.0,1850.0,1870.0,4817500
2012-05-31,1232.5455322265625,1860.0,1880.0,1790.0,1860.0,5911000
2012-06-01,1232.5455322265625,1860.0,1920.0,1850.0,1860.0,6288000
2012-06-04,1119.8935546875,1690.0,1820.0,1650.0,1690.0,10807000
2012-06-05,1113.2669677734375,1680.0,1750.0,1680.0,1680.0,11828500
2012-06-06,1166.27978515625,1760.0,1760.0,1700.0,1760.0,8464000
2012-06-07,1139.7733154296875,1720.0,1800.0,1720.0,1720.0,11917000
2012-06-08,1126.520263671875,1700.0,1740.0,1690.0,1700.0,4332500
2012-06-11,1166.27978515625,1760.0,1760.0,1710.0,1760.0,6403500
2012-06-12,1126.520263671875,1700.0,1730.0,1700.0,1700.0,4348500
2012-06-13,1126.520263671875,1700.0,1720.0,1690.0,1700.0,2412000
2012-06-14,1033.747802734375,1560.0,1700.0,1560.0,1560.0,11473000
2012-06-15,1080.134033203125,1630.0,1630.0,1480.0,1630.0,12181500
2012-06-18,1106.6405029296875,1670.0,1710.0,1650.0,1670.0,13419500
2012-06-19,1133.146728515625,1710.0,1730.0,1650.0,1710.0,6733000
2012-06-20,1232.5455322265625,1860.0,1860.0,1730.0,1860.0,20048000
2012-06-21,1239.1722412109375,1870.0,1950.0,1830.0,1870.0,20767500
2012-06-22,1212.665771484375,1830.0,1840.0,1800.0,1830.0,6428000
2012-06-25,1179.5328369140625,1780.0,1840.0,1760.0,1830.0,5046000
2012-06-26,1232.5455322265625,1860.0,1890.0,1760.0,1780.0,8412000
2012-06-27,1232.5455322265625,1860.0,1910.0,1840.0,1860.0,8875000
2012-06-28,1206.039306640625,1820.0,1880.0,1810.0,1860.0,4027000
2012-06-29,1232.5455322265625,1860.0,1870.0,1820.0,1820.0,9457500
2012-07-02,1265.678466796875,1910.0,1910.0,1860.0,1910.0,9562500
2012-07-03,1265.678466796875,1910.0,1930.0,1890.0,1910.0,3768000
2012-07-04,1285.5582275390625,1940.0,1960.0,1920.0,1940.0,9953500
2012-07-05,1285.5582275390625,1940.0,1940.0,1920.0,1940.0,5358000
2012-07-06,1358.4505615234375,2050.0,2075.0,1930.0,2050.0,20186500
2012-07-09,1285.5582275390625,1940.0,2025.0,1930.0,1940.0,19166000
2012-07-10,1292.3963623046875,1890.0,1940.0,1820.0,1890.0,21114500
2012-07-11,1265.0440673828125,1850.0,1870.0,1840.0,1850.0,6011000
2012-07-12,1230.8536376953125,1800.0,1830.0,1780.0,1800.0,7795500
2012-07-13,1244.5299072265625,1820.0,1850.0,1800.0,1820.0,5701000
2012-07-16,1244.5299072265625,1820.0,1840.0,1800.0,1820.0,3775000
2012-07-17,1258.2060546875,1840.0,1840.0,1820.0,1840.0,4795000
2012-07-18,1258.2060546875,1840.0,1840.0,1800.0,1840.0,3790000
2012-07-19,1278.7203369140625,1870.0,1880.0,1840.0,1870.0,14466000
2012-07-20,1278.7203369140625,1870.0,1910.0,1870.0,1870.0,7544000
2012-07-23,1210.33935546875,1770.0,1830.0,1770.0,1770.0,7511500
2012-07-24,1210.33935546875,1770.0,1800.0,1750.0,1770.0,8758500
2012-07-25,1182.9871826171875,1730.0,1750.0,1720.0,1730.0,6272500
2012-07-26,1162.472900390625,1700.0,1740.0,1690.0,1700.0,5642000
2012-07-27,1176.149169921875,1720.0,1740.0,1710.0,1720.0,7294500
2012-07-30,1176.149169921875,1720.0,1750.0,1700.0,1720.0,4480000
2012-07-31,1176.149169921875,1720.0,1740.0,1710.0,1720.0,7654500
2012-08-01,1203.50146484375,1760.0,1760.0,1710.0,1760.0,9269000
2012-08-02,1196.663330078125,1750.0,1780.0,1740.0,1750.0,3970500
2012-08-03,1196.663330078125,1750.0,1760.0,1720.0,1750.0,3150500
2012-08-06,1196.663330078125,1750.0,1780.0,1740.0,1750.0,5280000
2012-08-07,1189.8251953125,1740.0,1760.0,1730.0,1740.0,2206500
2012-08-08,1182.9871826171875,1730.0,1760.0,1730.0,1730.0,2986500
2012-08-09,1196.663330078125,1750.0,1770.0,1730.0,1750.0,8248500
2012-08-10,1176.149169921875,1720.0,1750.0,1710.0,1720.0,3445500
2012-08-13,1155.634765625,1690.0,1730.0,1680.0,1690.0,4349000
2012-08-14,1155.634765625,1690.0,1700.0,1660.0,1690.0,2291500
2012-08-15,1141.9586181640625,1670.0,1690.0,1660.0,1670.0,2240000
2012-08-16,1135.12060546875,1660.0,1680.0,1630.0,1660.0,3503500
2012-08-23,1128.282470703125,1650.0,1680.0,1630.0,1650.0,2775000
2012-08-24,1094.0921630859375,1600.0,1630.0,1580.0,1600.0,5048000
2012-08-27,1107.7681884765625,1620.0,1620.0,1590.0,1620.0,1351000
2012-08-28,1100.93017578125,1610.0,1630.0,1590.0,1610.0,3067000
2012-08-29,1066.73974609375,1560.0,1610.0,1550.0,1560.0,3130500
2012-08-30,1039.387451171875,1520.0,1560.0,1500.0,1520.0,5735500
2012-08-31,1046.2257080078125,1530.0,1540.0,1480.0,1530.0,5170500
2012-09-03,1053.0635986328125,1540.0,1550.0,1510.0,1540.0,4269500
2012-09-04,1046.2257080078125,1530.0,1570.0,1510.0,1530.0,4376000
2012-09-05,1053.0635986328125,1540.0,1580.0,1500.0,1540.0,6045000
2012-09-06,1066.73974609375,1560.0,1570.0,1530.0,1560.0,4356000
2012-09-07,1053.0635986328125,1540.0,1580.0,1540.0,1540.0,2056000
2012-09-10,1032.549560546875,1510.0,1550.0,1490.0,1510.0,5260500
2012-09-11,1053.0635986328125,1540.0,1550.0,1500.0,1540.0,6696000
2012-09-12,1080.416015625,1580.0,1580.0,1550.0,1580.0,7824000
2012-09-13,1066.73974609375,1560.0,1600.0,1540.0,1560.0,5524000
2012-09-14,1128.282470703125,1650.0,1670.0,1590.0,1650.0,20498000
2012-09-17,1155.634765625,1690.0,1700.0,1640.0,1690.0,17901000
2012-09-18,1114.6063232421875,1630.0,1690.0,1610.0,1630.0,13624000
2012-09-19,1135.12060546875,1660.0,1670.0,1620.0,1660.0,11282500
2012-09-20,1107.7681884765625,1620.0,1640.0,1610.0,1620.0,5018000
2012-09-21,1114.6063232421875,1630.0,1630.0,1590.0,1630.0,9094000
2012-09-24,1087.2540283203125,1590.0,1620.0,1580.0,1590.0,5105000
2012-09-25,1107.7681884765625,1620.0,1620.0,1570.0,1620.0,5300000
2012-09-26,1087.2540283203125,1590.0,1600.0,1570.0,1590.0,3289500
2012-09-27,1094.0921630859375,1600.0,1620.0,1580.0,1600.0,2233000
2012-09-28,1107.7681884765625,1620.0,1630.0,1600.0,1620.0,2970000
2012-10-01,1094.0921630859375,1600.0,1620.0,1580.0,1600.0,3578000
2012-10-02,1087.2540283203125,1590.0,1610.0,1580.0,1590.0,2427000
2012-10-03,1087.2540283203125,1590.0,1600.0,1570.0,1590.0,2203000
2012-10-04,1080.416015625,1580.0,1590.0,1580.0,1580.0,1824000
2012-10-05,1094.0921630859375,1600.0,1610.0,1580.0,1600.0,2586500
2012-10-08,1059.9019775390625,1550.0,1600.0,1540.0,1550.0,3182000
2012-10-09,1046.2257080078125,1530.0,1580.0,1530.0,1530.0,2290000
2012-10-10,1039.387451171875,1520.0,1560.0,1510.0,1520.0,3394500
2012-10-11,1046.2257080078125,1530.0,1540.0,1520.0,1530.0,1934000
2012-10-12,1059.9019775390625,1550.0,1560.0,1530.0,1550.0,4305500
2012-10-15,1066.73974609375,1560.0,1560.0,1540.0,1560.0,2978000
2012-10-16,1073.5780029296875,1570.0,1580.0,1550.0,1570.0,3760000
2012-10-17,1080.416015625,1580.0,1590.0,1560.0,1580.0,4660000
2012-10-18,1087.2540283203125,1590.0,1600.0,1580.0,1590.0,2876500
2012-10-19,1087.2540283203125,1590.0,1600.0,1570.0,1590.0,987500
2012-10-22,1066.73974609375,1560.0,1580.0,1550.0,1560.0,5364000
2012-10-23,1066.73974609375,1560.0,1570.0,1530.0,1560.0,1685000
2012-10-24,1066.73974609375,1560.0,1560.0,1530.0,1560.0,1965500
2012-10-25,1053.0635986328125,1540.0,1560.0,1530.0,1540.0,1615000
2012-10-29,1053.0635986328125,1540.0,1560.0,1540.0,1540.0,1463500
2012-10-30,1059.9019775390625,1550.0,1560.0,1530.0,1550.0,1235500
2012-10-31,1059.9019775390625,1550.0,1560.0,1540.0,1550.0,1407000
2012-11-01,1059.9019775390625,1550.0,1550.0,1530.0,1550.0,1019500
2012-11-02,1053.0635986328125,1540.0,1550.0,1520.0,1540.0,1849000
2012-11-05,1025.7113037109375,1500.0,1540.0,1500.0,1500.0,3813000
2012-11-06,1025.7113037109375,1500.0,1520.0,1480.0,1500.0,4549000
2012-11-07,1066.73974609375,1560.0,1590.0,1490.0,1560.0,18557500
2012-11-08,1046.2257080078125,1530.0,1530.0,1500.0,1530.0,8411500
2012-11-09,1053.0635986328125,1540.0,1540.0,1500.0,1540.0,2915000
2012-11-12,1039.387451171875,1520.0,1540.0,1500.0,1520.0,4743000
2012-11-13,1039.387451171875,1520.0,1530.0,1510.0,1520.0,14266500
2012-11-14,1025.7113037109375,1500.0,1520.0,1490.0,1500.0,3087500
2012-11-19,1012.0353393554688,1480.0,1510.0,1480.0,1480.0,2566000
2012-11-20,1012.0353393554688,1480.0,1510.0,1470.0,1480.0,2837500
2012-11-21,964.168701171875,1410.0,1480.0,1400.0,1410.0,12326500
2012-11-22,964.168701171875,1410.0,1430.0,1400.0,1410.0,3536000
2012-11-23,950.4926147460938,1390.0,1420.0,1370.0,1390.0,4842500
2012-11-26,964.168701171875,1410.0,1420.0,1390.0,1410.0,2480000
2012-11-27,943.6546020507812,1380.0,1410.0,1360.0,1380.0,1960000
2012-11-28,882.1117553710938,1290.0,1380.0,1270.0,1290.0,11640000
2012-11-29,888.949951171875,1300.0,1330.0,1270.0,1300.0,11453500
2012-11-30,882.1117553710938,1290.0,1300.0,1270.0,1290.0,3890500
2012-12-03,929.9783325195312,1360.0,1360.0,1290.0,1360.0,17100000
2012-12-04,923.1402587890625,1350.0,1360.0,1340.0,1350.0,3107000
2012-12-05,957.3305053710938,1400.0,1410.0,1340.0,1400.0,7537500
2012-12-06,943.6546020507812,1380.0,1430.0,1380.0,1380.0,6404000
2012-12-07,977.8447875976562,1430.0,1430.0,1380.0,1430.0,4820000
2012-12-10,984.6829223632812,1440.0,1460.0,1430.0,1440.0,2776000
2012-12-11,998.359130859375,1460.0,1470.0,1440.0,1460.0,3079000
2012-12-12,1005.1970825195312,1470.0,1490.0,1460.0,1470.0,3970500
2012-12-13,1025.7113037109375,1500.0,1530.0,1460.0,1500.0,12980500
2012-12-14,1018.8733520507812,1490.0,1510.0,1470.0,1490.0,4122500
2012-12-17,1039.387451171875,1520.0,1520.0,1470.0,1520.0,10176000
2012-12-18,1053.0635986328125,1540.0,1560.0,1510.0,1540.0,13269500
2012-12-19,1032.549560546875,1510.0,1570.0,1500.0,1510.0,4314500
2012-12-20,1018.8733520507812,1490.0,1510.0,1470.0,1490.0,1743000
2012-12-21,984.6829223632812,1440.0,1500.0,1430.0,1440.0,4944000
2012-12-26,1005.1970825195312,1470.0,1490.0,1440.0,1470.0,3
2012-12-27,957.3305053710938,1400.0,1480.0,1380.0,1400.0,13384000
2012-12-28,971.0067749023438,1420.0,1420.0,1390.0,1420.0,5137500
2013-01-02,1073.5780029296875,1570.0,1580.0,1410.0,1570.0,58470000
2013-01-03,1080.416015625,1580.0,1610.0,1530.0,1580.0,26141000
2013-01-04,1080.416015625,1580.0,1590.0,1550.0,1580.0,21592500
2013-01-07,1148.7967529296875,1680.0,1700.0,1580.0,1680.0,42089000
2013-01-08,1135.12060546875,1660.0,1730.0,1640.0,1660.0,29062500
2013-01-09,1073.5780029296875,1570.0,1670.0,1560.0,1570.0,13745000
2013-01-10,1100.93017578125,1610.0,1650.0,1580.0,1610.0,33863500
2013-01-11,1087.2540283203125,1590.0,1640.0,1570.0,1590.0,10847500
2013-01-14,1080.416015625,1580.0,1600.0,1560.0,1580.0,8136000
2013-01-15,1053.0635986328125,1540.0,1590.0,1530.0,1540.0,17262000
2013-01-16,1032.549560546875,1510.0,1540.0,1500.0,1510.0,8457500
2013-01-17,1025.7113037109375,1500.0,1530.0,1490.0,1500.0,6789000
2013-01-18,1039.387451171875,1520.0,1530.0,1500.0,1520.0,23068000
2013-01-21,1012.0353393554688,1480.0,1540.0,1480.0,1480.0,26440500
2013-01-22,1012.0353393554688,1480.0,1480.0,1480.0,1480.0,0
2013-01-23,998.359130859375,1460.0,1480.0,1440.0,1460.0,7220500
2013-01-25,971.0067749023438,1420.0,1470.0,1420.0,1420.0,9009500
2013-01-28,991.520751953125,1450.0,1460.0,1420.0,1450.0,9415500
2013-01-29,1018.8733520507812,1490.0,1490.0,1450.0,1490.0,13195000
2013-01-30,1012.0353393554688,1480.0,1510.0,1470.0,1480.0,7722500
2013-01-31,1005.1970825195312,1470.0,1480.0,1460.0,1470.0,3927000
2013-02-01,998.359130859375,1460.0,1490.0,1460.0,1460.0,5119500
2013-02-04,991.520751953125,1450.0,1480.0,1450.0,1450.0,2278000
2013-02-05,984.6829223632812,1440.0,1460.0,1420.0,1440.0,4726500
2013-02-06,998.359130859375,1460.0,1470.0,1450.0,1460.0,3694000
2013-02-07,1012.0353393554688,1480.0,1510.0,1450.0,1480.0,10697500
2013-02-08,998.359130859375,1460.0,1490.0,1460.0,1460.0,2658500
2013-02-11,998.359130859375,1460.0,1480.0,1460.0,1460.0,1945500
2013-02-12,998.359130859375,1460.0,1480.0,1460.0,1460.0,3227000
2013-02-13,977.8447875976562,1430.0,1490.0,1420.0,1430.0,10494500
2013-02-14,991.520751953125,1450.0,1460.0,1440.0,1450.0,10649500
2013-02-15,998.359130859375,1460.0,1460.0,1440.0,1460.0,4516000
2013-02-18,991.520751953125,1450.0,1460.0,1440.0,1450.0,2932000
2013-02-19,977.8447875976562,1430.0,1460.0,1430.0,1430.0,4680000
2013-02-20,977.8447875976562,1430.0,1450.0,1430.0,1430.0,2565000
2013-02-21,977.8447875976562,1430.0,1440.0,1420.0,1430.0,4176500
2013-02-22,977.8447875976562,1430.0,1450.0,1420.0,1430.0,3691500
2013-02-25,971.0067749023438,1420.0,1450.0,1420.0,1420.0,2563500
2013-02-26,957.3305053710938,1400.0,1420.0,1400.0,1400.0,2859000
2013-02-27,964.168701171875,1410.0,1440.0,1400.0,1410.0,6782000
2013-02-28,957.3305053710938,1400.0,1420.0,1400.0,1400.0,5370000
2013-03-01,964.168701171875,1410.0,1430.0,1400.0,1410.0,3945500
2013-03-04,964.168701171875,1410.0,1430.0,1390.0,1410.0,3323000
2013-03-05,977.8447875976562,1430.0,1450.0,1400.0,1430.0,9394000
2013-03-06,977.8447875976562,1430.0,1450.0,1420.0,1430.0,9482500
2013-03-07,971.0067749023438,1420.0,1440.0,1420.0,1420.0,3204500
2013-03-08,977.8447875976562,1430.0,1450.0,1430.0,1430.0,4643500
2013-03-11,964.168701171875,1410.0,1440.0,1390.0,1410.0,9365500
2013-03-13,977.8447875976562,1430.0,1440.0,1400.0,1430.0,26152000
2013-03-14,984.6829223632812,1440.0,1460.0,1420.0,1440.0,34427000
2013-03-15,984.6829223632812,1440.0,1450.0,1420.0,1450.0,5964500
2013-03-18,957.3305053710938,1400.0,1430.0,1390.0,1430.0,9487500
2013-03-19,936.8165283203125,1370.0,1410.0,1370.0,1410.0,10090000
2013-03-20,909.4639892578125,1330.0,1370.0,1320.0,1370.0,18659000
2013-03-21,875.2737426757812,1280.0,1350.0,1280.0,1340.0,14318000
2013-03-22,827.4071655273438,1210.0,1310.0,1200.0,1280.0,3
2013-03-25,834.2451782226562,1220.0,1250.0,1220.0,1240.0,4939000
2013-03-26,854.7594604492188,1250.0,1260.0,1230.0,1230.0,7227000
2013-03-27,847.9214477539062,1240.0,1260.0,1240.0,1250.0,6680000
2013-03-28,834.2451782226562,1220.0,1240.0,1220.0,1240.0,6338500
2013-04-01,827.4071655273438,1210.0,1240.0,1210.0,1210.0,4841500
2013-04-02,847.9214477539062,1240.0,1260.0,1210.0,1210.0,11973000
2013-04-03,854.7594604492188,1250.0,1290.0,1220.0,1240.0,3
2013-04-04,847.9214477539062,1240.0,1260.0,1240.0,1250.0,8261000
2013-04-05,847.9214477539062,1240.0,1260.0,1240.0,1250.0,9080000
2013-04-08,841.0831909179688,1230.0,1250.0,1230.0,1250.0,1861500
2013-04-09,834.2451782226562,1220.0,1250.0,1220.0,1240.0,4062500
2013-04-10,875.2737426757812,1280.0,1280.0,1220.0,1230.0,17897000
2013-04-11,861.5974731445312,1260.0,1300.0,1260.0,1290.0,11261500
2013-04-12,847.9214477539062,1240.0,1270.0,1240.0,1250.0,3400000
2013-04-15,841.0831909179688,1230.0,1240.0,1230.0,1240.0,1613000
2013-04-16,827.4071655273438,1210.0,1230.0,1200.0,1220.0,7525000
2013-04-17,834.2451782226562,1220.0,1230.0,1210.0,1220.0,3649000
2013-04-18,834.2451782226562,1220.0,1220.0,1210.0,1210.0,2566500
2013-04-19,827.4071655273438,1210.0,1230.0,1210.0,1220.0,2087500
2013-04-22,847.9214477539062,1240.0,1240.0,1200.0,1220.0,5304000
2013-04-23,847.9214477539062,1240.0,1240.0,1240.0,1240.0,0
2013-04-24,820.5691528320312,1200.0,1220.0,1200.0,1210.0,2200500
2013-04-25,813.7310791015625,1190.0,1220.0,1180.0,1210.0,4826500
2013-04-26,813.7310791015625,1190.0,1210.0,1180.0,1190.0,3473500
2013-04-29,793.2168579101562,1160.0,1200.0,1150.0,1190.0,6004000
2013-04-30,765.864501953125,1120.0,1180.0,1110.0,1180.0,3
2013-05-01,759.0263671875,1110.0,1140.0,1100.0,1130.0,5343500
2013-05-02,717.9979248046875,1050.0,1100.0,1050.0,1100.0,9318500
2013-05-03,697.4837646484375,1020.0,1080.0,1010.0,1060.0,7367000
2013-05-06,697.4837646484375,1020.0,1050.0,1010.0,1030.0,5093000
2013-05-07,690.6456909179688,1010.0,1040.0,1010.0,1020.0,4666500
2013-05-08,690.6456909179688,1010.0,1030.0,1010.0,1020.0,5824000
2013-05-10,717.9979248046875,1050.0,1060.0,1020.0,1020.0,11503000
2013-05-13,711.1598510742188,1040.0,1060.0,1020.0,1050.0,2766000
2013-05-14,704.32177734375,1030.0,1040.0,1020.0,1030.0,2032000
2013-05-15,697.4837646484375,1020.0,1040.0,1010.0,1040.0,2495500
2013-05-16,683.8075561523438,1000.0,1020.0,1000.0,1020.0,7973000
2013-05-17,704.32177734375,1030.0,1030.0,1000.0,1000.0,16435000
2013-05-20,717.9979248046875,1050.0,1070.0,1040.0,1040.0,13860000
2013-05-21,717.9979248046875,1050.0,1060.0,1030.0,1050.0,9813500
2013-05-22,731.674072265625,1070.0,1070.0,1040.0,1060.0,6087000
2013-05-23,711.1598510742188,1040.0,1080.0,1020.0,1060.0,15308000
2013-05-24,711.1598510742188,1040.0,1060.0,1030.0,1040.0,9014000
2013-05-27,704.32177734375,1030.0,1050.0,1020.0,1050.0,2099500
2013-05-28,697.4837646484375,1020.0,1030.0,1010.0,1030.0,3139000
2013-05-29,683.8075561523438,1000.0,1020.0,990.0,1020.0,9079500
2013-05-30,663.2933349609375,970.0,1000.0,960.0,1000.0,7329500
2013-05-31,635.9409790039062,930.0,980.0,920.0,980.0,3
2013-06-03,608.5886840820312,890.0,930.0,890.0,920.0,5685000
2013-06-04,622.2649536132812,910.0,930.0,890.0,900.0,10518500
2013-06-05,663.2933349609375,970.0,980.0,900.0,910.0,3
2013-06-07,649.6171875,950.0,970.0,930.0,970.0,5975500
2013-06-10,649.6171875,950.0,960.0,920.0,950.0,4142500
2013-06-11,622.2649536132812,910.0,950.0,900.0,950.0,6825000
2013-06-12,615.4268188476562,900.0,900.0,850.0,900.0,6035500
2013-06-13,601.750732421875,880.0,900.0,880.0,890.0,8017500
2013-06-14,615.4268188476562,900.0,920.0,890.0,900.0,7081000
2013-06-17,615.4268188476562,900.0,910.0,890.0,910.0,3432500
2013-06-18,615.4268188476562,900.0,920.0,890.0,910.0,7259000
2013-06-19,594.91259765625,870.0,910.0,860.0,900.0,7375500
2013-06-20,567.560302734375,830.0,870.0,820.0,870.0,9909500
2013-06-21,492.3414611816406,720.0,820.0,720.0,810.0,3
2013-06-24,499.1795654296875,730.0,780.0,730.0,750.0,11760500
2013-06-25,492.3414611816406,720.0,740.0,700.0,730.0,7753500
2013-06-26,506.0176696777344,740.0,760.0,710.0,730.0,8084500
2013-06-27,512.8556518554688,750.0,770.0,740.0,750.0,8915500
2013-06-28,526.5317993164062,770.0,800.0,750.0,770.0,7069000
2013-07-01,540.2080078125,790.0,800.0,770.0,770.0,5386500
2013-07-02,547.0460815429688,800.0,810.0,780.0,790.0,5771000
2013-07-03,533.369873046875,780.0,810.0,770.0,800.0,7619000
2013-07-04,526.5317993164062,770.0,810.0,770.0,790.0,12849500
2013-07-05,526.5317993164062,770.0,780.0,760.0,780.0,3550500
2013-07-08,506.0176696777344,740.0,770.0,730.0,760.0,7257000
2013-07-09,499.1795654296875,730.0,750.0,720.0,740.0,3931500
2013-07-10,492.3414611816406,720.0,740.0,710.0,740.0,14429000
2013-07-11,499.1795654296875,730.0,740.0,720.0,730.0,19496000
2013-07-12,499.1795654296875,730.0,740.0,710.0,720.0,12654500
2013-07-15,503.9380798339844,700.0,720.0,690.0,710.0,7180500
2013-07-16,496.73907470703125,690.0,710.0,690.0,710.0,7430000
2013-07-17,511.13726806640625,710.0,730.0,680.0,710.0,19717500
2013-07-18,503.9380798339844,700.0,730.0,700.0,710.0,35781000
2013-07-19,503.9380798339844,700.0,720.0,700.0,710.0,3310500
2013-07-22,496.73907470703125,690.0,710.0,690.0,710.0,9229000
2013-07-23,503.9380798339844,700.0,710.0,690.0,690.0,7028500
2013-07-24,496.73907470703125,690.0,700.0,690.0,700.0,7096000
2013-07-25,489.5399169921875,680.0,700.0,680.0,690.0,4778500
2013-07-26,489.5399169921875,680.0,690.0,680.0,680.0,5128500
2013-07-29,482.3407897949219,670.0,680.0,660.0,680.0,4185000
2013-07-30,475.1417236328125,660.0,670.0,660.0,660.0,3980000
2013-07-31,446.3452453613281,620.0,670.0,620.0,660.0,12991000
2013-08-01,431.9469909667969,600.0,630.0,590.0,620.0,9770500
2013-08-02,381.55316162109375,530.0,600.0,530.0,600.0,19101000
2013-08-12,431.9469909667969,600.0,600.0,530.0,540.0,37253500
2013-08-13,446.3452453613281,620.0,640.0,600.0,600.0,32235000
2013-08-14,431.9469909667969,600.0,630.0,600.0,620.0,5901000
2013-08-15,431.9469909667969,600.0,610.0,580.0,600.0,12302000
2013-08-16,439.1460876464844,610.0,620.0,580.0,600.0,11367000
2013-08-19,410.34967041015625,570.0,610.0,570.0,610.0,11320000
2013-08-20,388.7522888183594,540.0,590.0,530.0,560.0,16359500
2013-08-21,388.7522888183594,540.0,570.0,530.0,530.0,15678500
2013-08-22,403.1504821777344,560.0,570.0,520.0,540.0,67317000
2013-08-23,388.7522888183594,540.0,570.0,540.0,570.0,29519000
2013-08-26,388.7522888183594,540.0,570.0,540.0,550.0,11594000
2013-08-27,359.9558410644531,500.0,540.0,500.0,540.0,15621000
2013-08-28,374.3540344238281,520.0,530.0,475.0,500.0,32576000
2013-08-29,374.3540344238281,520.0,540.0,510.0,520.0,15416000
2013-08-30,374.3540344238281,520.0,540.0,510.0,520.0,15700000
2013-09-02,388.7522888183594,540.0,550.0,510.0,540.0,24985000
2013-09-03,482.3407897949219,670.0,670.0,540.0,560.0,61218000
2013-09-04,503.9380798339844,700.0,810.0,670.0,690.0,121701500
2013-09-05,503.9380798339844,700.0,760.0,670.0,670.0,40828500
2013-09-06,511.13726806640625,710.0,760.0,700.0,700.0,39975500
2013-09-09,561.5310668945312,780.0,790.0,710.0,720.0,39943500
2013-09-10,511.13726806640625,710.0,800.0,700.0,790.0,42114500
2013-09-11,539.9337158203125,750.0,760.0,680.0,680.0,35599500
2013-09-12,539.9337158203125,750.0,780.0,730.0,750.0,18458000
2013-09-13,532.7346801757812,740.0,750.0,730.0,730.0,8413500
2013-09-16,547.1328125,760.0,780.0,730.0,730.0,12802000
2013-09-17,597.5266723632812,830.0,850.0,760.0,760.0,70946000
2013-09-18,604.7257080078125,840.0,880.0,830.0,830.0,33367000
2013-09-19,619.1240844726562,860.0,880.0,840.0,860.0,34224500
2013-09-20,604.7257080078125,840.0,870.0,820.0,850.0,13493500
2013-09-23,590.3275756835938,820.0,830.0,800.0,830.0,15118000
2013-09-24,561.5310668945312,780.0,830.0,780.0,820.0,11853500
2013-09-25,554.3319091796875,770.0,790.0,750.0,750.0,9187500
2013-09-26,554.3319091796875,770.0,790.0,750.0,770.0,13581500
2013-09-27,554.3319091796875,770.0,790.0,770.0,770.0,4809000
2013-09-30,532.7346801757812,740.0,760.0,740.0,750.0,4534000
2013-10-01,532.7346801757812,740.0,760.0,710.0,710.0,4720000
2013-10-02,539.9337158203125,750.0,770.0,720.0,720.0,4354000
2013-10-03,568.7302856445312,790.0,820.0,740.0,740.0,22503000
2013-10-04,568.7302856445312,790.0,830.0,780.0,800.0,29113500
2013-10-07,583.12841796875,810.0,830.0,780.0,800.0,28289500
2013-10-08,575.9293212890625,800.0,820.0,790.0,810.0,8629500
2013-10-09,597.5266723632812,830.0,850.0,790.0,800.0,30439000
2013-10-10,583.12841796875,810.0,860.0,810.0,840.0,22738500
2013-10-11,583.12841796875,810.0,840.0,810.0,830.0,8393000
2013-10-16,568.7302856445312,790.0,820.0,790.0,810.0,2933500
2013-10-17,597.5266723632812,830.0,830.0,800.0,820.0,13698000
2013-10-18,611.9249267578125,850.0,870.0,820.0,830.0,32691500
2013-10-21,597.5266723632812,830.0,880.0,830.0,850.0,24157500
2013-10-22,597.5266723632812,830.0,850.0,820.0,830.0,11957500
2013-10-23,590.3275756835938,820.0,850.0,820.0,830.0,10994500
2013-10-24,590.3275756835938,820.0,840.0,810.0,820.0,6038500
2013-10-25,583.12841796875,810.0,840.0,810.0,820.0,9305000
2013-10-28,575.9293212890625,800.0,830.0,800.0,820.0,4517000
2013-10-29,575.9293212890625,800.0,810.0,790.0,800.0,4312000
2013-10-30,575.9293212890625,800.0,820.0,800.0,800.0,6414000
2013-10-31,561.5310668945312,780.0,800.0,770.0,800.0,7334500
2013-11-01,547.1328125,760.0,790.0,740.0,770.0,10520000
2013-11-04,547.1328125,760.0,790.0,750.0,760.0,4012500
2013-11-06,547.1328125,760.0,780.0,750.0,770.0,2749000
2013-11-07,575.9293212890625,800.0,810.0,760.0,770.0,18610000
2013-11-08,575.9293212890625,800.0,830.0,780.0,790.0,23812000
2013-11-11,575.9293212890625,800.0,830.0,800.0,810.0,25596500
2013-11-12,575.9293212890625,800.0,830.0,790.0,810.0,26283000
2013-11-13,561.5310668945312,780.0,800.0,770.0,800.0,11337000
2013-11-14,568.7302856445312,790.0,810.0,780.0,780.0,10406000
2013-11-15,554.3319091796875,770.0,800.0,760.0,790.0,5351000
2013-11-18,561.5310668945312,780.0,800.0,760.0,780.0,9655500
2013-11-19,547.1328125,760.0,790.0,750.0,790.0,8084500
2013-11-20,547.1328125,760.0,770.0,750.0,770.0,3050500
2013-11-21,532.7346801757812,740.0,770.0,740.0,750.0,5313500
2013-11-22,532.7346801757812,740.0,770.0,740.0,770.0,3242000
2013-11-25,539.9337158203125,750.0,760.0,730.0,730.0,6853000
2013-11-26,496.73907470703125,690.0,750.0,690.0,750.0,17760500
2013-11-27,475.1417236328125,660.0,700.0,650.0,690.0,7335000
2013-11-28,460.74346923828125,640.0,690.0,630.0,690.0,10330500
2013-11-29,467.9425964355469,650.0,660.0,610.0,610.0,7261000
2013-12-02,475.1417236328125,660.0,680.0,640.0,650.0,5651000
2013-12-03,467.9425964355469,650.0,680.0,650.0,650.0,6408000
2013-12-04,489.5399169921875,680.0,690.0,630.0,630.0,11635500
2013-12-05,482.3407897949219,670.0,690.0,670.0,690.0,5790000
2013-12-06,467.9425964355469,650.0,680.0,650.0,650.0,2536500
2013-12-09,460.74346923828125,640.0,670.0,630.0,660.0,5288000
2013-12-10,475.1417236328125,660.0,660.0,630.0,650.0,5720000
2013-12-11,460.74346923828125,640.0,660.0,640.0,640.0,1890500
2013-12-12,446.3452453613281,620.0,640.0,620.0,620.0,3820500
2013-12-13,446.3452453613281,620.0,640.0,610.0,630.0,2693000
2013-12-16,431.9469909667969,600.0,620.0,590.0,620.0,2503500
2013-12-17,439.1460876464844,610.0,630.0,600.0,610.0,3501000
2013-12-18,439.1460876464844,610.0,640.0,610.0,610.0,3411500
2013-12-19,431.9469909667969,600.0,630.0,600.0,600.0,3485500
2013-12-20,424.7479248046875,590.0,610.0,590.0,590.0,1402000
2013-12-23,424.7479248046875,590.0,600.0,580.0,580.0,1293500
2013-12-24,424.7479248046875,590.0,600.0,580.0,600.0,1091000
2013-12-27,431.9469909667969,600.0,600.0,580.0,600.0,930500
2013-12-30,424.7479248046875,590.0,610.0,590.0,600.0,1238500
2014-01-02,431.9469909667969,600.0,610.0,570.0,610.0,3129000
2014-01-03,417.54876708984375,580.0,600.0,580.0,600.0,1476000
2014-01-06,392.3518371582031,545.0,580.0,490.0,580.0,2729600
2014-01-07,385.1527404785156,535.0,550.0,520.0,525.0,2545000
2014-01-08,385.1527404785156,535.0,555.0,515.0,515.0,3158400
2014-01-09,385.1527404785156,535.0,550.0,500.0,500.0,2597600
2014-01-10,363.5553894042969,505.0,535.0,505.0,515.0,6731300
2014-01-13,367.1549377441406,510.0,530.0,505.0,505.0,6674900
2014-01-15,370.7544860839844,515.0,530.0,499.0,499.0,5872500
2014-01-16,381.55316162109375,530.0,545.0,515.0,520.0,8423100
2014-01-17,377.9535827636719,525.0,540.0,505.0,505.0,3618900
2014-01-20,377.9535827636719,525.0,535.0,515.0,515.0,4344700
2014-01-21,388.7522888183594,540.0,555.0,520.0,520.0,11575100
2014-01-22,424.7479248046875,590.0,595.0,525.0,525.0,15697700
2014-01-23,421.1483459472656,585.0,610.0,580.0,590.0,14765300
2014-01-24,417.54876708984375,580.0,595.0,575.0,580.0,2903500
2014-01-27,399.55096435546875,555.0,570.0,550.0,555.0,4590000
2014-01-28,392.3518371582031,545.0,565.0,540.0,550.0,3104800
2014-01-29,403.1504821777344,560.0,570.0,545.0,555.0,5925100
2014-01-30,388.7522888183594,540.0,560.0,540.0,540.0,5455600
2014-02-03,388.7522888183594,540.0,550.0,535.0,545.0,2221300
2014-02-04,381.55316162109375,530.0,545.0,520.0,530.0,7062500
2014-02-05,381.55316162109375,530.0,545.0,525.0,535.0,7930000
2014-02-06,385.1527404785156,535.0,540.0,530.0,530.0,1245800
2014-02-07,395.9514465332031,550.0,560.0,540.0,540.0,7216200
2014-02-10,392.3518371582031,545.0,560.0,545.0,555.0,3922400
2014-02-11,413.9492492675781,575.0,580.0,530.0,530.0,8591100
2014-02-12,403.1504821777344,560.0,585.0,560.0,580.0,7444400
2014-02-13,399.55096435546875,555.0,570.0,555.0,555.0,2408800
2014-02-14,399.55096435546875,555.0,565.0,550.0,550.0,4740400
2014-02-17,406.75006103515625,565.0,570.0,555.0,555.0,4434300
2014-02-18,410.34967041015625,570.0,575.0,560.0,570.0,5443400
2014-02-19,410.34967041015625,570.0,585.0,565.0,570.0,6150500
2014-02-20,410.34967041015625,570.0,575.0,555.0,570.0,7539000
2014-02-21,403.1504821777344,560.0,580.0,555.0,570.0,7160700
2014-02-24,406.75006103515625,565.0,575.0,560.0,565.0,5705700
2014-02-25,399.55096435546875,555.0,565.0,555.0,560.0,3178900
2014-02-26,399.55096435546875,555.0,560.0,550.0,555.0,2730400
2014-02-27,403.1504821777344,560.0,570.0,555.0,555.0,4692300
2014-02-28,403.1504821777344,560.0,575.0,560.0,565.0,6034800
2014-03-03,399.55096435546875,555.0,565.0,555.0,555.0,2848300
2014-03-04,428.3474426269531,595.0,600.0,555.0,555.0,21399600
2014-03-05,446.3452453613281,620.0,625.0,590.0,600.0,26454700
2014-03-06,446.3452453613281,620.0,630.0,610.0,620.0,8664900
2014-03-07,449.9447937011719,625.0,635.0,610.0,625.0,9448300
2014-03-10,442.74560546875,615.0,630.0,610.0,625.0,7474900
2014-03-11,435.5465393066406,605.0,625.0,595.0,615.0,14201700
2014-03-12,431.9469909667969,600.0,610.0,595.0,600.0,7646800
2014-03-13,435.5465393066406,605.0,615.0,600.0,600.0,6386000
2014-03-14,439.1460876464844,610.0,610.0,600.0,600.0,3275700
2014-03-17,428.3474426269531,595.0,620.0,595.0,610.0,14860500
2014-03-18,431.9469909667969,600.0,620.0,595.0,595.0,12095900
2014-03-19,442.74560546875,615.0,620.0,605.0,605.0,10289100
2014-03-20,435.5465393066406,605.0,630.0,605.0,615.0,7076600
2014-03-21,442.74560546875,615.0,620.0,605.0,610.0,4011000
2014-03-24,439.1460876464844,610.0,625.0,610.0,615.0,1400200
2014-03-25,435.5465393066406,605.0,615.0,605.0,610.0,1974800
2014-03-26,435.5465393066406,605.0,615.0,605.0,610.0,1759000
2014-03-27,435.5465393066406,605.0,615.0,605.0,605.0,1418000
2014-03-28,421.1483459472656,585.0,610.0,585.0,610.0,5224900
2014-04-01,428.3474426269531,595.0,600.0,565.0,580.0,3450300
2014-04-02,428.3474426269531,595.0,600.0,590.0,600.0,2680200
2014-04-03,428.3474426269531,595.0,600.0,595.0,600.0,1433200
2014-04-04,428.3474426269531,595.0,600.0,595.0,600.0,2220300
2014-04-07,435.5465393066406,605.0,610.0,595.0,595.0,3834400
2014-04-08,428.3474426269531,595.0,605.0,595.0,600.0,2702700
2014-04-09,428.3474426269531,595.0,595.0,595.0,595.0,0
2014-04-10,410.34967041015625,570.0,595.0,565.0,595.0,3947100
2014-04-11,428.3474426269531,595.0,595.0,565.0,565.0,4593600
2014-04-14,428.3474426269531,595.0,610.0,590.0,590.0,5286700
2014-04-15,424.7479248046875,590.0,600.0,585.0,600.0,1244100
2014-04-16,431.9469909667969,600.0,610.0,585.0,595.0,5243900
2014-04-17,424.7479248046875,590.0,600.0,585.0,600.0,4108300
2014-04-21,424.7479248046875,590.0,600.0,590.0,595.0,681500
2014-04-22,431.9469909667969,600.0,605.0,575.0,595.0,5480500
2014-04-23,453.5443115234375,630.0,640.0,595.0,595.0,21540500
2014-04-24,449.9447937011719,625.0,665.0,625.0,625.0,16981000
2014-04-25,449.9447937011719,625.0,640.0,620.0,625.0,5501100
2014-04-28,446.3452453613281,620.0,640.0,610.0,630.0,5413600
2014-04-29,439.1460876464844,610.0,625.0,605.0,625.0,6117600
2014-04-30,446.3452453613281,620.0,630.0,610.0,615.0,5919400
2014-05-02,435.5465393066406,605.0,630.0,600.0,610.0,4238200
2014-05-05,439.1460876464844,610.0,615.0,605.0,605.0,2960200
2014-05-06,449.9447937011719,625.0,625.0,605.0,605.0,5422000
2014-05-07,446.3452453613281,620.0,635.0,615.0,615.0,11498600
2014-05-08,442.74560546875,615.0,625.0,610.0,620.0,3378200
2014-05-09,435.5465393066406,605.0,620.0,605.0,615.0,3886800
2014-05-12,460.74346923828125,640.0,650.0,610.0,610.0,23106500
2014-05-13,460.74346923828125,640.0,670.0,640.0,650.0,25240500
2014-05-14,457.14385986328125,635.0,650.0,625.0,625.0,10881300
2014-05-16,453.5443115234375,630.0,640.0,625.0,625.0,4330400
2014-05-19,446.3452453613281,620.0,645.0,615.0,620.0,5023300
2014-05-20,442.74560546875,615.0,630.0,605.0,615.0,5811300
2014-05-21,449.9447937011719,625.0,630.0,610.0,625.0,5672400
2014-05-22,460.74346923828125,640.0,645.0,615.0,640.0,7525900
2014-05-23,467.9425964355469,650.0,655.0,640.0,650.0,11717300
2014-05-26,525.5355224609375,730.0,735.0,650.0,730.0,40513200
2014-05-28,507.5377197265625,705.0,740.0,700.0,705.0,23601000
2014-05-30,493.1395568847656,685.0,710.0,680.0,685.0,17948000
2014-06-02,507.5377197265625,705.0,705.0,660.0,705.0,23824300
2014-06-03,503.9380798339844,700.0,720.0,700.0,700.0,18397700
2014-06-04,500.338623046875,695.0,710.0,685.0,695.0,6917500
2014-06-05,511.13726806640625,710.0,715.0,685.0,715.0,7759800
2014-06-06,521.9359130859375,725.0,750.0,705.0,725.0,33684300
2014-06-09,496.73907470703125,690.0,740.0,690.0,690.0,23801100
2014-06-10,500.338623046875,695.0,705.0,690.0,695.0,10636900
2014-06-11,507.5377197265625,705.0,710.0,695.0,705.0,6680900
2014-06-12,500.338623046875,695.0,705.0,695.0,695.0,2487000
2014-06-13,503.9380798339844,700.0,705.0,695.0,700.0,3990800
2014-06-16,482.3407897949219,670.0,705.0,670.0,670.0,7022100
2014-06-17,489.5399169921875,680.0,690.0,670.0,680.0,4170300
2014-06-18,485.9403991699219,675.0,690.0,675.0,675.0,3583300
2014-06-19,467.9425964355469,650.0,685.0,650.0,650.0,6353100
2014-06-20,457.14385986328125,635.0,665.0,635.0,635.0,5915300
2014-06-23,446.3452453613281,620.0,650.0,620.0,620.0,8769900
2014-06-24,449.9447937011719,625.0,635.0,620.0,625.0,6737800
2014-06-25,446.3452453613281,620.0,630.0,610.0,620.0,2500700
2014-06-26,460.74346923828125,640.0,640.0,620.0,640.0,2308900
2014-06-27,453.5443115234375,630.0,640.0,625.0,630.0,4256100
2014-06-30,453.5443115234375,630.0,635.0,625.0,630.0,1509800
2014-07-01,453.5443115234375,630.0,635.0,625.0,630.0,1349400
2014-07-02,467.9425964355469,650.0,655.0,635.0,650.0,3922900
2014-07-03,471.5421142578125,655.0,660.0,650.0,655.0,1298000
2014-07-04,471.5421142578125,655.0,660.0,655.0,655.0,2714000
2014-07-07,478.7411804199219,665.0,670.0,650.0,665.0,2880500
2014-07-08,478.7411804199219,665.0,675.0,655.0,665.0,2656100
2014-07-09,478.7411804199219,665.0,665.0,665.0,665.0,0
2014-07-10,464.343017578125,645.0,675.0,635.0,645.0,7360400
2014-07-11,467.9425964355469,650.0,650.0,625.0,650.0,3734100
2014-07-14,460.74346923828125,640.0,655.0,640.0,640.0,1781500
2014-07-15,471.5421142578125,655.0,665.0,640.0,655.0,4132000
2014-07-16,489.5399169921875,680.0,685.0,655.0,680.0,6664900
2014-07-17,475.1417236328125,660.0,685.0,660.0,660.0,3321200
2014-07-18,485.9403991699219,675.0,675.0,650.0,675.0,2952700
2014-07-21,493.1395568847656,685.0,685.0,675.0,685.0,3134000
2014-07-22,478.7411804199219,665.0,685.0,640.0,665.0,2386100
2014-07-23,475.1417236328125,660.0,675.0,660.0,660.0,2052000
2014-07-24,489.5399169921875,680.0,680.0,660.0,680.0,2777300
2014-07-25,500.338623046875,695.0,710.0,680.0,695.0,9302900
2014-08-04,511.13726806640625,710.0,715.0,680.0,710.0,9156500
2014-08-05,514.7367553710938,715.0,725.0,710.0,715.0,8167600
2014-08-06,511.13726806640625,710.0,720.0,700.0,710.0,2706100
2014-08-07,518.33642578125,720.0,725.0,710.0,720.0,4369300
2014-08-08,507.5377197265625,705.0,725.0,705.0,705.0,1370900
2014-08-11,511.13726806640625,710.0,715.0,705.0,710.0,3115500
2014-08-12,511.13726806640625,710.0,715.0,710.0,710.0,2375600
2014-08-13,511.13726806640625,710.0,715.0,705.0,710.0,2886700
2014-08-14,511.13726806640625,710.0,725.0,705.0,710.0,3374700
2014-08-15,514.7367553710938,715.0,720.0,715.0,715.0,1812000
2014-08-18,521.9359130859375,725.0,740.0,715.0,725.0,4972000
2014-08-19,525.5355224609375,730.0,740.0,720.0,730.0,2549100
2014-08-20,518.33642578125,720.0,740.0,715.0,720.0,2937600
2014-08-21,518.33642578125,720.0,730.0,715.0,720.0,3230300
2014-08-22,514.7367553710938,715.0,725.0,715.0,715.0,1552200
2014-08-25,507.5377197265625,705.0,720.0,695.0,705.0,3823600
2014-08-26,500.338623046875,695.0,705.0,695.0,695.0,6737200
2014-08-27,518.33642578125,720.0,725.0,695.0,720.0,4307200
2014-08-28,521.9359130859375,725.0,740.0,720.0,725.0,4818600
2014-08-29,529.1350708007812,735.0,740.0,725.0,735.0,5836300
2014-09-01,525.5355224609375,730.0,740.0,730.0,730.0,2124900
2014-09-02,536.334228515625,745.0,745.0,720.0,745.0,5857100
2014-09-03,565.130615234375,785.0,790.0,745.0,785.0,14562300
2014-09-04,557.9315795898438,775.0,790.0,775.0,775.0,3593800
2014-09-05,557.9315795898438,775.0,785.0,765.0,775.0,2046000
2014-09-08,568.7302856445312,790.0,795.0,780.0,790.0,6239700
2014-09-09,554.3319091796875,770.0,785.0,765.0,770.0,4043400
2014-09-10,536.334228515625,745.0,765.0,735.0,745.0,4613600
2014-09-11,547.1328125,760.0,770.0,745.0,760.0,3011200
2014-09-12,550.7324829101562,765.0,770.0,755.0,765.0,1363200
2014-09-15,543.5333251953125,755.0,760.0,750.0,755.0,585300
2014-09-16,565.130615234375,785.0,785.0,750.0,785.0,5519200
2014-09-17,572.329833984375,795.0,815.0,770.0,795.0,9591400
2014-09-18,565.130615234375,785.0,800.0,780.0,785.0,2094700
2014-09-19,565.130615234375,785.0,785.0,775.0,785.0,772700
2014-09-22,561.5310668945312,780.0,790.0,770.0,780.0,2651300
2014-09-23,554.3319091796875,770.0,775.0,765.0,770.0,3178400
2014-09-24,557.9315795898438,775.0,790.0,770.0,775.0,2610200
2014-09-25,557.9315795898438,775.0,800.0,775.0,775.0,898900
2014-09-26,547.1328125,760.0,770.0,750.0,760.0,3590100
2014-09-29,536.334228515625,745.0,760.0,735.0,745.0,926800
2014-09-30,532.7346801757812,740.0,750.0,730.0,740.0,1515300
2014-10-01,536.334228515625,745.0,750.0,740.0,745.0,2289700
2014-10-02,514.7367553710938,715.0,740.0,700.0,715.0,2579800
2014-10-03,514.7367553710938,715.0,730.0,705.0,715.0,1445900
2014-10-06,514.7367553710938,715.0,725.0,705.0,715.0,1934000
2014-10-07,521.9359130859375,725.0,730.0,715.0,725.0,3350500
2014-10-08,518.33642578125,720.0,730.0,715.0,720.0,1501300
2014-10-09,514.7367553710938,715.0,735.0,715.0,715.0,1384300
2014-10-10,500.338623046875,695.0,710.0,690.0,695.0,2053500
2014-10-13,478.7411804199219,665.0,690.0,665.0,665.0,1799000
2014-10-14,471.5421142578125,655.0,685.0,650.0,655.0,3315200
2014-10-15,439.1460876464844,610.0,665.0,610.0,610.0,6587000
2014-10-16,453.5443115234375,630.0,635.0,605.0,630.0,10117700
2014-10-17,446.3452453613281,620.0,635.0,605.0,620.0,13694900
2014-10-20,442.74560546875,615.0,635.0,615.0,615.0,4986700
2014-10-21,449.9447937011719,625.0,625.0,600.0,625.0,3204100
2014-10-22,457.14385986328125,635.0,640.0,620.0,635.0,10287500
2014-10-23,457.14385986328125,635.0,645.0,630.0,635.0,9613100
2014-10-24,453.5443115234375,630.0,645.0,620.0,630.0,2283700
2014-10-27,439.1460876464844,610.0,640.0,610.0,610.0,3776100
2014-10-28,442.74560546875,615.0,620.0,605.0,615.0,1396200
2014-10-29,453.5443115234375,630.0,640.0,610.0,630.0,6131000
2014-10-30,457.14385986328125,635.0,640.0,625.0,635.0,4097000
2014-10-31,457.14385986328125,635.0,640.0,625.0,635.0,3188800
2014-11-03,439.1460876464844,610.0,635.0,610.0,610.0,3374200
2014-11-04,439.1460876464844,610.0,615.0,600.0,610.0,1666300
2014-11-05,435.5465393066406,605.0,610.0,600.0,605.0,2135100
2014-11-06,431.9469909667969,600.0,610.0,600.0,600.0,1333200
2014-11-07,421.1483459472656,585.0,605.0,580.0,585.0,2911700
2014-11-10,421.1483459472656,585.0,595.0,585.0,585.0,1032100
2014-11-11,421.1483459472656,585.0,595.0,580.0,585.0,725500
2014-11-12,410.34967041015625,570.0,585.0,565.0,570.0,2147100
2014-11-13,395.9514465332031,550.0,575.0,540.0,550.0,3636000
2014-11-14,395.9514465332031,550.0,555.0,545.0,550.0,432900
2014-11-17,399.55096435546875,555.0,565.0,535.0,550.0,2128100
2014-11-18,406.75006103515625,565.0,570.0,555.0,565.0,1046800
2014-11-19,428.3474426269531,595.0,595.0,560.0,595.0,5195500
2014-11-20,421.1483459472656,585.0,600.0,580.0,585.0,2783500
2014-11-21,428.3474426269531,595.0,605.0,585.0,595.0,4978900
2014-11-24,428.3474426269531,595.0,605.0,590.0,595.0,4113500
2014-11-25,421.1483459472656,585.0,600.0,585.0,585.0,1824800
2014-11-26,417.54876708984375,580.0,590.0,565.0,580.0,2919700
2014-11-27,413.9492492675781,575.0,580.0,570.0,575.0,2207900
2014-11-28,403.1504821777344,560.0,575.0,560.0,560.0,3102500
2014-12-01,395.9514465332031,550.0,570.0,545.0,570.0,2066200
2014-12-02,395.9514465332031,550.0,560.0,545.0,555.0,3181400
2014-12-03,385.1527404785156,535.0,555.0,530.0,555.0,4279000
2014-12-04,406.75006103515625,565.0,565.0,525.0,540.0,14497000
2014-12-05,403.1504821777344,560.0,575.0,555.0,570.0,3973800
2014-12-08,392.3518371582031,545.0,555.0,545.0,555.0,3258900
2014-12-09,395.9514465332031,550.0,555.0,545.0,545.0,1051800
2014-12-10,392.3518371582031,545.0,555.0,535.0,550.0,1080400
2014-12-11,385.1527404785156,535.0,545.0,530.0,540.0,1719500
2014-12-12,385.1527404785156,535.0,540.0,530.0,540.0,1089500
2014-12-15,370.7544860839844,515.0,540.0,510.0,535.0,3676800
2014-12-16,367.1549377441406,510.0,520.0,500.0,510.0,1731200
2014-12-17,370.7544860839844,515.0,535.0,505.0,510.0,2616200
2014-12-18,374.3540344238281,520.0,530.0,510.0,515.0,3265400
2014-12-19,374.3540344238281,520.0,525.0,515.0,515.0,1767600
2014-12-22,370.7544860839844,515.0,525.0,515.0,520.0,718000
2014-12-23,367.1549377441406,510.0,520.0,510.0,515.0,1114200
2014-12-24,367.1549377441406,510.0,515.0,510.0,515.0,981100
2014-12-29,370.7544860839844,515.0,520.0,510.0,520.0,1123500
2014-12-30,367.1549377441406,510.0,530.0,510.0,520.0,2452200
2015-01-02,370.7544860839844,515.0,515.0,510.0,515.0,266000
2015-01-05,367.1549377441406,510.0,520.0,510.0,520.0,710800
2015-01-06,359.9558410644531,500.0,510.0,500.0,510.0,2241600
2015-01-07,358.5160217285156,498.0,510.0,497.0,505.0,987300
2015-01-08,358.5160217285156,498.0,505.0,495.0,495.0,1529100
2015-01-09,370.7544860839844,515.0,515.0,497.0,500.0,2957200
2015-01-12,363.5553894042969,505.0,520.0,505.0,510.0,1667100
2015-01-13,363.5553894042969,505.0,510.0,500.0,510.0,728900
2015-01-14,359.9558410644531,500.0,510.0,499.0,505.0,999200
2015-01-15,359.9558410644531,500.0,505.0,499.0,500.0,1655300
2015-01-16,358.5160217285156,498.0,505.0,497.0,505.0,513900
2015-01-19,359.2359313964844,499.0,505.0,495.0,495.0,644200
2015-01-20,353.4765930175781,491.0,499.0,485.0,499.0,2148700
2015-01-21,355.6363525390625,494.0,505.0,485.0,485.0,6213200
2015-01-22,354.1965026855469,492.0,500.0,490.0,500.0,908600
2015-01-23,354.9164123535156,493.0,498.0,492.0,492.0,794700
2015-01-26,350.5969543457031,487.0,498.0,486.0,498.0,1267700
2015-01-27,355.6363525390625,494.0,494.0,487.0,487.0,1119400
2015-01-28,357.0761413574219,496.0,510.0,494.0,494.0,3687000
2015-01-29,356.35626220703125,495.0,499.0,495.0,496.0,753500
2015-01-30,354.1965026855469,492.0,498.0,492.0,496.0,893400
2015-02-02,351.31689453125,488.0,494.0,487.0,492.0,626800
2015-02-03,351.31689453125,488.0,497.0,487.0,488.0,2252600
2015-02-04,352.03680419921875,489.0,496.0,488.0,490.0,1496000
2015-02-05,350.5969543457031,487.0,489.0,486.0,489.0,626000
2015-02-06,349.8770751953125,486.0,487.0,483.0,487.0,674700
2015-02-09,349.8770751953125,486.0,489.0,480.0,485.0,1096200
2015-02-10,346.2774963378906,481.0,487.0,480.0,485.0,1607900
2015-02-11,346.2774963378906,481.0,487.0,480.0,487.0,1558300
2015-02-12,345.5576171875,480.0,485.0,480.0,485.0,554300
2015-02-13,345.5576171875,480.0,485.0,480.0,482.0,1488000
2015-02-16,344.1177673339844,478.0,485.0,478.0,485.0,562700
2015-02-17,343.39788818359375,477.0,481.0,477.0,478.0,1354000
2015-02-18,343.39788818359375,477.0,480.0,474.0,478.0,618000
2015-02-20,343.39788818359375,477.0,478.0,475.0,477.0,507200
2015-02-23,338.3584899902344,470.0,479.0,469.0,479.0,3286600
2015-02-24,336.918701171875,468.0,471.0,466.0,470.0,1304900
2015-02-25,332.5991516113281,462.0,472.0,458.0,468.0,3504400
2015-02-26,331.15936279296875,460.0,463.0,458.0,462.0,1297200
2015-02-27,326.83990478515625,454.0,460.0,451.0,460.0,2847000
2015-03-02,340.5182189941406,473.0,474.0,454.0,454.0,1408100
2015-03-03,341.9580078125,475.0,483.0,473.0,473.0,2181200
2015-03-04,339.0783996582031,471.0,475.0,467.0,475.0,471700
2015-03-05,336.918701171875,468.0,473.0,467.0,468.0,672100
2015-03-06,336.918701171875,468.0,468.0,463.0,468.0,181500
2015-03-09,335.4788513183594,466.0,466.0,461.0,463.0,509600
2015-03-10,333.3191223144531,463.0,466.0,459.0,466.0,388600
2015-03-11,328.2796936035156,456.0,462.0,449.0,462.0,1805700
2015-03-12,324.68017578125,451.0,457.0,449.0,457.0,1017700
2015-03-13,326.1199645996094,453.0,454.0,445.0,451.0,689500
2015-03-16,321.8005065917969,447.0,453.0,447.0,453.0,392400
2015-03-17,321.8005065917969,447.0,455.0,444.0,450.0,562900
2015-03-18,321.08056640625,446.0,450.0,446.0,447.0,256600
2015-03-19,321.08056640625,446.0,450.0,441.0,446.0,449000
2015-03-20,318.92083740234375,443.0,446.0,442.0,446.0,300300
2015-03-23,318.20098876953125,442.0,447.0,440.0,447.0,445900
2015-03-24,318.20098876953125,442.0,443.0,438.0,442.0,822900
2015-03-25,312.4416809082031,434.0,440.0,430.0,440.0,1878000
2015-03-26,310.28192138671875,431.0,434.0,428.0,434.0,253200
2015-03-27,310.28192138671875,431.0,434.0,428.0,431.0,340400
2015-03-30,308.84210205078125,429.0,434.0,429.0,432.0,441300
2015-03-31,312.4416809082031,434.0,435.0,426.0,430.0,2463100
2015-04-01,308.84210205078125,429.0,433.0,428.0,432.0,1132000
2015-04-02,309.5620422363281,430.0,433.0,427.0,429.0,2970100
2015-04-06,310.28192138671875,431.0,435.0,430.0,435.0,792800
2015-04-07,310.28192138671875,431.0,433.0,428.0,431.0,700200
2015-04-08,309.5620422363281,430.0,433.0,429.0,431.0,165400
2015-04-09,309.5620422363281,430.0,431.0,428.0,430.0,209000
2015-04-10,309.5620422363281,430.0,431.0,429.0,430.0,144900
2015-04-13,304.5226135253906,423.0,430.0,422.0,423.0,1516100
2015-04-14,291.564208984375,405.0,424.0,404.0,424.0,1406600
2015-04-15,284.3651428222656,395.0,405.0,393.0,405.0,1339500
2015-04-16,282.92529296875,393.0,400.0,390.0,400.0,721700
2015-04-17,280.7655334472656,390.0,393.0,388.0,393.0,269500
2015-04-20,279.3257141113281,388.0,393.0,382.0,390.0,587800
2015-04-21,251.9690399169922,350.0,392.0,350.0,388.0,1945900
2015-04-22,251.24917602539062,349.0,365.0,348.0,360.0,3510100
2015-04-23,251.9690399169922,350.0,358.0,349.0,350.0,1896500
2015-04-24,251.9690399169922,350.0,351.0,348.0,351.0,1342600
2015-04-27,233.2513427734375,324.0,350.0,321.0,350.0,2681500
2015-04-28,229.65184020996094,319.0,323.0,310.0,319.0,276500
2015-04-29,217.41334533691406,302.0,320.0,301.0,314.0,2435600
2015-04-30,208.77438354492188,290.0,303.0,290.0,302.0,2263000
2015-05-04,260.6080322265625,362.0,362.0,300.0,300.0,12848000
2015-05-05,262.0478820800781,364.0,380.0,349.0,380.0,8541300
2015-05-06,255.56863403320312,355.0,364.0,354.0,355.0,3096600
2015-05-07,244.05006408691406,339.0,357.0,339.0,357.0,3386700
2015-05-08,258.4482421875,359.0,370.0,331.0,340.0,11887200
2015-05-11,266.3673400878906,370.0,385.0,355.0,361.0,17526000
2015-05-12,279.3257141113281,388.0,389.0,370.0,370.0,11560600
2015-05-13,273.56640625,380.0,395.0,379.0,389.0,10991400
2015-05-15,276.4460754394531,384.0,390.0,373.0,380.0,2214100
2015-05-18,281.4854431152344,391.0,392.0,381.0,384.0,1965300
2015-05-19,290.8443298339844,404.0,408.0,386.0,390.0,2810100
2015-05-20,300.92303466796875,418.0,426.0,404.0,409.0,5996400
2015-05-21,305.2425231933594,424.0,430.0,418.0,424.0,3342600
2015-05-22,308.84210205078125,429.0,431.0,422.0,426.0,1941700
2015-05-25,304.5226135253906,423.0,429.0,420.0,429.0,1552500
2015-05-26,307.40228271484375,427.0,428.0,418.0,423.0,1669400
2015-05-27,303.08282470703125,421.0,427.0,421.0,425.0,2828400
2015-05-28,304.5226135253906,423.0,430.0,419.0,420.0,3362900
2015-05-29,266.3673400878906,370.0,427.0,370.0,427.0,13243100
2015-06-01,256.28851318359375,356.0,380.0,350.0,375.0,2454700
2015-06-03,257.72833251953125,358.0,371.0,356.0,357.0,4423400
2015-06-04,249.8093719482422,347.0,362.0,339.0,358.0,5061000
2015-06-05,247.6496124267578,344.0,355.0,340.0,354.0,2733000
2015-06-08,236.8509063720703,329.0,350.0,322.0,350.0,2583500
2015-06-09,226.05224609375,314.0,329.0,313.0,326.0,3122600
2015-06-10,226.77215576171875,315.0,324.0,312.0,315.0,1524100
2015-06-11,226.77215576171875,315.0,325.0,310.0,315.0,3150100
2015-06-12,230.37173461914062,320.0,328.0,315.0,319.0,2928100
2015-06-15,229.65184020996094,319.0,331.0,319.0,320.0,5261400
2015-06-16,230.37173461914062,320.0,322.0,314.0,316.0,2902600
2015-06-17,228.21200561523438,317.0,323.0,315.0,315.0,4173900
2015-06-18,230.37173461914062,320.0,320.0,315.0,317.0,150800
2015-06-19,229.65184020996094,319.0,322.0,318.0,320.0,497300
2015-06-22,230.37173461914062,320.0,324.0,318.0,320.0,5169500
2015-06-23,229.65184020996094,319.0,323.0,318.0,320.0,1153700
2015-06-24,228.21200561523438,317.0,322.0,315.0,320.0,4434400
2015-06-25,227.4920654296875,316.0,317.0,314.0,316.0,1524300
2015-06-26,226.77215576171875,315.0,317.0,314.0,315.0,873000
2015-06-29,226.05224609375,314.0,315.0,312.0,315.0,503200
2015-06-30,226.77215576171875,315.0,317.0,310.0,315.0,1280100
2015-07-01,225.33233642578125,313.0,316.0,311.0,315.0,2362900
2015-07-02,230.37173461914062,320.0,328.0,310.0,310.0,1823100
2015-07-03,230.37173461914062,320.0,323.0,318.0,320.0,631800
2015-07-06,227.4920654296875,316.0,320.0,315.0,318.0,636600
2015-07-07,226.77215576171875,315.0,322.0,312.0,316.0,1258400
2015-07-08,219.5730438232422,305.0,313.0,300.0,310.0,4175600
2015-07-09,220.29296875,306.0,320.0,300.0,320.0,1587400
2015-07-10,222.45269775390625,309.0,314.0,286.0,286.0,1458000
2015-07-13,221.73280334472656,308.0,313.0,305.0,311.0,383300
2015-07-14,224.6124267578125,312.0,314.0,304.0,304.0,1110300
2015-07-15,223.17262268066406,310.0,313.0,308.0,310.0,1328000
2015-07-22,219.5730438232422,305.0,311.0,305.0,310.0,918800
2015-07-23,221.0128631591797,307.0,310.0,300.0,301.0,849700
2015-07-24,218.85316467285156,304.0,310.0,300.0,307.0,446700
2015-07-27,212.37396240234375,295.0,307.0,291.0,307.0,470600
2015-07-28,215.97349548339844,300.0,301.0,289.0,290.0,404600
2015-07-29,214.53367614746094,298.0,304.0,295.0,295.0,752600
2015-07-30,210.9341278076172,293.0,299.0,290.0,299.0,714200
2015-07-31,208.77438354492188,290.0,299.0,287.0,288.0,300600
2015-08-03,204.4549102783203,284.0,297.0,284.0,290.0,577500
2015-08-04,207.33456420898438,288.0,289.0,276.0,280.0,512800
2015-08-05,217.41334533691406,302.0,308.0,285.0,285.0,2399000
2015-08-06,210.21421813964844,292.0,302.0,290.0,302.0,3369200
2015-08-07,202.295166015625,281.0,292.0,279.0,290.0,1573900
2015-08-10,203.0150909423828,282.0,285.0,279.0,281.0,956400
2015-08-11,199.41551208496094,277.0,285.0,275.0,285.0,738800
2015-08-12,188.61685180664062,262.0,274.0,255.0,270.0,1733700
2015-08-13,190.77658081054688,265.0,266.0,261.0,265.0,843700
2015-08-14,187.17701721191406,260.0,267.0,260.0,267.0,151000
2015-08-18,186.4571075439453,259.0,260.0,255.0,259.0,263700
2015-08-19,177.81817626953125,247.0,259.0,245.0,255.0,658800
2015-08-20,177.09825134277344,246.0,252.0,241.0,247.0,91700
2015-08-21,172.0588836669922,239.0,244.0,237.0,237.0,239200
2015-08-24,151.18142700195312,210.0,227.0,208.0,227.0,1281200
2015-08-25,155.5009307861328,216.0,227.0,209.0,214.0,1785700
2015-08-26,154.78102111816406,215.0,220.0,203.0,215.0,654700
2015-08-27,159.8203887939453,222.0,225.0,215.0,216.0,1430900
2015-08-28,165.57968139648438,230.0,234.0,224.0,224.0,752600
2015-08-31,164.8597412109375,229.0,235.0,228.0,235.0,1732800
2015-09-01,165.57968139648438,230.0,232.0,220.0,227.0,1292300
2015-09-02,167.01951599121094,232.0,235.0,228.0,228.0,758900
2015-09-03,173.4987030029297,241.0,241.0,232.0,232.0,946900
2015-09-04,170.6190643310547,237.0,245.0,232.0,245.0,1644600
2015-09-07,167.01951599121094,232.0,237.0,230.0,235.0,1319000
2015-09-08,166.29957580566406,231.0,234.0,220.0,228.0,1912600
2015-09-09,169.1792449951172,235.0,236.0,226.0,232.0,2018700
2015-09-10,167.7394256591797,233.0,235.0,231.0,235.0,550100
2015-09-11,167.7394256591797,233.0,239.0,230.0,230.0,1440900
2015-09-14,168.4593505859375,234.0,235.0,230.0,233.0,518000
2015-09-15,163.41995239257812,227.0,235.0,227.0,230.0,2652700
2015-09-16,161.98011779785156,225.0,228.0,224.0,227.0,4147300
2015-09-17,161.98011779785156,225.0,226.0,222.0,225.0,2383400
2015-09-18,156.9407501220703,218.0,225.0,218.0,225.0,13736700
2015-09-21,154.78102111816406,215.0,224.0,211.0,218.0,5775500
2015-09-22,152.6212615966797,212.0,221.0,211.0,217.0,1749500
2015-09-23,148.3018035888672,206.0,212.0,204.0,212.0,2248400
2015-09-25,145.4221649169922,202.0,204.0,198.0,204.0,3763400
2015-09-28,140.3827667236328,195.0,202.0,195.0,201.0,1666100
2015-09-29,137.5031280517578,191.0,195.0,185.0,191.0,868600
2015-09-30,138.9429473876953,193.0,199.0,191.0,199.0,320800
2015-10-01,141.10267639160156,196.0,202.0,195.0,200.0,477500
2015-10-02,141.10267639160156,196.0,198.0,193.0,196.0,387500
2015-10-05,143.98233032226562,200.0,202.0,196.0,196.0,563800
2015-10-06,145.4221649169922,202.0,208.0,201.0,204.0,616000
2015-10-07,150.46151733398438,209.0,216.0,202.0,207.0,1804900
2015-10-08,149.74163818359375,208.0,216.0,208.0,216.0,255800
2015-10-09,158.3805694580078,220.0,232.0,209.0,212.0,7633400
2015-10-12,161.26019287109375,224.0,226.0,220.0,225.0,4307000
2015-10-13,152.6212615966797,212.0,222.0,206.0,222.0,1658000
2015-10-15,149.74163818359375,208.0,215.0,207.0,215.0,2611500
2015-10-16,148.3018035888672,206.0,208.0,204.0,208.0,894300
2015-10-19,148.3018035888672,206.0,214.0,202.0,205.0,959900
2015-10-20,148.3018035888672,206.0,212.0,203.0,212.0,3931800
2015-10-21,148.3018035888672,206.0,211.0,203.0,210.0,1050200
2015-10-22,147.58189392089844,205.0,209.0,203.0,206.0,569000
2015-10-23,143.26243591308594,199.0,206.0,199.0,205.0,9570600
2015-10-26,140.3827667236328,195.0,203.0,194.0,199.0,5255300
2015-10-27,138.22303771972656,192.0,199.0,191.0,199.0,3689500
2015-10-28,133.903564453125,186.0,192.0,181.0,190.0,2646900
2015-10-29,133.1836700439453,185.0,189.0,183.0,187.0,1524600
2015-10-30,131.02394104003906,182.0,187.0,177.0,184.0,608300
2015-11-02,128.86416625976562,179.0,185.0,177.0,185.0,3154200
2015-11-03,126.70443725585938,176.0,181.0,173.0,179.0,1487200
2015-11-04,125.9845199584961,175.0,179.0,170.0,176.0,1977000
2015-11-05,123.8248062133789,172.0,175.0,170.0,175.0,704000
2015-11-06,125.26463317871094,174.0,175.0,170.0,170.0,904500
2015-11-09,120.94517517089844,168.0,174.0,166.0,174.0,1503200
2015-11-10,122.38497924804688,170.0,173.0,166.0,168.0,3478400
2015-11-11,120.22526550292969,167.0,176.0,167.0,170.0,2422500
2015-11-12,120.22526550292969,167.0,170.0,166.0,168.0,634300
2015-11-13,112.30621337890625,156.0,165.0,155.0,165.0,4300300
2015-11-16,109.42658233642578,152.0,157.0,150.0,157.0,741000
2015-11-17,107.98674774169922,150.0,153.0,149.0,153.0,5305700
2015-11-18,103.66728210449219,144.0,150.0,144.0,150.0,2674800
2015-11-19,103.66728210449219,144.0,150.0,142.0,146.0,2170500
2015-11-20,101.5075454711914,141.0,146.0,139.0,146.0,1612500
2015-11-23,99.34780883789062,138.0,145.0,135.0,140.0,1141600
2015-11-24,104.38719177246094,145.0,154.0,137.0,137.0,5394400
2015-11-25,117.3456039428711,163.0,173.0,145.0,145.0,64688000
2015-11-26,109.42658233642578,152.0,177.0,150.0,165.0,51424200
2015-11-27,100.7876205444336,140.0,157.0,139.0,157.0,36271600
2015-11-30,94.30842590332031,131.0,141.0,130.0,141.0,13953700
2015-12-01,93.58850860595703,130.0,137.0,129.0,129.0,6588300
2015-12-02,93.58850860595703,130.0,137.0,128.0,130.0,7677000
2015-12-03,89.98896026611328,125.0,130.0,125.0,129.0,1669200
2015-12-04,88.54912567138672,123.0,127.0,120.0,125.0,6926500
2015-12-07,86.389404296875,120.0,124.0,118.0,123.0,3344800
2015-12-08,82.0699234008789,114.0,119.0,112.0,119.0,8451100
2015-12-09,82.0699234008789,114.0,114.0,114.0,114.0,0
2015-12-10,80.63009643554688,112.0,122.0,110.0,116.0,9263800
2015-12-11,80.63009643554688,112.0,119.0,110.0,116.0,3197500
2015-12-14,79.1902847290039,110.0,113.0,108.0,111.0,1621800
2015-12-15,81.35000610351562,113.0,113.0,105.0,111.0,1545000
2015-12-16,82.0699234008789,114.0,118.0,112.0,113.0,5981300
2015-12-17,82.0699234008789,114.0,123.0,113.0,116.0,19847700
2015-12-18,77.7504653930664,108.0,116.0,108.0,116.0,4050300
2015-12-21,79.1902847290039,110.0,112.0,107.0,110.0,2012100
2015-12-22,78.47037506103516,109.0,113.0,109.0,111.0,2538200
2015-12-23,77.7504653930664,108.0,111.0,108.0,111.0,1729800
2015-12-28,79.91019439697266,111.0,114.0,109.0,109.0,5304900
2015-12-29,79.1902847290039,110.0,113.0,110.0,112.0,3801600
2015-12-30,79.1902847290039,110.0,113.0,110.0,111.0,4585000
2016-01-04,79.1902847290039,110.0,112.0,110.0,111.0,4961500
2016-01-05,79.91019439697266,111.0,115.0,110.0,110.0,2834500
2016-01-06,82.0699234008789,114.0,118.0,111.0,112.0,12179800
2016-01-07,79.1902847290039,110.0,114.0,110.0,114.0,5180200
2016-01-08,79.1902847290039,110.0,112.0,109.0,112.0,1568400
2016-01-11,78.47037506103516,109.0,110.0,109.0,110.0,1261900
2016-01-12,76.31063079833984,106.0,110.0,106.0,109.0,3285800
2016-01-13,81.35000610351562,113.0,113.0,107.0,107.0,11254100
2016-01-14,79.1902847290039,110.0,113.0,107.0,113.0,5117600
2016-01-15,78.47037506103516,109.0,111.0,108.0,110.0,1571600
2016-01-18,77.7504653930664,108.0,110.0,107.0,109.0,384300
2016-01-19,79.1902847290039,110.0,111.0,107.0,107.0,980100
2016-01-20,77.7504653930664,108.0,111.0,108.0,110.0,7358700
2016-01-21,77.7504653930664,108.0,111.0,107.0,109.0,2006200
2016-01-22,79.91019439697266,111.0,114.0,108.0,109.0,6721900
2016-01-25,79.91019439697266,111.0,114.0,111.0,111.0,2508600
2016-01-26,78.47037506103516,109.0,111.0,109.0,110.0,7584500
2016-01-27,79.1902847290039,110.0,112.0,110.0,110.0,1538900
2016-01-28,83.50975799560547,116.0,122.0,110.0,111.0,19129100
2016-01-29,82.0699234008789,114.0,120.0,114.0,116.0,6064900
2016-02-01,80.63009643554688,112.0,116.0,112.0,116.0,2192100
2016-02-02,82.0699234008789,114.0,117.0,112.0,113.0,16896200
2016-02-03,80.63009643554688,112.0,114.0,111.0,114.0,2102200
2016-02-04,82.78984069824219,115.0,115.0,113.0,113.0,2715800
2016-02-05,85.66948699951172,119.0,127.0,115.0,115.0,33860900
2016-02-09,84.22967529296875,117.0,119.0,116.0,119.0,3273600
2016-02-10,82.0699234008789,114.0,117.0,113.0,116.0,9525300
2016-02-11,79.91019439697266,111.0,117.0,111.0,114.0,8367300
2016-02-12,79.91019439697266,111.0,113.0,110.0,112.0,3204700
2016-02-15,81.35000610351562,113.0,114.0,111.0,113.0,5085600
2016-02-16,83.50975799560547,116.0,120.0,113.0,113.0,21928400
2016-02-17,84.22967529296875,117.0,119.0,115.0,116.0,8985900
2016-02-18,86.389404296875,120.0,127.0,117.0,118.0,26086800
2016-02-19,87.8292236328125,122.0,125.0,120.0,122.0,10252700
2016-02-22,92.14869689941406,128.0,134.0,113.0,120.0,54094300
2016-02-23,90.7088623046875,126.0,135.0,125.0,130.0,28531600
2016-02-24,87.10930633544922,121.0,126.0,120.0,126.0,10721300
2016-02-25,87.8292236328125,122.0,125.0,119.0,123.0,7025200
2016-02-26,98.62789154052734,137.0,155.0,122.0,122.0,185658900
2016-02-29,93.58850860595703,130.0,143.0,130.0,140.0,76141800
2016-03-01,96.4681625366211,134.0,138.0,130.0,131.0,70220200
2016-03-02,96.4681625366211,134.0,138.0,134.0,137.0,21551300
2016-03-03,99.34780883789062,138.0,145.0,135.0,135.0,71509700
2016-03-04,118.78543090820312,165.0,176.0,140.0,140.0,223507500
2016-03-07,136.0633087158203,189.0,194.0,165.0,169.0,148461100
2016-03-08,145.4221649169922,202.0,208.0,192.0,195.0,118523900
2016-03-10,137.5031280517578,191.0,208.0,191.0,207.0,52124700
2016-03-11,137.5031280517578,191.0,191.0,191.0,191.0,0
2016-03-14,137.5031280517578,191.0,191.0,191.0,191.0,0
2016-03-15,152.6212615966797,212.0,222.0,211.0,215.0,35862900
2016-03-16,157.66067504882812,219.0,224.0,210.0,212.0,22590200
2016-03-17,196.535888671875,273.0,273.0,224.0,224.0,95641500
2016-03-18,196.535888671875,273.0,273.0,273.0,273.0,0
2016-03-21,238.29075622558594,331.0,341.0,257.0,275.0,113331500
2016-03-22,248.36953735351562,345.0,377.0,331.0,345.0,120862100
2016-03-23,248.36953735351562,345.0,345.0,345.0,345.0,0
2016-03-24,248.36953735351562,345.0,345.0,345.0,345.0,0
2016-03-28,248.36953735351562,345.0,345.0,345.0,345.0,0
2016-03-29,248.36953735351562,345.0,345.0,345.0,345.0,0
2016-03-30,248.36953735351562,345.0,345.0,345.0,345.0,0
2016-03-31,248.36953735351562,345.0,345.0,345.0,345.0,0
2016-04-01,223.8925018310547,311.0,340.0,311.0,340.0,11382600
2016-04-04,201.5752410888672,280.0,282.0,280.0,282.0,2941400
2016-04-05,188.61685180664062,262.0,306.0,252.0,252.0,141920100
2016-04-06,203.73500061035156,283.0,287.0,265.0,265.0,57559700
2016-04-07,202.295166015625,281.0,295.0,278.0,290.0,42289300
2016-04-08,202.295166015625,281.0,288.0,277.0,285.0,19855000
2016-04-11,202.295166015625,281.0,281.0,281.0,281.0,0
2016-04-12,203.0150909423828,282.0,290.0,274.0,280.0,34824600
2016-04-13,203.0150909423828,282.0,282.0,282.0,282.0,0
2016-04-14,203.0150909423828,282.0,282.0,282.0,282.0,0
2016-04-15,203.0150909423828,282.0,282.0,282.0,282.0,0
2016-04-18,203.0150909423828,282.0,282.0,282.0,282.0,0
2016-04-19,203.0150909423828,282.0,282.0,282.0,282.0,0
2016-04-20,222.45269775390625,309.0,319.0,308.0,313.0,18284600
2016-04-21,252.68899536132812,351.0,361.0,314.0,361.0,3
2016-04-22,290.1243896484375,403.0,408.0,345.0,351.0,218408700
2016-04-25,316.0412292480469,439.0,458.0,403.0,403.0,173656300
2016-04-26,302.36285400390625,420.0,449.0,407.0,439.0,95241100
2016-04-27,359.9558410644531,500.0,510.0,426.0,510.0,291683800
2016-04-28,339.7983093261719,472.0,520.0,470.0,505.0,114717100
2016-04-29,346.9974060058594,482.0,500.0,461.0,472.0,47947100
2016-05-02,318.20098876953125,442.0,486.0,434.0,482.0,71568100
2016-05-03,354.1965026855469,492.0,505.0,440.0,442.0,109847100
2016-05-04,342.6779479980469,476.0,494.0,474.0,492.0,20056600
2016-05-09,345.5576171875,480.0,500.0,472.0,476.0,27844000
2016-05-10,331.15936279296875,460.0,480.0,456.0,480.0,12900800
2016-05-11,339.7983093261719,472.0,484.0,468.0,472.0,15959600
2016-05-12,344.1177673339844,478.0,488.0,472.0,480.0,18677800
2016-05-13,377.9535827636719,525.0,560.0,470.0,478.0,117675100
2016-05-16,417.54876708984375,580.0,580.0,505.0,530.0,68283000
2016-05-17,439.1460876464844,610.0,625.0,580.0,585.0,79652000
2016-05-18,464.343017578125,645.0,670.0,605.0,615.0,73988600
2016-05-19,453.5443115234375,630.0,655.0,610.0,640.0,21264600
2016-05-20,467.9425964355469,650.0,685.0,640.0,645.0,39836500
2016-05-23,449.9447937011719,625.0,660.0,625.0,660.0,27431800
2016-05-24,417.54876708984375,580.0,640.0,575.0,625.0,35870100
2016-05-25,446.3452453613281,620.0,630.0,595.0,600.0,33946900
2016-05-26,460.74346923828125,640.0,655.0,610.0,620.0,46240300
2016-05-27,449.9447937011719,625.0,655.0,610.0,640.0,47511300
2016-05-30,442.74560546875,615.0,640.0,610.0,625.0,10050600
2016-05-31,439.1460876464844,610.0,635.0,610.0,620.0,13744700
2016-06-01,435.5465393066406,605.0,615.0,595.0,615.0,12722100
2016-06-02,446.3452453613281,620.0,635.0,605.0,605.0,20593000
2016-06-03,442.74560546875,615.0,630.0,610.0,620.0,13500700
2016-06-06,439.1460876464844,610.0,625.0,610.0,620.0,8852900
2016-06-07,457.14385986328125,635.0,640.0,610.0,610.0,30722700
2016-06-08,457.14385986328125,635.0,685.0,625.0,685.0,46585700
2016-06-09,446.3452453613281,620.0,655.0,615.0,650.0,21315900
2016-06-10,439.1460876464844,610.0,630.0,605.0,620.0,14035800
2016-06-13,417.54876708984375,580.0,610.0,560.0,610.0,10047000
2016-06-14,417.54876708984375,580.0,610.0,570.0,580.0,11241400
2016-06-15,424.7479248046875,590.0,590.0,555.0,585.0,6306000
2016-06-16,406.75006103515625,565.0,595.0,565.0,590.0,5982500
2016-06-17,399.55096435546875,555.0,575.0,535.0,565.0,15256100
2016-06-20,446.3452453613281,620.0,620.0,565.0,565.0,17678600
2016-06-21,435.5465393066406,605.0,635.0,600.0,625.0,15187000
2016-06-22,424.7479248046875,590.0,620.0,590.0,610.0,8311900
2016-06-23,421.1483459472656,585.0,615.0,575.0,590.0,11774500
2016-06-24,403.1504821777344,560.0,600.0,530.0,585.0,14437000
2016-06-27,385.1527404785156,535.0,560.0,525.0,560.0,10679200
2016-06-28,385.1527404785156,535.0,555.0,510.0,540.0,11536100
2016-06-29,395.9514465332031,550.0,565.0,545.0,545.0,7050300
2016-06-30,388.7522888183594,540.0,570.0,540.0,560.0,7811500
2016-07-01,385.1527404785156,535.0,550.0,530.0,540.0,3632900
2016-07-11,388.7522888183594,540.0,545.0,515.0,520.0,6357900
2016-07-12,410.34967041015625,570.0,595.0,535.0,540.0,24530200
2016-07-13,421.1483459472656,585.0,615.0,580.0,585.0,31344100
2016-07-14,421.1483459472656,585.0,600.0,585.0,595.0,7290700
2016-07-15,493.1395568847656,685.0,710.0,585.0,585.0,114853500
2016-07-18,485.9403991699219,675.0,700.0,665.0,690.0,18564200
2016-07-19,471.5421142578125,655.0,690.0,650.0,675.0,13032200
2016-07-20,475.1417236328125,660.0,690.0,650.0,655.0,14622200
2016-07-21,467.9425964355469,650.0,675.0,650.0,665.0,7238100
2016-07-22,457.14385986328125,635.0,650.0,635.0,650.0,6287500
2016-07-25,467.9425964355469,650.0,660.0,630.0,640.0,7472100
2016-07-26,453.5443115234375,630.0,660.0,630.0,650.0,4292300
2016-07-27,457.14385986328125,635.0,650.0,635.0,635.0,3972700
2016-07-28,460.74346923828125,640.0,650.0,630.0,635.0,3364400
2016-07-29,435.5465393066406,605.0,645.0,605.0,645.0,8438000
2016-08-01,431.9469909667969,600.0,615.0,595.0,605.0,6571300
2016-08-02,507.5377197265625,705.0,720.0,600.0,600.0,90208200
2016-08-03,507.5377197265625,705.0,740.0,695.0,705.0,37095400
2016-08-04,536.334228515625,745.0,785.0,710.0,745.0,63334500
2016-08-05,525.5355224609375,730.0,765.0,720.0,745.0,13198000
2016-08-08,514.7367553710938,715.0,745.0,710.0,725.0,6374000
2016-08-09,514.7367553710938,715.0,755.0,715.0,725.0,15735900
2016-08-10,511.13726806640625,710.0,730.0,710.0,720.0,4292700
2016-08-11,489.5399169921875,680.0,710.0,680.0,710.0,9178000
2016-08-12,478.7411804199219,665.0,700.0,665.0,700.0,6777300
2016-08-15,475.1417236328125,660.0,685.0,650.0,670.0,9402200
2016-08-16,482.3407897949219,670.0,685.0,670.0,670.0,8611600
2016-08-18,500.338623046875,695.0,700.0,670.0,685.0,14499000
2016-08-19,525.5355224609375,730.0,775.0,695.0,695.0,74391400
2016-08-22,536.334228515625,745.0,780.0,730.0,750.0,33039400
2016-08-23,500.338623046875,695.0,750.0,685.0,750.0,22087100
2016-08-24,485.9403991699219,675.0,705.0,660.0,700.0,11960100
2016-08-25,514.7367553710938,715.0,725.0,670.0,675.0,24177000
2016-08-26,496.73907470703125,690.0,720.0,690.0,720.0,8023100
2016-08-29,482.3407897949219,670.0,705.0,665.0,695.0,5301700
2016-08-30,464.343017578125,645.0,685.0,630.0,675.0,11401800
2016-08-31,485.9403991699219,675.0,690.0,650.0,650.0,10563800
2016-09-01,478.7411804199219,665.0,685.0,660.0,675.0,4878000
2016-09-02,478.7411804199219,665.0,675.0,650.0,665.0,3185500
2016-09-05,493.1395568847656,685.0,705.0,670.0,670.0,12303300
2016-09-06,503.9380798339844,700.0,720.0,695.0,695.0,16926900
2016-09-07,493.1395568847656,685.0,710.0,680.0,700.0,20809100
2016-09-08,500.338623046875,695.0,700.0,680.0,690.0,5794400
2016-09-09,493.1395568847656,685.0,710.0,685.0,695.0,11112300
2016-09-13,457.14385986328125,635.0,685.0,630.0,680.0,10227200
2016-09-14,424.7479248046875,590.0,635.0,580.0,635.0,12536100
2016-09-15,446.3452453613281,620.0,630.0,590.0,590.0,7462500
2016-09-16,439.1460876464844,610.0,635.0,610.0,620.0,4644100
2016-09-19,435.5465393066406,605.0,620.0,605.0,610.0,3319300
2016-09-20,428.3474426269531,595.0,610.0,595.0,605.0,2699200
2016-09-21,439.1460876464844,610.0,615.0,590.0,600.0,2652300
2016-09-22,449.9447937011719,625.0,640.0,610.0,610.0,6468400
2016-09-23,442.74560546875,615.0,635.0,610.0,615.0,2242100
2016-09-26,431.9469909667969,600.0,620.0,600.0,615.0,1470100
2016-09-27,442.74560546875,615.0,625.0,600.0,600.0,5784300
2016-09-28,439.1460876464844,610.0,620.0,605.0,615.0,1868500
2016-09-29,464.343017578125,645.0,665.0,625.0,625.0,16951100
2016-09-30,442.74560546875,615.0,650.0,615.0,645.0,3239600
2016-10-03,457.14385986328125,635.0,660.0,625.0,625.0,3786700
2016-10-04,457.14385986328125,635.0,650.0,630.0,635.0,4460200
2016-10-05,453.5443115234375,630.0,660.0,625.0,640.0,7950300
2016-10-06,496.73907470703125,690.0,695.0,640.0,645.0,41981200
2016-10-07,500.338623046875,695.0,715.0,685.0,700.0,23667700
2016-10-10,493.1395568847656,685.0,715.0,660.0,695.0,14560200
2016-10-11,500.338623046875,695.0,720.0,685.0,685.0,18687700
2016-10-12,493.1395568847656,685.0,700.0,680.0,700.0,4784600
2016-10-13,478.7411804199219,665.0,700.0,665.0,685.0,7252300
2016-10-14,489.5399169921875,680.0,695.0,660.0,665.0,8312500
2016-10-17,511.13726806640625,710.0,730.0,680.0,685.0,40885800
2016-10-18,496.73907470703125,690.0,725.0,690.0,715.0,15144300
2016-10-19,514.7367553710938,715.0,740.0,695.0,700.0,38807100
2016-10-20,496.73907470703125,690.0,730.0,690.0,720.0,11985800
2016-10-21,496.73907470703125,690.0,705.0,685.0,700.0,5558100
2016-10-24,503.9380798339844,700.0,715.0,690.0,690.0,6243700
2016-10-25,503.9380798339844,700.0,715.0,695.0,705.0,6592800
2016-10-26,500.338623046875,695.0,720.0,695.0,700.0,12507500
2016-10-27,496.73907470703125,690.0,710.0,690.0,700.0,8356100
2016-10-28,482.3407897949219,670.0,700.0,665.0,695.0,8773500
2016-10-31,471.5421142578125,655.0,680.0,655.0,670.0,5226800
2016-11-01,475.1417236328125,660.0,680.0,655.0,655.0,5452700
2016-11-02,507.5377197265625,705.0,725.0,660.0,660.0,46350800
2016-11-03,633.5222778320312,880.0,880.0,700.0,705.0,181984700
2016-11-04,651.52001953125,905.0,1005.0,840.0,880.0,346185100
2016-11-07,615.5244140625,855.0,965.0,835.0,905.0,145873900
2016-11-08,593.9270629882812,825.0,880.0,815.0,865.0,33730200
2016-11-09,611.9249267578125,850.0,870.0,785.0,825.0,42166700
2016-11-10,640.7213134765625,890.0,925.0,860.0,875.0,62397400
2016-11-11,615.5244140625,855.0,895.0,825.0,880.0,36544900
2016-11-14,583.12841796875,810.0,860.0,810.0,855.0,18997900
2016-11-15,536.334228515625,745.0,840.0,745.0,815.0,18767200
2016-11-16,575.9293212890625,800.0,825.0,745.0,745.0,19330800
2016-11-17,550.7324829101562,765.0,810.0,765.0,795.0,8180200
2016-11-18,543.5333251953125,755.0,785.0,745.0,765.0,5007200
2016-11-21,579.5288696289062,805.0,825.0,755.0,760.0,21795400
2016-11-22,586.7279663085938,815.0,850.0,810.0,850.0,20262900
2016-11-23,572.329833984375,795.0,830.0,785.0,820.0,13030100
2016-11-24,565.130615234375,785.0,810.0,780.0,800.0,8883600
2016-11-25,593.9270629882812,825.0,865.0,790.0,790.0,41793800
2016-11-28,575.9293212890625,800.0,830.0,795.0,825.0,11210300
2016-11-29,572.329833984375,795.0,820.0,790.0,800.0,6643500
2016-11-30,561.5310668945312,780.0,795.0,760.0,795.0,8461400
2016-12-01,568.7302856445312,790.0,820.0,780.0,780.0,10233200
2016-12-02,579.5288696289062,805.0,815.0,790.0,790.0,8465200
2016-12-05,604.7257080078125,840.0,845.0,805.0,805.0,25280500
2016-12-06,590.3275756835938,820.0,850.0,820.0,845.0,8158900
2016-12-07,575.9293212890625,800.0,820.0,795.0,815.0,13136000
2016-12-08,572.329833984375,795.0,810.0,795.0,800.0,4871800
2016-12-09,579.5288696289062,805.0,830.0,800.0,800.0,12292000
2016-12-13,579.5288696289062,805.0,830.0,805.0,805.0,8514300
2016-12-14,568.7302856445312,790.0,815.0,785.0,810.0,8102100
2016-12-15,565.130615234375,785.0,800.0,770.0,780.0,2727000
2016-12-16,572.329833984375,795.0,800.0,785.0,785.0,3860700
2016-12-19,550.7324829101562,765.0,795.0,765.0,790.0,5516700
2016-12-20,521.9359130859375,725.0,770.0,725.0,765.0,10361400
2016-12-21,514.7367553710938,715.0,750.0,715.0,725.0,4300900
2016-12-22,489.5399169921875,680.0,730.0,670.0,720.0,7434900
2016-12-23,485.9403991699219,675.0,700.0,670.0,680.0,2779100
2016-12-27,485.9403991699219,675.0,700.0,675.0,690.0,2483400
2016-12-28,500.338623046875,695.0,700.0,680.0,690.0,3186100
2016-12-29,521.9359130859375,725.0,760.0,680.0,690.0,19756200
2016-12-30,507.5377197265625,705.0,745.0,705.0,730.0,5085800
2017-01-02,507.5377197265625,705.0,705.0,705.0,705.0,0
2017-01-03,507.5377197265625,705.0,720.0,675.0,705.0,2972900
2017-01-04,511.13726806640625,710.0,715.0,700.0,705.0,1382500
2017-01-05,518.33642578125,720.0,750.0,710.0,725.0,4040600
2017-01-06,525.5355224609375,730.0,740.0,720.0,725.0,2841000
2017-01-09,514.7367553710938,715.0,740.0,710.0,730.0,2321500
2017-01-10,507.5377197265625,705.0,715.0,700.0,715.0,2310000
2017-01-11,514.7367553710938,715.0,735.0,705.0,705.0,4920900
2017-01-12,550.7324829101562,765.0,805.0,715.0,715.0,44850700
2017-01-13,539.9337158203125,750.0,780.0,745.0,775.0,8103600
2017-01-16,532.7346801757812,740.0,760.0,730.0,750.0,2917700
2017-01-17,532.7346801757812,740.0,750.0,730.0,740.0,1786800
2017-01-18,536.334228515625,745.0,765.0,735.0,740.0,5010800
2017-01-19,529.1350708007812,735.0,755.0,735.0,750.0,1882200
2017-01-20,521.9359130859375,725.0,745.0,725.0,740.0,2198100
2017-01-23,521.9359130859375,725.0,740.0,725.0,725.0,1934600
2017-01-24,521.9359130859375,725.0,745.0,720.0,730.0,3031500
2017-01-25,511.13726806640625,710.0,740.0,700.0,740.0,8420400
2017-01-26,496.73907470703125,690.0,720.0,670.0,710.0,9563300
2017-01-27,500.338623046875,695.0,720.0,690.0,695.0,4265600
2017-01-30,557.9315795898438,775.0,785.0,695.0,695.0,31659900
2017-01-31,557.9315795898438,775.0,835.0,760.0,775.0,44832000
2017-02-01,543.5333251953125,755.0,785.0,755.0,775.0,6688000
2017-02-02,554.3319091796875,770.0,795.0,745.0,765.0,12719300
2017-02-03,550.7324829101562,765.0,790.0,765.0,770.0,3633000
2017-02-06,536.334228515625,745.0,770.0,745.0,770.0,3915500
2017-02-07,529.1350708007812,735.0,755.0,730.0,750.0,4271500
2017-02-08,529.1350708007812,735.0,740.0,715.0,735.0,3102800
2017-02-09,529.1350708007812,735.0,750.0,730.0,735.0,2157200
2017-02-10,529.1350708007812,735.0,745.0,730.0,735.0,1696700
2017-02-13,529.1350708007812,735.0,755.0,735.0,735.0,2197800
2017-02-14,532.7346801757812,740.0,785.0,730.0,735.0,15875000
2017-02-15,532.7346801757812,740.0,740.0,740.0,740.0,0
2017-02-16,525.5355224609375,730.0,760.0,725.0,740.0,4600400
2017-02-17,518.33642578125,720.0,740.0,715.0,730.0,2063900
2017-02-20,529.1350708007812,735.0,755.0,720.0,730.0,4237100
2017-02-21,536.334228515625,745.0,770.0,735.0,745.0,14188700
2017-02-22,521.9359130859375,725.0,750.0,725.0,750.0,4255400
2017-02-23,521.9359130859375,725.0,735.0,720.0,725.0,4035100
2017-02-24,521.9359130859375,725.0,740.0,725.0,730.0,2228300
2017-02-27,529.1350708007812,735.0,740.0,720.0,725.0,2893100
2017-02-28,532.7346801757812,740.0,770.0,735.0,735.0,18181100
2017-03-01,521.9359130859375,725.0,745.0,725.0,740.0,3003100
2017-03-02,521.9359130859375,725.0,740.0,720.0,730.0,5280400
2017-03-03,521.9359130859375,725.0,745.0,720.0,725.0,4619200
2017-03-06,529.1350708007812,735.0,735.0,720.0,725.0,4424600
2017-03-07,543.5333251953125,755.0,775.0,730.0,735.0,23981500
2017-03-08,529.1350708007812,735.0,765.0,735.0,755.0,6258200
2017-03-09,521.9359130859375,725.0,730.0,720.0,725.0,6698400
2017-03-10,503.9380798339844,700.0,725.0,695.0,725.0,6528700
2017-03-13,496.73907470703125,690.0,705.0,680.0,700.0,2941400
2017-03-14,503.9380798339844,700.0,715.0,700.0,700.0,3494500
2017-03-15,511.13726806640625,710.0,745.0,700.0,710.0,4835700
2017-03-16,511.13726806640625,710.0,725.0,710.0,715.0,2240900
2017-03-17,507.5377197265625,705.0,720.0,705.0,710.0,2083500
2017-03-20,503.9380798339844,700.0,715.0,700.0,705.0,2660400
2017-03-21,514.7367553710938,715.0,715.0,705.0,705.0,2755700
2017-03-22,500.338623046875,695.0,715.0,695.0,715.0,2690600
2017-03-23,500.338623046875,695.0,710.0,690.0,695.0,5546700
2017-03-24,496.73907470703125,690.0,705.0,690.0,700.0,1993900
2017-03-27,493.1395568847656,685.0,700.0,680.0,685.0,1782700
2017-03-29,500.338623046875,695.0,720.0,685.0,685.0,9434400
2017-03-30,503.9380798339844,700.0,710.0,695.0,700.0,2373500
2017-03-31,511.13726806640625,710.0,735.0,695.0,700.0,12218800
2017-04-03,539.9337158203125,750.0,780.0,715.0,715.0,26072500
2017-04-04,557.9315795898438,775.0,805.0,750.0,750.0,44685600
2017-04-05,557.9315795898438,775.0,775.0,775.0,775.0,0
2017-04-06,521.9359130859375,725.0,765.0,725.0,750.0,7139200
2017-04-07,529.1350708007812,735.0,750.0,725.0,725.0,4306500
2017-04-10,521.9359130859375,725.0,750.0,725.0,735.0,5895600
2017-04-11,511.13726806640625,710.0,745.0,705.0,725.0,19484800
2017-04-12,511.13726806640625,710.0,745.0,705.0,715.0,16788800
2017-04-13,503.9380798339844,700.0,715.0,695.0,715.0,10023600
2017-04-17,503.9380798339844,700.0,710.0,695.0,700.0,4217200
2017-04-18,503.9380798339844,700.0,700.0,690.0,700.0,5461900
2017-04-19,503.9380798339844,700.0,700.0,700.0,700.0,0
2017-04-20,496.73907470703125,690.0,710.0,690.0,700.0,4480200
2017-04-21,500.338623046875,695.0,705.0,690.0,695.0,2830400
2017-04-25,500.338623046875,695.0,730.0,690.0,695.0,10518600
2017-04-26,503.9380798339844,700.0,710.0,695.0,695.0,4916200
2017-04-27,539.9337158203125,750.0,770.0,695.0,705.0,122140600
2017-04-28,647.9204711914062,900.0,925.0,750.0,750.0,291653100
2017-05-02,611.9249267578125,850.0,920.0,820.0,905.0,98403100
2017-05-03,662.3187255859375,920.0,990.0,840.0,855.0,210513200
2017-05-04,809.900634765625,1125.0,1130.0,865.0,925.0,239531700
2017-05-05,907.088623046875,1260.0,1320.0,1105.0,1130.0,311017300
2017-05-08,842.2966918945312,1170.0,1310.0,1125.0,1270.0,235619100
2017-05-09,817.0997924804688,1135.0,1210.0,1005.0,1190.0,204239800
2017-05-10,615.5244140625,855.0,1190.0,855.0,1135.0,501275800
2017-05-12,611.9249267578125,850.0,880.0,805.0,855.0,90324300
2017-05-15,615.5244140625,855.0,905.0,780.0,850.0,293347900
2017-05-16,547.1328125,760.0,875.0,735.0,855.0,432544000
2017-05-17,601.126220703125,835.0,840.0,740.0,760.0,200097200
2017-05-18,583.12841796875,810.0,855.0,805.0,835.0,116584100
2017-05-19,579.5288696289062,805.0,845.0,800.0,810.0,64022500
2017-05-22,557.9315795898438,775.0,825.0,770.0,815.0,46881800
2017-05-23,547.1328125,760.0,790.0,745.0,775.0,75764000
2017-05-24,554.3319091796875,770.0,790.0,750.0,760.0,42286700
2017-05-26,550.7324829101562,765.0,775.0,755.0,770.0,23837200
2017-05-29,568.7302856445312,790.0,795.0,760.0,775.0,39349600
2017-05-30,586.7279663085938,815.0,825.0,790.0,795.0,98338900
2017-05-31,575.9293212890625,800.0,825.0,795.0,815.0,46912100
2017-06-01,575.9293212890625,800.0,800.0,800.0,800.0,0
2017-06-02,568.7302856445312,790.0,815.0,785.0,810.0,21010000
2017-06-05,590.3275756835938,820.0,840.0,790.0,795.0,81078800
2017-06-06,615.5244140625,855.0,870.0,820.0,825.0,129713200
2017-06-07,601.126220703125,835.0,875.0,835.0,865.0,80640200
2017-06-08,597.5266723632812,830.0,855.0,825.0,845.0,28850100
2017-06-09,604.7257080078125,840.0,870.0,835.0,835.0,40864300
2017-06-12,593.9270629882812,825.0,850.0,820.0,840.0,14478300
2017-06-13,601.126220703125,835.0,840.0,820.0,830.0,14562700
2017-06-14,608.3253173828125,845.0,855.0,830.0,835.0,35096700
2017-06-15,597.5266723632812,830.0,850.0,830.0,845.0,14059500
2017-06-16,590.3275756835938,820.0,850.0,820.0,835.0,19154100
2017-06-19,561.5310668945312,780.0,830.0,780.0,825.0,37064700
2017-06-20,572.329833984375,795.0,810.0,785.0,785.0,23499500
2017-06-21,568.7302856445312,790.0,810.0,780.0,795.0,13456600
2017-06-22,565.130615234375,785.0,800.0,785.0,790.0,9311000
2017-06-23,565.130615234375,785.0,785.0,785.0,785.0,0
2017-06-26,565.130615234375,785.0,785.0,785.0,785.0,0
2017-06-27,565.130615234375,785.0,785.0,785.0,785.0,0
2017-06-28,565.130615234375,785.0,785.0,785.0,785.0,0
2017-06-29,565.130615234375,785.0,785.0,785.0,785.0,0
2017-06-30,565.130615234375,785.0,785.0,785.0,785.0,0
2017-07-03,561.5310668945312,780.0,805.0,780.0,790.0,14448800
2017-07-04,561.5310668945312,780.0,790.0,780.0,790.0,9617500
2017-07-05,561.5310668945312,780.0,795.0,780.0,785.0,13496600
2017-07-06,561.5310668945312,780.0,795.0,770.0,790.0,15784100
2017-07-07,543.5333251953125,755.0,785.0,750.0,775.0,17292000
2017-07-10,543.5333251953125,755.0,755.0,755.0,755.0,0
2017-07-11,557.9315795898438,775.0,790.0,760.0,765.0,15999200
2017-07-12,575.9293212890625,800.0,805.0,780.0,785.0,26658500
2017-07-13,568.7302856445312,790.0,810.0,790.0,805.0,14588800
2017-07-14,568.7302856445312,790.0,795.0,785.0,795.0,5768700
2017-07-17,608.3253173828125,845.0,850.0,795.0,795.0,52992100
2017-07-18,608.3253173828125,845.0,865.0,840.0,845.0,81539900
2017-07-19,637.121826171875,885.0,900.0,845.0,850.0,118585800
2017-07-20,680.3165893554688,945.0,950.0,875.0,885.0,131897300
2017-07-21,655.11962890625,910.0,965.0,910.0,950.0,57275800
2017-07-24,604.7257080078125,840.0,920.0,825.0,910.0,96649500
2017-07-25,583.12841796875,810.0,845.0,790.0,845.0,81827500
2017-07-26,601.126220703125,835.0,850.0,820.0,820.0,64833900
2017-07-27,604.7257080078125,840.0,850.0,830.0,835.0,23941600
2017-07-28,633.5222778320312,880.0,900.0,830.0,840.0,68237500
2017-07-31,593.9270629882812,825.0,905.0,815.0,890.0,92945800
2017-08-01,633.5222778320312,880.0,890.0,840.0,845.0,104815700
2017-08-02,629.9227905273438,875.0,900.0,850.0,875.0,57661200
2017-08-03,615.5244140625,855.0,880.0,850.0,865.0,16365100
2017-08-04,626.3231201171875,870.0,885.0,850.0,860.0,17584000
2017-08-07,622.7236328125,865.0,900.0,865.0,875.0,31293200
2017-08-08,611.9249267578125,850.0,880.0,840.0,870.0,24795400
2017-08-09,619.1240844726562,860.0,865.0,845.0,855.0,16341300
2017-08-10,665.9182739257812,925.0,925.0,865.0,865.0,94075800
2017-08-11,633.5222778320312,880.0,930.0,875.0,920.0,71710100
2017-08-14,655.11962890625,910.0,920.0,885.0,890.0,39461200
2017-08-15,647.9204711914062,900.0,920.0,885.0,910.0,41000800
2017-08-16,644.3208618164062,895.0,910.0,890.0,900.0,13738600
2017-08-17,644.3208618164062,895.0,895.0,895.0,895.0,0
2017-08-18,673.117431640625,935.0,950.0,900.0,905.0,74659300
2017-08-21,712.7125244140625,990.0,1020.0,935.0,940.0,127032700
2017-08-22,741.5089721679688,1030.0,1045.0,995.0,995.0,77332200
2017-08-23,863.8939819335938,1200.0,1225.0,1040.0,1040.0,161501400
2017-08-24,860.2944946289062,1195.0,1280.0,1150.0,1210.0,108314900
2017-08-25,853.0952758789062,1185.0,1235.0,1170.0,1200.0,35833100
2017-08-28,925.08642578125,1285.0,1315.0,1115.0,1185.0,128701500
2017-08-29,917.8873901367188,1275.0,1330.0,1270.0,1285.0,41826800
2017-08-30,939.4845581054688,1305.0,1315.0,1255.0,1280.0,45214200
2017-08-31,914.2877197265625,1270.0,1345.0,1270.0,1320.0,74228100
2017-09-01,914.2877197265625,1270.0,1270.0,1270.0,1270.0,0
2017-09-04,932.2857055664062,1295.0,1310.0,1265.0,1280.0,84017700
2017-09-05,957.4823608398438,1330.0,1335.0,1275.0,1300.0,45426900
2017-09-06,1015.075439453125,1410.0,1430.0,1320.0,1330.0,91925200
2017-09-07,1076.2679443359375,1495.0,1540.0,1425.0,1425.0,104607200
2017-09-08,1195.0533447265625,1660.0,1675.0,1495.0,1495.0,109202400
2017-09-11,1342.63525390625,1865.0,1970.0,1660.0,1665.0,191240700
2017-09-12,1403.82763671875,1950.0,2030.0,1880.0,1885.0,160929000
2017-09-13,1321.037841796875,1835.0,1995.0,1765.0,1970.0,109415000
2017-09-14,1342.63525390625,1865.0,1935.0,1820.0,1875.0,62643200
2017-09-15,1339.03564453125,1860.0,1890.0,1745.0,1870.0,47667100
2017-09-18,1353.4339599609375,1880.0,1900.0,1840.0,1860.0,30940500
2017-09-19,1475.81884765625,2050.0,2060.0,1870.0,1890.0,103623300
2017-09-20,1425.425048828125,1980.0,2110.0,1960.0,2070.0,62029400
2017-09-21,1425.425048828125,1980.0,1980.0,1980.0,1980.0,0
2017-09-22,1418.225830078125,1970.0,2020.0,1925.0,1985.0,19931800
2017-09-25,1439.8233642578125,2000.0,2150.0,1960.0,2010.0,119940700
2017-09-26,1439.8233642578125,2000.0,2070.0,1995.0,2000.0,43582300
2017-09-27,1400.2281494140625,1945.0,2010.0,1870.0,2010.0,29112600
2017-09-28,1429.0245361328125,1985.0,2030.0,1935.0,1940.0,32430100
2017-09-29,1396.628662109375,1940.0,2030.0,1940.0,1990.0,22812400
2017-10-02,1353.4339599609375,1880.0,1965.0,1875.0,1950.0,27033300
2017-10-03,1339.03564453125,1860.0,1910.0,1830.0,1890.0,23300100
2017-10-04,1353.4339599609375,1880.0,1910.0,1865.0,1885.0,15664700
2017-10-05,1447.0223388671875,2010.0,2010.0,1900.0,1900.0,63016000
2017-10-06,1447.0223388671875,2010.0,2060.0,1990.0,2030.0,33139300
2017-10-09,1439.8233642578125,2000.0,2030.0,1975.0,2020.0,14207300
2017-10-10,1483.0179443359375,2060.0,2090.0,1900.0,1985.0,33060000
2017-10-11,1483.0179443359375,2060.0,2070.0,2020.0,2060.0,18506100
2017-10-12,1598.203857421875,2220.0,2230.0,2050.0,2060.0,63417300
2017-10-13,1605.403076171875,2230.0,2320.0,2190.0,2220.0,41065300
2017-10-16,1655.7969970703125,2300.0,2320.0,2190.0,2230.0,28900600
2017-10-17,1684.5933837890625,2340.0,2370.0,2290.0,2310.0,22401000
2017-10-18,1720.5889892578125,2390.0,2460.0,2330.0,2360.0,35023500
2017-10-19,1727.7879638671875,2400.0,2440.0,2370.0,2410.0,19601800
2017-10-20,1698.99169921875,2360.0,2410.0,2340.0,2400.0,12966200
2017-10-23,1605.403076171875,2230.0,2370.0,2210.0,2350.0,26429400
2017-10-24,1634.1995849609375,2270.0,2320.0,2160.0,2230.0,23191800
2017-10-25,1706.1905517578125,2370.0,2370.0,2270.0,2290.0,22987500
2017-10-26,1677.3941650390625,2330.0,2390.0,2310.0,2370.0,15929900
2017-10-27,1670.195068359375,2320.0,2360.0,2310.0,2330.0,6382800
2017-10-30,1662.995849609375,2310.0,2360.0,2290.0,2350.0,15115500
2017-10-31,1619.80126953125,2250.0,2340.0,2210.0,2310.0,18348100
2017-11-01,1670.195068359375,2320.0,2360.0,2250.0,2270.0,17938800
2017-11-02,1677.3941650390625,2330.0,2440.0,2310.0,2350.0,41096000
2017-11-03,1706.1905517578125,2370.0,2400.0,2330.0,2330.0,16291900
2017-11-06,1792.579833984375,2490.0,2500.0,2370.0,2380.0,48562000
2017-11-07,1842.973876953125,2560.0,2580.0,2490.0,2490.0,34721400
2017-11-08,1806.9781494140625,2510.0,2570.0,2500.0,2570.0,16900800
2017-11-09,1943.7615966796875,2700.0,2700.0,2470.0,2510.0,54501400
2017-11-10,2008.5535888671875,2790.0,2840.0,2670.0,2700.0,47577800
2017-11-13,2008.5535888671875,2790.0,2890.0,2780.0,2800.0,34920700
2017-11-14,1986.956298828125,2760.0,2830.0,2700.0,2800.0,36873400
2017-11-15,1958.15966796875,2720.0,2800.0,2700.0,2780.0,20362500
2017-11-16,2073.345703125,2880.0,2880.0,2670.0,2730.0,46718500
2017-11-17,2051.748046875,2850.0,2940.0,2830.0,2900.0,31113500
2017-11-20,2073.345703125,2880.0,2920.0,2830.0,2860.0,16015700
2017-11-21,2094.94287109375,2910.0,2950.0,2850.0,2880.0,25164500
2017-11-22,2073.345703125,2880.0,2940.0,2880.0,2930.0,19754200
2017-11-23,2022.9517822265625,2810.0,2900.0,2800.0,2900.0,18424400
2017-11-24,2044.549072265625,2840.0,2860.0,2800.0,2810.0,10864200
2017-11-27,2058.947021484375,2860.0,2910.0,2850.0,2850.0,21761300
2017-11-28,1994.1552734375,2770.0,2900.0,2590.0,2860.0,70115100
2017-11-29,2030.15087890625,2820.0,2830.0,2770.0,2790.0,19672800
2017-11-30,2015.7523193359375,2800.0,2850.0,2800.0,2830.0,49449800
2017-12-01,2015.7523193359375,2800.0,2800.0,2800.0,2800.0,0
2017-12-04,1994.1552734375,2770.0,2860.0,2720.0,2800.0,46553300
2017-12-05,1943.7615966796875,2700.0,2800.0,2640.0,2790.0,26942500
2017-12-06,1857.3720703125,2580.0,2720.0,2550.0,2690.0,28499500
2017-12-07,1756.5843505859375,2440.0,2590.0,2380.0,2570.0,34688100
2017-12-08,1842.973876953125,2560.0,2560.0,2390.0,2390.0,16254400
2017-12-11,1943.7615966796875,2700.0,2770.0,2570.0,2590.0,48628000
2017-12-12,2166.93408203125,3010.0,3040.0,2710.0,2730.0,91075000
2017-12-13,2260.5224609375,3140.0,3230.0,3010.0,3010.0,66388600
2017-12-14,2231.726318359375,3100.0,3230.0,3100.0,3160.0,24215600
2017-12-15,2260.5224609375,3140.0,3180.0,3070.0,3110.0,22650900
2017-12-18,2231.726318359375,3100.0,3190.0,3090.0,3150.0,13564300
2017-12-19,2246.124267578125,3120.0,3170.0,3090.0,3120.0,22549700
2017-12-20,2224.52685546875,3090.0,3150.0,3090.0,3130.0,7339100
2017-12-21,2231.726318359375,3100.0,3140.0,3050.0,3090.0,13853200
2017-12-22,2188.53125,3040.0,3120.0,3020.0,3100.0,8213900
2017-12-25,2188.53125,3040.0,3040.0,3040.0,3040.0,0
2017-12-26,2188.53125,3040.0,3040.0,3040.0,3040.0,0
2017-12-27,2246.124267578125,3120.0,3150.0,3030.0,3040.0,13996900
2017-12-28,2224.52685546875,3090.0,3150.0,3080.0,3130.0,6480800
2017-12-29,2202.929931640625,3060.0,3100.0,3050.0,3090.0,5149900
2018-01-01,2202.929931640625,3060.0,3060.0,3060.0,3060.0,0
2018-01-02,2361.310302734375,3280.0,3300.0,3070.0,3070.0,57830600
2018-01-03,2382.907470703125,3310.0,3430.0,3290.0,3300.0,31328000
2018-01-04,2447.69970703125,3400.0,3410.0,3310.0,3330.0,25570600
2018-01-05,2526.889892578125,3510.0,3530.0,3400.0,3400.0,29490100
2018-01-08,2541.2880859375,3530.0,3580.0,3480.0,3530.0,18421800
2018-01-09,2512.491943359375,3490.0,3590.0,3470.0,3540.0,17462500
2018-01-10,2663.673095703125,3700.0,3700.0,3460.0,3500.0,33174300
2018-01-11,2814.8544921875,3910.0,3970.0,3710.0,3720.0,46946300
2018-01-12,2771.659912109375,3850.0,4040.0,3810.0,3950.0,35461600
2018-01-15,2836.45166015625,3940.0,3980.0,3830.0,3890.0,22258300
2018-01-16,2944.4384765625,4090.0,4120.0,3940.0,3960.0,47162100
2018-01-17,2944.4384765625,4090.0,4150.0,4050.0,4100.0,18642500
2018-01-18,2915.642333984375,4050.0,4120.0,4040.0,4120.0,8558200
2018-01-19,3023.628662109375,4200.0,4250.0,4010.0,4060.0,26410500
2018-01-22,3045.22607421875,4230.0,4300.0,4180.0,4210.0,25079900
2018-01-23,3117.217529296875,4330.0,4350.0,4250.0,4260.0,24688400
2018-01-24,3052.42529296875,4240.0,4350.0,4110.0,4350.0,18496200
2018-01-25,3261.19970703125,4530.0,4560.0,4240.0,4240.0,41833900
2018-01-26,3254.00048828125,4520.0,4580.0,4490.0,4550.0,20598600
2018-01-29,3275.59814453125,4550.0,4630.0,4520.0,4560.0,16871700
2018-01-30,3239.6025390625,4500.0,4570.0,4260.0,4550.0,29806700
2018-01-31,3218.0048828125,4470.0,4550.0,4270.0,4480.0,19297900
2018-02-01,3095.619873046875,4300.0,4530.0,4250.0,4460.0,33604100
2018-02-02,3203.60693359375,4450.0,4470.0,4140.0,4300.0,39163700
2018-02-05,3182.00927734375,4420.0,4560.0,4250.0,4320.0,23657100
2018-02-06,3030.827880859375,4210.0,4350.0,4050.0,4250.0,40401900
2018-02-07,3088.421142578125,4290.0,4370.0,4230.0,4280.0,21888200
2018-02-08,3074.02294921875,4270.0,4320.0,4220.0,4300.0,12807100
2018-02-09,2894.044677734375,4020.0,4150.0,4020.0,4150.0,30462400
2018-02-12,2973.23486328125,4130.0,4180.0,4050.0,4090.0,18860700
2018-02-13,3052.42529296875,4240.0,4320.0,4200.0,4200.0,21671100
2018-02-14,3117.217529296875,4330.0,4370.0,4260.0,4300.0,17178100
2018-02-15,3117.217529296875,4330.0,4430.0,4330.0,4390.0,10936800
2018-02-16,3117.217529296875,4330.0,4330.0,4330.0,4330.0,0
2018-02-19,3153.212890625,4380.0,4390.0,4330.0,4360.0,14027600
2018-02-20,3095.619873046875,4300.0,4440.0,4290.0,4400.0,11979300
2018-02-21,3081.221923828125,4280.0,4350.0,4260.0,4280.0,10305700
2018-02-22,3066.823486328125,4260.0,4330.0,4230.0,4320.0,8217300
2018-02-23,3074.02294921875,4270.0,4360.0,4250.0,4300.0,7026000
2018-02-26,3038.02734375,4220.0,4320.0,4210.0,4300.0,7487300
2018-02-27,3074.02294921875,4270.0,4300.0,4170.0,4200.0,13243000
2018-02-28,3110.018310546875,4320.0,4350.0,4270.0,4320.0,12732300
2018-03-01,3038.02734375,4220.0,4340.0,4180.0,4250.0,13186000
2018-03-02,2922.84130859375,4060.0,4210.0,4030.0,4210.0,14378500
2018-03-05,2930.04052734375,4070.0,4180.0,4050.0,4100.0,12324500
2018-03-06,2915.642333984375,4050.0,4150.0,4030.0,4100.0,5089600
2018-03-07,2699.668701171875,3750.0,4060.0,3640.0,4050.0,35009800
2018-03-08,2577.283447265625,3580.0,3750.0,3420.0,3750.0,50312000
2018-03-09,2706.867919921875,3760.0,3800.0,3610.0,3610.0,32334300
2018-03-12,2750.0625,3820.0,3850.0,3770.0,3800.0,14918000
2018-03-13,2670.872314453125,3710.0,3830.0,3680.0,3830.0,9217500
2018-03-14,2541.2880859375,3530.0,3710.0,3460.0,3680.0,19742200
2018-03-15,2433.30126953125,3380.0,3570.0,3380.0,3480.0,21605700
2018-03-16,2382.907470703125,3310.0,3500.0,3280.0,3400.0,14172100
2018-03-19,2490.89453125,3460.0,3650.0,3390.0,3430.0,43449200
2018-03-20,2469.297119140625,3430.0,3530.0,3370.0,3440.0,24561400
2018-03-21,2447.69970703125,3400.0,3510.0,3340.0,3480.0,23375600
2018-03-22,2476.496337890625,3440.0,3520.0,3400.0,3450.0,17896500
2018-03-23,2462.09765625,3420.0,3430.0,3270.0,3340.0,10638700
2018-03-26,2598.881103515625,3610.0,3620.0,3370.0,3410.0,23921500
2018-03-27,2562.88525390625,3560.0,3700.0,3530.0,3650.0,40045000
2018-03-28,2548.4873046875,3540.0,3620.0,3510.0,3550.0,13798500
2018-03-29,2541.2880859375,3530.0,3600.0,3520.0,3550.0,16153600
2018-03-30,2541.2880859375,3530.0,3530.0,3530.0,3530.0,0
2018-04-02,2814.8544921875,3910.0,3950.0,3550.0,3570.0,43618300
2018-04-03,2721.266357421875,3780.0,3970.0,3780.0,3880.0,28700200
2018-04-04,2627.67724609375,3650.0,3870.0,3630.0,3830.0,15679700
2018-04-05,2692.4697265625,3740.0,3780.0,3640.0,3700.0,25785800
2018-04-06,2678.0712890625,3720.0,3780.0,3690.0,3740.0,6892900
2018-04-09,2764.4609375,3840.0,3870.0,3690.0,3710.0,17948600
2018-04-10,2778.859130859375,3860.0,3890.0,3830.0,3850.0,10934800
2018-04-11,2742.863525390625,3810.0,3920.0,3810.0,3880.0,13347800
2018-04-12,2742.863525390625,3810.0,3850.0,3770.0,3810.0,9468900
2018-04-13,2750.0625,3820.0,3910.0,3820.0,3890.0,9256600
2018-04-16,2750.0625,3820.0,3820.0,3820.0,3820.0,0
2018-04-17,2750.0625,3820.0,3820.0,3820.0,3820.0,0
2018-04-18,2606.080078125,3620.0,3690.0,3590.0,3690.0,9870600
2018-04-19,2606.080078125,3620.0,3620.0,3620.0,3620.0,0
2018-04-20,2606.080078125,3620.0,3620.0,3620.0,3620.0,0
2018-04-23,2613.279296875,3630.0,3720.0,3630.0,3660.0,5823700
2018-04-24,2642.07568359375,3670.0,3690.0,3610.0,3640.0,12525200
2018-04-25,2642.07568359375,3670.0,3670.0,3670.0,3670.0,0
2018-04-26,2642.07568359375,3670.0,3670.0,3670.0,3670.0,0
2018-04-27,2642.07568359375,3670.0,3670.0,3670.0,3670.0,0
2018-04-30,2454.898681640625,3410.0,3550.0,3410.0,3490.0,6881900
2018-05-01,2454.898681640625,3410.0,3410.0,3410.0,3410.0,0
2018-05-02,2750.0625,3820.0,3850.0,3470.0,3470.0,44466600
2018-05-03,2663.673095703125,3700.0,3800.0,3590.0,3800.0,17731400
2018-05-04,2606.080078125,3620.0,3750.0,3590.0,3600.0,11665700
2018-05-07,2708.521484375,3650.0,3670.0,3560.0,3590.0,10648300
2018-05-08,2649.15673828125,3570.0,3710.0,3560.0,3650.0,10328100
2018-05-09,2656.5771484375,3580.0,3630.0,3450.0,3580.0,8596600
2018-05-10,2656.5771484375,3580.0,3580.0,3580.0,3580.0,0
2018-05-11,2708.521484375,3650.0,3710.0,3630.0,3640.0,11677600
2018-05-14,2656.5771484375,3580.0,3680.0,3520.0,3640.0,4279600
2018-05-15,2842.092529296875,3830.0,3850.0,3560.0,3650.0,21808400
2018-05-16,2879.19580078125,3880.0,3890.0,3740.0,3790.0,22515900
2018-05-17,2923.718994140625,3940.0,4030.0,3900.0,3900.0,34093400
2018-05-18,2953.401611328125,3980.0,4020.0,3910.0,3940.0,18841700
2018-05-21,2894.03662109375,3900.0,4000.0,3900.0,3980.0,10889400
2018-05-22,2790.1484375,3760.0,3970.0,3750.0,3900.0,16874000
2018-05-23,2767.88623046875,3730.0,3840.0,3710.0,3750.0,15831900
2018-05-24,2782.727783203125,3750.0,3830.0,3680.0,3700.0,11119800
2018-05-25,2723.36279296875,3670.0,3810.0,3660.0,3790.0,9494000
2018-05-28,2686.259765625,3620.0,3700.0,3620.0,3670.0,7842800
2018-05-29,2686.259765625,3620.0,3620.0,3620.0,3620.0,0
2018-05-30,2723.36279296875,3670.0,3790.0,3620.0,3620.0,12128000
2018-05-31,2775.30712890625,3740.0,3760.0,3650.0,3700.0,16406800
2018-06-01,2775.30712890625,3740.0,3740.0,3740.0,3740.0,0
2018-06-04,2775.30712890625,3740.0,3830.0,3710.0,3770.0,18414900
2018-06-05,2960.822265625,3990.0,4070.0,3800.0,3800.0,60947700
2018-06-06,2916.298828125,3930.0,4040.0,3900.0,4000.0,21285200
2018-06-07,3035.028076171875,4090.0,4130.0,3920.0,3930.0,32062600
2018-06-08,2990.5048828125,4030.0,4130.0,4000.0,4110.0,11087500
2018-06-11,2990.5048828125,4030.0,4030.0,4030.0,4030.0,0
2018-06-12,2990.5048828125,4030.0,4030.0,4030.0,4030.0,0
2018-06-13,2990.5048828125,4030.0,4030.0,4030.0,4030.0,0
2018-06-14,2990.5048828125,4030.0,4030.0,4030.0,4030.0,0
2018-06-15,2990.5048828125,4030.0,4030.0,4030.0,4030.0,0
2018-06-18,2990.5048828125,4030.0,4030.0,4030.0,4030.0,0
2018-06-19,2990.5048828125,4030.0,4030.0,4030.0,4030.0,0
2018-06-20,2871.775146484375,3870.0,4020.0,3620.0,3970.0,30525500
2018-06-21,2834.671875,3820.0,3910.0,3780.0,3900.0,14538100
2018-06-22,2715.942138671875,3660.0,3790.0,3620.0,3790.0,19217000
2018-06-25,2626.89501953125,3540.0,3720.0,3530.0,3700.0,15169300
2018-06-26,2671.41845703125,3600.0,3660.0,3520.0,3560.0,14110500
2018-06-27,2560.109619140625,3450.0,3690.0,3450.0,3650.0,13570400
2018-06-28,2471.06201171875,3330.0,3550.0,3300.0,3470.0,8261200
2018-06-29,2537.84765625,3420.0,3450.0,3280.0,3330.0,10738200
2018-07-02,2508.165283203125,3380.0,3510.0,3380.0,3430.0,13705200
2018-07-03,2396.85595703125,3230.0,3450.0,3200.0,3340.0,9826200
2018-07-04,2463.6416015625,3320.0,3330.0,3040.0,3250.0,14481500
2018-07-05,2560.109619140625,3450.0,3480.0,3240.0,3350.0,23573200
2018-07-06,2612.053955078125,3520.0,3610.0,3420.0,3500.0,20848800
2018-07-09,2589.7919921875,3490.0,3610.0,3460.0,3530.0,12973200
2018-07-10,2523.006591796875,3400.0,3530.0,3370.0,3510.0,16085000
2018-07-11,2485.903564453125,3350.0,3460.0,3340.0,3360.0,10236200
2018-07-12,2508.165283203125,3380.0,3480.0,3360.0,3390.0,8881200
2018-07-13,2471.06201171875,3330.0,3440.0,3330.0,3400.0,11554100
2018-07-16,2426.53857421875,3270.0,3370.0,3270.0,3330.0,4798800
2018-07-17,2404.2763671875,3240.0,3310.0,3170.0,3270.0,15684200
2018-07-18,2433.959228515625,3280.0,3340.0,3220.0,3250.0,8590200
2018-07-19,2463.6416015625,3320.0,3370.0,3290.0,3310.0,11492500
2018-07-20,2433.959228515625,3280.0,3330.0,3260.0,3300.0,8767900
2018-07-23,2322.64990234375,3130.0,3270.0,3120.0,3250.0,14308300
2018-07-24,2463.6416015625,3320.0,3350.0,3140.0,3150.0,20971100
2018-07-25,2463.6416015625,3320.0,3370.0,3270.0,3350.0,14050200
2018-07-26,2574.950439453125,3470.0,3510.0,3350.0,3350.0,21899500
2018-07-27,2619.474365234375,3530.0,3550.0,3420.0,3480.0,16715600
2018-07-30,2849.51318359375,3840.0,3890.0,3620.0,3620.0,49973400
2018-07-31,2671.41845703125,3600.0,3780.0,3540.0,3740.0,28511900
2018-08-01,2775.30712890625,3740.0,3740.0,3560.0,3600.0,19552200
2018-08-02,2671.41845703125,3600.0,3740.0,3580.0,3700.0,11893100
2018-08-03,2656.5771484375,3580.0,3660.0,3570.0,3650.0,6470500
2018-08-06,2715.942138671875,3660.0,3680.0,3530.0,3580.0,11980900
2018-08-07,2693.680419921875,3630.0,3730.0,3580.0,3660.0,13456100
2018-08-08,2523.006591796875,3400.0,3660.0,3380.0,3640.0,34537100
2018-08-09,2411.697265625,3250.0,3440.0,3180.0,3400.0,39792000
2018-08-10,2367.17333984375,3190.0,3350.0,3170.0,3250.0,21716600
2018-08-13,2270.7060546875,3060.0,3170.0,2980.0,3160.0,36633400
2018-08-14,2241.0234375,3020.0,3130.0,2990.0,3050.0,11775800
2018-08-15,2315.229248046875,3120.0,3140.0,2950.0,3040.0,24468400
2018-08-16,2233.602783203125,3010.0,3120.0,3000.0,3120.0,12685400
2018-08-17,2233.602783203125,3010.0,3010.0,3010.0,3010.0,0
2018-08-20,2337.491455078125,3150.0,3160.0,3020.0,3050.0,15886600
2018-08-21,2285.546875,3080.0,3190.0,3060.0,3180.0,13355600
2018-08-22,2285.546875,3080.0,3080.0,3080.0,3080.0,0
2018-08-23,2241.0234375,3020.0,3150.0,3010.0,3100.0,14726200
2018-08-24,2233.602783203125,3010.0,3060.0,3000.0,3030.0,7137000
2018-08-27,2241.0234375,3020.0,3070.0,3020.0,3050.0,4331600
2018-08-28,2337.491455078125,3150.0,3170.0,3040.0,3060.0,21360900
2018-08-29,2278.12646484375,3070.0,3170.0,3070.0,3160.0,23537200
2018-08-30,2359.753173828125,3180.0,3300.0,3110.0,3110.0,60475800
2018-08-31,2426.53857421875,3270.0,3270.0,3090.0,3140.0,30659600
2018-09-03,2337.491455078125,3150.0,3270.0,3150.0,3270.0,11423400
2018-09-04,2278.12646484375,3070.0,3180.0,3070.0,3170.0,10280800
2018-09-05,2085.190673828125,2810.0,3050.0,2670.0,3050.0,31274300
2018-09-06,2137.134765625,2880.0,2930.0,2770.0,2800.0,11491200
2018-09-07,2107.452392578125,2840.0,2910.0,2830.0,2900.0,8491200
2018-09-10,2085.190673828125,2810.0,2880.0,2800.0,2850.0,6609600
2018-09-11,2085.190673828125,2810.0,2810.0,2810.0,2810.0,0
2018-09-12,2092.611328125,2820.0,2870.0,2790.0,2830.0,8978100
2018-09-13,2085.190673828125,2810.0,2870.0,2800.0,2850.0,8781200
2018-09-14,2122.29345703125,2860.0,2930.0,2810.0,2830.0,15034000
2018-09-17,2077.769775390625,2800.0,2880.0,2800.0,2860.0,8821000
2018-09-18,2085.190673828125,2810.0,2840.0,2750.0,2800.0,7980800
2018-09-19,2077.769775390625,2800.0,2870.0,2790.0,2820.0,9352500
2018-09-20,2092.611328125,2820.0,2870.0,2810.0,2830.0,10154300
2018-09-21,2085.190673828125,2810.0,2880.0,2810.0,2850.0,14305800
2018-09-24,2048.087646484375,2760.0,2840.0,2760.0,2830.0,5729700
2018-09-25,2025.82568359375,2730.0,2780.0,2720.0,2760.0,8954800
2018-09-26,2025.82568359375,2730.0,2820.0,2730.0,2760.0,9610700
2018-09-27,2033.24658203125,2740.0,2780.0,2730.0,2750.0,5440600
2018-09-28,2077.769775390625,2800.0,2840.0,2750.0,2760.0,17053500
2018-10-01,2144.555419921875,2890.0,2920.0,2790.0,2810.0,22710800
2018-10-02,2085.190673828125,2810.0,2980.0,2800.0,2920.0,25315100
2018-10-03,2100.03173828125,2830.0,2870.0,2780.0,2820.0,9475600
2018-10-04,2033.24658203125,2740.0,2810.0,2720.0,2800.0,10929100
2018-10-05,2033.24658203125,2740.0,2780.0,2690.0,2720.0,8022900
2018-10-08,2003.56396484375,2700.0,2770.0,2700.0,2740.0,4689400
2018-10-09,2018.405029296875,2720.0,2750.0,2700.0,2710.0,5392300
2018-10-10,2070.349609375,2790.0,2790.0,2680.0,2720.0,14049100
2018-10-11,1981.3021240234375,2670.0,2730.0,2660.0,2700.0,10192000
2018-10-12,1966.4608154296875,2650.0,2700.0,2640.0,2660.0,8829700
2018-10-15,1869.992919921875,2520.0,2670.0,2520.0,2650.0,9015700
2018-10-16,1907.095947265625,2570.0,2600.0,2440.0,2520.0,7658100
2018-10-17,1921.9375,2590.0,2630.0,2590.0,2600.0,8017100
2018-10-18,1877.4136962890625,2530.0,2590.0,2520.0,2580.0,7324300
2018-10-19,1907.095947265625,2570.0,2570.0,2500.0,2520.0,13643500
2018-10-22,1877.4136962890625,2530.0,2590.0,2530.0,2590.0,7951000
2018-10-23,1818.048828125,2450.0,2560.0,2450.0,2550.0,6944300
2018-10-24,1766.1046142578125,2380.0,2480.0,2380.0,2460.0,4940700
2018-10-25,1699.3189697265625,2290.0,2350.0,2270.0,2300.0,12881200
2018-10-26,1706.73974609375,2300.0,2360.0,2290.0,2310.0,6962700
2018-10-29,1639.9541015625,2210.0,2320.0,2200.0,2320.0,5018500
2018-10-30,1580.5892333984375,2130.0,2210.0,2120.0,2200.0,6651200
2018-10-31,1662.2159423828125,2240.0,2340.0,2130.0,2140.0,16552600
2018-11-01,1766.1046142578125,2380.0,2400.0,2250.0,2250.0,23906300
2018-11-02,1662.2159423828125,2240.0,2420.0,2240.0,2400.0,14420200
2018-11-05,1729.00146484375,2330.0,2410.0,2240.0,2240.0,21814600
2018-11-06,1840.310546875,2480.0,2510.0,2350.0,2350.0,28866000
2018-11-07,1855.15185546875,2500.0,2530.0,2440.0,2510.0,15363100
2018-11-08,1921.9375,2590.0,2630.0,2520.0,2540.0,20959700
2018-11-09,1907.095947265625,2570.0,2600.0,2530.0,2580.0,7463400
2018-11-12,1959.0404052734375,2640.0,2680.0,2570.0,2570.0,16248200
2018-11-13,1959.0404052734375,2640.0,2670.0,2580.0,2600.0,11463400
2018-11-14,1944.1990966796875,2620.0,2720.0,2620.0,2670.0,10294400
2018-11-15,1914.5166015625,2580.0,2640.0,2540.0,2600.0,12304600
2018-11-16,1892.2548828125,2550.0,2600.0,2510.0,2580.0,9960600
2018-11-19,1803.2073974609375,2430.0,2550.0,2430.0,2530.0,7911300
2018-11-20,1803.2073974609375,2430.0,2430.0,2430.0,2430.0,0
2018-11-21,1617.6923828125,2180.0,2460.0,2160.0,2360.0,25812500
2018-11-22,1480.4111328125,1995.0,2220.0,1990.0,2200.0,31904800
2018-11-23,1443.30810546875,1945.0,2040.0,1935.0,1995.0,16701900
2018-11-26,1335.709228515625,1800.0,1960.0,1800.0,1950.0,16292200
2018-11-27,1372.812255859375,1850.0,1890.0,1810.0,1810.0,12626800
2018-11-28,1402.494873046875,1890.0,1970.0,1865.0,1900.0,16181000
2018-11-29,1395.07421875,1880.0,1955.0,1880.0,1940.0,11112000
2018-11-30,1335.709228515625,1800.0,1930.0,1790.0,1910.0,14384700
2018-12-03,1383.943115234375,1865.0,1890.0,1820.0,1850.0,10312200
2018-12-04,1450.7286376953125,1955.0,1970.0,1870.0,1880.0,20849200
2018-12-05,1484.1214599609375,2000.0,2080.0,1920.0,1950.0,29611800
2018-12-06,1498.962646484375,2020.0,2080.0,1980.0,2000.0,15358900
2018-12-07,1472.990478515625,1985.0,2060.0,1970.0,2050.0,12553600
2018-12-10,1476.7008056640625,1990.0,2020.0,1975.0,1985.0,6137700
2018-12-11,1443.30810546875,1945.0,2000.0,1940.0,1990.0,10851400
2018-12-12,1435.2386474609375,1880.0,1935.0,1880.0,1935.0,12381300
2018-12-13,1446.6900634765625,1895.0,1920.0,1890.0,1890.0,10168700
2018-12-14,1435.2386474609375,1880.0,1920.0,1880.0,1905.0,7354100
2018-12-17,1389.4332275390625,1820.0,1900.0,1815.0,1890.0,10618700
2018-12-18,1355.0789794921875,1775.0,1825.0,1770.0,1820.0,12064600
2018-12-19,1362.7132568359375,1785.0,1830.0,1775.0,1775.0,9044700
2018-12-20,1339.810546875,1755.0,1795.0,1750.0,1785.0,7733400
2018-12-21,1267.28515625,1660.0,1770.0,1635.0,1750.0,16951900
2018-12-24,1267.28515625,1660.0,1660.0,1660.0,1660.0,0
2018-12-25,1267.28515625,1660.0,1660.0,1660.0,1660.0,0
2018-12-26,1206.2113037109375,1580.0,1655.0,1580.0,1650.0,8838800
2018-12-27,1213.845458984375,1590.0,1635.0,1580.0,1600.0,7883300
2018-12-28,1210.0284423828125,1585.0,1615.0,1580.0,1610.0,4670100
2018-12-31,1210.0284423828125,1585.0,1585.0,1585.0,1585.0,0
2019-01-01,1210.0284423828125,1585.0,1585.0,1585.0,1585.0,0
2019-01-02,1175.6741943359375,1540.0,1605.0,1535.0,1580.0,5203600
2019-01-03,1168.0400390625,1530.0,1580.0,1520.0,1540.0,9381900
2019-01-04,1385.6160888671875,1815.0,1820.0,1500.0,1530.0,59461000
2019-01-07,1488.6783447265625,1950.0,1970.0,1840.0,1840.0,53798000
2019-01-08,1473.4100341796875,1930.0,1970.0,1860.0,1960.0,26923500
2019-01-09,1496.3126220703125,1960.0,2020.0,1915.0,1940.0,41086600
2019-01-10,1500.1298828125,1965.0,2020.0,1955.0,1970.0,15006700
2019-01-11,1503.94677734375,1970.0,1990.0,1950.0,1990.0,11654000
2019-01-14,1469.5927734375,1925.0,1980.0,1925.0,1965.0,7795400
2019-01-15,1454.3243408203125,1905.0,1955.0,1875.0,1930.0,24227600
2019-01-16,1477.22705078125,1935.0,2020.0,1910.0,1920.0,45855400
2019-01-17,1595.5577392578125,2090.0,2140.0,1970.0,1970.0,90960500
2019-01-18,1664.26611328125,2180.0,2210.0,2110.0,2110.0,44812200
2019-01-21,1626.0947265625,2130.0,2250.0,2100.0,2210.0,34110000
2019-01-22,1565.020751953125,2050.0,2140.0,2030.0,2120.0,22258400
2019-01-23,1580.289306640625,2070.0,2130.0,2000.0,2000.0,21940400
2019-01-24,1549.7523193359375,2030.0,2110.0,2030.0,2100.0,12374200
2019-01-25,1549.7523193359375,2030.0,2070.0,2020.0,2040.0,9866400
2019-01-28,1687.1688232421875,2210.0,2260.0,2060.0,2060.0,82268300
2019-01-29,1618.46044921875,2120.0,2250.0,2120.0,2220.0,37545400
2019-01-30,1656.6318359375,2170.0,2170.0,2120.0,2140.0,19364200
2019-01-31,1626.0947265625,2130.0,2210.0,2130.0,2190.0,22120000
2019-02-01,1618.46044921875,2120.0,2150.0,2110.0,2130.0,9661400
2019-02-04,1641.36328125,2150.0,2180.0,2120.0,2130.0,16169800
2019-02-05,1641.36328125,2150.0,2150.0,2150.0,2150.0,0
2019-02-06,1656.6318359375,2170.0,2240.0,2160.0,2170.0,28297300
2019-02-07,1618.46044921875,2120.0,2190.0,2120.0,2170.0,14953900
2019-02-08,1565.020751953125,2050.0,2110.0,2020.0,2110.0,17396900
2019-02-11,1492.4954833984375,1955.0,2050.0,1950.0,2050.0,20831100
2019-02-12,1481.044189453125,1940.0,1995.0,1860.0,1965.0,22483900
2019-02-13,1465.7757568359375,1920.0,1975.0,1905.0,1950.0,8680500
2019-02-14,1400.884521484375,1835.0,1950.0,1830.0,1930.0,16503700
2019-02-15,1370.347412109375,1795.0,1825.0,1775.0,1820.0,15417600
2019-02-18,1362.7132568359375,1785.0,1845.0,1755.0,1830.0,18682800
2019-02-19,1469.5927734375,1925.0,1975.0,1810.0,1810.0,46255200
2019-02-20,1492.4954833984375,1955.0,1985.0,1925.0,1950.0,28137000
2019-02-21,1664.26611328125,2180.0,2210.0,1945.0,1970.0,87774900
2019-02-22,1656.6318359375,2170.0,2230.0,2100.0,2180.0,50870400
2019-02-25,1587.923583984375,2080.0,2190.0,2060.0,2190.0,21772600
2019-02-26,1515.3983154296875,1985.0,2100.0,1980.0,2100.0,30316700
2019-02-27,1526.849609375,2000.0,2080.0,1990.0,2000.0,30254900
2019-02-28,1492.4954833984375,1955.0,2040.0,1950.0,2030.0,11736500
2019-03-01,1526.849609375,2000.0,2020.0,1965.0,1990.0,15926800
2019-03-04,1626.0947265625,2130.0,2140.0,2030.0,2030.0,40142100
2019-03-05,1595.5577392578125,2090.0,2190.0,2070.0,2140.0,29632100
2019-03-06,1542.1181640625,2020.0,2100.0,2010.0,2090.0,13260000
2019-03-07,1542.1181640625,2020.0,2020.0,2020.0,2020.0,0
2019-03-08,1572.655029296875,2060.0,2070.0,2010.0,2020.0,13888200
2019-03-11,1603.1920166015625,2100.0,2140.0,2010.0,2030.0,18485900
2019-03-12,1549.7523193359375,2030.0,2130.0,2020.0,2130.0,7874100
2019-03-13,1610.826416015625,2110.0,2120.0,2020.0,2060.0,16496100
2019-03-14,1618.46044921875,2120.0,2150.0,2090.0,2140.0,10865600
2019-03-15,1610.826416015625,2110.0,2130.0,2080.0,2120.0,3780200
2019-03-18,1580.289306640625,2070.0,2120.0,2060.0,2070.0,5444000
2019-03-19,1572.655029296875,2060.0,2110.0,2030.0,2080.0,6751700
2019-03-20,1572.655029296875,2060.0,2110.0,2050.0,2080.0,7798900
2019-03-21,1542.1181640625,2020.0,2080.0,2010.0,2070.0,9059500
2019-03-22,1515.3983154296875,1985.0,2030.0,1980.0,2020.0,8733400
2019-03-25,1465.7757568359375,1920.0,1960.0,1915.0,1960.0,10343800
2019-03-26,1473.4100341796875,1930.0,1955.0,1930.0,1935.0,3280200
2019-03-27,1450.507080078125,1900.0,1945.0,1895.0,1940.0,5930800
2019-03-28,1450.507080078125,1900.0,1915.0,1895.0,1895.0,2931700
2019-03-29,1408.518798828125,1845.0,1880.0,1820.0,1875.0,10256500
2019-04-01,1370.347412109375,1795.0,1825.0,1750.0,1810.0,9859000
2019-04-02,1366.5303955078125,1790.0,1825.0,1770.0,1825.0,7462500
2019-04-03,1366.5303955078125,1790.0,1790.0,1790.0,1790.0,0
2019-04-04,1313.0906982421875,1720.0,1770.0,1700.0,1770.0,14690600
2019-04-05,1328.359130859375,1740.0,1745.0,1700.0,1740.0,3994000
2019-04-08,1324.5419921875,1735.0,1815.0,1735.0,1785.0,16402300
2019-04-09,1358.8961181640625,1780.0,1810.0,1775.0,1780.0,16905100
2019-04-10,1332.1763916015625,1745.0,1785.0,1740.0,1780.0,8735800
2019-04-11,1335.9935302734375,1750.0,1800.0,1750.0,1790.0,4934300
2019-04-12,1320.7249755859375,1730.0,1770.0,1730.0,1750.0,5107300
2019-04-15,1309.2735595703125,1715.0,1755.0,1705.0,1750.0,5835200
2019-04-16,1313.0906982421875,1720.0,1745.0,1700.0,1720.0,9372100
2019-04-17,1313.0906982421875,1720.0,1720.0,1720.0,1720.0,0
2019-04-18,1267.28515625,1660.0,1745.0,1660.0,1745.0,12588000
2019-04-19,1267.28515625,1660.0,1660.0,1660.0,1660.0,0
2019-04-22,1252.0167236328125,1640.0,1680.0,1635.0,1665.0,4629500
2019-04-23,1313.0906982421875,1720.0,1735.0,1645.0,1650.0,10252600
2019-04-24,1324.5419921875,1735.0,1780.0,1725.0,1730.0,19887800
2019-04-25,1313.0906982421875,1720.0,1755.0,1690.0,1735.0,7414600
2019-04-26,1309.2735595703125,1715.0,1735.0,1685.0,1730.0,5605000
2019-04-29,1301.639404296875,1705.0,1735.0,1690.0,1715.0,4273300
2019-04-30,1301.639404296875,1705.0,1750.0,1705.0,1710.0,10588800
2019-05-01,1301.639404296875,1705.0,1705.0,1705.0,1705.0,0
2019-05-02,1301.639404296875,1705.0,1725.0,1700.0,1710.0,8535200
2019-05-03,1271.102294921875,1665.0,1710.0,1640.0,1705.0,11386900
2019-05-06,1282.5535888671875,1680.0,1685.0,1620.0,1650.0,13926500
2019-05-07,1285.5443115234375,1575.0,1605.0,1570.0,1600.0,12279200
2019-05-08,1240.6522216796875,1520.0,1575.0,1505.0,1560.0,7060700
2019-05-09,1195.76025390625,1465.0,1535.0,1455.0,1520.0,7155400
2019-05-10,1212.0845947265625,1485.0,1505.0,1430.0,1470.0,5199500
2019-05-13,1199.84130859375,1470.0,1530.0,1470.0,1485.0,7775000
2019-05-14,1138.625,1395.0,1435.0,1395.0,1430.0,9297200
2019-05-15,1069.246337890625,1310.0,1410.0,1300.0,1400.0,16531500
2019-05-16,954.975830078125,1170.0,1310.0,1170.0,1310.0,16433400
2019-05-17,991.7055053710938,1215.0,1260.0,1155.0,1175.0,16858200
2019-05-20,999.8677978515625,1225.0,1260.0,1175.0,1230.0,6494000
2019-05-21,1048.8408203125,1285.0,1320.0,1230.0,1235.0,9410300
2019-05-22,1044.759765625,1280.0,1305.0,1250.0,1290.0,4722200
2019-05-23,1093.73291015625,1340.0,1345.0,1280.0,1280.0,10278700
2019-05-24,1183.516845703125,1450.0,1465.0,1330.0,1355.0,18544700
2019-05-27,1216.165771484375,1490.0,1540.0,1460.0,1460.0,10335600
2019-05-28,1175.3548583984375,1440.0,1520.0,1395.0,1505.0,15607300
2019-05-29,1146.787109375,1405.0,1465.0,1400.0,1420.0,7037600
2019-05-30,1146.787109375,1405.0,1405.0,1405.0,1405.0,0
2019-05-31,1150.8682861328125,1410.0,1460.0,1405.0,1410.0,6691400
2019-06-03,1150.8682861328125,1410.0,1410.0,1410.0,1410.0,0
2019-06-04,1150.8682861328125,1410.0,1410.0,1410.0,1410.0,0
2019-06-05,1150.8682861328125,1410.0,1410.0,1410.0,1410.0,0
2019-06-06,1150.8682861328125,1410.0,1410.0,1410.0,1410.0,0
2019-06-07,1150.8682861328125,1410.0,1410.0,1410.0,1410.0,0
2019-06-10,1142.7059326171875,1400.0,1450.0,1395.0,1410.0,4181400
2019-06-11,1134.5439453125,1390.0,1430.0,1385.0,1410.0,5360100
2019-06-12,1183.516845703125,1450.0,1475.0,1390.0,1390.0,16753400
2019-06-13,1187.5980224609375,1455.0,1505.0,1445.0,1450.0,10407400
2019-06-14,1175.3548583984375,1440.0,1510.0,1440.0,1490.0,8718500
2019-06-17,1110.0572509765625,1360.0,1440.0,1355.0,1440.0,9267100
2019-06-18,1097.8140869140625,1345.0,1380.0,1325.0,1350.0,6527400
2019-06-19,1118.2196044921875,1370.0,1380.0,1355.0,1360.0,0
2019-06-20,1110.0572509765625,1360.0,1385.0,1355.0,1385.0,6384000
2019-06-21,1093.73291015625,1340.0,1375.0,1340.0,1360.0,5609100
2019-06-24,1089.65185546875,1335.0,1355.0,1310.0,1355.0,6456000
2019-06-25,1367.166259765625,1675.0,1675.0,1340.0,1340.0,97370800
2019-06-26,1354.9228515625,1660.0,1835.0,1605.0,1685.0,118578600
2019-06-27,1375.3282470703125,1685.0,1745.0,1600.0,1660.0,47155100
2019-06-28,1371.2471923828125,1680.0,1715.0,1650.0,1685.0,14194700
2019-07-01,1452.8690185546875,1780.0,1790.0,1670.0,1705.0,58288600
2019-07-02,1424.301513671875,1745.0,1825.0,1730.0,1795.0,32226500
2019-07-03,1403.89599609375,1720.0,1770.0,1715.0,1750.0,12363000
2019-07-04,1456.9501953125,1785.0,1810.0,1750.0,1750.0,39516100
2019-07-05,1461.03125,1790.0,1875.0,1765.0,1830.0,50843500
2019-07-08,1424.301513671875,1745.0,1790.0,1745.0,1790.0,12831300
2019-07-09,1383.4906005859375,1695.0,1745.0,1685.0,1745.0,12299200
2019-07-10,1407.9771728515625,1725.0,1740.0,1690.0,1710.0,10332000
2019-07-11,1399.81494140625,1715.0,1765.0,1695.0,1750.0,9594300
2019-07-12,1330.436279296875,1630.0,1715.0,1625.0,1710.0,10268000
2019-07-15,1314.1119384765625,1610.0,1650.0,1590.0,1640.0,10881100
2019-07-16,1363.0850830078125,1670.0,1685.0,1600.0,1610.0,17752400
2019-07-17,1314.1119384765625,1610.0,1680.0,1610.0,1680.0,10082700
2019-07-18,1338.5985107421875,1640.0,1685.0,1625.0,1630.0,13461300
2019-07-19,1330.436279296875,1630.0,1655.0,1625.0,1650.0,3880300
2019-07-22,1310.0308837890625,1605.0,1650.0,1605.0,1635.0,4145500
2019-07-23,1334.517333984375,1635.0,1665.0,1590.0,1600.0,10980300
2019-07-24,1322.2740478515625,1620.0,1645.0,1615.0,1635.0,3675500
2019-07-25,1310.0308837890625,1605.0,1635.0,1595.0,1610.0,4660300
2019-07-26,1293.70654296875,1585.0,1605.0,1580.0,1605.0,4190300
2019-07-29,1236.5712890625,1515.0,1595.0,1510.0,1585.0,6898800
2019-07-30,1232.4901123046875,1510.0,1535.0,1500.0,1510.0,8953400
2019-07-31,1212.0845947265625,1485.0,1525.0,1450.0,1510.0,8051400
2019-08-01,1232.4901123046875,1510.0,1580.0,1460.0,1485.0,13870500
2019-08-02,1232.4901123046875,1510.0,1525.0,1475.0,1500.0,7188900
2019-08-05,1167.1925048828125,1430.0,1485.0,1425.0,1480.0,5914900
2019-08-06,1130.4627685546875,1385.0,1415.0,1315.0,1370.0,8181300
2019-08-07,1134.5439453125,1390.0,1445.0,1380.0,1400.0,5993200
2019-08-08,1134.5439453125,1390.0,1420.0,1370.0,1400.0,4207500
2019-08-09,1138.625,1395.0,1425.0,1390.0,1400.0,3642500
2019-08-12,1114.138427734375,1365.0,1410.0,1360.0,1400.0,2508600
2019-08-13,1081.4896240234375,1325.0,1365.0,1325.0,1365.0,3691400
2019-08-14,1122.300537109375,1375.0,1395.0,1355.0,1360.0,5076000
2019-08-15,1097.8140869140625,1345.0,1360.0,1315.0,1325.0,4523300
2019-08-16,1130.4627685546875,1385.0,1565.0,1345.0,1355.0,43266800
2019-08-19,1130.4627685546875,1385.0,1430.0,1385.0,1400.0,6917200
2019-08-20,1126.3817138671875,1380.0,1405.0,1370.0,1390.0,5545300
2019-08-21,1101.8951416015625,1350.0,1390.0,1345.0,1380.0,2804300
2019-08-22,1081.4896240234375,1325.0,1365.0,1320.0,1365.0,4132900
2019-08-23,1114.138427734375,1365.0,1420.0,1330.0,1350.0,16534400
2019-08-26,1085.5706787109375,1330.0,1350.0,1295.0,1340.0,5984500
2019-08-27,1101.8951416015625,1350.0,1385.0,1330.0,1340.0,6881300
2019-08-28,1081.4896240234375,1325.0,1360.0,1325.0,1350.0,2169400
2019-08-29,1089.65185546875,1335.0,1350.0,1325.0,1325.0,2514900
2019-08-30,1101.8951416015625,1350.0,1395.0,1340.0,1345.0,4848100
2019-09-02,1089.65185546875,1335.0,1370.0,1335.0,1355.0,3400700
2019-09-03,1110.0572509765625,1360.0,1405.0,1345.0,1345.0,13096600
2019-09-04,1159.0303955078125,1420.0,1495.0,1400.0,1400.0,17043800
2019-09-05,1187.5980224609375,1455.0,1465.0,1385.0,1430.0,13805800
2019-09-06,1208.0035400390625,1480.0,1505.0,1445.0,1460.0,20756100
2019-09-09,1232.4901123046875,1510.0,1560.0,1480.0,1480.0,29425500
2019-09-10,1191.67919921875,1460.0,1520.0,1455.0,1510.0,11237400
2019-09-11,1236.5712890625,1515.0,1535.0,1490.0,1500.0,15384500
2019-09-12,1232.4901123046875,1510.0,1540.0,1500.0,1535.0,4231600
2019-09-13,1183.516845703125,1450.0,1520.0,1445.0,1510.0,6434400
2019-09-16,1212.0845947265625,1485.0,1510.0,1470.0,1490.0,8052100
2019-09-17,1199.84130859375,1470.0,1515.0,1470.0,1510.0,3727600
2019-09-18,1171.273681640625,1435.0,1470.0,1425.0,1470.0,3323100
2019-09-19,1159.0303955078125,1420.0,1450.0,1415.0,1430.0,2812800
2019-09-20,1146.787109375,1405.0,1440.0,1385.0,1430.0,3156700
2019-09-23,1126.3817138671875,1380.0,1425.0,1375.0,1420.0,2535500
2019-09-24,1097.8140869140625,1345.0,1370.0,1330.0,1370.0,3154000
2019-09-25,1097.8140869140625,1345.0,1365.0,1310.0,1330.0,1988100
2019-09-26,1093.73291015625,1340.0,1365.0,1335.0,1360.0,3668700
2019-09-27,1110.0572509765625,1360.0,1390.0,1350.0,1350.0,8535700
2019-09-30,1073.3275146484375,1315.0,1390.0,1315.0,1385.0,3348600
2019-10-01,1097.8140869140625,1345.0,1380.0,1340.0,1370.0,2336400
2019-10-02,1065.1651611328125,1305.0,1340.0,1305.0,1340.0,3616400
2019-10-03,1052.9219970703125,1290.0,1305.0,1265.0,1305.0,4792800
2019-10-04,1048.8408203125,1285.0,1305.0,1275.0,1300.0,1400600
2019-10-07,1052.9219970703125,1290.0,1310.0,1275.0,1305.0,4951200
2019-10-08,1065.1651611328125,1305.0,1320.0,1300.0,1310.0,4393000
2019-10-09,1052.9219970703125,1290.0,1310.0,1290.0,1305.0,4931400
2019-10-10,1020.2732543945312,1250.0,1300.0,1250.0,1295.0,9943000
2019-10-11,1040.6787109375,1275.0,1285.0,1255.0,1260.0,7050000
2019-10-14,1048.8408203125,1285.0,1295.0,1280.0,1280.0,4877200
2019-10-15,1065.1651611328125,1305.0,1315.0,1280.0,1280.0,11078700
2019-10-16,1061.084228515625,1300.0,1330.0,1300.0,1315.0,10191800
2019-10-17,1073.3275146484375,1315.0,1315.0,1295.0,1310.0,5957900
2019-10-18,1134.5439453125,1390.0,1390.0,1315.0,1320.0,23667800
2019-10-21,1126.3817138671875,1380.0,1410.0,1370.0,1390.0,6532300
2019-10-22,1101.8951416015625,1350.0,1395.0,1340.0,1380.0,2415600
2019-10-23,1101.8951416015625,1350.0,1380.0,1330.0,1370.0,7853900
2019-10-24,1097.8140869140625,1345.0,1365.0,1340.0,1350.0,9061500
2019-10-25,1073.3275146484375,1315.0,1350.0,1310.0,1350.0,11191000
2019-10-28,1122.300537109375,1375.0,1380.0,1315.0,1330.0,15980300
2019-10-29,1085.5706787109375,1330.0,1385.0,1325.0,1375.0,11558800
2019-10-30,1085.5706787109375,1330.0,1345.0,1320.0,1330.0,7249500
2019-10-31,1048.8408203125,1285.0,1350.0,1280.0,1345.0,16116400
2019-11-01,1024.354248046875,1255.0,1280.0,1250.0,1275.0,12694800
2019-11-04,1040.6787109375,1275.0,1280.0,1260.0,1280.0,12289700
2019-11-05,1085.5706787109375,1330.0,1335.0,1285.0,1300.0,13160900
2019-11-06,1118.2196044921875,1370.0,1370.0,1285.0,1325.0,18726700
2019-11-07,1077.4085693359375,1320.0,1380.0,1305.0,1370.0,11965500
2019-11-08,1110.0572509765625,1360.0,1380.0,1320.0,1320.0,17536100
2019-11-11,1093.73291015625,1340.0,1375.0,1340.0,1360.0,8579400
2019-11-12,1081.4896240234375,1325.0,1365.0,1310.0,1350.0,14544300
2019-11-13,1061.084228515625,1300.0,1330.0,1290.0,1320.0,12947600
2019-11-14,1020.2732543945312,1250.0,1305.0,1245.0,1300.0,13505900
2019-11-15,1048.8408203125,1285.0,1295.0,1250.0,1250.0,14614900
2019-11-18,1057.003173828125,1295.0,1305.0,1280.0,1300.0,11660900
2019-11-19,1028.4354248046875,1260.0,1305.0,1255.0,1275.0,9863700
2019-11-20,1020.2732543945312,1250.0,1275.0,1250.0,1275.0,12211400
2019-11-21,1032.5166015625,1265.0,1280.0,1250.0,1255.0,12333800
2019-11-22,1020.2732543945312,1250.0,1280.0,1245.0,1265.0,10880800
2019-11-25,1028.4354248046875,1260.0,1270.0,1240.0,1250.0,10971000
2019-11-26,1036.5975341796875,1270.0,1270.0,1240.0,1260.0,10225000
2019-11-27,1008.0299682617188,1235.0,1270.0,1235.0,1270.0,11422600
2019-11-28,938.6514892578125,1150.0,1235.0,1150.0,1225.0,14181200
2019-11-29,885.59716796875,1085.0,1150.0,1080.0,1150.0,14268300
2019-12-02,897.8405151367188,1100.0,1115.0,1050.0,1085.0,16373400
2019-12-03,910.0838012695312,1115.0,1145.0,1095.0,1100.0,13896400
2019-12-04,877.4349365234375,1075.0,1110.0,1070.0,1110.0,14854500
2019-12-05,893.7593383789062,1095.0,1110.0,1075.0,1075.0,12998500
2019-12-06,897.8405151367188,1100.0,1120.0,1095.0,1110.0,11254200
2019-12-09,922.3269653320312,1130.0,1135.0,1105.0,1115.0,14082600
2019-12-10,975.3812866210938,1195.0,1210.0,1135.0,1140.0,18717600
2019-12-11,950.8946533203125,1165.0,1210.0,1160.0,1205.0,14916900
2019-12-12,942.732421875,1155.0,1180.0,1155.0,1165.0,13042000
2019-12-13,946.8135986328125,1160.0,1185.0,1125.0,1175.0,17161400
2019-12-16,1016.1920776367188,1245.0,1260.0,1160.0,1160.0,27613600
2019-12-17,1061.084228515625,1300.0,1310.0,1250.0,1250.0,22935400
2019-12-18,1024.354248046875,1255.0,1320.0,1230.0,1300.0,17829100
2019-12-19,1036.5975341796875,1270.0,1290.0,1245.0,1255.0,9177000
2019-12-20,1024.354248046875,1255.0,1290.0,1255.0,1280.0,9313600
2019-12-23,1016.1920776367188,1245.0,1280.0,1230.0,1255.0,9790100
2019-12-26,1012.111083984375,1240.0,1270.0,1240.0,1240.0,9531700
2019-12-27,995.78662109375,1220.0,1250.0,1215.0,1240.0,9272000
2019-12-30,975.3812866210938,1195.0,1225.0,1185.0,1210.0,9784500
2020-01-02,987.6244506835938,1210.0,1210.0,1175.0,1195.0,2738700
2020-01-03,999.8677978515625,1225.0,1230.0,1210.0,1210.0,6196500
2020-01-06,1008.0299682617188,1235.0,1255.0,1205.0,1220.0,9321000
2020-01-07,1040.6787109375,1275.0,1275.0,1235.0,1245.0,9192600
2020-01-08,1016.1920776367188,1245.0,1270.0,1240.0,1270.0,6006900
2020-01-09,1008.0299682617188,1235.0,1255.0,1230.0,1245.0,7766100
2020-01-10,1032.5166015625,1265.0,1290.0,1260.0,1265.0,15562000
2020-01-13,1036.5975341796875,1270.0,1310.0,1270.0,1290.0,11119400
2020-01-14,1016.1920776367188,1245.0,1300.0,1245.0,1290.0,11287000
2020-01-15,979.46240234375,1200.0,1240.0,1200.0,1240.0,10375400
2020-01-16,979.46240234375,1200.0,1220.0,1190.0,1200.0,9393200
2020-01-17,979.46240234375,1200.0,1215.0,1200.0,1215.0,10560500
2020-01-20,926.4081420898438,1135.0,1215.0,1130.0,1200.0,4967700
2020-01-21,918.2459716796875,1125.0,1145.0,1110.0,1135.0,2846400
2020-01-22,881.5160522460938,1080.0,1135.0,1075.0,1125.0,3507000
2020-01-23,885.59716796875,1085.0,1110.0,1055.0,1070.0,3479500
2020-01-24,885.59716796875,1085.0,1110.0,1075.0,1100.0,1570200
2020-01-27,824.3807983398438,1010.0,1085.0,1005.0,1085.0,4633100
2020-01-28,840.705078125,1030.0,1045.0,955.0,990.0,5464700
2020-01-29,820.2996826171875,1005.0,1055.0,1005.0,1050.0,3924000
2020-01-30,799.8942260742188,980.0,1015.0,980.0,1010.0,3272500
2020-01-31,783.5698852539062,960.0,990.0,935.0,975.0,7273800
2020-02-03,746.8399658203125,915.0,965.0,885.0,945.0,4848400
2020-02-04,734.5967407226562,900.0,950.0,900.0,915.0,3675000
2020-02-05,738.6777954101562,905.0,945.0,900.0,925.0,5039800
2020-02-06,755.002197265625,925.0,935.0,910.0,910.0,1895600
2020-02-07,746.8399658203125,915.0,935.0,915.0,925.0,1515700
2020-02-10,689.7047119140625,845.0,915.0,840.0,910.0,7665500
2020-02-11,697.8668823242188,855.0,860.0,825.0,850.0,4891400
2020-02-12,697.8668823242188,855.0,875.0,850.0,860.0,3190500
2020-02-13,669.2992553710938,820.0,865.0,805.0,850.0,3297700
2020-02-14,657.0559692382812,805.0,830.0,795.0,825.0,3449300
2020-02-17,652.974853515625,800.0,805.0,775.0,805.0,3338200
2020-02-18,693.7858276367188,850.0,850.0,800.0,800.0,5959600
2020-02-19,701.947998046875,860.0,880.0,825.0,850.0,4536200
2020-02-20,763.1644287109375,935.0,940.0,860.0,865.0,10250500
2020-02-21,746.8399658203125,915.0,935.0,900.0,935.0,8329100
2020-02-24,701.947998046875,860.0,915.0,860.0,915.0,4296400
2020-02-25,706.0291137695312,865.0,885.0,835.0,860.0,2947300
2020-02-26,669.2992553710938,820.0,870.0,810.0,865.0,3346900
2020-02-27,628.48828125,770.0,835.0,760.0,820.0,5182400
2020-02-28,612.1639404296875,750.0,750.0,685.0,750.0,9644900
2020-03-02,583.5962524414062,715.0,790.0,710.0,750.0,4627400
2020-03-03,616.2450561523438,755.0,760.0,730.0,740.0,3588000
2020-03-04,640.7316284179688,785.0,805.0,745.0,765.0,5104000
2020-03-05,620.3261108398438,760.0,825.0,760.0,795.0,4098900
2020-03-06,604.0017700195312,740.0,765.0,725.0,765.0,1766600
2020-03-09,497.893310546875,610.0,740.0,610.0,740.0,7536900
2020-03-10,514.2177124023438,630.0,645.0,590.0,590.0,4805100
2020-03-11,485.65008544921875,595.0,640.0,580.0,640.0,3595400
2020-03-12,440.7580261230469,540.0,580.0,540.0,575.0,4827300
2020-03-13,420.3525390625,515.0,540.0,505.0,505.0,5475100
2020-03-16,391.7849426269531,480.0,515.0,480.0,505.0,3127900
2020-03-17,365.6658935546875,448.0,476.0,448.0,456.0,2972500
2020-03-18,341.1793518066406,418.0,446.0,418.0,446.0,2958900
2020-03-19,318.32525634765625,390.0,400.0,390.0,390.0,5502800
2020-03-20,396.6822509765625,486.0,486.0,364.0,386.0,17599000
2020-03-23,391.7849426269531,480.0,575.0,452.0,486.0,24647000
2020-03-24,432.5958251953125,530.0,555.0,484.0,490.0,11677400
2020-03-26,510.1366271972656,625.0,645.0,560.0,570.0,17166800
2020-03-27,595.839599609375,730.0,780.0,655.0,675.0,21761100
2020-03-30,555.0286254882812,680.0,700.0,680.0,700.0,5678700
2020-03-31,567.27197265625,695.0,740.0,660.0,690.0,6609100
2020-04-01,591.7584228515625,725.0,790.0,660.0,700.0,9040300
2020-04-02,612.1639404296875,750.0,765.0,700.0,735.0,5542000
2020-04-03,604.0017700195312,740.0,785.0,730.0,765.0,4416100
2020-04-06,624.4072875976562,765.0,775.0,720.0,755.0,7564400
2020-04-07,616.2450561523438,755.0,800.0,730.0,790.0,7819700
2020-04-08,604.0017700195312,740.0,760.0,710.0,760.0,6107500
2020-04-09,612.1639404296875,750.0,775.0,730.0,740.0,6148900
2020-04-13,620.3261108398438,760.0,770.0,745.0,760.0,1893600
2020-04-14,648.893798828125,795.0,795.0,755.0,760.0,4963700
2020-04-15,632.5694580078125,775.0,820.0,770.0,785.0,5047600
2020-04-16,628.48828125,770.0,800.0,760.0,800.0,2064400
2020-04-17,632.5694580078125,775.0,790.0,760.0,770.0,3360000
2020-04-20,648.893798828125,795.0,865.0,760.0,780.0,27241400
2020-04-21,604.0017700195312,740.0,785.0,740.0,785.0,8858400
2020-04-22,583.5962524414062,715.0,740.0,690.0,735.0,5070100
2020-04-23,579.5151977539062,710.0,775.0,710.0,740.0,9748700
2020-04-24,579.5151977539062,710.0,755.0,710.0,735.0,11070000
2020-04-27,616.2450561523438,755.0,780.0,725.0,745.0,14833000
2020-04-28,604.0017700195312,740.0,760.0,740.0,760.0,8191300
2020-04-29,616.2450561523438,755.0,765.0,740.0,745.0,4801800
2020-04-30,648.893798828125,795.0,795.0,755.0,760.0,15948300
2020-05-04,604.0017700195312,740.0,740.0,740.0,740.0,2987600
2020-05-05,587.6774291992188,720.0,735.0,690.0,690.0,10339600
2020-05-06,591.7584228515625,725.0,745.0,720.0,730.0,7420100
2020-05-08,604.0017700195312,740.0,760.0,735.0,735.0,8179000
2020-05-11,616.2450561523438,755.0,765.0,745.0,765.0,4671100
2020-05-12,591.7584228515625,725.0,765.0,725.0,755.0,3406700
2020-05-13,608.0828857421875,745.0,745.0,700.0,720.0,3593000
2020-05-14,587.6774291992188,720.0,745.0,720.0,740.0,1434800
2020-05-15,575.4341430664062,705.0,730.0,705.0,730.0,2150100
2020-05-18,555.0286254882812,680.0,720.0,675.0,710.0,7465600
2020-05-19,563.1908569335938,690.0,710.0,685.0,705.0,4418800
2020-05-20,563.1908569335938,690.0,700.0,680.0,695.0,1957000
2020-05-26,563.1908569335938,690.0,710.0,650.0,680.0,5357600
2020-05-27,563.1908569335938,690.0,710.0,685.0,710.0,8942300
2020-05-28,555.0286254882812,680.0,705.0,670.0,695.0,12794300
2020-05-29,522.3798828125,640.0,685.0,640.0,685.0,21807400
2020-06-02,530.5421142578125,650.0,675.0,640.0,650.0,18902200
2020-06-03,575.4341430664062,705.0,730.0,655.0,660.0,40807900
2020-06-04,559.1098022460938,685.0,735.0,685.0,720.0,38331100
2020-06-05,575.4341430664062,705.0,705.0,670.0,690.0,13740300
2020-06-08,608.0828857421875,745.0,755.0,715.0,720.0,29801600
2020-06-09,579.5151977539062,710.0,775.0,705.0,760.0,31932300
2020-06-10,563.1908569335938,690.0,710.0,670.0,700.0,13163500
2020-06-11,542.7853393554688,665.0,690.0,650.0,685.0,10533300
2020-06-12,546.866455078125,670.0,670.0,625.0,650.0,9800500
2020-06-15,534.6231689453125,655.0,680.0,655.0,670.0,5557600
2020-06-16,550.9475708007812,675.0,690.0,650.0,660.0,14876900
2020-06-17,567.27197265625,695.0,695.0,665.0,680.0,17858300
2020-06-18,571.3529663085938,700.0,710.0,695.0,705.0,16315300
2020-06-19,571.3529663085938,700.0,710.0,690.0,700.0,6673000
2020-06-22,559.1098022460938,685.0,705.0,680.0,705.0,5425000
2020-06-23,542.7853393554688,665.0,685.0,655.0,680.0,9443800
2020-06-24,550.9475708007812,675.0,680.0,660.0,675.0,5194100
2020-06-25,538.7042846679688,660.0,675.0,660.0,670.0,3533200
2020-06-26,546.866455078125,670.0,675.0,660.0,665.0,1316400
2020-06-29,538.7042846679688,660.0,680.0,655.0,670.0,2442000
2020-06-30,546.866455078125,670.0,675.0,655.0,670.0,3920700
2020-07-01,550.9475708007812,675.0,675.0,650.0,665.0,4954900
2020-07-02,559.1098022460938,685.0,695.0,675.0,680.0,9762600
2020-07-03,567.27197265625,695.0,705.0,690.0,695.0,8803400
2020-07-06,571.3529663085938,700.0,705.0,690.0,700.0,7426100
2020-07-07,583.5962524414062,715.0,730.0,695.0,705.0,23149100
2020-07-08,591.7584228515625,725.0,740.0,705.0,705.0,11612800
2020-07-09,616.2450561523438,755.0,795.0,710.0,730.0,46398500
2020-07-10,608.0828857421875,745.0,760.0,735.0,755.0,10896200
2020-07-13,759.083251953125,930.0,930.0,740.0,740.0,105698900
2020-07-14,750.921142578125,920.0,1040.0,915.0,955.0,162694100
2020-07-15,746.8399658203125,915.0,965.0,870.0,945.0,41954300
2020-07-16,730.515625,895.0,935.0,885.0,915.0,13713800
2020-07-17,795.8131103515625,975.0,1010.0,885.0,895.0,112796900
2020-07-20,767.2454833984375,940.0,985.0,935.0,960.0,32500300
2020-07-21,779.48876953125,955.0,990.0,925.0,950.0,24772900
2020-07-22,775.4076538085938,950.0,995.0,950.0,965.0,26607500
2020-07-23,857.0294799804688,1050.0,1080.0,945.0,955.0,111598000
2020-07-24,828.4618530273438,1015.0,1085.0,1010.0,1050.0,41788300
2020-07-27,824.3807983398438,1010.0,1040.0,1005.0,1015.0,13826700
2020-07-28,828.4618530273438,1015.0,1075.0,1000.0,1020.0,47597900
2020-07-29,828.4618530273438,1015.0,1040.0,1010.0,1015.0,11203500
2020-07-30,799.8942260742188,980.0,1025.0,955.0,1015.0,22331100
2020-08-03,746.8399658203125,915.0,990.0,915.0,980.0,21552500
2020-08-04,755.002197265625,925.0,950.0,915.0,920.0,15267100
2020-08-05,771.3265991210938,945.0,960.0,910.0,925.0,12586000
2020-08-06,828.4618530273438,1015.0,1020.0,950.0,950.0,33927000
2020-08-07,808.056396484375,990.0,1035.0,990.0,1010.0,19427600
2020-08-10,906.0026245117188,1110.0,1110.0,990.0,1010.0,74981100
2020-08-11,885.59716796875,1085.0,1130.0,1060.0,1120.0,45341400
2020-08-12,844.7861938476562,1035.0,1065.0,1025.0,1065.0,21323600
2020-08-13,857.0294799804688,1050.0,1080.0,1025.0,1025.0,20321300
2020-08-14,848.8673095703125,1040.0,1070.0,1030.0,1055.0,7829900
2020-08-18,840.705078125,1030.0,1060.0,1025.0,1040.0,14500300
2020-08-19,848.8673095703125,1040.0,1070.0,1025.0,1030.0,26604400
2020-08-24,828.4618530273438,1015.0,1045.0,1015.0,1045.0,11746500
2020-08-25,852.9483642578125,1045.0,1055.0,1015.0,1025.0,14856600
2020-08-26,869.2727661132812,1065.0,1120.0,1045.0,1055.0,69494500
2020-08-27,865.191650390625,1060.0,1100.0,1055.0,1075.0,15867700
2020-08-28,865.191650390625,1060.0,1095.0,1055.0,1065.0,18957400
2020-08-31,836.6240234375,1025.0,1090.0,1015.0,1090.0,13161600
2020-09-01,865.191650390625,1060.0,1060.0,995.0,1025.0,20222300
2020-09-02,873.3538818359375,1070.0,1095.0,1050.0,1065.0,21595900
2020-09-03,857.0294799804688,1050.0,1070.0,1035.0,1070.0,11987100
2020-09-04,836.6240234375,1025.0,1030.0,1010.0,1030.0,7800100
2020-09-07,840.705078125,1030.0,1055.0,1015.0,1030.0,12281200
2020-09-08,824.3807983398438,1010.0,1050.0,1000.0,1025.0,16737100
2020-09-09,783.5698852539062,960.0,1010.0,945.0,995.0,23792900
2020-09-10,730.515625,895.0,950.0,895.0,950.0,10403000
2020-09-11,755.002197265625,925.0,935.0,835.0,885.0,24783200
2020-09-14,787.6510009765625,965.0,975.0,940.0,950.0,14266600
2020-09-15,771.3265991210938,945.0,975.0,945.0,975.0,9361800
2020-09-16,742.7589721679688,910.0,945.0,905.0,945.0,10963300
2020-09-17,734.5967407226562,900.0,940.0,900.0,920.0,10374800
2020-09-18,746.8399658203125,915.0,935.0,905.0,910.0,7110400
2020-09-21,742.7589721679688,910.0,960.0,910.0,915.0,24429000
2020-09-22,750.921142578125,920.0,940.0,890.0,900.0,20041700
2020-09-23,742.7589721679688,910.0,945.0,890.0,925.0,16496500
2020-09-24,738.6777954101562,905.0,910.0,890.0,900.0,7098500
2020-09-25,755.002197265625,925.0,925.0,900.0,915.0,8249700
2020-09-28,746.8399658203125,915.0,935.0,905.0,930.0,4100200
2020-09-29,775.4076538085938,950.0,980.0,915.0,915.0,38688600
2020-09-30,750.921142578125,920.0,970.0,905.0,960.0,13084700
2020-10-01,763.1644287109375,935.0,940.0,915.0,925.0,5933400
2020-10-02,742.7589721679688,910.0,935.0,890.0,935.0,6792300
2020-10-05,746.8399658203125,915.0,925.0,905.0,910.0,5242400
2020-10-06,750.921142578125,920.0,930.0,920.0,925.0,5747000
2020-10-07,759.083251953125,930.0,945.0,920.0,920.0,7164500
2020-10-08,759.083251953125,930.0,965.0,925.0,930.0,18943100
2020-10-09,755.002197265625,925.0,935.0,905.0,925.0,4297100
2020-10-12,746.8399658203125,915.0,935.0,915.0,930.0,14966900
2020-10-13,771.3265991210938,945.0,950.0,905.0,910.0,20574900
2020-10-14,779.48876953125,955.0,955.0,930.0,950.0,22035500
2020-10-15,763.1644287109375,935.0,1010.0,935.0,960.0,39206000
2020-10-16,812.1375122070312,995.0,1000.0,920.0,950.0,39412300
2020-10-19,808.056396484375,990.0,1010.0,980.0,1010.0,19148100
2020-10-20,808.056396484375,990.0,1030.0,985.0,990.0,25198000
2020-10-21,812.1375122070312,995.0,1030.0,990.0,1000.0,22352200
2020-10-22,771.3265991210938,945.0,995.0,945.0,995.0,34239900
2020-10-23,763.1644287109375,935.0,970.0,935.0,960.0,15359600
2020-10-26,767.2454833984375,940.0,960.0,935.0,945.0,13716900
2020-10-27,763.1644287109375,935.0,955.0,925.0,935.0,8551200
2020-11-02,763.1644287109375,935.0,950.0,920.0,940.0,6477300
2020-11-03,767.2454833984375,940.0,955.0,935.0,940.0,6075700
2020-11-04,750.921142578125,920.0,950.0,910.0,940.0,10519500
2020-11-05,767.2454833984375,940.0,945.0,920.0,920.0,5585100
2020-11-06,779.48876953125,955.0,965.0,940.0,945.0,12112600
2020-11-09,791.7320556640625,970.0,980.0,960.0,965.0,9848700
2020-11-10,795.8131103515625,975.0,990.0,970.0,980.0,10364800
2020-11-11,828.4618530273438,1015.0,1025.0,970.0,975.0,43491100
2020-11-12,816.2185668945312,1000.0,1025.0,995.0,1020.0,17234800
2020-11-13,820.2996826171875,1005.0,1020.0,990.0,1000.0,9701000
2020-11-16,865.191650390625,1060.0,1065.0,1005.0,1010.0,36413900
2020-11-17,852.9483642578125,1045.0,1100.0,1045.0,1070.0,35941200
2020-11-18,852.9483642578125,1045.0,1070.0,1040.0,1045.0,10444900
2020-11-19,963.1380615234375,1180.0,1190.0,1045.0,1045.0,92318700
2020-11-20,954.975830078125,1170.0,1210.0,1155.0,1200.0,30736300
2020-11-23,1110.0572509765625,1360.0,1420.0,1190.0,1200.0,122631900
2020-11-24,1126.3817138671875,1380.0,1445.0,1370.0,1380.0,58830900
2020-11-25,1195.76025390625,1465.0,1555.0,1410.0,1410.0,72081900
2020-11-26,1212.0845947265625,1485.0,1540.0,1470.0,1470.0,32396700
2020-11-27,1305.94970703125,1600.0,1610.0,1500.0,1500.0,64157400
2020-11-30,1395.7337646484375,1710.0,1840.0,1570.0,1620.0,176402700
2020-12-01,1440.6258544921875,1765.0,1820.0,1635.0,1730.0,79870700
2020-12-02,1424.301513671875,1745.0,1800.0,1725.0,1795.0,34284700
2020-12-03,1391.65283203125,1705.0,1800.0,1685.0,1770.0,35557100
2020-12-04,1432.463623046875,1755.0,1780.0,1720.0,1730.0,43182500
2020-12-07,1432.463623046875,1755.0,1820.0,1750.0,1820.0,40455100
2020-12-08,1575.302001953125,1930.0,2010.0,1785.0,1800.0,171171200
2020-12-10,1526.328857421875,1870.0,1980.0,1825.0,1950.0,58489800
2020-12-11,1510.00439453125,1850.0,1930.0,1835.0,1905.0,27620000
2020-12-14,1603.86962890625,1965.0,1975.0,1890.0,1900.0,53434800
2020-12-15,1607.9505615234375,1970.0,2020.0,1920.0,1990.0,40671200
2020-12-16,1603.86962890625,1965.0,2020.0,1945.0,2000.0,32083200
2020-12-17,1567.1397705078125,1920.0,1975.0,1870.0,1955.0,47291700
2020-12-18,1534.490966796875,1880.0,1935.0,1875.0,1930.0,21946900
2020-12-21,1624.2750244140625,1990.0,2050.0,1840.0,1905.0,106571900
2020-12-22,1530.409912109375,1875.0,2010.0,1855.0,1990.0,57039900
2020-12-23,1497.7611083984375,1835.0,1930.0,1745.0,1885.0,44083500
2020-12-28,1501.84228515625,1840.0,1890.0,1805.0,1865.0,16553300
2020-12-29,1514.08544921875,1855.0,1925.0,1840.0,1900.0,29386000
2020-12-30,1412.0582275390625,1730.0,1870.0,1730.0,1860.0,45903800
2021-01-04,1412.0582275390625,1730.0,1770.0,1610.0,1725.0,78286500
2021-01-05,1379.409423828125,1690.0,1795.0,1685.0,1745.0,40878400
2021-01-06,1318.1929931640625,1615.0,1690.0,1575.0,1690.0,45077000
2021-01-07,1428.3826904296875,1750.0,1775.0,1565.0,1615.0,83403100
2021-01-08,1444.7069091796875,1770.0,1880.0,1760.0,1790.0,73713200
2021-01-11,1526.328857421875,1870.0,1880.0,1805.0,1810.0,71691200
2021-01-12,1485.5179443359375,1820.0,1900.0,1805.0,1880.0,34828200
2021-01-13,1567.1397705078125,1920.0,1985.0,1855.0,1880.0,120468600
2021-01-14,1526.328857421875,1870.0,2000.0,1855.0,1980.0,71616200
2021-01-15,1461.03125,1790.0,1875.0,1770.0,1870.0,54519200
2021-01-18,1383.4906005859375,1695.0,1835.0,1695.0,1790.0,46035900
2021-01-19,1383.4906005859375,1695.0,1795.0,1605.0,1695.0,54687800
2021-01-20,1407.9771728515625,1725.0,1740.0,1655.0,1695.0,22603600
2021-01-21,1391.65283203125,1705.0,1765.0,1700.0,1740.0,16537600
2021-01-22,1322.2740478515625,1620.0,1715.0,1605.0,1705.0,26696400
2021-01-25,1248.8145751953125,1530.0,1660.0,1525.0,1620.0,29170800
2021-01-26,1163.1114501953125,1425.0,1575.0,1425.0,1535.0,33695300
2021-01-27,1146.787109375,1405.0,1470.0,1350.0,1435.0,30542400
2021-01-28,1150.8682861328125,1410.0,1535.0,1350.0,1380.0,55920000
2021-01-29,1195.76025390625,1465.0,1540.0,1375.0,1410.0,44399300
2021-02-01,1216.165771484375,1490.0,1500.0,1395.0,1465.0,37514700
2021-02-02,1171.273681640625,1435.0,1530.0,1430.0,1490.0,22677900
2021-02-03,1146.787109375,1405.0,1440.0,1395.0,1435.0,16048100
2021-02-04,1236.5712890625,1515.0,1530.0,1390.0,1400.0,48114700
2021-02-05,1265.138916015625,1550.0,1615.0,1530.0,1530.0,62956900
2021-02-08,1265.138916015625,1550.0,1610.0,1525.0,1575.0,26507900
2021-02-09,1220.246826171875,1495.0,1580.0,1480.0,1550.0,22361600
2021-02-10,1212.0845947265625,1485.0,1510.0,1455.0,1500.0,9322400
2021-02-11,1240.6522216796875,1520.0,1530.0,1470.0,1480.0,10043300
2021-02-15,1240.6522216796875,1520.0,1545.0,1510.0,1540.0,7121000
2021-02-16,1248.8145751953125,1530.0,1545.0,1510.0,1530.0,11052700
2021-02-17,1191.67919921875,1460.0,1535.0,1455.0,1530.0,16810200
2021-02-18,1167.1925048828125,1430.0,1460.0,1425.0,1455.0,8990900
2021-02-19,1159.0303955078125,1420.0,1440.0,1405.0,1430.0,5606500
2021-02-22,1256.9765625,1540.0,1540.0,1425.0,1440.0,31482500
2021-02-23,1228.408935546875,1505.0,1575.0,1495.0,1540.0,27235600
2021-02-24,1187.5980224609375,1455.0,1525.0,1450.0,1510.0,11366900
2021-02-25,1208.0035400390625,1480.0,1495.0,1465.0,1475.0,7164900
2021-02-26,1208.0035400390625,1480.0,1500.0,1440.0,1475.0,7266100
2021-03-01,1216.165771484375,1490.0,1510.0,1480.0,1490.0,7074500
2021-03-02,1248.8145751953125,1530.0,1590.0,1500.0,1500.0,42142600
2021-03-03,1212.0845947265625,1485.0,1555.0,1470.0,1540.0,15577100
2021-03-04,1216.165771484375,1490.0,1530.0,1445.0,1485.0,23717400
2021-03-05,1195.76025390625,1465.0,1480.0,1450.0,1470.0,7895000
2021-03-08,1159.0303955078125,1420.0,1490.0,1405.0,1480.0,12140000
2021-03-09,1142.7059326171875,1400.0,1435.0,1380.0,1415.0,11982900
2021-03-10,1142.7059326171875,1400.0,1435.0,1380.0,1400.0,7779600
2021-03-12,1228.408935546875,1505.0,1565.0,1410.0,1420.0,61942200
2021-03-15,1252.8956298828125,1535.0,1570.0,1510.0,1515.0,23263900
2021-03-16,1232.4901123046875,1510.0,1585.0,1505.0,1545.0,24945700
2021-03-17,1228.408935546875,1505.0,1530.0,1495.0,1515.0,5822900
2021-03-18,1256.9765625,1540.0,1570.0,1520.0,1540.0,23166200
2021-03-19,1244.7333984375,1525.0,1575.0,1520.0,1540.0,16792400
2021-03-22,1371.2471923828125,1680.0,1710.0,1550.0,1580.0,88527100
2021-03-23,1395.7337646484375,1710.0,1780.0,1680.0,1700.0,72388800
2021-03-24,1301.8685302734375,1595.0,1700.0,1595.0,1700.0,40111800
2021-03-25,1289.62548828125,1580.0,1640.0,1520.0,1595.0,39497000
2021-03-26,1301.8685302734375,1595.0,1625.0,1565.0,1625.0,14512400
2021-03-29,1261.0577392578125,1545.0,1610.0,1535.0,1605.0,20356600
2021-03-30,1208.0035400390625,1480.0,1550.0,1480.0,1550.0,20164100
2021-03-31,1163.1114501953125,1425.0,1490.0,1400.0,1485.0,18338200
2021-04-01,1191.67919921875,1460.0,1475.0,1425.0,1450.0,11496800
2021-04-05,1195.76025390625,1465.0,1510.0,1455.0,1465.0,18533600
2021-04-06,1183.516845703125,1450.0,1480.0,1445.0,1460.0,8463400
2021-04-07,1195.76025390625,1465.0,1495.0,1450.0,1450.0,10072700
2021-04-08,1248.8145751953125,1530.0,1530.0,1465.0,1480.0,15174600
2021-04-09,1212.0845947265625,1485.0,1545.0,1480.0,1530.0,11781200
2021-04-12,1154.9493408203125,1415.0,1490.0,1415.0,1480.0,9623900
2021-04-13,1130.4627685546875,1385.0,1435.0,1370.0,1415.0,14496000
2021-04-14,1154.9493408203125,1415.0,1420.0,1390.0,1390.0,6867200
2021-04-15,1146.787109375,1405.0,1430.0,1400.0,1415.0,4385200
2021-04-16,1163.1114501953125,1425.0,1440.0,1405.0,1410.0,6028200
2021-04-19,1195.76025390625,1465.0,1495.0,1395.0,1455.0,21819600
2021-04-20,1195.76025390625,1465.0,1500.0,1450.0,1470.0,8349500
2021-04-21,1163.1114501953125,1425.0,1460.0,1420.0,1455.0,6195000
2021-04-22,1159.0303955078125,1420.0,1435.0,1415.0,1425.0,4124600
2021-04-23,1154.9493408203125,1415.0,1445.0,1405.0,1430.0,5308200
2021-04-26,1146.787109375,1405.0,1435.0,1400.0,1415.0,4737900
2021-04-27,1138.625,1395.0,1425.0,1395.0,1410.0,3729700
2021-04-28,1154.9493408203125,1415.0,1415.0,1395.0,1395.0,2597100
2021-04-29,1183.516845703125,1450.0,1450.0,1415.0,1420.0,7958600
2021-04-30,1159.0303955078125,1420.0,1465.0,1405.0,1450.0,7101000
2021-05-03,1138.625,1395.0,1440.0,1390.0,1430.0,6202900
2021-05-04,1167.1925048828125,1430.0,1435.0,1375.0,1395.0,16192700
2021-05-05,1163.1114501953125,1425.0,1440.0,1405.0,1435.0,6771800
2021-05-06,1208.0035400390625,1480.0,1525.0,1430.0,1430.0,40304900
2021-05-07,1187.5980224609375,1455.0,1540.0,1455.0,1505.0,19871700
2021-05-10,1183.516845703125,1450.0,1470.0,1440.0,1465.0,8744000
2021-05-11,1203.92236328125,1475.0,1525.0,1445.0,1470.0,41097100
2021-05-17,1171.273681640625,1435.0,1520.0,1435.0,1485.0,21008000
2021-05-18,1179.435791015625,1445.0,1450.0,1415.0,1435.0,7187700
2021-05-19,1175.3548583984375,1440.0,1495.0,1435.0,1455.0,13973600
2021-05-20,1118.2196044921875,1370.0,1465.0,1365.0,1440.0,22564000
2021-05-21,1085.5706787109375,1330.0,1410.0,1315.0,1385.0,17430200
2021-05-24,1061.084228515625,1300.0,1380.0,1300.0,1370.0,17165900
2021-05-25,1077.4085693359375,1320.0,1360.0,1310.0,1320.0,13807900
2021-05-27,1065.1651611328125,1305.0,1350.0,1300.0,1330.0,10601200
2021-05-28,1040.6787109375,1275.0,1325.0,1265.0,1320.0,9484800
2021-05-31,1048.8408203125,1285.0,1310.0,1275.0,1290.0,9844300
2021-06-02,1167.1925048828125,1430.0,1430.0,1295.0,1300.0,36552500
2021-06-03,1150.8682861328125,1410.0,1450.0,1395.0,1430.0,10645400
2021-06-04,1130.4627685546875,1385.0,1415.0,1385.0,1410.0,9789400
2021-06-07,1089.65185546875,1335.0,1400.0,1330.0,1390.0,9397100
2021-06-08,1105.976318359375,1355.0,1395.0,1350.0,1360.0,12870200
2021-06-09,1105.976318359375,1355.0,1375.0,1350.0,1360.0,5710300
2021-06-10,1081.4896240234375,1325.0,1385.0,1310.0,1365.0,15154300
2021-06-11,1159.0303955078125,1420.0,1475.0,1345.0,1355.0,57717400
2021-06-14,1163.1114501953125,1425.0,1450.0,1385.0,1425.0,22622200
2021-06-15,1130.4627685546875,1385.0,1420.0,1365.0,1420.0,14624100
2021-06-16,1203.92236328125,1475.0,1485.0,1355.0,1365.0,45180400
2021-06-17,1142.7059326171875,1400.0,1470.0,1395.0,1450.0,24905300
2021-06-18,1105.976318359375,1355.0,1420.0,1330.0,1400.0,21195000
2021-06-21,1085.5706787109375,1330.0,1340.0,1270.0,1340.0,10500600
2021-06-22,1089.65185546875,1335.0,1380.0,1325.0,1335.0,14952500
2021-06-23,1073.3275146484375,1315.0,1380.0,1315.0,1360.0,9542300
2021-06-24,1073.3275146484375,1315.0,1335.0,1300.0,1330.0,6411800
2021-06-25,1089.65185546875,1335.0,1355.0,1310.0,1325.0,15201100
2021-06-28,1065.1651611328125,1305.0,1370.0,1295.0,1355.0,14114000
2021-06-29,1040.6787109375,1275.0,1340.0,1255.0,1305.0,16013200
2021-06-30,1061.084228515625,1300.0,1325.0,1275.0,1275.0,9152200
2021-07-01,1052.9219970703125,1290.0,1350.0,1280.0,1340.0,7855200
2021-07-02,1093.73291015625,1340.0,1355.0,1300.0,1300.0,20374400
2021-07-05,1065.1651611328125,1305.0,1360.0,1305.0,1350.0,9583800
2021-07-06,1110.0572509765625,1360.0,1385.0,1325.0,1340.0,25365500
2021-07-07,1081.4896240234375,1325.0,1355.0,1315.0,1355.0,10406800
2021-07-08,1048.8408203125,1285.0,1335.0,1280.0,1330.0,10911100
2021-07-09,1061.084228515625,1300.0,1325.0,1285.0,1290.0,7276400
2021-07-12,1052.9219970703125,1290.0,1330.0,1285.0,1320.0,8538500
2021-07-13,1032.5166015625,1265.0,1305.0,1260.0,1295.0,6532900
2021-07-14,1040.6787109375,1275.0,1310.0,1270.0,1280.0,8935700
2021-07-15,1040.6787109375,1275.0,1300.0,1270.0,1280.0,5753900
2021-07-16,1073.3275146484375,1315.0,1360.0,1285.0,1300.0,21740200
2021-07-19,1081.4896240234375,1325.0,1355.0,1315.0,1330.0,17278000
2021-07-21,1065.1651611328125,1305.0,1355.0,1300.0,1325.0,10561200
2021-07-22,1159.0303955078125,1420.0,1435.0,1305.0,1310.0,52872700
2021-07-23,1118.2196044921875,1370.0,1430.0,1360.0,1430.0,16674600
2021-07-26,1105.976318359375,1355.0,1420.0,1355.0,1385.0,14868400
2021-07-27,1085.5706787109375,1330.0,1385.0,1325.0,1355.0,10609200
2021-07-28,1114.138427734375,1365.0,1365.0,1315.0,1350.0,12144700
2021-07-29,1126.3817138671875,1380.0,1405.0,1345.0,1375.0,22366200
2021-07-30,1118.2196044921875,1370.0,1415.0,1350.0,1390.0,13457900
2021-08-02,1138.625,1395.0,1445.0,1370.0,1380.0,24993500
2021-08-03,1114.138427734375,1365.0,1410.0,1350.0,1395.0,13620900
2021-08-04,1101.8951416015625,1350.0,1385.0,1335.0,1365.0,9614600
2021-08-05,1089.65185546875,1335.0,1375.0,1335.0,1350.0,12753600
2021-08-06,1081.4896240234375,1325.0,1355.0,1320.0,1350.0,7759200
2021-08-09,1089.65185546875,1335.0,1370.0,1310.0,1345.0,15842900
2021-08-10,1110.0572509765625,1360.0,1375.0,1325.0,1345.0,14939700
2021-08-12,1236.5712890625,1515.0,1525.0,1360.0,1365.0,94389600
2021-08-13,1224.327880859375,1500.0,1550.0,1480.0,1515.0,28187300
2021-08-16,1224.327880859375,1500.0,1580.0,1490.0,1510.0,39892200
2021-08-18,1146.787109375,1405.0,1500.0,1405.0,1500.0,29081000
2021-08-19,1077.4085693359375,1320.0,1430.0,1310.0,1400.0,42485200
2021-08-20,1077.4085693359375,1320.0,1345.0,1285.0,1320.0,18560300
2021-08-23,1101.8951416015625,1350.0,1360.0,1320.0,1330.0,18822500
2021-08-24,1077.4085693359375,1320.0,1390.0,1320.0,1365.0,15864200
2021-08-25,1085.5706787109375,1330.0,1350.0,1315.0,1325.0,9067800
2021-08-26,1097.8140869140625,1345.0,1355.0,1315.0,1340.0,10836600
2021-08-27,1069.246337890625,1310.0,1355.0,1290.0,1345.0,16128200
2021-08-30,1101.8951416015625,1350.0,1355.0,1320.0,1320.0,17233200
2021-08-31,1093.73291015625,1340.0,1360.0,1330.0,1350.0,8307000
2021-09-01,1101.8951416015625,1350.0,1385.0,1330.0,1330.0,25300100
2021-09-02,1101.8951416015625,1350.0,1380.0,1335.0,1355.0,16471200
2021-09-03,1150.8682861328125,1410.0,1430.0,1355.0,1355.0,47480300
2021-09-06,1150.8682861328125,1410.0,1450.0,1400.0,1420.0,22215500
2021-09-07,1130.4627685546875,1385.0,1430.0,1380.0,1420.0,11400600
2021-09-08,1118.2196044921875,1370.0,1400.0,1345.0,1345.0,16421500
2021-09-09,1134.5439453125,1390.0,1395.0,1355.0,1385.0,10272200
2021-09-10,1122.300537109375,1375.0,1410.0,1370.0,1385.0,7333400
2021-09-13,1122.300537109375,1375.0,1390.0,1365.0,1375.0,5242700
2021-09-14,1142.7059326171875,1400.0,1430.0,1375.0,1385.0,17947800
2021-09-15,1154.9493408203125,1415.0,1445.0,1390.0,1400.0,18752200
2021-09-16,1142.7059326171875,1400.0,1440.0,1390.0,1420.0,15078500
2021-09-17,1110.0572509765625,1360.0,1390.0,1350.0,1390.0,14113100
2021-09-20,1089.65185546875,1335.0,1375.0,1330.0,1375.0,8892700
2021-09-21,1101.8951416015625,1350.0,1350.0,1310.0,1330.0,9233400
2021-09-22,1118.2196044921875,1370.0,1380.0,1345.0,1360.0,12522900
2021-09-23,1126.3817138671875,1380.0,1430.0,1370.0,1375.0,27523000
2021-09-24,1252.8956298828125,1535.0,1585.0,1410.0,1420.0,141013000
2021-09-27,1244.7333984375,1525.0,1640.0,1520.0,1560.0,80871700
2021-09-28,1485.5179443359375,1820.0,1875.0,1535.0,1535.0,222075000
2021-09-29,1469.1934814453125,1800.0,1915.0,1765.0,1800.0,127051100
2021-09-30,1550.8153076171875,1900.0,1970.0,1815.0,1830.0,159607600
2021-10-01,1595.707275390625,1955.0,2030.0,1895.0,1900.0,121367800
2021-10-04,1754.869873046875,2150.0,2180.0,2010.0,2030.0,120776000
2021-10-05,1763.0321044921875,2160.0,2330.0,2070.0,2250.0,148012600
2021-10-06,1763.0321044921875,2160.0,2300.0,2130.0,2250.0,100756700
2021-10-07,1640.599365234375,2010.0,2080.0,2010.0,2080.0,80406100
2021-10-08,1771.1943359375,2170.0,2170.0,1950.0,2010.0,132376200
2021-10-11,1885.46484375,2310.0,2330.0,2100.0,2190.0,188548800
2021-10-12,1901.789306640625,2330.0,2390.0,2260.0,2350.0,121806400
2021-10-13,1869.140625,2290.0,2360.0,2240.0,2320.0,61735600
2021-10-14,1844.6539306640625,2260.0,2330.0,2220.0,2330.0,44383700
2021-10-15,1860.9783935546875,2280.0,2330.0,2220.0,2270.0,71429900
2021-10-18,1860.9783935546875,2280.0,2330.0,2210.0,2260.0,53114500
2021-10-19,1877.302978515625,2300.0,2320.0,2240.0,2240.0,32497700
2021-10-21,1746.707763671875,2140.0,2280.0,2140.0,2280.0,62151100
2021-10-22,1628.3560791015625,1995.0,2060.0,1995.0,1995.0,237790000
2021-10-25,1571.2208251953125,1925.0,2070.0,1885.0,1995.0,156028200
2021-10-26,1591.626220703125,1950.0,1985.0,1915.0,1950.0,68256800
2021-10-27,1534.490966796875,1880.0,1965.0,1865.0,1950.0,46259000
2021-10-28,1477.3555908203125,1810.0,1850.0,1775.0,1845.0,82066800
2021-10-29,1452.8690185546875,1780.0,1845.0,1760.0,1800.0,64777600
2021-11-01,1448.7879638671875,1775.0,1815.0,1700.0,1725.0,72888000
2021-11-02,1391.65283203125,1705.0,1785.0,1695.0,1775.0,50134400
2021-11-03,1420.2203369140625,1740.0,1760.0,1705.0,1705.0,38816500
2021-11-04,1428.3826904296875,1750.0,1820.0,1750.0,1800.0,61725200
2021-11-05,1412.0582275390625,1730.0,1760.0,1720.0,1760.0,22590700
2021-11-08,1448.7879638671875,1775.0,1800.0,1735.0,1755.0,31466100
2021-11-09,1452.8690185546875,1780.0,1825.0,1770.0,1800.0,37360500
2021-11-10,1432.463623046875,1755.0,1785.0,1745.0,1780.0,16816700
2021-11-11,1420.2203369140625,1740.0,1755.0,1725.0,1755.0,15519800
2021-11-12,1416.13916015625,1735.0,1765.0,1720.0,1740.0,19775500
2021-11-15,1318.1929931640625,1615.0,1735.0,1615.0,1735.0,72760600
2021-11-16,1314.1119384765625,1610.0,1660.0,1595.0,1625.0,34155000
2021-11-17,1346.7606201171875,1650.0,1670.0,1620.0,1620.0,34305300
2021-11-18,1330.436279296875,1630.0,1655.0,1610.0,1655.0,19786800
2021-11-19,1399.81494140625,1715.0,1725.0,1640.0,1640.0,44481500
2021-11-22,1338.5985107421875,1640.0,1730.0,1630.0,1730.0,42727200
2021-11-23,1379.409423828125,1690.0,1710.0,1660.0,1660.0,38603600
2021-11-24,1387.5716552734375,1700.0,1765.0,1695.0,1710.0,47894000
2021-11-25,1407.9771728515625,1725.0,1740.0,1685.0,1710.0,25668400
2021-11-26,1350.841796875,1655.0,1725.0,1650.0,1725.0,25242200
2021-11-29,1359.00390625,1665.0,1675.0,1605.0,1640.0,28632900
2021-11-30,1334.517333984375,1635.0,1690.0,1600.0,1635.0,51414600
2021-12-01,1371.2471923828125,1680.0,1720.0,1630.0,1640.0,30075100
2021-12-02,1432.463623046875,1755.0,1775.0,1680.0,1695.0,45434000
2021-12-03,1395.7337646484375,1710.0,1780.0,1705.0,1775.0,23520200
2021-12-06,1412.0582275390625,1730.0,1745.0,1690.0,1710.0,17770800
2021-12-07,1399.81494140625,1715.0,1760.0,1715.0,1740.0,15373600
2021-12-08,1403.89599609375,1720.0,1740.0,1710.0,1720.0,12445500
2021-12-09,1420.2203369140625,1740.0,1815.0,1725.0,1730.0,43876400
2021-12-10,1391.65283203125,1705.0,1760.0,1700.0,1730.0,18524200
2021-12-13,1354.9228515625,1660.0,1730.0,1660.0,1715.0,20981500
2021-12-14,1334.517333984375,1635.0,1670.0,1625.0,1665.0,18968800
2021-12-15,1359.00390625,1665.0,1705.0,1630.0,1640.0,28578600
2021-12-16,1334.517333984375,1635.0,1690.0,1625.0,1665.0,14688700
2021-12-17,1354.9228515625,1660.0,1675.0,1640.0,1650.0,13784100
2021-12-20,1273.301025390625,1560.0,1660.0,1560.0,1660.0,25554700
2021-12-21,1293.70654296875,1585.0,1610.0,1565.0,1575.0,15129700
2021-12-22,1281.4632568359375,1570.0,1610.0,1570.0,1585.0,7414900
2021-12-23,1240.6522216796875,1520.0,1585.0,1515.0,1570.0,14333300
2021-12-24,1244.7333984375,1525.0,1550.0,1520.0,1520.0,9570900
2021-12-27,1248.8145751953125,1530.0,1560.0,1525.0,1530.0,7733000
2021-12-28,1330.436279296875,1630.0,1645.0,1530.0,1530.0,23912000
2021-12-29,1330.436279296875,1630.0,1650.0,1590.0,1650.0,16385400
2021-12-30,1261.0577392578125,1545.0,1620.0,1530.0,1595.0,26212900
2022-01-03,1203.92236328125,1475.0,1545.0,1460.0,1540.0,27069300
2022-01-04,1273.301025390625,1560.0,1575.0,1470.0,1475.0,26938900
2022-01-05,1289.62548828125,1580.0,1620.0,1570.0,1575.0,24199200
2022-01-06,1293.70654296875,1585.0,1615.0,1545.0,1570.0,14662700
2022-01-07,1367.166259765625,1675.0,1690.0,1595.0,1600.0,42123700
2022-01-10,1342.6795654296875,1645.0,1690.0,1635.0,1680.0,13860500
2022-01-11,1342.6795654296875,1645.0,1720.0,1645.0,1690.0,32512700
2022-01-12,1314.1119384765625,1610.0,1685.0,1605.0,1650.0,11773900
2022-01-13,1342.6795654296875,1645.0,1665.0,1615.0,1650.0,14083600
2022-01-14,1363.0850830078125,1670.0,1685.0,1650.0,1670.0,11942100
2022-01-17,1359.00390625,1665.0,1720.0,1640.0,1680.0,20231500
2022-01-18,1293.70654296875,1585.0,1700.0,1560.0,1680.0,19499100
2022-01-19,1285.5443115234375,1575.0,1610.0,1545.0,1590.0,8504200
2022-01-20,1293.70654296875,1585.0,1625.0,1565.0,1575.0,14347200
2022-01-21,1293.70654296875,1585.0,1595.0,1555.0,1585.0,9036300
2022-01-24,1616.11279296875,1980.0,1980.0,1575.0,1600.0,257741900
2022-01-25,1538.572021484375,1885.0,2090.0,1845.0,2080.0,202171400
2022-01-26,1599.7884521484375,1960.0,1980.0,1850.0,1895.0,115055200
2022-01-27,1632.4371337890625,2000.0,2030.0,1920.0,1950.0,123545300
2022-01-28,1754.869873046875,2150.0,2170.0,1960.0,1980.0,129820200
2022-01-31,1705.896728515625,2090.0,2230.0,2080.0,2190.0,64653900
2022-02-02,1681.41015625,2060.0,2150.0,2010.0,2080.0,68529200
2022-02-03,1648.7615966796875,2020.0,2090.0,1940.0,2090.0,90584600
2022-02-04,1612.0316162109375,1975.0,2060.0,1975.0,2020.0,29833300
2022-02-07,1599.7884521484375,1960.0,2030.0,1945.0,2000.0,36126100
2022-02-08,1648.7615966796875,2020.0,2050.0,1960.0,1960.0,46381700
2022-02-09,1705.896728515625,2090.0,2170.0,2030.0,2050.0,82836700
2022-02-10,1689.5723876953125,2070.0,2120.0,2040.0,2100.0,32429800
2022-02-11,1779.3565673828125,2180.0,2190.0,2040.0,2060.0,50639300
2022-02-14,1771.1943359375,2170.0,2250.0,2150.0,2170.0,74396800
2022-02-15,1771.1943359375,2170.0,2220.0,2120.0,2180.0,39072100
2022-02-16,1754.869873046875,2150.0,2200.0,2130.0,2180.0,19918700
2022-02-17,1665.0859375,2040.0,2150.0,2020.0,2140.0,55370100
2022-02-18,1681.41015625,2060.0,2090.0,1995.0,2040.0,32823100
2022-02-21,1656.9237060546875,2030.0,2080.0,2020.0,2070.0,17590700
2022-02-22,1681.41015625,2060.0,2080.0,2010.0,2030.0,19867400
2022-02-23,1705.896728515625,2090.0,2120.0,2060.0,2110.0,33141900
2022-02-24,1828.32958984375,2240.0,2250.0,2050.0,2120.0,129572700
2022-02-25,1820.1676025390625,2230.0,2350.0,2220.0,2300.0,87814700
2022-03-01,2081.357421875,2550.0,2750.0,2250.0,2250.0,230836000
2022-03-02,2203.790283203125,2700.0,2920.0,2620.0,2650.0,151971100
2022-03-04,2399.6826171875,2940.0,2990.0,2740.0,2770.0,156309800
2022-03-07,2399.6826171875,2940.0,3120.0,2860.0,3000.0,115766100
2022-03-08,2236.439208984375,2740.0,3000.0,2740.0,3000.0,46004200
2022-03-09,2081.357421875,2550.0,2730.0,2550.0,2650.0,151027400
2022-03-10,2007.8975830078125,2460.0,2540.0,2380.0,2450.0,139594700
2022-03-11,1934.43798828125,2370.0,2540.0,2370.0,2450.0,58420000
2022-03-14,1803.843017578125,2210.0,2430.0,2210.0,2370.0,71907400
2022-03-15,1746.707763671875,2140.0,2250.0,2080.0,2140.0,69323900
2022-03-16,1820.1676025390625,2230.0,2230.0,2110.0,2160.0,55430400
2022-03-17,1763.0321044921875,2160.0,2230.0,2140.0,2230.0,31449700
2022-03-18,1795.6810302734375,2200.0,2240.0,2160.0,2160.0,31986000
2022-03-21,1754.869873046875,2150.0,2230.0,2140.0,2200.0,23528600
2022-03-22,1852.8162841796875,2270.0,2270.0,2150.0,2150.0,47985600
2022-03-23,1860.9783935546875,2280.0,2320.0,2240.0,2300.0,40972300
2022-03-24,1909.95166015625,2340.0,2360.0,2290.0,2290.0,37652500
2022-03-25,1844.6539306640625,2260.0,2350.0,2240.0,2330.0,26569400
2022-03-28,1844.6539306640625,2260.0,2280.0,2210.0,2260.0,16722400
2022-03-29,1795.6810302734375,2200.0,2270.0,2190.0,2270.0,15307400
2022-03-30,1771.1943359375,2170.0,2250.0,2150.0,2240.0,18135500
2022-03-31,1820.1676025390625,2230.0,2310.0,2200.0,2210.0,36418800
2022-04-01,1860.9783935546875,2280.0,2310.0,2220.0,2240.0,39771700
2022-04-04,1869.140625,2290.0,2310.0,2250.0,2290.0,21285500
2022-04-05,2040.5465087890625,2500.0,2560.0,2300.0,2300.0,115289400
2022-04-06,2097.681640625,2570.0,2620.0,2500.0,2520.0,78442500
2022-04-07,2154.817138671875,2640.0,2720.0,2510.0,2590.0,77702300
2022-04-08,2203.790283203125,2700.0,2710.0,2620.0,2640.0,37212100
2022-04-11,2220.114501953125,2720.0,2850.0,2650.0,2700.0,63933000
2022-04-12,2260.925537109375,2770.0,2790.0,2580.0,2700.0,35398500
2022-04-13,2334.385009765625,2860.0,2890.0,2800.0,2820.0,44581500
2022-04-14,2309.898681640625,2830.0,2880.0,2810.0,2840.0,24581900
2022-04-18,2318.060791015625,2840.0,2980.0,2800.0,2810.0,71393700
2022-04-19,2269.087890625,2780.0,2880.0,2770.0,2840.0,31569700
2022-04-20,2220.114501953125,2720.0,2850.0,2600.0,2850.0,54780500
2022-04-21,2220.114501953125,2720.0,2810.0,2690.0,2720.0,30288700
2022-04-22,2187.4658203125,2680.0,2760.0,2660.0,2730.0,15976200
2022-04-25,2105.843994140625,2580.0,2660.0,2520.0,2660.0,33279800
2022-04-26,2056.870849609375,2520.0,2610.0,2470.0,2560.0,20077000
2022-04-27,2162.979248046875,2650.0,2650.0,2480.0,2500.0,21461500
2022-04-28,2195.628173828125,2690.0,2720.0,2620.0,2630.0,31748600
2022-05-09,2154.817138671875,2640.0,2760.0,2540.0,2710.0,23694800
2022-05-10,2032.3841552734375,2490.0,2650.0,2460.0,2650.0,44168300
2022-05-11,2122.16845703125,2600.0,2670.0,2510.0,2530.0,26876100
2022-05-12,2065.033203125,2530.0,2690.0,2490.0,2600.0,30854100
2022-05-13,2146.655029296875,2630.0,2670.0,2520.0,2550.0,21528100
2022-05-17,2211.95263671875,2710.0,2730.0,2650.0,2660.0,30986800
2022-05-18,2114.00634765625,2590.0,2790.0,2560.0,2750.0,55463200
2022-05-19,2089.51953125,2560.0,2590.0,2470.0,2590.0,29344000
2022-05-20,2326.222900390625,2850.0,2910.0,2560.0,2560.0,109378600
2022-05-23,2260.925537109375,2770.0,2950.0,2740.0,2900.0,58165700
2022-05-24,2244.60107421875,2750.0,2820.0,2700.0,2770.0,46156200
2022-05-25,2220.114501953125,2720.0,2780.0,2680.0,2720.0,19496900
2022-05-27,2220.114501953125,2720.0,2780.0,2700.0,2740.0,21230700
2022-05-30,2236.439208984375,2740.0,2820.0,2710.0,2820.0,14143400
2022-05-31,2358.87158203125,2890.0,2890.0,2730.0,2840.0,51162400
2022-06-02,2399.6826171875,2940.0,3050.0,2830.0,2870.0,79325800
2022-06-03,2424.169189453125,2970.0,3080.0,2910.0,2970.0,47083400
2022-06-06,2440.49365234375,2990.0,3030.0,2920.0,3000.0,27831200
2022-06-07,2530.27783203125,3100.0,3150.0,3010.0,3010.0,56015600
2022-06-08,2448.65576171875,3000.0,3140.0,2980.0,3130.0,32681400
2022-06-09,2440.49365234375,2990.0,3060.0,2960.0,3000.0,22433400
2022-06-10,2309.898681640625,2830.0,2990.0,2810.0,2950.0,40765900
2022-06-13,2187.4658203125,2680.0,2790.0,2640.0,2790.0,41398200
2022-06-14,2220.114501953125,2720.0,2730.0,2600.0,2660.0,28826700
2022-06-15,2065.033203125,2530.0,2750.0,2530.0,2730.0,33309900
2022-06-16,2105.843994140625,2580.0,2670.0,2560.0,2580.0,25239700
2022-06-17,2073.195068359375,2540.0,2560.0,2470.0,2550.0,17222500
2022-06-20,2089.51953125,2560.0,2600.0,2480.0,2600.0,12826500
2022-06-21,2154.817138671875,2640.0,2670.0,2580.0,2640.0,22221400
2022-06-22,2130.330322265625,2610.0,2720.0,2580.0,2670.0,23361700
2022-06-23,2073.195068359375,2540.0,2660.0,2500.0,2660.0,11958500
2022-06-24,2081.357421875,2550.0,2620.0,2540.0,2540.0,8903100
2022-06-27,2065.033203125,2530.0,2610.0,2510.0,2580.0,12210500
2022-06-28,2081.357421875,2550.0,2570.0,2510.0,2550.0,9706900
2022-06-29,2032.3841552734375,2490.0,2580.0,2480.0,2540.0,15997900
2022-06-30,1901.789306640625,2330.0,2490.0,2330.0,2450.0,29499800
2022-07-01,1795.6810302734375,2200.0,2350.0,2190.0,2330.0,34485900
2022-07-04,1771.1943359375,2170.0,2260.0,2130.0,2200.0,36068400
2022-07-05,1869.140625,2290.0,2320.0,2210.0,2210.0,31452700
2022-07-06,1836.491943359375,2250.0,2290.0,2190.0,2280.0,15083000
2022-07-07,1844.6539306640625,2260.0,2280.0,2220.0,2250.0,6591900
2022-07-08,1901.789306640625,2330.0,2370.0,2280.0,2300.0,14922000
2022-07-11,1877.302978515625,2300.0,2390.0,2290.0,2370.0,8703000
2022-07-12,1958.9248046875,2400.0,2430.0,2320.0,2340.0,15753000
2022-07-13,1926.276123046875,2360.0,2490.0,2360.0,2490.0,14800700
2022-07-14,1926.276123046875,2360.0,2410.0,2310.0,2330.0,9295300
2022-07-15,1836.491943359375,2250.0,2370.0,2250.0,2360.0,11241800
2022-07-18,1885.46484375,2310.0,2310.0,2200.0,2200.0,7026500
2022-07-19,1975.2489013671875,2420.0,2430.0,2280.0,2280.0,11951600
2022-07-20,1983.4110107421875,2430.0,2480.0,2420.0,2450.0,8485100
2022-07-21,1999.735595703125,2450.0,2470.0,2410.0,2450.0,6199900
2022-07-22,2016.0599365234375,2470.0,2520.0,2430.0,2450.0,11230000
2022-07-25,2048.70849609375,2510.0,2580.0,2480.0,2500.0,19775600
2022-07-26,2097.681640625,2570.0,2620.0,2550.0,2550.0,20885100
2022-07-27,2162.979248046875,2650.0,2710.0,2590.0,2630.0,38905700
2022-07-28,2203.790283203125,2700.0,2720.0,2620.0,2680.0,26593600
2022-07-29,2179.3037109375,2670.0,2760.0,2670.0,2730.0,17533400
2022-08-01,2220.114501953125,2720.0,2760.0,2670.0,2670.0,19514700
2022-08-02,2171.141357421875,2660.0,2720.0,2600.0,2720.0,19006600
2022-08-03,2179.3037109375,2670.0,2710.0,2620.0,2660.0,9929700
2022-08-04,2146.655029296875,2630.0,2680.0,2620.0,2670.0,11154600
2022-08-05,2260.925537109375,2770.0,2830.0,2650.0,2700.0,56995000
2022-08-08,2285.411865234375,2800.0,2850.0,2780.0,2800.0,28275100
2022-08-09,2293.57421875,2810.0,2870.0,2800.0,2830.0,16657600
2022-08-10,2342.54736328125,2870.0,2910.0,2820.0,2820.0,25008100
2022-08-11,2342.54736328125,2870.0,2940.0,2860.0,2920.0,16748200
2022-08-12,2358.87158203125,2890.0,2900.0,2850.0,2890.0,12763400
2022-08-15,2318.060791015625,2840.0,2910.0,2810.0,2900.0,23501900
2022-08-16,2330.3623046875,2740.0,2770.0,2710.0,2750.0,18404300
2022-08-18,2355.877197265625,2770.0,2840.0,2750.0,2770.0,16506200
2022-08-19,2398.402099609375,2820.0,2850.0,2790.0,2790.0,11692600
2022-08-22,2330.3623046875,2740.0,2840.0,2730.0,2840.0,16477600
2022-08-23,2415.411865234375,2840.0,2870.0,2750.0,2780.0,20592700
2022-08-24,2440.927001953125,2870.0,2900.0,2820.0,2830.0,14148500
2022-08-25,2440.927001953125,2870.0,2940.0,2850.0,2870.0,19309500
2022-08-26,2440.927001953125,2870.0,2930.0,2840.0,2870.0,17276000
2022-08-29,2466.441650390625,2900.0,2930.0,2790.0,2830.0,14103900
2022-08-30,2449.431884765625,2880.0,2980.0,2880.0,2940.0,16217100
2022-08-31,2440.927001953125,2870.0,2880.0,2820.0,2880.0,8197400
2022-09-01,2474.94677734375,2910.0,2970.0,2870.0,2870.0,20205500
2022-09-02,2500.4619140625,2940.0,2970.0,2930.0,2940.0,12802500
2022-09-05,2611.0263671875,3070.0,3090.0,2920.0,2930.0,28534800
2022-09-06,2713.0859375,3190.0,3220.0,3130.0,3140.0,37977800
2022-09-07,2662.05615234375,3130.0,3190.0,3080.0,3180.0,35060700
2022-09-08,2611.0263671875,3070.0,3120.0,3070.0,3100.0,19819900
2022-09-09,2653.55126953125,3120.0,3130.0,2970.0,3060.0,30246500
2022-09-12,2619.531494140625,3080.0,3150.0,3050.0,3140.0,16970300
2022-09-13,2645.04638671875,3110.0,3110.0,3070.0,3070.0,11810500
2022-09-14,2636.54150390625,3100.0,3100.0,3050.0,3060.0,11248700
2022-09-15,2704.5810546875,3180.0,3250.0,3120.0,3120.0,37741100
2022-09-16,2611.0263671875,3070.0,3190.0,3030.0,3180.0,26996500
2022-09-19,2577.006591796875,3030.0,3070.0,2970.0,3070.0,21903100
2022-09-20,2517.4716796875,2960.0,3080.0,2950.0,3050.0,17905600
2022-09-21,2534.481689453125,2980.0,3000.0,2900.0,2970.0,18058600
2022-09-22,2645.04638671875,3110.0,3120.0,2980.0,2990.0,29292100
2022-09-23,2781.125732421875,3270.0,3320.0,3050.0,3100.0,55983400
2022-09-26,2611.0263671875,3070.0,3270.0,3050.0,3200.0,65411200
2022-09-27,2611.0263671875,3070.0,3130.0,3020.0,3100.0,24845400
2022-09-28,2534.481689453125,2980.0,3080.0,2980.0,3060.0,22412800
2022-09-29,2534.481689453125,2980.0,3050.0,2960.0,3020.0,20079800
2022-09-30,2551.49169921875,3000.0,3020.0,2910.0,2970.0,16257600
2022-10-03,2645.04638671875,3110.0,3150.0,3010.0,3010.0,29396600
2022-10-04,2823.650634765625,3320.0,3340.0,3140.0,3150.0,50683500
2022-10-05,2823.650634765625,3320.0,3420.0,3290.0,3320.0,34498900
2022-10-06,2832.15576171875,3330.0,3420.0,3320.0,3330.0,18501900
2022-10-07,2823.650634765625,3320.0,3350.0,3280.0,3330.0,14681300
2022-10-10,2721.5908203125,3200.0,3270.0,3190.0,3250.0,17409700
2022-10-11,2713.0859375,3190.0,3240.0,3170.0,3190.0,9971400
2022-10-12,2713.0859375,3190.0,3270.0,3170.0,3190.0,16456100
2022-10-13,2704.5810546875,3180.0,3260.0,3150.0,3260.0,15127700
2022-10-14,2679.066162109375,3150.0,3210.0,3140.0,3200.0,11058600
2022-10-17,2696.076171875,3170.0,3170.0,3080.0,3150.0,13097700
2022-10-18,2619.531494140625,3080.0,3210.0,3080.0,3190.0,16413300
2022-10-19,2636.54150390625,3100.0,3130.0,3050.0,3080.0,9800300
2022-10-20,2772.620849609375,3260.0,3260.0,3110.0,3110.0,23212600
2022-10-21,2730.095947265625,3210.0,3260.0,3200.0,3260.0,10492300
2022-10-24,2721.5908203125,3200.0,3240.0,3190.0,3240.0,7538300
2022-10-25,2662.05615234375,3130.0,3210.0,3110.0,3210.0,11764700
2022-10-26,2755.61083984375,3240.0,3270.0,3140.0,3140.0,13224100
2022-10-27,2772.620849609375,3260.0,3310.0,3230.0,3260.0,12303400
2022-10-28,2730.095947265625,3210.0,3290.0,3190.0,3260.0,6216100
2022-10-31,2772.620849609375,3260.0,3280.0,3200.0,3230.0,7293300
2022-11-01,2602.521484375,3060.0,3250.0,3050.0,3240.0,26872300
2022-11-02,2517.4716796875,2960.0,3110.0,2950.0,3070.0,21822400
2022-11-03,2577.006591796875,3030.0,3040.0,2970.0,2990.0,9755500
2022-11-04,2542.986572265625,2990.0,3040.0,2960.0,3020.0,8463400
2022-11-07,2628.036376953125,3090.0,3100.0,2980.0,2990.0,11178700
2022-11-08,2568.50146484375,3020.0,3050.0,2990.0,3030.0,11136600
2022-11-09,2440.927001953125,2870.0,3000.0,2870.0,2970.0,22045100
2022-11-10,2270.827392578125,2670.0,2810.0,2670.0,2810.0,40651300
2022-11-11,2287.837646484375,2690.0,2720.0,2650.0,2670.0,21529100
2022-11-14,2338.867431640625,2750.0,2810.0,2700.0,2700.0,15040900
2022-11-15,2381.39208984375,2800.0,2830.0,2780.0,2800.0,8331800
2022-11-16,2372.88720703125,2790.0,2870.0,2790.0,2860.0,10779500
2022-11-17,2381.39208984375,2800.0,2850.0,2730.0,2770.0,8876100
2022-11-18,2381.39208984375,2800.0,2840.0,2790.0,2830.0,5270500
2022-11-21,2423.9169921875,2850.0,2880.0,2820.0,2840.0,9526900
2022-11-22,2423.9169921875,2850.0,2900.0,2830.0,2880.0,7939500
2022-11-23,2423.9169921875,2850.0,2900.0,2850.0,2870.0,6760000
2022-11-24,2432.421875,2860.0,2880.0,2850.0,2870.0,3821600
2022-11-25,2398.402099609375,2820.0,2870.0,2800.0,2870.0,4134100
2022-11-28,2432.421875,2860.0,2880.0,2830.0,2850.0,6471000
2022-11-29,2457.936767578125,2890.0,2900.0,2880.0,2900.0,11042400
2022-11-30,2466.441650390625,2900.0,2940.0,2890.0,2900.0,17705400
2022-12-01,2466.441650390625,2900.0,3080.0,2890.0,3050.0,64730500
2022-12-02,2457.936767578125,2890.0,2930.0,2870.0,2890.0,11918200
2022-12-05,2457.936767578125,2890.0,2980.0,2890.0,2930.0,11304800
2022-12-06,2457.936767578125,2890.0,2940.0,2860.0,2920.0,7929400
2022-12-07,2449.431884765625,2880.0,2920.0,2840.0,2900.0,12549400
2022-12-08,2483.451904296875,2920.0,2930.0,2820.0,2880.0,10508500
2022-12-09,2440.927001953125,2870.0,2910.0,2850.0,2900.0,4268600
2022-12-12,2474.94677734375,2910.0,2940.0,2850.0,2870.0,7163300
2022-12-13,2457.936767578125,2890.0,2920.0,2870.0,2910.0,3733200
2022-12-14,2474.94677734375,2910.0,2960.0,2890.0,2900.0,6697600
2022-12-15,2474.94677734375,2910.0,2930.0,2880.0,2910.0,4470100
2022-12-16,2457.936767578125,2890.0,2920.0,2870.0,2880.0,4049200
2022-12-19,2474.94677734375,2910.0,2930.0,2900.0,2900.0,5701200
2022-12-20,2474.94677734375,2910.0,2930.0,2900.0,2910.0,5534800
2022-12-21,2483.451904296875,2920.0,2930.0,2890.0,2920.0,4395800
2022-12-22,2457.936767578125,2890.0,2980.0,2880.0,2930.0,11425700
2022-12-23,2398.402099609375,2820.0,2890.0,2820.0,2890.0,8829800
2022-12-26,2355.877197265625,2770.0,2840.0,2770.0,2830.0,3621700
2022-12-27,2406.906982421875,2830.0,2870.0,2790.0,2790.0,4842800
2022-12-28,2364.38232421875,2780.0,2840.0,2750.0,2840.0,4754000
2022-12-29,2313.352294921875,2720.0,2790.0,2710.0,2780.0,10208000
2022-12-30,2321.857421875,2730.0,2750.0,2720.0,2720.0,3749200
2023-01-02,2313.352294921875,2720.0,2760.0,2710.0,2710.0,2079300
2023-01-03,2347.372314453125,2760.0,2780.0,2710.0,2730.0,5993700
2023-01-04,2236.8076171875,2630.0,2790.0,2630.0,2770.0,14122600
2023-01-05,2092.22314453125,2460.0,2620.0,2450.0,2600.0,37137800
2023-01-06,2075.213134765625,2440.0,2520.0,2400.0,2400.0,16155100
2023-01-09,2075.213134765625,2440.0,2490.0,2380.0,2460.0,13604700
2023-01-10,2151.758056640625,2530.0,2550.0,2410.0,2440.0,11869100
2023-01-11,2168.767822265625,2550.0,2580.0,2470.0,2530.0,8232200
2023-01-12,2100.72802734375,2470.0,2520.0,2470.0,2500.0,4324200
2023-01-13,2177.272705078125,2560.0,2610.0,2500.0,2500.0,10739500
2023-01-16,2134.747802734375,2510.0,2570.0,2500.0,2560.0,5135400
2023-01-17,2168.767822265625,2550.0,2590.0,2470.0,2470.0,8804100
2023-01-18,2177.272705078125,2560.0,2650.0,2540.0,2580.0,11963200
2023-01-19,2202.787841796875,2590.0,2600.0,2540.0,2550.0,4784800
2023-01-20,2236.8076171875,2630.0,2640.0,2580.0,2600.0,7173400
2023-01-24,2202.787841796875,2590.0,2630.0,2590.0,2620.0,6191300
2023-01-25,2160.2626953125,2540.0,2590.0,2530.0,2580.0,15130700
2023-01-26,2049.698486328125,2410.0,2480.0,2410.0,2480.0,22827800
2023-01-27,2100.72802734375,2470.0,2510.0,2420.0,2420.0,11071000
2023-01-30,2075.213134765625,2440.0,2540.0,2440.0,2500.0,10281000
2023-01-31,2049.698486328125,2410.0,2490.0,2390.0,2400.0,14488900
2023-02-01,2024.183349609375,2380.0,2440.0,2360.0,2360.0,18156000
2023-02-02,2007.173583984375,2360.0,2400.0,2350.0,2400.0,15702600
2023-02-03,1930.628662109375,2270.0,2370.0,2260.0,2350.0,23387800
2023-02-06,1905.1136474609375,2240.0,2330.0,2230.0,2250.0,12182000
2023-02-07,2007.173583984375,2360.0,2400.0,2290.0,2310.0,21018700
2023-02-08,1998.6685791015625,2350.0,2420.0,2310.0,2380.0,10405500
2023-02-09,1947.638671875,2290.0,2310.0,2280.0,2310.0,6018500
2023-02-10,1879.5987548828125,2210.0,2250.0,2200.0,2250.0,18151400
2023-02-13,1905.1136474609375,2240.0,2280.0,2230.0,2260.0,7546700
2023-02-14,1922.1236572265625,2260.0,2280.0,2210.0,2240.0,10782900
2023-02-15,1905.1136474609375,2240.0,2320.0,2230.0,2270.0,14905300
2023-02-16,1922.1236572265625,2260.0,2270.0,2230.0,2260.0,3780500
2023-02-17,1930.628662109375,2270.0,2290.0,2230.0,2240.0,4514900
2023-02-20,1888.103759765625,2220.0,2270.0,2200.0,2270.0,19163500
2023-02-21,1922.1236572265625,2260.0,2280.0,2220.0,2250.0,10107500
2023-02-22,1913.6187744140625,2250.0,2310.0,2230.0,2290.0,5439500
2023-02-23,1913.6187744140625,2250.0,2280.0,2240.0,2270.0,3662200
2023-02-24,1905.1136474609375,2240.0,2280.0,2240.0,2270.0,5179300
2023-02-27,1913.6187744140625,2250.0,2270.0,2240.0,2250.0,4870000
2023-02-28,1956.1436767578125,2300.0,2330.0,2230.0,2250.0,20502400
2023-03-01,1956.1436767578125,2300.0,2320.0,2280.0,2300.0,6814000
2023-03-02,1998.6685791015625,2350.0,2350.0,2280.0,2310.0,8644700
2023-03-03,1998.6685791015625,2350.0,2420.0,2330.0,2380.0,19976700
2023-03-06,1947.638671875,2290.0,2350.0,2260.0,2350.0,12412900
2023-03-07,1905.1136474609375,2240.0,2310.0,2230.0,2290.0,15894200
2023-03-08,1888.103759765625,2220.0,2270.0,2180.0,2210.0,11787200
2023-03-09,1888.103759765625,2220.0,2250.0,2190.0,2250.0,10619300
2023-03-10,1854.0838623046875,2180.0,2230.0,2180.0,2210.0,6159700
2023-03-13,1930.628662109375,2270.0,2280.0,2180.0,2180.0,12629100
2023-03-14,1862.5888671875,2190.0,2290.0,2190.0,2290.0,8727800
2023-03-15,1820.06396484375,2140.0,2210.0,2120.0,2190.0,11388500
2023-03-16,1718.00439453125,2020.0,2120.0,2000.0,2120.0,12509400
2023-03-17,1786.0440673828125,2100.0,2100.0,2020.0,2020.0,7767300
2023-03-20,1743.5191650390625,2050.0,2130.0,2040.0,2090.0,3988600
2023-03-21,1726.50927734375,2030.0,2070.0,2030.0,2070.0,4864100
2023-03-24,1735.0142822265625,2040.0,2090.0,2020.0,2030.0,9029800
2023-03-27,1760.529052734375,2070.0,2130.0,2060.0,2060.0,8102500
2023-03-28,1913.6187744140625,2250.0,2280.0,2110.0,2110.0,25572300
2023-03-29,2058.203125,2420.0,2440.0,2280.0,2280.0,37387100
2023-03-30,2015.6783447265625,2370.0,2460.0,2360.0,2440.0,16233300
2023-03-31,2049.698486328125,2410.0,2450.0,2360.0,2380.0,14095500
2023-04-03,2075.213134765625,2440.0,2490.0,2430.0,2440.0,15728000
2023-04-04,2117.73779296875,2490.0,2550.0,2480.0,2510.0,19387300
2023-04-05,2177.272705078125,2560.0,2570.0,2450.0,2470.0,17672600
2023-04-06,2160.2626953125,2540.0,2590.0,2540.0,2540.0,14316500
2023-04-10,2100.72802734375,2470.0,2560.0,2460.0,2540.0,9630500
2023-04-11,2134.747802734375,2510.0,2550.0,2470.0,2470.0,6451700
2023-04-12,2160.2626953125,2540.0,2550.0,2500.0,2510.0,6539600
2023-04-13,2296.342529296875,2700.0,2700.0,2540.0,2560.0,16701800
2023-04-14,2262.322509765625,2660.0,2690.0,2620.0,2670.0,20372200
2023-04-17,2270.827392578125,2670.0,2720.0,2650.0,2660.0,13206100
2023-04-18,2381.39208984375,2800.0,2800.0,2670.0,2690.0,27408600
2023-04-26,2219.797607421875,2610.0,2670.0,2610.0,2670.0,9338000
2023-04-27,2211.292724609375,2600.0,2660.0,2520.0,2550.0,28256300
2023-04-28,2211.292724609375,2600.0,2630.0,2580.0,2620.0,14910800
2023-05-02,2083.718017578125,2450.0,2570.0,2420.0,2570.0,24524000
2023-05-03,2024.183349609375,2380.0,2500.0,2380.0,2400.0,21952200
2023-05-04,1964.6484375,2310.0,2430.0,2300.0,2390.0,58273600
2023-05-05,2009.5120849609375,2150.0,2150.0,2150.0,2150.0,5792800
2023-05-08,2018.858642578125,2160.0,2180.0,2040.0,2070.0,25937600
2023-05-09,2000.1654052734375,2140.0,2180.0,2120.0,2160.0,7736000
2023-05-10,2018.858642578125,2160.0,2220.0,2140.0,2140.0,14057400
2023-05-11,1962.7791748046875,2100.0,2160.0,2100.0,2160.0,8745800
2023-05-12,1944.0860595703125,2080.0,2120.0,2070.0,2110.0,8375800
2023-05-15,1925.392822265625,2060.0,2120.0,2040.0,2080.0,9344200
2023-05-16,1888.0067138671875,2020.0,2090.0,2000.0,2060.0,9385500
2023-05-17,1841.2738037109375,1970.0,2040.0,1965.0,2020.0,11740600
2023-05-19,1738.461669921875,1860.0,1965.0,1860.0,1965.0,23703800
2023-05-22,1757.15478515625,1880.0,1920.0,1865.0,1880.0,11692800
2023-05-23,1799.21435546875,1925.0,1950.0,1885.0,1890.0,9978900
2023-05-24,1761.8280029296875,1885.0,1930.0,1875.0,1930.0,8532600
2023-05-25,1743.1348876953125,1865.0,1875.0,1845.0,1860.0,6810200
2023-05-26,1668.3623046875,1785.0,1885.0,1780.0,1855.0,15420600
2023-05-29,1644.9959716796875,1760.0,1805.0,1705.0,1795.0,15476300
2023-05-30,1640.32275390625,1755.0,1780.0,1740.0,1745.0,8169300
2023-05-31,1602.9364013671875,1715.0,1755.0,1710.0,1755.0,10538500
2023-06-05,1663.68896484375,1780.0,1800.0,1735.0,1735.0,9139800
2023-06-06,1757.15478515625,1880.0,1895.0,1820.0,1830.0,15869100
2023-06-07,1743.1348876953125,1865.0,1880.0,1825.0,1880.0,6002100
2023-06-08,1789.8677978515625,1915.0,1920.0,1875.0,1885.0,9274000
2023-06-09,1775.847900390625,1900.0,1940.0,1880.0,1920.0,6195400
2023-06-12,1780.521240234375,1905.0,1920.0,1895.0,1915.0,4217200
2023-06-13,1761.8280029296875,1885.0,1905.0,1880.0,1905.0,2605100
2023-06-14,1855.293701171875,1985.0,1995.0,1890.0,1890.0,8946200
2023-06-15,1878.66015625,2010.0,2030.0,1950.0,1985.0,9529700
2023-06-16,1845.9471435546875,1975.0,2040.0,1975.0,2040.0,11632500
2023-06-19,1813.2342529296875,1940.0,1970.0,1920.0,1970.0,4393700
2023-06-20,1799.21435546875,1925.0,1950.0,1920.0,1940.0,2969200
2023-06-21,1803.8875732421875,1930.0,1965.0,1925.0,1930.0,4281700
2023-06-22,1808.5609130859375,1935.0,1960.0,1920.0,1935.0,4291300
2023-06-23,1794.541015625,1920.0,1965.0,1920.0,1940.0,3948900
2023-06-26,1775.847900390625,1900.0,1930.0,1900.0,1925.0,4051700
2023-06-27,1785.1944580078125,1910.0,1920.0,1900.0,1910.0,2195900
2023-07-03,1817.907470703125,1945.0,1955.0,1925.0,1930.0,4871900
2023-07-04,1831.92724609375,1960.0,1975.0,1945.0,1945.0,4422800
2023-07-05,1944.0860595703125,2080.0,2090.0,1960.0,1960.0,14498400
2023-07-06,1962.7791748046875,2100.0,2100.0,2060.0,2090.0,9331000
2023-07-07,1897.353271484375,2030.0,2070.0,2010.0,2050.0,9170000
2023-07-10,1916.0462646484375,2050.0,2070.0,2030.0,2030.0,5976300
2023-07-11,1916.0462646484375,2050.0,2070.0,2040.0,2040.0,4062000
2023-07-12,1897.353271484375,2030.0,2060.0,2030.0,2050.0,4464600
2023-07-13,1897.353271484375,2030.0,2040.0,2000.0,2030.0,5665500
2023-07-14,1925.392822265625,2060.0,2070.0,2030.0,2040.0,4149600
2023-07-17,1934.7393798828125,2070.0,2120.0,2060.0,2100.0,7049000
2023-07-18,1897.353271484375,2030.0,2070.0,2030.0,2070.0,3067300
2023-07-20,1916.0462646484375,2050.0,2060.0,2040.0,2050.0,2638300
2023-07-21,1944.0860595703125,2080.0,2100.0,2060.0,2070.0,8031800
2023-07-24,1981.4722900390625,2120.0,2140.0,2080.0,2080.0,11747100
2023-07-25,1953.4326171875,2090.0,2160.0,2090.0,2140.0,9363900
2023-07-26,2046.8983154296875,2190.0,2200.0,2100.0,2100.0,12804300
2023-07-27,1990.81884765625,2130.0,2190.0,2130.0,2190.0,6737100
2023-07-28,2000.1654052734375,2140.0,2160.0,2100.0,2130.0,5970200
2023-07-31,1845.9471435546875,1975.0,2100.0,1970.0,2100.0,31225400
2023-08-01,1813.2342529296875,1940.0,1975.0,1940.0,1975.0,8307500
2023-08-02,1808.5609130859375,1935.0,1960.0,1930.0,1940.0,2521300
2023-08-03,1841.2738037109375,1970.0,1985.0,1935.0,1935.0,4490500
2023-08-04,1850.620361328125,1980.0,2010.0,1980.0,1980.0,3957000
2023-08-07,1827.25390625,1955.0,1985.0,1955.0,1980.0,5698600
2023-08-08,1831.92724609375,1960.0,1985.0,1955.0,1975.0,2835500
2023-08-09,1827.25390625,1955.0,1975.0,1955.0,1970.0,4567400
2023-08-10,1869.3134765625,2000.0,2020.0,1965.0,1965.0,12827700
2023-08-11,1850.620361328125,1980.0,2020.0,1980.0,2010.0,4752900
2023-08-14,1850.620361328125,1980.0,2000.0,1960.0,1985.0,3554700
2023-08-15,1897.353271484375,2030.0,2030.0,1980.0,1980.0,7163200
2023-08-16,1906.6998291015625,2040.0,2060.0,2020.0,2040.0,3618900
2023-08-18,1897.353271484375,2030.0,2060.0,1990.0,2050.0,4562800
2023-08-21,1944.0860595703125,2080.0,2080.0,2030.0,2030.0,12083000
2023-08-22,1990.81884765625,2130.0,2150.0,2080.0,2100.0,14281900
2023-08-23,1962.7791748046875,2100.0,2170.0,2090.0,2140.0,10003200
2023-08-24,1888.0067138671875,2020.0,2080.0,2010.0,2080.0,13518700
2023-08-25,1888.0067138671875,2020.0,2030.0,1985.0,2030.0,6301800
2023-08-28,1916.0462646484375,2050.0,2070.0,2020.0,2020.0,5374000
2023-08-29,1897.353271484375,2030.0,2090.0,2030.0,2060.0,6608700
2023-08-30,1897.353271484375,2030.0,2060.0,2020.0,2040.0,7177800
2023-08-31,1869.3134765625,2000.0,2030.0,2000.0,2030.0,3497400
2023-09-01,1878.66015625,2010.0,2020.0,1990.0,2000.0,2632900
2023-09-04,1906.6998291015625,2040.0,2060.0,2010.0,2010.0,5372600
2023-09-05,1916.0462646484375,2050.0,2080.0,2040.0,2060.0,6006100
2023-09-06,1981.4722900390625,2120.0,2140.0,2070.0,2080.0,15348700
2023-09-07,1934.7393798828125,2070.0,2130.0,2050.0,2120.0,13298500
2023-09-08,1944.0860595703125,2080.0,2080.0,2050.0,2070.0,4746100
2023-09-11,1888.0067138671875,2020.0,2080.0,2000.0,2070.0,15878500
2023-09-12,1869.3134765625,2000.0,2050.0,2000.0,2030.0,5355700
2023-09-13,1878.66015625,2010.0,2030.0,2000.0,2020.0,4016600
2023-09-14,1962.7791748046875,2100.0,2110.0,2040.0,2040.0,14469900
2023-09-15,1906.6998291015625,2040.0,2110.0,2040.0,2100.0,10219900
2023-09-18,1916.0462646484375,2050.0,2090.0,2040.0,2050.0,8744000
2023-09-19,2102.977783203125,2250.0,2250.0,2030.0,2060.0,47633100
2023-09-20,2093.631103515625,2240.0,2350.0,2220.0,2270.0,48818800
2023-09-21,2056.244873046875,2200.0,2240.0,2180.0,2240.0,16544900
2023-09-22,2102.977783203125,2250.0,2280.0,2180.0,2190.0,16918000
2023-09-25,2168.40380859375,2320.0,2380.0,2280.0,2330.0,45979200
2023-09-26,2056.244873046875,2200.0,2380.0,2170.0,2330.0,33062500
2023-09-27,2065.591552734375,2210.0,2250.0,2180.0,2200.0,13239900
2023-09-29,2056.244873046875,2200.0,2270.0,2190.0,2220.0,9685600
2023-10-02,2009.5120849609375,2150.0,2220.0,2120.0,2200.0,12011600
2023-10-03,1944.0860595703125,2080.0,2140.0,2070.0,2130.0,11109500
2023-10-04,1878.66015625,2010.0,2070.0,2000.0,2070.0,21098700
2023-10-05,1827.25390625,1955.0,2010.0,1955.0,2000.0,18367200
2023-10-06,1878.66015625,2010.0,2010.0,1950.0,1955.0,4575700
2023-10-09,1934.7393798828125,2070.0,2070.0,2030.0,2030.0,8503400
2023-10-10,1916.0462646484375,2050.0,2100.0,2040.0,2100.0,9989400
2023-10-11,1897.353271484375,2030.0,2070.0,2010.0,2070.0,10246200
2023-10-12,1855.293701171875,1985.0,2030.0,1980.0,2010.0,11544000
2023-10-13,1869.3134765625,2000.0,2030.0,1995.0,2010.0,4157500
2023-10-16,1888.0067138671875,2020.0,2040.0,2010.0,2040.0,5816300
2023-10-17,1864.6402587890625,1995.0,2020.0,1995.0,2010.0,5173500
2023-10-18,1859.9669189453125,1990.0,2050.0,1990.0,1995.0,7227000
2023-10-19,1841.2738037109375,1970.0,2010.0,1970.0,2000.0,7581400
2023-10-20,1836.6005859375,1965.0,1975.0,1955.0,1965.0,4359900
2023-10-23,1799.21435546875,1925.0,1970.0,1925.0,1965.0,8530300
2023-10-24,1794.541015625,1920.0,1945.0,1910.0,1930.0,4966200
2023-10-25,1766.5013427734375,1890.0,1925.0,1890.0,1915.0,7269900
2023-10-26,1687.055419921875,1805.0,1890.0,1795.0,1890.0,13986900
2023-10-27,1701.0753173828125,1820.0,1835.0,1815.0,1815.0,4651000
2023-10-30,1687.055419921875,1805.0,1850.0,1805.0,1825.0,3768300
2023-10-31,1696.4019775390625,1815.0,1815.0,1750.0,1800.0,5291300
2023-11-01,1495.4508056640625,1600.0,1710.0,1600.0,1695.0,24252600
2023-11-02,1472.08447265625,1575.0,1645.0,1570.0,1600.0,16632100
2023-11-03,1495.4508056640625,1600.0,1625.0,1595.0,1595.0,5788000
2023-11-06,1542.1837158203125,1650.0,1675.0,1600.0,1600.0,5182700
2023-11-07,1462.7379150390625,1565.0,1650.0,1565.0,1650.0,14127500
2023-11-08,1439.3714599609375,1540.0,1585.0,1530.0,1570.0,6824000
2023-11-09,1439.3714599609375,1540.0,1575.0,1530.0,1570.0,8125900
2023-11-10,1416.0050048828125,1515.0,1545.0,1510.0,1540.0,7528200
2023-11-13,1411.331787109375,1510.0,1530.0,1495.0,1515.0,6723000
2023-11-14,1439.3714599609375,1540.0,1550.0,1510.0,1515.0,4913300
2023-11-15,1430.02490234375,1530.0,1565.0,1520.0,1545.0,9588000
2023-11-16,1411.331787109375,1510.0,1535.0,1510.0,1530.0,4446500
2023-11-17,1411.331787109375,1510.0,1520.0,1500.0,1505.0,4927400
2023-11-20,1411.331787109375,1510.0,1525.0,1510.0,1510.0,2804500
2023-11-21,1401.9852294921875,1500.0,1525.0,1500.0,1510.0,4252800
2023-11-22,1401.9852294921875,1500.0,1515.0,1500.0,1510.0,5595200
2023-11-23,1420.6783447265625,1520.0,1535.0,1500.0,1505.0,4682600
2023-11-24,1439.3714599609375,1540.0,1550.0,1525.0,1530.0,6420900
2023-11-27,1430.02490234375,1530.0,1555.0,1530.0,1540.0,4247100
2023-11-28,1411.331787109375,1510.0,1535.0,1505.0,1530.0,8212600
2023-11-29,1411.331787109375,1510.0,1535.0,1510.0,1515.0,6724400
2023-11-30,1378.6187744140625,1475.0,1520.0,1475.0,1515.0,11072200
2023-12-01,1387.96533203125,1485.0,1505.0,1485.0,1500.0,3827500
2023-12-04,1416.0050048828125,1515.0,1530.0,1490.0,1490.0,10621700
2023-12-05,1392.6385498046875,1490.0,1530.0,1480.0,1520.0,6810400
2023-12-06,1392.6385498046875,1490.0,1505.0,1490.0,1490.0,2616100
2023-12-07,1364.598876953125,1460.0,1520.0,1450.0,1500.0,11568100
2023-12-08,1383.2919921875,1480.0,1500.0,1475.0,1500.0,7558900
2023-12-11,1369.272216796875,1465.0,1515.0,1465.0,1495.0,5272900
2023-12-12,1359.925537109375,1455.0,1480.0,1450.0,1465.0,4969300
2023-12-13,1313.1927490234375,1405.0,1440.0,1405.0,1440.0,8557900
2023-12-14,1294.4996337890625,1385.0,1425.0,1355.0,1405.0,15589400
2023-12-15,1331.8858642578125,1425.0,1455.0,1385.0,1385.0,10562700
2023-12-18,1313.1927490234375,1405.0,1445.0,1400.0,1430.0,4391000
2023-12-19,1350.5789794921875,1445.0,1460.0,1410.0,1410.0,4801700
2023-12-20,1392.6385498046875,1490.0,1510.0,1435.0,1445.0,11586600
2023-12-21,1369.272216796875,1465.0,1500.0,1460.0,1495.0,5005900
2023-12-22,1355.2523193359375,1450.0,1470.0,1450.0,1470.0,4335400
2023-12-27,1317.865966796875,1410.0,1465.0,1400.0,1455.0,9880600
2023-12-28,1359.925537109375,1455.0,1470.0,1415.0,1415.0,5750800
2023-12-29,1341.232421875,1435.0,1460.0,1435.0,1455.0,3005600
2024-01-02,1425.3515625,1525.0,1530.0,1435.0,1435.0,11479100
2024-01-03,1406.658447265625,1505.0,1530.0,1490.0,1520.0,9694500
2024-01-04,1500.1241455078125,1605.0,1605.0,1505.0,1505.0,23780000
2024-01-05,1476.7578125,1580.0,1625.0,1580.0,1610.0,13566500
2024-01-08,1444.0447998046875,1545.0,1610.0,1545.0,1585.0,10951600
2024-01-09,1444.0447998046875,1545.0,1565.0,1520.0,1550.0,9527200
2024-01-10,1458.0645751953125,1560.0,1620.0,1555.0,1565.0,18272000
2024-01-11,1444.0447998046875,1545.0,1570.0,1540.0,1560.0,4948600
2024-01-12,1462.7379150390625,1565.0,1585.0,1535.0,1545.0,8428600
2024-01-15,1490.7774658203125,1595.0,1620.0,1580.0,1580.0,14299900
2024-01-16,1490.7774658203125,1595.0,1600.0,1580.0,1595.0,5576700
2024-01-17,1467.4112548828125,1570.0,1600.0,1565.0,1595.0,5912700
2024-01-18,1448.718017578125,1550.0,1575.0,1550.0,1570.0,4103300
2024-01-19,1425.3515625,1525.0,1565.0,1510.0,1555.0,5074900
2024-01-22,1355.2523193359375,1450.0,1535.0,1450.0,1535.0,9139000
2024-01-23,1327.212646484375,1420.0,1465.0,1410.0,1450.0,6700900
2024-01-24,1308.5194091796875,1400.0,1430.0,1390.0,1420.0,5524600
2024-01-25,1322.539306640625,1415.0,1435.0,1405.0,1405.0,6729000
2024-01-26,1280.4798583984375,1370.0,1430.0,1370.0,1420.0,12562000
2024-01-29,1275.8065185546875,1365.0,1400.0,1365.0,1380.0,7269000
2024-01-30,1285.153076171875,1375.0,1390.0,1355.0,1365.0,6121700
2024-01-31,1289.826416015625,1380.0,1410.0,1380.0,1380.0,10605400
2024-02-01,1266.4599609375,1355.0,1390.0,1350.0,1390.0,9732800
2024-02-02,1219.72705078125,1305.0,1360.0,1300.0,1355.0,24103000
2024-02-05,1229.07373046875,1315.0,1330.0,1300.0,1310.0,10158800
2024-02-06,1238.4202880859375,1325.0,1340.0,1305.0,1320.0,10852700
2024-02-07,1233.7469482421875,1320.0,1335.0,1310.0,1330.0,7780700
2024-02-12,1243.093505859375,1330.0,1330.0,1310.0,1320.0,6664400
2024-02-13,1243.093505859375,1330.0,1335.0,1310.0,1330.0,9663100
2024-02-15,1261.7867431640625,1350.0,1365.0,1320.0,1330.0,9579500
2024-02-16,1247.766845703125,1335.0,1350.0,1325.0,1350.0,7066200
2024-02-19,1224.400390625,1310.0,1340.0,1305.0,1335.0,8579700
2024-02-20,1233.7469482421875,1320.0,1325.0,1300.0,1310.0,6017300
2024-02-21,1219.72705078125,1305.0,1320.0,1300.0,1320.0,6896700
2024-02-22,1233.7469482421875,1320.0,1325.0,1295.0,1305.0,6430900
2024-02-23,1238.4202880859375,1325.0,1325.0,1310.0,1325.0,3543300
2024-02-26,1205.707275390625,1290.0,1325.0,1285.0,1325.0,14624900
2024-02-27,1219.72705078125,1305.0,1305.0,1290.0,1290.0,7290900
2024-02-28,1238.4202880859375,1325.0,1335.0,1300.0,1305.0,9642600
2024-02-29,1271.13330078125,1360.0,1380.0,1310.0,1330.0,15427800
2024-03-01,1261.7867431640625,1350.0,1370.0,1340.0,1360.0,6693300
2024-03-04,1289.826416015625,1380.0,1385.0,1345.0,1355.0,10848200
2024-03-05,1327.212646484375,1420.0,1440.0,1380.0,1385.0,17799000
2024-03-06,1331.8858642578125,1425.0,1440.0,1400.0,1425.0,7118900
2024-03-07,1387.96533203125,1485.0,1495.0,1405.0,1425.0,18441000
2024-03-08,1345.90576171875,1440.0,1495.0,1435.0,1490.0,8290200
2024-03-13,1308.5194091796875,1400.0,1450.0,1400.0,1440.0,9056600
2024-03-14,1359.925537109375,1455.0,1455.0,1370.0,1400.0,10013500
2024-03-15,1355.2523193359375,1450.0,1470.0,1435.0,1455.0,7658200
2024-03-18,1392.6385498046875,1490.0,1515.0,1435.0,1450.0,14246100
2024-03-19,1373.9454345703125,1470.0,1495.0,1460.0,1495.0,5215100
2024-03-20,1355.2523193359375,1450.0,1515.0,1445.0,1470.0,11053200
2024-03-21,1383.2919921875,1480.0,1490.0,1445.0,1450.0,5039100
2024-03-22,1387.96533203125,1485.0,1505.0,1470.0,1480.0,6698900
2024-03-25,1373.9454345703125,1470.0,1490.0,1470.0,1490.0,4846400
2024-03-26,1383.2919921875,1480.0,1530.0,1455.0,1530.0,22083300
2024-03-27,1401.9852294921875,1500.0,1515.0,1475.0,1480.0,9729400
2024-03-28,1397.3118896484375,1495.0,1525.0,1480.0,1500.0,9776000
2024-04-01,1434.6982421875,1535.0,1555.0,1475.0,1495.0,18119000
2024-04-02,1434.6982421875,1535.0,1540.0,1500.0,1535.0,10046600
2024-04-03,1369.272216796875,1465.0,1555.0,1455.0,1535.0,24954700
2024-04-04,1401.9852294921875,1500.0,1505.0,1455.0,1465.0,9601300
2024-04-05,1411.331787109375,1510.0,1515.0,1480.0,1495.0,6434700
2024-04-16,1481.430908203125,1585.0,1600.0,1500.0,1510.0,34941700
2024-04-17,1397.3118896484375,1495.0,1590.0,1490.0,1590.0,31825900
2024-04-18,1383.2919921875,1480.0,1515.0,1465.0,1500.0,10773100
2024-04-19,1359.925537109375,1455.0,1500.0,1405.0,1480.0,16524600
2024-04-22,1364.598876953125,1460.0,1475.0,1435.0,1455.0,8912500
2024-04-23,1341.232421875,1435.0,1475.0,1430.0,1460.0,6838500
2024-04-24,1322.539306640625,1415.0,1450.0,1410.0,1435.0,7896300
2024-04-25,1313.1927490234375,1405.0,1425.0,1405.0,1415.0,3219200
2024-04-26,1275.8065185546875,1365.0,1415.0,1350.0,1405.0,10444900
2024-04-29,1355.2523193359375,1450.0,1450.0,1360.0,1370.0,7308000
2024-04-30,1341.232421875,1435.0,1455.0,1425.0,1450.0,5212900
2024-05-02,1327.212646484375,1420.0,1475.0,1415.0,1435.0,5404800
2024-05-03,1303.8463134765625,1395.0,1435.0,1370.0,1420.0,2946400
2024-05-06,1341.232421875,1435.0,1450.0,1390.0,1390.0,5468900
2024-05-07,1341.232421875,1435.0,1465.0,1430.0,1435.0,4995700
2024-05-08,1280.4798583984375,1370.0,1445.0,1370.0,1445.0,8353600
2024-05-13,1289.826416015625,1380.0,1390.0,1370.0,1370.0,3050700
2024-05-14,1299.1729736328125,1390.0,1395.0,1375.0,1385.0,3471300
2024-05-15,1294.4996337890625,1385.0,1405.0,1375.0,1395.0,3049400
2024-05-16,1317.865966796875,1410.0,1420.0,1380.0,1385.0,6164200
2024-05-17,1354.9991455078125,1355.0,1380.0,1325.0,1335.0,7665200
2024-05-20,1359.9991455078125,1360.0,1385.0,1350.0,1370.0,4105800
2024-05-21,1334.9991455078125,1335.0,1375.0,1335.0,1375.0,3975300
2024-05-22,1329.9991455078125,1330.0,1350.0,1330.0,1335.0,2832000
2024-05-27,1319.9991455078125,1320.0,1345.0,1305.0,1335.0,3780900
2024-05-28,1314.9991455078125,1315.0,1345.0,1315.0,1325.0,2963600
2024-05-29,1314.9991455078125,1315.0,1335.0,1310.0,1325.0,2087500
2024-05-30,1304.9991455078125,1305.0,1320.0,1300.0,1315.0,3715800
2024-05-31,1429.9990234375,1430.0,1430.0,1305.0,1305.0,9669700
2024-06-03,1374.9991455078125,1375.0,1420.0,1360.0,1420.0,9935000
2024-06-04,1374.9991455078125,1375.0,1400.0,1360.0,1375.0,6958000
2024-06-05,1324.9991455078125,1325.0,1390.0,1325.0,1380.0,6523700
2024-06-06,1319.9991455078125,1320.0,1345.0,1315.0,1315.0,2967900
2024-06-07,1299.9991455078125,1300.0,1330.0,1300.0,1325.0,4550500
2024-06-10,1289.9991455078125,1290.0,1315.0,1290.0,1310.0,4386100
2024-06-11,1249.9991455078125,1250.0,1300.0,1240.0,1295.0,8151200
2024-06-12,1204.999267578125,1205.0,1270.0,1195.0,1270.0,5964200
2024-06-13,1214.9991455078125,1215.0,1225.0,1200.0,1205.0,2700400
2024-06-14,1184.999267578125,1185.0,1240.0,1180.0,1215.0,3452900
2024-06-19,1159.999267578125,1160.0,1195.0,1155.0,1185.0,2732800
2024-06-20,1199.999267578125,1200.0,1205.0,1160.0,1165.0,1685300
2024-06-21,1224.9991455078125,1225.0,1230.0,1190.0,1205.0,2311100
2024-06-24,1224.9991455078125,1225.0,1230.0,1205.0,1230.0,1351500
2024-06-25,1209.999267578125,1210.0,1235.0,1200.0,1230.0,1252000
2024-06-26,1244.9991455078125,1245.0,1275.0,1205.0,1215.0,5881900
2024-06-27,1244.9991455078125,1245.0,1255.0,1235.0,1250.0,2114100
2024-06-28,1264.9991455078125,1265.0,1275.0,1240.0,1240.0,3405900
2024-07-01,1279.9991455078125,1280.0,1290.0,1270.0,1275.0,3269500
2024-07-02,1279.9991455078125,1280.0,1295.0,1280.0,1280.0,4950500
2024-07-03,1309.9991455078125,1310.0,1325.0,1275.0,1285.0,4736000
2024-07-04,1299.9991455078125,1300.0,1320.0,1295.0,1310.0,2143400
2024-07-05,1309.9991455078125,1310.0,1320.0,1300.0,1305.0,2149900
2024-07-08,1314.9991455078125,1315.0,1315.0,1300.0,1310.0,2449300
2024-07-09,1299.9991455078125,1300.0,1320.0,1290.0,1310.0,2141400
2024-07-10,1304.9991455078125,1305.0,1320.0,1300.0,1300.0,2479000
2024-07-11,1294.9991455078125,1295.0,1315.0,1285.0,1315.0,2773600
2024-07-12,1299.9991455078125,1300.0,1305.0,1290.0,1295.0,1348200
2024-07-15,1294.9991455078125,1295.0,1310.0,1290.0,1305.0,1291900
2024-07-16,1294.9991455078125,1295.0,1310.0,1295.0,1300.0,2299100
2024-07-17,1304.9991455078125,1305.0,1310.0,1295.0,1300.0,2096700
2024-07-18,1364.9991455078125,1365.0,1370.0,1305.0,1305.0,11944600
2024-07-19,1409.9990234375,1410.0,1440.0,1370.0,1370.0,17061500
2024-07-22,1454.9990234375,1455.0,1465.0,1410.0,1410.0,10970200
2024-07-23,1434.9990234375,1435.0,1485.0,1425.0,1455.0,10852100
2024-07-24,1384.9991455078125,1385.0,1450.0,1385.0,1440.0,7023000
2024-07-25,1359.9991455078125,1360.0,1425.0,1355.0,1385.0,5622000
2024-07-26,1399.9990234375,1400.0,1410.0,1365.0,1370.0,2967000
2024-07-29,1389.9991455078125,1390.0,1420.0,1385.0,1405.0,4558700
2024-07-30,1399.9990234375,1400.0,1410.0,1385.0,1400.0,3938300
2024-07-31,1389.9991455078125,1390.0,1405.0,1370.0,1400.0,4394000
2024-08-01,1329.9991455078125,1330.0,1375.0,1305.0,1375.0,15260900
2024-08-02,1359.9991455078125,1360.0,1380.0,1320.0,1330.0,10338600
2024-08-05,1309.9991455078125,1310.0,1380.0,1305.0,1365.0,12607200
2024-08-06,1319.9991455078125,1320.0,1345.0,1300.0,1315.0,4656000
2024-08-07,1369.9991455078125,1370.0,1390.0,1330.0,1330.0,9289600
2024-08-08,1364.9991455078125,1365.0,1395.0,1360.0,1370.0,2727500
2024-08-09,1414.9990234375,1415.0,1425.0,1370.0,1370.0,10089800
2024-08-12,1469.9990234375,1470.0,1490.0,1420.0,1425.0,19951000
2024-08-13,1484.9990234375,1485.0,1500.0,1470.0,1475.0,22396300
2024-08-14,1469.9990234375,1470.0,1490.0,1460.0,1485.0,6922200
2024-08-15,1484.9990234375,1485.0,1520.0,1440.0,1470.0,16933700
2024-08-16,1499.9990234375,1500.0,1530.0,1480.0,1480.0,18456400
2024-08-19,1469.9990234375,1470.0,1515.0,1470.0,1515.0,5851600
2024-08-20,1484.9990234375,1485.0,1495.0,1470.0,1470.0,4881300
2024-08-21,1489.9990234375,1490.0,1500.0,1480.0,1495.0,5687000
2024-08-22,1469.9990234375,1470.0,1500.0,1445.0,1490.0,7600600
2024-08-23,1534.9990234375,1535.0,1535.0,1470.0,1475.0,13948800
2024-08-26,1549.9990234375,1550.0,1575.0,1530.0,1540.0,16008900
2024-08-27,1554.9990234375,1555.0,1570.0,1535.0,1550.0,11543700
2024-08-28,1539.9990234375,1540.0,1560.0,1520.0,1555.0,11191700
2024-08-29,1499.9990234375,1500.0,1575.0,1495.0,1540.0,16364200
2024-08-30,1459.9990234375,1460.0,1515.0,1460.0,1500.0,9175000
2024-09-02,1554.9990234375,1555.0,1590.0,1460.0,1465.0,22614500
2024-09-03,1524.9990234375,1525.0,1580.0,1520.0,1565.0,10631100
2024-09-04,1479.9990234375,1480.0,1520.0,1480.0,1520.0,14756600
2024-09-05,1459.9990234375,1460.0,1490.0,1430.0,1480.0,15558100
2024-09-06,1469.9990234375,1470.0,1495.0,1465.0,1470.0,5969600
2024-09-09,1449.9990234375,1450.0,1470.0,1430.0,1460.0,7859200
2024-09-10,1449.9990234375,1450.0,1485.0,1440.0,1440.0,6095800
2024-09-11,1429.9990234375,1430.0,1475.0,1430.0,1450.0,5890600
2024-09-12,1489.9990234375,1490.0,1520.0,1430.0,1440.0,28610400
2024-09-13,1494.9990234375,1495.0,1510.0,1465.0,1490.0,12594400
2024-09-17,1494.9990234375,1495.0,1505.0,1460.0,1495.0,10008200
2024-09-18,1469.9990234375,1470.0,1510.0,1465.0,1495.0,8435600
2024-09-19,1494.9990234375,1495.0,1495.0,1455.0,1470.0,8082000
2024-09-20,1469.9990234375,1470.0,1520.0,1470.0,1495.0,14516700
2024-09-23,1579.9990234375,1580.0,1585.0,1470.0,1470.0,41975400
2024-09-24,1659.9989013671875,1660.0,1680.0,1550.0,1595.0,72076900
2024-09-25,1654.9989013671875,1655.0,1700.0,1635.0,1660.0,31488600
2024-09-26,1649.9989013671875,1650.0,1670.0,1620.0,1665.0,18239600
2024-09-27,1734.9989013671875,1735.0,1740.0,1640.0,1650.0,44386900
2024-09-30,1709.9989013671875,1710.0,1780.0,1680.0,1780.0,30744400
2024-10-01,1789.998779296875,1790.0,1805.0,1665.0,1710.0,48848200
2024-10-02,1759.9989013671875,1760.0,1825.0,1735.0,1800.0,33412700
2024-10-03,1679.9989013671875,1680.0,1770.0,1665.0,1760.0,21472100
2024-10-04,1694.9989013671875,1695.0,1750.0,1685.0,1695.0,22706500
2024-10-07,1749.9989013671875,1750.0,1785.0,1725.0,1745.0,35009300
2024-10-08,1689.9989013671875,1690.0,1770.0,1680.0,1770.0,17235100
2024-10-09,1649.9989013671875,1650.0,1690.0,1635.0,1690.0,28681500
2024-10-10,1689.9989013671875,1690.0,1705.0,1620.0,1650.0,11976200
2024-10-11,1704.9989013671875,1705.0,1725.0,1690.0,1700.0,11174300
2024-10-14,1714.9989013671875,1715.0,1735.0,1685.0,1710.0,10501500
2024-10-15,1709.9989013671875,1710.0,1735.0,1700.0,1720.0,8737500
2024-10-16,1689.9989013671875,1690.0,1720.0,1680.0,1720.0,5809300
2024-10-17,1759.9989013671875,1760.0,1765.0,1690.0,1690.0,20246900
2024-10-18,1714.9989013671875,1715.0,1770.0,1715.0,1765.0,12260300
2024-10-21,1694.9989013671875,1695.0,1725.0,1690.0,1720.0,11934300
2024-10-22,1684.9989013671875,1685.0,1705.0,1660.0,1695.0,11938300
2024-10-23,1649.9989013671875,1650.0,1700.0,1650.0,1680.0,14496500
2024-10-24,1684.9989013671875,1685.0,1715.0,1650.0,1650.0,11585300
2024-10-25,1649.9989013671875,1650.0,1695.0,1650.0,1685.0,6231500
2024-10-28,1604.9989013671875,1605.0,1660.0,1600.0,1645.0,9053900
2024-10-29,1539.9990234375,1540.0,1630.0,1535.0,1600.0,16479700
2024-10-30,1574.9990234375,1575.0,1585.0,1510.0,1540.0,11458600
2024-10-31,1554.9990234375,1555.0,1595.0,1545.0,1575.0,9100400
2024-11-01,1504.9990234375,1505.0,1575.0,1500.0,1560.0,10096700
2024-11-04,1529.9990234375,1530.0,1545.0,1470.0,1505.0,9203500
2024-11-05,1599.9989013671875,1600.0,1620.0,1520.0,1530.0,18552900
2024-11-06,1514.9990234375,1515.0,1620.0,1510.0,1600.0,10346700
2024-11-07,1484.9990234375,1485.0,1555.0,1480.0,1510.0,9985900
2024-11-08,1469.9990234375,1470.0,1510.0,1460.0,1495.0,6651900
2024-11-11,1574.9990234375,1575.0,1595.0,1410.0,1480.0,21205500
2024-11-12,1539.9990234375,1540.0,1590.0,1535.0,1575.0,7604800
2024-11-13,1509.9990234375,1510.0,1565.0,1505.0,1550.0,4877700
2024-11-14,1454.9990234375,1455.0,1520.0,1455.0,1515.0,10117500
2024-11-15,1424.9990234375,1425.0,1470.0,1410.0,1455.0,9777600
2024-11-18,1409.9990234375,1410.0,1435.0,1365.0,1430.0,11170600
2024-11-19,1414.9990234375,1415.0,1445.0,1405.0,1405.0,3563000
2024-11-20,1394.9991455078125,1395.0,1430.0,1390.0,1415.0,4241600
2024-11-21,1409.9990234375,1410.0,1440.0,1395.0,1395.0,4282000
2024-11-22,1414.9990234375,1415.0,1440.0,1410.0,1420.0,4825500
2024-11-25,1429.9990234375,1430.0,1465.0,1420.0,1420.0,5591500
2024-11-26,1419.9990234375,1420.0,1460.0,1420.0,1435.0,2650200
2024-11-28,1394.9991455078125,1395.0,1430.0,1395.0,1425.0,4021000
2024-11-29,1404.9990234375,1405.0,1430.0,1360.0,1410.0,4644800
2024-12-02,1434.9990234375,1435.0,1450.0,1400.0,1405.0,4757600
2024-12-03,1404.9990234375,1405.0,1440.0,1405.0,1435.0,3360000
2024-12-04,1434.9990234375,1435.0,1450.0,1415.0,1415.0,3486600
2024-12-05,1439.9990234375,1440.0,1445.0,1425.0,1440.0,1383400
2024-12-06,1419.9990234375,1420.0,1440.0,1410.0,1440.0,2055600
2024-12-09,1429.9990234375,1430.0,1440.0,1405.0,1420.0,3577000
2024-12-10,1499.9990234375,1500.0,1510.0,1440.0,1445.0,9146800
2024-12-11,1469.9990234375,1470.0,1510.0,1470.0,1510.0,5822000
2024-12-12,1444.9990234375,1445.0,1485.0,1435.0,1480.0,3689600
2024-12-13,1429.9990234375,1430.0,1465.0,1425.0,1445.0,1479900
2024-12-16,1399.9990234375,1400.0,1440.0,1395.0,1425.0,5372400
2024-12-17,1399.9990234375,1400.0,1410.0,1390.0,1400.0,5047300
2024-12-18,1369.9991455078125,1370.0,1425.0,1370.0,1400.0,3856000
2024-12-19,1334.9991455078125,1335.0,1350.0,1305.0,1350.0,5229500
2024-12-20,1319.9991455078125,1320.0,1340.0,1310.0,1330.0,1786200
2024-12-23,1349.9991455078125,1350.0,1365.0,1320.0,1320.0,3405000
2024-12-24,1409.9990234375,1410.0,1410.0,1355.0,1355.0,5642900
2024-12-27,1444.9990234375,1445.0,1445.0,1415.0,1415.0,2765300
2024-12-30,1494.9990234375,1495.0,1530.0,1430.0,1445.0,8128200
2025-01-02,1494.9990234375,1495.0,1505.0,1440.0,1500.0,5548300
2025-01-03,1424.9990234375,1425.0,1505.0,1420.0,1485.0,6483000
2025-01-06,1474.9990234375,1475.0,1495.0,1425.0,1425.0,3919700
2025-01-07,1424.9990234375,1425.0,1490.0,1420.0,1475.0,2973700
2025-01-08,1504.9990234375,1505.0,1505.0,1415.0,1425.0,15919800
2025-01-09,1604.9989013671875,1605.0,1630.0,1505.0,1505.0,49147400
2025-01-10,1739.9989013671875,1740.0,1770.0,1580.0,1610.0,64328600
2025-01-13,1694.9989013671875,1695.0,1785.0,1690.0,1760.0,41668400
2025-01-14,1719.9989013671875,1720.0,1735.0,1665.0,1695.0,24948100
2025-01-15,1674.9989013671875,1675.0,1745.0,1675.0,1720.0,13224400
2025-01-16,1749.9989013671875,1750.0,1785.0,1675.0,1680.0,35768400
2025-01-17,1679.9989013671875,1680.0,1765.0,1680.0,1765.0,15944600
2025-01-20,1639.9989013671875,1640.0,1710.0,1635.0,1685.0,15207700
2025-01-21,1669.9989013671875,1670.0,1670.0,1605.0,1640.0,17321900
2025-01-22,1714.9989013671875,1715.0,1775.0,1660.0,1670.0,46751600
2025-01-23,1639.9989013671875,1640.0,1750.0,1640.0,1750.0,18309700
2025-01-24,1629.9989013671875,1630.0,1645.0,1615.0,1640.0,10678600
2025-01-30,1659.9989013671875,1660.0,1690.0,1630.0,1640.0,12386500
2025-01-31,1674.9989013671875,1675.0,1715.0,1660.0,1660.0,10118400
2025-02-03,1624.9989013671875,1625.0,1670.0,1580.0,1670.0,12014700
2025-02-04,1609.9989013671875,1610.0,1650.0,1595.0,1650.0,8494700
2025-02-05,1599.9989013671875,1600.0,1645.0,1595.0,1610.0,7308000
2025-02-06,1589.9989013671875,1590.0,1630.0,1585.0,1610.0,14113700
2025-02-07,1569.9990234375,1570.0,1595.0,1515.0,1595.0,9741100
2025-02-10,1594.9989013671875,1595.0,1595.0,1510.0,1570.0,10617300
2025-02-11,1509.9990234375,1510.0,1615.0,1510.0,1605.0,7571800
2025-02-12,1509.9990234375,1510.0,1535.0,1500.0,1520.0,3868200
2025-02-13,1489.9990234375,1490.0,1520.0,1465.0,1510.0,6551200
2025-02-14,1509.9990234375,1510.0,1530.0,1470.0,1490.0,5761800
2025-02-17,1524.9990234375,1525.0,1535.0,1495.0,1505.0,4929500
2025-02-18,1624.9989013671875,1625.0,1650.0,1530.0,1540.0,24085300
2025-02-19,1659.9989013671875,1660.0,1710.0,1615.0,1630.0,25174100
2025-02-20,1644.9989013671875,1645.0,1700.0,1645.0,1665.0,11625900
2025-02-21,1569.9990234375,1570.0,1650.0,1565.0,1645.0,12111400
2025-02-24,1519.9990234375,1520.0,1570.0,1520.0,1565.0,7916300
2025-02-25,1439.9990234375,1440.0,1535.0,1440.0,1520.0,11692500
2025-02-26,1399.9990234375,1400.0,1485.0,1390.0,1440.0,8219800
2025-02-27,1419.9990234375,1420.0,1455.0,1395.0,1405.0,6424800
2025-02-28,1334.9991455078125,1335.0,1415.0,1335.0,1415.0,9252100
2025-03-03,1364.9991455078125,1365.0,1430.0,1335.0,1335.0,11514800
2025-03-04,1319.9991455078125,1320.0,1385.0,1305.0,1365.0,11168600
2025-03-05,1309.9991455078125,1310.0,1355.0,1300.0,1320.0,12111900
2025-03-06,1344.9991455078125,1345.0,1370.0,1325.0,1325.0,7990300
2025-03-07,1349.9991455078125,1350.0,1380.0,1335.0,1360.0,6845400
2025-03-10,1429.9990234375,1430.0,1450.0,1380.0,1380.0,18795600
2025-03-11,1384.9991455078125,1385.0,1455.0,1375.0,1410.0,8624300
2025-03-12,1404.9990234375,1405.0,1420.0,1390.0,1400.0,5034500
2025-03-13,1394.9991455078125,1395.0,1420.0,1390.0,1410.0,3598100
2025-03-14,1389.9991455078125,1390.0,1415.0,1355.0,1405.0,5270900
2025-03-17,1334.9991455078125,1335.0,1395.0,1300.0,1395.0,14575100
2025-03-18,1249.9991455078125,1250.0,1330.0,1230.0,1330.0,14049200
2025-03-19,1259.9991455078125,1260.0,1275.0,1230.0,1250.0,4036800
2025-03-20,1259.9991455078125,1260.0,1295.0,1255.0,1265.0,6720700
2025-03-21,1204.999267578125,1205.0,1270.0,1190.0,1260.0,6899500
2025-03-24,1179.999267578125,1180.0,1205.0,1145.0,1205.0,5181900
2025-03-25,1159.999267578125,1160.0,1195.0,1155.0,1190.0,5921500
2025-03-26,1184.999267578125,1185.0,1215.0,1155.0,1155.0,9938700
2025-03-27,1174.999267578125,1175.0,1205.0,1155.0,1180.0,10890300
2025-04-08,999.9993286132812,1000.0,1060.0,1000.0,1055.0,19031000
2025-04-09,904.9993896484375,905.0,1015.0,905.0,995.0,34164200
2025-04-10,1014.9993286132812,1015.0,1050.0,935.0,965.0,30673200
2025-04-11,1039.999267578125,1040.0,1095.0,985.0,1005.0,18222300
2025-04-14,1104.999267578125,1105.0,1120.0,1045.0,1045.0,12763100
2025-04-15,1119.999267578125,1120.0,1140.0,1085.0,1130.0,19605300
2025-04-16,1124.999267578125,1125.0,1195.0,1115.0,1165.0,24736200
2025-04-17,1149.999267578125,1150.0,1150.0,1115.0,1130.0,5320000
2025-04-21,1124.999267578125,1125.0,1165.0,1120.0,1150.0,4714200
2025-04-22,1404.9990234375,1405.0,1405.0,1130.0,1130.0,51606100
2025-04-23,1514.9990234375,1515.0,1665.0,1475.0,1625.0,96283200
2025-04-24,1439.9990234375,1440.0,1535.0,1435.0,1535.0,19516700
2025-04-25,1489.9990234375,1490.0,1590.0,1440.0,1440.0,37350800
2025-04-28,1504.9990234375,1505.0,1530.0,1475.0,1505.0,15533600
2025-04-29,1444.9990234375,1445.0,1550.0,1445.0,1550.0,16886700
2025-04-30,1444.9990234375,1445.0,1485.0,1445.0,1450.0,7576300
2025-05-02,1409.9990234375,1410.0,1440.0,1405.0,1425.0,16426000
2025-05-05,1479.9990234375,1480.0,1515.0,1405.0,1415.0,30996400
2025-05-06,1499.9990234375,1500.0,1525.0,1485.0,1485.0,25720600
2025-05-07,1539.9990234375,1540.0,1575.0,1505.0,1515.0,30777400
2025-05-08,1459.9990234375,1460.0,1565.0,1460.0,1550.0,18061700
2025-05-09,1414.9990234375,1415.0,1475.0,1410.0,1450.0,19692500
2025-05-14,1424.9990234375,1425.0,1460.0,1410.0,1420.0,14248000
2025-05-15,1464.9990234375,1465.0,1500.0,1425.0,1440.0,20213800
2025-05-16,1490.0,1490.0,1520.0,1465.0,1470.0,16676300
2025-05-19,1485.0,1485.0,1525.0,1485.0,1490.0,17883600
2025-05-20,1430.0,1430.0,1490.0,1425.0,1485.0,19064300
2025-05-21,1440.0,1440.0,1455.0,1420.0,1440.0,11791200
2025-05-22,1485.0,1485.0,1520.0,1440.0,1440.0,30282000
2025-05-23,1470.0,1470.0,1505.0,1455.0,1460.0,8771200
2025-05-26,1505.0,1505.0,1525.0,1475.0,1500.0,26678300
2025-05-27,1490.0,1490.0,1560.0,1475.0,1520.0,35660200
2025-05-28,1440.0,1440.0,1505.0,1440.0,1495.0,55400500
2025-06-02,1430.0,1430.0,1445.0,1410.0,1440.0,16125400
2025-06-03,1375.0,1375.0,1445.0,1365.0,1430.0,24989000
2025-06-04,1470.0,1470.0,1485.0,1375.0,1375.0,30129100
2025-06-05,1425.0,1425.0,1485.0,1415.0,1480.0,15155100
2025-06-10,1430.0,1430.0,1460.0,1415.0,1425.0,9059700
2025-06-11,1450.0,1450.0,1470.0,1420.0,1430.0,9000700
2025-06-12,1505.0,1505.0,1540.0,1455.0,1470.0,52169300
2025-06-13,1515.0,1515.0,1535.0,1485.0,1510.0,28273300
2025-06-16,1520.0,1520.0,1620.0,1520.0,1545.0,63309100
2025-06-17,1515.0,1515.0,1535.0,1495.0,1525.0,19594000
2025-06-18,1530.0,1530.0,1540.0,1490.0,1525.0,12716500
2025-06-19,1450.0,1450.0,1575.0,1430.0,1535.0,31985700
2025-06-20,1410.0,1410.0,1445.0,1400.0,1430.0,20531700
2025-06-23,1405.0,1405.0,1420.0,1355.0,1400.0,11857500
2025-06-24,1400.0,1400.0,1440.0,1400.0,1415.0,9447100
2025-06-25,1325.0,1325.0,1420.0,1320.0,1415.0,18163000
2025-06-26,1315.0,1315.0,1340.0,1305.0,1325.0,8371800
2025-06-30,1370.0,1370.0,1385.0,1315.0,1320.0,6596400
2025-07-01,1335.0,1335.0,1390.0,1330.0,1385.0,4762900
2025-07-02,1340.0,1340.0,1355.0,1320.0,1335.0,4116200
2025-07-03,1365.0,1365.0,1375.0,1345.0,1345.0,4035400
2025-07-04,1330.0,1330.0,1365.0,1320.0,1365.0,5206700
2025-07-07,1330.0,1330.0,1330.0,1315.0,1330.0,4549100
2025-07-08,1330.0,1330.0,1350.0,1320.0,1335.0,3742700
2025-07-09,1340.0,1340.0,1345.0,1315.0,1335.0,2492500
2025-07-10,1360.0,1360.0,1370.0,1340.0,1340.0,4650500
2025-07-11,1360.0,1360.0,1380.0,1350.0,1350.0,3972100
2025-07-14,1340.0,1340.0,1370.0,1330.0,1360.0,4612300
2025-07-15,1330.0,1330.0,1360.0,1325.0,1340.0,7244600
2025-07-16,1350.0,1350.0,1355.0,1330.0,1335.0,3762900
2025-07-17,1345.0,1345.0,1360.0,1335.0,1350.0,4316000
2025-07-18,1345.0,1345.0,1375.0,1340.0,1350.0,7855600
2025-07-21,1400.0,1400.0,1405.0,1340.0,1345.0,18137100
2025-07-22,1365.0,1365.0,1430.0,1355.0,1400.0,16506300
2025-07-23,1395.0,1395.0,1410.0,1370.0,1370.0,12119500
2025-07-24,1370.0,1370.0,1410.0,1360.0,1395.0,7257300
2025-07-25,1370.0,1370.0,1390.0,1345.0,1380.0,6294200
2025-07-28,1390.0,1390.0,1390.0,1365.0,1370.0,5162800
2025-07-29,1365.0,1365.0,1400.0,1360.0,1390.0,5490500
2025-07-30,1355.0,1355.0,1390.0,1350.0,1370.0,14342100
2025-07-31,1340.0,1340.0,1365.0,1325.0,1355.0,8434600
2025-08-01,1285.0,1285.0,1310.0,1280.0,1305.0,19149000
2025-08-04,1290.0,1290.0,1305.0,1285.0,1300.0,10214200
2025-08-05,1350.0,1350.0,1350.0,1305.0,1330.0,14333800
2025-08-06,1350.0,1350.0,1365.0,1340.0,1360.0,7829700
2025-08-07,1370.0,1370.0,1390.0,1345.0,1360.0,10753300
2025-08-08,1345.0,1345.0,1375.0,1335.0,1375.0,5093600
2025-08-11,1355.0,1355.0,1370.0,1325.0,1350.0,5576200
2025-08-12,1350.0,1350.0,1370.0,1340.0,1355.0,5363900
2025-08-13,1400.0,1400.0,1415.0,1350.0,1360.0,18792100
2025-08-14,1360.0,1360.0,1405.0,1355.0,1400.0,9233800
2025-08-15,1340.0,1340.0,1370.0,1335.0,1360.0,7745700
2025-08-19,1325.0,1325.0,1355.0,1325.0,1340.0,4804100
2025-08-20,1345.0,1345.0,1350.0,1325.0,1340.0,4834900
2025-08-21,1350.0,1350.0,1360.0,1335.0,1350.0,4920300
2025-08-22,1345.0,1345.0,1355.0,1330.0,1350.0,5428900
2025-08-25,1300.0,1300.0,1360.0,1290.0,1345.0,19898600
2025-08-26,1335.0,1335.0,1350.0,1300.0,1305.0,10199800
2025-08-27,1345.0,1345.0,1355.0,1330.0,1340.0,5317800
2025-08-28,1330.0,1330.0,1345.0,1325.0,1340.0,4111900
2025-08-29,1325.0,1325.0,1325.0,1280.0,1325.0,13512800
2025-09-01,1295.0,1295.0,1310.0,1250.0,1290.0,17585600
2025-09-02,1330.0,1330.0,1360.0,1295.0,1295.0,12126300
2025-09-03,1660.0,1660.0,1660.0,1330.0,1360.0,159406600
2025-09-04,1570.0,1570.0,1760.0,1560.0,1720.0,170877100
