Date,Adj Close_TSPC.JK,Close_TSPC.JK,High_TSPC.JK,Low_TSPC.JK,Open_TSPC.JK,Volume_TSPC.JK
2010-09-06,909.4911499023438,1600.0,1630.0,1550.0,1600.0,4125500
2010-09-07,915.1751708984375,1610.0,1640.0,1580.0,1610.0,2438000
2010-09-15,920.8594970703125,1620.0,1620.0,1530.0,1610.0,1786500
2010-09-16,983.386962890625,1730.0,1730.0,1620.0,1730.0,3216000
2010-09-17,972.0183715820312,1710.0,1780.0,1700.0,1710.0,793000
2010-09-20,960.6498413085938,1690.0,1740.0,1660.0,1690.0,1928500
2010-09-21,1011.8084716796875,1780.0,1820.0,1690.0,1780.0,5456500
2010-09-22,1000.4400634765625,1760.0,1840.0,1740.0,1760.0,2297500
2010-09-23,960.6498413085938,1690.0,1770.0,1680.0,1690.0,969500
2010-09-24,966.3340454101562,1700.0,1710.0,1650.0,1700.0,1750000
2010-09-27,972.0183715820312,1710.0,1730.0,1650.0,1710.0,1827000
2010-09-28,960.6498413085938,1690.0,1730.0,1680.0,1690.0,1628500
2010-09-29,943.5968627929688,1660.0,1700.0,1660.0,1660.0,452000
2010-09-30,954.9655151367188,1680.0,1680.0,1580.0,1680.0,1418500
2010-10-01,949.2811889648438,1670.0,1680.0,1650.0,1670.0,234500
2010-10-04,949.2811889648438,1670.0,1680.0,1640.0,1670.0,522000
2010-10-05,932.2282104492188,1640.0,1650.0,1610.0,1640.0,648500
2010-10-06,909.4911499023438,1600.0,1660.0,1600.0,1600.0,602000
2010-10-07,909.4911499023438,1600.0,1620.0,1580.0,1600.0,441000
2010-10-08,903.8065185546875,1590.0,1600.0,1590.0,1590.0,242500
2010-10-11,915.1751708984375,1610.0,1620.0,1600.0,1610.0,202500
2010-10-12,886.7537231445312,1560.0,1630.0,1560.0,1560.0,902500
2010-10-13,892.4380493164062,1570.0,1590.0,1560.0,1570.0,1150000
2010-10-14,898.122314453125,1580.0,1590.0,1560.0,1580.0,297500
2010-10-15,977.7026977539062,1720.0,1740.0,1590.0,1720.0,9401500
2010-10-18,960.6498413085938,1690.0,1770.0,1670.0,1690.0,4764500
2010-10-19,989.0711669921875,1740.0,1750.0,1680.0,1740.0,6894000
2010-10-20,977.7026977539062,1720.0,1720.0,1690.0,1720.0,1037500
2010-10-21,972.0183715820312,1710.0,1740.0,1700.0,1710.0,648500
2010-10-22,1017.4929809570312,1790.0,1820.0,1680.0,1790.0,17784000
2010-10-25,1017.4929809570312,1790.0,1830.0,1790.0,1790.0,3104500
2010-10-26,1006.1242065429688,1770.0,1790.0,1750.0,1770.0,680000
2010-10-27,989.0711669921875,1740.0,1770.0,1710.0,1740.0,1958500
2010-10-28,1006.1242065429688,1770.0,1780.0,1720.0,1770.0,679000
2010-10-29,1000.4400634765625,1760.0,1770.0,1740.0,1760.0,462500
2010-11-01,1006.1242065429688,1770.0,1790.0,1740.0,1770.0,923500
2010-11-02,1000.4400634765625,1760.0,1780.0,1750.0,1760.0,199000
2010-11-03,989.0711669921875,1740.0,1770.0,1740.0,1740.0,839500
2010-11-04,994.7555541992188,1750.0,1760.0,1740.0,1750.0,808500
2010-11-05,1069.9405517578125,1850.0,1900.0,1690.0,1850.0,15676500
2010-11-08,1069.9405517578125,1850.0,1890.0,1830.0,1850.0,3582500
2010-11-09,1052.5904541015625,1820.0,1860.0,1810.0,1820.0,713500
2010-11-10,1052.5904541015625,1820.0,1830.0,1780.0,1820.0,912500
2010-11-11,1023.6731567382812,1770.0,1810.0,1760.0,1770.0,1101000
2010-11-12,1006.3225708007812,1740.0,1770.0,1720.0,1740.0,1322500
2010-11-15,1000.5391235351562,1730.0,1740.0,1720.0,1730.0,208500
2010-11-16,1017.8895263671875,1760.0,1790.0,1720.0,1760.0,1537000
2010-11-18,1000.5391235351562,1730.0,1750.0,1720.0,1730.0,1057000
2010-11-19,988.9721069335938,1710.0,1750.0,1670.0,1710.0,2786500
2010-11-22,983.1884155273438,1700.0,1700.0,1680.0,1700.0,512000
2010-11-23,965.8382568359375,1670.0,1710.0,1650.0,1670.0,773000
2010-11-24,954.271484375,1650.0,1670.0,1630.0,1650.0,1186000
2010-11-25,954.271484375,1650.0,1690.0,1650.0,1650.0,1451500
2010-11-26,942.7044067382812,1630.0,1660.0,1620.0,1630.0,1072500
2010-11-29,931.1375122070312,1610.0,1620.0,1600.0,1610.0,216500
2010-11-30,948.4879150390625,1640.0,1680.0,1560.0,1640.0,2968000
2010-12-01,960.0547485351562,1660.0,1660.0,1620.0,1660.0,1457000
2010-12-02,965.8382568359375,1670.0,1680.0,1650.0,1670.0,557500
2010-12-03,965.8382568359375,1670.0,1700.0,1660.0,1670.0,812500
2010-12-06,988.9721069335938,1710.0,1740.0,1680.0,1710.0,1696500
2010-12-08,965.8382568359375,1670.0,1720.0,1670.0,1670.0,413500
2010-12-09,988.9721069335938,1710.0,1710.0,1670.0,1710.0,382500
2010-12-10,971.6218872070312,1680.0,1700.0,1660.0,1680.0,473000
2010-12-13,954.271484375,1650.0,1680.0,1650.0,1650.0,271500
2010-12-14,948.4879150390625,1640.0,1670.0,1620.0,1640.0,256500
2010-12-15,931.1375122070312,1610.0,1630.0,1590.0,1610.0,405500
2010-12-16,919.5704956054688,1590.0,1600.0,1520.0,1590.0,1980000
2010-12-17,942.7044067382812,1630.0,1630.0,1560.0,1630.0,2176500
2010-12-20,948.4879150390625,1640.0,1640.0,1580.0,1640.0,396000
2010-12-21,954.271484375,1650.0,1650.0,1630.0,1650.0,118500
2010-12-22,960.0547485351562,1660.0,1660.0,1580.0,1660.0,372500
2010-12-23,942.7044067382812,1630.0,1630.0,1600.0,1630.0,92500
2010-12-27,936.9208984375,1620.0,1620.0,1600.0,1620.0,62500
2010-12-28,936.9208984375,1620.0,1620.0,1610.0,1620.0,5000
2010-12-29,965.8382568359375,1670.0,1680.0,1640.0,1670.0,1306500
2010-12-30,988.9721069335938,1710.0,1710.0,1650.0,1710.0,2616000
2011-01-03,977.4052734375,1690.0,1710.0,1660.0,1690.0,71500
2011-01-04,965.8382568359375,1670.0,1710.0,1650.0,1670.0,273000
2011-01-05,954.271484375,1650.0,1670.0,1650.0,1650.0,119500
2011-01-06,948.4879150390625,1640.0,1660.0,1640.0,1640.0,45000
2011-01-07,931.1375122070312,1610.0,1630.0,1600.0,1610.0,166000
2011-01-10,896.4368286132812,1550.0,1610.0,1530.0,1550.0,142500
2011-01-11,896.4368286132812,1550.0,1560.0,1420.0,1550.0,2474500
2011-01-12,908.0038452148438,1570.0,1570.0,1480.0,1570.0,135000
2011-01-13,902.2201538085938,1560.0,1580.0,1560.0,1560.0,59500
2011-01-14,902.2201538085938,1560.0,1560.0,1530.0,1560.0,66000
2011-01-17,879.0862426757812,1520.0,1550.0,1520.0,1520.0,64500
2011-01-18,879.0862426757812,1520.0,1520.0,1510.0,1520.0,98000
2011-01-19,867.51953125,1500.0,1520.0,1500.0,1500.0,40000
2011-01-20,861.7360229492188,1490.0,1500.0,1450.0,1490.0,268000
2011-01-21,821.2517700195312,1420.0,1440.0,1420.0,1420.0,4891000
2011-01-24,838.6019287109375,1450.0,1450.0,1420.0,1450.0,6197000
2011-01-25,838.6019287109375,1450.0,1450.0,1430.0,1450.0,64000
2011-01-26,850.1689453125,1470.0,1470.0,1430.0,1470.0,156500
2011-01-27,867.51953125,1500.0,1500.0,1470.0,1500.0,292500
2011-01-28,873.3031616210938,1510.0,1510.0,1460.0,1510.0,39000
2011-01-31,861.7360229492188,1490.0,1510.0,1450.0,1490.0,17000
2011-02-01,867.51953125,1500.0,1500.0,1450.0,1500.0,30500
2011-02-02,867.51953125,1500.0,1500.0,1480.0,1500.0,23500
2011-02-04,861.7360229492188,1490.0,1490.0,1450.0,1490.0,16500
2011-02-07,861.7360229492188,1490.0,1490.0,1490.0,1490.0,16500
2011-02-08,861.7360229492188,1490.0,1490.0,1490.0,1490.0,2000
2011-02-09,855.9526977539062,1480.0,1480.0,1430.0,1480.0,50500
2011-02-10,855.9526977539062,1480.0,1480.0,1430.0,1480.0,20500
2011-02-11,855.9526977539062,1480.0,1480.0,1440.0,1480.0,57500
2011-02-14,855.9526977539062,1480.0,1480.0,1450.0,1480.0,9000
2011-02-16,844.3856811523438,1460.0,1460.0,1440.0,1460.0,50500
2011-02-17,838.6019287109375,1450.0,1450.0,1450.0,1450.0,24500
2011-02-18,867.51953125,1500.0,1500.0,1430.0,1500.0,73000
2011-02-21,855.9526977539062,1480.0,1500.0,1480.0,1480.0,11500
2011-02-22,844.3856811523438,1460.0,1460.0,1430.0,1460.0,40000
2011-02-23,867.51953125,1500.0,1500.0,1470.0,1500.0,90500
2011-02-24,867.51953125,1500.0,1500.0,1460.0,1500.0,47500
2011-02-25,867.51953125,1500.0,1500.0,1490.0,1500.0,25500
2011-02-28,867.51953125,1500.0,1500.0,1460.0,1500.0,89500
2011-03-01,867.51953125,1500.0,1500.0,1490.0,1500.0,10500
2011-03-02,867.51953125,1500.0,1500.0,1460.0,1500.0,85000
2011-03-03,855.9526977539062,1480.0,1490.0,1480.0,1480.0,293000
2011-03-04,861.7360229492188,1490.0,1490.0,1460.0,1490.0,257000
2011-03-07,861.7360229492188,1490.0,1490.0,1460.0,1490.0,45500
2011-03-08,855.9526977539062,1480.0,1480.0,1450.0,1480.0,194500
2011-03-09,867.51953125,1500.0,1500.0,1470.0,1500.0,414000
2011-03-10,925.3541259765625,1600.0,1620.0,1490.0,1600.0,7314500
2011-03-11,908.0038452148438,1570.0,1590.0,1550.0,1570.0,8743000
2011-03-14,902.2201538085938,1560.0,1590.0,1560.0,1560.0,133000
2011-03-15,902.2201538085938,1560.0,1590.0,1530.0,1560.0,106000
2011-03-16,965.8382568359375,1670.0,1670.0,1560.0,1670.0,1493000
2011-03-17,954.271484375,1650.0,1660.0,1620.0,1650.0,157000
2011-03-18,948.4879150390625,1640.0,1660.0,1640.0,1640.0,222000
2011-03-21,948.4879150390625,1640.0,1640.0,1610.0,1640.0,91500
2011-03-22,977.4052734375,1690.0,1700.0,1640.0,1690.0,850500
2011-03-23,977.4052734375,1690.0,1690.0,1690.0,1690.0,0
2011-03-24,977.4052734375,1690.0,1690.0,1650.0,1690.0,475000
2011-03-25,965.8382568359375,1670.0,1710.0,1670.0,1670.0,344500
2011-03-28,965.8382568359375,1670.0,1670.0,1650.0,1670.0,52500
2011-03-29,960.0547485351562,1660.0,1670.0,1630.0,1660.0,17500
2011-03-30,994.7555541992188,1720.0,1720.0,1660.0,1720.0,674000
2011-03-31,1012.10595703125,1750.0,1750.0,1700.0,1750.0,1459000
2011-04-01,1012.10595703125,1750.0,1780.0,1720.0,1750.0,626000
2011-04-04,1017.8895263671875,1760.0,1770.0,1720.0,1760.0,620000
2011-04-05,1006.3225708007812,1740.0,1750.0,1730.0,1740.0,54500
2011-04-06,1012.10595703125,1750.0,1750.0,1700.0,1750.0,195500
2011-04-07,1012.10595703125,1750.0,1750.0,1720.0,1750.0,73500
2011-04-08,1017.8895263671875,1760.0,1760.0,1720.0,1760.0,123500
2011-04-11,1012.10595703125,1750.0,1750.0,1720.0,1750.0,71000
2011-04-12,1006.3225708007812,1740.0,1740.0,1710.0,1740.0,81000
2011-04-13,1012.10595703125,1750.0,1750.0,1720.0,1750.0,136000
2011-04-14,983.1884155273438,1700.0,1750.0,1700.0,1700.0,220000
2011-04-15,1006.3225708007812,1740.0,1740.0,1700.0,1740.0,84000
2011-04-18,983.1884155273438,1700.0,1710.0,1680.0,1700.0,120000
2011-04-19,983.1884155273438,1700.0,1700.0,1690.0,1700.0,44000
2011-04-20,983.1884155273438,1700.0,1700.0,1690.0,1700.0,30500
2011-04-21,988.9721069335938,1710.0,1710.0,1670.0,1710.0,213500
2011-04-25,983.1884155273438,1700.0,1710.0,1690.0,1700.0,30500
2011-04-26,977.4052734375,1690.0,1690.0,1650.0,1690.0,122500
2011-04-27,983.1884155273438,1700.0,1700.0,1670.0,1700.0,320500
2011-04-28,1052.5904541015625,1820.0,1830.0,1710.0,1820.0,3509000
2011-04-29,1064.1572265625,1840.0,1880.0,1830.0,1840.0,2625500
2011-05-02,1075.72412109375,1860.0,1870.0,1840.0,1860.0,660000
2011-05-03,1171.1512451171875,2025.0,2125.0,1850.0,2025.0,9201500
2011-05-04,1228.986083984375,2125.0,2200.0,2025.0,2125.0,4703500
2011-05-05,1185.6099853515625,2050.0,2150.0,2000.0,2050.0,2571000
2011-05-06,1200.068359375,2075.0,2075.0,1990.0,2075.0,1242500
2011-05-09,1185.6099853515625,2050.0,2075.0,2000.0,2050.0,899500
2011-05-10,1185.6099853515625,2050.0,2075.0,2025.0,2050.0,750500
2011-05-11,1214.5272216796875,2100.0,2125.0,2000.0,2100.0,1682500
2011-05-12,1272.3616943359375,2200.0,2200.0,2025.0,2200.0,3039000
2011-05-13,1286.820556640625,2225.0,2225.0,2125.0,2225.0,1695500
2011-05-16,1272.3616943359375,2200.0,2225.0,2150.0,2200.0,485500
2011-05-18,1272.3616943359375,2200.0,2200.0,2175.0,2200.0,514000
2011-05-19,1272.3616943359375,2200.0,2200.0,2150.0,2200.0,580500
2011-05-20,1272.3616943359375,2200.0,2200.0,2175.0,2200.0,363000
2011-05-23,1243.444580078125,2150.0,2175.0,2075.0,2150.0,1104500
2011-05-24,1228.986083984375,2125.0,2175.0,2075.0,2125.0,159000
2011-05-25,1200.068359375,2075.0,2150.0,2075.0,2075.0,9000
2011-05-26,1272.3616943359375,2200.0,2200.0,2100.0,2200.0,2172000
2011-05-27,1243.444580078125,2150.0,2200.0,2150.0,2150.0,158000
2011-05-30,1243.444580078125,2150.0,2200.0,2100.0,2150.0,166500
2011-05-31,1286.820556640625,2225.0,2225.0,2125.0,2225.0,1222500
2011-06-01,1257.9033203125,2175.0,2225.0,2150.0,2175.0,722000
2011-06-03,1214.5272216796875,2100.0,2175.0,2050.0,2100.0,228000
2011-06-06,1214.5272216796875,2100.0,2100.0,2000.0,2100.0,564500
2011-06-07,1228.986083984375,2125.0,2125.0,2050.0,2125.0,212000
2011-06-08,1214.5272216796875,2100.0,2175.0,2100.0,2100.0,434500
2011-06-09,1200.068359375,2075.0,2175.0,2075.0,2075.0,370500
2011-06-10,1214.5272216796875,2100.0,2150.0,2075.0,2100.0,88500
2011-06-13,1228.986083984375,2125.0,2150.0,2125.0,2125.0,144000
2011-06-14,1243.444580078125,2150.0,2175.0,2100.0,2150.0,239000
2011-06-15,1228.986083984375,2125.0,2175.0,2100.0,2125.0,160000
2011-06-16,1228.986083984375,2125.0,2150.0,2025.0,2125.0,367500
2011-06-17,1243.444580078125,2150.0,2175.0,2100.0,2150.0,398000
2011-06-20,1228.986083984375,2125.0,2125.0,2050.0,2125.0,937500
2011-06-21,1257.9033203125,2175.0,2175.0,2125.0,2175.0,280500
2011-06-22,1243.444580078125,2150.0,2175.0,2150.0,2150.0,36500
2011-06-23,1228.986083984375,2125.0,2125.0,2075.0,2125.0,1297000
2011-06-24,1243.444580078125,2150.0,2150.0,2100.0,2150.0,119500
2011-06-27,1243.444580078125,2150.0,2150.0,2100.0,2150.0,221000
2011-06-28,1228.986083984375,2125.0,2150.0,2100.0,2125.0,250500
2011-06-30,1257.9033203125,2175.0,2200.0,2100.0,2175.0,171000
2011-07-01,1257.9033203125,2175.0,2175.0,2100.0,2175.0,37500
2011-07-04,1257.9033203125,2175.0,2175.0,2175.0,2175.0,0
2011-07-05,1416.948486328125,2450.0,2475.0,2200.0,2450.0,6069000
2011-07-06,1388.03125,2400.0,2500.0,2350.0,2400.0,1126000
2011-07-07,1388.03125,2400.0,2450.0,2375.0,2400.0,405000
2011-07-08,1416.948486328125,2450.0,2450.0,2375.0,2450.0,294000
2011-07-11,1402.4896240234375,2425.0,2425.0,2350.0,2425.0,761000
2011-07-12,1388.03125,2400.0,2400.0,2350.0,2400.0,210500
2011-07-13,1402.4896240234375,2425.0,2425.0,2375.0,2425.0,61000
2011-07-14,1388.03125,2400.0,2500.0,2375.0,2400.0,1316000
2011-07-15,1460.32421875,2525.0,2550.0,2400.0,2525.0,2491500
2011-07-18,1503.7005615234375,2600.0,2600.0,2475.0,2600.0,913500
2011-07-19,1518.1591796875,2625.0,2625.0,2525.0,2625.0,395500
2011-07-20,1503.7005615234375,2600.0,2625.0,2575.0,2600.0,310500
2011-07-21,1561.534912109375,2700.0,2700.0,2525.0,2700.0,716500
2011-07-22,1561.534912109375,2700.0,2700.0,2650.0,2700.0,176500
2011-07-25,1547.0762939453125,2675.0,2700.0,2625.0,2675.0,116000
2011-07-26,1532.617431640625,2650.0,2650.0,2625.0,2650.0,32000
2011-07-27,1532.617431640625,2650.0,2650.0,2600.0,2650.0,66500
2011-07-28,1561.534912109375,2700.0,2700.0,2600.0,2700.0,794000
2011-07-29,1590.452392578125,2750.0,2775.0,2625.0,2750.0,549500
2011-08-01,1633.8282470703125,2825.0,2850.0,2750.0,2825.0,417000
2011-08-02,1590.452392578125,2750.0,2775.0,2700.0,2750.0,293500
2011-08-03,1604.9107666015625,2775.0,2800.0,2675.0,2775.0,775500
2011-08-04,1628.383056640625,2775.0,2775.0,2650.0,2775.0,124000
2011-08-05,1760.414306640625,3000.0,3125.0,2525.0,3000.0,7059500
2011-08-08,1760.414306640625,3000.0,3000.0,2700.0,3000.0,1104500
2011-08-09,1701.7335205078125,2900.0,3000.0,2700.0,2900.0,585500
2011-08-10,1701.7335205078125,2900.0,3000.0,2800.0,2900.0,466500
2011-08-11,1672.3934326171875,2850.0,2875.0,2725.0,2850.0,371500
2011-08-12,1687.063720703125,2875.0,2875.0,2775.0,2875.0,160000
2011-08-15,1716.404296875,2925.0,2925.0,2875.0,2925.0,349500
2011-08-16,1760.414306640625,3000.0,3000.0,2825.0,3000.0,227500
2011-08-18,1789.75439453125,3050.0,3150.0,2975.0,3050.0,1358500
2011-08-19,1760.414306640625,3000.0,3050.0,2925.0,3000.0,191500
2011-08-22,1760.414306640625,3000.0,3000.0,2875.0,3000.0,380500
2011-08-23,1789.75439453125,3050.0,3050.0,2950.0,3050.0,210000
2011-08-24,1760.414306640625,3000.0,3075.0,2975.0,3000.0,136500
2011-08-25,1760.414306640625,3000.0,3000.0,2900.0,3000.0,196500
2011-08-26,1789.75439453125,3050.0,3050.0,2900.0,3050.0,469500
2011-09-05,1775.08447265625,3025.0,3075.0,2950.0,3025.0,97500
2011-09-06,1789.75439453125,3050.0,3050.0,2975.0,3050.0,115500
2011-09-07,1775.08447265625,3025.0,3100.0,3025.0,3025.0,321000
2011-09-08,1804.4246826171875,3075.0,3075.0,3025.0,3075.0,274500
2011-09-09,1804.4246826171875,3075.0,3075.0,3000.0,3075.0,67500
2011-09-12,1775.08447265625,3025.0,3025.0,3000.0,3025.0,48000
2011-09-13,1760.414306640625,3000.0,3025.0,3000.0,3000.0,22500
2011-09-14,1731.0743408203125,2950.0,2975.0,2950.0,2950.0,11000
2011-09-15,1745.7445068359375,2975.0,3025.0,2675.0,2975.0,468500
2011-09-16,1745.7445068359375,2975.0,2975.0,2950.0,2975.0,8500
2011-09-19,1745.7445068359375,2975.0,2975.0,2900.0,2975.0,171000
2011-09-20,1731.0743408203125,2950.0,2950.0,2850.0,2950.0,196000
2011-09-21,1731.0743408203125,2950.0,2950.0,2850.0,2950.0,39000
2011-09-22,1628.383056640625,2775.0,2850.0,2700.0,2775.0,158000
2011-09-23,1643.0537109375,2800.0,2800.0,2600.0,2800.0,91500
2011-09-26,1599.04296875,2725.0,2750.0,2500.0,2725.0,64000
2011-09-27,1716.404296875,2925.0,2925.0,2725.0,2925.0,235000
2011-09-28,1701.7335205078125,2900.0,2925.0,2825.0,2900.0,146500
2011-09-29,1716.404296875,2925.0,2925.0,2800.0,2925.0,104000
2011-09-30,1716.404296875,2925.0,2925.0,2925.0,2925.0,104000
2011-10-03,1584.3724365234375,2700.0,2725.0,2575.0,2700.0,202500
2011-10-04,1555.032470703125,2650.0,2700.0,2575.0,2650.0,22000
2011-10-05,1599.04296875,2725.0,2725.0,2525.0,2725.0,35500
2011-10-06,1525.6925048828125,2600.0,2775.0,2600.0,2600.0,285000
2011-10-07,1555.032470703125,2650.0,2650.0,2500.0,2650.0,115500
2011-10-10,1496.3521728515625,2550.0,2600.0,2500.0,2550.0,42500
2011-10-11,1496.3521728515625,2550.0,2550.0,2500.0,2550.0,318500
2011-10-12,1481.681640625,2525.0,2525.0,2525.0,2525.0,99500
2011-10-13,1481.681640625,2525.0,2550.0,2500.0,2525.0,232500
2011-10-14,1481.681640625,2525.0,2525.0,2450.0,2525.0,36500
2011-10-17,1467.01220703125,2500.0,2525.0,2450.0,2500.0,94500
2011-10-18,1393.6610107421875,2375.0,2475.0,2375.0,2375.0,144500
2011-10-19,1408.3314208984375,2400.0,2425.0,2375.0,2400.0,116000
2011-10-20,1393.6610107421875,2375.0,2400.0,2200.0,2375.0,359500
2011-10-21,1408.3314208984375,2400.0,2400.0,2325.0,2400.0,204500
2011-10-24,1408.3314208984375,2400.0,2600.0,2400.0,2400.0,427000
2011-10-25,1393.6610107421875,2375.0,2450.0,2325.0,2375.0,1614000
2011-10-26,1408.3314208984375,2400.0,2400.0,2350.0,2400.0,102000
2011-10-27,1423.0015869140625,2425.0,2450.0,2400.0,2425.0,158000
2011-10-28,1437.671630859375,2450.0,2500.0,2400.0,2450.0,400000
2011-10-31,1437.671630859375,2450.0,2450.0,2400.0,2450.0,327000
2011-11-01,1408.3314208984375,2400.0,2450.0,2375.0,2400.0,60500
2011-11-02,1408.3314208984375,2400.0,2400.0,2375.0,2400.0,53000
2011-11-03,1408.3314208984375,2400.0,2400.0,2325.0,2400.0,76000
2011-11-04,1393.6610107421875,2375.0,2450.0,2375.0,2375.0,101000
2011-11-07,1423.0015869140625,2425.0,2425.0,2350.0,2425.0,211000
2011-11-08,1408.3314208984375,2400.0,2400.0,2400.0,2400.0,39500
2011-11-09,1408.3314208984375,2400.0,2425.0,2375.0,2400.0,102500
2011-11-10,1408.3314208984375,2400.0,2400.0,2375.0,2400.0,105500
2011-11-11,1393.6610107421875,2375.0,2400.0,2300.0,2375.0,36500
2011-11-14,1408.3314208984375,2400.0,2400.0,2325.0,2400.0,54500
2011-11-15,1408.3314208984375,2400.0,2400.0,2375.0,2400.0,12000
2011-11-16,1408.3314208984375,2400.0,2400.0,2300.0,2400.0,115500
2011-11-17,1408.3314208984375,2400.0,2400.0,2325.0,2400.0,60500
2011-11-18,1378.9912109375,2350.0,2350.0,2300.0,2350.0,182000
2011-11-21,1364.3209228515625,2325.0,2325.0,2250.0,2325.0,72000
2011-11-22,1393.6610107421875,2375.0,2375.0,2275.0,2375.0,221500
2011-11-23,1393.6610107421875,2375.0,2375.0,2300.0,2375.0,32000
2011-11-24,1393.6610107421875,2375.0,2375.0,2300.0,2375.0,390000
2011-11-25,1393.6610107421875,2375.0,2375.0,2300.0,2375.0,39500
2011-11-28,1423.0015869140625,2425.0,2425.0,2300.0,2425.0,511500
2011-11-29,1408.3314208984375,2400.0,2425.0,2400.0,2400.0,230000
2011-11-30,1437.671630859375,2450.0,2450.0,2375.0,2450.0,393000
2011-12-01,1437.671630859375,2450.0,2450.0,2450.0,2450.0,0
2011-12-02,1452.341796875,2475.0,2475.0,2400.0,2475.0,232000
2011-12-05,1437.671630859375,2450.0,2450.0,2400.0,2450.0,334000
2011-12-06,1423.0015869140625,2425.0,2425.0,2375.0,2425.0,74500
2011-12-07,1423.0015869140625,2425.0,2425.0,2350.0,2425.0,460500
2011-12-08,1437.671630859375,2450.0,2450.0,2375.0,2450.0,160000
2011-12-09,1452.341796875,2475.0,2475.0,2425.0,2475.0,247500
2011-12-12,1452.341796875,2475.0,2475.0,2425.0,2475.0,168000
2011-12-13,1452.341796875,2475.0,2475.0,2425.0,2475.0,64000
2011-12-14,1437.671630859375,2450.0,2475.0,2450.0,2450.0,442000
2011-12-15,1423.0015869140625,2425.0,2425.0,2400.0,2425.0,53000
2011-12-16,1452.341796875,2475.0,2475.0,2350.0,2475.0,229000
2011-12-19,1423.0015869140625,2425.0,2450.0,2400.0,2425.0,279000
2011-12-20,1393.6610107421875,2375.0,2375.0,2350.0,2375.0,241500
2011-12-21,1408.3314208984375,2400.0,2400.0,2350.0,2400.0,84500
2011-12-22,1393.6610107421875,2375.0,2375.0,2300.0,2375.0,312000
2011-12-23,1423.0015869140625,2425.0,2425.0,2375.0,2425.0,87500
2011-12-27,1437.671630859375,2450.0,2450.0,2375.0,2450.0,96000
2011-12-28,1452.341796875,2475.0,2475.0,2400.0,2475.0,106500
2011-12-29,1481.681640625,2525.0,2525.0,2425.0,2525.0,622000
2011-12-30,1496.3521728515625,2550.0,2550.0,2475.0,2550.0,821000
2012-01-02,1496.3521728515625,2550.0,2550.0,2525.0,2550.0,63000
2012-01-03,1481.681640625,2525.0,2525.0,2500.0,2525.0,32000
2012-01-04,1496.3521728515625,2550.0,2550.0,2500.0,2550.0,93500
2012-01-05,1481.681640625,2525.0,2525.0,2525.0,2525.0,500
2012-01-06,1481.681640625,2525.0,2525.0,2475.0,2525.0,60500
2012-01-09,1467.01220703125,2500.0,2500.0,2425.0,2500.0,27000
2012-01-10,1467.01220703125,2500.0,2500.0,2475.0,2500.0,33000
2012-01-11,1467.01220703125,2500.0,2500.0,2425.0,2500.0,52500
2012-01-12,1467.01220703125,2500.0,2500.0,2450.0,2500.0,45000
2012-01-13,1452.341796875,2475.0,2475.0,2425.0,2475.0,3
2012-01-16,1452.341796875,2475.0,2475.0,2400.0,2475.0,105000
2012-01-17,1437.671630859375,2450.0,2450.0,2400.0,2450.0,32500
2012-01-18,1467.01220703125,2500.0,2500.0,2425.0,2500.0,120500
2012-01-19,1467.01220703125,2500.0,2500.0,2425.0,2500.0,102500
2012-01-20,1452.341796875,2475.0,2500.0,2425.0,2475.0,73000
2012-01-24,1437.671630859375,2450.0,2450.0,2425.0,2450.0,9500
2012-01-25,1496.3521728515625,2550.0,2550.0,2400.0,2550.0,584000
2012-01-26,1467.01220703125,2500.0,2525.0,2500.0,2500.0,7500
2012-01-27,1467.01220703125,2500.0,2500.0,2500.0,2500.0,3000
2012-01-30,1452.341796875,2475.0,2475.0,2425.0,2475.0,39000
2012-01-31,1496.3521728515625,2550.0,2550.0,2425.0,2550.0,301000
2012-02-01,1437.671630859375,2450.0,2525.0,2450.0,2450.0,3000
2012-02-02,1496.3521728515625,2550.0,2550.0,2450.0,2550.0,39500
2012-02-03,1496.3521728515625,2550.0,2550.0,2550.0,2550.0,39500
2012-02-06,1525.6925048828125,2600.0,2600.0,2525.0,2600.0,200000
2012-02-07,1511.022216796875,2575.0,2575.0,2525.0,2575.0,52000
2012-02-08,1511.022216796875,2575.0,2575.0,2525.0,2575.0,88000
2012-02-09,1511.022216796875,2575.0,2575.0,2575.0,2575.0,88000
2012-02-10,1511.022216796875,2575.0,2575.0,2450.0,2575.0,136000
2012-02-13,1511.022216796875,2575.0,2575.0,2500.0,2575.0,30000
2012-02-14,1511.022216796875,2575.0,2575.0,2525.0,2575.0,45000
2012-02-15,1467.01220703125,2500.0,2525.0,2500.0,2500.0,38000
2012-02-16,1467.01220703125,2500.0,2500.0,2450.0,2500.0,46500
2012-02-17,1423.0015869140625,2425.0,2500.0,2425.0,2425.0,213000
2012-02-20,1423.0015869140625,2425.0,2425.0,2400.0,2425.0,153000
2012-02-21,1423.0015869140625,2425.0,2425.0,2400.0,2425.0,60000
2012-02-22,1423.0015869140625,2425.0,2425.0,2375.0,2425.0,131000
2012-02-23,1408.3314208984375,2400.0,2400.0,2375.0,2400.0,77000
2012-02-24,1393.6610107421875,2375.0,2400.0,2350.0,2375.0,195500
2012-02-27,1378.9912109375,2350.0,2350.0,2300.0,2350.0,261500
2012-02-28,1423.0015869140625,2425.0,2425.0,2325.0,2425.0,184000
2012-02-29,1423.0015869140625,2425.0,2425.0,2350.0,2425.0,187500
2012-03-01,1378.9912109375,2350.0,2350.0,2350.0,2350.0,500
2012-03-02,1393.6610107421875,2375.0,2375.0,2350.0,2375.0,81500
2012-03-05,1364.3209228515625,2325.0,2350.0,2300.0,2325.0,202000
2012-03-06,1408.3314208984375,2400.0,2400.0,2350.0,2400.0,50500
2012-03-07,1393.6610107421875,2375.0,2375.0,2350.0,2375.0,221000
2012-03-08,1393.6610107421875,2375.0,2425.0,2375.0,2375.0,372000
2012-03-09,1393.6610107421875,2375.0,2375.0,2350.0,2375.0,2
2012-03-12,1408.3314208984375,2400.0,2400.0,2400.0,2400.0,88000
2012-03-13,1408.3314208984375,2400.0,2400.0,2375.0,2400.0,404000
2012-03-14,1452.341796875,2475.0,2550.0,2375.0,2475.0,1549500
2012-03-15,1481.681640625,2525.0,2550.0,2500.0,2525.0,1121500
2012-03-16,1496.3521728515625,2550.0,2550.0,2550.0,2550.0,151500
2012-03-19,1496.3521728515625,2550.0,2575.0,2550.0,2550.0,313000
2012-03-20,1525.6925048828125,2600.0,2600.0,2550.0,2600.0,87500
2012-03-21,1511.022216796875,2575.0,2575.0,2575.0,2575.0,51500
2012-03-22,1511.022216796875,2575.0,2575.0,2575.0,2575.0,177500
2012-03-26,1511.022216796875,2575.0,2600.0,2575.0,2575.0,356500
2012-03-27,1511.022216796875,2575.0,2575.0,2550.0,2575.0,874500
2012-03-28,1511.022216796875,2575.0,2600.0,2575.0,2575.0,299500
2012-03-29,1569.70263671875,2675.0,2700.0,2600.0,2675.0,1281500
2012-03-30,1584.3724365234375,2700.0,2700.0,2650.0,2700.0,587000
2012-04-02,1540.3624267578125,2625.0,2675.0,2625.0,2625.0,182500
2012-04-03,1540.3624267578125,2625.0,2625.0,2625.0,2625.0,0
2012-04-04,1525.6925048828125,2600.0,2600.0,2550.0,2600.0,59000
2012-04-05,1496.3521728515625,2550.0,2575.0,2550.0,2550.0,11000
2012-04-09,1511.022216796875,2575.0,2575.0,2500.0,2575.0,58000
2012-04-10,1511.022216796875,2575.0,2575.0,2525.0,2575.0,169500
2012-04-11,1511.022216796875,2575.0,2575.0,2575.0,2575.0,169500
2012-04-12,1555.032470703125,2650.0,2650.0,2550.0,2650.0,542500
2012-04-13,1555.032470703125,2650.0,2675.0,2650.0,2650.0,266000
2012-04-16,1569.70263671875,2675.0,2675.0,2625.0,2675.0,112500
2012-04-17,1584.3724365234375,2700.0,2700.0,2650.0,2700.0,158500
2012-04-18,1569.70263671875,2675.0,2700.0,2675.0,2675.0,95000
2012-04-19,1540.3624267578125,2625.0,2675.0,2625.0,2625.0,546000
2012-04-20,1584.3724365234375,2700.0,2700.0,2625.0,2700.0,120500
2012-04-23,1584.3724365234375,2700.0,2725.0,2675.0,2700.0,592000
2012-04-24,1584.3724365234375,2700.0,2700.0,2700.0,2700.0,354500
2012-04-25,1584.3724365234375,2700.0,2700.0,2675.0,2700.0,241500
2012-04-26,1584.3724365234375,2700.0,2725.0,2700.0,2700.0,35500
2012-04-27,1584.3724365234375,2700.0,2700.0,2700.0,2700.0,72000
2012-04-30,1599.04296875,2725.0,2750.0,2700.0,2725.0,1199000
2012-05-01,1613.7132568359375,2750.0,2750.0,2725.0,2750.0,78500
2012-05-02,1613.7132568359375,2750.0,2750.0,2725.0,2750.0,3
2012-05-03,1584.3724365234375,2700.0,2700.0,2700.0,2700.0,20000
2012-05-04,1569.70263671875,2675.0,2700.0,2675.0,2675.0,204500
2012-05-07,1540.3624267578125,2625.0,2650.0,2625.0,2625.0,633500
2012-05-08,1628.383056640625,2775.0,2875.0,2625.0,2775.0,2940500
2012-05-09,1701.7335205078125,2900.0,2950.0,2750.0,2900.0,3707000
2012-05-10,1701.7335205078125,2900.0,2950.0,2875.0,2900.0,229500
2012-05-11,1716.404296875,2925.0,2925.0,2700.0,2925.0,24923000
2012-05-14,1731.0743408203125,2950.0,2975.0,2850.0,2950.0,10254000
2012-05-15,1775.08447265625,3025.0,3125.0,2900.0,3025.0,5769000
2012-05-16,1731.0743408203125,2950.0,3025.0,2900.0,2950.0,5920000
2012-05-21,1701.7335205078125,2900.0,2950.0,2850.0,2900.0,5143000
2012-05-22,1701.7335205078125,2900.0,2925.0,2875.0,2900.0,1771000
2012-05-23,1687.063720703125,2875.0,2900.0,2800.0,2875.0,2489000
2012-05-24,1687.063720703125,2875.0,2900.0,2825.0,2875.0,56500
2012-05-25,1643.0537109375,2800.0,2825.0,2750.0,2800.0,1028000
2012-05-28,1672.3934326171875,2850.0,2875.0,2775.0,2850.0,527000
2012-05-29,1687.063720703125,2875.0,2875.0,2825.0,2875.0,2222000
2012-05-30,1687.063720703125,2875.0,2900.0,2850.0,2875.0,1008500
2012-05-31,1687.063720703125,2875.0,2900.0,2750.0,2875.0,2917000
2012-06-01,1701.7335205078125,2900.0,2900.0,2800.0,2900.0,151000
2012-06-04,1613.7132568359375,2750.0,2825.0,2750.0,2750.0,1325000
2012-06-05,1599.04296875,2725.0,2775.0,2725.0,2725.0,404500
2012-06-06,1584.3724365234375,2700.0,2725.0,2700.0,2700.0,112500
2012-06-07,1643.0537109375,2800.0,2850.0,2725.0,2800.0,3526500
2012-06-08,1599.04296875,2725.0,2800.0,2725.0,2725.0,525000
2012-06-11,1599.04296875,2725.0,2775.0,2700.0,2725.0,2749500
2012-06-12,1599.04296875,2725.0,2750.0,2725.0,2725.0,121000
2012-06-13,1599.04296875,2725.0,2725.0,2650.0,2725.0,1181500
2012-06-14,1628.383056640625,2775.0,2775.0,2650.0,2775.0,108500
2012-06-15,1643.0537109375,2800.0,2800.0,2700.0,2800.0,161500
2012-06-18,1643.0537109375,2800.0,2800.0,2750.0,2800.0,1397000
2012-06-19,1628.383056640625,2775.0,2825.0,2775.0,2775.0,11438000
2012-06-20,1657.7235107421875,2825.0,2825.0,2800.0,2825.0,306000
2012-06-21,1657.7235107421875,2825.0,2825.0,2800.0,2825.0,2556000
2012-06-22,1657.7235107421875,2825.0,2825.0,2800.0,2825.0,843500
2012-06-25,1643.0537109375,2800.0,2825.0,2800.0,2825.0,2279500
2012-06-26,1657.7235107421875,2825.0,2825.0,2800.0,2800.0,350000
2012-06-27,1672.3934326171875,2850.0,2875.0,2825.0,2825.0,6642500
2012-06-28,1657.7235107421875,2825.0,2850.0,2800.0,2850.0,106500
2012-06-29,1672.3934326171875,2850.0,2850.0,2800.0,2825.0,2413000
2012-07-02,1687.063720703125,2875.0,2900.0,2850.0,2875.0,413000
2012-07-03,1687.063720703125,2875.0,2875.0,2850.0,2875.0,73000
2012-07-04,1687.063720703125,2875.0,2900.0,2850.0,2875.0,402500
2012-07-05,1687.063720703125,2875.0,2900.0,2875.0,2875.0,586500
2012-07-06,1687.063720703125,2875.0,2875.0,2850.0,2875.0,412500
2012-07-09,1672.3934326171875,2850.0,2850.0,2850.0,2850.0,3209000
2012-07-10,1643.0537109375,2800.0,2850.0,2800.0,2800.0,3557500
2012-07-11,1657.7235107421875,2825.0,2850.0,2800.0,2825.0,508000
2012-07-12,1643.0537109375,2800.0,2825.0,2800.0,2800.0,655500
2012-07-13,1688.2752685546875,2800.0,2800.0,2750.0,2800.0,116500
2012-07-16,1673.201171875,2775.0,2775.0,2775.0,2775.0,7000
2012-07-17,1673.201171875,2775.0,2800.0,2750.0,2775.0,35500
2012-07-18,1673.201171875,2775.0,2800.0,2775.0,2775.0,224500
2012-07-19,1718.422607421875,2850.0,2850.0,2750.0,2850.0,110000
2012-07-20,1703.348876953125,2825.0,2825.0,2800.0,2825.0,8000
2012-07-23,1643.053466796875,2725.0,2775.0,2725.0,2725.0,35000
2012-07-24,1658.1273193359375,2750.0,2750.0,2750.0,2750.0,41500
2012-07-25,1673.201171875,2775.0,2775.0,2750.0,2775.0,291500
2012-07-26,1658.1273193359375,2750.0,2750.0,2700.0,2750.0,8500
2012-07-27,1658.1273193359375,2750.0,2800.0,2750.0,2750.0,774000
2012-07-30,1688.2752685546875,2800.0,2800.0,2700.0,2800.0,111000
2012-07-31,1673.201171875,2775.0,2775.0,2700.0,2775.0,178000
2012-08-01,1658.1273193359375,2750.0,2750.0,2750.0,2750.0,4500
2012-08-02,1643.053466796875,2725.0,2800.0,2700.0,2725.0,314500
2012-08-03,1673.201171875,2775.0,2775.0,2625.0,2775.0,466000
2012-08-06,1688.2752685546875,2800.0,2800.0,2725.0,2800.0,155500
2012-08-07,1643.053466796875,2725.0,2775.0,2725.0,2725.0,163500
2012-08-08,1688.2752685546875,2800.0,2800.0,2700.0,2800.0,41500
2012-08-09,1688.2752685546875,2800.0,2800.0,2725.0,2800.0,325000
2012-08-10,1673.201171875,2775.0,2775.0,2675.0,2775.0,632500
2012-08-13,1612.9056396484375,2675.0,2700.0,2625.0,2675.0,1196500
2012-08-14,1612.9056396484375,2675.0,2700.0,2675.0,2675.0,53500
2012-08-15,1612.9056396484375,2675.0,2675.0,2675.0,2675.0,53500
2012-08-16,1597.8316650390625,2650.0,2675.0,2600.0,2650.0,239000
2012-08-23,1552.6099853515625,2575.0,2675.0,2550.0,2575.0,713500
2012-08-24,1537.5362548828125,2550.0,2600.0,2525.0,2550.0,1335000
2012-08-27,1537.5362548828125,2550.0,2550.0,2550.0,2550.0,753500
2012-08-28,1537.5362548828125,2550.0,2550.0,2525.0,2550.0,1117000
2012-08-29,1537.5362548828125,2550.0,2550.0,2500.0,2550.0,187000
2012-08-30,1537.5362548828125,2550.0,2625.0,2425.0,2550.0,508500
2012-08-31,1582.7579345703125,2625.0,2625.0,2450.0,2625.0,116000
2012-09-03,1643.053466796875,2725.0,2725.0,2600.0,2725.0,622500
2012-09-04,1643.053466796875,2725.0,2725.0,2600.0,2725.0,353000
2012-09-05,1627.9794921875,2700.0,2725.0,2675.0,2700.0,452500
2012-09-06,1658.1273193359375,2750.0,2750.0,2700.0,2750.0,114000
2012-09-07,1748.570556640625,2900.0,2900.0,2750.0,2900.0,1930000
2012-09-10,1733.4967041015625,2875.0,2900.0,2800.0,2875.0,628000
2012-09-11,1733.4967041015625,2875.0,2875.0,2850.0,2875.0,54000
2012-09-12,1854.0877685546875,3075.0,3100.0,2875.0,3075.0,4246000
2012-09-13,1808.865966796875,3000.0,3075.0,2975.0,3000.0,789000
2012-09-14,1778.7181396484375,2950.0,3075.0,2950.0,2950.0,97000
2012-09-17,1839.0135498046875,3050.0,3050.0,2975.0,3050.0,472500
2012-09-18,1839.0135498046875,3050.0,3075.0,3000.0,3050.0,621500
2012-09-19,1823.93994140625,3025.0,3075.0,2975.0,3025.0,1121000
2012-09-20,1808.865966796875,3000.0,3000.0,3000.0,3000.0,729500
2012-09-21,1748.570556640625,2900.0,3000.0,2825.0,2900.0,788000
2012-09-24,1703.348876953125,2825.0,2900.0,2775.0,2825.0,485000
2012-09-25,1748.570556640625,2900.0,2900.0,2725.0,2900.0,298000
2012-09-26,1688.2752685546875,2800.0,2825.0,2800.0,2800.0,197500
2012-09-27,1778.7181396484375,2950.0,2950.0,2825.0,2950.0,1106000
2012-09-28,1839.0135498046875,3050.0,3075.0,2950.0,3050.0,1797000
2012-10-01,1808.865966796875,3000.0,3025.0,2825.0,3000.0,637000
2012-10-02,1808.865966796875,3000.0,3000.0,3000.0,3000.0,6000
2012-10-03,1793.7921142578125,2975.0,2975.0,2875.0,2975.0,21500
2012-10-04,1793.7921142578125,2975.0,2975.0,2925.0,2975.0,122500
2012-10-05,1808.865966796875,3000.0,3000.0,2850.0,3000.0,731500
2012-10-08,1778.7181396484375,2950.0,3000.0,2950.0,2950.0,499000
2012-10-09,1748.570556640625,2900.0,2975.0,2900.0,2900.0,860000
2012-10-10,1688.2752685546875,2800.0,2900.0,2775.0,2800.0,665000
2012-10-11,1688.2752685546875,2800.0,2800.0,2800.0,2800.0,58500
2012-10-12,1703.348876953125,2825.0,2875.0,2800.0,2825.0,1048500
2012-10-15,1733.4967041015625,2875.0,2875.0,2825.0,2875.0,1278500
2012-10-16,1718.422607421875,2850.0,2850.0,2825.0,2850.0,8500
2012-10-17,1718.422607421875,2850.0,2875.0,2850.0,2850.0,570500
2012-10-18,1793.7921142578125,2975.0,2975.0,2850.0,2975.0,1035000
2012-10-19,1748.570556640625,2900.0,2975.0,2900.0,2900.0,245500
2012-10-22,1778.7181396484375,2950.0,2950.0,2900.0,2950.0,7000
2012-10-23,1778.7181396484375,2950.0,2950.0,2900.0,2950.0,5000
2012-10-24,1763.64501953125,2925.0,2950.0,2875.0,2925.0,143500
2012-10-25,1778.7181396484375,2950.0,2975.0,2925.0,2950.0,1206500
2012-10-29,1854.0877685546875,3075.0,3075.0,2950.0,3075.0,1321000
2012-10-30,1959.604736328125,3250.0,3250.0,3075.0,3250.0,4877500
2012-10-31,1944.53125,3225.0,3250.0,3125.0,3225.0,268500
2012-11-01,1974.6787109375,3275.0,3275.0,3225.0,3275.0,1158500
2012-11-02,2004.82666015625,3325.0,3325.0,3225.0,3325.0,1037500
2012-11-05,2004.82666015625,3325.0,3350.0,3300.0,3325.0,1370500
2012-11-06,2019.9005126953125,3350.0,3375.0,3300.0,3350.0,1827500
2012-11-07,2004.82666015625,3325.0,3350.0,3325.0,3325.0,427000
2012-11-08,2004.82666015625,3325.0,3325.0,3275.0,3325.0,1540000
2012-11-09,2004.82666015625,3325.0,3350.0,3325.0,3325.0,1143000
2012-11-12,2019.9005126953125,3350.0,3350.0,3325.0,3350.0,39500
2012-11-13,2095.27001953125,3475.0,3475.0,3350.0,3475.0,1277500
2012-11-14,2034.974609375,3375.0,3475.0,3350.0,3375.0,317500
2012-11-19,2050.047607421875,3400.0,3450.0,3375.0,3400.0,64000
2012-11-20,2050.047607421875,3400.0,3400.0,3300.0,3400.0,228000
2012-11-21,2050.047607421875,3400.0,3400.0,3325.0,3400.0,38500
2012-11-22,2050.047607421875,3400.0,3400.0,3375.0,3400.0,76000
2012-11-23,2065.1220703125,3425.0,3425.0,3400.0,3425.0,558000
2012-11-26,2065.1220703125,3425.0,3450.0,3425.0,3425.0,11500
2012-11-27,2065.1220703125,3425.0,3425.0,3250.0,3425.0,17000
2012-11-28,2065.1220703125,3425.0,3425.0,3250.0,3425.0,404000
2012-11-29,2095.27001953125,3475.0,3500.0,3350.0,3475.0,228500
2012-11-30,2140.491455078125,3550.0,3550.0,3475.0,3550.0,486500
2012-12-03,2170.6396484375,3600.0,3600.0,3525.0,3600.0,830500
2012-12-04,2155.5654296875,3575.0,3600.0,3550.0,3575.0,2357500
2012-12-05,2155.5654296875,3575.0,3600.0,3575.0,3575.0,1972500
2012-12-06,2140.491455078125,3550.0,3550.0,3525.0,3550.0,352500
2012-12-07,2140.491455078125,3550.0,3550.0,3550.0,3550.0,43000
2012-12-10,2125.417724609375,3525.0,3550.0,3500.0,3525.0,126500
2012-12-11,2185.713134765625,3625.0,3625.0,3525.0,3625.0,721000
2012-12-12,2215.860595703125,3675.0,3700.0,3650.0,3675.0,347500
2012-12-13,2200.787109375,3650.0,3725.0,3625.0,3650.0,658500
2012-12-14,2200.787109375,3650.0,3650.0,3600.0,3650.0,115000
2012-12-17,2185.713134765625,3625.0,3625.0,3625.0,3625.0,36500
2012-12-18,2155.5654296875,3575.0,3600.0,3575.0,3575.0,1081000
2012-12-19,2110.343505859375,3500.0,3525.0,3500.0,3500.0,992000
2012-12-20,2125.417724609375,3525.0,3525.0,3375.0,3525.0,873000
2012-12-21,2246.00830078125,3725.0,3725.0,3525.0,3725.0,367500
2012-12-26,2246.00830078125,3725.0,3725.0,3650.0,3725.0,3
2012-12-27,2215.860595703125,3675.0,3675.0,3650.0,3675.0,339000
2012-12-28,2246.00830078125,3725.0,3725.0,3650.0,3725.0,3
2013-01-02,2200.787109375,3650.0,3725.0,3625.0,3650.0,1012000
2013-01-03,2185.713134765625,3625.0,3625.0,3500.0,3625.0,1447500
2013-01-04,2125.417724609375,3525.0,3600.0,3500.0,3525.0,3
2013-01-07,2110.343505859375,3500.0,3575.0,3450.0,3500.0,2646500
2013-01-08,2110.343505859375,3500.0,3500.0,3500.0,3500.0,2516000
2013-01-09,2110.343505859375,3500.0,3500.0,3500.0,3500.0,619000
2013-01-10,2110.343505859375,3500.0,3500.0,3500.0,3500.0,15500
2013-01-11,2125.417724609375,3525.0,3525.0,3500.0,3525.0,184000
2013-01-14,2110.343505859375,3500.0,3500.0,3500.0,3500.0,61000
2013-01-15,2125.417724609375,3525.0,3525.0,3500.0,3525.0,1251500
2013-01-16,2125.417724609375,3525.0,3550.0,3425.0,3525.0,519000
2013-01-17,2125.417724609375,3525.0,3550.0,3525.0,3525.0,381500
2013-01-18,2170.6396484375,3600.0,3600.0,3525.0,3600.0,111000
2013-01-21,2185.713134765625,3625.0,3625.0,3600.0,3625.0,260000
2013-01-22,2185.713134765625,3625.0,3625.0,3625.0,3625.0,0
2013-01-23,2185.713134765625,3625.0,3650.0,3600.0,3625.0,161000
2013-01-25,2170.6396484375,3600.0,3650.0,3600.0,3600.0,962500
2013-01-28,2095.27001953125,3475.0,3500.0,3475.0,3475.0,527500
2013-01-29,2140.491455078125,3550.0,3550.0,3450.0,3550.0,85500
2013-01-30,2140.491455078125,3550.0,3550.0,3500.0,3550.0,149000
2013-01-31,2140.491455078125,3550.0,3600.0,3500.0,3550.0,99500
2013-02-01,2125.417724609375,3525.0,3550.0,3450.0,3525.0,701500
2013-02-04,2034.974609375,3375.0,3500.0,3375.0,3375.0,312500
2013-02-05,2004.82666015625,3325.0,3375.0,3325.0,3325.0,79000
2013-02-06,1974.6787109375,3275.0,3350.0,3100.0,3275.0,4597000
2013-02-07,2004.82666015625,3325.0,3325.0,3300.0,3325.0,10500
2013-02-08,2004.82666015625,3325.0,3350.0,3275.0,3325.0,1063000
2013-02-11,2004.82666015625,3325.0,3325.0,3300.0,3325.0,205500
2013-02-12,2004.82666015625,3325.0,3325.0,3300.0,3325.0,224000
2013-02-13,2019.9005126953125,3350.0,3350.0,3325.0,3350.0,93000
2013-02-14,1959.604736328125,3250.0,3350.0,3200.0,3250.0,328000
2013-02-15,2080.196044921875,3450.0,3450.0,3250.0,3450.0,495500
2013-02-18,2080.196044921875,3450.0,3450.0,3350.0,3450.0,153500
2013-02-19,2065.1220703125,3425.0,3425.0,3350.0,3425.0,147500
2013-02-20,2050.047607421875,3400.0,3425.0,3350.0,3400.0,65500
2013-02-21,2019.9005126953125,3350.0,3350.0,3275.0,3350.0,97500
2013-02-22,1974.6787109375,3275.0,3300.0,3175.0,3275.0,2
2013-02-25,1974.6787109375,3275.0,3275.0,3225.0,3275.0,476500
2013-02-26,1959.604736328125,3250.0,3250.0,3150.0,3250.0,501500
2013-02-27,1959.604736328125,3250.0,3250.0,3250.0,3250.0,686000
2013-02-28,1944.53125,3225.0,3250.0,3200.0,3225.0,1210500
2013-03-01,1929.4571533203125,3200.0,3250.0,3200.0,3200.0,676500
2013-03-04,1914.3826904296875,3175.0,3225.0,3175.0,3175.0,274500
2013-03-05,1839.0135498046875,3050.0,3175.0,3050.0,3050.0,2285000
2013-03-06,1839.0135498046875,3050.0,3125.0,3050.0,3050.0,1049000
2013-03-07,1854.0877685546875,3075.0,3100.0,3000.0,3075.0,418000
2013-03-08,1869.1614990234375,3100.0,3150.0,3075.0,3100.0,1691500
2013-03-11,1899.308837890625,3150.0,3275.0,3125.0,3150.0,2738000
2013-03-13,1944.53125,3225.0,3225.0,3150.0,3225.0,767500
2013-03-14,1944.53125,3225.0,3225.0,3125.0,3225.0,283500
2013-03-15,2080.196044921875,3450.0,3450.0,3225.0,3450.0,832500
2013-03-18,2050.047607421875,3400.0,3550.0,3300.0,3400.0,1475000
2013-03-19,2080.196044921875,3450.0,3450.0,3400.0,3450.0,116000
2013-03-20,2080.196044921875,3450.0,3450.0,3450.0,3450.0,164500
2013-03-21,2110.343505859375,3500.0,3500.0,3450.0,3500.0,676500
2013-03-22,2200.787109375,3650.0,3800.0,3500.0,3650.0,1587000
2013-03-25,2230.934326171875,3700.0,3725.0,3600.0,3700.0,415500
2013-03-26,2230.934326171875,3700.0,3800.0,3675.0,3700.0,1022500
2013-03-27,2246.00830078125,3725.0,3750.0,3675.0,3725.0,469500
2013-03-28,2321.377685546875,3850.0,3850.0,3650.0,3850.0,1002500
2013-04-01,2246.00830078125,3725.0,3850.0,3700.0,3725.0,234500
2013-04-02,2246.00830078125,3725.0,3800.0,3700.0,3725.0,365500
2013-04-03,2170.6396484375,3600.0,3725.0,3600.0,3600.0,3
2013-04-04,2110.343505859375,3500.0,3500.0,3500.0,3500.0,591000
2013-04-05,2110.343505859375,3500.0,3500.0,3500.0,3500.0,18000
2013-04-08,2080.196044921875,3450.0,3475.0,3300.0,3450.0,173500
2013-04-09,2080.196044921875,3450.0,3475.0,3300.0,3450.0,97000
2013-04-10,2050.047607421875,3400.0,3400.0,3250.0,3400.0,518500
2013-04-11,2110.343505859375,3500.0,3500.0,3375.0,3500.0,68000
2013-04-12,2110.343505859375,3500.0,3550.0,3500.0,3500.0,191500
2013-04-15,2110.343505859375,3500.0,3500.0,3450.0,3500.0,478000
2013-04-16,2170.6396484375,3600.0,3600.0,3475.0,3600.0,2074500
2013-04-17,2155.5654296875,3575.0,3600.0,3500.0,3575.0,172500
2013-04-18,2170.6396484375,3600.0,3600.0,3575.0,3600.0,51500
2013-04-19,2155.5654296875,3575.0,3600.0,3550.0,3575.0,531500
2013-04-22,2125.417724609375,3525.0,3625.0,3525.0,3600.0,3
2013-04-23,2155.5654296875,3575.0,3575.0,3575.0,3575.0,0
2013-04-24,2050.047607421875,3400.0,3425.0,3375.0,3425.0,4
2013-04-25,2034.974609375,3375.0,3425.0,3375.0,3400.0,4
2013-04-26,2034.974609375,3375.0,3375.0,3375.0,3375.0,520500
2013-04-29,2034.974609375,3375.0,3375.0,3300.0,3350.0,4
2013-04-30,2050.047607421875,3400.0,3400.0,3250.0,3300.0,4
2013-05-01,2110.343505859375,3500.0,3500.0,3375.0,3400.0,4
2013-05-02,2065.1220703125,3425.0,3450.0,3325.0,3425.0,1397000
2013-05-03,2050.047607421875,3400.0,3400.0,3350.0,3400.0,306500
2013-05-06,2019.9005126953125,3350.0,3400.0,3350.0,3400.0,4
2013-05-07,2080.196044921875,3450.0,3450.0,3350.0,3400.0,4
2013-05-08,2080.196044921875,3450.0,3450.0,3400.0,3425.0,4
2013-05-10,2080.196044921875,3450.0,3475.0,3400.0,3450.0,1207500
2013-05-13,2095.27001953125,3475.0,3500.0,3450.0,3450.0,4
2013-05-14,2261.08203125,3750.0,3975.0,3450.0,3475.0,3
2013-05-15,2351.525634765625,3900.0,3900.0,3750.0,3875.0,4
2013-05-16,2351.525634765625,3900.0,4400.0,3900.0,3900.0,2412500
2013-05-17,2577.6337890625,4275.0,4350.0,3975.0,3975.0,3
2013-05-20,2622.855712890625,4350.0,4400.0,4275.0,4300.0,4
2013-05-21,2622.855712890625,4350.0,4350.0,4250.0,4325.0,4
2013-05-22,2653.003173828125,4400.0,4500.0,4350.0,4350.0,4
2013-05-23,2713.29931640625,4500.0,4500.0,4300.0,4400.0,4
2013-05-24,2683.1513671875,4450.0,4550.0,4425.0,4425.0,4
2013-05-27,2683.1513671875,4450.0,4475.0,4400.0,4450.0,520500
2013-05-28,2713.29931640625,4500.0,4500.0,4325.0,4450.0,4
2013-05-29,2743.447021484375,4550.0,4600.0,4450.0,4500.0,4
2013-05-30,2713.29931640625,4500.0,4550.0,4450.0,4550.0,4
2013-05-31,2864.0380859375,4750.0,4950.0,4400.0,4425.0,3
2013-06-03,2698.22509765625,4475.0,4600.0,4450.0,4525.0,4
2013-06-04,2713.29931640625,4500.0,4550.0,4450.0,4500.0,575500
2013-06-05,2713.29931640625,4500.0,4525.0,4450.0,4450.0,4
2013-06-07,2698.22509765625,4475.0,4475.0,4425.0,4475.0,778500
2013-06-10,2698.22509765625,4475.0,4475.0,4375.0,4475.0,364500
2013-06-11,2713.29931640625,4500.0,4500.0,4275.0,4375.0,4
2013-06-12,2607.781982421875,4325.0,4350.0,4275.0,4350.0,4
2013-06-13,2698.22509765625,4475.0,4475.0,4150.0,4300.0,4
2013-06-14,2562.56103515625,4250.0,4450.0,4175.0,4450.0,4
2013-06-17,2441.96875,4050.0,4250.0,4025.0,4250.0,4
2013-06-18,2441.96875,4050.0,4100.0,4025.0,4100.0,4
2013-06-19,2562.56103515625,4250.0,4250.0,4000.0,4025.0,3
2013-06-20,2517.33837890625,4175.0,4175.0,4025.0,4050.0,4
2013-06-21,2441.96875,4050.0,4050.0,3925.0,4050.0,398500
2013-06-24,2261.08203125,3750.0,3950.0,3750.0,3950.0,3
2013-06-25,2261.08203125,3750.0,3900.0,3750.0,3750.0,144000
2013-06-26,2396.74755859375,3975.0,4000.0,3750.0,3750.0,3
2013-06-27,2351.525634765625,3900.0,4050.0,3900.0,3975.0,4
2013-06-28,2502.2646484375,4150.0,4150.0,3925.0,3975.0,4
2013-07-01,2411.821533203125,4000.0,4100.0,3975.0,3975.0,4
2013-07-02,2411.821533203125,4000.0,4100.0,3875.0,4050.0,148000
2013-07-03,2457.042724609375,4075.0,4075.0,3800.0,3850.0,154000
2013-07-04,2321.377685546875,3850.0,3850.0,3850.0,3850.0,3500
2013-07-05,2336.4521484375,3875.0,3875.0,3850.0,3850.0,156500
2013-07-08,2367.1943359375,3850.0,3900.0,3700.0,3900.0,243000
2013-07-09,2274.966064453125,3700.0,3750.0,3550.0,3750.0,124500
2013-07-10,2228.852294921875,3625.0,3700.0,3575.0,3625.0,195000
2013-07-11,2228.852294921875,3625.0,3700.0,3625.0,3700.0,163500
2013-07-12,2490.16552734375,4050.0,4050.0,3675.0,3675.0,84000
2013-07-15,2490.16552734375,4050.0,4050.0,3775.0,3775.0,29000
2013-07-16,2428.68017578125,3950.0,4000.0,3900.0,3950.0,84000
2013-07-17,2428.68017578125,3950.0,4000.0,3950.0,4000.0,833500
2013-07-18,2444.0517578125,3975.0,4000.0,3950.0,3950.0,336500
2013-07-19,2444.0517578125,3975.0,3975.0,3950.0,3950.0,114500
2013-07-22,2444.0517578125,3975.0,3975.0,3975.0,3975.0,285000
2013-07-23,2459.423095703125,4000.0,4225.0,3975.0,3975.0,786500
2013-07-24,2459.423095703125,4000.0,4050.0,3950.0,4000.0,203000
2013-07-25,2459.423095703125,4000.0,4000.0,3950.0,4000.0,202000
2013-07-26,2428.68017578125,3950.0,4000.0,3950.0,4000.0,131500
2013-07-29,2367.1943359375,3850.0,3900.0,3825.0,3900.0,26000
2013-07-30,2397.937255859375,3900.0,3900.0,3850.0,3850.0,2000
2013-07-31,2520.908935546875,4100.0,4100.0,3725.0,3850.0,162000
2013-08-01,2459.423095703125,4000.0,4000.0,3825.0,3850.0,69000
2013-08-02,2459.423095703125,4000.0,4025.0,4000.0,4000.0,114000
2013-08-12,2351.8232421875,3825.0,3950.0,3825.0,3875.0,79500
2013-08-13,2367.1943359375,3850.0,3850.0,3825.0,3850.0,43000
2013-08-14,2382.56640625,3875.0,3900.0,3800.0,3825.0,119500
2013-08-15,2397.937255859375,3900.0,3975.0,3875.0,3975.0,53000
2013-08-16,2305.708740234375,3750.0,3850.0,3725.0,3850.0,47000
2013-08-19,2167.366455078125,3525.0,3750.0,3525.0,3750.0,36000
2013-08-20,2274.966064453125,3700.0,3700.0,3250.0,3500.0,314500
2013-08-21,2213.48095703125,3600.0,3600.0,3400.0,3500.0,98000
2013-08-22,2198.109619140625,3575.0,3600.0,3425.0,3575.0,294000
2013-08-23,2198.109619140625,3575.0,3575.0,3475.0,3550.0,207000
2013-08-26,2198.109619140625,3575.0,3800.0,3475.0,3800.0,418500
2013-08-27,2182.738037109375,3550.0,3550.0,3425.0,3500.0,112000
2013-08-28,2151.9951171875,3500.0,3500.0,3275.0,3500.0,606000
2013-08-29,2167.366455078125,3525.0,3525.0,3425.0,3500.0,2220500
2013-08-30,2244.2236328125,3650.0,3650.0,3425.0,3525.0,349000
2013-09-02,2213.48095703125,3600.0,3650.0,3600.0,3650.0,2000
2013-09-03,2228.852294921875,3625.0,3625.0,3425.0,3600.0,93000
2013-09-04,2151.9951171875,3500.0,3500.0,3450.0,3500.0,42500
2013-09-05,2029.0238037109375,3300.0,3400.0,3300.0,3400.0,81000
2013-09-06,2013.652587890625,3275.0,3300.0,3225.0,3300.0,116000
2013-09-09,1967.5384521484375,3200.0,3250.0,3175.0,3250.0,1869000
2013-09-10,1906.052734375,3100.0,3250.0,3100.0,3225.0,609500
2013-09-11,1967.5384521484375,3200.0,3200.0,3100.0,3200.0,154500
2013-09-12,1967.5384521484375,3200.0,3200.0,3175.0,3200.0,628500
2013-09-13,1967.5384521484375,3200.0,3200.0,3050.0,3200.0,516500
2013-09-16,1967.5384521484375,3200.0,3300.0,3200.0,3200.0,732000
2013-09-17,1967.5384521484375,3200.0,3275.0,3175.0,3225.0,266500
2013-09-18,2044.3955078125,3325.0,3375.0,3200.0,3200.0,375000
2013-09-19,2213.48095703125,3600.0,3600.0,3400.0,3400.0,771500
2013-09-20,2228.852294921875,3625.0,3625.0,3525.0,3625.0,187000
2013-09-23,2228.852294921875,3625.0,3625.0,3550.0,3625.0,215000
2013-09-24,2198.109619140625,3575.0,3625.0,3575.0,3625.0,542000
2013-09-25,2228.852294921875,3625.0,3625.0,3525.0,3525.0,143000
2013-09-26,2213.48095703125,3600.0,3650.0,3600.0,3600.0,32000
2013-09-27,2259.5947265625,3675.0,3675.0,3650.0,3675.0,27000
2013-09-30,2336.451416015625,3800.0,3800.0,3650.0,3675.0,221000
2013-10-01,2305.708740234375,3750.0,3750.0,3575.0,3625.0,125000
2013-10-02,2274.966064453125,3700.0,3800.0,3675.0,3700.0,50500
2013-10-03,2274.966064453125,3700.0,3700.0,3700.0,3700.0,787000
2013-10-04,2213.48095703125,3600.0,3625.0,3600.0,3625.0,32500
2013-10-07,2213.48095703125,3600.0,3600.0,3550.0,3600.0,27000
2013-10-08,2228.852294921875,3625.0,3625.0,3625.0,3625.0,1000
2013-10-09,2228.852294921875,3625.0,3625.0,3625.0,3625.0,12500
2013-10-10,2259.5947265625,3675.0,3675.0,3675.0,3675.0,1500
2013-10-11,2336.451416015625,3800.0,3800.0,3550.0,3675.0,44000
2013-10-16,2213.48095703125,3600.0,3800.0,3600.0,3800.0,196000
2013-10-17,2228.852294921875,3625.0,3625.0,3600.0,3625.0,17500
2013-10-18,2213.48095703125,3600.0,3600.0,3600.0,3600.0,60000
2013-10-21,2244.2236328125,3650.0,3800.0,3600.0,3600.0,272000
2013-10-22,2198.109619140625,3575.0,3625.0,3575.0,3625.0,112000
2013-10-23,2213.48095703125,3600.0,3650.0,3575.0,3575.0,65000
2013-10-24,2213.48095703125,3600.0,3625.0,3550.0,3600.0,292000
2013-10-25,2228.852294921875,3625.0,3625.0,3600.0,3600.0,61500
2013-10-28,2228.852294921875,3625.0,3700.0,3625.0,3625.0,164500
2013-10-29,2305.708740234375,3750.0,3750.0,3625.0,3625.0,202000
2013-10-30,2321.080810546875,3775.0,3775.0,3650.0,3750.0,397000
2013-10-31,2397.937255859375,3900.0,3900.0,3675.0,3775.0,173000
2013-11-01,2305.708740234375,3750.0,3800.0,3675.0,3800.0,69500
2013-11-04,2228.852294921875,3625.0,3750.0,3575.0,3750.0,232500
2013-11-06,2274.966064453125,3700.0,3750.0,3650.0,3650.0,3639000
2013-11-07,2244.2236328125,3650.0,3725.0,3650.0,3700.0,144000
2013-11-08,2244.2236328125,3650.0,3700.0,3625.0,3675.0,138000
2013-11-11,2121.25244140625,3450.0,3625.0,3425.0,3625.0,433000
2013-11-12,2059.766845703125,3350.0,3525.0,3350.0,3500.0,345500
2013-11-13,2029.0238037109375,3300.0,3350.0,3150.0,3350.0,1215500
2013-11-14,2029.0238037109375,3300.0,3325.0,3200.0,3325.0,483000
2013-11-15,2059.766845703125,3350.0,3375.0,3250.0,3300.0,589000
2013-11-18,2029.0238037109375,3300.0,3350.0,3250.0,3350.0,612500
2013-11-19,1952.1666259765625,3175.0,3300.0,3150.0,3300.0,662000
2013-11-20,1998.2811279296875,3250.0,3275.0,3200.0,3250.0,99500
2013-11-21,1998.2811279296875,3250.0,3275.0,3175.0,3200.0,208000
2013-11-22,2029.0238037109375,3300.0,3300.0,3200.0,3225.0,236500
2013-11-25,2044.3955078125,3325.0,3375.0,3300.0,3300.0,326000
2013-11-26,1798.4537353515625,2925.0,3300.0,2850.0,3300.0,7763000
2013-11-27,1967.5384521484375,3200.0,3200.0,3000.0,3000.0,1159000
2013-11-28,2029.0238037109375,3300.0,3300.0,3125.0,3200.0,666500
2013-11-29,2044.3955078125,3325.0,3325.0,3200.0,3200.0,430500
2013-12-02,2075.138427734375,3375.0,3375.0,3325.0,3325.0,51000
2013-12-03,1982.9100341796875,3225.0,3300.0,3150.0,3300.0,417000
2013-12-04,2013.652587890625,3275.0,3275.0,3150.0,3150.0,148000
2013-12-05,2013.652587890625,3275.0,3275.0,3150.0,3200.0,426500
2013-12-06,1982.9100341796875,3225.0,3225.0,3200.0,3200.0,76500
2013-12-09,1967.5384521484375,3200.0,3200.0,3200.0,3200.0,2500
2013-12-10,1967.5384521484375,3200.0,3200.0,3200.0,3200.0,2500
2013-12-11,1952.1666259765625,3175.0,3200.0,3175.0,3200.0,510000
2013-12-12,1936.7952880859375,3150.0,3175.0,3100.0,3150.0,126000
2013-12-13,1936.7952880859375,3150.0,3150.0,3100.0,3100.0,1631000
2013-12-16,1936.7952880859375,3150.0,3150.0,3125.0,3150.0,3674500
2013-12-17,1936.7952880859375,3150.0,3150.0,3125.0,3125.0,2260500
2013-12-18,1875.309814453125,3050.0,3150.0,3050.0,3150.0,588000
2013-12-19,1936.7952880859375,3150.0,3200.0,3075.0,3150.0,3820500
2013-12-20,1936.7952880859375,3150.0,3150.0,3125.0,3125.0,720500
2013-12-23,1921.424560546875,3125.0,3125.0,3050.0,3125.0,430000
2013-12-24,1936.7952880859375,3150.0,3150.0,3075.0,3100.0,211500
2013-12-27,1890.681640625,3075.0,3150.0,3075.0,3100.0,485000
2013-12-30,1998.2811279296875,3250.0,3250.0,3050.0,3075.0,1424000
2014-01-02,1906.052734375,3100.0,3200.0,3100.0,3150.0,527000
2014-01-03,1890.681640625,3075.0,3075.0,3050.0,3075.0,95500
2014-01-06,1875.309814453125,3050.0,3110.0,3025.0,3075.0,897200
2014-01-07,1875.309814453125,3050.0,3050.0,3050.0,3050.0,6300
2014-01-08,1813.8243408203125,2950.0,3050.0,2950.0,3050.0,97600
2014-01-09,1878.3841552734375,3055.0,3055.0,3000.0,3025.0,521500
2014-01-10,1859.938720703125,3025.0,3030.0,3005.0,3005.0,665700
2014-01-13,1875.309814453125,3050.0,3100.0,3025.0,3050.0,2819600
2014-01-15,1872.236083984375,3045.0,3075.0,3020.0,3070.0,740600
2014-01-16,1838.41845703125,2990.0,3080.0,2990.0,3050.0,1036700
2014-01-17,1844.5672607421875,3000.0,3000.0,2995.0,3000.0,126700
2014-01-20,1844.5672607421875,3000.0,3005.0,2995.0,3000.0,406700
2014-01-21,1841.4931640625,2995.0,3010.0,2995.0,3000.0,193900
2014-01-22,1838.41845703125,2990.0,2995.0,2985.0,2995.0,116600
2014-01-23,1835.344482421875,2985.0,3000.0,2950.0,2990.0,396400
2014-01-24,1813.8243408203125,2950.0,2980.0,2950.0,2950.0,475800
2014-01-27,1783.081787109375,2900.0,2930.0,2850.0,2930.0,220300
2014-01-28,1767.71044921875,2875.0,2900.0,2850.0,2900.0,192600
2014-01-29,1783.081787109375,2900.0,2950.0,2870.0,2900.0,903800
2014-01-30,1783.081787109375,2900.0,2900.0,2875.0,2900.0,974000
2014-02-03,1721.5963134765625,2800.0,2900.0,2760.0,2900.0,423700
2014-02-04,1697.001953125,2760.0,2800.0,2745.0,2760.0,224700
2014-02-05,1706.2247314453125,2775.0,2850.0,2770.0,2850.0,219900
2014-02-06,1752.3388671875,2850.0,2895.0,2800.0,2800.0,2881800
2014-02-07,1813.8243408203125,2950.0,2965.0,2850.0,2900.0,2728000
2014-02-10,1838.41845703125,2990.0,3085.0,2990.0,3000.0,1845700
2014-02-11,1850.7158203125,3010.0,3025.0,3000.0,3000.0,2208600
2014-02-12,1878.3841552734375,3055.0,3065.0,3030.0,3060.0,2431800
2014-02-13,1875.309814453125,3050.0,3055.0,2970.0,3055.0,2705200
2014-02-14,1884.5328369140625,3065.0,3075.0,3020.0,3025.0,182800
2014-02-17,1869.1614990234375,3040.0,3080.0,3030.0,3080.0,141500
2014-02-18,1878.3841552734375,3055.0,3065.0,3030.0,3040.0,411600
2014-02-19,1884.5328369140625,3065.0,3075.0,3040.0,3055.0,183400
2014-02-20,1906.052734375,3100.0,3100.0,3055.0,3075.0,761300
2014-02-21,1906.052734375,3100.0,3150.0,3100.0,3100.0,453500
2014-02-24,1924.498779296875,3130.0,3190.0,3100.0,3100.0,182400
2014-02-25,1967.5384521484375,3200.0,3220.0,3145.0,3145.0,347900
2014-02-26,2025.9498291015625,3295.0,3300.0,3150.0,3150.0,549700
2014-02-27,2035.1724853515625,3310.0,3310.0,3200.0,3200.0,501600
2014-02-28,2053.61865234375,3340.0,3370.0,3250.0,3250.0,2820100
2014-03-03,2065.91552734375,3360.0,3400.0,3340.0,3340.0,249600
2014-03-04,2056.693115234375,3345.0,3375.0,3340.0,3360.0,531100
2014-03-05,2072.064208984375,3370.0,3375.0,3340.0,3340.0,734900
2014-03-06,2081.286865234375,3385.0,3390.0,3345.0,3370.0,275200
2014-03-07,2090.509033203125,3400.0,3420.0,3370.0,3385.0,912300
2014-03-10,2075.138427734375,3375.0,3400.0,3370.0,3400.0,38600
2014-03-11,2065.91552734375,3360.0,3395.0,3330.0,3330.0,124800
2014-03-12,2090.509033203125,3400.0,3400.0,3320.0,3375.0,676800
2014-03-13,2068.98974609375,3365.0,3435.0,3350.0,3375.0,1091400
2014-03-14,2090.509033203125,3400.0,3430.0,3375.0,3375.0,564200
2014-03-17,2059.766845703125,3350.0,3450.0,3350.0,3450.0,1009100
2014-03-18,1949.092529296875,3170.0,3355.0,3150.0,3355.0,1049300
2014-03-19,1949.092529296875,3170.0,3200.0,3150.0,3180.0,1917900
2014-03-20,1875.309814453125,3050.0,3185.0,3020.0,3150.0,272100
2014-03-21,1906.052734375,3100.0,3250.0,3060.0,3120.0,944700
2014-03-24,1906.052734375,3100.0,3160.0,3050.0,3160.0,1078200
2014-03-25,1890.681640625,3075.0,3200.0,3050.0,3200.0,774000
2014-03-26,1906.052734375,3100.0,3100.0,3095.0,3100.0,1681300
2014-03-27,1906.052734375,3100.0,3100.0,3075.0,3100.0,1715300
2014-03-28,1949.092529296875,3170.0,3175.0,3100.0,3120.0,931100
2014-04-01,1942.94384765625,3160.0,3250.0,3160.0,3170.0,775000
2014-04-02,1881.4586181640625,3060.0,3220.0,3020.0,3220.0,1002900
2014-04-03,1890.681640625,3075.0,3100.0,3070.0,3100.0,269900
2014-04-04,1887.6070556640625,3070.0,3080.0,3070.0,3075.0,69400
2014-04-07,1856.864501953125,3020.0,3070.0,3005.0,3070.0,326100
2014-04-08,1844.5672607421875,3000.0,3060.0,2995.0,3020.0,289600
2014-04-09,1844.5672607421875,3000.0,3000.0,3000.0,3000.0,0
2014-04-10,1798.4537353515625,2925.0,2995.0,2880.0,2945.0,394700
2014-04-11,1804.6021728515625,2935.0,2995.0,2920.0,2925.0,1004500
2014-04-14,1795.37890625,2920.0,2990.0,2920.0,2935.0,500700
2014-04-15,1783.081787109375,2900.0,2955.0,2900.0,2955.0,296100
2014-04-16,1773.859130859375,2885.0,2910.0,2875.0,2910.0,618300
2014-04-17,1789.2305908203125,2910.0,2945.0,2900.0,2930.0,146900
2014-04-21,1783.081787109375,2900.0,2970.0,2900.0,2930.0,90000
2014-04-22,1783.081787109375,2900.0,2900.0,2895.0,2900.0,2802800
2014-04-23,1783.081787109375,2900.0,2990.0,2895.0,2925.0,261200
2014-04-24,1783.081787109375,2900.0,2925.0,2885.0,2900.0,187000
2014-04-25,1783.081787109375,2900.0,2975.0,2895.0,2900.0,709700
2014-04-28,1767.71044921875,2875.0,2900.0,2870.0,2900.0,104100
2014-04-29,1783.081787109375,2900.0,2905.0,2865.0,2875.0,1147700
2014-04-30,1783.081787109375,2900.0,2900.0,2865.0,2900.0,788600
2014-05-02,1770.7847900390625,2880.0,2900.0,2865.0,2900.0,75300
2014-05-05,1770.7847900390625,2880.0,2900.0,2880.0,2900.0,24600
2014-05-06,1764.635986328125,2870.0,2880.0,2850.0,2880.0,91600
2014-05-07,1764.635986328125,2870.0,2880.0,2860.0,2865.0,53800
2014-05-08,1746.1900634765625,2840.0,2860.0,2830.0,2850.0,173700
2014-05-09,1743.1162109375,2835.0,2840.0,2835.0,2840.0,176600
2014-05-12,1740.0418701171875,2830.0,2840.0,2820.0,2835.0,260600
2014-05-13,1740.0418701171875,2830.0,2900.0,2830.0,2830.0,536700
2014-05-14,1740.0418701171875,2830.0,2870.0,2825.0,2830.0,530600
2014-05-16,1736.9676513671875,2825.0,2835.0,2800.0,2830.0,1660200
2014-05-19,1690.853515625,2750.0,2825.0,2750.0,2750.0,3749400
2014-05-20,1684.7047119140625,2740.0,2795.0,2700.0,2740.0,4734300
2014-05-21,1684.7047119140625,2740.0,2770.0,2730.0,2740.0,330600
2014-05-22,1736.9676513671875,2825.0,2830.0,2740.0,2825.0,2552100
2014-05-23,1736.9676513671875,2825.0,2845.0,2800.0,2825.0,757700
2014-05-26,1746.1900634765625,2840.0,2865.0,2825.0,2840.0,1939600
2014-05-28,1736.9676513671875,2825.0,2870.0,2815.0,2825.0,918000
2014-05-30,1703.150390625,2770.0,2850.0,2765.0,2770.0,227600
2014-06-02,1666.25927734375,2710.0,2785.0,2710.0,2710.0,697000
2014-06-03,1703.150390625,2770.0,2790.0,2730.0,2770.0,296300
2014-06-04,1709.2989501953125,2780.0,2795.0,2735.0,2780.0,557300
2014-06-05,1826.1219482421875,2970.0,3015.0,2795.0,3015.0,1598700
2014-06-06,1813.8243408203125,2950.0,3000.0,2930.0,2950.0,587000
2014-06-09,1807.67578125,2940.0,2965.0,2930.0,2940.0,823600
2014-06-10,1829.1959228515625,2975.0,2995.0,2940.0,2975.0,198900
2014-06-11,1832.27001953125,2980.0,2985.0,2970.0,2980.0,80600
2014-06-12,1813.8243408203125,2950.0,2985.0,2930.0,2950.0,86900
2014-06-13,1829.1959228515625,2975.0,2980.0,2930.0,2975.0,681200
2014-06-16,1813.8243408203125,2950.0,2995.0,2950.0,2950.0,517100
2014-06-17,1792.3046875,2915.0,2950.0,2710.0,2915.0,159400
2014-06-18,1798.4537353515625,2925.0,2940.0,2860.0,2925.0,33400
2014-06-19,1783.081787109375,2900.0,2925.0,2900.0,2900.0,210300
2014-06-20,1807.67578125,2940.0,2960.0,2900.0,2940.0,271300
2014-06-23,1819.9730224609375,2960.0,2990.0,2875.0,2960.0,311700
2014-06-24,1786.15625,2905.0,2960.0,2905.0,2905.0,41200
2014-06-25,1826.1219482421875,2970.0,3000.0,2890.0,2970.0,535700
2014-06-26,1819.9730224609375,2960.0,2965.0,2905.0,2960.0,599600
2014-06-27,1807.67578125,2940.0,2960.0,2925.0,2940.0,109600
2014-06-30,1844.5672607421875,3000.0,3000.0,2930.0,3000.0,571400
2014-07-01,1804.6021728515625,2935.0,2980.0,2935.0,2935.0,68300
2014-07-02,1804.6021728515625,2935.0,2965.0,2935.0,2935.0,46900
2014-07-03,1798.4537353515625,2925.0,2970.0,2925.0,2925.0,105300
2014-07-04,1798.4537353515625,2925.0,2925.0,2915.0,2925.0,35700
2014-07-07,1795.37890625,2920.0,2960.0,2920.0,2920.0,1699900
2014-07-08,1810.75048828125,2945.0,2950.0,2925.0,2945.0,141500
2014-07-09,1810.75048828125,2945.0,2945.0,2945.0,2945.0,0
2014-07-10,1804.6021728515625,2935.0,2945.0,2925.0,2935.0,273100
2014-07-11,1773.859130859375,2885.0,2950.0,2880.0,2885.0,168000
2014-07-14,1752.3388671875,2850.0,2890.0,2800.0,2850.0,450700
2014-07-15,1736.9676513671875,2825.0,2850.0,2800.0,2825.0,523300
2014-07-16,1807.67578125,2940.0,2960.0,2830.0,2940.0,2352000
2014-07-17,1773.859130859375,2885.0,2960.0,2885.0,2885.0,476000
2014-07-18,1776.9332275390625,2890.0,2900.0,2860.0,2890.0,604300
2014-07-21,1776.9332275390625,2890.0,2940.0,2880.0,2890.0,797600
2014-07-22,1755.4134521484375,2855.0,2885.0,2835.0,2855.0,1297400
2014-07-23,1804.6021728515625,2935.0,2935.0,2865.0,2935.0,1001900
2014-07-24,1823.04736328125,2965.0,2970.0,2920.0,2965.0,507200
2014-07-25,1892.4366455078125,3000.0,3000.0,2895.0,3000.0,1664300
2014-08-04,1854.5877685546875,2940.0,3000.0,2900.0,2940.0,297100
2014-08-05,1870.3582763671875,2965.0,2980.0,2905.0,2965.0,498500
2014-08-06,1867.2042236328125,2960.0,2960.0,2910.0,2960.0,172400
2014-08-07,1835.6639404296875,2910.0,2920.0,2900.0,2910.0,367600
2014-08-08,1829.3555908203125,2900.0,2910.0,2895.0,2900.0,10000
2014-08-11,1813.5853271484375,2875.0,2920.0,2870.0,2875.0,257100
2014-08-12,1807.27734375,2865.0,2890.0,2850.0,2865.0,648400
2014-08-13,1807.27734375,2865.0,2900.0,2860.0,2865.0,61300
2014-08-14,1797.8148193359375,2850.0,2875.0,2830.0,2850.0,104800
2014-08-15,1797.8148193359375,2850.0,2855.0,2840.0,2850.0,185000
2014-08-18,1791.506591796875,2840.0,2845.0,2830.0,2840.0,175100
2014-08-19,1816.739501953125,2880.0,2910.0,2825.0,2880.0,5730100
2014-08-20,1826.20166015625,2895.0,2900.0,2860.0,2895.0,940300
2014-08-21,1804.123046875,2860.0,2895.0,2835.0,2860.0,142700
2014-08-22,1794.6610107421875,2845.0,2855.0,2835.0,2845.0,574500
2014-08-25,1775.736572265625,2815.0,2855.0,2815.0,2815.0,428500
2014-08-26,1775.736572265625,2815.0,2815.0,2750.0,2815.0,1424500
2014-08-27,1775.736572265625,2815.0,2825.0,2810.0,2815.0,456300
2014-08-28,1756.8123779296875,2785.0,2815.0,2780.0,2785.0,1004700
2014-08-29,1797.8148193359375,2850.0,2850.0,2785.0,2850.0,397200
2014-09-01,1766.2745361328125,2800.0,2845.0,2800.0,2800.0,149200
2014-09-02,1766.2745361328125,2800.0,2800.0,2795.0,2800.0,632900
2014-09-03,1741.0418701171875,2760.0,2800.0,2750.0,2760.0,1399600
2014-09-04,1725.271728515625,2735.0,2780.0,2735.0,2735.0,800700
2014-09-05,1718.9635009765625,2725.0,2745.0,2725.0,2725.0,505900
2014-09-08,1718.9635009765625,2725.0,2730.0,2725.0,2725.0,267100
2014-09-09,1718.9635009765625,2725.0,2730.0,2715.0,2725.0,434000
2014-09-10,1709.5013427734375,2710.0,2725.0,2710.0,2710.0,263200
2014-09-11,1703.193115234375,2700.0,2715.0,2675.0,2700.0,337600
2014-09-12,1700.0391845703125,2695.0,2710.0,2695.0,2695.0,221100
2014-09-15,1703.193115234375,2700.0,2725.0,2690.0,2700.0,97800
2014-09-16,1703.193115234375,2700.0,2700.0,2695.0,2700.0,284300
2014-09-17,1700.0391845703125,2695.0,2700.0,2690.0,2695.0,115200
2014-09-18,1696.8848876953125,2690.0,2700.0,2690.0,2690.0,743900
2014-09-19,1703.193115234375,2700.0,2750.0,2690.0,2700.0,1847200
2014-09-22,1700.0391845703125,2695.0,2700.0,2690.0,2695.0,237700
2014-09-23,1674.806640625,2655.0,2700.0,2650.0,2655.0,811300
2014-09-24,1684.268798828125,2670.0,2680.0,2650.0,2670.0,163200
2014-09-25,1681.114990234375,2665.0,2685.0,2655.0,2665.0,64300
2014-09-26,1627.4957275390625,2580.0,2650.0,2555.0,2580.0,2201200
2014-09-29,1621.1876220703125,2570.0,2600.0,2505.0,2570.0,316500
2014-09-30,1595.9554443359375,2530.0,2590.0,2480.0,2530.0,4263300
2014-10-01,1608.5714111328125,2550.0,2550.0,2490.0,2550.0,1826200
2014-10-02,1599.1090087890625,2535.0,2535.0,2445.0,2535.0,926500
2014-10-03,1599.1090087890625,2535.0,2535.0,2475.0,2535.0,1111600
2014-10-06,1602.263427734375,2540.0,2550.0,2500.0,2540.0,108500
2014-10-07,1608.5714111328125,2550.0,2600.0,2540.0,2550.0,81000
2014-10-08,1577.0308837890625,2500.0,2550.0,2440.0,2500.0,388000
2014-10-09,1558.1064453125,2470.0,2530.0,2470.0,2470.0,55600
2014-10-10,1564.41455078125,2480.0,2555.0,2480.0,2480.0,90300
2014-10-13,1589.64697265625,2520.0,2530.0,2480.0,2520.0,117900
2014-10-14,1589.64697265625,2520.0,2520.0,2480.0,2520.0,254000
2014-10-15,1586.492919921875,2515.0,2550.0,2510.0,2515.0,267200
2014-10-16,1592.80078125,2525.0,2530.0,2500.0,2525.0,241900
2014-10-17,1592.80078125,2525.0,2540.0,2510.0,2525.0,1445300
2014-10-20,1636.9578857421875,2595.0,2625.0,2530.0,2595.0,103800
2014-10-21,1649.5740966796875,2615.0,2625.0,2530.0,2615.0,954200
2014-10-22,1665.344482421875,2640.0,2640.0,2560.0,2640.0,202800
2014-10-23,1677.9605712890625,2660.0,2660.0,2650.0,2660.0,1277600
2014-10-24,1684.268798828125,2670.0,2720.0,2660.0,2670.0,19900
2014-10-27,1700.0391845703125,2695.0,2725.0,2680.0,2695.0,108300
2014-10-28,1700.0391845703125,2695.0,2700.0,2635.0,2695.0,132300
2014-10-29,1700.0391845703125,2695.0,2700.0,2680.0,2695.0,1347400
2014-10-30,1718.9635009765625,2725.0,2725.0,2695.0,2725.0,411500
2014-10-31,1797.8148193359375,2850.0,2850.0,2740.0,2850.0,966400
2014-11-03,1763.1204833984375,2795.0,2845.0,2795.0,2795.0,634000
2014-11-04,1715.8095703125,2720.0,2800.0,2720.0,2720.0,395100
2014-11-05,1744.195556640625,2765.0,2780.0,2725.0,2765.0,103100
2014-11-06,1804.123046875,2860.0,2875.0,2750.0,2860.0,815300
2014-11-07,1753.6580810546875,2780.0,2860.0,2740.0,2780.0,529100
2014-11-10,1766.2745361328125,2800.0,2800.0,2655.0,2800.0,128900
2014-11-11,1766.2745361328125,2800.0,2805.0,2705.0,2800.0,202100
2014-11-12,1788.3529052734375,2835.0,2850.0,2780.0,2835.0,221500
2014-11-13,1756.8123779296875,2785.0,2845.0,2785.0,2785.0,551200
2014-11-14,1766.2745361328125,2800.0,2815.0,2780.0,2800.0,645300
2014-11-17,1860.89599609375,2950.0,2965.0,2830.0,2800.0,2559600
2014-11-18,1987.0582275390625,3150.0,3260.0,2950.0,3150.0,2789000
2014-11-19,1939.747802734375,3075.0,3170.0,3020.0,3075.0,164700
2014-11-20,1879.8203125,2980.0,3050.0,2960.0,2980.0,252100
2014-11-21,1964.980224609375,3115.0,3125.0,2955.0,3115.0,273800
2014-11-24,1964.980224609375,3115.0,3120.0,3035.0,3115.0,186300
2014-11-25,1961.8262939453125,3110.0,3115.0,3075.0,3110.0,718500
2014-11-26,1933.439453125,3065.0,3115.0,3025.0,3065.0,154000
2014-11-27,1930.2855224609375,3060.0,3085.0,3010.0,3060.0,94300
2014-11-28,1955.517822265625,3100.0,3100.0,3010.0,3100.0,218500
2014-12-01,1968.1343994140625,3120.0,3250.0,3055.0,3100.0,468300
2014-12-02,1942.9017333984375,3080.0,3120.0,3030.0,3120.0,568000
2014-12-03,1914.51513671875,3035.0,3100.0,3020.0,3085.0,165000
2014-12-04,1936.593505859375,3070.0,3090.0,3035.0,3035.0,223600
2014-12-05,1870.3582763671875,2965.0,3050.0,2965.0,3050.0,124900
2014-12-08,1923.9771728515625,3050.0,3050.0,2900.0,2965.0,449300
2014-12-09,1873.5125732421875,2970.0,3040.0,2960.0,3000.0,1256800
2014-12-10,1848.27978515625,2930.0,3000.0,2925.0,2985.0,95100
2014-12-11,1841.9718017578125,2920.0,2950.0,2920.0,2945.0,910800
2014-12-12,1804.123046875,2860.0,2935.0,2825.0,2925.0,1570000
2014-12-15,1791.506591796875,2840.0,2860.0,2830.0,2860.0,792100
2014-12-16,1734.73388671875,2750.0,2840.0,2740.0,2840.0,1728500
2014-12-17,1668.4984130859375,2645.0,2750.0,2645.0,2750.0,646600
2014-12-18,1684.268798828125,2670.0,2700.0,2650.0,2700.0,1003000
2014-12-19,1703.193115234375,2700.0,2725.0,2670.0,2670.0,949800
2014-12-22,1693.73095703125,2685.0,2705.0,2685.0,2700.0,123000
2014-12-23,1687.4228515625,2675.0,2695.0,2650.0,2685.0,1180300
2014-12-24,1763.1204833984375,2795.0,2800.0,2700.0,2700.0,615700
2014-12-29,1797.8148193359375,2850.0,2850.0,2700.0,2795.0,222000
2014-12-30,1807.27734375,2865.0,2875.0,2800.0,2840.0,1321300
2015-01-02,1737.8876953125,2755.0,2850.0,2750.0,2850.0,186800
2015-01-05,1690.576904296875,2680.0,2755.0,2670.0,2750.0,509700
2015-01-06,1643.265869140625,2605.0,2680.0,2605.0,2680.0,1949700
2015-01-07,1640.112060546875,2600.0,2610.0,2530.0,2605.0,12580900
2015-01-08,1624.341552734375,2575.0,2625.0,2570.0,2600.0,933300
2015-01-09,1636.9578857421875,2595.0,2600.0,2575.0,2580.0,973200
2015-01-12,1608.5714111328125,2550.0,2590.0,2530.0,2590.0,1389100
2015-01-13,1577.0308837890625,2500.0,2550.0,2480.0,2550.0,1914500
2015-01-14,1564.41455078125,2480.0,2525.0,2480.0,2500.0,940300
2015-01-15,1564.41455078125,2480.0,2500.0,2475.0,2480.0,2533000
2015-01-16,1542.3359375,2445.0,2480.0,2445.0,2480.0,1980500
2015-01-19,1561.2601318359375,2475.0,2495.0,2445.0,2450.0,1510900
2015-01-20,1655.88232421875,2625.0,2630.0,2500.0,2500.0,765300
2015-01-21,1662.1903076171875,2635.0,2700.0,2610.0,2630.0,1489200
2015-01-22,1684.268798828125,2670.0,2680.0,2650.0,2650.0,2064800
2015-01-23,1734.73388671875,2750.0,2795.0,2660.0,2670.0,3803800
2015-01-26,1677.9605712890625,2660.0,2750.0,2650.0,2750.0,203800
2015-01-27,1681.114990234375,2665.0,2670.0,2655.0,2660.0,59300
2015-01-28,1646.4202880859375,2610.0,2690.0,2600.0,2655.0,1010200
2015-01-29,1671.652587890625,2650.0,2690.0,2605.0,2640.0,204200
2015-01-30,1671.652587890625,2650.0,2650.0,2610.0,2640.0,323200
2015-02-02,1646.4202880859375,2610.0,2635.0,2595.0,2605.0,351500
2015-02-03,1659.035888671875,2630.0,2640.0,2600.0,2640.0,515900
2015-02-04,1652.7283935546875,2620.0,2630.0,2600.0,2620.0,172100
2015-02-05,1640.112060546875,2600.0,2640.0,2565.0,2630.0,303700
2015-02-06,1671.652587890625,2650.0,2650.0,2595.0,2600.0,429700
2015-02-09,1671.652587890625,2650.0,2670.0,2650.0,2665.0,336600
2015-02-10,1677.9605712890625,2660.0,2660.0,2650.0,2660.0,271400
2015-02-11,1684.268798828125,2670.0,2675.0,2660.0,2660.0,355900
2015-02-12,1668.4984130859375,2645.0,2685.0,2620.0,2670.0,702700
2015-02-13,1611.7252197265625,2555.0,2625.0,2555.0,2605.0,3580000
2015-02-16,1652.7283935546875,2620.0,2625.0,2590.0,2595.0,599800
2015-02-17,1630.6494140625,2585.0,2635.0,2555.0,2600.0,616600
2015-02-18,1630.6494140625,2585.0,2610.0,2580.0,2590.0,1531300
2015-02-20,1627.4957275390625,2580.0,2585.0,2570.0,2585.0,459800
2015-02-23,1618.03369140625,2565.0,2605.0,2500.0,2565.0,1358300
2015-02-24,1630.6494140625,2585.0,2610.0,2560.0,2580.0,481400
2015-02-25,1630.6494140625,2585.0,2595.0,2575.0,2575.0,71500
2015-02-26,1627.4957275390625,2580.0,2585.0,2575.0,2585.0,89400
2015-02-27,1630.6494140625,2585.0,2590.0,2570.0,2585.0,324800
2015-03-02,1602.263427734375,2540.0,2580.0,2510.0,2580.0,147200
2015-03-03,1595.9554443359375,2530.0,2555.0,2530.0,2540.0,385600
2015-03-04,1570.7227783203125,2490.0,2540.0,2490.0,2525.0,441000
2015-03-05,1577.0308837890625,2500.0,2525.0,2490.0,2500.0,379000
2015-03-06,1577.0308837890625,2500.0,2560.0,2445.0,2505.0,988100
2015-03-09,1577.0308837890625,2500.0,2510.0,2475.0,2510.0,876000
2015-03-10,1573.8763427734375,2495.0,2505.0,2495.0,2500.0,358100
2015-03-11,1564.41455078125,2480.0,2500.0,2475.0,2500.0,734100
2015-03-12,1570.7227783203125,2490.0,2490.0,2490.0,2490.0,1900
2015-03-13,1542.3359375,2445.0,2495.0,2445.0,2495.0,760500
2015-03-16,1539.1822509765625,2440.0,2455.0,2440.0,2445.0,227900
2015-03-17,1536.02783203125,2435.0,2445.0,2435.0,2440.0,91300
2015-03-18,1532.873779296875,2430.0,2440.0,2425.0,2440.0,274100
2015-03-19,1532.873779296875,2430.0,2450.0,2425.0,2440.0,85900
2015-03-20,1532.873779296875,2430.0,2435.0,2420.0,2430.0,634800
2015-03-23,1520.2576904296875,2410.0,2430.0,2405.0,2430.0,215700
2015-03-24,1507.6414794921875,2390.0,2410.0,2385.0,2410.0,493300
2015-03-25,1450.868408203125,2300.0,2390.0,2300.0,2390.0,1100600
2015-03-26,1460.330322265625,2315.0,2330.0,2295.0,2300.0,2418500
2015-03-27,1454.0220947265625,2305.0,2315.0,2300.0,2315.0,156500
2015-03-30,1457.17626953125,2310.0,2330.0,2310.0,2310.0,4648400
2015-03-31,1463.4842529296875,2320.0,2320.0,2285.0,2310.0,1750700
2015-04-01,1447.7138671875,2295.0,2310.0,2290.0,2310.0,194600
2015-04-02,1438.252197265625,2280.0,2310.0,2280.0,2295.0,137500
2015-04-06,1431.94384765625,2270.0,2285.0,2255.0,2285.0,156900
2015-04-07,1413.0194091796875,2240.0,2265.0,2205.0,2265.0,596800
2015-04-08,1400.4033203125,2220.0,2240.0,2220.0,2240.0,140600
2015-04-09,1419.32763671875,2250.0,2270.0,2220.0,2225.0,1091100
2015-04-10,1413.0194091796875,2240.0,2250.0,2235.0,2250.0,201300
2015-04-13,1397.2490234375,2215.0,2270.0,2215.0,2215.0,3070400
2015-04-14,1381.4788818359375,2190.0,2210.0,2190.0,2210.0,1079900
2015-04-15,1349.9381103515625,2140.0,2200.0,2135.0,2200.0,2134200
2015-04-16,1346.7840576171875,2135.0,2185.0,2130.0,2175.0,1608000
2015-04-17,1368.862548828125,2170.0,2170.0,2130.0,2170.0,347400
2015-04-20,1337.322021484375,2120.0,2200.0,2120.0,2135.0,954000
2015-04-21,1327.8597412109375,2105.0,2135.0,2100.0,2125.0,1030400
2015-04-22,1327.8597412109375,2105.0,2145.0,2100.0,2125.0,101900
2015-04-23,1327.8597412109375,2105.0,2120.0,2100.0,2105.0,93700
2015-04-24,1318.3974609375,2090.0,2145.0,2090.0,2120.0,285100
2015-04-27,1249.0078125,1980.0,2080.0,1955.0,2080.0,449400
2015-04-28,1277.3946533203125,2025.0,2035.0,1980.0,2015.0,1353300
2015-04-29,1274.2408447265625,2020.0,2080.0,2010.0,2030.0,680100
2015-04-30,1280.548583984375,2030.0,2125.0,2020.0,2040.0,1288000
2015-05-04,1280.548583984375,2030.0,2050.0,1990.0,2000.0,380000
2015-05-05,1283.702880859375,2035.0,2035.0,2000.0,2005.0,371400
2015-05-06,1331.013916015625,2110.0,2125.0,2000.0,2035.0,2317200
2015-05-07,1331.013916015625,2110.0,2125.0,2060.0,2110.0,1325200
2015-05-08,1321.5516357421875,2095.0,2130.0,2060.0,2100.0,139900
2015-05-11,1280.548583984375,2030.0,2110.0,2030.0,2095.0,399500
2015-05-12,1299.4732666015625,2060.0,2070.0,2030.0,2055.0,183300
2015-05-13,1299.4732666015625,2060.0,2100.0,2035.0,2080.0,736500
2015-05-15,1299.4732666015625,2060.0,2095.0,2045.0,2060.0,118000
2015-05-18,1308.9354248046875,2075.0,2080.0,2035.0,2060.0,45100
2015-05-19,1305.78125,2070.0,2075.0,2030.0,2075.0,410500
2015-05-20,1293.165283203125,2050.0,2070.0,2040.0,2070.0,134100
2015-05-21,1293.165283203125,2050.0,2115.0,2030.0,2065.0,822300
2015-05-22,1286.8568115234375,2040.0,2075.0,2035.0,2050.0,62500
2015-05-25,1283.702880859375,2035.0,2040.0,2030.0,2040.0,324700
2015-05-26,1283.702880859375,2035.0,2065.0,2035.0,2065.0,7900
2015-05-27,1277.3946533203125,2025.0,2055.0,2025.0,2055.0,157500
2015-05-28,1290.0111083984375,2045.0,2050.0,2015.0,2030.0,110900
2015-05-29,1293.165283203125,2050.0,2050.0,2015.0,2025.0,448800
2015-06-01,1280.548583984375,2030.0,2060.0,2030.0,2050.0,91100
2015-06-03,1274.2408447265625,2020.0,2040.0,2000.0,2040.0,276400
2015-06-04,1261.6246337890625,2000.0,2040.0,2000.0,2025.0,150100
2015-06-05,1277.3946533203125,2025.0,2045.0,2000.0,2030.0,556000
2015-06-08,1252.162109375,1985.0,2100.0,1980.0,2100.0,224100
2015-06-09,1261.6246337890625,2000.0,2025.0,1945.0,1985.0,682000
2015-06-10,1271.086669921875,2015.0,2025.0,2000.0,2020.0,339600
2015-06-11,1306.267822265625,2005.0,2020.0,1975.0,1985.0,314500
2015-06-12,1303.010498046875,2000.0,2025.0,1975.0,1980.0,82200
2015-06-15,1283.465087890625,1970.0,2000.0,1970.0,1975.0,462400
2015-06-16,1276.9500732421875,1960.0,1970.0,1950.0,1960.0,31600
2015-06-17,1270.43505859375,1950.0,2015.0,1950.0,1960.0,381900
2015-06-18,1296.495361328125,1990.0,2000.0,1945.0,1960.0,206700
2015-06-19,1296.495361328125,1990.0,2020.0,1985.0,1990.0,829400
2015-06-22,1299.7528076171875,1995.0,2015.0,1975.0,1990.0,659400
2015-06-23,1303.010498046875,2000.0,2000.0,1985.0,2000.0,221400
2015-06-24,1293.2376708984375,1985.0,2005.0,1985.0,2000.0,634800
2015-06-25,1267.177734375,1945.0,1985.0,1935.0,1985.0,544000
2015-06-26,1303.010498046875,2000.0,2000.0,1940.0,1940.0,2592800
2015-06-29,1303.010498046875,2000.0,2005.0,1955.0,1985.0,1152100
2015-06-30,1303.010498046875,2000.0,2020.0,1950.0,2000.0,5023500
2015-07-01,1296.495361328125,1990.0,1995.0,1955.0,1970.0,297000
2015-07-02,1299.7528076171875,1995.0,1995.0,1985.0,1985.0,104500
2015-07-03,1303.010498046875,2000.0,2000.0,1985.0,1990.0,759000
2015-07-06,1299.7528076171875,1995.0,2000.0,1950.0,2000.0,513400
2015-07-07,1273.6923828125,1955.0,2005.0,1950.0,2000.0,1334800
2015-07-08,1293.2376708984375,1985.0,1985.0,1945.0,1975.0,535400
2015-07-09,1289.9798583984375,1980.0,1985.0,1955.0,1985.0,226400
2015-07-10,1283.465087890625,1970.0,1980.0,1940.0,1980.0,721900
2015-07-13,1299.7528076171875,1995.0,1995.0,1960.0,1970.0,409200
2015-07-14,1303.010498046875,2000.0,2000.0,1960.0,1995.0,218900
2015-07-15,1296.495361328125,1990.0,2005.0,1970.0,2000.0,421100
2015-07-22,1303.010498046875,2000.0,2010.0,1975.0,2000.0,816000
2015-07-23,1303.010498046875,2000.0,2000.0,1985.0,2000.0,135200
2015-07-24,1303.010498046875,2000.0,2000.0,1970.0,1990.0,636900
2015-07-27,1283.465087890625,1970.0,2000.0,1970.0,2000.0,58500
2015-07-28,1270.43505859375,1950.0,1990.0,1925.0,1990.0,701700
2015-07-29,1283.465087890625,1970.0,1970.0,1935.0,1950.0,1814900
2015-07-30,1286.7227783203125,1975.0,1975.0,1940.0,1970.0,1565400
2015-07-31,1280.2076416015625,1965.0,1965.0,1940.0,1955.0,2120900
2015-08-03,1267.177734375,1945.0,1965.0,1940.0,1950.0,839000
2015-08-04,1270.43505859375,1950.0,1950.0,1945.0,1950.0,141600
2015-08-05,1260.66259765625,1935.0,1950.0,1925.0,1935.0,1280000
2015-08-06,1260.66259765625,1935.0,1950.0,1900.0,1950.0,599300
2015-08-07,1267.177734375,1945.0,1945.0,1900.0,1935.0,327800
2015-08-10,1267.177734375,1945.0,1945.0,1905.0,1910.0,590300
2015-08-11,1237.8597412109375,1900.0,1920.0,1890.0,1920.0,750600
2015-08-12,1205.284423828125,1850.0,1900.0,1690.0,1900.0,1716300
2015-08-13,1198.76953125,1840.0,1940.0,1795.0,1795.0,535500
2015-08-14,1205.284423828125,1850.0,1890.0,1810.0,1810.0,662100
2015-08-18,1202.027099609375,1845.0,1885.0,1815.0,1885.0,325100
2015-08-19,1188.9969482421875,1825.0,1845.0,1775.0,1800.0,508200
2015-08-20,1166.1943359375,1790.0,1800.0,1765.0,1800.0,257500
2015-08-21,1140.134033203125,1750.0,1750.0,1700.0,1750.0,240100
2015-08-24,1078.2410888671875,1655.0,1800.0,1610.0,1800.0,613100
2015-08-25,1065.2110595703125,1635.0,1675.0,1635.0,1650.0,701200
2015-08-26,1055.4383544921875,1620.0,1635.0,1605.0,1620.0,272400
2015-08-27,1061.9534912109375,1630.0,1660.0,1615.0,1630.0,1000000
2015-08-28,1061.9534912109375,1630.0,1655.0,1625.0,1640.0,2066400
2015-08-31,1055.4383544921875,1620.0,1640.0,1600.0,1625.0,260000
2015-09-01,1055.4383544921875,1620.0,1640.0,1615.0,1630.0,330800
2015-09-02,1055.4383544921875,1620.0,1635.0,1620.0,1625.0,149400
2015-09-03,1058.6959228515625,1625.0,1635.0,1615.0,1630.0,586400
2015-09-04,1055.4383544921875,1620.0,1630.0,1610.0,1625.0,130800
2015-09-07,1039.150634765625,1595.0,1610.0,1595.0,1610.0,350000
2015-09-08,1039.150634765625,1595.0,1600.0,1590.0,1600.0,184200
2015-09-09,1042.4083251953125,1600.0,1605.0,1595.0,1600.0,449600
2015-09-10,1042.4083251953125,1600.0,1620.0,1595.0,1600.0,179800
2015-09-11,1042.4083251953125,1600.0,1625.0,1600.0,1620.0,277200
2015-09-14,1058.6959228515625,1625.0,1625.0,1610.0,1610.0,7800
2015-09-15,1058.6959228515625,1625.0,1635.0,1620.0,1630.0,58000
2015-09-16,1055.4383544921875,1620.0,1630.0,1605.0,1630.0,63400
2015-09-17,1039.150634765625,1595.0,1625.0,1595.0,1625.0,87600
2015-09-18,1042.4083251953125,1600.0,1625.0,1600.0,1615.0,165800
2015-09-21,1045.665771484375,1605.0,1620.0,1600.0,1600.0,126400
2015-09-22,1048.92333984375,1610.0,1615.0,1605.0,1605.0,145300
2015-09-23,1039.150634765625,1595.0,1610.0,1585.0,1610.0,203700
2015-09-25,1032.6356201171875,1585.0,1605.0,1585.0,1595.0,10200
2015-09-28,1029.3780517578125,1580.0,1585.0,1575.0,1585.0,161400
2015-09-29,996.802978515625,1530.0,1580.0,1520.0,1550.0,161700
2015-09-30,996.802978515625,1530.0,1545.0,1525.0,1530.0,246800
2015-10-01,996.802978515625,1530.0,1555.0,1520.0,1550.0,124300
2015-10-02,996.802978515625,1530.0,1575.0,1520.0,1520.0,224100
2015-10-05,1003.3179931640625,1540.0,1550.0,1525.0,1530.0,687200
2015-10-06,1016.3482055664062,1560.0,1580.0,1540.0,1540.0,1444700
2015-10-07,1026.1204833984375,1575.0,1615.0,1560.0,1580.0,542600
2015-10-08,1042.4083251953125,1600.0,1615.0,1575.0,1600.0,2248700
2015-10-09,1071.7259521484375,1645.0,1675.0,1625.0,1625.0,1088700
2015-10-12,1088.013916015625,1670.0,1690.0,1650.0,1650.0,242100
2015-10-13,1088.013916015625,1670.0,1675.0,1645.0,1675.0,1420800
2015-10-15,1084.75634765625,1665.0,1680.0,1665.0,1670.0,714400
2015-10-16,1088.013916015625,1670.0,1670.0,1650.0,1665.0,2930400
2015-10-19,1088.013916015625,1670.0,1695.0,1665.0,1695.0,812400
2015-10-20,1104.30126953125,1695.0,1720.0,1690.0,1700.0,1096100
2015-10-21,1117.331298828125,1715.0,1735.0,1695.0,1695.0,1699900
2015-10-22,1107.55859375,1700.0,1750.0,1700.0,1720.0,365800
2015-10-23,1120.5889892578125,1720.0,1750.0,1710.0,1750.0,28000
2015-10-26,1104.30126953125,1695.0,1720.0,1695.0,1720.0,2171800
2015-10-27,1114.073974609375,1710.0,1740.0,1695.0,1695.0,255900
2015-10-28,1107.55859375,1700.0,1740.0,1695.0,1740.0,534100
2015-10-29,1104.30126953125,1695.0,1710.0,1695.0,1710.0,1625700
2015-10-30,1107.55859375,1700.0,1700.0,1695.0,1700.0,2041400
2015-11-02,1107.55859375,1700.0,1710.0,1695.0,1710.0,1024600
2015-11-03,1123.8465576171875,1725.0,1725.0,1705.0,1705.0,93900
2015-11-04,1114.073974609375,1710.0,1725.0,1700.0,1725.0,93300
2015-11-05,1107.55859375,1700.0,1710.0,1700.0,1710.0,27300
2015-11-06,1123.8465576171875,1725.0,1725.0,1700.0,1705.0,43200
2015-11-09,1104.30126953125,1695.0,1725.0,1690.0,1725.0,350800
2015-11-10,1114.073974609375,1710.0,1715.0,1695.0,1695.0,227400
2015-11-11,1114.073974609375,1710.0,1715.0,1695.0,1710.0,453200
2015-11-12,1097.786376953125,1685.0,1710.0,1685.0,1710.0,78800
2015-11-13,1107.55859375,1700.0,1700.0,1630.0,1630.0,4800
2015-11-16,1107.55859375,1700.0,1710.0,1690.0,1695.0,509100
2015-11-17,1110.81640625,1705.0,1710.0,1700.0,1705.0,157300
2015-11-18,1107.55859375,1700.0,1705.0,1695.0,1705.0,14800
2015-11-19,1114.073974609375,1710.0,1710.0,1700.0,1700.0,122300
2015-11-20,1084.75634765625,1665.0,1710.0,1650.0,1700.0,119700
2015-11-23,1094.52880859375,1680.0,1700.0,1680.0,1700.0,200
2015-11-24,1127.10400390625,1730.0,1730.0,1680.0,1730.0,249300
2015-11-25,1114.073974609375,1710.0,1730.0,1680.0,1730.0,102700
2015-11-26,1127.10400390625,1730.0,1730.0,1700.0,1710.0,306900
2015-11-27,1133.619140625,1740.0,1800.0,1720.0,1730.0,63500
2015-11-30,1136.8765869140625,1745.0,1785.0,1740.0,1785.0,84900
2015-12-01,1133.619140625,1740.0,1750.0,1720.0,1730.0,36800
2015-12-02,1133.619140625,1740.0,1750.0,1740.0,1750.0,12300
2015-12-03,1120.5889892578125,1720.0,1770.0,1710.0,1730.0,207700
2015-12-04,1117.331298828125,1715.0,1720.0,1700.0,1720.0,726000
2015-12-07,1104.30126953125,1695.0,1715.0,1655.0,1715.0,124000
2015-12-08,1107.55859375,1700.0,1710.0,1685.0,1695.0,356900
2015-12-09,1107.55859375,1700.0,1700.0,1700.0,1700.0,0
2015-12-10,1110.81640625,1705.0,1710.0,1705.0,1710.0,25700
2015-12-11,1101.043701171875,1690.0,1700.0,1650.0,1690.0,180000
2015-12-14,1104.30126953125,1695.0,1700.0,1625.0,1660.0,88100
2015-12-15,1101.043701171875,1690.0,1695.0,1675.0,1695.0,19800
2015-12-16,1107.55859375,1700.0,1720.0,1660.0,1660.0,682600
2015-12-17,1107.55859375,1700.0,1705.0,1695.0,1695.0,1148600
2015-12-18,1107.55859375,1700.0,1705.0,1690.0,1705.0,68900
2015-12-21,1101.043701171875,1690.0,1700.0,1680.0,1700.0,56600
2015-12-22,1101.043701171875,1690.0,1725.0,1690.0,1725.0,700
2015-12-23,1088.013916015625,1670.0,1690.0,1630.0,1675.0,54700
2015-12-28,1133.619140625,1740.0,1740.0,1670.0,1670.0,183800
2015-12-29,1153.1641845703125,1770.0,1800.0,1685.0,1685.0,124200
2015-12-30,1140.134033203125,1750.0,1790.0,1700.0,1700.0,347500
2016-01-04,1136.8765869140625,1745.0,1750.0,1715.0,1750.0,217400
2016-01-05,1136.8765869140625,1745.0,1745.0,1720.0,1745.0,70200
2016-01-06,1136.8765869140625,1745.0,1750.0,1720.0,1745.0,196600
2016-01-07,1120.5889892578125,1720.0,1745.0,1720.0,1745.0,26500
2016-01-08,1120.5889892578125,1720.0,1745.0,1720.0,1720.0,57400
2016-01-11,1136.8765869140625,1745.0,1745.0,1720.0,1720.0,30900
2016-01-12,1127.10400390625,1730.0,1735.0,1720.0,1735.0,5100
2016-01-13,1120.5889892578125,1720.0,1770.0,1705.0,1750.0,371400
2016-01-14,1120.5889892578125,1720.0,1720.0,1685.0,1700.0,579400
2016-01-15,1140.134033203125,1750.0,1750.0,1710.0,1710.0,91700
2016-01-18,1140.134033203125,1750.0,1760.0,1720.0,1720.0,178000
2016-01-19,1146.6490478515625,1760.0,1795.0,1725.0,1770.0,1900
2016-01-20,1159.679443359375,1780.0,1780.0,1740.0,1770.0,9200
2016-01-21,1114.073974609375,1710.0,1780.0,1705.0,1715.0,7100
2016-01-22,1172.70947265625,1800.0,1800.0,1770.0,1780.0,16200
2016-01-25,1182.48193359375,1815.0,1820.0,1750.0,1770.0,202700
2016-01-26,1143.3917236328125,1755.0,1800.0,1750.0,1800.0,64300
2016-01-27,1159.679443359375,1780.0,1810.0,1780.0,1800.0,1900
2016-01-28,1146.6490478515625,1760.0,1780.0,1750.0,1780.0,141600
2016-01-29,1146.6490478515625,1760.0,1800.0,1760.0,1800.0,53700
2016-02-01,1133.619140625,1740.0,1790.0,1740.0,1760.0,44500
2016-02-02,1133.619140625,1740.0,1740.0,1720.0,1720.0,67200
2016-02-03,1123.8465576171875,1725.0,1790.0,1725.0,1725.0,12400
2016-02-04,1140.134033203125,1750.0,1755.0,1720.0,1725.0,157300
2016-02-05,1153.1641845703125,1770.0,1780.0,1740.0,1780.0,1200
2016-02-09,1149.90673828125,1765.0,1775.0,1750.0,1765.0,81900
2016-02-10,1146.6490478515625,1760.0,1765.0,1745.0,1765.0,6500
2016-02-11,1146.6490478515625,1760.0,1770.0,1750.0,1770.0,53100
2016-02-12,1146.6490478515625,1760.0,1770.0,1760.0,1770.0,27800
2016-02-15,1143.3917236328125,1755.0,1770.0,1750.0,1770.0,11500
2016-02-16,1140.134033203125,1750.0,1750.0,1750.0,1750.0,900
2016-02-17,1149.90673828125,1765.0,1765.0,1765.0,1765.0,100
2016-02-18,1140.134033203125,1750.0,1780.0,1750.0,1770.0,374100
2016-02-19,1140.134033203125,1750.0,1770.0,1750.0,1770.0,300
2016-02-22,1153.1641845703125,1770.0,1770.0,1770.0,1770.0,1300
2016-02-23,1140.134033203125,1750.0,1770.0,1725.0,1770.0,170600
2016-02-24,1130.3614501953125,1735.0,1770.0,1735.0,1770.0,8200
2016-02-25,1140.134033203125,1750.0,1765.0,1750.0,1765.0,300
2016-02-26,1140.134033203125,1750.0,1770.0,1750.0,1770.0,52200
2016-02-29,1140.134033203125,1750.0,1750.0,1750.0,1750.0,25300
2016-03-01,1146.6490478515625,1760.0,1760.0,1760.0,1760.0,500
2016-03-02,1149.90673828125,1765.0,1770.0,1760.0,1770.0,20700
2016-03-03,1172.70947265625,1800.0,1805.0,1770.0,1770.0,117900
2016-03-04,1169.451904296875,1795.0,1800.0,1785.0,1800.0,28600
2016-03-07,1172.70947265625,1800.0,1825.0,1795.0,1795.0,24000
2016-03-08,1188.9969482421875,1825.0,1825.0,1800.0,1805.0,287200
2016-03-10,1185.739501953125,1820.0,1830.0,1820.0,1830.0,42100
2016-03-11,1185.739501953125,1820.0,1820.0,1820.0,1820.0,0
2016-03-14,1185.739501953125,1820.0,1820.0,1820.0,1820.0,0
2016-03-15,1221.572021484375,1875.0,1875.0,1850.0,1850.0,23900
2016-03-16,1247.6324462890625,1915.0,1920.0,1855.0,1875.0,15800
2016-03-17,1247.6324462890625,1915.0,1915.0,1875.0,1915.0,10200
2016-03-18,1241.1173095703125,1905.0,1930.0,1815.0,1915.0,85700
2016-03-21,1241.1173095703125,1905.0,1905.0,1850.0,1905.0,2400
2016-03-22,1205.284423828125,1850.0,1905.0,1850.0,1905.0,56500
2016-03-23,1234.6025390625,1895.0,1905.0,1855.0,1905.0,800
2016-03-24,1234.6025390625,1895.0,1900.0,1895.0,1900.0,32300
2016-03-28,1221.572021484375,1875.0,1895.0,1875.0,1895.0,1300
2016-03-29,1221.572021484375,1875.0,1900.0,1845.0,1900.0,6300
2016-03-30,1221.572021484375,1875.0,1890.0,1860.0,1875.0,72200
2016-03-31,1283.465087890625,1970.0,1995.0,1870.0,1895.0,260200
2016-04-01,1348.61572265625,2070.0,2070.0,1890.0,1970.0,89900
2016-04-04,1283.465087890625,1970.0,2070.0,1960.0,2070.0,45700
2016-04-05,1270.43505859375,1950.0,1980.0,1950.0,1980.0,3200
2016-04-06,1276.9500732421875,1960.0,1970.0,1950.0,1970.0,4000
2016-04-07,1270.43505859375,1950.0,1960.0,1940.0,1950.0,673600
2016-04-08,1270.43505859375,1950.0,1960.0,1930.0,1950.0,34200
2016-04-11,1270.43505859375,1950.0,1950.0,1950.0,1950.0,0
2016-04-12,1260.66259765625,1935.0,1935.0,1930.0,1935.0,89800
2016-04-13,1260.66259765625,1935.0,1935.0,1935.0,1935.0,0
2016-04-14,1260.66259765625,1935.0,1935.0,1935.0,1935.0,0
2016-04-15,1260.66259765625,1935.0,1935.0,1935.0,1935.0,0
2016-04-18,1260.66259765625,1935.0,1935.0,1935.0,1935.0,0
2016-04-19,1260.66259765625,1935.0,1935.0,1935.0,1935.0,0
2016-04-20,1237.8597412109375,1900.0,1910.0,1900.0,1900.0,5300
2016-04-21,1237.8597412109375,1900.0,1905.0,1900.0,1900.0,25300
2016-04-22,1270.43505859375,1950.0,1950.0,1900.0,1900.0,57500
2016-04-25,1263.920166015625,1940.0,1950.0,1900.0,1950.0,11800
2016-04-26,1260.66259765625,1935.0,1950.0,1900.0,1940.0,36100
2016-04-27,1257.40478515625,1930.0,1935.0,1930.0,1935.0,35500
2016-04-28,1257.40478515625,1930.0,1950.0,1930.0,1950.0,2640400
2016-04-29,1303.010498046875,2000.0,2015.0,1940.0,2015.0,162500
2016-05-02,1280.2076416015625,1965.0,2000.0,1965.0,2000.0,2300
2016-05-03,1263.920166015625,1940.0,1965.0,1940.0,1965.0,381400
2016-05-04,1286.7227783203125,1975.0,1975.0,1905.0,1940.0,71500
2016-05-09,1276.9500732421875,1960.0,1985.0,1960.0,1975.0,204900
2016-05-10,1276.9500732421875,1960.0,1975.0,1950.0,1960.0,103900
2016-05-11,1276.9500732421875,1960.0,1965.0,1955.0,1960.0,210800
2016-05-12,1283.465087890625,1970.0,1990.0,1960.0,1960.0,604800
2016-05-13,1283.465087890625,1970.0,1975.0,1970.0,1970.0,91400
2016-05-16,1280.2076416015625,1965.0,1970.0,1960.0,1960.0,72700
2016-05-17,1244.374755859375,1910.0,1950.0,1905.0,1945.0,133300
2016-05-18,1270.43505859375,1950.0,1950.0,1850.0,1895.0,52600
2016-05-19,1276.9500732421875,1960.0,1960.0,1930.0,1930.0,4
2016-05-20,1257.40478515625,1930.0,1940.0,1920.0,1920.0,4
2016-05-23,1260.66259765625,1935.0,1940.0,1925.0,1940.0,4
2016-05-24,1257.40478515625,1930.0,1935.0,1920.0,1935.0,127000
2016-05-25,1257.40478515625,1930.0,1930.0,1870.0,1900.0,232500
2016-05-26,1250.889892578125,1920.0,1930.0,1890.0,1930.0,406500
2016-05-27,1244.374755859375,1910.0,1910.0,1875.0,1900.0,329200
2016-05-30,1254.1473388671875,1925.0,1925.0,1915.0,1915.0,2561300
2016-05-31,1241.1173095703125,1905.0,1905.0,1905.0,1905.0,12500
2016-06-01,1241.1173095703125,1905.0,1905.0,1905.0,1905.0,31000
2016-06-02,1237.8597412109375,1900.0,1905.0,1890.0,1905.0,176600
2016-06-03,1231.3447265625,1890.0,1900.0,1890.0,1890.0,449800
2016-06-06,1237.8597412109375,1900.0,1900.0,1885.0,1885.0,305500
2016-06-07,1231.3447265625,1890.0,1900.0,1855.0,1900.0,288100
2016-06-08,1237.8597412109375,1900.0,1900.0,1875.0,1900.0,605900
2016-06-09,1228.0872802734375,1885.0,1900.0,1880.0,1895.0,195700
2016-06-10,1231.3447265625,1890.0,1895.0,1870.0,1885.0,205800
2016-06-13,1205.284423828125,1850.0,1890.0,1850.0,1890.0,39100
2016-06-14,1228.0872802734375,1885.0,1885.0,1855.0,1855.0,44000
2016-06-15,1228.0872802734375,1885.0,1885.0,1885.0,1885.0,42100
2016-06-16,1228.0872802734375,1885.0,1895.0,1870.0,1885.0,59800
2016-06-17,1166.1943359375,1790.0,1890.0,1790.0,1885.0,302700
2016-06-20,1175.9669189453125,1805.0,1890.0,1805.0,1825.0,283400
2016-06-21,1172.70947265625,1800.0,1815.0,1755.0,1810.0,1709800
2016-06-22,1172.70947265625,1800.0,1820.0,1780.0,1820.0,146600
2016-06-23,1179.2244873046875,1810.0,1810.0,1750.0,1800.0,236100
2016-06-24,1166.1943359375,1790.0,1830.0,1770.0,1800.0,692000
2016-06-27,1166.1943359375,1790.0,1800.0,1785.0,1800.0,311600
2016-06-28,1162.9368896484375,1785.0,1785.0,1770.0,1780.0,1064400
2016-06-29,1179.6934814453125,1760.0,1775.0,1735.0,1760.0,1281600
2016-06-30,1162.9368896484375,1735.0,1770.0,1730.0,1760.0,1274800
2016-07-01,1186.396728515625,1770.0,1770.0,1725.0,1735.0,347600
2016-07-11,1179.6934814453125,1760.0,1770.0,1750.0,1765.0,332200
2016-07-12,1193.099365234375,1780.0,1785.0,1750.0,1760.0,596100
2016-07-13,1250.0732421875,1865.0,1900.0,1785.0,1865.0,920500
2016-07-14,1253.424560546875,1870.0,1910.0,1840.0,1870.0,564700
2016-07-15,1296.992919921875,1935.0,1950.0,1870.0,1870.0,1173700
2016-07-18,1280.2359619140625,1910.0,1950.0,1880.0,1945.0,110700
2016-07-19,1286.9388427734375,1920.0,1950.0,1895.0,1950.0,636300
2016-07-20,1327.155517578125,1980.0,1990.0,1925.0,1925.0,1633100
2016-07-21,1330.5069580078125,1985.0,2010.0,1970.0,2000.0,142900
2016-07-22,1283.58740234375,1915.0,2000.0,1915.0,2000.0,743400
2016-07-25,1340.5611572265625,2000.0,2020.0,1950.0,1950.0,1579200
2016-07-26,1347.263916015625,2010.0,2040.0,1995.0,2000.0,89300
2016-07-27,1347.263916015625,2010.0,2030.0,2000.0,2010.0,127600
2016-07-28,1340.5611572265625,2000.0,2050.0,2000.0,2010.0,111300
2016-07-29,1347.263916015625,2010.0,2080.0,2000.0,2000.0,158200
2016-08-01,1347.263916015625,2010.0,2050.0,2000.0,2010.0,380500
2016-08-02,1407.5892333984375,2100.0,2110.0,2020.0,2050.0,452900
2016-08-03,1347.263916015625,2010.0,2150.0,2000.0,2150.0,824100
2016-08-04,1360.6697998046875,2030.0,2080.0,2030.0,2030.0,51300
2016-08-05,1501.428466796875,2240.0,2250.0,2020.0,2030.0,1768100
2016-08-08,1555.0509033203125,2320.0,2350.0,2250.0,2270.0,1209500
2016-08-09,1555.0509033203125,2320.0,2380.0,2300.0,2350.0,699400
2016-08-10,1555.0509033203125,2320.0,2350.0,2300.0,2320.0,712800
2016-08-11,1514.833984375,2260.0,2350.0,2220.0,2220.0,445800
2016-08-12,1508.1312255859375,2250.0,2300.0,2230.0,2260.0,200500
2016-08-15,1488.0230712890625,2220.0,2250.0,2100.0,2250.0,197500
2016-08-16,1454.5087890625,2170.0,2220.0,2160.0,2160.0,92300
2016-08-18,1474.6173095703125,2200.0,2240.0,2150.0,2170.0,248700
2016-08-19,1494.7257080078125,2230.0,2250.0,2170.0,2200.0,55100
2016-08-22,1461.2115478515625,2180.0,2230.0,2170.0,2200.0,10800
2016-08-23,1481.3201904296875,2210.0,2220.0,2110.0,2110.0,34200
2016-08-24,1474.6173095703125,2200.0,2220.0,2200.0,2220.0,27500
2016-08-25,1488.0230712890625,2220.0,2250.0,2200.0,2220.0,65400
2016-08-26,1508.1312255859375,2250.0,2260.0,2210.0,2260.0,46400
2016-08-29,1481.3201904296875,2210.0,2240.0,2180.0,2240.0,39000
2016-08-30,1488.0230712890625,2220.0,2240.0,2180.0,2210.0,297500
2016-08-31,1494.7257080078125,2230.0,2230.0,2200.0,2220.0,114500
2016-09-01,1474.6173095703125,2200.0,2230.0,2200.0,2230.0,115600
2016-09-02,1474.6173095703125,2200.0,2230.0,2200.0,2200.0,221200
2016-09-05,1420.9947509765625,2120.0,2250.0,2100.0,2250.0,610700
2016-09-06,1420.9947509765625,2120.0,2130.0,2120.0,2130.0,377700
2016-09-07,1441.1031494140625,2150.0,2170.0,2120.0,2170.0,3600
2016-09-08,1447.8062744140625,2160.0,2170.0,2140.0,2160.0,88200
2016-09-09,1447.8062744140625,2160.0,2190.0,2090.0,2100.0,120200
2016-09-13,1407.5892333984375,2100.0,2150.0,2080.0,2150.0,156600
2016-09-14,1367.3721923828125,2040.0,2080.0,2020.0,2080.0,122500
2016-09-15,1400.8863525390625,2090.0,2090.0,2050.0,2050.0,39100
2016-09-16,1427.6976318359375,2130.0,2150.0,2090.0,2090.0,1600
2016-09-19,1400.8863525390625,2090.0,2100.0,2040.0,2100.0,102400
2016-09-20,1367.3721923828125,2040.0,2060.0,2040.0,2060.0,46500
2016-09-21,1374.0753173828125,2050.0,2100.0,2020.0,2020.0,6900
2016-09-22,1434.400634765625,2140.0,2200.0,2050.0,2050.0,164400
2016-09-23,1434.400634765625,2140.0,2140.0,2100.0,2140.0,65200
2016-09-26,1407.5892333984375,2100.0,2130.0,2100.0,2110.0,101200
2016-09-27,1414.2921142578125,2110.0,2150.0,2080.0,2100.0,2700
2016-09-28,1387.480712890625,2070.0,2150.0,2060.0,2110.0,505700
2016-09-29,1454.5087890625,2170.0,2170.0,2090.0,2090.0,812300
2016-09-30,1508.1312255859375,2250.0,2250.0,2170.0,2170.0,306800
2016-10-03,1474.6173095703125,2200.0,2250.0,2190.0,2250.0,286400
2016-10-04,1488.0230712890625,2220.0,2220.0,2100.0,2200.0,362400
2016-10-05,1441.1031494140625,2150.0,2220.0,2150.0,2220.0,146900
2016-10-06,1434.400634765625,2140.0,2170.0,2140.0,2150.0,154800
2016-10-07,1454.5087890625,2170.0,2170.0,2110.0,2110.0,58400
2016-10-10,1441.1031494140625,2150.0,2200.0,2150.0,2170.0,62600
2016-10-11,1474.6173095703125,2200.0,2200.0,2110.0,2150.0,18200
2016-10-12,1454.5087890625,2170.0,2220.0,2100.0,2220.0,114900
2016-10-13,1441.1031494140625,2150.0,2170.0,2150.0,2170.0,74500
2016-10-14,1414.2921142578125,2110.0,2150.0,2110.0,2150.0,1900
2016-10-17,1434.400634765625,2140.0,2140.0,2120.0,2130.0,141500
2016-10-18,1454.5087890625,2170.0,2170.0,2120.0,2140.0,208100
2016-10-19,1427.6976318359375,2130.0,2170.0,2120.0,2170.0,17800
2016-10-20,1427.6976318359375,2130.0,2130.0,2130.0,2130.0,0
2016-10-21,1447.8062744140625,2160.0,2160.0,2160.0,2160.0,100
2016-10-24,1434.400634765625,2140.0,2180.0,2120.0,2160.0,59700
2016-10-25,1434.400634765625,2140.0,2140.0,2060.0,2120.0,1197100
2016-10-26,1400.8863525390625,2090.0,2100.0,2090.0,2100.0,24200
2016-10-27,1407.5892333984375,2100.0,2120.0,2090.0,2090.0,376800
2016-10-28,1427.6976318359375,2130.0,2140.0,2110.0,2140.0,5300
2016-10-31,1441.1031494140625,2150.0,2150.0,2110.0,2110.0,155000
2016-11-01,1441.1031494140625,2150.0,2200.0,2140.0,2150.0,374000
2016-11-02,1441.1031494140625,2150.0,2150.0,2130.0,2140.0,417900
2016-11-03,1441.1031494140625,2150.0,2160.0,2130.0,2130.0,370700
2016-11-04,1441.1031494140625,2150.0,2160.0,2130.0,2150.0,244900
2016-11-07,1447.8062744140625,2160.0,2190.0,2150.0,2150.0,119500
2016-11-08,1447.8062744140625,2160.0,2170.0,2100.0,2160.0,209100
2016-11-09,1400.8863525390625,2090.0,2150.0,2000.0,2150.0,1838400
2016-11-10,1414.2921142578125,2110.0,2140.0,2020.0,2090.0,91600
2016-11-11,1374.0753173828125,2050.0,2060.0,2050.0,2050.0,222700
2016-11-14,1367.3721923828125,2040.0,2050.0,2000.0,2030.0,356900
2016-11-15,1340.5611572265625,2000.0,2040.0,2000.0,2040.0,779300
2016-11-16,1374.0753173828125,2050.0,2050.0,1950.0,2000.0,972900
2016-11-17,1340.5611572265625,2000.0,2050.0,1985.0,2050.0,1078200
2016-11-18,1340.5611572265625,2000.0,2000.0,1995.0,2000.0,1046100
2016-11-21,1327.155517578125,1980.0,2000.0,1980.0,2000.0,1080800
2016-11-22,1337.2099609375,1995.0,2000.0,1980.0,1980.0,210500
2016-11-23,1340.5611572265625,2000.0,2050.0,1995.0,1995.0,853500
2016-11-24,1347.263916015625,2010.0,2050.0,2000.0,2000.0,154300
2016-11-25,1367.3721923828125,2040.0,2050.0,2000.0,2000.0,501200
2016-11-28,1360.6697998046875,2030.0,2040.0,2000.0,2040.0,296900
2016-11-29,1340.5611572265625,2000.0,2020.0,1995.0,2020.0,697800
2016-11-30,1374.0753173828125,2050.0,2050.0,2000.0,2000.0,447300
2016-12-01,1340.5611572265625,2000.0,2050.0,2000.0,2050.0,463300
2016-12-02,1340.5611572265625,2000.0,2020.0,2000.0,2000.0,249000
2016-12-05,1340.5611572265625,2000.0,2050.0,2000.0,2000.0,314900
2016-12-06,1340.5611572265625,2000.0,2010.0,2000.0,2000.0,203400
2016-12-07,1333.8583984375,1990.0,2000.0,1960.0,1970.0,660200
2016-12-08,1330.5069580078125,1985.0,2000.0,1975.0,1990.0,3052600
2016-12-09,1340.5611572265625,2000.0,2000.0,1985.0,1985.0,154000
2016-12-13,1340.5611572265625,2000.0,2000.0,2000.0,2000.0,100
2016-12-14,1337.2099609375,1995.0,2000.0,1940.0,2000.0,182300
2016-12-15,1333.8583984375,1990.0,1990.0,1950.0,1950.0,85400
2016-12-16,1327.155517578125,1980.0,1990.0,1980.0,1990.0,150000
2016-12-19,1293.6414794921875,1930.0,1970.0,1910.0,1910.0,277400
2016-12-20,1290.2901611328125,1925.0,1950.0,1880.0,1930.0,1471600
2016-12-21,1303.6956787109375,1945.0,1950.0,1920.0,1925.0,110400
2016-12-22,1290.2901611328125,1925.0,1965.0,1900.0,1965.0,177200
2016-12-23,1307.0469970703125,1950.0,1950.0,1915.0,1920.0,159200
2016-12-27,1307.0469970703125,1950.0,1950.0,1920.0,1920.0,50400
2016-12-28,1337.2099609375,1995.0,2070.0,1975.0,2000.0,837400
2016-12-29,1337.2099609375,1995.0,2000.0,1970.0,1975.0,429900
2016-12-30,1320.4527587890625,1970.0,1990.0,1920.0,1990.0,2141400
2017-01-02,1320.4527587890625,1970.0,1970.0,1970.0,1970.0,0
2017-01-03,1303.6956787109375,1945.0,1970.0,1935.0,1970.0,700
2017-01-04,1286.9388427734375,1920.0,1945.0,1910.0,1945.0,37100
2017-01-05,1286.9388427734375,1920.0,1920.0,1900.0,1920.0,79300
2017-01-06,1300.34423828125,1940.0,1945.0,1900.0,1920.0,14300
2017-01-09,1300.34423828125,1940.0,1940.0,1940.0,1940.0,3100
2017-01-10,1283.58740234375,1915.0,1940.0,1915.0,1940.0,130600
2017-01-11,1286.9388427734375,1920.0,1920.0,1915.0,1915.0,99600
2017-01-12,1286.9388427734375,1920.0,1920.0,1920.0,1920.0,92300
2017-01-13,1307.0469970703125,1950.0,1950.0,1900.0,1930.0,436100
2017-01-16,1290.2901611328125,1925.0,1950.0,1910.0,1950.0,76600
2017-01-17,1286.9388427734375,1920.0,1930.0,1910.0,1925.0,399800
2017-01-18,1270.1817626953125,1895.0,1920.0,1850.0,1920.0,1050700
2017-01-19,1270.1817626953125,1895.0,1895.0,1895.0,1895.0,10000
2017-01-20,1266.830322265625,1890.0,1910.0,1890.0,1895.0,52900
2017-01-23,1250.0732421875,1865.0,1890.0,1850.0,1890.0,152000
2017-01-24,1253.424560546875,1870.0,1880.0,1870.0,1880.0,149500
2017-01-25,1253.424560546875,1870.0,1875.0,1870.0,1875.0,65400
2017-01-26,1253.424560546875,1870.0,1870.0,1870.0,1870.0,8400
2017-01-27,1260.127685546875,1880.0,1880.0,1860.0,1880.0,157600
2017-01-30,1260.127685546875,1880.0,1880.0,1870.0,1880.0,144300
2017-01-31,1246.721923828125,1860.0,1880.0,1780.0,1860.0,177400
2017-02-01,1253.424560546875,1870.0,1870.0,1860.0,1860.0,500
2017-02-02,1226.6134033203125,1830.0,1870.0,1825.0,1870.0,63600
2017-02-03,1226.6134033203125,1830.0,1870.0,1830.0,1830.0,151100
2017-02-06,1260.127685546875,1880.0,1885.0,1830.0,1830.0,291100
2017-02-07,1256.776123046875,1875.0,1890.0,1875.0,1885.0,200500
2017-02-08,1256.776123046875,1875.0,1875.0,1850.0,1875.0,1017400
2017-02-09,1256.776123046875,1875.0,1890.0,1870.0,1875.0,805900
2017-02-10,1253.424560546875,1870.0,1875.0,1840.0,1875.0,255900
2017-02-13,1243.3704833984375,1855.0,1875.0,1850.0,1870.0,417100
2017-02-14,1240.01904296875,1850.0,1950.0,1850.0,1855.0,173500
2017-02-15,1240.01904296875,1850.0,1850.0,1850.0,1850.0,0
2017-02-16,1233.31640625,1840.0,1860.0,1840.0,1850.0,416400
2017-02-17,1233.31640625,1840.0,1850.0,1830.0,1840.0,556800
2017-02-20,1233.31640625,1840.0,1850.0,1835.0,1840.0,148900
2017-02-21,1233.31640625,1840.0,1845.0,1830.0,1845.0,367900
2017-02-22,1229.96484375,1835.0,1870.0,1825.0,1870.0,1215900
2017-02-23,1226.6134033203125,1830.0,1835.0,1830.0,1835.0,1000200
2017-02-24,1226.6134033203125,1830.0,1830.0,1830.0,1830.0,803900
2017-02-27,1229.96484375,1835.0,1840.0,1835.0,1840.0,25200
2017-02-28,1229.96484375,1835.0,1850.0,1835.0,1835.0,740500
2017-03-01,1233.31640625,1840.0,1850.0,1825.0,1830.0,89700
2017-03-02,1233.31640625,1840.0,1840.0,1840.0,1840.0,22500
2017-03-03,1229.96484375,1835.0,1845.0,1835.0,1840.0,469100
2017-03-06,1246.721923828125,1860.0,1900.0,1810.0,1835.0,287100
2017-03-07,1233.31640625,1840.0,1910.0,1840.0,1880.0,1275300
2017-03-08,1246.721923828125,1860.0,1860.0,1840.0,1840.0,1855900
2017-03-09,1233.31640625,1840.0,1860.0,1840.0,1840.0,65800
2017-03-10,1240.01904296875,1850.0,1900.0,1830.0,1840.0,6700
2017-03-13,1246.721923828125,1860.0,1895.0,1860.0,1895.0,144600
2017-03-14,1266.830322265625,1890.0,1895.0,1890.0,1890.0,1300
2017-03-15,1246.721923828125,1860.0,1860.0,1850.0,1850.0,24800
2017-03-16,1260.127685546875,1880.0,1890.0,1855.0,1880.0,190500
2017-03-17,1243.3704833984375,1855.0,1880.0,1850.0,1880.0,1300
2017-03-20,1256.776123046875,1875.0,1875.0,1855.0,1855.0,20800
2017-03-21,1266.830322265625,1890.0,1900.0,1885.0,1885.0,156700
2017-03-22,1266.830322265625,1890.0,1930.0,1890.0,1890.0,24900
2017-03-23,1273.5328369140625,1900.0,1930.0,1890.0,1930.0,146500
2017-03-24,1273.5328369140625,1900.0,1920.0,1875.0,1920.0,684600
2017-03-27,1273.5328369140625,1900.0,1900.0,1900.0,1900.0,1000
2017-03-29,1273.5328369140625,1900.0,1950.0,1900.0,1950.0,299300
2017-03-30,1307.0469970703125,1950.0,1960.0,1900.0,1950.0,881600
2017-03-31,1313.750244140625,1960.0,1960.0,1940.0,1960.0,245900
2017-04-03,1340.5611572265625,2000.0,2000.0,1960.0,1960.0,159000
2017-04-04,1340.5611572265625,2000.0,2090.0,1980.0,2000.0,473400
2017-04-05,1340.5611572265625,2000.0,2000.0,2000.0,2000.0,0
2017-04-06,1347.263916015625,2010.0,2010.0,1980.0,2000.0,428400
2017-04-07,1337.2099609375,1995.0,2010.0,1990.0,2010.0,623700
2017-04-10,1340.5611572265625,2000.0,2040.0,1990.0,1995.0,846300
2017-04-11,1360.6697998046875,2030.0,2040.0,2000.0,2000.0,295200
2017-04-12,1360.6697998046875,2030.0,2030.0,2020.0,2030.0,520500
2017-04-13,1367.3721923828125,2040.0,2050.0,2040.0,2040.0,336800
2017-04-17,1374.0753173828125,2050.0,2100.0,2040.0,2040.0,350900
2017-04-18,1360.6697998046875,2030.0,2060.0,2030.0,2060.0,809400
2017-04-19,1360.6697998046875,2030.0,2030.0,2030.0,2030.0,0
2017-04-20,1374.0753173828125,2050.0,2050.0,2030.0,2030.0,293300
2017-04-21,1367.3721923828125,2040.0,2050.0,1980.0,2050.0,710800
2017-04-25,1380.778076171875,2060.0,2070.0,2040.0,2040.0,301200
2017-04-26,1380.778076171875,2060.0,2060.0,2060.0,2060.0,101200
2017-04-27,1387.480712890625,2070.0,2080.0,2060.0,2060.0,8600
2017-04-28,1387.480712890625,2070.0,2080.0,2070.0,2070.0,728700
2017-05-02,1387.480712890625,2070.0,2090.0,2060.0,2060.0,44500
2017-05-03,1394.18359375,2080.0,2100.0,2070.0,2070.0,105700
2017-05-04,1394.18359375,2080.0,2100.0,2070.0,2080.0,289100
2017-05-05,1394.18359375,2080.0,2080.0,2060.0,2080.0,243200
2017-05-08,1380.778076171875,2060.0,2080.0,2060.0,2080.0,747700
2017-05-09,1374.0753173828125,2050.0,2070.0,2050.0,2070.0,132900
2017-05-10,1353.966796875,2020.0,2070.0,2020.0,2070.0,242800
2017-05-12,1374.0753173828125,2050.0,2050.0,2040.0,2040.0,50600
2017-05-15,1374.0753173828125,2050.0,2060.0,2040.0,2050.0,190400
2017-05-16,1374.0753173828125,2050.0,2060.0,2040.0,2050.0,153900
2017-05-17,1374.0753173828125,2050.0,2060.0,2050.0,2050.0,102600
2017-05-18,1374.0753173828125,2050.0,2050.0,2040.0,2050.0,247600
2017-05-19,1380.778076171875,2060.0,2070.0,2050.0,2050.0,146700
2017-05-22,1374.0753173828125,2050.0,2050.0,2040.0,2050.0,351900
2017-05-23,1374.0753173828125,2050.0,2060.0,2040.0,2050.0,96500
2017-05-24,1374.0753173828125,2050.0,2060.0,2050.0,2050.0,251900
2017-05-26,1374.0753173828125,2050.0,2060.0,2050.0,2050.0,263000
2017-05-29,1380.778076171875,2060.0,2060.0,2000.0,2000.0,214800
2017-05-30,1380.778076171875,2060.0,2060.0,2050.0,2050.0,66800
2017-05-31,1380.778076171875,2060.0,2060.0,2050.0,2060.0,252400
2017-06-01,1380.778076171875,2060.0,2060.0,2060.0,2060.0,0
2017-06-02,1380.778076171875,2060.0,2060.0,2050.0,2060.0,350300
2017-06-05,1387.480712890625,2070.0,2070.0,2070.0,2070.0,35100
2017-06-06,1387.480712890625,2070.0,2090.0,2070.0,2090.0,154400
2017-06-07,1374.0753173828125,2050.0,2080.0,2000.0,2010.0,400600
2017-06-08,1367.3721923828125,2040.0,2070.0,2000.0,2060.0,817500
2017-06-09,1367.3721923828125,2040.0,2050.0,2030.0,2040.0,275700
2017-06-12,1340.5611572265625,2000.0,2030.0,1920.0,2020.0,778300
2017-06-13,1371.4971923828125,1995.0,2010.0,1985.0,2000.0,426600
2017-06-14,1371.4971923828125,1995.0,2000.0,1995.0,2000.0,34200
2017-06-15,1388.683837890625,2020.0,2020.0,2000.0,2000.0,2100
2017-06-16,1374.9345703125,2000.0,2020.0,1985.0,2000.0,517300
2017-06-19,1388.683837890625,2020.0,2020.0,2000.0,2000.0,8900
2017-06-20,1395.5584716796875,2030.0,2050.0,2000.0,2010.0,143500
2017-06-21,1374.9345703125,2000.0,2030.0,2000.0,2020.0,14800
2017-06-22,1381.809326171875,2010.0,2050.0,2010.0,2010.0,175900
2017-06-23,1381.809326171875,2010.0,2010.0,2010.0,2010.0,0
2017-06-26,1381.809326171875,2010.0,2010.0,2010.0,2010.0,0
2017-06-27,1381.809326171875,2010.0,2010.0,2010.0,2010.0,0
2017-06-28,1381.809326171875,2010.0,2010.0,2010.0,2010.0,0
2017-06-29,1381.809326171875,2010.0,2010.0,2010.0,2010.0,0
2017-06-30,1381.809326171875,2010.0,2010.0,2010.0,2010.0,0
2017-07-03,1316.49951171875,1915.0,2000.0,1900.0,2000.0,506100
2017-07-04,1323.3743896484375,1925.0,1950.0,1915.0,1915.0,38600
2017-07-05,1347.4359130859375,1960.0,1960.0,1950.0,1950.0,5800
2017-07-06,1381.809326171875,2010.0,2010.0,1950.0,1975.0,53600
2017-07-07,1354.310546875,1970.0,1990.0,1950.0,1950.0,365600
2017-07-10,1354.310546875,1970.0,1970.0,1970.0,1970.0,20000
2017-07-11,1357.7479248046875,1975.0,1980.0,1915.0,1940.0,145000
2017-07-12,1357.7479248046875,1975.0,1985.0,1975.0,1975.0,38300
2017-07-13,1340.5611572265625,1950.0,1970.0,1950.0,1970.0,100600
2017-07-14,1350.873291015625,1965.0,1970.0,1950.0,1950.0,14900
2017-07-17,1337.1239013671875,1945.0,1960.0,1940.0,1950.0,135200
2017-07-18,1343.99853515625,1955.0,1965.0,1955.0,1965.0,53100
2017-07-19,1340.5611572265625,1950.0,1960.0,1945.0,1960.0,329900
2017-07-20,1340.5611572265625,1950.0,1965.0,1945.0,1960.0,285400
2017-07-21,1340.5611572265625,1950.0,1950.0,1940.0,1950.0,180700
2017-07-24,1337.1239013671875,1945.0,1955.0,1940.0,1955.0,64900
2017-07-25,1337.1239013671875,1945.0,1950.0,1945.0,1950.0,54100
2017-07-26,1337.1239013671875,1945.0,1950.0,1945.0,1950.0,57700
2017-07-27,1340.5611572265625,1950.0,1950.0,1945.0,1950.0,38100
2017-07-28,1343.99853515625,1955.0,1955.0,1950.0,1950.0,105500
2017-07-31,1330.249267578125,1935.0,1955.0,1935.0,1955.0,70900
2017-08-01,1330.249267578125,1935.0,1935.0,1935.0,1935.0,31600
2017-08-02,1333.6864013671875,1940.0,1955.0,1935.0,1940.0,11400
2017-08-03,1333.6864013671875,1940.0,1940.0,1940.0,1940.0,14200
2017-08-04,1340.5611572265625,1950.0,1950.0,1940.0,1940.0,22000
2017-08-07,1340.5611572265625,1950.0,1955.0,1950.0,1955.0,38000
2017-08-08,1337.1239013671875,1945.0,1950.0,1870.0,1920.0,179500
2017-08-09,1337.1239013671875,1945.0,1945.0,1945.0,1945.0,114300
2017-08-10,1337.1239013671875,1945.0,1950.0,1920.0,1920.0,26000
2017-08-11,1330.249267578125,1935.0,1950.0,1920.0,1920.0,153700
2017-08-14,1337.1239013671875,1945.0,1950.0,1935.0,1935.0,7800
2017-08-15,1340.5611572265625,1950.0,1950.0,1950.0,1950.0,100
2017-08-16,1337.1239013671875,1945.0,1945.0,1900.0,1900.0,400
2017-08-17,1337.1239013671875,1945.0,1945.0,1945.0,1945.0,0
2017-08-18,1337.1239013671875,1945.0,1950.0,1945.0,1945.0,49900
2017-08-21,1337.1239013671875,1945.0,1945.0,1945.0,1945.0,500
2017-08-22,1337.1239013671875,1945.0,1945.0,1945.0,1945.0,7100
2017-08-23,1330.249267578125,1935.0,1935.0,1935.0,1935.0,13100
2017-08-24,1319.9371337890625,1920.0,1930.0,1900.0,1930.0,241800
2017-08-25,1323.3743896484375,1925.0,1925.0,1910.0,1910.0,52400
2017-08-28,1316.49951171875,1915.0,1925.0,1915.0,1925.0,149900
2017-08-29,1316.49951171875,1915.0,1915.0,1900.0,1900.0,190500
2017-08-30,1316.49951171875,1915.0,1920.0,1910.0,1915.0,153000
2017-08-31,1316.49951171875,1915.0,1915.0,1900.0,1915.0,257100
2017-09-01,1316.49951171875,1915.0,1915.0,1915.0,1915.0,0
2017-09-04,1309.6251220703125,1905.0,1915.0,1905.0,1915.0,81100
2017-09-05,1299.31298828125,1890.0,1910.0,1885.0,1910.0,958000
2017-09-06,1295.875732421875,1885.0,1905.0,1885.0,1900.0,118000
2017-09-07,1292.4384765625,1880.0,1900.0,1880.0,1890.0,65600
2017-09-08,1292.4384765625,1880.0,1900.0,1870.0,1900.0,950600
2017-09-11,1289.001220703125,1875.0,1900.0,1870.0,1880.0,351900
2017-09-12,1292.4384765625,1880.0,1900.0,1875.0,1875.0,2600
2017-09-13,1292.4384765625,1880.0,1895.0,1880.0,1895.0,1075000
2017-09-14,1285.563720703125,1870.0,1885.0,1870.0,1875.0,623600
2017-09-15,1289.001220703125,1875.0,1875.0,1860.0,1870.0,342400
2017-09-18,1295.875732421875,1885.0,1885.0,1880.0,1880.0,1100
2017-09-19,1295.875732421875,1885.0,1890.0,1880.0,1890.0,1300
2017-09-20,1299.31298828125,1890.0,1890.0,1865.0,1865.0,1300
2017-09-21,1299.31298828125,1890.0,1890.0,1890.0,1890.0,0
2017-09-22,1292.4384765625,1880.0,1890.0,1880.0,1880.0,14000
2017-09-25,1306.1876220703125,1900.0,1915.0,1880.0,1880.0,6600
2017-09-26,1289.001220703125,1875.0,1880.0,1875.0,1880.0,2600
2017-09-27,1289.001220703125,1875.0,1875.0,1860.0,1875.0,5000
2017-09-28,1292.4384765625,1880.0,1885.0,1880.0,1880.0,1200
2017-09-29,1299.31298828125,1890.0,1890.0,1880.0,1885.0,12700
2017-10-02,1299.31298828125,1890.0,1895.0,1890.0,1890.0,2500
2017-10-03,1278.689208984375,1860.0,1900.0,1860.0,1895.0,351400
2017-10-04,1285.563720703125,1870.0,1870.0,1870.0,1870.0,2300
2017-10-05,1282.12646484375,1865.0,1870.0,1850.0,1870.0,1600
2017-10-06,1285.563720703125,1870.0,1895.0,1870.0,1895.0,7300
2017-10-09,1285.563720703125,1870.0,1895.0,1870.0,1870.0,1300
2017-10-10,1278.689208984375,1860.0,1880.0,1855.0,1880.0,188800
2017-10-11,1275.2515869140625,1855.0,1885.0,1855.0,1875.0,53700
2017-10-12,1254.6278076171875,1825.0,1885.0,1805.0,1855.0,583100
2017-10-13,1261.50244140625,1835.0,1835.0,1825.0,1835.0,377800
2017-10-16,1264.9398193359375,1840.0,1845.0,1835.0,1845.0,2600
2017-10-17,1271.8145751953125,1850.0,1850.0,1845.0,1845.0,5900
2017-10-18,1271.8145751953125,1850.0,1850.0,1850.0,1850.0,100
2017-10-19,1261.50244140625,1835.0,1850.0,1825.0,1850.0,214500
2017-10-20,1330.249267578125,1935.0,1935.0,1835.0,1835.0,75900
2017-10-23,1285.563720703125,1870.0,1935.0,1850.0,1935.0,1000
2017-10-24,1271.8145751953125,1850.0,1880.0,1835.0,1870.0,3400
2017-10-25,1271.8145751953125,1850.0,1860.0,1850.0,1850.0,21300
2017-10-26,1275.2515869140625,1855.0,1870.0,1850.0,1855.0,181300
2017-10-27,1275.2515869140625,1855.0,1870.0,1855.0,1870.0,30000
2017-10-30,1271.8145751953125,1850.0,1870.0,1850.0,1855.0,3226000
2017-10-31,1271.8145751953125,1850.0,1860.0,1850.0,1860.0,1645400
2017-11-01,1271.8145751953125,1850.0,1850.0,1850.0,1850.0,0
2017-11-02,1268.377197265625,1845.0,1845.0,1825.0,1835.0,13500
2017-11-03,1254.6278076171875,1825.0,1845.0,1810.0,1845.0,1110400
2017-11-06,1268.377197265625,1845.0,1845.0,1825.0,1825.0,400
2017-11-07,1264.9398193359375,1840.0,1845.0,1840.0,1840.0,202700
2017-11-08,1264.9398193359375,1840.0,1840.0,1840.0,1840.0,10400
2017-11-09,1264.9398193359375,1840.0,1840.0,1840.0,1840.0,0
2017-11-10,1261.50244140625,1835.0,1840.0,1820.0,1820.0,172600
2017-11-13,1258.0650634765625,1830.0,1840.0,1830.0,1835.0,318800
2017-11-14,1240.8782958984375,1805.0,1830.0,1805.0,1830.0,142100
2017-11-15,1240.8782958984375,1805.0,1805.0,1805.0,1805.0,500
2017-11-16,1244.3157958984375,1810.0,1810.0,1800.0,1800.0,101300
2017-11-17,1240.8782958984375,1805.0,1810.0,1805.0,1810.0,9600
2017-11-20,1240.8782958984375,1805.0,1835.0,1805.0,1835.0,2200
2017-11-21,1237.4410400390625,1800.0,1805.0,1800.0,1800.0,110500
2017-11-22,1240.8782958984375,1805.0,1835.0,1805.0,1835.0,12700
2017-11-23,1240.8782958984375,1805.0,1805.0,1805.0,1805.0,3700
2017-11-24,1240.8782958984375,1805.0,1805.0,1800.0,1805.0,101900
2017-11-27,1237.4410400390625,1800.0,1805.0,1800.0,1805.0,7400
2017-11-28,1237.4410400390625,1800.0,1800.0,1800.0,1800.0,6100
2017-11-29,1237.4410400390625,1800.0,1800.0,1800.0,1800.0,1000
2017-11-30,1237.4410400390625,1800.0,1800.0,1800.0,1800.0,1000
2017-12-01,1237.4410400390625,1800.0,1800.0,1800.0,1800.0,0
2017-12-04,1244.3157958984375,1810.0,1820.0,1800.0,1800.0,700
2017-12-05,1237.4410400390625,1800.0,1800.0,1700.0,1800.0,27100
2017-12-06,1220.25439453125,1775.0,1785.0,1715.0,1785.0,6800
2017-12-07,1203.06787109375,1750.0,1800.0,1750.0,1775.0,26600
2017-12-08,1230.56640625,1790.0,1790.0,1790.0,1790.0,100
2017-12-11,1216.8170166015625,1770.0,1770.0,1770.0,1770.0,200
2017-12-12,1182.4437255859375,1720.0,1750.0,1700.0,1750.0,356700
2017-12-13,1165.2568359375,1695.0,1705.0,1680.0,1700.0,217100
2017-12-14,1165.2568359375,1695.0,1735.0,1695.0,1700.0,31500
2017-12-15,1165.2568359375,1695.0,1695.0,1685.0,1690.0,37200
2017-12-18,1158.38232421875,1685.0,1830.0,1685.0,1800.0,45700
2017-12-19,1154.9449462890625,1680.0,1690.0,1680.0,1690.0,205500
2017-12-20,1161.819580078125,1690.0,1695.0,1680.0,1680.0,156300
2017-12-21,1158.38232421875,1685.0,1700.0,1670.0,1670.0,383300
2017-12-22,1165.2568359375,1695.0,1700.0,1680.0,1685.0,79900
2017-12-25,1165.2568359375,1695.0,1695.0,1695.0,1695.0,0
2017-12-26,1165.2568359375,1695.0,1695.0,1695.0,1695.0,0
2017-12-27,1168.6942138671875,1700.0,1700.0,1700.0,1700.0,20300
2017-12-28,1141.195556640625,1660.0,1700.0,1660.0,1700.0,289000
2017-12-29,1237.4410400390625,1800.0,1800.0,1660.0,1660.0,1016500
2018-01-01,1237.4410400390625,1800.0,1800.0,1800.0,1800.0,0
2018-01-02,1161.819580078125,1690.0,1690.0,1690.0,1690.0,89700
2018-01-03,1161.819580078125,1690.0,1785.0,1690.0,1780.0,51000
2018-01-04,1206.505126953125,1755.0,1755.0,1690.0,1690.0,1100
2018-01-05,1165.2568359375,1695.0,1700.0,1695.0,1700.0,34700
2018-01-08,1168.6942138671875,1700.0,1730.0,1695.0,1695.0,18900
2018-01-09,1168.6942138671875,1700.0,1705.0,1700.0,1705.0,11800
2018-01-10,1175.56884765625,1710.0,1750.0,1710.0,1720.0,2400
2018-01-11,1168.6942138671875,1700.0,1705.0,1690.0,1700.0,7300
2018-01-12,1168.6942138671875,1700.0,1700.0,1700.0,1700.0,6800
2018-01-15,1192.7559814453125,1735.0,1735.0,1700.0,1700.0,700
2018-01-16,1175.56884765625,1710.0,1735.0,1710.0,1735.0,200
2018-01-17,1161.819580078125,1690.0,1710.0,1685.0,1710.0,42900
2018-01-18,1189.3182373046875,1730.0,1735.0,1730.0,1730.0,800
2018-01-19,1175.56884765625,1710.0,1745.0,1710.0,1745.0,6900
2018-01-22,1175.56884765625,1710.0,1715.0,1710.0,1715.0,3100
2018-01-23,1141.195556640625,1660.0,1715.0,1650.0,1715.0,90300
2018-01-24,1165.2568359375,1695.0,1715.0,1690.0,1690.0,4100
2018-01-25,1165.2568359375,1695.0,1700.0,1680.0,1695.0,5400
2018-01-26,1168.6942138671875,1700.0,1715.0,1695.0,1715.0,14000
2018-01-29,1168.6942138671875,1700.0,1705.0,1700.0,1705.0,40600
2018-01-30,1158.38232421875,1685.0,1700.0,1675.0,1700.0,41000
2018-01-31,1141.195556640625,1660.0,1700.0,1655.0,1690.0,121800
2018-02-01,1144.633056640625,1665.0,1695.0,1665.0,1695.0,52400
2018-02-02,1148.0703125,1670.0,1685.0,1665.0,1665.0,30900
2018-02-05,1148.0703125,1670.0,1690.0,1670.0,1670.0,21000
2018-02-06,1134.32080078125,1650.0,1670.0,1640.0,1670.0,139900
2018-02-07,1148.0703125,1670.0,1680.0,1670.0,1680.0,2400
2018-02-08,1137.7581787109375,1655.0,1670.0,1655.0,1670.0,3000
2018-02-09,1130.8834228515625,1645.0,1655.0,1630.0,1650.0,607100
2018-02-12,1127.4462890625,1640.0,1650.0,1635.0,1640.0,743400
2018-02-13,1127.4462890625,1640.0,1645.0,1635.0,1640.0,277300
2018-02-14,1127.4462890625,1640.0,1645.0,1620.0,1645.0,249900
2018-02-15,1127.4462890625,1640.0,1650.0,1640.0,1640.0,576000
2018-02-16,1127.4462890625,1640.0,1640.0,1640.0,1640.0,0
2018-02-19,1124.009033203125,1635.0,1645.0,1620.0,1645.0,107600
2018-02-20,1127.4462890625,1640.0,1640.0,1635.0,1640.0,415700
2018-02-21,1127.4462890625,1640.0,1645.0,1635.0,1645.0,159300
2018-02-22,1127.4462890625,1640.0,1660.0,1635.0,1645.0,88200
2018-02-23,1120.5716552734375,1630.0,1650.0,1630.0,1640.0,172300
2018-02-26,1127.4462890625,1640.0,1650.0,1630.0,1650.0,440800
2018-02-27,1110.2596435546875,1615.0,1630.0,1595.0,1630.0,621600
2018-02-28,1117.13427734375,1625.0,1630.0,1600.0,1600.0,7200
2018-03-01,1127.4462890625,1640.0,1640.0,1625.0,1635.0,142600
2018-03-02,1120.5716552734375,1630.0,1640.0,1630.0,1640.0,31800
2018-03-05,1120.5716552734375,1630.0,1640.0,1630.0,1640.0,44500
2018-03-06,1099.94775390625,1600.0,1630.0,1600.0,1630.0,160500
2018-03-07,1099.94775390625,1600.0,1630.0,1600.0,1605.0,12100
2018-03-08,1110.2596435546875,1615.0,1615.0,1600.0,1600.0,5300
2018-03-09,1113.6968994140625,1620.0,1625.0,1620.0,1625.0,3000
2018-03-12,1099.94775390625,1600.0,1670.0,1600.0,1645.0,48100
2018-03-13,1106.8223876953125,1610.0,1645.0,1600.0,1605.0,21600
2018-03-14,1120.5716552734375,1630.0,1630.0,1605.0,1610.0,2800
2018-03-15,1113.6968994140625,1620.0,1625.0,1620.0,1625.0,2600
2018-03-16,1113.6968994140625,1620.0,1625.0,1620.0,1620.0,7500
2018-03-19,1113.6968994140625,1620.0,1620.0,1600.0,1620.0,12200
2018-03-20,1096.5103759765625,1595.0,1620.0,1590.0,1600.0,117600
2018-03-21,1106.8223876953125,1610.0,1610.0,1605.0,1605.0,3600
2018-03-22,1099.94775390625,1600.0,1655.0,1600.0,1655.0,1500
2018-03-23,1099.94775390625,1600.0,1600.0,1595.0,1600.0,208200
2018-03-26,1099.94775390625,1600.0,1600.0,1585.0,1595.0,37500
2018-03-27,1099.94775390625,1600.0,1625.0,1595.0,1600.0,1077900
2018-03-28,1099.94775390625,1600.0,1645.0,1590.0,1600.0,391800
2018-03-29,1117.13427734375,1625.0,1645.0,1600.0,1605.0,856200
2018-03-30,1117.13427734375,1625.0,1625.0,1625.0,1625.0,0
2018-04-02,1113.6968994140625,1620.0,1625.0,1620.0,1625.0,338300
2018-04-03,1117.13427734375,1625.0,1635.0,1615.0,1625.0,424400
2018-04-04,1113.6968994140625,1620.0,1625.0,1620.0,1625.0,7100
2018-04-05,1099.94775390625,1600.0,1620.0,1590.0,1620.0,281300
2018-04-06,1096.5103759765625,1595.0,1605.0,1575.0,1605.0,89600
2018-04-09,1096.5103759765625,1595.0,1605.0,1595.0,1605.0,21400
2018-04-10,1099.94775390625,1600.0,1600.0,1595.0,1595.0,32200
2018-04-11,1120.5716552734375,1630.0,1630.0,1605.0,1605.0,141300
2018-04-12,1134.32080078125,1650.0,1900.0,1630.0,1630.0,934900
2018-04-13,1134.32080078125,1650.0,1650.0,1620.0,1650.0,218900
2018-04-16,1134.32080078125,1650.0,1650.0,1650.0,1650.0,0
2018-04-17,1134.32080078125,1650.0,1650.0,1650.0,1650.0,0
2018-04-18,1099.94775390625,1600.0,1650.0,1600.0,1645.0,115500
2018-04-19,1099.94775390625,1600.0,1600.0,1600.0,1600.0,0
2018-04-20,1099.94775390625,1600.0,1600.0,1600.0,1600.0,0
2018-04-23,1096.5103759765625,1595.0,1635.0,1595.0,1635.0,185700
2018-04-24,1106.8223876953125,1610.0,1630.0,1610.0,1630.0,80800
2018-04-25,1106.8223876953125,1610.0,1610.0,1610.0,1610.0,0
2018-04-26,1106.8223876953125,1610.0,1610.0,1610.0,1610.0,0
2018-04-27,1106.8223876953125,1610.0,1610.0,1610.0,1610.0,0
2018-04-30,1093.072998046875,1590.0,1600.0,1585.0,1595.0,61800
2018-05-01,1093.072998046875,1590.0,1590.0,1590.0,1590.0,0
2018-05-02,1079.3236083984375,1570.0,1590.0,1570.0,1590.0,99700
2018-05-03,1086.1982421875,1580.0,1595.0,1550.0,1570.0,169400
2018-05-04,1089.6356201171875,1585.0,1585.0,1570.0,1570.0,116100
2018-05-07,1079.3236083984375,1570.0,1600.0,1560.0,1600.0,40100
2018-05-08,1065.5743408203125,1550.0,1570.0,1550.0,1570.0,42100
2018-05-09,1096.5103759765625,1595.0,1595.0,1530.0,1555.0,19900
2018-05-10,1096.5103759765625,1595.0,1595.0,1595.0,1595.0,0
2018-05-11,1089.6356201171875,1585.0,1595.0,1580.0,1590.0,38300
2018-05-14,1082.7608642578125,1575.0,1600.0,1570.0,1585.0,13200
2018-05-15,1093.072998046875,1590.0,1595.0,1540.0,1575.0,10800
2018-05-16,1093.072998046875,1590.0,1590.0,1555.0,1570.0,5800
2018-05-17,1093.072998046875,1590.0,1590.0,1590.0,1590.0,2600
2018-05-18,1082.7608642578125,1575.0,1585.0,1570.0,1585.0,38100
2018-05-21,1086.1982421875,1580.0,1590.0,1530.0,1590.0,61300
2018-05-22,1082.7608642578125,1575.0,1590.0,1575.0,1575.0,27700
2018-05-23,1099.94775390625,1600.0,1600.0,1570.0,1575.0,23600
2018-05-24,1096.5103759765625,1595.0,1635.0,1595.0,1595.0,97100
2018-05-25,1086.1982421875,1580.0,1600.0,1550.0,1600.0,28600
2018-05-28,1086.1982421875,1580.0,1580.0,1580.0,1580.0,2400
2018-05-29,1086.1982421875,1580.0,1580.0,1580.0,1580.0,0
2018-05-30,1096.5103759765625,1595.0,1595.0,1570.0,1580.0,29500
2018-05-31,1082.7608642578125,1575.0,1580.0,1575.0,1580.0,17000
2018-06-01,1082.7608642578125,1575.0,1575.0,1575.0,1575.0,0
2018-06-04,1099.94775390625,1600.0,1610.0,1580.0,1580.0,16900
2018-06-05,1099.94775390625,1600.0,1600.0,1600.0,1600.0,2500
2018-06-06,1099.94775390625,1600.0,1600.0,1600.0,1600.0,1500
2018-06-07,1106.8223876953125,1610.0,1610.0,1600.0,1600.0,18800
2018-06-08,1099.94775390625,1600.0,1610.0,1590.0,1610.0,556400
2018-06-11,1099.94775390625,1600.0,1600.0,1600.0,1600.0,0
2018-06-12,1099.94775390625,1600.0,1600.0,1600.0,1600.0,0
2018-06-13,1099.94775390625,1600.0,1600.0,1600.0,1600.0,0
2018-06-14,1099.94775390625,1600.0,1600.0,1600.0,1600.0,0
2018-06-15,1099.94775390625,1600.0,1600.0,1600.0,1600.0,0
2018-06-18,1099.94775390625,1600.0,1600.0,1600.0,1600.0,0
2018-06-19,1099.94775390625,1600.0,1600.0,1600.0,1600.0,0
2018-06-20,1106.8223876953125,1610.0,1630.0,1600.0,1600.0,533000
2018-06-21,1113.6968994140625,1620.0,1635.0,1610.0,1635.0,3429300
2018-06-22,1120.7457275390625,1590.0,1620.0,1560.0,1605.0,177000
2018-06-25,1120.7457275390625,1590.0,1610.0,1565.0,1570.0,34100
2018-06-26,1120.7457275390625,1590.0,1610.0,1590.0,1605.0,41400
2018-06-27,1106.648193359375,1570.0,1590.0,1565.0,1590.0,31500
2018-06-28,1096.075439453125,1555.0,1570.0,1540.0,1570.0,112900
2018-06-29,1096.075439453125,1555.0,1570.0,1550.0,1560.0,373900
2018-07-02,1096.075439453125,1555.0,1600.0,1555.0,1555.0,5600
2018-07-03,1089.0263671875,1545.0,1590.0,1545.0,1555.0,94900
2018-07-04,1081.977783203125,1535.0,1550.0,1500.0,1550.0,116900
2018-07-05,1074.928955078125,1525.0,1540.0,1525.0,1535.0,14200
2018-07-06,1071.404541015625,1520.0,1530.0,1510.0,1525.0,130100
2018-07-09,1085.501953125,1540.0,1540.0,1530.0,1540.0,59700
2018-07-10,1085.501953125,1540.0,1550.0,1540.0,1550.0,18900
2018-07-11,1078.4532470703125,1530.0,1540.0,1530.0,1540.0,27000
2018-07-12,1071.404541015625,1520.0,1550.0,1515.0,1550.0,48700
2018-07-13,1067.8802490234375,1515.0,1520.0,1495.0,1520.0,288000
2018-07-16,1064.35595703125,1510.0,1515.0,1510.0,1515.0,45700
2018-07-17,1064.35595703125,1510.0,1515.0,1500.0,1510.0,21600
2018-07-18,1057.3072509765625,1500.0,1510.0,1495.0,1510.0,150400
2018-07-19,1057.3072509765625,1500.0,1515.0,1500.0,1510.0,3522000
2018-07-20,1057.3072509765625,1500.0,1510.0,1500.0,1500.0,56800
2018-07-23,1057.3072509765625,1500.0,1520.0,1500.0,1515.0,50400
2018-07-24,1057.3072509765625,1500.0,1515.0,1495.0,1510.0,59900
2018-07-25,1057.3072509765625,1500.0,1500.0,1500.0,1500.0,554800
2018-07-26,1057.3072509765625,1500.0,1510.0,1490.0,1510.0,41500
2018-07-27,1057.3072509765625,1500.0,1505.0,1500.0,1500.0,67100
2018-07-30,1057.3072509765625,1500.0,1510.0,1495.0,1500.0,131100
2018-07-31,1057.3072509765625,1500.0,1500.0,1495.0,1500.0,293000
2018-08-01,1053.782958984375,1495.0,1500.0,1490.0,1500.0,236300
2018-08-02,1050.258544921875,1490.0,1495.0,1485.0,1495.0,28700
2018-08-03,1050.258544921875,1490.0,1500.0,1450.0,1490.0,56600
2018-08-06,1050.258544921875,1490.0,1500.0,1485.0,1495.0,22700
2018-08-07,1057.3072509765625,1500.0,1500.0,1480.0,1500.0,11000
2018-08-08,1050.258544921875,1490.0,1500.0,1490.0,1490.0,59400
2018-08-09,1046.734130859375,1485.0,1490.0,1485.0,1490.0,57300
2018-08-10,1043.209716796875,1480.0,1500.0,1480.0,1490.0,44900
2018-08-13,1043.209716796875,1480.0,1495.0,1460.0,1495.0,90600
2018-08-14,1043.209716796875,1480.0,1490.0,1470.0,1480.0,98300
2018-08-15,1046.734130859375,1485.0,1485.0,1480.0,1480.0,31500
2018-08-16,1039.6854248046875,1475.0,1490.0,1470.0,1480.0,253000
2018-08-17,1039.6854248046875,1475.0,1475.0,1475.0,1475.0,0
2018-08-20,1029.1124267578125,1460.0,1495.0,1460.0,1495.0,11000
2018-08-21,1043.209716796875,1480.0,1495.0,1480.0,1485.0,12600
2018-08-22,1043.209716796875,1480.0,1480.0,1480.0,1480.0,0
2018-08-23,1043.209716796875,1480.0,1495.0,1475.0,1480.0,59300
2018-08-24,1043.209716796875,1480.0,1500.0,1475.0,1480.0,89000
2018-08-27,1043.209716796875,1480.0,1490.0,1480.0,1480.0,12400
2018-08-28,1057.3072509765625,1500.0,1500.0,1480.0,1500.0,1181100
2018-08-29,1050.258544921875,1490.0,1500.0,1490.0,1500.0,14000
2018-08-30,1057.3072509765625,1500.0,1500.0,1490.0,1500.0,68400
2018-08-31,1043.209716796875,1480.0,1495.0,1460.0,1470.0,139900
2018-09-03,1043.209716796875,1480.0,1500.0,1480.0,1480.0,206100
2018-09-04,1043.209716796875,1480.0,1515.0,1480.0,1515.0,353200
2018-09-05,1022.0636596679688,1450.0,1480.0,1450.0,1480.0,1020100
2018-09-06,1022.0636596679688,1450.0,1455.0,1440.0,1450.0,316200
2018-09-07,1022.0636596679688,1450.0,1450.0,1450.0,1450.0,317000
2018-09-10,1018.5393676757812,1445.0,1455.0,1440.0,1450.0,12200
2018-09-11,1018.5393676757812,1445.0,1445.0,1445.0,1445.0,0
2018-09-12,1018.5393676757812,1445.0,1445.0,1445.0,1445.0,2100
2018-09-13,1011.4906005859375,1435.0,1445.0,1405.0,1445.0,165400
2018-09-14,1011.4906005859375,1435.0,1435.0,1430.0,1430.0,105900
2018-09-17,1004.4418334960938,1425.0,1435.0,1425.0,1435.0,140400
2018-09-18,1004.4418334960938,1425.0,1430.0,1425.0,1425.0,51000
2018-09-19,1000.9174194335938,1420.0,1425.0,1415.0,1425.0,827700
2018-09-20,997.39306640625,1415.0,1430.0,1410.0,1420.0,180100
2018-09-21,1000.9174194335938,1420.0,1425.0,1400.0,1415.0,111800
2018-09-24,990.34423828125,1405.0,1445.0,1400.0,1430.0,393600
2018-09-25,990.34423828125,1405.0,1405.0,1400.0,1405.0,88100
2018-09-26,983.2957763671875,1395.0,1405.0,1395.0,1405.0,44900
2018-09-27,976.2468872070312,1385.0,1400.0,1385.0,1395.0,950800
2018-09-28,990.34423828125,1405.0,1405.0,1390.0,1400.0,320200
2018-10-01,979.771240234375,1390.0,1420.0,1390.0,1410.0,984800
2018-10-02,979.771240234375,1390.0,1420.0,1390.0,1420.0,43000
2018-10-03,983.2957763671875,1395.0,1400.0,1380.0,1395.0,191600
2018-10-04,976.2468872070312,1385.0,1390.0,1385.0,1390.0,84500
2018-10-05,986.8200073242188,1400.0,1400.0,1395.0,1395.0,10400
2018-10-08,976.2468872070312,1385.0,1400.0,1370.0,1400.0,239400
2018-10-09,979.771240234375,1390.0,1390.0,1380.0,1380.0,234300
2018-10-10,983.2957763671875,1395.0,1395.0,1390.0,1395.0,241400
2018-10-11,972.7227172851562,1380.0,1395.0,1375.0,1390.0,44200
2018-10-12,983.2957763671875,1395.0,1400.0,1395.0,1395.0,41100
2018-10-15,990.34423828125,1405.0,1500.0,1400.0,1400.0,123500
2018-10-16,986.8200073242188,1400.0,1435.0,1345.0,1400.0,1130100
2018-10-17,979.771240234375,1390.0,1395.0,1350.0,1350.0,19800
2018-10-18,986.8200073242188,1400.0,1400.0,1390.0,1390.0,14300
2018-10-19,976.2468872070312,1385.0,1400.0,1380.0,1400.0,22700
2018-10-22,976.2468872070312,1385.0,1390.0,1380.0,1380.0,16200
2018-10-23,972.7227172851562,1380.0,1380.0,1350.0,1370.0,10700
2018-10-24,951.5764770507812,1350.0,1380.0,1350.0,1380.0,16500
2018-10-25,958.6251831054688,1360.0,1380.0,1360.0,1370.0,84000
2018-10-26,969.1983642578125,1375.0,1470.0,1360.0,1360.0,115900
2018-10-29,979.771240234375,1390.0,1400.0,1390.0,1400.0,31100
2018-10-30,979.771240234375,1390.0,1435.0,1375.0,1435.0,21100
2018-10-31,972.7227172851562,1380.0,1400.0,1380.0,1390.0,99500
2018-11-01,976.2468872070312,1385.0,1385.0,1375.0,1380.0,10800
2018-11-02,986.8200073242188,1400.0,1400.0,1350.0,1385.0,56600
2018-11-05,986.8200073242188,1400.0,1410.0,1390.0,1400.0,85100
2018-11-06,983.2957763671875,1395.0,1410.0,1390.0,1410.0,221100
2018-11-07,983.2957763671875,1395.0,1400.0,1390.0,1400.0,600
2018-11-08,972.7227172851562,1380.0,1415.0,1380.0,1395.0,74500
2018-11-09,972.7227172851562,1380.0,1380.0,1380.0,1380.0,7900
2018-11-12,983.2957763671875,1395.0,1405.0,1385.0,1400.0,78400
2018-11-13,983.2957763671875,1395.0,1400.0,1390.0,1400.0,42500
2018-11-14,983.2957763671875,1395.0,1400.0,1390.0,1390.0,65900
2018-11-15,983.2957763671875,1395.0,1400.0,1395.0,1395.0,71000
2018-11-16,972.7227172851562,1380.0,1410.0,1375.0,1400.0,318300
2018-11-19,972.7227172851562,1380.0,1395.0,1380.0,1380.0,52200
2018-11-20,972.7227172851562,1380.0,1380.0,1380.0,1380.0,0
2018-11-21,976.2468872070312,1385.0,1410.0,1385.0,1405.0,82300
2018-11-22,979.771240234375,1390.0,1410.0,1375.0,1410.0,57500
2018-11-23,983.2957763671875,1395.0,1395.0,1390.0,1390.0,414000
2018-11-26,976.2468872070312,1385.0,1390.0,1360.0,1390.0,122900
2018-11-27,979.771240234375,1390.0,1395.0,1385.0,1390.0,2829300
2018-11-28,979.771240234375,1390.0,1410.0,1390.0,1390.0,144200
2018-11-29,972.7227172851562,1380.0,1395.0,1380.0,1395.0,55600
2018-11-30,983.2957763671875,1395.0,1400.0,1380.0,1385.0,332000
2018-12-03,983.2957763671875,1395.0,1400.0,1390.0,1400.0,148200
2018-12-04,983.2957763671875,1395.0,1400.0,1395.0,1400.0,74200
2018-12-05,979.771240234375,1390.0,1395.0,1385.0,1395.0,96100
2018-12-06,979.771240234375,1390.0,1395.0,1385.0,1390.0,124700
2018-12-07,979.771240234375,1390.0,1400.0,1385.0,1400.0,245500
2018-12-10,979.771240234375,1390.0,1395.0,1390.0,1395.0,40400
2018-12-11,979.771240234375,1390.0,1395.0,1390.0,1390.0,128900
2018-12-12,983.2957763671875,1395.0,1395.0,1390.0,1390.0,81400
2018-12-13,983.2957763671875,1395.0,1395.0,1390.0,1395.0,2050200
2018-12-14,983.2957763671875,1395.0,1400.0,1390.0,1400.0,87600
2018-12-17,983.2957763671875,1395.0,1400.0,1385.0,1395.0,2259200
2018-12-18,979.771240234375,1390.0,1390.0,1385.0,1390.0,1563400
2018-12-19,979.771240234375,1390.0,1390.0,1385.0,1390.0,170700
2018-12-20,976.2468872070312,1385.0,1390.0,1385.0,1390.0,35900
2018-12-21,976.2468872070312,1385.0,1390.0,1385.0,1390.0,37600
2018-12-24,976.2468872070312,1385.0,1385.0,1385.0,1385.0,0
2018-12-25,976.2468872070312,1385.0,1385.0,1385.0,1385.0,0
2018-12-26,979.771240234375,1390.0,1390.0,1365.0,1385.0,273700
2018-12-27,976.2468872070312,1385.0,1390.0,1385.0,1390.0,3789100
2018-12-28,979.771240234375,1390.0,1390.0,1385.0,1385.0,450700
2018-12-31,979.771240234375,1390.0,1390.0,1390.0,1390.0,0
2019-01-01,979.771240234375,1390.0,1390.0,1390.0,1390.0,0
2019-01-02,979.771240234375,1390.0,1390.0,1385.0,1385.0,43100
2019-01-03,976.2468872070312,1385.0,1390.0,1385.0,1390.0,53100
2019-01-04,976.2468872070312,1385.0,1390.0,1380.0,1385.0,144000
2019-01-07,976.2468872070312,1385.0,1390.0,1385.0,1390.0,349300
2019-01-08,976.2468872070312,1385.0,1390.0,1385.0,1385.0,2551500
2019-01-09,979.771240234375,1390.0,1395.0,1385.0,1390.0,4109200
2019-01-10,979.771240234375,1390.0,1395.0,1385.0,1395.0,1452700
2019-01-11,983.2957763671875,1395.0,1400.0,1390.0,1395.0,341900
2019-01-14,979.771240234375,1390.0,1400.0,1390.0,1400.0,1423200
2019-01-15,979.771240234375,1390.0,1400.0,1390.0,1395.0,7458400
2019-01-16,1043.209716796875,1480.0,1550.0,1390.0,1400.0,13464500
2019-01-17,1127.794189453125,1600.0,1615.0,1485.0,1520.0,16808400
2019-01-18,1110.172607421875,1575.0,1695.0,1545.0,1610.0,10546800
2019-01-21,1099.599609375,1560.0,1600.0,1535.0,1575.0,5954400
2019-01-22,1085.501953125,1540.0,1575.0,1490.0,1565.0,2549100
2019-01-23,1110.172607421875,1575.0,1600.0,1505.0,1540.0,4640900
2019-01-24,1106.648193359375,1570.0,1610.0,1565.0,1580.0,2673500
2019-01-25,1120.7457275390625,1590.0,1605.0,1565.0,1570.0,5374700
2019-01-28,1120.7457275390625,1590.0,1630.0,1580.0,1600.0,9256800
2019-01-29,1085.501953125,1540.0,1600.0,1535.0,1590.0,763800
2019-01-30,1057.3072509765625,1500.0,1580.0,1490.0,1550.0,1429100
2019-01-31,1074.928955078125,1525.0,1540.0,1505.0,1520.0,2151900
2019-02-01,1085.501953125,1540.0,1560.0,1525.0,1530.0,1069400
2019-02-04,1103.1239013671875,1565.0,1580.0,1540.0,1550.0,794600
2019-02-05,1103.1239013671875,1565.0,1565.0,1565.0,1565.0,0
2019-02-06,1106.648193359375,1570.0,1580.0,1550.0,1565.0,617500
2019-02-07,1092.5509033203125,1550.0,1575.0,1530.0,1570.0,826500
2019-02-08,1268.768798828125,1800.0,1830.0,1550.0,1550.0,6785900
2019-02-11,1304.0120849609375,1850.0,1990.0,1775.0,1810.0,5626100
2019-02-12,1244.09814453125,1765.0,1900.0,1730.0,1865.0,3176500
2019-02-13,1265.244384765625,1795.0,1865.0,1765.0,1765.0,1931800
2019-02-14,1268.768798828125,1800.0,1850.0,1790.0,1800.0,1603800
2019-02-15,1212.37890625,1720.0,1805.0,1710.0,1805.0,800300
2019-02-18,1268.768798828125,1800.0,1820.0,1710.0,1720.0,1134200
2019-02-19,1268.768798828125,1800.0,1860.0,1780.0,1800.0,1483100
2019-02-20,1272.29296875,1805.0,1845.0,1790.0,1790.0,1097400
2019-02-21,1356.877685546875,1925.0,1945.0,1800.0,1805.0,2971100
2019-02-22,1314.5853271484375,1865.0,1945.0,1850.0,1925.0,1060300
2019-02-25,1311.0611572265625,1860.0,1920.0,1855.0,1895.0,833900
2019-02-26,1325.1583251953125,1880.0,1890.0,1845.0,1860.0,534700
2019-02-27,1307.53662109375,1855.0,1880.0,1810.0,1880.0,521900
2019-02-28,1275.8172607421875,1810.0,1855.0,1775.0,1855.0,457700
2019-03-01,1286.3902587890625,1825.0,1825.0,1800.0,1810.0,638300
2019-03-04,1258.195556640625,1785.0,1825.0,1750.0,1790.0,615600
2019-03-05,1205.3302001953125,1710.0,1785.0,1700.0,1785.0,935900
2019-03-06,1261.719970703125,1790.0,1820.0,1710.0,1715.0,575300
2019-03-07,1261.719970703125,1790.0,1790.0,1790.0,1790.0,0
2019-03-08,1230.0008544921875,1745.0,1800.0,1745.0,1790.0,196700
2019-03-11,1215.9033203125,1725.0,1780.0,1710.0,1765.0,1009100
2019-03-12,1173.6109619140625,1665.0,1750.0,1645.0,1710.0,820100
2019-03-13,1198.281494140625,1700.0,1710.0,1675.0,1680.0,481400
2019-03-14,1215.9033203125,1725.0,1735.0,1715.0,1715.0,100400
2019-03-15,1226.4765625,1740.0,1770.0,1705.0,1750.0,143800
2019-03-18,1226.4765625,1740.0,1775.0,1720.0,1775.0,79800
2019-03-19,1230.0008544921875,1745.0,1770.0,1745.0,1770.0,90800
2019-03-20,1233.5250244140625,1750.0,1770.0,1735.0,1770.0,67400
2019-03-21,1226.4765625,1740.0,1775.0,1735.0,1775.0,188800
2019-03-22,1240.5738525390625,1760.0,1770.0,1740.0,1770.0,217900
2019-03-25,1230.0008544921875,1745.0,1760.0,1730.0,1750.0,757100
2019-03-26,1240.5738525390625,1760.0,1780.0,1745.0,1745.0,260600
2019-03-27,1261.719970703125,1790.0,1810.0,1755.0,1760.0,359000
2019-03-28,1258.195556640625,1785.0,1805.0,1770.0,1805.0,82900
2019-03-29,1275.8172607421875,1810.0,1820.0,1735.0,1810.0,745000
2019-04-01,1258.195556640625,1785.0,1820.0,1780.0,1810.0,379300
2019-04-02,1268.768798828125,1800.0,1815.0,1780.0,1780.0,939900
2019-04-03,1268.768798828125,1800.0,1800.0,1800.0,1800.0,0
2019-04-04,1265.244384765625,1795.0,1805.0,1785.0,1800.0,940100
2019-04-05,1265.244384765625,1795.0,1800.0,1790.0,1795.0,409000
2019-04-08,1265.244384765625,1795.0,1850.0,1795.0,1800.0,971000
2019-04-09,1258.195556640625,1785.0,1795.0,1780.0,1795.0,194300
2019-04-10,1251.1468505859375,1775.0,1840.0,1775.0,1830.0,3655700
2019-04-11,1254.6712646484375,1780.0,1810.0,1770.0,1805.0,1311500
2019-04-12,1247.6224365234375,1770.0,1800.0,1760.0,1775.0,93900
2019-04-15,1258.195556640625,1785.0,1785.0,1755.0,1780.0,210200
2019-04-16,1254.6712646484375,1780.0,1800.0,1780.0,1800.0,2626900
2019-04-17,1254.6712646484375,1780.0,1780.0,1780.0,1780.0,0
2019-04-18,1237.0494384765625,1755.0,1795.0,1750.0,1780.0,99100
2019-04-19,1237.0494384765625,1755.0,1755.0,1755.0,1755.0,0
2019-04-22,1233.5250244140625,1750.0,1800.0,1740.0,1765.0,757700
2019-04-23,1244.09814453125,1765.0,1785.0,1765.0,1785.0,201800
2019-04-24,1251.1468505859375,1775.0,1790.0,1760.0,1765.0,190800
2019-04-25,1251.1468505859375,1775.0,1785.0,1770.0,1775.0,84100
2019-04-26,1233.5250244140625,1750.0,1770.0,1740.0,1770.0,369000
2019-04-29,1233.5250244140625,1750.0,1750.0,1745.0,1745.0,24900
2019-04-30,1226.4765625,1740.0,1750.0,1740.0,1750.0,88500
2019-05-01,1226.4765625,1740.0,1740.0,1740.0,1740.0,0
2019-05-02,1215.9033203125,1725.0,1745.0,1720.0,1745.0,189200
2019-05-03,1184.1842041015625,1680.0,1725.0,1675.0,1725.0,120900
2019-05-06,1163.0380859375,1650.0,1730.0,1595.0,1730.0,306200
2019-05-07,1166.5621337890625,1655.0,1665.0,1640.0,1650.0,124600
2019-05-08,1163.0380859375,1650.0,1665.0,1615.0,1665.0,49900
2019-05-09,1155.9891357421875,1640.0,1695.0,1630.0,1695.0,235100
2019-05-10,1145.416259765625,1625.0,1680.0,1600.0,1680.0,231200
2019-05-13,1138.367431640625,1615.0,1645.0,1590.0,1645.0,293100
2019-05-14,1127.794189453125,1600.0,1620.0,1580.0,1620.0,1043200
2019-05-15,1127.794189453125,1600.0,1645.0,1585.0,1645.0,334700
2019-05-16,1131.318603515625,1605.0,1640.0,1580.0,1600.0,222000
2019-05-17,1127.794189453125,1600.0,1625.0,1575.0,1625.0,111400
2019-05-20,1127.794189453125,1600.0,1600.0,1565.0,1600.0,181300
2019-05-21,1127.794189453125,1600.0,1620.0,1585.0,1600.0,227100
2019-05-22,1148.9405517578125,1630.0,1630.0,1590.0,1600.0,75900
2019-05-23,1127.794189453125,1600.0,1680.0,1585.0,1620.0,634900
2019-05-24,1124.2698974609375,1595.0,1620.0,1590.0,1610.0,147600
2019-05-27,1120.7457275390625,1590.0,1610.0,1585.0,1600.0,244000
2019-05-28,1127.794189453125,1600.0,1600.0,1565.0,1600.0,336600
2019-05-29,1127.794189453125,1600.0,1600.0,1590.0,1600.0,25500
2019-05-30,1127.794189453125,1600.0,1600.0,1600.0,1600.0,0
2019-05-31,1127.794189453125,1600.0,1630.0,1590.0,1600.0,63200
2019-06-03,1127.794189453125,1600.0,1600.0,1600.0,1600.0,0
2019-06-04,1127.794189453125,1600.0,1600.0,1600.0,1600.0,0
2019-06-05,1127.794189453125,1600.0,1600.0,1600.0,1600.0,0
2019-06-06,1127.794189453125,1600.0,1600.0,1600.0,1600.0,0
2019-06-07,1127.794189453125,1600.0,1600.0,1600.0,1600.0,0
2019-06-10,1141.8917236328125,1620.0,1630.0,1615.0,1625.0,292800
2019-06-11,1149.118896484375,1590.0,1620.0,1570.0,1620.0,492400
2019-06-12,1145.5054931640625,1585.0,1590.0,1560.0,1590.0,115000
2019-06-13,1141.8917236328125,1580.0,1590.0,1500.0,1575.0,525300
2019-06-14,1138.2781982421875,1575.0,1580.0,1555.0,1580.0,199000
2019-06-17,1131.0511474609375,1565.0,1590.0,1540.0,1575.0,426800
2019-06-18,1084.074462890625,1500.0,1580.0,1490.0,1570.0,1905500
2019-06-19,1127.4373779296875,1560.0,1560.0,1500.0,1520.0,394700
2019-06-20,1112.983154296875,1540.0,1590.0,1525.0,1590.0,113300
2019-06-21,1120.2103271484375,1550.0,1550.0,1520.0,1540.0,206900
2019-06-24,1098.52880859375,1520.0,1550.0,1520.0,1550.0,78000
2019-06-25,1102.142333984375,1525.0,1535.0,1520.0,1530.0,63700
2019-06-26,1098.52880859375,1520.0,1540.0,1510.0,1525.0,192100
2019-06-27,1123.8240966796875,1555.0,1560.0,1530.0,1530.0,118300
2019-06-28,1123.8240966796875,1555.0,1565.0,1525.0,1560.0,43800
2019-07-01,1138.2781982421875,1575.0,1595.0,1550.0,1550.0,123100
2019-07-02,1149.118896484375,1590.0,1600.0,1575.0,1585.0,304400
2019-07-03,1163.5732421875,1610.0,1615.0,1595.0,1600.0,426000
2019-07-04,1163.5732421875,1610.0,1650.0,1600.0,1650.0,271700
2019-07-05,1152.7325439453125,1595.0,1650.0,1595.0,1650.0,24300
2019-07-08,1149.118896484375,1590.0,1620.0,1570.0,1595.0,140300
2019-07-09,1138.2781982421875,1575.0,1600.0,1570.0,1600.0,28000
2019-07-10,1127.4373779296875,1560.0,1615.0,1540.0,1575.0,238700
2019-07-11,1138.2781982421875,1575.0,1590.0,1555.0,1590.0,32800
2019-07-12,1138.2781982421875,1575.0,1575.0,1530.0,1530.0,29600
2019-07-15,1152.7325439453125,1595.0,1600.0,1570.0,1575.0,95300
2019-07-16,1152.7325439453125,1595.0,1605.0,1580.0,1600.0,296000
2019-07-17,1138.2781982421875,1575.0,1600.0,1560.0,1595.0,256700
2019-07-18,1116.5965576171875,1545.0,1595.0,1540.0,1545.0,315000
2019-07-19,1116.5965576171875,1545.0,1570.0,1540.0,1570.0,498700
2019-07-22,1116.5965576171875,1545.0,1565.0,1540.0,1555.0,218300
2019-07-23,1127.4373779296875,1560.0,1590.0,1540.0,1590.0,627000
2019-07-24,1127.4373779296875,1560.0,1600.0,1545.0,1600.0,121800
2019-07-25,1127.4373779296875,1560.0,1570.0,1550.0,1550.0,68700
2019-07-26,1127.4373779296875,1560.0,1560.0,1530.0,1560.0,75400
2019-07-29,1127.4373779296875,1560.0,1565.0,1550.0,1560.0,78600
2019-07-30,1134.66455078125,1570.0,1580.0,1555.0,1560.0,52700
2019-07-31,1134.66455078125,1570.0,1595.0,1550.0,1560.0,81800
2019-08-01,1131.0511474609375,1565.0,1600.0,1565.0,1600.0,185200
2019-08-02,1138.2781982421875,1575.0,1605.0,1565.0,1605.0,332200
2019-08-05,1120.2103271484375,1550.0,1580.0,1550.0,1575.0,87300
2019-08-06,1120.2103271484375,1550.0,1560.0,1525.0,1540.0,357900
2019-08-07,1131.0511474609375,1565.0,1565.0,1545.0,1555.0,59400
2019-08-08,1149.118896484375,1590.0,1590.0,1560.0,1560.0,653200
2019-08-09,1152.7325439453125,1595.0,1605.0,1585.0,1590.0,920600
2019-08-12,1159.9595947265625,1605.0,1615.0,1580.0,1580.0,76700
2019-08-13,1156.3460693359375,1600.0,1625.0,1600.0,1605.0,34200
2019-08-14,1188.8685302734375,1645.0,1645.0,1600.0,1600.0,302000
2019-08-15,1210.5498046875,1675.0,1715.0,1635.0,1640.0,539200
2019-08-16,1232.231201171875,1705.0,1730.0,1690.0,1720.0,624500
2019-08-19,1243.072021484375,1720.0,1725.0,1700.0,1705.0,916200
2019-08-20,1243.072021484375,1720.0,1730.0,1695.0,1730.0,704300
2019-08-21,1203.3226318359375,1665.0,1730.0,1635.0,1720.0,286800
2019-08-22,1203.3226318359375,1665.0,1700.0,1665.0,1665.0,39300
2019-08-23,1206.93603515625,1670.0,1700.0,1650.0,1665.0,993700
2019-08-26,1196.095458984375,1655.0,1670.0,1630.0,1650.0,305400
2019-08-27,1203.3226318359375,1665.0,1665.0,1640.0,1650.0,131900
2019-08-28,1185.254638671875,1640.0,1680.0,1615.0,1670.0,304600
2019-08-29,1174.4139404296875,1625.0,1650.0,1600.0,1650.0,101900
2019-08-30,1174.4139404296875,1625.0,1650.0,1615.0,1625.0,56600
2019-09-02,1188.8685302734375,1645.0,1670.0,1610.0,1625.0,38200
2019-09-03,1138.2781982421875,1575.0,1645.0,1575.0,1645.0,66000
2019-09-04,1138.2781982421875,1575.0,1600.0,1565.0,1580.0,60200
2019-09-05,1152.7325439453125,1595.0,1600.0,1595.0,1600.0,472800
2019-09-06,1145.5054931640625,1585.0,1590.0,1585.0,1590.0,139300
2019-09-09,1149.118896484375,1590.0,1600.0,1580.0,1585.0,15100
2019-09-10,1145.5054931640625,1585.0,1625.0,1585.0,1590.0,29200
2019-09-11,1167.1868896484375,1615.0,1615.0,1585.0,1585.0,5000
2019-09-12,1170.800537109375,1620.0,1645.0,1600.0,1615.0,278400
2019-09-13,1174.4139404296875,1625.0,1645.0,1620.0,1620.0,6500
2019-09-16,1156.3460693359375,1600.0,1640.0,1600.0,1625.0,260100
2019-09-17,1156.3460693359375,1600.0,1625.0,1600.0,1600.0,105600
2019-09-18,1138.2781982421875,1575.0,1590.0,1575.0,1590.0,7000
2019-09-19,1138.2781982421875,1575.0,1580.0,1570.0,1575.0,10700
2019-09-20,1152.7325439453125,1595.0,1595.0,1575.0,1575.0,2000
2019-09-23,1116.5965576171875,1545.0,1585.0,1545.0,1575.0,133500
2019-09-24,1094.9151611328125,1515.0,1545.0,1510.0,1545.0,135500
2019-09-25,1094.9151611328125,1515.0,1520.0,1505.0,1520.0,14300
2019-09-26,1094.9151611328125,1515.0,1530.0,1515.0,1515.0,8500
2019-09-27,1112.983154296875,1540.0,1540.0,1510.0,1520.0,52700
2019-09-30,1084.074462890625,1500.0,1545.0,1500.0,1540.0,157400
2019-10-01,1084.074462890625,1500.0,1525.0,1495.0,1500.0,96500
2019-10-02,1080.4608154296875,1495.0,1500.0,1490.0,1500.0,13500
2019-10-03,1073.2337646484375,1485.0,1530.0,1480.0,1490.0,153600
2019-10-04,1073.2337646484375,1485.0,1500.0,1485.0,1485.0,75200
2019-10-07,1073.2337646484375,1485.0,1490.0,1485.0,1485.0,13400
2019-10-08,1080.4608154296875,1495.0,1495.0,1480.0,1485.0,3000
2019-10-09,1080.4608154296875,1495.0,1500.0,1480.0,1495.0,117800
2019-10-10,1094.9151611328125,1515.0,1520.0,1495.0,1520.0,43900
2019-10-11,1080.4608154296875,1495.0,1510.0,1485.0,1510.0,18800
2019-10-14,1073.2337646484375,1485.0,1500.0,1485.0,1495.0,58700
2019-10-15,1073.2337646484375,1485.0,1490.0,1480.0,1485.0,9400
2019-10-16,1073.2337646484375,1485.0,1485.0,1480.0,1485.0,31800
2019-10-17,1073.2337646484375,1485.0,1500.0,1435.0,1485.0,224600
2019-10-18,1076.847412109375,1490.0,1505.0,1485.0,1505.0,13800
2019-10-21,1076.847412109375,1490.0,1500.0,1485.0,1490.0,5200
2019-10-22,1080.4608154296875,1495.0,1495.0,1475.0,1490.0,30500
2019-10-23,1073.2337646484375,1485.0,1495.0,1480.0,1495.0,25400
2019-10-24,1073.2337646484375,1485.0,1485.0,1470.0,1480.0,135000
2019-10-25,1066.006591796875,1475.0,1500.0,1470.0,1480.0,143100
2019-10-28,1066.006591796875,1475.0,1480.0,1465.0,1475.0,78800
2019-10-29,1062.392822265625,1470.0,1485.0,1470.0,1485.0,20200
2019-10-30,1044.3250732421875,1445.0,1465.0,1445.0,1465.0,242300
2019-10-31,1022.6434326171875,1415.0,1465.0,1405.0,1440.0,508900
2019-11-01,1019.030029296875,1410.0,1430.0,1405.0,1415.0,5938600
2019-11-04,1015.4163208007812,1405.0,1420.0,1395.0,1420.0,1888600
2019-11-05,1022.6434326171875,1415.0,1435.0,1410.0,1415.0,269500
2019-11-06,1022.6434326171875,1415.0,1430.0,1410.0,1425.0,63200
2019-11-07,1019.030029296875,1410.0,1425.0,1405.0,1420.0,270000
2019-11-08,1022.6434326171875,1415.0,1435.0,1410.0,1415.0,687300
2019-11-11,1026.257080078125,1420.0,1425.0,1415.0,1425.0,27800
2019-11-12,1026.257080078125,1420.0,1420.0,1400.0,1420.0,33100
2019-11-13,1019.030029296875,1410.0,1425.0,1410.0,1425.0,66500
2019-11-14,1022.6434326171875,1415.0,1435.0,1410.0,1425.0,35100
2019-11-15,1029.870849609375,1425.0,1430.0,1420.0,1425.0,27200
2019-11-18,1026.257080078125,1420.0,1430.0,1410.0,1430.0,143300
2019-11-19,1019.030029296875,1410.0,1420.0,1400.0,1420.0,224800
2019-11-20,1029.870849609375,1425.0,1425.0,1415.0,1425.0,11600
2019-11-21,1033.4842529296875,1430.0,1430.0,1420.0,1425.0,16200
2019-11-22,1040.71142578125,1440.0,1445.0,1425.0,1425.0,43700
2019-11-25,1022.6434326171875,1415.0,1465.0,1410.0,1440.0,90600
2019-11-26,1015.4163208007812,1405.0,1415.0,1405.0,1415.0,94700
2019-11-27,1022.6434326171875,1415.0,1415.0,1405.0,1415.0,73800
2019-11-28,1026.257080078125,1420.0,1430.0,1400.0,1415.0,74000
2019-11-29,1011.8027954101562,1400.0,1415.0,1395.0,1400.0,250200
2019-12-02,1022.6434326171875,1415.0,1415.0,1405.0,1415.0,11000
2019-12-03,1026.257080078125,1420.0,1420.0,1400.0,1415.0,11900
2019-12-04,1011.8027954101562,1400.0,1430.0,1390.0,1420.0,139000
2019-12-05,1011.8027954101562,1400.0,1400.0,1390.0,1395.0,66600
2019-12-06,1008.1893310546875,1395.0,1400.0,1395.0,1400.0,117100
2019-12-09,1011.8027954101562,1400.0,1400.0,1390.0,1400.0,521900
2019-12-10,990.1214599609375,1370.0,1400.0,1350.0,1400.0,669800
2019-12-11,990.1214599609375,1370.0,1380.0,1365.0,1380.0,679300
2019-12-12,982.8943481445312,1360.0,1370.0,1360.0,1370.0,271900
2019-12-13,968.4398803710938,1340.0,1360.0,1335.0,1360.0,696800
2019-12-16,993.7350463867188,1375.0,1375.0,1335.0,1340.0,82100
2019-12-17,982.8943481445312,1360.0,1375.0,1360.0,1375.0,211900
2019-12-18,975.6670532226562,1350.0,1370.0,1330.0,1370.0,744100
2019-12-19,975.6670532226562,1350.0,1350.0,1340.0,1350.0,44400
2019-12-20,972.0534057617188,1345.0,1360.0,1340.0,1360.0,139900
2019-12-23,968.4398803710938,1340.0,1355.0,1325.0,1350.0,104000
2019-12-26,968.4398803710938,1340.0,1350.0,1320.0,1340.0,166200
2019-12-27,975.6670532226562,1350.0,1350.0,1305.0,1330.0,558800
2019-12-30,1008.1893310546875,1395.0,1395.0,1345.0,1345.0,496500
2020-01-02,982.8943481445312,1360.0,1375.0,1335.0,1360.0,89900
2020-01-03,972.0534057617188,1345.0,1360.0,1345.0,1360.0,39400
2020-01-06,990.1214599609375,1370.0,1385.0,1345.0,1385.0,69600
2020-01-07,990.1214599609375,1370.0,1380.0,1360.0,1370.0,29200
2020-01-08,982.8943481445312,1360.0,1385.0,1350.0,1370.0,31000
2020-01-09,986.5077514648438,1365.0,1375.0,1355.0,1360.0,2900
2020-01-10,979.2805786132812,1355.0,1375.0,1350.0,1355.0,23200
2020-01-13,993.7350463867188,1375.0,1375.0,1355.0,1355.0,23100
2020-01-14,1004.57568359375,1390.0,1400.0,1375.0,1375.0,82300
2020-01-15,993.7350463867188,1375.0,1400.0,1370.0,1400.0,23200
2020-01-16,993.7350463867188,1375.0,1385.0,1370.0,1385.0,102700
2020-01-17,993.7350463867188,1375.0,1390.0,1355.0,1360.0,127700
2020-01-20,997.3485107421875,1380.0,1395.0,1380.0,1390.0,37300
2020-01-21,990.1214599609375,1370.0,1385.0,1350.0,1380.0,181700
2020-01-22,964.8262939453125,1335.0,1370.0,1180.0,1370.0,5123100
2020-01-23,964.8262939453125,1335.0,1340.0,1300.0,1325.0,257700
2020-01-24,975.6670532226562,1350.0,1355.0,1300.0,1340.0,75200
2020-01-27,950.3718872070312,1315.0,1335.0,1300.0,1300.0,177500
2020-01-28,953.985595703125,1320.0,1350.0,1320.0,1350.0,83000
2020-01-29,964.8262939453125,1335.0,1345.0,1325.0,1340.0,14900
2020-01-30,935.9176635742188,1295.0,1320.0,1295.0,1305.0,180900
2020-01-31,935.9176635742188,1295.0,1300.0,1275.0,1300.0,299500
2020-02-03,939.53125,1300.0,1310.0,1290.0,1310.0,121400
2020-02-04,953.985595703125,1320.0,1330.0,1265.0,1300.0,106600
2020-02-05,979.2805786132812,1355.0,1355.0,1320.0,1320.0,408000
2020-02-06,990.1214599609375,1370.0,1375.0,1340.0,1365.0,24000
2020-02-07,990.1214599609375,1370.0,1375.0,1340.0,1375.0,5200
2020-02-10,975.6670532226562,1350.0,1370.0,1320.0,1370.0,14100
2020-02-11,975.6670532226562,1350.0,1360.0,1315.0,1360.0,14400
2020-02-12,975.6670532226562,1350.0,1365.0,1310.0,1355.0,23500
2020-02-13,975.6670532226562,1350.0,1375.0,1345.0,1350.0,58700
2020-02-14,979.2805786132812,1355.0,1355.0,1310.0,1345.0,37200
2020-02-17,979.2805786132812,1355.0,1355.0,1300.0,1355.0,21000
2020-02-18,972.0534057617188,1345.0,1370.0,1340.0,1360.0,33300
2020-02-19,990.1214599609375,1370.0,1370.0,1355.0,1355.0,2800
2020-02-20,993.7350463867188,1375.0,1395.0,1365.0,1380.0,63000
2020-02-21,997.3485107421875,1380.0,1390.0,1365.0,1380.0,53100
2020-02-24,993.7350463867188,1375.0,1395.0,1365.0,1380.0,180900
2020-02-25,979.2805786132812,1355.0,1375.0,1350.0,1375.0,156800
2020-02-26,939.53125,1300.0,1365.0,1300.0,1355.0,74500
2020-02-27,917.8497314453125,1270.0,1320.0,1270.0,1320.0,121400
2020-02-28,896.1681518554688,1240.0,1275.0,1220.0,1275.0,305300
2020-03-02,881.7138671875,1220.0,1240.0,1220.0,1235.0,4700
2020-03-03,896.1681518554688,1240.0,1280.0,1235.0,1240.0,92500
2020-03-04,910.6224975585938,1260.0,1275.0,1200.0,1230.0,20900
2020-03-05,917.8497314453125,1270.0,1300.0,1250.0,1250.0,54500
2020-03-06,917.8497314453125,1270.0,1280.0,1250.0,1250.0,48300
2020-03-09,867.259521484375,1200.0,1250.0,1200.0,1250.0,95200
2020-03-10,856.4188842773438,1185.0,1240.0,1155.0,1200.0,301500
2020-03-11,852.8052368164062,1180.0,1185.0,1140.0,1150.0,770900
2020-03-12,841.964599609375,1165.0,1170.0,1165.0,1170.0,24300
2020-03-13,802.215087890625,1110.0,1165.0,1085.0,1165.0,1554600
2020-03-16,802.215087890625,1110.0,1110.0,1110.0,1110.0,0
2020-03-17,726.3299560546875,1005.0,1070.0,990.0,1035.0,2015100
2020-03-18,722.7162475585938,1000.0,1025.0,1000.0,1025.0,542600
2020-03-19,722.7162475585938,1000.0,1010.0,990.0,990.0,521100
2020-03-20,722.7162475585938,1000.0,1025.0,995.0,995.0,709000
2020-03-23,708.261962890625,980.0,1020.0,980.0,1020.0,2519300
2020-03-24,704.6483764648438,975.0,1000.0,975.0,995.0,2097700
2020-03-26,693.8076171875,960.0,1010.0,950.0,990.0,3575900
2020-03-27,701.0347900390625,970.0,995.0,950.0,980.0,7094300
2020-03-30,697.4212646484375,965.0,965.0,905.0,965.0,418000
2020-03-31,697.4212646484375,965.0,1015.0,960.0,1000.0,4194000
2020-04-01,719.102783203125,995.0,1010.0,975.0,980.0,148200
2020-04-02,794.9879760742188,1100.0,1105.0,980.0,990.0,287500
2020-04-03,794.9879760742188,1100.0,1150.0,1090.0,1145.0,47100
2020-04-06,816.6694946289062,1130.0,1150.0,1100.0,1100.0,18300
2020-04-07,787.7607421875,1090.0,1170.0,1090.0,1140.0,136400
2020-04-08,773.3064575195312,1070.0,1140.0,1030.0,1090.0,93400
2020-04-09,816.6694946289062,1130.0,1130.0,1040.0,1070.0,57400
2020-04-13,849.1917114257812,1175.0,1180.0,1130.0,1130.0,60000
2020-04-14,874.4866943359375,1210.0,1230.0,1175.0,1175.0,71200
2020-04-15,856.4188842773438,1185.0,1200.0,1185.0,1200.0,120500
2020-04-16,849.1917114257812,1175.0,1185.0,1170.0,1185.0,39400
2020-04-17,863.6461181640625,1195.0,1200.0,1170.0,1175.0,12000
2020-04-20,845.5780639648438,1170.0,1195.0,1170.0,1195.0,7800
2020-04-21,845.5780639648438,1170.0,1185.0,1110.0,1180.0,168900
2020-04-22,849.1917114257812,1175.0,1175.0,1165.0,1165.0,25700
2020-04-23,852.8052368164062,1180.0,1190.0,1170.0,1175.0,52100
2020-04-24,852.8052368164062,1180.0,1180.0,1150.0,1180.0,700
2020-04-27,845.5780639648438,1170.0,1190.0,1165.0,1190.0,12600
2020-04-28,867.259521484375,1200.0,1200.0,1165.0,1170.0,36000
2020-04-29,885.327392578125,1225.0,1240.0,1200.0,1200.0,60200
2020-04-30,888.941162109375,1230.0,1230.0,1215.0,1225.0,67700
2020-05-04,878.1004028320312,1215.0,1230.0,1205.0,1230.0,30900
2020-05-05,860.032470703125,1190.0,1195.0,1190.0,1195.0,11900
2020-05-06,852.8052368164062,1180.0,1215.0,1160.0,1190.0,34200
2020-05-08,860.032470703125,1190.0,1190.0,1185.0,1190.0,87500
2020-05-11,867.259521484375,1200.0,1205.0,1195.0,1195.0,8600
2020-05-12,860.032470703125,1190.0,1200.0,1190.0,1200.0,41700
2020-05-13,867.259521484375,1200.0,1200.0,1190.0,1190.0,16600
2020-05-14,852.8052368164062,1180.0,1200.0,1170.0,1200.0,4500
2020-05-15,852.8052368164062,1180.0,1180.0,1180.0,1180.0,1700
2020-05-18,838.3509521484375,1160.0,1185.0,1160.0,1180.0,6800
2020-05-19,852.8052368164062,1180.0,1185.0,1180.0,1185.0,53000
2020-05-20,838.3509521484375,1160.0,1160.0,1155.0,1160.0,5800
2020-05-26,860.032470703125,1190.0,1190.0,1180.0,1190.0,175000
2020-05-27,852.8052368164062,1180.0,1200.0,1180.0,1190.0,11700
2020-05-28,849.1917114257812,1175.0,1210.0,1150.0,1175.0,95700
2020-05-29,867.259521484375,1200.0,1200.0,1160.0,1195.0,233100
2020-06-02,867.259521484375,1200.0,1210.0,1175.0,1210.0,61500
2020-06-03,870.8731079101562,1205.0,1230.0,1200.0,1200.0,118500
2020-06-04,867.259521484375,1200.0,1205.0,1180.0,1205.0,145000
2020-06-05,885.327392578125,1225.0,1300.0,1225.0,1260.0,71500
2020-06-08,914.2361450195312,1265.0,1275.0,1225.0,1225.0,15700
2020-06-09,953.985595703125,1320.0,1360.0,1270.0,1270.0,278200
2020-06-10,968.4398803710938,1340.0,1375.0,1310.0,1325.0,62200
2020-06-11,946.7583618164062,1310.0,1345.0,1300.0,1340.0,30900
2020-06-12,946.7583618164062,1310.0,1310.0,1265.0,1275.0,113600
2020-06-15,928.6905517578125,1285.0,1310.0,1280.0,1310.0,56700
2020-06-16,950.3718872070312,1315.0,1325.0,1280.0,1280.0,45000
2020-06-17,932.303955078125,1290.0,1365.0,1290.0,1325.0,82000
2020-06-18,921.4632568359375,1275.0,1290.0,1275.0,1290.0,168100
2020-06-19,925.076904296875,1280.0,1295.0,1270.0,1280.0,181200
2020-06-22,1011.8027954101562,1400.0,1400.0,1280.0,1280.0,275900
2020-06-23,982.8943481445312,1360.0,1400.0,1340.0,1400.0,102000
2020-06-24,997.3485107421875,1380.0,1395.0,1340.0,1395.0,208300
2020-06-25,997.3485107421875,1380.0,1380.0,1345.0,1375.0,84400
2020-06-26,993.7350463867188,1375.0,1395.0,1350.0,1380.0,280000
2020-06-29,997.3485107421875,1380.0,1450.0,1375.0,1375.0,1600600
2020-06-30,1004.57568359375,1390.0,1420.0,1340.0,1380.0,299700
2020-07-01,997.3485107421875,1380.0,1395.0,1380.0,1390.0,160000
2020-07-02,993.7350463867188,1375.0,1400.0,1375.0,1390.0,231300
2020-07-03,997.3485107421875,1380.0,1415.0,1375.0,1375.0,397900
2020-07-06,1047.9385986328125,1450.0,1460.0,1380.0,1400.0,457400
2020-07-07,1055.1658935546875,1460.0,1490.0,1440.0,1460.0,192800
2020-07-08,1011.8027954101562,1400.0,1465.0,1400.0,1460.0,1096200
2020-07-09,1030.5399169921875,1375.0,1400.0,1365.0,1365.0,632700
2020-07-10,1034.2872314453125,1380.0,1405.0,1375.0,1375.0,155700
2020-07-13,1034.2872314453125,1380.0,1395.0,1380.0,1380.0,97100
2020-07-14,1049.2769775390625,1400.0,1400.0,1390.0,1395.0,190500
2020-07-15,1049.2769775390625,1400.0,1420.0,1380.0,1400.0,118200
2020-07-16,1034.2872314453125,1380.0,1405.0,1380.0,1400.0,84000
2020-07-17,1038.034912109375,1385.0,1400.0,1380.0,1395.0,66300
2020-07-20,1026.7926025390625,1370.0,1400.0,1365.0,1385.0,179900
2020-07-21,1045.529541015625,1395.0,1415.0,1375.0,1375.0,563100
2020-07-22,1045.529541015625,1395.0,1410.0,1395.0,1395.0,853800
2020-07-23,1094.24609375,1460.0,1705.0,1400.0,1410.0,6204800
2020-07-24,1053.0242919921875,1405.0,1500.0,1395.0,1465.0,2132200
2020-07-27,1034.2872314453125,1380.0,1415.0,1355.0,1405.0,481200
2020-07-28,1026.7926025390625,1370.0,1395.0,1355.0,1385.0,361100
2020-07-29,1034.2872314453125,1380.0,1400.0,1380.0,1380.0,358900
2020-07-30,1034.2872314453125,1380.0,1410.0,1380.0,1380.0,274500
2020-08-03,981.823486328125,1310.0,1400.0,1285.0,1395.0,531200
2020-08-04,1019.2976684570312,1360.0,1375.0,1315.0,1345.0,131100
2020-08-05,1023.044921875,1365.0,1390.0,1340.0,1360.0,233300
2020-08-06,1030.5399169921875,1375.0,1405.0,1365.0,1385.0,662300
2020-08-07,1015.5502319335938,1355.0,1375.0,1350.0,1375.0,702300
2020-08-10,1015.5502319335938,1355.0,1355.0,1305.0,1355.0,723800
2020-08-11,1023.044921875,1365.0,1370.0,1340.0,1355.0,110700
2020-08-12,1034.2872314453125,1380.0,1390.0,1375.0,1375.0,287100
2020-08-13,1049.2769775390625,1400.0,1405.0,1370.0,1380.0,1651200
2020-08-14,1049.2769775390625,1400.0,1405.0,1395.0,1400.0,583900
2020-08-18,1045.529541015625,1395.0,1400.0,1345.0,1395.0,577500
2020-08-19,1038.034912109375,1385.0,1390.0,1365.0,1390.0,222700
2020-08-24,1045.529541015625,1395.0,1395.0,1365.0,1380.0,259400
2020-08-25,1030.5399169921875,1375.0,1390.0,1365.0,1390.0,458200
2020-08-26,1023.044921875,1365.0,1375.0,1360.0,1375.0,452700
2020-08-27,1023.044921875,1365.0,1370.0,1355.0,1370.0,253200
2020-08-28,1026.7926025390625,1370.0,1375.0,1365.0,1365.0,627400
2020-08-31,1000.5604858398438,1335.0,1380.0,1330.0,1380.0,665900
2020-09-01,1011.8027954101562,1350.0,1350.0,1330.0,1335.0,158100
2020-09-02,1015.5502319335938,1355.0,1355.0,1345.0,1350.0,161900
2020-09-03,1011.8027954101562,1350.0,1355.0,1345.0,1355.0,73300
2020-09-04,1000.5604858398438,1335.0,1350.0,1330.0,1335.0,151700
2020-09-07,978.0761108398438,1305.0,1335.0,1285.0,1335.0,477800
2020-09-08,985.5709228515625,1315.0,1325.0,1305.0,1305.0,271200
2020-09-09,970.5811157226562,1295.0,1325.0,1290.0,1315.0,442600
2020-09-10,925.6122436523438,1235.0,1285.0,1215.0,1285.0,1162600
2020-09-11,963.0864868164062,1285.0,1295.0,1160.0,1235.0,417200
2020-09-14,1008.055419921875,1345.0,1355.0,1290.0,1290.0,320800
2020-09-15,1011.8027954101562,1350.0,1370.0,1345.0,1365.0,87500
2020-09-16,1008.055419921875,1345.0,1370.0,1345.0,1350.0,275100
2020-09-17,1004.3079833984375,1340.0,1360.0,1340.0,1345.0,123100
2020-09-18,993.065673828125,1325.0,1340.0,1300.0,1335.0,74600
2020-09-21,978.0761108398438,1305.0,1345.0,1305.0,1325.0,115600
2020-09-22,985.5709228515625,1315.0,1325.0,1300.0,1300.0,88000
2020-09-23,974.3286743164062,1300.0,1335.0,1290.0,1325.0,82500
2020-09-24,963.0864868164062,1285.0,1320.0,1275.0,1300.0,169700
2020-09-25,1000.5604858398438,1335.0,1345.0,1285.0,1320.0,227100
2020-09-28,974.3286743164062,1300.0,1335.0,1295.0,1335.0,198500
2020-09-29,978.0761108398438,1305.0,1305.0,1280.0,1300.0,177900
2020-09-30,959.3389892578125,1280.0,1300.0,1275.0,1290.0,88500
2020-10-01,970.5811157226562,1295.0,1310.0,1285.0,1310.0,80100
2020-10-02,963.0864868164062,1285.0,1295.0,1270.0,1295.0,367400
2020-10-05,959.3389892578125,1280.0,1285.0,1275.0,1285.0,174000
2020-10-06,959.3389892578125,1280.0,1285.0,1275.0,1285.0,344200
2020-10-07,959.3389892578125,1280.0,1310.0,1280.0,1285.0,40800
2020-10-08,955.5914916992188,1275.0,1295.0,1275.0,1290.0,220000
2020-10-09,955.5914916992188,1275.0,1280.0,1265.0,1280.0,184500
2020-10-12,951.8441162109375,1270.0,1280.0,1265.0,1270.0,406200
2020-10-13,948.0967407226562,1265.0,1280.0,1265.0,1275.0,183100
2020-10-14,948.0967407226562,1265.0,1270.0,1265.0,1265.0,329400
2020-10-15,948.0967407226562,1265.0,1270.0,1265.0,1265.0,262600
2020-10-16,948.0967407226562,1265.0,1280.0,1265.0,1265.0,623100
2020-10-19,944.3493041992188,1260.0,1280.0,1255.0,1280.0,238900
2020-10-20,940.6018676757812,1255.0,1270.0,1255.0,1270.0,151000
2020-10-21,929.3594360351562,1240.0,1265.0,1240.0,1265.0,449700
2020-10-22,933.1069946289062,1245.0,1255.0,1240.0,1240.0,189700
2020-10-23,948.0967407226562,1265.0,1270.0,1245.0,1255.0,259400
2020-10-26,944.3493041992188,1260.0,1275.0,1260.0,1265.0,111000
2020-10-27,944.3493041992188,1260.0,1270.0,1255.0,1255.0,55200
2020-11-02,940.6018676757812,1255.0,1260.0,1250.0,1260.0,89300
2020-11-03,944.3493041992188,1260.0,1275.0,1260.0,1265.0,220200
2020-11-04,940.6018676757812,1255.0,1270.0,1255.0,1270.0,261200
2020-11-05,940.6018676757812,1255.0,1265.0,1250.0,1265.0,306400
2020-11-06,948.0967407226562,1265.0,1265.0,1250.0,1260.0,478200
2020-11-09,944.3493041992188,1260.0,1270.0,1255.0,1265.0,304700
2020-11-10,985.5709228515625,1315.0,1320.0,1265.0,1265.0,830000
2020-11-11,985.5709228515625,1315.0,1335.0,1310.0,1320.0,330200
2020-11-12,963.0864868164062,1285.0,1320.0,1285.0,1320.0,249500
2020-11-13,948.0967407226562,1265.0,1290.0,1255.0,1285.0,702900
2020-11-16,963.0864868164062,1285.0,1300.0,1270.0,1270.0,523600
2020-11-17,966.8338012695312,1290.0,1300.0,1285.0,1300.0,644600
2020-11-18,959.3389892578125,1280.0,1300.0,1280.0,1295.0,567800
2020-11-19,974.3286743164062,1300.0,1300.0,1280.0,1290.0,1039800
2020-11-20,966.8338012695312,1290.0,1300.0,1290.0,1300.0,341000
2020-11-23,981.823486328125,1310.0,1310.0,1290.0,1300.0,242700
2020-11-24,985.5709228515625,1315.0,1320.0,1300.0,1310.0,477600
2020-11-25,981.823486328125,1310.0,1340.0,1305.0,1325.0,778100
2020-11-26,989.3184204101562,1320.0,1335.0,1310.0,1310.0,246900
2020-11-27,981.823486328125,1310.0,1335.0,1305.0,1330.0,450700
2020-11-30,974.3286743164062,1300.0,1330.0,1285.0,1310.0,647000
2020-12-01,974.3286743164062,1300.0,1310.0,1270.0,1300.0,599200
2020-12-02,978.0761108398438,1305.0,1320.0,1295.0,1300.0,348500
2020-12-03,981.823486328125,1310.0,1310.0,1305.0,1310.0,267900
2020-12-04,978.0761108398438,1305.0,1330.0,1300.0,1320.0,1457600
2020-12-07,1041.7822265625,1390.0,1500.0,1305.0,1310.0,6050100
2020-12-08,1154.204833984375,1540.0,1730.0,1430.0,1450.0,18210900
2020-12-10,1150.457275390625,1535.0,1650.0,1530.0,1590.0,3328500
2020-12-11,1071.761474609375,1430.0,1580.0,1430.0,1580.0,1981200
2020-12-14,1068.0140380859375,1425.0,1475.0,1425.0,1435.0,1820900
2020-12-15,1038.034912109375,1385.0,1445.0,1385.0,1445.0,1584800
2020-12-16,1064.2667236328125,1420.0,1450.0,1385.0,1385.0,1277200
2020-12-17,1056.77197265625,1410.0,1440.0,1400.0,1440.0,1473600
2020-12-18,1045.529541015625,1395.0,1410.0,1395.0,1410.0,775000
2020-12-21,1049.2769775390625,1400.0,1410.0,1395.0,1400.0,1541700
2020-12-22,1041.7822265625,1390.0,1415.0,1375.0,1390.0,1268900
2020-12-23,1030.5399169921875,1375.0,1395.0,1360.0,1390.0,787900
2020-12-28,1038.034912109375,1385.0,1395.0,1370.0,1375.0,1223100
2020-12-29,1030.5399169921875,1375.0,1400.0,1370.0,1390.0,792600
2020-12-30,1049.2769775390625,1400.0,1400.0,1365.0,1380.0,892200
2021-01-04,1068.0140380859375,1425.0,1475.0,1385.0,1400.0,3361800
2021-01-05,1064.2667236328125,1420.0,1425.0,1400.0,1420.0,1186700
2021-01-06,1154.204833984375,1540.0,1590.0,1380.0,1425.0,14602500
2021-01-07,1172.94189453125,1565.0,1650.0,1550.0,1560.0,19774000
2021-01-08,1195.42626953125,1595.0,1645.0,1560.0,1565.0,17107900
2021-01-11,1491.4722900390625,1990.0,1990.0,1600.0,1600.0,50385800
2021-01-12,1536.4412841796875,2050.0,2390.0,2040.0,2190.0,59406000
2021-01-13,1431.513671875,1910.0,2130.0,1910.0,2060.0,20680600
2021-01-14,1334.080810546875,1780.0,1910.0,1780.0,1910.0,6937600
2021-01-15,1326.5860595703125,1770.0,1880.0,1735.0,1740.0,19497400
2021-01-18,1236.6480712890625,1650.0,1805.0,1650.0,1800.0,9556600
2021-01-19,1150.457275390625,1535.0,1650.0,1535.0,1650.0,9709200
2021-01-20,1199.1737060546875,1600.0,1625.0,1510.0,1525.0,5333600
2021-01-21,1187.9315185546875,1585.0,1650.0,1570.0,1610.0,3818000
2021-01-22,1146.709716796875,1530.0,1605.0,1525.0,1590.0,3455900
2021-01-25,1109.235595703125,1480.0,1540.0,1455.0,1530.0,4089000
2021-01-26,1071.761474609375,1430.0,1515.0,1430.0,1480.0,3372300
2021-01-27,1045.529541015625,1395.0,1435.0,1355.0,1435.0,3415800
2021-01-28,1038.034912109375,1385.0,1470.0,1365.0,1390.0,2525800
2021-01-29,1026.7926025390625,1370.0,1400.0,1290.0,1400.0,4582100
2021-02-01,1064.2667236328125,1420.0,1425.0,1325.0,1360.0,2291900
2021-02-02,1083.00390625,1445.0,1545.0,1425.0,1425.0,3628000
2021-02-03,1120.4779052734375,1495.0,1520.0,1450.0,1460.0,2008100
2021-02-04,1105.48828125,1475.0,1520.0,1465.0,1500.0,1819400
2021-02-05,1116.73046875,1490.0,1500.0,1470.0,1475.0,829300
2021-02-08,1127.9727783203125,1505.0,1510.0,1480.0,1510.0,1231800
2021-02-09,1127.9727783203125,1505.0,1590.0,1480.0,1515.0,6333200
2021-02-10,1116.73046875,1490.0,1525.0,1480.0,1515.0,1326900
2021-02-11,1127.9727783203125,1505.0,1510.0,1475.0,1490.0,1320600
2021-02-15,1154.204833984375,1540.0,1540.0,1500.0,1505.0,1841900
2021-02-16,1154.204833984375,1540.0,1585.0,1515.0,1550.0,3850000
2021-02-17,1127.9727783203125,1505.0,1560.0,1495.0,1540.0,2458200
2021-02-18,1101.7408447265625,1470.0,1505.0,1460.0,1500.0,1968300
2021-02-19,1112.983154296875,1485.0,1505.0,1465.0,1470.0,1083800
2021-02-22,1109.235595703125,1480.0,1500.0,1480.0,1485.0,1001100
2021-02-23,1105.48828125,1475.0,1485.0,1470.0,1480.0,717200
2021-02-24,1101.7408447265625,1470.0,1490.0,1465.0,1480.0,701100
2021-02-25,1101.7408447265625,1470.0,1475.0,1445.0,1475.0,2005100
2021-02-26,1097.993408203125,1465.0,1475.0,1440.0,1465.0,1435500
2021-03-01,1109.235595703125,1480.0,1485.0,1455.0,1470.0,506400
2021-03-02,1112.983154296875,1485.0,1505.0,1470.0,1480.0,576800
2021-03-03,1097.993408203125,1465.0,1500.0,1450.0,1495.0,603100
2021-03-04,1086.7510986328125,1450.0,1470.0,1425.0,1465.0,1039100
2021-03-05,1090.49853515625,1455.0,1470.0,1440.0,1450.0,421600
2021-03-08,1090.49853515625,1455.0,1470.0,1450.0,1455.0,427700
2021-03-09,1086.7510986328125,1450.0,1470.0,1435.0,1460.0,836300
2021-03-10,1090.49853515625,1455.0,1470.0,1450.0,1450.0,432000
2021-03-12,1097.993408203125,1465.0,1470.0,1450.0,1455.0,784800
2021-03-15,1127.9727783203125,1505.0,1510.0,1465.0,1475.0,1217800
2021-03-16,1109.235595703125,1480.0,1515.0,1480.0,1515.0,655200
2021-03-17,1109.235595703125,1480.0,1495.0,1470.0,1485.0,386000
2021-03-18,1105.48828125,1475.0,1500.0,1475.0,1480.0,431000
2021-03-19,1101.7408447265625,1470.0,1490.0,1470.0,1490.0,479500
2021-03-22,1105.48828125,1475.0,1490.0,1465.0,1470.0,355700
2021-03-23,1094.24609375,1460.0,1475.0,1460.0,1475.0,774300
2021-03-24,1097.993408203125,1465.0,1475.0,1440.0,1460.0,1046400
2021-03-25,1090.49853515625,1455.0,1465.0,1440.0,1465.0,830600
2021-03-26,1094.24609375,1460.0,1465.0,1445.0,1455.0,471200
2021-03-29,1094.24609375,1460.0,1465.0,1445.0,1460.0,407400
2021-03-30,1090.49853515625,1455.0,1460.0,1440.0,1460.0,355000
2021-03-31,1109.235595703125,1480.0,1515.0,1455.0,1470.0,7116300
2021-04-01,1139.2149658203125,1520.0,1550.0,1475.0,1480.0,5710200
2021-04-05,1165.447021484375,1555.0,1570.0,1525.0,1525.0,5988000
2021-04-06,1161.6995849609375,1550.0,1580.0,1535.0,1580.0,2600800
2021-04-07,1161.6995849609375,1550.0,1565.0,1535.0,1555.0,1984600
2021-04-08,1169.1943359375,1560.0,1595.0,1550.0,1595.0,1409200
2021-04-09,1202.9210205078125,1605.0,1655.0,1555.0,1560.0,12145700
2021-04-12,1172.94189453125,1565.0,1610.0,1555.0,1605.0,6436500
2021-04-13,1150.457275390625,1535.0,1565.0,1515.0,1535.0,5138500
2021-04-14,1169.1943359375,1560.0,1580.0,1535.0,1545.0,2181700
2021-04-15,1146.709716796875,1530.0,1570.0,1525.0,1560.0,1262900
2021-04-16,1146.709716796875,1530.0,1540.0,1515.0,1525.0,2440500
2021-04-19,1165.447021484375,1555.0,1555.0,1520.0,1535.0,2126300
2021-04-20,1154.204833984375,1540.0,1570.0,1530.0,1555.0,1872100
2021-04-21,1154.204833984375,1540.0,1550.0,1525.0,1530.0,1958600
2021-04-22,1150.457275390625,1535.0,1550.0,1530.0,1540.0,908100
2021-04-23,1150.457275390625,1535.0,1550.0,1530.0,1540.0,724300
2021-04-26,1154.204833984375,1540.0,1545.0,1530.0,1530.0,431300
2021-04-27,1120.4779052734375,1495.0,1550.0,1485.0,1540.0,2479900
2021-04-28,1127.9727783203125,1505.0,1520.0,1495.0,1495.0,358000
2021-04-29,1124.225341796875,1500.0,1515.0,1495.0,1515.0,1097500
2021-04-30,1105.48828125,1475.0,1505.0,1475.0,1500.0,1695900
2021-05-03,1139.2149658203125,1520.0,1525.0,1485.0,1485.0,3442400
2021-05-04,1139.2149658203125,1520.0,1555.0,1505.0,1530.0,1748700
2021-05-05,1139.2149658203125,1520.0,1535.0,1495.0,1520.0,1536900
2021-05-06,1124.225341796875,1500.0,1520.0,1490.0,1520.0,1962200
2021-05-07,1146.709716796875,1530.0,1555.0,1505.0,1505.0,2841400
2021-05-10,1157.9520263671875,1545.0,1555.0,1525.0,1525.0,1206700
2021-05-11,1146.709716796875,1530.0,1550.0,1525.0,1550.0,1385000
2021-05-17,1124.225341796875,1500.0,1540.0,1500.0,1530.0,1685700
2021-05-18,1124.225341796875,1500.0,1510.0,1490.0,1500.0,838400
2021-05-19,1124.225341796875,1500.0,1520.0,1495.0,1505.0,1038400
2021-05-20,1127.9727783203125,1505.0,1510.0,1495.0,1505.0,604600
2021-05-21,1112.983154296875,1485.0,1510.0,1485.0,1505.0,1255500
2021-05-24,1116.73046875,1490.0,1500.0,1485.0,1490.0,959000
2021-05-25,1131.72021484375,1510.0,1515.0,1490.0,1495.0,2175800
2021-05-27,1127.9727783203125,1505.0,1515.0,1500.0,1510.0,1186800
2021-05-28,1120.4779052734375,1495.0,1520.0,1495.0,1505.0,1078000
2021-05-31,1139.2149658203125,1520.0,1530.0,1495.0,1495.0,1557800
2021-06-02,1142.96240234375,1525.0,1530.0,1515.0,1515.0,4293800
2021-06-03,1135.467529296875,1515.0,1535.0,1505.0,1525.0,1892500
2021-06-04,1135.467529296875,1515.0,1525.0,1510.0,1515.0,873600
2021-06-07,1135.467529296875,1515.0,1525.0,1515.0,1515.0,1096100
2021-06-08,1142.96240234375,1525.0,1530.0,1515.0,1520.0,1333800
2021-06-09,1135.467529296875,1515.0,1530.0,1510.0,1530.0,2361300
2021-06-10,1157.9520263671875,1545.0,1555.0,1500.0,1515.0,3345300
2021-06-11,1176.6890869140625,1570.0,1580.0,1540.0,1555.0,2166000
2021-06-14,1176.6890869140625,1570.0,1590.0,1555.0,1570.0,1829100
2021-06-15,1176.6890869140625,1570.0,1570.0,1555.0,1570.0,784000
2021-06-16,1172.94189453125,1565.0,1575.0,1555.0,1575.0,818700
2021-06-17,1184.1839599609375,1580.0,1580.0,1555.0,1565.0,1125100
2021-06-18,1139.2149658203125,1520.0,1585.0,1500.0,1585.0,4429800
2021-06-21,1199.1737060546875,1600.0,1790.0,1480.0,1520.0,34668100
2021-06-22,1165.447021484375,1555.0,1615.0,1535.0,1615.0,9724500
2021-06-23,1150.457275390625,1535.0,1570.0,1530.0,1555.0,2606200
2021-06-24,1142.96240234375,1525.0,1550.0,1520.0,1535.0,3107500
2021-06-25,1139.2149658203125,1520.0,1570.0,1515.0,1525.0,4922800
2021-06-28,1112.983154296875,1485.0,1525.0,1470.0,1520.0,4771400
2021-06-29,1086.7510986328125,1450.0,1505.0,1445.0,1485.0,2894600
2021-06-30,1101.7408447265625,1470.0,1480.0,1450.0,1450.0,1844600
2021-07-01,1127.9727783203125,1505.0,1515.0,1470.0,1475.0,2110900
2021-07-02,1127.9727783203125,1505.0,1520.0,1495.0,1505.0,2075300
2021-07-05,1142.96240234375,1525.0,1550.0,1500.0,1520.0,4896400
2021-07-06,1162.466796875,1490.0,1505.0,1460.0,1500.0,2474000
2021-07-07,1166.367919921875,1495.0,1510.0,1480.0,1490.0,2883900
2021-07-08,1154.6651611328125,1480.0,1510.0,1460.0,1500.0,4287300
2021-07-09,1166.367919921875,1495.0,1500.0,1465.0,1480.0,1506400
2021-07-12,1185.872314453125,1520.0,1530.0,1500.0,1500.0,3691400
2021-07-13,1213.1787109375,1555.0,1605.0,1520.0,1520.0,6987300
2021-07-14,1232.68310546875,1580.0,1580.0,1530.0,1550.0,5340000
2021-07-15,1189.7733154296875,1525.0,1600.0,1520.0,1600.0,3114000
2021-07-16,1174.169677734375,1505.0,1540.0,1505.0,1525.0,2048600
2021-07-19,1170.2686767578125,1500.0,1520.0,1490.0,1505.0,1598800
2021-07-21,1162.466796875,1490.0,1500.0,1490.0,1500.0,1379300
2021-07-22,1170.2686767578125,1500.0,1505.0,1485.0,1490.0,1457000
2021-07-23,1170.2686767578125,1500.0,1510.0,1490.0,1500.0,1039300
2021-07-26,1154.6651611328125,1480.0,1500.0,1475.0,1500.0,2650500
2021-07-27,1154.6651611328125,1480.0,1495.0,1475.0,1480.0,738300
2021-07-28,1146.86328125,1470.0,1490.0,1470.0,1480.0,1510200
2021-07-29,1146.86328125,1470.0,1495.0,1470.0,1470.0,873300
2021-07-30,1139.0616455078125,1460.0,1480.0,1455.0,1470.0,1546800
2021-08-02,1150.76416015625,1475.0,1485.0,1430.0,1460.0,1188100
2021-08-03,1154.6651611328125,1480.0,1495.0,1465.0,1480.0,773500
2021-08-04,1139.0616455078125,1460.0,1490.0,1455.0,1485.0,1576500
2021-08-05,1135.1605224609375,1455.0,1485.0,1455.0,1465.0,2354100
2021-08-06,1142.96240234375,1465.0,1480.0,1455.0,1460.0,1296800
2021-08-09,1135.1605224609375,1455.0,1475.0,1455.0,1465.0,1417100
2021-08-10,1142.96240234375,1465.0,1470.0,1445.0,1455.0,1429600
2021-08-12,1158.56591796875,1485.0,1490.0,1465.0,1465.0,1789100
2021-08-13,1154.6651611328125,1480.0,1495.0,1475.0,1495.0,1014700
2021-08-16,1150.76416015625,1475.0,1485.0,1470.0,1485.0,886700
2021-08-18,1154.6651611328125,1480.0,1490.0,1465.0,1490.0,958100
2021-08-19,1135.1605224609375,1455.0,1480.0,1455.0,1480.0,999500
2021-08-20,1135.1605224609375,1455.0,1465.0,1450.0,1455.0,912800
2021-08-23,1146.86328125,1470.0,1475.0,1450.0,1455.0,473200
2021-08-24,1139.0616455078125,1460.0,1480.0,1455.0,1480.0,388000
2021-08-25,1146.86328125,1470.0,1475.0,1460.0,1460.0,432000
2021-08-26,1142.96240234375,1465.0,1485.0,1460.0,1470.0,598800
2021-08-27,1139.0616455078125,1460.0,1475.0,1460.0,1465.0,314800
2021-08-30,1146.86328125,1470.0,1475.0,1460.0,1465.0,647400
2021-08-31,1142.96240234375,1465.0,1485.0,1455.0,1485.0,1390700
2021-09-01,1135.1605224609375,1455.0,1465.0,1450.0,1465.0,2178600
2021-09-02,1131.259765625,1450.0,1460.0,1445.0,1455.0,1337500
2021-09-03,1131.259765625,1450.0,1460.0,1440.0,1450.0,715700
2021-09-06,1127.35888671875,1445.0,1450.0,1440.0,1450.0,1896900
2021-09-07,1142.96240234375,1465.0,1470.0,1440.0,1445.0,1764700
2021-09-08,1135.1605224609375,1455.0,1470.0,1440.0,1470.0,1933400
2021-09-09,1131.259765625,1450.0,1460.0,1445.0,1460.0,1176200
2021-09-10,1123.4578857421875,1440.0,1450.0,1440.0,1450.0,1000700
2021-09-13,1119.5570068359375,1435.0,1455.0,1435.0,1445.0,796300
2021-09-14,1127.35888671875,1445.0,1455.0,1435.0,1440.0,764300
2021-09-15,1131.259765625,1450.0,1455.0,1440.0,1450.0,1001600
2021-09-16,1131.259765625,1450.0,1455.0,1440.0,1450.0,407100
2021-09-17,1135.1605224609375,1455.0,1455.0,1430.0,1450.0,747300
2021-09-20,1119.5570068359375,1435.0,1455.0,1435.0,1455.0,908400
2021-09-21,1119.5570068359375,1435.0,1450.0,1430.0,1435.0,389500
2021-09-22,1119.5570068359375,1435.0,1450.0,1435.0,1435.0,697300
2021-09-23,1123.4578857421875,1440.0,1445.0,1435.0,1440.0,743000
2021-09-24,1115.65625,1430.0,1440.0,1430.0,1440.0,700000
2021-09-27,1107.8543701171875,1420.0,1435.0,1420.0,1435.0,825800
2021-09-28,1115.65625,1430.0,1435.0,1420.0,1420.0,427600
2021-09-29,1115.65625,1430.0,1435.0,1420.0,1435.0,665900
2021-09-30,1115.65625,1430.0,1435.0,1425.0,1430.0,494100
2021-10-01,1119.5570068359375,1435.0,1440.0,1425.0,1435.0,496900
2021-10-04,1123.4578857421875,1440.0,1445.0,1425.0,1435.0,1410300
2021-10-05,1127.35888671875,1445.0,1445.0,1430.0,1440.0,918700
2021-10-06,1135.1605224609375,1455.0,1480.0,1430.0,1445.0,2822000
2021-10-07,1123.4578857421875,1440.0,1470.0,1435.0,1455.0,1197000
2021-10-08,1150.76416015625,1475.0,1485.0,1440.0,1445.0,1408600
2021-10-11,1123.4578857421875,1440.0,1480.0,1440.0,1475.0,1452400
2021-10-12,1127.35888671875,1445.0,1470.0,1435.0,1435.0,612000
2021-10-13,1135.1605224609375,1455.0,1465.0,1445.0,1445.0,507900
2021-10-14,1146.86328125,1470.0,1475.0,1450.0,1460.0,533900
2021-10-15,1127.35888671875,1445.0,1470.0,1445.0,1470.0,830200
2021-10-18,1142.96240234375,1465.0,1475.0,1450.0,1450.0,891700
2021-10-19,1146.86328125,1470.0,1480.0,1465.0,1470.0,667700
2021-10-21,1150.76416015625,1475.0,1545.0,1470.0,1480.0,4103000
2021-10-22,1162.466796875,1490.0,1520.0,1465.0,1475.0,912300
2021-10-25,1158.56591796875,1485.0,1530.0,1480.0,1490.0,1230200
2021-10-26,1158.56591796875,1485.0,1505.0,1480.0,1490.0,443600
2021-10-27,1150.76416015625,1475.0,1490.0,1465.0,1485.0,1327800
2021-10-28,1150.76416015625,1475.0,1490.0,1460.0,1480.0,1197500
2021-10-29,1146.86328125,1470.0,1480.0,1465.0,1480.0,1070900
2021-11-01,1135.1605224609375,1455.0,1475.0,1455.0,1470.0,1136500
2021-11-02,1135.1605224609375,1455.0,1470.0,1450.0,1450.0,634000
2021-11-03,1142.96240234375,1465.0,1470.0,1455.0,1455.0,252300
2021-11-04,1150.76416015625,1475.0,1500.0,1470.0,1470.0,677500
2021-11-05,1150.76416015625,1475.0,1485.0,1470.0,1475.0,613500
2021-11-08,1154.6651611328125,1480.0,1480.0,1470.0,1475.0,617800
2021-11-09,1162.466796875,1490.0,1490.0,1475.0,1480.0,976500
2021-11-10,1154.6651611328125,1480.0,1490.0,1475.0,1490.0,1076100
2021-11-11,1150.76416015625,1475.0,1485.0,1470.0,1480.0,917100
2021-11-12,1158.56591796875,1485.0,1485.0,1475.0,1480.0,937500
2021-11-15,1150.76416015625,1475.0,1490.0,1470.0,1490.0,970000
2021-11-16,1158.56591796875,1485.0,1490.0,1470.0,1485.0,874800
2021-11-17,1150.76416015625,1475.0,1485.0,1475.0,1485.0,330600
2021-11-18,1158.56591796875,1485.0,1485.0,1470.0,1480.0,644900
2021-11-19,1158.56591796875,1485.0,1530.0,1480.0,1485.0,747300
2021-11-22,1158.56591796875,1485.0,1495.0,1475.0,1485.0,539400
2021-11-23,1170.2686767578125,1500.0,1515.0,1495.0,1500.0,1565300
2021-11-24,1170.2686767578125,1500.0,1510.0,1500.0,1500.0,542400
2021-11-25,1170.2686767578125,1500.0,1510.0,1500.0,1500.0,658900
2021-11-26,1154.6651611328125,1480.0,1505.0,1475.0,1505.0,1201800
2021-11-29,1158.56591796875,1485.0,1500.0,1480.0,1480.0,568200
2021-11-30,1158.56591796875,1485.0,1490.0,1475.0,1490.0,1103700
2021-12-01,1158.56591796875,1465.0,1480.0,1460.0,1475.0,872300
2021-12-02,1170.4283447265625,1480.0,1485.0,1455.0,1465.0,621500
2021-12-03,1174.382568359375,1485.0,1485.0,1460.0,1460.0,374100
2021-12-06,1162.5201416015625,1470.0,1485.0,1465.0,1485.0,186600
2021-12-07,1170.4283447265625,1480.0,1480.0,1460.0,1470.0,319800
2021-12-08,1182.2908935546875,1495.0,1495.0,1460.0,1480.0,599400
2021-12-09,1162.5201416015625,1470.0,1495.0,1465.0,1495.0,555400
2021-12-10,1166.474365234375,1475.0,1480.0,1455.0,1470.0,596900
2021-12-13,1166.474365234375,1475.0,1480.0,1465.0,1475.0,514400
2021-12-14,1158.56591796875,1465.0,1475.0,1460.0,1475.0,178000
2021-12-15,1158.56591796875,1465.0,1470.0,1460.0,1465.0,288600
2021-12-16,1170.4283447265625,1480.0,1485.0,1460.0,1465.0,635200
2021-12-17,1162.5201416015625,1470.0,1480.0,1460.0,1480.0,256400
2021-12-20,1150.6575927734375,1455.0,1470.0,1455.0,1470.0,462800
2021-12-21,1158.56591796875,1465.0,1470.0,1455.0,1455.0,368400
2021-12-22,1158.56591796875,1465.0,1480.0,1450.0,1475.0,898300
2021-12-23,1162.5201416015625,1470.0,1475.0,1460.0,1465.0,275700
2021-12-24,1162.5201416015625,1470.0,1475.0,1455.0,1470.0,241300
2021-12-27,1162.5201416015625,1470.0,1480.0,1465.0,1470.0,483100
2021-12-28,1158.56591796875,1465.0,1480.0,1465.0,1480.0,382200
2021-12-29,1166.474365234375,1475.0,1480.0,1460.0,1465.0,506600
2021-12-30,1186.2449951171875,1500.0,1500.0,1460.0,1475.0,1179000
2022-01-03,1182.2908935546875,1495.0,1500.0,1485.0,1500.0,1375900
2022-01-04,1178.336669921875,1490.0,1500.0,1485.0,1495.0,350200
2022-01-05,1178.336669921875,1490.0,1495.0,1485.0,1495.0,403200
2022-01-06,1174.382568359375,1485.0,1500.0,1470.0,1495.0,640500
2022-01-07,1174.382568359375,1485.0,1485.0,1450.0,1485.0,1821200
2022-01-10,1186.2449951171875,1500.0,1505.0,1465.0,1490.0,1760600
2022-01-11,1178.336669921875,1490.0,1505.0,1480.0,1500.0,670600
2022-01-12,1178.336669921875,1490.0,1495.0,1475.0,1490.0,644400
2022-01-13,1170.4283447265625,1480.0,1490.0,1475.0,1490.0,237800
2022-01-14,1174.382568359375,1485.0,1500.0,1480.0,1490.0,476900
2022-01-17,1162.5201416015625,1470.0,1490.0,1465.0,1485.0,192100
2022-01-18,1174.382568359375,1485.0,1485.0,1455.0,1470.0,553100
2022-01-19,1178.336669921875,1490.0,1500.0,1475.0,1485.0,635200
2022-01-20,1174.382568359375,1485.0,1490.0,1475.0,1490.0,130200
2022-01-21,1174.382568359375,1485.0,1490.0,1470.0,1485.0,353700
2022-01-24,1174.382568359375,1485.0,1495.0,1480.0,1485.0,341400
2022-01-25,1174.382568359375,1485.0,1490.0,1465.0,1485.0,767900
2022-01-26,1174.382568359375,1485.0,1485.0,1470.0,1485.0,493600
2022-01-27,1162.5201416015625,1470.0,1495.0,1470.0,1485.0,643800
2022-01-28,1174.382568359375,1485.0,1495.0,1480.0,1490.0,774700
2022-01-31,1186.2449951171875,1500.0,1500.0,1480.0,1490.0,937600
2022-02-02,1206.015869140625,1525.0,1530.0,1495.0,1500.0,2305200
2022-02-03,1206.015869140625,1525.0,1540.0,1515.0,1525.0,1659300
2022-02-04,1209.9700927734375,1530.0,1540.0,1520.0,1530.0,3069400
2022-02-07,1209.9700927734375,1530.0,1545.0,1525.0,1530.0,820800
2022-02-08,1213.9241943359375,1535.0,1540.0,1520.0,1535.0,866100
2022-02-09,1206.015869140625,1525.0,1540.0,1515.0,1535.0,591600
2022-02-10,1206.015869140625,1525.0,1530.0,1490.0,1520.0,645600
2022-02-11,1206.015869140625,1525.0,1530.0,1510.0,1525.0,377400
2022-02-14,1198.107421875,1515.0,1525.0,1490.0,1525.0,1832100
2022-02-15,1190.19921875,1505.0,1515.0,1500.0,1515.0,519400
2022-02-16,1198.107421875,1515.0,1520.0,1495.0,1505.0,728300
2022-02-17,1202.0615234375,1520.0,1520.0,1500.0,1515.0,854500
2022-02-18,1202.0615234375,1520.0,1520.0,1505.0,1520.0,455800
2022-02-21,1198.107421875,1515.0,1525.0,1510.0,1520.0,160300
2022-02-22,1198.107421875,1515.0,1520.0,1505.0,1520.0,439300
2022-02-23,1198.107421875,1515.0,1520.0,1505.0,1515.0,221000
2022-02-24,1186.2449951171875,1500.0,1525.0,1485.0,1515.0,997900
2022-02-25,1186.2449951171875,1500.0,1500.0,1485.0,1500.0,793000
2022-03-01,1170.4283447265625,1480.0,1500.0,1465.0,1500.0,1683100
2022-03-02,1170.4283447265625,1480.0,1480.0,1450.0,1480.0,1059000
2022-03-04,1166.474365234375,1475.0,1485.0,1465.0,1480.0,626600
2022-03-07,1162.5201416015625,1470.0,1480.0,1450.0,1475.0,567300
2022-03-08,1158.56591796875,1465.0,1475.0,1460.0,1470.0,655500
2022-03-09,1142.7493896484375,1445.0,1465.0,1440.0,1465.0,894400
2022-03-10,1158.56591796875,1465.0,1470.0,1425.0,1465.0,1489300
2022-03-11,1162.5201416015625,1470.0,1470.0,1440.0,1465.0,1556100
2022-03-14,1158.56591796875,1465.0,1470.0,1455.0,1470.0,131700
2022-03-15,1154.6119384765625,1460.0,1465.0,1440.0,1465.0,626900
2022-03-16,1154.6119384765625,1460.0,1465.0,1450.0,1460.0,301700
2022-03-17,1154.6119384765625,1460.0,1470.0,1450.0,1465.0,152000
2022-03-18,1158.56591796875,1465.0,1480.0,1445.0,1460.0,619600
2022-03-21,1158.56591796875,1465.0,1470.0,1455.0,1470.0,454300
2022-03-22,1150.6575927734375,1455.0,1465.0,1450.0,1465.0,365700
2022-03-23,1158.56591796875,1465.0,1465.0,1450.0,1455.0,648100
2022-03-24,1162.5201416015625,1470.0,1470.0,1450.0,1465.0,639000
2022-03-25,1166.474365234375,1475.0,1480.0,1460.0,1470.0,532300
2022-03-28,1166.474365234375,1475.0,1480.0,1455.0,1475.0,1336200
2022-03-29,1170.4283447265625,1480.0,1480.0,1465.0,1475.0,488300
2022-03-30,1166.474365234375,1475.0,1480.0,1440.0,1480.0,1048900
2022-03-31,1166.474365234375,1475.0,1480.0,1450.0,1475.0,2070400
2022-04-01,1166.474365234375,1475.0,1480.0,1465.0,1475.0,2511500
2022-04-04,1166.474365234375,1475.0,1480.0,1460.0,1475.0,1631200
2022-04-05,1166.474365234375,1475.0,1480.0,1465.0,1480.0,1480000
2022-04-06,1158.56591796875,1465.0,1475.0,1465.0,1475.0,668600
2022-04-07,1162.5201416015625,1470.0,1470.0,1460.0,1465.0,474100
2022-04-08,1166.474365234375,1475.0,1475.0,1450.0,1460.0,634900
2022-04-11,1162.5201416015625,1470.0,1475.0,1445.0,1475.0,400800
2022-04-12,1166.474365234375,1475.0,1475.0,1460.0,1470.0,863700
2022-04-13,1166.474365234375,1475.0,1480.0,1460.0,1475.0,1024300
2022-04-14,1166.474365234375,1475.0,1475.0,1465.0,1475.0,512900
2022-04-18,1158.56591796875,1465.0,1475.0,1465.0,1475.0,815300
2022-04-19,1158.56591796875,1465.0,1475.0,1465.0,1465.0,645700
2022-04-20,1158.56591796875,1465.0,1470.0,1465.0,1465.0,453200
2022-04-21,1162.5201416015625,1470.0,1480.0,1465.0,1465.0,496300
2022-04-22,1158.56591796875,1465.0,1470.0,1455.0,1470.0,964700
2022-04-25,1154.6119384765625,1460.0,1465.0,1455.0,1465.0,1149700
2022-04-26,1158.56591796875,1465.0,1465.0,1455.0,1465.0,388900
2022-04-27,1158.56591796875,1465.0,1465.0,1455.0,1465.0,365200
2022-04-28,1162.5201416015625,1470.0,1470.0,1455.0,1465.0,1514700
2022-05-09,1150.6575927734375,1455.0,1465.0,1450.0,1465.0,1556600
2022-05-10,1154.6119384765625,1460.0,1460.0,1445.0,1455.0,1514000
2022-05-11,1154.6119384765625,1460.0,1470.0,1455.0,1460.0,2198000
2022-05-12,1150.6575927734375,1455.0,1460.0,1450.0,1460.0,718800
2022-05-13,1158.56591796875,1465.0,1465.0,1450.0,1455.0,676800
2022-05-17,1146.70361328125,1450.0,1465.0,1440.0,1465.0,1553900
2022-05-18,1142.7493896484375,1445.0,1450.0,1430.0,1450.0,662300
2022-05-19,1142.7493896484375,1445.0,1445.0,1435.0,1445.0,367800
2022-05-20,1142.7493896484375,1445.0,1450.0,1440.0,1445.0,961000
2022-05-23,1142.7493896484375,1445.0,1450.0,1440.0,1445.0,408200
2022-05-24,1142.7493896484375,1445.0,1445.0,1435.0,1445.0,320600
2022-05-25,1142.7493896484375,1445.0,1445.0,1435.0,1445.0,585900
2022-05-27,1142.7493896484375,1445.0,1445.0,1435.0,1445.0,362800
2022-05-30,1150.6575927734375,1455.0,1460.0,1440.0,1445.0,1577200
2022-05-31,1150.6575927734375,1455.0,1460.0,1450.0,1455.0,812000
2022-06-02,1142.7493896484375,1445.0,1460.0,1440.0,1455.0,1157100
2022-06-03,1138.7952880859375,1440.0,1455.0,1435.0,1450.0,1148300
2022-06-06,1146.70361328125,1450.0,1460.0,1450.0,1450.0,1502600
2022-06-07,1146.70361328125,1450.0,1460.0,1445.0,1460.0,1129100
2022-06-08,1150.6575927734375,1455.0,1460.0,1445.0,1450.0,2383500
2022-06-09,1150.6575927734375,1455.0,1465.0,1455.0,1455.0,2398100
2022-06-10,1162.9422607421875,1420.0,1430.0,1395.0,1415.0,3704100
2022-06-13,1150.65771484375,1405.0,1430.0,1395.0,1430.0,835900
2022-06-14,1146.5628662109375,1400.0,1410.0,1395.0,1405.0,1685200
2022-06-15,1154.7528076171875,1410.0,1415.0,1400.0,1405.0,1294800
2022-06-16,1154.7528076171875,1410.0,1420.0,1395.0,1410.0,1073000
2022-06-17,1154.7528076171875,1410.0,1410.0,1395.0,1410.0,1046100
2022-06-20,1150.65771484375,1405.0,1410.0,1395.0,1410.0,302200
2022-06-21,1150.65771484375,1405.0,1405.0,1395.0,1405.0,774300
2022-06-22,1146.5628662109375,1400.0,1410.0,1390.0,1405.0,813200
2022-06-23,1146.5628662109375,1400.0,1405.0,1390.0,1400.0,511800
2022-06-24,1146.5628662109375,1400.0,1405.0,1395.0,1400.0,1125700
2022-06-27,1150.65771484375,1405.0,1410.0,1395.0,1400.0,998700
2022-06-28,1150.65771484375,1405.0,1410.0,1400.0,1405.0,337600
2022-06-29,1142.4681396484375,1395.0,1405.0,1395.0,1405.0,784200
2022-06-30,1146.5628662109375,1400.0,1400.0,1395.0,1395.0,240100
2022-07-01,1146.5628662109375,1400.0,1400.0,1390.0,1400.0,392600
2022-07-04,1138.3731689453125,1390.0,1400.0,1370.0,1400.0,948600
2022-07-05,1134.2781982421875,1385.0,1390.0,1380.0,1390.0,263700
2022-07-06,1130.183349609375,1380.0,1385.0,1375.0,1385.0,499600
2022-07-07,1130.183349609375,1380.0,1385.0,1375.0,1380.0,123500
2022-07-08,1130.183349609375,1380.0,1380.0,1375.0,1380.0,150900
2022-07-11,1130.183349609375,1380.0,1385.0,1365.0,1380.0,399600
2022-07-12,1130.183349609375,1380.0,1380.0,1370.0,1380.0,218500
2022-07-13,1154.7528076171875,1410.0,1465.0,1385.0,1385.0,1991200
2022-07-14,1138.3731689453125,1390.0,1410.0,1390.0,1410.0,972600
2022-07-15,1142.4681396484375,1395.0,1400.0,1385.0,1390.0,410400
2022-07-18,1134.2781982421875,1385.0,1410.0,1370.0,1410.0,606000
2022-07-19,1130.183349609375,1380.0,1390.0,1375.0,1390.0,776300
2022-07-20,1134.2781982421875,1385.0,1390.0,1380.0,1380.0,197600
2022-07-21,1134.2781982421875,1385.0,1390.0,1380.0,1380.0,653500
2022-07-22,1130.183349609375,1380.0,1390.0,1375.0,1385.0,456500
2022-07-25,1130.183349609375,1380.0,1390.0,1375.0,1380.0,444100
2022-07-26,1126.0885009765625,1375.0,1390.0,1370.0,1380.0,1306400
2022-07-27,1134.2781982421875,1385.0,1390.0,1375.0,1380.0,838800
2022-07-28,1138.3731689453125,1390.0,1390.0,1380.0,1385.0,628500
2022-07-29,1130.183349609375,1380.0,1390.0,1375.0,1390.0,698600
2022-08-01,1134.2781982421875,1385.0,1385.0,1375.0,1380.0,228600
2022-08-02,1130.183349609375,1380.0,1385.0,1375.0,1385.0,463400
2022-08-03,1130.183349609375,1380.0,1390.0,1350.0,1380.0,4376200
2022-08-04,1126.0885009765625,1375.0,1380.0,1370.0,1380.0,366500
2022-08-05,1126.0885009765625,1375.0,1375.0,1370.0,1375.0,374500
2022-08-08,1134.2781982421875,1385.0,1385.0,1375.0,1380.0,1056100
2022-08-09,1138.3731689453125,1390.0,1395.0,1385.0,1385.0,514100
2022-08-10,1138.3731689453125,1390.0,1395.0,1380.0,1390.0,726100
2022-08-11,1142.4681396484375,1395.0,1395.0,1385.0,1390.0,447300
2022-08-12,1130.183349609375,1380.0,1395.0,1375.0,1395.0,1981000
2022-08-15,1126.0885009765625,1375.0,1380.0,1370.0,1380.0,1216500
2022-08-16,1121.9937744140625,1370.0,1375.0,1370.0,1375.0,999900
2022-08-18,1126.0885009765625,1375.0,1380.0,1370.0,1375.0,259800
2022-08-19,1130.183349609375,1380.0,1380.0,1370.0,1375.0,277800
2022-08-22,1121.9937744140625,1370.0,1380.0,1365.0,1380.0,722400
2022-08-23,1126.0885009765625,1375.0,1375.0,1365.0,1370.0,410200
2022-08-24,1121.9937744140625,1370.0,1375.0,1365.0,1375.0,528100
2022-08-25,1126.0885009765625,1375.0,1375.0,1365.0,1370.0,176600
2022-08-26,1126.0885009765625,1375.0,1380.0,1370.0,1375.0,315800
2022-08-29,1121.9937744140625,1370.0,1375.0,1360.0,1375.0,684900
2022-08-30,1126.0885009765625,1375.0,1375.0,1360.0,1370.0,253900
2022-08-31,1121.9937744140625,1370.0,1375.0,1360.0,1370.0,412400
2022-09-01,1121.9937744140625,1370.0,1375.0,1360.0,1365.0,278600
2022-09-02,1117.8988037109375,1365.0,1370.0,1360.0,1370.0,449900
2022-09-05,1117.8988037109375,1365.0,1370.0,1360.0,1365.0,380000
2022-09-06,1117.8988037109375,1365.0,1365.0,1355.0,1365.0,678000
2022-09-07,1113.803955078125,1360.0,1370.0,1355.0,1365.0,832900
2022-09-08,1117.8988037109375,1365.0,1365.0,1355.0,1360.0,410100
2022-09-09,1117.8988037109375,1365.0,1365.0,1355.0,1365.0,155400
2022-09-12,1117.8988037109375,1365.0,1365.0,1355.0,1365.0,441800
2022-09-13,1117.8988037109375,1365.0,1365.0,1355.0,1365.0,373400
2022-09-14,1117.8988037109375,1365.0,1365.0,1355.0,1365.0,596700
2022-09-15,1109.7091064453125,1355.0,1370.0,1345.0,1365.0,3128200
2022-09-16,1105.6141357421875,1350.0,1360.0,1340.0,1355.0,1049000
2022-09-19,1113.803955078125,1360.0,1360.0,1345.0,1355.0,1214100
2022-09-20,1113.803955078125,1360.0,1360.0,1350.0,1360.0,309100
2022-09-21,1113.803955078125,1360.0,1360.0,1355.0,1360.0,391400
2022-09-22,1117.8988037109375,1365.0,1365.0,1355.0,1360.0,610300
2022-09-23,1121.9937744140625,1370.0,1370.0,1360.0,1365.0,264300
2022-09-26,1121.9937744140625,1370.0,1370.0,1360.0,1370.0,296500
2022-09-27,1117.8988037109375,1365.0,1375.0,1350.0,1370.0,252700
2022-09-28,1121.9937744140625,1370.0,1375.0,1355.0,1365.0,227200
2022-09-29,1117.8988037109375,1365.0,1370.0,1355.0,1370.0,241200
2022-09-30,1113.803955078125,1360.0,1370.0,1350.0,1365.0,467000
2022-10-03,1109.7091064453125,1355.0,1365.0,1355.0,1360.0,79800
2022-10-04,1113.803955078125,1360.0,1365.0,1350.0,1360.0,233400
2022-10-05,1113.803955078125,1360.0,1365.0,1355.0,1360.0,157000
2022-10-06,1113.803955078125,1360.0,1365.0,1350.0,1360.0,424800
2022-10-07,1109.7091064453125,1355.0,1360.0,1350.0,1360.0,138600
2022-10-10,1113.803955078125,1360.0,1360.0,1345.0,1355.0,310300
2022-10-11,1105.6141357421875,1350.0,1360.0,1350.0,1360.0,481500
2022-10-12,1109.7091064453125,1355.0,1355.0,1340.0,1350.0,448800
2022-10-13,1105.6141357421875,1350.0,1355.0,1345.0,1355.0,357100
2022-10-14,1097.4246826171875,1340.0,1350.0,1340.0,1350.0,41700
2022-10-17,1105.6141357421875,1350.0,1355.0,1335.0,1340.0,1052500
2022-10-18,1105.6141357421875,1350.0,1350.0,1340.0,1350.0,280800
2022-10-19,1101.5194091796875,1345.0,1355.0,1340.0,1350.0,460400
2022-10-20,1109.7091064453125,1355.0,1355.0,1335.0,1345.0,214400
2022-10-21,1109.7091064453125,1355.0,1360.0,1340.0,1355.0,829600
2022-10-24,1101.5194091796875,1345.0,1355.0,1345.0,1355.0,271500
2022-10-25,1101.5194091796875,1345.0,1350.0,1335.0,1345.0,520400
2022-10-26,1101.5194091796875,1345.0,1355.0,1340.0,1350.0,1210600
2022-10-27,1105.6141357421875,1350.0,1355.0,1340.0,1345.0,401300
2022-10-28,1109.7091064453125,1355.0,1355.0,1340.0,1350.0,254300
2022-10-31,1113.803955078125,1360.0,1365.0,1345.0,1355.0,2577300
2022-11-01,1109.7091064453125,1355.0,1360.0,1350.0,1360.0,1282600
2022-11-02,1109.7091064453125,1355.0,1360.0,1345.0,1355.0,1280500
2022-11-03,1105.6141357421875,1350.0,1360.0,1350.0,1355.0,454400
2022-11-04,1105.6141357421875,1350.0,1360.0,1345.0,1355.0,476300
2022-11-07,1109.7091064453125,1355.0,1360.0,1345.0,1350.0,416900
2022-11-08,1109.7091064453125,1355.0,1360.0,1350.0,1360.0,196600
2022-11-09,1109.7091064453125,1355.0,1360.0,1345.0,1360.0,306600
2022-11-10,1113.803955078125,1360.0,1360.0,1345.0,1355.0,169200
2022-11-11,1113.803955078125,1360.0,1365.0,1350.0,1360.0,716600
2022-11-14,1126.0885009765625,1375.0,1410.0,1350.0,1360.0,1701500
2022-11-15,1113.803955078125,1360.0,1380.0,1320.0,1375.0,1426500
2022-11-16,1113.803955078125,1360.0,1365.0,1350.0,1360.0,568900
2022-11-17,1109.7091064453125,1355.0,1370.0,1350.0,1365.0,2293900
2022-11-18,1109.7091064453125,1355.0,1370.0,1350.0,1355.0,512300
2022-11-21,1121.9937744140625,1370.0,1370.0,1355.0,1360.0,510100
2022-11-22,1121.9937744140625,1370.0,1370.0,1360.0,1370.0,228900
2022-11-23,1121.9937744140625,1370.0,1370.0,1355.0,1370.0,290000
2022-11-24,1126.0885009765625,1375.0,1375.0,1360.0,1370.0,505600
2022-11-25,1121.9937744140625,1370.0,1380.0,1360.0,1375.0,253900
2022-11-28,1121.9937744140625,1370.0,1375.0,1360.0,1370.0,732500
2022-11-29,1134.2781982421875,1385.0,1395.0,1365.0,1370.0,276000
2022-11-30,1126.0885009765625,1375.0,1390.0,1360.0,1385.0,487100
2022-12-01,1126.0885009765625,1375.0,1380.0,1365.0,1375.0,673000
2022-12-02,1138.3731689453125,1390.0,1400.0,1365.0,1375.0,571800
2022-12-05,1130.183349609375,1380.0,1400.0,1380.0,1395.0,347200
2022-12-06,1126.0885009765625,1375.0,1380.0,1370.0,1380.0,836900
2022-12-07,1126.0885009765625,1375.0,1380.0,1370.0,1375.0,364000
2022-12-08,1126.0885009765625,1375.0,1380.0,1365.0,1375.0,771800
2022-12-09,1130.183349609375,1380.0,1380.0,1370.0,1375.0,309400
2022-12-12,1134.2781982421875,1385.0,1390.0,1365.0,1380.0,180200
2022-12-13,1138.3731689453125,1390.0,1395.0,1370.0,1385.0,623100
2022-12-14,1142.4681396484375,1395.0,1395.0,1385.0,1385.0,348900
2022-12-15,1134.2781982421875,1385.0,1400.0,1375.0,1395.0,685400
2022-12-16,1146.5628662109375,1400.0,1400.0,1380.0,1385.0,1226100
2022-12-19,1150.732177734375,1380.0,1400.0,1360.0,1400.0,617300
2022-12-20,1146.5628662109375,1375.0,1385.0,1370.0,1375.0,500000
2022-12-21,1150.732177734375,1380.0,1380.0,1365.0,1375.0,451300
2022-12-22,1150.732177734375,1380.0,1380.0,1370.0,1380.0,225500
2022-12-23,1146.5628662109375,1375.0,1380.0,1365.0,1380.0,568800
2022-12-26,1146.5628662109375,1375.0,1380.0,1365.0,1375.0,309000
2022-12-27,1146.5628662109375,1375.0,1380.0,1365.0,1375.0,689500
2022-12-28,1146.5628662109375,1375.0,1380.0,1365.0,1375.0,607500
2022-12-29,1150.732177734375,1380.0,1385.0,1370.0,1375.0,969900
2022-12-30,1175.748291015625,1410.0,1410.0,1380.0,1380.0,4728900
2023-01-02,1167.409423828125,1400.0,1420.0,1375.0,1420.0,590100
2023-01-03,1171.5787353515625,1405.0,1405.0,1385.0,1400.0,474900
2023-01-04,1167.409423828125,1400.0,1405.0,1385.0,1405.0,927400
2023-01-05,1159.07080078125,1390.0,1400.0,1380.0,1400.0,1062100
2023-01-06,1167.409423828125,1400.0,1400.0,1380.0,1390.0,488800
2023-01-09,1163.240234375,1395.0,1400.0,1375.0,1400.0,727100
2023-01-10,1163.240234375,1395.0,1395.0,1385.0,1395.0,1305800
2023-01-11,1167.409423828125,1400.0,1405.0,1390.0,1395.0,947700
2023-01-12,1167.409423828125,1400.0,1405.0,1390.0,1400.0,424900
2023-01-13,1163.240234375,1395.0,1400.0,1390.0,1400.0,870100
2023-01-16,1163.240234375,1395.0,1400.0,1385.0,1395.0,671300
2023-01-17,1171.5787353515625,1405.0,1405.0,1385.0,1395.0,368300
2023-01-18,1167.409423828125,1400.0,1405.0,1390.0,1405.0,618300
2023-01-19,1167.409423828125,1400.0,1400.0,1380.0,1400.0,562500
2023-01-20,1175.748291015625,1410.0,1410.0,1385.0,1400.0,537100
2023-01-24,1179.91748046875,1415.0,1420.0,1400.0,1410.0,441400
2023-01-25,1175.748291015625,1410.0,1420.0,1400.0,1420.0,182200
2023-01-26,1175.748291015625,1410.0,1415.0,1400.0,1410.0,121100
2023-01-27,1175.748291015625,1410.0,1415.0,1400.0,1410.0,225600
2023-01-30,1167.409423828125,1400.0,1410.0,1400.0,1410.0,235000
2023-01-31,1171.5787353515625,1405.0,1405.0,1390.0,1400.0,112100
2023-02-01,1159.07080078125,1390.0,1405.0,1385.0,1405.0,327700
2023-02-02,1175.748291015625,1410.0,1420.0,1390.0,1395.0,322900
2023-02-03,1179.91748046875,1415.0,1415.0,1390.0,1410.0,958100
2023-02-06,1179.91748046875,1415.0,1415.0,1405.0,1415.0,542000
2023-02-07,1184.086669921875,1420.0,1420.0,1405.0,1415.0,199200
2023-02-08,1179.91748046875,1415.0,1425.0,1405.0,1420.0,141000
2023-02-09,1179.91748046875,1415.0,1415.0,1405.0,1415.0,498800
2023-02-10,1175.748291015625,1410.0,1415.0,1405.0,1415.0,494000
2023-02-13,1171.5787353515625,1405.0,1415.0,1405.0,1415.0,217800
2023-02-14,1175.748291015625,1410.0,1415.0,1395.0,1410.0,635900
2023-02-15,1179.91748046875,1415.0,1415.0,1400.0,1410.0,721800
2023-02-16,1179.91748046875,1415.0,1420.0,1405.0,1415.0,1182100
2023-02-17,1175.748291015625,1410.0,1415.0,1405.0,1415.0,751000
2023-02-20,1167.409423828125,1400.0,1415.0,1390.0,1410.0,266000
2023-02-21,1163.240234375,1395.0,1405.0,1395.0,1400.0,236900
2023-02-22,1163.240234375,1395.0,1400.0,1390.0,1395.0,256600
2023-02-23,1159.07080078125,1390.0,1395.0,1390.0,1395.0,319500
2023-02-24,1171.5787353515625,1405.0,1405.0,1390.0,1395.0,380500
2023-02-27,1167.409423828125,1400.0,1405.0,1395.0,1405.0,165400
2023-02-28,1159.07080078125,1390.0,1405.0,1390.0,1400.0,468800
2023-03-01,1154.9014892578125,1385.0,1400.0,1385.0,1395.0,455100
2023-03-02,1163.240234375,1395.0,1395.0,1380.0,1385.0,219200
2023-03-03,1159.07080078125,1390.0,1400.0,1390.0,1395.0,63000
2023-03-06,1154.9014892578125,1385.0,1395.0,1385.0,1390.0,134300
2023-03-07,1150.732177734375,1380.0,1390.0,1380.0,1390.0,422000
2023-03-08,1134.054931640625,1360.0,1380.0,1340.0,1380.0,1153600
2023-03-09,1134.054931640625,1360.0,1365.0,1355.0,1365.0,373800
2023-03-10,1134.054931640625,1360.0,1365.0,1350.0,1360.0,2461300
2023-03-13,1142.3936767578125,1370.0,1380.0,1350.0,1365.0,794500
2023-03-14,1138.2242431640625,1365.0,1375.0,1355.0,1375.0,656900
2023-03-15,1146.5628662109375,1375.0,1375.0,1355.0,1365.0,829100
2023-03-16,1146.5628662109375,1375.0,1375.0,1350.0,1375.0,1048700
2023-03-17,1154.9014892578125,1385.0,1385.0,1365.0,1375.0,834200
2023-03-20,1159.07080078125,1390.0,1390.0,1365.0,1385.0,357800
2023-03-21,1146.5628662109375,1375.0,1390.0,1370.0,1390.0,252600
2023-03-24,1159.07080078125,1390.0,1390.0,1375.0,1380.0,455200
2023-03-27,1159.07080078125,1390.0,1395.0,1375.0,1390.0,1861000
2023-03-28,1159.07080078125,1390.0,1405.0,1380.0,1390.0,915100
2023-03-29,1154.9014892578125,1385.0,1395.0,1385.0,1390.0,1063200
2023-03-30,1163.240234375,1395.0,1405.0,1385.0,1385.0,1220000
2023-03-31,1171.5787353515625,1405.0,1440.0,1395.0,1405.0,4224500
2023-04-03,1154.9014892578125,1385.0,1415.0,1380.0,1415.0,4013800
2023-04-04,1159.07080078125,1390.0,1395.0,1375.0,1390.0,4216100
2023-04-05,1159.07080078125,1390.0,1395.0,1385.0,1390.0,788100
2023-04-06,1159.07080078125,1390.0,1390.0,1380.0,1385.0,1669900
2023-04-10,1154.9014892578125,1385.0,1395.0,1380.0,1390.0,1751000
2023-04-11,1154.9014892578125,1385.0,1390.0,1380.0,1385.0,1549300
2023-04-12,1154.9014892578125,1385.0,1390.0,1380.0,1390.0,552100
2023-04-13,1154.9014892578125,1385.0,1390.0,1380.0,1385.0,804200
2023-04-14,1154.9014892578125,1385.0,1390.0,1380.0,1385.0,1222800
2023-04-17,1154.9014892578125,1385.0,1390.0,1380.0,1385.0,742900
2023-04-18,1154.9014892578125,1385.0,1395.0,1380.0,1385.0,1382400
2023-04-26,1167.409423828125,1400.0,1415.0,1380.0,1390.0,9478900
2023-04-27,1159.07080078125,1390.0,1400.0,1385.0,1400.0,3856900
2023-04-28,1167.409423828125,1400.0,1400.0,1390.0,1390.0,3152900
2023-05-02,1142.3936767578125,1370.0,1430.0,1360.0,1425.0,13522700
2023-05-03,1146.5628662109375,1375.0,1385.0,1360.0,1375.0,5798900
2023-05-04,1146.5628662109375,1375.0,1380.0,1370.0,1380.0,2690400
2023-05-05,1150.732177734375,1380.0,1380.0,1365.0,1380.0,3575000
2023-05-08,1146.5628662109375,1375.0,1380.0,1365.0,1380.0,5819800
2023-05-09,1167.409423828125,1400.0,1420.0,1375.0,1375.0,5693200
2023-05-10,1167.409423828125,1400.0,1410.0,1395.0,1405.0,5413300
2023-05-11,1171.5787353515625,1405.0,1420.0,1400.0,1400.0,10637900
2023-05-12,1167.409423828125,1400.0,1410.0,1395.0,1405.0,5287800
2023-05-15,1184.086669921875,1420.0,1435.0,1400.0,1405.0,7827800
2023-05-16,1200.763916015625,1440.0,1495.0,1415.0,1440.0,22106000
2023-05-17,1192.4254150390625,1430.0,1460.0,1430.0,1450.0,7081200
2023-05-19,1225.7799072265625,1470.0,1510.0,1435.0,1435.0,16639100
2023-05-22,1221.6107177734375,1465.0,1490.0,1455.0,1480.0,5464200
2023-05-23,1217.441162109375,1460.0,1480.0,1435.0,1465.0,17565200
2023-05-24,1234.1187744140625,1480.0,1495.0,1450.0,1460.0,9864600
2023-05-25,1229.94921875,1475.0,1490.0,1470.0,1485.0,10072600
2023-05-26,1225.7799072265625,1470.0,1490.0,1455.0,1480.0,7520900
2023-05-29,1213.27197265625,1455.0,1475.0,1455.0,1470.0,3222900
2023-05-30,1217.441162109375,1460.0,1465.0,1440.0,1455.0,8107400
2023-05-31,1213.27197265625,1455.0,1465.0,1435.0,1465.0,5912900
2023-06-05,1188.256103515625,1425.0,1465.0,1405.0,1460.0,17136300
2023-06-06,1200.763916015625,1440.0,1450.0,1425.0,1430.0,4894600
2023-06-07,1225.7799072265625,1470.0,1475.0,1445.0,1460.0,9512400
2023-06-08,1284.150390625,1540.0,1555.0,1460.0,1460.0,24930400
2023-06-09,1267.4732666015625,1520.0,1555.0,1505.0,1540.0,8293500
2023-06-12,1284.150390625,1540.0,1545.0,1515.0,1520.0,10252200
2023-06-13,1328.7391357421875,1490.0,1500.0,1450.0,1460.0,7745900
2023-06-14,1324.2801513671875,1485.0,1500.0,1475.0,1495.0,1753300
2023-06-15,1355.4921875,1520.0,1520.0,1460.0,1485.0,5372600
2023-06-16,1538.3052978515625,1725.0,1730.0,1515.0,1525.0,14897700
2023-06-19,1573.97607421875,1765.0,1775.0,1685.0,1730.0,7454800
2023-06-20,1591.8115234375,1785.0,1790.0,1735.0,1785.0,4298300
2023-06-21,1533.846435546875,1720.0,1800.0,1670.0,1785.0,12439900
2023-06-22,1489.2578125,1670.0,1720.0,1600.0,1720.0,10215000
2023-06-23,1471.4224853515625,1650.0,1680.0,1635.0,1670.0,3186000
2023-06-26,1462.504638671875,1640.0,1665.0,1635.0,1650.0,2288100
2023-06-27,1462.504638671875,1640.0,1660.0,1610.0,1640.0,3727800
2023-07-03,1507.09326171875,1690.0,1700.0,1640.0,1645.0,3634700
2023-07-04,1538.3052978515625,1725.0,1730.0,1655.0,1695.0,3471900
2023-07-05,1618.5645751953125,1815.0,1840.0,1725.0,1725.0,7387200
2023-07-06,1712.20068359375,1920.0,1925.0,1815.0,1820.0,6635300
2023-07-07,1645.3177490234375,1845.0,1930.0,1820.0,1925.0,6906800
2023-07-10,1609.64697265625,1805.0,1850.0,1780.0,1850.0,5069700
2023-07-11,1649.776611328125,1850.0,1865.0,1780.0,1815.0,3823300
2023-07-12,1605.188232421875,1800.0,1880.0,1800.0,1850.0,3592900
2023-07-13,1631.941162109375,1830.0,1830.0,1755.0,1800.0,5051300
2023-07-14,1618.5645751953125,1815.0,1835.0,1800.0,1830.0,1596300
2023-07-17,1614.105712890625,1810.0,1830.0,1790.0,1815.0,2245200
2023-07-18,1591.8115234375,1785.0,1810.0,1760.0,1810.0,3699600
2023-07-20,1591.8115234375,1785.0,1790.0,1770.0,1785.0,1768100
2023-07-21,1578.4349365234375,1770.0,1810.0,1735.0,1785.0,3599100
2023-07-24,1605.188232421875,1800.0,1810.0,1760.0,1770.0,2648800
2023-07-25,1587.3526611328125,1780.0,1805.0,1770.0,1800.0,2735600
2023-07-26,1578.4349365234375,1770.0,1795.0,1765.0,1780.0,2782700
2023-07-27,1667.6121826171875,1870.0,1875.0,1765.0,1770.0,6189700
2023-07-28,1618.5645751953125,1815.0,1880.0,1805.0,1870.0,4178300
2023-07-31,1511.552001953125,1695.0,1840.0,1695.0,1815.0,13316500
2023-08-01,1493.716796875,1675.0,1705.0,1620.0,1700.0,10886100
2023-08-02,1516.010986328125,1700.0,1705.0,1650.0,1675.0,3596700
2023-08-03,1542.7640380859375,1730.0,1735.0,1665.0,1700.0,2162400
2023-08-04,1542.7640380859375,1730.0,1740.0,1705.0,1740.0,1263600
2023-08-07,1560.5994873046875,1750.0,1750.0,1710.0,1730.0,2088200
2023-08-08,1542.7640380859375,1730.0,1755.0,1720.0,1755.0,1275100
2023-08-09,1542.7640380859375,1730.0,1730.0,1710.0,1730.0,1023900
2023-08-10,1542.7640380859375,1730.0,1745.0,1700.0,1730.0,1556700
2023-08-11,1578.4349365234375,1770.0,1770.0,1700.0,1730.0,2781000
2023-08-14,1578.4349365234375,1770.0,1795.0,1740.0,1770.0,2521400
2023-08-15,1605.188232421875,1800.0,1800.0,1755.0,1770.0,2821300
2023-08-16,1614.105712890625,1810.0,1835.0,1775.0,1800.0,2490300
2023-08-18,1582.8936767578125,1775.0,1810.0,1740.0,1810.0,2773400
2023-08-21,1573.97607421875,1765.0,1775.0,1745.0,1775.0,1531500
2023-08-22,1600.729248046875,1795.0,1795.0,1715.0,1765.0,1816700
2023-08-23,1609.64697265625,1805.0,1815.0,1775.0,1795.0,2821100
2023-08-24,1605.188232421875,1800.0,1820.0,1760.0,1805.0,2690900
2023-08-25,1605.188232421875,1800.0,1800.0,1775.0,1800.0,1397400
2023-08-28,1605.188232421875,1800.0,1810.0,1780.0,1800.0,1691400
2023-08-29,1605.188232421875,1800.0,1805.0,1785.0,1800.0,1250700
2023-08-30,1605.188232421875,1800.0,1805.0,1780.0,1800.0,1643600
2023-08-31,1605.188232421875,1800.0,1810.0,1785.0,1800.0,1802300
2023-09-01,1591.8115234375,1785.0,1810.0,1785.0,1800.0,3455400
2023-09-04,1591.8115234375,1785.0,1785.0,1755.0,1785.0,1836100
2023-09-05,1582.8936767578125,1775.0,1785.0,1760.0,1785.0,1055700
2023-09-06,1569.517333984375,1760.0,1780.0,1745.0,1775.0,4240300
2023-09-07,1591.8115234375,1785.0,1790.0,1740.0,1760.0,2603300
2023-09-08,1596.270263671875,1790.0,1795.0,1760.0,1785.0,1561400
2023-09-11,1605.188232421875,1800.0,1810.0,1775.0,1790.0,1889300
2023-09-12,1605.188232421875,1800.0,1805.0,1780.0,1800.0,2096900
2023-09-13,1636.4000244140625,1835.0,1870.0,1790.0,1800.0,5109500
2023-09-14,1636.4000244140625,1835.0,1845.0,1825.0,1840.0,1479500
2023-09-15,1676.52978515625,1880.0,1910.0,1830.0,1835.0,5409900
2023-09-18,1654.2354736328125,1855.0,1910.0,1850.0,1900.0,2070600
2023-09-19,1640.8590087890625,1840.0,1855.0,1810.0,1855.0,3122200
2023-09-20,1614.105712890625,1810.0,1840.0,1785.0,1840.0,4984500
2023-09-21,1609.64697265625,1805.0,1820.0,1785.0,1810.0,1709300
2023-09-22,1605.188232421875,1800.0,1825.0,1790.0,1805.0,1468100
2023-09-25,1600.729248046875,1795.0,1810.0,1785.0,1800.0,1662800
2023-09-26,1591.8115234375,1785.0,1810.0,1780.0,1795.0,1849800
2023-09-27,1582.8936767578125,1775.0,1795.0,1750.0,1785.0,3516300
2023-09-29,1614.105712890625,1810.0,1815.0,1765.0,1775.0,1541800
2023-10-02,1600.729248046875,1795.0,1810.0,1775.0,1810.0,1654200
2023-10-03,1587.3526611328125,1780.0,1795.0,1765.0,1795.0,1545800
2023-10-04,1582.8936767578125,1775.0,1780.0,1755.0,1775.0,853600
2023-10-05,1569.517333984375,1760.0,1780.0,1745.0,1775.0,2660000
2023-10-06,1578.4349365234375,1770.0,1775.0,1750.0,1760.0,1079800
2023-10-09,1587.3526611328125,1780.0,1790.0,1760.0,1770.0,530000
2023-10-10,1582.8936767578125,1775.0,1780.0,1760.0,1780.0,918200
2023-10-11,1573.97607421875,1765.0,1775.0,1755.0,1775.0,624900
2023-10-12,1565.0584716796875,1755.0,1775.0,1755.0,1765.0,511300
2023-10-13,1569.517333984375,1760.0,1775.0,1745.0,1755.0,891100
2023-10-16,1573.97607421875,1765.0,1770.0,1745.0,1760.0,1199000
2023-10-17,1600.729248046875,1795.0,1805.0,1750.0,1765.0,1806000
2023-10-18,1591.8115234375,1785.0,1795.0,1780.0,1795.0,547400
2023-10-19,1565.0584716796875,1755.0,1795.0,1755.0,1780.0,1288400
2023-10-20,1556.1407470703125,1745.0,1755.0,1715.0,1755.0,3582400
2023-10-23,1529.3875732421875,1715.0,1745.0,1685.0,1745.0,4592500
2023-10-24,1538.3052978515625,1725.0,1730.0,1690.0,1715.0,2526000
2023-10-25,1529.3875732421875,1715.0,1725.0,1695.0,1725.0,2298000
2023-10-26,1511.552001953125,1695.0,1715.0,1660.0,1715.0,7167000
2023-10-27,1524.9285888671875,1710.0,1710.0,1665.0,1695.0,1953000
2023-10-30,1533.846435546875,1720.0,1725.0,1690.0,1710.0,1715100
2023-10-31,1489.2578125,1670.0,1720.0,1650.0,1720.0,9936300
2023-11-01,1605.188232421875,1800.0,1800.0,1700.0,1730.0,8565700
2023-11-02,1605.188232421875,1800.0,1820.0,1765.0,1810.0,2919500
2023-11-03,1640.8590087890625,1840.0,1850.0,1775.0,1800.0,5581000
2023-11-06,1667.6121826171875,1870.0,1870.0,1840.0,1845.0,1354800
2023-11-07,1658.6942138671875,1860.0,1870.0,1850.0,1870.0,1202800
2023-11-08,1649.776611328125,1850.0,1860.0,1840.0,1860.0,1435500
2023-11-09,1649.776611328125,1850.0,1870.0,1845.0,1850.0,1102000
2023-11-10,1622.2802734375,1770.0,1850.0,1770.0,1850.0,2872800
2023-11-13,1626.863037109375,1775.0,1795.0,1750.0,1770.0,901900
2023-11-14,1626.863037109375,1775.0,1790.0,1760.0,1780.0,587900
2023-11-15,1631.44580078125,1780.0,1795.0,1760.0,1775.0,653100
2023-11-16,1636.0284423828125,1785.0,1790.0,1770.0,1780.0,1030700
2023-11-17,1636.0284423828125,1785.0,1785.0,1765.0,1785.0,628100
2023-11-20,1608.5322265625,1755.0,1785.0,1745.0,1785.0,1777200
2023-11-21,1626.863037109375,1775.0,1775.0,1745.0,1755.0,989200
2023-11-22,1626.863037109375,1775.0,1785.0,1755.0,1775.0,685100
2023-11-23,1622.2802734375,1770.0,1775.0,1760.0,1775.0,471600
2023-11-24,1613.114990234375,1760.0,1770.0,1740.0,1770.0,1517600
2023-11-27,1608.5322265625,1755.0,1765.0,1740.0,1760.0,1191000
2023-11-28,1622.2802734375,1770.0,1775.0,1750.0,1755.0,941300
2023-11-29,1608.5322265625,1755.0,1775.0,1750.0,1770.0,1745400
2023-11-30,1608.5322265625,1755.0,1775.0,1750.0,1755.0,1381200
2023-12-01,1608.5322265625,1755.0,1765.0,1750.0,1755.0,683900
2023-12-04,1617.6976318359375,1765.0,1775.0,1735.0,1755.0,3661600
2023-12-05,1654.359375,1805.0,1820.0,1755.0,1765.0,5079500
2023-12-06,1654.359375,1805.0,1820.0,1790.0,1805.0,1975900
2023-12-07,1626.863037109375,1775.0,1805.0,1765.0,1805.0,1669000
2023-12-08,1636.0284423828125,1785.0,1795.0,1765.0,1775.0,592200
2023-12-11,1613.114990234375,1760.0,1785.0,1755.0,1785.0,1947300
2023-12-12,1603.949462890625,1750.0,1765.0,1740.0,1760.0,2762200
2023-12-13,1608.5322265625,1755.0,1755.0,1735.0,1750.0,994100
2023-12-14,1640.6112060546875,1790.0,1795.0,1745.0,1755.0,2385500
2023-12-15,1631.44580078125,1780.0,1795.0,1775.0,1790.0,897500
2023-12-18,1649.776611328125,1800.0,1805.0,1770.0,1780.0,1964500
2023-12-19,1668.107421875,1820.0,1845.0,1795.0,1800.0,4248600
2023-12-20,1654.359375,1805.0,1845.0,1805.0,1830.0,2519900
2023-12-21,1649.776611328125,1800.0,1810.0,1790.0,1805.0,665600
2023-12-22,1668.107421875,1820.0,1825.0,1780.0,1805.0,2283800
2023-12-27,1654.359375,1805.0,1825.0,1795.0,1820.0,709100
2023-12-28,1668.107421875,1820.0,1820.0,1795.0,1805.0,1308300
2023-12-29,1681.8555908203125,1835.0,1835.0,1800.0,1825.0,2633200
2024-01-02,1672.690185546875,1825.0,1840.0,1810.0,1840.0,1065800
2024-01-03,1709.3519287109375,1865.0,1880.0,1810.0,1825.0,3740200
2024-01-04,1755.178955078125,1915.0,1925.0,1850.0,1865.0,3610000
2024-01-05,1750.5963134765625,1910.0,1920.0,1890.0,1920.0,1329100
2024-01-08,1833.0850830078125,2000.0,2030.0,1900.0,1910.0,6600400
2024-01-09,1796.42333984375,1960.0,2030.0,1940.0,2030.0,3882600
2024-01-10,1860.5814208984375,2030.0,2050.0,1955.0,1965.0,3337400
2024-01-11,1906.408447265625,2080.0,2100.0,2010.0,2030.0,4664600
2024-01-12,1952.235595703125,2130.0,2170.0,2050.0,2080.0,5308300
2024-01-15,1906.408447265625,2080.0,2110.0,2050.0,2110.0,2502700
2024-01-16,1860.5814208984375,2030.0,2080.0,2020.0,2080.0,2618700
2024-01-17,1869.746826171875,2040.0,2070.0,2000.0,2030.0,2408200
2024-01-18,1988.8974609375,2170.0,2200.0,2010.0,2040.0,4296600
2024-01-19,1924.7393798828125,2100.0,2190.0,2100.0,2170.0,2196000
2024-01-22,1878.9122314453125,2050.0,2130.0,2030.0,2100.0,1674400
2024-01-23,1933.9046630859375,2110.0,2120.0,2020.0,2050.0,1927400
2024-01-24,1924.7393798828125,2100.0,2130.0,2060.0,2110.0,2112800
2024-01-25,1897.2430419921875,2070.0,2100.0,2020.0,2090.0,1795900
2024-01-26,1878.9122314453125,2050.0,2070.0,2020.0,2070.0,1315900
2024-01-29,1888.07763671875,2060.0,2080.0,2030.0,2050.0,609500
2024-01-30,1897.2430419921875,2070.0,2070.0,2020.0,2060.0,831500
2024-01-31,1897.2430419921875,2070.0,2080.0,2040.0,2080.0,859400
2024-02-01,1897.2430419921875,2070.0,2070.0,2050.0,2070.0,489100
2024-02-02,1924.7393798828125,2100.0,2120.0,2040.0,2070.0,2840000
2024-02-05,1860.5814208984375,2030.0,2100.0,1980.0,2100.0,5285100
2024-02-06,1833.0850830078125,2000.0,2030.0,2000.0,2030.0,1351300
2024-02-07,1833.0850830078125,2000.0,2000.0,1960.0,2000.0,3634300
2024-02-12,1842.2506103515625,2010.0,2010.0,1975.0,2000.0,533100
2024-02-13,1851.4158935546875,2020.0,2040.0,1990.0,2010.0,1690500
2024-02-15,1833.0850830078125,2000.0,2020.0,1985.0,2020.0,2624200
2024-02-16,1860.5814208984375,2030.0,2040.0,1985.0,1995.0,2324000
2024-02-19,1878.9122314453125,2050.0,2050.0,2010.0,2030.0,1315400
2024-02-20,1878.9122314453125,2050.0,2070.0,2030.0,2050.0,1096600
2024-02-21,1842.2506103515625,2010.0,2050.0,2000.0,2050.0,2821700
2024-02-22,1842.2506103515625,2010.0,2030.0,1995.0,2010.0,1009200
2024-02-23,1833.0850830078125,2000.0,2020.0,1990.0,2010.0,1342700
2024-02-26,1828.50244140625,1995.0,2010.0,1985.0,2000.0,882100
2024-02-27,1819.3369140625,1985.0,1995.0,1930.0,1995.0,4260200
2024-02-28,1810.1715087890625,1975.0,1985.0,1960.0,1985.0,1402100
2024-02-29,1796.42333984375,1960.0,1975.0,1960.0,1975.0,766000
2024-03-01,1796.42333984375,1960.0,1960.0,1935.0,1960.0,1999100
2024-03-04,1805.5887451171875,1970.0,1975.0,1945.0,1960.0,1390400
2024-03-05,1787.258056640625,1950.0,1970.0,1935.0,1970.0,2544900
2024-03-06,1787.258056640625,1950.0,1960.0,1935.0,1950.0,532000
2024-03-07,1791.8406982421875,1955.0,1965.0,1940.0,1950.0,812000
2024-03-08,1778.0926513671875,1940.0,1960.0,1940.0,1955.0,839100
2024-03-13,1778.0926513671875,1940.0,1955.0,1920.0,1940.0,1368100
2024-03-14,1791.8406982421875,1955.0,1960.0,1920.0,1940.0,2119700
2024-03-15,1828.50244140625,1995.0,2040.0,1955.0,1960.0,2798800
2024-03-18,1851.4158935546875,2020.0,2050.0,1995.0,1995.0,1575100
2024-03-19,1842.2506103515625,2010.0,2020.0,1995.0,2020.0,720100
2024-03-20,1842.2506103515625,2010.0,2020.0,1995.0,2010.0,4524500
2024-03-21,1842.2506103515625,2010.0,2030.0,2000.0,2010.0,880500
2024-03-22,1842.2506103515625,2010.0,2020.0,1995.0,2010.0,1532000
2024-03-25,1833.0850830078125,2000.0,2020.0,1985.0,2020.0,1464300
2024-03-26,1833.0850830078125,2000.0,2000.0,1985.0,2000.0,724000
2024-03-27,1833.0850830078125,2000.0,2010.0,1995.0,2000.0,1041100
2024-03-28,1773.5098876953125,1935.0,2000.0,1875.0,1995.0,12537600
2024-04-01,1750.5963134765625,1910.0,1945.0,1895.0,1945.0,6431400
2024-04-02,1778.0926513671875,1940.0,1950.0,1900.0,1910.0,1454100
2024-04-03,1778.0926513671875,1940.0,1945.0,1925.0,1945.0,1449300
2024-04-04,1782.6751708984375,1945.0,1945.0,1915.0,1940.0,2232600
2024-04-05,1787.258056640625,1950.0,1950.0,1925.0,1945.0,1050700
2024-04-16,1759.76171875,1920.0,1950.0,1900.0,1950.0,2542400
2024-04-17,1759.76171875,1920.0,1935.0,1880.0,1900.0,4010500
2024-04-18,1759.76171875,1920.0,1930.0,1900.0,1915.0,1771400
2024-04-19,1759.76171875,1920.0,1925.0,1870.0,1915.0,4725100
2024-04-22,1755.178955078125,1915.0,1920.0,1890.0,1920.0,1612700
2024-04-23,1773.5098876953125,1935.0,1940.0,1900.0,1915.0,2289300
2024-04-24,1764.344482421875,1925.0,1935.0,1900.0,1935.0,1576400
2024-04-25,1768.9271240234375,1930.0,1935.0,1905.0,1925.0,2538600
2024-04-26,1750.5963134765625,1910.0,1930.0,1890.0,1930.0,2020600
2024-04-29,1736.84814453125,1895.0,1910.0,1870.0,1910.0,2589800
2024-04-30,1778.0926513671875,1940.0,1980.0,1890.0,1895.0,7615800
2024-05-02,1833.0850830078125,2000.0,2020.0,1945.0,1960.0,5077000
2024-05-03,1823.919677734375,1990.0,2010.0,1970.0,2010.0,1978800
2024-05-06,1814.75439453125,1980.0,1995.0,1975.0,1990.0,947600
2024-05-07,1833.0850830078125,2000.0,2010.0,1980.0,1980.0,2591100
2024-05-08,1823.919677734375,1990.0,2020.0,1970.0,2000.0,1961600
2024-05-13,1833.0850830078125,2000.0,2010.0,1975.0,1995.0,2714400
2024-05-14,1860.5814208984375,2030.0,2070.0,1995.0,2010.0,5269000
2024-05-15,1906.408447265625,2080.0,2110.0,2030.0,2050.0,2431500
2024-05-16,1906.408447265625,2080.0,2110.0,2060.0,2080.0,1359200
2024-05-17,1888.07763671875,2060.0,2110.0,2050.0,2070.0,2218000
2024-05-20,1878.9122314453125,2050.0,2090.0,2050.0,2090.0,1430500
2024-05-21,1851.4158935546875,2020.0,2080.0,2020.0,2080.0,1541900
2024-05-22,1860.5814208984375,2030.0,2060.0,2000.0,2020.0,1689900
2024-05-27,1842.2506103515625,2010.0,2040.0,2000.0,2030.0,1262800
2024-05-28,1851.4158935546875,2020.0,2050.0,2000.0,2010.0,980300
2024-05-29,1828.50244140625,1995.0,2040.0,1980.0,2030.0,2595000
2024-05-30,1810.1715087890625,1975.0,1995.0,1945.0,1995.0,3117100
2024-05-31,1823.919677734375,1990.0,1995.0,1955.0,1975.0,1967400
2024-06-03,1823.919677734375,1990.0,2000.0,1960.0,1990.0,1889000
2024-06-04,1833.0850830078125,2000.0,2020.0,1990.0,1995.0,726600
2024-06-05,1828.50244140625,1995.0,2020.0,1985.0,2020.0,433100
2024-06-06,1842.2506103515625,2010.0,2010.0,1985.0,1995.0,1062200
2024-06-07,1851.4158935546875,2020.0,2020.0,1995.0,2010.0,718500
2024-06-10,1842.2506103515625,2010.0,2020.0,1995.0,2020.0,848600
2024-06-11,1833.0850830078125,2000.0,2010.0,1990.0,2010.0,1566700
2024-06-12,1819.3369140625,1985.0,2010.0,1970.0,2000.0,2041200
2024-06-13,1805.5887451171875,1970.0,1985.0,1955.0,1985.0,2921100
2024-06-14,1814.75439453125,1980.0,1990.0,1960.0,1970.0,1761000
2024-06-19,1801.0062255859375,1965.0,1980.0,1945.0,1980.0,2543800
2024-06-20,1796.42333984375,1960.0,1970.0,1915.0,1965.0,2699700
2024-06-21,1823.919677734375,1990.0,1995.0,1950.0,1955.0,1501000
2024-06-24,1851.4158935546875,2020.0,2030.0,1990.0,2000.0,2844200
2024-06-25,1814.75439453125,1980.0,2020.0,1960.0,2020.0,2648900
2024-06-26,1819.3369140625,1985.0,1985.0,1960.0,1980.0,1107100
2024-06-27,1819.3369140625,1985.0,1995.0,1975.0,1985.0,556400
2024-06-28,1819.3369140625,1985.0,1990.0,1980.0,1985.0,343000
2024-07-01,1823.919677734375,1990.0,2000.0,1975.0,1990.0,2083500
2024-07-02,1833.0850830078125,2000.0,2010.0,1985.0,1990.0,2181700
2024-07-03,1856.8914794921875,1950.0,1960.0,1920.0,1960.0,2448400
2024-07-04,1866.4139404296875,1960.0,1965.0,1940.0,1940.0,1643300
2024-07-05,1890.22021484375,1985.0,1985.0,1945.0,1960.0,1981300
2024-07-08,1899.7427978515625,1995.0,2000.0,1970.0,1985.0,1605500
2024-07-09,1914.026611328125,2010.0,2010.0,1985.0,1995.0,1816800
2024-07-10,1923.549072265625,2020.0,2030.0,1995.0,2010.0,3040000
2024-07-11,1952.11669921875,2050.0,2060.0,2020.0,2030.0,1576700
2024-07-12,1942.5941162109375,2040.0,2050.0,2020.0,2050.0,820700
2024-07-15,1933.0716552734375,2030.0,2040.0,2000.0,2040.0,2894700
2024-07-16,1923.549072265625,2020.0,2050.0,2020.0,2030.0,562100
2024-07-17,1904.5040283203125,2000.0,2040.0,2000.0,2020.0,1305900
2024-07-18,1914.026611328125,2010.0,2030.0,2000.0,2010.0,1549400
2024-07-19,1904.5040283203125,2000.0,2020.0,1995.0,2020.0,2347300
2024-07-22,1914.026611328125,2010.0,2020.0,2000.0,2000.0,3702400
2024-07-23,1914.026611328125,2010.0,2020.0,2000.0,2020.0,1551500
2024-07-24,1904.5040283203125,2000.0,2020.0,1995.0,2010.0,5757900
2024-07-25,1894.9815673828125,1990.0,2000.0,1975.0,2000.0,3721100
2024-07-26,1904.5040283203125,2000.0,2000.0,1975.0,1985.0,1520100
2024-07-29,1904.5040283203125,2000.0,2010.0,1995.0,2000.0,704000
2024-07-30,1914.026611328125,2010.0,2010.0,1995.0,2000.0,1986300
2024-07-31,2171.134521484375,2280.0,2310.0,2010.0,2010.0,25137200
2024-08-01,2352.0625,2470.0,2500.0,2210.0,2280.0,31668300
2024-08-02,2333.017578125,2450.0,2540.0,2410.0,2460.0,8902300
2024-08-05,2142.567138671875,2250.0,2440.0,2140.0,2410.0,19452600
2024-08-06,2171.134521484375,2280.0,2330.0,2210.0,2270.0,16205400
2024-08-07,2313.972412109375,2430.0,2480.0,2250.0,2300.0,19702800
2024-08-08,2285.405029296875,2400.0,2450.0,2360.0,2430.0,5814900
2024-08-09,2294.92724609375,2410.0,2420.0,2370.0,2400.0,4940900
2024-08-12,2285.405029296875,2400.0,2430.0,2360.0,2410.0,7816900
2024-08-13,2294.92724609375,2410.0,2460.0,2390.0,2400.0,5583000
2024-08-14,2323.494873046875,2440.0,2470.0,2400.0,2400.0,3851000
2024-08-15,2666.3056640625,2800.0,2900.0,2410.0,2440.0,27747700
2024-08-16,2656.783203125,2790.0,2830.0,2720.0,2800.0,9132800
2024-08-19,2599.648193359375,2730.0,2810.0,2670.0,2780.0,9007600
2024-08-20,2494.900390625,2620.0,2730.0,2590.0,2710.0,14528200
2024-08-21,2504.422607421875,2630.0,2700.0,2610.0,2630.0,10721500
2024-08-22,2428.24267578125,2550.0,2670.0,2500.0,2640.0,20729700
2024-08-23,2428.24267578125,2550.0,2560.0,2510.0,2540.0,6581900
2024-08-26,2475.85546875,2600.0,2630.0,2530.0,2550.0,6315000
2024-08-27,2428.24267578125,2550.0,2600.0,2530.0,2600.0,5256400
2024-08-28,2437.76513671875,2560.0,2590.0,2520.0,2560.0,4090500
2024-08-29,2380.630126953125,2500.0,2570.0,2480.0,2570.0,7973000
2024-08-30,2352.0625,2470.0,2500.0,2420.0,2490.0,8203100
2024-09-02,2380.630126953125,2500.0,2540.0,2450.0,2500.0,3967500
2024-09-03,2380.630126953125,2500.0,2530.0,2470.0,2500.0,2839400
2024-09-04,2475.85546875,2600.0,2680.0,2470.0,2490.0,13963900
2024-09-05,2456.81005859375,2580.0,2650.0,2530.0,2640.0,6315600
2024-09-06,2456.81005859375,2580.0,2620.0,2540.0,2560.0,4834800
2024-09-09,2437.76513671875,2560.0,2610.0,2510.0,2580.0,6563400
2024-09-10,2428.24267578125,2550.0,2580.0,2510.0,2570.0,3564700
2024-09-11,2571.08056640625,2700.0,2750.0,2550.0,2550.0,10831700
2024-09-12,2532.990234375,2660.0,2700.0,2620.0,2700.0,4827100
2024-09-13,2532.990234375,2660.0,2680.0,2580.0,2660.0,3733000
2024-09-17,2504.422607421875,2630.0,2730.0,2600.0,2650.0,3705400
2024-09-18,2561.557861328125,2690.0,2730.0,2640.0,2640.0,6856700
2024-09-19,2599.648193359375,2730.0,2750.0,2670.0,2750.0,3553900
2024-09-20,2637.738037109375,2770.0,2820.0,2680.0,2730.0,4610500
2024-09-23,2618.693115234375,2750.0,2810.0,2730.0,2770.0,2722300
2024-09-24,2590.12548828125,2720.0,2770.0,2720.0,2750.0,1857300
2024-09-25,2618.693115234375,2750.0,2760.0,2670.0,2720.0,3505100
2024-09-26,2609.170654296875,2740.0,2770.0,2680.0,2740.0,4672300
2024-09-27,2656.783203125,2790.0,2810.0,2730.0,2730.0,5052800
2024-09-30,2609.170654296875,2740.0,2790.0,2700.0,2790.0,4989700
2024-10-01,2609.170654296875,2740.0,2770.0,2700.0,2730.0,2171900
2024-10-02,2523.468017578125,2650.0,2740.0,2620.0,2730.0,8733300
2024-10-03,2523.468017578125,2650.0,2670.0,2620.0,2620.0,2227800
2024-10-04,2466.332763671875,2590.0,2630.0,2560.0,2620.0,5026900
2024-10-07,2447.287841796875,2570.0,2590.0,2550.0,2590.0,1912900
2024-10-08,2485.377685546875,2610.0,2630.0,2540.0,2570.0,3353500
2024-10-09,2456.81005859375,2580.0,2620.0,2560.0,2610.0,1657200
2024-10-10,2513.9453125,2640.0,2680.0,2560.0,2600.0,4134600
2024-10-11,2523.468017578125,2650.0,2670.0,2620.0,2630.0,850600
2024-10-14,2504.422607421875,2630.0,2650.0,2590.0,2650.0,2036800
2024-10-15,2513.9453125,2640.0,2640.0,2590.0,2590.0,2165500
2024-10-16,2504.422607421875,2630.0,2650.0,2610.0,2640.0,813600
2024-10-17,2494.900390625,2620.0,2670.0,2620.0,2630.0,1161400
2024-10-18,2513.9453125,2640.0,2660.0,2610.0,2620.0,1589800
2024-10-21,2494.900390625,2620.0,2650.0,2590.0,2640.0,2242900
2024-10-22,2504.422607421875,2630.0,2640.0,2600.0,2620.0,1312500
2024-10-23,2618.693115234375,2750.0,2760.0,2620.0,2630.0,7440700
2024-10-24,2704.395751953125,2840.0,2890.0,2720.0,2750.0,18875800
2024-10-25,2618.693115234375,2750.0,2850.0,2750.0,2840.0,3329700
2024-10-28,2599.648193359375,2730.0,2770.0,2690.0,2750.0,2021200
2024-10-29,2628.215576171875,2760.0,2760.0,2700.0,2730.0,1464200
2024-10-30,2542.512939453125,2670.0,2750.0,2520.0,2750.0,15626300
2024-10-31,2532.990234375,2660.0,2670.0,2610.0,2670.0,3013600
2024-11-01,2542.512939453125,2670.0,2680.0,2630.0,2660.0,1119800
2024-11-04,2523.468017578125,2650.0,2670.0,2610.0,2660.0,1947400
2024-11-05,2542.512939453125,2670.0,2690.0,2630.0,2640.0,2854200
2024-11-06,2523.468017578125,2650.0,2680.0,2650.0,2660.0,1409800
2024-11-07,2532.990234375,2660.0,2730.0,2650.0,2650.0,2846000
2024-11-08,2552.035400390625,2680.0,2710.0,2660.0,2660.0,1770200
2024-11-11,2532.990234375,2660.0,2700.0,2650.0,2680.0,2537300
2024-11-12,2523.468017578125,2650.0,2680.0,2640.0,2660.0,1683700
2024-11-13,2523.468017578125,2650.0,2670.0,2620.0,2660.0,2215600
2024-11-14,2475.85546875,2600.0,2660.0,2580.0,2660.0,5178300
2024-11-15,2475.85546875,2600.0,2610.0,2560.0,2610.0,1466300
2024-11-18,2456.81005859375,2580.0,2610.0,2560.0,2600.0,753400
2024-11-19,2447.287841796875,2570.0,2600.0,2560.0,2580.0,575600
2024-11-20,2456.81005859375,2580.0,2600.0,2560.0,2570.0,758100
2024-11-21,2447.287841796875,2570.0,2590.0,2530.0,2580.0,2011200
2024-11-22,2447.287841796875,2570.0,2590.0,2550.0,2570.0,893000
2024-11-25,2428.24267578125,2550.0,2580.0,2530.0,2580.0,1720400
2024-11-26,2418.72021484375,2540.0,2560.0,2510.0,2550.0,1474900
2024-11-28,2399.675048828125,2520.0,2550.0,2510.0,2550.0,1657700
2024-11-29,2399.675048828125,2520.0,2550.0,2480.0,2520.0,1754500
2024-12-02,2390.152587890625,2510.0,2530.0,2500.0,2530.0,1050600
2024-12-03,2404.580078125,2500.0,2500.0,2460.0,2480.0,1260600
2024-12-04,2414.198486328125,2510.0,2530.0,2490.0,2500.0,1108900
2024-12-05,2414.198486328125,2510.0,2530.0,2500.0,2520.0,1579700
2024-12-06,2404.580078125,2500.0,2520.0,2500.0,2510.0,678900
2024-12-09,2414.198486328125,2510.0,2530.0,2500.0,2500.0,2800000
2024-12-10,2414.198486328125,2510.0,2530.0,2500.0,2520.0,1244600
2024-12-11,2423.816650390625,2520.0,2540.0,2490.0,2510.0,1600500
2024-12-12,2423.816650390625,2520.0,2540.0,2500.0,2520.0,1174800
2024-12-13,2404.580078125,2500.0,2520.0,2500.0,2520.0,1422300
2024-12-16,2404.580078125,2500.0,2510.0,2470.0,2500.0,1919800
2024-12-17,2375.72509765625,2470.0,2500.0,2470.0,2500.0,2148900
2024-12-18,2375.72509765625,2470.0,2480.0,2450.0,2470.0,1273000
2024-12-19,2346.8701171875,2440.0,2460.0,2400.0,2460.0,3093400
2024-12-20,2337.251953125,2430.0,2430.0,2390.0,2420.0,1075000
2024-12-23,2337.251953125,2430.0,2450.0,2410.0,2410.0,535600
2024-12-24,2356.488525390625,2450.0,2470.0,2390.0,2430.0,1193600
2024-12-27,2356.488525390625,2450.0,2470.0,2410.0,2440.0,1229000
2024-12-30,2404.580078125,2500.0,2500.0,2430.0,2450.0,2993100
2025-01-02,2452.671630859375,2550.0,2600.0,2480.0,2490.0,1731000
2025-01-03,2452.671630859375,2550.0,2580.0,2520.0,2570.0,1017300
2025-01-06,2423.816650390625,2520.0,2550.0,2520.0,2550.0,448100
2025-01-07,2404.580078125,2500.0,2540.0,2500.0,2510.0,1123900
2025-01-08,2385.343505859375,2480.0,2510.0,2460.0,2500.0,1269200
2025-01-09,2375.72509765625,2470.0,2480.0,2460.0,2480.0,278100
2025-01-10,2404.580078125,2500.0,2500.0,2460.0,2470.0,161900
2025-01-13,2404.580078125,2500.0,2520.0,2470.0,2500.0,723700
2025-01-14,2394.9619140625,2490.0,2510.0,2470.0,2490.0,416700
2025-01-15,2375.72509765625,2470.0,2490.0,2460.0,2490.0,607200
2025-01-16,2375.72509765625,2470.0,2490.0,2460.0,2470.0,511500
2025-01-17,2375.72509765625,2470.0,2490.0,2460.0,2470.0,176200
2025-01-20,2366.10693359375,2460.0,2490.0,2440.0,2470.0,595800
2025-01-21,2375.72509765625,2470.0,2490.0,2450.0,2460.0,384500
2025-01-22,2375.72509765625,2470.0,2510.0,2460.0,2470.0,643800
2025-01-23,2366.10693359375,2460.0,2500.0,2460.0,2500.0,491200
2025-01-24,2375.72509765625,2470.0,2490.0,2450.0,2460.0,438400
2025-01-30,2366.10693359375,2460.0,2490.0,2460.0,2480.0,363100
2025-01-31,2366.10693359375,2460.0,2480.0,2460.0,2460.0,158600
2025-02-03,2337.251953125,2430.0,2470.0,2400.0,2460.0,1655000
2025-02-04,2337.251953125,2430.0,2470.0,2410.0,2430.0,300000
2025-02-05,2318.01513671875,2410.0,2430.0,2390.0,2430.0,967100
2025-02-06,2289.16015625,2380.0,2410.0,2300.0,2410.0,2654100
2025-02-07,2318.01513671875,2410.0,2440.0,2340.0,2370.0,680400
2025-02-10,2298.778564453125,2390.0,2410.0,2350.0,2410.0,848000
2025-02-11,2260.305419921875,2350.0,2390.0,2330.0,2380.0,906800
2025-02-12,2289.16015625,2380.0,2380.0,2330.0,2350.0,1104600
2025-02-13,2289.16015625,2380.0,2380.0,2340.0,2370.0,509400
2025-02-14,2269.923583984375,2360.0,2380.0,2330.0,2380.0,847600
2025-02-17,2279.5419921875,2370.0,2380.0,2320.0,2360.0,709400
2025-02-18,2289.16015625,2380.0,2390.0,2340.0,2380.0,880000
2025-02-19,2289.16015625,2380.0,2380.0,2350.0,2380.0,787000
2025-02-20,2260.305419921875,2350.0,2380.0,2340.0,2380.0,1273000
2025-02-21,2241.068603515625,2330.0,2360.0,2330.0,2360.0,464600
2025-02-24,2241.068603515625,2330.0,2340.0,2300.0,2340.0,1311800
2025-02-25,2212.213623046875,2300.0,2330.0,2270.0,2330.0,2427700
2025-02-26,2202.595458984375,2290.0,2300.0,2240.0,2280.0,2107000
2025-02-27,2173.740478515625,2260.0,2290.0,2230.0,2280.0,1763600
2025-02-28,2116.030517578125,2200.0,2240.0,2190.0,2240.0,2827400
2025-03-03,2183.358642578125,2270.0,2330.0,2170.0,2190.0,3387100
2025-03-04,2164.1220703125,2250.0,2300.0,2220.0,2260.0,1654400
2025-03-05,2164.1220703125,2250.0,2280.0,2220.0,2250.0,1372000
2025-03-06,2212.213623046875,2300.0,2340.0,2250.0,2250.0,1007300
2025-03-07,2192.97705078125,2280.0,2370.0,2280.0,2300.0,1015100
2025-03-10,2192.97705078125,2280.0,2350.0,2270.0,2310.0,918100
2025-03-11,2250.68701171875,2340.0,2340.0,2260.0,2290.0,497000
2025-03-12,2298.778564453125,2390.0,2430.0,2350.0,2350.0,1084600
2025-03-13,2289.16015625,2380.0,2410.0,2370.0,2390.0,498300
2025-03-14,2269.923583984375,2360.0,2380.0,2330.0,2380.0,685700
2025-03-17,2269.923583984375,2360.0,2360.0,2310.0,2360.0,945800
2025-03-18,2221.83203125,2310.0,2360.0,2290.0,2360.0,3573600
2025-03-19,2260.305419921875,2350.0,2350.0,2280.0,2300.0,495100
2025-03-20,2279.5419921875,2370.0,2380.0,2330.0,2350.0,419600
2025-03-21,2250.68701171875,2340.0,2370.0,2300.0,2370.0,1144200
2025-03-24,2212.213623046875,2300.0,2330.0,2240.0,2330.0,2942300
2025-03-25,2250.68701171875,2340.0,2450.0,2280.0,2300.0,4622100
2025-03-26,2356.488525390625,2450.0,2500.0,2340.0,2340.0,3406100
2025-03-27,2366.10693359375,2460.0,2480.0,2410.0,2450.0,1217000
2025-04-08,2202.595458984375,2290.0,2340.0,2250.0,2310.0,5149600
2025-04-09,2192.97705078125,2280.0,2300.0,2240.0,2290.0,5412200
2025-04-10,2269.923583984375,2360.0,2380.0,2310.0,2340.0,1113800
2025-04-11,2308.39697265625,2400.0,2420.0,2330.0,2330.0,1255800
2025-04-14,2366.10693359375,2460.0,2500.0,2400.0,2400.0,1140200
2025-04-15,2346.8701171875,2440.0,2500.0,2420.0,2460.0,1599700
2025-04-16,2471.908447265625,2570.0,2610.0,2430.0,2440.0,2509000
2025-04-17,2481.526611328125,2580.0,2610.0,2540.0,2570.0,648100
2025-04-21,2462.2900390625,2560.0,2600.0,2560.0,2580.0,616600
2025-04-22,2529.6181640625,2630.0,2630.0,2560.0,2560.0,997700
2025-04-23,2558.47314453125,2660.0,2680.0,2630.0,2630.0,1190200
2025-04-24,2539.236572265625,2640.0,2680.0,2640.0,2660.0,1587100
2025-04-25,2548.85498046875,2650.0,2680.0,2630.0,2680.0,596200
2025-04-28,2529.6181640625,2630.0,2680.0,2630.0,2680.0,579000
2025-04-29,2520.0,2620.0,2650.0,2590.0,2650.0,728100
2025-04-30,2539.236572265625,2640.0,2680.0,2600.0,2620.0,1071600
2025-05-02,2404.580078125,2500.0,2630.0,2460.0,2630.0,3690000
2025-05-05,2356.488525390625,2450.0,2520.0,2440.0,2520.0,1316400
2025-05-06,2346.8701171875,2440.0,2470.0,2410.0,2450.0,2065800
2025-05-07,2394.9619140625,2490.0,2510.0,2450.0,2450.0,1787000
2025-05-08,2375.72509765625,2470.0,2510.0,2450.0,2500.0,734100
2025-05-09,2385.343505859375,2480.0,2480.0,2460.0,2480.0,352500
2025-05-14,2394.9619140625,2490.0,2490.0,2460.0,2480.0,571300
2025-05-15,2394.9619140625,2490.0,2500.0,2470.0,2500.0,1123800
2025-05-16,2404.580078125,2500.0,2510.0,2490.0,2510.0,404100
2025-05-19,2452.671630859375,2550.0,2560.0,2490.0,2500.0,1181600
2025-05-20,2471.908447265625,2570.0,2600.0,2550.0,2550.0,1403000
2025-05-21,2481.526611328125,2580.0,2600.0,2540.0,2570.0,725400
2025-05-22,2500.763427734375,2600.0,2620.0,2570.0,2580.0,951000
2025-05-23,2568.091552734375,2670.0,2690.0,2640.0,2650.0,880100
2025-05-26,2529.6181640625,2630.0,2680.0,2580.0,2670.0,2271000
2025-05-27,2520.0,2620.0,2630.0,2590.0,2630.0,842200
2025-05-28,2500.763427734375,2600.0,2620.0,2590.0,2620.0,307600
2025-06-02,2520.0,2620.0,2640.0,2570.0,2600.0,918600
2025-06-03,2500.763427734375,2600.0,2640.0,2580.0,2620.0,1294000
2025-06-04,2520.0,2620.0,2620.0,2580.0,2610.0,1233600
2025-06-05,2540.0,2540.0,2550.0,2510.0,2540.0,1061200
2025-06-10,2520.0,2520.0,2540.0,2520.0,2540.0,771500
2025-06-11,2500.0,2500.0,2530.0,2490.0,2520.0,1128600
2025-06-12,2480.0,2480.0,2510.0,2480.0,2490.0,566100
2025-06-13,2460.0,2460.0,2500.0,2440.0,2480.0,1225400
2025-06-16,2450.0,2450.0,2460.0,2410.0,2430.0,2192700
2025-06-17,2390.0,2390.0,2450.0,2390.0,2450.0,1316600
2025-06-18,2370.0,2370.0,2390.0,2360.0,2390.0,1554900
2025-06-19,2340.0,2340.0,2400.0,2330.0,2370.0,708700
2025-06-20,2340.0,2340.0,2350.0,2290.0,2340.0,1493100
2025-06-23,2310.0,2310.0,2330.0,2290.0,2310.0,1522700
2025-06-24,2310.0,2310.0,2340.0,2300.0,2320.0,563200
2025-06-25,2290.0,2290.0,2340.0,2290.0,2340.0,543500
2025-06-26,2300.0,2300.0,2330.0,2300.0,2300.0,761900
2025-06-30,2340.0,2340.0,2340.0,2300.0,2300.0,428400
2025-07-01,2320.0,2320.0,2340.0,2300.0,2340.0,569100
2025-07-02,2300.0,2300.0,2340.0,2280.0,2340.0,1565400
2025-07-03,2310.0,2310.0,2330.0,2290.0,2310.0,545200
2025-07-04,2310.0,2310.0,2320.0,2300.0,2320.0,238800
2025-07-07,2300.0,2300.0,2320.0,2290.0,2320.0,722400
2025-07-08,2300.0,2300.0,2310.0,2290.0,2300.0,889200
2025-07-09,2290.0,2290.0,2310.0,2270.0,2300.0,1233700
2025-07-10,2290.0,2290.0,2310.0,2270.0,2290.0,785700
2025-07-11,2320.0,2320.0,2330.0,2290.0,2290.0,624000
2025-07-14,2300.0,2300.0,2330.0,2300.0,2330.0,621300
2025-07-15,2330.0,2330.0,2330.0,2290.0,2310.0,1143400
2025-07-16,2320.0,2320.0,2340.0,2310.0,2330.0,784700
2025-07-17,2300.0,2300.0,2330.0,2300.0,2330.0,1067000
2025-07-18,2280.0,2280.0,2310.0,2280.0,2310.0,1552500
2025-07-21,2280.0,2280.0,2300.0,2250.0,2280.0,2568400
2025-07-22,2250.0,2250.0,2280.0,2240.0,2280.0,1640100
2025-07-23,2260.0,2260.0,2280.0,2250.0,2250.0,469000
2025-07-24,2270.0,2270.0,2280.0,2260.0,2260.0,610500
2025-07-25,2260.0,2260.0,2270.0,2250.0,2270.0,602600
2025-07-28,2260.0,2260.0,2270.0,2240.0,2270.0,1387700
2025-07-29,2250.0,2250.0,2260.0,2240.0,2260.0,1070900
2025-07-30,2230.0,2230.0,2270.0,2230.0,2250.0,1416400
2025-07-31,2200.0,2200.0,2260.0,2170.0,2250.0,3537700
2025-08-01,2210.0,2210.0,2220.0,2190.0,2200.0,915400
2025-08-04,2200.0,2200.0,2240.0,2200.0,2210.0,2631400
2025-08-05,2190.0,2190.0,2210.0,2160.0,2210.0,2440500
2025-08-06,2180.0,2180.0,2190.0,2160.0,2190.0,1445800
2025-08-07,2180.0,2180.0,2180.0,2160.0,2180.0,615700
2025-08-08,2160.0,2160.0,2180.0,2140.0,2180.0,1138700
2025-08-11,2160.0,2160.0,2160.0,2120.0,2160.0,1370200
2025-08-12,2160.0,2160.0,2160.0,2140.0,2160.0,1614300
2025-08-13,2170.0,2170.0,2180.0,2160.0,2160.0,847200
2025-08-14,2170.0,2170.0,2170.0,2130.0,2170.0,2605400
2025-08-15,2190.0,2190.0,2200.0,2160.0,2170.0,1134400
2025-08-19,2270.0,2270.0,2290.0,2190.0,2190.0,2675700
2025-08-20,2290.0,2290.0,2300.0,2260.0,2280.0,2079400
2025-08-21,2280.0,2280.0,2290.0,2250.0,2290.0,2299000
2025-08-22,2280.0,2280.0,2280.0,2250.0,2270.0,565700
2025-08-25,2290.0,2290.0,2300.0,2250.0,2280.0,1857400
2025-08-26,2300.0,2300.0,2310.0,2280.0,2300.0,690900
2025-08-27,2290.0,2290.0,2310.0,2280.0,2300.0,793300
2025-08-28,2300.0,2300.0,2310.0,2290.0,2290.0,545800
2025-08-29,2280.0,2280.0,2290.0,2230.0,2290.0,5289800
2025-09-01,2240.0,2240.0,2260.0,2190.0,2210.0,3011200
2025-09-02,2250.0,2250.0,2270.0,2240.0,2240.0,750500
2025-09-03,2240.0,2240.0,2280.0,2240.0,2250.0,679800
2025-09-04,2270.0,2270.0,2270.0,2250.0,2260.0,330000
